date,code,name,sector,dcs,coverage,category,dim1,dim2,dim3,dim4,dim5,part_2-a,part_2-b,part_2-c,part_2-d,part_3-a,part_3-b,part_3-c,part_3-d,part_4-a,part_4-c,part_4-d,part_5-a,part_5-b,part_5-c,part_5-d,missing,part_1-a,part_1-b,part_1-c,part_1-d,part_1-e,part_1-f,part_1-g,part_1-h,part_4-b
2026-08-20,1301,極洋,水産・農林業,37.61,0.2,除外,0.0,0.3912,0.4715,,0.6416,0.2167,0.2,0.5161,0.6321,0.5223,0.2329,0.5974,0.5333,0.2273,0.0526,0.5,1.0,0.1245,0.442,1.0,"1,2,3,4",,,,,,,,,
2026-08-20,1332,ニッスイ,水産・農林業,48.11,0.4,除外,0.6699,0.5322,0.4018,0.1858,0.6157,0.6128,1.0,0.5161,0.0,0.0076,0.5075,0.6255,0.4667,0.2273,0.3158,0.2,0.8992,0.1364,0.4271,1.0,"2,3,4",1.0,1.0,0.5,1.0,1.0,0.359,0.5,0.0,0.0
2026-08-20,1333,マルハニチロ,水産・農林業,46.86,0.0,除外,0.3885,0.4847,0.4048,,0.5966,0.5331,0.8,0.5161,0.0896,0.2088,0.3756,0.6347,0.4,0.2273,0.3158,1.0,1.0,0.136,0.2505,1.0,"1,2,3,4,5",0.0,1.0,0.5,0.0,0.7445,0.2633,0.5,0.1,
2026-08-20,1377,サカタのタネ,水産・農林業,54.58,0.4,除外,0.9482,0.5335,0.776,0.1768,0.2945,0.5019,0.6,0.5161,0.516,0.5359,0.671,0.9635,0.9333,0.4545,0.0526,0.2,0.1494,0.3683,0.6604,0.0,"2,4,5",1.0,1.0,1.0,1.0,0.8061,0.7792,1.0,1.0,0.0
2026-08-20,1379,ホクト,水産・農林業,36.17,0.2,除外,0.7262,0.445,0.3217,0.0632,0.2523,0.2978,0.4,0.5161,0.5661,0.1823,0.5168,0.0543,0.5333,0.0,0.0526,0.2,0.6357,0.1236,0.1498,0.0999,"2,3,4,5",1.0,0.631,0.0,1.0,0.384,0.7945,1.0,1.0,0.0
2026-08-20,1407,ウエストホールディングス,建設業,61.53,0.4,除外,0.8321,0.5666,0.509,0.42,0.7487,0.7625,0.7941,0.7097,0.0,0.4669,0.3572,0.5454,0.6667,0.7273,0.0,0.2,0.8433,0.3333,0.8183,1.0,"2,3,4",1.0,1.0,1.0,1.0,1.0,0.3567,1.0,0.3,0.7526
2026-08-20,1414,ショーボンドホールディングス,建設業,33.31,0.0,除外,0.2689,0.3065,0.1773,,0.5798,0.3165,0.1912,0.7097,0.0089,0.0063,0.2511,0.1853,0.2667,0.0909,0.2105,0.5,0.8603,0.1967,0.2621,1.0,"1,2,3,4,5",0.0,0.8443,0.5,0.0,0.1956,0.3116,0.0,0.3,
2026-08-20,1417,ミライト・ワン,建設業,41.41,0.0,除外,0.4078,0.4841,0.3161,,0.4486,0.6679,0.5588,0.7097,0.0,0.2571,0.215,0.4589,0.3333,0.6818,0.775,0.5,1.0,0.3474,0.4468,0.0,"1,2,3,4,5",0.0,1.0,0.5,0.0,0.9341,0.3284,0.5,0.0,
2026-08-20,1419,タマホーム,建設業,29.82,0.2,除外,0.0,0.0,0.5381,,0.6546,,,,,1.0,0.2293,0.3897,0.5333,0.4545,0.2105,0.5,0.7984,0.2956,0.5244,1.0,"1,2,3,4",,,,,,,,,
2026-08-20,141A,トライアルホールディングス,小売業,58.06,0.6,監視,0.8224,0.6053,0.5495,0.2566,0.6692,0.513,0.8435,0.0645,1.0,0.8011,0.5302,0.0,0.8667,0.2273,0.5263,0.2,1.0,0.2937,0.383,1.0,"3,4",1.0,1.0,0.5,1.0,1.0,0.0795,1.0,1.0,0.0727
2026-08-20,1514,住石ホールディングス,鉱業,34.39,0.4,除外,0.0,0.0,0.6217,,0.7539,,,,,0.6297,0.4779,0.446,0.9333,0.3182,0.3684,1.0,1.0,0.1487,0.867,1.0,"1,2,4",,,,,,,,,
2026-08-20,1515,日鉄鉱業,鉱業,61.72,0.4,除外,0.8125,0.9298,0.5632,0.4801,0.3005,0.8161,1.0,0.9032,1.0,0.4249,0.5266,0.6348,0.6667,0.1364,0.975,0.5,1.0,0.2021,0.0,0.0,"3,4,5",1.0,1.0,0.5,1.0,1.0,0.0,1.0,1.0,0.3091
2026-08-20,1518,三井松島ホールディングス,その他製品,56.69,0.4,除外,0.9933,0.7182,0.5562,,0.0,0.7074,0.875,0.2903,1.0,0.0,0.926,0.6986,0.6,,0.375,0.2,0.0,,0.0,0.0,"3,4,5",1.0,1.0,1.0,1.0,1.0,0.9462,1.0,1.0,0.9789
2026-08-20,1605,ＩＮＰＥＸ,鉱業,58.58,0.8,本命,0.7609,0.6192,0.6069,0.2404,0.7016,0.7736,0.8,0.9032,0.0,0.5374,0.5121,0.4447,0.9333,0.4091,0.0526,0.5,1.0,0.1434,0.663,1.0,4,1.0,1.0,0.5,1.0,1.0,0.0873,0.5,1.0,0.0
2026-08-20,1662,石油資源開発,鉱業,64.16,0.6,監視,0.625,0.5638,0.6147,,0.7628,0.752,0.6,0.9032,0.0,0.4553,0.4819,0.6552,0.8667,0.4091,0.1053,1.0,1.0,0.1251,0.9262,1.0,"2,4",0.0,1.0,0.5,1.0,1.0,0.0,0.5,1.0,
2026-08-20,1663,Ｋ＆Ｏエナジーグループ,鉱業,55.34,0.2,除外,0.485,0.4699,0.5194,,0.7394,0.5763,0.4,0.9032,0.0,0.4844,0.3988,0.3278,0.8667,0.3182,0.0526,1.0,1.0,0.1005,0.8569,1.0,"1,2,3,4",0.0,0.9802,0.5,1.0,1.0,0.0,0.0,0.4,
2026-08-20,166A,タスキホールディングス,不動産業,67.47,0.6,監視,0.9287,0.7208,0.7719,0.4395,0.5125,0.7684,0.9535,0.1613,1.0,0.931,1.0,0.5566,0.6,1.0,0.2105,0.2,0.0173,0.3709,0.6617,1.0,"4,5",1.0,1.0,1.0,1.0,1.0,0.7296,1.0,0.7,0.3474
2026-08-20,167A,リョーサン菱洋ホールディングス,卸売業,31.02,0.0,除外,0.0,0.4711,0.4721,0.3665,0.2414,0.2822,0.2151,0.3871,1.0,0.1696,0.5144,0.4711,0.7333,0.2273,0.6842,0.5,0.767,0.1988,0.0,0.0,"1,2,3,4,5",,,,,,,,,0.0545
2026-08-20,1719,安藤・間,建設業,55.32,0.4,除外,0.7419,0.5018,0.4491,0.3594,0.7138,0.4758,0.3382,0.7097,0.4834,0.1496,0.4743,0.7057,0.4667,0.2273,0.2105,1.0,1.0,0.103,0.7522,1.0,"2,3,4",1.0,0.9366,0.5,1.0,0.546,0.4528,0.5,1.0,0.0
2026-08-20,1720,東急建設,建設業,44.55,0.2,除外,0.197,0.3426,0.5309,,0.7117,0.3812,0.2794,0.7097,0.0,0.3414,0.4233,0.6254,0.7333,0.2273,0.3158,0.2,1.0,0.123,0.7239,1.0,"1,2,3,4",0.0,0.7454,0.5,0.0,0.3304,0.0,0.0,0.0,
2026-08-20,1721,コムシスホールディングス,建設業,52.49,0.4,除外,0.6867,0.5363,0.3326,0.3349,0.7338,0.7297,0.7059,0.7097,0.0,0.2914,0.1699,0.4692,0.4,0.6818,0.1579,0.5,1.0,0.1058,1.0,0.8294,"2,3,4",1.0,1.0,1.0,0.0,1.0,0.5934,0.5,0.4,0.0
2026-08-20,1723,日本電技,建設業,46.18,0.2,除外,0.375,0.6257,0.3486,,0.498,0.8518,0.9412,0.7097,0.0,0.0,0.2893,0.7053,0.4,0.2273,0.0526,0.5,0.4203,0.1626,0.4093,1.0,"1,3,4,5",0.0,1.0,0.5,0.0,1.0,0.0,0.5,0.0,
2026-08-20,1762,高松コンストラクショングループ,建設業,52.68,0.4,除外,0.8241,0.6269,0.5212,0.267,0.3946,0.4743,0.3235,0.7097,1.0,0.3542,0.2801,0.9171,0.5333,0.0,0.85,0.2,1.0,0.1333,0.445,0.0,"3,4,5",1.0,1.0,0.0,1.0,0.9062,0.6866,1.0,1.0,0.0182
2026-08-20,1766,東建コーポレーション,建設業,33.04,0.4,除外,0.0,0.0,0.6953,,0.6261,,,,,0.5044,0.5059,0.971,0.8,0.0909,0.0526,0.2,0.7328,0.1361,0.6357,1.0,"1,2,4",,,,,,,,,
2026-08-20,1786,オリエンタル白石,建設業,19.32,0.0,除外,0.0,0.0,0.209,,0.5639,,,,,0.0,0.3692,0.0,0.4667,0.0,0.1053,0.5,0.7807,0.2073,0.2676,1.0,"1,2,3,4,5",,,,,,,,,
2026-08-20,1801,大成建設,建設業,58.82,0.4,除外,0.3125,0.5599,0.7445,,0.7358,0.7506,0.7794,0.7097,0.0,0.9654,0.4611,0.8183,0.7333,0.2273,0.5789,0.5,1.0,0.1581,0.7853,1.0,"1,2,4",0.0,1.0,0.5,0.0,1.0,0.0,0.0,0.0,
2026-08-20,1802,大林組,建設業,45.71,0.0,除外,0.3125,0.4891,0.4291,,0.5977,0.6731,0.5735,0.7097,0.0,0.5374,0.2347,0.4111,0.5333,0.2273,0.3158,1.0,1.0,0.1263,0.2646,1.0,"1,2,3,4,5",0.0,1.0,0.5,0.0,1.0,0.0,0.0,0.0,
2026-08-20,1803,清水建設,建設業,50.67,0.2,除外,0.3125,0.5265,0.4276,,0.7602,0.72,0.6765,0.7097,0.0,0.1717,0.1643,0.7744,0.6,0.2273,0.6316,0.2,1.0,0.2076,0.8331,1.0,"1,2,3,4",0.0,1.0,0.5,0.0,1.0,0.0,0.0,0.0,
2026-08-20,1808,長谷工コーポレーション,建設業,53.09,0.2,除外,0.4959,0.4245,0.582,,0.621,0.5123,0.3529,0.7097,0.1231,0.7171,0.4014,0.743,0.4667,0.2273,0.0526,0.2,0.9618,0.1224,0.4,1.0,"1,2,3,4",0.0,0.9891,0.5,1.0,0.7768,0.2016,0.5,0.0,
2026-08-20,1812,鹿島建設,建設業,34.45,0.0,除外,0.3046,0.4948,0.224,,0.3546,0.6813,0.5882,0.7097,0.0,0.2449,0.2512,0.0,0.4,0.1364,0.5263,0.5,1.0,0.1435,0.0357,0.239,"1,2,3,4,5",0.0,1.0,0.5,0.0,0.9367,0.0,0.0,0.0,
2026-08-20,1813,不動テトラ,建設業,54.34,0.2,除外,0.5365,0.3518,0.5718,,0.7135,0.4036,0.2941,0.7097,0.0,0.2569,0.3708,0.8597,0.8,0.2273,0.3158,0.5,1.0,0.1995,0.6546,1.0,"1,2,3,4",0.0,0.6507,0.5,1.0,0.6411,0.0,0.5,1.0,
2026-08-20,1814,大末建設,建設業,50.79,0.4,除外,0.8496,0.7957,0.2559,0.1817,0.4567,0.7379,0.7353,0.7097,1.0,0.0,0.2976,0.3261,0.4,0.2273,0.2632,0.2,0.9363,0.1648,0.5191,0.2067,"3,4,5",1.0,1.0,0.5,1.0,1.0,0.297,1.0,1.0,0.0364
2026-08-20,1815,鉄建建設,建設業,41.35,0.2,除外,0.3791,0.5409,0.1096,,0.6242,0.7334,0.7206,0.7097,0.0,0.0,0.0876,0.2174,0.1333,0.0909,0.2105,1.0,0.8204,0.1253,0.5513,1.0,"1,2,3,4",0.0,1.0,0.5,0.0,1.0,0.0332,0.5,0.0,
2026-08-20,1820,西松建設,建設業,45.22,0.2,除外,0.4555,0.3127,0.3747,,0.6661,0.3351,0.2059,0.7097,0.0,0.2458,0.4436,0.1429,0.6667,0.2273,0.0526,0.5,1.0,0.1315,0.533,1.0,"1,2,3,4",0.0,0.6378,0.5,1.0,0.3035,0.2024,0.0,1.0,
2026-08-20,1822,大豊建設,建設業,21.51,0.0,除外,0.0,0.0,0.5518,0.195,0.3287,,,,,0.2583,0.6162,0.7327,0.6,0.2273,0.0526,0.5,0.4317,0.1667,0.7163,0.0,"1,2,3,4,5",,,,,,,,,0.0
2026-08-20,1833,奥村組,建設業,44.05,0.2,除外,0.5089,0.4238,0.1031,,0.7264,0.5592,0.4265,0.7097,0.0,0.0121,0.1128,0.0209,0.2667,0.2273,0.0,0.2,1.0,0.0925,0.8129,1.0,"1,2,3,4",0.0,1.0,0.5,1.0,0.8737,0.0973,0.5,0.1,
2026-08-20,1835,東鉄工業,建設業,34.79,0.2,除外,0.0,0.2879,0.422,,0.6818,0.28,0.1618,0.7097,0.0,0.6508,0.2893,0.148,0.6,0.2273,0.3684,1.0,1.0,0.1802,0.547,1.0,"1,2,3,4",,,,,,,,,
2026-08-20,1852,淺沼組,建設業,52.36,0.2,除外,0.4173,0.5822,0.4809,,0.6137,0.3693,0.25,0.7097,1.0,0.4688,0.777,0.2113,0.4667,0.2273,0.8,0.5,1.0,0.0902,0.3648,1.0,"1,2,3,4",0.0,0.6735,0.0,1.0,0.6357,0.0295,0.0,1.0,
2026-08-20,1860,戸田建設,建設業,50.23,0.2,除外,0.6427,0.5553,0.2625,0.4728,0.578,0.7468,0.7647,0.7097,0.0,0.2964,0.2029,0.5505,0.0,0.9545,0.7368,0.2,1.0,0.145,0.8121,0.3551,"2,3,4,5",1.0,1.0,1.0,0.0,1.0,0.6413,0.5,0.0,0.0
2026-08-20,1861,熊谷組,建設業,35.83,0.0,除外,0.2358,0.4649,0.2334,,0.4993,0.6351,0.5147,0.7097,0.0,0.0,0.3337,0.0,0.6,0.2273,0.0526,0.5,0.8884,0.1089,0.0,1.0,"1,2,3,4,5",0.0,0.9261,0.5,0.0,0.46,0.0,0.0,0.0,
2026-08-20,186A,アストロスケールホールディングス,サービス業,54.39,0.4,除外,0.775,0.4466,0.6344,0.3077,0.5559,0.7595,0.9302,0.0968,0.0,1.0,0.0764,0.7277,0.7333,0.8182,0.1579,0.2,1.0,0.5492,0.1957,0.4786,"2,4,5",1.0,1.0,0.5,1.0,1.0,0.0,1.0,0.7,0.0545
2026-08-20,1870,矢作建設工業,建設業,32.87,0.0,除外,0.0,0.4641,0.3213,,0.5295,0.271,0.1324,0.7097,0.7433,0.1669,0.4516,0.0,0.6667,0.2273,0.2105,0.2,1.0,0.1179,0.0,1.0,"1,2,3,4,5",,,,,,,,,
2026-08-20,1871,ピーエス・コンストラクション,建設業,66.87,0.4,除外,0.5625,0.576,0.7523,,0.7841,0.5182,0.3971,0.7097,0.6792,0.9711,0.4023,0.969,0.6667,0.2273,0.1579,1.0,1.0,0.2987,0.8376,1.0,"1,2,4",0.0,1.0,0.5,1.0,1.0,0.0,0.0,1.0,
2026-08-20,1878,大東建託,不動産業,42.38,0.0,除外,0.4878,0.3001,0.4806,,0.4269,0.2494,0.2558,0.1613,0.534,0.5529,0.3028,0.7998,0.2667,0.4545,0.2632,0.2,0.3328,0.25,0.1247,1.0,"1,2,3,4,5",0.0,0.7666,0.5,1.0,0.4269,0.4092,0.5,0.3,
2026-08-20,1879,新日本建設,建設業,59.54,0.4,除外,0.9961,0.4024,0.3721,,0.6111,0.5175,0.3824,0.7097,0.0,0.0,0.6677,0.1539,0.6667,,0.1053,0.2,1.0,0.4444,0.0,1.0,"2,3,4",1.0,1.0,1.0,1.0,1.0,0.9688,1.0,1.0,0.0
2026-08-20,1882,東亜道路工業,建設業,50.34,0.2,除外,0.4022,0.5016,0.3378,,0.7719,0.274,0.1471,0.7097,0.8756,0.0227,0.3454,0.6499,0.3333,0.2273,0.2632,0.5,1.0,0.1695,0.9182,1.0,"1,2,3,4",0.0,0.7687,0.5,1.0,0.3275,0.3217,0.0,0.3,
2026-08-20,1885,東亜建設工業,建設業,46.08,0.4,除外,0.0,0.3983,0.6554,,0.7894,0.516,0.3676,0.7097,0.0,0.8533,0.3846,0.7835,0.6,0.2273,0.0526,0.5,1.0,0.1575,1.0,1.0,"1,2,4",,,,,,,,,
2026-08-20,1887,日本国土開発,建設業,48.83,0.2,除外,0.3952,0.3376,0.4898,,0.7308,0.376,0.2647,0.7097,0.0,0.0,0.4702,0.689,0.8,0.2273,0.1053,0.2,1.0,0.1001,0.823,1.0,"1,2,3,4",0.0,0.5466,0.5,1.0,0.4062,0.0085,0.0,0.7,
2026-08-20,1893,五洋建設,建設業,37.52,0.0,除外,0.3125,0.59,0.2008,,0.3974,0.7975,0.8529,0.7097,0.0,0.1052,0.2313,0.0,0.4667,0.2273,0.95,0.2,1.0,0.1434,0.4463,0.0,"1,2,3,4,5",0.0,1.0,0.5,0.0,1.0,0.0,0.0,0.0,
2026-08-20,1898,世紀東急工業,建設業,29.19,0.2,除外,0.0,0.3121,0.2189,,0.6367,0.2219,0.1029,0.7097,0.2138,0.0,0.2772,0.3317,0.2667,0.2273,0.0,1.0,1.0,0.1085,0.4382,1.0,"1,2,3,4",,,,,,,,,
2026-08-20,1899,福田組,建設業,60.07,0.4,除外,0.9375,0.7555,0.1758,,0.5342,0.6947,0.6176,0.7097,1.0,0.0,0.303,0.0,0.4,,1.0,0.2,0.9235,0.2132,0.0,1.0,"3,4,5",1.0,1.0,0.5,1.0,1.0,1.0,1.0,1.0,0.0545
2026-08-20,1909,日本ドライケミカル,機械,74.47,0.8,本命,0.7824,0.6685,0.6152,,0.9127,0.9501,0.9175,0.8065,0.0,1.0,0.5526,0.1749,0.7333,,0.6316,0.2,1.0,0.6508,1.0,1.0,4,1.0,1.0,1.0,0.0,1.0,0.8592,1.0,0.4,0.0
2026-08-20,1911,住友林業,建設業,26.77,0.2,除外,0.0,0.0,0.468,,0.6029,,,,,0.633,0.402,0.4368,0.4,0.1364,0.3158,0.5,0.7384,0.1394,0.534,1.0,"1,2,3,4",,,,,,,,,
2026-08-20,1925,大和ハウス工業,建設業,29.3,0.2,除外,0.0,0.0,0.6091,,0.5631,,,,,0.6416,0.4766,0.7848,0.5333,0.2273,0.2632,0.2,0.6879,0.13,0.4343,1.0,"1,2,4,5",,,,,,,,,
2026-08-20,1926,ライト工業,建設業,38.31,0.0,除外,0.4498,0.4194,0.3413,,0.3219,0.5562,0.4118,0.7097,0.0,0.0,0.6015,0.4305,0.3333,0.2273,1.0,0.2,0.6063,0.1399,0.5413,0.0,"1,2,3,4,5",0.0,1.0,1.0,0.0,0.6539,0.4443,0.5,0.0,
2026-08-20,1928,積水ハウス,建設業,46.23,0.0,除外,0.4652,0.4729,0.5688,,0.3421,0.309,0.1765,0.7097,0.6965,0.7453,0.3874,0.8759,0.2667,0.2273,0.2632,0.2,0.6611,0.1373,0.0,0.57,"1,2,3,4,5",0.0,0.7703,0.5,1.0,0.2508,0.6006,0.5,0.1,
2026-08-20,1929,日特建設,建設業,38.51,0.2,除外,0.0,0.294,0.5252,,0.7212,0.2271,0.1176,0.7097,0.1214,0.1747,0.4424,0.817,0.6667,0.2273,0.1053,0.5,1.0,0.1564,0.7282,1.0,"1,2,3,4",,,,,,,,,
2026-08-20,1934,ユアテック,建設業,34.66,0.2,除外,0.0,0.3213,0.4422,,0.6229,0.3403,0.2353,0.7097,0.0,0.0,0.4861,0.6826,0.6,0.2273,0.1579,0.2,0.8661,0.136,0.4896,1.0,"1,2,3,4",,,,,,,,,
2026-08-20,1938,日本リーテック,建設業,40.51,0.0,除外,0.3682,0.4479,0.3405,,0.4637,0.6113,0.4706,0.7097,0.0,0.0,0.5555,0.1398,0.6667,0.2273,0.625,0.2,1.0,0.1577,0.6973,0.0,"1,2,3,4,5",0.0,1.0,0.5,0.0,0.9089,0.037,0.5,0.0,
2026-08-20,1939,四電工,建設業,70.4,0.6,監視,0.9944,0.7625,0.4161,,0.6429,0.7066,0.6471,0.7097,0.9866,0.1477,0.4485,0.5347,0.5333,,0.5789,0.2,1.0,0.4768,0.2663,0.8285,"3,4",1.0,1.0,1.0,1.0,1.0,0.9553,1.0,1.0,0.2737
2026-08-20,1941,中電工,建設業,54.4,0.4,除外,0.6945,0.5327,0.6212,0.3132,0.5583,0.7059,0.6324,0.7097,0.0828,0.7007,0.5918,0.6592,0.5333,1.0,0.0526,0.2,0.5955,0.5103,1.0,0.1274,"2,4,5",1.0,1.0,1.0,0.0,1.0,0.5563,1.0,0.0,0.0
2026-08-20,1942,関電工,建設業,39.53,0.2,除外,0.3757,0.6076,0.2794,,0.3185,0.8235,0.8971,0.7097,0.0,0.0,0.0279,0.7563,0.3333,0.6818,0.5789,0.5,0.4894,0.2612,0.5233,0.0,"1,3,4,5",0.0,1.0,0.5,0.0,1.0,0.0057,0.5,0.0,
2026-08-20,1944,きんでん,建設業,47.91,0.0,除外,0.4054,0.5813,0.4462,,0.4833,0.7774,0.8382,0.7097,0.0,0.1731,0.5774,0.6341,0.4,0.2273,0.4737,0.2,0.6855,0.1474,0.5983,0.5021,"1,2,3,4,5",0.0,1.0,0.5,0.0,1.0,0.2432,0.5,0.0,
2026-08-20,1945,東京エネシス,建設業,60.43,0.6,監視,0.6729,0.4987,0.6502,0.4226,0.777,0.6821,0.6029,0.7097,0.0,1.0,0.1432,0.8577,0.6,0.8182,0.2632,0.5,0.8784,0.4664,0.7634,1.0,"2,4",1.0,1.0,1.0,0.0,0.9167,0.0662,1.0,0.4,0.1091
2026-08-20,1946,トーエネック,建設業,51.79,0.4,除外,0.6033,0.5773,0.4189,0.2844,0.7055,0.7759,0.8235,0.7097,0.0,0.1201,0.1168,0.8386,0.6,0.6364,0.2105,0.2,0.9122,0.378,0.9094,0.6225,"2,3,4",1.0,1.0,0.5,0.0,1.0,0.4262,0.5,0.4,0.0909
2026-08-20,1950,日本電設工業,建設業,49.41,0.2,除外,0.375,0.5218,0.4134,,0.6662,0.7156,0.6618,0.7097,0.0,0.1415,0.344,0.7015,0.4667,0.2273,0.925,0.5,0.8232,0.1645,0.715,0.9623,"1,2,3,4",0.0,1.0,0.5,0.0,1.0,0.0,0.5,0.0,
2026-08-20,1951,エクシオグループ,建設業,43.23,0.0,除外,0.4898,0.4719,0.3121,,0.4554,0.6485,0.5294,0.7097,0.0,0.4147,0.3531,0.2808,0.2,0.2273,0.1053,0.2,0.8039,0.2777,0.7402,0.0,"1,2,3,4,5",0.0,1.0,0.5,0.0,1.0,0.5182,0.5,0.4,
2026-08-20,1952,新日本空調,建設業,28.25,0.0,除外,0.248,0.4608,0.1316,,0.2895,0.6337,0.5,0.7097,0.0,0.0,0.0595,0.0,0.4667,0.2273,0.4737,0.2,0.7544,0.1162,0.2876,0.0,"1,2,3,4,5",0.0,0.9289,0.5,0.0,0.5547,0.0,0.0,0.0,
2026-08-20,1959,クラフティア,建設業,39.41,0.0,除外,0.3849,0.4761,0.4892,,0.2263,0.6508,0.5441,0.7097,0.0,0.1439,0.3084,0.838,0.6667,0.2273,0.7895,0.2,0.321,0.2225,0.2678,0.0939,"1,2,3,4,5",0.0,1.0,0.5,0.0,0.9007,0.1788,0.5,0.0,
2026-08-20,1961,三機工業,建設業,43.24,0.4,除外,0.6281,0.6196,0.3012,0.3136,0.2994,0.8421,0.9265,0.7097,0.0,0.0781,0.4512,0.4088,0.2667,1.0,0.0,0.2,0.3655,0.1111,0.721,0.0,"3,4,5",1.0,1.0,1.0,0.0,1.0,0.1245,0.5,0.4,0.0545
2026-08-20,1963,日揮ホールディングス,建設業,53.9,0.6,監視,0.647,0.6137,0.5954,0.2276,0.6111,0.8332,0.9118,0.7097,0.0,0.5909,0.367,0.8238,0.6,0.5,0.2105,0.2,1.0,0.4444,1.0,0.0,"3,4",1.0,1.0,1.0,0.0,1.0,0.2763,0.5,0.4,0.0
2026-08-20,1964,中外炉工業,建設業,36.71,0.2,除外,0.0,0.3672,0.454,,0.647,0.4505,0.3088,0.7097,0.0,0.0,0.2911,0.9917,0.5333,0.2273,0.0526,0.5,0.9428,0.1235,0.5218,1.0,"1,2,3,4",,,,,,,,,
2026-08-20,1965,テクノ菱和,建設業,48.77,0.2,除外,0.625,0.5503,0.2801,,0.4955,0.7416,0.75,0.7097,0.0,0.0,0.2925,0.4945,0.3333,0.0909,0.2105,0.5,0.5237,0.1219,0.3364,1.0,"2,3,4,5",0.0,1.0,0.5,1.0,1.0,0.0,0.5,1.0,
2026-08-20,1968,太平電業,建設業,41.98,0.2,除外,0.2664,0.4362,0.2327,,0.7439,0.5793,0.4559,0.7097,0.0,0.0,0.2452,0.1522,0.5333,0.2273,0.625,0.5,1.0,0.1783,0.8736,0.9237,"1,2,3,4",0.0,1.0,0.5,0.0,0.5962,0.0347,0.0,0.0,
2026-08-20,1969,高砂熱学工業,建設業,33.7,0.0,除外,0.2155,0.4281,0.3438,,0.3605,0.5614,0.4412,0.7097,0.0,0.1544,0.4292,0.1918,0.6,0.2273,0.6316,0.2,0.8398,0.1677,0.4344,0.0,"1,2,3,4,5",0.0,0.6477,0.5,0.0,0.5227,0.0533,0.0,0.0,
2026-08-20,1975,朝日工業社,建設業,44.61,0.0,除外,0.5866,0.5706,0.5642,0.2252,0.284,0.764,0.8088,0.7097,0.0,0.4437,0.3943,0.9523,0.4667,0.2273,0.4737,0.2,0.1875,0.4368,0.5115,0.0,"1,2,3,4,5",1.0,1.0,1.0,0.0,1.0,0.1925,0.5,0.0,0.0
2026-08-20,1979,大氣社,建設業,48.07,0.4,除外,0.6609,0.6017,0.2608,0.4447,0.4355,0.8146,0.8824,0.7097,0.0,0.322,0.305,0.2828,0.1333,1.0,0.5789,0.2,0.1195,0.4444,0.1781,1.0,"3,4,5",1.0,1.0,1.0,0.0,1.0,0.287,1.0,0.0,0.0
2026-08-20,197A,タウンズ,医薬品,14.02,0.0,除外,0.0,0.0,0.3062,,0.2545,,,,,0.0,0.5684,0.3897,0.2667,0.0,0.0,0.5,0.3433,0.1399,0.4919,0.0428,"1,2,3,4,5",,,,,,,,,
2026-08-20,1980,ダイダン,建設業,51.75,0.2,除外,0.6774,0.5974,0.4151,0.3463,0.5511,0.8124,0.8676,0.7097,0.0,0.0,0.6124,0.6481,0.4,0.2273,0.1579,1.0,0.6798,0.1871,0.4943,0.8431,"2,3,4,5",1.0,1.0,0.5,1.0,1.0,0.0191,0.5,0.4,0.0
2026-08-20,1982,日比谷総合設備,建設業,44.68,0.2,除外,0.8588,0.5315,0.3103,0.1236,0.4099,0.7252,0.6912,0.7097,0.0,0.0,0.4305,0.2772,0.5333,0.1364,0.1579,0.2,0.8254,0.1679,0.6464,0.0,"2,3,4,5",1.0,1.0,1.0,1.0,1.0,0.4702,1.0,0.4,0.0
2026-08-20,2001,ニップン,食料品,62.25,0.4,除外,0.9853,0.5865,0.6406,,0.2774,0.5383,0.76,0.2258,0.822,0.7125,0.5173,0.9327,0.4,,0.0526,0.2,0.3846,,0.4476,0.0,"2,4,5",1.0,1.0,1.0,1.0,1.0,0.8823,1.0,1.0,0.3263
2026-08-20,2002,日清製粉グループ本社,食料品,41.25,0.2,除外,0.699,0.3754,0.4373,0.1068,0.444,0.4088,0.56,0.2258,0.3072,0.3192,0.3793,0.5176,0.5333,0.2273,0.0,0.2,0.7703,0.1507,0.0433,0.8116,"2,3,4,5",1.0,1.0,0.5,1.0,0.5748,0.717,0.5,0.3,0.0
2026-08-20,2004,昭和産業,食料品,62.25,0.4,除外,0.9837,0.5603,0.6436,,0.3024,0.4155,0.6,0.2258,1.0,0.642,0.475,0.9241,0.5333,,0.0526,0.2,0.3655,,0.5416,0.0,"2,4,5",1.0,1.0,1.0,1.0,0.9024,0.967,1.0,1.0,0.9789
2026-08-20,2053,中部飼料,食料品,69.51,0.4,除外,0.977,0.574,0.7328,,0.4964,0.4304,0.64,0.2258,1.0,0.8831,0.3494,0.8986,0.8,,0.0,0.5,1.0,,0.4892,0.0,"2,4,5",1.0,1.0,1.0,1.0,0.8219,0.994,1.0,1.0,0.6545
2026-08-20,2109,ＤＭ三井製糖,食料品,52.68,0.4,除外,0.8522,0.4181,0.6155,0.4216,0.3266,0.3045,0.38,0.2258,0.7621,0.5219,0.4039,0.9361,0.6,0.2273,0.95,0.2,0.5956,,0.0947,0.2894,"2,4,5",1.0,0.8685,0.5,1.0,0.5272,0.9219,1.0,1.0,0.3091
2026-08-20,2117,ウェルネオシュガー,食料品,55.52,0.4,除外,0.8445,0.582,0.6384,0.1331,0.5779,0.4423,0.66,0.2258,1.0,0.8828,0.3198,0.8842,0.4667,0.2273,0.1053,0.2,0.8067,0.1429,0.3766,0.9855,"2,4,5",1.0,0.79,0.5,1.0,0.7337,0.732,1.0,1.0,0.0
2026-08-20,2121,ＭＩＸＩ,情報・通信業,15.47,0.2,除外,0.0,0.0,0.619,,0.0,,,,,0.0,0.9937,0.7489,0.7333,,0.5263,1.0,0.0,,0.0,0.0,"1,2,4,5",,,,,,,,,0.4545
2026-08-20,2124,ジェイエイシーリクルートメント,サービス業,13.91,0.0,除外,0.0,0.0,0.3081,0.2632,0.1243,,,,,0.0,0.8991,0.0,0.3333,0.0,0.0526,1.0,0.356,0.1412,0.0,0.0,"1,2,3,4,5",,,,,,,,,0.0
2026-08-20,2127,日本Ｍ＆Ａセンターホールディングス,サービス業,17.69,0.0,除外,0.0,0.0,0.4234,,0.2842,,,,,0.0,0.3801,0.7803,0.5333,0.0,0.3158,0.2,0.7837,0.125,0.2282,0.0,"1,2,3,4,5",,,,,,,,,
2026-08-20,212A,フィットイージー,サービス業,44.02,0.4,除外,0.0,0.6438,0.8476,,0.2692,0.618,0.8605,0.0968,1.0,0.9956,1.0,0.9282,0.4667,,0.3158,1.0,0.4041,,0.0334,0.3702,"1,4,5",,,,,,,,,0.5091
2026-08-20,2146,ＵＴグループ,サービス業,53.74,0.2,除外,0.8807,0.5249,0.2272,,0.5169,0.3634,0.6395,0.0968,1.0,0.0,0.6419,0.0,0.2667,,0.1579,1.0,0.6283,,0.0,0.9223,"2,3,4,5",1.0,0.6331,0.5,1.0,1.0,0.9123,1.0,1.0,0.0
2026-08-20,2153,Ｅ・Ｊホールディングス,サービス業,53.89,0.4,除外,0.6849,0.5744,0.6644,0.3203,0.4507,0.4564,0.7442,0.0968,1.0,0.6256,0.4778,0.8207,0.7333,0.2273,0.2632,0.5,0.2959,0.1673,0.8931,0.4466,"2,4,5",1.0,0.5392,0.5,1.0,0.4768,0.6634,1.0,0.3,0.2909
2026-08-20,2154,オープンアップグループ,サービス業,64.86,0.2,除外,0.9602,0.5345,0.5613,,0.5383,0.4066,0.6977,0.0968,0.937,0.7962,0.3545,0.6279,0.4667,,0.0,0.2,0.747,,0.3794,0.4885,"2,3,4,5",1.0,1.0,1.0,1.0,0.7678,0.9135,1.0,1.0,0.9789
2026-08-20,2157,コシダカホールディングス,サービス業,19.36,0.0,除外,0.0,0.0,0.2817,,0.4929,,,,,0.0,0.5844,0.3422,0.2,0.0,0.3158,0.2,0.513,0.1457,0.5291,0.7839,"1,2,3,4,5",,,,,,,,,
2026-08-20,215A,タイミー,サービス業,50.5,0.4,除外,0.7425,0.0,0.7057,0.559,0.5178,,,,,1.0,0.5757,0.9138,0.3333,0.8,0.2632,0.5,0.2459,,0.3608,0.9468,"2,4,5",1.0,0.7399,0.5,1.0,1.0,0.0,1.0,0.7,0.6727
2026-08-20,2160,ジーエヌアイグループ,医薬品,41.22,0.2,除外,0.7756,0.0,0.4778,0.2504,0.5574,,,,,1.0,0.0352,0.7428,0.1333,0.2727,0.2105,0.5,1.0,0.162,0.0675,1.0,"2,3,4,5",1.0,0.8187,0.5,1.0,1.0,0.1859,1.0,0.7,0.0182
2026-08-20,2168,パソナグループ,サービス業,36.31,0.4,除外,0.0,0.0,0.7923,,0.6601,,,,,0.9792,0.3776,0.8792,0.9333,0.0,0.7895,1.0,0.8452,0.1466,0.6487,1.0,"1,2,4",,,,,,,,,
2026-08-20,2170,リンクアンドモチベーション,サービス業,54.7,0.2,除外,0.949,0.5935,0.3025,0.4943,0.3955,0.4981,0.7791,0.0968,1.0,0.0,0.5434,0.0,0.6667,0.0,0.95,0.5,0.7563,0.4081,0.4178,0.0,"2,3,4,5",1.0,1.0,1.0,1.0,0.8907,0.7012,1.0,1.0,0.5273
2026-08-20,2175,エス・エム・エス,サービス業,51.55,0.4,除外,0.8764,0.7081,0.3288,0.3368,0.3275,0.7937,0.9419,0.0968,1.0,0.0,0.2865,0.7618,0.2667,0.4,0.1579,0.2,0.3015,,0.0,0.6809,"3,4,5",1.0,1.0,1.0,1.0,1.0,0.7114,1.0,0.3,0.5895
2026-08-20,2181,パーソルホールディングス,サービス業,13.37,0.0,除外,0.0,0.0,0.2528,0.1736,0.2422,,,,,0.0,0.5447,0.0,0.4667,0.0,0.1579,0.5,0.7266,,0.0,0.0,"1,2,3,4,5",,,,,,,,,0.0364
2026-08-20,219A,Ｈｅａｒｔｓｅｅｄ,医薬品,33.71,0.2,除外,0.0,0.0,0.7376,0.4433,0.5044,,,,,1.0,0.4611,0.9558,0.5333,0.0,0.7368,1.0,0.8656,0.1521,0.0,1.0,"1,2,4,5",,,,,,,,,0.0364
2026-08-20,2201,森永製菓,食料品,34.6,0.0,除外,0.236,0.3684,0.3671,,0.4124,0.3313,0.48,0.2258,0.4363,0.3216,0.2976,0.4491,0.4,0.2273,0.3158,1.0,0.4684,0.1548,0.0263,1.0,"1,2,3,4,5",0.0,0.569,0.5,0.0,0.1838,0.5356,0.0,0.1,
2026-08-20,2206,江崎グリコ,食料品,30.9,0.0,除外,0.2529,0.2535,0.3482,,0.3815,0.3284,0.46,0.2258,0.0,0.0484,0.6054,0.6057,0.1333,0.3636,0.0,0.5,0.2065,0.1105,0.2088,1.0,"1,2,3,4,5",0.0,0.5392,0.5,0.0,0.3014,0.2827,0.0,0.4,
2026-08-20,2207,ｍｅｉｔｏ,食料品,69.14,0.6,監視,1.0,0.7175,0.4456,,0.6026,0.7044,0.94,0.2258,1.0,0.1982,0.7175,0.0,0.8667,,0.5789,0.2,1.0,0.4456,0.0,0.9648,"3,4",1.0,1.0,1.0,1.0,1.0,1.0,1.0,1.0,0.0
2026-08-20,2212,山崎製パン,食料品,41.82,0.2,除外,0.8574,0.4375,0.4461,0.2254,0.1248,0.2442,0.28,0.2258,1.0,0.0,0.4809,0.7702,0.5333,0.4545,0.2105,0.2,0.2086,,0.1525,0.0133,"2,3,4,5",1.0,0.8596,0.5,1.0,0.6429,0.8564,1.0,1.0,0.0364
2026-08-20,2220,亀田製菓,食料品,25.75,0.0,除外,0.0,0.0,0.4091,0.2913,0.5869,,,,,0.3295,0.3848,0.6553,0.2667,0.4545,0.2105,0.5,0.8333,0.308,0.2065,1.0,"1,2,3,4,5",,,,,,,,,0.0
2026-08-20,2222,寿スピリッツ,食料品,67.5,0.6,監視,1.0,0.6143,0.6253,,0.4603,0.5115,0.72,0.2258,1.0,0.805,0.4272,0.869,0.4,,0.2632,0.2,0.7328,0.4143,0.416,0.2781,"4,5",1.0,1.0,1.0,1.0,1.0,1.0,1.0,1.0,0.8737
2026-08-20,2229,カルビー,食料品,43.05,0.2,除外,0.8128,0.3181,0.5947,0.1313,0.2955,0.3194,0.42,0.2258,0.3071,0.5889,0.321,0.869,0.6,0.2727,0.0526,0.2,0.0,,0.0,0.8864,"2,3,4,5",1.0,0.6685,0.5,1.0,0.5216,0.8122,1.0,1.0,0.0
2026-08-20,2264,森永乳業,食料品,49.25,0.2,除外,0.6372,0.4415,0.5218,0.3553,0.5069,0.6404,0.9,0.2258,0.0,0.7709,0.4139,0.6356,0.2667,0.8,0.4211,0.2,0.4716,0.3204,0.405,0.8307,"2,3,4,5",1.0,1.0,1.0,0.0,1.0,0.5974,0.5,0.0,0.0
2026-08-20,2267,ヤクルト本社,食料品,51.31,0.2,除外,0.9463,0.334,0.403,0.4091,0.473,0.2755,0.32,0.2258,0.5148,0.0774,0.2261,0.7751,0.5333,0.6364,0.1579,0.2,1.0,0.2045,0.4791,0.2085,"2,3,4,5",1.0,1.0,1.0,1.0,0.8364,0.7337,1.0,1.0,0.6421
2026-08-20,2269,明治ホールディングス,食料品,46.46,0.2,除外,1.0,0.4825,0.1823,,0.1936,0.4095,0.58,0.2258,0.7145,0.0,0.4035,0.3258,0.0,,0.2105,0.5,0.382,0.134,0.0,0.2584,"2,3,4,5",1.0,1.0,1.0,1.0,1.0,1.0,1.0,1.0,0.0182
2026-08-20,2270,雪印メグミルク,食料品,57.04,0.2,除外,0.7201,0.5771,0.5585,0.4842,0.5123,0.5532,0.78,0.2258,0.7494,0.8639,0.4317,0.4717,0.4667,0.2,0.2632,0.5,0.5369,,0.0,1.0,"2,3,4,5",1.0,1.0,1.0,0.0,1.0,0.6604,1.0,0.1,0.9737
2026-08-20,2281,プリマハム,食料品,35.92,0.0,除外,0.3587,0.2116,0.3877,,0.479,0.2807,0.34,0.2258,0.0,0.0,0.3062,0.7111,0.5333,0.2273,0.2105,0.5,0.745,0.1709,0.0,1.0,"1,2,3,4,5",0.0,0.728,0.5,1.0,0.2425,0.2988,0.0,0.1,
2026-08-20,2282,日本ハム,食料品,43.63,0.0,除外,0.5308,0.3648,0.3813,,0.4685,0.4237,0.62,0.2258,0.1897,0.0326,0.2868,0.7391,0.4667,0.4545,0.0,0.2,0.7254,0.1302,0.0185,1.0,"1,2,3,4,5",0.0,0.7797,0.5,1.0,0.7624,0.4041,0.5,0.3,
2026-08-20,2288,丸大食品,食料品,32.8,0.0,除外,0.5562,0.3536,0.184,0.1726,0.3737,0.4885,0.7,0.2258,0.0,0.0,0.3325,0.0035,0.4,0.2273,0.2632,0.2,0.9467,0.1143,0.0,0.434,"1,2,3,4,5",1.0,1.0,0.5,0.0,0.7121,0.6374,0.5,0.1,0.0
2026-08-20,2292,Ｓ　Ｆｏｏｄｓ,食料品,33.94,0.0,除外,0.4745,0.1951,0.1875,,0.5005,0.2264,0.24,0.2258,0.0884,0.0622,0.1675,0.5202,0.0,0.2273,0.1053,0.5,0.4397,0.1525,0.41,1.0,"1,2,3,4,5",0.0,0.6751,0.5,1.0,0.3934,0.4277,0.5,0.3,
2026-08-20,2296,伊藤ハム米久ホールディングス,食料品,29.87,0.2,除外,0.0,0.0,0.6787,,0.516,,,,,0.5357,0.481,0.8981,0.8,0.2273,0.1053,1.0,0.5497,0.1397,0.3744,1.0,"1,2,4,5",,,,,,,,,
2026-08-20,2301,学情,サービス業,30.07,0.2,除外,0.0,0.0,0.5771,,0.6255,,,,,0.7866,0.2754,0.5799,0.6667,0.2273,0.0,1.0,0.9412,0.1336,0.5414,0.8858,"1,2,3,4",,,,,,,,,
2026-08-20,2317,システナ,情報・通信業,20.14,0.0,除外,0.0,0.2828,0.3651,,0.1579,0.2561,0.6752,0.0323,0.1675,0.0485,0.3778,0.634,0.4,0.0,0.0,0.5,0.5037,0.1045,0.0235,0.0,"1,2,3,4,5",,,,,,,,,
2026-08-20,2326,デジタルアーツ,情報・通信業,23.16,0.0,除外,0.0,0.0,0.3785,,0.5481,,,,,0.1751,0.0871,0.585,0.6667,0.0,0.9474,1.0,1.0,0.1923,0.0,1.0,"1,2,3,4,5",,,,,,,,,
2026-08-20,2327,日鉄ソリューションズ,情報・通信業,35.92,0.4,除外,0.7372,0.0,0.6036,0.05,0.4054,,,,,0.6083,0.4987,0.8406,0.4667,0.0,0.0,0.2,0.6558,0.1372,0.7248,0.1037,"2,4,5",1.0,0.8328,0.0,1.0,0.766,0.2985,1.0,1.0,0.0
2026-08-20,2331,ＡＬＳＯＫ,サービス業,47.84,0.0,除外,0.4406,0.3665,0.5103,,0.5961,0.3366,0.6163,0.0968,0.4166,0.3647,0.4714,0.6718,0.5333,0.2273,0.2632,0.2,0.601,0.252,0.5315,1.0,"1,2,3,4,5",0.0,0.7599,0.0,1.0,0.3815,0.583,0.5,0.3,
2026-08-20,2334,イオレ,サービス業,56.61,0.2,除外,0.675,0.4986,0.569,0.5281,0.5598,0.9092,0.9884,0.0968,0.0,1.0,0.624,0.0518,0.6,0.8636,0.1579,1.0,0.943,0.1111,0.3963,0.7888,"2,3,4,5",1.0,1.0,1.0,0.0,1.0,0.0,1.0,0.4,0.0909
2026-08-20,2337,いちご,不動産業,34.72,0.0,除外,0.2006,0.2279,0.4641,,0.4964,0.3083,0.4419,0.1613,0.0,0.6446,0.2456,0.766,0.2,0.5909,1.0,0.2,0.6248,0.2333,0.1273,1.0,"1,2,3,4,5",0.0,0.5939,0.5,0.0,0.404,0.1069,0.0,0.0,
2026-08-20,2353,日本駐車場開発,不動産業,20.84,0.0,除外,0.0,0.0,0.348,,0.4854,,,,,0.0,0.3631,0.8954,0.1333,0.2273,0.0,1.0,0.5593,0.1191,0.2634,1.0,"1,2,3,4,5",,,,,,,,,
2026-08-20,2371,カカクコム,サービス業,82.35,0.8,本命,0.9993,0.6279,0.6666,,1.0,0.5778,0.8372,0.0968,1.0,1.0,0.4502,0.2162,1.0,,0.85,1.0,1.0,,1.0,1.0,4,1.0,1.0,1.0,1.0,1.0,0.9946,1.0,1.0,0.9158
2026-08-20,2379,ディップ,サービス業,20.59,0.0,除外,0.0,0.0,0.3694,,0.4544,,,,,0.0,0.2194,0.7916,0.4667,0.0,0.1579,0.2,0.2604,0.1931,0.364,1.0,"1,2,3,4,5",,,,,,,,,
2026-08-20,2384,ＳＢＳホールディングス,陸運業,53.89,0.2,除外,0.9846,0.4053,0.5408,0.2809,0.4829,0.5748,0.8529,0.1935,0.0,0.4115,0.7339,0.4178,0.6,0.8182,0.1053,0.2,0.4976,0.339,0.0948,1.0,"2,3,4,5",1.0,1.0,1.0,1.0,1.0,0.8765,1.0,1.0,0.0
2026-08-20,2395,新日本科学,サービス業,28.52,0.0,除外,0.0,0.0,0.5684,0.3158,0.542,,,,,0.0,1.0,0.4738,0.8,0.0,0.2632,1.0,1.0,0.1679,0.0,1.0,"1,2,3,4,5",,,,,,,,,0.0
2026-08-20,2413,エムスリー,サービス業,10.73,0.0,除外,0.0,0.0,0.3084,,0.1209,,,,,0.0207,0.4128,0.0,0.8,0.0,0.0,0.2,0.0,0.0606,0.0,0.4231,"1,2,3,4,5",,,,,,,,,
2026-08-20,2429,ワールドホールディングス,サービス業,49.2,0.2,除外,0.7838,0.5457,0.3886,0.1972,0.5447,0.3999,0.686,0.0968,1.0,0.1964,0.4292,0.4623,0.4667,0.2273,0.0526,0.2,0.8304,0.1956,0.6465,0.5062,"2,3,4,5",1.0,0.7528,0.0,1.0,0.6661,0.8515,1.0,1.0,0.3091
2026-08-20,2432,ディー・エヌ・エー,情報・通信業,41.33,0.0,除外,0.5788,0.0,0.5942,,0.4803,,,,,0.8824,0.1438,0.7506,0.6,0.7727,0.0,0.5,0.6299,0.1595,0.7421,0.3897,"1,2,3,4,5",0.0,0.783,0.5,1.0,0.4831,0.6641,0.5,0.7,
2026-08-20,2433,博報堂ＤＹホールディングス,サービス業,42.78,0.2,除外,0.8082,0.4686,0.5525,0.2294,0.0803,0.2658,0.5116,0.0968,1.0,0.3405,0.4035,0.9326,0.5333,0.0,0.2632,0.2,0.0291,,0.018,0.1939,"2,3,4,5",1.0,1.0,0.5,1.0,1.0,0.6654,1.0,0.3,0.4545
2026-08-20,247A,Ａｉロボティクス,化学,42.86,0.4,除外,0.0,0.0,0.936,,0.7784,,,,,1.0,0.8171,0.9268,1.0,0.0,0.5263,0.2,1.0,0.2591,0.8544,1.0,"1,2,4",,,,,,,,,
2026-08-20,2492,インフォマート,サービス業,50.91,0.2,除外,1.0,0.5561,0.2781,,0.2023,0.4185,0.7093,0.0968,1.0,0.0,0.5973,0.515,0.0,,0.8,0.5,0.3198,,0.287,0.0,"2,3,4,5",1.0,1.0,1.0,1.0,1.0,1.0,1.0,1.0,0.4545
2026-08-20,2501,サッポロホールディングス,食料品,54.55,0.4,除外,0.8864,0.65,0.244,0.5041,0.4431,0.5741,0.8,0.2258,1.0,0.0,0.3979,0.245,0.3333,1.0,0.0526,0.2,0.3423,,0.5449,0.4422,"3,4,5",1.0,1.0,1.0,1.0,1.0,0.791,1.0,0.3,0.7636
2026-08-20,2502,アサヒグループホールディングス,食料品,15.37,0.0,除外,0.0,0.0,0.2974,0.4483,0.0226,,,,,0.0674,0.4253,0.4971,0.2,0.0,0.775,1.0,0.0,,0.0678,0.0,"1,2,3,4,5",,,,,,,,,0.0182
2026-08-20,2503,キリンホールディングス,食料品,56.71,0.4,除外,0.996,0.6708,0.3096,,0.2921,0.6173,0.84,0.2258,1.0,0.0845,0.1742,0.5129,0.4667,,0.1053,0.2,0.3698,,0.3137,0.1927,"3,4,5",1.0,1.0,1.0,1.0,1.0,0.9681,1.0,1.0,0.0158
2026-08-20,2531,宝ホールディングス,食料品,62.23,0.6,監視,0.6955,0.4967,0.7409,0.6031,0.5754,0.8012,0.96,0.2258,0.0,1.0,0.4186,0.9452,0.6,0.9545,0.4737,0.2,0.5173,0.2405,0.5438,1.0,"2,5",1.0,1.0,1.0,0.0,1.0,0.5643,1.0,0.0,0.7842
2026-08-20,255A,ジーエルテクノホールディングス,精密機器,51.69,0.4,除外,0.6594,0.6141,0.3948,0.3795,0.5367,0.8757,0.7097,0.871,0.0,0.4835,0.1444,0.5513,0.4,0.8182,0.0,0.2,0.2148,0.4167,0.5153,1.0,"3,4,5",1.0,1.0,1.0,0.0,1.0,0.2754,1.0,0.0,0.5
2026-08-20,256A,飛島ホールディングス,建設業,38.03,0.2,除外,0.0,0.4584,0.3307,,0.7322,0.3358,0.2206,0.7097,0.5673,0.2803,0.486,0.1564,0.4,0.0,0.0526,0.5,1.0,0.1343,0.7945,1.0,"1,2,3,4",,,,,,,,,
2026-08-20,2579,コカ・コーラ　ボトラーズジャパンホールディングス,食料品,44.17,0.4,除外,0.6832,0.7549,0.4177,0.3526,0.0,0.8138,0.98,0.2258,1.0,0.2289,0.2162,0.9591,0.2667,0.8,0.1053,0.2,0.0,,0.0,0.0,"3,4,5",1.0,1.0,1.0,0.0,1.0,0.4659,1.0,0.0,0.3053
2026-08-20,2585,ライフドリンク　カンパニー,食料品,27.58,0.2,除外,0.0,0.0,0.4934,0.25,0.6356,,,,,0.5948,0.3134,0.2655,0.8,0.0,0.0,1.0,1.0,0.1489,0.6383,0.7551,"1,2,3,4",,,,,,,,,0.0
2026-08-20,2587,サントリー食品インターナショナル,食料品,39.13,0.0,除外,0.4071,0.4141,0.274,,0.4699,0.2107,0.22,0.2258,1.0,0.0462,0.2275,0.4889,0.3333,0.0909,0.1579,0.2,0.6448,0.1192,0.3558,0.76,"1,2,3,4,5",0.0,0.5178,0.0,1.0,0.3946,0.5447,0.5,0.3,
2026-08-20,2590,ダイドーグループホールディングス,食料品,56.22,0.2,除外,0.8635,0.4974,0.5386,,0.3492,0.3239,0.44,0.2258,1.0,0.3709,0.5277,0.5226,0.7333,,0.2632,0.2,0.5685,,0.4792,0.0,"2,3,4,5",1.0,1.0,1.0,1.0,0.7714,0.8369,1.0,0.3,0.6364
2026-08-20,2593,伊藤園,食料品,26.45,0.2,除外,0.0,0.0,0.8119,0.1382,0.3723,,,,,0.7945,0.605,0.9815,0.8667,0.0,0.0526,0.5,0.457,,0.263,0.397,"1,2,4,5",,,,,,,,,0.0
2026-08-20,2594,キーコーヒー,食料品,43.87,0.2,除外,0.7677,0.179,0.4255,,0.3825,0.2301,0.26,0.2258,0.0,0.2058,0.3361,0.6267,0.5333,,0.0526,0.2,0.4884,0.0861,0.0,0.9555,"2,3,4,5",1.0,0.5443,0.5,1.0,0.1899,0.9072,1.0,1.0,0.0
2026-08-20,2602,日清オイリオグループ,食料品,45.19,0.2,除外,0.8961,0.5325,0.4139,0.1245,0.2925,0.3842,0.52,0.2258,1.0,0.1596,0.4513,0.3781,0.6667,0.2273,0.0526,0.2,0.373,0.1339,0.0,0.663,"2,3,4,5",1.0,1.0,0.5,1.0,0.7027,0.9659,1.0,1.0,0.0182
2026-08-20,2607,不二製油,食料品,68.44,0.6,監視,1.0,0.6778,0.7416,,0.3183,0.6255,0.86,0.2258,1.0,1.0,0.7877,0.3785,0.8,,0.2105,0.2,0.7985,0.1209,0.1315,0.2225,"4,5",1.0,1.0,1.0,1.0,1.0,1.0,1.0,1.0,0.6
2026-08-20,2613,Ｊ－オイルミルズ,食料品,54.26,0.4,除外,0.8679,0.3355,0.6543,,0.3128,0.2926,0.36,0.2258,0.4636,0.7687,0.5611,0.6208,0.6667,,0.0,0.2,0.4015,,0.1225,0.4146,"2,4,5",1.0,0.5803,1.0,1.0,0.3663,0.9963,1.0,1.0,0.0182
2026-08-20,262A,インターメスティック,小売業,34.04,0.2,除外,0.0,0.2784,0.4442,,0.639,0.3708,0.6783,0.0645,0.0,0.5259,0.5267,0.1907,0.5333,0.9091,0.4211,0.5,1.0,0.5556,0.6146,0.3856,"1,2,3,4",,,,,,,,,
2026-08-20,2653,イオン九州,小売業,24.03,0.0,除外,0.0,0.1691,0.3356,,0.4565,0.2033,0.4087,0.0645,0.0,0.0,0.3796,0.9629,0.0,0.0,0.8421,1.0,1.0,0.1166,0.7094,0.0,"1,2,3,4,5",,,,,,,,,
2026-08-20,2659,サンエー,小売業,56.0,0.4,除外,0.9736,0.3037,0.6455,0.4224,0.4547,0.3068,0.5826,0.0645,0.261,0.6137,0.304,0.9308,0.7333,0.5,0.5263,0.2,0.3426,0.3403,0.2099,0.926,"2,4,5",1.0,1.0,1.0,1.0,0.8712,0.9176,1.0,1.0,0.4632
2026-08-20,2664,カワチ薬品,小売業,61.38,0.2,除外,1.0,0.472,0.5292,,0.4539,0.4631,0.7913,0.0645,0.5691,0.246,0.7348,0.4026,0.7333,,0.0,0.2,0.4489,0.3665,0.0,1.0,"2,3,4,5",1.0,1.0,1.0,1.0,1.0,1.0,1.0,1.0,0.9368
2026-08-20,2670,エービーシー・マート,小売業,26.09,0.0,除外,0.0,0.0,0.4898,0.3589,0.456,,,,,0.5444,0.2426,0.7054,0.4667,0.5455,0.5263,0.2,0.2741,0.3889,0.2871,0.8738,"1,2,3,4,5",,,,,,,,,0.1636
2026-08-20,2678,アスクル,小売業,22.71,0.0,除外,0.0,0.0,0.5489,,0.3594,,,,,0.2591,0.5202,0.8829,0.5333,0.0,0.1053,0.2,0.4811,0.1177,0.839,0.0,"1,2,3,4,5",,,,,,,,,
2026-08-20,2681,ゲオホールディングス,小売業,57.13,0.2,除外,1.0,0.4608,0.3545,,0.4697,0.4959,0.8174,0.0645,0.4655,0.0,0.7514,0.0,0.6667,,0.2105,0.2,0.409,,0.0,1.0,"2,3,4,5",1.0,1.0,1.0,1.0,1.0,1.0,1.0,1.0,0.8316
2026-08-20,2685,アンドエスティＨＤ,小売業,62.13,0.4,除外,0.9403,0.3996,0.5836,0.4789,0.7038,0.4162,0.7391,0.0645,0.3787,0.5629,0.5887,0.6495,0.5333,0.8,0.1053,0.2,0.5163,0.4444,0.8546,1.0,"2,3,4",1.0,1.0,1.0,1.0,1.0,0.8227,1.0,0.7,0.8105
2026-08-20,268A,リガク・ホールディングス,精密機器,57.77,0.4,除外,0.5625,0.6947,0.6153,,0.4381,0.9724,0.9355,0.871,0.0,1.0,0.3323,0.5957,0.5333,0.6818,0.7,0.2,0.6969,0.436,0.6193,0.0,"1,4,5",1.0,1.0,1.0,0.0,1.0,0.0,0.5,0.0,
2026-08-20,2695,くら寿司,小売業,35.89,0.4,除外,0.0,0.0,0.8222,0.3397,0.6326,,,,,0.8913,0.5281,0.9362,0.9333,0.2273,0.6316,0.5,1.0,0.1186,0.4119,1.0,"1,2,4",,,,,,,,,0.0
2026-08-20,2702,日本マクドナルドホールディングス,小売業,58.3,0.4,除外,0.954,0.3777,0.5441,0.4044,0.6348,0.5056,0.8261,0.0645,0.1148,1.0,0.403,0.5736,0.2,0.4545,0.6316,0.2,0.9566,0.4883,0.3581,0.736,"2,3,4",1.0,1.0,1.0,1.0,1.0,0.6321,1.0,1.0,0.3316
2026-08-20,2726,パルグループホールディングス,小売業,26.12,0.0,除外,0.0,0.0,0.54,,0.5048,,,,,0.4527,0.4167,0.824,0.4667,0.0,0.5263,1.0,0.5931,0.0917,0.3345,1.0,"1,2,3,4,5",,,,,,,,,
2026-08-20,2730,エディオン,小売業,63.36,0.4,除外,0.9692,0.2935,0.6784,,0.5932,0.3373,0.6174,0.0645,0.1547,1.0,0.4414,0.4724,0.8,,0.5263,0.2,0.5393,0.3889,0.5678,0.8771,"2,4,5",1.0,1.0,1.0,1.0,0.9845,0.769,1.0,1.0,0.9316
2026-08-20,2733,あらた,卸売業,29.54,0.2,除外,0.0,0.0,0.6188,,0.5626,,,,,0.8421,0.3781,0.8551,0.4,0.0,0.3158,0.5,0.6831,0.1103,0.4571,1.0,"1,2,4,5",,,,,,,,,
2026-08-20,2734,サーラコーポレーション,小売業,55.08,0.4,除外,0.888,0.5586,0.7107,0.2731,0.3237,0.4222,0.7478,0.0645,1.0,0.5862,0.6297,0.8268,0.8,0.2273,0.2105,0.2,0.272,0.1725,0.8083,0.0421,"2,4,5",1.0,0.8232,0.5,1.0,0.856,0.9247,1.0,1.0,0.4545
2026-08-20,2737,トーメンデバイス,卸売業,53.9,0.4,除外,0.9701,0.8328,0.3147,,0.0383,0.9442,1.0,0.3871,1.0,0.0,0.6245,0.2342,0.4,,0.4737,0.2,0.1148,,0.0,0.0,"3,4,5",1.0,1.0,1.0,1.0,1.0,0.7605,1.0,1.0,0.0211
2026-08-20,2749,ＪＰホールディングス,サービス業,43.29,0.2,除外,0.5649,0.3925,0.0786,,0.6957,0.3663,0.6512,0.0968,0.4559,0.0,0.3143,0.0,0.0,0.2273,0.0526,0.2,1.0,0.1823,0.6007,1.0,"1,2,3,4",0.0,0.5981,0.5,1.0,0.6132,0.3079,0.5,1.0,
2026-08-20,2752,フジオフードグループ本社,小売業,11.14,0.0,除外,0.0,0.0,0.2514,0.1158,0.1899,,,,,0.0,0.1624,0.4432,0.4,0.0,0.2632,0.2,0.0,,0.0,0.5696,"1,2,3,4,5",,,,,,,,,0.0
2026-08-20,2760,東京エレクトロン　デバイス,卸売業,58.47,0.2,除外,0.9868,0.4439,0.4927,,0.4153,0.6575,0.7312,0.3871,0.0,0.0,0.5741,0.7965,0.6,,0.1053,0.2,0.246,,0.0,1.0,"2,3,4,5",1.0,1.0,1.0,1.0,1.0,0.8942,1.0,1.0,0.1091
2026-08-20,2767,円谷フィールズホールディングス,卸売業,9.46,0.0,除外,0.0,0.0,0.3786,,0.0,,,,,0.0,0.6477,0.5999,0.2667,,0.95,0.5,0.0,,0.0,0.0,"1,2,3,4,5",,,,,,,,,0.1455
2026-08-20,2768,双日,卸売業,52.94,0.2,除外,0.7764,0.4354,0.4534,0.3837,0.598,0.6448,0.7097,0.3871,0.0,0.2286,0.347,0.7047,0.5333,0.2273,0.7895,0.5,0.8877,0.1466,0.3578,1.0,"2,3,4,5",1.0,1.0,0.5,1.0,1.0,0.2113,0.5,1.0,0.0182
2026-08-20,277A,グロービング,サービス業,17.92,0.0,除外,0.0,0.0,0.2759,,0.4408,,,,,0.2307,0.0,0.6061,0.2667,0.0,0.0,1.0,0.6051,0.1667,0.9913,0.0,"1,2,3,4,5",,,,,,,,,
2026-08-20,2780,コメ兵ホールディングス,小売業,55.7,0.4,除外,0.9345,0.4732,0.1667,0.4138,0.7969,0.8459,0.9826,0.0645,0.0,0.0,0.0,0.0,0.6667,0.8182,0.1053,0.2,1.0,0.4595,0.7281,1.0,"2,3,4",1.0,1.0,1.0,1.0,1.0,0.4756,1.0,1.0,0.5316
2026-08-20,2782,セリア,小売業,51.08,0.4,除外,0.9002,0.6165,0.41,0.3915,0.2357,0.5406,0.8609,0.0645,1.0,0.0,0.5698,0.4701,0.6,0.2273,0.6842,0.2,0.5219,0.4029,0.0,0.0179,"3,4,5",1.0,1.0,0.5,1.0,1.0,0.7014,1.0,1.0,0.4545
2026-08-20,2784,アルフレッサ　ホールディングス,卸売業,40.99,0.0,除外,0.3865,0.3468,0.3492,,0.5569,0.3946,0.3441,0.3871,0.2614,0.1412,0.2505,0.6719,0.3333,0.2273,0.2632,0.5,1.0,0.156,0.0715,1.0,"1,2,3,4,5",0.0,0.8656,0.5,1.0,0.2672,0.3595,0.0,0.1,
2026-08-20,278A,Ｔｅｒｒａ　Ｄｒｏｎｅ,精密機器,73.5,0.6,監視,0.7875,0.9103,0.5241,,0.718,0.9315,0.8387,0.871,1.0,0.0,0.7204,0.7762,0.6,0.4,0.0526,1.0,1.0,0.3658,0.6488,0.8573,"3,4",1.0,1.0,1.0,1.0,1.0,0.0,1.0,0.3,
2026-08-20,2791,大黒天物産,小売業,31.24,0.2,除外,0.0,0.0,0.7492,,0.5004,,,,,0.7942,0.4883,0.9144,0.8,0.0,0.0,1.0,0.2383,0.1807,0.5825,1.0,"1,2,4,5",,,,,,,,,
2026-08-20,2792,ハニーズホールディングス,小売業,28.77,0.2,除外,0.0,0.0,0.7307,,0.4201,,,,,0.7419,0.3211,0.9932,0.8667,0.0,0.2632,1.0,0.2735,0.1423,0.3002,0.9645,"1,2,4,5",,,,,,,,,
2026-08-20,2801,キッコーマン,食料品,62.65,0.4,除外,1.0,0.598,0.6114,,0.2967,0.4862,0.68,0.2258,1.0,0.6949,0.5255,0.825,0.4,,0.2105,0.2,0.4056,,0.0,0.4846,"2,4,5",1.0,1.0,1.0,1.0,1.0,1.0,1.0,1.0,0.9273
2026-08-20,2802,味の素,食料品,59.31,0.4,除外,0.8757,0.4347,0.74,0.4513,0.4636,0.6329,0.88,0.2258,0.0,0.8968,0.7102,0.8195,0.5333,0.8,0.1579,0.2,0.5351,,0.4469,0.409,"2,4,5",1.0,1.0,1.0,1.0,1.0,0.6055,1.0,0.4,0.6474
2026-08-20,2805,ヱスビー食品,食料品,48.4,0.4,除外,0.9799,0.77,0.4012,0.2,0.0691,0.8541,1.0,0.2258,1.0,0.0,0.7482,0.3901,0.4667,0.0,0.6,0.2,0.2072,,0.0,0.0,"3,4,5",1.0,1.0,1.0,1.0,1.0,0.8391,1.0,1.0,0.0
2026-08-20,2809,キユーピー,食料品,55.6,0.4,除外,0.874,0.6203,0.5845,,0.1454,0.5153,0.74,0.2258,1.0,0.5677,0.1884,0.915,0.6667,,0.0526,0.2,0.0,,0.4363,0.0,"3,4,5",1.0,1.0,0.5,1.0,0.6572,0.8349,1.0,1.0,0.5455
2026-08-20,2810,ハウス食品グループ本社,食料品,58.2,0.6,監視,0.8487,0.6632,0.6402,0.2487,0.5094,0.6069,0.82,0.2258,1.0,0.4098,0.4165,0.9344,0.8,0.2,0.2632,0.2,0.5465,,0.0,0.9818,"4,5",1.0,1.0,1.0,1.0,1.0,0.6895,1.0,0.1,0.3316
2026-08-20,2811,カゴメ,食料品,21.31,0.0,除外,0.0,0.0,0.5553,,0.2972,,,,,0.3422,0.4387,0.9071,0.5333,0.2273,0.3158,0.2,0.0,0.1887,0.0,1.0,"1,2,3,4,5",,,,,,,,,
2026-08-20,2815,アリアケジャパン,食料品,24.56,0.2,除外,0.0,0.0,0.3779,,0.6043,,,,,0.4909,0.3677,0.6531,0.0,0.2273,0.0,1.0,1.0,0.132,0.3296,0.9558,"1,2,3,4",,,,,,,,,
2026-08-20,285A,キオクシアホールディングス,電気機器,48.13,0.4,除外,0.625,0.7339,0.2947,,0.2716,1.0,1.0,0.9355,0.0,0.169,0.294,0.7157,0.0,0.9545,0.8947,0.2,0.0,0.4235,0.5369,0.1261,"3,4,5",1.0,1.0,1.0,0.0,1.0,0.0,1.0,0.0,
2026-08-20,2871,ニチレイ,食料品,53.77,0.2,除外,0.9648,0.4442,0.4636,,0.2783,0.2509,0.3,0.2258,1.0,0.1464,0.5035,0.671,0.5333,,0.6842,0.2,0.0,,0.1401,0.6949,"2,3,4,5",1.0,1.0,1.0,1.0,1.0,0.7188,1.0,1.0,0.8364
2026-08-20,2874,横浜冷凍,卸売業,62.4,0.4,除外,0.8105,0.5766,0.5275,0.4348,0.7706,0.93,0.9892,0.3871,0.0,0.7625,0.3264,0.621,0.4,0.8182,0.4211,0.5,0.8557,0.5449,0.6818,1.0,"2,3,4",1.0,1.0,1.0,1.0,1.0,0.1837,1.0,0.3,0.0
2026-08-20,2875,東洋水産,食料品,32.82,0.0,除外,0.4059,0.2647,0.4159,,0.2264,0.3328,0.5,0.2258,0.0,0.3141,0.4281,0.7215,0.2,0.2273,0.0526,0.2,0.3135,0.1195,0.1258,0.3469,"1,2,3,4,5",0.0,0.5809,0.5,1.0,0.4315,0.435,0.0,0.3,
2026-08-20,287A,黒田グループ,卸売業,61.97,0.2,除外,1.0,0.5748,0.4481,,0.4558,0.4497,0.4624,0.3871,1.0,0.4829,0.5462,0.2299,0.5333,,0.3158,0.5,0.2507,0.6266,0.0786,0.8675,"2,3,4,5",1.0,1.0,1.0,1.0,1.0,1.0,1.0,1.0,
2026-08-20,2897,日清食品ホールディングス,食料品,37.61,0.2,除外,0.8054,0.0,0.4821,0.1722,0.4206,,,,,0.1084,0.4823,0.9377,0.4,0.1364,0.0526,0.5,0.1021,0.1077,0.4727,1.0,"2,3,4,5",1.0,0.8314,0.5,1.0,0.53,0.5822,1.0,1.0,0.0
2026-08-20,2908,フジッコ,食料品,19.74,0.0,除外,0.0,0.0,0.5281,0.1818,0.277,,,,,0.4183,0.3044,0.923,0.4667,0.2273,0.0,0.5,0.0,0.1313,0.0532,0.9237,"1,2,3,4,5",,,,,,,,,0.0
2026-08-20,290A,Ｓｙｎｓｐｅｃｔｉｖｅ,情報・通信業,57.69,0.4,除外,0.775,0.3084,0.6692,,0.5552,0.3894,0.812,0.0323,0.0,1.0,0.1576,0.9191,0.6,0.8182,0.2632,0.2,1.0,0.552,0.0,0.6688,"2,4,5",1.0,1.0,0.5,1.0,1.0,0.0,1.0,0.7,
2026-08-20,2914,日本たばこ産業,食料品,55.25,0.4,除外,0.9998,0.6969,0.4716,,0.0416,0.6418,0.92,0.2258,1.0,0.529,0.4387,0.7852,0.1333,,0.8947,0.2,0.1248,,0.0,0.0,"3,4,5",1.0,1.0,1.0,1.0,1.0,0.9983,1.0,1.0,0.0
2026-08-20,2918,わらべや日洋ホールディングス,食料品,34.54,0.2,除外,0.0,0.4402,0.2953,,0.646,0.3157,0.4,0.2258,0.8192,0.0,0.2738,0.5739,0.3333,0.1364,0.1579,0.5,0.924,0.1697,0.4904,1.0,"1,2,3,4",,,,,,,,,
2026-08-20,2931,ユーグレナ,食料品,27.54,0.2,除外,0.0,0.0,0.4265,,0.6752,,,,,0.4697,0.6093,0.0935,0.5333,0.0,0.1053,1.0,1.0,0.1282,0.5725,1.0,"1,2,3,4",,,,,,,,,
2026-08-20,2975,スター・マイカ・ホールディングス,不動産業,54.66,0.4,除外,0.7684,0.4768,0.5893,0.2145,0.6838,0.7692,0.9767,0.1613,0.0,0.4184,0.2709,0.8678,0.8,0.5,0.1579,0.2,1.0,0.2466,0.4887,1.0,"2,3,4",1.0,1.0,0.5,1.0,1.0,0.4475,0.5,0.7,0.0
2026-08-20,2980,ＳＲＥホールディングス,不動産業,34.47,0.4,除外,0.0,0.0,0.6426,,0.7361,,,,,0.8301,0.2619,0.745,0.7333,0.6818,0.1053,0.5,1.0,0.2044,0.7399,1.0,"1,2,4",,,,,,,,,
2026-08-20,2982,ＡＤワークスグループ,不動産業,44.53,0.4,除外,0.0,0.3852,0.7045,,0.6913,0.589,0.7907,0.1613,0.0,0.8975,0.4981,0.5558,0.8667,0.0,0.0,0.5,1.0,0.1261,0.7407,0.8983,"1,2,4",,,,,,,,,
2026-08-20,2986,ＬＡホールディングス,不動産業,29.58,0.0,除外,0.0,0.398,0.2552,,0.53,0.5934,0.8372,0.1613,0.0,0.5007,0.1676,0.0857,0.2667,0.0909,0.0526,0.5,0.2279,0.1404,0.8318,0.92,"1,2,3,4,5",,,,,,,,,
2026-08-20,3002,グンゼ,繊維製品,49.11,0.2,除外,0.8188,0.5147,0.4508,0.3097,0.3617,0.3269,0.3125,0.4194,1.0,0.1744,0.4137,0.5484,0.6667,0.2273,0.475,0.5,1.0,0.15,0.2509,0.0458,"2,3,4,5",1.0,0.8763,0.5,1.0,0.6044,0.5701,1.0,1.0,0.0364
2026-08-20,3003,ヒューリック,不動産業,50.48,0.0,除外,0.5126,0.4499,0.5734,,0.4831,0.4646,0.6047,0.1613,0.5691,0.6004,0.3752,0.9182,0.4,0.2273,0.3158,0.5,0.5018,0.1387,0.292,1.0,"1,2,3,4,5",0.0,1.0,0.5,1.0,0.6066,0.3943,0.5,0.1,
2026-08-20,3028,アルペン,小売業,19.92,0.2,除外,0.0,0.0,0.6613,0.3072,0.0278,,,,,0.8563,0.3402,0.582,0.8667,0.0,0.2105,1.0,0.0833,,0.0,0.0,"1,2,4,5",,,,,,,,,0.0182
2026-08-20,3034,クオールホールディングス,小売業,50.87,0.2,除外,0.9231,0.5227,0.3242,,0.265,0.3656,0.6609,0.0645,1.0,0.0,0.63,0.0,0.6667,,0.1579,1.0,0.7949,,0.0,0.0,"2,3,4,5",1.0,0.8848,0.5,1.0,1.0,1.0,1.0,1.0,0.4182
2026-08-20,3036,アルコニックス,卸売業,54.11,0.4,除外,0.9375,0.6577,0.31,,0.259,0.5987,0.6452,0.3871,1.0,0.0,0.7068,0.0,0.5333,,0.9,0.2,0.7366,0.2992,0.0,0.0,"3,4,5",1.0,1.0,0.5,1.0,1.0,1.0,1.0,1.0,0.1091
2026-08-20,3038,神戸物産,卸売業,23.26,0.0,除外,0.0,0.0,0.4837,,0.4466,,,,,0.419,0.3527,0.8963,0.2667,0.0,0.6316,0.2,0.5014,0.0934,0.1918,1.0,"1,2,3,4,5",,,,,,,,,
2026-08-20,3046,ジンズホールディングス,小売業,23.91,0.0,除外,0.0,0.0,0.2313,0.5085,0.4559,,,,,0.0234,0.1749,0.527,0.2,0.9091,0.925,0.2,0.0,0.4823,0.8991,0.4423,"1,2,3,4,5",,,,,,,,,0.0
2026-08-20,3048,ビックカメラ,小売業,30.27,0.2,除外,0.7204,0.0,0.2227,0.164,0.4062,,,,,0.0,0.4897,0.0678,0.3333,0.2273,0.2105,0.2,0.4723,0.4167,0.3333,0.4026,"2,3,4,5",1.0,0.8365,0.5,1.0,0.418,0.7091,1.0,0.3,0.0182
2026-08-20,3050,ＤＣＭホールディングス,小売業,50.98,0.4,除外,0.7629,0.3585,0.679,0.2683,0.4805,0.341,0.6435,0.0645,0.3849,0.7814,0.3473,0.9206,0.6667,0.1364,0.7368,0.2,0.4525,0.141,0.3284,1.0,"2,4,5",1.0,0.6074,0.5,1.0,0.3675,0.6282,1.0,1.0,0.0
2026-08-20,3064,ＭｏｎｏｔａＲＯ,小売業,23.43,0.0,除外,0.0,0.0,0.5265,,0.4109,,,,,0.4842,0.2335,0.8548,0.5333,0.0,0.0,0.2,1.0,0.0707,0.3284,0.2447,"1,2,3,4,5",,,,,,,,,
2026-08-20,3076,あい　ホールディングス,卸売業,49.0,0.2,除外,0.8642,0.3225,0.5913,,0.1823,0.3991,0.3656,0.3871,0.1382,0.7781,0.7974,0.5896,0.2,,0.5263,0.2,0.5468,,0.0,0.0,"2,3,4,5",1.0,0.7451,0.5,1.0,0.6857,0.9825,1.0,1.0,0.1636
2026-08-20,3086,Ｊ．フロント　リテイリング,小売業,54.61,0.6,監視,0.6528,0.6843,0.7028,0.4018,0.289,0.7424,0.9304,0.0645,1.0,1.0,0.7751,0.2362,0.8,0.4,0.0526,0.5,0.0,0.5074,0.3054,0.3431,"4,5",1.0,1.0,1.0,0.0,1.0,0.2226,1.0,0.0,0.6545
2026-08-20,3087,ドトール・日レスホールディングス,小売業,47.94,0.2,除外,0.9776,0.5097,0.4116,,0.0187,0.3395,0.6348,0.0645,1.0,0.0,0.5569,0.6895,0.4,,0.9,0.2,0.056,,0.0,0.0,"2,3,4,5",1.0,1.0,1.0,1.0,1.0,0.8212,1.0,1.0,0.4545
2026-08-20,3088,マツキヨココカラ＆カンパニー,小売業,29.8,0.2,除外,0.0,0.0,0.7174,,0.4748,,,,,0.8451,0.2949,0.8628,0.8667,0.0,0.0,1.0,0.7268,0.1248,0.3544,0.6932,"1,2,4,5",,,,,,,,,
2026-08-20,3091,ブロンコビリー,小売業,41.68,0.4,除外,0.8717,0.6022,0.4077,0.2026,0.0,0.5093,0.8348,0.0645,1.0,0.0,0.3131,0.7178,0.6,0.0,0.0,0.2,0.0,,0.0,0.0,"3,4,5",1.0,1.0,1.0,1.0,1.0,0.6732,1.0,0.3,0.6105
2026-08-20,3092,ＺＯＺＯ,小売業,30.91,0.2,除外,0.0,0.0,0.6696,,0.5669,,,,,1.0,0.4435,0.4348,0.8,0.0,0.2632,0.5,0.7161,0.1031,0.5065,0.9417,"1,2,4,5",,,,,,,,,
2026-08-20,3093,トレジャー・ファクトリー,小売業,58.35,0.2,除外,0.8857,0.5751,0.4907,0.4974,0.4688,0.4535,0.7826,0.0645,1.0,0.4267,0.5225,0.6801,0.3333,0.8,0.0,0.2,0.0,0.4444,0.8903,0.5404,"2,3,4,5",1.0,1.0,1.0,1.0,1.0,0.6859,1.0,0.4,0.9895
2026-08-20,3097,物語コーポレーション,小売業,61.01,0.4,除外,0.9888,0.6089,0.4618,,0.3808,0.519,0.8522,0.0645,1.0,0.8304,0.3104,0.3729,0.3333,,0.875,0.5,1.0,,0.1424,0.0,"3,4,5",1.0,1.0,1.0,1.0,1.0,0.9102,1.0,1.0,0.9579
2026-08-20,3099,三越伊勢丹ホールディングス,小売業,48.19,0.4,除外,0.6759,0.6437,0.1222,0.55,0.4175,0.831,0.9739,0.0645,0.7053,0.0,0.4888,0.0,0.0,1.0,0.4737,0.2,0.3889,0.1111,0.5152,0.6548,"3,4,5",1.0,1.0,1.0,0.0,1.0,0.4074,1.0,0.0,0.5263
2026-08-20,3101,東洋紡,化学,55.11,0.2,除外,0.7251,0.5941,0.4964,0.3672,0.573,0.8407,0.7938,0.7419,0.0,0.4808,0.14,0.898,0.4667,0.8636,0.1053,0.5,0.3895,0.2801,0.6222,1.0,"2,3,4,5",1.0,1.0,1.0,0.0,1.0,0.4005,1.0,0.4,0.0
2026-08-20,3103,ユニチカ,繊維製品,55.01,0.6,監視,0.775,0.6037,0.4667,0.2481,0.6568,0.9955,1.0,0.4194,0.0,0.0,1.0,0.0,0.8667,0.5455,0.2105,0.2,1.0,0.6274,0.0,1.0,"3,4",1.0,1.0,0.5,1.0,1.0,0.0,1.0,0.7,0.0364
2026-08-20,3104,富士紡ホールディングス,繊維製品,50.9,0.2,除外,0.5934,0.5576,0.724,0.3947,0.2752,0.8734,0.9375,0.4194,0.0,0.5873,0.6201,0.8887,0.8,0.8,0.5789,0.2,0.1359,0.2807,0.4372,0.2469,"1,2,4,5",1.0,1.0,1.0,0.0,1.0,0.2472,0.5,0.0,0.0
2026-08-20,3105,日清紡ホールディングス,電気機器,62.05,0.6,監視,0.9594,0.6513,0.6396,0.3026,0.5497,0.9196,0.75,0.9355,0.0,0.6445,0.4595,0.7213,0.7333,0.8,0.2105,0.2,0.2247,,0.4245,1.0,"4,5",1.0,1.0,1.0,1.0,1.0,0.9751,1.0,0.7,0.0
2026-08-20,3106,倉敷紡績,繊維製品,55.18,0.4,除外,0.927,0.4143,0.4573,0.2976,0.6628,0.5503,0.6875,0.4194,0.0,0.0,0.6901,0.4723,0.6667,0.7273,0.2632,0.2,0.6478,0.3914,0.6122,1.0,"2,3,4",1.0,1.0,1.0,1.0,1.0,0.716,1.0,0.7,0.0
2026-08-20,3107,ダイワボウホールディングス,卸売業,67.24,0.2,除外,1.0,0.5078,0.5938,,0.5878,0.5517,0.5806,0.3871,0.5119,0.7082,0.2562,0.9442,0.4667,,0.7895,0.2,0.7272,,0.0362,1.0,"2,3,4,5",1.0,1.0,1.0,1.0,1.0,1.0,1.0,1.0,0.8
2026-08-20,3110,日東紡績,ガラス・土石製品,53.28,0.4,除外,0.375,0.689,0.6778,,0.3894,0.9628,0.9545,0.8387,0.0,1.0,0.4188,0.7589,0.5333,0.6818,0.8,0.2,0.5233,0.296,0.5731,0.1651,"1,4,5",0.0,1.0,0.5,0.0,1.0,0.0,0.5,0.0,
2026-08-20,3116,トヨタ紡織,輸送用機器,32.11,0.0,除外,0.0,0.2789,0.4781,,0.5273,0.3641,0.3,0.4516,0.0,0.0,0.3013,0.9445,0.6667,0.1364,0.0,1.0,0.5046,0.1759,0.4287,1.0,"1,2,3,4,5",,,,,,,,,
2026-08-20,3132,マクニカホールディングス,卸売業,65.17,0.4,除外,0.9938,0.7642,0.5154,,0.3333,0.799,0.9247,0.3871,0.946,0.0,0.4973,0.8976,0.6667,,0.3158,0.2,0.0,,0.0,1.0,"3,4,5",1.0,1.0,1.0,1.0,1.0,0.9501,1.0,1.0,0.0
2026-08-20,3139,ラクト・ジャパン,卸売業,22.02,0.0,除外,0.0,0.0,0.412,,0.4688,,,,,0.0,0.3364,0.7118,0.6,0.2273,0.3158,1.0,0.7236,0.1516,0.0,1.0,"1,2,3,4,5",,,,,,,,,
2026-08-20,3148,クリエイトＳＤホールディングス,小売業,37.71,0.4,除外,0.7068,0.2668,0.7308,0.1726,0.0087,0.2993,0.5652,0.0645,0.1382,0.5761,0.4714,0.8757,1.0,0.2273,0.2632,0.2,0.026,,0.0,0.0,"2,4,5",1.0,0.6437,1.0,1.0,0.179,0.7315,1.0,0.1,0.0
2026-08-20,3150,グリムス,電気・ガス業,55.71,0.4,除外,0.3816,0.4973,0.6686,,0.681,0.3254,0.1905,0.5484,0.9251,0.8849,0.3717,0.751,0.6667,0.5,0.1579,0.2,1.0,0.1944,0.5297,1.0,"1,2,4",0.0,0.8024,0.5,1.0,0.3134,0.3371,0.0,0.1,
2026-08-20,3151,バイタルケーエスケー・ホールディングス,卸売業,55.74,0.4,除外,0.8836,0.4992,0.5331,0.2026,0.6685,0.58,0.6237,0.3871,0.4061,0.2962,0.3592,0.7438,0.7333,0.0,0.2632,0.2,1.0,,0.2609,0.7447,"2,3,4",1.0,1.0,1.0,1.0,1.0,0.7688,1.0,0.3,0.3474
2026-08-20,3156,レスター,卸売業,52.76,0.2,除外,1.0,0.5258,0.231,,0.3536,0.6657,0.7527,0.3871,0.2977,0.0,0.6574,0.0,0.2667,,0.0,0.5,0.0609,,0.0,1.0,"2,3,4,5",1.0,1.0,1.0,1.0,1.0,1.0,1.0,1.0,0.8316
2026-08-20,3167,ＴＯＫＡＩホールディングス,卸売業,52.06,0.2,除外,0.9079,0.4509,0.3702,,0.3534,0.3879,0.3226,0.3871,0.7061,0.1621,0.6484,0.0036,0.6667,,0.1579,0.2,0.259,,0.0,0.8011,"2,3,4,5",1.0,1.0,0.5,1.0,0.7857,0.9774,1.0,1.0,0.0
2026-08-20,3176,三洋貿易,卸売業,51.92,0.2,除外,1.0,0.5159,0.3627,,0.1983,0.3753,0.3011,0.3871,1.0,0.0,0.9841,0.0,0.4667,,0.875,1.0,0.2772,0.5159,0.0,0.0,"2,3,4,5",1.0,1.0,1.0,1.0,1.0,1.0,1.0,1.0,0.4182
2026-08-20,3186,ネクステージ,小売業,46.46,0.2,除外,0.7262,0.4778,0.3854,0.3413,0.3922,0.8555,0.9913,0.0645,0.0,0.4526,0.1184,0.6371,0.3333,0.9545,0.2105,0.2,0.2971,0.3889,0.883,0.0,"2,3,4,5",1.0,1.0,1.0,0.0,1.0,0.4097,1.0,0.4,0.0
2026-08-20,3191,ジョイフル本田,小売業,41.52,0.2,除外,0.7589,0.3921,0.5003,0.425,0.0,0.3112,0.6,0.0645,0.5925,1.0,0.0,0.801,0.2,0.0,0.2105,0.5,0.0,,0.0,0.0,"2,3,4,5",1.0,0.9919,1.0,1.0,0.3833,0.5959,1.0,0.1,0.9895
2026-08-20,3193,エターナルホスピタリティグループ,小売業,22.67,0.0,除外,0.0,0.0,0.3365,,0.5704,,,,,0.1523,0.0768,0.9837,0.1333,0.2727,0.1053,0.2,0.6124,0.176,0.493,1.0,"1,2,3,4,5",,,,,,,,,
2026-08-20,3196,ホットランドホールディングス,小売業,26.15,0.0,除外,0.0,0.0,0.5277,,0.5183,,,,,0.5112,0.294,0.639,0.6667,0.0,0.0,0.2,0.773,0.3,0.0,1.0,"1,2,3,4,5",,,,,,,,,
2026-08-20,3197,すかいらーくホールディングス,小売業,43.69,0.4,除外,0.7456,0.0,0.6604,0.3375,0.4411,,,,,1.0,0.3107,0.8642,0.4667,0.0,0.85,0.5,0.4157,0.0856,0.2633,1.0,"2,4,5",1.0,0.7076,0.0,1.0,0.7756,0.4817,1.0,1.0,0.0
2026-08-20,319A,技術承継機構,金属製品,67.41,0.4,除外,0.9899,0.8037,0.4721,,0.4308,0.9799,0.88,0.3548,1.0,0.1671,0.3785,0.9429,0.4,,0.3158,0.2,0.2925,,0.0,1.0,"3,4,5",1.0,1.0,1.0,1.0,1.0,0.9192,1.0,1.0,
2026-08-20,3201,日本毛織,繊維製品,60.59,0.4,除外,0.9136,0.5975,0.6615,0.4659,0.391,0.4706,0.5,0.4194,1.0,0.3718,0.5946,0.813,0.8667,0.2273,1.0,0.2,1.0,0.1481,0.4157,0.0,"2,4,5",1.0,1.0,0.5,1.0,1.0,0.8092,1.0,1.0,0.4364
2026-08-20,3222,ユナイテッド・スーパーマーケット・ホールディングス,小売業,15.93,0.0,除外,0.0,0.0,0.1244,,0.5127,,,,,0.0,0.2976,0.0,0.2,0.1364,0.0,1.0,0.419,0.1333,0.4984,1.0,"1,2,3,4,5",,,,,,,,,
2026-08-20,3231,野村不動産ホールディングス,不動産業,32.9,0.0,除外,0.1872,0.2542,0.3349,,0.5395,0.344,0.5116,0.1613,0.0,0.1934,0.168,0.5782,0.4,0.2273,0.3684,1.0,1.0,0.158,0.0,1.0,"1,2,3,4,5",0.0,0.5041,0.5,0.0,0.232,0.1618,0.0,0.1,
2026-08-20,3245,ディア・ライフ,不動産業,20.88,0.0,除外,0.0,0.0,0.2413,0.2632,0.5395,,,,,0.0,0.4983,0.0,0.4667,0.0,0.0526,1.0,0.9586,0.1283,0.5347,0.5364,"1,2,3,4,5",,,,,,,,,0.0
2026-08-20,3252,地主,不動産業,38.75,0.2,除外,0.0,0.3633,0.4466,,0.74,0.5711,0.7209,0.1613,0.0,0.7506,0.2554,0.447,0.3333,0.4545,0.1053,0.2,1.0,0.1387,0.8214,1.0,"1,2,3,4",,,,,,,,,
2026-08-20,325A,ＴＥＮＴＩＡＬ,繊維製品,34.84,0.2,除外,0.7398,0.0,0.4861,,0.1678,,,,,0.2919,0.8711,0.1813,0.6,0.2,0.3684,0.2,0.1028,,0.4005,0.0,"2,3,4,5",1.0,0.6283,0.5,1.0,1.0,0.4899,1.0,0.3,
2026-08-20,3284,フージャースホールディングス,不動産業,18.06,0.0,除外,0.0,0.0,0.3286,0.1722,0.4023,,,,,0.0427,0.4392,0.2326,0.6,0.1364,0.0526,0.5,1.0,0.1552,0.4539,0.0,"1,2,3,4,5",,,,,,,,,0.0
2026-08-20,3288,オープンハウスグループ,不動産業,41.88,0.2,除外,0.2736,0.3413,0.3841,,0.6762,0.5294,0.6744,0.1613,0.0,0.3924,0.5442,0.0,0.6,0.1818,0.0526,0.2,1.0,0.1041,0.6007,1.0,"1,2,3,4",0.0,1.0,0.5,0.0,0.6886,0.0,0.0,0.0,
2026-08-20,3289,東急不動産ホールディングス,不動産業,52.81,0.4,除外,0.4968,0.3351,0.6729,,0.6074,0.5279,0.6512,0.1613,0.0,0.6958,0.5315,0.8644,0.6,0.2273,0.3158,0.2,1.0,0.1347,0.2947,1.0,"1,2,4",0.0,0.8956,0.5,1.0,0.639,0.3401,0.5,0.1,
2026-08-20,3291,飯田グループホールディングス,不動産業,36.66,0.0,除外,0.0,0.4437,0.4369,,0.586,0.2934,0.3721,0.1613,0.948,0.3253,0.4986,0.3237,0.6,0.2273,0.0526,0.2,0.7753,0.1569,0.4118,1.0,"1,2,3,4,5",,,,,,,,,
2026-08-20,3299,ムゲンエステート,不動産業,29.54,0.0,除外,0.0,0.4084,0.2412,,0.5319,0.2398,0.2326,0.1613,1.0,0.3169,0.3144,0.0,0.3333,0.2273,0.2105,1.0,1.0,0.1275,0.0,1.0,"1,2,3,4,5",,,,,,,,,
2026-08-20,3302,帝国繊維,繊維製品,54.43,0.4,除外,0.801,0.4752,0.2842,0.3432,0.8181,0.4914,0.5625,0.4194,0.4276,0.0,0.2589,0.478,0.4,0.0,0.0,0.5,1.0,0.4444,0.8279,1.0,"2,3,4",1.0,0.6488,0.5,1.0,0.8671,0.6923,1.0,0.7,0.8727
2026-08-20,3315,日本コークス工業,石油・石炭製品,41.55,0.0,除外,0.5219,0.2313,0.3139,,0.5948,0.4438,0.25,,0.0,0.121,0.3786,0.4228,0.3333,0.2273,0.3158,0.5,0.8965,0.1468,0.336,1.0,"1,2,3,4,5",0.0,0.5242,0.5,1.0,0.6513,0.0,0.5,1.0,
2026-08-20,3333,あさひ,小売業,32.27,0.0,除外,0.0,0.4104,0.5735,0.2432,0.3864,0.2278,0.4522,0.0645,0.8972,0.3901,0.485,0.8191,0.6,0.4545,0.0,0.5,0.1405,0.2268,0.3266,0.8516,"1,2,3,4,5",,,,,,,,,0.0182
2026-08-20,3349,コスモス薬品,小売業,21.04,0.0,除外,0.0,0.0,0.4645,,0.377,,,,,0.1694,0.4252,0.8634,0.4,0.0,0.0526,0.5,0.1212,0.2369,0.2337,0.9163,"1,2,3,4,5",,,,,,,,,
2026-08-20,3350,メタプラネット,卸売業,33.68,0.4,除外,0.0,0.0,0.7386,,0.6087,,,,,0.8088,0.3678,0.9112,0.8667,0.0,0.4737,1.0,0.5452,0.1365,0.7529,1.0,"1,2,4",,,,,,,,,
2026-08-20,3360,シップヘルスケアホールディングス,卸売業,51.61,0.0,除外,0.3864,0.5343,0.5715,,0.5722,0.3954,0.3548,0.3871,1.0,0.6022,0.4745,0.7425,0.4667,0.2273,0.1579,0.2,1.0,0.1343,0.3637,0.7907,"1,2,3,4,5",0.0,0.8125,0.0,1.0,0.6314,0.3471,0.0,0.3,
2026-08-20,3382,セブン＆アイ・ホールディングス,小売業,28.07,0.0,除外,0.5046,0.0,0.288,,0.3303,,,,,0.0466,0.2667,0.8386,0.0,0.1364,0.2632,0.2,0.2725,0.1461,0.3209,0.5817,"1,2,3,4,5",0.0,0.8197,0.0,1.0,0.4298,0.4872,1.0,0.3,
2026-08-20,3387,クリエイト・レストランツ・ホールディングス,小売業,34.97,0.2,除外,0.6259,0.5255,0.2342,0.2085,0.1543,0.3678,0.6696,0.0645,1.0,0.0055,0.378,0.5534,0.0,0.0,0.3158,0.5,0.0,0.1111,0.4463,0.0599,"2,3,4,5",1.0,0.5285,0.0,1.0,0.4203,0.7582,1.0,0.3,0.0182
2026-08-20,3391,ツルハホールディングス,小売業,54.11,0.2,除外,0.5038,0.4564,0.7452,,0.459,0.2569,0.5043,0.0645,1.0,0.6544,0.6079,0.8518,0.8667,0.0,0.2632,0.2,0.9016,0.157,0.7772,0.0,"1,2,4,5",0.0,0.6005,0.0,1.0,0.8762,0.2537,1.0,0.3,
2026-08-20,3395,サンマルクホールディングス,小売業,24.12,0.0,除外,0.0,0.2517,0.2284,,0.4848,0.3336,0.6087,0.0645,0.0,0.0,0.2468,0.0,0.6667,0.2727,0.0,1.0,0.8571,0.0821,0.0,1.0,"1,2,3,4,5",,,,,,,,,
2026-08-20,3397,トリドールホールディングス,小売業,18.82,0.0,除外,0.0,0.0,0.5053,0.0632,0.3727,,,,,0.6758,0.2672,0.6116,0.4667,0.0,0.0526,0.2,0.3183,,0.1323,0.6676,"1,2,3,4,5",,,,,,,,,0.0
2026-08-20,3399,丸千代山岡家,小売業,60.92,0.4,除外,0.9725,0.6357,0.49,0.4477,0.5002,0.5912,0.887,0.0645,1.0,0.3697,0.4163,0.9075,0.2667,0.2273,0.0,1.0,0.5239,0.1641,0.7488,0.5639,"3,4,5",1.0,1.0,1.0,1.0,1.0,0.78,1.0,1.0,0.5636
2026-08-20,3401,帝人,繊維製品,66.21,0.4,除外,0.9926,0.6281,0.5938,,0.4337,0.6225,0.8125,0.4194,0.6581,0.3544,0.5984,0.6226,0.8,,0.1579,0.2,1.0,0.3333,0.4017,0.0,"3,4,5",1.0,1.0,1.0,1.0,1.0,0.9407,1.0,1.0,0.3368
2026-08-20,3402,東レ,繊維製品,53.14,0.2,除外,0.9931,0.5567,0.2426,,0.3333,0.4326,0.375,0.4194,1.0,0.0,0.3836,0.0535,0.5333,,0.2632,0.5,1.0,,0.0,0.0,"2,3,4,5",1.0,1.0,1.0,1.0,1.0,0.9447,1.0,1.0,0.4368
2026-08-20,3405,クラレ,化学,37.31,0.2,除外,0.9486,0.0,0.1942,0.4074,0.3153,,,,,0.1146,0.3955,0.0,0.2667,0.0,0.975,0.2,0.6367,,0.3091,0.0,"2,3,4,5",1.0,0.9362,1.0,1.0,0.8023,0.8506,1.0,1.0,0.4545
2026-08-20,3407,旭化成,化学,47.43,0.2,除外,0.6977,0.5734,0.3344,0.3908,0.3754,0.8094,0.7423,0.7419,0.0,0.0333,0.2865,0.6177,0.4,0.8,0.2632,0.5,0.3904,0.1111,0.0,1.0,"2,3,4,5",1.0,1.0,1.0,0.0,1.0,0.5813,1.0,0.0,0.0
2026-08-20,3415,ＴＯＫＹＯ　ＢＡＳＥ,小売業,32.92,0.4,除外,0.0,0.0,0.647,,0.6696,,,,,0.9211,0.7416,0.192,0.7333,0.0,0.4211,1.0,0.6126,0.3856,0.6803,1.0,"1,2,4",,,,,,,,,
2026-08-20,3431,宮地エンジニアリンググループ,金属製品,36.86,0.4,除外,0.0,0.0,0.7452,,0.7293,,,,,0.8395,0.5115,0.6296,1.0,0.0909,0.9,1.0,1.0,0.1244,0.7928,1.0,"1,2,4",,,,,,,,,
2026-08-20,3433,トーカロ,金属製品,47.4,0.2,除外,0.6726,0.4695,0.3743,0.4522,0.4012,0.7632,0.76,0.3548,0.0,0.0,0.135,0.8955,0.4667,0.9545,0.2632,0.5,0.1789,0.3775,0.5008,0.5476,"2,3,4,5",1.0,1.0,1.0,0.0,1.0,0.4808,0.5,0.4,0.0909
2026-08-20,3436,ＳＵＭＣＯ,金属製品,47.38,0.2,除外,0.675,0.5659,0.3321,0.2987,0.4975,0.9888,0.92,0.3548,0.0,0.1573,0.3593,0.8117,0.0,0.6,0.0,0.2,0.0,0.528,0.462,1.0,"2,3,4,5",1.0,1.0,1.0,0.0,1.0,0.0,1.0,0.4,0.3947
2026-08-20,3443,川田テクノロジーズ,金属製品,41.84,0.2,除外,0.0,0.4633,0.4889,,0.7213,0.2584,0.24,0.3548,1.0,0.4888,0.3977,0.2689,0.8,0.2273,0.2105,0.2,1.0,0.1499,0.7351,1.0,"1,2,3,4",,,,,,,,,
2026-08-20,3445,ＲＳ　Ｔｅｃｈｎｏｌｏｇｉｅｓ,金属製品,49.07,0.2,除外,0.675,0.5303,0.2472,0.5132,0.4881,0.9263,0.84,0.3548,0.0,0.0,0.3467,0.4422,0.2,0.8,0.2105,0.2,0.0,0.5946,0.3577,1.0,"2,3,4,5",1.0,1.0,1.0,0.0,1.0,0.0,1.0,0.4,0.8421
2026-08-20,3449,テクノフレックス,金属製品,42.61,0.0,除外,0.5625,0.5867,0.2016,0.5105,0.2692,0.9918,1.0,0.3548,0.0,0.0,0.1674,0.639,0.0,1.0,0.8421,0.2,0.0,0.4444,0.6325,0.0,"1,2,3,4,5",1.0,1.0,1.0,0.0,1.0,0.0,0.5,0.0,0.0
2026-08-20,3457,Ａｎｄ　Ｄｏホールディングス,不動産業,26.83,0.0,除外,0.0,0.0,0.4914,,0.582,,,,,0.649,0.0,0.9832,0.3333,0.2273,0.0,0.5,0.933,0.25,0.8097,0.3354,"1,2,3,4,5",,,,,,,,,
2026-08-20,3465,ケイアイスター不動産,不動産業,53.89,0.4,除外,0.9341,0.4633,0.4974,0.1086,0.6913,0.7185,0.9302,0.1613,0.0429,0.1228,1.0,0.0,0.8667,0.1818,0.0526,0.2,1.0,0.135,0.6727,0.9574,"2,3,4",1.0,1.0,1.0,1.0,1.0,0.7727,1.0,0.7,0.0
2026-08-20,3475,グッドコムアセット,不動産業,53.49,0.8,本命,0.0,0.6057,0.6523,0.6659,0.7506,0.5637,0.6977,0.1613,1.0,0.7276,0.2533,0.8949,0.7333,0.4545,0.7,1.0,1.0,0.2225,0.7798,1.0,1,,,,,,,,,0.5091
2026-08-20,3479,ティーケーピー,不動産業,58.25,0.4,除外,0.398,0.4329,0.7803,,0.7188,0.2681,0.3023,0.1613,1.0,1.0,0.9285,0.326,0.8667,0.0909,0.1053,0.5,0.9588,0.3279,0.5913,0.9971,"1,2,4",0.0,0.517,0.5,1.0,0.8147,0.0525,0.0,0.3,
2026-08-20,3480,ジェイ・エス・ビー,不動産業,86.76,0.8,本命,0.8653,0.7672,0.8379,,1.0,0.9077,1.0,0.1613,1.0,1.0,0.8998,0.7853,0.6667,,0.1053,0.2,1.0,,1.0,1.0,4,1.0,1.0,1.0,1.0,1.0,0.8223,1.0,0.1,0.8
2026-08-20,3482,ロードスターキャピタル,不動産業,29.51,0.0,除外,0.0,0.1369,0.4512,,0.5921,0.2003,0.186,0.1613,0.0,0.8222,0.2272,0.6888,0.0667,0.2273,0.4211,0.5,0.4561,0.1944,0.7179,1.0,"1,2,3,4,5",,,,,,,,,
2026-08-20,3491,ＧＡ　ｔｅｃｈｎｏｌｏｇｉｅｓ,不動産業,25.96,0.2,除外,0.0,0.0,0.725,,0.3134,,,,,1.0,0.5965,0.7034,0.6,0.0,0.4211,1.0,0.4922,0.1501,0.0308,0.5806,"1,2,4,5",,,,,,,,,
2026-08-20,3496,アズーム,不動産業,35.72,0.2,除外,0.0,0.4696,0.6868,0.2375,0.3919,0.2986,0.4186,0.1613,1.0,0.7206,0.5087,0.8512,0.6667,0.0,0.75,0.2,0.8398,0.1316,0.5962,0.0,"1,2,4,5",,,,,,,,,0.0
2026-08-20,3498,霞ヶ関キャピタル,不動産業,22.64,0.0,除外,0.0,0.0,0.5349,0.4506,0.1466,,,,,0.692,0.1894,0.9249,0.3333,0.0,0.675,1.0,0.2452,0.2053,0.0,0.1359,"1,2,3,4,5",,,,,,,,,0.1273
2026-08-20,3539,ＪＭホールディングス,小売業,19.93,0.0,除外,0.0,0.0,0.2955,,0.5018,,,,,0.0,0.5065,0.5421,0.1333,0.0455,0.9474,0.2,0.56,0.0952,0.3521,1.0,"1,2,3,4,5",,,,,,,,,
2026-08-20,3543,コメダホールディングス,卸売業,23.35,0.0,除外,0.0,0.0,0.3939,,0.5401,,,,,0.3042,0.3431,0.5948,0.3333,0.5455,0.0,0.5,0.525,0.2333,0.4022,1.0,"1,2,3,4,5",,,,,,,,,
2026-08-20,3549,クスリのアオキホールディングス,小売業,46.06,0.4,除外,0.708,0.4398,0.6792,0.2864,0.1897,0.2338,0.4609,0.0645,1.0,0.5597,0.5924,0.8315,0.7333,0.0,0.8,0.2,0.2026,0.1176,0.394,0.0445,"2,4,5",1.0,0.6866,0.0,1.0,0.5948,0.3829,1.0,1.0,0.1455
2026-08-20,3558,ジェイドグループ,小売業,58.58,0.6,監視,0.8182,0.3176,0.6398,0.3489,0.8043,0.4408,0.7652,0.0645,0.0,0.5279,0.4446,0.6536,0.9333,0.7727,0.3684,0.2,1.0,0.5708,0.6465,1.0,"2,4",1.0,1.0,0.5,1.0,1.0,0.0459,1.0,1.0,0.0545
2026-08-20,3563,ＦＯＯＤ　＆　ＬＩＦＥ　ＣＯＭＰＡＮＩＥＳ,小売業,60.16,0.4,除外,0.9943,0.649,0.3941,,0.3688,0.6359,0.8957,0.0645,1.0,0.5482,0.3489,0.2794,0.4,,0.8421,0.2,0.6296,,0.4766,0.0,"3,4,5",1.0,1.0,1.0,1.0,1.0,0.9548,1.0,1.0,0.0
2026-08-20,3569,セーレン,繊維製品,44.55,0.2,除外,0.9359,0.4431,0.3273,0.1908,0.3303,0.6031,0.75,0.4194,0.0,0.0,0.6426,0.0,0.6667,0.2273,0.2632,0.2,0.8574,0.294,0.0,0.1699,"2,3,4,5",1.0,0.9189,1.0,1.0,1.0,0.8687,1.0,0.7,0.0727
2026-08-20,3591,ワコールホールディングス,繊維製品,23.14,0.2,除外,0.0,0.0,0.2403,,0.6853,,,,,0.0601,0.1679,0.0,0.7333,0.0,0.3684,0.5,1.0,0.1314,0.6097,1.0,"1,2,3,4",,,,,,,,,
2026-08-20,3608,ＴＳＩホールディングス,繊維製品,64.6,0.6,監視,0.8334,0.4432,0.7575,0.4732,0.7227,0.3105,0.25,0.4194,0.7931,0.6967,0.6432,0.7568,0.9333,0.5455,0.3158,0.2,1.0,0.2209,0.6698,1.0,"2,4",1.0,1.0,1.0,1.0,1.0,0.3674,1.0,0.3,0.8316
2026-08-20,3612,ワールド,繊維製品,52.23,0.4,除外,0.9504,0.6364,0.175,0.3023,0.5473,0.5011,0.625,0.4194,1.0,0.009,0.4242,0.0,0.2667,0.2273,0.0,0.2,0.636,0.3599,0.868,0.3252,"3,4,5",1.0,1.0,1.0,1.0,0.7335,0.8694,1.0,1.0,0.7818
2026-08-20,3626,ＴＩＳ,情報・通信業,25.63,0.2,除外,0.0,0.0,0.6812,,0.3438,,,,,1.0,0.1352,0.7896,0.8,0.0,0.8947,0.2,0.9161,0.113,0.3463,0.0,"1,2,4,5",,,,,,,,,
2026-08-20,3632,グリーホールディングス,情報・通信業,28.61,0.2,除外,0.0,0.0,0.4973,,0.647,,,,,0.6782,0.5366,0.3742,0.4,,0.5263,1.0,1.0,0.5653,0.0229,1.0,"1,2,3,4",,,,,,,,,0.0182
2026-08-20,3635,コーエーテクモホールディングス,情報・通信業,26.61,0.0,除外,0.0,0.0,0.5463,,0.5182,,,,,0.0943,0.4732,0.8843,0.7333,0.0,0.5263,0.2,0.5243,0.1439,0.4046,1.0,"1,2,3,4,5",,,,,,,,,
2026-08-20,3636,三菱総合研究所,情報・通信業,22.52,0.0,除外,0.0,0.2375,0.5075,0.0727,0.308,0.2457,0.6581,0.0323,0.0139,0.4275,0.0911,0.9115,0.6,0.0909,0.0,0.2,0.717,0.1487,0.3299,0.0364,"1,2,3,4,5",,,,,,,,,0.0
2026-08-20,3656,ＫＬａｂ,情報・通信業,56.5,0.4,除外,0.2972,0.4584,0.796,,0.7085,0.8354,0.9658,0.0323,0.0,0.9595,0.5785,0.8459,0.8,0.0,0.0526,1.0,1.0,0.3217,0.5123,1.0,"1,2,4",0.0,0.7779,0.5,0.0,1.0,0.0,0.0,0.1,
2026-08-20,3659,ネクソン,情報・通信業,30.58,0.0,除外,0.0,0.0,0.5255,0.4737,0.5298,,,,,0.378,0.3438,0.9134,0.4667,0.0,0.8947,1.0,1.0,0.1192,0.0,1.0,"1,2,3,4,5",,,,,,,,,0.0
2026-08-20,3660,アイスタイル,情報・通信業,27.27,0.2,除外,0.0,0.0,0.4523,,0.6386,,,,,0.3259,0.6157,0.001,0.8667,,0.925,1.0,1.0,0.5546,0.0,1.0,"1,2,3,4",,,,,,,,,0.0
2026-08-20,3661,エムアップホールディングス,情報・通信業,31.78,0.2,除外,0.0,0.0,0.8572,0.3097,0.4221,,,,,1.0,0.6811,0.9478,0.8,0.0,0.6842,0.5,1.0,0.1256,0.4368,0.1261,"1,2,4,5",,,,,,,,,0.0545
2026-08-20,3663,セルシス,情報・通信業,61.19,0.6,監視,0.8121,0.6141,0.5424,0.6536,0.4374,0.5525,0.8718,0.0323,1.0,0.5749,0.2716,0.9898,0.3333,0.6,0.1053,1.0,0.0,0.3883,0.3615,1.0,"3,5",1.0,0.6128,0.5,1.0,1.0,0.6844,1.0,0.7,0.9091
2026-08-20,3668,コロプラ,情報・通信業,27.25,0.0,除外,0.0,0.0,0.5392,,0.5509,,,,,0.5019,0.46,0.7283,0.4667,0.0,0.5263,1.0,0.7134,0.1896,0.3006,1.0,"1,2,3,4,5",,,,,,,,,
2026-08-20,3673,ブロードリーフ,情報・通信業,50.22,0.4,除外,0.9148,0.3292,0.1268,0.4519,0.6881,0.4468,0.8376,0.0323,0.0,0.0,0.1074,0.0,0.4,0.3636,0.7895,0.2,1.0,0.4444,0.9066,0.4014,"2,3,4",1.0,1.0,1.0,1.0,1.0,0.3186,1.0,1.0,0.4545
2026-08-20,3687,フィックスターズ,情報・通信業,56.72,0.6,監視,0.675,0.3145,0.3727,0.6522,0.8215,0.4051,0.8205,0.0323,0.0,1.0,0.0909,0.0,0.4,0.8636,0.2632,0.5,0.8227,0.7453,0.7181,1.0,"2,3",1.0,1.0,1.0,0.0,1.0,0.0,1.0,0.4,0.9818
2026-08-20,368A,北里コーポレーション,精密機器,22.42,0.0,除外,0.0,0.0,0.5482,,0.3487,,,,,0.0535,0.8076,0.5318,0.8,0.0,0.725,0.5,0.8457,0.3254,0.0,0.2238,"1,2,3,4,5",,,,,,,,,
2026-08-20,3692,ＦＦＲＩセキュリティ,情報・通信業,36.05,0.2,除外,0.0,0.2094,0.4792,,0.7533,0.207,0.5983,0.0323,0.0,0.8454,0.1386,0.333,0.6,0.0909,0.3158,1.0,1.0,0.2961,0.7171,1.0,"1,2,3,4",,,,,,,,,
2026-08-20,3696,セレス,情報・通信業,34.05,0.2,除外,0.0,0.0,0.5201,0.3489,0.8336,,,,,0.3399,0.7482,0.1922,0.8,0.0,0.3684,0.5,1.0,,0.9255,0.5754,"1,2,3,4",,,,,,,,,0.5273
2026-08-20,3697,ＳＨＩＦＴ,情報・通信業,22.67,0.0,除外,0.0,0.0,0.583,0.3896,0.1607,,,,,0.2695,0.4782,0.7841,0.8,0.0,0.8947,0.5,0.4941,0.1487,0.0,0.0,"1,2,3,4,5",,,,,,,,,0.1636
2026-08-20,3741,セック,情報・通信業,55.75,0.6,監視,0.7313,0.3252,0.6479,0.294,0.7892,0.4393,0.8291,0.0323,0.0,1.0,0.231,0.6938,0.6667,0.8182,0.1579,0.2,1.0,0.5556,0.6014,1.0,"2,4",1.0,1.0,0.5,1.0,1.0,0.1501,0.5,0.7,0.0
2026-08-20,3762,テクマトリックス,情報・通信業,19.49,0.0,除外,0.0,0.0,0.44,0.2969,0.2376,,,,,0.1284,0.4087,0.623,0.6,0.0,0.8421,0.2,0.7013,0.2491,0.0,0.0,"1,2,3,4,5",,,,,,,,,0.1455
2026-08-20,3765,ガンホー・オンライン・エンターテイメント,情報・通信業,31.3,0.2,除外,0.0,0.0,0.6531,,0.5988,,,,,0.3986,0.4903,0.8569,0.8667,0.0,0.0526,0.2,0.9389,0.1245,0.3317,1.0,"1,2,4,5",,,,,,,,,
2026-08-20,3769,ＧＭＯペイメントゲートウェイ,情報・通信業,60.39,0.6,監視,0.9319,0.5126,0.7328,0.2213,0.6208,0.3001,0.7179,0.0323,1.0,0.964,0.3052,0.8619,0.8,0.0,0.1579,0.2,1.0,,0.8624,0.0,"2,4",1.0,1.0,0.5,1.0,1.0,0.9552,1.0,1.0,0.5273
2026-08-20,3774,インターネットイニシアティブ,情報・通信業,66.96,0.4,除外,0.9824,0.594,0.5793,0.4,0.7924,0.4892,0.8547,0.0323,1.0,0.6857,0.3175,0.5806,0.7333,0.0,0.2105,0.5,0.6297,,0.9566,0.791,"2,3,4",1.0,1.0,1.0,1.0,1.0,0.859,1.0,1.0,0.8895
2026-08-20,3778,さくらインターネット,情報・通信業,28.34,0.2,除外,0.0,0.0,0.6353,,0.4981,,,,,0.0,1.0,0.6745,0.8667,,0.4737,0.5,0.7137,0.2788,0.0,1.0,"1,2,4,5",,,,,,,,,0.0909
2026-08-20,3817,ＳＲＡホールディングス,情報・通信業,20.85,0.0,除外,0.0,0.252,0.301,,0.2809,0.2092,0.6068,0.0323,0.1598,0.0,0.3263,0.6109,0.2667,0.0,0.8421,0.2,0.7272,0.1591,0.2374,0.0,"1,2,3,4,5",,,,,,,,,
2026-08-20,3844,コムチュア,情報・通信業,22.85,0.0,除外,0.0,0.0,0.4963,,0.4177,,,,,0.4819,0.4914,0.4117,0.6,0.0,0.9474,1.0,1.0,0.1521,0.3637,0.1549,"1,2,3,4,5",,,,,,,,,
2026-08-20,3853,アステリア,情報・通信業,41.46,0.2,除外,0.0,0.4464,0.6168,,0.5954,0.8131,0.9402,0.0323,0.0,1.0,0.1521,0.3818,0.9333,0.7727,0.1579,0.5,1.0,0.3889,0.7043,0.2884,"1,2,4,5",,,,,,,,,
2026-08-20,3854,アイル,情報・通信業,21.15,0.2,除外,0.0,0.0,0.251,0.125,0.6817,,,,,0.3289,0.5308,0.0775,0.0667,0.0,0.0,0.5,0.6745,0.5128,0.5395,1.0,"1,2,3,4",,,,,,,,,0.0
2026-08-20,3861,王子ホールディングス,パルプ・紙,58.1,0.4,除外,0.8292,0.5412,0.6498,0.3659,0.5191,0.3619,0.2222,0.5806,1.0,0.5906,0.4765,0.932,0.6,0.2273,0.8,0.2,0.9916,0.1489,0.6655,0.2703,"2,4,5",1.0,0.934,0.5,1.0,0.6545,0.5453,1.0,1.0,0.2364
2026-08-20,3863,日本製紙,パルプ・紙,58.28,0.4,除外,0.859,0.6755,0.5554,0.3285,0.4955,0.5659,0.5556,0.5806,1.0,0.5278,0.1996,0.8941,0.6,0.2,0.3684,0.2,1.0,0.3357,0.3076,0.3386,"3,4,5",1.0,1.0,1.0,1.0,1.0,0.5723,1.0,0.3,0.5455
2026-08-20,3864,三菱製紙,パルプ・紙,66.09,0.6,監視,0.9698,0.7132,0.3194,,0.6411,0.7885,0.7778,0.5806,0.706,0.0,0.2051,0.606,0.4667,,0.7895,0.2,0.2431,,0.6802,1.0,"3,4",1.0,1.0,1.0,1.0,1.0,0.7586,1.0,1.0,0.6316
2026-08-20,3865,北越コーポレーション,パルプ・紙,28.38,0.2,除外,0.0,0.0,0.4997,,0.6354,,,,,0.5448,0.2776,0.443,0.7333,0.2273,0.3158,0.5,0.9994,0.1331,0.7516,0.6575,"1,2,3,4",,,,,,,,,
2026-08-20,3880,大王製紙,パルプ・紙,50.78,0.4,除外,0.6506,0.4671,0.5645,0.1331,0.7236,0.4356,0.3333,0.5806,0.5189,0.5268,0.332,0.7326,0.6667,0.2273,0.1053,0.2,1.0,0.2589,0.7654,0.8702,"2,3,4",1.0,1.0,0.5,1.0,0.656,0.2487,0.5,0.3,0.0
2026-08-20,3891,ニッポン高度紙工業,パルプ・紙,56.44,0.6,監視,0.675,0.6426,0.7098,0.3281,0.4666,0.9896,1.0,0.5806,0.0,1.0,0.6232,0.9494,0.2667,0.9545,0.1579,0.2,0.0,0.5956,0.5995,0.6712,"4,5",1.0,1.0,1.0,0.0,1.0,0.0,1.0,0.4,0.0
2026-08-20,3905,データセクション,情報・通信業,38.08,0.0,除外,0.3277,0.4607,0.5734,,0.1615,0.8362,0.9744,0.0323,0.0,0.65,0.6131,0.3639,0.6667,0.8182,0.825,1.0,0.0,0.4417,0.2043,0.0,"1,2,3,4,5",0.0,0.6213,1.0,0.0,1.0,0.0,0.0,0.0,
2026-08-20,3915,テラスカイ,情報・通信業,45.71,0.4,除外,0.7299,0.0,0.5065,0.3636,0.6853,,,,,1.0,0.4925,0.0,0.5333,0.8636,0.0,0.5,0.7693,0.5556,0.4163,1.0,"2,3,4",1.0,0.6396,0.5,1.0,1.0,0.0,1.0,0.7,0.0909
2026-08-20,3923,ラクス,情報・通信業,33.17,0.4,除外,0.0,0.0,0.6797,0.2356,0.7429,,,,,1.0,0.3029,0.6828,0.7333,0.0,0.5789,0.2,0.773,,0.4557,1.0,"1,2,4",,,,,,,,,0.1636
2026-08-20,3932,アカツキ,情報・通信業,59.32,0.4,除外,1.0,0.2022,0.5449,,0.6255,0.204,0.5726,0.0323,0.0,0.3131,1.0,0.0,0.8667,,0.5789,0.5,1.0,0.4444,0.0576,1.0,"2,3,4",1.0,1.0,1.0,1.0,1.0,1.0,1.0,1.0,0.9737
2026-08-20,3941,レンゴー,パルプ・紙,70.85,0.6,監視,1.0,0.8169,0.3746,,0.6424,0.7982,0.8889,0.5806,1.0,0.0,0.4106,0.6209,0.4667,,1.0,1.0,0.8766,,0.0505,1.0,"3,4",1.0,1.0,1.0,1.0,1.0,1.0,1.0,1.0,0.0
2026-08-20,3946,トーモク,パルプ・紙,62.95,0.4,除外,1.0,0.7243,0.3526,,0.4409,0.65,0.6667,0.5806,1.0,0.0,0.6151,0.3288,0.4667,,0.85,0.2,0.7927,,0.5301,0.0,"3,4,5",1.0,1.0,1.0,1.0,1.0,1.0,1.0,1.0,0.0
2026-08-20,3950,ザ・パック,パルプ・紙,70.05,0.6,監視,0.9074,0.6332,0.7109,,0.5506,0.5078,0.4444,0.5806,1.0,1.0,0.5175,0.7261,0.6,,0.1053,0.2,0.8866,,0.765,0.0,"4,5",1.0,1.0,1.0,1.0,0.9865,0.9729,1.0,0.3,0.7455
2026-08-20,3962,チェンジホールディングス,情報・通信業,16.14,0.0,除外,0.0,0.0,0.2599,,0.3858,,,,,0.0099,0.171,0.5254,0.3333,0.0,0.5263,1.0,0.7812,0.1294,0.4224,0.2101,"1,2,3,4,5",,,,,,,,,
2026-08-20,3964,オークネット,情報・通信業,54.47,0.4,除外,0.9615,0.4387,0.35,0.2958,0.6776,0.7908,0.9316,0.0323,0.0,0.0,1.0,0.0,0.4,0.7727,0.2105,0.2,1.0,0.4151,0.2954,1.0,"2,3,4",1.0,1.0,1.0,1.0,1.0,0.6921,1.0,1.0,0.0
2026-08-20,3984,ユーザーローカル,情報・通信業,21.67,0.0,除外,0.0,0.2193,0.2484,,0.3991,0.2211,0.6239,0.0323,0.0,0.371,0.1558,0.0,0.4667,0.0,0.0,1.0,0.4583,0.138,0.0,1.0,"1,2,3,4,5",,,,,,,,,
2026-08-20,3993,ＰＫＳＨＡ　Ｔｅｃｈｎｏｌｏｇｙ,情報・通信業,27.48,0.2,除外,0.0,0.0,0.3934,0.2039,0.7769,,,,,0.1113,0.6623,0.0,0.8,0.0,0.3158,0.5,1.0,0.3537,0.754,1.0,"1,2,3,4",,,,,,,,,0.0
2026-08-20,3994,マネーフォワード,情報・通信業,33.47,0.0,除外,0.0,0.4724,0.4729,,0.3934,0.2249,0.6325,0.0323,1.0,0.0189,0.5639,0.5754,0.7333,,0.1053,1.0,0.6065,,0.5736,0.0,"1,2,3,4,5",,,,,,,,,0.4545
2026-08-20,4004,レゾナック・ホールディングス,化学,52.34,0.4,除外,0.8858,0.6831,0.4479,0.2809,0.3195,0.9903,1.0,0.7419,0.0,0.4609,0.4294,0.3013,0.6,0.8182,0.1053,0.2,0.0428,0.2686,0.1479,0.8188,"3,4,5",1.0,1.0,1.0,1.0,1.0,0.3861,1.0,0.7,0.0
2026-08-20,4005,住友化学,化学,50.22,0.4,除外,0.611,0.5155,0.3863,0.3634,0.6348,0.7118,0.6082,0.7419,0.0,0.0,0.3232,0.8219,0.4,0.7273,0.5263,0.2,0.7048,0.2743,0.5602,1.0,"2,3,4",1.0,0.9849,1.0,0.0,1.0,0.4028,0.5,0.0,0.0
2026-08-20,4008,住友精化,化学,54.73,0.4,除外,1.0,0.6456,0.3667,,0.1769,0.6858,0.5979,0.7419,0.5569,0.0,1.0,0.0,0.4667,,0.1053,0.2,0.346,,0.0,0.1848,"3,4,5",1.0,1.0,1.0,1.0,1.0,1.0,1.0,1.0,0.2158
2026-08-20,4021,日産化学,化学,52.18,0.4,除外,0.8862,0.6371,0.2939,0.2763,0.5157,0.8213,0.7732,0.7419,0.2118,0.3002,0.339,0.5363,0.0,0.8,0.1053,0.2,0.0447,0.4137,0.6044,1.0,"3,4,5",1.0,1.0,1.0,1.0,1.0,0.6896,1.0,0.4,0.0
2026-08-20,4022,ラサ工業,化学,63.49,0.4,除外,0.9092,0.6377,0.5861,,0.4067,0.9121,0.8969,0.7419,0.0,1.0,0.1858,0.8253,0.3333,,0.2632,0.2,0.8467,0.5141,0.1662,0.0999,"3,4,5",1.0,1.0,1.0,1.0,1.0,0.5733,1.0,0.7,0.1091
2026-08-20,4023,クレハ,化学,61.2,0.4,除外,0.8962,0.6791,0.5158,0.5409,0.4281,0.5726,0.4021,0.7419,1.0,0.4883,0.4165,0.2916,0.8667,0.2273,0.5,1.0,1.0,0.165,0.5476,0.0,"3,4,5",1.0,1.0,0.5,1.0,1.0,0.6697,1.0,1.0,0.4364
2026-08-20,4028,石原産業,化学,51.46,0.4,除外,0.8312,0.4565,0.3944,0.1577,0.7332,0.6203,0.4639,0.7419,0.0,0.2678,0.2956,0.2141,0.8,0.1818,0.1579,0.2,1.0,0.163,0.8302,0.9396,"2,3,4",1.0,1.0,0.5,1.0,1.0,0.1494,1.0,1.0,0.0909
2026-08-20,402A,アクセルスペースホールディングス,輸送用機器,38.0,0.0,除外,0.0,,0.5478,,0.5921,,,,,1.0,0.0369,0.3543,0.8,0.8182,0.1053,0.5,1.0,0.4444,0.6383,0.2855,"1,2,3,4,5",,,,,,,,,
2026-08-20,4041,日本曹達,化学,59.34,0.4,除外,0.8628,0.5975,0.6355,0.508,0.363,0.411,0.2371,0.7419,1.0,0.6866,0.3819,0.8067,0.6667,0.2273,0.85,0.5,1.0,0.2524,0.1996,0.0,"2,4,5",1.0,1.0,0.5,1.0,0.6414,0.7611,1.0,1.0,0.4545
2026-08-20,4042,東ソー,化学,61.54,0.6,監視,0.6881,0.4164,0.5984,0.6307,0.7436,0.5421,0.3814,0.7419,0.0,0.5816,0.4173,0.9945,0.4,0.9545,0.5263,0.2,0.7283,0.4549,0.7911,1.0,"2,3",1.0,1.0,1.0,0.0,0.8939,0.6113,1.0,0.0,0.8421
2026-08-20,4043,トクヤマ,化学,45.5,0.0,除外,0.5642,0.5362,0.3169,0.5034,0.3546,0.7327,0.6701,0.7419,0.0,0.2716,0.1133,0.5493,0.3333,0.8636,0.95,0.2,0.2625,0.5718,0.0,0.5841,"1,2,3,4,5",1.0,0.9939,1.0,0.0,1.0,0.0196,0.5,0.0,0.0
2026-08-20,4044,セントラル硝子,化学,61.53,0.4,除外,0.9625,0.7172,0.3503,,0.4313,0.6322,0.4948,0.7419,1.0,0.0,0.8677,0.0,0.5333,,0.2105,0.5,0.4219,,0.0,0.8719,"3,4,5",1.0,1.0,1.0,1.0,1.0,1.0,1.0,0.7,0.2474
2026-08-20,4045,東亞合成,化学,50.3,0.2,除外,0.9838,0.5049,0.5327,0.291,0.2028,0.4713,0.3299,0.7419,0.4765,0.352,0.3969,0.9151,0.4667,0.2273,0.7368,0.2,0.5734,0.2376,0.0,0.0,"2,3,4,5",1.0,1.0,1.0,1.0,0.961,0.9095,1.0,1.0,0.0
2026-08-20,4046,大阪ソーダ,化学,36.6,0.2,除外,0.8183,0.273,0.442,0.1122,0.1844,0.2368,0.1134,0.7419,0.0,0.3285,0.6187,0.2208,0.6,0.0909,0.1579,0.2,0.651,0.0867,0.0,0.0,"2,3,4,5",1.0,0.9295,0.5,1.0,1.0,0.4171,1.0,0.7,0.0
2026-08-20,4047,関東電化工業,化学,51.01,0.4,除外,0.625,0.6771,0.4216,0.3146,0.5122,0.9769,0.9897,0.7419,0.0,1.0,0.2366,0.1832,0.2667,0.8636,0.0526,0.2,0.0344,0.3889,0.6255,1.0,"3,4,5",1.0,1.0,1.0,0.0,1.0,0.0,1.0,0.0,0.1421
2026-08-20,4051,ＧＭＯフィナンシャルゲート,情報・通信業,59.8,0.6,監視,0.9198,0.6206,0.6111,0.5513,0.2871,0.5696,0.8803,0.0323,1.0,0.8472,0.6018,0.3953,0.6,0.8,0.2105,0.2,0.7459,0.1111,0.2914,0.0,"4,5",1.0,0.7894,1.0,1.0,1.0,0.8689,1.0,0.7,0.9947
2026-08-20,4061,デンカ,化学,39.84,0.2,除外,0.5775,0.6019,0.21,0.2904,0.3122,0.8615,0.8041,0.7419,0.0,0.3665,0.1995,0.0072,0.2667,0.8182,0.0526,0.2,0.296,0.4444,0.5085,0.0,"1,3,4,5",1.0,1.0,1.0,0.0,1.0,0.1202,0.5,0.0,0.0909
2026-08-20,4062,イビデン,電気機器,54.13,0.4,除外,0.8558,0.7288,0.406,0.2886,0.4276,0.9963,0.9833,0.9355,0.0,0.5139,0.4077,0.6358,0.0667,0.9545,0.0,0.2,0.0,0.4444,0.2658,1.0,"3,4,5",1.0,1.0,1.0,1.0,1.0,0.1463,1.0,0.7,0.0
2026-08-20,4063,信越化学工業,化学,45.52,0.0,除外,0.5956,0.5421,0.5024,0.461,0.1748,0.7357,0.6907,0.7419,0.0,0.2451,0.3963,0.9683,0.4,0.8182,0.7895,0.2,0.1681,0.531,0.0,0.0,"1,2,3,4,5",1.0,1.0,1.0,0.0,1.0,0.2652,0.5,0.0,0.0364
2026-08-20,4064,日本カーバイド工業,化学,52.45,0.2,除外,0.7413,0.5812,0.3441,0.4426,0.5131,0.8198,0.7629,0.7419,0.0,0.704,0.3875,0.1516,0.1333,0.9545,0.3158,0.5,0.1916,0.3889,0.4721,1.0,"2,3,4,5",1.0,1.0,1.0,0.0,1.0,0.5306,1.0,0.4,0.0
2026-08-20,4071,プラスアルファ・コンサルティング,情報・通信業,21.54,0.0,除外,0.0,0.2994,0.18,,0.382,0.379,0.7863,0.0323,0.0,0.0,0.3199,0.0,0.4,0.6,0.5263,0.2,0.0,0.5027,0.5047,0.5207,"1,2,3,4,5",,,,,,,,,
2026-08-20,4078,堺化学工業,化学,54.12,0.4,除外,0.625,0.5299,0.6264,0.3541,0.5706,0.7282,0.6495,0.7419,0.0,1.0,0.435,0.8039,0.2667,0.8636,0.0526,0.5,0.5848,0.3084,0.7441,0.6453,"2,4,5",1.0,1.0,1.0,0.0,1.0,0.0,1.0,0.0,0.0
2026-08-20,4082,第一稀元素化学工業,化学,51.1,0.4,除外,0.7125,0.6587,0.4412,0.1513,0.5913,0.9546,0.9381,0.7419,0.0,0.6377,0.279,0.1146,0.7333,0.0,0.1053,0.5,1.0,0.156,0.5623,0.6471,"3,4,5",1.0,1.0,0.5,1.0,1.0,0.0,0.5,0.7,0.0
2026-08-20,4088,エア・ウォーター,化学,67.54,0.8,本命,0.6544,0.3656,0.8619,0.6342,0.8611,0.4319,0.2887,0.7419,0.0,0.5643,0.9459,0.9374,1.0,1.0,0.0526,0.5,1.0,0.4444,1.0,1.0,2,1.0,0.6911,1.0,0.0,1.0,0.5441,1.0,0.0,0.9842
2026-08-20,4091,日本酸素ホールディングス,化学,65.85,0.6,監視,0.9795,0.334,0.7517,0.4667,0.7607,0.3671,0.2268,0.7419,0.0,0.6167,0.5983,0.9919,0.8,0.8,0.1579,0.2,1.0,0.4444,0.7454,0.8527,"2,4",1.0,1.0,1.0,1.0,1.0,0.8363,1.0,1.0,0.7091
2026-08-20,4092,日本化学工業,化学,61.03,0.6,監視,0.9542,0.8782,0.4611,0.1461,0.6121,0.9047,0.866,0.7419,1.0,0.614,0.2868,0.4767,0.4667,0.0,0.3684,0.2,0.4497,0.3884,0.6105,1.0,"3,4",1.0,1.0,1.0,1.0,1.0,0.6334,1.0,1.0,0.0158
2026-08-20,4095,日本パーカライジング,化学,64.62,0.6,監視,0.9294,0.5538,0.7443,0.3167,0.687,0.5376,0.3608,0.7419,0.575,1.0,0.5369,0.9068,0.5333,0.9091,0.1579,0.2,0.7759,0.5593,0.4127,1.0,"2,4",1.0,1.0,1.0,1.0,1.0,0.7351,1.0,0.7,0.0
2026-08-20,4099,四国化成ホールディングス,化学,41.49,0.4,除外,0.6813,0.6625,0.0466,0.3789,0.305,0.9598,0.9485,0.7419,0.0,0.0,0.1864,0.0,0.0,1.0,0.3158,0.2,0.0,0.4024,0.1417,0.6758,"3,4,5",1.0,1.0,1.0,0.0,1.0,0.0508,1.0,0.4,0.0
2026-08-20,409A,オリオンビール,食料品,42.57,0.0,除外,,,0.3218,,0.5295,,,,,0.0,0.5539,0.0,0.7333,0.0,0.0,1.0,1.0,0.1181,0.0,1.0,"1,2,3,4,5",,,,,,,,,
2026-08-20,4107,伊勢化学工業,化学,56.29,0.4,除外,0.3625,0.4637,0.738,,0.6872,0.6284,0.4845,0.7419,0.0,1.0,0.6368,0.5152,0.8,0.0909,0.2105,1.0,0.7211,0.1432,0.8846,1.0,"1,2,4",0.0,1.0,0.5,0.0,1.0,0.0,0.0,0.4,
2026-08-20,4109,ステラ　ケミファ,化学,45.22,0.2,除外,0.6125,0.5005,0.4839,0.2659,0.3984,0.6828,0.5773,0.7419,0.0,0.4575,0.5182,0.4264,0.5333,0.8636,0.0,0.2,0.3062,0.3889,0.5151,0.3832,"2,3,4,5",1.0,1.0,1.0,0.0,1.0,0.0,0.5,0.4,0.0
2026-08-20,4114,日本触媒,化学,62.55,0.4,除外,0.9375,0.6534,0.404,,0.5069,0.5212,0.3505,0.7419,1.0,0.0,0.9494,0.0,0.6667,,0.9474,1.0,0.7969,0.2307,0.0,1.0,"3,4,5",1.0,1.0,0.5,1.0,1.0,1.0,1.0,1.0,0.2364
2026-08-20,4116,大日精化工業,化学,53.67,0.4,除外,0.9306,0.701,0.2349,,0.2804,0.6083,0.4536,0.7419,1.0,0.0,0.6063,0.0,0.3333,,0.8,0.2,0.8503,0.2712,0.0,0.0,"3,4,5",1.0,1.0,0.5,1.0,1.0,0.9444,1.0,1.0,0.4545
2026-08-20,4118,カネカ,化学,66.15,0.4,除外,1.0,0.7006,0.3516,,0.5938,0.6426,0.5155,0.7419,0.9023,0.1095,0.7636,0.0,0.5333,,0.7895,0.5,0.6556,,0.1259,1.0,"3,4,5",1.0,1.0,1.0,1.0,1.0,1.0,1.0,1.0,0.0
2026-08-20,4151,協和キリン,医薬品,52.36,0.4,除外,0.7761,0.4817,0.6732,0.1995,0.4873,0.2844,0.5135,0.129,1.0,0.926,0.3649,0.8686,0.5333,0.2273,0.0526,0.5,0.896,0.1582,0.6602,0.2349,"2,4,5",1.0,0.9923,1.0,1.0,0.64,0.5764,1.0,0.0,0.0182
2026-08-20,417A,ブルーゾーンホールディングス,小売業,32.39,0.2,除外,0.7591,0.0,0.231,0.12,0.5093,,,,,0.1017,0.3237,0.4317,0.0667,0.2273,0.0526,0.2,0.5462,0.1294,0.3617,1.0,"2,3,4,5",1.0,0.5094,0.5,1.0,0.5064,0.5573,1.0,1.0,0.0
2026-08-20,4180,Ａｐｐｉｅｒ　Ｇｒｏｕｐ,情報・通信業,30.1,0.2,除外,0.0,0.0,0.7199,0.2697,0.5151,,,,,1.0,0.3774,0.969,0.5333,0.0,0.5789,0.5,1.0,0.2939,0.4824,0.2842,"1,2,4,5",,,,,,,,,0.0
2026-08-20,4182,三菱瓦斯化学,化学,39.82,0.2,除外,0.5625,0.6126,0.2212,0.2809,0.3139,0.8838,0.8247,0.7419,0.0,0.1234,0.2946,0.0,0.4667,0.8182,0.1053,0.2,0.0297,0.4029,0.4039,0.419,"1,3,4,5",1.0,1.0,1.0,0.0,1.0,0.0,0.5,0.0,0.0
2026-08-20,4183,三井化学,化学,64.47,0.6,監視,0.965,0.4136,0.7,0.4621,0.6828,0.5413,0.3711,0.7419,0.0,0.4214,0.6846,0.8272,0.8667,0.2273,0.1579,0.5,0.9474,0.0925,0.6914,1.0,"2,4",1.0,1.0,1.0,1.0,1.0,0.7199,1.0,1.0,0.9632
2026-08-20,4186,東京応化工業,化学,50.78,0.4,除外,0.6528,0.6468,0.3551,0.5461,0.3383,0.9382,0.9072,0.7419,0.0,0.0894,0.4246,0.3729,0.5333,1.0,0.6842,0.5,0.0634,0.3206,0.2359,0.7335,"3,4,5",1.0,1.0,1.0,0.0,1.0,0.222,1.0,0.0,0.0
2026-08-20,4187,大阪有機化学工業,化学,45.94,0.4,除外,0.651,0.6191,0.3229,0.3018,0.4022,0.8891,0.8454,0.7419,0.0,0.0792,0.115,0.9642,0.1333,0.8636,0.0526,0.2,0.0,0.2222,0.3867,1.0,"3,4,5",1.0,1.0,1.0,0.0,1.0,0.2078,1.0,0.0,0.0909
2026-08-20,4188,三菱ケミカルグループ,化学,78.21,0.6,監視,0.9848,0.7827,0.5719,,0.7889,0.729,0.6598,0.7419,1.0,0.4506,0.3764,0.9271,0.5333,,0.1053,0.5,0.7487,,0.6181,1.0,"3,4",1.0,1.0,1.0,1.0,1.0,0.8781,1.0,1.0,0.9474
2026-08-20,4189,ＫＨネオケム,化学,55.86,0.6,監視,0.9865,0.6007,0.6469,,0.0004,0.4133,0.2474,0.7419,1.0,0.2627,0.8164,0.9753,0.5333,,0.5,0.5,0.0011,,0.0,0.0,"4,5",1.0,1.0,1.0,1.0,1.0,0.8922,1.0,1.0,0.6909
2026-08-20,4194,ビジョナル,情報・通信業,26.65,0.2,除外,0.0,0.0,0.6605,0.4159,0.2559,,,,,1.0,0.2481,0.7939,0.6,0.0,1.0,0.5,0.4885,0.1205,0.4145,0.0,"1,2,4,5",,,,,,,,,0.1636
2026-08-20,4202,ダイセル,化学,61.54,0.6,監視,0.9366,0.6327,0.6101,0.3486,0.5492,0.4691,0.3196,0.7419,1.0,0.4815,0.4232,0.9359,0.6,0.2273,0.1579,0.5,1.0,0.1679,1.0,0.0289,"4,5",1.0,0.892,1.0,1.0,1.0,0.6008,1.0,1.0,0.5091
2026-08-20,4203,住友ベークライト,化学,67.91,0.4,除外,0.9574,0.8262,0.5709,,0.3618,0.8101,0.7526,0.7419,1.0,0.0,0.9194,0.6975,0.6667,,0.2632,0.2,0.0,0.4474,0.0,1.0,"3,4,5",1.0,1.0,1.0,1.0,1.0,0.9594,1.0,0.7,0.8579
2026-08-20,4204,積水化学工業,化学,41.38,0.4,除外,0.0,0.538,0.7026,0.1245,0.7036,0.2554,0.1546,0.7419,1.0,1.0,0.4312,0.5794,0.8,0.2273,0.0526,0.2,0.9476,0.1275,0.8798,0.8595,"1,2,4",,,,,,,,,0.0182
2026-08-20,4205,日本ゼオン,化学,67.34,0.4,除外,0.9617,0.7416,0.5127,,0.4777,0.7133,0.6186,0.7419,0.8927,0.0,0.4989,0.8853,0.6667,,0.3158,0.2,0.4721,0.2569,0.1818,1.0,"3,4,5",1.0,1.0,1.0,1.0,1.0,0.9935,1.0,0.7,0.9263
2026-08-20,4206,アイカ工業,化学,48.5,0.2,除外,0.9275,0.5258,0.4866,,0.0,0.2375,0.1237,0.7419,1.0,0.0,0.6809,0.6656,0.6,,0.5789,0.5,0.0,,0.0,0.0,"2,3,4,5",1.0,0.731,1.0,1.0,0.7631,0.9258,1.0,1.0,0.5455
2026-08-20,4208,ＵＢＥ,化学,66.62,0.4,除外,1.0,0.722,0.3551,,0.5878,0.6411,0.5052,0.7419,1.0,0.2697,0.4185,0.0654,0.6667,,0.2105,0.2,1.0,0.3512,0.0,1.0,"3,4,5",1.0,1.0,1.0,1.0,1.0,1.0,1.0,1.0,0.9947
2026-08-20,4212,積水樹脂,化学,59.9,0.6,監視,0.9751,0.6865,0.8075,0.3506,0.1752,0.5815,0.4227,0.7419,1.0,1.0,1.0,0.4968,0.7333,0.0,0.475,0.2,0.3486,,0.177,0.0,"4,5",1.0,1.0,1.0,1.0,1.0,0.8007,1.0,1.0,0.7273
2026-08-20,4216,旭有機材,化学,56.11,0.4,除外,0.6349,0.5502,0.7408,0.5123,0.3674,0.7476,0.7113,0.7419,0.0,0.8316,0.5666,0.8984,0.6667,0.9545,0.8947,0.2,0.0,0.568,0.7267,0.1751,"2,4,5",1.0,1.0,1.0,0.0,1.0,0.0789,1.0,0.0,0.0
2026-08-20,4220,リケンテクノス,化学,49.57,0.4,除外,0.9764,0.811,0.4061,0.2062,0.0788,0.7803,0.7216,0.7419,1.0,0.0,0.8906,0.4006,0.3333,0.0,0.625,0.2,0.2363,,0.0,0.0,"3,4,5",1.0,1.0,1.0,1.0,1.0,0.8111,1.0,1.0,0.0
2026-08-20,4221,大倉工業,化学,26.19,0.2,除外,0.0,0.6047,0.3207,,0.122,0.4192,0.2577,0.7419,1.0,0.0715,0.1873,0.6241,0.4,,0.875,0.5,0.366,,0.0,0.0,"1,3,4,5",,,,,,,,,0.2364
2026-08-20,4246,ダイキョーニシカワ,化学,66.15,0.2,除外,1.0,0.5212,0.5479,,0.5768,0.7141,0.6289,0.7419,0.0,0.672,0.3294,0.4569,0.7333,,0.4211,0.2,1.0,0.3071,0.0,1.0,"2,3,4,5",1.0,1.0,1.0,1.0,1.0,1.0,1.0,1.0,0.0
2026-08-20,4259,エクサウィザーズ,情報・通信業,48.96,0.2,除外,0.4375,0.4751,0.3136,,0.7322,0.8853,0.9829,0.0323,0.0,0.3842,0.2702,0.0,0.6,0.7727,0.0,0.5,0.7314,0.4444,0.7528,1.0,"1,2,3,4",0.0,1.0,1.0,0.0,1.0,0.0,0.5,0.0,
2026-08-20,4272,日本化薬,化学,56.44,0.2,除外,0.9505,0.5035,0.4788,0.294,0.5951,0.6843,0.5876,0.7419,0.0,0.2729,0.301,0.8746,0.4667,0.8182,0.1579,0.2,0.9429,0.4373,0.0,1.0,"2,3,4,5",1.0,1.0,1.0,1.0,1.0,0.9037,1.0,0.7,0.0
2026-08-20,4275,カーリット,化学,46.22,0.4,除外,0.375,0.6052,0.2471,,0.6215,0.8645,0.8144,0.7419,0.0,0.1979,0.1904,0.0,0.6,0.2273,0.0,1.0,0.8895,0.146,0.4504,1.0,"1,3,4",0.0,1.0,0.5,0.0,1.0,0.0,0.5,0.0,
2026-08-20,4290,プレステージ・インターナショナル,サービス業,53.27,0.2,除外,0.8276,0.5333,0.5185,0.4051,0.3792,0.3738,0.6628,0.0968,1.0,0.0738,0.5961,0.8706,0.5333,0.0,0.975,0.5,1.0,0.0982,0.0,0.4186,"2,3,4,5",1.0,0.7546,0.5,1.0,0.5773,0.7889,1.0,1.0,0.1455
2026-08-20,4293,セプテーニ・ホールディングス,サービス業,64.91,0.6,監視,0.8574,0.3341,0.7899,0.5506,0.7135,0.4721,0.7674,0.0968,0.0,0.7658,0.6725,0.9214,0.8,0.8182,0.2105,0.2,0.5807,0.4703,0.8028,1.0,"2,4",1.0,1.0,1.0,1.0,1.0,0.5594,1.0,0.3,0.9737
2026-08-20,4307,野村総合研究所,情報・通信業,14.63,0.0,除外,0.0,0.0,0.412,0.0632,0.2565,,,,,0.0,0.2968,0.7514,0.6,0.0,0.0526,0.2,0.4939,0.1335,0.3987,0.0,"1,2,3,4,5",,,,,,,,,0.0
2026-08-20,4324,電通グループ,サービス業,50.17,0.2,除外,0.9251,0.5027,0.4406,,0.1384,0.3209,0.593,0.0968,1.0,0.22,0.2368,0.639,0.6667,,0.775,0.2,0.4153,,0.0,0.0,"2,3,4,5",1.0,1.0,0.5,1.0,1.0,0.9009,1.0,1.0,0.4545
2026-08-20,4343,イオンファンタジー,サービス業,30.59,0.0,除外,0.0,0.4466,0.3619,0.4716,0.2493,0.236,0.4535,0.0968,1.0,0.0,0.6901,0.2909,0.4667,0.0,0.85,1.0,0.4925,0.1137,0.3911,0.0,"1,2,3,4,5",,,,,,,,,0.0364
2026-08-20,4368,扶桑化学工業,化学,42.46,0.2,除外,0.5625,0.6675,0.1285,0.3263,0.4381,0.9695,0.9588,0.7419,0.0,0.0,0.2473,0.0,0.2667,1.0,0.1053,0.2,0.075,0.4471,0.2301,1.0,"1,3,4,5",1.0,1.0,1.0,0.0,1.0,0.0,0.5,0.0,0.0
2026-08-20,4369,トリケミカル研究所,化学,49.38,0.4,除外,0.6963,0.3299,0.6287,0.3018,0.5125,0.3611,0.2165,0.7419,0.0,0.8011,0.1783,0.9355,0.6,0.8636,0.0526,0.2,0.0737,0.5149,0.4615,1.0,"2,4,5",1.0,0.9503,1.0,0.0,1.0,0.2201,1.0,0.4,0.0909
2026-08-20,4373,シンプレクス・ホールディングス,情報・通信業,63.36,0.4,除外,0.9043,0.4964,0.4218,,0.7117,0.2695,0.6838,0.0323,1.0,0.1965,0.4305,0.8603,0.2,,0.1579,0.2,0.5655,,0.5697,1.0,"2,3,4",1.0,0.7714,0.5,1.0,1.0,0.9628,1.0,1.0,0.4545
2026-08-20,4385,メルカリ,情報・通信業,52.54,0.4,除外,0.9822,0.6998,0.4941,0.1868,0.2639,0.8183,0.9487,0.0323,1.0,0.384,0.5465,0.5794,0.4667,0.0,0.2105,0.2,0.605,,0.1867,0.0,"3,4,5",1.0,1.0,1.0,1.0,1.0,0.8577,1.0,1.0,0.3368
2026-08-20,4390,ＩＰＳ,情報・通信業,59.78,0.4,除外,0.9601,0.4103,0.376,0.5835,0.6589,0.7029,0.906,0.0323,0.0,0.7693,0.4015,0.0,0.3333,0.8182,0.1579,0.5,1.0,0.4306,0.2049,1.0,"2,3,4",1.0,0.8288,1.0,1.0,1.0,0.8524,1.0,1.0,0.8579
2026-08-20,4392,ＦＩＧ,情報・通信業,59.89,0.8,本命,0.625,0.5034,0.6064,0.6182,0.6413,0.9814,1.0,0.0323,0.0,1.0,0.296,0.3963,0.7333,0.7727,0.7,0.2,1.0,0.5653,0.0,1.0,2,1.0,1.0,1.0,0.0,1.0,0.0,1.0,0.0,0.8
2026-08-20,4401,ＡＤＥＫＡ,化学,47.1,0.2,除外,0.8816,0.5576,0.3113,0.2094,0.3948,0.7148,0.6392,0.7419,0.1347,0.0,0.7118,0.0,0.5333,0.0909,0.2105,0.5,0.6784,0.1352,0.0,0.7656,"2,3,4,5",1.0,1.0,0.5,1.0,1.0,0.853,1.0,0.7,0.0364
2026-08-20,4403,日油,化学,38.85,0.2,除外,0.3244,0.0,0.4174,,0.8123,,,,,0.6681,0.2025,0.5322,0.2667,0.0,0.0526,0.2,1.0,0.3046,0.9445,1.0,"1,2,3,4",0.0,0.7645,0.0,1.0,0.2557,0.2753,0.0,0.3,
2026-08-20,4413,ボードルア,情報・通信業,54.62,0.2,除外,0.7131,0.4778,0.5934,0.559,0.388,0.2293,0.6496,0.0323,1.0,0.4551,0.3555,0.8295,0.7333,0.6,0.2632,0.5,0.4344,0.1266,0.4207,0.5704,"2,3,4,5",1.0,0.7502,0.5,1.0,1.0,0.3546,1.0,0.1,0.8727
2026-08-20,4419,Ｆｉｎａｔｅｘｔホールディングス,情報・通信業,48.55,0.4,除外,0.6944,0.6645,0.2484,0.4592,0.3612,0.7111,0.9145,0.0323,1.0,0.0,0.3271,0.0,0.6667,0.4,0.0526,0.5,0.8176,0.3731,0.2483,0.0057,"3,4,5",1.0,1.0,1.0,0.0,1.0,0.2551,1.0,0.3,0.8842
2026-08-20,4425,Ｋｕｄａｎ,情報・通信業,59.79,0.4,除外,0.375,0.4542,0.798,,0.7645,0.8273,0.9573,0.0323,0.0,1.0,0.4596,0.9989,0.7333,0.6818,0.4737,0.2,1.0,0.4494,0.6085,1.0,"1,2,4",0.0,1.0,0.5,0.0,1.0,0.0,0.5,0.0,
2026-08-20,4431,スマレジ,情報・通信業,49.59,0.4,除外,0.9113,0.0,0.7225,,0.3498,,,,,1.0,0.9043,0.4522,0.5333,,0.475,1.0,0.5423,,0.5072,0.0,"2,4,5",1.0,1.0,0.5,1.0,1.0,0.7903,1.0,1.0,0.5091
2026-08-20,4432,ウイングアーク１ｓｔ,情報・通信業,18.78,0.0,除外,0.0,0.0,0.4259,0.3409,0.1721,,,,,0.0,0.4786,0.9582,0.2667,0.0,1.0,0.2,0.5435,0.1451,0.0,0.0,"1,2,3,4,5",,,,,,,,,0.1636
2026-08-20,4443,Ｓａｎｓａｎ,情報・通信業,48.74,0.2,除外,0.906,0.0,0.5669,,0.4765,,,,,0.6641,0.3709,0.6327,0.6,,0.75,0.5,0.483,,0.554,0.3925,"2,3,4,5",1.0,0.7478,0.5,1.0,1.0,1.0,1.0,1.0,0.5091
2026-08-20,4452,花王,化学,39.08,0.2,除外,0.849,0.5286,0.2539,0.3226,0.0,0.2383,0.134,0.7419,1.0,0.0102,0.4562,0.2158,0.3333,0.0,0.2632,0.5,0.0,,0.0,0.0,"2,3,4,5",1.0,0.7904,0.5,1.0,0.7213,0.7806,1.0,1.0,0.5273
2026-08-20,4461,第一工業製薬,化学,63.97,0.4,除外,0.9926,0.9057,0.3515,,0.3088,0.9531,0.9278,0.7419,1.0,0.0,0.54,0.3325,0.5333,,0.0,0.2,0.0,,0.0,0.9265,"3,4,5",1.0,1.0,1.0,1.0,1.0,0.9407,1.0,1.0,0.1091
2026-08-20,4471,三洋化成工業,化学,51.49,0.2,除外,0.932,0.5694,0.3333,,0.2249,0.5786,0.4124,0.7419,0.5446,0.0,1.0,0.0,0.3333,,0.2105,0.5,0.6748,,0.0,0.0,"2,3,4,5",1.0,1.0,0.5,1.0,1.0,0.9564,1.0,1.0,0.0364
2026-08-20,4475,ＨＥＮＮＧＥ,情報・通信業,12.91,0.0,除外,0.0,0.0,0.4231,,0.0932,,,,,0.0,0.8121,0.4804,0.4,,0.925,1.0,0.2795,,0.0,0.0,"1,2,3,4,5",,,,,,,,,0.3455
2026-08-20,4477,ＢＡＳＥ,情報・通信業,19.52,0.0,除外,0.0,0.0,0.4619,,0.3188,,,,,0.1741,0.3187,0.7547,0.6,0.0,0.0526,1.0,0.5576,0.0696,0.3174,0.3306,"1,2,3,4,5",,,,,,,,,
2026-08-20,4478,フリー,情報・通信業,25.08,0.0,除外,0.0,0.0,0.4372,0.5028,0.3138,,,,,0.1298,0.6061,0.1464,0.8667,0.0,0.975,1.0,1.0,0.1259,0.1293,0.0,"1,2,3,4,5",,,,,,,,,0.0364
2026-08-20,4480,メドレー,情報・通信業,23.88,0.0,除外,0.0,0.0,0.4027,,0.5525,,,,,0.0817,0.7291,0.0,0.8,,0.4211,1.0,1.0,0.21,0.0,1.0,"1,2,3,4,5",,,,,,,,,0.0
2026-08-20,4481,ベース,情報・通信業,27.34,0.0,除外,0.0,0.0,0.526,0.2877,0.5533,,,,,1.0,0.0692,0.6349,0.4,0.5455,0.1053,0.5,0.8481,0.1028,0.5619,0.7005,"1,2,3,4,5",,,,,,,,,0.0
2026-08-20,4483,ＪＭＤＣ,情報・通信業,33.08,0.4,除外,0.0,0.0,0.6484,,0.675,,,,,0.6589,0.577,0.6909,0.6667,0.0,0.1579,0.5,1.0,0.1427,0.5574,1.0,"1,2,4",,,,,,,,,
2026-08-20,4502,武田薬品工業,医薬品,57.47,0.4,除外,0.9138,0.5597,0.6082,0.3154,0.4763,0.4341,0.6757,0.129,1.0,0.4569,0.5381,0.8379,0.6,0.4091,0.0526,0.2,0.5138,0.1944,0.3583,0.8386,"2,4,5",1.0,1.0,0.5,1.0,1.0,0.8105,1.0,1.0,0.6
2026-08-20,4503,アステラス製薬,医薬品,55.75,0.4,除外,0.8809,0.443,0.5352,0.3279,0.6008,0.6969,0.9459,0.129,0.0,0.3408,0.5463,0.7869,0.4667,0.4091,0.6842,0.2,1.0,0.1399,0.2632,1.0,"2,3,4",1.0,1.0,0.5,1.0,1.0,0.5469,1.0,1.0,0.0182
2026-08-20,4506,住友ファーマ,医薬品,45.78,0.4,除外,0.0,0.4207,0.6223,,0.7881,0.662,0.8919,0.129,0.0,0.5426,0.2709,0.8759,0.8,0.0,0.1053,0.2,1.0,0.2013,0.9511,1.0,"1,2,4",,,,,,,,,
2026-08-20,4507,塩野義製薬,医薬品,38.15,0.2,除外,0.2865,0.274,0.3151,,0.6505,0.3455,0.6216,0.129,0.0,0.2951,0.1907,0.5078,0.2667,0.2273,0.2632,0.2,0.9952,0.1829,0.4239,1.0,"1,2,3,4",0.0,1.0,0.5,0.0,0.6009,0.0912,0.0,0.1,
2026-08-20,4516,日本新薬,医薬品,34.92,0.0,除外,0.2458,0.3656,0.3154,,0.47,0.5227,0.8108,0.129,0.0,0.0,0.0,0.795,0.4667,0.0,0.5789,0.2,0.7813,0.0989,0.0,1.0,"1,2,3,4,5",0.0,0.8794,0.5,0.0,0.587,0.0,0.0,0.0,
2026-08-20,4519,中外製薬,医薬品,35.76,0.2,除外,0.2451,0.1717,0.3744,,0.639,0.2063,0.3514,0.129,0.0,0.078,0.3303,0.6228,0.4667,0.2273,0.0,0.5,1.0,0.1346,0.4216,1.0,"1,2,3,4",0.0,0.5498,0.5,0.0,0.5113,0.0,0.0,0.4,
2026-08-20,4521,科研製薬,医薬品,36.66,0.2,除外,0.7174,0.1924,0.2635,0.1331,0.5264,0.2353,0.4054,0.129,0.0,0.0,0.228,0.3594,0.4667,0.2273,0.1053,0.2,1.0,0.1057,0.0,1.0,"2,3,4,5",1.0,0.7131,0.5,1.0,0.405,0.6212,0.5,1.0,0.0
2026-08-20,4523,エーザイ,医薬品,42.81,0.0,除外,0.0,0.47,0.5699,0.5301,0.5706,0.2643,0.4865,0.129,1.0,0.5984,0.4382,0.9765,0.2667,0.2273,0.875,1.0,0.8686,0.139,0.2748,1.0,"1,2,3,4,5",,,,,,,,,0.0182
2026-08-20,4526,理研ビタミン,食料品,69.22,0.4,除外,0.9712,0.5397,0.8265,,0.4315,0.3931,0.54,0.2258,1.0,1.0,0.5236,0.9823,0.8,,0.0526,0.5,0.5469,,0.4277,0.32,"2,4,5",1.0,1.0,1.0,1.0,0.7692,1.0,1.0,1.0,0.7818
2026-08-20,4527,ロート製薬,医薬品,20.25,0.0,除外,0.0,0.4645,0.2428,,0.1028,0.443,0.7027,0.129,0.5834,0.0,0.8379,0.0,0.1333,,0.2105,0.5,0.3085,,0.0,0.0,"1,2,3,4,5",,,,,,,,,0.0
2026-08-20,4528,小野薬品工業,医薬品,54.43,0.4,除外,0.8918,0.4838,0.5602,0.1279,0.6577,0.6888,0.9189,0.129,0.1986,0.5319,0.3334,0.842,0.5333,0.2273,0.0,0.2,0.9249,0.125,0.786,0.795,"2,3,4",1.0,1.0,0.5,1.0,1.0,0.6343,1.0,1.0,0.0842
2026-08-20,4534,持田製薬,医薬品,47.58,0.2,除外,0.4567,0.2411,0.501,,0.7044,0.2949,0.5405,0.129,0.0,0.1795,0.2379,0.9199,0.6667,0.2273,0.1053,0.2,1.0,0.1501,0.6676,1.0,"1,2,3,4",0.0,0.5337,0.5,1.0,0.3415,0.2787,0.0,1.0,
2026-08-20,4536,参天製薬,医薬品,51.82,0.2,除外,0.679,0.3548,0.452,0.5711,0.5342,0.5063,0.7838,0.129,0.0,0.5208,0.4693,0.6179,0.2,0.8,0.3158,0.2,0.6895,0.2951,0.6252,0.5271,"2,3,4,5",1.0,1.0,1.0,0.0,1.0,0.432,1.0,0.0,0.9684
2026-08-20,4540,ツムラ,医薬品,25.68,0.0,除外,0.2789,0.2645,0.2141,,0.2695,0.3343,0.5946,0.129,0.0,0.0,0.3835,0.4063,0.0667,0.0909,0.2632,0.2,0.8114,0.1023,0.1644,0.0,"1,2,3,4,5",0.0,0.8144,0.5,0.0,0.274,0.543,0.0,0.1,
2026-08-20,4543,テルモ,精密機器,23.8,0.0,除外,0.0,0.0,0.5037,,0.4481,,,,,0.423,0.4158,0.3093,0.8667,,0.5263,0.5,0.5034,0.2891,0.0,1.0,"1,2,3,4,5",,,,,,,,,0.1636
2026-08-20,4544,Ｈ．Ｕ．グループホールディングス,サービス業,25.7,0.0,除外,0.0,0.4841,0.4245,0.094,0.2826,0.2815,0.5581,0.0968,1.0,0.6009,0.3873,0.3764,0.3333,0.0,0.1579,0.2,0.789,,0.0588,0.0,"1,2,3,4,5",,,,,,,,,0.0182
2026-08-20,4547,キッセイ薬品工業,医薬品,41.39,0.2,除外,0.0,0.3592,0.7045,,0.5918,0.2465,0.4324,0.129,0.6289,1.0,0.2966,0.8549,0.6667,0.2273,0.0,0.2,1.0,0.1459,0.2212,1.0,"1,2,4,5",,,,,,,,,
2026-08-20,4548,生化学工業,医薬品,43.94,0.2,除外,0.3654,0.3262,0.3838,,0.6824,0.446,0.7297,0.129,0.0,0.2146,0.3312,0.456,0.5333,0.7727,0.2632,0.2,1.0,0.4786,0.2508,1.0,"1,2,3,4",0.0,0.9577,0.5,0.0,0.3937,0.4719,0.5,0.1,
2026-08-20,4549,栄研化学,医薬品,22.93,0.0,除外,0.0,0.3378,0.304,,0.2755,0.4654,0.7568,0.129,0.0,0.0,0.083,0.933,0.2,0.5,0.7895,0.2,0.1716,0.3396,0.0,0.5908,"1,2,3,4,5",,,,,,,,,
2026-08-20,4552,ＪＣＲファーマ,医薬品,39.44,0.0,除外,0.0,0.4225,0.56,,0.5953,0.2614,0.4595,0.129,0.84,0.5641,0.4048,0.871,0.4,0.0,0.0,1.0,0.7937,0.1125,0.4751,1.0,"1,2,3,4,5",,,,,,,,,
2026-08-20,4553,東和薬品,医薬品,44.16,0.0,除外,0.5678,0.4923,0.435,0.1858,0.527,0.6039,0.8378,0.129,0.3984,0.556,0.4846,0.2995,0.4,0.2273,0.3158,0.2,0.887,0.4394,0.0372,0.7446,"1,2,3,4,5",1.0,1.0,0.5,0.0,1.0,0.4422,0.5,0.1,0.0
2026-08-20,4554,富士製薬工業,医薬品,42.54,0.0,除外,0.3125,0.4108,0.482,,0.4962,0.6493,0.8649,0.129,0.0,0.5815,0.4299,0.4498,0.4667,0.4091,0.825,0.5,0.9637,0.1369,0.8843,0.0,"1,2,3,4,5",0.0,1.0,0.5,0.0,1.0,0.0,0.0,0.0,
2026-08-20,4559,ゼリア新薬工業,医薬品,41.23,0.2,除外,0.4853,0.1803,0.2362,,0.7474,0.2137,0.3784,0.129,0.0,0.1538,0.2588,0.1991,0.3333,0.7727,0.0,0.2,1.0,0.3417,0.6477,1.0,"1,2,3,4",0.0,0.6523,0.5,1.0,0.4116,0.5183,0.5,0.3,
2026-08-20,4565,ネクセラファーマ,医薬品,26.8,0.0,除外,0.0,0.2549,0.3893,0.245,0.4509,0.3232,0.5676,0.129,0.0,0.2988,0.4583,0.0,0.8,0.7273,0.0526,0.2,0.9022,0.3333,0.0,0.5681,"1,2,3,4,5",,,,,,,,,0.0
2026-08-20,4568,第一三共,医薬品,29.32,0.2,除外,0.0,0.0,0.7128,,0.46,,,,,0.7284,0.4497,0.9398,0.7333,0.0,0.0526,0.2,1.0,0.1304,0.0,0.7094,"1,2,4,5",,,,,,,,,
2026-08-20,4569,杏林製薬,医薬品,23.16,0.0,除外,0.0,0.0,0.3964,,0.53,,,,,0.5983,0.3069,0.6137,0.0667,0.2273,0.1053,0.5,1.0,0.1201,0.0,1.0,"1,2,3,4,5",,,,,,,,,
2026-08-20,4578,大塚ホールディングス,医薬品,46.05,0.4,除外,0.9734,0.6554,0.2853,0.2118,0.1764,0.7275,0.973,0.129,0.7921,0.0,0.274,0.7337,0.1333,0.0,0.6316,0.2,0.4122,,0.0,0.1168,"3,4,5",1.0,1.0,1.0,1.0,1.0,0.7875,1.0,1.0,0.0158
2026-08-20,4587,ペプチドリーム,医薬品,28.22,0.2,除外,0.0,0.0,0.4679,,0.6608,,,,,0.7401,0.4293,0.4355,0.2667,0.0,0.0526,0.5,0.8332,0.2084,0.6017,1.0,"1,2,3,4",,,,,,,,,
2026-08-20,4588,オンコリスバイオファーマ,医薬品,68.57,0.4,除外,0.9636,0.5293,0.5077,,0.742,0.9881,1.0,0.129,0.0,1.0,0.2976,0.0,0.7333,,0.0,0.2,1.0,0.5545,0.4133,1.0,"2,3,4",1.0,1.0,1.0,1.0,1.0,0.709,1.0,1.0,0.1632
2026-08-20,4592,サンバイオ,医薬品,37.1,0.4,除外,0.0,0.0,0.7,,0.784,,,,,1.0,0.1628,0.8372,0.8,0.0,0.0526,0.5,1.0,0.5556,0.5806,1.0,"1,2,4",,,,,,,,,
2026-08-20,4593,ヘリオス,医薬品,22.82,0.0,除外,0.0,0.0,0.3785,,0.5344,,,,,0.6495,0.2104,0.1876,0.4667,0.0,0.1053,1.0,0.8414,0.1231,0.1728,1.0,"1,2,3,4,5",,,,,,,,,
2026-08-20,4595,ミズホメディー,医薬品,49.0,0.2,除外,0.5986,0.2981,0.4238,,0.6396,0.4147,0.6486,0.129,0.0,0.7631,0.1278,0.3375,0.4667,0.2273,0.0526,0.5,0.8971,0.1739,0.4874,1.0,"1,2,3,4",0.0,0.6134,0.5,1.0,0.6428,0.5327,0.5,1.0,
2026-08-20,4612,日本ペイントホールディングス,化学,42.15,0.2,除外,0.9655,0.0,0.5532,,0.1674,,,,,0.5364,0.5059,0.7037,0.4667,,0.45,0.2,0.5022,,0.0,0.0,"2,3,4,5",1.0,1.0,1.0,1.0,0.9742,0.7502,1.0,1.0,0.6909
2026-08-20,4613,関西ペイント,化学,57.02,0.4,除外,0.985,0.6932,0.4725,,0.13,0.5875,0.4433,0.7419,1.0,0.1351,0.6976,0.3905,0.6667,,0.6316,0.5,0.3899,,0.0,0.0,"3,4,5",1.0,1.0,1.0,1.0,1.0,0.8798,1.0,1.0,0.6909
2026-08-20,4617,中国塗料,化学,52.67,0.2,除外,0.425,0.6897,0.5035,,0.4884,0.5838,0.433,0.7419,1.0,0.4869,0.3795,0.5475,0.6,0.0,0.1579,0.2,0.702,0.1109,0.8916,0.2492,"1,3,4,5",0.0,0.5618,0.0,1.0,0.7797,0.0588,0.0,1.0,
2026-08-20,4626,太陽ホールディングス,化学,43.47,0.0,除外,0.4447,0.46,0.3946,,0.4396,0.624,0.4742,0.7419,0.0,0.0,0.6129,0.8324,0.1333,0.1818,0.2632,1.0,0.6534,0.1767,0.9281,0.0,"1,2,3,4,5",0.0,1.0,0.5,0.0,1.0,0.1575,0.5,0.4,
2026-08-20,4631,ＤＩＣ,化学,54.67,0.2,除外,0.9441,0.5391,0.3063,,0.3972,0.7342,0.6804,0.7419,0.0,0.0,0.625,0.0,0.6,,0.1579,0.2,0.4461,0.1426,0.0,1.0,"2,3,4,5",1.0,1.0,1.0,1.0,1.0,0.8527,1.0,0.7,0.9632
2026-08-20,4633,サカタインクス,化学,53.9,0.4,除外,0.9558,0.644,0.4919,0.4528,0.1505,0.4937,0.3402,0.7419,1.0,0.7066,0.2859,0.4418,0.5333,0.1818,0.975,0.2,0.4942,0.1079,0.0,0.0,"3,4,5",1.0,0.9606,1.0,1.0,0.7522,0.9334,1.0,1.0,0.4545
2026-08-20,4634,ａｒｔｉｅｎｃｅ,化学,58.67,0.4,除外,1.0,0.7461,0.3624,,0.2385,0.6754,0.567,0.7419,1.0,0.0319,0.6962,0.3213,0.4,,0.475,0.2,0.7156,,0.0,0.0,"3,4,5",1.0,1.0,1.0,1.0,1.0,1.0,1.0,1.0,0.2421
2026-08-20,4641,アルプス技研,サービス業,22.55,0.0,除外,0.0,0.0,0.5754,,0.3268,,,,,0.7274,0.4058,0.7016,0.4667,0.0,0.3158,1.0,0.1415,0.1182,0.0474,1.0,"1,2,3,4,5",,,,,,,,,
2026-08-20,4658,日本空調サービス,サービス業,41.36,0.2,除外,0.644,0.4079,0.4157,0.2213,0.3792,0.6627,0.8721,0.0968,0.0,0.0,0.1423,0.854,0.6667,0.2273,0.1579,0.5,1.0,0.1212,0.3956,0.0,"2,3,4,5",1.0,1.0,1.0,0.0,1.0,0.6521,0.5,0.0,0.0
2026-08-20,4661,オリエンタルランド,サービス業,21.2,0.0,除外,0.0,0.0,0.4917,0.4347,0.1335,,,,,0.0,0.4358,0.931,0.6,0.0,0.575,1.0,0.1636,,0.0,0.2368,"1,2,3,4,5",,,,,,,,,0.1636
2026-08-20,4665,ダスキン,サービス業,51.83,0.2,除外,0.9674,0.5377,0.3399,,0.2282,0.3797,0.6744,0.0968,1.0,0.1518,0.6079,0.0,0.6,,0.0,0.2,0.4451,,0.2395,0.0,"2,3,4,5",1.0,1.0,1.0,1.0,0.837,0.9021,1.0,1.0,0.8
2026-08-20,4666,パーク２４,不動産業,54.98,0.6,監視,0.7195,0.4231,0.8079,0.125,0.6734,0.2837,0.3256,0.1613,0.9219,1.0,0.6485,0.983,0.6,0.0,0.0,0.5,0.6315,0.194,0.868,1.0,"2,4",1.0,0.8108,0.5,1.0,0.5779,0.467,1.0,0.4,0.0
2026-08-20,4674,クレスコ,情報・通信業,36.46,0.2,除外,0.8762,0.0,0.2827,,0.2995,,,,,0.0,0.5975,0.0,0.5333,,0.8947,0.5,0.9001,0.2978,0.0,0.0,"2,3,4,5",1.0,0.5097,0.5,1.0,1.0,1.0,1.0,1.0,0.1636
2026-08-20,4676,フジ・メディア・ホールディングス,情報・通信業,66.85,0.6,監視,0.9708,0.4354,0.7769,0.4408,0.7186,0.3716,0.7692,0.0323,0.5684,0.9895,0.5491,0.9692,0.6,0.5,0.0526,0.5,0.7466,0.3567,0.7711,1.0,"2,4",1.0,1.0,1.0,1.0,1.0,0.7665,1.0,1.0,0.7105
2026-08-20,4680,ラウンドワン,サービス業,14.36,0.0,除外,0.0,0.0,0.2992,,0.2753,,,,,0.3305,0.533,0.0,0.3333,,0.2105,0.5,0.0,0.5598,0.5413,0.0,"1,2,3,4,5",,,,,,,,,0.5818
2026-08-20,4681,リゾートトラスト,サービス業,26.0,0.0,除外,0.0,0.3253,0.3735,0.1513,0.45,0.2077,0.4186,0.0968,0.578,0.2859,0.5413,0.0,0.6667,0.0,0.1053,0.5,0.6761,0.1238,0.0,1.0,"1,2,3,4,5",,,,,,,,,0.0
2026-08-20,4684,オービック,情報・通信業,20.66,0.0,除外,0.0,0.0,0.4629,0.3578,0.2125,,,,,0.3212,0.2136,0.9834,0.3333,0.0,0.8947,0.5,0.6486,0.1212,0.08,0.0,"1,2,3,4,5",,,,,,,,,0.0364
2026-08-20,4686,ジャストシステム,情報・通信業,35.16,0.2,除外,0.0,0.2487,0.6016,,0.5561,0.2703,0.6923,0.0323,0.0,0.8015,0.2437,0.6943,0.6667,0.0,0.5789,0.5,0.6779,0.1732,0.3731,1.0,"1,2,4,5",,,,,,,,,
2026-08-20,4689,ＬＩＮＥヤフー,情報・通信業,14.9,0.0,除外,0.0,0.0,0.3638,,0.232,,,,,0.2403,0.4678,0.3471,0.4,,0.5789,1.0,0.6961,,0.0,0.0,"1,2,3,4,5",,,,,,,,,0.5091
2026-08-20,4694,ビー・エム・エル,サービス業,40.41,0.4,除外,0.0,0.2705,0.6631,,0.6826,0.3574,0.6279,0.0968,0.0,0.7703,0.4531,0.8958,0.5333,0.2273,0.0,0.2,1.0,0.1427,0.5878,1.0,"1,2,4",,,,,,,,,
2026-08-20,4704,トレンドマイクロ,情報・通信業,35.98,0.4,除外,0.0,0.0,0.7144,,0.7246,,,,,0.8592,0.4112,0.9205,0.6667,0.0,0.8947,1.0,0.9879,,0.4449,0.7412,"1,2,4",,,,,,,,,
2026-08-20,4716,日本オラクル,情報・通信業,25.62,0.2,除外,0.0,0.0,0.6804,,0.3445,,,,,1.0,0.2172,0.8376,0.6667,0.0,0.5263,0.5,1.0,0.1673,0.2108,0.0,"1,2,4,5",,,,,,,,,
2026-08-20,4722,フューチャー,情報・通信業,27.04,0.2,除外,0.9178,0.0,0.1639,,0.0,,,,,0.0,0.6555,0.0,0.0,,0.925,1.0,0.0,,0.0,0.0,"2,3,4,5",1.0,0.8503,0.5,1.0,1.0,0.9918,1.0,1.0,0.3273
2026-08-20,4725,ＣＡＣ　Ｈｏｌｄｉｎｇｓ,情報・通信業,14.18,0.0,除外,0.0,0.0,0.2298,0.2763,0.203,,,,,0.1719,0.4004,0.147,0.2,0.0,0.1053,1.0,0.4593,0.1435,0.0083,0.2008,"1,2,3,4,5",,,,,,,,,0.0
2026-08-20,4732,ユー・エス・エス,サービス業,63.01,0.2,除外,0.9553,0.5657,0.5292,,0.4699,0.4453,0.7209,0.0968,1.0,0.5694,0.2473,0.9002,0.4,,0.0,0.2,0.5614,0.2867,0.7083,0.3234,"2,3,4,5",1.0,1.0,1.0,1.0,0.7454,0.8973,1.0,1.0,0.9273
2026-08-20,4733,オービックビジネスコンサルタント,情報・通信業,19.88,0.2,除外,0.0,0.0,0.6217,0.3267,0.0457,,,,,0.0,0.8555,0.8982,0.7333,0.0,0.925,0.2,0.137,,0.0,0.0,"1,2,4,5",,,,,,,,,0.1818
2026-08-20,4743,アイティフォー,情報・通信業,37.57,0.2,除外,0.8716,0.4229,0.2258,0.0677,0.2904,0.3827,0.7949,0.0323,0.4819,0.2038,0.3661,0.0,0.3333,0.0,0.0526,0.2,0.4038,,0.0,0.4673,"2,3,4,5",1.0,1.0,0.5,1.0,0.6123,0.8604,1.0,1.0,0.0182
2026-08-20,4751,サイバーエージェント,サービス業,7.99,0.0,除外,0.0,0.0,0.1679,,0.1516,,,,,0.0,0.2051,0.0,0.4667,0.0,0.1053,0.2,0.4547,,0.0,0.0,"1,2,3,4,5",,,,,,,,,
2026-08-20,4755,楽天グループ,サービス業,22.91,0.0,除外,0.0,0.4655,0.1766,,0.2742,0.2651,0.5,0.0968,1.0,0.0882,0.285,0.0,0.3333,0.0,0.0,0.5,0.8373,0.1989,0.0606,0.0,"1,2,3,4,5",,,,,,,,,
2026-08-20,4765,ＳＢＩグローバルアセットマネジメント,サービス業,13.24,0.0,除外,0.0,0.0,0.3889,0.1861,0.0871,,,,,0.0,0.5613,0.9944,0.0,0.0,0.5263,0.2,0.0918,0.1237,0.0,0.1329,"1,2,3,4,5",,,,,,,,,0.0182
2026-08-20,4768,大塚商会,情報・通信業,49.88,0.2,除外,0.8603,0.4546,0.5766,,0.1037,0.2048,0.5812,0.0323,1.0,0.6176,0.388,0.9673,0.3333,,0.7895,0.5,0.311,,0.0,0.0,"2,3,4,5",1.0,0.8824,0.0,1.0,1.0,1.0,1.0,1.0,0.1636
2026-08-20,4776,サイボウズ,情報・通信業,37.42,0.2,除外,0.0,0.0,0.7525,0.5278,0.5909,,,,,0.8504,0.5019,0.7244,0.9333,0.0,0.9474,1.0,0.5442,,0.3704,0.8581,"1,2,4,5",,,,,,,,,0.1636
2026-08-20,4784,ＧＭＯインターネット,サービス業,31.76,0.2,除外,0.0,0.0,0.5728,,0.6975,,,,,0.3269,0.5005,0.9304,0.5333,0.0,0.9474,1.0,1.0,0.1068,0.6833,1.0,"1,2,3,4",,,,,,,,,
2026-08-20,4812,電通総研,情報・通信業,51.71,0.2,除外,0.927,0.5828,0.4001,0.19,0.4855,0.4527,0.8462,0.0323,1.0,0.2485,0.2991,0.5861,0.4667,0.0,0.1053,0.2,0.8332,0.1088,1.0,0.0,"2,3,4,5",1.0,1.0,0.5,1.0,1.0,0.9157,1.0,1.0,0.4545
2026-08-20,4816,東映アニメーション,情報・通信業,22.38,0.0,除外,0.0,0.0,0.2761,0.3955,0.4474,,,,,0.0,0.3282,0.3096,0.4667,0.0,0.9,0.5,0.6822,,0.4565,0.2034,"1,2,3,4,5",,,,,,,,,0.1818
2026-08-20,4819,デジタルガレージ,情報・通信業,37.7,0.4,除外,0.0,0.0,0.7373,,0.7707,,,,,1.0,0.4454,0.9706,0.5333,0.0,0.0,1.0,1.0,0.4444,1.0,0.6383,"1,2,4",,,,,,,,,
2026-08-20,4825,ウェザーニューズ,情報・通信業,33.03,0.0,除外,0.0,0.2557,0.4577,0.4432,0.4947,0.2897,0.7009,0.0323,0.0,0.4666,0.1208,0.71,0.5333,0.7727,0.0,1.0,0.7131,0.117,0.6695,0.4793,"1,2,3,4,5",,,,,,,,,0.0
2026-08-20,4826,ＣＩＪ,情報・通信業,50.93,0.4,除外,0.7677,0.3804,0.602,0.2611,0.5352,0.2964,0.7094,0.0323,0.4834,0.4944,0.6987,0.4817,0.7333,0.0,0.5263,0.5,0.7764,0.1431,0.2212,1.0,"2,4,5",1.0,0.8498,0.0,1.0,0.5495,0.7422,1.0,1.0,0.0182
2026-08-20,4848,フルキャストホールディングス,サービス業,30.91,0.0,除外,0.0,0.4262,0.5012,,0.3089,0.201,0.407,0.0968,1.0,0.6394,0.3484,0.5502,0.4667,,0.1579,0.5,0.3945,,0.0,0.5322,"1,2,3,4,5",,,,,,,,,0.0182
2026-08-20,4849,エン,サービス業,20.45,0.0,除外,0.0,0.0,0.3033,0.4342,0.2848,,,,,0.0,0.7467,0.0,0.4667,0.0,0.7368,1.0,0.7902,0.156,0.0,0.1931,"1,2,3,4,5",,,,,,,,,0.0
2026-08-20,4886,あすか製薬ホールディングス,医薬品,24.36,0.0,除外,0.0,0.0,0.4205,,0.5538,,,,,0.2192,0.2577,0.7384,0.4667,0.5909,0.925,0.2,1.0,0.4444,0.3948,0.3758,"1,2,3,4,5",,,,,,,,,
2026-08-20,4887,サワイグループホールディングス,医薬品,22.85,0.2,除外,0.0,0.0,0.2373,,0.6766,,,,,0.4099,0.2571,0.0823,0.2,0.0,0.3684,1.0,1.0,0.1333,0.5729,1.0,"1,2,3,4",,,,,,,,,
2026-08-20,4889,レナサイエンス,医薬品,24.53,0.0,除外,0.0,0.0,0.3905,,0.5906,,,,,0.6075,0.3546,0.0,0.6,0.0,0.1579,1.0,0.9261,0.1955,0.291,0.95,"1,2,3,4,5",,,,,,,,,
2026-08-20,4894,クオリプス,医薬品,23.67,0.0,除外,0.0,0.0,0.47,,0.4769,,,,,0.4064,0.1984,0.8087,0.4667,0.1364,0.3158,1.0,0.5555,0.1171,0.2349,1.0,"1,2,3,4,5",,,,,,,,,
2026-08-20,4901,富士フイルムホールディングス,化学,36.05,0.2,除外,0.514,0.6125,0.2211,0.1645,0.2903,0.4296,0.2784,0.7419,1.0,0.0,0.2846,0.0,0.6,0.0,0.1579,0.5,0.4459,,0.0,0.4251,"1,3,4,5",1.0,0.5529,0.5,0.0,0.5257,0.4337,1.0,0.1,0.0
2026-08-20,4902,コニカミノルタ,電気機器,46.05,0.4,除外,0.9097,0.6896,0.3444,0.0854,0.2735,0.548,0.275,0.9355,1.0,0.0487,0.4002,0.5954,0.3333,0.0,0.1053,0.2,0.2389,0.1552,0.4876,0.2124,"3,4,5",1.0,1.0,0.5,1.0,1.0,0.778,1.0,1.0,0.0364
2026-08-20,4911,資生堂,化学,63.61,0.2,除外,0.9289,0.5771,0.4613,,0.5771,0.3604,0.2062,0.7419,1.0,0.0731,0.4305,0.6748,0.6667,,0.95,0.2,0.8051,,0.2101,0.7162,"2,3,4,5",1.0,1.0,0.5,1.0,1.0,0.9315,1.0,1.0,0.4364
2026-08-20,4912,ライオン,化学,51.67,0.2,除外,0.9919,0.5731,0.3198,,0.1819,0.3544,0.1959,0.7419,1.0,0.2,0.4122,0.067,0.6,,0.5789,0.2,0.2903,,0.0,0.2553,"2,3,4,5",1.0,1.0,1.0,1.0,0.9353,1.0,1.0,1.0,0.7818
2026-08-20,4914,高砂香料工業,化学,22.92,0.0,除外,0.0,0.0,0.4159,,0.5009,,,,,0.3816,0.3855,0.2966,0.6,0.0,0.2105,1.0,1.0,0.1664,0.148,0.689,"1,2,3,4,5",,,,,,,,,
2026-08-20,4919,ミルボン,化学,53.4,0.4,除外,1.0,0.6086,0.2698,,0.2576,0.4244,0.268,0.7419,1.0,0.0,0.4794,0.0,0.6,,0.1053,1.0,0.7728,,0.0,0.0,"3,4,5",1.0,1.0,1.0,1.0,1.0,1.0,1.0,1.0,0.8
2026-08-20,4922,コーセー,化学,19.32,0.0,除外,0.0,0.0,0.2349,0.3583,0.3729,,,,,0.1009,0.3964,0.1757,0.2667,0.2273,0.8421,0.2,0.276,0.1236,0.3646,0.7275,"1,2,3,4,5",,,,,,,,,0.1636
2026-08-20,4927,ポーラ・オルビスホールディングス,化学,41.77,0.2,除外,0.7468,0.5415,0.3586,,0.0241,0.2591,0.1649,0.7419,1.0,0.0,0.7123,0.2554,0.4667,,0.1579,0.5,0.0,0.0963,0.0,0.0,"2,3,4,5",1.0,0.57,0.0,1.0,0.4606,0.944,1.0,1.0,0.0182
2026-08-20,4928,ノエビアホールディングス,化学,43.91,0.2,除外,0.7779,0.5485,0.4527,0.3483,0.068,0.277,0.1753,0.7419,1.0,0.0,0.1996,0.9445,0.6667,0.0,0.775,0.2,0.204,,0.0,0.0,"2,3,4,5",1.0,0.8888,0.0,1.0,0.5052,0.8294,1.0,1.0,0.4182
2026-08-20,4956,コニシ,化学,52.7,0.2,除外,0.9073,0.4191,0.4862,0.3395,0.4827,0.5428,0.3918,0.7419,0.0,0.1734,0.2943,0.8773,0.6,1.0,0.1579,0.2,0.6037,0.2473,0.2754,0.8043,"2,3,4,5",1.0,1.0,1.0,1.0,0.6385,0.9199,1.0,0.7,0.0
2026-08-20,4958,長谷川香料,化学,71.65,0.6,監視,0.9805,0.4767,0.7529,,0.656,0.3098,0.1856,0.7419,0.6695,0.8826,0.4901,0.9723,0.6667,,0.35,0.2,0.8251,0.1111,0.6878,1.0,"2,4",1.0,1.0,1.0,1.0,0.8442,1.0,1.0,1.0,0.9263
2026-08-20,4966,上村工業,化学,32.89,0.2,除外,0.5625,0.65,0.0598,0.3452,0.0271,0.9404,0.9175,0.7419,0.0,0.0,0.0599,0.1792,0.0,0.9545,0.1053,0.2,0.0,,0.0814,0.0,"1,3,4,5",1.0,1.0,1.0,0.0,1.0,0.0,0.5,0.0,0.1211
2026-08-20,4967,小林製薬,化学,41.42,0.2,除外,0.6238,0.2845,0.5876,0.1636,0.4113,0.2517,0.1443,0.7419,0.0,0.6993,0.5042,0.8135,0.3333,0.4545,0.0,0.2,0.0341,0.1944,0.4167,1.0,"2,3,4,5",1.0,0.732,0.5,1.0,0.3189,0.6397,0.5,0.3,0.0
2026-08-20,4968,荒川化学工業,化学,60.25,0.4,除外,0.9625,0.8811,0.3632,,0.2031,0.9062,0.8763,0.7419,1.0,0.2334,0.5999,0.6196,0.0,,0.1579,0.5,0.0,,0.0,0.6094,"3,4,5",1.0,1.0,1.0,1.0,1.0,1.0,1.0,0.7,0.4579
2026-08-20,4970,東洋合成工業,化学,43.1,0.2,除外,0.5625,0.6707,0.1311,0.5164,0.2742,0.9717,0.9691,0.7419,0.0,0.0,0.191,0.0,0.3333,0.8,0.95,0.2,0.0,0.2072,0.0,0.8898,"1,3,4,5",1.0,1.0,1.0,0.0,1.0,0.0,0.5,0.0,0.1158
2026-08-20,4971,メック,化学,40.04,0.2,除外,0.5625,0.6736,0.1727,0.3702,0.223,0.9732,0.9794,0.7419,0.0,0.0,0.3574,0.0,0.3333,0.9545,0.0,0.5,0.0,0.2586,0.3402,0.2932,"1,3,4,5",1.0,1.0,1.0,0.0,1.0,0.0,0.5,0.0,0.0263
2026-08-20,4972,綜研化学,化学,37.53,0.4,除外,0.6896,0.6348,0.3326,0.2194,0.0,0.9106,0.8866,0.7419,0.0,0.1422,0.4739,0.7142,0.0,0.2,0.3684,0.2,0.0,,0.0,0.0,"3,4,5",1.0,1.0,1.0,0.0,1.0,0.5164,1.0,0.0,0.1091
2026-08-20,4973,日本高純度化学,化学,36.75,0.2,除外,0.625,0.5456,0.2219,0.324,0.121,0.7394,0.701,0.7419,0.0,0.0,0.4361,0.4516,0.0,0.9545,0.1053,0.2,0.0,0.4444,0.0397,0.0,"2,3,4,5",1.0,1.0,1.0,0.0,1.0,0.0998,0.5,0.4,0.0364
2026-08-20,4975,ＪＣＵ,化学,31.6,0.2,除外,0.4375,0.6163,0.1441,,0.0662,0.8883,0.8351,0.7419,0.0,0.0,0.2793,0.1638,0.1333,1.0,0.9474,0.2,0.0,,0.1986,0.0,"1,3,4,5",0.0,1.0,1.0,0.0,1.0,0.0,0.5,0.0,
2026-08-20,4980,デクセリアルズ,化学,64.33,0.8,本命,0.625,0.5869,0.6078,0.7557,0.6411,0.822,0.7835,0.7419,0.0,1.0,0.2336,0.6641,0.5333,0.9545,0.9474,0.2,0.3959,,0.5403,0.9871,2,1.0,1.0,1.0,0.0,1.0,0.0,1.0,0.0,0.9211
2026-08-20,4985,アース製薬,化学,16.01,0.0,除外,0.0,0.0,0.359,,0.2815,,,,,0.4031,0.6464,0.3865,0.0,0.0,0.1053,1.0,0.1374,0.1149,0.0,0.8739,"1,2,3,4,5",,,,,,,,,
2026-08-20,4992,北興化学工業,化学,46.0,0.2,除外,0.878,0.5569,0.4548,0.3395,0.0709,0.6709,0.5464,0.7419,0.2683,0.6402,0.3093,0.8697,0.0,1.0,0.1579,0.2,0.0,0.2605,0.0,0.0229,"2,3,4,5",1.0,1.0,1.0,1.0,1.0,0.6241,1.0,0.4,0.0
2026-08-20,4996,クミアイ化学工業,化学,37.01,0.4,除外,0.0,0.0,0.6793,0.5234,0.6475,,,,,1.0,0.3938,0.6569,0.6667,0.4545,0.4211,1.0,1.0,0.332,0.4658,0.7922,"1,2,4",,,,,,,,,0.2182
2026-08-20,4997,日本農薬,化学,57.26,0.4,除外,0.9958,0.6288,0.277,,0.3889,0.4639,0.3093,0.7419,1.0,0.0,0.5996,0.1082,0.4,,0.8421,0.5,1.0,0.5556,0.0,0.0,"3,4,5",1.0,0.9869,1.0,1.0,1.0,0.9797,1.0,1.0,0.2364
2026-08-20,5016,ＪＸ金属,非鉄金属,65.07,0.8,本命,0.6125,0.709,0.655,,0.6262,0.9933,0.875,0.9677,0.0,0.8057,0.4132,0.9346,0.4667,0.6818,0.3158,0.2,0.5182,0.2426,0.7439,1.0,4,1.0,1.0,1.0,0.0,1.0,0.0,0.5,0.4,
2026-08-20,5019,出光興産,石油・石炭製品,59.21,0.4,除外,0.7688,0.4644,0.5842,0.3636,0.7793,0.6433,0.75,,0.0,0.7362,0.3478,0.6529,0.6,0.4545,0.0,1.0,1.0,0.4167,0.7006,1.0,"2,3,4",1.0,1.0,0.5,1.0,1.0,0.1501,0.5,1.0,0.0
2026-08-20,5020,ＥＮＥＯＳホールディングス,石油・石炭製品,58.31,0.4,除外,0.7056,0.5989,0.5355,0.3463,0.7291,0.7967,1.0,,0.0,0.666,0.3417,0.4675,0.6667,0.2273,0.1579,1.0,1.0,0.1289,0.7875,1.0,"2,3,4",1.0,1.0,0.5,1.0,1.0,0.3446,0.5,0.3,0.0
2026-08-20,5021,コスモエネルギーホールディングス,石油・石炭製品,56.08,0.6,監視,0.7711,0.6584,0.5344,0.2081,0.6321,0.4751,0.5,,1.0,0.7003,0.5774,0.5266,0.3333,0.2273,0.1053,0.5,0.9938,0.2609,0.2735,1.0,"3,4",1.0,0.9769,0.5,1.0,0.8312,0.3611,0.5,1.0,0.0
2026-08-20,5032,ＡＮＹＣＯＬＯＲ,情報・通信業,25.99,0.0,除外,0.0,0.0,0.5773,,0.4623,,,,,1.0,0.011,0.6315,0.6667,0.0,0.6316,1.0,0.8214,0.0909,0.5912,0.3456,"1,2,3,4,5",,,,,,,,,
2026-08-20,5074,テスホールディングス,建設業,64.2,0.8,本命,0.6125,0.6636,0.6593,0.5287,0.7461,0.9449,1.0,0.7097,0.0,0.886,0.3178,0.6999,0.7333,0.7727,0.2105,0.5,1.0,0.4847,0.6837,0.816,4,1.0,1.0,1.0,0.0,1.0,0.0,0.5,0.4,0.6316
2026-08-20,5076,インフロニア・ホールディングス,建設業,62.69,0.6,監視,0.9117,0.9005,0.4348,0.275,0.6125,0.9069,0.9853,0.7097,1.0,0.4629,0.5269,0.1493,0.6,0.6,0.0,0.5,0.5834,,0.254,1.0,"3,4",1.0,1.0,1.0,1.0,1.0,0.8937,1.0,0.4,0.0
2026-08-20,5101,横浜ゴム,ゴム製品,58.03,0.6,監視,0.9917,0.8282,0.2296,0.1086,0.7434,0.8287,1.0,0.4839,1.0,0.0,0.1185,0.0,0.8,0.1818,0.0526,0.2,0.5919,0.4607,0.9209,1.0,"3,4",1.0,1.0,1.0,1.0,1.0,0.9339,1.0,1.0,0.0
2026-08-20,5105,ＴＯＹＯ　ＴＩＲＥ,ゴム製品,30.69,0.2,除外,0.1667,0.648,0.1582,,0.2546,0.5249,0.5833,0.4839,1.0,0.0,0.1663,0.0,0.4667,0.2273,0.1053,0.2,0.7997,0.1214,0.0,0.0974,"1,3,4,5",0.0,0.5416,0.0,0.0,0.5426,0.149,0.0,0.1,
2026-08-20,5108,ブリヂストン,ゴム製品,46.96,0.4,除外,0.9159,0.6105,0.2173,,0.1347,0.4579,0.5,0.4839,1.0,0.0,0.4593,0.0765,0.3333,,0.75,0.2,0.4041,,0.0,0.0,"3,4,5",1.0,1.0,0.5,1.0,1.0,0.8269,1.0,1.0,0.4545
2026-08-20,5110,住友ゴム工業,ゴム製品,51.62,0.4,除外,0.8668,0.6754,0.4068,0.3659,0.2659,0.551,0.6667,0.4839,1.0,0.293,0.4878,0.4463,0.4,0.2273,1.0,0.2,0.5105,0.1395,0.0429,0.3707,"3,4,5",1.0,1.0,0.5,1.0,1.0,0.4342,1.0,1.0,0.0364
2026-08-20,5121,藤倉コンポジット,ゴム製品,59.44,0.4,除外,0.9955,0.6305,0.5287,,0.2229,0.7915,0.8333,0.4839,0.4133,0.4179,0.5451,0.6853,0.4667,,0.0,0.2,0.542,,0.0,0.1267,"3,4,5",1.0,1.0,1.0,1.0,1.0,0.9641,1.0,1.0,0.0
2026-08-20,5122,オカモト,ゴム製品,38.25,0.2,除外,0.9041,0.4136,0.1865,0.2139,0.1945,0.3649,0.0833,0.4839,0.7225,0.0,0.4128,0.0,0.3333,0.0,0.4737,0.2,0.5836,,0.0,0.0,"2,3,4,5",1.0,1.0,0.5,1.0,0.8849,0.8483,1.0,1.0,0.1818
2026-08-20,5161,西川ゴム工業,ゴム製品,50.64,0.2,除外,0.7176,0.5863,0.22,0.4284,0.5799,0.4445,0.4167,0.4839,1.0,0.1003,0.2462,0.0,0.5333,0.2273,0.95,0.5,1.0,0.213,0.1068,1.0,"2,3,4,5",1.0,1.0,0.5,1.0,0.7308,0.0099,0.5,1.0,0.0364
2026-08-20,5184,ニチリン,ゴム製品,53.95,0.6,監視,0.8866,0.2888,0.6371,0.1331,0.752,0.4214,0.25,0.4839,0.0,0.717,0.4797,0.6852,0.6667,0.2273,0.1053,0.2,1.0,0.118,0.8899,1.0,"2,4",1.0,1.0,1.0,1.0,0.5893,0.8034,1.0,0.7,0.0
2026-08-20,5185,フコク,ゴム製品,45.99,0.2,除外,0.8315,0.5068,0.2231,0.446,0.2918,0.3768,0.1667,0.4839,1.0,0.0,0.6256,0.0,0.2667,0.0909,0.675,1.0,0.9518,0.2156,0.0,0.0,"2,3,4,5",1.0,0.6055,0.5,1.0,0.6432,0.9036,1.0,1.0,0.0182
2026-08-20,5186,ニッタ,ゴム製品,68.22,0.4,除外,0.9894,0.7982,0.5055,,0.4356,0.7923,0.9167,0.4839,1.0,0.2639,0.4902,0.6679,0.6,,0.2632,0.2,0.2431,,0.0637,1.0,"3,4,5",1.0,1.0,1.0,1.0,1.0,0.9151,1.0,1.0,0.0
2026-08-20,5192,三ツ星ベルト,ゴム製品,53.46,0.2,除外,0.9683,0.5607,0.3352,,0.274,0.4274,0.3333,0.4839,0.9983,0.0,0.7406,0.0,0.6,,0.95,0.5,0.8832,0.2129,0.0,0.0,"2,3,4,5",1.0,1.0,1.0,1.0,0.8207,0.9259,1.0,1.0,0.3636
2026-08-20,5195,バンドー化学,ゴム製品,59.0,0.4,除外,0.9907,0.7061,0.3588,,0.3046,0.5905,0.75,0.4839,1.0,0.2384,0.4172,0.3798,0.4,,0.7,0.2,1.0,0.2182,0.0,0.0,"3,4,5",1.0,1.0,1.0,1.0,1.0,0.9255,1.0,1.0,0.0
2026-08-20,5201,ＡＧＣ,ガラス・土石製品,50.55,0.0,除外,0.5625,0.4959,0.5147,0.4972,0.4574,0.6902,0.4545,0.8387,0.0,0.4923,0.151,0.9487,0.4667,0.8636,0.925,0.2,0.6036,0.1111,0.6242,0.4908,"1,2,3,4,5",1.0,1.0,1.0,0.0,1.0,0.0,0.5,0.0,0.0
2026-08-20,5202,日本板硝子,ガラス・土石製品,31.58,0.0,除外,0.0,0.319,0.3896,,0.5545,0.3008,0.1364,0.8387,0.0,0.7546,0.0,0.1371,0.6667,0.0455,0.4211,0.5,1.0,0.213,1.0,0.005,"1,2,3,4,5",,,,,,,,,
2026-08-20,5208,有沢製作所,化学,60.56,0.4,除外,0.9554,0.8203,0.258,,0.3888,0.8071,0.732,0.7419,1.0,0.2094,0.3019,0.1873,0.3333,,0.2632,0.2,0.1663,0.4322,0.0,0.9566,"3,4,5",1.0,1.0,1.0,1.0,1.0,0.9434,1.0,0.7,0.0
2026-08-20,5210,日本山村硝子,ガラス・土石製品,57.49,0.6,監視,0.7273,0.6109,0.4503,0.3463,0.7398,0.3775,0.2273,0.8387,1.0,0.7436,0.2412,0.0832,0.7333,0.2273,0.1579,1.0,1.0,0.1908,0.7683,1.0,"3,4",1.0,0.7154,0.5,1.0,0.6034,0.0,1.0,1.0,0.0
2026-08-20,5214,日本電気硝子,ガラス・土石製品,41.09,0.0,除外,0.2684,0.5642,0.4782,,0.3327,0.7818,0.6364,0.8387,0.0,0.3493,0.335,0.8285,0.4,0.5909,0.775,0.2,0.7381,0.4444,0.1484,0.0,"1,2,3,4,5",0.0,0.7044,0.5,0.0,0.9424,0.0,0.0,0.0,
2026-08-20,5232,住友大阪セメント,ガラス・土石製品,69.61,0.8,本命,0.9264,0.6205,0.7251,0.5763,0.6324,0.6791,0.4091,0.8387,0.5551,0.4705,0.9866,0.9765,0.4667,1.0,0.1579,0.2,0.4218,0.3855,0.7223,1.0,4,1.0,1.0,1.0,1.0,1.0,0.7112,1.0,0.7,0.9474
2026-08-20,5233,太平洋セメント,ガラス・土石製品,52.25,0.4,除外,0.9122,0.3357,0.585,0.124,0.6554,0.3224,0.1818,0.8387,0.0,0.5642,0.4854,0.8239,0.4667,0.1364,0.1053,0.2,0.7871,0.1329,0.7014,1.0,"2,3,4",1.0,0.8943,1.0,1.0,0.8964,0.5065,1.0,1.0,0.0545
2026-08-20,5243,ｎｏｔｅ,情報・通信業,54.2,0.4,除外,0.8491,0.6456,0.5673,0.1426,0.5052,0.6612,0.8889,0.0323,1.0,0.0734,0.6576,0.8717,0.6667,0.0,0.3158,0.2,0.4626,0.3361,0.2223,1.0,"3,4,5",1.0,1.0,0.5,1.0,1.0,0.2926,1.0,1.0,0.0545
2026-08-20,5246,ＥＬＥＭＥＮＴＳ,情報・通信業,17.72,0.0,除外,0.0,0.0,0.4886,,0.2201,,,,,0.0,0.7615,0.793,0.4,,0.9,1.0,0.3158,0.1372,0.4276,0.0,"1,2,3,4,5",,,,,,,,,0.2909
2026-08-20,5253,カバー,情報・通信業,13.79,0.0,除外,0.0,0.0,0.1776,,0.374,,,,,0.0,0.1459,0.4977,0.0667,0.0,0.1053,1.0,0.0,0.113,0.4728,0.9101,"1,2,3,4,5",,,,,,,,,
2026-08-20,5262,日本ヒューム,ガラス・土石製品,23.78,0.0,除外,0.0,0.0,0.4011,,0.55,,,,,0.4516,0.486,0.0,0.6667,0.0,0.1579,1.0,1.0,0.162,0.0381,1.0,"1,2,3,4,5",,,,,,,,,
2026-08-20,5288,アジアパイルホールディングス,ガラス・土石製品,56.27,0.4,除外,0.9543,0.5145,0.2191,0.2713,0.8542,0.7193,0.5,0.8387,0.0,0.0689,0.4075,0.0,0.4,0.7273,0.1579,0.2,1.0,0.4167,1.0,1.0,"2,3,4",1.0,1.0,1.0,1.0,1.0,0.6346,1.0,1.0,0.0
2026-08-20,5301,東海カーボン,ガラス・土石製品,64.99,0.4,除外,0.9355,0.5456,0.5755,0.5264,0.6667,0.7528,0.5909,0.8387,0.0,0.3386,0.5804,0.8494,0.5333,0.8636,0.1579,0.2,1.0,,0.0,1.0,"2,3,4",1.0,1.0,1.0,1.0,1.0,0.7842,1.0,0.7,0.8842
2026-08-20,5302,日本カーボン,ガラス・土石製品,51.15,0.2,除外,0.9701,0.3808,0.4849,,0.2101,0.4118,0.2727,0.8387,0.0,0.5626,0.5259,0.5178,0.3333,,0.2105,0.2,0.213,0.1806,0.0,0.4467,"2,3,4,5",1.0,1.0,1.0,1.0,0.7605,1.0,1.0,1.0,0.1158
2026-08-20,5310,東洋炭素,ガラス・土石製品,54.56,0.4,除外,0.7529,0.4687,0.7052,0.333,0.4681,0.6724,0.3636,0.8387,0.0,1.0,0.4093,0.8782,0.5333,0.8636,0.1053,0.2,0.2334,0.4329,0.2101,0.9961,"2,4,5",1.0,1.0,1.0,0.0,1.0,0.3235,1.0,0.7,0.1632
2026-08-20,5331,ノリタケ,ガラス・土石製品,55.31,0.6,監視,0.8887,0.6031,0.6436,0.3864,0.2438,0.8466,0.7273,0.8387,0.0,0.8828,0.6595,0.432,0.6,0.9545,0.0,0.5,0.3624,0.3889,0.0,0.2239,"4,5",1.0,1.0,1.0,1.0,1.0,0.4097,1.0,0.7,0.0909
2026-08-20,5332,ＴＯＴＯ,ガラス・土石製品,55.25,0.4,除外,0.625,0.6216,0.593,0.5908,0.332,0.8749,0.7727,0.8387,0.0,0.9296,0.4226,0.6198,0.4,0.8,0.6842,0.5,0.1372,,0.17,0.6887,"3,4,5",1.0,1.0,1.0,0.0,1.0,0.0,1.0,0.0,0.3789
2026-08-20,5333,日本碍子,ガラス・土石製品,57.02,0.4,除外,0.6272,0.7043,0.5485,0.5329,0.4381,0.9784,1.0,0.8387,0.0,0.625,0.3745,0.9945,0.2,1.0,0.6316,0.5,0.0,0.577,0.4441,0.7315,"3,4,5",1.0,1.0,1.0,0.0,1.0,0.018,1.0,0.0,0.0
2026-08-20,5334,日本特殊陶業,ガラス・土石製品,56.14,0.6,監視,0.7427,0.6359,0.4716,0.3158,0.6411,0.8868,0.8182,0.8387,0.0,0.1571,0.3874,0.9417,0.4,0.8,0.2632,0.2,0.3573,,0.5661,1.0,"3,4",1.0,1.0,1.0,0.0,1.0,0.5414,1.0,0.4,0.0
2026-08-20,5344,ＭＡＲＵＷＡ,ガラス・土石製品,43.8,0.2,除外,0.6226,0.5262,0.5001,0.3072,0.2336,0.7208,0.5455,0.8387,0.0,0.4907,0.1932,0.85,0.4667,0.8182,0.2105,0.2,0.1917,0.2644,0.4783,0.0,"2,3,4,5",1.0,1.0,1.0,0.0,1.0,0.0809,0.5,0.4,0.0
2026-08-20,5351,品川リフラ,ガラス・土石製品,47.58,0.4,除外,0.602,0.6606,0.1124,,0.5283,0.4855,0.3182,0.8387,1.0,0.1754,0.1562,0.0512,0.0667,0.2273,0.825,0.5,0.9616,0.1583,0.7649,0.2283,"3,4,5",0.0,0.9956,0.5,1.0,0.5587,0.2617,0.5,1.0,
2026-08-20,5367,ニッカトー,ガラス・土石製品,54.29,0.4,除外,0.675,0.6652,0.5667,0.3789,0.4286,0.9129,0.9091,0.8387,0.0,1.0,1.0,0.0,0.2667,1.0,0.3158,0.2,0.0,0.5996,0.4071,0.7075,"3,4,5",1.0,1.0,1.0,0.0,1.0,0.0,1.0,0.4,0.0
2026-08-20,5384,フジミインコーポレーテッド,ガラス・土石製品,54.52,0.4,除外,0.6973,0.649,0.5657,0.3189,0.4952,0.8935,0.8636,0.8387,0.0,0.5228,0.2969,0.9766,0.4667,0.9545,0.0,0.2,0.0,0.5139,0.4671,1.0,"3,4,5",1.0,1.0,1.0,0.0,1.0,0.1788,1.0,0.4,0.1211
2026-08-20,5393,ニチアス,ガラス・土石製品,54.95,0.2,除外,0.7447,0.5881,0.5878,0.3658,0.4612,0.8317,0.6818,0.8387,0.0,0.5521,0.3714,0.9609,0.4667,1.0,0.2632,0.2,0.3762,0.4444,0.4131,0.611,"2,3,4,5",1.0,1.0,1.0,0.0,1.0,0.558,1.0,0.4,0.0
2026-08-20,5401,日本製鉄,鉄鋼,46.04,0.2,除外,0.8268,0.4775,0.386,0.5125,0.0993,0.2718,0.3158,0.3226,1.0,0.0,0.7351,0.4091,0.4,0.0,0.85,1.0,0.2978,,0.0,0.0,"2,3,4,5",1.0,0.827,0.0,1.0,0.9121,0.8756,1.0,1.0,0.2
2026-08-20,5406,神戸製鋼所,鉄鋼,42.22,0.0,除外,0.5444,0.3318,0.5033,,0.3092,0.4557,0.5263,0.3226,0.0226,0.1407,0.4784,0.9273,0.4667,0.0909,0.0,0.5,0.6521,0.1071,0.4775,0.0,"1,2,3,4,5",0.0,1.0,0.5,1.0,0.6739,0.3811,0.5,0.3,
2026-08-20,5408,中山製鋼所,鉄鋼,43.11,0.2,除外,0.6917,0.2067,0.3192,0.3773,0.5608,0.2413,0.2632,0.3226,0.0,0.0,0.4766,0.0,0.8,0.7727,0.0,0.5,1.0,0.4182,0.2759,0.5491,"2,3,4,5",1.0,0.5775,0.5,1.0,0.5054,0.6509,1.0,0.3,0.2364
2026-08-20,5410,合同製鐵,鉄鋼,33.5,0.2,除外,0.0,0.0,0.7427,,0.5974,,,,,0.7227,0.4432,0.9381,0.8667,0.0,0.95,1.0,1.0,0.1704,0.2193,1.0,"1,2,4,5",,,,,,,,,
2026-08-20,5411,ＪＦＥホールディングス,鉄鋼,17.08,0.0,除外,0.0,0.0,0.3122,,0.3712,,,,,0.1136,0.4612,0.4739,0.2,0.1364,0.8421,0.5,0.5689,0.1719,0.3253,0.4187,"1,2,3,4,5",,,,,,,,,
2026-08-20,5423,東京製鐵,鉄鋼,58.19,0.4,除外,0.9566,0.2836,0.4385,0.5478,0.6826,0.3909,0.4211,0.3226,0.0,0.1002,0.22,0.8339,0.6,0.4545,0.1053,1.0,0.9836,0.1376,0.6094,1.0,"2,3,4",1.0,1.0,1.0,1.0,1.0,0.653,1.0,1.0,0.6316
2026-08-20,5440,共英製鋼,鉄鋼,30.71,0.2,除外,0.0,0.0,0.5744,,0.654,,,,,0.4887,0.2935,0.9153,0.6,0.0,0.1053,0.5,1.0,0.1481,0.4678,1.0,"1,2,3,4",,,,,,,,,
2026-08-20,5444,大和工業,鉄鋼,64.0,0.4,除外,0.9814,0.69,0.5148,,0.3738,0.6478,0.7895,0.3226,1.0,0.4068,0.3829,0.936,0.3333,,0.575,0.2,0.5468,,0.5745,0.0,"3,4,5",1.0,1.0,1.0,1.0,1.0,0.8516,1.0,1.0,0.0
2026-08-20,5445,東京鐵鋼,鉄鋼,59.11,0.4,除外,0.774,0.4991,0.7909,0.3312,0.56,0.3053,0.3684,0.3226,1.0,0.8736,0.3794,0.9774,0.9333,0.0,0.825,0.5,1.0,0.1617,0.6967,0.3817,"2,4,5",1.0,0.537,0.5,1.0,0.4954,0.6596,1.0,1.0,0.0
2026-08-20,5451,ヨドコウ,鉄鋼,60.67,0.6,監視,0.8239,0.5578,0.6715,0.3398,0.6404,0.4348,0.4737,0.3226,1.0,0.7489,0.5941,0.4099,0.9333,0.2727,0.65,0.2,0.9949,0.1429,0.4238,1.0,"2,4",1.0,0.7995,0.5,1.0,0.8103,0.4815,1.0,1.0,0.2364
2026-08-20,5461,中部鋼鈑,鉄鋼,29.18,0.2,除外,0.0,0.0,0.386,,0.7812,,,,,0.6759,0.2264,0.3749,0.2667,0.4091,0.2105,0.2,1.0,0.125,1.0,1.0,"1,2,3,4",,,,,,,,,
2026-08-20,5463,丸一鋼管,鉄鋼,59.24,0.6,監視,0.8437,0.5392,0.6507,0.2632,0.665,0.7267,0.8947,0.3226,0.2128,0.4385,1.0,0.5642,0.6,0.8,0.0526,0.2,0.3605,0.3889,0.9108,1.0,"2,4",1.0,1.0,1.0,1.0,1.0,0.6496,1.0,0.1,0.0
2026-08-20,5471,大同特殊鋼,鉄鋼,56.02,0.6,監視,0.7084,0.8107,0.6433,0.3132,0.3255,0.9203,1.0,0.3226,1.0,0.9911,0.3295,0.9858,0.2667,1.0,0.0526,0.2,0.0,0.4444,0.6898,0.1679,"4,5",1.0,1.0,1.0,0.0,1.0,0.2671,1.0,0.4,0.0
2026-08-20,5480,日本冶金工業,鉄鋼,56.39,0.4,除外,0.9815,0.6016,0.523,,0.1495,0.5048,0.5789,0.3226,1.0,0.1563,0.6197,0.7158,0.6,,0.2632,0.5,0.4486,,0.0,0.0,"3,4,5",1.0,1.0,1.0,1.0,1.0,0.8524,1.0,1.0,0.6364
2026-08-20,5482,愛知製鋼,鉄鋼,64.07,0.6,監視,0.9622,0.6883,0.6456,0.4237,0.4839,0.6642,0.8421,0.3226,0.9242,0.6453,0.3874,0.8164,0.7333,0.2273,0.8947,0.5,0.9044,0.161,0.5617,0.3085,"4,5",1.0,1.0,1.0,1.0,1.0,0.6976,1.0,1.0,0.0727
2026-08-20,5541,大平洋金属,鉄鋼,57.16,0.4,除外,0.8125,0.6402,0.4495,0.4014,0.5542,0.554,0.6842,0.3226,1.0,0.3286,0.3524,0.3838,0.7333,0.2273,0.8421,0.5,1.0,0.2169,0.0,1.0,"3,4,5",1.0,1.0,0.5,1.0,1.0,0.0,1.0,1.0,0.0364
2026-08-20,5563,新日本電工,鉄鋼,55.25,0.2,除外,0.8299,0.5128,0.4917,0.3431,0.5848,0.7811,0.9474,0.3226,0.0,0.3687,0.2329,0.8988,0.4667,0.8182,0.2632,0.2,0.5637,0.413,0.7187,0.6438,"2,3,4,5",1.0,1.0,1.0,1.0,1.0,0.2395,1.0,0.4,0.0909
2026-08-20,5602,栗本鐵工所,鉄鋼,34.65,0.2,除外,0.0,0.6235,0.2835,0.2608,0.5645,0.5398,0.6316,0.3226,1.0,0.0,0.5338,0.0,0.6,0.0,0.825,0.2,0.9167,0.3688,0.0,0.9727,"1,3,4,5",,,,,,,,,0.0182
2026-08-20,5631,日本製鋼所,機械,34.31,0.4,除外,0.0,0.0,0.6563,,0.7162,,,,,1.0,0.3485,0.6098,0.6667,0.2273,0.0,0.5,0.9033,0.1499,0.8117,1.0,"1,2,4",,,,,,,,,
2026-08-20,5632,三菱製鋼,鉄鋼,65.19,0.4,除外,1.0,0.4857,0.5206,,0.6013,0.6001,0.7368,0.3226,0.2832,0.4833,0.4676,0.4646,0.6667,,0.0526,0.2,0.6942,0.532,0.1789,1.0,"2,3,4",1.0,1.0,1.0,1.0,1.0,1.0,1.0,1.0,0.9421
2026-08-20,5702,大紀アルミニウム工業所,非鉄金属,51.25,0.2,除外,0.9487,0.464,0.3032,0.2922,0.5547,0.7007,0.1875,0.9677,0.0,0.0,0.8615,0.1511,0.2,0.8636,0.1053,0.2,0.8765,0.6104,0.0,0.7318,"2,3,4,5",1.0,1.0,1.0,1.0,1.0,0.5897,1.0,1.0,0.0
2026-08-20,5703,日本軽金属ホールディングス,非鉄金属,51.12,0.2,除外,0.8559,0.5116,0.4318,0.4294,0.3274,0.7662,0.3125,0.9677,0.0,0.1507,0.5701,0.9399,0.0667,0.8636,0.2632,0.5,0.8063,0.3333,0.0595,0.1103,"2,3,4,5",1.0,1.0,0.5,1.0,1.0,0.6474,1.0,0.7,0.0909
2026-08-20,5706,三井金属,非鉄金属,47.64,0.2,除外,0.4375,0.7412,0.4557,,0.2711,0.997,1.0,0.9677,0.0,0.6734,0.4827,0.0,0.6667,0.8182,0.0526,0.2,0.0,0.4655,0.6188,0.0,"1,3,4,5",0.0,1.0,1.0,0.0,1.0,0.0,0.5,0.0,
2026-08-20,5711,三菱マテリアル,非鉄金属,40.58,0.2,除外,0.8611,0.5732,0.1997,0.1909,0.2042,0.825,0.5,0.9677,0.0,0.0,0.4657,0.0,0.3333,0.2273,0.0,0.5,0.647,0.137,0.0,0.0328,"2,3,4,5",1.0,1.0,0.5,1.0,1.0,0.3885,1.0,1.0,0.0364
2026-08-20,5713,住友金属鉱山,非鉄金属,44.57,0.4,除外,0.8125,0.6314,0.217,0.2309,0.337,0.8704,0.6875,0.9677,0.0,0.0206,0.5807,0.0,0.2667,0.2273,0.1053,0.5,0.8562,0.1616,0.0,0.33,"3,4,5",1.0,1.0,0.5,1.0,1.0,0.0,1.0,1.0,0.0909
2026-08-20,5714,ＤＯＷＡホールディングス,非鉄金属,43.99,0.2,除外,0.738,0.552,0.1574,0.3554,0.3968,0.8027,0.4375,0.9677,0.0,0.0,0.4963,0.0,0.1333,0.7273,0.1579,0.5,1.0,0.4032,0.0968,0.0873,"2,3,4,5",1.0,1.0,0.5,1.0,1.0,0.2041,0.5,0.7,0.0364
2026-08-20,5715,古河機械金属,非鉄金属,42.47,0.2,除外,0.7125,0.4939,0.2965,0.1367,0.4836,0.758,0.25,0.9677,0.0,0.0,0.6525,0.0,0.5333,0.1364,0.2105,0.2,0.6455,0.1241,0.165,1.0,"2,3,4,5",1.0,1.0,0.5,1.0,1.0,0.0,0.5,0.7,0.0
2026-08-20,5726,大阪チタニウムテクノロジーズ,非鉄金属,59.09,0.4,除外,0.9419,0.8309,0.3945,0.3067,0.4803,0.8384,0.625,0.9677,0.8923,0.2563,0.317,0.4714,0.5333,0.2273,0.2632,0.5,0.5878,0.1128,0.2207,1.0,"3,4,5",1.0,1.0,1.0,1.0,1.0,0.5354,1.0,1.0,0.2364
2026-08-20,5741,ＵＡＣＪ,非鉄金属,45.07,0.0,除外,0.425,0.5918,0.344,,0.4421,0.8369,0.5625,0.9677,0.0,0.3441,0.2938,0.6047,0.1333,0.8182,0.0,0.2,0.4968,0.3779,0.8705,0.0231,"1,2,3,4,5",0.0,1.0,0.5,0.0,1.0,0.0,0.5,0.4,
2026-08-20,5801,古河電気工業,非鉄金属,48.81,0.4,除外,0.8375,0.7248,0.4463,0.2581,0.1736,0.994,0.9375,0.9677,0.0,0.5984,0.3241,0.1295,0.7333,0.7273,0.1053,0.2,0.0691,0.3333,0.2919,0.0,"3,4,5",1.0,1.0,1.0,1.0,1.0,0.0,1.0,0.7,0.0
2026-08-20,5802,住友電気工業,非鉄金属,51.32,0.2,除外,0.5625,0.6714,0.5373,0.4761,0.3186,0.968,0.75,0.9677,0.0,0.4353,0.5603,0.6205,0.5333,0.9545,0.75,0.2,0.2508,0.4444,0.579,0.0,"1,3,4,5",1.0,1.0,1.0,0.0,1.0,0.0,0.5,0.0,0.0
2026-08-20,5803,フジクラ,非鉄金属,56.8,0.4,除外,0.8375,0.6906,0.374,0.3445,0.5936,0.9821,0.8125,0.9677,0.0,0.1736,0.6557,0.0,0.6667,0.6818,0.1053,0.5,0.9615,0.3035,0.1093,1.0,"3,4,5",1.0,1.0,1.0,1.0,1.0,0.0,1.0,0.7,0.0909
2026-08-20,5805,ＳＷＣＣ,非鉄金属,43.76,0.2,除外,0.775,0.4431,0.3098,0.2599,0.4003,0.6798,0.125,0.9677,0.0,0.1765,0.5752,0.021,0.4667,0.6818,0.1579,0.2,0.9767,0.5281,0.0962,0.0,"2,3,4,5",1.0,1.0,0.5,1.0,1.0,0.0,1.0,0.7,0.0
2026-08-20,5830,いよぎんホールディングス,銀行業,54.65,0.4,除外,0.9981,0.8444,0.1892,,0.1541,0.8928,0.4848,1.0,1.0,0.0,0.3688,0.1213,0.2667,,0.75,1.0,0.4623,,0.0,0.0,"3,4,5",1.0,1.0,1.0,1.0,1.0,0.9849,1.0,1.0,0.0
2026-08-20,5831,しずおかフィナンシャルグループ,銀行業,61.74,0.4,除外,1.0,0.787,0.4142,,0.2684,0.86,0.2879,1.0,1.0,0.379,0.3754,0.3689,0.5333,,0.1053,0.2,0.3228,,0.3978,0.0847,"3,4,5",1.0,1.0,1.0,1.0,1.0,1.0,1.0,1.0,0.0
2026-08-20,5832,ちゅうぎんフィナンシャルグループ,銀行業,66.85,0.4,除外,0.9976,0.7552,0.5843,,0.3368,0.8392,0.1818,1.0,1.0,0.4644,0.3666,0.7728,0.7333,,0.2632,0.5,0.6732,0.1388,0.5352,0.0,"3,4,5",1.0,1.0,1.0,1.0,1.0,0.9808,1.0,1.0,0.0
2026-08-20,5834,ＳＢＩリーシングサービス,証券、商品先物取引業,63.72,0.8,本命,0.8332,0.6852,0.6775,0.1831,0.807,0.5719,0.5238,0.6452,1.0,0.6874,0.6489,0.6405,0.7333,0.0909,0.1053,0.5,1.0,0.237,0.9909,1.0,4,1.0,1.0,0.5,1.0,0.96,0.2057,1.0,1.0,0.0364
2026-08-20,5838,楽天銀行,銀行業,35.43,0.4,除外,0.0,0.0,0.7182,,0.6989,,,,,1.0,0.594,0.4123,0.8667,0.1818,0.1579,0.5,1.0,0.1417,0.6539,1.0,"1,2,4",,,,,,,,,
2026-08-20,5842,インテグラル,証券、商品先物取引業,15.62,0.0,除外,0.0,0.0,0.1182,,0.5067,,,,,0.0,0.4062,0.0,0.0667,0.0,0.0526,0.5,0.7633,0.1892,0.3614,0.7127,"1,2,3,4,5",,,,,,,,,
2026-08-20,5844,京都フィナンシャルグループ,銀行業,66.32,0.4,除外,0.9625,0.5453,0.6442,,0.5007,0.8168,0.1364,1.0,0.228,0.8543,0.413,0.7763,0.5333,,0.1579,0.2,0.7572,0.4444,0.0,0.801,"2,4,5",1.0,1.0,1.0,1.0,1.0,1.0,1.0,0.7,0.0
2026-08-20,5851,リョービ,非鉄金属,27.06,0.0,除外,0.0,0.3611,0.3998,0.1949,0.397,0.414,0.0625,0.9677,0.0,0.0822,0.5415,0.6422,0.3333,0.2273,0.3158,0.2,0.9874,0.2892,0.0,0.3114,"1,2,3,4,5",,,,,,,,,0.0364
2026-08-20,5857,ＡＲＥホールディングス,非鉄金属,50.33,0.2,除外,0.8229,0.5282,0.3628,0.2522,0.5506,0.7699,0.375,0.9677,0.0,0.13,0.4836,0.3708,0.4667,0.2273,0.2632,0.5,1.0,0.2026,0.0,1.0,"2,3,4,5",1.0,1.0,0.5,1.0,1.0,0.0828,1.0,1.0,0.0182
2026-08-20,5889,Ｊａｐａｎ　Ｅｙｅｗｅａｒ　Ｈｏｌｄｉｎｇｓ,小売業,60.07,0.4,除外,0.997,0.4599,0.7027,,0.2432,0.2621,0.513,0.0645,1.0,1.0,0.5812,0.763,0.4667,,0.65,0.2,0.3323,,0.3973,0.0,"2,4,5",1.0,1.0,1.0,1.0,1.0,0.9756,1.0,1.0,0.7636
2026-08-20,5901,東洋製罐グループホールディングス,金属製品,75.35,0.6,監視,1.0,0.5762,0.7176,,0.7201,0.5882,0.6,0.3548,0.7616,0.6357,0.5983,0.703,0.9333,,0.3158,0.2,1.0,0.4444,0.436,1.0,"2,4",1.0,1.0,1.0,1.0,1.0,1.0,1.0,1.0,0.9789
2026-08-20,5911,横河ブリッジホールディングス,金属製品,50.19,0.2,除外,0.5001,0.4154,0.3884,,0.7037,0.385,0.4,0.3548,0.5218,0.0,0.1719,0.7819,0.6,0.2273,0.1579,0.2,1.0,0.1042,0.7107,1.0,"1,2,3,4",0.0,0.7464,0.5,1.0,0.302,0.652,0.5,0.3,
2026-08-20,5929,三和ホールディングス,金属製品,29.94,0.2,除外,0.0,0.0,0.6453,,0.5524,,,,,0.7297,0.2169,0.9012,0.7333,0.0,0.3158,1.0,1.0,0.1487,0.1342,0.9267,"1,2,4,5",,,,,,,,,
2026-08-20,5930,文化シヤッター,金属製品,10.6,0.0,除外,0.0,0.0,0.2174,,0.2065,,,,,0.0,0.4696,0.0,0.4,0.2273,0.1053,1.0,0.585,0.1702,0.0,0.0708,"1,2,3,4,5",,,,,,,,,
2026-08-20,5938,ＬＩＸＩＬ,金属製品,33.39,0.0,除外,0.3134,0.5106,0.4869,,0.0247,0.3276,0.36,0.3548,1.0,0.1531,0.4538,0.8074,0.5333,0.0,0.3684,1.0,0.0,0.0989,0.0,0.0,"1,2,3,4,5",0.0,0.5399,0.5,0.0,0.3274,0.5397,0.5,0.1,
2026-08-20,5943,ノーリツ,金属製品,54.01,0.2,除外,0.9741,0.4166,0.5163,0.2038,0.5898,0.4803,0.52,0.3548,0.3114,0.6443,0.2709,0.6167,0.5333,0.1364,0.0526,0.2,0.8282,0.1389,0.6402,0.752,"2,3,4,5",1.0,1.0,1.0,1.0,1.0,0.7926,1.0,1.0,0.4263
2026-08-20,5946,長府製作所,金属製品,38.61,0.4,除外,0.73,0.2698,0.7103,0.1922,0.0284,0.3172,0.28,0.3548,0.1272,0.4003,0.9463,0.8945,0.6,0.2273,0.1053,0.2,0.0,0.1135,0.0,0.0,"2,4,5",1.0,0.9173,0.5,1.0,0.3692,0.7535,1.0,0.3,0.2364
2026-08-20,5947,リンナイ,金属製品,39.13,0.2,除外,0.4199,0.0,0.5141,,0.6312,,,,,0.6467,0.4968,0.4462,0.4667,0.0909,0.0,0.2,1.0,0.1199,0.4876,0.9173,"1,2,3,4",0.0,0.6642,0.0,1.0,0.3072,0.3875,0.0,1.0,
2026-08-20,5949,ユニプレス,輸送用機器,51.98,0.4,除外,0.7464,0.5065,0.407,0.3068,0.6323,0.545,0.675,0.4516,0.3544,0.4453,0.3366,0.4461,0.4,0.2273,0.0,1.0,0.8354,0.1184,0.6678,0.9077,"2,3,4",1.0,0.8817,0.5,1.0,0.7316,0.5579,1.0,0.3,0.0
2026-08-20,5959,岡部,金属製品,49.18,0.2,除外,0.5405,0.2482,0.5078,,0.6708,0.3179,0.32,0.3548,0.0,0.7437,0.0397,0.8477,0.4,0.2273,0.7895,0.2,1.0,0.1092,0.574,1.0,"1,2,3,4",0.0,0.5021,0.5,1.0,0.2032,0.6189,0.5,1.0,
2026-08-20,5970,ジーテクト,金属製品,60.44,0.4,除外,0.9928,0.308,0.4598,,0.6573,0.4371,0.44,0.3548,0.0,0.4845,0.2167,0.4047,0.7333,,0.5789,0.2,0.9718,,0.0,1.0,"2,3,4",1.0,1.0,1.0,1.0,0.9421,1.0,1.0,1.0,0.9842
2026-08-20,5975,東プレ,金属製品,63.6,0.4,除外,0.9992,0.6478,0.3508,,0.5462,0.5964,0.64,0.3548,1.0,0.0,0.9366,0.0,0.4667,,0.4737,0.2,0.6385,,0.0,1.0,"3,4,5",1.0,1.0,1.0,1.0,1.0,0.9938,1.0,1.0,0.0
2026-08-20,5976,高周波熱錬,金属製品,53.88,0.4,除外,0.924,0.5717,0.2583,0.6278,0.3121,0.452,0.48,0.3548,1.0,0.274,0.3593,0.0,0.4,0.2273,0.775,1.0,1.0,0.2483,0.0,0.0,"2,3,5",1.0,1.0,0.5,1.0,0.9267,0.9655,1.0,1.0,0.5091
2026-08-20,5981,東京製綱,金属製品,57.58,0.4,除外,0.8284,0.5886,0.5825,0.1331,0.7464,0.7319,0.72,0.3548,0.5478,1.0,0.2749,0.5216,0.5333,0.2273,0.1053,0.2,0.888,0.6029,0.4948,1.0,"2,3,4",1.0,1.0,1.0,0.0,1.0,0.6273,1.0,1.0,0.0
2026-08-20,5985,サンコール,金属製品,55.03,0.2,除外,0.9314,0.5765,0.428,,0.2655,0.9911,0.96,0.3548,0.0,0.2313,0.8142,0.0,0.6667,,0.1053,0.5,0.8692,0.1926,0.0,0.0,"2,3,4,5",1.0,1.0,1.0,1.0,1.0,0.7509,1.0,0.7,0.0364
2026-08-20,5988,パイオラックス,金属製品,24.5,0.0,除外,0.0,0.0,0.5095,0.3472,0.3683,,,,,0.1268,0.4454,0.7989,0.6667,0.0,0.725,0.5,0.8315,0.1388,0.503,0.0,"1,2,3,4,5",,,,,,,,,0.1636
2026-08-20,5989,エイチワン,金属製品,50.6,0.4,除外,0.6484,0.3596,0.2473,0.5743,0.7006,0.5235,0.56,0.3548,0.0,0.0,0.2558,0.0,0.7333,0.8182,0.0,0.5,1.0,0.2969,0.5054,1.0,"2,3,4",1.0,0.8224,1.0,0.0,0.9871,0.3781,1.0,0.0,0.9789
2026-08-20,5991,日本発條,金属製品,58.68,0.4,除外,0.7375,0.5171,0.7083,0.3908,0.5801,0.9136,0.8,0.3548,0.0,1.0,0.4561,0.9771,0.4,0.8,0.2632,0.5,0.2321,0.3391,0.749,1.0,"2,4,5",1.0,1.0,1.0,0.0,1.0,0.5004,1.0,0.4,0.0
2026-08-20,6005,三浦工業,機械,41.46,0.4,除外,0.651,0.3342,0.1765,0.2145,0.6968,0.3552,0.1753,0.8065,0.0,0.1119,0.2606,0.0,0.3333,0.5,0.1579,0.2,0.9047,0.1391,0.7435,1.0,"2,3,4",1.0,0.9872,0.5,1.0,0.4859,0.6346,0.5,0.1,0.0
2026-08-20,6013,タクマ,機械,57.14,0.4,除外,0.6834,0.5408,0.5879,0.4079,0.6369,0.7587,0.5979,0.8065,0.0,0.9255,0.1923,0.7674,0.4667,0.8,0.6316,0.2,0.5864,0.3889,0.5724,1.0,"2,3,4",1.0,1.0,1.0,0.0,1.0,0.467,1.0,0.0,0.0
2026-08-20,6016,ジャパンエンジンコーポレーション,輸送用機器,44.44,0.4,除外,0.0,0.701,0.3986,,0.678,0.6024,0.75,0.4516,1.0,0.0406,0.3085,0.6452,0.6,0.0,0.9474,0.5,0.9865,0.1157,0.6098,1.0,"1,3,4",,,,,,,,,
2026-08-20,6023,ダイハツインフィニアース,輸送用機器,37.81,0.2,除外,0.0,0.3611,0.4659,0.4103,0.6531,0.4929,0.5,0.4516,0.0,0.0,0.6258,0.5045,0.7333,0.6818,0.3684,0.5,1.0,0.3213,0.2909,1.0,"1,2,3,4",,,,,,,,,0.0909
2026-08-20,6036,ＫｅｅＰｅｒ技研,サービス業,35.41,0.4,除外,0.0,0.0,0.7393,,0.6771,,,,,0.9016,0.5595,0.6292,0.8667,0.0,0.1053,0.5,1.0,0.2085,0.4998,1.0,"1,2,4",,,,,,,,,
2026-08-20,6055,ジャパンマテリアル,サービス業,57.89,0.4,除外,0.6624,0.5929,0.6328,0.5447,0.4618,0.8086,0.9767,0.0968,0.4893,1.0,0.3734,0.8913,0.2667,0.6,0.5263,0.2,0.1619,0.3889,0.5818,0.7147,"2,4,5",1.0,1.0,1.0,0.0,1.0,0.2995,1.0,0.0,0.8526
2026-08-20,6058,ベクトル,サービス業,58.62,0.4,除外,0.9289,0.7163,0.4817,0.4316,0.3726,0.8034,0.9651,0.0968,1.0,0.4533,0.1171,0.9566,0.4,0.6,0.0,0.2,0.0,,0.7497,0.368,"3,4,5",1.0,1.0,1.0,1.0,1.0,0.7316,1.0,0.7,0.9263
2026-08-20,6071,ＩＢＪ,サービス業,42.08,0.4,除外,0.0,0.3009,0.6229,0.3404,0.8397,0.2606,0.4884,0.0968,0.3578,1.0,0.3063,0.7851,0.4,0.6,0.0526,0.2,1.0,0.5794,0.7794,1.0,"1,2,4",,,,,,,,,0.5091
2026-08-20,6080,Ｍ＆Ａキャピタルパートナーズ,サービス業,66.98,0.6,監視,1.0,0.6075,0.687,,0.3847,0.5309,0.8023,0.0968,1.0,0.0384,0.9504,0.9592,0.8,,0.8,0.2,1.0,,0.1542,0.0,"4,5",1.0,1.0,1.0,1.0,1.0,1.0,1.0,1.0,0.9263
2026-08-20,6088,シグマクシス・ホールディングス,サービス業,24.36,0.0,除外,0.0,0.0,0.4775,,0.4967,,,,,0.29,0.5438,0.4763,0.6,0.0,0.2105,1.0,0.8258,0.1521,0.009,1.0,"1,2,3,4,5",,,,,,,,,
2026-08-20,6098,リクルートホールディングス,サービス業,66.25,0.4,除外,0.99,0.6704,0.4442,,0.5455,0.6895,0.8953,0.0968,1.0,0.323,0.3909,0.2628,0.8,,0.0,0.5,0.6364,,0.0,1.0,"3,4,5",1.0,1.0,1.0,1.0,1.0,0.9202,1.0,1.0,0.9842
2026-08-20,6101,ツガミ,機械,50.03,0.4,除外,0.629,0.69,0.383,0.3816,0.4179,0.9844,0.9691,0.8065,0.0,0.2497,0.2408,0.8413,0.2,0.8,0.5263,0.2,0.0,0.2416,0.43,1.0,"3,4,5",1.0,1.0,1.0,0.0,1.0,0.0318,1.0,0.0,0.0
2026-08-20,6103,オークマ,機械,71.82,0.6,監視,0.9928,0.6917,0.6928,,0.4956,0.5994,0.3608,0.8065,1.0,0.8117,0.5088,0.9175,0.5333,,0.3684,0.2,1.0,,0.3933,0.0936,"4,5",1.0,1.0,1.0,1.0,1.0,0.9427,1.0,1.0,0.8368
2026-08-20,6104,芝浦機械,機械,49.07,0.2,除外,0.3247,0.5182,0.6727,,0.4472,0.6366,0.4227,0.8065,0.207,0.9045,0.4432,0.7431,0.6,0.7273,0.1053,0.2,0.7214,0.2727,0.1724,0.6224,"1,2,4,5",0.0,0.624,0.5,0.0,0.5104,0.4629,0.5,0.0,
2026-08-20,6113,アマダ,機械,48.33,0.2,除外,0.6823,0.5955,0.3173,0.2791,0.5422,0.8228,0.7526,0.8065,0.0,0.5172,0.153,0.5991,0.0,0.8636,0.0526,0.2,0.2851,0.2203,0.6636,1.0,"2,3,4,5",1.0,1.0,1.0,0.0,1.0,0.4587,1.0,0.0,0.0
2026-08-20,6118,アイダエンジニアリング,機械,69.84,0.8,本命,0.8936,0.6957,0.7047,0.4835,0.7144,0.6054,0.3711,0.8065,1.0,0.8903,0.4515,0.8772,0.6,0.7273,0.3158,0.2,0.8562,0.2391,0.7622,1.0,4,1.0,1.0,0.5,1.0,1.0,0.6485,1.0,1.0,0.6909
2026-08-20,6134,ＦＵＪＩ,機械,54.14,0.4,除外,0.9266,0.6759,0.3456,0.3158,0.4434,0.959,0.9381,0.8065,0.0,0.0,0.3698,0.8126,0.2,0.8,0.2632,0.2,0.081,0.4636,0.2289,1.0,"3,4,5",1.0,1.0,1.0,1.0,1.0,0.7125,1.0,0.7,0.0
2026-08-20,6135,牧野フライス製作所,機械,63.41,0.2,除外,0.9135,0.5894,0.5271,,0.5064,0.5324,0.2577,0.8065,0.761,0.0105,0.5571,0.8741,0.6667,,0.0526,0.2,0.6041,0.1111,0.3105,1.0,"2,3,4,5",1.0,1.0,1.0,1.0,1.0,0.9083,1.0,0.4,0.9211
2026-08-20,6136,オーエスジー,機械,62.21,0.4,除外,0.9763,0.8888,0.5045,0.3026,0.4383,0.9032,0.8454,0.8065,1.0,0.4544,0.5771,0.5865,0.4,0.8,0.2105,0.2,0.0,0.2042,0.5491,1.0,"3,4,5",1.0,1.0,1.0,1.0,1.0,0.8108,1.0,1.0,0.0
2026-08-20,6140,旭ダイヤモンド工業,機械,42.19,0.2,除外,0.8519,0.5528,0.2787,0.244,0.182,0.7655,0.6392,0.8065,0.0,0.0,0.5148,0.0,0.6,0.2273,0.1579,0.5,0.6045,0.1236,0.0,0.0,"2,3,4,5",1.0,1.0,1.0,1.0,1.0,0.1151,1.0,0.7,0.0909
2026-08-20,6141,ＤＭＧ森精機,機械,47.65,0.2,除外,0.6727,0.4844,0.1792,0.4474,0.5988,0.3537,0.1649,0.8065,0.6127,0.0,0.1836,0.0,0.5333,0.6,0.0526,0.2,0.3431,,0.4533,1.0,"2,3,4,5",1.0,1.0,1.0,0.0,1.0,0.3816,1.0,0.0,0.9368
2026-08-20,6143,ソディック,機械,48.66,0.4,除外,0.7282,0.6049,0.3053,0.3544,0.4401,0.8399,0.7732,0.8065,0.0,0.2785,0.2737,0.1356,0.5333,0.9545,0.2632,0.2,0.1918,0.1111,0.4574,1.0,"3,4,5",1.0,1.0,1.0,0.0,1.0,0.4253,1.0,0.4,0.0
2026-08-20,6145,ＮＩＴＴＯＫＵ,機械,38.42,0.0,除外,0.4016,0.5079,0.1652,,0.4622,0.7096,0.5155,0.8065,0.0,0.0294,0.1649,0.0,0.4667,0.8636,0.1053,0.2,0.3543,0.3889,0.2465,0.8592,"1,2,3,4,5",0.0,1.0,1.0,0.0,0.7131,0.0,0.5,0.0,
2026-08-20,6146,ディスコ,機械,45.86,0.4,除外,0.6125,0.5888,0.6691,0.2886,0.1338,0.8064,0.7423,0.8065,0.0,0.558,0.4529,0.9321,0.7333,0.9545,0.0,0.2,0.0,0.4898,0.0454,0.0,"2,4,5",1.0,1.0,1.0,0.0,1.0,0.0,0.5,0.4,0.0
2026-08-20,6178,日本郵政,サービス業,66.87,0.8,本命,0.8836,0.713,0.7865,0.2868,0.6736,0.8019,0.9535,0.0968,1.0,0.7942,0.4997,0.9854,0.8667,0.2,0.3684,0.2,0.596,0.4444,0.6539,1.0,4,1.0,1.0,1.0,1.0,1.0,0.7692,1.0,0.3,0.3789
2026-08-20,6183,ベルシステム２４ホールディングス,サービス業,42.79,0.2,除外,0.5916,0.2475,0.2378,,0.6347,0.312,0.5814,0.0968,0.0,0.0,0.3705,0.3807,0.2,0.7727,0.0,0.2,0.8292,0.3085,0.4009,1.0,"1,2,3,4",0.0,0.6813,0.5,1.0,0.383,0.6688,0.5,1.0,
2026-08-20,6196,ストライク,サービス業,43.2,0.2,除外,0.0,0.5065,0.4727,0.4121,0.7687,0.3246,0.6047,0.0968,1.0,0.0,0.4188,0.7388,0.7333,0.2273,0.4211,1.0,1.0,0.1259,0.9487,1.0,"1,2,3,4",,,,,,,,,0.0
2026-08-20,6197,ソラスト,サービス業,71.84,0.4,除外,0.9969,0.508,0.5249,,0.8438,0.9352,1.0,0.0968,0.0,1.0,0.0,0.1664,0.9333,,0.3684,0.2,1.0,0.375,1.0,1.0,"2,3,4",1.0,1.0,1.0,1.0,1.0,0.975,1.0,1.0,0.0737
2026-08-20,6200,インソース,サービス業,17.91,0.0,除外,0.0,0.0,0.5519,,0.1645,,,,,0.0,1.0,0.7411,0.4667,0.0,0.0,0.5,0.0808,0.3651,0.0,0.2119,"1,2,3,4,5",,,,,,,,,
2026-08-20,6203,豊和工業,機械,47.23,0.2,除外,0.6142,0.5376,0.5632,0.1349,0.5116,0.7565,0.5876,0.8065,0.0,1.0,0.0429,0.5433,0.6667,0.1818,0.1579,0.2,0.6975,0.0975,0.799,0.4527,"2,3,4,5",1.0,1.0,1.0,0.0,1.0,0.014,0.5,0.4,0.0
2026-08-20,6209,リケンＮＰＲ,機械,43.97,0.2,除外,0.8512,0.5833,0.1869,0.195,0.3822,0.7677,0.6495,0.8065,0.1095,0.0,0.2809,0.0,0.4667,0.2273,0.0526,0.5,1.0,0.1144,0.4143,0.0,"2,3,4,5",1.0,1.0,1.0,1.0,1.0,0.5093,1.0,0.3,0.0
2026-08-20,6222,島精機製作所,機械,25.19,0.2,除外,0.0,0.0,0.3973,,0.6103,,,,,0.4743,0.4037,0.3112,0.4,0.0,0.4211,1.0,1.0,0.1454,0.3889,0.9068,"1,2,3,4",,,,,,,,,
2026-08-20,6226,守谷輸送機工業,機械,26.0,0.0,除外,0.0,0.5399,0.2742,,0.226,0.621,0.4021,0.8065,0.33,0.0543,0.2736,0.3688,0.4,0.2273,0.0,0.2,0.4487,0.2423,0.0,0.213,"1,2,3,4,5",,,,,,,,,
2026-08-20,6227,ＡＩメカテック,機械,54.3,0.6,監視,0.6336,0.6985,0.7146,0.1864,0.4821,0.9978,0.9897,0.8065,0.0,1.0,0.5562,0.9024,0.4,0.5455,0.0,0.2,0.5079,0.1208,0.654,0.6456,"4,5",1.0,1.0,1.0,0.0,1.0,0.0689,1.0,0.0,0.0
2026-08-20,6232,ＡＣＳＬ,機械,57.16,0.6,監視,0.6125,0.494,0.7278,0.2677,0.7562,0.685,0.4845,0.8065,0.0,1.0,0.4342,0.4771,1.0,0.7273,0.0526,0.2,1.0,0.3014,0.7233,1.0,"2,4",1.0,1.0,1.0,0.0,1.0,0.0,0.5,0.4,0.0909
2026-08-20,6235,オプトラン,機械,49.08,0.4,除外,0.6125,0.6356,0.5787,0.2827,0.3447,0.901,0.8351,0.8065,0.0,0.8351,0.3918,0.3544,0.7333,0.6818,0.1579,0.2,0.3326,0.3887,0.6578,0.0,"3,4,5",1.0,1.0,1.0,0.0,1.0,0.0,0.5,0.4,0.0909
2026-08-20,6238,フリュー,機械,63.1,0.6,監視,0.7415,0.589,0.6335,0.2184,0.9724,0.5949,0.3402,0.8065,0.6144,0.9152,0.4872,0.3317,0.8,0.0,0.0,0.2,1.0,,0.9172,1.0,"2,4",1.0,1.0,1.0,0.0,1.0,0.8323,1.0,0.1,0.6737
2026-08-20,6240,ヤマシンフィルタ,機械,24.38,0.2,除外,0.0,0.0,0.2384,,0.7368,,,,,0.0575,0.3489,0.0138,0.5333,0.0,0.6316,0.2,1.0,0.1393,0.8079,1.0,"1,2,3,4",,,,,,,,,
2026-08-20,6250,やまびこ,機械,69.28,0.4,除外,0.9853,0.8164,0.4949,,0.4747,0.7789,0.6804,0.8065,1.0,0.3459,0.541,0.3592,0.7333,,0.6842,0.5,0.8878,,0.0,0.5362,"3,4,5",1.0,1.0,1.0,1.0,1.0,0.8821,1.0,1.0,0.0895
2026-08-20,6254,野村マイクロ・サイエンス,機械,43.05,0.0,除外,0.5625,0.582,0.2994,0.2659,0.4429,0.7997,0.7216,0.8065,0.0,0.2702,0.418,0.3759,0.1333,0.7727,0.0,0.2,0.0,0.2903,0.4813,1.0,"1,2,3,4,5",1.0,1.0,1.0,0.0,1.0,0.0,0.5,0.0,0.0909
2026-08-20,6258,平田機工,機械,64.13,0.4,除外,0.9948,0.7754,0.2411,,0.5537,0.7386,0.5567,0.8065,1.0,0.1078,0.2566,0.0,0.6,,0.0526,0.5,0.7953,0.4196,0.0,1.0,"3,4,5",1.0,1.0,1.0,1.0,1.0,0.9586,1.0,1.0,0.0
2026-08-20,6264,マルマエ,機械,53.44,0.4,除外,0.675,0.6715,0.5391,0.3158,0.4708,0.9516,0.9278,0.8065,0.0,1.0,0.2935,0.2629,0.6,0.8,0.2632,0.2,0.3681,0.6394,0.7728,0.103,"3,4,5",1.0,1.0,1.0,0.0,1.0,0.0,1.0,0.4,0.0
2026-08-20,6266,タツモ,機械,49.07,0.4,除外,0.625,0.8731,0.151,0.4776,0.3268,0.9218,0.8557,0.8065,0.9086,0.0,0.4039,0.0,0.2,0.6,0.2632,0.2,0.0,0.3074,0.0,1.0,"3,4,5",1.0,1.0,1.0,0.0,1.0,0.0,1.0,0.0,0.8474
2026-08-20,6268,ナブテスコ,機械,56.41,0.4,除外,0.7209,0.6195,0.5941,0.294,0.5922,0.8675,0.8041,0.8065,0.0,0.3828,0.4738,0.9863,0.5333,0.7273,0.1579,0.2,0.3603,0.4444,0.564,1.0,"3,4,5",1.0,1.0,1.0,0.0,1.0,0.367,1.0,0.4,0.0909
2026-08-20,6269,三井海洋開発,機械,54.08,0.2,除外,0.475,0.5049,0.4268,,0.7563,0.7081,0.5052,0.8065,0.0,0.6899,0.2035,0.0137,0.8,0.0,0.1053,0.5,1.0,0.1301,0.8952,1.0,"1,2,3,4",0.0,1.0,0.5,1.0,1.0,0.0,0.0,0.3,
2026-08-20,6273,ＳＭＣ,機械,58.11,0.4,除外,0.9144,0.7344,0.3382,0.3441,0.5741,0.6672,0.4639,0.8065,1.0,0.3805,0.2917,0.1474,0.5333,0.6818,0.2105,0.2,0.5512,0.3,0.4451,1.0,"3,4,5",1.0,1.0,1.0,1.0,1.0,0.6154,1.0,0.7,0.2842
2026-08-20,6277,ホソカワミクロン,機械,28.67,0.2,除外,0.0,0.0,0.4786,,0.6682,,,,,0.2859,0.3923,0.6361,0.6,0.2273,0.1053,1.0,1.0,0.1604,0.5123,1.0,"1,2,3,4",,,,,,,,,
2026-08-20,6278,ユニオンツール,機械,43.6,0.2,除外,0.5625,0.6826,0.4075,0.3245,0.2029,0.9754,0.9485,0.8065,0.0,0.3072,0.299,0.6237,0.4,0.9545,0.0526,0.2,0.0,0.4028,0.3246,0.0842,"1,3,4,5",1.0,1.0,1.0,0.0,1.0,0.0,0.5,0.0,0.0909
2026-08-20,6282,オイレス工業,機械,66.69,0.4,除外,1.0,0.6992,0.4579,,0.5105,0.6091,0.3814,0.8065,1.0,0.3726,0.433,0.4261,0.6,,0.3684,0.2,0.9098,,0.6216,0.0,"3,4,5",1.0,1.0,1.0,1.0,1.0,1.0,1.0,1.0,0.4368
2026-08-20,6284,日精エー・エス・ビー機械,機械,62.23,0.4,除外,0.9229,0.5984,0.4959,0.4105,0.6836,0.7617,0.6186,0.8065,0.2067,0.4737,0.3558,0.554,0.6,0.6,0.2105,0.2,0.7273,0.4218,0.5852,1.0,"2,3,4",1.0,1.0,1.0,1.0,1.0,0.6833,1.0,0.7,0.6316
2026-08-20,6287,サトー,機械,49.42,0.4,除外,0.9779,0.6071,0.1745,,0.2172,0.4363,0.1856,0.8065,1.0,0.0,0.5646,0.0,0.1333,,0.25,1.0,0.6619,0.2071,0.0,0.0,"3,4,5",1.0,1.0,1.0,1.0,1.0,0.8233,1.0,1.0,0.5818
2026-08-20,6289,技研製作所,機械,54.73,0.4,除外,0.7631,0.6124,0.5026,0.3443,0.5144,0.5346,0.2784,0.8065,0.8301,0.2336,0.2724,0.8379,0.6667,0.2273,0.95,0.2,0.7989,0.2034,0.7887,0.2664,"3,4,5",1.0,1.0,0.5,1.0,1.0,0.1045,0.5,1.0,0.0
2026-08-20,6298,ワイエイシイホールディングス,機械,55.15,0.2,除外,0.8521,0.5308,0.5904,0.3413,0.4431,0.7498,0.567,0.8065,0.0,1.0,0.2776,0.8173,0.2667,0.8636,0.2105,0.2,0.519,0.5171,0.4952,0.2413,"2,3,4,5",1.0,1.0,1.0,1.0,1.0,0.4167,1.0,0.4,0.0909
2026-08-20,6301,小松製作所,機械,55.28,0.4,除外,0.9681,0.6789,0.5961,0.2907,0.2303,0.5972,0.3505,0.8065,0.9614,0.5522,0.3173,0.9817,0.5333,0.1364,0.5263,0.5,0.7997,0.1214,0.0,0.0,"3,4,5",1.0,1.0,1.0,1.0,1.0,0.7451,1.0,1.0,0.0
2026-08-20,6302,住友重機械工業,機械,54.14,0.4,除外,0.9775,0.7758,0.4984,0.2476,0.2079,0.7826,0.6907,0.8065,0.8233,0.0,0.6234,0.7036,0.6667,0.2273,0.2632,0.5,0.5163,0.1353,0.0,0.1801,"3,4,5",1.0,1.0,1.0,1.0,1.0,0.8198,1.0,1.0,0.0
2026-08-20,6305,日立建機,機械,47.92,0.2,除外,0.762,0.4908,0.3189,0.252,0.5726,0.4832,0.2165,0.8065,0.4568,0.0,0.3252,0.4169,0.5333,0.2273,0.5263,0.2,0.7586,0.1514,0.3804,1.0,"2,3,4,5",1.0,1.0,0.5,1.0,0.933,0.1627,0.5,1.0,0.0545
2026-08-20,6309,巴工業,機械,64.52,0.6,監視,0.8646,0.6826,0.5824,0.4862,0.6098,0.5942,0.3299,0.8065,1.0,0.858,0.205,0.7334,0.5333,0.2273,0.2632,1.0,0.769,0.1234,0.8403,0.7066,"3,4",1.0,1.0,0.5,1.0,0.8667,0.5504,1.0,1.0,0.4545
2026-08-20,6310,井関農機,機械,35.54,0.2,除外,0.0,0.6464,0.241,,0.5343,0.6873,0.4948,0.8065,0.5972,0.0,0.2307,0.0,0.7333,0.2273,0.0,0.5,0.7057,0.152,0.3935,0.8858,"1,3,4,5",,,,,,,,,
2026-08-20,6315,ＴＯＷＡ,機械,40.87,0.0,除外,0.4375,0.5755,0.4573,,0.1646,0.7945,0.701,0.8065,0.0,0.3567,0.467,0.4055,0.6,0.6818,0.5789,0.2,0.0012,0.4728,0.1844,0.0,"1,2,3,4,5",0.0,1.0,1.0,0.0,1.0,0.0,0.5,0.0,
2026-08-20,6323,ローツェ,機械,48.65,0.4,除外,0.6769,0.6798,0.4239,0.4118,0.2401,0.927,0.866,0.8065,0.1196,0.0,0.6591,0.8366,0.2,0.8,0.5263,0.2,0.0,0.4161,0.0727,0.4715,"3,4,5",1.0,1.0,1.0,0.0,1.0,0.415,1.0,0.0,0.1211
2026-08-20,6324,ハーモニック・ドライブ・システムズ,機械,56.51,0.4,除外,0.675,0.6628,0.5812,0.4197,0.4867,0.9479,0.8969,0.8065,0.0,0.6627,0.397,0.8653,0.4,0.8,0.2632,0.2,0.0,,0.4602,1.0,"3,4,5",1.0,1.0,1.0,0.0,1.0,0.0,1.0,0.4,0.4158
2026-08-20,6326,クボタ,機械,50.23,0.4,除外,0.7619,0.5592,0.4201,0.1344,0.6361,0.7707,0.6598,0.8065,0.0,0.0,0.3073,0.6398,0.7333,0.2273,0.0,0.2,0.719,0.1503,0.6752,1.0,"2,3,4",1.0,1.0,1.0,0.0,1.0,0.3948,1.0,0.7,0.1105
2026-08-20,6327,北川精機,機械,51.49,0.6,監視,0.625,0.7012,0.6265,0.3816,0.2403,0.9985,1.0,0.8065,0.0,0.7543,0.4746,0.9437,0.3333,0.8,0.5263,0.2,0.0,0.2755,0.6858,0.0,"4,5",1.0,1.0,1.0,0.0,1.0,0.0,1.0,0.0,0.0
2026-08-20,6328,荏原実業,機械,38.07,0.0,除外,0.3477,0.4273,0.2458,,0.5021,0.583,0.3196,0.8065,0.0,0.0,0.25,0.0,0.7333,0.2273,0.1579,0.2,0.5934,0.1513,0.2636,1.0,"1,2,3,4,5",0.0,0.8248,0.5,0.0,0.7638,0.1932,0.5,0.0,
2026-08-20,6330,東洋エンジニアリング,建設業,54.27,0.4,除外,0.625,0.6362,0.3661,,0.5433,0.8794,0.9559,0.7097,0.0,0.0,0.8646,0.0,0.6,0.0909,0.0,0.5,0.9845,0.1888,0.0,1.0,"3,4,5",0.0,1.0,0.5,1.0,1.0,0.0,0.5,1.0,
2026-08-20,6331,三菱化工機,機械,51.32,0.0,除外,0.4588,0.5629,0.568,,0.463,0.7751,0.6701,0.8065,0.0,0.5829,0.1758,0.9134,0.6,0.9545,0.9474,0.2,0.4161,0.4444,0.7954,0.1961,"1,2,3,4,5",0.0,1.0,1.0,0.0,1.0,0.1701,0.5,0.0,
2026-08-20,6332,月島ホールディングス,機械,46.77,0.4,除外,0.0,0.476,0.622,,0.7729,0.5339,0.268,0.8065,0.2954,0.7729,0.187,0.8615,0.6667,0.2273,0.6842,1.0,1.0,0.1632,0.9284,1.0,"1,2,4",,,,,,,,,
2026-08-20,6339,新東工業,機械,61.74,0.2,除外,0.9478,0.4533,0.579,0.5374,0.5693,0.615,0.3918,0.8065,0.0,0.6008,0.4583,0.3901,0.8667,0.8182,0.1579,0.2,0.8884,0.3889,0.0,1.0,"2,3,4,5",1.0,1.0,1.0,1.0,1.0,0.8821,1.0,0.7,0.9737
2026-08-20,6340,澁谷工業,機械,63.62,0.4,除外,1.0,0.6706,0.3667,,0.5076,0.5666,0.3093,0.8065,1.0,0.0,1.0,0.0,0.4667,,0.3684,0.5,0.4691,0.5615,0.0,1.0,"3,4,5",1.0,1.0,1.0,1.0,1.0,1.0,1.0,1.0,0.9474
2026-08-20,6345,アイチ　コーポレーション,機械,48.52,0.2,除外,0.7855,0.4226,0.4622,0.2599,0.4957,0.2576,0.0928,0.8065,0.5337,0.3295,0.3235,0.4626,0.7333,0.2273,0.1579,0.2,1.0,0.1306,0.8067,0.0455,"2,3,4,5",1.0,0.7499,1.0,1.0,0.362,0.8718,1.0,0.3,0.4545
2026-08-20,6349,小森コーポレーション,機械,57.38,0.2,除外,0.9959,0.5759,0.511,,0.2126,0.3425,0.1546,0.8065,1.0,0.0,0.5284,0.9154,0.6,,0.825,0.2,0.6378,,0.0,0.0,"2,3,4,5",1.0,1.0,1.0,1.0,1.0,0.9669,1.0,1.0,0.3818
2026-08-20,6361,荏原製作所,機械,54.1,0.4,除外,0.8575,0.6327,0.4922,0.3817,0.3411,0.8995,0.8247,0.8065,0.0,0.2691,0.5391,0.8271,0.3333,0.9545,0.2632,0.2,0.1367,0.3349,0.4921,0.4007,"3,4,5",1.0,1.0,1.0,1.0,1.0,0.4598,1.0,0.4,0.1091
2026-08-20,6363,酉島製作所,機械,73.24,0.8,本命,0.9159,0.722,0.9194,0.4941,0.6107,0.6381,0.4433,0.8065,1.0,1.0,0.7614,0.983,0.9333,0.6818,0.2632,0.5,1.0,0.2469,0.1957,1.0,4,1.0,1.0,1.0,1.0,1.0,0.627,1.0,0.7,0.5316
2026-08-20,6366,千代田化工建設,建設業,69.31,0.6,監視,0.5875,0.6407,0.7539,,0.7903,0.8824,0.9706,0.7097,0.0,1.0,0.4402,0.6421,0.9333,0.1364,0.1053,1.0,1.0,0.2908,0.8703,1.0,"1,4",0.0,1.0,0.5,1.0,1.0,0.0,0.5,0.7,
2026-08-20,6367,ダイキン工業,機械,47.83,0.2,除外,0.5708,0.4609,0.1697,0.5237,0.6667,0.6247,0.4124,0.8065,0.0,0.0,0.1047,0.574,0.0,0.8,0.2632,0.2,1.0,,0.0,1.0,"1,2,3,4",1.0,1.0,1.0,0.0,0.8148,0.2512,0.5,0.0,0.8316
2026-08-20,6368,オルガノ,機械,39.89,0.0,除外,0.391,0.5858,0.4288,,0.1898,0.8049,0.732,0.8065,0.0,0.2563,0.4303,0.8284,0.2,0.7273,0.0526,0.2,0.0,0.1849,0.4731,0.1012,"1,2,3,4,5",0.0,1.0,0.5,0.0,1.0,0.1283,0.5,0.0,
2026-08-20,6369,トーヨーカネツ,機械,61.92,0.6,監視,0.6024,0.6302,0.4315,,0.8125,0.4877,0.2268,0.8065,1.0,0.9509,0.0496,0.459,0.2667,0.1818,0.3158,0.5,1.0,0.25,1.0,1.0,"3,4",0.0,0.8456,0.5,1.0,0.7399,0.2336,0.5,1.0,
2026-08-20,6370,栗田工業,機械,47.96,0.2,除外,0.6921,0.5225,0.2979,0.3636,0.5221,0.7372,0.5464,0.8065,0.0,0.1781,0.3415,0.2719,0.4,0.9545,0.0526,0.2,0.2277,0.3962,0.4644,1.0,"2,3,4,5",1.0,1.0,1.0,0.0,1.0,0.537,1.0,0.0,0.2474
2026-08-20,6371,椿本チエイン,機械,64.05,0.4,除外,0.9932,0.4798,0.3933,,0.6956,0.659,0.4536,0.8065,0.0,0.0088,0.2252,0.7393,0.6,,0.1579,0.2,0.9712,0.4609,0.3505,1.0,"2,3,4",1.0,1.0,1.0,1.0,1.0,0.9457,1.0,1.0,0.0
2026-08-20,6376,日機装,精密機器,73.72,0.4,除外,0.9625,0.9326,0.496,,0.5578,0.9561,0.9032,0.871,1.0,0.8737,0.3021,0.4749,0.3333,,0.2632,0.2,0.5597,0.2222,0.4491,1.0,"3,4,5",1.0,1.0,1.0,1.0,1.0,1.0,1.0,0.7,0.0
2026-08-20,6379,レイズネクスト,建設業,55.54,0.4,除外,1.0,0.7036,0.3513,,0.1669,0.6195,0.4853,0.7097,1.0,0.0,0.7349,0.1369,0.5333,,0.825,0.2,0.5006,,0.0,0.0,"3,4,5",1.0,1.0,1.0,1.0,1.0,1.0,1.0,1.0,0.4545
2026-08-20,6381,アネスト岩田,機械,54.23,0.4,除外,1.0,0.6202,0.3609,,0.188,0.4684,0.2062,0.8065,1.0,0.0419,0.4891,0.5791,0.3333,,0.5,0.2,0.6453,0.1067,0.0,0.0,"3,4,5",1.0,1.0,1.0,1.0,1.0,1.0,1.0,1.0,0.6909
2026-08-20,6383,ダイフク,機械,40.12,0.2,除外,0.6442,0.5988,0.2034,0.2472,0.3125,0.8258,0.7629,0.8065,0.0,0.0267,0.2468,0.2734,0.2667,0.6818,0.0526,0.2,0.3656,0.2222,0.6436,0.0187,"2,3,4,5",1.0,1.0,1.0,0.0,1.0,0.2536,0.5,0.4,0.0545
2026-08-20,6387,サムコ,機械,53.0,0.6,監視,0.675,0.6929,0.835,0.3114,0.1355,0.9859,0.9794,0.8065,0.0,1.0,0.6749,0.865,0.8,0.9545,0.0,0.2,0.0,0.1111,0.4311,0.0,"4,5",1.0,1.0,1.0,0.0,1.0,0.0,1.0,0.4,0.0909
2026-08-20,6395,タダノ,機械,60.91,0.4,除外,0.9821,0.5665,0.4769,0.4002,0.6197,0.5644,0.299,0.8065,0.5963,0.0482,0.4451,0.8809,0.5333,0.2273,0.4737,0.5,1.0,0.1797,0.2991,1.0,"2,3,4",1.0,1.0,1.0,1.0,1.0,0.8571,1.0,1.0,0.4
2026-08-20,6407,ＣＫＤ,機械,44.43,0.4,除外,0.6259,0.6597,0.2741,0.3939,0.2678,0.9456,0.8866,0.8065,0.0,0.1003,0.7194,0.0768,0.2,0.9545,0.0,0.2,0.0,0.1111,0.5006,0.4593,"3,4,5",1.0,1.0,1.0,0.0,1.0,0.0073,1.0,0.0,0.4211
2026-08-20,6412,平和,機械,47.77,0.2,除外,0.8199,0.0,0.5565,,0.5344,,,,,0.5291,0.5371,0.5595,0.6,,0.5789,0.2,0.5986,,0.0047,1.0,"2,3,4,5",1.0,0.5292,0.5,1.0,0.6888,0.8413,1.0,1.0,0.4182
2026-08-20,6417,ＳＡＮＫＹＯ,機械,22.09,0.0,除外,0.0,0.0,0.3971,,0.4864,,,,,0.3087,0.4188,0.5944,0.2667,0.0,0.9474,1.0,0.8079,0.1375,0.0,1.0,"1,2,3,4,5",,,,,,,,,
2026-08-20,6419,マースグループホールディングス,機械,47.7,0.4,除外,0.7428,0.4931,0.6157,0.1427,0.3905,0.3142,0.134,0.8065,0.7179,0.5503,0.3368,0.8423,0.7333,0.0,0.0526,0.5,0.8196,0.1131,0.6295,0.0,"2,4,5",1.0,0.605,0.0,1.0,0.4995,0.8381,1.0,1.0,0.0182
2026-08-20,6420,ガリレイ,機械,38.03,0.2,除外,0.0,0.3053,0.6647,,0.551,0.2911,0.1237,0.8065,0.0,0.6867,0.5605,0.745,0.6667,0.0,0.5263,0.5,1.0,0.1274,0.1146,0.9619,"1,2,4,5",,,,,,,,,
2026-08-20,6432,竹内製作所,機械,67.6,0.8,本命,0.9823,0.6842,0.7204,0.3449,0.6483,0.7178,0.5361,0.8065,0.6766,0.7366,0.668,0.8103,0.6667,0.8636,0.3158,0.2,0.313,,0.6322,0.9996,4,1.0,1.0,1.0,1.0,1.0,0.8588,1.0,1.0,0.0
2026-08-20,6436,アマノ,機械,21.09,0.0,除外,0.0,0.0,0.4595,,0.3839,,,,,0.0,0.3368,0.8346,0.6667,0.0,0.775,0.2,0.2637,0.3018,0.5018,0.4684,"1,2,3,4,5",,,,,,,,,
2026-08-20,6448,ブラザー工業,電気機器,62.73,0.4,除外,1.0,0.7568,0.2444,,0.5079,0.6917,0.4,0.9355,1.0,0.0,0.5777,0.0,0.4,,0.6842,0.2,0.5237,,0.0,1.0,"3,4,5",1.0,1.0,1.0,1.0,1.0,1.0,1.0,1.0,0.2526
2026-08-20,6454,マックス,機械,56.86,0.6,監視,0.9696,0.7388,0.6067,0.1947,0.3333,0.6746,0.4742,0.8065,1.0,0.0,0.7117,0.9153,0.8,0.0,0.5789,0.2,1.0,,0.0,0.0,"4,5",1.0,1.0,1.0,1.0,1.0,0.7567,1.0,1.0,0.0
2026-08-20,6455,モリタホールディングス,輸送用機器,39.6,0.0,除外,0.2194,0.2896,0.5392,,0.5356,0.382,0.325,0.4516,0.0,0.6701,0.1027,0.8507,0.5333,0.2273,0.2632,0.2,1.0,0.1424,0.0,1.0,"1,2,3,4,5",0.0,0.7294,0.5,0.0,0.2612,0.1644,0.0,0.1,
2026-08-20,6457,グローリー,機械,56.12,0.4,除外,1.0,0.6153,0.2963,,0.3333,0.4587,0.1959,0.8065,1.0,0.1223,0.3101,0.4193,0.3333,,0.95,0.2,1.0,,0.0,0.0,"3,4,5",1.0,1.0,1.0,1.0,1.0,1.0,1.0,1.0,0.4727
2026-08-20,6458,新晃工業,機械,24.34,0.0,除外,0.0,0.3026,0.1416,,0.5294,0.2904,0.1134,0.8065,0.0,0.0854,0.2141,0.0,0.2667,0.0909,0.3158,0.5,1.0,0.1188,0.6666,0.3322,"1,2,3,4,5",,,,,,,,,
2026-08-20,6460,セガサミーホールディングス,機械,13.68,0.0,除外,0.0,0.0,0.3228,,0.2243,,,,,0.1704,0.467,0.3871,0.2667,,1.0,0.5,0.669,,0.0039,0.0,"1,2,3,4,5",,,,,,,,,0.1818
2026-08-20,6463,ＴＰＲ,機械,72.02,0.6,監視,1.0,0.7192,0.4499,,0.7118,0.6374,0.433,0.8065,1.0,0.4534,0.4451,0.6346,0.2667,,0.5263,0.2,0.999,,0.1366,1.0,"3,4",1.0,1.0,1.0,1.0,1.0,1.0,1.0,1.0,1.0
2026-08-20,6465,ホシザキ,機械,50.85,0.2,除外,0.8239,0.5494,0.385,,0.2757,0.2882,0.1031,0.8065,1.0,0.2093,0.2437,0.7536,0.3333,,0.6316,0.2,0.6093,,0.2176,0.0,"2,3,4,5",1.0,0.6202,0.5,1.0,0.6794,0.7917,1.0,1.0,0.5455
2026-08-20,6471,日本精工,機械,52.57,0.4,除外,0.7546,0.5437,0.514,0.1726,0.6436,0.7602,0.6082,0.8065,0.0,0.2243,0.3613,0.937,0.5333,0.2273,0.2632,0.2,0.7248,0.1172,0.7325,1.0,"2,3,4",1.0,1.0,0.5,1.0,1.0,0.3369,0.5,0.7,0.0
2026-08-20,6472,ＮＴＮ,機械,58.98,0.4,除外,0.7072,0.5343,0.5523,0.3694,0.7859,0.7535,0.5773,0.8065,0.0,0.4519,0.1725,0.985,0.6,0.8182,0.3684,0.2,0.88,0.4117,0.8517,1.0,"2,3,4",1.0,1.0,1.0,0.0,1.0,0.2574,1.0,0.4,0.0909
2026-08-20,6473,ジェイテクト,機械,64.23,0.8,本命,0.9836,0.6198,0.624,0.1684,0.8155,0.7952,0.7113,0.8065,0.1662,0.9035,0.2915,0.7677,0.5333,0.0,0.4737,0.2,0.6563,,0.7902,1.0,4,1.0,1.0,1.0,1.0,1.0,0.8691,1.0,1.0,0.0
2026-08-20,6474,不二越,機械,46.99,0.4,除外,0.7408,0.6267,0.3531,0.2763,0.3528,0.8861,0.8144,0.8065,0.0,0.0,0.4607,0.5515,0.4,0.8,0.1053,0.2,0.0,,0.0584,1.0,"3,4,5",1.0,1.0,1.0,0.0,1.0,0.5266,1.0,0.4,0.0
2026-08-20,6479,ミネベアミツミ,電気機器,60.66,0.6,監視,0.625,0.6116,0.4934,0.7067,0.5961,0.8608,0.65,0.9355,0.0,0.7806,0.2077,0.9853,0.0,0.8636,0.8947,0.2,0.0,,0.7884,1.0,"3,5",1.0,1.0,1.0,0.0,1.0,0.0,1.0,0.0,0.8684
2026-08-20,6480,日本トムソン,機械,47.56,0.4,除外,0.675,0.6857,0.2238,0.3203,0.4733,0.9777,0.9588,0.8065,0.0,0.3465,0.3488,0.0,0.2,0.8182,0.2632,0.2,0.044,0.4297,0.4193,1.0,"3,4,5",1.0,1.0,1.0,0.0,1.0,0.0,1.0,0.4,0.0
2026-08-20,6481,ＴＨＫ,機械,49.92,0.4,除外,0.9156,0.6097,0.2046,0.375,0.3909,0.8488,0.7835,0.8065,0.0,0.0,0.2391,0.3127,0.2667,0.8,0.1053,0.2,0.0,0.2849,0.2786,1.0,"3,4,5",1.0,1.0,1.0,1.0,1.0,0.6247,1.0,0.7,0.3947
2026-08-20,6486,イーグル工業,機械,54.19,0.4,除外,0.8688,0.6031,0.5466,0.3133,0.3775,0.7126,0.5258,0.8065,0.3677,0.5072,0.5525,0.5267,0.6,0.2273,0.7895,0.2,0.8864,0.1268,0.3343,0.1624,"3,4,5",1.0,1.0,0.5,1.0,0.8827,0.5677,1.0,1.0,0.0364
2026-08-20,6490,ＰＩＬＬＡＲ,機械,55.2,0.4,除外,0.9129,0.7857,0.292,0.3571,0.4122,0.9367,0.8763,0.8065,0.5233,0.3462,0.3184,0.3034,0.2,0.9545,0.2632,0.2,0.0,,0.2365,1.0,"3,4,5",1.0,1.0,1.0,1.0,1.0,0.6035,1.0,0.7,0.0105
2026-08-20,6492,岡野バルブ製造,機械,56.43,0.6,監視,0.675,0.6658,0.6964,0.4224,0.362,0.9494,0.9072,0.8065,0.0,0.908,0.5075,0.97,0.4,0.8,0.0526,0.2,0.1014,,0.5617,0.423,"4,5",1.0,1.0,1.0,0.0,1.0,0.0,1.0,0.4,0.6368
2026-08-20,6498,キッツ,機械,37.95,0.2,除外,0.5708,0.6164,0.2686,0.315,0.1267,0.8652,0.7938,0.8065,0.0,0.2557,0.3519,0.0,0.4667,0.9545,0.1053,0.2,0.1809,0.1111,0.2147,0.0,"1,3,4,5",1.0,1.0,1.0,0.0,1.0,0.0662,0.5,0.0,0.0
2026-08-20,6501,日立製作所,電気機器,58.97,0.4,除外,0.9331,0.5304,0.6183,,0.2767,0.3961,0.175,0.9355,0.6152,0.5659,0.4519,0.8556,0.6,,0.5263,0.5,0.8901,0.2168,0.0,0.0,"2,4,5",1.0,1.0,0.5,1.0,1.0,0.9649,1.0,1.0,0.1273
2026-08-20,6503,三菱電機,電気機器,59.08,0.4,除外,0.9315,0.5784,0.5091,0.3213,0.614,0.828,0.55,0.9355,0.0,0.4529,0.2575,0.7925,0.5333,0.8182,0.1579,0.2,0.6807,0.5084,0.2669,1.0,"2,3,4",1.0,1.0,1.0,1.0,1.0,0.7518,1.0,0.7,0.1091
2026-08-20,6504,富士電機,電気機器,59.41,0.4,除外,0.8938,0.6033,0.5798,0.3494,0.5442,0.8526,0.625,0.9355,0.0,0.409,0.3894,0.9874,0.5333,0.7727,0.3158,0.2,0.6328,0.4121,0.1318,1.0,"3,4,5",1.0,1.0,1.0,1.0,1.0,0.4501,1.0,0.7,0.1091
2026-08-20,6506,安川電機,電気機器,40.91,0.2,除外,0.6125,0.5573,0.3231,0.2895,0.2633,0.7856,0.5083,0.9355,0.0,0.1066,0.2125,0.7067,0.2667,0.8,0.1579,0.2,0.0,0.3889,0.6305,0.0339,"2,3,4,5",1.0,1.0,1.0,0.0,1.0,0.0,0.5,0.4,0.0
2026-08-20,6507,シンフォニアテクノロジー,電気機器,43.17,0.2,除外,0.6553,0.5194,0.3571,0.3554,0.2712,0.7089,0.4333,0.9355,0.0,0.4467,0.3217,0.1266,0.5333,0.9545,0.1579,0.2,0.2326,0.4012,0.451,0.0,"2,3,4,5",1.0,1.0,1.0,0.0,1.0,0.2428,1.0,0.0,0.1091
2026-08-20,6508,明電舎,電気機器,63.13,0.2,除外,1.0,0.5538,0.5114,,0.4601,0.7796,0.5,0.9355,0.0,0.0,0.8484,0.3973,0.8,,0.0,0.2,0.3803,,0.0,1.0,"2,3,4,5",1.0,1.0,1.0,1.0,1.0,1.0,1.0,1.0,0.0
2026-08-20,6516,山洋電気,電気機器,52.74,0.4,除外,0.6841,0.581,0.6279,0.2862,0.4579,0.8302,0.5583,0.9355,0.0,0.122,1.0,0.6561,0.7333,0.6818,0.2632,0.2,0.37,0.1111,0.5253,0.8251,"2,4,5",1.0,1.0,1.0,0.0,1.0,0.0729,1.0,0.4,0.0
2026-08-20,6517,デンヨー,電気機器,54.31,0.4,除外,0.9708,0.6664,0.3254,,0.21,0.4966,0.2333,0.9355,1.0,0.0,0.4964,0.6051,0.2,,0.3684,0.5,0.63,,0.0,0.0,"3,4,5",1.0,1.0,1.0,1.0,1.0,0.7663,1.0,1.0,0.0
2026-08-20,6521,オキサイド,電気機器,53.36,0.4,除外,0.6125,0.5925,0.693,0.2563,0.5139,0.8429,0.5917,0.9355,0.0,1.0,0.2136,0.6917,0.8667,0.7727,0.0526,0.2,0.9123,0.439,0.7042,0.0,"2,4,5",1.0,1.0,1.0,0.0,1.0,0.0,0.5,0.4,0.0
2026-08-20,6523,ＰＨＣホールディングス,電気機器,56.96,0.4,除外,1.0,0.6341,0.45,,0.1941,0.4177,0.1833,0.9355,1.0,0.0,1.0,0.0,0.8,,0.2105,1.0,0.5092,0.1677,0.0,0.0996,"3,4,5",1.0,1.0,1.0,1.0,1.0,1.0,1.0,1.0,0.3273
2026-08-20,6524,湖北工業,電気機器,50.33,0.2,除外,0.6125,0.587,0.4877,0.3953,0.4342,0.8377,0.575,0.9355,0.0,0.3465,0.5959,0.4751,0.5333,0.7273,0.2632,0.5,0.4079,0.3745,0.5509,0.4033,"2,3,4,5",1.0,1.0,1.0,0.0,1.0,0.0,0.5,0.4,0.0909
2026-08-20,6525,ＫＯＫＵＳＡＩ　ＥＬＥＣＴＲＩＣ,電気機器,44.0,0.4,除外,0.6828,0.8254,0.3386,0.2859,0.0672,0.9665,0.8833,0.9355,0.5162,0.1339,0.3378,0.6161,0.2667,0.8,0.0526,0.2,0.0,0.1111,0.0421,0.1156,"3,4,5",1.0,1.0,1.0,0.0,1.0,0.0623,1.0,0.4,0.0909
2026-08-20,6526,ソシオネクスト,電気機器,26.62,0.2,除外,0.0,0.0,0.7342,,0.3305,,,,,0.6051,0.7279,0.937,0.6667,0.8,0.7368,0.5,0.0856,0.3461,0.0,0.8903,"1,2,4,5",,,,,,,,,
2026-08-20,6532,ベイカレント,サービス業,22.1,0.0,除外,0.0,0.0,0.5675,,0.3166,,,,,0.3452,0.3996,0.9917,0.5333,,0.6316,0.5,0.6466,,0.3033,0.0,"1,2,3,4,5",,,,,,,,,0.4727
2026-08-20,6535,アイモバイル,サービス業,21.16,0.0,除外,0.0,0.0,0.3173,,0.5292,,,,,0.0,0.3582,0.8445,0.0667,0.5455,0.4211,1.0,0.8572,0.3585,0.0,0.901,"1,2,3,4,5",,,,,,,,,
2026-08-20,6544,ジャパンエレベーターサービスホールディングス,サービス業,17.52,0.0,除外,0.0,0.0,0.1816,,0.5193,,,,,0.0,0.3266,0.0,0.4,0.0,0.2105,1.0,0.8216,0.4444,0.0,0.8113,"1,2,3,4,5",,,,,,,,,
2026-08-20,6584,三櫻工業,輸送用機器,45.75,0.2,除外,0.0,0.4831,0.7991,,0.548,0.6307,0.85,0.4516,0.0,1.0,0.8042,0.9255,0.4667,0.8636,0.0526,1.0,0.5665,0.3889,0.8531,0.3836,"1,2,4,5",,,,,,,,,
2026-08-20,6586,マキタ,機械,40.51,0.2,除外,0.6279,0.3852,0.4696,0.3139,0.2289,0.4974,0.2371,0.8065,0.0,0.2717,0.2489,0.9577,0.4,0.2273,0.4737,0.5,0.262,0.1111,0.324,0.2186,"2,3,4,5",1.0,1.0,1.0,0.0,0.9691,0.5539,0.5,0.0,0.0545
2026-08-20,6588,東芝テック,電気機器,51.66,0.4,除外,0.9183,0.3153,0.3904,0.2843,0.6748,0.2174,0.1083,0.9355,0.0,0.111,0.7527,0.4314,0.2667,0.2273,0.4737,0.2,0.6233,,0.4085,0.9925,"2,3,4",1.0,0.6943,1.0,1.0,0.8953,0.7565,1.0,1.0,0.2364
2026-08-20,6590,芝浦メカトロニクス,電気機器,38.32,0.2,除外,0.4375,0.6662,0.3129,,0.1162,0.9375,0.7917,0.9355,0.0,0.318,0.2985,0.6349,0.0,0.8,0.1579,0.2,0.0,0.4339,0.0307,0.0,"1,3,4,5",0.0,1.0,1.0,0.0,1.0,0.0,0.5,0.0,
2026-08-20,6592,マブチモーター,電気機器,54.87,0.4,除外,0.9621,0.7342,0.1981,0.4055,0.4439,0.694,0.4083,0.9355,0.8989,0.0461,0.3439,0.0691,0.3333,0.2273,0.8947,0.5,0.7354,0.1551,0.4463,0.4387,"3,4,5",1.0,1.0,1.0,1.0,1.0,0.6966,1.0,1.0,0.0
2026-08-20,6594,ニデック,電気機器,57.78,0.8,本命,0.8269,0.0,0.6026,0.7703,0.6892,,,,,0.9241,0.2693,0.5503,0.6667,0.8182,0.3158,1.0,1.0,0.4967,0.2601,1.0,2,1.0,0.5298,1.0,1.0,1.0,0.3856,1.0,0.7,0.9474
2026-08-20,6613,ＱＤレーザ,電気機器,62.24,0.6,監視,0.675,0.7316,0.8166,0.4827,0.4059,0.9993,0.9917,0.9355,0.0,1.0,0.5923,0.8073,0.8667,0.7727,0.1579,0.5,0.3878,0.3134,0.6722,0.2503,"4,5",1.0,1.0,1.0,0.0,1.0,0.0,1.0,0.4,0.5
2026-08-20,6617,東光高岳,電気機器,55.01,0.4,除外,0.8244,0.7014,0.5387,0.2205,0.4657,0.9702,0.9,0.9355,0.0,0.0,0.6244,0.9302,0.6,0.6818,0.0,0.2,0.2059,0.4444,0.2126,1.0,"3,4,5",1.0,1.0,1.0,1.0,1.0,0.5953,1.0,0.0,0.0
2026-08-20,6619,ダブル・スコープ,電気機器,31.02,0.2,除外,0.0,0.0,0.5884,,0.6524,,,,,0.7511,0.1611,0.9749,0.4667,0.7727,0.1053,0.5,0.935,0.6286,0.8591,0.1867,"1,2,3,4",,,,,,,,,
2026-08-20,6622,ダイヘン,電気機器,41.3,0.2,除外,0.5625,0.6486,0.2379,0.349,0.2667,0.9173,0.7417,0.9355,0.0,0.0074,0.2201,0.7241,0.0,1.0,0.1053,0.2,0.0,0.4734,0.5935,0.0,"1,3,4,5",1.0,1.0,1.0,0.0,1.0,0.0,0.5,0.0,0.0909
2026-08-20,6627,テラプローブ,電気機器,51.17,0.4,除外,0.8659,0.7103,0.423,0.2632,0.2962,0.9806,0.925,0.9355,0.0,0.3045,0.538,0.5829,0.2667,0.8,0.0526,0.2,0.0,0.2222,0.2088,0.7538,"3,4,5",1.0,1.0,1.0,1.0,1.0,0.5275,1.0,0.4,0.0
2026-08-20,6632,ＪＶＣケンウッド,電気機器,22.87,0.0,除外,0.0,0.0,0.4136,,0.5011,,,,,0.0,0.405,0.5159,0.7333,0.1818,0.3158,0.5,0.8575,0.1467,0.0,1.0,"1,2,3,4,5",,,,,,,,,
2026-08-20,6644,大崎電気工業,電気機器,61.23,0.4,除外,0.75,0.5236,0.5195,0.5126,0.756,0.7171,0.4417,0.9355,0.0,0.6833,0.1948,0.7333,0.4667,0.6818,0.3684,1.0,1.0,0.1495,0.8745,1.0,"2,3,4",1.0,1.0,0.5,1.0,1.0,0.0,0.5,1.0,0.0
2026-08-20,6645,オムロン,電気機器,62.08,0.4,除外,1.0,0.62,0.3709,,0.4922,0.7014,0.4167,0.9355,0.4263,0.0808,0.5907,0.212,0.6,,0.0,0.2,0.4766,,0.0,1.0,"3,4,5",1.0,1.0,1.0,1.0,1.0,1.0,1.0,1.0,0.6316
2026-08-20,6651,日東工業,電気機器,56.82,0.4,除外,0.8777,0.4782,0.516,0.2677,0.7017,0.6441,0.3333,0.9355,0.0,0.6931,0.2691,0.9017,0.2,0.7273,0.0526,0.2,0.6683,0.5078,0.6306,1.0,"2,3,4",1.0,1.0,1.0,1.0,1.0,0.6215,1.0,0.4,0.0909
2026-08-20,6652,ＩＤＥＣ,電気機器,62.0,0.4,除外,0.9834,0.6543,0.3528,,0.4896,0.6768,0.3833,0.9355,0.6215,0.0,0.6529,0.225,0.5333,,0.4737,0.2,0.6516,0.3668,0.0,0.9401,"3,4,5",1.0,1.0,1.0,1.0,1.0,0.8675,1.0,1.0,0.3368
2026-08-20,6653,正興電機製作所,電気機器,47.32,0.0,除外,0.4503,0.5384,0.3673,,0.5367,0.7513,0.4667,0.9355,0.0,0.1372,0.2067,0.592,0.5333,0.2273,0.2632,0.2,0.6977,0.1822,0.5179,0.7489,"1,2,3,4,5",0.0,1.0,0.5,0.0,1.0,0.2025,0.5,0.4,
2026-08-20,6674,ジーエス・ユアサ　コーポレーション,電気機器,50.96,0.2,除外,0.5635,0.6381,0.5622,0.5159,0.268,0.9002,0.7167,0.9355,0.0,0.3125,0.4723,0.9308,0.5333,0.8636,1.0,0.2,0.0496,0.3889,0.6337,0.0,"1,3,4,5",1.0,1.0,1.0,0.0,1.0,0.0081,0.5,0.0,0.0
2026-08-20,6701,日本電気,電気機器,35.93,0.0,除外,0.0,0.5838,0.5568,0.375,0.2806,0.2666,0.1333,0.9355,1.0,0.4454,0.3398,0.7754,0.6667,0.0,1.0,0.5,0.7528,0.1769,0.1928,0.0,"1,2,3,4,5",,,,,,,,,0.0
2026-08-20,6702,富士通,電気機器,20.34,0.0,除外,0.0,0.0,0.546,0.1947,0.2761,,,,,0.1998,0.4486,0.8691,0.6667,0.0,0.5789,0.2,0.8825,0.1212,0.1009,0.0,"1,2,3,4,5",,,,,,,,,0.0
2026-08-20,6703,沖電気工業,電気機器,44.32,0.2,除外,0.5748,0.6178,0.3752,0.4184,0.2297,0.869,0.6667,0.9355,0.0,0.0,0.2067,0.8272,0.4667,1.0,0.4737,0.2,0.2335,0.4675,0.2179,0.0,"1,3,4,5",1.0,1.0,1.0,0.0,1.0,0.0983,0.5,0.0,0.0
2026-08-20,6707,サンケン電気,電気機器,50.99,0.4,除外,0.5625,0.4239,0.6947,0.6263,0.2422,0.5101,0.25,0.9355,0.0,1.0,0.5043,0.8746,0.4,1.0,0.4737,0.2,0.0,0.5269,0.4419,0.0,"1,2,5",1.0,1.0,1.0,0.0,1.0,0.0,0.5,0.0,0.8316
2026-08-20,6723,ルネサスエレクトロニクス,電気機器,58.06,0.6,監視,0.625,0.6464,0.6169,0.5395,0.4752,0.9166,0.7333,0.9355,0.0,0.6345,0.5168,0.7828,0.5333,0.8,0.7368,0.2,0.0,0.4963,0.4043,1.0,"4,5",1.0,1.0,1.0,0.0,1.0,0.0,1.0,0.0,0.4211
2026-08-20,6724,セイコーエプソン,電気機器,69.23,0.4,除外,0.9856,0.7495,0.4706,,0.5633,0.691,0.3917,0.9355,0.98,0.4626,0.2886,0.5977,0.5333,,0.6842,0.2,0.6346,0.5146,0.1039,1.0,"3,4,5",1.0,1.0,1.0,1.0,1.0,0.8848,1.0,1.0,0.8316
2026-08-20,6727,ワコム,電気機器,35.67,0.2,除外,0.0,0.3638,0.4276,0.3804,0.6116,0.3529,0.1667,0.9355,0.0,0.0,0.5704,0.9402,0.2,0.8636,0.1579,0.5,0.5748,0.4164,0.4553,1.0,"1,2,3,4",,,,,,,,,0.0
2026-08-20,6728,アルバック,電気機器,42.4,0.4,除外,0.6514,0.6065,0.3953,0.2432,0.2237,0.857,0.6333,0.9355,0.0,0.5147,0.2373,0.8292,0.0,0.6818,0.0,0.2,0.0,0.3215,0.2281,0.3451,"3,4,5",1.0,1.0,1.0,0.0,1.0,0.311,0.5,0.4,0.0909
2026-08-20,6737,ＥＩＺＯ,電気機器,67.28,0.6,監視,0.9878,0.6575,0.6081,,0.4379,0.478,0.2167,0.9355,1.0,0.3684,0.5617,0.9691,0.5333,,0.7895,0.5,0.3137,,0.0,1.0,"4,5",1.0,1.0,1.0,1.0,1.0,0.9024,1.0,1.0,0.9526
2026-08-20,6741,日本信号,電気機器,67.54,0.4,除外,0.9918,0.766,0.4117,,0.5323,0.7036,0.425,0.9355,1.0,0.0,0.7443,0.6357,0.2667,,0.3684,0.5,0.8813,,0.0,0.7155,"3,4,5",1.0,1.0,1.0,1.0,1.0,0.9344,1.0,1.0,0.0
2026-08-20,6742,京三製作所,電気機器,74.12,0.6,監視,0.9564,0.8401,0.8347,,0.3338,0.8414,0.5833,0.9355,1.0,1.0,1.0,0.6722,0.6667,,0.2632,0.2,0.0014,,0.0,1.0,"4,5",1.0,1.0,1.0,1.0,1.0,0.9514,1.0,0.7,0.2474
2026-08-20,6744,能美防災,電気機器,64.52,0.6,監視,0.9545,0.3875,0.4638,0.644,0.7764,0.4229,0.1917,0.9355,0.0,0.2304,0.3724,0.4524,0.8,0.8182,0.6316,0.2,1.0,0.4971,0.6086,1.0,"2,3",1.0,1.0,1.0,1.0,1.0,0.6356,1.0,1.0,0.9263
2026-08-20,6745,ホーチキ,電気機器,61.92,0.6,監視,0.9058,0.584,0.7326,0.184,0.6896,0.834,0.5667,0.9355,0.0,0.8749,0.299,0.9566,0.8,0.2727,0.2632,0.2,1.0,0.4167,0.3425,0.9993,"2,4",1.0,1.0,1.0,1.0,1.0,0.5466,1.0,0.7,0.0
2026-08-20,6750,エレコム,電気機器,43.91,0.2,除外,0.8241,0.5717,0.1461,,0.2146,0.2345,0.1167,0.9355,1.0,0.072,0.2879,0.1578,0.0667,,0.1,1.0,0.4651,,0.0758,0.1031,"2,3,4,5",1.0,0.5945,0.5,1.0,0.7213,0.7767,1.0,1.0,0.5636
2026-08-20,6752,パナソニック　ホールディングス,電気機器,68.64,0.4,除外,0.9574,0.9246,0.5631,,0.3004,0.9464,0.8167,0.9355,1.0,1.0,0.329,0.9235,0.0,,0.2632,0.2,0.0906,0.1111,0.0,1.0,"3,4,5",1.0,1.0,1.0,1.0,1.0,0.9589,1.0,0.7,0.2105
2026-08-20,6753,シャープ,電気機器,30.71,0.2,除外,0.0,0.0,0.5829,,0.6455,,,,,0.6376,0.5143,0.4465,0.7333,0.0,0.2105,1.0,0.8052,0.1456,0.631,1.0,"1,2,3,4",,,,,,,,,
2026-08-20,6754,アンリツ,電気機器,57.74,0.6,監視,0.6321,0.6356,0.6433,0.4784,0.4976,0.8987,0.7083,0.9355,0.0,0.5885,0.4615,0.9899,0.5333,0.8636,0.85,0.2,0.0,0.31,0.6805,1.0,"4,5",1.0,1.0,1.0,0.0,1.0,0.057,1.0,0.0,0.0
2026-08-20,6758,ソニーグループ,電気機器,25.37,0.0,除外,0.0,0.0,0.5817,0.2342,0.4528,,,,,0.4305,0.3761,0.7869,0.7333,0.0,0.7368,0.2,0.9863,,0.0456,0.3266,"1,2,3,4,5",,,,,,,,,0.0
2026-08-20,6762,ＴＤＫ,電気機器,59.7,0.6,監視,0.6904,0.6091,0.5337,0.5199,0.632,0.8593,0.6417,0.9355,0.0,0.8763,0.2332,0.6921,0.3333,0.8636,0.1579,0.2,0.2945,0.4588,0.7749,1.0,"3,4",1.0,1.0,1.0,0.0,1.0,0.1233,1.0,0.4,0.8579
2026-08-20,6768,タムラ製作所,電気機器,51.51,0.0,除外,0.5625,0.5999,0.325,0.509,0.5791,0.8474,0.6167,0.9355,0.0,0.1515,0.22,0.5953,0.3333,0.8636,0.725,0.2,0.5405,0.4452,0.3309,1.0,"1,2,3,4,5",1.0,1.0,1.0,0.0,1.0,0.0,0.5,0.0,0.2474
2026-08-20,6770,アルプスアルパイン,電気機器,55.95,0.4,除外,0.9038,0.4677,0.5144,0.3068,0.6047,0.627,0.3083,0.9355,0.0,0.3239,0.3376,0.9295,0.4667,0.2273,0.0,1.0,1.0,0.1481,0.5039,0.7666,"2,3,4",1.0,1.0,0.5,1.0,1.0,0.73,1.0,1.0,0.0
2026-08-20,6777,ｓａｎｔｅｃ　Ｈｏｌｄｉｎｇｓ,電気機器,49.2,0.4,除外,0.6125,0.7152,0.3946,0.3158,0.4221,0.9836,0.9417,0.9355,0.0,0.2527,0.5153,0.2103,0.6,0.7273,0.2632,0.2,0.6423,0.4798,0.5662,0.0,"3,4,5",1.0,1.0,1.0,0.0,1.0,0.0,0.5,0.4,0.0727
2026-08-20,6779,日本電波工業,電気機器,61.53,0.6,監視,0.675,0.7224,0.8617,0.3804,0.4373,0.9873,0.9667,0.9355,0.0,1.0,0.7433,0.9034,0.8,0.8636,0.1579,0.5,0.096,0.3889,0.5942,0.6702,"4,5",1.0,1.0,1.0,0.0,1.0,0.0,1.0,0.4,0.0
2026-08-20,6785,鈴木,電気機器,44.09,0.2,除外,0.7455,0.571,0.1163,0.3203,0.4515,0.8153,0.5333,0.9355,0.0,0.0,0.2652,0.0,0.2,0.8182,0.2632,0.2,0.1116,0.3685,0.3261,1.0,"2,3,4,5",1.0,1.0,1.0,0.0,1.0,0.564,1.0,0.4,0.0
2026-08-20,6787,メイコー,電気機器,40.19,0.2,除外,0.4375,0.7176,0.3062,,0.1461,0.9851,0.95,0.9355,0.0,0.4318,0.3842,0.2754,0.1333,0.7727,0.65,0.2,0.0,0.3904,0.1939,0.0,"1,3,4,5",0.0,1.0,1.0,0.0,1.0,0.0,0.5,0.0,
2026-08-20,6794,フォスター電機,電気機器,53.03,0.4,除外,0.8444,0.5741,0.3293,0.2749,0.6288,0.8191,0.5417,0.9355,0.0,0.4737,0.4436,0.0,0.4,0.5455,0.2632,0.2,0.8602,0.3789,0.276,1.0,"2,3,4",1.0,1.0,0.5,1.0,1.0,0.5549,1.0,0.7,0.0909
2026-08-20,6800,ヨコオ,電気機器,49.65,0.4,除外,0.625,0.7078,0.3305,0.5724,0.2469,0.9792,0.9167,0.9355,0.0,0.1374,0.2739,0.3775,0.5333,1.0,0.8421,0.2,0.0,0.5464,0.4413,0.0,"3,4,5",1.0,1.0,1.0,0.0,1.0,0.0,1.0,0.0,0.2474
2026-08-20,6804,ホシデン,電気機器,70.03,0.6,監視,0.9952,0.631,0.5164,,0.6587,0.5197,0.2583,0.9355,0.8106,0.2809,0.5055,0.4792,0.8,,0.6842,0.2,0.9566,,0.392,0.6275,"3,4",1.0,1.0,1.0,1.0,1.0,0.9613,1.0,1.0,0.9684
2026-08-20,6806,ヒロセ電機,電気機器,54.81,0.2,除外,0.6856,0.5346,0.4383,0.4855,0.5963,0.7446,0.4583,0.9355,0.0,0.0,0.595,0.6916,0.4667,1.0,0.1053,0.2,0.1379,0.4444,0.8029,1.0,"2,3,4,5",1.0,1.0,1.0,0.0,1.0,0.4845,1.0,0.0,0.6368
2026-08-20,6807,日本航空電子工業,電気機器,24.18,0.0,除外,0.0,0.0,0.428,,0.5392,,,,,0.2876,0.1995,0.7584,0.4667,0.2273,0.3158,1.0,0.9043,0.1549,0.3282,0.7696,"1,2,3,4,5",,,,,,,,,
2026-08-20,6809,ＴＯＡ,電気機器,61.14,0.4,除外,0.8975,0.7349,0.5258,0.3489,0.5501,0.7312,0.45,0.9355,0.823,0.2143,0.5962,0.3596,0.9333,0.4091,0.75,0.2,1.0,0.178,0.0224,1.0,"3,4,5",1.0,1.0,0.5,1.0,1.0,0.6797,1.0,1.0,0.0364
2026-08-20,6810,マクセル,電気機器,55.61,0.4,除外,0.8899,0.5996,0.74,0.1208,0.4305,0.3127,0.15,0.9355,1.0,0.9216,0.3769,0.9949,0.6667,0.0,0.2105,0.2,0.2915,,0.0,1.0,"2,4,5",1.0,0.8181,0.5,1.0,1.0,0.8008,1.0,1.0,0.0727
2026-08-20,6814,古野電気,電気機器,58.43,0.4,除外,0.771,0.8649,0.4016,0.4886,0.3952,0.866,0.6583,0.9355,1.0,0.25,0.3932,0.563,0.4,0.0,0.9,1.0,0.412,0.0982,0.7275,0.3432,"3,4,5",1.0,1.0,0.0,1.0,1.0,0.1678,1.0,1.0,0.0545
2026-08-20,6817,スミダコーポレーション,電気機器,43.65,0.0,除外,0.5564,0.4703,0.3849,0.4722,0.2987,0.6292,0.3167,0.9355,0.0,0.3629,0.1172,0.8594,0.2,0.8636,0.825,0.2,0.3118,0.4444,0.0,0.4386,"1,2,3,4,5",1.0,1.0,1.0,0.0,0.8031,0.1478,0.5,0.0,0.0
2026-08-20,6823,リオン,電気機器,56.84,0.4,除外,0.7525,0.4615,0.6251,0.4553,0.5478,0.6106,0.3,0.9355,0.0,0.8333,0.4908,0.7099,0.4667,1.0,0.1579,0.2,0.4113,0.1111,0.6686,1.0,"2,4,5",1.0,1.0,1.0,0.0,1.0,0.6198,1.0,0.4,0.4632
2026-08-20,6834,精工技研,電気機器,49.15,0.4,除外,0.7375,0.7129,0.4493,0.2999,0.2577,0.9829,0.9333,0.9355,0.0,0.4735,0.7236,0.0,0.6,0.6818,0.2632,0.2,0.4223,0.4167,0.1918,0.0,"3,4,5",1.0,1.0,1.0,1.0,1.0,0.0,0.5,0.4,0.0545
2026-08-20,6841,横河電機,電気機器,59.07,0.4,除外,0.843,0.7466,0.4886,0.3322,0.5432,0.6761,0.375,0.9355,1.0,0.3535,0.2919,0.6423,0.6667,0.2273,0.2105,0.2,0.5726,0.1259,0.763,0.7111,"3,4,5",1.0,1.0,1.0,1.0,1.0,0.6439,1.0,0.1,0.6909
2026-08-20,6844,新電元工業,電気機器,42.53,0.2,除外,0.3478,0.6035,0.554,,0.1958,0.7543,0.475,0.9355,0.2492,0.7399,0.6752,0.8009,0.0,0.2273,0.0,0.2,0.0,0.3385,0.3262,0.1185,"1,3,4,5",0.0,0.868,1.0,0.0,0.8237,0.0909,0.0,0.0,
2026-08-20,6845,アズビル,電気機器,52.24,0.2,除外,0.6773,0.4012,0.4066,0.5329,0.5942,0.4609,0.2083,0.9355,0.0,0.6789,0.2919,0.3221,0.3333,0.8,0.1579,0.2,0.4499,,0.3327,1.0,"2,3,4,5",1.0,1.0,1.0,0.0,0.825,0.5936,1.0,0.0,0.9737
2026-08-20,6849,日本光電工業,電気機器,8.36,0.0,除外,0.0,0.0,0.1396,,0.1948,,,,,0.0,0.2918,0.0,0.2667,0.0,0.0526,0.2,0.5173,0.1515,0.1105,0.0,"1,2,3,4,5",,,,,,,,,
2026-08-20,6855,日本電子材料,電気機器,44.15,0.4,除外,0.675,0.6888,0.296,0.384,0.1637,0.9613,0.8583,0.9355,0.0,0.1918,0.3233,0.3357,0.3333,0.1818,0.2632,1.0,0.1161,0.176,0.3627,0.0,"3,4,5",1.0,1.0,1.0,0.0,1.0,0.0,1.0,0.4,0.0909
2026-08-20,6856,堀場製作所,電気機器,44.39,0.4,除外,0.6836,0.6579,0.1982,0.315,0.3649,0.9293,0.7667,0.9355,0.0,0.0,0.3436,0.1828,0.2667,0.9545,0.1053,0.2,0.0,0.2222,0.2373,1.0,"3,4,5",1.0,1.0,1.0,0.0,1.0,0.4688,1.0,0.0,0.0
2026-08-20,6857,アドバンテスト,電気機器,64.67,0.4,除外,1.0,0.9314,0.4571,,0.1985,0.9568,0.8333,0.9355,1.0,0.334,0.4286,0.8659,0.2,,0.0,0.2,0.0,0.3634,0.0,0.4305,"3,4,5",1.0,1.0,1.0,1.0,1.0,1.0,1.0,1.0,0.0
2026-08-20,6859,エスペック,電気機器,59.03,0.4,除外,0.9136,0.4346,0.6089,0.5341,0.4605,0.5361,0.2667,0.9355,0.0,0.8173,0.3659,0.9857,0.2667,0.9545,0.0,0.2,0.0,0.2912,0.5506,1.0,"2,4,5",1.0,1.0,1.0,1.0,1.0,0.6085,1.0,0.7,0.9818
2026-08-20,6861,キーエンス,電気機器,65.84,0.2,除外,1.0,0.5414,0.5501,,0.5422,0.5927,0.2833,0.9355,0.3541,0.0762,0.67,0.7876,0.6667,,0.1053,0.2,0.6266,,0.0,1.0,"2,3,4,5",1.0,1.0,1.0,1.0,1.0,1.0,1.0,1.0,0.8421
2026-08-20,6866,日置電機,電気機器,58.97,0.6,監視,0.9188,0.6219,0.6437,0.4514,0.3127,0.8771,0.675,0.9355,0.0,0.7439,0.3136,0.784,0.7333,0.8636,0.2632,0.2,0.0,0.2222,0.0285,1.0,"4,5",1.0,1.0,1.0,1.0,1.0,0.6503,1.0,0.7,0.4789
2026-08-20,6869,シスメックス,電気機器,15.86,0.0,除外,0.0,0.0,0.4309,,0.2033,,,,,0.5189,0.4046,0.0,0.8,,0.7,0.5,0.61,,0.0,0.0,"1,2,3,4,5",,,,,,,,,0.3455
2026-08-20,6871,日本マイクロニクス,電気機器,49.53,0.4,除外,0.6755,0.6937,0.2429,0.4316,0.433,0.9643,0.875,0.9355,0.0,0.0324,0.6264,0.1794,0.1333,1.0,0.5263,0.2,0.0,0.4444,0.2874,1.0,"3,4,5",1.0,1.0,1.0,0.0,1.0,0.404,1.0,0.0,0.0
2026-08-20,6875,メガチップス,電気機器,55.4,0.2,除外,0.8916,0.5948,0.4802,0.3122,0.4914,0.8436,0.6,0.9355,0.0,0.4466,0.5107,0.4303,0.5333,0.8182,0.1579,0.2,0.6269,0.4319,0.0,0.9068,"2,3,4,5",1.0,1.0,1.0,1.0,1.0,0.4325,1.0,0.7,0.0727
2026-08-20,6877,ＯＢＡＲＡ　ＧＲＯＵＰ,電気機器,60.35,0.2,除外,0.8711,0.5598,0.4487,0.5638,0.5742,0.787,0.5167,0.9355,0.0,0.0708,0.2797,0.7777,0.6667,0.8182,0.2632,0.5,0.5781,0.1599,0.5589,1.0,"2,3,4,5",1.0,1.0,1.0,1.0,1.0,0.5689,1.0,0.4,0.6737
2026-08-20,6890,フェローテック,電気機器,49.88,0.4,除外,0.8555,0.6628,0.2947,0.3281,0.3529,0.9322,0.7833,0.9355,0.0,0.0,0.0,0.9789,0.2,0.9545,0.1579,0.2,0.0,0.4566,0.0,0.9548,"3,4,5",1.0,1.0,1.0,1.0,1.0,0.1441,1.0,0.7,0.0
2026-08-20,6902,デンソー,輸送用機器,24.51,0.0,除外,0.0,0.3498,0.4182,,0.2125,0.2182,0.15,0.4516,0.5796,0.37,0.243,0.7932,0.2667,0.0,0.2632,0.2,0.6957,0.1541,0.0,0.0,"1,2,3,4,5",,,,,,,,,
2026-08-20,6905,コーセル,電気機器,50.36,0.2,除外,0.8492,0.3959,0.5227,0.3385,0.4118,0.4483,0.2,0.9355,0.0,0.8571,0.2096,0.6908,0.3333,0.8182,0.2632,0.2,0.2076,0.3889,0.4348,0.6157,"2,3,4,5",1.0,0.8227,1.0,1.0,1.0,0.5706,1.0,0.4,0.0727
2026-08-20,6908,イリソ電子工業,電気機器,39.51,0.2,除外,0.0,0.3308,0.5065,,0.7432,0.2628,0.125,0.9355,0.0,0.4102,0.5363,0.6126,0.4667,0.2273,0.0,0.2,1.0,0.2423,1.0,0.7305,"1,2,3,4",,,,,,,,,
2026-08-20,6914,オプテックスグループ,電気機器,54.12,0.4,除外,0.6302,0.633,0.5874,0.2659,0.5896,0.8965,0.7,0.9355,0.0,0.7468,0.3526,0.7834,0.4667,0.8636,0.0,0.2,0.3906,0.406,0.562,1.0,"3,4,5",1.0,1.0,1.0,0.0,1.0,0.0412,1.0,0.0,0.0
2026-08-20,6920,レーザーテック,電気機器,44.49,0.2,除外,0.5625,0.6603,0.5378,0.3377,0.1259,0.9308,0.775,0.9355,0.0,0.4332,0.5933,0.6581,0.4667,0.9545,0.1053,0.2,0.0,0.3277,0.1761,0.0,"1,3,4,5",1.0,1.0,1.0,0.0,1.0,0.0,0.5,0.0,0.0909
2026-08-20,6923,スタンレー電気,電気機器,60.91,0.4,除外,0.9455,0.41,0.5151,0.5386,0.6362,0.4795,0.225,0.9355,0.0,0.5562,0.2162,0.9546,0.3333,0.9545,0.0526,0.2,0.5091,0.504,0.5317,1.0,"2,3,4",1.0,1.0,1.0,1.0,1.0,0.8637,1.0,0.7,0.9474
2026-08-20,6925,ウシオ電機,電気機器,57.7,0.6,監視,0.8728,0.643,0.64,0.3039,0.4251,0.9114,0.725,0.9355,0.0,0.5014,0.5285,0.9302,0.6,0.8,0.2105,0.2,0.0,0.4444,0.2561,1.0,"4,5",1.0,1.0,1.0,1.0,1.0,0.5824,1.0,0.4,0.0053
2026-08-20,6929,日本セラミック,電気機器,47.43,0.4,除外,0.6378,0.4563,0.3818,0.2318,0.6636,0.5979,0.2917,0.9355,0.0,0.3431,0.1648,0.4195,0.6,0.7273,0.0,0.2,1.0,0.1351,0.5192,1.0,"2,3,4",1.0,0.8288,1.0,0.0,0.6978,0.5762,1.0,0.0,0.0
2026-08-20,6941,山一電機,電気機器,44.73,0.2,除外,0.5625,0.7046,0.3669,0.274,0.3284,0.9747,0.9083,0.9355,0.0,0.0857,0.2066,0.4421,0.7333,0.6818,0.1053,0.2,0.0261,0.4487,0.3561,0.4829,"1,3,4,5",1.0,1.0,1.0,0.0,1.0,0.0,0.5,0.0,0.1091
2026-08-20,6946,日本アビオニクス,電気機器,48.12,0.2,除外,0.75,0.4192,0.49,0.2572,0.4896,0.4996,0.2417,0.9355,0.0,0.2959,0.334,0.8636,0.4667,0.3182,0.2105,0.5,0.8102,0.148,0.0,1.0,"2,3,4,5",1.0,1.0,0.5,1.0,1.0,0.0,0.5,1.0,0.0
2026-08-20,6947,図研,電気機器,27.52,0.0,除外,0.0,0.0,0.5601,0.4356,0.3802,,,,,0.1997,0.5278,0.9795,0.5333,0.0,0.5789,1.0,0.5283,0.0813,0.0,0.9111,"1,2,3,4,5",,,,,,,,,0.1636
2026-08-20,6951,日本電子,電気機器,63.34,0.4,除外,0.9914,0.8472,0.4582,,0.2366,0.8451,0.6083,0.9355,1.0,0.3879,0.2998,0.6119,0.5333,,0.3684,0.2,0.302,,0.4077,0.0,"3,4,5",1.0,1.0,1.0,1.0,1.0,0.9311,1.0,1.0,0.3947
2026-08-20,6952,カシオ計算機,電気機器,63.26,0.4,除外,0.9935,0.7961,0.4928,,0.2479,0.7573,0.4917,0.9355,1.0,0.0,1.0,0.1713,0.8,,0.3158,0.2,0.4552,0.5286,0.0,0.0078,"3,4,5",1.0,1.0,1.0,1.0,1.0,0.9478,1.0,1.0,0.0053
2026-08-20,6954,ファナック,電気機器,49.96,0.0,除外,0.5693,0.5678,0.3238,0.4534,0.5836,0.8109,0.525,0.9355,0.0,0.0324,0.3028,0.5602,0.4,0.7273,0.85,0.2,0.4007,0.3549,0.5789,1.0,"1,2,3,4,5",1.0,1.0,1.0,0.0,1.0,0.0541,0.5,0.0,0.0364
2026-08-20,6958,日本シイエムケイ,電気機器,60.12,0.4,除外,0.9619,0.6251,0.5157,0.3949,0.5083,0.8816,0.6833,0.9355,0.0,0.7347,0.1132,0.6817,0.5333,0.8636,0.2105,0.2,0.7088,0.4444,0.0,0.8798,"3,4,5",1.0,1.0,1.0,1.0,1.0,0.9949,1.0,0.7,0.3053
2026-08-20,6960,フクダ電子,電気機器,57.25,0.4,除外,0.9706,0.5436,0.1975,0.4169,0.7337,0.7558,0.4833,0.9355,0.0,0.2636,0.0,0.3263,0.2,0.7727,0.3684,0.2,0.8401,0.3499,0.7447,1.0,"2,3,4",1.0,1.0,1.0,1.0,1.0,0.7649,1.0,1.0,0.3263
2026-08-20,6961,エンプラス,電気機器,45.29,0.2,除外,0.375,0.6865,0.2768,,0.4733,0.9605,0.85,0.9355,0.0,0.0,0.158,0.6827,0.2667,0.5909,0.5789,0.2,0.4419,0.129,0.3223,1.0,"1,3,4,5",0.0,1.0,0.5,0.0,1.0,0.0,0.5,0.0,
2026-08-20,6962,大真空,電気機器,54.45,0.2,除外,0.675,0.4811,0.4822,0.5264,0.5577,0.6471,0.3417,0.9355,0.0,1.0,0.1363,0.3925,0.4,0.8636,0.2105,0.2,0.5213,0.5481,0.6836,0.4779,"2,3,4,5",1.0,1.0,1.0,0.0,1.0,0.0,1.0,0.4,0.8316
2026-08-20,6963,ローム,電気機器,52.4,0.4,除外,0.7215,0.6769,0.5896,0.2763,0.3555,0.9471,0.825,0.9355,0.0,0.7113,0.389,0.858,0.4,0.8,0.1053,0.2,0.0,0.1111,0.3107,1.0,"3,4,5",1.0,1.0,1.0,0.0,1.0,0.3721,1.0,0.4,0.0
2026-08-20,6965,浜松ホトニクス,電気機器,60.13,0.6,監視,0.8558,0.4893,0.6216,0.4156,0.6243,0.6552,0.3667,0.9355,0.0,1.0,0.2061,0.6805,0.6,0.7727,0.2632,0.2,0.7421,0.3028,0.4522,1.0,"2,4",1.0,1.0,1.0,1.0,1.0,0.4464,1.0,0.4,0.4263
2026-08-20,6966,三井ハイテック,電気機器,63.5,0.6,監視,0.8,0.6401,0.5292,0.5953,0.6106,0.6523,0.35,0.9355,0.6227,1.0,0.5788,0.2713,0.2667,0.9545,0.2632,0.2,0.149,0.5269,0.7664,1.0,"3,4",1.0,1.0,1.0,1.0,1.0,0.0,1.0,0.4,0.9636
2026-08-20,6971,京セラ,電気機器,65.05,0.4,除外,0.999,0.8779,0.559,0.2763,0.5403,0.8846,0.6917,0.9355,1.0,1.0,0.4164,0.6197,0.2,0.8,0.1053,0.2,0.1588,0.4444,0.5579,1.0,"3,4,5",1.0,1.0,1.0,1.0,1.0,0.9918,1.0,1.0,0.0
2026-08-20,6976,太陽誘電,電気機器,53.07,0.4,除外,0.625,0.7258,0.4022,0.5487,0.3521,0.9926,0.975,0.9355,0.0,0.6228,0.4007,0.5852,0.0,0.8,0.8947,0.5,0.0,0.634,0.5982,0.1762,"3,4,5",1.0,1.0,1.0,0.0,1.0,0.0,1.0,0.0,0.0
2026-08-20,6981,村田製作所,電気機器,54.46,0.4,除外,0.675,0.7201,0.5232,0.3676,0.4372,0.9866,0.9583,0.9355,0.0,0.8058,0.302,0.8517,0.1333,0.9545,0.0,0.5,0.0,0.3889,0.613,0.7469,"3,4,5",1.0,1.0,1.0,0.0,1.0,0.0,1.0,0.4,0.0158
2026-08-20,6988,日東電工,化学,35.79,0.2,除外,0.0,0.6256,0.5025,0.4108,0.2504,0.4617,0.299,0.7419,1.0,0.2619,0.2849,0.7967,0.6667,0.0,0.625,1.0,0.5579,0.1428,0.301,0.0,"1,3,4,5",,,,,,,,,0.0182
2026-08-20,6995,東海理化電機製作所,輸送用機器,53.26,0.4,除外,0.7606,0.6946,0.5543,0.1685,0.4851,0.6016,0.725,0.4516,1.0,0.6001,0.1613,0.9893,0.4667,0.2273,0.2105,0.2,0.9649,,0.1662,0.3242,"3,4,5",1.0,1.0,0.5,1.0,0.8283,0.6563,1.0,0.1,0.0364
2026-08-20,6996,ニチコン,電気機器,51.94,0.4,除外,0.625,0.6686,0.5863,0.3886,0.3282,0.9389,0.8,0.9355,0.0,0.9969,0.4561,0.6922,0.2,0.9545,0.0526,0.2,0.0,0.1111,0.6919,0.51,"3,4,5",1.0,1.0,1.0,0.0,1.0,0.0,1.0,0.0,0.3474
2026-08-20,6997,日本ケミコン,電気機器,57.51,0.6,監視,0.625,0.691,0.6857,0.5294,0.3442,0.962,0.8667,0.9355,0.0,0.8721,0.5046,0.8328,0.5333,0.9545,0.1579,0.2,0.0,0.4444,0.7236,0.2089,"4,5",1.0,1.0,1.0,0.0,1.0,0.0,1.0,0.0,0.8053
2026-08-20,6999,ＫＯＡ,電気機器,54.9,0.4,除外,0.7121,0.6837,0.5008,0.4294,0.4188,0.9576,0.8417,0.9355,0.0,0.0,0.569,0.9677,0.4667,0.9545,0.2632,0.5,0.0,0.2222,0.4528,1.0,"3,4,5",1.0,1.0,1.0,0.0,1.0,0.2964,1.0,0.4,0.0
2026-08-20,7003,三井Ｅ＆Ｓ,機械,44.23,0.0,除外,0.2087,0.55,0.4225,,0.5879,0.7647,0.6289,0.8065,0.0,0.0,0.0703,0.9532,0.6667,0.1818,0.2632,0.2,0.9197,0.1276,0.3042,1.0,"1,2,3,4,5",0.0,0.5693,0.0,0.0,1.0,0.0,0.0,0.1,
2026-08-20,7004,カナデビア,機械,58.68,0.4,除外,0.7288,0.3893,0.5971,0.5492,0.6696,0.5034,0.2474,0.8065,0.0,0.7036,0.5033,0.4481,0.7333,0.9545,0.2105,0.2,0.7019,0.3027,0.8952,0.7788,"2,3,4",1.0,1.0,1.0,0.0,1.0,0.4301,1.0,0.4,0.8316
2026-08-20,7011,三菱重工業,機械,44.12,0.2,除外,0.0,0.4412,0.7326,,0.5908,0.3187,0.1443,0.8065,0.4954,0.6167,0.6049,0.9088,0.8,0.1364,0.3158,0.5,0.9426,0.1269,0.2936,1.0,"1,2,4,5",,,,,,,,,
2026-08-20,7012,川崎重工業,輸送用機器,48.41,0.4,除外,0.6877,0.4102,0.4923,0.1858,0.6448,0.5391,0.65,0.4516,0.0,0.4386,0.3192,0.6116,0.6,0.2273,0.3158,0.2,1.0,0.1219,0.8477,0.6094,"2,3,4",1.0,1.0,0.5,1.0,1.0,0.1015,0.5,0.4,0.0
2026-08-20,7013,ＩＨＩ,機械,61.28,0.2,除外,0.5796,0.5619,0.5997,,0.7098,0.5465,0.2887,0.8065,0.6061,0.4607,0.4196,0.652,0.8667,0.1818,0.0,0.5,0.9393,0.1191,0.7809,1.0,"1,2,3,4",0.0,0.6367,0.5,1.0,1.0,0.0,0.5,1.0,
2026-08-20,7014,名村造船所,輸送用機器,56.53,0.4,除外,0.7637,0.6881,0.4599,0.4045,0.51,0.6009,0.7,0.4516,1.0,0.2869,0.5038,0.5823,0.4667,0.1818,0.9,0.5,0.8413,0.0968,0.6267,0.4752,"3,4,5",1.0,1.0,0.0,1.0,1.0,0.1099,1.0,1.0,0.0364
2026-08-20,7047,ポート,サービス業,37.05,0.4,除外,0.6302,0.6636,0.1795,0.05,0.3294,0.6739,0.8837,0.0968,1.0,0.1693,0.0154,0.0,0.5333,0.0,0.0,0.2,0.6464,,0.1291,0.2128,"3,4,5",1.0,1.0,1.0,0.0,0.9201,0.3213,0.5,0.3,0.0
2026-08-20,7085,カーブスホールディングス,サービス業,49.57,0.4,除外,0.8929,0.6389,0.1719,,0.2791,0.6098,0.8488,0.0968,1.0,0.0,0.2272,0.4604,0.0,,0.3158,0.2,0.4068,0.1111,0.5981,0.0005,"3,4,5",1.0,1.0,1.0,1.0,1.0,0.8431,1.0,0.3,0.8789
2026-08-20,7128,フルサト・マルカホールディングス,卸売業,43.98,0.2,除外,0.9778,0.513,0.2984,0.4097,0.0,0.3745,0.2903,0.3871,1.0,0.0,0.5937,0.0,0.6,0.0,0.775,0.5,0.0,,0.0,0.0,"2,3,4,5",1.0,1.0,1.0,1.0,1.0,0.8221,1.0,1.0,0.3636
2026-08-20,7130,ヤマエグループホールディングス,卸売業,46.58,0.2,除外,0.715,0.364,0.3762,0.4205,0.4535,0.5205,0.5484,0.3871,0.0,0.2022,0.1735,0.6626,0.4667,0.1364,0.0,1.0,0.9935,0.126,0.414,0.2804,"2,3,4,5",1.0,0.7657,1.0,1.0,0.7855,0.669,0.5,0.0,0.5455
2026-08-20,7148,ＦＰＧ,証券、商品先物取引業,21.25,0.0,除外,0.0,0.0,0.4962,,0.3536,,,,,0.2569,0.2829,0.7786,0.6667,0.0,0.85,0.2,0.7474,0.1751,0.3673,0.1247,"1,2,3,4,5",,,,,,,,,
2026-08-20,7157,ライフネット生命保険,保険業,26.1,0.2,除外,0.0,0.0,0.3534,,0.6904,,,,,0.2821,0.3313,0.0,0.8,0.2273,0.0,0.2,1.0,0.223,0.5388,1.0,"1,2,3,4",,,,,,,,,
2026-08-20,7164,全国保証,その他金融業,30.6,0.2,除外,0.0,0.0,0.6771,0.2745,0.5785,,,,,0.7192,0.3813,0.9412,0.6667,0.5455,0.0526,0.5,0.6009,0.3399,0.3734,1.0,"1,2,4,5",,,,,,,,,0.0
2026-08-20,7167,めぶきフィナンシャルグループ,銀行業,62.82,0.4,除外,1.0,0.7915,0.4145,,0.307,0.863,0.303,1.0,1.0,0.3306,0.4596,0.8012,0.0667,,0.2632,0.2,0.6236,,0.2973,0.0,"3,4,5",1.0,1.0,1.0,1.0,1.0,1.0,1.0,1.0,0.0
2026-08-20,7172,ジャパンインベストメントアドバイザー,証券、商品先物取引業,41.58,0.0,除外,0.5381,0.3673,0.35,,0.4079,0.4907,0.3333,0.6452,0.0,0.1217,0.1354,0.8096,0.3333,0.0909,0.3158,0.2,0.8288,0.1676,0.3262,0.3091,"1,2,3,4,5",0.0,0.8294,0.5,1.0,0.549,0.3266,1.0,0.1,
2026-08-20,7173,東京きらぼしフィナンシャルグループ,銀行業,66.12,0.6,監視,0.9716,0.8565,0.7363,0.25,0.4914,0.8958,0.5303,1.0,1.0,1.0,0.6307,0.3811,0.9333,0.8,0.0,0.2,0.5527,0.3807,0.8187,0.2136,"4,5",1.0,1.0,1.0,1.0,1.0,0.7732,1.0,1.0,0.0
2026-08-20,7177,ＧＭＯフィナンシャルホールディングス,証券、商品先物取引業,75.47,0.8,本命,0.9738,0.4516,0.8214,0.7103,0.8166,0.5897,0.5714,0.6452,0.0,0.8775,0.496,0.9786,0.9333,0.7727,0.7368,0.5,1.0,0.5139,0.7524,1.0,2,1.0,1.0,1.0,1.0,1.0,0.7902,1.0,1.0,0.8316
2026-08-20,7180,九州フィナンシャルグループ,銀行業,57.17,0.6,監視,0.8931,0.8404,0.3798,0.1263,0.6189,0.892,0.4697,1.0,1.0,0.4419,0.2444,0.4331,0.4,0.2,0.1053,0.2,0.5883,0.4064,0.481,1.0,"3,4",1.0,1.0,1.0,1.0,1.0,0.8447,1.0,0.3,0.0
2026-08-20,7181,かんぽ生命保険,保険業,53.5,0.4,除外,0.8851,0.7426,0.4412,0.2122,0.3941,0.6962,0.5,0.7742,1.0,0.3667,0.4083,0.2565,0.7333,0.0,0.1579,0.2,0.9984,0.1111,0.4671,0.0,"3,4,5",1.0,1.0,1.0,1.0,1.0,0.7806,1.0,0.3,0.4909
2026-08-20,7182,ゆうちょ銀行,銀行業,56.21,0.4,除外,0.8626,0.6292,0.5204,0.2053,0.5931,0.8809,0.4091,1.0,0.2268,0.4882,0.4456,0.681,0.4667,0.2,0.4211,0.2,0.584,0.4444,0.3441,1.0,"3,4,5",1.0,1.0,1.0,1.0,1.0,0.8004,1.0,0.1,0.0
2026-08-20,7184,富山第一銀行,銀行業,68.71,0.4,除外,1.0,0.9574,0.5474,,0.2436,0.9509,0.8788,1.0,1.0,0.3373,0.4114,0.9077,0.5333,,0.9,1.0,0.5033,,0.2274,0.0,"3,4,5",1.0,1.0,1.0,1.0,1.0,1.0,1.0,1.0,0.0
2026-08-20,7186,横浜フィナンシャルグループ,銀行業,57.89,0.6,監視,0.9879,0.8011,0.3272,0.1,0.6783,0.8712,0.3333,1.0,1.0,0.4676,0.0878,0.7534,0.0,0.2,0.0,0.2,0.5973,,0.6768,0.7607,"3,4",1.0,1.0,1.0,1.0,1.0,0.9032,1.0,1.0,0.0
2026-08-20,7189,西日本フィナンシャルホールディングス,銀行業,61.29,0.4,除外,0.999,0.7962,0.4721,,0.1843,0.8667,0.3182,1.0,1.0,0.5155,0.3064,0.7332,0.3333,,0.2632,0.5,0.553,,0.0,0.0,"3,4,5",1.0,1.0,1.0,1.0,1.0,0.9916,1.0,1.0,0.0
2026-08-20,7198,ＳＢＩアルヒ,その他金融業,28.27,0.2,除外,0.0,0.1847,0.3168,,0.6293,0.2308,0.25,0.2581,0.0,0.0257,0.3843,0.2571,0.6,0.0,0.5789,1.0,1.0,0.1077,0.4094,1.0,"1,2,3,4",,,,,,,,,
2026-08-20,7199,プレミアグループ,その他金融業,46.12,0.4,除外,0.0,0.3823,0.4752,0.6658,0.7826,0.2867,0.3,0.2581,0.6844,0.5552,0.5457,0.0,0.8,0.8,0.2632,1.0,1.0,0.4085,0.7218,1.0,"1,2,3",,,,,,,,,0.6
2026-08-20,7201,日産自動車,輸送用機器,23.62,0.0,除外,0.0,0.0,0.4509,,0.494,,,,,0.4963,0.3989,0.8416,0.0667,0.1364,0.4737,0.2,0.7944,0.1408,0.7626,0.278,"1,2,3,4,5",,,,,,,,,
2026-08-20,7202,いすゞ自動車,輸送用機器,43.93,0.0,除外,0.3717,0.4758,0.5614,,0.3482,0.5168,0.575,0.4516,0.3597,0.3939,0.388,0.9302,0.5333,0.2273,0.2105,0.2,0.8795,0.0705,0.443,0.0,"1,2,3,4,5",0.0,1.0,0.5,0.0,0.7686,0.105,0.5,0.1,
2026-08-20,7203,トヨタ自動車,輸送用機器,42.07,0.2,除外,0.4532,0.3015,0.3202,,0.608,0.4043,0.35,0.4516,0.0,0.0,0.2285,0.9856,0.0667,0.2273,0.1053,0.2,0.7424,0.1944,0.495,1.0,"1,2,3,4",0.0,0.6325,0.5,1.0,0.4299,0.0629,0.0,1.0,
2026-08-20,7211,三菱自動車工業,輸送用機器,26.39,0.0,除外,0.0,0.0,0.5915,,0.4643,,,,,0.3361,0.7054,0.658,0.6667,0.1364,0.0,0.5,0.2853,0.1278,0.6274,0.8165,"1,2,3,4,5",,,,,,,,,
2026-08-20,7220,武蔵精密工業,輸送用機器,31.41,0.2,除外,0.0,0.2714,0.3573,0.3203,0.6217,0.3589,0.275,0.4516,0.0,1.0,0.0,0.0961,0.3333,0.8182,0.2632,0.2,0.8198,0.6048,0.7883,0.2738,"1,2,3,4",,,,,,,,,0.0
2026-08-20,7224,新明和工業,輸送用機器,53.68,0.4,除外,0.3439,0.3458,0.684,,0.7736,0.4818,0.45,0.4516,0.0,0.5645,0.3176,0.9874,0.8667,0.2273,0.0,0.5,1.0,0.1431,0.9512,1.0,"1,2,4",0.0,0.8409,0.5,0.0,0.7104,0.0,0.0,0.7,
2026-08-20,7226,極東開発工業,輸送用機器,34.82,0.4,除外,0.0,0.0,0.6036,,0.7893,,,,,0.6174,0.3568,0.6404,0.8,0.2273,0.3158,0.5,1.0,0.1574,1.0,1.0,"1,2,4",,,,,,,,,
2026-08-20,7231,トピー工業,輸送用機器,61.15,0.8,本命,0.731,0.6095,0.7676,0.2081,0.7414,0.5272,0.6,0.4516,0.8592,1.0,0.447,0.9569,0.6667,0.2273,0.1053,0.5,1.0,0.1479,0.8178,1.0,4,1.0,0.5873,0.5,1.0,0.4827,0.2782,1.0,1.0,0.0
2026-08-20,7236,ティラド,輸送用機器,75.11,0.6,監視,1.0,0.6596,0.576,,0.7687,0.971,1.0,0.4516,0.216,0.2201,0.3562,0.9942,0.7333,,0.2632,0.2,0.8739,0.2302,0.9706,1.0,"3,4",1.0,1.0,1.0,1.0,1.0,1.0,1.0,1.0,0.0
2026-08-20,7238,曙ブレーキ工業,輸送用機器,33.76,0.2,除外,0.0,0.2569,0.3144,,0.7789,0.3261,0.25,0.4516,0.0,0.227,0.1228,0.5077,0.4,0.1364,0.0526,0.5,1.0,0.1676,0.9481,1.0,"1,2,3,4",,,,,,,,,
2026-08-20,7239,タチエス,輸送用機器,53.14,0.2,除外,0.9814,0.3742,0.5374,0.2516,0.5125,0.4952,0.55,0.4516,0.0,0.2246,0.3681,0.8236,0.7333,0.2273,0.5789,0.2,1.0,0.5089,0.0334,0.5078,"2,3,4,5",1.0,1.0,1.0,1.0,0.919,0.9319,1.0,1.0,0.0
2026-08-20,7240,ＮＯＫ,輸送用機器,48.81,0.2,除外,0.9026,0.5371,0.4986,0.1463,0.3562,0.6217,0.8,0.4516,0.2749,0.5579,0.2553,0.9144,0.2667,0.2273,0.1579,0.2,0.8974,0.1265,0.4008,0.0,"2,3,4,5",1.0,1.0,0.5,1.0,1.0,0.7211,1.0,1.0,0.0
2026-08-20,7241,フタバ産業,輸送用機器,51.13,0.2,除外,0.8851,0.5179,0.4047,0.3583,0.3906,0.4899,0.475,0.4516,0.655,0.2488,0.2133,0.7569,0.4,0.2273,0.8421,0.2,1.0,0.1718,0.3906,0.0,"2,3,4,5",1.0,0.8505,0.5,1.0,1.0,0.7306,1.0,1.0,0.1636
2026-08-20,7242,カヤバ,輸送用機器,65.75,0.6,監視,0.8748,0.7102,0.5994,0.4602,0.6428,0.6143,0.775,0.4516,1.0,0.5714,0.4039,0.7555,0.6667,0.2273,0.95,0.5,1.0,0.1487,0.6445,0.7781,"3,4",1.0,1.0,0.5,1.0,1.0,0.4981,1.0,1.0,0.1636
2026-08-20,7245,大同メタル工業,輸送用機器,60.36,0.6,監視,0.6304,0.8267,0.6576,0.5,0.4035,0.8801,0.975,0.4516,1.0,1.0,0.4861,0.8778,0.2667,0.8,0.0,0.2,0.0,0.3889,0.5426,0.6826,"4,5",1.0,1.0,1.0,0.0,1.0,0.0429,1.0,0.0,1.0
2026-08-20,7246,プレス工業,輸送用機器,59.12,0.4,除外,0.9266,0.7573,0.4462,0.4928,0.3331,0.6776,0.9,0.4516,1.0,0.0881,0.4315,0.665,0.6,0.2273,0.7895,0.5,0.8747,0.4578,0.0,0.0,"3,4,5",1.0,1.0,0.5,1.0,1.0,0.9125,1.0,1.0,0.4545
2026-08-20,7259,アイシン,輸送用機器,30.41,0.0,除外,0.0,0.3383,0.4936,,0.3847,0.4765,0.425,0.4516,0.0,0.2731,0.1845,0.7833,0.7333,0.0,0.3158,0.2,0.7719,0.1148,0.0016,0.6504,"1,2,3,4,5",,,,,,,,,
2026-08-20,7261,マツダ,輸送用機器,52.83,0.4,除外,0.831,0.472,0.5578,0.1422,0.6383,0.5369,0.625,0.4516,0.2744,0.1885,0.4579,0.9183,0.6667,0.2273,0.1053,0.2,0.7643,0.1459,0.6626,0.9806,"2,3,4",1.0,0.8712,0.5,1.0,0.9091,0.3677,1.0,1.0,0.0364
2026-08-20,7267,本田技研工業,輸送用機器,55.42,0.4,除外,0.8823,0.4906,0.6051,0.3614,0.4314,0.2859,0.225,0.4516,1.0,0.5268,0.5097,0.7839,0.6,0.0909,0.7,0.2,0.7584,0.1295,0.4428,0.395,"2,4,5",1.0,0.663,0.5,1.0,1.0,0.8954,1.0,1.0,0.4545
2026-08-20,7269,スズキ,輸送用機器,35.09,0.0,除外,0.0,0.5772,0.5282,,0.2983,0.4572,0.4,0.4516,1.0,0.257,0.542,0.8471,0.4667,0.0,0.0,0.5,0.6002,0.1162,0.3931,0.0837,"1,2,3,4,5",,,,,,,,,
2026-08-20,7270,ＳＵＢＡＲＵ,輸送用機器,25.46,0.0,除外,0.0,0.3462,0.4177,,0.2544,0.2152,0.125,0.4516,0.593,0.1843,0.3373,0.6825,0.4667,0.0,0.2632,0.2,0.7,0.1599,0.1577,0.0,"1,2,3,4,5",,,,,,,,,
2026-08-20,7272,ヤマハ発動機,輸送用機器,54.75,0.2,除外,1.0,0.5609,0.5159,,0.1131,0.417,0.375,0.4516,1.0,0.0,1.0,0.4637,0.6,,0.975,0.2,0.3392,,0.0,0.0,"2,3,4,5",1.0,1.0,1.0,1.0,1.0,1.0,1.0,1.0,0.9579
2026-08-20,7276,小糸製作所,電気機器,57.09,0.2,除外,0.9297,0.4867,0.4185,0.4871,0.5326,0.653,0.3583,0.9355,0.0,0.1137,0.3993,0.6276,0.5333,0.8636,0.4211,0.5,0.7418,0.5983,0.0975,0.6926,"2,3,4,5",1.0,1.0,1.0,1.0,1.0,0.7374,1.0,0.7,0.1636
2026-08-20,7278,エクセディ,輸送用機器,57.38,0.4,除外,0.9928,0.4761,0.4167,0.2677,0.7159,0.6277,0.825,0.4516,0.0,0.2883,0.1422,0.9029,0.3333,0.8182,0.0526,0.2,1.0,0.4134,0.4503,1.0,"2,3,4",1.0,1.0,1.0,1.0,0.9874,0.9551,1.0,1.0,0.0
2026-08-20,7279,ハイレックスコーポレーション,輸送用機器,32.75,0.0,除外,0.0,0.2325,0.5718,,0.5059,0.2785,0.2,0.4516,0.0,0.6829,0.1671,0.9705,0.4667,0.2273,0.5263,0.2,0.8793,0.1442,0.0,1.0,"1,2,3,4,5",,,,,,,,,
2026-08-20,7280,ミツバ,電気機器,58.62,0.6,監視,0.8125,0.475,0.6305,0.2848,0.7279,0.6396,0.325,0.9355,0.0,0.685,0.3064,0.9973,0.5333,0.0909,0.4211,0.5,0.952,0.1662,0.7934,1.0,"2,4",1.0,1.0,0.5,1.0,1.0,0.0,1.0,1.0,0.1273
2026-08-20,7282,豊田合成,輸送用機器,64.41,0.6,監視,0.9682,0.8005,0.5308,0.2079,0.7129,0.8004,0.95,0.4516,1.0,0.4412,0.366,0.9826,0.3333,0.0,0.6316,0.2,0.4792,,0.6594,1.0,"3,4",1.0,1.0,1.0,1.0,1.0,0.7454,1.0,1.0,0.0
2026-08-20,7283,愛三工業,輸送用機器,49.71,0.4,除外,0.827,0.7403,0.4452,0.2249,0.248,0.6344,0.875,0.4516,1.0,0.5463,0.5986,0.3024,0.3333,0.0,0.2632,0.2,0.0,,0.744,0.0,"3,4,5",1.0,1.0,0.5,1.0,1.0,0.8158,1.0,0.3,0.4364
2026-08-20,7287,日本精機,輸送用機器,46.8,0.2,除外,0.8538,0.54,0.3263,0.413,0.2071,0.7833,0.925,0.4516,0.0,0.2391,0.3093,0.2233,0.5333,0.2273,0.3158,1.0,0.7016,0.1268,0.0,0.0,"2,3,4,5",1.0,1.0,0.5,1.0,1.0,0.6303,1.0,0.7,0.1091
2026-08-20,7296,エフ・シー・シー,輸送用機器,51.86,0.4,除外,0.9929,0.6178,0.3445,,0.1193,0.4944,0.525,0.4516,1.0,0.0,0.8448,0.0,0.5333,,0.65,0.5,0.3579,,0.0,0.0,"3,4,5",1.0,1.0,1.0,1.0,1.0,0.943,1.0,1.0,0.3091
2026-08-20,7309,シマノ,輸送用機器,41.05,0.2,除外,0.9778,0.0,0.5621,,0.1023,,,,,0.3499,0.5551,0.9432,0.4,,0.95,0.2,0.3068,,0.0,0.0,"2,3,4,5",1.0,1.0,1.0,1.0,1.0,0.8225,1.0,1.0,0.6545
2026-08-20,7313,テイ・エス　テック,輸送用機器,28.04,0.0,除外,0.0,0.2186,0.5663,0.2516,0.3657,0.248,0.175,0.4516,0.0,0.9501,0.1596,0.9554,0.2,0.2273,0.5789,0.2,0.931,0.1693,0.3624,0.0,"1,2,3,4,5",,,,,,,,,0.0
2026-08-20,7322,三十三フィナンシャルグループ,銀行業,64.29,0.4,除外,1.0,0.8935,0.432,,0.2462,0.9226,0.6515,1.0,1.0,0.1412,0.4704,0.583,0.5333,,0.0526,0.2,0.4759,,0.2627,0.0,"3,4,5",1.0,1.0,1.0,1.0,1.0,1.0,1.0,1.0,0.0
2026-08-20,7327,第四北越フィナンシャルグループ,銀行業,65.49,0.4,除外,1.0,0.8094,0.5478,,0.2624,0.8742,0.3636,1.0,1.0,0.412,0.4341,0.6784,0.6667,,0.2632,0.5,0.6287,,0.1585,0.0,"3,4,5",1.0,1.0,1.0,1.0,1.0,1.0,1.0,1.0,0.0
2026-08-20,7337,ひろぎんホールディングス,銀行業,73.46,0.6,監視,1.0,0.7656,0.4707,,0.702,0.8503,0.2121,1.0,1.0,0.2295,0.2595,0.8605,0.5333,,0.1053,0.5,0.736,,0.4864,0.8836,"3,4",1.0,1.0,1.0,1.0,1.0,1.0,1.0,1.0,0.0
2026-08-20,7350,おきなわフィナンシャルグループ,銀行業,62.71,0.4,除外,1.0,0.8741,0.288,,0.3464,0.9054,0.5909,1.0,1.0,0.0707,0.3442,0.3372,0.4,,0.725,0.2,0.6215,,0.3581,0.0597,"3,4,5",1.0,1.0,1.0,1.0,1.0,1.0,1.0,1.0,0.0
2026-08-20,7366,ＬＩＴＡＬＩＣＯ,サービス業,70.18,0.4,除外,0.988,0.5926,0.5641,,0.6624,0.5771,0.8256,0.0968,0.8711,0.2371,0.6785,0.4743,0.8667,,0.2632,0.2,0.9871,,0.0,1.0,"2,3,4",1.0,1.0,1.0,1.0,1.0,0.9041,1.0,1.0,0.9632
2026-08-20,7380,十六フィナンシャルグループ,銀行業,70.0,0.4,除外,1.0,0.9138,0.5455,,0.3407,0.9278,0.7273,1.0,1.0,0.3842,0.4908,0.7069,0.6,,0.0526,0.2,0.4337,0.5213,0.372,0.0357,"3,4,5",1.0,1.0,1.0,1.0,1.0,1.0,1.0,1.0,0.0
2026-08-20,7381,ＣＣＩグループ,銀行業,64.01,0.4,除外,1.0,0.8656,0.5259,,0.169,0.9017,0.5606,1.0,1.0,0.3761,0.2415,0.8859,0.6,,0.3158,0.2,0.425,,0.082,0.0,"3,4,5",1.0,1.0,1.0,1.0,1.0,1.0,1.0,1.0,0.0
2026-08-20,7383,ネットプロテクションズホールディングス,その他金融業,32.98,0.2,除外,0.0,0.0,0.7417,,0.5774,,,,,1.0,0.3689,0.9313,0.6667,0.0,0.95,1.0,1.0,0.1667,0.6444,0.4985,"1,2,4,5",,,,,,,,,
2026-08-20,7384,プロクレアホールディングス,銀行業,75.0,0.6,監視,1.0,0.9657,0.6632,,0.3712,0.9538,0.9091,1.0,1.0,1.0,0.0426,0.8767,0.7333,,0.2632,0.2,0.9572,,0.1565,0.0,"4,5",1.0,1.0,1.0,1.0,1.0,1.0,1.0,1.0,0.0368
2026-08-20,7389,あいちフィナンシャルグループ,銀行業,64.28,0.4,除外,0.9106,0.9839,0.4016,,0.2751,0.9657,0.9697,1.0,1.0,0.0901,0.5191,0.5306,0.4667,,0.3158,0.2,0.4704,,0.3549,0.0,"3,4,5",1.0,1.0,1.0,1.0,1.0,0.9851,1.0,0.3,0.0
2026-08-20,7414,小野建,卸売業,46.71,0.2,除外,0.707,0.4533,0.4853,0.1726,0.5173,0.2435,0.1828,0.3871,1.0,0.3537,0.6723,0.1154,0.8,0.2273,0.2632,0.2,1.0,0.1344,0.5298,0.4051,"2,3,4,5",1.0,0.6103,0.5,1.0,0.3741,0.8716,1.0,0.3,0.0
2026-08-20,7419,ノジマ,小売業,52.33,0.4,除外,0.6129,0.3393,0.5259,0.4922,0.646,0.484,0.8087,0.0645,0.0,0.5547,0.1478,0.8676,0.5333,0.8636,0.0,0.2,0.8149,0.4444,0.3247,1.0,"2,3,4",1.0,0.6728,1.0,0.0,0.7957,0.3346,1.0,0.1,0.9053
2026-08-20,7421,カッパ・クリエイト,小売業,42.69,0.2,除外,0.6295,0.4469,0.3842,0.2372,0.4366,0.245,0.4783,0.0645,1.0,0.1352,0.4304,0.571,0.4,0.4091,0.1579,0.2,0.4883,,0.1988,0.6225,"2,3,4,5",1.0,0.5007,0.0,1.0,0.5147,0.7204,1.0,0.3,0.1818
2026-08-20,7433,伯東,卸売業,51.34,0.4,除外,0.9889,0.6032,0.2123,,0.2492,0.4989,0.5269,0.3871,1.0,0.0,0.4269,0.089,0.3333,,0.6842,0.2,0.6618,,0.0,0.0859,"3,4,5",1.0,1.0,1.0,1.0,1.0,0.9111,1.0,1.0,0.4895
2026-08-20,7447,ナガイレーベン,卸売業,17.02,0.0,除外,0.0,0.0,0.3524,0.169,0.3294,,,,,0.0,0.5433,0.5328,0.3333,0.0,0.1579,0.5,0.6905,0.1315,0.4958,0.0,"1,2,3,4,5",,,,,,,,,0.0182
2026-08-20,7453,良品計画,小売業,62.34,0.2,除外,0.997,0.57,0.5973,,0.3293,0.4415,0.7739,0.0645,1.0,0.4831,0.7342,0.7055,0.4667,,0.95,0.2,0.3765,0.2251,0.7155,0.0,"2,3,4,5",1.0,1.0,1.0,1.0,1.0,0.9761,1.0,1.0,0.6211
2026-08-20,7456,松田産業,卸売業,44.88,0.2,除外,0.7977,0.5188,0.2753,0.3463,0.3057,0.7848,0.9032,0.3871,0.0,0.0,0.5679,0.0,0.5333,0.2273,0.1579,1.0,0.9657,0.143,0.0,0.1141,"2,3,4,5",1.0,1.0,0.5,1.0,1.0,0.1817,1.0,0.7,0.0
2026-08-20,7458,第一興商,卸売業,53.45,0.2,除外,0.924,0.4971,0.5044,,0.2127,0.3433,0.2581,0.3871,1.0,0.2775,0.4265,0.7803,0.5333,,0.0526,0.2,0.266,,0.372,0.0,"2,3,4,5",1.0,0.9172,1.0,1.0,0.5876,0.8871,1.0,1.0,0.5273
2026-08-20,7459,メディパルホールディングス,卸売業,41.22,0.2,除外,0.7414,0.4665,0.4158,0.1772,0.2603,0.4334,0.4194,0.3871,0.6261,0.2544,0.4037,0.6719,0.3333,0.2273,0.2632,0.2,0.423,,0.1829,0.1752,"2,3,4,5",1.0,1.0,0.5,1.0,0.4435,0.6876,1.0,0.3,0.0182
2026-08-20,7476,アズワン,卸売業,18.11,0.0,除外,0.0,0.0,0.5434,0.2085,0.1539,,,,,0.5683,0.2849,0.7203,0.6,0.0,0.3158,0.5,0.3879,,0.0737,0.0,"1,2,3,4,5",,,,,,,,,0.0182
2026-08-20,7483,ドウシシャ,卸売業,52.59,0.2,除外,0.514,0.3138,0.5755,,0.7002,0.4378,0.4301,0.3871,0.0,0.4558,0.2307,0.9491,0.6667,0.2273,0.1053,0.2,1.0,0.1723,0.6284,1.0,"1,2,3,4",0.0,0.7975,0.5,1.0,0.5648,0.2493,0.0,1.0,
2026-08-20,7504,高速,卸売業,52.69,0.4,除外,1.0,0.6703,0.4375,,0.0,0.6165,0.6774,0.3871,1.0,0.0,0.2363,0.7803,0.7333,,0.55,0.2,0.0,,0.0,0.0,"3,4,5",1.0,1.0,1.0,1.0,1.0,1.0,1.0,1.0,0.6909
2026-08-20,7512,イオン北海道,小売業,16.41,0.0,除外,0.0,0.0,0.3161,,0.3404,,,,,0.1397,0.2143,0.8438,0.0667,0.0,0.0,1.0,0.0,0.1674,0.1943,1.0,"1,2,3,4,5",,,,,,,,,
2026-08-20,7513,コジマ,小売業,53.37,0.4,除外,0.8684,0.2225,0.3377,0.5615,0.6784,0.2777,0.5478,0.0645,0.0,0.0,0.8442,0.2397,0.2667,0.9091,0.1579,0.2,0.5903,0.5067,0.6165,1.0,"2,3,4",1.0,1.0,1.0,1.0,0.8697,0.7775,1.0,0.3,0.9789
2026-08-20,7516,コーナン商事,小売業,42.45,0.2,除外,0.8764,0.2412,0.3998,0.3059,0.2995,0.2762,0.5391,0.0645,0.0849,0.0549,0.4709,0.8733,0.2,0.5,0.1053,0.2,0.2394,0.1093,0.4473,0.402,"2,3,4,5",1.0,0.708,1.0,1.0,0.5108,0.7923,1.0,1.0,0.4182
2026-08-20,7532,パン・パシフィック・インターナショナルホールディングス,小売業,30.5,0.0,除外,0.0,0.0,0.5568,0.4432,0.5249,,,,,0.5869,0.475,0.7652,0.4,0.2727,1.0,0.5,0.6755,0.097,0.3271,1.0,"1,2,3,4,5",,,,,,,,,0.0
2026-08-20,7545,西松屋チェーン,小売業,18.52,0.0,除外,0.0,0.0,0.2937,,0.4469,,,,,0.0,0.7827,0.3922,0.0,0.0,0.1579,0.2,0.0779,0.1408,0.569,1.0,"1,2,3,4,5",,,,,,,,,
2026-08-20,7550,ゼンショーホールディングス,小売業,56.23,0.2,除外,0.8711,0.4674,0.5773,,0.3333,0.2748,0.5304,0.0645,1.0,0.5671,0.6013,0.4741,0.6667,,0.775,1.0,1.0,,0.0,0.0,"2,3,4,5",1.0,0.5532,0.5,1.0,1.0,0.9155,1.0,1.0,0.3273
2026-08-20,7552,ハピネット,卸売業,19.74,0.0,除外,0.0,0.5073,0.2199,,0.0623,0.3626,0.2796,0.3871,1.0,0.0,0.4131,0.0,0.4667,,0.675,0.5,0.1869,,0.0,0.0,"1,2,3,4,5",,,,,,,,,0.5091
2026-08-20,7564,ワークマン,小売業,24.71,0.0,除外,0.284,0.0,0.3102,,0.3941,,,,,0.0465,0.4068,0.7875,0.0,0.8636,0.1053,0.2,0.535,0.4769,0.5645,0.0,"1,2,3,4,5",0.0,0.5406,0.5,0.0,0.5128,0.0184,0.0,0.7,
2026-08-20,7575,日本ライフライン,卸売業,18.13,0.0,除外,0.0,0.0,0.4257,0.2756,0.2051,,,,,0.0767,0.5411,0.5517,0.5333,0.0,0.775,0.2,0.6754,0.1257,0.0,0.0192,"1,2,3,4,5",,,,,,,,,0.1273
2026-08-20,7581,サイゼリヤ,小売業,47.59,0.4,除外,0.9513,0.5347,0.6057,0.2881,0.0,0.3872,0.687,0.0645,1.0,0.0,1.0,0.8226,0.6,0.0,0.625,0.2,0.0,,0.0,0.0,"2,4,5",1.0,1.0,1.0,1.0,1.0,0.6101,1.0,1.0,0.3273
2026-08-20,7593,ＶＴホールディングス,小売業,30.28,0.0,除外,0.0,0.4226,0.4547,0.1331,0.5038,0.2085,0.4174,0.0645,1.0,0.4608,0.5224,0.1023,0.7333,0.2273,0.1053,0.2,0.8884,0.1429,0.0502,0.9336,"1,2,3,4,5",,,,,,,,,0.0
2026-08-20,7595,アルゴグラフィックス,情報・通信業,43.16,0.2,除外,0.3201,0.2989,0.4691,,0.6382,0.2055,0.5897,0.0323,0.3683,0.3845,0.5408,0.6178,0.3333,0.0,0.2632,0.2,0.9758,0.1778,0.3992,1.0,"1,2,3,4",0.0,0.5566,0.0,1.0,0.5702,0.1338,0.0,0.3,
2026-08-20,7599,ＩＤＯＭ,卸売業,37.61,0.0,除外,0.4703,0.3166,0.3375,,0.38,0.4386,0.4409,0.3871,0.0,0.1392,0.008,0.8694,0.3333,0.2273,0.0526,0.2,0.3563,0.1637,1.0,0.0,"1,2,3,4,5",0.0,1.0,0.5,0.0,1.0,0.3627,0.5,0.4,
2026-08-20,7600,日本エム・ディ・エム,精密機器,76.1,0.8,本命,0.8274,0.82,0.7644,0.4684,0.9249,0.796,0.6129,0.871,1.0,0.9764,0.7081,0.6396,0.7333,0.4,0.0,0.5,0.9639,,0.8108,1.0,4,1.0,1.0,1.0,1.0,1.0,0.6194,1.0,0.0,0.9737
2026-08-20,7606,ユナイテッドアローズ,小売業,46.1,0.2,除外,0.9153,0.2893,0.3404,0.3389,0.421,0.3969,0.6957,0.0645,0.0,0.2085,0.5533,0.0,0.6,0.2273,0.4737,0.2,1.0,0.4088,0.1184,0.1569,"2,3,4,5",1.0,1.0,0.5,1.0,1.0,0.8225,1.0,1.0,0.4545
2026-08-20,7609,ダイトロン,卸売業,66.41,0.4,除外,1.0,0.792,0.4486,,0.4159,0.8347,0.9462,0.3871,1.0,0.0,1.0,0.2612,0.5333,,0.1053,0.2,0.3809,0.2828,0.0,1.0,"3,4,5",1.0,1.0,1.0,1.0,1.0,1.0,1.0,1.0,0.0
2026-08-20,7611,ハイデイ日高,小売業,17.71,0.0,除外,0.0,0.0,0.1918,,0.5167,,,,,0.0,0.679,0.0882,0.0,0.0,0.1053,1.0,0.4605,0.1141,0.5399,0.9525,"1,2,3,4,5",,,,,,,,,
2026-08-20,7613,シークス,卸売業,51.05,0.2,除外,0.9952,0.5142,0.3437,,0.1888,0.3805,0.3118,0.3871,0.9774,0.0,0.6777,0.1637,0.5333,,0.4211,0.2,0.4615,,0.0,0.1049,"2,3,4,5",1.0,0.9613,1.0,1.0,1.0,1.0,1.0,1.0,0.3455
2026-08-20,7616,コロワイド,小売業,46.15,0.2,除外,0.9523,0.4649,0.3394,,0.0896,0.2733,0.5217,0.0645,1.0,0.0041,0.4807,0.606,0.2667,,0.925,0.2,0.1859,,0.0828,0.0,"2,3,4,5",1.0,1.0,1.0,1.0,0.8022,0.8165,1.0,1.0,0.4545
2026-08-20,7630,壱番屋,小売業,13.44,0.0,除外,0.0,0.0,0.5941,0.0677,0.0104,,,,,0.2956,0.5703,0.9106,0.6,0.0,0.0526,0.2,0.0007,,0.0304,0.0,"1,2,3,4,5",,,,,,,,,0.0182
2026-08-20,7649,スギホールディングス,小売業,21.73,0.0,除外,0.0,0.0,0.3651,,0.5043,,,,,0.2533,0.3368,0.8038,0.0667,0.0,0.5263,1.0,0.3547,0.1379,0.5244,1.0,"1,2,3,4,5",,,,,,,,,
2026-08-20,7685,ＢｕｙＳｅｌｌ　Ｔｅｃｈｎｏｌｏｇｉｅｓ,卸売業,41.73,0.2,除外,0.6249,0.5702,0.2227,0.2677,0.401,0.9151,0.9785,0.3871,0.0,0.3231,0.1971,0.3707,0.0,0.8182,0.0526,0.2,0.608,0.2299,0.5122,0.2539,"2,3,4,5",1.0,1.0,1.0,0.0,1.0,0.0991,0.5,0.4,0.0
2026-08-20,7701,島津製作所,精密機器,55.47,0.6,監視,0.8854,0.6398,0.6936,0.0768,0.4777,0.4624,0.2258,0.871,1.0,1.0,0.3451,0.6295,0.8,0.0,0.0526,0.2,1.0,0.1048,0.7565,0.0494,"4,5",1.0,0.8689,0.5,1.0,0.9381,0.7763,1.0,1.0,0.0545
2026-08-20,7711,助川電気工業,精密機器,47.14,0.4,除外,0.0,0.6491,0.7124,,0.5243,0.9188,0.8065,0.871,0.0,0.7981,0.3434,0.9082,0.8,0.0909,0.1053,0.2,0.4435,0.1907,0.4631,1.0,"1,4,5",,,,,,,,,
2026-08-20,7715,長野計器,精密機器,58.86,0.4,除外,0.8917,0.8729,0.5162,0.4211,0.2412,0.8786,0.7419,0.871,1.0,0.9092,0.6561,0.1662,0.3333,1.0,0.3158,0.2,0.0,0.4444,0.0,0.5203,"3,4,5",1.0,1.0,1.0,1.0,1.0,0.7339,1.0,0.4,0.1684
2026-08-20,7716,ナカニシ,精密機器,62.86,0.4,除外,0.9903,0.6072,0.344,,0.5728,0.7364,0.5806,0.871,0.2406,0.0,0.7759,0.0,0.6,,0.3158,0.2,0.7184,,0.0,1.0,"3,4,5",1.0,1.0,1.0,1.0,1.0,0.9223,1.0,1.0,0.5263
2026-08-20,7717,ブイ・テクノロジー,精密機器,51.65,0.4,除外,0.625,0.6408,0.5148,0.5671,0.2347,0.9181,0.7742,0.871,0.0,1.0,0.3338,0.5255,0.2,1.0,0.5789,0.2,0.0,0.6074,0.3313,0.0,"3,4,5",1.0,1.0,1.0,0.0,1.0,0.0,1.0,0.0,0.4895
2026-08-20,7721,東京計器,精密機器,66.6,0.8,本命,0.8403,0.786,0.7326,0.3201,0.6508,0.7245,0.5484,0.871,1.0,0.8235,0.6182,0.9554,0.5333,0.1818,0.7895,0.2,0.9073,0.1244,0.5716,1.0,4,1.0,1.0,0.5,1.0,1.0,0.2226,1.0,1.0,0.1091
2026-08-20,7729,東京精密,精密機器,51.16,0.4,除外,0.8826,0.603,0.4053,0.3834,0.2836,0.8637,0.6774,0.871,0.0,0.1464,0.4084,0.8663,0.2,0.9545,0.2632,0.2,0.0,0.3423,0.3368,0.4552,"3,4,5",1.0,1.0,1.0,1.0,1.0,0.6606,1.0,0.4,0.1158
2026-08-20,7730,マニー,精密機器,38.59,0.2,除外,0.6649,0.463,0.2702,0.1995,0.3317,0.6262,0.3548,0.871,0.0,0.0,0.4326,0.3815,0.2667,0.5455,0.0526,0.2,0.6221,0.3132,0.3916,0.0,"2,3,4,5",1.0,1.0,1.0,0.0,1.0,0.4195,0.5,0.4,0.0
2026-08-20,7731,ニコン,精密機器,52.58,0.6,監視,0.6896,0.6407,0.6568,0.338,0.3039,0.6999,0.4839,0.871,0.5079,0.7011,0.5525,0.6404,0.7333,0.8,0.3158,0.2,0.9204,0.2951,0.0,0.0,"4,5",1.0,1.0,1.0,0.0,1.0,0.5169,1.0,0.0,0.0364
2026-08-20,7733,オリンパス,精密機器,34.65,0.0,除外,0.0,0.428,0.4271,,0.5311,0.2316,0.0968,0.871,0.5127,0.4742,0.481,0.2199,0.5333,,0.6842,0.2,0.9829,0.1415,0.0,1.0,"1,2,3,4,5",,,,,,,,,0.1636
2026-08-20,7734,理研計器,精密機器,46.73,0.4,除外,0.6613,0.3716,0.4216,0.2791,0.6027,0.4542,0.1613,0.871,0.0,0.5306,0.4209,0.2016,0.5333,0.8636,0.0526,0.2,0.5965,0.4167,0.3978,1.0,"2,3,4",1.0,0.6164,1.0,0.0,0.6221,0.6522,1.0,0.4,0.0
2026-08-20,7735,ＳＣＲＥＥＮホールディングス,電気機器,46.4,0.4,除外,0.625,0.949,0.3763,0.3421,0.0278,0.9687,0.8917,0.9355,1.0,0.2127,0.3429,0.9495,0.0,0.8,0.3684,0.2,0.0,0.1111,0.0,0.0,"3,4,5",1.0,1.0,1.0,0.0,1.0,0.0,1.0,0.0,0.0
2026-08-20,7740,タムロン,精密機器,57.64,0.4,除外,0.9955,0.6728,0.5827,,0.0546,0.5622,0.2581,0.871,1.0,0.4167,0.6346,0.9461,0.3333,,0.5263,0.2,0.1638,,0.0,0.0,"3,4,5",1.0,1.0,1.0,1.0,1.0,0.9641,1.0,1.0,0.6545
2026-08-20,7741,ＨＯＹＡ,精密機器,51.8,0.4,除外,0.7811,0.4946,0.641,0.2276,0.4457,0.688,0.4194,0.871,0.0,0.4704,0.5146,0.9789,0.6,0.5,0.2105,0.2,0.5193,0.1934,0.1548,0.9153,"2,4,5",1.0,1.0,0.5,1.0,1.0,0.5491,0.5,0.7,0.0
2026-08-20,7744,ノーリツ鋼機,精密機器,46.25,0.2,除外,0.8632,0.4495,0.3699,0.2208,0.4091,0.6046,0.3226,0.871,0.0,0.0,0.6417,0.438,0.4,0.1364,0.2105,0.5,0.9048,0.1089,0.062,0.5607,"2,3,4,5",1.0,1.0,0.5,1.0,1.0,0.706,1.0,0.7,0.0364
2026-08-20,7745,Ａ＆Ｄホロンホールディングス,精密機器,59.16,0.4,除外,0.8347,0.7674,0.5851,0.3428,0.4277,0.723,0.5161,0.871,0.9593,0.5225,0.2379,0.9135,0.6667,0.6818,0.0,0.2,0.7684,,0.2928,0.2221,"3,4,5",1.0,1.0,1.0,1.0,1.0,0.5779,1.0,0.1,0.4895
2026-08-20,7746,岡本硝子,精密機器,65.82,0.6,監視,0.375,0.7164,0.7167,,0.8249,0.9948,1.0,0.871,0.0,1.0,1.0,0.0,0.8667,0.0909,0.5789,0.2,1.0,0.2996,1.0,1.0,"1,4",0.0,1.0,0.5,0.0,1.0,0.0,0.5,0.0,
2026-08-20,7747,朝日インテック,精密機器,61.87,0.2,除外,0.9574,0.5054,0.4667,,0.5454,0.6992,0.4516,0.871,0.0,0.546,0.2467,0.8073,0.2667,,0.2105,0.2,0.649,0.4444,0.0882,1.0,"2,3,4,5",1.0,1.0,1.0,1.0,1.0,0.9591,1.0,0.7,0.3632
2026-08-20,7751,キヤノン,電気機器,42.63,0.2,除外,0.7456,0.5245,0.4943,0.1299,0.2374,0.2919,0.1417,0.9355,0.7291,0.3664,0.2769,0.9338,0.4,0.0909,0.2105,0.2,0.2515,0.0952,0.4751,0.1278,"2,3,4,5",1.0,0.6449,0.0,1.0,0.5418,0.7785,1.0,1.0,0.0182
2026-08-20,7752,リコー,電気機器,59.69,0.4,除外,1.0,0.6111,0.4624,,0.314,0.3507,0.1583,0.9355,1.0,0.0,0.5533,0.763,0.5333,,0.7895,0.2,0.219,,0.1974,0.5255,"3,4,5",1.0,1.0,1.0,1.0,1.0,1.0,1.0,1.0,0.9632
2026-08-20,7762,シチズン時計,精密機器,61.65,0.4,除外,0.9625,0.8096,0.3228,,0.3711,0.9397,0.871,0.871,0.5569,0.0,0.6991,0.0586,0.5333,,0.2632,0.2,0.1133,,0.0,1.0,"3,4,5",1.0,1.0,1.0,1.0,1.0,1.0,1.0,0.7,0.0
2026-08-20,7777,スリー・ディー・マトリックス,精密機器,64.38,0.2,除外,0.5828,0.5946,0.5907,,0.8073,0.8622,0.6452,0.871,0.0,1.0,0.1615,0.4681,0.7333,0.2727,0.1053,0.5,1.0,0.3409,0.8881,1.0,"1,2,3,4",0.0,0.9625,0.5,1.0,1.0,0.0,0.5,0.7,
2026-08-20,7779,ＣＹＢＥＲＤＹＮＥ,精密機器,50.02,0.4,除外,0.7125,0.4324,0.7089,0.1836,0.4638,0.5681,0.2903,0.871,0.0,1.0,0.3067,0.9289,0.6,0.1818,0.0526,0.5,1.0,0.1158,0.7393,0.0,"2,4,5",1.0,1.0,0.5,1.0,1.0,0.0,0.5,0.7,0.0
2026-08-20,7780,メニコン,精密機器,52.91,0.4,除外,0.9712,0.7321,0.234,0.375,0.3333,0.6701,0.3871,0.871,1.0,0.0,0.4027,0.0,0.5333,0.0,0.6842,0.5,1.0,,0.0,0.0,"3,4,5",1.0,1.0,1.0,1.0,1.0,0.7699,1.0,1.0,0.3158
2026-08-20,7794,イーディーピー,その他製品,49.46,0.2,除外,0.55,0.4927,0.723,0.1591,0.5482,0.7744,0.9062,0.2903,0.0,0.6079,0.7888,0.6287,0.8667,0.1364,0.0,0.5,1.0,0.1591,0.9309,0.1029,"1,2,4,5",1.0,1.0,0.5,0.0,1.0,0.0,0.5,0.4,0.0
2026-08-20,7803,ブシロード,その他製品,46.79,0.2,除外,0.9122,0.5315,0.2599,0.4682,0.1678,0.3984,0.4375,0.2903,1.0,0.0,0.7063,0.0,0.3333,0.4,0.0,1.0,0.0,0.3138,0.3575,0.0,"2,3,4,5",1.0,1.0,0.5,1.0,1.0,0.7976,1.0,1.0,0.4727
2026-08-20,7806,ＭＴＧ,その他製品,68.0,0.4,除外,0.9969,0.7694,0.4114,,0.5422,0.8496,0.9375,0.2903,1.0,0.0,0.4339,0.6118,0.6,,0.2632,0.2,0.5271,0.1473,0.4945,1.0,"3,4,5",1.0,1.0,1.0,1.0,1.0,0.9756,1.0,1.0,0.0
2026-08-20,7818,トランザクション,その他製品,37.64,0.0,除外,0.5263,0.3026,0.1931,0.5197,0.3405,0.42,0.5,0.2903,0.0,0.0,0.5057,0.0,0.2667,1.0,0.5789,0.5,0.0,0.4444,0.5831,0.3343,"1,2,3,4,5",1.0,0.6878,1.0,0.0,0.6468,0.3755,0.5,0.0,0.0
2026-08-20,7821,前田工繊,その他製品,39.51,0.2,除外,0.7143,0.4355,0.1787,0.375,0.2718,0.2331,0.2188,0.2903,1.0,0.0,0.3813,0.0,0.3333,0.2727,0.9,0.2,0.8327,0.1802,0.0,0.0743,"2,3,4,5",1.0,0.5109,0.0,1.0,0.552,0.6517,1.0,1.0,0.1273
2026-08-20,7826,フルヤ金属,その他製品,48.07,0.2,除外,0.8587,0.5614,0.3686,0.2854,0.3293,0.9553,1.0,0.2903,0.0,0.147,0.5273,0.0,0.8,0.7273,0.1053,0.2,0.6282,0.5111,0.0,0.1778,"2,3,4,5",1.0,1.0,1.0,1.0,1.0,0.1695,1.0,0.7,0.1091
2026-08-20,7832,バンダイナムコホールディングス,その他製品,12.89,0.0,除外,0.0,0.0,0.2718,,0.2437,,,,,0.0,0.554,0.0,0.5333,,0.825,1.0,0.731,,0.0,0.0,"1,2,3,4,5",,,,,,,,,0.1636
2026-08-20,7839,ＳＨＯＥＩ,その他製品,63.12,0.4,除外,0.9992,0.4685,0.6375,,0.4198,0.3023,0.2812,0.2903,1.0,0.4862,0.4176,0.7794,0.8667,,0.85,0.2,1.0,,0.2593,0.0,"2,4,5",1.0,1.0,1.0,1.0,0.9937,1.0,1.0,1.0,0.4909
2026-08-20,7846,パイロットコーポレーション,その他製品,55.97,0.4,除外,0.9944,0.6183,0.5267,,0.0994,0.5264,0.6562,0.2903,1.0,0.4545,0.5468,0.3056,0.8,,0.2105,0.2,0.2983,,0.0,0.0,"3,4,5",1.0,1.0,1.0,1.0,1.0,0.9551,1.0,1.0,0.9895
2026-08-20,7860,エイベックス,情報・通信業,33.0,0.2,除外,0.7092,0.4721,0.185,0.2427,0.0411,0.2286,0.641,0.0323,0.9865,0.0,0.34,0.3335,0.0667,0.0,0.0526,0.5,0.1233,,0.0,0.0,"2,3,4,5",1.0,0.6574,1.0,1.0,0.2387,0.6773,1.0,0.1,0.4182
2026-08-20,7864,フジシールインターナショナル,その他製品,59.48,0.4,除外,0.9308,0.4837,0.6354,,0.3294,0.3321,0.3125,0.2903,1.0,0.5423,0.4469,0.8859,0.6667,,0.425,1.0,1.0,0.1616,0.156,0.0,"2,4,5",1.0,1.0,0.5,1.0,1.0,0.9463,1.0,1.0,0.4545
2026-08-20,7867,タカラトミー,その他製品,54.8,0.2,除外,0.9826,0.4549,0.5278,,0.2269,0.2792,0.25,0.2903,1.0,0.0,0.5148,0.8631,0.7333,,0.0526,0.2,0.2943,,0.3863,0.0,"2,3,4,5",1.0,1.0,1.0,1.0,1.0,0.8605,1.0,1.0,0.6364
2026-08-20,7868,広済堂ホールディングス,その他製品,55.75,0.4,除外,0.775,0.2453,0.5442,0.4154,0.8076,0.347,0.3438,0.2903,0.0,1.0,0.0,0.3767,0.8,0.7727,0.0526,0.2,1.0,0.4444,0.7859,1.0,"2,3,4",1.0,1.0,0.5,1.0,1.0,0.0,1.0,0.7,0.6364
2026-08-20,7906,ヨネックス,その他製品,26.22,0.2,除外,0.0,0.0,0.3793,,0.6694,,,,,0.0,0.8505,0.0,0.6667,0.1818,0.1053,1.0,1.0,0.1204,0.557,1.0,"1,2,3,4",,,,,,,,,
2026-08-20,7911,ＴＯＰＰＡＮホールディングス,その他製品,49.86,0.2,除外,0.916,0.5361,0.3275,0.2041,0.5095,0.487,0.5625,0.2903,0.8048,0.4566,0.4524,0.0678,0.3333,0.2273,0.0526,0.5,1.0,0.1547,0.4544,0.4289,"2,3,4,5",1.0,1.0,1.0,1.0,1.0,0.6277,1.0,0.7,0.0364
2026-08-20,7912,大日本印刷,その他製品,70.65,0.6,監視,1.0,0.6971,0.6272,,0.5016,0.6545,0.8438,0.2903,1.0,0.9237,0.3191,0.7994,0.4667,,0.1053,0.5,1.0,0.2021,0.1971,0.6072,"4,5",1.0,1.0,1.0,1.0,1.0,1.0,1.0,1.0,0.6
2026-08-20,7914,共同印刷,その他製品,49.61,0.4,除外,0.9062,0.6093,0.3504,0.3218,0.2929,0.522,0.625,0.2903,1.0,0.2487,0.6194,0.0,0.5333,0.2273,0.1053,0.5,1.0,0.1264,0.0453,0.0,"3,4,5",1.0,0.9474,0.5,1.0,0.8298,0.9727,1.0,1.0,0.4545
2026-08-20,7915,ＮＩＳＳＨＡ,その他製品,28.54,0.2,除外,0.0,0.1545,0.2062,0.3484,0.7181,0.2025,0.125,0.2903,0.0,0.0,0.0611,0.3637,0.4,0.7727,0.4211,0.2,0.9919,0.4167,0.4639,1.0,"1,2,3,4",,,,,,,,,0.0
2026-08-20,7917,ＺＡＣＲＯＳ,化学,43.1,0.4,除外,0.6235,0.659,0.2561,0.1371,0.4791,0.656,0.5258,0.7419,0.7124,0.2187,0.2673,0.2717,0.2667,0.2273,0.1053,0.2,0.5529,0.1429,0.2207,1.0,"3,4,5",1.0,1.0,1.0,0.0,1.0,0.3878,0.5,0.1,0.0158
2026-08-20,7936,アシックス,その他製品,60.19,0.4,除外,1.0,0.6713,0.2917,,0.4446,0.5823,0.8125,0.2903,1.0,0.0,0.7002,0.0,0.4667,,0.2105,0.2,1.0,0.222,0.5564,0.0,"3,4,5",1.0,1.0,1.0,1.0,1.0,1.0,1.0,1.0,0.0
2026-08-20,7943,ニチハ,ガラス・土石製品,55.45,0.4,除外,0.6144,0.49,0.5011,,0.6125,0.2323,0.0909,0.8387,0.798,0.4609,0.4373,0.8396,0.2667,0.2273,1.0,0.5,0.7311,0.1898,0.529,1.0,"2,3,4",0.0,1.0,0.5,1.0,0.5399,0.3755,0.5,1.0,
2026-08-20,7944,ローランド,その他製品,47.8,0.2,除外,0.9654,0.3924,0.3799,0.3173,0.3348,0.5607,0.7188,0.2903,0.0,0.0,0.8425,0.2105,0.4667,0.7273,0.0,0.2,0.4046,0.2301,0.0,0.7044,"2,3,4,5",1.0,1.0,1.0,1.0,1.0,0.7235,1.0,1.0,0.3421
2026-08-20,7947,エフピコ,化学,40.45,0.4,除外,0.8301,0.0,0.7546,0.1513,0.2866,,,,,0.7908,0.644,0.9168,0.6667,0.2273,0.1053,0.2,0.4581,0.1217,0.0,0.5664,"2,4,5",1.0,0.6766,0.5,1.0,0.6245,0.8394,1.0,1.0,0.0727
2026-08-20,7949,小松ウオール工業,その他製品,53.22,0.2,除外,0.8217,0.5085,0.563,0.404,0.3638,0.3686,0.375,0.2903,1.0,0.2263,0.4967,0.7955,0.7333,0.2273,0.725,0.5,0.9096,0.1026,0.3318,0.1112,"2,3,4,5",1.0,0.87,0.5,1.0,0.5621,0.6418,1.0,1.0,0.1636
2026-08-20,7951,ヤマハ,その他製品,55.1,0.2,除外,0.9824,0.5621,0.3261,,0.3333,0.4267,0.5312,0.2903,1.0,0.0,0.5419,0.2957,0.4667,,0.6,0.5,1.0,,0.0,0.0,"2,3,4,5",1.0,1.0,1.0,1.0,1.0,0.8592,1.0,1.0,0.9684
2026-08-20,7956,ピジョン,その他製品,63.89,0.2,除外,0.9625,0.5412,0.5375,,0.5142,0.4058,0.4688,0.2903,1.0,0.3353,0.7538,0.3944,0.6667,,0.1579,0.5,0.6094,0.1719,0.2756,1.0,"2,3,4,5",1.0,1.0,1.0,1.0,1.0,1.0,1.0,0.7,0.9474
2026-08-20,7965,象印マホービン,電気機器,31.22,0.2,除外,0.0,0.0,0.5574,,0.6913,,,,,0.7056,0.2087,0.5819,0.7333,0.5,0.4737,0.2,1.0,0.2315,0.5335,1.0,"1,2,3,4",,,,,,,,,
2026-08-20,7966,リンテック,その他製品,53.74,0.4,除外,0.67,0.7904,0.3418,0.5289,0.3557,0.9025,0.9688,0.2903,1.0,0.1443,0.1868,0.7028,0.3333,0.8,0.3158,1.0,0.0,0.2222,0.2204,0.9802,"3,4,5",1.0,1.0,1.0,0.0,1.0,0.3598,1.0,0.0,0.0
2026-08-20,7970,信越ポリマー,化学,39.48,0.2,除外,0.7587,0.4846,0.2501,0.2727,0.2077,0.6605,0.5361,0.7419,0.0,0.0,0.0081,0.7923,0.2,0.8,0.0,0.2,0.0981,0.2222,0.0,0.5103,"2,3,4,5",1.0,1.0,1.0,0.0,1.0,0.6693,1.0,0.4,0.0909
2026-08-20,7972,イトーキ,その他製品,50.64,0.2,除外,0.3367,0.5967,0.462,,0.6301,0.5026,0.5938,0.2903,1.0,0.4665,0.5305,0.0509,0.8,0.2273,0.1053,0.2,1.0,0.2029,0.3177,1.0,"1,2,3,4",0.0,1.0,0.5,0.0,0.5938,0.0,0.5,0.1,
2026-08-20,7974,任天堂,その他製品,23.73,0.0,除外,0.0,0.0,0.4347,,0.5144,,,,,0.2073,0.7767,0.088,0.6667,0.0,0.5789,1.0,0.9187,0.139,0.0,1.0,"1,2,3,4,5",,,,,,,,,
2026-08-20,7976,三菱鉛筆,その他製品,54.05,0.4,除外,0.9892,0.6508,0.2944,,0.2274,0.5629,0.75,0.2903,1.0,0.0,0.4114,0.633,0.1333,,0.3684,0.2,0.4962,,0.0,0.1861,"3,4,5",1.0,1.0,1.0,1.0,1.0,0.9135,1.0,1.0,0.5316
2026-08-20,7979,松風,精密機器,61.42,0.4,除外,0.9902,0.5804,0.7022,,0.1839,0.3217,0.129,0.871,1.0,0.9918,0.5644,0.5191,0.7333,,0.2105,0.5,0.1941,0.1111,0.0,0.4302,"2,4,5",1.0,1.0,1.0,1.0,1.0,0.922,1.0,1.0,0.8364
2026-08-20,7981,タカラスタンダード,その他製品,56.0,0.4,除外,0.8354,0.4458,0.3833,0.4237,0.7119,0.5302,0.6875,0.2903,0.2753,0.0,0.0,0.7997,0.7333,0.2,0.3684,0.2,1.0,,0.178,0.9577,"2,3,4",1.0,1.0,1.0,1.0,0.8333,0.75,1.0,0.1,0.9263
2026-08-20,7984,コクヨ,その他製品,49.77,0.2,除外,0.6323,0.4231,0.5433,0.3295,0.5603,0.2144,0.1875,0.2903,1.0,0.3169,0.2201,0.9695,0.6667,0.0,0.8,0.5,0.8336,0.1164,0.6766,0.6147,"2,3,4,5",1.0,0.5474,0.0,1.0,0.3835,0.6278,0.5,1.0,0.0182
2026-08-20,7988,ニフコ,化学,60.46,0.4,除外,0.8735,0.7426,0.5812,0.3267,0.4991,0.6716,0.5567,0.7419,1.0,0.5406,0.2411,0.943,0.6,0.2273,0.3158,0.2,1.0,0.1406,0.7441,0.1118,"3,4,5",1.0,1.0,1.0,1.0,1.0,0.6883,1.0,0.3,0.5636
2026-08-20,7989,立川ブラインド工業,金属製品,68.9,0.6,監視,0.9935,0.6308,0.6539,,0.4776,0.7103,0.68,0.3548,0.7779,0.9604,0.1544,0.9676,0.5333,,0.0526,0.2,0.6807,,0.0,0.7521,"4,5",1.0,1.0,1.0,1.0,1.0,0.9482,1.0,1.0,0.0
2026-08-20,7990,グローブライド,その他製品,46.58,0.4,除外,0.8197,0.2706,0.2786,0.2934,0.6667,0.3857,0.4062,0.2903,0.0,0.0,0.3144,0.0,0.8,0.0,0.0,0.2,1.0,,0.0,1.0,"2,3,4",1.0,0.8548,1.0,1.0,0.748,0.6548,1.0,0.3,0.9737
2026-08-20,7994,オカムラ,その他製品,40.12,0.2,除外,0.4666,0.1647,0.3001,,0.6732,0.2122,0.1562,0.2903,0.0,0.0496,0.2611,0.8897,0.0,0.2273,0.0526,1.0,0.9164,0.1499,0.6266,1.0,"1,2,3,4",0.0,0.5032,0.5,1.0,0.3122,0.4176,0.0,1.0,
2026-08-20,7995,バルカー,化学,52.91,0.4,除外,0.7088,0.6237,0.5875,0.2545,0.471,0.8972,0.8557,0.7419,0.0,0.6513,0.3863,0.9124,0.4,0.8182,0.0,0.2,0.0841,0.4444,0.3553,1.0,"3,4,5",1.0,1.0,1.0,0.0,1.0,0.2701,1.0,0.4,0.0
2026-08-20,8001,伊藤忠商事,卸売業,56.9,0.2,除外,0.8922,0.5651,0.5296,0.4646,0.3933,0.5086,0.5376,0.3871,0.8269,0.4291,0.3467,0.8758,0.4667,0.2273,0.8947,0.5,0.9926,0.1569,0.2202,0.2038,"2,3,4,5",1.0,1.0,0.5,1.0,1.0,0.6379,1.0,1.0,0.2364
2026-08-20,8002,丸紅,卸売業,51.14,0.2,除外,0.4037,0.5226,0.4539,,0.6654,0.7893,0.914,0.3871,0.0,0.1497,0.3013,0.8311,0.5333,0.1364,0.2105,1.0,0.9513,0.154,0.5563,1.0,"1,2,3,4",0.0,1.0,0.5,0.0,1.0,0.1297,0.5,0.1,
2026-08-20,8005,スクロール,小売業,70.31,0.6,監視,0.9984,0.694,0.4532,,0.6667,0.755,0.9565,0.0645,1.0,0.2274,0.4508,0.5348,0.6,,0.4211,0.2,1.0,,0.0,1.0,"3,4",1.0,1.0,1.0,1.0,1.0,0.9873,1.0,1.0,0.0
2026-08-20,8008,ヨンドシーホールディングス,小売業,55.37,0.2,除外,0.9667,0.5855,0.4379,,0.2246,0.4773,0.8,0.0645,1.0,0.0716,0.4182,0.9285,0.3333,,0.0,0.2,0.0,0.4444,0.4541,0.0,"2,3,4,5",1.0,1.0,1.0,1.0,0.8417,0.8916,1.0,1.0,0.8364
2026-08-20,8011,三陽商会,繊維製品,63.04,0.6,監視,0.9809,0.7469,0.6211,,0.1726,0.6932,0.875,0.4194,1.0,0.6243,0.5853,0.6748,0.6,,0.6,0.2,0.5876,0.103,0.0,0.0,"4,5",1.0,1.0,1.0,1.0,1.0,0.847,1.0,1.0,0.7091
2026-08-20,8012,長瀬産業,卸売業,71.2,0.6,監視,0.9888,0.6445,0.5975,,0.6173,0.7714,0.8602,0.3871,0.5592,0.7233,0.4673,0.7993,0.4,,0.1053,0.2,0.8422,,0.0097,1.0,"3,4",1.0,1.0,1.0,1.0,1.0,0.9104,1.0,1.0,0.0
2026-08-20,8014,蝶理,卸売業,39.59,0.4,除外,0.718,0.0,0.2998,0.291,0.6705,,,,,0.0,0.3077,0.2248,0.6667,0.2273,0.7368,0.2,1.0,0.1799,0.5021,1.0,"2,3,4",1.0,0.5881,0.5,1.0,0.6125,0.5437,0.5,1.0,0.0
2026-08-20,8015,豊田通商,卸売業,63.96,0.4,除外,0.991,0.6249,0.4699,,0.4725,0.8444,0.957,0.3871,0.3113,0.0,0.6955,0.6508,0.5333,,0.6316,0.2,1.0,,0.0,0.4175,"3,4,5",1.0,1.0,1.0,1.0,1.0,0.9276,1.0,1.0,0.0
2026-08-20,8016,オンワードホールディングス,繊維製品,55.37,0.2,除外,0.8705,0.3907,0.4864,0.4209,0.5999,0.4698,0.4375,0.4194,0.236,0.401,0.3392,0.8721,0.3333,0.2273,0.9474,0.2,1.0,0.1392,0.6158,0.6446,"2,3,4,5",1.0,1.0,0.5,1.0,0.8117,0.652,1.0,1.0,0.3091
2026-08-20,8020,兼松,卸売業,57.53,0.4,除外,0.8869,0.4676,0.5477,0.2739,0.7002,0.6984,0.7849,0.3871,0.0,0.4574,0.5225,0.5444,0.6667,0.2273,0.3684,0.5,1.0,0.1835,0.6173,1.0,"2,3,4",1.0,1.0,0.5,1.0,1.0,0.595,1.0,1.0,0.0
2026-08-20,8022,美津濃,その他製品,57.21,0.4,除外,0.9954,0.6612,0.4014,,0.2305,0.5733,0.7812,0.2903,1.0,0.1456,0.7932,0.0,0.6667,,0.85,0.2,0.7839,0.138,0.0,0.0,"3,4,5",1.0,1.0,1.0,1.0,1.0,0.9629,1.0,1.0,0.8
2026-08-20,8031,三井物産,卸売業,59.78,0.4,除外,0.625,0.4924,0.4676,,0.8061,0.7439,0.8387,0.3871,0.0,0.4856,0.2735,0.9111,0.2,0.4091,0.0526,1.0,1.0,0.292,0.9323,1.0,"2,3,4",0.0,1.0,0.5,1.0,1.0,0.0,0.5,1.0,
2026-08-20,8032,日本紙パルプ商事,卸売業,62.4,0.4,除外,0.989,0.6085,0.3267,,0.5719,0.8206,0.9355,0.3871,0.2909,0.215,0.2918,0.0,0.8,,0.8421,0.2,1.0,0.5816,0.0,0.7059,"3,4,5",1.0,1.0,1.0,1.0,1.0,0.9122,1.0,1.0,0.0
2026-08-20,8035,東京エレクトロン,電気機器,50.11,0.4,除外,0.6252,0.6714,0.5379,0.4715,0.1995,0.9419,0.8083,0.9355,0.0,0.7734,0.5189,0.726,0.1333,0.9545,0.5789,0.2,0.0,0.4444,0.0,0.3536,"3,4,5",1.0,1.0,1.0,0.0,1.0,0.0015,1.0,0.0,0.1526
2026-08-20,8037,カメイ,卸売業,58.57,0.4,除外,0.9994,0.6968,0.353,,0.2936,0.6582,0.7419,0.3871,1.0,0.0,0.567,0.2451,0.6,,0.825,0.2,0.8809,,0.0,0.0,"3,4,5",1.0,1.0,1.0,1.0,1.0,0.9954,1.0,1.0,0.0
2026-08-20,8043,スターゼン,卸売業,53.61,0.2,除外,1.0,0.5527,0.2868,,0.305,0.4259,0.3978,0.3871,1.0,0.0,0.4317,0.1821,0.5333,,0.425,1.0,0.9151,,0.0,0.0,"2,3,4,5",1.0,1.0,1.0,1.0,1.0,1.0,1.0,1.0,0.4364
2026-08-20,8050,セイコーグループ,精密機器,56.58,0.4,除外,0.9987,0.9537,0.1434,,0.1675,0.9762,0.9677,0.871,1.0,0.0,0.4404,0.0,0.1333,,0.4211,0.2,0.1165,0.156,0.0,0.3974,"3,4,5",1.0,1.0,1.0,1.0,1.0,0.9893,1.0,1.0,0.0053
2026-08-20,8051,山善,卸売業,72.85,0.8,本命,1.0,0.6115,0.6653,,0.6372,0.6314,0.6989,0.3871,0.7285,0.7515,0.6863,0.4233,0.8,,0.7368,0.2,1.0,0.5488,0.0,1.0,4,1.0,1.0,1.0,1.0,1.0,1.0,1.0,1.0,0.8263
2026-08-20,8052,椿本興業,卸売業,38.35,0.0,除外,0.5731,0.3854,0.4406,0.2608,0.2575,0.4252,0.3871,0.3871,0.3424,0.2768,0.3105,0.5083,0.6667,0.2273,0.3158,0.5,0.8053,0.1362,0.0886,0.0,"1,2,3,4,5",1.0,0.6329,0.5,1.0,0.2837,0.5681,0.5,0.1,0.0
2026-08-20,8053,住友商事,卸売業,59.92,0.2,除外,0.9653,0.5076,0.5967,0.3371,0.5896,0.7722,0.871,0.3871,0.0,0.6262,0.2729,0.9546,0.5333,0.7273,0.4211,0.2,0.9159,0.4424,0.0,1.0,"2,3,4,5",1.0,1.0,1.0,1.0,1.0,0.722,1.0,1.0,0.0
2026-08-20,8056,ＢＩＰＲＯＧＹ,情報・通信業,8.8,0.0,除外,0.0,0.0,0.2312,,0.1207,,,,,0.0,0.3419,0.1163,0.4667,0.0,0.1579,0.5,0.3694,0.1132,0.0,0.0,"1,2,3,4,5",,,,,,,,,
2026-08-20,8057,内田洋行,卸売業,24.83,0.0,除外,0.0,0.4385,0.4431,0.25,0.11,0.315,0.2366,0.3871,0.8156,0.6473,0.316,0.4756,0.3333,0.0,0.0,1.0,0.1842,0.0929,0.1627,0.0,"1,2,3,4,5",,,,,,,,,0.0
2026-08-20,8058,三菱商事,卸売業,62.2,0.6,監視,0.7804,0.482,0.7063,0.4452,0.6962,0.7238,0.8172,0.3871,0.0,0.6296,0.4016,0.9272,0.8667,0.7273,0.5263,0.2,1.0,0.4437,0.7971,0.5443,"2,4",1.0,1.0,0.5,1.0,1.0,0.2431,0.5,1.0,0.3273
2026-08-20,8059,第一実業,卸売業,58.63,0.4,除外,0.9347,0.6627,0.2901,,0.4575,0.6076,0.6559,0.3871,1.0,0.0,0.4867,0.4071,0.2667,,0.2105,0.2,0.8904,0.1081,0.4433,0.3882,"3,4,5",1.0,1.0,0.5,1.0,1.0,0.9778,1.0,1.0,0.4909
2026-08-20,8060,キヤノンマーケティングジャパン,卸売業,63.24,0.4,除外,0.9174,0.4015,0.7309,0.5651,0.5472,0.5845,0.6344,0.3871,0.0,0.8331,0.4743,0.8829,0.7333,0.7273,0.8421,0.2,0.7552,0.1615,0.694,0.5781,"2,4,5",1.0,1.0,0.5,1.0,1.0,0.839,1.0,1.0,0.4909
2026-08-20,8061,西華産業,卸売業,51.87,0.2,除外,0.9452,0.514,0.4274,0.2545,0.4522,0.7766,0.8925,0.3871,0.0,0.3198,0.3263,0.5303,0.5333,0.7273,0.0,0.2,0.9036,0.5442,0.0,0.3612,"2,3,4,5",1.0,1.0,1.0,1.0,1.0,0.5613,1.0,1.0,0.0909
2026-08-20,8074,ユアサ商事,卸売業,57.59,0.4,除外,0.8829,0.5245,0.4718,0.3764,0.624,0.481,0.5054,0.3871,0.7245,0.3177,0.3742,0.462,0.7333,0.2273,0.8421,0.2,1.0,0.2425,0.3626,0.8911,"2,3,4",1.0,1.0,0.5,1.0,0.8743,0.6885,1.0,1.0,0.2364
2026-08-20,8075,神鋼商事,卸売業,55.14,0.2,除外,1.0,0.5888,0.3559,,0.261,0.4736,0.4946,0.3871,1.0,0.0,0.8237,0.0,0.6,,0.8,0.2,0.783,,0.0,0.0,"2,3,4,5",1.0,1.0,1.0,1.0,1.0,1.0,1.0,1.0,0.4182
2026-08-20,8078,阪和興業,卸売業,62.59,0.6,監視,0.9865,0.4747,0.6954,0.3559,0.6172,0.7051,0.8065,0.3871,0.0,0.778,0.5402,0.6633,0.8,0.8182,0.1053,0.5,0.6941,0.4556,0.3189,1.0,"2,4",1.0,1.0,1.0,1.0,1.0,0.8922,1.0,1.0,0.0
2026-08-20,8079,正栄食品工業,卸売業,58.83,0.2,除外,0.8873,0.4816,0.5848,,0.3996,0.3135,0.2258,0.3871,1.0,1.0,0.3667,0.3057,0.6667,,0.0,0.2,0.2902,,0.4484,0.4602,"2,3,4,5",1.0,0.7754,1.0,1.0,0.4579,0.8648,1.0,1.0,0.4
2026-08-20,8084,ＲＹＯＤＥＮ,卸売業,58.07,0.4,除外,1.0,0.6674,0.4137,,0.2418,0.6158,0.6667,0.3871,1.0,0.0,0.6354,0.6193,0.4,,0.6316,0.5,0.0268,,0.0,0.6985,"3,4,5",1.0,1.0,1.0,1.0,1.0,1.0,1.0,1.0,0.0
2026-08-20,8086,ニプロ,精密機器,51.18,0.4,除外,0.7533,0.381,0.3182,0.419,0.6874,0.4594,0.1935,0.871,0.0,0.2502,0.3707,0.0518,0.6,0.8636,0.1579,0.2,0.659,0.4444,0.6461,1.0,"2,3,4",1.0,0.8576,1.0,0.0,0.5221,0.6468,1.0,1.0,0.4545
2026-08-20,8088,岩谷産業,卸売業,54.91,0.2,除外,1.0,0.5363,0.3268,,0.3333,0.5689,0.6129,0.3871,0.5762,0.2074,0.4333,0.0,0.6667,,0.9474,0.2,1.0,,0.0,0.0,"2,3,4,5",1.0,1.0,1.0,1.0,1.0,1.0,1.0,1.0,0.0526
2026-08-20,8097,三愛オブリ,卸売業,64.46,0.4,除外,0.8406,0.5779,0.4866,0.5011,0.8166,0.4512,0.4731,0.3871,1.0,0.3231,0.4492,0.4408,0.7333,0.2273,0.95,0.5,1.0,0.4714,0.7948,1.0,"2,3,4",1.0,1.0,0.5,1.0,0.5677,0.6571,1.0,1.0,0.3273
2026-08-20,8098,稲畑産業,卸売業,60.67,0.2,除外,0.9027,0.4985,0.5098,0.5685,0.5537,0.4847,0.5161,0.3871,0.6061,0.3838,0.618,0.5707,0.4667,0.2273,0.2105,1.0,1.0,0.1165,0.4299,0.6686,"2,3,4,5",1.0,1.0,0.5,1.0,0.8735,0.8485,1.0,1.0,0.8364
2026-08-20,8103,明和産業,卸売業,57.6,0.2,除外,0.9547,0.4628,0.4804,0.4036,0.5786,0.5436,0.5591,0.3871,0.3615,0.5102,0.3797,0.2316,0.8,0.0,0.1053,1.0,1.0,0.1033,0.211,1.0,"2,3,4,5",1.0,0.8882,1.0,1.0,1.0,0.749,1.0,1.0,0.5091
2026-08-20,8111,ゴールドウイン,繊維製品,10.97,0.0,除外,0.0,0.0,0.1599,,0.2789,,,,,0.1714,0.0014,0.0,0.4667,0.0,0.2105,0.5,0.7808,0.1711,0.0,0.1635,"1,2,3,4,5",,,,,,,,,
2026-08-20,8113,ユニ・チャーム,化学,40.52,0.2,除外,0.8349,0.0,0.4898,0.4636,0.238,,,,,0.4488,0.3034,0.5402,0.6667,0.2273,0.8,0.5,0.5901,0.1421,0.2196,0.0,"2,3,4,5",1.0,0.6678,1.0,1.0,0.4038,0.6073,1.0,1.0,0.3273
2026-08-20,8117,中央自動車工業,卸売業,51.69,0.2,除外,0.9611,0.4815,0.2039,0.4029,0.535,0.4401,0.4516,0.3871,0.6472,0.0,0.2601,0.0221,0.5333,0.2273,0.2105,0.2,0.6399,0.1243,0.3758,1.0,"2,3,4,5",1.0,1.0,1.0,1.0,0.8889,0.8,1.0,1.0,0.9737
2026-08-20,8125,ワキタ,卸売業,58.99,0.2,除外,0.8137,0.4911,0.5392,0.5631,0.5425,0.3299,0.2473,0.3871,1.0,0.3579,0.4479,0.9511,0.4,0.1364,0.825,1.0,0.6275,0.2265,0.8819,0.4344,"2,3,4,5",1.0,0.7435,0.5,1.0,0.6355,0.6306,1.0,1.0,0.2909
2026-08-20,8129,東邦ホールディングス,卸売業,19.63,0.0,除外,0.0,0.0,0.344,,0.4412,,,,,0.0,0.2112,0.8983,0.2667,0.4545,0.3158,0.5,0.6345,0.1303,0.0,1.0,"1,2,3,4,5",,,,,,,,,
2026-08-20,8130,サンゲツ,卸売業,46.05,0.2,除外,0.7107,0.4179,0.5454,0.3926,0.2361,0.2189,0.1613,0.3871,0.9043,0.4998,0.3359,0.9458,0.4,0.2273,0.825,0.5,0.2338,0.1228,0.1572,0.4308,"2,3,4,5",1.0,0.5461,0.0,1.0,0.3835,0.7556,1.0,1.0,0.0182
2026-08-20,8133,伊藤忠エネクス,卸売業,61.0,0.2,除外,0.9373,0.5267,0.5906,,0.3856,0.4207,0.3763,0.3871,0.9225,0.2957,0.4867,0.9801,0.6,,0.75,0.2,0.7576,,0.3992,0.0,"2,3,4,5",1.0,0.838,1.0,1.0,0.7062,0.9539,1.0,1.0,0.7636
2026-08-20,8136,サンリオ,卸売業,18.88,0.0,除外,0.0,0.0,0.3203,0.5045,0.1191,,,,,0.3402,0.3409,0.0,0.6,0.0,0.6,1.0,0.2388,,0.1184,0.0,"1,2,3,4,5",,,,,,,,,0.4182
2026-08-20,8137,サンワテクノス,卸売業,60.69,0.2,除外,1.0,0.4864,0.445,,0.4961,0.7305,0.828,0.3871,0.0,0.1,0.2368,0.9765,0.4667,,0.2632,0.2,0.7165,0.2679,0.0,1.0,"2,3,4,5",1.0,1.0,1.0,1.0,1.0,1.0,1.0,1.0,0.0
2026-08-20,8141,新光商事,卸売業,54.59,0.4,除外,0.7011,0.5104,0.4333,0.2862,0.7986,0.7729,0.8817,0.3871,0.0,1.0,0.0,0.0,0.7333,0.6818,0.2632,0.2,1.0,0.3667,0.8276,1.0,"2,3,4",1.0,1.0,1.0,0.0,1.0,0.6092,1.0,0.0,0.0
2026-08-20,8142,トーホー,卸売業,58.29,0.4,除外,0.9878,0.4786,0.2553,,0.6099,0.5577,0.6022,0.3871,0.3674,0.0,0.3681,0.6532,0.0,,0.0,0.2,0.7808,,0.3346,0.7142,"2,3,4",1.0,1.0,1.0,1.0,0.9506,0.9521,1.0,1.0,0.0
2026-08-20,8150,三信電気,卸売業,50.52,0.2,除外,0.8186,0.5692,0.4866,0.3932,0.2585,0.455,0.4839,0.3871,0.9507,0.0102,0.4998,0.5698,0.8667,0.0,1.0,0.5,0.8304,0.2035,0.0,0.0,"2,3,4,5",1.0,0.8389,0.0,1.0,0.8873,0.8229,1.0,1.0,0.0727
2026-08-20,8151,東陽テクニカ,卸売業,53.1,0.4,除外,0.9862,0.3839,0.2441,0.3672,0.6737,0.557,0.5914,0.3871,0.0,0.2037,0.3062,0.0,0.4667,0.8636,0.1053,0.5,1.0,0.3882,0.3065,1.0,"2,3,4",1.0,1.0,1.0,1.0,1.0,0.8898,1.0,1.0,0.0
2026-08-20,8153,モスフードサービス,卸売業,32.34,0.0,除外,0.0,0.4029,0.4193,,0.4713,0.2234,0.172,0.3871,0.8291,0.4224,0.3963,0.3917,0.4667,0.1364,0.0526,0.2,0.5375,0.1461,0.2015,1.0,"1,2,3,4,5",,,,,,,,,
2026-08-20,8154,加賀電子,卸売業,59.61,0.2,除外,0.9942,0.5415,0.4566,,0.3923,0.6977,0.7742,0.3871,0.3069,0.6273,0.292,0.3072,0.6,,0.3158,0.2,0.6117,0.4593,0.0,0.498,"2,3,4,5",1.0,1.0,1.0,1.0,1.0,0.9535,1.0,1.0,0.0
2026-08-20,8160,木曽路,小売業,21.66,0.0,除外,0.0,0.3512,0.1896,,0.3255,0.2115,0.4348,0.0645,0.694,0.0,0.3596,0.2656,0.1333,0.1364,0.2632,0.2,0.3084,0.1445,0.051,0.7983,"1,2,3,4,5",,,,,,,,,
2026-08-20,8163,ＳＲＳホールディングス,小売業,41.43,0.2,除外,0.9719,0.451,0.2345,,0.0,0.2524,0.487,0.0645,1.0,0.0,0.4045,0.0,0.5333,,0.675,0.5,0.0,,0.0,0.0,"2,3,4,5",1.0,1.0,1.0,1.0,1.0,0.7755,1.0,1.0,0.5273
2026-08-20,8173,上新電機,小売業,65.5,0.6,監視,1.0,0.6637,0.6096,,0.3467,0.6687,0.9217,0.0645,1.0,0.8193,0.4014,0.8845,0.3333,,0.2105,0.2,0.0,0.4927,0.0,0.8941,"4,5",1.0,1.0,1.0,1.0,1.0,1.0,1.0,1.0,0.0
2026-08-20,8174,日本瓦斯,小売業,49.3,0.2,除外,0.4046,0.3007,0.7185,,0.5482,0.3038,0.5739,0.0645,0.2607,0.8365,0.2948,0.9427,0.8,0.2273,0.2632,0.2,0.9009,0.1147,0.2813,0.8958,"1,2,4,5",0.0,0.7138,0.0,1.0,0.2792,0.6435,0.5,0.1,
2026-08-20,8179,ロイヤルホールディングス,小売業,30.07,0.2,除外,0.0,0.0,0.7006,,0.502,,,,,1.0,0.5753,0.7606,0.4667,0.2273,0.8947,0.5,0.5743,0.1083,0.3255,1.0,"1,2,4,5",,,,,,,,,
2026-08-20,8185,チヨダ,小売業,22.89,0.2,除外,0.0,0.0,0.3256,0.2004,0.6187,,,,,0.0,0.3408,0.5616,0.4,0.0909,0.2105,0.5,1.0,0.1318,0.4426,0.9002,"1,2,3,4",,,,,,,,,0.0
2026-08-20,8194,ライフコーポレーション,小売業,43.12,0.2,除外,0.7343,0.2573,0.5626,0.1413,0.4606,0.3388,0.6261,0.0645,0.0,0.7157,0.1424,0.9922,0.4,0.1364,0.2105,0.2,0.286,0.1239,0.4326,1.0,"2,3,4,5",1.0,0.632,0.5,1.0,0.3171,0.7251,1.0,0.7,0.0182
2026-08-20,8200,リンガーハット,小売業,43.22,0.2,除外,0.6304,0.4908,0.4244,,0.183,0.3075,0.5913,0.0645,1.0,0.0432,0.5121,0.809,0.3333,,0.2632,0.2,0.0,,0.2597,0.2893,"2,3,4,5",1.0,0.5436,0.0,1.0,0.4269,0.7727,1.0,0.3,0.3273
2026-08-20,8214,ＡＯＫＩホールディングス,小売業,25.14,0.0,除外,0.0,0.4111,0.248,0.1382,0.4598,0.2405,0.4696,0.0645,0.8699,0.0,0.3069,0.1518,0.5333,0.0,0.0526,0.5,1.0,0.1207,0.7184,0.0,"1,2,3,4,5",,,,,,,,,0.0
2026-08-20,8218,コメリ,小売業,50.35,0.2,除外,0.9635,0.5623,0.4628,,0.0254,0.4281,0.7565,0.0645,1.0,0.0,0.4502,0.8009,0.6,,0.5789,0.2,0.0763,,0.0,0.0,"2,3,4,5",1.0,1.0,1.0,1.0,0.8849,0.8229,1.0,1.0,0.9474
2026-08-20,8219,青山商事,小売業,28.27,0.2,除外,0.0,0.0,0.4707,,0.66,,,,,0.4157,0.3572,0.4432,0.6667,0.0909,0.85,0.2,1.0,0.1396,0.5003,1.0,"1,2,3,4",,,,,,,,,
2026-08-20,8227,しまむら,小売業,25.5,0.2,除外,0.0,0.0,0.6498,,0.3703,,,,,0.6299,0.5147,0.9212,0.5333,0.0,0.1579,0.5,0.2555,0.1401,0.4497,0.6357,"1,2,4,5",,,,,,,,,
2026-08-20,8233,高島屋,小売業,54.93,0.4,除外,0.817,0.7386,0.5468,0.3526,0.2915,0.8898,1.0,0.0645,1.0,0.866,0.3553,0.8991,0.0667,1.0,0.2105,0.2,0.0,0.4388,0.3964,0.3307,"3,4,5",1.0,1.0,1.0,1.0,1.0,0.5357,1.0,0.0,0.0
2026-08-20,8237,松屋,小売業,61.15,0.6,監視,0.8125,0.7085,0.6391,0.3494,0.5481,0.8042,0.9652,0.0645,1.0,0.3476,0.72,0.7553,0.7333,0.1818,0.625,0.5,0.8041,0.2246,0.1638,1.0,"4,5",1.0,1.0,0.5,1.0,1.0,0.0,1.0,1.0,0.0909
2026-08-20,8242,エイチ・ツー・オー　リテイリング,小売業,61.13,0.4,除外,0.8985,0.6538,0.4836,0.4447,0.5759,0.6463,0.9043,0.0645,1.0,0.3042,0.4059,0.7576,0.4667,1.0,0.0526,0.2,0.5498,,0.8944,0.2835,"3,4,5",1.0,1.0,1.0,1.0,1.0,0.8881,1.0,0.3,0.5263
2026-08-20,8252,丸井グループ,小売業,31.18,0.2,除外,0.0,0.0,0.6977,,0.5494,,,,,0.578,0.5434,0.936,0.7333,0.0,0.0,0.5,0.8406,0.0999,0.257,1.0,"1,2,4,5",,,,,,,,,
2026-08-20,8253,クレディセゾン,その他金融業,57.88,0.2,除外,0.9887,0.5527,0.5911,0.3463,0.4152,0.4028,0.55,0.2581,1.0,0.6405,0.4761,0.7813,0.4667,0.2273,0.1579,0.2,0.7777,0.1273,0.7558,0.0,"2,3,4,5",1.0,1.0,1.0,1.0,1.0,0.91,1.0,1.0,0.8
2026-08-20,8255,アクシアル　リテイリング,小売業,49.54,0.2,除外,0.7623,0.4766,0.3984,0.264,0.576,0.2852,0.5565,0.0645,1.0,0.388,0.2875,0.5848,0.3333,0.2273,0.2105,0.2,0.7456,0.1099,0.4813,0.967,"2,3,4,5",1.0,0.833,0.5,1.0,0.763,0.7027,1.0,0.3,0.4182
2026-08-20,8267,イオン,小売業,26.42,0.2,除外,0.0,0.0,0.3643,,0.6925,,,,,0.1858,0.3582,0.7133,0.2,0.0,0.0526,1.0,0.6439,0.3153,0.8109,1.0,"1,2,3,4",,,,,,,,,
2026-08-20,8273,イズミ,小売業,30.68,0.2,除外,0.0,0.0,0.8233,0.175,0.5358,,,,,0.8861,0.4807,0.9263,1.0,0.5,0.0,0.2,0.5224,0.1886,0.4324,1.0,"1,2,4,5",,,,,,,,,0.0
2026-08-20,8276,平和堂,小売業,21.7,0.0,除外,0.0,0.0,0.3524,,0.5155,,,,,0.0,0.8763,0.0,0.5333,0.1364,0.975,0.2,0.5427,0.165,0.3541,1.0,"1,2,3,4,5",,,,,,,,,
2026-08-20,8278,フジ,小売業,29.49,0.0,除外,0.3868,0.0,0.2124,,0.5804,,,,,0.0,0.2219,0.3612,0.2667,0.5,0.2105,0.2,0.4606,0.3027,0.5584,1.0,"1,2,3,4,5",0.0,0.5568,0.5,1.0,0.2246,0.5129,0.0,0.3,
2026-08-20,8282,ケーズホールディングス,小売業,52.17,0.2,除外,0.9488,0.2962,0.5237,0.2545,0.5852,0.4073,0.713,0.0645,0.0,0.5279,0.4266,0.7403,0.4,0.8182,0.0,0.2,0.5312,0.3889,0.4208,1.0,"2,3,4,5",1.0,1.0,1.0,1.0,1.0,0.5904,1.0,1.0,0.0
2026-08-20,8283,ＰＡＬＴＡＣ,卸売業,70.65,0.4,除外,0.7963,0.4964,0.5333,,1.0,0.7491,0.8495,0.3871,0.0,1.0,0.3333,0.0,0.8,,0.2632,0.2,1.0,,1.0,1.0,"2,3,4",1.0,1.0,1.0,0.0,1.0,0.9701,1.0,0.4,0.9947
2026-08-20,8304,あおぞら銀行,銀行業,55.49,0.4,除外,1.0,0.6644,0.3101,,0.245,0.6121,0.0455,1.0,1.0,0.1927,0.2665,0.7146,0.0667,,0.775,0.2,0.735,,0.0,0.0,"3,4,5",1.0,1.0,1.0,1.0,1.0,1.0,1.0,1.0,0.3053
2026-08-20,8306,三菱ＵＦＪフィナンシャル・グループ,銀行業,56.43,0.4,除外,0.9851,0.749,0.531,0.1,0.4563,0.8295,0.1667,1.0,1.0,0.4906,0.4183,0.8151,0.4,0.2,0.0,0.2,0.3944,,0.5922,0.3824,"3,4,5",1.0,1.0,1.0,1.0,1.0,0.881,1.0,1.0,0.0
2026-08-20,8308,りそなホールディングス,銀行業,68.43,0.4,除外,1.0,0.7285,0.4759,,0.5326,0.8079,0.1061,1.0,1.0,0.4471,0.2804,0.8429,0.3333,,0.1053,0.2,0.6448,0.1111,0.3949,0.9795,"3,4,5",1.0,1.0,1.0,1.0,1.0,1.0,1.0,1.0,0.0
2026-08-20,8309,三井住友トラストグループ,銀行業,70.13,0.4,除外,0.9954,0.7197,0.5913,,0.4989,0.7878,0.0909,1.0,1.0,0.8545,0.234,0.8768,0.4,,0.1053,0.2,0.6059,,0.7278,0.163,"3,4,5",1.0,1.0,1.0,1.0,1.0,0.9635,1.0,1.0,0.0
2026-08-20,8316,三井住友フィナンシャルグループ,銀行業,59.88,0.6,監視,0.8955,0.7739,0.5716,0.1263,0.6267,0.8533,0.2424,1.0,1.0,0.7396,0.3067,0.9067,0.3333,0.2,0.1053,0.2,0.5224,,0.5236,0.8342,"3,4",1.0,1.0,1.0,1.0,1.0,0.8642,1.0,0.3,0.0
2026-08-20,8331,千葉銀行,銀行業,70.66,0.4,除外,0.9976,0.818,0.4285,,0.5823,0.8779,0.3939,1.0,1.0,0.4702,0.2272,0.7499,0.2667,,0.0526,0.2,0.5203,,0.637,0.5897,"3,4,5",1.0,1.0,1.0,1.0,1.0,0.981,1.0,1.0,0.0
2026-08-20,8334,群馬銀行,銀行業,64.86,0.4,除外,1.0,0.8325,0.3499,,0.412,0.8905,0.4394,1.0,1.0,0.219,0.2973,0.4167,0.4667,,0.2105,0.2,0.8223,,0.4138,0.0,"3,4,5",1.0,1.0,1.0,1.0,1.0,1.0,1.0,1.0,0.0
2026-08-20,8336,武蔵野銀行,銀行業,72.76,0.6,監視,0.9932,0.8881,0.6906,,0.3384,0.9159,0.6364,1.0,1.0,0.7124,0.4502,0.9331,0.6667,,0.0526,0.5,0.3679,0.5373,0.3072,0.1413,"4,5",1.0,1.0,1.0,1.0,1.0,0.946,1.0,1.0,0.0
2026-08-20,8337,千葉興業銀行,銀行業,74.45,0.6,監視,1.0,0.7613,0.7068,,0.51,0.8481,0.197,1.0,1.0,1.0,0.4092,0.7514,0.6667,,0.0526,0.2,0.4796,,0.5799,0.4705,"4,5",1.0,1.0,1.0,1.0,1.0,1.0,1.0,1.0,0.0
2026-08-20,8338,筑波銀行,銀行業,64.65,0.4,除外,1.0,0.774,0.3831,,0.4288,0.9434,0.8485,1.0,0.3043,0.2442,0.5948,0.2268,0.4667,,0.2105,0.2,0.457,0.1191,0.1389,1.0,"3,4,5",1.0,1.0,1.0,1.0,1.0,1.0,1.0,1.0,0.0
2026-08-20,8341,七十七銀行,銀行業,64.09,0.4,除外,1.0,0.8486,0.4481,,0.2671,0.8943,0.5,1.0,1.0,0.2291,0.4964,0.6002,0.4667,,0.2632,0.2,0.6035,,0.1979,0.0,"3,4,5",1.0,1.0,1.0,1.0,1.0,1.0,1.0,1.0,0.0
2026-08-20,8343,秋田銀行,銀行業,58.04,0.4,除外,1.0,0.8839,0.2834,,0.1544,0.9144,0.6212,1.0,1.0,0.0,0.4234,0.51,0.2,,0.35,0.2,0.3894,,0.0,0.074,"3,4,5",1.0,1.0,1.0,1.0,1.0,1.0,1.0,1.0,0.0
2026-08-20,8344,山形銀行,銀行業,64.59,0.4,除外,0.9989,0.9266,0.4247,,0.2333,0.9337,0.7727,1.0,1.0,0.1846,0.3645,0.683,0.4667,,0.2632,0.2,0.0,0.1957,0.0742,0.6633,"3,4,5",1.0,1.0,1.0,1.0,1.0,0.9913,1.0,1.0,0.0
2026-08-20,8345,岩手銀行,銀行業,63.1,0.4,除外,0.9939,0.9531,0.3241,,0.2529,0.9486,0.8636,1.0,1.0,0.1637,0.1182,0.6812,0.3333,,0.425,0.5,0.724,,0.0348,0.0,"3,4,5",1.0,1.0,1.0,1.0,1.0,0.9515,1.0,1.0,0.0
2026-08-20,8346,東邦銀行,銀行業,58.76,0.4,除外,1.0,0.9306,0.242,,0.1779,0.9345,0.7879,1.0,1.0,0.0294,0.27,0.5351,0.1333,,0.3,0.5,0.5114,,0.0,0.0223,"3,4,5",1.0,1.0,1.0,1.0,1.0,1.0,1.0,1.0,0.0
2026-08-20,8354,ふくおかフィナンシャルグループ,銀行業,59.91,0.4,除外,0.9953,0.7696,0.247,,0.3845,0.8511,0.2273,1.0,1.0,0.3282,0.2359,0.2906,0.1333,,0.1053,1.0,0.5532,0.3433,0.6415,0.0,"3,4,5",1.0,1.0,1.0,1.0,1.0,0.9626,1.0,1.0,0.0
2026-08-20,8358,スルガ銀行,銀行業,65.23,0.4,除外,1.0,0.8051,0.4321,,0.3722,0.8719,0.3485,1.0,1.0,0.2252,0.4908,0.479,0.5333,,0.2105,0.2,0.7026,,0.414,0.0,"3,4,5",1.0,1.0,1.0,1.0,1.0,1.0,1.0,1.0,0.0
2026-08-20,8359,八十二銀行,銀行業,71.65,0.6,監視,0.9997,0.8525,0.3211,,0.6925,0.895,0.5152,1.0,1.0,0.3621,0.2012,0.5211,0.2,,0.1053,0.5,0.7206,,0.4743,0.8824,"3,4",1.0,1.0,1.0,1.0,1.0,0.9978,1.0,1.0,0.0
2026-08-20,8360,山梨中央銀行,銀行業,63.12,0.4,除外,1.0,0.9347,0.4037,,0.1864,0.936,0.803,1.0,1.0,0.1632,0.4391,0.6791,0.3333,,0.2632,0.5,0.3434,,0.2158,0.0,"3,4,5",1.0,1.0,1.0,1.0,1.0,1.0,1.0,1.0,0.0
2026-08-20,8361,大垣共立銀行,銀行業,53.35,0.4,除外,0.9891,0.7602,0.4423,0.1132,0.3629,0.9635,0.9394,1.0,0.1379,0.217,0.3372,0.7484,0.4667,0.2,0.0526,0.2,0.1997,0.1111,0.1407,1.0,"3,4,5",1.0,1.0,1.0,1.0,1.0,0.9125,1.0,1.0,0.0
2026-08-20,8362,福井銀行,銀行業,76.41,0.6,監視,0.9963,0.9935,0.6242,,0.4424,0.9739,1.0,1.0,1.0,0.8571,0.2884,0.7512,0.6,,0.2105,0.5,0.2367,0.2222,0.3105,1.0,"4,5",1.0,1.0,1.0,1.0,1.0,0.9705,1.0,1.0,0.0
2026-08-20,8366,滋賀銀行,銀行業,51.41,0.4,除外,0.9424,0.8699,0.3105,0.2,0.2477,0.9039,0.5758,1.0,1.0,0.14,0.13,0.972,0.0,0.6,0.0,0.2,0.0,0.4194,0.4328,0.1387,"3,4,5",1.0,1.0,1.0,1.0,1.0,0.8395,1.0,0.7,0.0
2026-08-20,8367,南都銀行,銀行業,70.48,0.4,除外,0.9979,0.835,0.49,,0.4962,0.898,0.5455,1.0,0.8967,0.171,0.2103,0.9786,0.6,,0.0526,0.2,0.4885,,0.0,1.0,"3,4,5",1.0,1.0,1.0,1.0,1.0,0.9836,1.0,1.0,0.0
2026-08-20,8368,百五銀行,銀行業,73.14,0.4,除外,1.0,0.9706,0.4887,,0.4662,0.9583,0.9242,1.0,1.0,0.3631,0.3114,0.8135,0.4667,,0.2632,0.2,0.3986,,0.0,1.0,"3,4,5",1.0,1.0,1.0,1.0,1.0,1.0,1.0,1.0,0.0
2026-08-20,8370,紀陽銀行,銀行業,69.84,0.4,除外,1.0,0.7439,0.5048,,0.5447,0.8243,0.1515,1.0,1.0,0.3087,0.385,0.9256,0.4,,0.1053,0.2,0.6864,,0.4351,0.5125,"3,4,5",1.0,1.0,1.0,1.0,1.0,1.0,1.0,1.0,0.0
2026-08-20,8377,ほくほくフィナンシャルグループ,銀行業,63.02,0.4,除外,1.0,0.944,0.4005,,0.1765,0.9427,0.8333,1.0,1.0,0.0942,0.2179,0.8232,0.4667,,0.2632,0.2,0.4142,,0.1152,0.0,"3,4,5",1.0,1.0,1.0,1.0,1.0,1.0,1.0,1.0,0.0
2026-08-20,8381,山陰合同銀行,銀行業,70.43,0.4,除外,1.0,0.8138,0.5968,,0.4065,0.8764,0.3788,1.0,1.0,0.6681,0.379,0.6733,0.6667,,0.1579,0.2,0.302,,0.5734,0.3442,"3,4,5",1.0,1.0,1.0,1.0,1.0,1.0,1.0,1.0,0.0
2026-08-20,8386,百十四銀行,銀行業,66.64,0.4,除外,0.9992,0.9177,0.4252,,0.3235,0.9285,0.7424,1.0,1.0,0.1358,0.4114,0.6202,0.5333,,0.6,0.2,0.6618,,0.3086,0.0,"3,4,5",1.0,1.0,1.0,1.0,1.0,0.9935,1.0,1.0,0.0
2026-08-20,8387,四国銀行,銀行業,60.44,0.4,除外,0.9876,0.9616,0.2488,,0.2195,0.9523,0.8939,1.0,1.0,0.1011,0.2324,0.3284,0.3333,,0.625,0.2,0.3291,,0.3292,0.0,"3,4,5",1.0,1.0,1.0,1.0,1.0,0.901,1.0,1.0,0.0
2026-08-20,8388,阿波銀行,銀行業,57.47,0.4,除外,0.9963,0.9398,0.2067,,0.156,0.9412,0.8182,1.0,1.0,0.0,0.2261,0.2008,0.4,,0.325,0.2,0.399,,0.069,0.0,"3,4,5",1.0,1.0,1.0,1.0,1.0,0.9702,1.0,1.0,0.0
2026-08-20,8392,大分銀行,銀行業,72.66,0.4,除外,0.9939,0.988,0.5691,,0.3552,0.9672,0.9848,1.0,1.0,0.7295,0.2497,0.6973,0.6,,0.2632,0.2,0.6782,,0.2199,0.1675,"3,4,5",1.0,1.0,1.0,1.0,1.0,0.9514,1.0,1.0,0.0
2026-08-20,8393,宮崎銀行,銀行業,69.86,0.4,除外,0.989,0.9799,0.4888,,0.3367,0.965,0.9545,1.0,1.0,0.3889,0.2747,0.6917,0.6,,0.2632,0.5,0.6165,,0.3935,0.0,"3,4,5",1.0,1.0,1.0,1.0,1.0,0.9123,1.0,1.0,0.0
2026-08-20,8395,佐賀銀行,銀行業,58.62,0.4,除外,1.0,0.9015,0.2897,,0.1537,0.9241,0.6818,1.0,1.0,0.0,0.3168,0.3085,0.5333,,0.1579,0.2,0.4612,,0.0,0.0,"3,4,5",1.0,1.0,1.0,1.0,1.0,1.0,1.0,1.0,0.0
2026-08-20,8399,琉球銀行,銀行業,62.88,0.4,除外,1.0,0.9054,0.4261,,0.1836,0.9248,0.697,1.0,1.0,0.4263,0.3175,0.5607,0.4,,0.725,0.5,0.5445,,0.0064,0.0,"3,4,5",1.0,1.0,1.0,1.0,1.0,1.0,1.0,1.0,0.0
2026-08-20,8410,セブン銀行,銀行業,48.84,0.4,除外,0.9285,0.6047,0.4073,,0.013,0.3887,0.0303,1.0,1.0,0.0073,0.5398,0.6154,0.4667,,0.775,0.5,0.0391,,0.0,0.0,"3,4,5",1.0,1.0,0.5,1.0,0.9281,1.0,1.0,1.0,0.4545
2026-08-20,8411,みずほフィナンシャルグループ,銀行業,62.71,0.6,監視,0.9912,0.8365,0.5001,0.1395,0.6682,0.8913,0.4545,1.0,1.0,0.5506,0.2934,0.8232,0.3333,0.2,0.1579,0.2,0.6333,,0.5113,0.8599,"3,4",1.0,1.0,1.0,1.0,1.0,0.9293,1.0,1.0,0.0
2026-08-20,8418,山口フィナンシャルグループ,銀行業,72.68,0.4,除外,1.0,0.7826,0.5918,,0.533,0.8578,0.2727,1.0,1.0,0.6583,0.3756,0.6666,0.6667,,0.1053,0.2,0.6048,,0.4525,0.5417,"3,4,5",1.0,1.0,1.0,1.0,1.0,1.0,1.0,1.0,0.2474
2026-08-20,8424,芙蓉総合リース,その他金融業,50.22,0.4,除外,0.8017,0.4347,0.6314,0.2722,0.3709,0.3567,0.45,0.2581,0.6739,0.4177,0.4827,0.9587,0.6667,0.2273,0.0526,0.5,0.7534,0.1395,0.5906,0.0,"2,4,5",1.0,0.6253,0.5,1.0,0.4192,0.8691,1.0,1.0,0.3091
2026-08-20,8425,みずほリース,その他金融業,57.0,0.2,除外,0.5986,0.4351,0.5626,,0.6838,0.4669,0.6,0.2581,0.4154,0.3291,0.7478,0.8403,0.3333,0.2273,1.0,0.2,0.9718,0.1389,0.6245,1.0,"1,2,3,4",0.0,0.7014,0.5,1.0,0.5618,0.5253,0.5,1.0,
2026-08-20,8439,東京センチュリー,その他金融業,57.47,0.6,監視,0.8549,0.7245,0.401,0.2408,0.652,0.7401,0.9,0.2581,1.0,0.1174,0.1791,0.841,0.4667,0.2,0.2632,0.5,0.9559,,0.0,1.0,"3,4",1.0,1.0,1.0,1.0,1.0,0.7394,1.0,0.1,0.0
2026-08-20,8473,ＳＢＩホールディングス,証券、商品先物取引業,23.13,0.0,除外,0.0,0.3202,0.4011,,0.2041,0.3976,0.2381,0.6452,0.0,0.2824,0.3523,0.8362,0.1333,0.0,0.4737,0.5,0.3313,0.1534,0.0155,0.3161,"1,2,3,4,5",,,,,,,,,
2026-08-20,8508,Ｊトラスト,その他金融業,71.5,0.6,監視,1.0,0.7864,0.3754,,0.6981,0.8876,1.0,0.2581,1.0,0.0,0.835,0.0,0.6667,,0.3158,0.2,0.6769,,0.4176,1.0,"3,4",1.0,1.0,1.0,1.0,1.0,1.0,1.0,1.0,0.4368
2026-08-20,8511,日本証券金融,その他金融業,54.87,0.4,除外,0.9955,0.6685,0.1329,,0.3977,0.6188,0.8,0.2581,0.997,0.0,0.341,0.1907,0.0,,0.2105,0.2,0.8173,,0.3759,0.0,"3,4,5",1.0,1.0,1.0,1.0,1.0,0.9639,1.0,1.0,0.3368
2026-08-20,8522,名古屋銀行,銀行業,56.68,0.4,除外,0.9914,0.8975,0.4707,0.1,0.3743,0.9233,0.6667,1.0,1.0,0.358,0.3322,0.7925,0.4,0.2,0.0,0.2,0.5678,0.5356,0.3936,0.0,"3,4,5",1.0,1.0,1.0,1.0,1.0,0.9313,1.0,1.0,0.0
2026-08-20,8524,北洋銀行,銀行業,67.84,0.6,監視,0.9985,0.8268,0.7672,,0.1212,0.8831,0.4242,1.0,1.0,0.9935,0.4864,0.989,0.6,,0.2105,0.5,0.0365,,0.3271,0.0,"4,5",1.0,1.0,1.0,1.0,1.0,0.9877,1.0,1.0,0.0
2026-08-20,8541,愛媛銀行,銀行業,59.87,0.4,除外,1.0,0.8786,0.4923,,0.0239,0.9084,0.6061,1.0,1.0,0.0,0.681,0.8882,0.4,,0.65,0.2,0.0717,,0.0,0.0,"3,4,5",1.0,1.0,1.0,1.0,1.0,1.0,1.0,1.0,0.0
2026-08-20,8544,京葉銀行,銀行業,57.52,0.4,除外,0.8875,0.9226,0.3277,0.1921,0.5463,0.933,0.7576,1.0,1.0,0.0429,0.3401,0.7277,0.2,0.2,0.3684,0.2,0.3391,0.4654,0.3809,1.0,"3,4,5",1.0,1.0,1.0,1.0,1.0,0.7997,1.0,0.3,0.0
2026-08-20,8550,栃木銀行,銀行業,62.59,0.4,除外,1.0,0.8556,0.5199,,0.1281,0.9255,0.7121,1.0,0.7849,0.1936,0.5374,0.8153,0.5333,,0.2105,0.2,0.3949,0.1175,0.0,0.0,"3,4,5",1.0,1.0,1.0,1.0,1.0,1.0,1.0,1.0,0.0
2026-08-20,8558,東和銀行,銀行業,53.06,0.2,除外,0.9586,0.5281,0.3857,0.25,0.5305,0.8548,0.2576,1.0,0.0,0.271,0.0133,0.8587,0.4,0.8,0.0,0.2,0.1367,0.4444,0.5408,1.0,"2,3,4,5",1.0,1.0,1.0,1.0,1.0,0.9688,1.0,0.7,0.0
2026-08-20,8566,リコーリース,その他金融業,59.34,0.4,除外,0.8539,0.603,0.5361,,0.3807,0.5041,0.65,0.2581,1.0,0.2739,0.2814,0.9891,0.6,,0.2632,0.2,0.5545,,0.5876,0.0,"3,4,5",1.0,1.0,1.0,1.0,0.6715,0.8601,1.0,0.3,0.8
2026-08-20,8570,イオンフィナンシャルサービス,その他金融業,49.71,0.4,除外,0.801,0.3978,0.6684,0.2408,0.3775,0.3485,0.4,0.2581,0.5846,0.5966,0.4462,0.8306,0.8,0.1818,0.2632,0.5,0.8089,0.1754,0.3993,0.1263,"2,4,5",1.0,0.8052,0.5,1.0,0.5653,0.5379,1.0,1.0,0.0182
2026-08-20,8572,アコム,その他金融業,54.84,0.4,除外,0.6822,0.4843,0.5804,0.3598,0.6355,0.3924,0.5,0.2581,0.7866,0.6555,0.2779,0.9217,0.4667,0.0,0.4211,1.0,1.0,0.1695,0.8254,0.5469,"2,3,4",1.0,0.6502,0.5,1.0,0.3981,0.6096,1.0,0.3,0.0182
2026-08-20,8584,ジャックス,その他金融業,31.89,0.4,除外,0.0,0.0,0.6308,,0.6448,,,,,0.8314,0.3271,0.898,0.4667,0.2273,0.0526,1.0,1.0,0.1051,0.474,1.0,"1,2,4",,,,,,,,,
2026-08-20,8585,オリエントコーポレーション,その他金融業,34.34,0.4,除外,0.0,0.0,0.7707,,0.6028,,,,,1.0,0.563,0.7197,0.8,0.0909,0.2632,0.2,1.0,0.1176,0.2937,1.0,"1,2,4",,,,,,,,,
2026-08-20,8591,オリックス,その他金融業,56.07,0.4,除外,0.8652,0.5492,0.4585,0.1132,0.8174,0.8585,0.95,0.2581,0.1302,0.5876,0.2406,0.6057,0.4,0.2,0.0526,0.2,0.7093,,0.743,1.0,"2,3,4",1.0,1.0,1.0,1.0,1.0,0.822,1.0,0.1,0.0
2026-08-20,8593,三菱ＨＣキャピタル,その他金融業,52.0,0.4,除外,0.7213,0.6385,0.4213,0.2685,0.5505,0.5458,0.75,0.2581,1.0,0.4952,0.2645,0.4588,0.4667,0.2273,0.2105,0.2,0.8116,0.1335,0.3952,0.8615,"3,4,5",1.0,1.0,0.5,1.0,0.8289,0.6413,0.5,0.3,0.4364
2026-08-20,8595,ジャフコ　グループ,証券、商品先物取引業,23.1,0.2,除外,0.0,0.0,0.6926,,0.2312,,,,,0.7725,0.581,0.8837,0.5333,0.0909,0.0,0.5,0.2059,0.1059,0.613,0.0,"1,2,4,5",,,,,,,,,
2026-08-20,8600,トモニホールディングス,銀行業,54.21,0.4,除外,1.0,0.7135,0.2832,,0.1716,0.7781,0.0758,1.0,1.0,0.0,0.4982,0.2344,0.4,,0.775,0.5,0.5148,,0.0,0.0,"3,4,5",1.0,1.0,1.0,1.0,1.0,1.0,1.0,1.0,0.0
2026-08-20,8601,大和証券グループ本社,証券、商品先物取引業,56.69,0.4,除外,0.8917,0.8441,0.5774,0.1921,0.3292,0.8265,0.9048,0.6452,1.0,0.4598,0.3399,0.9098,0.6,0.2,0.3684,0.2,0.4411,0.1111,0.7645,0.0,"3,4,5",1.0,1.0,1.0,1.0,1.0,0.834,1.0,0.3,0.0
2026-08-20,8604,野村ホールディングス,証券、商品先物取引業,56.76,0.6,監視,0.9828,0.8222,0.6021,0.1132,0.3178,0.7863,0.8571,0.6452,1.0,0.5119,0.3763,0.987,0.5333,0.2,0.0526,0.2,0.292,,0.6612,0.0,"4,5",1.0,1.0,1.0,1.0,1.0,0.8622,1.0,1.0,0.0
2026-08-20,8609,岡三証券グループ,証券、商品先物取引業,66.36,0.4,除外,0.9925,0.7714,0.5953,,0.2951,0.726,0.7143,0.6452,1.0,0.252,0.6066,0.9226,0.6,,0.425,0.5,0.5766,,0.3087,0.0,"3,4,5",1.0,1.0,1.0,1.0,1.0,0.9399,1.0,1.0,0.0053
2026-08-20,8613,丸三証券,証券、商品先物取引業,56.49,0.4,除外,0.9996,0.6675,0.5041,,0.0886,0.5488,0.4762,0.6452,1.0,0.0358,0.4544,0.9929,0.5333,,0.675,1.0,0.2657,,0.0,0.0,"3,4,5",1.0,1.0,1.0,1.0,1.0,0.9967,1.0,1.0,0.3368
2026-08-20,8614,東洋証券,証券、商品先物取引業,56.53,0.4,除外,0.8026,0.715,0.3539,0.3599,0.5951,0.5957,0.619,0.6452,1.0,0.0,0.487,0.7288,0.2,0.2273,0.1579,1.0,0.6098,0.1242,0.7511,0.8953,"3,4,5",1.0,1.0,0.5,1.0,1.0,0.4207,0.5,1.0,0.0545
2026-08-20,8616,東海東京フィナンシャル・ホールディングス,証券、商品先物取引業,70.56,0.6,監視,0.9982,0.787,0.7481,,0.2891,0.7409,0.7619,0.6452,1.0,0.6341,0.6926,0.9988,0.6667,,0.5,0.5,0.3312,0.1796,0.6455,0.0,"4,5",1.0,1.0,1.0,1.0,1.0,0.9857,1.0,1.0,0.0
2026-08-20,8622,水戸証券,証券、商品先物取引業,51.41,0.4,除外,1.0,0.6513,0.3924,,0.0127,0.5316,0.4286,0.6452,1.0,0.0,0.6571,0.6457,0.2667,,0.675,1.0,0.038,,0.0,0.0,"3,4,5",1.0,1.0,1.0,1.0,1.0,1.0,1.0,1.0,0.4789
2026-08-20,8624,いちよし証券,証券、商品先物取引業,72.49,0.4,除外,1.0,0.8787,0.4959,,0.5249,0.8697,1.0,0.6452,1.0,0.1888,0.3279,0.9336,0.5333,,0.3684,0.2,0.3284,0.248,0.7222,0.8008,"3,4,5",1.0,1.0,1.0,1.0,1.0,1.0,1.0,1.0,0.1263
2026-08-20,8628,松井証券,証券、商品先物取引業,50.91,0.4,除外,0.992,0.7583,0.4677,0.1882,0.1394,0.7215,0.6667,0.6452,1.0,0.0442,0.4471,0.9795,0.4,0.2,0.0526,0.2,0.3584,,0.0597,0.0,"3,4,5",1.0,1.0,1.0,1.0,1.0,0.9359,1.0,1.0,0.3
2026-08-20,8630,ＳＯＭＰＯホールディングス,保険業,70.97,0.4,除外,0.9762,0.7789,0.5785,,0.5053,0.7163,0.625,0.7742,1.0,0.6275,0.2219,0.9313,0.5333,,0.325,0.2,1.0,,0.5159,0.0,"3,4,5",1.0,1.0,1.0,1.0,1.0,0.8098,1.0,1.0,0.3789
2026-08-20,8697,日本取引所グループ,その他金融業,73.72,0.8,本命,0.9891,0.6944,0.6022,,0.6633,0.6694,0.85,0.2581,1.0,0.5902,0.3814,0.7704,0.6667,,0.2632,0.2,0.6051,,0.8451,0.5396,4,1.0,1.0,1.0,1.0,1.0,0.9128,1.0,1.0,0.6421
2026-08-20,8698,マネックスグループ,証券、商品先物取引業,28.83,0.2,除外,0.0,0.5412,0.6121,,0.0,0.3291,0.1905,0.6452,1.0,0.5769,0.6757,0.7293,0.4667,0.0,0.4737,0.5,0.0,,0.0,0.0,"1,2,4,5",,,,,,,,,
2026-08-20,8706,極東証券,証券、商品先物取引業,54.57,0.2,除外,0.9228,0.5831,0.5214,0.4023,0.2988,0.4013,0.2857,0.6452,1.0,0.0729,0.4855,0.9271,0.6,0.2273,0.8,0.2,0.4094,0.1639,0.622,0.0,"2,3,4,5",1.0,1.0,0.5,1.0,0.9706,0.9116,1.0,1.0,0.3818
2026-08-20,8707,岩井コスモホールディングス,証券、商品先物取引業,62.54,0.4,除外,1.0,0.8635,0.4409,,0.1973,0.8563,0.9524,0.6452,1.0,0.0,0.3775,0.8529,0.5333,,0.2632,0.2,0.1683,,0.4235,0.0,"3,4,5",1.0,1.0,1.0,1.0,1.0,1.0,1.0,1.0,0.0
2026-08-20,8708,アイザワ証券グループ,証券、商品先物取引業,57.98,0.4,除外,0.9994,0.6296,0.4255,,0.2647,0.4922,0.381,0.6452,1.0,0.0,0.5043,0.7979,0.4,,0.7,0.2,0.4141,,0.3799,0.0,"3,4,5",1.0,1.0,1.0,1.0,1.0,0.9954,1.0,1.0,0.8
2026-08-20,8713,フィデアホールディングス,銀行業,52.21,0.4,除外,1.0,0.6818,0.2478,,0.1587,0.6664,0.0606,1.0,1.0,0.0,0.5912,0.0,0.4,,0.8,0.2,0.5273,0.1077,0.0,0.0,"3,4,5",1.0,1.0,1.0,1.0,1.0,1.0,1.0,1.0,0.0
2026-08-20,8714,池田泉州ホールディングス,銀行業,60.22,0.4,除外,1.0,0.6112,0.501,,0.2965,0.8116,0.1212,1.0,0.5119,0.2847,0.1935,0.859,0.6667,,0.1053,0.2,0.2255,,0.1761,0.488,"3,4,5",1.0,1.0,1.0,1.0,1.0,1.0,1.0,1.0,0.0
2026-08-20,8715,アニコム　ホールディングス,保険業,53.79,0.4,除外,0.375,0.645,0.3168,,0.8147,0.8057,1.0,0.7742,0.0,0.3112,0.2227,0.0,0.7333,0.5455,0.1053,0.5,1.0,0.38,0.8787,1.0,"1,3,4",0.0,1.0,0.5,0.0,1.0,0.0,0.5,0.0,
2026-08-20,8725,ＭＳ＆ＡＤインシュアランスグループホールディングス,保険業,71.24,0.6,監視,0.9788,0.6987,0.6204,,0.5517,0.6456,0.375,0.7742,1.0,0.6109,0.3553,0.9819,0.5333,,0.85,0.2,0.7893,,0.4639,0.4019,"4,5",1.0,1.0,1.0,1.0,1.0,0.8305,1.0,1.0,0.3474
2026-08-20,8729,ソニーフィナンシャルグループ,保険業,53.21,0.2,除外,,,0.6839,,0.3803,,,,,0.5593,0.5828,0.7269,0.8667,0.0,0.2632,0.2,0.6957,0.1386,0.6868,0.0,"1,2,4,5",,,,,,,,,
2026-08-20,8739,スパークス・グループ,証券、商品先物取引業,62.67,0.4,除外,1.0,0.7994,0.3188,,0.3886,0.7431,0.8095,0.6452,1.0,0.0667,0.3453,0.6631,0.2,,0.4211,0.2,0.4655,,0.0,0.7004,"3,4,5",1.0,1.0,1.0,1.0,1.0,1.0,1.0,1.0,0.4895
2026-08-20,8750,第一生命ホールディングス,保険業,62.37,0.6,監視,0.8908,0.8583,0.563,0.15,0.6563,0.7841,0.875,0.7742,1.0,0.5723,0.3547,0.8582,0.4667,0.0,0.0526,0.2,0.761,0.1111,0.7531,1.0,"3,4",1.0,1.0,1.0,1.0,1.0,0.8264,1.0,0.3,0.3474
2026-08-20,8766,東京海上ホールディングス,保険業,55.9,0.6,監視,0.7367,0.6375,0.662,0.3658,0.3931,0.5257,0.25,0.7742,1.0,0.9319,0.3144,0.8682,0.5333,0.2,0.2632,0.2,0.6882,,0.491,0.0,"4,5",1.0,1.0,1.0,0.0,1.0,0.5935,1.0,0.3,0.8
2026-08-20,8771,イー・ギャランティ,その他金融業,59.82,0.4,除外,0.8826,0.6206,0.3593,,0.5303,0.5242,0.7,0.2581,1.0,0.2742,0.2938,0.2693,0.6,,0.3684,0.2,1.0,0.2268,0.8944,0.0,"3,4,5",1.0,1.0,1.0,1.0,0.8531,0.9073,1.0,0.3,0.5273
2026-08-20,8793,ＮＥＣキャピタルソリューション,その他金融業,51.17,0.6,監視,0.7982,0.2255,0.8049,0.1114,0.6186,0.2941,0.35,0.2581,0.0,1.0,0.4887,0.931,0.8,0.2273,0.0,0.2,0.6601,0.1598,0.6547,1.0,"2,4",1.0,0.752,0.5,1.0,0.3347,0.7993,1.0,1.0,0.0182
2026-08-20,8795,Ｔ＆Ｄホールディングス,保険業,70.05,0.8,本命,0.8634,0.8116,0.7073,0.4211,0.6992,0.7223,0.75,0.7742,1.0,1.0,0.3486,0.8807,0.6,0.2,0.0526,0.5,0.7929,0.3113,0.8808,0.8118,4,1.0,1.0,1.0,1.0,1.0,0.8068,1.0,0.1,0.9316
2026-08-20,8801,三井不動産,不動産業,33.41,0.0,除外,0.0,0.2366,0.5168,,0.5829,0.3202,0.4651,0.1613,0.0,0.707,0.3305,0.4964,0.5333,0.2273,0.3158,0.2,1.0,0.1518,0.1798,1.0,"1,2,3,4,5",,,,,,,,,
2026-08-20,8802,三菱地所,不動産業,37.63,0.0,除外,0.3039,0.4409,0.3333,,0.4272,0.6955,0.907,0.1613,0.0,0.3792,0.2872,0.4003,0.2667,0.2273,0.3158,0.2,0.5721,0.1365,0.0,1.0,"1,2,3,4,5",0.0,1.0,0.5,0.0,0.9313,0.0,0.0,0.0,
2026-08-20,8803,平和不動産,不動産業,32.02,0.2,除外,0.0,0.2131,0.4863,0.2739,0.6277,0.2956,0.3953,0.1613,0.0,0.5749,0.2892,0.8143,0.2667,0.2273,0.3684,0.5,1.0,0.1111,0.3997,1.0,"1,2,3,4",,,,,,,,,0.0
2026-08-20,8804,東京建物,不動産業,59.89,0.4,除外,0.5492,0.5281,0.6768,,0.6414,0.5756,0.7442,0.1613,0.6314,0.867,0.501,0.806,0.5333,0.2273,0.0,0.2,1.0,0.1599,0.4058,1.0,"1,2,4",0.0,1.0,0.5,1.0,1.0,0.0937,0.5,0.3,
2026-08-20,8818,京阪神ビルディング,不動産業,54.28,0.4,除外,0.8501,0.4271,0.3436,0.4592,0.6338,0.6634,0.8837,0.1613,0.0,0.0,0.4573,0.7171,0.2,0.6,0.1053,0.2,0.8624,0.1111,0.5616,1.0,"2,3,4",1.0,1.0,1.0,1.0,1.0,0.8005,1.0,0.0,0.9316
2026-08-20,8830,住友不動産,不動産業,49.07,0.4,除外,0.2499,0.3918,0.7156,,0.6054,0.592,0.814,0.1613,0.0,1.0,0.4962,0.6996,0.6667,0.2273,0.1053,0.5,1.0,0.1464,0.2751,1.0,"1,2,4",0.0,0.8873,0.5,0.0,0.6118,0.0,0.0,0.0,
2026-08-20,8848,レオパレス２１,不動産業,26.15,0.0,除外,0.0,0.3725,0.2835,,0.3901,0.2874,0.3488,0.1613,0.6925,0.1427,0.2022,0.1893,0.6,0.2273,0.1053,0.2,0.8537,0.1536,0.0,0.553,"1,2,3,4,5",,,,,,,,,
2026-08-20,8850,スターツコーポレーション,不動産業,32.99,0.2,除外,0.0,0.2358,0.4105,,0.6734,0.2636,0.2791,0.1613,0.2394,0.5576,0.3025,0.5152,0.2667,0.2273,0.0,0.5,1.0,0.1128,0.581,1.0,"1,2,3,4",,,,,,,,,
2026-08-20,8871,ゴールドクレスト,不動産業,27.63,0.2,除外,0.0,0.1466,0.3208,,0.6377,0.2159,0.2093,0.1613,0.0,0.0,0.2144,0.7357,0.3333,0.7273,0.3684,0.2,1.0,0.2027,0.3482,1.0,"1,2,3,4",,,,,,,,,
2026-08-20,8876,リログループ,サービス業,61.85,0.4,除外,0.9947,0.5692,0.65,,0.2602,0.4475,0.7326,0.0968,1.0,0.5526,0.665,0.9156,0.4667,,0.1579,0.5,0.6602,0.3664,0.0,0.0141,"2,4,5",1.0,1.0,1.0,1.0,1.0,0.9579,1.0,1.0,0.5636
2026-08-20,8877,エスリード,不動産業,41.61,0.2,除外,0.0,0.3559,0.5776,,0.7311,0.373,0.5581,0.1613,0.3311,0.7794,0.2424,0.7552,0.5333,0.2273,0.3158,0.2,1.0,0.1573,0.7669,1.0,"1,2,3,4",,,,,,,,,
2026-08-20,8892,エスコン,不動産業,40.67,0.4,除外,0.6342,0.2621,0.4431,0.05,0.644,0.3522,0.5349,0.1613,0.0,0.1456,0.084,0.876,0.6667,0.0,0.0,0.2,0.9489,0.1416,0.4855,1.0,"2,3,4",1.0,0.8142,0.5,1.0,0.4074,0.5524,0.5,0.3,0.0
2026-08-20,8897,ＭＩＲＡＲＴＨホールディングス,不動産業,50.41,0.2,除外,0.9474,0.2479,0.3901,,0.431,0.3418,0.4884,0.1613,0.0,0.0,0.8269,0.0,0.7333,,0.1053,0.2,1.0,0.54,0.0,0.184,"2,3,4,5",1.0,0.8326,1.0,1.0,0.7467,1.0,1.0,1.0,0.9842
2026-08-20,8919,カチタス,不動産業,53.59,0.4,除外,0.976,0.3774,0.4328,0.2713,0.6219,0.5808,0.7674,0.1613,0.0,0.0584,0.7395,0.0,0.9333,0.7273,0.1579,0.2,0.7984,0.3845,0.3048,1.0,"2,3,4",1.0,1.0,1.0,1.0,1.0,0.808,1.0,1.0,0.0
2026-08-20,8923,トーセイ,不動産業,55.91,0.6,監視,0.8371,0.6689,0.6916,0.2703,0.3276,0.6538,0.8605,0.1613,1.0,0.5471,0.7894,0.5633,0.8667,0.0,0.2632,0.2,0.4187,0.1086,0.7101,0.0729,"4,5",1.0,0.8406,1.0,1.0,0.704,0.8519,1.0,0.3,0.6182
2026-08-20,8934,サンフロンティア不動産,不動産業,63.31,0.4,除外,0.509,0.5297,0.7993,,0.6945,0.4825,0.6279,0.1613,0.8473,0.7974,0.6754,0.7909,0.9333,0.2273,0.0526,0.2,1.0,0.1944,0.5834,1.0,"1,2,4",0.0,0.8415,0.5,1.0,0.4822,0.448,0.5,0.3,
2026-08-20,9001,東武鉄道,陸運業,47.19,0.2,除外,0.6742,0.5798,0.5322,0.4435,0.1296,0.449,0.6765,0.1935,1.0,0.4008,0.3823,0.8792,0.4667,0.2273,0.2105,0.5,0.3172,,0.0715,0.0,"2,3,4,5",1.0,1.0,1.0,0.0,0.6147,0.6792,1.0,0.1,0.8364
2026-08-20,9003,相鉄ホールディングス,陸運業,31.43,0.0,除外,0.0,0.3813,0.4217,,0.454,0.3723,0.5882,0.1935,0.371,0.1408,0.2045,0.7416,0.6,0.4545,0.2632,0.2,0.4702,0.3459,0.0,1.0,"1,2,3,4,5",,,,,,,,,
2026-08-20,9005,東急,陸運業,31.9,0.0,除外,0.0,0.2399,0.5939,,0.4422,0.2256,0.2647,0.1935,0.2757,0.7779,0.2869,0.5109,0.8,0.2273,0.2632,0.5,0.6165,0.1523,0.0,1.0,"1,2,3,4,5",,,,,,,,,
2026-08-20,9006,京浜急行電鉄,陸運業,37.43,0.0,除外,0.4088,0.2799,0.5039,,0.3045,0.2472,0.3235,0.1935,0.3554,0.4538,0.3427,0.8189,0.4,0.4545,0.2105,0.2,0.681,,0.0,0.2326,"1,2,3,4,5",0.0,0.7295,0.5,1.0,0.2629,0.6779,0.0,0.1,
2026-08-20,9007,小田急電鉄,陸運業,36.27,0.2,除外,0.6729,0.3145,0.2974,0.164,0.3644,0.2547,0.3529,0.1935,0.4569,0.265,0.2831,0.6414,0.0,0.2273,0.2105,0.2,0.7758,,0.3175,0.0,"2,3,4,5",1.0,0.7598,0.5,1.0,0.345,0.6787,1.0,0.1,0.0182
2026-08-20,9008,京王電鉄,陸運業,36.55,0.0,除外,0.1875,0.4426,0.5261,,0.3056,0.3515,0.5294,0.1935,0.6962,0.4283,0.5045,0.7716,0.4,0.2273,0.1579,0.2,0.4922,,0.0,0.4246,"1,2,3,4,5",0.0,0.6052,0.0,0.0,0.1941,0.6004,0.0,0.1,
2026-08-20,9009,京成電鉄,陸運業,27.44,0.2,除外,0.0,0.0,0.6683,0.3031,0.4005,,,,,0.5105,0.4874,0.9418,0.7333,0.2273,0.1579,0.5,0.5287,0.1109,0.7994,0.1631,"1,2,4,5",,,,,,,,,0.3273
2026-08-20,9010,富士急行,陸運業,81.47,0.8,本命,0.976,0.6337,0.8346,,0.8144,0.5473,0.7941,0.1935,1.0,0.9323,0.5461,0.9932,0.8667,,0.95,0.5,0.8081,,0.8477,0.7873,4,1.0,0.8978,1.0,1.0,1.0,0.9103,1.0,1.0,0.7455
2026-08-20,9020,東日本旅客鉄道,陸運業,29.65,0.2,除外,0.0,0.3173,0.624,,0.2445,0.3559,0.5588,0.1935,0.161,0.5303,0.3705,0.9284,0.6667,0.0,0.2632,0.5,0.6479,0.1283,0.0,0.2019,"1,2,4,5",,,,,,,,,
2026-08-20,9021,西日本旅客鉄道,陸運業,25.01,0.0,除外,0.0,0.0,0.5819,,0.4185,,,,,0.6929,0.4321,0.8694,0.3333,0.0909,0.3158,1.0,0.2591,0.0963,0.3184,1.0,"1,2,3,4,5",,,,,,,,,
2026-08-20,9022,東海旅客鉄道,陸運業,39.59,0.0,除外,0.0,0.5487,0.5337,,0.5012,0.3835,0.6176,0.1935,1.0,0.7771,0.245,0.9125,0.2,0.0909,0.2105,0.5,0.5066,0.132,0.3663,1.0,"1,2,3,4,5",,,,,,,,,
2026-08-20,9023,東京地下鉄,陸運業,26.65,0.0,除外,0.0,0.0,0.5918,,0.4743,,,,,1.0,0.3357,0.5647,0.4667,0.1364,0.0,1.0,0.177,0.1057,0.6146,1.0,"1,2,3,4,5",,,,,,,,,
2026-08-20,9024,西武ホールディングス,陸運業,29.52,0.2,除外,0.0,0.0,0.5491,,0.6317,,,,,0.8633,0.1255,0.8744,0.3333,0.0,0.2105,1.0,1.0,0.1379,0.3891,1.0,"1,2,3,4",,,,,,,,,
2026-08-20,9025,鴻池運輸,陸運業,19.95,0.0,除外,0.0,0.0,0.2285,,0.5696,,,,,0.0,0.3112,0.2028,0.4,0.1818,0.2105,0.5,0.6907,0.1509,0.5246,0.9121,"1,2,3,4,5",,,,,,,,,
2026-08-20,9031,西日本鉄道,陸運業,51.18,0.4,除外,0.8168,0.698,0.3409,0.1173,0.5859,0.6865,0.9118,0.1935,1.0,0.0771,0.2635,0.6231,0.4,0.2273,0.0,0.2,0.7796,0.3379,0.3621,0.8642,"3,4,5",1.0,1.0,0.5,1.0,1.0,0.7345,1.0,0.3,0.0421
2026-08-20,9037,ハマキョウレックス,陸運業,46.82,0.4,除外,0.9093,0.3961,0.2489,0.1331,0.6533,0.5674,0.8235,0.1935,0.0,0.0,0.376,0.1531,0.4667,0.2273,0.1053,0.2,0.6813,0.1429,0.7891,1.0,"2,3,4",1.0,1.0,0.5,1.0,0.9212,0.8531,1.0,1.0,0.0
2026-08-20,9039,サカイ引越センター,陸運業,38.6,0.2,除外,0.7684,0.3528,0.2042,,0.2187,0.3477,0.5,0.1935,0.37,0.0,0.3501,0.0,0.4667,,0.0,1.0,0.6561,,0.0,0.0,"2,3,4,5",1.0,0.5589,1.0,1.0,0.3917,0.8963,1.0,0.3,0.0182
2026-08-20,9041,近鉄グループホールディングス,陸運業,58.11,0.4,除外,0.9756,0.368,0.5144,0.3818,0.6657,0.5138,0.7647,0.1935,0.0,0.6799,0.4687,0.309,0.6,0.7273,0.1053,0.2,0.773,0.3889,0.501,1.0,"2,3,4",1.0,1.0,1.0,1.0,0.9079,0.897,1.0,1.0,0.4947
2026-08-20,9042,阪急阪神ホールディングス,陸運業,46.38,0.2,除外,0.8164,0.3646,0.571,0.3263,0.2404,0.4602,0.7059,0.1935,0.0989,0.8519,0.3265,0.7057,0.4,0.5455,0.1053,0.2,0.3371,,0.3841,0.0,"2,3,4,5",1.0,0.8963,1.0,1.0,0.6984,0.6369,1.0,0.3,0.4545
2026-08-20,9044,南海電気鉄道,陸運業,52.86,0.6,監視,0.6816,0.6657,0.6355,0.1768,0.4832,0.5867,0.8824,0.1935,1.0,0.703,0.238,0.9344,0.6667,0.4545,0.0526,0.2,0.5342,0.3035,0.0952,1.0,"4,5",1.0,0.8745,0.5,1.0,0.6746,0.6034,0.5,0.3,0.0
2026-08-20,9045,京阪ホールディングス,陸運業,27.67,0.0,除外,0.0,0.2256,0.4194,,0.4619,0.2971,0.4118,0.1935,0.0,0.1038,0.3179,0.656,0.6,0.1364,0.2632,0.2,0.7383,0.1092,0.0,1.0,"1,2,3,4,5",,,,,,,,,
2026-08-20,9048,名古屋鉄道,陸運業,47.85,0.2,除外,0.7913,0.3488,0.5429,0.3474,0.3621,0.4125,0.6471,0.1935,0.1422,0.332,0.5084,0.8644,0.4667,0.4,0.2632,0.2,0.6908,,0.0843,0.3113,"2,3,4,5",1.0,0.9009,1.0,1.0,0.5919,0.7373,1.0,0.1,0.5263
2026-08-20,9064,ヤマトホールディングス,陸運業,20.72,0.0,除外,0.0,0.4326,0.4068,0.125,0.0714,0.2427,0.2941,0.1935,1.0,0.0101,0.635,0.6487,0.3333,0.0,0.0,0.5,0.2143,,0.0,0.0,"1,2,3,4,5",,,,,,,,,0.0
2026-08-20,9065,山九,陸運業,26.57,0.0,除外,0.2936,0.2432,0.2809,,0.245,0.338,0.4412,0.1935,0.0,0.0,0.4272,0.2299,0.4667,0.2273,0.2105,0.2,0.8549,0.1251,0.0,0.0,"1,2,3,4,5",0.0,1.0,0.5,0.0,0.3532,0.3955,0.0,0.1,
2026-08-20,9068,丸全昭和運輸,陸運業,36.95,0.0,除外,0.2486,0.2526,0.4005,,0.5764,0.3462,0.4706,0.1935,0.0,0.2903,0.4278,0.2841,0.6,0.1818,0.0526,0.5,0.7473,0.1465,0.4119,1.0,"1,2,3,4,5",0.0,0.9707,0.5,0.0,0.3398,0.0785,0.0,0.1,
2026-08-20,9069,センコーグループホールディングス,陸運業,61.22,0.2,除外,0.9996,0.4662,0.4412,,0.5419,0.2889,0.3824,0.1935,1.0,0.3697,0.4923,0.5694,0.3333,,0.9,0.2,1.0,,0.6257,0.0,"2,3,4,5",1.0,0.9969,1.0,1.0,1.0,1.0,1.0,1.0,0.4364
2026-08-20,9072,ニッコンホールディングス,陸運業,56.92,0.6,監視,0.7139,0.4739,0.6703,0.3281,0.6599,0.761,0.9412,0.1935,0.0,0.8379,0.2569,0.9864,0.6,0.9545,0.1579,0.2,0.7839,0.4444,0.6935,0.7179,"2,4",1.0,1.0,1.0,0.0,1.0,0.3114,1.0,0.4,0.0
2026-08-20,9075,福山通運,陸運業,58.83,0.4,除外,0.9541,0.4893,0.5281,0.2782,0.6915,0.793,0.9706,0.1935,0.0,0.6177,0.7621,0.3993,0.3333,0.8182,0.0,0.2,0.7219,0.3889,0.6553,1.0,"2,3,4",1.0,1.0,1.0,1.0,1.0,0.6332,1.0,1.0,0.0947
2026-08-20,9076,セイノーホールディングス,陸運業,54.68,0.2,除外,0.9966,0.3504,0.3305,,0.5096,0.4728,0.7353,0.1935,0.0,0.1503,0.5442,0.2944,0.3333,,0.0526,0.2,0.4248,0.3889,0.2249,1.0,"2,3,4,5",1.0,1.0,1.0,1.0,0.9977,0.9749,1.0,1.0,0.4053
2026-08-20,9090,ＡＺ－ＣＯＭ丸和ホールディングス,陸運業,14.0,0.0,除外,0.0,0.0,0.2174,,0.3426,,,,,0.0,0.3181,0.2181,0.3333,0.0,0.2105,1.0,0.547,0.1333,0.0,0.6902,"1,2,3,4,5",,,,,,,,,
2026-08-20,9101,日本郵船,海運業,65.2,0.2,除外,1.0,0.5368,0.5829,,0.4881,0.3031,0.1667,0.6774,1.0,0.6106,0.3131,0.8746,0.5333,,0.7368,0.2,0.7982,0.3667,0.4045,0.383,"2,3,4,5",1.0,1.0,1.0,1.0,1.0,1.0,1.0,1.0,0.3091
2026-08-20,9104,商船三井,海運業,65.71,0.8,本命,0.8983,0.6028,0.5016,0.6016,0.6814,0.4006,0.3333,0.6774,1.0,0.6529,0.2428,0.644,0.4667,0.4091,0.5789,1.0,1.0,0.326,0.3995,1.0,3,1.0,1.0,0.5,1.0,1.0,0.6861,1.0,1.0,0.4182
2026-08-20,9107,川崎汽船,海運業,63.34,0.4,除外,1.0,0.684,0.5018,,0.348,0.5585,0.5,0.6774,1.0,0.6148,0.2316,0.694,0.4667,,0.7368,0.5,0.776,0.1485,0.4676,0.0,"3,4,5",1.0,1.0,1.0,1.0,1.0,1.0,1.0,1.0,0.4895
2026-08-20,9110,ＮＳユナイテッド海運,海運業,64.4,0.4,除外,0.9995,0.8737,0.3694,,0.3333,0.8176,1.0,0.6774,1.0,0.0,0.8581,0.0194,0.6,,0.5789,0.2,1.0,,0.0,0.0,"3,4,5",1.0,1.0,1.0,1.0,1.0,0.9962,1.0,1.0,0.3818
2026-08-20,9119,飯野海運,海運業,62.93,0.4,除外,0.8545,0.5473,0.5742,0.4428,0.7279,0.6783,0.8333,0.6774,0.0,0.4151,0.3924,0.6892,0.8,0.4091,0.7895,0.5,1.0,0.3268,0.5847,1.0,"2,3,4",1.0,1.0,0.5,1.0,1.0,0.3358,1.0,1.0,0.0727
2026-08-20,9142,九州旅客鉄道,陸運業,18.51,0.0,除外,0.0,0.0,0.4264,,0.314,,,,,0.0558,0.4127,0.7039,0.5333,0.0,0.3158,0.5,0.2926,0.1013,0.0,0.8622,"1,2,3,4,5",,,,,,,,,
2026-08-20,9143,ＳＧホールディングス,陸運業,53.97,0.2,除外,0.8947,0.4077,0.5339,,0.3228,0.2018,0.2353,0.1935,1.0,0.6678,0.2895,0.645,0.5333,,0.0,0.2,0.681,,0.2873,0.0,"2,3,4,5",1.0,0.774,1.0,1.0,0.6362,0.747,1.0,1.0,0.5273
2026-08-20,9147,ＮＩＰＰＯＮ　ＥＸＰＲＥＳＳホールディングス,陸運業,66.67,0.6,監視,1.0,0.7062,0.3453,,0.6153,0.8325,1.0,0.1935,0.7986,0.3085,0.3228,0.1497,0.6,,0.0526,0.2,0.5664,,0.2796,1.0,"3,4",1.0,1.0,1.0,1.0,1.0,1.0,1.0,1.0,0.0
2026-08-20,9166,ＧＥＮＤＡ,サービス業,30.6,0.2,除外,0.0,0.0,0.7158,0.2566,0.5579,,,,,1.0,0.2195,0.9102,0.7333,0.0,0.5263,0.5,0.9026,0.2106,0.1184,1.0,"1,2,4,5",,,,,,,,,0.0
2026-08-20,9201,日本航空,空運業,43.44,0.4,除外,0.8301,0.0,0.7593,0.2661,0.3166,,,,,0.7111,0.5477,0.9118,0.8667,0.2273,0.4737,0.2,0.5274,0.1003,0.4912,0.1477,"2,4,5",1.0,0.5249,0.5,1.0,0.8337,0.782,1.0,1.0,0.1636
2026-08-20,9202,ＡＮＡホールディングス,空運業,60.84,0.6,監視,0.9131,0.7496,0.7058,0.2925,0.381,0.2487,1.0,,1.0,0.4693,0.6153,0.9385,0.8,0.2273,0.5789,0.2,0.546,0.1265,0.6223,0.2294,"4,5",1.0,0.9586,1.0,1.0,0.672,0.6744,1.0,1.0,0.1636
2026-08-20,9247,ＴＲＥホールディングス,サービス業,62.96,0.6,監視,0.6978,0.6902,0.7746,0.524,0.4615,0.7453,0.9186,0.0968,1.0,1.0,0.8202,0.6117,0.6667,0.6,0.1053,0.5,0.69,,0.3118,0.3826,"4,5",1.0,1.0,1.0,0.0,1.0,0.5828,1.0,0.0,0.8909
2026-08-20,9267,Ｇｅｎｋｙ　ＤｒｕｇＳｔｏｒｅｓ,小売業,27.91,0.2,除外,0.0,0.0,0.6198,,0.4967,,,,,0.2686,0.662,0.9485,0.6,0.0,0.1579,1.0,0.479,0.141,0.367,1.0,"1,2,4,5",,,,,,,,,
2026-08-20,9274,ＫＰＰグループホールディングス,卸売業,65.72,0.6,監視,0.8996,0.6898,0.4259,,0.6135,0.6515,0.7204,0.3871,1.0,0.0512,0.5641,0.4882,0.6,,0.1053,0.2,1.0,,0.7878,0.0526,"3,4",1.0,1.0,1.0,1.0,1.0,0.8968,1.0,0.3,0.4368
2026-08-20,9278,ブックオフグループホールディングス,小売業,56.79,0.4,除外,0.9944,0.6874,0.5442,,0.0456,0.7461,0.9391,0.0645,1.0,0.0,1.0,0.7102,0.4667,,0.875,0.2,0.0,,0.1367,0.0,"3,4,5",1.0,1.0,1.0,1.0,1.0,0.9554,1.0,1.0,0.5053
2026-08-20,9279,ギフトホールディングス,小売業,65.79,0.6,監視,0.9899,0.632,0.7014,,0.3082,0.5853,0.8783,0.0645,1.0,0.7957,0.4746,0.8021,0.7333,,0.8,0.2,0.802,,0.1226,0.0,"4,5",1.0,1.0,1.0,1.0,1.0,0.9188,1.0,1.0,0.5
2026-08-20,9301,三菱倉庫,倉庫・運輸関連業,48.72,0.2,除外,0.7211,0.5859,0.5243,0.275,0.3297,0.586,0.6667,0.6129,0.478,0.5053,0.4168,0.4416,0.7333,0.2,0.3158,0.2,0.6394,,0.0,0.3496,"2,3,4,5",1.0,1.0,1.0,0.0,1.0,0.6689,1.0,0.1,0.3842
2026-08-20,9302,三井倉庫ホールディングス,倉庫・運輸関連業,16.82,0.0,除外,0.0,0.0,0.4881,,0.1847,,,,,0.5502,0.2961,0.8396,0.2667,0.5,0.3158,0.5,0.3719,0.1104,0.0,0.2563,"1,2,3,4,5",,,,,,,,,
2026-08-20,9303,住友倉庫,倉庫・運輸関連業,59.37,0.2,除外,0.9817,0.4791,0.5256,,0.3885,0.5555,0.5,0.6129,0.2482,0.4962,0.374,0.6321,0.6,,0.7895,0.5,0.8656,0.1416,0.5466,0.0,"2,3,4,5",1.0,1.0,1.0,1.0,1.0,0.8539,1.0,1.0,0.0
2026-08-20,9304,澁澤倉庫,倉庫・運輸関連業,45.61,0.4,除外,0.9628,0.8703,0.2709,0.1763,0.0,0.8682,1.0,0.6129,1.0,0.0,0.2898,0.7273,0.0667,0.4,0.1053,0.2,0.0,,0.0,0.0,"3,4,5",1.0,1.0,1.0,1.0,1.0,0.7022,1.0,1.0,0.0
2026-08-20,9305,ヤマタネ,卸売業,21.54,0.0,除外,0.0,0.0,0.3321,,0.5294,,,,,0.1433,0.3849,0.0,0.8,0.0,0.2632,1.0,1.0,0.1357,0.1881,0.794,"1,2,3,4,5",,,,,,,,,
2026-08-20,9308,乾汽船,海運業,54.97,0.4,除外,0.9998,0.7394,0.2335,,0.2259,0.6136,0.6667,0.6774,1.0,0.0,0.7341,0.0,0.2,,0.8421,1.0,0.7898,0.114,0.0,0.0,"3,4,5",1.0,1.0,1.0,1.0,1.0,0.9981,1.0,1.0,0.3818
2026-08-20,9324,安田倉庫,倉庫・運輸関連業,55.51,0.4,除外,0.8847,0.769,0.4678,0.2963,0.3576,0.6299,0.8333,0.6129,1.0,0.0,0.5198,0.9512,0.4,0.1364,0.1579,0.2,0.8792,0.0775,0.4738,0.0,"3,4,5",1.0,1.0,1.0,1.0,0.9058,0.8715,1.0,0.3,0.6909
2026-08-20,9336,大栄環境,サービス業,49.63,0.2,除外,0.5165,0.3297,0.3979,,0.741,0.4661,0.7558,0.0968,0.0,0.0598,0.8886,0.1766,0.4667,0.7727,0.0,0.2,0.9288,0.4757,0.5594,1.0,"1,2,3,4",0.0,0.9282,0.5,0.0,1.0,0.5041,0.5,0.7,
2026-08-20,9347,日本管財ホールディングス,サービス業,45.39,0.4,除外,0.7711,0.1896,0.4538,0.1995,0.6556,0.2197,0.4419,0.0968,0.0,0.4123,0.2911,0.7116,0.4,0.5455,0.0526,0.2,0.7994,0.4217,0.4013,1.0,"2,3,4",1.0,0.579,0.5,1.0,0.3484,0.7416,1.0,1.0,0.0
2026-08-20,9348,ｉｓｐａｃｅ,サービス業,29.46,0.2,除外,0.0,0.0,0.4569,,0.7216,,,,,1.0,0.0,0.2945,0.5333,0.8182,0.1053,0.2,1.0,0.5308,1.0,0.3558,"1,2,3,4",,,,,,,,,
2026-08-20,9364,上組,倉庫・運輸関連業,51.89,0.2,除外,0.3798,0.6152,0.5241,,0.5565,0.5145,0.3333,0.6129,1.0,0.5158,0.4101,0.9036,0.2667,0.2273,0.1579,1.0,0.6269,0.1226,0.4767,1.0,"1,3,4,5",0.0,1.0,0.5,0.0,0.5323,0.4065,0.5,0.1,
2026-08-20,9401,ＴＢＳホールディングス,情報・通信業,33.84,0.0,除外,0.4394,0.3534,0.3194,,0.2415,0.5108,0.8632,0.0323,0.0071,0.4517,0.3817,0.4441,0.0,0.8,0.2632,0.2,0.855,0.1111,0.0,0.0,"1,2,3,4,5",0.0,1.0,1.0,0.0,0.4638,0.5516,0.5,0.0,
2026-08-20,9404,日本テレビホールディングス,情報・通信業,26.25,0.2,除外,0.0,0.0,0.6035,,0.4466,,,,,0.8231,0.461,0.9299,0.2,0.0,0.0526,1.0,0.3393,0.1241,0.323,1.0,"1,2,4,5",,,,,,,,,
2026-08-20,9409,テレビ朝日ホールディングス,情報・通信業,43.06,0.4,除外,0.0,0.3055,0.7372,,0.6797,0.3864,0.8034,0.0323,0.0,1.0,0.6849,0.4637,0.8,0.4091,0.3684,1.0,1.0,0.1526,0.5662,1.0,"1,2,4",,,,,,,,,
2026-08-20,9412,スカパーＪＳＡＴホールディングス,情報・通信業,46.15,0.0,除外,0.425,0.4363,0.4976,,0.4871,0.79,0.9231,0.0323,0.0,1.0,0.1525,0.838,0.0,0.8182,0.2105,0.2,0.7365,0.4773,0.7345,0.0,"1,2,3,4,5",0.0,1.0,0.5,0.0,1.0,0.0,0.5,0.4,
2026-08-20,9413,テレビ東京ホールディングス,情報・通信業,23.34,0.0,除外,0.0,0.2373,0.3617,,0.3348,0.2502,0.6667,0.0323,0.0,0.2789,0.4292,0.7388,0.0,0.0,0.3158,1.0,0.3042,0.0349,0.0,1.0,"1,2,3,4,5",,,,,,,,,
2026-08-20,9416,ビジョン,情報・通信業,29.73,0.2,除外,0.0,0.0,0.4859,,0.7034,,,,,0.8802,0.3293,0.6009,0.1333,0.2273,0.5789,0.5,1.0,0.1656,0.6479,1.0,"1,2,3,4",,,,,,,,,
2026-08-20,9418,Ｕ－ＮＥＸＴ　ＨＯＬＤＩＮＧＳ,情報・通信業,12.56,0.0,除外,0.0,0.0,0.3081,,0.1944,,,,,0.0,0.426,0.4732,0.3333,0.0,0.1053,0.5,0.2244,0.1311,0.422,0.0,"1,2,3,4,5",,,,,,,,,
2026-08-20,9424,日本通信,情報・通信業,21.34,0.0,除外,0.0,0.0,0.3531,,0.5006,,,,,0.3698,0.376,0.0,0.6667,0.0,0.1579,1.0,0.6111,0.0999,0.2915,1.0,"1,2,3,4,5",,,,,,,,,
2026-08-20,9432,ＮＴＴ,情報・通信業,12.0,0.0,除外,0.0,0.0,0.48,,0.0,,,,,0.3749,0.4443,0.6341,0.4667,,0.2105,1.0,0.0,,0.0,0.0,"1,2,3,4,5",,,,,,,,,0.0182
2026-08-20,9433,ＫＤＤＩ,情報・通信業,49.26,0.2,除外,0.8517,0.5471,0.4607,0.3592,0.2445,0.3783,0.7778,0.0323,1.0,0.3295,0.4363,0.4769,0.6,0.0,0.2632,0.2,0.5631,,0.1703,0.0,"2,3,4,5",1.0,1.0,1.0,1.0,0.8099,0.7033,1.0,0.3,0.9737
2026-08-20,9434,ソフトバンク,情報・通信業,34.64,0.2,除外,0.8176,0.0,0.5161,,0.052,,,,,0.3846,0.5016,0.8449,0.3333,,0.7895,0.2,0.1561,,0.0,0.0,"2,3,4,5",1.0,0.7153,0.5,1.0,0.5181,0.8071,1.0,1.0,0.3091
2026-08-20,9435,光通信,情報・通信業,23.53,0.0,除外,0.0,0.0,0.4243,,0.5168,,,,,0.5753,0.3772,0.2113,0.5333,0.0,0.975,0.5,1.0,0.1399,0.1633,0.764,"1,2,3,4,5",,,,,,,,,
2026-08-20,9436,沖縄セルラー電話,情報・通信業,51.15,0.4,除外,0.9837,0.6526,0.3321,0.0813,0.5081,0.6806,0.8974,0.0323,1.0,0.2892,0.23,0.4093,0.4,0.0,0.125,0.2,0.8919,,0.0,0.6324,"3,4,5",1.0,1.0,1.0,1.0,1.0,0.8694,1.0,1.0,0.0
2026-08-20,9449,ＧＭＯインターネットグループ,情報・通信業,59.34,0.2,除外,0.9375,0.536,0.4664,,0.4338,0.3596,0.7521,0.0323,1.0,0.2619,0.4531,0.7506,0.4,,0.825,0.5,0.6019,,0.6994,0.0,"2,3,4,5",1.0,1.0,0.5,1.0,1.0,1.0,1.0,1.0,0.4545
2026-08-20,9468,ＫＡＤＯＫＡＷＡ,情報・通信業,35.4,0.4,除外,0.0,0.0,0.6667,0.3177,0.7858,,,,,0.9201,0.4681,0.9452,0.3333,0.4545,0.0526,0.2,0.9639,0.275,0.9043,1.0,"1,2,4",,,,,,,,,0.5636
2026-08-20,9470,学研ホールディングス,情報・通信業,37.33,0.0,除外,0.0,0.5172,0.4991,0.2632,0.587,0.3492,0.7436,0.0323,0.9436,0.4557,0.4757,0.5983,0.4667,0.0,0.0526,1.0,1.0,0.118,0.5558,0.6741,"1,2,3,4,5",,,,,,,,,0.0
2026-08-20,9474,ゼンリン,情報・通信業,22.56,0.0,除外,0.0,0.0,0.4459,,0.4563,,,,,0.2313,0.1242,0.8948,0.5333,0.0,0.2632,0.5,0.7127,0.1126,0.0,1.0,"1,2,3,4,5",,,,,,,,,
2026-08-20,9501,東京電力ホールディングス,電気・ガス業,33.38,0.2,除外,0.0,0.0,0.5765,,0.7586,,,,,0.5471,0.2374,0.8548,0.6667,0.0,0.0,0.5,0.9005,0.1513,0.9826,1.0,"1,2,3,4",,,,,,,,,
2026-08-20,9502,中部電力,電気・ガス業,41.66,0.2,除外,0.6835,0.5788,0.4564,0.2789,0.0852,0.7669,1.0,0.5484,0.0,0.4552,0.2742,0.8962,0.2,0.6,0.3158,0.2,0.0182,0.112,0.2107,0.0,"2,3,4,5",1.0,1.0,1.0,0.0,1.0,0.4683,1.0,0.0,0.0
2026-08-20,9503,関西電力,電気・ガス業,59.22,0.4,除外,0.5736,0.4467,0.6351,,0.7133,0.5599,0.619,0.5484,0.0594,0.7904,0.3392,0.8774,0.5333,0.2273,0.1579,0.2,1.0,0.1589,0.6943,1.0,"1,2,4",0.0,0.9516,0.5,1.0,0.9351,0.4021,0.5,0.3,
2026-08-20,9504,中国電力,電気・ガス業,53.83,0.2,除外,0.4205,0.5796,0.4433,,0.7097,0.5287,0.5238,0.5484,0.7176,0.306,0.3237,0.6768,0.4667,0.2273,0.0,0.5,0.978,0.1673,0.6932,1.0,"1,2,3,4",0.0,0.7722,0.0,1.0,0.4786,0.3131,0.5,0.3,
2026-08-20,9505,北陸電力,電気・ガス業,57.14,0.6,監視,0.6692,0.6312,0.5482,0.2913,0.7172,0.5004,0.4762,0.5484,1.0,0.4748,0.2566,0.8615,0.6,0.4545,0.2105,0.5,1.0,0.2019,0.667,1.0,"3,4",1.0,0.8708,0.5,1.0,0.7733,0.4094,0.5,0.3,0.0
2026-08-20,9506,東北電力,電気・ガス業,57.34,0.2,除外,0.885,0.4935,0.4896,0.4182,0.5807,0.2829,0.1429,0.5484,1.0,0.106,0.4657,0.7869,0.6,0.1818,0.7,0.5,1.0,0.1579,0.396,0.7688,"2,3,4,5",1.0,0.8693,0.5,1.0,0.9164,0.7943,1.0,1.0,0.2909
2026-08-20,9507,四国電力,電気・ガス業,59.62,0.6,監視,0.926,0.6139,0.3738,0.4284,0.6389,0.4788,0.4286,0.5484,1.0,0.0,0.5923,0.3031,0.6,0.5,0.85,0.2,1.0,0.5557,0.0,1.0,"3,4",1.0,1.0,0.5,1.0,1.0,0.9077,1.0,1.0,0.1636
2026-08-20,9508,九州電力,電気・ガス業,60.65,0.4,除外,0.9024,0.7291,0.4223,0.4347,0.5439,0.6061,0.7619,0.5484,1.0,0.1241,0.2238,0.8749,0.4667,0.2273,0.875,0.2,0.6515,0.1392,0.8192,0.5657,"3,4,5",1.0,1.0,0.5,1.0,1.0,0.719,1.0,1.0,0.4364
2026-08-20,9509,北海道電力,電気・ガス業,56.63,0.6,監視,0.0,0.7083,0.7187,,0.8384,0.5704,0.7143,0.5484,1.0,0.5707,0.506,0.9314,0.8667,0.2273,0.85,0.5,1.0,0.3535,1.0,1.0,"1,4",,,,,,,,,
2026-08-20,9511,沖縄電力,電気・ガス業,36.7,0.0,除外,0.0,0.4669,0.5456,0.3305,0.4919,0.2241,0.0952,0.5484,1.0,0.0,0.8899,0.6925,0.6,0.1364,0.8947,0.2,0.7643,0.2034,0.0,1.0,"1,2,3,4,5",,,,,,,,,0.0909
2026-08-20,9513,電源開発,電気・ガス業,57.22,0.4,除外,0.94,0.5156,0.5772,0.2163,0.612,0.6567,0.8571,0.5484,0.0,0.5727,0.2962,0.8399,0.6,0.4545,0.2105,0.2,1.0,0.3103,0.915,0.2226,"2,3,4",1.0,1.0,1.0,1.0,1.0,0.52,1.0,1.0,0.0
2026-08-20,9517,イーレックス,電気・ガス業,65.09,0.6,監視,0.7539,0.5362,0.5311,0.6017,0.8318,0.3582,0.2381,0.5484,1.0,0.4334,0.2102,0.7476,0.7333,0.6364,0.3158,1.0,1.0,0.3667,0.9604,1.0,"2,3",1.0,1.0,0.5,1.0,1.0,0.2313,1.0,0.3,0.4545
2026-08-20,9519,レノバ,電気・ガス業,66.58,0.4,除外,0.5969,0.5483,0.8061,0.5734,0.8043,0.6925,0.9524,0.5484,0.0,1.0,0.4889,0.9354,0.8,0.7727,0.4211,0.5,1.0,0.5024,0.7148,1.0,"1,2,4",1.0,0.6755,1.0,0.0,1.0,0.0,1.0,0.1,0.6
2026-08-20,9531,東京瓦斯,電気・ガス業,46.03,0.2,除外,0.2813,0.3492,0.5504,,0.6602,0.4676,0.381,0.5484,0.0,0.4584,0.386,0.6238,0.7333,0.2727,0.1053,0.5,1.0,0.1114,0.5296,1.0,"1,2,3,4",0.0,1.0,0.5,0.0,0.5896,0.0607,0.0,0.1,
2026-08-20,9532,大阪瓦斯,電気・ガス業,55.66,0.2,除外,0.5275,0.4992,0.4905,,0.7094,0.6389,0.8095,0.5484,0.0,0.4279,0.1649,0.7024,0.6667,0.2727,0.0,0.5,1.0,0.1511,0.6866,1.0,"1,2,3,4",0.0,1.0,0.5,0.0,1.0,0.2198,0.5,1.0,
2026-08-20,9533,東邦瓦斯,電気・ガス業,28.9,0.0,除外,0.248,0.3189,0.264,,0.3252,0.3939,0.3333,0.5484,0.0,0.0,0.4359,0.3534,0.2667,0.2273,0.925,0.5,0.8657,0.2412,0.194,0.0,"1,2,3,4,5",0.0,0.7806,0.5,0.0,0.3844,0.3186,0.0,0.0,
2026-08-20,9534,北海道瓦斯,電気・ガス業,62.49,0.4,除外,0.5721,0.474,0.6414,,0.812,0.5652,0.6667,0.5484,0.1158,0.7227,0.2738,0.9025,0.6667,0.5909,0.1579,0.2,1.0,0.2534,0.9947,1.0,"1,2,4",0.0,1.0,0.5,1.0,0.8925,0.3843,0.5,0.3,
2026-08-20,9536,西部ガスホールディングス,電気・ガス業,63.93,0.6,監視,0.8866,0.6686,0.5008,0.4154,0.725,0.5547,0.5714,0.5484,1.0,0.3471,0.3713,0.7516,0.5333,0.2727,0.0526,0.5,1.0,0.0708,0.829,1.0,"3,4",1.0,1.0,0.5,1.0,0.9632,0.6297,1.0,1.0,0.8364
2026-08-20,9543,静岡ガス,電気・ガス業,43.15,0.2,除外,0.3783,0.3064,0.2685,,0.7726,0.3917,0.2857,0.5484,0.0,0.1535,0.2603,0.4603,0.2,0.2727,0.2632,0.2,1.0,0.2352,0.8553,1.0,"1,2,3,4",0.0,0.931,0.5,1.0,0.3965,0.0985,0.0,0.1,
2026-08-20,9551,メタウォーター,電気・ガス業,44.43,0.2,除外,0.2923,0.5282,0.3081,,0.6485,0.6597,0.9048,0.5484,0.0,0.0377,0.1378,0.7235,0.3333,0.2273,0.2632,0.5,0.6637,0.1582,0.7721,1.0,"1,2,3,4",0.0,0.7967,0.5,0.0,0.5754,0.0667,0.0,0.4,
2026-08-20,9552,Ｍ＆Ａ総研ホールディングス,サービス業,33.54,0.4,除外,0.0,0.0,0.6494,0.2945,0.733,,,,,1.0,0.2212,0.7764,0.6,0.0,0.1053,1.0,0.9989,0.1714,0.7618,1.0,"1,2,4",,,,,,,,,0.0727
2026-08-20,9601,松竹,情報・通信業,13.81,0.0,除外,0.0,0.0,0.2052,,0.347,,,,,0.0,0.4217,0.2659,0.1333,0.0,0.0,0.5,0.3382,0.387,0.3005,0.3625,"1,2,3,4,5",,,,,,,,,
2026-08-20,9602,東宝,情報・通信業,26.33,0.0,除外,0.0,0.0,0.5743,,0.4789,,,,,0.2325,0.7906,0.8074,0.4667,0.0,0.775,0.2,0.5459,0.2109,0.1588,1.0,"1,2,3,4,5",,,,,,,,,
2026-08-20,9603,エイチ・アイ・エス,サービス業,20.69,0.2,除外,0.0,0.0,0.7605,,0.0671,,,,,1.0,0.5341,0.7747,0.7333,0.0,0.6842,1.0,0.1594,0.1089,0.0,0.0,"1,2,4,5",,,,,,,,,
2026-08-20,9605,東映,情報・通信業,50.87,0.2,除外,0.9052,0.3944,0.5102,,0.225,0.3701,0.7607,0.0323,0.4144,0.2382,0.4321,0.7037,0.6667,,0.9474,0.2,0.6351,,0.04,0.0,"2,3,4,5",1.0,0.9728,1.0,1.0,0.5566,0.7125,1.0,1.0,0.3091
2026-08-20,9616,共立メンテナンス,サービス業,35.89,0.4,除外,0.8679,0.0,0.2161,0.6373,0.0733,,,,,0.0261,0.4012,0.3037,0.1333,0.0,0.8947,1.0,0.2199,,0.0,0.0,"2,3,5",1.0,0.7948,0.5,1.0,1.0,0.6483,1.0,1.0,0.6545
2026-08-20,9621,建設技術研究所,サービス業,47.23,0.2,除外,0.8222,0.4751,0.2433,0.4057,0.4152,0.2688,0.5349,0.0968,1.0,0.0,0.3345,0.2388,0.4,0.2273,0.75,0.5,0.7533,0.1221,0.0834,0.7018,"2,3,4,5",1.0,0.8208,0.5,1.0,0.7164,0.5406,1.0,1.0,0.1455
2026-08-20,9627,アインホールディングス,小売業,21.0,0.0,除外,0.0,0.3169,0.2555,0.0763,0.4011,0.2539,0.4957,0.0645,0.4535,0.0,0.4318,0.1236,0.4667,0.0,0.1053,0.2,0.3969,0.1418,0.4617,0.6041,"1,2,3,4,5",,,,,,,,,0.0
2026-08-20,9663,ナガワ,サービス業,32.56,0.2,除外,0.0,0.0,0.7048,,0.5975,,,,,0.846,0.4402,0.9999,0.5333,0.0,0.2632,0.5,0.7952,0.0912,0.5037,1.0,"1,2,4,5",,,,,,,,,
2026-08-20,9672,東京都競馬,サービス業,29.47,0.2,除外,0.0,0.0,0.5521,,0.6267,,,,,0.6507,0.4561,0.7016,0.4,0.0,0.875,0.5,1.0,0.1614,0.3454,1.0,"1,2,3,4",,,,,,,,,
2026-08-20,9678,カナモト,サービス業,65.4,0.4,除外,0.9937,0.4347,0.6846,,0.5029,0.7349,0.907,0.0968,0.0,1.0,0.58,0.5584,0.6,,0.0,0.2,0.2603,0.4444,0.3069,1.0,"2,4,5",1.0,1.0,1.0,1.0,1.0,0.9496,1.0,1.0,0.0
2026-08-20,9682,ＤＴＳ,情報・通信業,10.84,0.0,除外,0.0,0.0,0.274,,0.1596,,,,,0.0094,0.1881,0.5653,0.3333,0.0,0.1053,1.0,0.5248,0.1138,0.0,0.0,"1,2,3,4,5",,,,,,,,,
2026-08-20,9684,スクウェア・エニックス・ホールディングス,情報・通信業,20.53,0.0,除外,0.0,0.0,0.3052,0.4605,0.2607,,,,,0.0,0.5543,0.0,0.6667,0.0,0.8421,1.0,0.7822,,0.0,0.0,"1,2,3,4,5",,,,,,,,,0.0
2026-08-20,9692,シーイーシー,情報・通信業,30.34,0.0,除外,0.0,0.467,0.5088,0.1809,0.3601,0.2204,0.6154,0.0323,1.0,0.4681,0.5322,0.7018,0.3333,0.0,0.1053,0.2,0.94,0.1604,0.34,0.0,"1,2,3,4,5",,,,,,,,,0.4182
2026-08-20,9697,カプコン,情報・通信業,18.65,0.0,除外,0.0,0.0,0.4487,,0.2971,,,,,0.0551,0.4297,0.8435,0.4667,,0.9,0.5,0.8376,,0.0,0.0538,"1,2,3,4,5",,,,,,,,,0.1636
2026-08-20,9699,ニシオホールディングス,サービス業,51.35,0.2,除外,0.7544,0.4502,0.5546,0.2619,0.5462,0.239,0.4651,0.0968,1.0,0.1047,0.7355,0.7782,0.6,0.0,0.775,0.2,0.8991,0.2858,0.0,1.0,"2,3,4,5",1.0,0.569,0.0,1.0,0.7498,0.7163,1.0,1.0,0.0727
2026-08-20,9706,日本空港ビルデング,不動産業,60.91,0.2,除外,0.9879,0.5435,0.471,,0.4341,0.4311,0.5814,0.1613,1.0,0.4005,0.3052,0.7116,0.4667,,0.825,0.2,0.9284,,0.3739,0.0,"2,3,4,5",1.0,1.0,1.0,1.0,1.0,0.9035,1.0,1.0,0.5273
2026-08-20,9708,帝国ホテル,サービス業,35.93,0.2,除外,0.0,0.185,0.4684,,0.7838,0.213,0.4302,0.0968,0.0,0.0414,0.2275,0.8714,0.7333,0.4091,0.3684,0.5,1.0,0.1351,1.0,1.0,"1,2,3,4",,,,,,,,,
2026-08-20,9715,トランス・コスモス,サービス業,29.97,0.0,除外,0.2444,0.2218,0.3968,,0.336,0.2673,0.5233,0.0968,0.0,0.0689,0.3628,0.9556,0.2,0.2273,0.2632,0.2,0.2151,0.1389,0.0,0.9899,"1,2,3,4,5",0.0,0.5997,0.5,0.0,0.1567,0.5985,0.0,0.1,
2026-08-20,9716,乃村工藝社,サービス業,63.44,0.6,監視,0.6664,0.6115,0.5455,,0.7143,0.5354,0.814,0.0968,1.0,0.4455,0.4188,0.9176,0.4,0.2273,0.0,0.2,0.9012,0.1333,0.8228,1.0,"3,4",0.0,1.0,0.5,1.0,1.0,0.3315,0.5,1.0,
2026-08-20,9722,藤田観光,サービス業,24.78,0.0,除外,0.0,0.0,0.4446,0.2562,0.5383,,,,,0.245,1.0,0.0,0.5333,0.0,0.825,0.2,1.0,0.1532,0.0,1.0,"1,2,3,4,5",,,,,,,,,0.0
2026-08-20,9735,セコム,サービス業,48.94,0.2,除外,0.7053,0.4522,0.4998,0.3184,0.4711,0.5071,0.7907,0.0968,0.4143,0.4093,0.4339,0.4227,0.7333,0.0,0.1053,0.2,0.4133,,0.0,1.0,"2,3,4,5",1.0,1.0,1.0,0.0,0.9114,0.6313,1.0,0.1,0.9684
2026-08-20,9743,丹青社,サービス業,43.64,0.4,除外,0.7559,0.3772,0.2381,0.1908,0.62,0.2725,0.5465,0.0968,0.593,0.0,0.1306,0.8218,0.0,0.0,0.2632,0.5,0.8316,0.1283,0.5201,1.0,"2,3,4",1.0,0.6483,0.5,1.0,0.3868,0.5123,1.0,1.0,0.0
2026-08-20,9744,メイテックグループホールディングス,サービス業,42.5,0.2,除外,0.718,0.4539,0.5445,0.0763,0.3325,0.242,0.4767,0.0968,1.0,0.4738,0.2908,0.8799,0.5333,0.0,0.1053,0.2,0.4606,0.1414,0.444,0.2842,"2,3,4,5",1.0,0.6818,0.0,1.0,0.4332,0.6291,1.0,1.0,0.0
2026-08-20,9746,ＴＫＣ,情報・通信業,22.09,0.0,除外,0.0,0.0,0.451,0.4813,0.1723,,,,,0.4235,0.2519,0.662,0.4667,0.0,0.925,1.0,0.3766,0.1231,0.0,0.1895,"1,2,3,4,5",,,,,,,,,0.0
2026-08-20,9755,応用地質,サービス業,28.5,0.4,除外,0.0,0.0,0.6309,0.1331,0.6611,,,,,0.9814,0.2601,0.6155,0.6667,0.2273,0.1053,0.2,1.0,0.1453,0.6522,0.8469,"1,2,4",,,,,,,,,0.0
2026-08-20,9757,船井総研ホールディングス,サービス業,25.31,0.2,除外,0.0,0.0,0.6759,0.1382,0.4514,,,,,0.6765,0.5092,0.9844,0.5333,0.0,0.0526,0.5,0.5404,0.115,0.1501,1.0,"1,2,4,5",,,,,,,,,0.0
2026-08-20,9759,ＮＳＤ,情報・通信業,15.33,0.0,除外,0.0,0.0,0.3915,,0.2216,,,,,0.1077,0.2691,0.9227,0.2667,0.0,0.0,0.5,0.2964,0.1281,0.1009,0.3611,"1,2,3,4,5",,,,,,,,,
2026-08-20,9766,コナミグループ,情報・通信業,18.93,0.0,除外,0.0,0.0,0.5064,0.1947,0.2452,,,,,0.3143,0.359,0.7524,0.6,0.0,0.5789,0.2,0.7668,0.214,0.0,0.0,"1,2,3,4,5",,,,,,,,,0.0
2026-08-20,9790,福井コンピュータホールディングス,情報・通信業,31.84,0.2,除外,0.0,0.2651,0.3802,,0.6282,0.3016,0.7265,0.0323,0.0,0.0421,0.4139,0.4646,0.6,0.5455,0.0,0.2,0.844,0.1944,0.4745,1.0,"1,2,3,4",,,,,,,,,
2026-08-20,9793,ダイセキ,サービス業,48.52,0.2,除外,0.5914,0.2431,0.5147,0.3336,0.7432,0.306,0.5698,0.0968,0.0,0.5414,0.2784,0.8388,0.4,0.7273,0.0526,0.5,0.8601,0.3309,0.7818,1.0,"1,2,3,4",1.0,1.0,0.5,0.0,0.8185,0.5125,0.5,0.4,0.0545
2026-08-20,9824,泉州電業,卸売業,53.93,0.4,除外,0.9282,0.4712,0.7377,0.4097,0.1496,0.7022,0.7957,0.3871,0.0,1.0,0.8156,0.7352,0.4,0.9545,0.1579,0.2,0.3218,0.2764,0.0,0.0,"2,4,5",1.0,1.0,1.0,1.0,1.0,0.7257,1.0,0.7,0.3263
2026-08-20,9828,Ｇｅｎｋｉ　Ｇｌｏｂａｌ　Ｄｉｎｉｎｇ　Ｃｏｎｃｅｐｔｓ,小売業,29.34,0.2,除外,0.7529,0.0,0.4618,0.2522,0.0,,,,,0.0,0.3362,0.9776,0.5333,0.0,0.2632,0.2,0.0,,0.0,0.0,"2,3,4,5",1.0,0.6586,0.5,1.0,0.9459,0.619,1.0,0.3,0.5455
2026-08-20,9830,トラスコ中山,卸売業,43.49,0.2,除外,0.6763,0.5277,0.2342,0.3165,0.4198,0.3902,0.3333,0.3871,1.0,0.0,0.4402,0.1633,0.3333,0.0909,0.775,0.2,0.9121,0.1308,0.6364,0.0,"2,3,4,5",1.0,0.5264,0.0,1.0,0.3609,0.5234,1.0,1.0,0.2
2026-08-20,9831,ヤマダホールディングス,小売業,53.65,0.6,監視,0.8655,0.6606,0.6219,0.1829,0.3516,0.6649,0.913,0.0645,1.0,0.6611,0.5737,0.8528,0.4,0.2,0.0,0.2,0.0549,,0.0,1.0,"4,5",1.0,1.0,1.0,1.0,1.0,0.624,1.0,0.3,0.3316
2026-08-20,9832,オートバックスセブン,卸売業,32.8,0.0,除外,0.0,0.2652,0.4543,,0.5925,0.2599,0.2043,0.3871,0.2097,0.3221,0.1098,0.7854,0.6,0.2273,0.0,0.5,0.8621,0.1575,0.3502,1.0,"1,2,3,4,5",,,,,,,,,
2026-08-20,9837,モリト,卸売業,51.8,0.4,除外,0.7863,0.3753,0.495,0.1817,0.7518,0.5443,0.5699,0.3871,0.0,0.1235,0.2511,0.9387,0.6667,0.2273,0.2632,0.2,0.9382,0.1481,0.9207,1.0,"2,3,4",1.0,1.0,0.5,1.0,0.7561,0.5341,0.5,1.0,0.0364
2026-08-20,9842,アークランズ,小売業,32.48,0.2,除外,0.7484,0.2654,0.1486,0.1086,0.3532,0.3448,0.6522,0.0645,0.0,0.0,0.1654,0.429,0.0,0.1818,0.0526,0.2,0.1428,0.0884,0.3444,0.837,"2,3,4,5",1.0,0.6618,1.0,1.0,0.2973,0.728,1.0,0.3,0.0
2026-08-20,9843,ニトリホールディングス,小売業,33.14,0.2,除外,0.7493,0.0,0.2733,0.4057,0.2284,,,,,0.0,0.378,0.1819,0.5333,0.1818,0.3684,1.0,0.444,0.1596,0.0,0.3101,"2,3,4,5",1.0,0.5175,0.0,1.0,1.0,0.4767,1.0,1.0,0.0727
2026-08-20,9861,吉野家ホールディングス,小売業,45.45,0.2,除外,0.9555,0.5427,0.3197,,0.0,0.4021,0.7043,0.0645,1.0,0.0,0.6771,0.6015,0.0,,0.925,0.5,0.0,,0.0,0.0,"2,3,4,5",1.0,1.0,1.0,1.0,0.9023,0.7416,1.0,1.0,0.4364
2026-08-20,9869,加藤産業,卸売業,54.77,0.2,除外,0.829,0.5015,0.4492,0.3807,0.5782,0.35,0.2688,0.3871,1.0,0.3147,0.3661,0.7158,0.4,0.4545,0.85,0.2,0.7595,0.2417,0.3115,1.0,"2,3,4,5",1.0,0.8927,0.5,1.0,0.5101,0.7295,1.0,1.0,0.0182
2026-08-20,9880,イノテック,電気機器,52.22,0.4,除外,0.7068,0.6537,0.3134,0.3449,0.5923,0.9211,0.7583,0.9355,0.0,0.1961,0.3909,0.0,0.6667,0.8636,0.3158,0.2,0.6239,0.4632,0.2823,1.0,"3,4,5",1.0,1.0,1.0,0.0,1.0,0.2541,1.0,0.4,0.0
2026-08-20,9882,イエローハット,卸売業,53.83,0.2,除外,0.6867,0.5553,0.5319,0.4426,0.4751,0.4289,0.4086,0.3871,0.9966,0.5106,0.32,0.9636,0.3333,0.4,0.3158,0.2,0.6047,,0.1573,0.6632,"2,3,4,5",1.0,0.9478,1.0,0.0,0.701,0.7448,1.0,0.1,0.8545
2026-08-20,9887,松屋フーズホールディングス,小売業,33.88,0.4,除外,0.0,0.0,0.6602,,0.6948,,,,,1.0,0.2711,0.9698,0.4,0.0909,0.0526,1.0,0.9293,0.1179,0.732,1.0,"1,2,4",,,,,,,,,
2026-08-20,9889,ＪＢＣＣホールディングス,情報・通信業,51.4,0.2,除外,0.9375,0.5245,0.4215,,0.1726,0.3306,0.735,0.0323,1.0,0.0,0.3614,0.7246,0.6,,0.8,0.5,0.5178,,0.0,0.0,"2,3,4,5",1.0,1.0,0.5,1.0,1.0,1.0,1.0,1.0,0.4182
2026-08-20,9900,サガミホールディングス,小売業,44.59,0.2,除外,0.9375,0.4327,0.4034,,0.01,0.2226,0.4435,0.0645,1.0,0.0,0.5663,0.4475,0.6,,0.875,1.0,0.0301,,0.0,0.0,"2,3,4,5",1.0,1.0,0.5,1.0,1.0,1.0,1.0,1.0,0.2545
2026-08-20,9902,日伝,卸売業,48.1,0.2,除外,0.9928,0.4585,0.3975,,0.0751,0.2532,0.1935,0.3871,1.0,0.1969,0.3917,0.8014,0.2,,0.775,1.0,0.2253,,0.0,0.0,"2,3,4,5",1.0,1.0,1.0,1.0,1.0,0.9423,1.0,1.0,0.4909
2026-08-20,9934,因幡電機産業,卸売業,61.04,0.4,除外,1.0,0.6402,0.4885,,0.3129,0.6232,0.6882,0.3871,0.8625,0.2361,0.5208,0.4638,0.7333,,1.0,0.2,0.9388,,0.0,0.0,"3,4,5",1.0,1.0,1.0,1.0,1.0,1.0,1.0,1.0,0.0
2026-08-20,9936,王将フードサービス,小売業,26.04,0.0,除外,0.0,0.0,0.5899,,0.4518,,,,,0.6364,0.3299,0.7934,0.6,0.2273,0.2105,1.0,0.5089,0.13,0.1684,1.0,"1,2,3,4,5",,,,,,,,,
2026-08-20,9946,ミニストップ,小売業,26.04,0.0,除外,0.0,0.1751,0.2804,,0.586,0.21,0.4261,0.0645,0.0,0.0,0.2224,0.6992,0.2,0.0,0.0526,0.2,0.5684,0.1269,0.6488,1.0,"1,2,3,4,5",,,,,,,,,
2026-08-20,9948,アークス,小売業,52.93,0.2,除外,0.837,0.5486,0.5312,0.2132,0.5164,0.408,0.7217,0.0645,1.0,0.4919,0.4765,0.7565,0.4,0.1818,0.0526,0.2,0.3631,0.1342,0.5683,1.0,"2,3,4,5",1.0,1.0,0.5,1.0,0.6257,0.5705,1.0,1.0,0.4182
2026-08-20,9956,バローホールディングス,小売業,27.96,0.0,除外,0.2896,0.3709,0.2238,,0.234,0.5495,0.8696,0.0645,0.0,0.0,0.0563,0.5721,0.2667,0.5,0.3158,0.2,0.0362,0.1644,0.5493,0.1861,"1,2,3,4,5",0.0,1.0,0.5,0.0,0.5586,0.2579,0.0,0.0,
2026-08-20,9960,東テク,卸売業,36.63,0.0,除外,0.413,0.5882,0.1773,,0.2866,0.6835,0.7634,0.3871,0.5187,0.0,0.2426,0.0,0.4667,0.2273,0.1579,0.2,0.5022,0.1251,0.3603,0.1586,"1,2,3,4,5",0.0,1.0,0.5,0.0,0.9734,0.3304,0.5,0.0,
2026-08-20,9962,ミスミグループ本社,卸売業,56.29,0.4,除外,0.8825,0.5892,0.3475,0.3895,0.6058,0.8727,0.9677,0.3871,0.1291,0.0,0.5193,0.6039,0.2667,0.8,0.1579,0.2,0.3098,,0.5076,1.0,"2,3,4",1.0,1.0,1.0,1.0,1.0,0.6599,1.0,0.4,0.4
2026-08-20,9974,ベルク,小売業,21.65,0.0,除外,0.0,0.0,0.3612,,0.5049,,,,,0.2927,0.1729,0.9127,0.0667,0.2273,0.0526,0.2,0.4786,0.1076,0.4335,1.0,"1,2,3,4,5",,,,,,,,,
2026-08-20,9983,ファーストリテイリング,小売業,51.6,0.4,除外,0.6887,0.4402,0.3792,0.4395,0.6326,0.7483,0.9478,0.0645,0.0,0.2129,0.3609,0.8763,0.0667,0.8,0.5263,0.2,0.1951,0.4444,0.891,1.0,"2,3,4",1.0,1.0,1.0,0.0,1.0,0.5094,1.0,0.0,0.2316
2026-08-20,9984,ソフトバンクグループ,情報・通信業,55.78,0.4,除外,0.6524,0.4834,0.7026,0.3786,0.5719,0.9099,0.9915,0.0323,0.0,1.0,0.4244,0.6527,0.7333,0.8182,0.1053,0.5,0.3101,0.3705,0.6075,0.9994,"2,4,5",1.0,0.8194,1.0,0.0,1.0,0.0,1.0,0.4,0.0909
2026-08-20,9987,スズケン,卸売業,30.02,0.2,除外,0.0,0.0,0.7359,,0.465,,,,,1.0,0.4315,0.7789,0.7333,0.2273,0.3158,0.5,0.684,0.1335,0.0424,1.0,"1,2,4,5",,,,,,,,,
2026-08-20,9989,サンドラッグ,小売業,26.94,0.2,除外,0.0,0.0,0.7184,,0.3593,,,,,0.9579,0.6027,0.9132,0.4,0.0,0.2105,1.0,0.3537,0.0837,0.0,1.0,"1,2,4,5",,,,,,,,,
2026-08-20,9997,ベルーナ,小売業,45.23,0.2,除外,0.7482,0.5513,0.4765,0.2972,0.1884,0.4103,0.7304,0.0645,1.0,0.0,0.2444,0.8617,0.8,0.2,0.0526,0.5,0.4884,,0.0,0.0768,"2,3,4,5",1.0,0.649,0.5,1.0,0.8003,0.736,1.0,0.3,0.4364
