date,code,name,sector,dcs,coverage,category,dim1,dim2,dim3,dim4,dim5,part_3-a,part_3-b,part_3-c,part_3-d,part_4-a,part_4-c,part_4-d,part_5-a,part_5-b,part_5-c,part_5-d,missing,part_1-a,part_1-b,part_1-c,part_1-d,part_1-e,part_1-f,part_1-g,part_1-h,part_2-a,part_2-b,part_2-c,part_2-d,part_4-b
2026-08-18,1301,極洋,水産・農林業,28.53,0.2,除外,0.0,0.0,0.4536,,0.6878,0.5849,0.2259,0.5369,0.4667,0.2273,0.2105,0.2,1.0,0.1245,0.6266,1.0,"1,2,3,4",,,,,,,,,,,,,
2026-08-18,1332,ニッスイ,水産・農林業,48.15,0.2,除外,0.4032,0.5426,0.3128,,0.6674,0.0758,0.4753,0.3,0.4,0.2273,0.2105,0.2,0.9116,0.1364,0.6216,1.0,"1,2,3,4",0.0,1.0,0.5,0.0,1.0,0.2256,0.5,0.0,0.6544,1.0,0.5161,0.0,
2026-08-18,1333,マルハニチロ,水産・農林業,46.09,0.2,除外,0.3842,0.5042,0.3505,,0.6045,0.2322,0.3684,0.4013,0.4,0.2273,0.2105,1.0,1.0,0.136,0.2821,1.0,"1,2,3,4",0.0,1.0,0.5,0.0,0.7497,0.2242,0.5,0.1,0.5465,0.8,0.5161,0.1543,
2026-08-18,1377,サカタのタネ,水産・農林業,54.1,0.4,除外,0.8867,0.5527,0.759,0.2163,0.2904,0.4884,0.649,0.9652,0.9333,0.4545,0.2105,0.2,0.1395,0.3683,0.6539,0.0,"2,4,5",1.0,1.0,1.0,1.0,0.9882,0.8052,1.0,0.3,0.515,0.6,0.5161,0.5797,0.0
2026-08-18,1379,ホクト,水産・農林業,37.03,0.2,除外,0.6385,0.4119,0.4446,0.05,0.3065,0.4026,0.5487,0.2939,0.5333,0.0,0.0,0.2,0.7513,0.1236,0.2417,0.1096,"2,3,4,5",1.0,0.6031,0.0,1.0,0.3971,0.8078,1.0,0.3,0.3013,0.4,0.5161,0.4301,0.0
2026-08-18,1407,ウエストホールディングス,建設業,62.21,0.4,除外,0.9287,0.431,0.4763,0.5937,0.6806,0.4657,0.3566,0.4827,0.6,0.7273,0.6842,0.2,0.7936,0.3333,0.5956,1.0,"2,3,4",1.0,1.0,1.0,1.0,1.0,0.4299,1.0,1.0,0.5705,0.4118,0.7419,0.0,0.7632
2026-08-18,1414,ショーボンドホールディングス,建設業,40.9,0.2,除外,0.4087,0.3287,0.2931,,0.6054,0.1294,0.2807,0.429,0.3333,0.0909,0.1053,0.5,0.974,0.1967,0.2508,1.0,"1,2,3,4",0.0,0.8275,0.5,1.0,0.2652,0.3769,0.0,0.3,0.3103,0.1618,0.7419,0.1008,
2026-08-18,1417,ミライト・ワン,建設業,41.31,0.0,除外,0.4126,0.4972,0.311,,0.4316,0.3058,0.2153,0.3897,0.3333,0.6818,0.825,0.5,1.0,0.3926,0.3338,0.0,"1,2,3,4,5",0.0,1.0,0.5,0.0,0.9833,0.3179,0.5,0.0,0.6732,0.5735,0.7419,0.0,
2026-08-18,1419,タマホーム,建設業,25.12,0.0,除外,0.0,0.0,0.4364,,0.5686,1.0,0.1703,0.1753,0.4,0.4545,0.1053,0.5,0.5667,0.2956,0.4121,1.0,"1,2,3,4,5",,,,,,,,,,,,,
2026-08-18,141A,トライアルホールディングス,小売業,62.46,0.8,本命,0.75,0.6397,0.7869,0.2212,0.7251,1.0,0.4208,0.8601,0.8667,0.2273,0.4211,0.2,1.0,0.2286,0.6718,1.0,4,1.0,1.0,0.5,1.0,1.0,0.0,0.5,1.0,0.584,0.8783,0.0968,1.0,0.0364
2026-08-18,1514,住石ホールディングス,鉱業,37.0,0.4,除外,0.0,0.0,0.6927,,0.7872,0.7335,0.451,0.6531,0.9333,0.3182,0.2632,1.0,1.0,0.1487,1.0,1.0,"1,2,4",,,,,,,,,,,,,
2026-08-18,1515,日鉄鉱業,鉱業,58.35,0.4,除外,0.8125,0.8136,0.5288,0.4641,0.2984,0.5112,0.5551,0.3823,0.6667,0.1364,0.9474,0.5,1.0,0.1937,0.0,0.0,"3,4,5",1.0,1.0,0.5,1.0,1.0,0.0,1.0,1.0,0.7511,0.6,0.9032,1.0,0.2727
2026-08-18,1518,三井松島ホールディングス,その他製品,56.25,0.4,除外,0.9857,0.7194,0.545,,0.0,0.0,0.8637,0.7162,0.6,,0.425,0.2,0.0,,0.0,0.0,"3,4,5",1.0,1.0,1.0,1.0,1.0,0.8858,1.0,1.0,0.7121,0.875,0.2903,1.0,0.9895
2026-08-18,1605,ＩＮＰＥＸ,鉱業,59.25,0.8,本命,0.6668,0.6718,0.64,0.2667,0.717,0.5774,0.5399,0.5093,0.9333,0.4091,0.1579,0.5,1.0,0.1434,0.7247,1.0,4,1.0,1.0,0.5,1.0,1.0,0.0343,0.5,0.3,0.7841,1.0,0.9032,0.0,0.0
2026-08-18,1662,石油資源開発,鉱業,64.71,0.6,監視,0.625,0.6171,0.5657,,0.7805,0.5292,0.4802,0.3866,0.8667,0.4091,0.0,1.0,1.0,0.1251,0.9971,1.0,"3,4",0.0,1.0,0.5,1.0,1.0,0.0,0.5,1.0,0.7654,0.8,0.9032,0.0,
2026-08-18,1663,Ｋ＆Ｏエナジーグループ,鉱業,54.9,0.4,除外,0.2969,0.4647,0.6594,,0.7751,0.6791,0.3066,0.7851,0.8667,0.3182,0.0,1.0,1.0,0.1005,1.0,1.0,"1,2,4",0.0,0.9948,0.5,0.0,0.8808,0.0,0.0,0.0,0.5555,0.4,0.9032,0.0,
2026-08-18,166A,タスキホールディングス,不動産業,68.0,0.6,監視,0.9173,0.7237,0.8118,0.4158,0.5314,0.7385,1.0,0.9087,0.6,1.0,0.1053,0.2,0.0,0.3709,0.7547,1.0,"4,5",1.0,1.0,1.0,1.0,1.0,0.6384,1.0,0.7,0.7571,0.9762,0.1613,1.0,0.3579
2026-08-18,167A,リョーサン菱洋ホールディングス,卸売業,30.65,0.0,除外,0.0,0.4359,0.4328,0.3311,0.3327,0.1466,0.4583,0.393,0.7333,0.2273,0.5789,0.5,0.8213,0.2006,0.0,0.3089,"1,2,3,4,5",,,,,,,,,0.2804,0.2174,0.3871,0.8588,0.0182
2026-08-18,1719,安藤・間,建設業,53.87,0.4,除外,0.6122,0.4891,0.2963,,0.7571,0.1122,0.4707,0.1358,0.4667,0.2273,0.1053,1.0,1.0,0.103,0.9254,1.0,"2,3,4",0.0,0.9077,0.5,1.0,0.5857,0.4044,0.5,1.0,0.4948,0.3676,0.7419,0.3522,
2026-08-18,1720,東急建設,建設業,42.45,0.2,除外,0.1987,0.3391,0.4501,,0.71,0.407,0.3842,0.3427,0.6667,0.2273,0.2105,0.2,1.0,0.123,0.7172,1.0,"1,2,3,4",0.0,0.7273,0.5,0.0,0.3624,0.0,0.0,0.0,0.3643,0.25,0.7419,0.0,
2026-08-18,1721,コムシスホールディングス,建設業,54.05,0.4,除外,0.6869,0.5445,0.3605,0.3086,0.8017,0.2771,0.1672,0.5313,0.4667,0.6818,0.0526,0.5,1.0,0.2068,1.0,1.0,"2,3,4",1.0,1.0,1.0,0.0,1.0,0.5955,0.5,0.4,0.7301,0.7059,0.7419,0.0,0.0
2026-08-18,1723,日本電技,建設業,49.77,0.2,除外,0.425,0.6289,0.4181,,0.5188,0.0,0.2992,0.9065,0.4667,0.2273,0.1579,0.5,0.4884,0.1626,0.4242,1.0,"1,3,4,5",0.0,1.0,0.5,0.0,1.0,0.0,0.5,0.4,0.8471,0.9265,0.7419,0.0,
2026-08-18,1762,高松コンストラクショングループ,建設業,52.81,0.4,除外,0.8738,0.6417,0.4292,0.275,0.4208,0.3768,0.2795,0.5273,0.5333,0.0,0.9,0.2,1.0,0.1333,0.5498,0.0,"3,4,5",1.0,1.0,0.5,1.0,0.9141,0.576,1.0,1.0,0.4865,0.3382,0.7419,1.0,0.0
2026-08-18,1766,東建コーポレーション,建設業,30.88,0.2,除外,0.0,0.0,0.6374,,0.5979,0.4959,0.509,0.7447,0.8,0.0909,0.1579,0.2,0.6946,0.1361,0.561,1.0,"1,2,4,5",,,,,,,,,,,,,
2026-08-18,1786,オリエンタル白石,建設業,19.96,0.2,除外,0.0,0.0,0.1808,,0.6176,0.0,0.3233,0.0,0.4,0.0,0.0,0.5,0.9786,0.2149,0.2771,1.0,"1,2,3,4",,,,,,,,,,,,,
2026-08-18,1801,大成建設,建設業,56.6,0.4,除外,0.3125,0.5665,0.6597,,0.7253,0.9726,0.4504,0.5491,0.6667,0.2273,0.4737,0.5,1.0,0.149,0.7523,1.0,"1,2,4",0.0,1.0,0.5,0.0,1.0,0.0,0.0,0.0,0.7594,0.7647,0.7419,0.0,
2026-08-18,1802,大林組,建設業,46.63,0.2,除外,0.3125,0.502,0.4241,,0.6265,0.6053,0.2501,0.3744,0.4667,0.2273,0.2105,1.0,1.0,0.1308,0.3752,1.0,"1,2,3,4",0.0,1.0,0.5,0.0,1.0,0.0,0.0,0.0,0.6777,0.5882,0.7419,0.0,
2026-08-18,1803,清水建設,建設業,48.82,0.2,除外,0.3125,0.5293,0.3639,,0.747,0.1009,0.164,0.5907,0.6,0.2273,0.5263,0.2,1.0,0.2076,0.7803,1.0,"1,2,3,4",0.0,1.0,0.5,0.0,1.0,0.0,0.0,0.0,0.7136,0.6618,0.7419,0.0,
2026-08-18,1808,長谷工コーポレーション,建設業,53.52,0.2,除外,0.5095,0.4576,0.5565,,0.6172,0.6109,0.4128,0.7356,0.4667,0.2273,0.2632,0.2,1.0,0.1224,0.3922,0.9541,"1,2,3,4",0.0,0.9948,0.5,1.0,0.814,0.1673,0.5,0.1,0.542,0.3824,0.7419,0.1642,
2026-08-18,1812,鹿島建設,建設業,37.58,0.0,除外,0.3125,0.5149,0.2323,,0.4436,0.3509,0.245,0.0,0.3333,0.1364,0.4211,0.5,1.0,0.1435,0.1785,0.4522,"1,2,3,4,5",0.0,1.0,0.5,0.0,1.0,0.0,0.0,0.0,0.7001,0.6176,0.7419,0.0,
2026-08-18,1813,不動テトラ,建設業,52.37,0.2,除外,0.458,0.371,0.519,,0.7467,0.2373,0.3726,0.6663,0.8,0.2273,0.2105,0.5,1.0,0.1601,0.8267,1.0,"1,2,3,4",0.0,0.6221,0.5,1.0,0.5419,0.0,0.0,1.0,0.4333,0.3088,0.7419,0.0,
2026-08-18,1814,大末建設,建設業,49.58,0.4,除外,0.8457,0.8115,0.1532,0.1463,0.522,0.0,0.2795,0.0,0.3333,0.2273,0.1579,0.2,1.0,0.1648,0.5438,0.3795,"3,4,5",1.0,1.0,0.5,1.0,1.0,0.2659,1.0,1.0,0.7541,0.75,0.7419,1.0,0.0
2026-08-18,1815,鉄建建設,建設業,38.56,0.2,除外,0.375,0.5341,0.0301,,0.6032,0.0,0.0538,0.0,0.0667,0.0909,0.1053,1.0,0.8322,0.1246,0.4561,1.0,"1,2,3,4",0.0,1.0,0.5,0.0,1.0,0.0,0.5,0.0,0.7181,0.6765,0.7419,0.0,
2026-08-18,1820,西松建設,建設業,46.41,0.2,除外,0.4093,0.3295,0.4017,,0.7158,0.3083,0.4226,0.2756,0.6,0.2273,0.0,0.5,1.0,0.1315,0.7316,1.0,"1,2,3,4",0.0,0.6111,0.5,1.0,0.3002,0.1634,0.0,0.7,0.3553,0.2206,0.7419,0.0,
2026-08-18,1822,大豊建設,建設業,32.63,0.0,除外,0.0,0.5037,0.5677,0.195,0.3649,0.2943,0.5941,0.8491,0.5333,0.2273,0.0526,0.5,0.4347,0.1667,0.8584,0.0,"1,2,3,4,5",,,,,,,,,0.2294,0.1029,0.7419,0.9405,0.0
2026-08-18,1833,奥村組,建設業,40.88,0.2,除外,0.3377,0.4305,0.1381,,0.7289,0.1046,0.0812,0.1667,0.2,0.2273,0.0,0.2,1.0,0.1205,0.7952,1.0,"1,2,3,4",0.0,1.0,0.5,0.0,0.8689,0.0324,0.0,0.3,0.5525,0.3971,0.7419,0.0303,
2026-08-18,1835,東鉄工業,建設業,36.39,0.2,除外,0.0,0.298,0.454,,0.7037,0.7619,0.2659,0.2549,0.5333,0.2273,0.2632,1.0,1.0,0.2003,0.6147,1.0,"1,2,3,4",,,,,,,,,0.3028,0.1471,0.7419,0.0,
2026-08-18,1852,淺沼組,建設業,55.8,0.2,除外,0.476,0.5979,0.5098,,0.6483,0.4479,0.755,0.3695,0.4667,0.2273,0.85,0.5,1.0,0.0902,0.5032,1.0,"1,2,3,4",0.0,0.6275,0.0,1.0,0.6443,0.0361,0.5,1.0,0.3703,0.2794,0.7419,1.0,
2026-08-18,1860,戸田建設,建設業,50.2,0.2,除外,0.6384,0.5728,0.2857,0.4465,0.5665,0.3526,0.153,0.6371,0.0,0.9545,0.6316,0.2,1.0,0.1611,0.8295,0.2754,"2,3,4,5",1.0,1.0,1.0,0.0,1.0,0.607,0.5,0.0,0.7699,0.7794,0.7419,0.0,0.0
2026-08-18,1861,熊谷組,建設業,37.92,0.0,除外,0.2646,0.4733,0.223,,0.5559,0.0866,0.2053,0.0,0.6,0.2273,0.2632,0.5,0.9523,0.121,0.1505,1.0,"1,2,3,4,5",0.0,1.0,0.5,0.0,0.5172,0.0,0.0,0.1,0.6364,0.5147,0.7419,0.0,
2026-08-18,186A,アストロスケールホールディングス,サービス業,51.14,0.2,除外,0.775,0.4472,0.549,0.2722,0.5137,1.0,0.0,0.5958,0.6,0.8182,0.0526,0.2,0.8079,0.5492,0.3916,0.3062,"2,3,4,5",1.0,1.0,1.0,1.0,1.0,0.0,0.5,0.7,0.7421,0.9176,0.129,0.0,0.0182
2026-08-18,1870,矢作建設工業,建設業,33.21,0.0,除外,0.0,0.4408,0.3222,,0.5655,0.2291,0.4599,0.0,0.6,0.2273,0.1053,0.2,1.0,0.1179,0.1442,1.0,"1,2,3,4,5",,,,,,,,,0.3231,0.1765,0.7419,0.5216,
2026-08-18,1871,ピーエス・コンストラクション,建設業,64.45,0.4,除外,0.5625,0.5655,0.6713,,0.7789,0.9373,0.3907,0.6904,0.6667,0.2273,0.0526,1.0,1.0,0.3119,0.8036,1.0,"1,2,4",0.0,1.0,0.5,1.0,1.0,0.0,0.0,1.0,0.473,0.3235,0.7419,0.7234,
2026-08-18,1878,大東建託,不動産業,38.15,0.2,除外,0.6114,0.226,0.4549,0.2031,0.4121,0.6154,0.2922,0.7119,0.2,0.4545,0.1579,0.2,0.2991,0.25,0.0994,1.0,"2,3,4,5",1.0,0.7218,0.5,1.0,0.4443,0.425,0.5,0.3,0.2339,0.2381,0.1613,0.2709,0.0
2026-08-18,1879,新日本建設,建設業,51.22,0.4,除外,0.9824,0.397,0.3275,0.2432,0.6111,0.0,0.6432,0.0,0.6667,0.7727,0.0,0.2,1.0,0.4444,0.0,1.0,"2,3,4",1.0,1.0,1.0,1.0,0.9682,0.891,1.0,1.0,0.4933,0.3529,0.7419,0.0,0.0
2026-08-18,1882,東亜道路工業,建設業,49.29,0.2,除外,0.3834,0.511,0.3165,,0.7606,0.1986,0.2759,0.5916,0.2,0.2273,0.1579,0.5,1.0,0.1695,0.873,1.0,"1,2,3,4",0.0,0.7255,0.5,1.0,0.271,0.2705,0.0,0.3,0.2841,0.1324,0.7419,0.8856,
2026-08-18,1885,東亜建設工業,建設業,45.08,0.2,除外,0.0,0.4427,0.5642,,0.7963,0.8665,0.3804,0.4763,0.5333,0.2273,0.2105,0.5,1.0,0.1852,1.0,1.0,"1,2,3,4",,,,,,,,,0.5877,0.4412,0.7419,0.0,
2026-08-18,1887,日本国土開発,建設業,48.46,0.2,除外,0.3974,0.3437,0.4846,,0.7129,0.0,0.4072,0.7981,0.7333,0.2273,0.0,0.2,1.0,0.1001,0.7513,1.0,"1,2,3,4",0.0,0.5335,0.5,1.0,0.4454,0.0,0.0,0.7,0.3681,0.2647,0.7419,0.0,
2026-08-18,1893,五洋建設,建設業,37.83,0.2,除外,0.3125,0.6009,0.1983,,0.4016,0.2009,0.1925,0.0,0.4,0.2273,1.0,0.2,1.0,0.1196,0.4867,0.0,"1,3,4,5",0.0,1.0,0.5,0.0,1.0,0.0,0.0,0.0,0.8088,0.8529,0.7419,0.0,
2026-08-18,1898,世紀東急工業,建設業,26.65,0.2,除外,0.0,0.3254,0.1039,,0.6366,0.0738,0.2085,0.0,0.1333,0.2273,0.0526,1.0,1.0,0.1085,0.4378,1.0,"1,2,3,4",,,,,,,,,0.2084,0.0882,0.7419,0.263,
2026-08-18,1899,福田組,建設業,60.63,0.4,除外,0.9375,0.7599,0.1846,,0.5431,0.0,0.3383,0.0,0.4,,0.8947,0.2,0.9752,0.1972,0.0,1.0,"3,4,5",1.0,1.0,0.5,1.0,1.0,1.0,1.0,1.0,0.6949,0.6029,0.7419,1.0,0.0182
2026-08-18,1909,日本ドライケミカル,機械,76.65,0.8,本命,0.7831,0.681,0.6871,,0.9147,1.0,0.4988,0.5832,0.6667,,0.5263,0.2,1.0,0.6588,1.0,1.0,4,1.0,1.0,1.0,0.0,1.0,0.8644,1.0,0.4,0.9573,0.9278,0.8387,0.0,0.0
2026-08-18,1911,住友林業,建設業,27.54,0.2,除外,0.0,0.0,0.4904,,0.611,0.6199,0.4262,0.449,0.4667,0.1364,0.2105,0.5,0.7594,0.1394,0.5452,1.0,"1,2,3,4",,,,,,,,,,,,,
2026-08-18,1925,大和ハウス工業,建設業,28.31,0.0,除外,0.0,0.0,0.5685,,0.564,0.6897,0.4409,0.6766,0.4667,0.2273,0.1579,0.2,0.681,0.13,0.4451,1.0,"1,2,3,4,5",,,,,,,,,,,,,
2026-08-18,1926,ライト工業,建設業,37.22,0.0,除外,0.4492,0.4551,0.246,,0.3386,0.0262,0.691,0.0,0.2667,0.2273,0.8947,0.2,0.6513,0.1399,0.5632,0.0,"1,2,3,4,5",0.0,1.0,1.0,0.0,0.6635,0.4305,0.5,0.0,0.6079,0.4706,0.7419,0.0,
2026-08-18,1928,積水ハウス,建設業,45.33,0.0,除外,0.4632,0.5108,0.5297,,0.3097,0.6213,0.4185,0.8791,0.2,0.2273,0.1579,0.2,0.639,0.1373,0.0135,0.449,"1,2,3,4,5",0.0,0.7706,0.5,1.0,0.2571,0.5776,0.5,0.1,0.3358,0.1912,0.7419,0.7743,
2026-08-18,1929,日特建設,建設業,38.82,0.2,除外,0.0,0.2913,0.5337,,0.7277,0.1385,0.4467,0.8831,0.6667,0.2273,0.0,0.5,1.0,0.1564,0.7544,1.0,"1,2,3,4",,,,,,,,,0.2466,0.1176,0.7419,0.059,
2026-08-18,1934,ユアテック,建設業,33.25,0.2,除外,0.0,0.3344,0.3262,,0.6694,0.0,0.4475,0.3238,0.5333,0.2273,0.0526,0.2,0.9152,0.136,0.6264,1.0,"1,2,3,4",,,,,,,,,0.3606,0.2353,0.7419,0.0,
2026-08-18,1938,日本リーテック,建設業,39.08,0.0,除外,0.3551,0.4683,0.3054,,0.4344,0.0,0.5548,0.0,0.6667,0.2273,0.675,0.2,1.0,0.1357,0.6019,0.0,"1,2,3,4,5",0.0,1.0,0.5,0.0,0.8412,0.0,0.5,0.0,0.6312,0.5,0.7419,0.0,
2026-08-18,1939,四電工,建設業,63.2,0.6,監視,0.9902,0.7303,0.4741,0.2963,0.669,0.2442,0.409,0.643,0.6,0.2273,0.4737,0.2,1.0,0.4768,0.3967,0.8023,"3,4",1.0,1.0,1.0,1.0,1.0,0.9212,1.0,1.0,0.7009,0.6324,0.7419,0.846,0.2842
2026-08-18,1941,中電工,建設業,63.42,0.4,除外,0.7918,0.6628,0.5882,,0.494,0.6895,0.5602,0.6364,0.4667,1.0,,0.2,0.612,0.3889,0.9752,0.0,"3,4,5",1.0,1.0,1.0,0.0,1.0,0.5423,1.0,,0.7129,0.6471,0.7419,0.5495,0.0
2026-08-18,1942,関電工,建設業,37.98,0.2,除外,0.375,0.6185,0.2156,,0.3103,0.0,0.0168,0.5788,0.2667,0.6818,0.4737,0.5,0.5293,0.3134,0.3983,0.0,"1,3,4,5",0.0,1.0,0.5,0.0,1.0,0.0,0.5,0.0,0.8351,0.8971,0.7419,0.0,
2026-08-18,1944,きんでん,建設業,49.32,0.2,除外,0.4001,0.6626,0.393,,0.517,0.0901,0.5768,0.5716,0.3333,0.2273,0.3684,0.2,0.7274,0.1474,0.6439,0.5492,"1,3,4,5",0.0,1.0,0.5,0.0,1.0,0.2009,0.5,0.0,0.8051,0.8382,0.7419,0.2652,
2026-08-18,1945,東京エネシス,建設業,58.43,0.4,除外,0.6738,0.5491,0.5996,0.3872,0.7119,0.9468,0.1605,0.6912,0.6,0.8182,0.1579,0.5,0.8155,0.2551,0.777,1.0,"2,3,4",1.0,1.0,1.0,0.0,0.9209,0.0692,1.0,0.4,0.7339,0.7206,0.7419,0.0,0.0727
2026-08-18,1946,トーエネック,建設業,51.54,0.2,除外,0.5982,0.59,0.3649,0.249,0.7747,0.1021,0.1106,0.6468,0.6,0.6364,0.1053,0.2,0.9439,0.4529,0.8852,0.8168,"1,2,3,4",1.0,1.0,0.5,0.0,1.0,0.3855,0.5,0.4,0.7946,0.8235,0.7419,0.0,0.0545
2026-08-18,1950,日本電設工業,建設業,51.24,0.2,除外,0.375,0.5556,0.4402,,0.679,0.1531,0.3473,0.7271,0.5333,0.2273,0.975,0.5,0.8698,0.1472,0.6988,1.0,"1,2,3,4",0.0,1.0,0.5,0.0,1.0,0.0,0.5,0.0,0.7451,0.7353,0.7419,0.0,
2026-08-18,1951,エクシオグループ,建設業,42.17,0.0,除外,0.4897,0.4857,0.2506,,0.4609,0.2827,0.3585,0.1613,0.2,0.2273,0.0,0.2,0.8492,0.2777,0.7166,0.0,"1,2,3,4,5",0.0,1.0,0.5,0.0,1.0,0.5175,0.5,0.4,0.6567,0.5441,0.7419,0.0,
2026-08-18,1952,新日本空調,建設業,30.0,0.0,除外,0.2455,0.4818,0.1401,,0.3326,0.0,0.0938,0.0,0.4667,0.2273,0.3684,0.2,0.8513,0.1278,0.3006,0.0507,"1,2,3,4,5",0.0,0.9699,0.5,0.0,0.494,0.0,0.0,0.0,0.6559,0.5294,0.7419,0.0,
2026-08-18,1959,クラフティア,建設業,39.11,0.0,除外,0.3108,0.4905,0.5219,,0.2413,0.2262,0.2776,0.9839,0.6,0.2273,0.6842,0.2,0.3857,0.1283,0.2236,0.2277,"1,2,3,4,5",0.0,1.0,0.5,0.0,0.8895,0.097,0.0,0.0,0.6612,0.5588,0.7419,0.0,
2026-08-18,1961,三機工業,建設業,43.45,0.2,除外,0.5681,0.6681,0.2247,0.4361,0.2757,0.0,0.4815,0.1505,0.2667,1.0,0.5263,0.2,0.3794,0.1111,0.6121,0.0,"1,3,4,5",1.0,1.0,1.0,0.0,1.0,0.0451,0.5,0.0,0.8478,0.9412,0.7419,0.1415,0.0182
2026-08-18,1963,日揮ホールディングス,建設業,53.42,0.6,監視,0.6355,0.6227,0.6145,0.2013,0.5972,0.566,0.3918,0.9001,0.6,0.5,0.1053,0.2,1.0,0.3889,1.0,0.0,"4,5",1.0,1.0,1.0,0.0,1.0,0.1841,0.5,0.4,0.837,0.9118,0.7419,0.0,0.0
2026-08-18,1964,中外炉工業,建設業,37.21,0.2,除外,0.0,0.3619,0.439,,0.6873,0.0,0.3198,0.903,0.5333,0.2273,0.1053,0.5,0.9809,0.1235,0.6449,1.0,"1,2,3,4",,,,,,,,,0.4115,0.2941,0.7419,0.0,
2026-08-18,1965,テクノ菱和,建設業,47.88,0.2,除外,0.625,0.5841,0.1947,,0.5112,0.0,0.3123,0.0,0.4667,0.0909,0.1053,0.5,0.6062,0.1219,0.3168,1.0,"2,3,4,5",0.0,1.0,0.5,1.0,1.0,0.0,0.5,1.0,0.7856,0.8088,0.7419,0.0,
2026-08-18,1968,太平電業,建設業,41.84,0.2,除外,0.2634,0.4639,0.1937,,0.7527,0.0,0.2414,0.0,0.5333,0.2273,0.675,0.5,1.0,0.1783,0.8924,0.94,"1,2,3,4",0.0,1.0,0.5,0.0,0.583,0.0245,0.0,0.0,0.6282,0.4853,0.7419,0.0,
2026-08-18,1969,高砂熱学工業,建設業,32.58,0.0,除外,0.2022,0.4351,0.3364,,0.3295,0.3344,0.4113,0.0,0.6,0.2273,0.5263,0.2,0.888,0.1492,0.2807,0.0,"1,2,3,4,5",0.0,0.6889,0.5,0.0,0.429,0.0,0.0,0.0,0.572,0.4265,0.7419,0.0,
2026-08-18,1975,朝日工業社,建設業,40.25,0.0,除外,0.5793,0.5782,0.3906,0.1989,0.2657,0.3729,0.4193,0.4368,0.3333,0.2273,0.3684,0.2,0.246,0.4368,0.3798,0.0,"1,2,3,4,5",1.0,1.0,1.0,0.0,1.0,0.1342,0.5,0.0,0.7766,0.7941,0.7419,0.0,0.0
2026-08-18,1979,大氣社,建設業,48.01,0.4,除外,0.6574,0.6072,0.2758,0.4184,0.4416,0.369,0.3172,0.3503,0.0667,1.0,0.4737,0.2,0.1789,,0.1459,1.0,"3,4,5",1.0,1.0,1.0,0.0,1.0,0.2588,1.0,0.0,0.8193,0.8676,0.7419,0.0,0.0
2026-08-18,197A,タウンズ,医薬品,15.78,0.0,除外,0.0,0.0,0.3417,,0.2896,0.0,0.4674,0.6327,0.2667,0.0,0.2632,0.5,0.4829,0.1399,0.5355,0.0,"1,2,3,4,5",,,,,,,,,,,,,
2026-08-18,1980,ダイダン,建設業,46.53,0.2,除外,0.425,0.6568,0.2127,,0.5668,0.0,0.5841,0.0,0.2667,0.2273,0.0526,1.0,0.7556,0.1871,0.5443,0.7803,"1,3,4,5",0.0,1.0,0.5,0.0,1.0,0.0,0.5,0.4,0.8276,0.8824,0.7419,0.1753,
2026-08-18,1982,日比谷総合設備,建設業,39.32,0.2,除外,0.6636,0.5388,0.2161,0.0972,0.4502,0.0,0.3976,0.0,0.4667,0.1364,0.0526,0.2,0.8985,0.1679,0.7345,0.0,"2,3,4,5",1.0,1.0,1.0,0.0,1.0,0.4084,0.5,0.4,0.7219,0.6912,0.7419,0.0,0.0
2026-08-18,2001,ニップン,食料品,51.01,0.2,除外,0.8892,0.5649,0.5883,0.2437,0.2644,0.6141,0.5342,0.8715,0.3333,0.2273,0.2105,0.2,0.3604,,0.4329,0.0,"2,3,4,5",1.0,1.0,1.0,1.0,0.9898,0.8241,1.0,0.3,0.5675,0.74,0.2258,0.7263,0.3368
2026-08-18,2002,日清製粉グループ本社,食料品,41.32,0.2,除外,0.6655,0.3531,0.4634,0.1594,0.4245,0.5019,0.3358,0.5494,0.4667,0.2273,0.2105,0.2,0.8015,0.1507,0.0443,0.7017,"2,3,4,5",1.0,1.0,0.5,1.0,0.5402,0.6841,0.5,0.1,0.4348,0.58,0.2258,0.172,0.0
2026-08-18,2004,昭和産業,食料品,59.68,0.4,除外,0.8777,0.5523,0.6178,,0.3393,0.5566,0.4968,0.8846,0.5333,,0.2105,0.2,0.411,,0.607,0.0,"2,4,5",1.0,1.0,1.0,1.0,0.826,0.8955,1.0,0.3,0.4235,0.56,0.2258,1.0,0.9895
2026-08-18,2053,中部飼料,食料品,62.18,0.4,除外,0.8558,0.5813,0.7583,0.4022,0.5115,0.9521,0.3502,0.931,0.8,0.2273,0.2632,0.5,1.0,,0.5345,0.0,"2,4,5",1.0,1.0,1.0,1.0,0.6846,0.862,1.0,0.3,0.4595,0.64,0.2258,1.0,0.6182
2026-08-18,2109,ＤＭ三井製糖,食料品,51.28,0.2,除外,0.8399,0.3866,0.571,0.425,0.3418,0.5135,0.3454,0.8917,0.5333,0.2273,1.0,0.2,0.6253,,0.0383,0.3618,"2,3,4,5",1.0,0.8141,0.5,1.0,0.5052,0.8996,1.0,1.0,0.3223,0.38,0.2258,0.6182,0.2727
2026-08-18,2117,ウェルネオシュガー,食料品,54.92,0.6,監視,0.8259,0.5701,0.6226,0.1068,0.6206,0.9135,0.3069,0.8702,0.4,0.2273,0.0,0.2,0.9279,0.1429,0.4118,1.0,"2,4",1.0,0.7643,0.5,1.0,0.682,0.6607,1.0,1.0,0.4505,0.62,0.2258,0.984,0.0
2026-08-18,2121,ＭＩＸＩ,情報・通信業,13.45,0.0,除外,0.0,0.0,0.5381,,0.0,0.0,1.0,0.4191,0.7333,,0.4211,1.0,0.0,,0.0,0.0,"1,2,3,4,5",,,,,,,,,,,,,0.4182
2026-08-18,2124,ジェイエイシーリクルートメント,サービス業,15.49,0.0,除外,0.0,0.0,0.3249,0.2895,0.1601,0.0,0.5668,0.466,0.2667,0.0,0.1579,1.0,0.4991,0.1412,0.0,0.0,"1,2,3,4,5",,,,,,,,,,,,,0.0
2026-08-18,2127,日本Ｍ＆Ａセンターホールディングス,サービス業,18.32,0.0,除外,0.0,0.0,0.4504,,0.2824,0.0,0.3862,0.8155,0.6,0.0,0.2105,0.2,0.817,0.125,0.1877,0.0,"1,2,3,4,5",,,,,,,,,,,,,
2026-08-18,212A,フィットイージー,サービス業,42.36,0.4,除外,0.0,0.6127,0.7447,,0.337,0.8243,1.0,0.7545,0.4,,0.2105,1.0,0.3856,0.5129,0.1798,0.2697,"1,4,5",,,,,,,,,0.5217,0.8,0.129,1.0,0.4727
2026-08-18,2146,ＵＴグループ,サービス業,52.84,0.2,除外,0.879,0.509,0.2155,,0.51,0.0,0.662,0.0,0.2,,0.0526,1.0,0.8091,0.2309,0.0,1.0,"2,3,4,5",1.0,0.532,0.5,1.0,1.0,1.0,1.0,1.0,0.3508,0.6118,0.129,0.9443,0.0
2026-08-18,2153,Ｅ・Ｊホールディングス,サービス業,37.4,0.2,除外,0.0,0.5457,0.6422,0.2849,0.3974,0.8002,0.3867,0.782,0.6,0.2273,0.1579,0.5,0.2589,0.1673,0.7257,0.4375,"1,2,4,5",,,,,,,,,0.3831,0.6706,0.129,1.0,0.2545
2026-08-18,2154,オープンアップグループ,サービス業,62.87,0.2,除外,0.8643,0.5456,0.544,,0.5609,0.8544,0.2893,0.6992,0.3333,,0.2105,0.2,0.8705,,0.3658,0.4466,"2,3,4,5",1.0,1.0,1.0,1.0,0.7336,0.8808,1.0,0.3,0.3958,0.7059,0.129,0.9519,0.9895
2026-08-18,2157,コシダカホールディングス,サービス業,17.23,0.0,除外,0.0,0.0,0.2063,,0.4829,0.0,0.5585,0.2,0.0667,0.0,0.2105,0.2,0.5013,0.1457,0.5332,0.7516,"1,2,3,4,5",,,,,,,,,,,,,
2026-08-18,215A,タイミー,サービス業,48.09,0.4,除外,0.7227,0.0,0.6557,0.5236,0.5026,1.0,0.613,0.743,0.2667,0.8,0.1579,0.5,0.1931,,0.5147,0.7999,"2,4,5",1.0,0.5818,0.5,1.0,1.0,0.0,1.0,0.7,,,,,0.6364
2026-08-18,2160,ジーエヌアイグループ,医薬品,41.91,0.4,除外,0.757,0.0,0.511,0.2195,0.608,1.0,0.0397,0.8044,0.2,0.2727,0.1053,0.5,1.0,0.162,0.27,1.0,"2,3,4",1.0,0.7256,0.5,1.0,0.9821,0.1479,1.0,0.7,,,,,0.0
2026-08-18,2168,パソナグループ,サービス業,32.84,0.4,除外,0.0,0.0,0.6569,,0.6567,1.0,0.2309,0.5967,0.8,0.0,0.6842,1.0,0.7381,0.1466,0.7423,1.0,"1,2,4",,,,,,,,,,,,,
2026-08-18,2170,リンクアンドモチベーション,サービス業,55.11,0.2,除外,0.9539,0.5759,0.2995,0.4977,0.4282,0.0,0.5315,0.0,0.6667,0.0,1.0,0.5,0.9067,0.4039,0.4024,0.0,"2,3,4,5",1.0,1.0,1.0,1.0,0.9116,0.7195,1.0,1.0,0.4453,0.7294,0.129,1.0,0.4909
2026-08-18,2175,エス・エム・エス,サービス業,50.05,0.4,除外,0.8681,0.7095,0.3114,0.3132,0.3001,0.0,0.2949,0.6842,0.2667,0.4,0.0526,0.2,0.3887,,0.0,0.5116,"3,4,5",1.0,1.0,1.0,1.0,1.0,0.6451,1.0,0.3,0.7676,0.9412,0.129,1.0,0.6
2026-08-18,2181,パーソルホールディングス,サービス業,13.56,0.0,除外,0.0,0.0,0.319,0.1382,0.2209,0.4159,0.3851,0.0082,0.4667,0.0,0.0526,0.5,0.745,0.1388,0.0,0.0,"1,2,3,4,5",,,,,,,,,,,,,0.0
2026-08-18,219A,Ｈｅａｒｔｓｅｅｄ,医薬品,33.34,0.2,除外,0.0,0.0,0.7802,0.4079,0.4787,1.0,0.8714,0.7161,0.5333,0.0,0.6316,1.0,0.752,0.1628,0.0,1.0,"1,2,4,5",,,,,,,,,,,,,0.0
2026-08-18,2201,森永製菓,食料品,36.58,0.0,除外,0.233,0.4269,0.3156,,0.4879,0.3029,0.3031,0.2562,0.4,0.2273,0.2105,1.0,0.5709,0.303,0.0777,1.0,"1,2,3,4,5",0.0,0.5852,0.5,0.0,0.1654,0.5134,0.0,0.1,0.3786,0.48,0.2258,0.6234,
2026-08-18,2206,江崎グリコ,食料品,28.67,0.0,除外,0.201,0.278,0.2681,,0.3999,0.0,0.6078,0.3312,0.1333,0.3636,0.825,0.5,0.3044,0.1105,0.1848,1.0,"1,2,3,4,5",0.0,0.5139,0.5,0.0,0.3279,0.2661,0.0,0.0,0.3861,0.5,0.2258,0.0,
2026-08-18,2207,ｍｅｉｔｏ,食料品,73.58,0.6,監視,1.0,0.7223,0.535,,0.6861,0.4087,0.5874,0.2773,0.8667,,0.4737,0.2,1.0,0.4255,0.3771,0.9417,"3,4",1.0,1.0,1.0,1.0,1.0,1.0,1.0,1.0,0.7234,0.94,0.2258,1.0,0.0
2026-08-18,2212,山崎製パン,食料品,40.11,0.2,除外,0.849,0.4255,0.3416,0.19,0.1995,0.0,0.4856,0.2807,0.6,0.4545,0.1053,0.2,0.2756,,0.1346,0.1884,"2,3,4,5",1.0,0.7817,0.5,1.0,0.6485,0.8618,1.0,1.0,0.2361,0.24,0.2258,1.0,0.0
2026-08-18,2220,亀田製菓,食料品,26.88,0.2,除外,0.0,0.0,0.4088,,0.6663,0.4391,0.3405,0.6558,0.2,0.4545,0.1053,0.5,0.8855,0.308,0.4715,1.0,"1,2,3,4",,,,,,,,,,,,,
2026-08-18,2222,寿スピリッツ,食料品,67.45,0.4,除外,0.9873,0.6242,0.5989,,0.4878,0.7944,0.4376,0.8301,0.3333,,0.1579,0.2,0.7552,0.4143,0.6254,0.1564,"3,4,5",1.0,1.0,1.0,1.0,1.0,0.8983,1.0,1.0,0.551,0.72,0.2258,1.0,0.8842
2026-08-18,2229,カルビー,食料品,38.82,0.2,除外,0.7193,0.2928,0.5276,0.1182,0.283,0.5403,0.3138,0.7229,0.5333,0.2727,0.0,0.2,0.0,,0.0,0.8491,"2,3,4,5",1.0,0.648,0.5,1.0,0.5077,0.7984,1.0,0.3,0.3343,0.42,0.2258,0.1912,0.0
2026-08-18,2264,森永乳業,食料品,50.37,0.2,除外,0.7086,0.465,0.5111,0.3289,0.5047,0.7264,0.395,0.5897,0.3333,0.8,0.3158,0.2,0.5076,0.2169,0.444,0.8503,"2,3,4,5",1.0,1.0,1.0,0.0,1.0,0.6686,1.0,0.0,0.7144,0.92,0.2258,0.0,0.0
2026-08-18,2267,ヤクルト本社,食料品,50.48,0.2,除外,0.9466,0.3095,0.3924,0.3854,0.49,0.0598,0.2233,0.6865,0.6,0.6364,0.0526,0.2,1.0,0.2045,0.5438,0.2117,"2,3,4,5",1.0,1.0,1.0,1.0,0.8379,0.735,1.0,1.0,0.2901,0.28,0.2258,0.4422,0.6526
2026-08-18,2269,明治ホールディングス,食料品,47.38,0.2,除外,0.9996,0.4181,0.099,,0.3783,0.0,0.3961,0.0,0.0,,0.1053,0.5,0.4823,0.134,0.0,0.8968,"2,3,4,5",1.0,1.0,1.0,1.0,1.0,0.9971,1.0,1.0,0.4378,0.6,0.2258,0.4088,0.0
2026-08-18,2270,雪印メグミルク,食料品,56.52,0.4,除外,0.7126,0.6525,0.515,0.4605,0.4856,0.8374,0.424,0.3985,0.4,0.2,0.1579,0.5,0.5777,,0.0,0.8791,"3,4,5",1.0,1.0,1.0,0.0,1.0,0.6005,1.0,0.1,0.6019,0.8,0.2258,0.9821,0.9842
2026-08-18,2281,プリマハム,食料品,30.97,0.0,除外,0.3487,0.2109,0.1781,,0.5013,0.0,0.3124,0.0,0.4,0.2273,0.1053,0.5,0.8343,0.1709,0.0,1.0,"1,2,3,4,5",0.0,0.6916,0.5,1.0,0.2201,0.2782,0.0,0.1,0.2976,0.32,0.2258,0.0,
2026-08-18,2282,日本ハム,食料品,39.95,0.0,除外,0.4375,0.3693,0.3098,,0.4813,0.0747,0.2741,0.4904,0.4,0.4545,0.1579,0.2,0.7949,0.1302,0.0,1.0,"1,2,3,4,5",0.0,0.7891,0.5,1.0,0.7718,0.3388,0.0,0.1,0.494,0.68,0.2258,0.0775,
2026-08-18,2288,丸大食品,食料品,33.92,0.0,除外,0.404,0.3615,0.1568,,0.4345,0.0,0.2937,0.0,0.3333,0.2273,0.1579,0.2,1.0,0.1143,0.0,0.6236,"1,2,3,4,5",0.0,1.0,0.5,0.0,0.5976,0.5345,0.5,0.1,0.5202,0.7,0.2258,0.0,
2026-08-18,2292,Ｓ　Ｆｏｏｄｓ,食料品,32.15,0.0,除外,0.3921,0.2051,0.2008,,0.4881,0.0952,0.1566,0.5514,0.0,0.2273,0.0,0.5,0.4187,0.1525,0.3814,1.0,"1,2,3,4,5",0.0,0.6392,0.5,1.0,0.3292,0.3686,0.0,0.3,0.2946,0.3,0.2258,0.0,
2026-08-18,2296,伊藤ハム米久ホールディングス,食料品,34.59,0.2,除外,0.0,0.1574,0.6702,,0.5559,0.6268,0.4208,0.8999,0.7333,0.2273,0.0,1.0,0.6056,0.1397,0.4782,1.0,"1,2,4,5",,,,,,,,,0.2039,0.2,0.2258,0.0,
2026-08-18,2301,学情,サービス業,32.39,0.4,除外,0.0,0.0,0.6835,,0.6122,0.93,0.2255,0.9119,0.6667,0.2273,0.0,1.0,0.9104,0.1336,0.6222,0.7826,"1,2,4",,,,,,,,,,,,,
2026-08-18,2317,システナ,情報・通信業,21.73,0.0,除外,0.0,0.2562,0.441,,0.1718,0.2034,0.4118,0.7489,0.4,0.0,0.1579,0.5,0.5574,0.1045,0.0251,0.0,"1,2,3,4,5",,,,,,,,,0.2639,0.6552,0.0323,0.0737,
2026-08-18,2326,デジタルアーツ,情報・通信業,23.0,0.0,除外,0.0,0.0,0.3742,,0.5458,0.389,0.0228,0.4852,0.6,0.0,0.8421,1.0,1.0,0.1834,0.0,1.0,"1,2,3,4,5",,,,,,,,,,,,,
2026-08-18,2327,日鉄ソリューションズ,情報・通信業,33.93,0.2,除外,0.6502,0.0,0.5701,0.1026,0.3736,0.5312,0.4842,0.8647,0.4,0.0,0.2105,0.2,0.6271,0.1372,0.726,0.0039,"2,3,4,5",1.0,0.806,0.0,1.0,0.7831,0.3123,1.0,0.3,,,,,0.0
2026-08-18,2331,ＡＬＳＯＫ,サービス業,47.2,0.0,除外,0.4985,0.3188,0.4925,,0.5783,0.4663,0.4552,0.5817,0.4667,0.2273,0.1579,0.2,0.6585,0.252,0.4028,1.0,"1,2,3,4,5",0.0,0.7138,0.5,1.0,0.3863,0.5876,0.5,0.3,0.3388,0.5882,0.129,0.2189,
2026-08-18,2334,イオレ,サービス業,55.9,0.4,除外,0.6482,0.5106,0.6072,0.4927,0.5362,1.0,0.7884,0.0406,0.6,0.8636,0.0526,1.0,0.8043,0.1111,0.3749,0.8545,"2,4,5",1.0,0.7854,1.0,0.0,1.0,0.0,1.0,0.4,0.925,0.9882,0.129,0.0,0.0545
2026-08-18,2337,いちご,不動産業,32.29,0.0,除外,0.1859,0.2219,0.4542,,0.4297,0.5071,0.2471,0.8627,0.2,0.5909,0.8947,0.2,0.5436,0.2333,0.0,0.9417,"1,2,3,4,5",0.0,0.5437,0.5,0.0,0.3673,0.0763,0.0,0.0,0.3216,0.4048,0.1613,0.0,
2026-08-18,2353,日本駐車場開発,不動産業,27.28,0.0,除外,0.0,0.2945,0.317,,0.4798,0.0,0.3265,0.875,0.0667,0.2273,0.2105,1.0,0.5879,0.1191,0.2121,1.0,"1,2,3,4,5",,,,,,,,,0.2076,0.1905,0.1613,0.6188,
2026-08-18,2371,カカクコム,サービス業,81.75,0.8,本命,1.0,0.6503,0.6198,,1.0,1.0,0.368,0.1111,1.0,,0.9,1.0,1.0,,1.0,1.0,4,1.0,1.0,1.0,1.0,1.0,1.0,1.0,1.0,0.6132,0.8588,0.129,1.0,0.9263
2026-08-18,2379,ディップ,サービス業,20.42,0.0,除外,0.0,0.0,0.3635,,0.4535,0.0,0.2044,0.7828,0.4667,0.0,0.0526,0.2,0.2474,0.1931,0.3734,1.0,"1,2,3,4,5",,,,,,,,,,,,,
2026-08-18,2384,ＳＢＳホールディングス,陸運業,53.8,0.2,除外,0.9811,0.435,0.5088,0.2545,0.5105,0.2848,0.7952,0.4217,0.5333,0.8182,0.0,0.2,0.5266,0.339,0.1764,1.0,"2,3,4,5",1.0,1.0,1.0,1.0,1.0,0.8486,1.0,1.0,0.6642,0.8824,0.1935,0.0,0.0
2026-08-18,2395,新日本科学,サービス業,25.44,0.0,除外,0.0,0.0,0.4333,0.2895,0.5491,0.0,1.0,0.0,0.7333,0.0,0.1579,1.0,1.0,0.1679,0.0283,1.0,"1,2,3,4,5",,,,,,,,,,,,,0.0
2026-08-18,2413,エムスリー,サービス業,14.05,0.0,除外,0.0,0.0,0.3754,,0.1867,0.2728,0.4289,0.0,0.8,0.0,0.1579,0.2,0.2387,0.0667,0.0,0.4413,"1,2,3,4,5",,,,,,,,,,,,,
2026-08-18,2429,ワールドホールディングス,サービス業,49.36,0.2,除外,0.7303,0.5499,0.3928,0.2276,0.5672,0.2116,0.4194,0.5401,0.4,0.2273,0.2105,0.2,0.9156,0.1956,0.6367,0.5208,"2,3,4,5",1.0,0.7302,0.5,1.0,0.5614,0.7507,1.0,0.3,0.3883,0.6824,0.129,1.0,0.2727
2026-08-18,2432,ディー・エヌ・エー,情報・通信業,36.07,0.0,除外,0.4052,0.0,0.576,,0.4614,0.8823,0.1333,0.6882,0.6,0.7727,0.0,0.5,0.6182,0.1595,0.7925,0.2755,"1,2,3,4,5",0.0,0.7656,0.5,0.0,0.447,0.6294,0.5,0.4,,,,,
2026-08-18,2433,博報堂ＤＹホールディングス,サービス業,39.4,0.2,除外,0.7882,0.4621,0.4111,0.194,0.1146,0.2722,0.407,0.4321,0.5333,0.0,0.1579,0.2,0.1388,,0.0,0.2049,"2,3,4,5",1.0,0.9557,0.5,1.0,0.9536,0.5964,1.0,0.3,0.2489,0.4706,0.129,1.0,0.4182
2026-08-18,247A,Ａｉロボティクス,化学,38.67,0.4,除外,0.0,0.0,0.7869,,0.7598,1.0,0.7479,0.3997,1.0,0.0,0.4211,0.2,1.0,0.1429,0.8965,1.0,"1,2,4",,,,,,,,,,,,,
2026-08-18,2492,インフォマート,サービス業,50.43,0.2,除外,1.0,0.5412,0.2765,,0.1995,0.0,0.612,0.4941,0.0,,0.85,0.5,0.4086,,0.1899,0.0,"2,3,4,5",1.0,1.0,1.0,1.0,1.0,1.0,1.0,1.0,0.3771,0.6588,0.129,1.0,0.4182
2026-08-18,2501,サッポロホールディングス,食料品,53.93,0.4,除外,0.8577,0.6419,0.2905,0.5081,0.3985,0.0431,0.3998,0.3857,0.3333,1.0,0.1053,0.2,0.3852,,0.5446,0.2657,"3,4,5",1.0,1.0,1.0,1.0,1.0,0.7614,1.0,0.1,0.5817,0.76,0.2258,1.0,0.7273
2026-08-18,2502,アサヒグループホールディングス,食料品,16.48,0.0,除外,0.0,0.0,0.3656,0.4562,0.0022,0.1918,0.3527,0.7847,0.1333,0.0,0.825,1.0,0.0,,0.0065,0.0,"1,2,3,4,5",,,,,,,,,,,,,0.0
2026-08-18,2503,キリンホールディングス,食料品,57.13,0.4,除外,0.9896,0.6815,0.3069,,0.3074,0.1105,0.1566,0.5604,0.4,,0.0,0.2,0.427,,0.3636,0.1316,"3,4,5",1.0,1.0,1.0,1.0,1.0,0.917,1.0,1.0,0.6402,0.86,0.2258,1.0,0.0263
2026-08-18,2531,宝ホールディングス,食料品,61.01,0.4,除外,0.6865,0.4992,0.698,0.5794,0.5874,1.0,0.3937,0.9318,0.4667,0.9545,0.3684,0.2,0.4634,0.3423,0.5438,1.0,"2,4,5",1.0,1.0,1.0,0.0,1.0,0.4919,1.0,0.0,0.8111,0.96,0.2258,0.0,0.7947
2026-08-18,255A,ジーエルテクノホールディングス,精密機器,51.6,0.4,除外,0.6978,0.6202,0.311,0.3953,0.5557,0.3601,0.1419,0.4086,0.3333,0.8182,0.0526,0.2,0.1885,0.5556,0.4788,1.0,"3,4,5",1.0,1.0,1.0,0.0,1.0,0.1826,1.0,0.4,0.8763,0.7333,0.871,0.0,0.5105
2026-08-18,256A,飛島ホールディングス,建設業,39.56,0.2,除外,0.0,0.4668,0.3627,,0.7528,0.3576,0.4265,0.3332,0.3333,0.0,0.2105,0.5,1.0,0.1379,0.8733,1.0,"1,2,3,4",,,,,,,,,0.3456,0.2059,0.7419,0.5737,
2026-08-18,2579,コカ・コーラ　ボトラーズジャパンホールディングス,食料品,42.03,0.4,除外,0.6786,0.7567,0.3371,0.3289,0.0,0.0791,0.2498,0.7531,0.2667,0.8,0.0,0.2,0.0,,0.0,0.0,"3,4,5",1.0,1.0,1.0,0.0,1.0,0.4284,1.0,0.0,0.8208,0.98,0.2258,1.0,0.3158
2026-08-18,2585,ライフドリンク　カンパニー,食料品,35.45,0.4,除外,0.0,0.0,0.7524,,0.6655,1.0,0.2257,0.9173,0.8667,0.0,0.1053,1.0,1.0,0.1101,1.0,0.5518,"1,2,4",,,,,,,,,,,,,
2026-08-18,2587,サントリー食品インターナショナル,食料品,39.04,0.0,除外,0.4071,0.4186,0.2488,,0.487,0.0499,0.1961,0.4159,0.3333,0.0909,0.0526,0.2,0.747,0.1192,0.3655,0.7162,"1,2,3,4,5",0.0,0.5315,0.0,1.0,0.3874,0.5378,0.5,0.3,0.2286,0.22,0.2258,1.0,
2026-08-18,2590,ダイドーグループホールディングス,食料品,54.95,0.2,除外,0.8572,0.466,0.546,,0.3289,0.268,0.483,0.7663,0.6667,,0.1579,0.2,0.517,,0.4698,0.0,"2,3,4,5",1.0,1.0,1.0,1.0,0.745,0.8123,1.0,0.3,0.2984,0.34,0.2258,1.0,0.6
2026-08-18,2593,伊藤園,食料品,25.58,0.2,除外,0.0,0.0,0.7389,,0.2842,1.0,0.3421,0.8136,0.8,0.0,0.1579,0.5,0.417,,0.2661,0.1695,"1,2,4,5",,,,,,,,,,,,,
2026-08-18,2594,キーコーヒー,食料品,37.5,0.2,除外,0.6657,0.1964,0.4731,0.1068,0.433,0.2452,0.3037,0.8101,0.5333,0.2273,0.0,0.2,0.5254,0.0861,0.1205,1.0,"2,3,4,5",1.0,0.5018,0.5,1.0,0.1551,0.8686,1.0,0.3,0.2459,0.26,0.2258,0.0541,0.0
2026-08-18,2602,日清オイリオグループ,食料品,43.2,0.2,除外,0.7808,0.5442,0.4087,0.1068,0.3196,0.2046,0.4047,0.4256,0.6,0.2273,0.0,0.2,0.4592,0.1339,0.0045,0.6809,"2,3,4,5",1.0,1.0,0.5,1.0,0.5906,0.8557,1.0,0.3,0.4108,0.54,0.2258,1.0,0.0
2026-08-18,2607,不二製油,食料品,70.82,0.6,監視,0.998,0.675,0.7666,,0.3933,1.0,0.8185,0.448,0.8,,0.1053,0.2,0.809,0.1209,0.4361,0.207,"4,5",1.0,1.0,1.0,1.0,1.0,0.9838,1.0,1.0,0.6342,0.84,0.2258,1.0,0.5636
2026-08-18,2613,Ｊ－オイルミルズ,食料品,51.54,0.4,除外,0.7318,0.3507,0.6679,,0.3112,0.8424,0.5275,0.6349,0.6667,,0.2105,0.2,0.4626,,0.1853,0.2856,"2,4,5",1.0,0.5642,1.0,1.0,0.2834,0.9067,1.0,0.1,0.3066,0.36,0.2258,0.5102,0.0
2026-08-18,262A,インターメスティック,小売業,32.67,0.0,除外,0.0,0.2599,0.4636,,0.5835,0.544,0.5115,0.2656,0.5333,0.9091,0.3158,0.5,1.0,0.3889,0.615,0.33,"1,2,3,4,5",,,,,,,,,0.3253,0.6174,0.0968,0.0,
2026-08-18,2653,イオン九州,小売業,24.39,0.0,除外,0.0,0.1805,0.3304,,0.4648,0.0,0.3858,0.9359,0.0,0.0,0.7368,1.0,1.0,0.1166,0.7332,0.0095,"1,2,3,4,5",,,,,,,,,0.2166,0.4087,0.0968,0.0,
2026-08-18,2659,サンエー,小売業,55.19,0.4,除外,0.9767,0.3067,0.608,0.3987,0.4696,0.5057,0.3168,0.8761,0.7333,0.5,0.4211,0.2,0.3043,0.3403,0.2338,1.0,"2,4,5",1.0,1.0,1.0,1.0,0.8838,0.9294,1.0,1.0,0.3298,0.6261,0.0968,0.174,0.4737
2026-08-18,2664,カワチ薬品,小売業,64.99,0.4,除外,0.9591,0.5306,0.626,,0.4838,0.6309,0.617,0.5893,0.6667,,0.1579,0.2,0.438,0.3665,0.1308,1.0,"2,4,5",1.0,1.0,1.0,1.0,1.0,0.9726,1.0,0.7,0.506,0.8,0.0968,0.7195,0.9474
2026-08-18,2670,エービーシー・マート,小売業,24.57,0.0,除外,0.0,0.0,0.4745,0.3234,0.4304,0.3852,0.2568,0.7893,0.4667,0.5455,0.4211,0.2,0.2027,0.3889,0.3405,0.7894,"1,2,3,4,5",,,,,,,,,,,,,0.1273
2026-08-18,2678,アスクル,小売業,22.19,0.0,除外,0.0,0.0,0.5332,,0.3545,0.1589,0.5456,0.895,0.5333,0.0,0.0,0.2,0.4673,0.1225,0.8283,0.0,"1,2,3,4,5",,,,,,,,,,,,,
2026-08-18,2681,ゲオホールディングス,小売業,56.64,0.2,除外,0.9873,0.4285,0.3492,,0.5005,0.0,0.73,0.0,0.6667,,0.1053,0.2,0.5015,,0.0,1.0,"2,3,4,5",1.0,1.0,1.0,1.0,1.0,0.8982,1.0,1.0,0.533,0.8348,0.0968,0.2496,0.8421
2026-08-18,2685,アンドエスティＨＤ,小売業,63.69,0.6,監視,0.8146,0.5086,0.7242,0.4553,0.6816,0.7816,0.6766,0.8385,0.6,0.8,0.0,0.2,0.473,0.4444,0.809,1.0,"2,4",1.0,1.0,1.0,0.0,1.0,0.8172,1.0,0.7,0.4258,0.7304,0.0968,0.7815,0.8211
2026-08-18,268A,リガク・ホールディングス,精密機器,59.16,0.4,除外,0.5625,0.6938,0.7022,,0.4079,1.0,0.4287,0.8466,0.5333,0.6818,0.75,0.2,0.7266,0.4927,0.4124,0.0,"1,4,5",1.0,1.0,1.0,0.0,1.0,0.0,0.5,0.0,0.9708,0.9333,0.871,0.0,
2026-08-18,2695,くら寿司,小売業,35.17,0.4,除外,0.0,0.0,0.799,0.3134,0.6459,0.9207,0.4329,0.9092,0.9333,0.2273,0.5263,0.5,1.0,0.1186,0.4652,1.0,"1,2,4",,,,,,,,,,,,,0.0
2026-08-18,2702,日本マクドナルドホールディングス,小売業,57.3,0.2,除外,0.9593,0.3788,0.5606,0.3807,0.5854,0.9911,0.4289,0.689,0.1333,0.4545,0.5263,0.2,0.9742,0.4883,0.288,0.5912,"2,3,4,5",1.0,1.0,1.0,1.0,1.0,0.674,1.0,1.0,0.5577,0.8609,0.0968,0.0,0.3421
2026-08-18,2726,パルグループホールディングス,小売業,25.83,0.0,除外,0.0,0.0,0.5236,,0.5096,0.3287,0.4358,0.8634,0.4667,0.0,0.4211,1.0,0.5855,0.1009,0.3521,1.0,"1,2,3,4,5",,,,,,,,,,,,,
2026-08-18,2730,エディオン,小売業,64.64,0.4,除外,0.9652,0.3172,0.7899,,0.5135,1.0,0.3988,0.9608,0.8,,0.4211,0.2,0.4008,0.3889,0.3891,0.8752,"2,4,5",1.0,1.0,1.0,1.0,0.9674,0.754,1.0,1.0,0.3463,0.6522,0.0968,0.1734,0.9421
2026-08-18,2733,あらた,卸売業,29.09,0.0,除外,0.0,0.0,0.5919,,0.5717,0.8033,0.3732,0.8577,0.3333,0.0,0.2105,0.5,0.7268,0.1103,0.4495,1.0,"1,2,3,4,5",,,,,,,,,,,,,
2026-08-18,2734,サーラコーポレーション,小売業,55.44,0.4,除外,0.8624,0.5741,0.7377,0.2377,0.3603,0.5709,0.6045,0.9753,0.8,0.2273,0.1053,0.2,0.2686,0.1725,1.0,0.0,"2,4,5",1.0,0.8117,0.5,1.0,0.7709,0.8167,1.0,1.0,0.443,0.7565,0.0968,1.0,0.4182
2026-08-18,2737,トーメンデバイス,卸売業,53.39,0.4,除外,0.9671,0.8312,0.2737,,0.0637,0.0,0.6282,0.0,0.4667,,0.3684,0.2,0.191,,0.0,0.0,"3,4,5",1.0,1.0,1.0,1.0,1.0,0.7365,1.0,1.0,0.9378,1.0,0.3871,1.0,0.0316
2026-08-18,2749,ＪＰホールディングス,サービス業,41.92,0.2,除外,0.3967,0.3124,0.2286,,0.739,0.0821,0.2802,0.4855,0.0667,0.2273,0.1579,0.2,1.0,0.1823,0.7738,1.0,"1,2,3,4",0.0,0.5935,0.5,1.0,0.569,0.2112,0.0,0.3,0.3516,0.6235,0.129,0.1453,
2026-08-18,2752,フジオフードグループ本社,小売業,7.98,0.0,除外,0.0,0.0,0.1962,,0.1228,0.0,0.162,0.2229,0.4,0.0,0.1579,0.2,0.0,,0.0,0.3685,"1,2,3,4,5",,,,,,,,,,,,,
2026-08-18,2760,東京エレクトロン　デバイス,卸売業,52.92,0.2,除外,0.9746,0.4096,0.3228,,0.4096,0.0,0.6445,0.0469,0.6,,0.0,0.2,0.2289,,0.0,1.0,"2,3,4,5",1.0,1.0,1.0,1.0,1.0,0.7971,1.0,1.0,0.599,0.6522,0.3871,0.0,0.0727
2026-08-18,2767,円谷フィールズホールディングス,卸売業,9.62,0.0,除外,0.0,0.0,0.3623,,0.0227,0.0,0.7278,0.3881,0.3333,,1.0,0.5,0.068,,0.0,0.0,"1,2,3,4,5",,,,,,,,,,,,,0.1091
2026-08-18,2768,双日,卸売業,52.65,0.4,除外,0.7701,0.445,0.4463,0.3529,0.6182,0.2462,0.3591,0.6467,0.5333,0.2273,0.6842,0.5,0.9467,0.1466,0.3795,1.0,"2,3,4",1.0,1.0,0.5,1.0,1.0,0.1605,0.5,1.0,0.6537,0.7391,0.3871,0.0,0.0
2026-08-18,277A,グロービング,サービス業,10.47,0.0,除外,0.0,0.0,0.2096,,0.2092,0.0622,0.0,0.5094,0.2667,0.0,0.9474,1.0,0.5123,0.1667,0.158,0.0,"1,2,3,4,5",,,,,,,,,,,,,
2026-08-18,2780,コメ兵ホールディングス,小売業,62.71,0.4,除外,0.9622,0.4842,0.4903,0.3901,0.8088,0.6281,0.1691,0.4306,0.7333,0.8182,0.0,0.2,1.0,0.4595,0.7758,1.0,"2,3,4",1.0,1.0,1.0,1.0,1.0,0.6975,1.0,1.0,0.8576,0.9826,0.0968,0.0,0.5421
2026-08-18,2782,セリア,小売業,52.01,0.4,除外,0.9149,0.6398,0.362,0.3561,0.3279,0.0,0.593,0.1883,0.6667,0.2273,0.5789,0.2,0.5803,0.4051,0.0,0.3261,"3,4,5",1.0,1.0,0.5,1.0,1.0,0.819,1.0,1.0,0.6064,0.887,0.0968,0.9691,0.4182
2026-08-18,2784,アルフレッサ　ホールディングス,卸売業,34.01,0.0,除外,0.2499,0.3328,0.23,,0.5478,0.2047,0.2672,0.1149,0.3333,0.2273,0.1579,0.5,1.0,0.156,0.0352,1.0,"1,2,3,4,5",0.0,0.8839,0.5,0.0,0.2096,0.3057,0.0,0.1,0.3748,0.3043,0.3871,0.265,
2026-08-18,278A,Ｔｅｒｒａ　Ｄｒｏｎｅ,精密機器,76.88,0.6,監視,0.889,0.8947,0.5362,,0.7553,0.0,0.673,0.8719,0.6,0.4,0.1579,1.0,1.0,0.4156,0.6185,0.987,"3,4",1.0,1.0,1.0,1.0,1.0,0.1122,1.0,1.0,0.9078,0.8,0.871,1.0,
2026-08-18,2791,大黒天物産,小売業,33.05,0.2,除外,0.0,0.0,0.8144,,0.5078,0.8656,0.599,0.9929,0.8,0.0,0.1053,1.0,0.259,0.1807,0.5916,1.0,"1,2,4,5",,,,,,,,,,,,,
2026-08-18,2792,ハニーズホールディングス,小売業,27.11,0.2,除外,0.0,0.0,0.7567,,0.3277,1.0,0.2784,0.9483,0.8,0.0,0.1579,1.0,0.1395,0.1423,0.2447,0.7842,"1,2,4,5",,,,,,,,,,,,,
2026-08-18,2801,キッコーマン,食料品,60.61,0.2,除外,0.9987,0.5906,0.5136,,0.3216,0.7294,0.5746,0.3503,0.4,,0.1053,0.2,0.4477,,0.1159,0.4012,"2,3,4,5",1.0,1.0,1.0,1.0,1.0,0.9898,1.0,1.0,0.4768,0.66,0.2258,1.0,0.8909
2026-08-18,2802,味の素,食料品,57.41,0.4,除外,0.8668,0.4466,0.6623,0.4276,0.467,0.8285,0.7226,0.6314,0.4667,0.8,0.0526,0.2,0.4969,,0.4461,0.458,"2,4,5",1.0,1.0,1.0,1.0,1.0,0.5343,1.0,0.4,0.6604,0.9,0.2258,0.0,0.6579
2026-08-18,2805,ヱスビー食品,食料品,57.06,0.4,除外,0.9813,0.7688,0.4813,,0.0511,0.0,0.8022,0.6565,0.4667,,0.65,0.2,0.1534,,0.0,0.0,"3,4,5",1.0,1.0,1.0,1.0,1.0,0.8506,1.0,1.0,0.8493,1.0,0.2258,1.0,0.0
2026-08-18,2809,キユーピー,食料品,53.52,0.4,除外,0.785,0.648,0.5686,,0.1394,0.4578,0.1944,0.9554,0.6667,,0.1579,0.2,0.0,,0.4181,0.0,"3,4,5",1.0,1.0,0.5,1.0,0.6512,0.8291,1.0,0.3,0.5862,0.78,0.2258,1.0,0.5091
2026-08-18,2810,ハウス食品グループ本社,食料品,55.36,0.4,除外,0.8436,0.6679,0.5465,0.225,0.485,0.3715,0.4239,0.6572,0.7333,0.2,0.1579,0.2,0.6085,,0.0,0.8466,"3,4,5",1.0,1.0,1.0,1.0,1.0,0.6486,1.0,0.1,0.6259,0.82,0.2258,1.0,0.3421
2026-08-18,2811,カゴメ,食料品,19.33,0.0,除外,0.0,0.0,0.4638,,0.3092,0.2813,0.4162,0.6911,0.4667,0.2273,0.2105,0.2,0.0482,0.1887,0.0,1.0,"1,2,3,4,5",,,,,,,,,,,,,
2026-08-18,2815,アリアケジャパン,食料品,23.59,0.0,除外,0.0,0.0,0.3449,,0.5986,0.3973,0.3582,0.624,0.0,0.2273,0.1579,1.0,1.0,0.252,0.2757,0.8668,"1,2,3,4,5",,,,,,,,,,,,,
2026-08-18,285A,キオクシアホールディングス,電気機器,45.27,0.4,除外,0.625,0.7339,0.3073,,0.1445,0.1812,0.2914,0.7567,0.0,0.9545,0.7895,0.2,0.0,0.1111,0.2919,0.1752,"3,4,5",1.0,1.0,1.0,0.0,1.0,0.0,1.0,0.0,1.0,1.0,0.9355,0.0,
2026-08-18,2871,ニチレイ,食料品,53.2,0.2,除外,0.9613,0.515,0.4761,,0.1754,0.1135,0.5368,0.721,0.5333,,0.5789,0.2,0.0,,0.0,0.5262,"2,3,4,5",1.0,1.0,1.0,1.0,1.0,0.6907,1.0,1.0,0.3741,0.46,0.2258,1.0,0.8
2026-08-18,2874,横浜冷凍,卸売業,60.31,0.6,監視,0.6753,0.5722,0.6329,0.4085,0.7268,0.9597,0.2566,0.982,0.3333,0.8182,0.3158,0.5,0.7094,0.5449,0.653,1.0,"2,4",1.0,1.0,1.0,0.0,1.0,0.1022,1.0,0.3,0.9235,0.9783,0.3871,0.0,0.0
2026-08-18,2875,東洋水産,食料品,30.69,0.0,除外,0.3721,0.2549,0.4112,,0.1896,0.3721,0.4043,0.6686,0.2,0.2273,0.2105,0.2,0.3671,0.1195,0.1309,0.1408,"1,2,3,4,5",0.0,0.5778,0.5,1.0,0.396,0.4027,0.0,0.1,0.3538,0.44,0.2258,0.0,
2026-08-18,287A,黒田グループ,卸売業,63.31,0.2,除外,1.0,0.5578,0.4758,,0.4989,0.494,0.5421,0.4002,0.4667,,0.2105,0.5,0.1749,0.6261,0.4065,0.788,"2,3,4,5",1.0,1.0,1.0,1.0,1.0,1.0,1.0,1.0,0.431,0.413,0.3871,1.0,
2026-08-18,2897,日清食品ホールディングス,食料品,31.35,0.2,除外,0.7038,0.0,0.2197,0.2117,0.4325,0.0,0.5043,0.0412,0.3333,0.1364,0.2105,0.5,0.172,0.1077,0.4502,1.0,"2,3,4,5",1.0,0.7835,0.5,1.0,0.4962,0.5508,1.0,0.3,,,,,0.0
2026-08-18,2908,フジッコ,食料品,21.17,0.0,除外,0.0,0.0,0.5139,0.2344,0.3103,0.464,0.2972,0.8945,0.4,0.2273,0.2105,0.5,0.0622,0.1313,0.0476,1.0,"1,2,3,4,5",,,,,,,,,,,,,0.0
2026-08-18,290A,Ｓｙｎｓｐｅｃｔｉｖｅ,情報・通信業,56.56,0.4,除外,0.775,0.3349,0.626,,0.5265,1.0,0.0804,0.9571,0.4667,0.8182,0.1579,0.2,0.9898,0.552,0.0275,0.5367,"2,4,5",1.0,1.0,0.5,1.0,1.0,0.0,1.0,0.7,0.4798,0.8276,0.0323,0.0,
2026-08-18,2914,日本たばこ産業,食料品,55.81,0.4,除外,0.9924,0.6914,0.4834,,0.0653,0.3659,0.4919,0.9423,0.1333,,0.7895,0.2,0.1959,,0.0,0.0,"3,4,5",1.0,1.0,1.0,1.0,1.0,0.9389,1.0,1.0,0.6597,0.88,0.2258,1.0,0.0
2026-08-18,2918,わらべや日洋ホールディングス,食料品,33.84,0.2,除外,0.0,0.397,0.3179,,0.6388,0.0,0.2383,0.7,0.3333,0.1364,0.0526,0.5,0.9637,0.1697,0.4216,1.0,"1,2,3,4",,,,,,,,,0.3276,0.4,0.2258,0.6348,
2026-08-18,2931,ユーグレナ,食料品,28.37,0.2,除外,0.0,0.0,0.4517,,0.683,0.5139,0.6281,0.0649,0.6,0.0,0.0,1.0,1.0,0.1282,0.6038,1.0,"1,2,3,4",,,,,,,,,,,,,
2026-08-18,2975,スター・マイカ・ホールディングス,不動産業,54.3,0.6,監視,0.7684,0.4438,0.6001,0.1882,0.7145,0.3959,0.2538,0.9508,0.8,0.5,0.0526,0.2,1.0,0.2466,0.6113,1.0,"2,4",1.0,1.0,0.5,1.0,1.0,0.4475,0.5,0.7,0.7091,0.9048,0.1613,0.0,0.0
2026-08-18,2980,ＳＲＥホールディングス,不動産業,34.47,0.2,除外,0.0,0.0,0.5943,,0.7845,0.9789,0.3095,0.3556,0.7333,0.6818,0.0,0.5,1.0,0.3452,0.7929,1.0,"1,2,3,4",,,,,,,,,,,,,
2026-08-18,2982,ＡＤワークスグループ,不動産業,47.43,0.4,除外,0.0,0.4088,0.7378,,0.7505,1.0,0.5587,0.5258,0.8667,0.0,0.0,0.5,1.0,0.1785,0.8509,0.9726,"1,2,4",,,,,,,,,0.6169,0.8571,0.1613,0.0,
2026-08-18,2986,ＬＡホールディングス,不動産業,29.6,0.0,除外,0.0,0.3455,0.3305,,0.5079,0.7282,0.0948,0.3657,0.1333,0.0909,0.3684,0.5,0.17,0.1404,0.8243,0.8968,"1,2,3,4,5",,,,,,,,,0.554,0.6667,0.1613,0.0,
2026-08-18,3002,グンゼ,繊維製品,49.29,0.2,除外,0.8092,0.5329,0.3871,0.3131,0.4222,0.169,0.3784,0.3345,0.6667,0.2273,0.525,0.5,1.0,0.15,0.3698,0.1691,"2,3,4,5",1.0,0.8261,0.5,1.0,0.5904,0.5574,1.0,1.0,0.3673,0.3125,0.4516,1.0,0.0
2026-08-18,3003,ヒューリック,不動産業,50.8,0.0,除外,0.5256,0.4636,0.5484,,0.4942,0.5254,0.4116,0.8564,0.4,0.2273,0.2105,0.5,0.5393,0.1387,0.299,1.0,"1,2,3,4,5",0.0,1.0,0.5,1.0,0.7287,0.376,0.5,0.1,0.476,0.619,0.1613,0.5982,
2026-08-18,3028,アルペン,小売業,19.91,0.2,除外,0.0,0.0,0.6633,0.2763,0.0559,0.7945,0.3523,0.6398,0.8667,0.0,0.1053,1.0,0.1678,,0.0,0.0,"1,2,4,5",,,,,,,,,,,,,0.0
2026-08-18,3034,クオールホールディングス,小売業,52.02,0.2,除外,0.9112,0.5354,0.3091,,0.325,0.0,0.5696,0.0,0.6667,,0.0526,1.0,0.9751,,0.0,0.0,"2,3,4,5",1.0,0.7897,0.5,1.0,1.0,1.0,1.0,1.0,0.3666,0.6783,0.0968,1.0,0.3818
2026-08-18,3036,アルコニックス,卸売業,54.85,0.4,除外,0.9299,0.6533,0.2799,,0.3311,0.0,0.6528,0.0,0.4667,,0.95,0.2,0.9098,0.2952,0.0,0.1194,"3,4,5",1.0,1.0,0.5,1.0,1.0,0.9396,1.0,1.0,0.5847,0.6413,0.3871,1.0,0.0727
2026-08-18,3038,神戸物産,卸売業,23.19,0.0,除外,0.0,0.0,0.491,,0.4365,0.3796,0.3424,0.9086,0.3333,0.0,0.5263,0.2,0.4913,0.0934,0.1615,1.0,"1,2,3,4,5",,,,,,,,,,,,,
2026-08-18,3046,ジンズホールディングス,小売業,24.6,0.0,除外,0.0,0.0,0.2585,0.521,0.4507,0.0,0.2228,0.5445,0.2667,0.9091,0.975,0.2,0.0,0.5556,0.7363,0.5108,"1,2,3,4,5",,,,,,,,,,,,,0.0
2026-08-18,3048,ビックカメラ,小売業,32.44,0.2,除外,0.7171,0.1724,0.2636,0.1331,0.3356,0.0,0.4795,0.1748,0.4,0.2273,0.1053,0.2,0.4367,0.4167,0.147,0.3419,"2,3,4,5",1.0,0.7879,0.5,1.0,0.4289,0.7198,1.0,0.3,0.2016,0.3913,0.0968,0.0,0.0
2026-08-18,3050,ＤＣＭホールディングス,小売業,49.15,0.4,除外,0.75,0.3464,0.6677,0.242,0.4514,0.7068,0.3224,0.9751,0.6667,0.1364,0.6316,0.2,0.4123,0.141,0.2523,1.0,"2,4,5",1.0,0.542,0.5,1.0,0.3486,0.6097,1.0,1.0,0.3651,0.6696,0.0968,0.2543,0.0
2026-08-18,3064,ＭｏｎｏｔａＲＯ,小売業,23.77,0.0,除外,0.0,0.0,0.5378,,0.413,0.503,0.2268,0.8213,0.6,0.0,0.1579,0.2,1.0,0.0707,0.4209,0.1604,"1,2,3,4,5",,,,,,,,,,,,,
2026-08-18,3076,あい　ホールディングス,卸売業,47.72,0.2,除外,0.8601,0.275,0.5999,,0.1736,0.654,0.7812,0.8979,0.0667,,0.4211,0.2,0.5491,0.1452,0.0,0.0,"2,3,4,5",1.0,0.6572,0.5,1.0,0.76,0.9637,1.0,1.0,0.3868,0.3261,0.3871,0.0,0.1273
2026-08-18,3086,Ｊ．フロント　リテイリング,小売業,56.16,0.6,監視,0.799,0.6971,0.6551,0.4322,0.2248,1.0,0.7328,0.0877,0.8,0.4,0.2105,0.5,0.0,0.5074,0.2555,0.1362,"4,5",1.0,1.0,1.0,1.0,1.0,0.2917,1.0,0.1,0.7526,0.9391,0.0968,1.0,0.6182
2026-08-18,3087,ドトール・日レスホールディングス,小売業,48.26,0.2,除外,0.9732,0.4963,0.4389,,0.0219,0.0,0.5868,0.7687,0.4,,0.95,0.2,0.0657,,0.0,0.0,"2,3,4,5",1.0,1.0,1.0,1.0,1.0,0.7854,1.0,1.0,0.3058,0.5826,0.0968,1.0,0.4182
2026-08-18,3088,マツキヨココカラ＆カンパニー,小売業,31.17,0.2,除外,0.0,0.0,0.7474,,0.4995,0.9256,0.27,0.994,0.8,0.0,0.1579,1.0,0.778,0.1248,0.3286,0.7665,"1,2,4,5",,,,,,,,,,,,,
2026-08-18,3091,ブロンコビリー,小売業,46.59,0.4,除外,0.9483,0.6077,0.337,0.4365,0.0,0.0,0.2985,0.583,0.4667,0.0,0.925,0.2,0.0,,0.0,0.0,"3,4,5",1.0,1.0,1.0,1.0,1.0,0.5863,1.0,1.0,0.5165,0.8174,0.0968,1.0,0.6211
2026-08-18,3092,ＺＯＺＯ,小売業,30.64,0.2,除外,0.0,0.0,0.6933,,0.5324,1.0,0.4336,0.5398,0.8,0.0,0.1579,0.5,0.7195,0.1031,0.5208,0.7862,"1,2,4,5",,,,,,,,,,,,,
2026-08-18,3093,トレジャー・ファクトリー,小売業,56.74,0.2,除外,0.834,0.5486,0.5326,0.5395,0.3823,0.3235,0.5246,0.8824,0.4,0.8,0.1579,0.2,0.0,,0.8695,0.2775,"2,3,4,5",1.0,1.0,1.0,1.0,1.0,0.6719,1.0,0.0,0.4018,0.6957,0.0968,1.0,1.0
2026-08-18,3097,物語コーポレーション,小売業,61.87,0.4,除外,1.0,0.6196,0.4527,,0.4023,0.7482,0.3406,0.3886,0.3333,,0.925,0.5,1.0,,0.207,0.0,"3,4,5",1.0,1.0,1.0,1.0,1.0,1.0,1.0,1.0,0.5382,0.8435,0.0968,1.0,0.9684
2026-08-18,3099,三越伊勢丹ホールディングス,小売業,54.84,0.4,除外,0.6914,0.7255,0.4492,0.5263,0.3494,0.6084,0.3312,0.8573,0.0,1.0,0.3684,0.2,0.4325,0.1111,0.2975,0.5566,"3,4,5",1.0,1.0,1.0,0.0,1.0,0.5313,1.0,0.0,0.8313,0.9739,0.0968,1.0,0.5368
2026-08-18,3101,東洋紡,化学,49.98,0.2,除外,0.7217,0.5846,0.3113,0.3409,0.5405,0.6938,0.0613,0.1566,0.3333,0.8636,0.0,0.5,0.3739,0.2801,0.508,1.0,"2,3,4,5",1.0,1.0,1.0,0.0,1.0,0.3734,1.0,0.4,0.837,0.7917,0.7097,0.0,0.0
2026-08-18,3103,ユニチカ,繊維製品,54.65,0.6,監視,0.7125,0.6114,0.4297,0.2127,0.7664,0.0,0.852,0.0,0.8667,0.5455,0.1053,0.2,1.0,0.6274,0.4382,1.0,"3,4",1.0,1.0,0.5,1.0,1.0,0.0,0.5,0.7,0.994,1.0,0.4516,0.0,0.0
2026-08-18,3104,富士紡ホールディングス,繊維製品,51.39,0.2,除外,0.594,0.5634,0.7193,0.3684,0.3242,0.5167,0.6128,0.9478,0.8,0.8,0.4737,0.2,0.1154,0.2807,0.3996,0.5011,"1,2,4,5",1.0,1.0,1.0,0.0,1.0,0.2517,0.5,0.0,0.8643,0.9375,0.4516,0.0,0.0
2026-08-18,3105,日清紡ホールディングス,電気機器,60.0,0.4,除外,0.9413,0.644,0.5464,0.2763,0.5919,0.5574,0.4931,0.4019,0.7333,0.8,0.1053,0.2,0.2483,,0.5273,1.0,"3,4,5",1.0,1.0,1.0,1.0,1.0,0.83,1.0,0.7,0.9115,0.7288,0.9355,0.0,0.0
2026-08-18,3106,倉敷紡績,繊維製品,54.28,0.4,除外,0.9054,0.4304,0.4227,0.2713,0.6842,0.0,0.7016,0.3891,0.6,0.7273,0.1579,0.2,0.6659,0.3914,0.6796,1.0,"2,3,4",1.0,1.0,1.0,1.0,1.0,0.5429,1.0,0.7,0.5825,0.6875,0.4516,0.0,0.0
2026-08-18,3107,ダイワボウホールディングス,卸売業,65.05,0.2,除外,0.9952,0.4423,0.5746,,0.59,0.7385,0.307,0.7862,0.4667,,0.6842,0.2,0.688,,0.0821,1.0,"2,3,4,5",1.0,1.0,1.0,1.0,1.0,0.9616,1.0,1.0,0.5487,0.5652,0.3871,0.268,0.8105
2026-08-18,3110,日東紡績,ガラス・土石製品,48.07,0.2,除外,0.375,0.6781,0.5251,,0.3444,1.0,0.3767,0.2571,0.4667,0.6818,0.85,0.2,0.4742,0.338,0.4878,0.0776,"1,3,4,5",0.0,1.0,0.5,0.0,1.0,0.0,0.5,0.0,0.9513,0.9545,0.8065,0.0,
2026-08-18,3116,トヨタ紡織,輸送用機器,30.49,0.0,除外,0.0,0.2509,0.4309,,0.5379,0.0,0.3082,0.8154,0.6,0.1364,0.1579,1.0,0.5728,0.1759,0.4028,1.0,"1,2,3,4,5",,,,,,,,,0.3486,0.3,0.3548,0.0,
2026-08-18,3132,マクニカホールディングス,卸売業,61.99,0.4,除外,0.9779,0.6885,0.4799,,0.3333,0.0,0.5094,0.7435,0.6667,,0.2105,0.2,0.0,,0.0,1.0,"3,4,5",1.0,1.0,1.0,1.0,1.0,0.8232,1.0,1.0,0.7616,0.8587,0.3871,0.7466,0.0
2026-08-18,3139,ラクト・ジャパン,卸売業,20.91,0.0,除外,0.0,0.0,0.3549,,0.4815,0.0446,0.3652,0.4098,0.6,0.2273,0.2105,1.0,0.7742,0.1516,0.0,1.0,"1,2,3,4,5",,,,,,,,,,,,,
2026-08-18,3148,クリエイトＳＤホールディングス,小売業,37.05,0.4,除外,0.6995,0.269,0.7285,0.1463,0.0094,0.4966,0.4911,0.9263,1.0,0.2273,0.1579,0.2,0.0281,,0.0,0.0,"2,4,5",1.0,0.6288,1.0,1.0,0.158,0.7091,1.0,0.1,0.2549,0.4957,0.0968,0.2288,0.0
2026-08-18,3150,グリムス,電気・ガス業,52.14,0.4,除外,0.2414,0.5054,0.6222,,0.7163,0.9477,0.3673,0.574,0.6,0.5,0.0526,0.2,1.0,0.3036,0.5618,1.0,"1,2,4",0.0,0.7926,0.5,0.0,0.2551,0.2838,0.0,0.1,0.2886,0.1905,0.5806,0.9618,
2026-08-18,3151,バイタルケーエスケー・ホールディングス,卸売業,52.64,0.2,除外,0.87,0.5065,0.4771,0.1789,0.5995,0.4014,0.317,0.5232,0.6667,0.0,0.1579,0.2,1.0,,0.1934,0.605,"2,3,4,5",1.0,1.0,1.0,1.0,0.9636,0.6964,1.0,0.3,0.5517,0.587,0.3871,0.5004,0.3579
2026-08-18,3156,レスター,卸売業,48.92,0.2,除外,0.9605,0.4386,0.2171,,0.3404,0.0,0.6018,0.0,0.2667,,0.2632,0.5,0.0211,,0.0,1.0,"2,3,4,5",1.0,1.0,1.0,1.0,1.0,0.9844,1.0,0.7,0.6499,0.7174,0.3871,0.0,0.8421
2026-08-18,3167,ＴＯＫＡＩホールディングス,卸売業,50.22,0.2,除外,0.9058,0.4137,0.3453,,0.344,0.1212,0.5934,0.0,0.6667,,0.0526,0.2,0.3408,0.1026,0.0,0.9326,"2,3,4,5",1.0,1.0,0.5,1.0,0.7723,0.9741,1.0,1.0,0.4078,0.3696,0.3871,0.4904,0.0
2026-08-18,3186,ネクステージ,小売業,46.32,0.2,除外,0.7203,0.4875,0.3876,0.315,0.4055,0.2286,0.1487,0.84,0.3333,0.9545,0.1053,0.2,0.2735,0.3889,0.9598,0.0,"2,3,4,5",1.0,1.0,1.0,0.0,1.0,0.3625,1.0,0.4,0.8621,0.9913,0.0968,0.0,0.0
2026-08-18,3191,ジョイフル本田,小売業,42.2,0.2,除外,0.7554,0.462,0.4911,0.4013,0.0,1.0,0.0,0.8312,0.1333,0.0,0.1053,0.5,0.0,,0.0,0.0,"2,3,4,5",1.0,0.9736,1.0,1.0,0.3784,0.5911,1.0,0.1,0.3148,0.6,0.0968,0.8366,1.0
2026-08-18,3193,エターナルホスピタリティグループ,小売業,21.46,0.0,除外,0.0,0.0,0.2586,,0.5996,0.0,0.0727,0.8285,0.1333,0.2727,0.0,0.2,0.6578,0.176,0.5645,1.0,"1,2,3,4,5",,,,,,,,,,,,,
2026-08-18,3196,ホットランドホールディングス,小売業,26.8,0.0,除外,0.0,0.0,0.5267,,0.5453,0.3704,0.3038,0.7659,0.6667,0.0,0.1579,0.2,0.8811,0.3,0.0,1.0,"1,2,3,4,5",,,,,,,,,,,,,
2026-08-18,3197,すかいらーくホールディングス,小売業,42.29,0.2,除外,0.7227,0.0,0.5888,0.35,0.4529,1.0,0.3005,0.6547,0.4,0.0,0.9,0.5,0.4728,0.0856,0.2533,1.0,"2,3,4,5",1.0,0.6593,0.0,1.0,0.7025,0.4197,1.0,1.0,,,,,0.0
2026-08-18,319A,技術承継機構,金属製品,68.66,0.4,除外,0.978,0.8203,0.5289,,0.4192,0.2386,0.4243,0.9859,0.4667,,0.2105,0.2,0.2576,,0.0,1.0,"3,4,5",1.0,1.0,1.0,1.0,1.0,0.8238,1.0,1.0,0.982,0.88,0.4194,1.0,
2026-08-18,3201,日本毛織,繊維製品,61.56,0.6,監視,0.9113,0.6584,0.6758,0.4305,0.402,0.4164,0.5386,0.948,0.8,0.2273,0.8947,0.2,1.0,0.1619,0.4462,0.0,"4,5",1.0,1.0,0.5,1.0,1.0,0.7901,1.0,1.0,0.557,0.625,0.4516,1.0,0.4
2026-08-18,3222,ユナイテッド・スーパーマーケット・ホールディングス,小売業,17.02,0.0,除外,0.0,0.0,0.1604,,0.5204,0.0,0.3218,0.0531,0.2667,0.1364,0.2105,1.0,0.4375,0.1333,0.5107,1.0,"1,2,3,4,5",,,,,,,,,,,,,
2026-08-18,3231,野村不動産ホールディングス,不動産業,32.33,0.0,除外,0.1981,0.2536,0.3021,,0.5395,0.2658,0.1901,0.3526,0.4,0.2273,0.2632,1.0,1.0,0.158,0.0,1.0,"1,2,3,4,5",0.0,0.5102,0.5,0.0,0.3112,0.1632,0.0,0.1,0.3531,0.5,0.1613,0.0,
2026-08-18,3245,ディア・ライフ,不動産業,25.89,0.2,除外,0.0,0.0,0.3901,0.2895,0.6149,0.2762,0.2994,0.5848,0.4,0.0,0.1579,1.0,0.998,0.1283,0.8485,0.4847,"1,2,3,4",,,,,,,,,,,,,0.0
2026-08-18,3252,地主,不動産業,43.66,0.4,除外,0.0,0.3787,0.6193,,0.7485,1.0,0.28,0.8638,0.3333,0.4545,0.0,0.2,1.0,0.1387,0.8554,1.0,"1,2,4",,,,,,,,,0.5915,0.7619,0.1613,0.0,
2026-08-18,325A,ＴＥＮＴＩＡＬ,繊維製品,32.86,0.2,除外,0.7403,0.0,0.4768,,0.0975,0.1435,0.9556,0.208,0.6,0.2,0.2632,0.2,0.0896,,0.2031,0.0,"2,3,4,5",1.0,0.7159,0.5,1.0,1.0,0.4062,1.0,0.3,,,,,
2026-08-18,3284,フージャースホールディングス,不動産業,27.5,0.0,除外,0.0,0.3408,0.4369,0.1367,0.4607,0.3141,0.3585,0.5418,0.5333,0.1364,0.2105,0.2,1.0,0.1552,0.6877,0.0,"1,2,3,4,5",,,,,,,,,0.2024,0.1667,0.1613,0.8327,0.0
2026-08-18,3288,オープンハウスグループ,不動産業,45.08,0.2,除外,0.2965,0.3611,0.4488,,0.6967,0.5716,0.4972,0.1929,0.5333,0.1818,0.2105,0.2,1.0,0.1135,0.6733,1.0,"1,2,3,4",0.0,1.0,0.5,0.0,0.7722,0.0,0.0,0.1,0.569,0.7143,0.1613,0.0,
2026-08-18,3289,東急不動産ホールディングス,不動産業,47.2,0.4,除外,0.3205,0.3324,0.6276,,0.6073,0.7084,0.4947,0.774,0.5333,0.2273,0.2105,0.2,1.0,0.1347,0.2944,1.0,"1,2,4",0.0,0.9023,0.5,0.0,0.747,0.3148,0.0,0.1,0.5255,0.6429,0.1613,0.0,
2026-08-18,3291,飯田グループホールディングス,不動産業,39.28,0.2,除外,0.0,0.4813,0.4811,,0.609,0.4097,0.4731,0.4415,0.6,0.2273,0.0526,0.2,0.8319,0.1569,0.4472,1.0,"1,2,3,4",,,,,,,,,0.3321,0.4524,0.1613,0.9796,
2026-08-18,3299,ムゲンエステート,不動産業,20.02,0.0,除外,0.0,0.0,0.2375,,0.5634,0.3843,0.2989,0.0,0.2667,0.2273,0.1053,1.0,1.0,0.2534,0.0,1.0,"1,2,3,4,5",,,,,,,,,,,,,
2026-08-18,3302,帝国繊維,繊維製品,51.37,0.4,除外,0.754,0.5051,0.1526,0.3341,0.8225,0.0,0.2773,0.0,0.3333,0.0,0.0,0.5,1.0,0.4444,0.8454,1.0,"2,3,4",1.0,0.6534,0.5,1.0,0.8241,0.6545,1.0,0.4,0.4955,0.5,0.4516,0.5731,0.8364
2026-08-18,3315,日本コークス工業,石油・石炭製品,29.62,0.2,除外,0.0,0.2168,0.3112,,0.657,0.0704,0.3928,0.4482,0.3333,0.2273,0.2105,0.5,0.9761,0.1544,0.4976,1.0,"1,2,3,4",,,,,,,,,0.4003,0.25,,0.0,
2026-08-18,3333,あさひ,小売業,31.96,0.0,除外,0.0,0.4309,0.5307,0.2386,0.3978,0.3666,0.442,0.7142,0.6,0.4545,0.0,0.5,0.135,0.2268,0.3492,0.8804,"1,2,3,4,5",,,,,,,,,0.2354,0.4435,0.0968,0.948,0.0
2026-08-18,3349,コスモス薬品,小売業,20.68,0.0,除外,0.0,0.0,0.4702,,0.357,0.2502,0.3605,0.9368,0.3333,0.0,0.1579,0.5,0.1233,0.2369,0.215,0.8527,"1,2,3,4,5",,,,,,,,,,,,,
2026-08-18,3350,メタプラネット,卸売業,32.57,0.2,除外,0.0,0.0,0.7231,,0.5796,0.9056,0.2968,0.9569,0.7333,0.0,0.3684,1.0,0.4895,0.1365,0.6926,1.0,"1,2,4,5",,,,,,,,,,,,,
2026-08-18,3360,シップヘルスケアホールディングス,卸売業,54.22,0.0,除外,0.4516,0.5651,0.5572,,0.5949,0.5313,0.4644,0.7665,0.4667,0.2273,0.0526,0.2,1.0,0.3217,0.2569,0.801,"1,2,3,4,5",0.0,0.8094,0.0,1.0,0.6448,0.3584,0.5,0.3,0.4385,0.4348,0.3871,1.0,
2026-08-18,3382,セブン＆アイ・ホールディングス,小売業,25.41,0.0,除外,0.4371,0.0,0.2657,,0.3137,0.0366,0.2664,0.7597,0.0,0.1364,0.1579,0.2,0.2847,0.1461,0.1788,0.6452,"1,2,3,4,5",0.0,0.8147,0.0,1.0,0.4117,0.4703,0.5,0.3,,,,,
2026-08-18,3387,クリエイト・レストランツ・ホールディングス,小売業,20.34,0.0,除外,0.0,0.5073,0.2019,0.1776,0.1301,0.0,0.3953,0.4123,0.0,0.0,0.2105,0.5,0.0,0.1111,0.3993,0.0102,"1,2,3,4,5",,,,,,,,,0.3238,0.6087,0.0968,1.0,0.0
2026-08-18,3391,ツルハホールディングス,小売業,52.55,0.2,除外,0.5124,0.4536,0.6899,,0.446,0.6719,0.6371,0.584,0.8667,0.0,0.1579,0.2,0.9026,0.157,0.7244,0.0,"1,2,4,5",0.0,0.6151,0.0,1.0,0.9069,0.2774,1.0,0.3,0.2481,0.4696,0.0968,1.0,
2026-08-18,3395,サンマルクホールディングス,小売業,24.06,0.0,除外,0.0,0.2667,0.1978,,0.4981,0.0542,0.2035,0.0,0.5333,0.2727,0.1579,1.0,0.9104,0.0821,0.0,1.0,"1,2,3,4,5",,,,,,,,,0.3351,0.6348,0.0968,0.0,
2026-08-18,3397,トリドールホールディングス,小売業,21.51,0.2,除外,0.0,0.0,0.6259,0.0632,0.3866,0.8515,0.3758,0.7429,0.5333,0.0,0.0526,0.2,0.3297,,0.0645,0.7656,"1,2,4,5",,,,,,,,,,,,,0.0
2026-08-18,3399,丸千代山岡家,小売業,59.0,0.4,除外,0.8694,0.6042,0.4548,0.5044,0.5173,0.2919,0.45,0.8108,0.2667,0.2273,0.2632,1.0,0.5085,0.1641,0.7574,0.6392,"3,4,5",1.0,1.0,1.0,1.0,1.0,0.655,1.0,0.3,0.5112,0.8087,0.0968,1.0,0.5273
2026-08-18,3401,帝人,繊維製品,65.34,0.4,除外,1.0,0.6267,0.5225,,0.4643,0.2795,0.5952,0.4152,0.8,,0.0526,0.2,1.0,0.3333,0.5239,0.0,"3,4,5",1.0,1.0,1.0,1.0,1.0,1.0,1.0,1.0,0.6469,0.8125,0.4516,0.5959,0.3474
2026-08-18,3402,東レ,繊維製品,54.34,0.2,除外,0.9949,0.5592,0.2617,,0.3577,0.0231,0.4239,0.0,0.6,,0.1579,0.5,1.0,0.1828,0.0,0.2481,"2,3,4,5",1.0,1.0,1.0,1.0,1.0,0.9592,1.0,1.0,0.41,0.375,0.4516,1.0,0.4474
2026-08-18,3405,クラレ,化学,35.78,0.2,除外,0.954,0.0,0.1599,,0.3172,0.0127,0.36,0.0,0.2667,,0.9474,0.2,0.7939,,0.1577,0.0,"2,3,4,5",1.0,0.8858,1.0,1.0,0.8506,0.8956,1.0,1.0,,,,,0.4182
2026-08-18,3407,旭化成,化学,46.63,0.2,除外,0.7061,0.5735,0.2955,0.3645,0.3919,0.0151,0.2876,0.4125,0.4667,0.8,0.1579,0.5,0.4565,0.1111,0.0,1.0,"2,3,4,5",1.0,1.0,1.0,0.0,1.0,0.6486,1.0,0.0,0.8133,0.7708,0.7097,0.0,0.0
2026-08-18,3415,ＴＯＫＹＯ　ＢＡＳＥ,小売業,32.69,0.4,除外,0.0,0.0,0.69,,0.6174,0.7587,0.7086,0.626,0.6667,0.0,0.3158,1.0,0.6338,0.1195,0.7163,1.0,"1,2,4",,,,,,,,,,,,,
2026-08-18,3431,宮地エンジニアリンググループ,金属製品,37.96,0.4,除外,0.0,0.0,0.776,,0.7423,0.9363,0.5387,0.6289,1.0,0.0909,0.95,1.0,1.0,0.1244,0.8448,1.0,"1,2,4",,,,,,,,,,,,,
2026-08-18,3433,トーカロ,金属製品,45.53,0.2,除外,0.6728,0.4817,0.2396,0.4167,0.4658,0.0,0.1345,0.4238,0.4,0.9545,0.1579,0.5,0.169,0.3775,0.4421,0.8746,"2,3,4,5",1.0,1.0,1.0,0.0,1.0,0.482,0.5,0.4,0.7474,0.76,0.4194,0.0,0.0545
2026-08-18,3436,ＳＵＭＣＯ,金属製品,47.05,0.4,除外,0.625,0.6898,0.3371,0.3671,0.3333,0.1096,0.3659,0.873,0.0,0.6,0.2632,0.2,0.0,,0.0,1.0,"3,4,5",1.0,1.0,1.0,0.0,1.0,0.0,1.0,0.0,0.9895,0.92,0.4194,0.4305,0.4053
2026-08-18,3443,川田テクノロジーズ,金属製品,47.5,0.4,除外,0.0,0.475,0.6428,,0.7823,0.8068,0.4989,0.4655,0.8,0.2273,0.1053,0.2,1.0,0.149,0.9801,1.0,"1,2,4",,,,,,,,,0.2406,0.24,0.4194,1.0,
2026-08-18,3445,ＲＳ　Ｔｅｃｈｎｏｌｏｇｉｅｓ,金属製品,49.73,0.2,除外,0.7024,0.5446,0.375,0.4895,0.3748,0.0292,0.4542,0.7499,0.2667,0.8,0.1053,0.2,0.0,0.3453,0.1541,1.0,"2,3,4,5",1.0,1.0,1.0,0.0,1.0,0.2189,1.0,0.4,0.919,0.84,0.4194,0.0,0.8526
2026-08-18,3449,テクノフレックス,金属製品,39.56,0.0,除外,0.5625,0.5926,0.2009,0.4842,0.1379,0.0,0.1627,0.6408,0.0,1.0,0.7368,0.2,0.0,,0.4137,0.0,"1,2,3,4,5",1.0,1.0,1.0,0.0,1.0,0.0,0.5,0.0,0.991,0.96,0.4194,0.0,0.0
2026-08-18,3465,ケイアイスター不動産,不動産業,55.89,0.6,監視,0.7444,0.5008,0.7627,0.0955,0.691,1.0,0.6403,0.544,0.8667,0.1818,0.0,0.2,1.0,0.135,0.8838,0.7452,"2,4",1.0,1.0,1.0,0.0,1.0,0.555,1.0,0.4,0.7429,0.9524,0.1613,0.1468,0.0
2026-08-18,3475,グッドコムアセット,不動産業,53.13,0.6,監視,0.0,0.6359,0.5792,0.6693,0.7721,0.7338,0.2352,0.6142,0.7333,0.4545,0.75,1.0,1.0,0.2225,0.8658,1.0,"1,3",,,,,,,,,0.5967,0.7857,0.1613,1.0,0.4727
2026-08-18,3479,ティーケーピー,不動産業,48.71,0.4,除外,0.0,0.3967,0.8434,,0.7083,0.9964,0.9556,0.6217,0.8,0.0909,0.0,0.5,0.9724,0.3317,0.5681,0.9611,"1,2,4",,,,,,,,,0.2114,0.2143,0.1613,1.0,
2026-08-18,3480,ジェイ・エス・ビー,不動産業,83.56,0.8,本命,0.8734,0.769,0.7,,1.0,1.0,1.0,0.0,0.8,,0.0,0.2,1.0,,1.0,1.0,4,1.0,1.0,1.0,1.0,1.0,0.8873,1.0,0.1,0.9145,1.0,0.1613,1.0,0.8105
2026-08-18,3482,ロードスターキャピタル,不動産業,24.33,0.0,除外,0.0,0.0,0.3873,,0.5857,0.7011,0.2008,0.6474,0.0,0.2273,0.3158,0.5,0.377,0.3,0.7733,0.8926,"1,2,3,4,5",,,,,,,,,,,,,
2026-08-18,3491,ＧＡ　ｔｅｃｈｎｏｌｏｇｉｅｓ,不動産業,25.79,0.2,除外,0.0,0.0,0.7483,,0.2832,1.0,0.5965,0.8634,0.5333,0.0,0.3158,1.0,0.3975,0.1668,0.0441,0.5245,"1,2,4,5",,,,,,,,,,,,,
2026-08-18,3496,アズーム,不動産業,36.92,0.2,除外,0.0,0.415,0.6708,,0.3911,0.9748,0.3653,0.8099,0.5333,0.0,0.8,0.2,0.8337,0.1316,0.5992,0.0,"1,2,4,5",,,,,,,,,0.2369,0.2619,0.1613,1.0,
2026-08-18,3498,霞ヶ関キャピタル,不動産業,20.3,0.0,除外,0.0,0.0,0.4756,0.454,0.0855,0.5668,0.2118,0.7904,0.3333,0.0,0.725,1.0,0.1476,0.1046,0.0,0.09,"1,2,3,4,5",,,,,,,,,,,,,0.0909
2026-08-18,3539,ＪＭホールディングス,小売業,21.85,0.0,除外,0.0,0.0,0.4019,,0.472,0.0,0.5652,0.9756,0.0667,0.0455,0.8421,0.2,0.5942,0.0952,0.1984,1.0,"1,2,3,4,5",,,,,,,,,,,,,
2026-08-18,3543,コメダホールディングス,卸売業,23.31,0.0,除外,0.0,0.0,0.3933,,0.5393,0.3681,0.3296,0.6087,0.2667,0.5455,0.1579,0.5,0.5025,0.2333,0.4214,1.0,"1,2,3,4,5",,,,,,,,,,,,,
2026-08-18,3549,クスリのアオキホールディングス,小売業,46.54,0.4,除外,0.7541,0.4873,0.6541,0.2898,0.1418,0.5154,0.6109,0.7566,0.7333,0.0,0.85,0.2,0.1214,0.1176,0.3283,0.0,"2,4,5",1.0,0.6001,0.5,1.0,0.5705,0.362,1.0,1.0,0.2871,0.5652,0.0968,1.0,0.1091
2026-08-18,3558,ジェイドグループ,小売業,60.33,0.6,監視,0.8125,0.3078,0.7517,0.3135,0.8309,0.7531,0.3303,0.9903,0.9333,0.7727,0.2632,0.2,1.0,0.5708,0.7529,1.0,"2,4",1.0,1.0,0.5,1.0,1.0,0.0,1.0,1.0,0.4213,0.713,0.0968,0.0,0.0182
2026-08-18,3563,ＦＯＯＤ　＆　ＬＩＦＥ　ＣＯＭＰＡＮＩＥＳ,小売業,58.27,0.4,除外,0.9867,0.6689,0.3538,,0.3213,0.4024,0.4088,0.2041,0.4,,0.7368,0.2,0.6099,,0.3539,0.0,"3,4,5",1.0,1.0,1.0,1.0,1.0,0.8934,1.0,1.0,0.6747,0.9043,0.0968,1.0,0.0
2026-08-18,3569,セーレン,繊維製品,45.89,0.2,除外,0.9152,0.456,0.3713,0.1554,0.3964,0.0,0.5466,0.2054,0.7333,0.2273,0.1579,0.2,0.9489,0.2859,0.0866,0.2644,"2,3,4,5",1.0,0.8514,1.0,1.0,1.0,0.7702,1.0,0.7,0.6222,0.75,0.4516,0.0,0.0364
2026-08-18,3591,ワコールホールディングス,繊維製品,27.2,0.2,除外,0.0,0.0,0.3719,,0.716,0.3415,0.1605,0.1855,0.8,0.0,0.2632,0.5,1.0,0.1314,0.7324,1.0,"1,2,3,4",,,,,,,,,,,,,
2026-08-18,3608,ＴＳＩホールディングス,繊維製品,65.13,0.6,監視,0.8201,0.4428,0.8132,0.4495,0.7308,0.8051,0.584,0.9305,0.9333,0.5455,0.2105,0.2,1.0,0.2209,0.7021,1.0,"2,4",1.0,1.0,1.0,1.0,0.9916,0.2691,1.0,0.3,0.2939,0.25,0.4516,0.7755,0.8421
2026-08-18,3612,ワールド,繊維製品,51.79,0.4,除外,0.8592,0.6293,0.2722,0.3458,0.4832,0.2408,0.4704,0.1108,0.2667,0.2273,0.2105,0.2,0.6074,0.3599,0.8718,0.0938,"3,4,5",1.0,1.0,1.0,1.0,0.7186,0.8552,1.0,0.3,0.503,0.5625,0.4516,1.0,0.7455
2026-08-18,3626,ＴＩＳ,情報・通信業,24.91,0.2,除外,0.0,0.0,0.6774,,0.3192,1.0,0.1057,0.8704,0.7333,0.0,0.7895,0.2,0.8771,0.113,0.2867,0.0,"1,2,4,5",,,,,,,,,,,,,
2026-08-18,3632,グリーホールディングス,情報・通信業,31.4,0.2,除外,0.0,0.0,0.5049,,0.751,0.6631,0.5445,0.4789,0.3333,,0.4211,1.0,1.0,0.57,0.4339,1.0,"1,2,3,4",,,,,,,,,,,,,0.0
2026-08-18,3635,コーエーテクモホールディングス,情報・通信業,26.86,0.0,除外,0.0,0.0,0.5161,,0.5581,0.0142,0.461,0.8558,0.7333,0.0,0.4211,0.2,0.6003,0.1439,0.4883,1.0,"1,2,3,4,5",,,,,,,,,,,,,
2026-08-18,3636,三菱総合研究所,情報・通信業,27.48,0.0,除外,0.0,0.2304,0.5143,,0.3544,0.5129,0.0995,0.9115,0.5333,0.0909,0.2105,0.2,0.7421,0.1487,0.3747,0.1521,"1,2,3,4,5",,,,,,,,,0.2429,0.6466,0.0323,0.0,
2026-08-18,3656,ＫＬａｂ,情報・通信業,56.8,0.4,除外,0.4116,0.4274,0.7155,,0.7177,0.9372,0.5993,0.5254,0.8,0.0,0.1579,1.0,1.0,0.3379,0.5328,1.0,"1,2,4",0.0,0.7924,0.5,0.0,1.0,0.0,0.0,1.0,0.7549,0.9224,0.0323,0.0,
2026-08-18,3659,ネクソン,情報・通信業,27.63,0.0,除外,0.0,0.0,0.5249,,0.5804,0.3239,0.3841,0.8584,0.5333,0.0,0.7895,0.5,1.0,0.1192,0.2023,1.0,"1,2,3,4,5",,,,,,,,,,,,,
2026-08-18,3660,アイスタイル,情報・通信業,39.35,0.4,除外,0.0,0.0,0.716,0.4938,0.7576,0.8034,0.4682,0.7256,0.8667,0.0,0.975,1.0,1.0,0.5,0.5302,1.0,"1,2,4",,,,,,,,,,,,,0.0
2026-08-18,3661,エムアップホールディングス,情報・通信業,30.45,0.2,除外,0.0,0.0,0.8143,0.2743,0.4337,1.0,0.6741,0.7831,0.8,0.0,0.5789,0.5,1.0,0.1256,0.5495,0.0596,"1,2,4,5",,,,,,,,,,,,,0.0182
2026-08-18,3663,セルシス,情報・通信業,58.67,0.6,監視,0.8101,0.6047,0.468,0.6182,0.4326,0.4405,0.2857,0.9459,0.2,0.6,0.0,1.0,0.0,0.3883,0.3423,1.0,"3,5",1.0,0.5454,0.5,1.0,1.0,0.735,1.0,0.7,0.5157,0.8707,0.0323,1.0,0.8727
2026-08-18,3668,コロプラ,情報・通信業,25.87,0.2,除外,0.0,0.0,0.4193,,0.6157,0.4244,0.4772,0.309,0.4667,0.0,0.4211,1.0,0.7502,0.196,0.5165,1.0,"1,2,3,4",,,,,,,,,,,,,
2026-08-18,3673,ブロードリーフ,情報・通信業,55.33,0.4,除外,0.9398,0.3207,0.4176,0.4165,0.6717,0.3493,0.2177,0.6368,0.4667,0.3636,0.6842,0.2,1.0,0.4444,0.9461,0.2961,"2,3,4",1.0,1.0,1.0,1.0,1.0,0.5188,1.0,1.0,0.44,0.8103,0.0323,0.0,0.4182
2026-08-18,3687,フィックスターズ,情報・通信業,53.11,0.6,監視,0.675,0.2942,0.3834,0.6167,0.686,1.0,0.2003,0.0,0.3333,0.8636,0.1579,0.5,0.5527,0.5123,0.679,1.0,"2,3",1.0,1.0,1.0,0.0,1.0,0.0,1.0,0.4,0.3688,0.7759,0.0323,0.0,0.9455
2026-08-18,368A,北里コーポレーション,精密機器,30.66,0.0,除外,0.0,,0.5215,,0.3982,0.0,0.8138,0.4054,0.8667,0.0,0.775,0.5,0.915,0.3216,0.0,0.3564,"1,2,3,4,5",,,,,,,,,,,,,
2026-08-18,3692,ＦＦＲＩセキュリティ,情報・通信業,31.77,0.2,除外,0.0,0.0,0.5658,,0.7049,1.0,0.1327,0.4639,0.6667,0.0909,0.2105,1.0,1.0,0.1373,0.6824,1.0,"1,2,3,4",,,,,,,,,,,,,
2026-08-18,3696,セレス,情報・通信業,39.33,0.4,除外,0.0,0.0,0.8164,0.3135,0.8366,0.8381,0.9477,0.6798,0.8,0.0,0.2632,0.5,1.0,,0.9062,0.6036,"1,2,4",,,,,,,,,,,,,0.4909
2026-08-18,3697,ＳＨＩＦＴ,情報・通信業,21.33,0.0,除外,0.0,0.0,0.5582,0.3542,0.1539,0.4969,0.4395,0.5628,0.7333,0.0,0.7895,0.5,0.467,0.1487,0.0,0.0,"1,2,3,4,5",,,,,,,,,,,,,0.1273
2026-08-18,3741,セック,情報・通信業,56.56,0.6,監視,0.7259,0.3095,0.7004,0.2677,0.8246,1.0,0.254,0.8808,0.6667,0.8182,0.0526,0.2,1.0,0.5556,0.7938,0.9492,"2,4",1.0,1.0,0.5,1.0,1.0,0.1068,0.5,0.7,0.404,0.8017,0.0323,0.0,0.0
2026-08-18,3762,テクマトリックス,情報・通信業,17.97,0.0,除外,0.0,0.0,0.3873,0.2615,0.2498,0.1076,0.4007,0.441,0.6,0.0,0.7368,0.2,0.7504,0.249,0.0,0.0,"1,2,3,4,5",,,,,,,,,,,,,0.1091
2026-08-18,3765,ガンホー・オンライン・エンターテイメント,情報・通信業,30.13,0.2,除外,0.0,0.0,0.6218,,0.5835,0.3572,0.481,0.8491,0.8,0.0,0.1053,0.2,0.9211,0.1245,0.2884,1.0,"1,2,4,5",,,,,,,,,,,,,
2026-08-18,3769,ＧＭＯペイメントゲートウェイ,情報・通信業,69.7,0.6,監視,0.9331,0.4973,0.7234,,0.6343,0.8989,0.3276,0.8673,0.8,,0.0526,0.2,1.0,,0.9029,0.0,"2,4",1.0,1.0,0.5,1.0,1.0,0.9649,1.0,1.0,0.2759,0.681,0.0323,1.0,0.4909
2026-08-18,3774,インターネットイニシアティブ,情報・通信業,67.12,0.4,除外,0.982,0.5916,0.5914,0.3763,0.8149,0.6523,0.33,0.6498,0.7333,0.0,0.1053,0.5,0.639,,0.9549,0.8507,"2,3,4",1.0,1.0,1.0,1.0,1.0,0.8557,1.0,1.0,0.4978,0.8362,0.0323,1.0,0.9
2026-08-18,3778,さくらインターネット,情報・通信業,30.6,0.2,除外,0.0,0.0,0.6408,0.3671,0.5222,0.0,0.9845,0.7121,0.8667,0.5455,0.3684,0.5,0.7729,0.3157,0.0,1.0,"1,2,4,5",,,,,,,,,,,,,0.0545
2026-08-18,3817,ＳＲＡホールディングス,情報・通信業,21.51,0.0,除外,0.0,0.2158,0.3379,,0.3068,0.0,0.3751,0.71,0.2667,0.0,0.7368,0.2,0.7401,0.1591,0.2955,0.0324,"1,2,3,4,5",,,,,,,,,0.2189,0.6121,0.0323,0.0,
2026-08-18,3844,コムチュア,情報・通信業,29.4,0.2,除外,0.0,0.0,0.6904,,0.4854,0.764,0.4612,0.9366,0.6,0.0,0.8421,1.0,1.0,0.1521,0.4688,0.3208,"1,2,4,5",,,,,,,,,,,,,
2026-08-18,3853,アステリア,情報・通信業,38.16,0.0,除外,0.0,0.4447,0.5247,,0.5569,1.0,0.0977,0.0679,0.9333,0.7727,0.0526,0.5,1.0,0.3889,0.8256,0.0132,"1,2,3,4,5",,,,,,,,,0.7984,0.9483,0.0323,0.0,
2026-08-18,3854,アイル,情報・通信業,24.83,0.0,除外,0.0,0.0,0.394,,0.5993,0.4776,0.4715,0.5602,0.0667,0.0,0.3158,0.5,0.5833,0.5128,0.5622,0.7388,"1,2,3,4,5",,,,,,,,,,,,,
2026-08-18,3861,王子ホールディングス,パルプ・紙,55.54,0.2,除外,0.82,0.5619,0.5622,0.3693,0.4636,0.5332,0.464,0.6516,0.6,0.2273,0.85,0.2,1.0,0.1489,0.4621,0.2435,"2,3,4,5",1.0,0.8782,0.5,1.0,0.6449,0.5368,1.0,1.0,0.3801,0.2222,0.6452,1.0,0.2
2026-08-18,3863,日本製紙,パルプ・紙,55.7,0.4,除外,0.8493,0.6889,0.4718,0.2931,0.4818,0.7171,0.1244,0.5791,0.4667,0.2,0.2632,0.2,1.0,0.3357,0.2754,0.3162,"3,4,5",1.0,1.0,1.0,1.0,1.0,0.4943,1.0,0.3,0.5547,0.5556,0.6452,1.0,0.5091
2026-08-18,3864,三菱製紙,パルプ・紙,60.14,0.6,監視,0.9621,0.7399,0.2848,0.3816,0.6386,0.0,0.2254,0.4469,0.4667,0.0,0.6842,0.2,0.3035,,0.6124,1.0,"3,4",1.0,1.0,1.0,1.0,1.0,0.6966,1.0,1.0,0.7744,0.7778,0.6452,0.7623,0.6421
2026-08-18,3865,北越コーポレーション,パルプ・紙,29.35,0.2,除外,0.0,0.0,0.5034,,0.6705,0.5247,0.26,0.4954,0.7333,0.2273,0.2105,0.5,1.0,0.1331,0.7879,0.7612,"1,2,3,4",,,,,,,,,,,,,
2026-08-18,3880,大王製紙,パルプ・紙,50.97,0.4,除外,0.6517,0.4842,0.5244,0.1614,0.727,0.5738,0.3341,0.5228,0.6667,0.2273,0.0,0.2,1.0,0.2662,0.6884,0.9533,"2,3,4",1.0,0.9941,0.5,1.0,0.6642,0.2554,0.5,0.3,0.4228,0.3333,0.6452,0.5357,0.2182
2026-08-18,3891,ニッポン高度紙工業,パルプ・紙,54.89,0.6,監視,0.675,0.6585,0.7163,0.3018,0.3929,1.0,0.7398,0.8588,0.2667,0.9545,0.0526,0.2,0.0,0.3757,0.5234,0.6724,"4,5",1.0,1.0,1.0,0.0,1.0,0.0,1.0,0.4,0.9888,1.0,0.6452,0.0,0.0
2026-08-18,3905,データセクション,情報・通信業,34.76,0.0,除外,0.3196,0.4551,0.4962,,0.1195,0.7092,0.5391,0.1364,0.6,0.8182,0.875,1.0,0.0,0.4778,0.0,0.0,"1,2,3,4,5",0.0,0.5571,1.0,0.0,1.0,0.0,0.0,0.0,0.8141,0.9741,0.0323,0.0,
2026-08-18,3915,テラスカイ,情報・通信業,42.45,0.2,除外,0.5608,0.0,0.5276,0.394,0.6403,1.0,0.6437,0.0,0.4667,0.8636,0.1579,0.5,0.5171,0.5556,0.4886,1.0,"1,2,3,4",1.0,0.5862,0.5,0.0,1.0,0.0,1.0,0.4,,,,,0.0545
2026-08-18,3923,ラクス,情報・通信業,34.19,0.4,除外,0.0,0.0,0.7034,0.2002,0.806,1.0,0.2464,0.9006,0.6667,0.0,0.4737,0.2,0.7442,,0.6737,1.0,"1,2,4",,,,,,,,,,,,,0.1273
2026-08-18,3932,アカツキ,情報・通信業,62.42,0.8,本命,0.9759,0.0,0.7741,0.6827,0.6881,0.6611,0.8299,0.7389,0.8667,0.7727,0.4737,0.5,1.0,0.4444,0.3081,1.0,2,1.0,0.9804,1.0,1.0,0.9699,0.8567,1.0,1.0,,,,,0.9842
2026-08-18,3941,レンゴー,パルプ・紙,69.3,0.6,監視,0.9947,0.84,0.2434,,0.6939,0.0,0.3947,0.1121,0.4667,,0.8947,1.0,0.9864,,0.0952,1.0,"3,4",1.0,1.0,1.0,1.0,1.0,0.9579,1.0,1.0,0.8261,0.8889,0.6452,1.0,0.0
2026-08-18,3946,トーモク,パルプ・紙,62.9,0.4,除外,0.9935,0.7403,0.3466,,0.4355,0.0,0.6325,0.4207,0.3333,,0.9,0.2,0.8497,,0.3532,0.1036,"3,4,5",1.0,1.0,1.0,1.0,1.0,0.9483,1.0,1.0,0.6492,0.6667,0.6452,1.0,0.0
2026-08-18,3950,ザ・パック,パルプ・紙,67.72,0.6,監視,0.8756,0.6453,0.7235,,0.4642,0.8762,0.5479,0.9368,0.5333,,0.0,0.2,0.8725,,0.52,0.0,"4,5",1.0,1.0,1.0,1.0,0.8539,0.851,1.0,0.3,0.4918,0.4444,0.6452,1.0,0.7091
2026-08-18,3962,チェンジホールディングス,情報・通信業,23.12,0.0,除外,0.0,0.0,0.478,,0.4466,0.2853,0.2328,0.994,0.4,0.0,0.4211,1.0,0.7533,0.1294,0.5306,0.3733,"1,2,3,4,5",,,,,,,,,,,,,
2026-08-18,3964,オークネット,情報・通信業,54.68,0.4,除外,0.9584,0.442,0.3667,0.2695,0.6975,0.0,1.0,0.0,0.4667,0.7727,0.1053,0.2,1.0,0.4151,0.375,1.0,"2,3,4",1.0,1.0,1.0,1.0,1.0,0.6671,1.0,1.0,0.7961,0.9397,0.0323,0.0,0.0
2026-08-18,3993,ＰＫＳＨＡ　Ｔｅｃｈｎｏｌｏｇｙ,情報・通信業,38.34,0.4,除外,0.0,0.0,0.7599,,0.7736,0.9051,0.4956,0.8388,0.8,0.0,0.2105,0.5,1.0,0.1694,0.9248,1.0,"1,2,4",,,,,,,,,,,,,
2026-08-18,3994,マネーフォワード,情報・通信業,38.23,0.0,除外,0.0,0.4933,0.5833,,0.4525,0.1009,0.5038,0.9952,0.7333,,0.0,0.5,0.6326,,0.7249,0.0,"1,2,3,4,5",,,,,,,,,0.2684,0.6724,0.0323,1.0,0.4182
2026-08-18,4004,レゾナック・ホールディングス,化学,52.87,0.4,除外,0.9101,0.675,0.458,0.2545,0.3459,0.4955,0.436,0.2339,0.6667,0.8182,0.0,0.2,0.0019,0.2686,0.2263,0.8867,"3,4,5",1.0,1.0,1.0,1.0,1.0,0.5805,1.0,0.7,0.9903,1.0,0.7097,0.0,0.0
2026-08-18,4005,住友化学,化学,47.01,0.4,除外,0.6092,0.5016,0.2831,0.3371,0.6195,0.0,0.3278,0.4047,0.4,0.7273,0.4211,0.2,0.6753,0.2743,0.5283,1.0,"2,3,4",1.0,1.0,1.0,0.0,1.0,0.3733,0.5,0.0,0.6927,0.6042,0.7097,0.0,0.0
2026-08-18,4008,住友精化,化学,54.35,0.2,除外,0.9852,0.5518,0.3539,,0.2833,0.0,0.9491,0.0,0.4667,,0.0,0.2,0.4307,0.1514,0.0,0.5509,"2,3,4,5",1.0,1.0,1.0,1.0,1.0,0.8817,1.0,1.0,0.6754,0.5729,0.7097,0.249,0.2263
2026-08-18,4021,日産化学,化学,53.44,0.4,除外,0.8831,0.6965,0.3318,0.25,0.5106,0.3027,0.3426,0.6152,0.0667,0.8,0.0,0.2,0.0238,0.4137,0.6047,1.0,"3,4,5",1.0,1.0,1.0,1.0,1.0,0.6651,1.0,0.4,0.8253,0.7812,0.7097,0.4699,0.0
2026-08-18,4022,ラサ工業,化学,58.16,0.6,監視,0.8837,0.6259,0.6527,0.2781,0.4673,1.0,0.3419,0.869,0.4,0.6818,0.1579,0.2,0.7848,0.5141,0.2642,0.3062,"4,5",1.0,1.0,1.0,1.0,1.0,0.3698,1.0,0.7,0.9085,0.8854,0.7097,0.0,0.0727
2026-08-18,4023,クレハ,化学,61.95,0.4,除外,0.9028,0.6692,0.5324,0.5443,0.4488,0.4889,0.4208,0.3533,0.8667,0.2273,0.55,1.0,1.0,0.1601,0.6352,0.0,"3,4,5",1.0,1.0,0.5,1.0,1.0,0.7227,1.0,1.0,0.5607,0.4062,0.7097,1.0,0.4
2026-08-18,4028,石原産業,化学,49.09,0.4,除外,0.7617,0.4475,0.3777,0.1222,0.7453,0.4626,0.2327,0.082,0.7333,0.1818,0.0526,0.2,1.0,0.163,0.8307,0.9876,"2,3,4",1.0,1.0,0.5,1.0,1.0,0.0937,0.5,1.0,0.6117,0.4688,0.7097,0.0,0.0545
2026-08-18,402A,アクセルスペースホールディングス,輸送用機器,35.44,0.0,除外,0.0,,0.517,,0.5462,1.0,0.0,0.3347,0.7333,0.8182,0.0,0.5,0.9502,0.4444,0.7038,0.0865,"1,2,3,4,5",,,,,,,,,,,,,
2026-08-18,4041,日本曹達,化学,58.92,0.6,監視,0.864,0.618,0.6192,0.5114,0.3332,0.6218,0.3688,0.8193,0.6667,0.2273,0.9,0.5,1.0,0.2609,0.072,0.0,"4,5",1.0,1.0,0.5,1.0,0.6465,0.7658,1.0,1.0,0.4498,0.3125,0.7097,1.0,0.4182
2026-08-18,4042,東ソー,化学,60.2,0.6,監視,0.6833,0.4052,0.5638,0.6071,0.7508,0.6166,0.4958,0.743,0.4,0.9545,0.4211,0.2,0.7525,0.4708,0.7799,1.0,"2,3",1.0,1.0,1.0,0.0,0.8731,0.5936,1.0,0.0,0.536,0.375,0.7097,0.0,0.8526
2026-08-18,4043,トクヤマ,化学,40.73,0.0,除外,0.4131,0.5059,0.3787,,0.3313,0.4451,0.1054,0.6977,0.2667,0.8636,1.0,0.2,0.2236,0.4444,0.0,0.6574,"1,2,3,4,5",0.0,1.0,1.0,0.0,0.8052,0.0,0.5,0.0,0.6994,0.6146,0.7097,0.0,
2026-08-18,4044,セントラル硝子,化学,62.17,0.4,除外,0.9625,0.6937,0.3358,,0.4951,0.0,0.8764,0.0,0.4667,,0.1053,0.5,0.4727,0.4742,0.1237,0.9096,"3,4,5",1.0,1.0,1.0,1.0,1.0,1.0,1.0,0.7,0.6327,0.5104,0.7097,0.9219,0.2579
2026-08-18,4045,東亞合成,化学,49.37,0.2,除外,0.9841,0.4985,0.5088,0.2647,0.2127,0.2957,0.3904,0.8823,0.4667,0.2273,0.6316,0.2,0.5951,0.2556,0.0,0.0,"2,3,4,5",1.0,1.0,1.0,1.0,0.9622,0.9105,1.0,1.0,0.4813,0.3333,0.7097,0.4696,0.0
2026-08-18,4046,大阪ソーダ,化学,35.42,0.2,除外,0.8071,0.2599,0.4192,0.0859,0.1991,0.2669,0.5739,0.2361,0.6,0.0909,0.0526,0.2,0.7096,0.0867,0.0,0.0,"2,3,4,5",1.0,0.8251,0.5,1.0,1.0,0.4318,1.0,0.7,0.2151,0.1146,0.7097,0.0,0.0
2026-08-18,4047,関東電化工業,化学,53.33,0.4,除外,0.675,0.6688,0.4959,0.3435,0.4834,1.0,0.2372,0.4797,0.2667,0.8636,0.1579,0.2,0.0,0.3889,0.5607,0.9841,"3,4,5",1.0,1.0,1.0,0.0,1.0,0.0,1.0,0.4,0.976,0.9896,0.7097,0.0,0.1526
2026-08-18,4051,ＧＭＯフィナンシャルゲート,情報・通信業,62.6,0.6,監視,0.915,0.6021,0.7968,0.5218,0.2941,0.9915,0.6402,0.8891,0.6667,0.8,0.1053,0.2,0.7664,0.1111,0.2987,0.0,"4,5",1.0,0.7394,1.0,1.0,1.0,0.8803,1.0,0.7,0.5142,0.8621,0.0323,1.0,0.9818
2026-08-18,4061,デンカ,化学,38.27,0.2,除外,0.6341,0.5985,0.2048,0.2682,0.2077,0.3025,0.1835,0.0,0.3333,0.8182,0.0,0.2,0.3282,,0.295,0.0,"2,3,4,5",1.0,1.0,1.0,0.0,1.0,0.1732,0.5,0.4,0.8613,0.8229,0.7097,0.0,0.0545
2026-08-18,4062,イビデン,電気機器,54.16,0.4,除外,0.8125,0.7287,0.3835,0.3281,0.4554,0.5034,0.3902,0.5739,0.0667,0.9545,0.1579,0.2,0.0,0.4444,0.3771,1.0,"3,4,5",1.0,1.0,1.0,1.0,1.0,0.1001,1.0,0.4,0.9963,0.9831,0.9355,0.0,0.0
2026-08-18,4063,信越化学工業,化学,43.13,0.0,除外,0.5981,0.5281,0.4507,0.4256,0.1539,0.1953,0.3644,0.8434,0.4,0.8182,0.6842,0.2,0.0847,0.531,0.0,0.0,"1,2,3,4,5",1.0,1.0,1.0,0.0,1.0,0.2847,0.5,0.0,0.7256,0.6771,0.7097,0.0,0.0
2026-08-18,4064,日本カーバイド工業,化学,51.74,0.2,除外,0.727,0.5668,0.3513,0.4163,0.5256,0.7158,0.4372,0.1854,0.0667,0.9545,0.2105,0.5,0.1818,0.4444,0.4762,1.0,"2,3,4,5",1.0,1.0,1.0,0.0,1.0,0.4159,1.0,0.4,0.8073,0.75,0.7097,0.0,0.0
2026-08-18,4071,プラスアルファ・コンサルティング,情報・通信業,27.45,0.0,除外,0.0,0.3617,0.4533,0.3053,0.2523,0.3399,0.4111,0.6622,0.4,0.6,0.4211,0.2,0.0,0.4444,0.0,0.5647,"1,2,3,4,5",,,,,,,,,0.5352,0.8793,0.0323,0.0,0.0
2026-08-18,4078,堺化学工業,化学,53.43,0.4,除外,0.6125,0.518,0.6409,0.3935,0.5065,1.0,0.5881,0.7755,0.2,0.8636,0.2105,0.5,0.4291,0.4201,0.6821,0.4947,"2,4,5",1.0,1.0,1.0,0.0,1.0,0.0,0.5,0.4,0.7166,0.6458,0.7097,0.0,0.0
2026-08-18,4082,第一稀元素化学工業,化学,59.92,0.2,除外,0.5875,0.6515,0.5829,,0.5748,0.8895,0.3078,0.3343,0.8,0.0,0.0,0.5,1.0,0.156,0.6493,0.4942,"1,3,4,5",0.0,1.0,0.5,1.0,1.0,0.0,0.5,0.7,0.9588,0.9375,0.7097,0.0,
2026-08-18,4088,エア・ウォーター,化学,67.34,0.8,本命,0.696,0.3609,0.8148,0.6368,0.8586,0.5469,0.9345,0.7779,1.0,1.0,0.0526,0.5,0.9901,0.4444,1.0,1.0,2,1.0,0.6013,1.0,0.0,1.0,0.5664,1.0,0.4,0.4318,0.3021,0.7097,0.0,0.9947
2026-08-18,4091,日本酸素ホールディングス,化学,64.04,0.6,監視,0.9792,0.3224,0.7398,0.4313,0.7292,0.624,0.5653,0.9699,0.8,0.8,0.0526,0.2,1.0,0.4444,0.7631,0.7092,"2,4",1.0,1.0,1.0,1.0,1.0,0.8338,1.0,1.0,0.3613,0.2188,0.7097,0.0,0.6727
2026-08-18,4092,日本化学工業,化学,58.4,0.4,除外,0.9239,0.8629,0.5145,0.1224,0.4963,1.0,0.0148,0.7098,0.3333,0.0,0.2632,0.2,0.3122,0.3884,0.2844,1.0,"3,4,5",1.0,1.0,1.0,1.0,1.0,0.3912,1.0,1.0,0.8876,0.8542,0.7097,1.0,0.0263
2026-08-18,4095,日本パーカライジング,化学,65.38,0.8,本命,0.9275,0.6461,0.7431,0.2904,0.6622,1.0,0.5186,0.9204,0.5333,0.9091,0.0526,0.2,0.6436,0.5637,0.542,0.8993,4,1.0,1.0,1.0,1.0,1.0,0.72,1.0,0.7,0.5442,0.3958,0.7097,0.9345,0.0
2026-08-18,4099,四国化成ホールディングス,化学,41.13,0.4,除外,0.6968,0.6547,0.0615,0.3526,0.2909,0.0,0.1795,0.0,0.0667,1.0,0.2105,0.2,0.0,0.4024,0.1425,0.6186,"3,4,5",1.0,1.0,1.0,0.0,1.0,0.1748,1.0,0.4,0.961,0.9479,0.7097,0.0,0.0
2026-08-18,409A,オリオンビール,食料品,52.46,0.0,除外,,,0.5197,,0.5295,0.4676,0.6532,0.158,0.8,0.0,0.4737,1.0,1.0,0.1181,0.0,1.0,"1,2,3,4,5",,,,,,,,,,,,,
2026-08-18,4107,伊勢化学工業,化学,55.35,0.4,除外,0.3625,0.4582,0.7236,,0.6697,1.0,0.613,0.4816,0.8,0.0909,0.1053,1.0,0.6395,0.1432,0.8962,1.0,"1,2,4",0.0,1.0,0.5,0.0,1.0,0.0,0.0,0.4,0.6229,0.5,0.7097,0.0,
2026-08-18,4109,ステラ　ケミファ,化学,43.09,0.0,除外,0.5625,0.4854,0.3519,0.4784,0.2761,0.4496,0.4914,0.0,0.4667,0.8636,0.85,0.2,0.2507,0.1111,0.4255,0.317,"1,2,3,4,5",1.0,1.0,1.0,0.0,1.0,0.0,0.5,0.0,0.6694,0.5625,0.7097,0.0,0.0
2026-08-18,4114,日本触媒,化学,64.21,0.4,除外,0.9375,0.6469,0.4304,,0.5537,0.0,0.9882,0.0,0.7333,,0.8421,1.0,1.0,0.2147,0.0,1.0,"3,4,5",1.0,1.0,0.5,1.0,1.0,1.0,1.0,1.0,0.5135,0.3646,0.7097,1.0,0.2
2026-08-18,4116,大日精化工業,化学,55.75,0.4,除外,0.9331,0.7003,0.2561,,0.3407,0.0,0.6244,0.0,0.4,,0.85,0.2,1.0,0.2719,0.0,0.0908,"3,4,5",1.0,1.0,0.5,1.0,1.0,0.9646,1.0,1.0,0.6124,0.4792,0.7097,1.0,0.4182
2026-08-18,4118,カネカ,化学,75.88,0.8,本命,1.0,0.6989,0.6286,,0.7075,0.5773,0.5761,0.8277,0.5333,,0.6842,0.5,0.6261,,0.4964,1.0,4,1.0,1.0,1.0,1.0,1.0,1.0,1.0,1.0,0.6379,0.5312,0.7097,0.9167,0.0
2026-08-18,4151,協和キリン,医薬品,53.59,0.4,除外,0.7941,0.4843,0.6871,0.2344,0.4794,0.9338,0.3708,0.9105,0.5333,0.2273,0.2105,0.5,0.9489,0.1582,0.6546,0.1559,"2,4,5",1.0,1.0,1.0,1.0,0.6593,0.5938,1.0,0.1,0.3051,0.5676,0.0645,1.0,0.0
2026-08-18,417A,ブルーゾーンホールディングス,小売業,16.94,0.0,除外,0.0,0.0,0.1831,0.1463,0.5177,0.0514,0.3285,0.2859,0.0667,0.2273,0.1579,0.2,0.5585,0.1294,0.3827,1.0,"1,2,3,4,5",,,,,,,,,,,,,0.0
2026-08-18,4180,Ａｐｐｉｅｒ　Ｇｒｏｕｐ,情報・通信業,30.23,0.2,除外,0.0,0.0,0.6943,0.2434,0.574,1.0,0.4796,0.6975,0.6,0.0,0.4737,0.5,1.0,0.1111,0.7894,0.3955,"1,2,4,5",,,,,,,,,,,,,0.0
2026-08-18,4182,三菱瓦斯化学,化学,40.71,0.2,除外,0.5625,0.6095,0.2616,0.2545,0.3472,0.2247,0.2884,0.0,0.5333,0.8182,0.0,0.2,0.0604,0.4264,0.3522,0.5499,"1,3,4,5",1.0,1.0,1.0,0.0,1.0,0.0,0.5,0.0,0.8846,0.8438,0.7097,0.0,0.0
2026-08-18,4183,三井化学,化学,59.93,0.4,除外,0.9647,0.3927,0.4973,0.4384,0.7034,0.312,0.6808,0.1299,0.8667,0.2273,0.0526,0.5,0.9548,0.0925,0.7663,1.0,"2,3,4",1.0,1.0,1.0,1.0,1.0,0.7174,1.0,1.0,0.5,0.3542,0.7097,0.0068,0.9737
2026-08-18,4186,東京応化工業,化学,50.78,0.4,除外,0.6517,0.6356,0.3728,0.5197,0.3592,0.1804,0.4021,0.3085,0.6,1.0,0.5789,0.5,0.0779,0.3591,0.0,1.0,"3,4,5",1.0,1.0,1.0,0.0,1.0,0.2138,1.0,0.0,0.9265,0.9062,0.7097,0.0,0.0
2026-08-18,4187,大阪有機化学工業,化学,44.8,0.2,除外,0.6929,0.5942,0.2862,0.2795,0.3872,0.0077,0.1384,0.932,0.0667,0.8636,0.0,0.2,0.0,0.2222,0.3267,1.0,"2,3,4,5",1.0,1.0,1.0,0.0,1.0,0.1429,1.0,0.4,0.8546,0.8125,0.7097,0.0,0.0545
2026-08-18,4188,三菱ケミカルグループ,化学,78.09,0.6,監視,1.0,0.7742,0.5511,,0.7982,0.3934,0.3667,0.9108,0.5333,,0.0,0.5,0.7617,,0.6329,1.0,"3,4",1.0,1.0,1.0,1.0,1.0,1.0,1.0,1.0,0.7204,0.6667,0.7097,1.0,0.9579
2026-08-18,4189,ＫＨネオケム,化学,53.29,0.2,除外,0.9908,0.5975,0.4454,,0.098,0.2372,0.791,0.2868,0.4667,,0.55,0.5,0.0878,0.3042,0.0,0.0,"2,3,4,5",1.0,1.0,1.0,1.0,1.0,0.9262,1.0,1.0,0.4093,0.2708,0.7097,1.0,0.6545
2026-08-18,4194,ビジョナル,情報・通信業,26.05,0.2,除外,0.0,0.0,0.6831,0.3805,0.239,1.0,0.2388,0.9602,0.5333,0.0,0.8947,0.5,0.4056,0.1205,0.4299,0.0,"1,2,4,5",,,,,,,,,,,,,0.1273
2026-08-18,4202,ダイセル,化学,59.73,0.4,除外,0.9323,0.6045,0.5844,0.3132,0.5522,0.4763,0.3705,0.9573,0.5333,0.2273,0.0526,0.5,1.0,0.1679,0.9927,0.0481,"3,4,5",1.0,0.8647,1.0,1.0,1.0,0.5936,1.0,1.0,0.4168,0.2917,0.7097,1.0,0.4727
2026-08-18,4203,住友ベークライト,化学,64.44,0.4,除外,0.9568,0.8097,0.5335,,0.2778,0.0,0.9296,0.5376,0.6667,,0.1579,0.2,0.0,0.1111,0.0,1.0,"3,4,5",1.0,1.0,1.0,1.0,1.0,0.9548,1.0,0.7,0.7894,0.7396,0.7097,1.0,0.8684
2026-08-18,4204,積水化学工業,化学,42.08,0.4,除外,0.0,0.5205,0.7135,0.1594,0.7107,1.0,0.5192,0.5348,0.8,0.2273,0.2105,0.2,0.9695,0.1275,0.8839,0.8618,"1,2,4",,,,,,,,,0.2264,0.1458,0.7097,1.0,0.0
2026-08-18,4205,日本ゼオン,化学,69.32,0.4,除外,0.9625,0.7586,0.528,,0.5237,0.0,0.4871,0.8916,0.7333,,0.2105,0.2,0.5115,0.2569,0.3263,1.0,"3,4,5",1.0,1.0,1.0,1.0,1.0,1.0,1.0,0.7,0.7114,0.6354,0.7097,0.978,0.9368
2026-08-18,4206,アイカ工業,化学,47.58,0.2,除外,0.9247,0.5295,0.3112,,0.138,0.0,0.6446,0.0,0.6,,0.4737,0.5,0.1357,0.2411,0.0,0.175,"2,3,4,5",1.0,0.6153,1.0,1.0,0.8108,0.9715,1.0,1.0,0.2519,0.1562,0.7097,1.0,0.5091
2026-08-18,4208,ＵＢＥ,化学,68.58,0.4,除外,1.0,0.7044,0.4469,,0.592,0.3774,0.4619,0.215,0.7333,,0.1053,0.2,1.0,0.3512,0.0167,1.0,"3,4,5",1.0,1.0,1.0,1.0,1.0,1.0,1.0,1.0,0.6184,0.4896,0.7097,1.0,0.9818
2026-08-18,4212,積水樹脂,化学,59.03,0.6,監視,0.9763,0.6787,0.7797,0.354,0.1629,0.9988,1.0,0.4533,0.6667,0.0,0.525,0.2,0.3876,,0.1011,0.0,"4,5",1.0,1.0,1.0,1.0,1.0,0.8102,1.0,1.0,0.5885,0.4167,0.7097,1.0,0.6909
2026-08-18,4216,旭有機材,化学,53.66,0.2,除外,0.5698,0.5419,0.7943,0.486,0.291,0.9069,0.6279,0.9756,0.6667,0.9545,0.7895,0.2,0.0,0.4444,0.6089,0.1105,"1,2,4,5",1.0,1.0,1.0,0.0,1.0,0.0585,0.5,0.0,0.7496,0.7083,0.7097,0.0,0.0
2026-08-18,4220,リケンテクノス,化学,48.48,0.4,除外,0.9783,0.7998,0.3239,0.2188,0.103,0.0,0.8956,0.0,0.4,0.0,0.675,0.2,0.3091,,0.0,0.0,"3,4,5",1.0,1.0,1.0,1.0,1.0,0.8266,1.0,1.0,0.7706,0.7188,0.7097,1.0,0.0
2026-08-18,4221,大倉工業,化学,26.98,0.0,除外,0.0,0.5939,0.3343,,0.1512,0.0,0.2223,0.7816,0.3333,,0.925,0.5,0.4535,,0.0,0.0,"1,2,3,4,5",,,,,,,,,0.4055,0.2604,0.7097,1.0,0.2
2026-08-18,4246,ダイキョーニシカワ,化学,66.33,0.4,除外,1.0,0.5208,0.5047,,0.6278,0.6685,0.3301,0.3537,0.6667,,0.3158,0.2,1.0,0.3167,0.1944,1.0,"2,3,4",1.0,1.0,1.0,1.0,1.0,1.0,1.0,1.0,0.7174,0.6562,0.7097,0.0,0.0
2026-08-18,4259,エクサウィザーズ,情報・通信業,63.48,0.6,監視,0.7125,0.4721,0.73,0.5287,0.7309,1.0,0.3643,0.9555,0.6,0.7727,0.0,0.5,0.6468,0.4444,0.8323,1.0,"2,4",1.0,1.0,1.0,0.0,1.0,0.0,1.0,0.7,0.8733,0.9828,0.0323,0.0,0.8421
2026-08-18,4272,日本化薬,化学,55.45,0.4,除外,0.9452,0.5104,0.3782,0.2677,0.6713,0.2054,0.3303,0.6436,0.3333,0.8182,0.0526,0.2,0.9866,0.4373,0.2613,1.0,"2,3,4",1.0,1.0,1.0,1.0,1.0,0.8615,1.0,0.7,0.7069,0.625,0.7097,0.0,0.0
2026-08-18,4275,カーリット,化学,48.71,0.4,除外,0.3875,0.6138,0.2753,,0.6718,0.3371,0.1652,0.0655,0.5333,0.2273,0.0,1.0,0.9828,0.146,0.5584,1.0,"1,3,4",0.0,1.0,0.5,0.0,1.0,0.0,0.5,0.1,0.8508,0.8021,0.7097,0.0926,
2026-08-18,4290,プレステージ・インターナショナル,サービス業,51.37,0.2,除外,0.8006,0.5027,0.4691,0.3891,0.407,0.0438,0.6236,0.7422,0.4667,0.0,0.9474,0.5,1.0,0.0982,0.0,0.5296,"2,3,4,5",1.0,0.678,0.5,1.0,0.5065,0.7203,1.0,1.0,0.3576,0.6353,0.129,0.8888,0.1091
2026-08-18,4293,セプテーニ・ホールディングス,サービス業,62.95,0.6,監視,0.8566,0.3414,0.7596,0.5269,0.663,1.0,0.4484,0.9232,0.6667,0.8182,0.1053,0.2,0.4819,0.3889,0.7811,1.0,"2,4",1.0,1.0,1.0,1.0,1.0,0.5524,1.0,0.3,0.4835,0.7529,0.129,0.0,0.9842
2026-08-18,4307,野村総合研究所,情報・通信業,15.34,0.0,除外,0.0,0.0,0.3523,,0.2613,0.0,0.2714,0.5378,0.6,0.0,0.1579,0.2,0.5051,0.1335,0.4065,0.0,"1,2,3,4,5",,,,,,,,,,,,,
2026-08-18,4324,電通グループ,サービス業,51.78,0.2,除外,0.9279,0.4895,0.5038,,0.1499,0.2324,0.2424,0.807,0.7333,,0.825,0.2,0.4497,,0.0,0.0,"2,3,4,5",1.0,1.0,0.5,1.0,1.0,0.9236,1.0,1.0,0.2879,0.5412,0.129,1.0,0.4182
2026-08-18,4343,イオンファンタジー,サービス業,27.65,0.0,除外,0.0,0.4382,0.3117,0.35,0.2824,0.0,0.5852,0.2618,0.4,0.0,0.9,0.5,0.5003,0.1137,0.5157,0.0,"1,2,3,4,5",,,,,,,,,0.2121,0.4118,0.129,1.0,0.0
2026-08-18,4368,扶桑化学工業,化学,41.78,0.2,除外,0.5625,0.6615,0.135,0.3,0.43,0.0259,0.2323,0.0151,0.2667,1.0,0.0,0.2,0.1098,0.3889,0.2212,1.0,"1,3,4,5",1.0,1.0,1.0,0.0,1.0,0.0,0.5,0.0,0.9678,0.9688,0.7097,0.0,0.0
2026-08-18,4369,トリケミカル研究所,化学,46.58,0.2,除外,0.7308,0.2632,0.5765,0.2795,0.4788,0.8843,0.2008,0.6878,0.5333,0.8636,0.0,0.2,0.0009,0.5149,0.3994,1.0,"2,3,4,5",1.0,0.9263,1.0,0.0,1.0,0.2201,1.0,0.7,0.2181,0.125,0.7097,0.0,0.0545
2026-08-18,4373,シンプレクス・ホールディングス,情報・通信業,60.39,0.4,除外,0.88,0.4736,0.3575,,0.7046,0.188,0.4198,0.7554,0.0667,,0.0526,0.2,0.5513,,0.5625,1.0,"2,3,4",1.0,0.6823,0.5,1.0,1.0,0.858,1.0,1.0,0.2961,0.7155,0.0323,0.8504,0.4182
2026-08-18,4385,メルカリ,情報・通信業,49.6,0.4,除外,0.9705,0.702,0.3441,0.1632,0.3001,0.3274,0.5727,0.0764,0.4,0.0,0.1053,0.2,0.5977,0.384,0.2186,0.0,"3,4,5",1.0,1.0,1.0,1.0,1.0,0.7638,1.0,1.0,0.8103,0.9655,0.0323,1.0,0.3474
2026-08-18,4390,ＩＰＳ,情報・通信業,60.54,0.4,除外,0.8934,0.4074,0.4128,0.5598,0.7537,0.9105,0.3405,0.0667,0.3333,0.8182,0.0526,0.5,1.0,0.4278,0.5869,1.0,"2,3,4",1.0,0.7139,1.0,1.0,1.0,0.4333,1.0,1.0,0.6837,0.9138,0.0323,0.0,0.8684
2026-08-18,4392,ＦＩＧ,情報・通信業,61.4,0.8,本命,0.625,0.5026,0.6703,0.6333,0.6389,1.0,0.1335,0.9477,0.6,0.7727,0.75,0.2,1.0,0.5556,0.0,1.0,2,1.0,1.0,1.0,0.0,1.0,0.0,1.0,0.0,0.9783,1.0,0.0323,0.0,0.8105
2026-08-18,4401,ＡＤＥＫＡ,化学,46.59,0.2,除外,0.8818,0.4986,0.3072,0.174,0.4678,0.0,0.6953,0.0,0.5333,0.0909,0.1053,0.5,0.7359,0.1352,0.0,1.0,"2,3,4,5",1.0,1.0,0.5,1.0,1.0,0.8547,1.0,0.7,0.6912,0.5938,0.7097,0.0,0.0
2026-08-18,4403,日油,化学,35.14,0.2,除外,0.3043,0.0,0.2874,,0.8138,0.6625,0.186,0.101,0.2,0.0,0.0526,0.2,1.0,0.3046,0.9506,1.0,"1,2,3,4",0.0,0.7506,0.0,1.0,0.2833,0.3005,0.0,0.1,,,,,
2026-08-18,4413,ボードルア,情報・通信業,52.62,0.4,除外,0.7122,0.4734,0.6173,0.5236,0.3045,0.3937,0.3448,0.9975,0.7333,0.6,0.1579,0.5,0.4663,0.1266,0.269,0.3562,"2,4,5",1.0,0.7669,0.5,1.0,1.0,0.331,1.0,0.1,0.2234,0.6379,0.0323,1.0,0.8364
2026-08-18,4419,Ｆｉｎａｔｅｘｔホールディングス,情報・通信業,69.97,0.6,監視,0.9816,0.636,0.6839,,0.4974,0.7163,0.4644,0.8884,0.6667,,0.0526,0.5,0.9698,0.3292,0.6905,0.0,"4,5",1.0,1.0,1.0,1.0,1.0,0.8529,1.0,1.0,0.6237,0.8879,0.0323,1.0,0.8947
2026-08-18,4425,Ｋｕｄａｎ,情報・通信業,57.18,0.4,除外,0.375,0.4383,0.7435,,0.7305,1.0,0.4399,0.7341,0.8,0.6818,0.3684,0.2,1.0,0.4494,0.4725,1.0,"1,2,4",0.0,1.0,0.5,0.0,1.0,0.0,0.5,0.0,0.7901,0.931,0.0323,0.0,
2026-08-18,4431,スマレジ,情報・通信業,47.33,0.4,除外,0.868,0.0,0.6839,,0.3413,1.0,0.8715,0.3307,0.5333,,0.525,1.0,0.5374,,0.4864,0.0,"2,4,5",1.0,0.8193,0.5,1.0,1.0,0.6248,1.0,1.0,,,,,0.4727
2026-08-18,4432,ウイングアーク１ｓｔ,情報・通信業,17.63,0.0,除外,0.0,0.0,0.4011,0.3055,0.1751,0.0,0.5014,0.903,0.2,0.0,0.8947,0.2,0.5555,0.1451,0.0,0.0,"1,2,3,4,5",,,,,,,,,,,,,0.1273
2026-08-18,4443,Ｓａｎｓａｎ,情報・通信業,44.19,0.2,除外,0.8718,0.0,0.4935,0.3682,0.4761,0.6454,0.3781,0.4837,0.4667,0.0,0.8,0.2,0.4143,,0.6374,0.3765,"2,3,4,5",1.0,0.6066,0.5,1.0,1.0,0.8674,1.0,1.0,,,,,0.4727
2026-08-18,4452,花王,化学,40.89,0.2,除外,0.8789,0.5169,0.2316,,0.0082,0.0628,0.4635,0.0,0.4,,0.1579,0.5,0.0245,,0.0,0.0,"2,3,4,5",1.0,0.6837,0.5,1.0,0.9003,0.9476,1.0,1.0,0.2226,0.1354,0.7097,1.0,0.4909
2026-08-18,4461,第一工業製薬,化学,60.76,0.4,除外,0.9625,0.8953,0.2811,,0.2915,0.0,0.5244,0.0,0.6,,0.2105,0.2,0.0,,0.0,0.8745,"3,4,5",1.0,1.0,1.0,1.0,1.0,1.0,1.0,0.7,0.9445,0.9271,0.7097,1.0,0.0727
2026-08-18,4471,三洋化成工業,化学,49.93,0.2,除外,0.9375,0.4319,0.3667,,0.2613,0.0,1.0,0.0,0.4667,,0.1053,0.5,0.812,0.233,0.0,0.0,"2,3,4,5",1.0,1.0,0.5,1.0,1.0,1.0,1.0,1.0,0.5907,0.4271,0.7097,0.0,0.0
2026-08-18,4475,ＨＥＮＮＧＥ,情報・通信業,10.76,0.0,除外,0.0,0.0,0.2998,,0.1305,0.0,0.799,0.0,0.4,,0.975,1.0,0.2684,,0.0239,0.0993,"1,2,3,4,5",,,,,,,,,,,,,0.3091
2026-08-18,4477,ＢＡＳＥ,情報・通信業,16.63,0.0,除外,0.0,0.0,0.3356,,0.3297,0.1104,0.3265,0.3056,0.6,0.0,0.1579,1.0,0.6375,0.0733,0.3084,0.2997,"1,2,3,4,5",,,,,,,,,,,,,
2026-08-18,4478,フリー,情報・通信業,30.79,0.2,除外,0.0,0.0,0.6326,0.4868,0.4198,0.5413,0.498,0.6911,0.8,0.0,0.9474,1.0,1.0,0.1259,0.5535,0.0,"1,2,4,5",,,,,,,,,,,,,0.0
2026-08-18,4480,メドレー,情報・通信業,34.46,0.4,除外,0.0,0.0,0.6869,,0.6913,0.5977,0.4763,0.8737,0.8,0.0,0.3158,1.0,1.0,0.1281,0.6372,1.0,"1,2,4",,,,,,,,,,,,,
2026-08-18,4481,ベース,情報・通信業,25.24,0.0,除外,0.0,0.0,0.4223,0.2614,0.5784,1.0,0.1029,0.3198,0.2667,0.5455,0.0,0.5,0.8919,0.1028,0.7012,0.6176,"1,2,3,4,5",,,,,,,,,,,,,0.0
2026-08-18,4483,ＪＭＤＣ,情報・通信業,30.48,0.2,除外,0.0,0.0,0.5306,,0.6887,0.6912,0.5233,0.2413,0.6667,0.0,0.0526,0.5,1.0,0.1427,0.6123,1.0,"1,2,3,4",,,,,,,,,,,,,
2026-08-18,4502,武田薬品工業,医薬品,55.11,0.2,除外,0.8222,0.5629,0.5724,0.3458,0.452,0.4995,0.483,0.8404,0.4667,0.4091,0.2105,0.2,0.5173,0.1944,0.2485,0.8479,"2,3,4,5",1.0,1.0,0.5,1.0,1.0,0.7772,1.0,0.3,0.4573,0.7297,0.0645,1.0,0.5636
2026-08-18,4503,アステラス製薬,医薬品,53.47,0.4,除外,0.8808,0.4213,0.4604,0.297,0.6142,0.3084,0.5307,0.6024,0.4,0.4091,0.5789,0.2,1.0,0.1399,0.3169,1.0,"2,3,4",1.0,1.0,0.5,1.0,1.0,0.5462,1.0,1.0,0.7016,0.9189,0.0645,0.0,0.0
2026-08-18,4506,住友ファーマ,医薬品,45.92,0.4,除外,0.0,0.3963,0.6402,,0.8003,0.5385,0.2801,0.9423,0.8,0.0,0.0,0.2,1.0,0.2013,1.0,1.0,"1,2,4",,,,,,,,,0.6289,0.8919,0.0645,0.0,
2026-08-18,4507,塩野義製薬,医薬品,37.89,0.2,除外,0.2833,0.247,0.3277,,0.6576,0.3921,0.1786,0.4733,0.2667,0.2273,0.1579,0.2,1.0,0.1829,0.4477,1.0,"1,2,3,4",0.0,1.0,0.5,0.0,0.5864,0.0797,0.0,0.1,0.3291,0.5946,0.0645,0.0,
2026-08-18,4516,日本新薬,医薬品,35.12,0.0,除外,0.2489,0.3478,0.3089,,0.4994,0.0,0.0,0.8354,0.4,0.0,0.4737,0.2,0.8987,0.0989,0.0,1.0,"1,2,3,4,5",0.0,0.9437,0.5,0.0,0.5471,0.0,0.0,0.0,0.5427,0.7838,0.0645,0.0,
2026-08-18,4519,中外製薬,医薬品,32.58,0.2,除外,0.2211,0.0,0.4401,,0.642,0.1607,0.364,0.7024,0.5333,0.2273,0.95,0.5,1.0,0.1346,0.4334,1.0,"1,2,3,4",0.0,0.6182,0.5,0.0,0.6505,0.0,0.0,0.0,,,,,
2026-08-18,4521,科研製薬,医薬品,35.33,0.2,除外,0.7118,0.1865,0.1959,0.1068,0.5656,0.0,0.2184,0.1652,0.4,0.2273,0.0,0.2,1.0,0.1057,0.1566,1.0,"2,3,4,5",1.0,0.6771,0.5,1.0,0.4004,0.6167,0.5,1.0,0.2219,0.4595,0.0645,0.0,0.0
2026-08-18,4523,エーザイ,医薬品,41.21,0.0,除外,0.0,0.458,0.5192,0.5381,0.5452,0.5653,0.3933,0.9182,0.2,0.2273,0.925,1.0,0.9383,0.139,0.1036,1.0,"1,2,3,4,5",,,,,,,,,0.2541,0.5135,0.0645,1.0,0.0
2026-08-18,4526,理研ビタミン,食料品,66.86,0.4,除外,0.8589,0.5362,0.8108,,0.4685,1.0,0.5635,0.9464,0.7333,,0.2105,0.5,0.6059,,0.5757,0.224,"2,4,5",1.0,0.9625,1.0,1.0,0.6879,0.9207,1.0,0.3,0.3988,0.52,0.2258,1.0,0.7455
2026-08-18,4527,ロート製薬,医薬品,19.44,0.0,除外,0.0,0.3208,0.2409,,0.2158,0.0,0.8302,0.0,0.1333,,0.1053,0.5,0.3446,0.132,0.0,0.3868,"1,2,3,4,5",,,,,,,,,0.4618,0.7568,0.0645,0.0,0.0
2026-08-18,4528,小野薬品工業,医薬品,50.4,0.4,除外,0.7142,0.4691,0.5478,0.1831,0.6058,0.69,0.2687,0.8324,0.4,0.2273,0.2105,0.2,0.9032,0.125,0.7912,0.6039,"2,3,4",1.0,1.0,0.5,1.0,1.0,0.6134,0.5,0.1,0.7264,0.973,0.0645,0.1126,0.0947
2026-08-18,4534,持田製薬,医薬品,33.9,0.2,除外,0.0,0.2227,0.4111,,0.7221,0.0606,0.274,0.6431,0.6667,0.2273,0.0,0.2,1.0,0.1501,0.7382,1.0,"1,2,3,4",,,,,,,,,0.2856,0.5405,0.0645,0.0,
2026-08-18,4536,参天製薬,医薬品,53.65,0.2,除外,0.6904,0.4385,0.4634,0.5474,0.5427,0.4423,0.4494,0.6952,0.2667,0.8,0.2105,0.2,0.7184,,0.4293,0.4804,"2,3,4,5",1.0,1.0,1.0,0.0,1.0,0.5233,1.0,0.0,0.563,0.8108,0.0645,0.3156,0.9789
2026-08-18,4540,ツムラ,医薬品,25.7,0.0,除外,0.283,0.2585,0.2118,,0.2746,0.0,0.3896,0.3241,0.1333,0.0909,0.1579,0.2,0.7902,0.1023,0.2059,0.0,"1,2,3,4,5",0.0,0.7997,0.5,0.0,0.298,0.5666,0.0,0.1,0.3478,0.6216,0.0645,0.0,
2026-08-18,4543,テルモ,精密機器,25.1,0.0,除外,0.0,0.0,0.559,,0.445,0.6023,0.3584,0.4753,0.8,,0.4211,0.5,0.4907,0.2891,0.0,1.0,"1,2,3,4,5",,,,,,,,,,,,,0.1273
2026-08-18,4544,Ｈ．Ｕ．グループホールディングス,サービス業,33.45,0.0,除外,0.0,0.4672,0.5359,,0.335,0.7277,0.4597,0.623,0.3333,,0.0526,0.2,0.8451,,0.16,0.0,"1,2,3,4,5",,,,,,,,,0.2864,0.5294,0.129,0.9241,0.0
2026-08-18,4547,キッセイ薬品工業,医薬品,41.45,0.2,除外,0.0,0.4021,0.6659,,0.5901,1.0,0.2646,0.7989,0.6,0.2273,0.2632,0.2,1.0,0.1459,0.2144,1.0,"1,2,4,5",,,,,,,,,0.2444,0.4865,0.0645,0.8132,
2026-08-18,4548,生化学工業,医薬品,38.5,0.2,除外,0.2892,0.2949,0.2666,,0.6891,0.262,0.3379,0.0,0.4667,0.7727,0.1579,0.2,1.0,0.4786,0.2778,1.0,"1,2,3,4",0.0,0.9698,0.5,0.0,0.3307,0.4132,0.0,0.1,0.4393,0.6757,0.0645,0.0,
2026-08-18,4549,栄研化学,医薬品,20.05,0.0,除外,0.0,0.3041,0.2296,,0.2683,0.0,0.0874,0.6978,0.1333,0.5,0.6842,0.2,0.1378,0.3396,0.0,0.5959,"1,2,3,4,5",,,,,,,,,0.449,0.7027,0.0645,0.0,
2026-08-18,4552,ＪＣＲファーマ,医薬品,28.08,0.2,除外,0.0,0.0,0.5158,,0.6076,0.6043,0.3553,0.8369,0.2667,0.0,0.2632,1.0,0.8204,0.1125,0.4975,1.0,"1,2,3,4",,,,,,,,,,,,,
2026-08-18,4553,東和薬品,医薬品,51.3,0.2,除外,0.432,0.5429,0.4673,,0.6097,0.5325,0.5221,0.4146,0.4,0.2273,0.2105,0.2,0.9809,0.451,0.1374,0.8694,"1,2,3,4",0.0,1.0,0.5,0.0,1.0,0.356,0.5,0.1,0.6042,0.8649,0.0645,0.6379,
2026-08-18,4554,富士製薬工業,医薬品,40.01,0.0,除外,0.3125,0.3765,0.4278,,0.4837,0.4497,0.4705,0.3244,0.4667,0.4091,0.875,0.5,0.9675,0.1565,0.8109,0.0,"1,2,3,4,5",0.0,1.0,0.5,0.0,1.0,0.0,0.0,0.0,0.6034,0.8378,0.0645,0.0,
2026-08-18,4559,ゼリア新薬工業,医薬品,39.2,0.2,除外,0.38,0.169,0.23,,0.789,0.1391,0.2635,0.1841,0.3333,0.7727,0.1579,0.2,1.0,0.5711,0.6858,0.8989,"1,2,3,4",0.0,0.6239,0.5,1.0,0.353,0.4633,0.0,0.1,0.2061,0.4054,0.0645,0.0,
2026-08-18,4565,ネクセラファーマ,医薬品,30.67,0.0,除外,0.0,0.1782,0.5318,0.2318,0.5918,0.7162,0.2803,0.3972,0.7333,0.7273,0.0,0.2,0.9156,0.3333,0.5234,0.5948,"1,2,3,4,5",,,,,,,,,0.2159,0.4324,0.0645,0.0,0.0
2026-08-18,4568,第一三共,医薬品,28.6,0.2,除外,0.0,0.0,0.6691,,0.4749,0.6725,0.4178,0.8528,0.7333,0.0,0.0,0.2,1.0,0.1304,0.0,0.769,"1,2,4,5",,,,,,,,,,,,,
2026-08-18,4569,杏林製薬,医薬品,21.22,0.0,除外,0.0,0.0,0.3187,,0.53,0.7159,0.2768,0.2819,0.0,0.2273,0.0,0.5,1.0,0.1201,0.0,1.0,"1,2,3,4,5",,,,,,,,,,,,,
2026-08-18,4578,大塚ホールディングス,医薬品,44.68,0.2,除外,0.9821,0.5702,0.2229,0.1882,0.2709,0.0,0.293,0.5318,0.0667,0.0,0.5263,0.2,0.4259,0.4167,0.0,0.241,"2,3,4,5",1.0,1.0,1.0,1.0,1.0,0.8567,1.0,1.0,0.7211,0.9459,0.0645,0.549,0.0263
2026-08-18,4587,ペプチドリーム,医薬品,32.98,0.4,除外,0.0,0.0,0.638,,0.6812,0.9569,0.3781,0.9505,0.2667,0.0,0.0526,0.5,0.7622,0.1642,0.7985,1.0,"1,2,4",,,,,,,,,,,,,
2026-08-18,4588,オンコリスバイオファーマ,医薬品,62.0,0.6,監視,0.8719,0.5122,0.6721,0.2142,0.8293,1.0,0.4123,0.4762,0.8,0.2727,0.2105,0.2,1.0,0.4964,0.8209,1.0,"2,4",1.0,1.0,1.0,1.0,1.0,0.2753,1.0,0.7,0.9843,1.0,0.0645,0.0,0.1737
2026-08-18,4592,サンバイオ,医薬品,35.75,0.4,除外,0.0,0.0,0.6472,,0.7829,1.0,0.1288,0.7267,0.7333,0.0,0.0,0.5,1.0,0.5556,0.5761,1.0,"1,2,4",,,,,,,,,,,,,
2026-08-18,4593,ヘリオス,医薬品,28.81,0.2,除外,0.0,0.0,0.6283,,0.5243,0.9639,0.1653,0.8508,0.5333,0.0,0.0,1.0,0.806,0.1231,0.2057,0.9622,"1,2,4,5",,,,,,,,,,,,,
2026-08-18,4595,ミズホメディー,医薬品,50.04,0.2,除外,0.5577,0.2778,0.4793,,0.6866,1.0,0.0272,0.4901,0.4,0.2273,0.0526,0.5,0.9175,0.1739,0.6547,1.0,"1,2,3,4",0.0,0.6134,0.5,1.0,0.6325,0.5161,0.5,0.7,0.3981,0.6486,0.0645,0.0,
2026-08-18,4612,日本ペイントホールディングス,化学,42.97,0.2,除外,0.9805,0.0,0.5669,,0.1714,0.5937,0.514,0.7599,0.4,,0.5,0.2,0.5141,,0.0,0.0,"2,3,4,5",1.0,1.0,1.0,1.0,1.0,0.8441,1.0,1.0,,,,,0.6545
2026-08-18,4613,関西ペイント,化学,55.77,0.4,除外,0.992,0.6895,0.408,,0.1413,0.0571,0.68,0.2283,0.6667,,0.5263,0.5,0.4238,,0.0,0.0,"3,4,5",1.0,1.0,1.0,1.0,1.0,0.936,1.0,1.0,0.6004,0.4479,0.7097,1.0,0.6545
2026-08-18,4617,中国塗料,化学,55.57,0.2,除外,0.4997,0.685,0.52,,0.5183,0.3443,0.3235,0.812,0.6,0.0,0.0526,0.2,0.6981,0.1109,0.8956,0.3687,"1,3,4,5",0.0,0.5702,0.0,1.0,0.8305,0.0966,0.5,1.0,0.593,0.4375,0.7097,1.0,
2026-08-18,4626,太陽ホールディングス,化学,41.38,0.0,除外,0.4476,0.4446,0.3191,,0.4438,0.0,0.6071,0.5358,0.1333,0.1818,0.1579,1.0,0.6533,0.1767,0.9452,0.0,"1,2,3,4,5",0.0,1.0,0.5,0.0,1.0,0.1811,0.5,0.4,0.6102,0.4583,0.7097,0.0,
2026-08-18,4631,ＤＩＣ,化学,55.44,0.2,除外,0.9625,0.5331,0.3121,,0.41,0.0,0.5819,0.0,0.6667,,0.0526,0.2,0.4974,0.1426,0.0,1.0,"2,3,4,5",1.0,1.0,1.0,1.0,1.0,1.0,1.0,0.7,0.7354,0.6875,0.7097,0.0,0.9737
2026-08-18,4633,サカタインクス,化学,55.06,0.4,除外,0.9696,0.6355,0.4994,0.4368,0.2118,0.7609,0.2557,0.5145,0.4667,0.1818,0.9474,0.2,0.6464,0.1407,0.0602,0.0,"3,4,5",1.0,0.9039,1.0,1.0,0.8629,0.9896,1.0,1.0,0.4888,0.3438,0.7097,1.0,0.4182
2026-08-18,4634,ａｒｔｉｅｎｃｅ,化学,59.82,0.4,除外,1.0,0.7238,0.3771,,0.2921,0.0691,0.6414,0.4645,0.3333,,0.525,0.2,0.7373,,0.0622,0.0767,"3,4,5",1.0,1.0,1.0,1.0,1.0,1.0,1.0,1.0,0.6439,0.5417,0.7097,1.0,0.2526
2026-08-18,4641,アルプス技研,サービス業,21.42,0.0,除外,0.0,0.0,0.5231,,0.3337,0.6751,0.3897,0.6944,0.3333,0.0,0.2105,1.0,0.1823,0.1351,0.0174,1.0,"1,2,3,4,5",,,,,,,,,,,,,
2026-08-18,4658,日本空調サービス,サービス業,39.12,0.2,除外,0.6385,0.4183,0.3489,0.195,0.3554,0.0,0.1457,0.6499,0.6,0.2273,0.0526,0.5,1.0,0.1212,0.3006,0.0,"2,3,4,5",1.0,1.0,1.0,0.0,1.0,0.6077,0.5,0.0,0.6619,0.8824,0.129,0.0,0.0
2026-08-18,4661,オリエンタルランド,サービス業,21.83,0.0,除外,0.0,0.0,0.4512,0.4381,0.2022,0.0,0.411,0.8606,0.5333,0.0,0.625,1.0,0.2318,,0.0,0.3748,"1,2,3,4,5",,,,,,,,,,,,,0.1273
2026-08-18,4665,ダスキン,サービス業,50.79,0.2,除外,0.8841,0.5381,0.3577,,0.2515,0.1338,0.6303,0.0,0.6667,,0.0,0.2,0.4984,,0.2563,0.0,"2,3,4,5",1.0,1.0,1.0,1.0,0.8543,0.9183,1.0,0.3,0.3763,0.6471,0.129,1.0,0.7636
2026-08-18,4666,パーク２４,不動産業,55.67,0.6,監視,0.6619,0.4639,0.8089,0.1908,0.6581,1.0,0.637,0.9986,0.6,0.0,0.2632,0.5,0.565,0.1955,0.872,1.0,"2,4",1.0,0.7648,0.5,1.0,0.5701,0.4601,1.0,0.0,0.3133,0.381,0.1613,1.0,0.0
2026-08-18,4674,クレスコ,情報・通信業,14.34,0.0,除外,0.0,0.0,0.2373,,0.3364,0.0,0.4158,0.0,0.5333,,0.7895,0.5,1.0,0.2866,0.0,0.0589,"1,2,3,4,5",,,,,,,,,,,,,0.1273
2026-08-18,4676,フジ・メディア・ホールディングス,情報・通信業,65.08,0.6,監視,0.8879,0.5276,0.6863,0.4303,0.7219,0.8959,0.5637,0.6857,0.6,0.5,0.0,0.5,0.7803,0.3567,0.7505,1.0,"2,4",1.0,1.0,1.0,1.0,1.0,0.803,1.0,0.3,0.5127,0.8534,0.0323,0.7118,0.7211
2026-08-18,4680,ラウンドワン,サービス業,17.62,0.0,除外,0.0,0.0,0.2871,0.2877,0.306,0.2273,0.5877,0.0,0.3333,0.0,0.1053,0.5,0.0674,0.583,0.5738,0.0,"1,2,3,4,5",,,,,,,,,,,,,0.5455
2026-08-18,4681,リゾートトラスト,サービス業,23.66,0.0,除外,0.0,0.0,0.5836,0.125,0.4745,0.5626,0.6587,0.3129,0.8,0.0,0.0,0.5,0.735,0.1238,0.039,1.0,"1,2,3,4,5",,,,,,,,,,,,,0.0
2026-08-18,4684,オービック,情報・通信業,19.57,0.0,除外,0.0,0.0,0.4422,0.3224,0.2141,0.2968,0.2204,0.9851,0.2667,0.0,0.7895,0.5,0.6742,0.1212,0.0612,0.0,"1,2,3,4,5",,,,,,,,,,,,,0.0
2026-08-18,4686,ジャストシステム,情報・通信業,36.3,0.2,除外,0.0,0.2551,0.6125,,0.5846,0.9325,0.1748,0.8093,0.5333,0.0,0.4737,0.5,0.6646,0.2577,0.4161,1.0,"1,2,4,5",,,,,,,,,0.2811,0.7069,0.0323,0.0,
2026-08-18,4689,ＬＩＮＥヤフー,情報・通信業,17.76,0.0,除外,0.0,0.0,0.4068,,0.3035,0.3672,0.4398,0.4202,0.4,,0.4737,1.0,0.7809,,0.1295,0.0,"1,2,3,4,5",,,,,,,,,,,,,0.4727
2026-08-18,4694,ビー・エム・エル,サービス業,37.43,0.2,除外,0.0,0.2685,0.5578,,0.6708,0.7311,0.4454,0.5882,0.4667,0.2273,0.2632,0.2,1.0,0.1427,0.5405,1.0,"1,2,3,4",,,,,,,,,0.3448,0.6,0.129,0.0,
2026-08-18,4704,トレンドマイクロ,情報・通信業,39.65,0.4,除外,0.0,0.0,0.7106,0.4519,0.8201,0.8099,0.3583,0.941,0.7333,0.0,0.7895,1.0,0.9929,,0.6357,0.8316,"1,2,4",,,,,,,,,,,,,0.0182
2026-08-18,4716,日本オラクル,情報・通信業,26.46,0.2,除外,0.0,0.0,0.6778,,0.3807,1.0,0.2715,0.8397,0.6,0.0,0.4211,0.5,1.0,0.1673,0.3554,0.0,"1,2,4,5",,,,,,,,,,,,,
2026-08-18,4722,フューチャー,情報・通信業,28.98,0.2,除外,0.9008,0.0,0.2584,,0.0,0.0,0.9669,0.0,0.0667,,0.975,1.0,0.0,,0.0,0.0,"2,3,4,5",1.0,0.7132,0.5,1.0,1.0,0.9935,1.0,1.0,,,,,0.2909
2026-08-18,4725,ＣＡＣ　Ｈｏｌｄｉｎｇｓ,情報・通信業,20.63,0.0,除外,0.0,0.0,0.4648,,0.3606,0.506,0.2257,0.9275,0.2,0.0,0.0,0.5,0.5361,0.1435,0.5151,0.2476,"1,2,3,4,5",,,,,,,,,,,,,
2026-08-18,4732,ユー・エス・エス,サービス業,59.28,0.4,除外,0.8606,0.6056,0.4815,,0.4233,0.5442,0.2714,0.7105,0.4,,0.1579,0.2,0.5499,0.2867,0.7153,0.1413,"3,4,5",1.0,1.0,1.0,1.0,0.716,0.8692,1.0,0.3,0.5052,0.7882,0.129,1.0,0.8909
2026-08-18,4733,オービックビジネスコンサルタント,情報・通信業,21.03,0.2,除外,0.0,0.0,0.6584,0.3301,0.0629,0.0,0.9016,0.9986,0.7333,0.0,0.975,0.2,0.1887,,0.0,0.0,"1,2,4,5",,,,,,,,,,,,,0.1455
2026-08-18,4743,アイティフォー,情報・通信業,43.02,0.2,除外,0.8057,0.4204,0.5057,0.0895,0.3296,0.5208,0.424,0.678,0.4,0.0,0.1579,0.2,0.5462,,0.0,0.4425,"2,3,4,5",1.0,1.0,0.5,1.0,0.6998,0.9459,1.0,0.3,0.3628,0.7672,0.0323,0.5194,0.0
2026-08-18,4751,サイバーエージェント,サービス業,7.5,0.0,除外,0.0,0.0,0.1189,,0.1812,0.0,0.0756,0.0,0.4,0.0,0.0,0.2,0.5436,,0.0,0.0,"1,2,3,4,5",,,,,,,,,,,,,
2026-08-18,4755,楽天グループ,サービス業,24.7,0.0,除外,0.0,0.4488,0.2067,,0.3326,0.2823,0.2111,0.0,0.3333,0.0,0.9474,0.5,0.8863,0.2104,0.2339,0.0,"1,2,3,4,5",,,,,,,,,0.2309,0.4353,0.129,1.0,
2026-08-18,4765,ＳＢＩグローバルアセットマネジメント,サービス業,12.41,0.0,除外,0.0,0.0,0.3569,0.1553,0.1084,0.0,0.5412,0.8863,0.0,0.0,0.4211,0.2,0.1334,0.1237,0.0,0.1763,"1,2,3,4,5",,,,,,,,,,,,,0.0
2026-08-18,4768,大塚商会,情報・通信業,48.18,0.2,除外,0.8274,0.4707,0.5101,,0.119,0.6544,0.3731,0.813,0.2,,0.6842,0.5,0.357,,0.0,0.0,"2,3,4,5",1.0,0.7566,0.0,1.0,0.8897,0.9733,1.0,1.0,0.2211,0.6293,0.0323,1.0,0.1273
2026-08-18,4776,サイボウズ,情報・通信業,34.53,0.4,除外,0.0,0.0,0.7124,0.3673,0.6467,1.0,0.4308,0.5522,0.8667,0.0,0.8421,0.5,0.4972,,0.5232,0.9198,"1,2,4",,,,,,,,,,,,,0.1273
2026-08-18,4784,ＧＭＯインターネット,サービス業,31.51,0.2,除外,0.0,0.0,0.5561,,0.7043,0.404,0.4378,0.9827,0.4,0.0,0.8421,1.0,1.0,0.1068,0.7105,1.0,"1,2,3,4",,,,,,,,,,,,,
2026-08-18,4812,電通総研,情報・通信業,50.72,0.2,除外,0.9277,0.576,0.4143,0.1545,0.4632,0.0089,0.2937,0.8879,0.4667,0.0,0.0,0.2,0.7292,0.1238,1.0,0.0,"2,3,4,5",1.0,1.0,0.5,1.0,1.0,0.9215,1.0,1.0,0.4528,0.819,0.0323,1.0,0.4182
2026-08-18,4816,東映アニメーション,情報・通信業,16.66,0.0,除外,0.0,0.0,0.2361,,0.4305,0.0,0.3145,0.1632,0.4667,,0.95,0.5,0.8234,,0.3949,0.0732,"1,2,3,4,5",,,,,,,,,,,,,0.1455
2026-08-18,4819,デジタルガレージ,情報・通信業,35.73,0.4,除外,0.0,0.0,0.6807,,0.7487,1.0,0.4253,0.7642,0.5333,0.0,0.0526,1.0,1.0,0.4444,1.0,0.5502,"1,2,4",,,,,,,,,,,,,
2026-08-18,4825,ウェザーニューズ,情報・通信業,30.63,0.0,除外,0.0,0.2404,0.524,,0.4609,0.5452,0.1083,0.9091,0.5333,0.7727,0.0,1.0,0.6615,0.0929,0.6515,0.4379,"1,2,3,4,5",,,,,,,,,0.2654,0.6638,0.0323,0.0,
2026-08-18,4826,ＣＩＪ,情報・通信業,52.85,0.4,除外,0.7491,0.3822,0.6922,0.2303,0.5887,0.946,0.9092,0.1804,0.7333,0.0,0.4211,0.5,0.7862,0.1431,0.4254,1.0,"2,4,5",1.0,0.8003,0.0,1.0,0.4989,0.6934,1.0,1.0,0.2789,0.6983,0.0323,0.5196,0.0
2026-08-18,4848,フルキャストホールディングス,サービス業,24.35,0.0,除外,0.0,0.0,0.5516,,0.4223,0.6424,0.3647,0.7327,0.4667,,0.0526,0.5,0.5185,,0.0,0.7485,"1,2,3,4,5",,,,,,,,,,,,,0.0
2026-08-18,4849,エン,サービス業,20.88,0.0,除外,0.0,0.0,0.2852,0.4079,0.3509,0.0,0.6741,0.0,0.4667,0.0,0.6316,1.0,0.8933,0.156,0.0,0.3544,"1,2,3,4,5",,,,,,,,,,,,,0.0
2026-08-18,4886,あすか製薬ホールディングス,医薬品,19.51,0.0,除外,0.0,0.0,0.252,,0.5285,0.2093,0.3322,0.0,0.4667,0.5909,0.975,0.2,1.0,0.4444,0.3739,0.2958,"1,2,3,4,5",,,,,,,,,,,,,
2026-08-18,4887,サワイグループホールディングス,医薬品,24.12,0.2,除外,0.0,0.0,0.2931,,0.6717,0.445,0.2758,0.2516,0.2,0.0,0.2632,1.0,1.0,0.1333,0.5534,1.0,"1,2,3,4",,,,,,,,,,,,,
2026-08-18,4889,レナサイエンス,医薬品,28.24,0.2,除外,0.0,0.0,0.448,,0.6815,0.8569,0.3351,0.0,0.6,0.0,0.0526,1.0,1.0,0.1955,0.5303,1.0,"1,2,3,4",,,,,,,,,,,,,
2026-08-18,4894,クオリプス,医薬品,25.63,0.0,除外,0.0,0.0,0.5277,,0.4976,0.5448,0.1853,0.9809,0.4,0.1364,0.2105,1.0,0.4756,0.1171,0.3976,1.0,"1,2,3,4,5",,,,,,,,,,,,,
2026-08-18,4901,富士フイルムホールディングス,化学,34.49,0.0,除外,0.2336,0.5855,0.2242,,0.3361,0.112,0.2516,0.0,0.5333,0.0,0.0526,0.5,0.6216,,0.0,0.3867,"1,2,3,4,5",0.0,0.5962,0.5,0.0,0.3738,0.2986,0.0,0.1,0.3928,0.2396,0.7097,1.0,
2026-08-18,4902,コニカミノルタ,電気機器,46.11,0.4,除外,0.8957,0.6666,0.3614,0.05,0.3316,0.0601,0.395,0.5903,0.4,0.0,0.0,0.2,0.2762,0.1552,0.5371,0.3578,"3,4,5",1.0,1.0,0.5,1.0,1.0,0.6659,1.0,1.0,0.5195,0.2627,0.9355,0.9488,0.0
2026-08-18,4911,資生堂,化学,54.69,0.2,除外,0.9182,0.5601,0.3865,0.4,0.4698,0.0337,0.4465,0.4659,0.6,0.0,1.0,0.2,0.8354,0.1758,0.1658,0.7024,"2,3,4,5",1.0,1.0,0.5,1.0,1.0,0.8453,1.0,1.0,0.3328,0.1979,0.7097,1.0,0.4
2026-08-18,4912,ライオン,化学,53.59,0.2,除外,0.9859,0.5771,0.3518,,0.2286,0.1864,0.429,0.192,0.6,,0.4737,0.2,0.3505,0.0996,0.0,0.4644,"2,3,4,5",1.0,0.9733,1.0,1.0,0.9309,0.9831,1.0,1.0,0.3696,0.2292,0.7097,1.0,0.7455
2026-08-18,4914,高砂香料工業,化学,23.9,0.0,除外,0.0,0.0,0.3915,,0.5645,0.3638,0.3875,0.2148,0.6,0.0,0.1053,1.0,1.0,0.1664,0.3384,0.7533,"1,2,3,4,5",,,,,,,,,,,,,
2026-08-18,4919,ミルボン,化学,55.12,0.2,除外,1.0,0.5902,0.3284,,0.2863,0.1396,0.5742,0.0,0.6,,0.0,1.0,0.8588,,0.0,0.0,"2,3,4,5",1.0,1.0,1.0,1.0,1.0,1.0,1.0,1.0,0.401,0.25,0.7097,1.0,0.7636
2026-08-18,4922,コーセー,化学,18.51,0.0,除外,0.0,0.0,0.1927,0.3228,0.41,0.0,0.3865,0.1176,0.2667,0.2273,0.7368,0.2,0.4166,0.1236,0.2288,0.8712,"1,2,3,4,5",,,,,,,,,,,,,0.1273
2026-08-18,4927,ポーラ・オルビスホールディングス,化学,40.87,0.2,除外,0.7555,0.5334,0.3177,,0.0285,0.0,0.675,0.1289,0.4667,,0.0526,0.5,0.0,0.0963,0.0,0.0175,"2,3,4,5",1.0,0.532,0.0,1.0,0.5131,0.9986,1.0,1.0,0.2571,0.1667,0.7097,1.0,0.0
2026-08-18,4928,ノエビアホールディングス,化学,42.95,0.2,除外,0.77,0.547,0.3961,0.3517,0.0826,0.0,0.1627,0.8217,0.6,0.0,0.825,0.2,0.2479,,0.0,0.0,"2,3,4,5",1.0,0.8018,0.0,1.0,0.5171,0.8413,1.0,1.0,0.2909,0.1875,0.7097,1.0,0.3818
2026-08-18,4956,コニシ,化学,51.6,0.2,除外,0.9228,0.4134,0.4109,0.3132,0.5197,0.1057,0.2867,0.6514,0.6,1.0,0.0526,0.2,0.5885,0.2473,0.2809,0.9619,"2,3,4,5",1.0,1.0,1.0,1.0,0.7174,0.9653,1.0,0.7,0.5367,0.3854,0.7097,0.0216,0.0
2026-08-18,4958,長谷川香料,化学,71.0,0.6,監視,0.9767,0.4987,0.7009,,0.6638,0.8462,0.4428,0.9147,0.6,,0.4,0.2,0.7911,0.1111,0.7532,1.0,"2,4",1.0,1.0,1.0,1.0,0.8193,0.994,1.0,1.0,0.3418,0.2083,0.7097,0.7349,0.9368
2026-08-18,4966,上村工業,化学,31.57,0.2,除外,0.5625,0.6405,0.0249,0.3215,0.0291,0.0,0.0466,0.053,0.0,0.9545,0.0,0.2,0.0,,0.0872,0.0,"1,3,4,5",1.0,1.0,1.0,0.0,1.0,0.0,0.5,0.0,0.9355,0.9167,0.7097,0.0,0.1316
2026-08-18,4967,小林製薬,化学,39.82,0.2,除外,0.6181,0.2865,0.5055,0.2031,0.3777,0.5763,0.501,0.6782,0.2667,0.4545,0.1579,0.2,0.049,0.1944,0.4132,0.8541,"2,3,4,5",1.0,0.6926,0.5,1.0,0.3156,0.6364,0.5,0.3,0.2594,0.1771,0.7097,0.0,0.0
2026-08-18,4968,荒川化学工業,化学,51.57,0.4,除外,0.9322,0.8664,0.1329,,0.1312,0.011,0.5205,0.0,0.0,,0.0526,0.5,0.0,,0.0,0.3937,"3,4,5",1.0,1.0,1.0,1.0,1.0,0.7574,1.0,0.7,0.8913,0.8646,0.7097,1.0,0.4684
2026-08-18,4970,東洋合成工業,化学,43.88,0.2,除外,0.5625,0.658,0.1185,0.5316,0.3236,0.0,0.1407,0.0,0.3333,0.8,1.0,0.2,0.0,0.2944,0.0,1.0,"1,3,4,5",1.0,1.0,1.0,0.0,1.0,0.0,0.5,0.0,0.964,0.9583,0.7097,0.0,0.1263
2026-08-18,4971,メック,化学,43.0,0.4,除外,0.6125,0.666,0.1717,0.4123,0.2873,0.0,0.3535,0.0,0.3333,0.9545,0.1579,0.5,0.0,0.2586,0.3711,0.5194,"3,4,5",1.0,1.0,1.0,0.0,1.0,0.0,0.5,0.4,0.9753,0.9792,0.7097,0.0,0.0368
2026-08-18,4972,綜研化学,化学,33.6,0.4,除外,0.6869,0.6291,0.1798,0.184,0.0,0.0,0.4965,0.2228,0.0,0.2,0.2632,0.2,0.0,,0.0,0.0,"3,4,5",1.0,1.0,1.0,0.0,1.0,0.4954,1.0,0.0,0.9108,0.8958,0.7097,0.0,0.0727
2026-08-18,4973,日本高純度化学,化学,36.57,0.2,除外,0.6155,0.5384,0.2747,0.2886,0.1111,0.0,0.4692,0.6296,0.0,0.9545,0.0,0.2,0.0,0.4444,0.0,0.0,"2,3,4,5",1.0,1.0,1.0,0.0,1.0,0.0238,0.5,0.4,0.7459,0.6979,0.7097,0.0,0.0
2026-08-18,4975,ＪＣＵ,化学,31.71,0.2,除外,0.4375,0.6056,0.104,,0.1212,0.0,0.2828,0.0,0.1333,1.0,0.8421,0.2,0.0,,0.1333,0.2304,"1,3,4,5",0.0,1.0,1.0,0.0,1.0,0.0,0.5,0.0,0.8793,0.8333,0.7097,0.0,
2026-08-18,4980,デクセリアルズ,化学,60.88,0.4,除外,0.5625,0.5699,0.603,0.7321,0.5763,1.0,0.3016,0.6437,0.4667,0.9545,0.8421,0.2,0.3385,,0.3904,1.0,"1,2,5",1.0,1.0,1.0,0.0,1.0,0.0,0.5,0.0,0.8096,0.7604,0.7097,0.0,0.9316
2026-08-18,4985,アース製薬,化学,16.36,0.0,除外,0.0,0.0,0.3124,,0.3421,0.2775,0.7086,0.2636,0.0,0.0,0.0,1.0,0.1603,0.1313,0.0767,1.0,"1,2,3,4,5",,,,,,,,,,,,,
2026-08-18,4996,クミアイ化学工業,化学,38.14,0.4,除外,0.0,0.0,0.7378,0.488,0.681,1.0,0.3816,0.9694,0.6,0.4545,0.3158,1.0,1.0,0.3394,0.5845,0.8,"1,2,4",,,,,,,,,,,,,0.1818
2026-08-18,4997,日本農薬,化学,55.8,0.4,除外,0.9795,0.621,0.2426,,0.3889,0.0,0.5704,0.0,0.4,,0.7368,0.5,1.0,0.5556,0.0,0.0,"3,4,5",1.0,0.8605,1.0,1.0,1.0,0.9759,1.0,1.0,0.4513,0.3229,0.7097,1.0,0.2
2026-08-18,5016,ＪＸ金属,非鉄金属,63.69,0.6,監視,0.6125,0.7088,0.5785,,0.6478,0.6757,0.3793,0.7925,0.4667,0.6818,0.2105,0.2,0.5454,0.3229,0.723,1.0,"3,4",1.0,1.0,1.0,0.0,1.0,0.0,0.5,0.4,0.9925,0.875,0.9677,0.0,
2026-08-18,5019,出光興産,石油・石炭製品,59.91,0.2,除外,0.5534,0.4671,0.5907,,0.7851,0.8146,0.347,0.6678,0.5333,0.4545,0.2105,1.0,1.0,0.4167,0.7237,1.0,"1,2,3,4",0.0,1.0,0.5,1.0,1.0,0.1272,0.5,0.3,0.6514,0.75,,0.0,
2026-08-18,5020,ＥＮＥＯＳホールディングス,石油・石炭製品,57.82,0.6,監視,0.7025,0.6027,0.5384,0.32,0.7277,0.6527,0.3765,0.4576,0.6667,0.2273,0.0526,1.0,1.0,0.1595,0.767,0.9843,"3,4",1.0,1.0,0.5,1.0,1.0,0.3199,0.5,0.3,0.8081,1.0,,0.0,0.0
2026-08-18,5021,コスモエネルギーホールディングス,石油・石炭製品,63.23,0.6,監視,0.6255,0.6689,0.5677,,0.667,0.6932,0.5705,0.6739,0.3333,0.2273,0.0,0.5,1.0,0.2609,0.4071,1.0,"3,4",0.0,0.935,0.5,1.0,0.763,0.3061,0.5,1.0,0.5067,0.5,,1.0,
2026-08-18,5032,ＡＮＹＣＯＬＯＲ,情報・通信業,24.71,0.0,除外,0.0,0.0,0.5586,,0.4299,1.0,0.0082,0.5595,0.6667,0.0,0.5263,1.0,0.7237,0.0909,0.5933,0.3118,"1,2,3,4,5",,,,,,,,,,,,,
2026-08-18,5074,テスホールディングス,建設業,64.68,0.8,本命,0.675,0.6543,0.6826,0.505,0.717,0.9001,0.3456,0.7513,0.7333,0.7727,0.1053,0.5,0.9294,0.4847,0.6417,0.8121,4,1.0,1.0,1.0,0.0,1.0,0.0,1.0,0.4,0.9048,0.9706,0.7419,0.0,0.6421
2026-08-18,5076,インフロニア・ホールディングス,建設業,61.89,0.4,除外,0.8363,0.9093,0.4643,0.2882,0.5966,0.471,0.5245,0.2616,0.6,0.6,0.0526,0.5,0.644,,0.1844,0.9614,"3,4,5",1.0,1.0,1.0,1.0,1.0,0.6906,1.0,0.0,0.91,0.9853,0.7419,1.0,0.0
2026-08-18,5101,横浜ゴム,ゴム製品,57.28,0.6,監視,0.9444,0.8318,0.2211,0.0955,0.7711,0.0,0.0843,0.0,0.8,0.1818,0.0,0.2,0.6732,0.4607,0.9505,1.0,"3,4",1.0,1.0,1.0,1.0,1.0,0.8552,1.0,0.7,0.8433,1.0,0.4839,1.0,0.0
2026-08-18,5105,ＴＯＹＯ　ＴＩＲＥ,ゴム製品,31.66,0.2,除外,0.1725,0.6512,0.1554,,0.2874,0.0,0.155,0.0,0.4667,0.2273,0.0,0.2,0.9751,0.1392,0.0,0.0352,"1,3,4,5",0.0,0.5769,0.0,0.0,0.5838,0.1191,0.0,0.1,0.5375,0.5833,0.4839,1.0,
2026-08-18,5108,ブリヂストン,ゴム製品,48.81,0.4,除外,0.927,0.6131,0.2339,,0.1784,0.0,0.4728,0.063,0.4,,0.8,0.2,0.5351,,0.0,0.0,"3,4,5",1.0,1.0,0.5,1.0,1.0,0.9157,1.0,1.0,0.4685,0.5,0.4839,1.0,0.4182
2026-08-18,5110,住友ゴム工業,ゴム製品,49.89,0.4,除外,0.8711,0.7069,0.2815,0.3305,0.3045,0.2058,0.5128,0.074,0.3333,0.2273,0.8947,0.2,0.5512,0.1395,0.0896,0.4376,"3,4,5",1.0,1.0,0.5,1.0,1.0,0.4686,1.0,1.0,0.5937,0.75,0.4839,1.0,0.0
2026-08-18,5121,藤倉コンポジット,ゴム製品,46.76,0.4,除外,0.9444,0.6551,0.3786,0.1026,0.2575,0.3879,0.523,0.1368,0.4667,0.0,0.2105,0.2,0.6036,,0.0,0.1688,"3,4,5",1.0,1.0,1.0,1.0,1.0,0.8551,1.0,0.7,0.7976,0.9167,0.4839,0.4223,0.0
2026-08-18,5122,オカモト,ゴム製品,37.63,0.2,除外,0.866,0.4102,0.1629,0.1785,0.264,0.0,0.3185,0.0,0.3333,0.0,0.3684,0.2,0.7483,0.3079,0.0,0.0,"2,3,4,5",1.0,1.0,0.5,1.0,0.7252,0.7026,1.0,1.0,0.3823,0.1667,0.4839,0.608,0.1455
2026-08-18,5161,西川ゴム工業,ゴム製品,53.87,0.2,除外,0.8034,0.5891,0.2896,0.4318,0.5795,0.2642,0.3097,0.0511,0.5333,0.2273,1.0,0.5,1.0,0.2098,0.1082,1.0,"2,3,4,5",1.0,0.938,0.5,1.0,0.8734,0.1155,1.0,1.0,0.4558,0.4167,0.4839,1.0,0.0
2026-08-18,5184,ニチリン,ゴム製品,53.77,0.6,監視,0.882,0.3149,0.6148,0.1068,0.7701,0.6947,0.4619,0.7025,0.6,0.2273,0.0,0.2,1.0,0.1327,0.9478,1.0,"2,4",1.0,0.9909,1.0,1.0,0.5752,0.7897,1.0,0.7,0.4423,0.3333,0.4839,0.0,0.0
2026-08-18,5185,フコク,ゴム製品,44.93,0.2,除外,0.8065,0.4818,0.2026,0.454,0.3019,0.0,0.5436,0.0,0.2667,0.0909,0.725,1.0,1.0,0.2076,0.0,0.0,"2,3,4,5",1.0,0.5198,0.5,1.0,0.5854,0.8469,1.0,1.0,0.3598,0.0833,0.4839,1.0,0.0
2026-08-18,5186,ニッタ,ゴム製品,67.27,0.4,除外,0.9929,0.7721,0.4614,,0.4645,0.1879,0.5119,0.5459,0.6,,0.1579,0.2,0.281,,0.1125,1.0,"3,4,5",1.0,1.0,1.0,1.0,1.0,0.9434,1.0,1.0,0.7714,0.8333,0.4839,1.0,0.0
2026-08-18,5192,三ツ星ベルト,ゴム製品,50.06,0.2,除外,0.9149,0.4828,0.3003,,0.3045,0.0,0.6679,0.0,0.5333,,1.0,0.5,1.0,0.2179,0.0,0.0,"2,3,4,5",1.0,0.9816,0.5,1.0,0.8989,0.939,1.0,1.0,0.413,0.25,0.4839,0.7844,0.3273
2026-08-18,5195,バンドー化学,ゴム製品,57.74,0.4,除外,0.9901,0.681,0.3101,,0.3284,0.1197,0.439,0.2818,0.4,,0.75,0.2,1.0,0.2287,0.0,0.0848,"3,4,5",1.0,1.0,1.0,1.0,1.0,0.9208,1.0,1.0,0.5735,0.6667,0.4839,1.0,0.0
2026-08-18,5201,ＡＧＣ,ガラス・土石製品,49.71,0.2,除外,0.4375,0.5138,0.6463,,0.3907,0.9642,0.4104,0.744,0.4667,0.8636,0.975,0.2,0.5061,0.1111,0.5372,0.4083,"1,2,4,5",0.0,1.0,1.0,0.0,1.0,0.0,0.5,0.0,0.7031,0.5455,0.8065,0.0,
2026-08-18,5202,日本板硝子,ガラス・土石製品,32.26,0.0,除外,0.0,0.3118,0.4237,,0.5549,0.7741,0.0,0.2542,0.6667,0.0455,0.3158,0.5,1.0,0.2195,1.0,0.0,"1,2,3,4,5",,,,,,,,,0.3043,0.1364,0.8065,0.0,
2026-08-18,5208,有沢製作所,化学,54.66,0.4,除外,0.9394,0.8052,0.2623,0.2895,0.4365,0.3232,0.2829,0.1097,0.3333,0.8,0.1579,0.2,0.2204,0.4322,0.2199,0.8734,"3,4,5",1.0,1.0,1.0,1.0,1.0,0.8149,1.0,0.7,0.7819,0.7292,0.7097,1.0,0.0
2026-08-18,5210,日本山村硝子,ガラス・土石製品,61.08,0.8,本命,0.7238,0.6033,0.624,0.32,0.7832,1.0,0.3122,0.3836,0.8,0.2273,0.0526,1.0,1.0,0.1908,0.942,1.0,4,1.0,0.6834,0.5,1.0,0.6074,0.0,1.0,1.0,0.3793,0.2273,0.8065,1.0,0.0
2026-08-18,5214,日本電気硝子,ガラス・土石製品,39.98,0.0,除外,0.2864,0.5592,0.458,,0.2957,0.5413,0.2791,0.6783,0.3333,0.5909,0.825,0.2,0.7197,0.4444,0.0185,0.0,"1,2,3,4,5",0.0,0.7909,0.5,0.0,1.0,0.0,0.0,0.0,0.7939,0.6364,0.8065,0.0,
2026-08-18,5232,住友大阪セメント,ガラス・土石製品,68.4,0.8,本命,0.9103,0.7052,0.6105,0.5526,0.6413,0.4649,1.0,0.5772,0.4,1.0,0.0526,0.2,0.4246,0.3855,0.7553,1.0,4,1.0,1.0,1.0,1.0,1.0,0.5825,1.0,0.7,0.6507,0.3636,0.8065,1.0,0.9579
2026-08-18,5233,太平洋セメント,ガラス・土石製品,49.88,0.4,除外,0.8972,0.3271,0.512,0.0886,0.6692,0.4886,0.4641,0.6286,0.4667,0.1364,0.0,0.2,0.8491,0.1329,0.6947,1.0,"2,3,4",1.0,0.8428,1.0,1.0,0.8593,0.4758,1.0,1.0,0.3201,0.1818,0.8065,0.0,0.0182
2026-08-18,5243,ｎｏｔｅ,情報・通信業,54.18,0.4,除外,0.8351,0.6421,0.5531,0.1072,0.5713,0.0,0.6431,0.9026,0.6667,0.0,0.2105,0.2,0.4611,0.3361,0.4882,1.0,"3,4,5",1.0,1.0,0.5,1.0,1.0,0.1807,1.0,1.0,0.6394,0.8966,0.0323,1.0,0.0182
2026-08-18,5246,ＥＬＥＭＥＮＴＳ,情報・通信業,18.67,0.0,除外,0.0,0.0,0.5255,,0.2214,0.0,0.7629,0.9392,0.4,,0.95,1.0,0.3201,0.1372,0.4282,0.0,"1,2,3,4,5",,,,,,,,,,,,,0.2545
2026-08-18,5253,カバー,情報・通信業,17.94,0.0,除外,0.0,0.0,0.3163,0.25,0.3305,0.0,0.1621,0.9697,0.1333,0.0,0.0,1.0,0.0,0.113,0.4044,0.8046,"1,2,3,4,5",,,,,,,,,,,,,0.0
2026-08-18,5262,日本ヒューム,ガラス・土石製品,28.83,0.2,除外,0.0,0.0,0.5059,,0.6473,0.7251,0.4219,0.2097,0.6667,0.0,0.0526,1.0,1.0,0.162,0.4273,1.0,"1,2,3,4",,,,,,,,,,,,,
2026-08-18,5288,アジアパイルホールディングス,ガラス・土石製品,57.96,0.4,除外,0.9449,0.5,0.3541,0.245,0.8542,0.3703,0.339,0.3738,0.3333,0.7273,0.0526,0.2,1.0,0.4167,1.0,1.0,"2,3,4",1.0,1.0,1.0,1.0,1.0,0.5592,1.0,1.0,0.6934,0.5,0.8065,0.0,0.0
2026-08-18,5301,東海カーボン,ガラス・土石製品,59.78,0.4,除外,0.9412,0.536,0.3422,0.5028,0.6667,0.349,0.5532,0.0,0.4667,0.8636,0.0526,0.2,1.0,,0.0,1.0,"2,3,4",1.0,1.0,1.0,1.0,1.0,0.8294,1.0,0.7,0.7466,0.5909,0.8065,0.0,0.8947
2026-08-18,5302,日本カーボン,ガラス・土石製品,46.62,0.2,除外,0.9567,0.3667,0.5003,0.1647,0.3427,0.6318,0.5229,0.5131,0.3333,0.2273,0.1053,0.2,0.1978,0.1706,0.0026,1.0,"2,3,4,5",1.0,0.9672,1.0,1.0,0.7335,0.9525,1.0,1.0,0.3876,0.2727,0.8065,0.0,0.1263
2026-08-18,5310,東洋炭素,ガラス・土石製品,52.38,0.4,除外,0.7535,0.4682,0.6476,0.3093,0.4402,1.0,0.3968,0.6602,0.5333,0.8636,0.0,0.2,0.1616,0.4329,0.2925,0.874,"2,4,5",1.0,1.0,1.0,0.0,1.0,0.328,1.0,0.7,0.6574,0.4091,0.8065,0.0,0.1737
2026-08-18,5331,ノリタケ,ガラス・土石製品,50.64,0.4,除外,0.7146,0.5976,0.6093,0.4167,0.1937,1.0,0.3701,0.6003,0.4667,0.9545,0.1579,0.5,0.2829,0.3889,0.048,0.0548,"2,4,5",1.0,1.0,1.0,0.0,1.0,0.3172,1.0,0.4,0.8568,0.7273,0.8065,0.0,0.0545
2026-08-18,5332,ＴＯＴＯ,ガラス・土石製品,54.98,0.4,除外,0.5625,0.6422,0.6716,0.5671,0.3055,0.9161,0.4723,0.9644,0.3333,0.8,0.5789,0.5,0.1232,,0.0049,0.7883,"1,4,5",1.0,1.0,1.0,0.0,1.0,0.0,0.5,0.0,0.8988,0.8636,0.8065,0.0,0.3895
2026-08-18,5333,日本碍子,ガラス・土石製品,53.54,0.4,除外,0.625,0.6964,0.5099,0.5066,0.3392,0.608,0.3411,0.9573,0.1333,1.0,0.5263,0.5,0.0,0.3992,0.1668,0.791,"3,4,5",1.0,1.0,1.0,0.0,1.0,0.0,1.0,0.0,0.979,1.0,0.8065,0.0,0.0
2026-08-18,5334,日本特殊陶業,ガラス・土石製品,53.34,0.4,除外,0.7383,0.6295,0.4168,0.2895,0.5932,0.0177,0.4106,0.8388,0.4,0.8,0.1579,0.2,0.3383,,0.4412,1.0,"3,4,5",1.0,1.0,1.0,0.0,1.0,0.5061,1.0,0.4,0.8936,0.8182,0.8065,0.0,0.0
2026-08-18,5344,ＭＡＲＵＷＡ,ガラス・土石製品,41.52,0.2,除外,0.6205,0.4849,0.4686,0.2809,0.2214,0.4705,0.1876,0.7496,0.4667,0.8182,0.1053,0.2,0.1496,0.2549,0.481,0.0,"2,3,4,5",1.0,1.0,1.0,0.0,1.0,0.0638,0.5,0.4,0.6784,0.4545,0.8065,0.0,0.0
2026-08-18,5351,品川リフラ,ガラス・土石製品,51.93,0.4,除外,0.7403,0.6427,0.1628,0.4642,0.5868,0.2216,0.1525,0.2103,0.0667,0.2273,0.875,0.5,1.0,0.1729,0.7533,0.4212,"3,4,5",1.0,0.9644,0.5,1.0,0.6753,0.2825,0.5,1.0,0.446,0.3182,0.8065,1.0,0.2545
2026-08-18,5367,ニッカトー,ガラス・土石製品,55.17,0.4,除外,0.675,0.8165,0.55,0.3526,0.3645,1.0,1.0,0.0,0.2,1.0,0.2105,0.2,0.0,0.4444,0.4699,0.5438,"3,4,5",1.0,1.0,1.0,0.0,1.0,0.0,1.0,0.4,0.9138,0.9091,0.8065,0.6365,0.0
2026-08-18,5384,フジミインコーポレーテッド,ガラス・土石製品,52.72,0.4,除外,0.6939,0.7081,0.425,0.361,0.448,0.5347,0.2832,0.4821,0.4,0.9545,0.1579,0.2,0.0,0.3889,0.4032,1.0,"3,4,5",1.0,1.0,1.0,0.0,1.0,0.1513,1.0,0.4,0.8718,0.7727,0.8065,0.3812,0.1316
2026-08-18,5393,ニチアス,ガラス・土石製品,53.16,0.2,除外,0.7343,0.5861,0.5137,0.3395,0.4844,0.4876,0.4019,0.6989,0.4667,1.0,0.1579,0.2,0.4093,0.4444,0.4807,0.6032,"2,3,4,5",1.0,1.0,1.0,0.0,1.0,0.4743,1.0,0.4,0.8561,0.6818,0.8065,0.0,0.0
2026-08-18,5401,日本製鉄,鉄鋼,42.6,0.2,除外,0.8311,0.4576,0.2873,,0.1278,0.0,0.7111,0.0382,0.4,,0.9,1.0,0.3443,0.1671,0.0,0.0,"2,3,4,5",1.0,0.6898,0.0,1.0,1.0,0.9593,1.0,1.0,0.2564,0.3158,0.2581,1.0,0.1636
2026-08-18,5406,神戸製鋼所,鉄鋼,38.51,0.2,除外,0.7639,0.343,0.2629,0.2661,0.2898,0.0148,0.478,0.0923,0.4667,0.0909,0.4737,0.5,0.7241,0.1071,0.3278,0.0,"2,3,4,5",1.0,1.0,0.5,1.0,0.7042,0.4067,0.5,1.0,0.434,0.5263,0.2581,0.1537,0.0
2026-08-18,5408,中山製鋼所,鉄鋼,49.61,0.4,除外,0.7686,0.1878,0.379,0.5392,0.6057,0.18,0.4695,0.0,0.8667,0.7727,0.6842,0.5,1.0,0.6131,0.2363,0.5736,"2,3,4",1.0,0.5156,0.5,1.0,0.4934,0.6395,1.0,1.0,0.2301,0.2632,0.2581,0.0,0.2
2026-08-18,5410,合同製鐵,鉄鋼,32.41,0.2,除外,0.0,0.0,0.7198,,0.5768,0.8216,0.4631,0.7946,0.8,0.0,1.0,1.0,1.0,0.1704,0.1366,1.0,"1,2,4,5",,,,,,,,,,,,,
2026-08-18,5411,ＪＦＥホールディングス,鉄鋼,17.61,0.0,除外,0.0,0.0,0.3155,,0.3889,0.259,0.5169,0.286,0.2,0.1364,0.7368,0.5,0.6829,0.1719,0.112,0.5889,"1,2,3,4,5",,,,,,,,,,,,,
2026-08-18,5423,東京製鐵,鉄鋼,56.76,0.4,除外,0.9566,0.2691,0.4039,0.5242,0.6842,0.0574,0.1961,0.7621,0.6,0.4545,0.0,1.0,1.0,0.1376,0.5993,1.0,"2,3,4",1.0,1.0,1.0,1.0,1.0,0.653,1.0,1.0,0.3973,0.4211,0.2581,0.0,0.6421
2026-08-18,5440,共英製鋼,鉄鋼,29.93,0.2,除外,0.0,0.0,0.553,,0.6442,0.5155,0.3111,0.852,0.5333,0.0,0.0,0.5,1.0,0.1481,0.4286,1.0,"1,2,3,4",,,,,,,,,,,,,
2026-08-18,5444,大和工業,鉄鋼,62.19,0.4,除外,0.9804,0.6915,0.4774,,0.3382,0.3756,0.3911,0.8098,0.3333,,0.625,0.2,0.5854,,0.4293,0.0,"3,4,5",1.0,1.0,1.0,1.0,1.0,0.8429,1.0,1.0,0.6657,0.8421,0.2581,1.0,0.0
2026-08-18,5445,東京鐵鋼,鉄鋼,60.34,0.6,監視,0.7572,0.4797,0.779,0.3438,0.6574,1.0,0.3544,0.8951,0.8667,0.0,0.875,0.5,1.0,0.1617,0.8793,0.5887,"2,4",1.0,0.5027,0.5,1.0,0.4443,0.6108,1.0,1.0,0.2924,0.3684,0.2581,1.0,0.0
2026-08-18,5451,ヨドコウ,鉄鋼,60.75,0.6,監視,0.8182,0.5351,0.7108,0.3432,0.6302,0.8267,0.6849,0.3982,0.9333,0.2727,0.7,0.2,1.0,0.1429,0.378,1.0,"2,4",1.0,0.7435,0.5,1.0,0.816,0.4864,1.0,1.0,0.4085,0.4737,0.2581,1.0,0.2
2026-08-18,5461,中部鋼鈑,鉄鋼,28.74,0.2,除外,0.0,0.0,0.3638,,0.7857,0.6693,0.205,0.3807,0.2,0.4091,0.1053,0.2,1.0,0.1429,1.0,1.0,"1,2,3,4",,,,,,,,,,,,,
2026-08-18,5463,丸一鋼管,鉄鋼,59.12,0.4,除外,0.7379,0.5235,0.5911,0.4211,0.6822,0.4498,1.0,0.3813,0.5333,0.8,0.6842,0.2,0.3583,0.4444,0.926,1.0,"2,3,4",1.0,1.0,1.0,0.0,1.0,0.6031,1.0,0.3,0.7189,0.8947,0.2581,0.2225,0.0
2026-08-18,5471,大同特殊鋼,鉄鋼,53.93,0.4,除外,0.6441,0.796,0.5874,0.4053,0.2636,1.0,0.3729,0.7101,0.2667,1.0,0.4211,0.2,0.0,0.4444,0.61,0.0,"3,4,5",1.0,1.0,1.0,0.0,1.0,0.1528,1.0,0.0,0.9258,1.0,0.2581,1.0,0.0
2026-08-18,5480,日本冶金工業,鉄鋼,47.07,0.2,除外,0.9772,0.5839,0.3181,0.3145,0.16,0.0867,0.6525,0.0,0.5333,0.0,0.1579,0.5,0.5471,0.0929,0.0,0.0,"2,3,4,5",1.0,1.0,1.0,1.0,1.0,0.8172,1.0,1.0,0.4985,0.5789,0.2581,1.0,0.6
2026-08-18,5482,愛知製鋼,鉄鋼,63.5,0.6,監視,0.9522,0.6708,0.6865,0.3883,0.4772,0.6626,0.3896,0.9604,0.7333,0.2273,0.7895,0.5,0.9449,0.161,0.58,0.2229,"4,5",1.0,1.0,1.0,1.0,1.0,0.6177,1.0,1.0,0.6357,0.7895,0.2581,1.0,0.0364
2026-08-18,5541,大平洋金属,鉄鋼,54.6,0.4,除外,0.8125,0.6087,0.3701,0.366,0.5726,0.3809,0.3662,0.0,0.7333,0.2273,0.7368,0.5,1.0,0.2142,0.0764,1.0,"3,4,5",1.0,1.0,0.5,1.0,1.0,0.0,1.0,1.0,0.545,0.6316,0.2581,1.0,0.0
2026-08-18,5563,新日本電工,鉄鋼,46.11,0.2,除外,0.6296,0.4991,0.3028,0.3077,0.566,0.4014,0.2042,0.2058,0.4,0.8182,0.1579,0.2,0.559,0.413,0.7639,0.5282,"2,3,4,5",1.0,1.0,1.0,0.0,1.0,0.1371,0.5,0.4,0.7909,0.9474,0.2581,0.0,0.0545
2026-08-18,5602,栗本鐵工所,鉄鋼,35.29,0.2,除外,0.0,0.622,0.2799,0.2687,0.5937,0.0,0.5197,0.0,0.6,0.0,0.875,0.2,1.0,0.3749,0.0,1.0,"1,3,4,5",,,,,,,,,0.5457,0.6842,0.2581,1.0,0.0
2026-08-18,5631,日本製鋼所,機械,34.28,0.4,除外,0.0,0.0,0.6606,,0.7106,1.0,0.3291,0.6467,0.6667,0.2273,0.1053,0.5,0.8223,0.1499,0.8703,1.0,"1,2,4",,,,,,,,,,,,,
2026-08-18,5632,三菱製鋼,鉄鋼,62.74,0.4,除外,0.9419,0.4538,0.511,0.5794,0.6511,0.5997,0.4418,0.3358,0.6667,0.9545,0.2105,0.2,0.6818,0.5411,0.3816,1.0,"2,3,4",1.0,1.0,1.0,1.0,1.0,0.8351,1.0,0.7,0.5795,0.7368,0.2581,0.2408,0.9526
2026-08-18,5702,大紀アルミニウム工業所,非鉄金属,49.53,0.2,除外,0.9475,0.4497,0.2592,0.2659,0.554,0.0,0.8367,0.0,0.2,0.8636,0.0,0.2,0.8943,0.6058,0.0,0.716,"2,3,4,5",1.0,1.0,1.0,1.0,1.0,0.5801,1.0,1.0,0.7061,0.125,0.9677,0.0,0.0
2026-08-18,5703,日本軽金属ホールディングス,非鉄金属,49.78,0.2,除外,0.8474,0.5122,0.4003,0.394,0.3349,0.0795,0.5339,0.9211,0.0667,0.8636,0.1579,0.5,0.7687,0.3333,0.2132,0.0244,"2,3,4,5",1.0,1.0,0.5,1.0,1.0,0.5793,1.0,0.7,0.7684,0.3125,0.9677,0.0,0.0545
2026-08-18,5706,三井金属,非鉄金属,49.03,0.2,除外,0.4875,0.7412,0.4927,,0.2397,0.8005,0.4393,0.1311,0.6,0.8182,0.1579,0.2,0.0,0.3889,0.5697,0.0,"1,3,4,5",0.0,1.0,1.0,0.0,1.0,0.0,0.5,0.4,0.997,1.0,0.9677,0.0,
2026-08-18,5711,三菱マテリアル,非鉄金属,40.95,0.2,除外,0.8334,0.587,0.2114,0.2081,0.2077,0.0,0.4458,0.0,0.4,0.2273,0.1053,0.5,0.6937,0.137,0.0,0.0,"2,3,4,5",1.0,1.0,0.5,1.0,1.0,0.4671,1.0,0.7,0.8178,0.5625,0.9677,0.0,0.0
2026-08-18,5713,住友金属鉱山,非鉄金属,43.2,0.4,除外,0.8125,0.6331,0.2039,0.1955,0.315,0.0,0.5488,0.0,0.2667,0.2273,0.0,0.5,0.8488,0.1719,0.0,0.2392,"3,4,5",1.0,1.0,0.5,1.0,1.0,0.0,1.0,1.0,0.8771,0.6875,0.9677,0.0,0.0545
2026-08-18,5714,ＤＯＷＡホールディングス,非鉄金属,44.86,0.2,除外,0.739,0.5706,0.1744,0.32,0.4388,0.0,0.4976,0.0,0.2,0.7273,0.0526,0.5,1.0,0.4032,0.2983,0.0535,"2,3,4,5",1.0,1.0,0.5,1.0,1.0,0.2118,0.5,0.7,0.8148,0.5,0.9677,0.0,0.0
2026-08-18,5715,古河機械金属,非鉄金属,53.36,0.0,除外,0.5875,0.53,0.4702,,0.5468,0.3168,0.4775,0.553,0.5333,0.1364,0.1053,0.2,0.659,0.1241,0.4043,1.0,"1,2,3,4,5",0.0,1.0,0.5,1.0,1.0,0.0,0.5,0.7,0.7774,0.375,0.9677,0.0,
2026-08-18,5726,大阪チタニウムテクノロジーズ,非鉄金属,56.33,0.4,除外,0.9079,0.8013,0.3524,0.2713,0.4835,0.2782,0.3264,0.2716,0.5333,0.2273,0.1579,0.5,0.5569,0.124,0.2532,1.0,"3,4,5",1.0,1.0,1.0,1.0,1.0,0.2628,1.0,1.0,0.7999,0.4375,0.9677,1.0,0.2
2026-08-18,5741,ＵＡＣＪ,非鉄金属,43.38,0.2,除外,0.425,0.6083,0.2704,,0.4315,0.2767,0.2664,0.3385,0.2,0.8182,0.0,0.2,0.4478,0.4617,0.8164,0.0,"1,3,4,5",0.0,1.0,0.5,0.0,1.0,0.0,0.5,0.4,0.8403,0.625,0.9677,0.0,
2026-08-18,5801,古河電気工業,非鉄金属,49.05,0.4,除外,0.8375,0.725,0.4796,0.2318,0.1787,0.7709,0.3477,0.0,0.8,0.7273,0.0,0.2,0.0,0.3333,0.3817,0.0,"3,4,5",1.0,1.0,1.0,1.0,1.0,0.0,1.0,0.7,0.9948,0.9375,0.9677,0.0,0.0
2026-08-18,5802,住友電気工業,非鉄金属,50.92,0.2,除外,0.5625,0.6723,0.5271,0.4886,0.2952,0.479,0.5511,0.5452,0.5333,0.9545,0.8,0.2,0.2384,0.4444,0.4977,0.0,"1,3,4,5",1.0,1.0,1.0,0.0,1.0,0.0,0.5,0.0,0.9715,0.75,0.9677,0.0,0.0
2026-08-18,5803,フジクラ,非鉄金属,58.66,0.6,監視,0.8375,0.6913,0.4548,0.3091,0.6405,0.2958,0.7232,0.0,0.8,0.6818,0.0,0.5,1.0,0.3035,0.2641,0.9946,"3,4",1.0,1.0,1.0,1.0,1.0,0.0,1.0,0.7,0.985,0.8125,0.9677,0.0,0.0545
2026-08-18,5805,ＳＷＣＣ,非鉄金属,45.54,0.2,除外,0.775,0.4659,0.3329,0.2336,0.4695,0.2346,0.5836,0.0469,0.4667,0.6818,0.0526,0.2,0.9852,0.5336,0.3591,0.0,"2,3,4,5",1.0,1.0,0.5,1.0,1.0,0.0,1.0,0.7,0.7084,0.1875,0.9677,0.0,0.0
2026-08-18,5830,いよぎんホールディングス,銀行業,56.83,0.4,除外,1.0,0.8281,0.2369,,0.2082,0.0,0.3779,0.2362,0.3333,,0.8,1.0,0.5243,,0.1003,0.0,"3,4,5",1.0,1.0,1.0,1.0,1.0,1.0,1.0,1.0,0.8883,0.4242,1.0,1.0,0.0
2026-08-18,5831,しずおかフィナンシャルグループ,銀行業,64.12,0.4,除外,0.9912,0.7886,0.4598,,0.3251,0.4348,0.3746,0.4966,0.5333,,0.0,0.2,0.3307,,0.5682,0.0765,"3,4,5",1.0,1.0,1.0,1.0,1.0,0.9295,1.0,1.0,0.8666,0.2879,1.0,1.0,0.0
2026-08-18,5832,ちゅうぎんフィナンシャルグループ,銀行業,57.26,0.4,除外,0.9911,0.7597,0.5989,0.1236,0.39,0.4622,0.3551,0.8449,0.7333,0.1364,0.1579,0.2,0.6995,0.1388,0.7218,0.0,"3,4,5",1.0,1.0,1.0,1.0,1.0,0.9284,1.0,1.0,0.8418,0.197,1.0,1.0,0.0
2026-08-18,5834,ＳＢＩリーシングサービス,証券、商品先物取引業,61.08,0.8,本命,0.8207,0.6571,0.623,0.1477,0.8055,0.7207,0.6594,0.3784,0.7333,0.0909,0.0,0.5,1.0,0.237,0.9849,1.0,4,1.0,0.9908,0.5,1.0,0.9081,0.167,1.0,1.0,0.53,0.55,0.5484,1.0,0.0
2026-08-18,5838,楽天銀行,銀行業,38.74,0.4,除外,0.0,0.0,0.8078,,0.7416,1.0,0.7197,0.645,0.8667,0.1818,0.0526,0.5,1.0,0.1417,0.8245,1.0,"1,2,4",,,,,,,,,,,,,
2026-08-18,5842,インテグラル,証券、商品先物取引業,21.0,0.0,除外,0.0,0.0,0.3356,,0.5043,0.1592,0.4333,0.6166,0.1333,0.0,0.3158,0.5,0.7775,0.1684,0.5834,0.4878,"1,2,3,4,5",,,,,,,,,,,,,
2026-08-18,5844,京都フィナンシャルグループ,銀行業,69.08,0.4,除外,0.9561,0.5334,0.7019,,0.572,0.9041,0.3823,0.9877,0.5333,,0.0526,0.2,0.7123,0.4444,0.4125,0.7186,"2,4,5",1.0,1.0,1.0,1.0,1.0,0.9486,1.0,0.7,0.8291,0.1515,1.0,0.153,0.0
2026-08-18,5851,リョービ,非鉄金属,24.63,0.0,除外,0.0,0.3616,0.3282,0.1594,0.3824,0.1139,0.4973,0.4351,0.2667,0.2273,0.2105,0.2,0.9232,0.2859,0.0608,0.2595,"1,2,3,4,5",,,,,,,,,0.416,0.0625,0.9677,0.0,0.0
2026-08-18,5857,ＡＲＥホールディングス,非鉄金属,47.88,0.2,除外,0.826,0.4962,0.2993,0.2213,0.5512,0.1642,0.4617,0.0379,0.5333,0.2273,0.1579,0.5,1.0,0.205,0.0,1.0,"2,3,4,5",1.0,1.0,0.5,1.0,1.0,0.1083,1.0,1.0,0.7669,0.25,0.9677,0.0,0.0
2026-08-18,5889,Ｊａｐａｎ　Ｅｙｅｗｅａｒ　Ｈｏｌｄｉｎｇｓ,小売業,47.58,0.4,除外,1.0,0.0,0.6132,,0.2901,0.9727,0.5245,0.5556,0.4,,0.7,0.2,0.2728,,0.5974,0.0,"2,4,5",1.0,1.0,1.0,1.0,1.0,1.0,1.0,1.0,,,,,0.7273
2026-08-18,5901,東洋製罐グループホールディングス,金属製品,75.96,0.6,監視,0.9992,0.5834,0.7053,,0.7507,0.7318,0.5798,0.5765,0.9333,,0.2105,0.2,1.0,0.4444,0.5583,1.0,"2,4",1.0,1.0,1.0,1.0,1.0,0.9936,1.0,1.0,0.6454,0.64,0.4194,0.6287,0.9895
2026-08-18,5911,横河ブリッジホールディングス,金属製品,49.87,0.2,除外,0.4963,0.4333,0.381,,0.6844,0.0,0.164,0.8267,0.5333,0.2273,0.0526,0.2,1.0,0.1042,0.6332,1.0,"1,2,3,4",0.0,0.7358,0.5,1.0,0.307,0.6272,0.5,0.3,0.3816,0.4,0.4194,0.5321,
2026-08-18,5929,三和ホールディングス,金属製品,29.02,0.2,除外,0.0,0.0,0.6321,,0.5286,0.8222,0.1709,0.8684,0.6667,0.0,0.2105,1.0,1.0,0.1487,0.1444,0.8212,"1,2,4,5",,,,,,,,,,,,,
2026-08-18,5930,文化シヤッター,金属製品,12.1,0.0,除外,0.0,0.0,0.1935,,0.2905,0.0,0.374,0.0,0.4,0.2273,0.0,1.0,0.6619,0.1702,0.0,0.3299,"1,2,3,4,5",,,,,,,,,,,,,
2026-08-18,5938,ＬＩＸＩＬ,金属製品,39.99,0.2,除外,0.6417,0.5329,0.48,0.3158,0.0294,0.133,0.4499,0.7369,0.6,0.0,0.2632,1.0,0.0186,0.0989,0.0,0.0,"2,3,4,5",1.0,0.5067,0.5,1.0,0.4085,0.6181,1.0,0.1,0.3523,0.36,0.4194,1.0,0.0
2026-08-18,5943,ノーリツ,金属製品,50.38,0.2,除外,0.8748,0.3951,0.5006,0.2065,0.542,0.6052,0.2726,0.5913,0.5333,0.1364,0.0526,0.2,0.8012,0.1389,0.5959,0.6321,"2,3,4,5",1.0,1.0,1.0,1.0,0.9568,0.7419,1.0,0.3,0.497,0.52,0.4194,0.1441,0.4368
2026-08-18,5946,長府製作所,金属製品,36.71,0.4,除外,0.6507,0.3036,0.6931,0.1568,0.0312,0.3345,0.9069,0.9978,0.5333,0.2273,0.0,0.2,0.0,0.1249,0.0,0.0,"2,4,5",1.0,0.9131,0.5,1.0,0.3043,0.6878,0.5,0.3,0.3186,0.28,0.4194,0.1966,0.2
2026-08-18,5947,リンナイ,金属製品,44.4,0.2,除外,0.3172,0.3158,0.4902,,0.6528,0.6426,0.4983,0.2867,0.5333,0.0909,0.0,0.2,1.0,0.1199,0.5428,0.9487,"1,2,3,4",0.0,0.6293,0.0,1.0,0.2623,0.3457,0.0,0.3,0.2204,0.2,0.4194,0.4236,
2026-08-18,5949,ユニプレス,輸送用機器,54.72,0.4,除外,0.6225,0.4866,0.4004,,0.6795,0.4824,0.3403,0.3788,0.4,0.2273,0.7895,1.0,0.941,0.3021,0.5969,0.878,"2,3,4",0.0,0.8385,0.5,1.0,0.6854,0.4561,0.5,1.0,0.5622,0.725,0.3548,0.3042,
2026-08-18,5959,岡部,金属製品,35.56,0.2,除外,0.0,0.266,0.452,,0.7046,0.7388,0.0353,0.7004,0.3333,0.2273,0.6842,0.2,1.0,0.1092,0.7093,1.0,"1,2,3,4",,,,,,,,,0.3246,0.32,0.4194,0.0,
2026-08-18,5970,ジーテクト,金属製品,57.73,0.2,除外,0.9708,0.3218,0.4403,,0.5764,0.5483,0.1844,0.3618,0.6667,,0.4737,0.2,0.9855,0.3057,0.0143,1.0,"2,3,4,5",1.0,0.9441,1.0,1.0,0.8588,0.9633,1.0,1.0,0.428,0.44,0.4194,0.0,0.9947
2026-08-18,5975,東プレ,金属製品,60.84,0.2,除外,0.9922,0.5994,0.356,,0.4859,0.0,0.9572,0.0,0.4667,,0.3684,0.2,0.735,0.2086,0.0,1.0,"2,3,4,5",1.0,1.0,1.0,1.0,1.0,0.938,1.0,1.0,0.6139,0.6,0.4194,0.7643,0.0
2026-08-18,5976,高周波熱錬,金属製品,54.86,0.4,除外,0.9089,0.5937,0.2992,0.6312,0.3098,0.3663,0.3252,0.1053,0.4,0.2273,0.825,1.0,1.0,0.2393,0.0,0.0,"2,3,5",1.0,1.0,0.5,1.0,0.864,0.9071,1.0,1.0,0.4753,0.48,0.4194,1.0,0.4727
2026-08-18,5981,東京製綱,金属製品,61.13,0.8,本命,0.8251,0.7068,0.6539,0.1068,0.7638,1.0,0.3378,0.6778,0.6,0.2273,0.0,0.2,0.9042,0.6224,0.5287,1.0,4,1.0,1.0,1.0,0.0,1.0,0.6009,1.0,1.0,0.7279,0.68,0.4194,1.0,0.0
2026-08-18,5985,サンコール,金属製品,50.57,0.4,除外,0.8998,0.6032,0.4692,0.2955,0.2609,0.5277,0.6825,0.0,0.6667,0.6818,0.0,0.5,0.8508,0.1926,0.0,0.0,"3,4,5",1.0,1.0,1.0,1.0,1.0,0.4982,1.0,0.7,0.9933,1.0,0.4194,0.0,0.0
2026-08-18,5988,パイオラックス,金属製品,25.17,0.0,除外,0.0,0.0,0.5739,0.3506,0.3339,0.414,0.388,0.8271,0.6667,0.0,0.775,0.5,0.8636,0.1388,0.3331,0.0,"1,2,3,4,5",,,,,,,,,,,,,0.1273
2026-08-18,5989,エイチワン,金属製品,50.0,0.4,除外,0.5509,0.3725,0.2228,0.6032,0.7504,0.0,0.2247,0.0,0.6667,0.8182,0.1053,0.5,1.0,0.5017,0.5,1.0,"1,2,3",1.0,0.819,1.0,0.0,0.7754,0.2125,0.5,0.1,0.5105,0.56,0.4194,0.0,0.9895
2026-08-18,5991,日本発條,金属製品,57.73,0.4,除外,0.7249,0.5338,0.7076,0.3671,0.553,1.0,0.4968,0.9338,0.4,0.8,0.1579,0.5,0.2024,0.3391,0.6704,1.0,"2,4,5",1.0,1.0,1.0,0.0,1.0,0.3995,1.0,0.4,0.916,0.8,0.4194,0.0,0.0105
2026-08-18,6005,三浦工業,機械,38.28,0.2,除外,0.5155,0.3453,0.1337,0.1882,0.7313,0.0858,0.2489,0.0,0.2,0.5,0.0526,0.2,0.9929,0.1947,0.7376,1.0,"1,2,3,4",1.0,0.9846,0.5,0.0,0.4442,0.5949,0.5,0.1,0.3568,0.1856,0.8387,0.0,0.0
2026-08-18,6013,タクマ,機械,56.29,0.4,除外,0.6827,0.5712,0.4931,0.3816,0.6857,0.8107,0.221,0.4741,0.4667,0.8,0.5263,0.2,0.6472,0.4465,0.6493,1.0,"2,3,4",1.0,1.0,1.0,0.0,1.0,0.4616,1.0,0.0,0.7759,0.6701,0.8387,0.0,0.0
2026-08-18,6016,ジャパンエンジンコーポレーション,輸送用機器,40.44,0.2,除外,0.0,0.5522,0.3947,,0.6709,0.0943,0.2811,0.6699,0.5333,0.0,0.8421,0.5,1.0,0.1157,0.5677,1.0,"1,2,3,4",,,,,,,,,0.4288,0.425,0.3548,1.0,
2026-08-18,6023,ダイハツインフィニアース,輸送用機器,36.35,0.2,除外,0.0,0.2948,0.4982,0.3749,0.6496,0.1829,0.5635,0.5796,0.6667,0.6818,0.2632,0.5,1.0,0.3333,0.2652,1.0,"1,2,3,4",,,,,,,,,0.4243,0.4,0.3548,0.0,0.0545
2026-08-18,6036,ＫｅｅＰｅｒ技研,サービス業,38.45,0.4,除外,0.0,0.0,0.8439,,0.6941,1.0,0.5284,0.9804,0.8667,0.0,0.0,0.5,1.0,0.2128,0.5638,1.0,"1,2,4",,,,,,,,,,,,,
2026-08-18,6055,ジャパンマテリアル,サービス業,57.46,0.6,監視,0.6564,0.7273,0.6412,0.5211,0.3268,1.0,0.4199,0.945,0.2,0.6,0.4211,0.2,0.1456,0.1111,0.3295,0.721,"4,5",1.0,1.0,1.0,0.0,1.0,0.2509,1.0,0.0,0.8156,0.9647,0.129,1.0,0.8632
2026-08-18,6058,ベクトル,サービス業,54.99,0.4,除外,0.9427,0.732,0.4314,0.4605,0.1828,0.3765,0.1034,0.8455,0.4,0.6,0.1053,0.2,0.0,,0.47,0.0785,"3,4,5",1.0,1.0,1.0,1.0,1.0,0.5419,1.0,1.0,0.8223,0.9765,0.129,1.0,0.9368
2026-08-18,6080,Ｍ＆Ａキャピタルパートナーズ,サービス業,65.25,0.4,除外,1.0,0.5856,0.6158,,0.4084,0.0,0.9345,0.7289,0.8,,0.85,0.2,1.0,,0.1946,0.0306,"2,4,5",1.0,1.0,1.0,1.0,1.0,1.0,1.0,1.0,0.4723,0.7412,0.129,1.0,0.9368
2026-08-18,6088,シグマクシス・ホールディングス,サービス業,21.57,0.0,除外,0.0,0.0,0.3407,,0.5222,0.4468,0.4492,0.0,0.4667,0.0,0.1053,1.0,0.9062,0.1521,0.0304,1.0,"1,2,3,4,5",,,,,,,,,,,,,
2026-08-18,6098,リクルートホールディングス,サービス業,69.15,0.4,除外,1.0,0.6739,0.5318,,0.5604,0.483,0.3632,0.481,0.8,,0.0,0.5,0.6813,,0.0,1.0,"3,4,5",1.0,1.0,1.0,1.0,1.0,1.0,1.0,1.0,0.6724,0.8941,0.129,1.0,0.9947
2026-08-18,6101,ツガミ,機械,48.4,0.4,除外,0.6302,0.6984,0.373,0.3553,0.3632,0.283,0.2084,0.8673,0.1333,0.8,0.4211,0.2,0.0,0.2416,0.2111,1.0,"3,4,5",1.0,1.0,1.0,0.0,1.0,0.0416,1.0,0.0,0.9858,0.9691,0.8387,0.0,0.0
2026-08-18,6103,オークマ,機械,61.82,0.4,除外,0.9848,0.71,0.5425,0.3276,0.526,0.7319,0.5222,0.4492,0.4667,0.0,0.2632,0.2,1.0,0.3424,0.4879,0.2738,"3,4,5",1.0,1.0,1.0,1.0,1.0,0.8781,1.0,1.0,0.6199,0.3814,0.8387,1.0,0.8474
2026-08-18,6104,芝浦機械,機械,49.33,0.2,除外,0.3125,0.5635,0.6768,,0.4205,0.8491,0.479,0.7791,0.6,0.7273,0.0,0.2,0.6527,0.2727,0.0235,0.733,"1,2,4,5",0.0,0.6896,1.0,0.0,0.4246,0.3856,0.0,0.0,0.7294,0.5361,0.8387,0.15,
2026-08-18,6113,アマダ,機械,49.34,0.4,除外,0.728,0.611,0.2857,0.2791,0.563,0.5153,0.1362,0.4912,0.0,0.8636,0.0526,0.2,0.316,0.2857,0.6502,1.0,"3,4,5",1.0,1.0,1.0,0.0,1.0,0.4244,1.0,0.4,0.8426,0.7629,0.8387,0.0,0.0
2026-08-18,6118,アイダエンジニアリング,機械,69.11,0.8,本命,0.8787,0.713,0.6906,0.4481,0.725,0.7916,0.4868,0.9505,0.5333,0.7273,0.2105,0.2,0.8956,0.3536,0.6868,0.964,4,1.0,1.0,0.5,1.0,1.0,0.5294,1.0,1.0,0.6214,0.3918,0.8387,1.0,0.6545
2026-08-18,6134,ＦＵＪＩ,機械,49.58,0.4,除外,0.9163,0.6841,0.179,0.2895,0.4103,0.0,0.389,0.2606,0.0667,0.8,0.1579,0.2,0.0299,0.3184,0.2929,1.0,"3,4,5",1.0,1.0,1.0,1.0,1.0,0.6305,1.0,0.7,0.9595,0.9381,0.8387,0.0,0.0
2026-08-18,6135,牧野フライス製作所,機械,61.37,0.4,除外,0.7996,0.6602,0.5002,0.5724,0.5363,0.0116,0.5171,0.872,0.6,1.0,0.1579,0.2,0.616,0.1111,0.4179,1.0,"3,4,5",1.0,1.0,1.0,0.0,1.0,0.697,1.0,0.7,0.548,0.3093,0.8387,0.9447,0.9316
2026-08-18,6136,オーエスジー,機械,62.59,0.4,除外,0.9729,0.9057,0.5463,0.2763,0.4281,0.2773,0.6467,0.8612,0.4,0.8,0.1053,0.2,0.0,0.2042,0.5081,1.0,"3,4,5",1.0,1.0,1.0,1.0,1.0,0.7835,1.0,1.0,0.9183,0.866,0.8387,1.0,0.0
2026-08-18,6140,旭ダイヤモンド工業,機械,42.15,0.2,除外,0.851,0.5512,0.274,0.2086,0.2229,0.0,0.4958,0.0,0.6,0.2273,0.0526,0.5,0.6337,0.1236,0.1344,0.0,"2,3,4,5",1.0,1.0,1.0,1.0,1.0,0.1079,1.0,0.7,0.7579,0.6082,0.8387,0.0,0.0545
2026-08-18,6141,ＤＭＧ森精機,機械,60.79,0.4,除外,0.931,0.5866,0.3608,0.4632,0.698,0.2544,0.3453,0.2433,0.6,0.6,0.1053,0.2,0.4317,,0.6623,1.0,"2,3,4",1.0,1.0,1.0,1.0,1.0,0.7481,1.0,0.7,0.3426,0.1649,0.8387,1.0,0.9474
2026-08-18,6143,ソディック,機械,47.59,0.4,除外,0.7215,0.6184,0.2934,0.3281,0.4183,0.3081,0.2739,0.1247,0.4667,0.9545,0.1579,0.2,0.2097,0.1111,0.3523,1.0,"3,4,5",1.0,1.0,1.0,0.0,1.0,0.3716,1.0,0.4,0.8516,0.7835,0.8387,0.0,0.0
2026-08-18,6145,ＮＩＴＴＯＫＵ,機械,37.13,0.0,除外,0.3248,0.5192,0.1643,,0.4767,0.1204,0.1369,0.0,0.4,0.8636,0.0,0.2,0.3418,0.3889,0.2656,0.9104,"1,2,3,4,5",0.0,1.0,1.0,0.0,0.5987,0.0,0.0,0.0,0.7226,0.5155,0.8387,0.0,
2026-08-18,6146,ディスコ,機械,43.71,0.2,除外,0.4375,0.5684,0.6327,,0.11,0.4612,0.4259,0.9104,0.7333,0.9545,0.6842,0.2,0.0,0.4398,0.0,0.0,"1,2,4,5",0.0,1.0,1.0,0.0,1.0,0.0,0.5,0.0,0.7751,0.6598,0.8387,0.0,
2026-08-18,6178,日本郵政,サービス業,67.15,0.8,本命,0.8809,0.722,0.7674,0.2632,0.7243,0.7226,0.4995,0.981,0.8667,0.2,0.2632,0.2,0.5571,,0.6682,0.9476,4,1.0,1.0,1.0,1.0,1.0,0.747,1.0,0.3,0.8058,0.9529,0.129,1.0,0.3895
2026-08-18,6183,ベルシステム２４ホールディングス,サービス業,40.29,0.2,除外,0.4644,0.2482,0.247,,0.6521,0.0,0.3638,0.3573,0.2667,0.7727,0.2632,0.2,0.8251,0.3085,0.4749,1.0,"1,2,3,4",0.0,0.6632,0.5,1.0,0.3328,0.6193,0.5,0.1,0.2991,0.5647,0.129,0.0,
2026-08-18,6196,ストライク,サービス業,42.94,0.2,除外,0.0,0.5098,0.4537,,0.7542,0.0655,0.3328,0.7499,0.6667,0.2273,0.3158,1.0,1.0,0.1259,0.8907,1.0,"1,2,3,4",,,,,,,,,0.3336,0.5765,0.129,1.0,
2026-08-18,6197,ソラスト,サービス業,72.09,0.4,除外,0.9969,0.5182,0.5249,,0.8438,1.0,0.0,0.1664,0.9333,,0.3684,0.2,1.0,0.375,1.0,1.0,"2,3,4",1.0,1.0,1.0,1.0,1.0,0.975,1.0,1.0,0.9438,1.0,0.129,0.0,0.0737
2026-08-18,6200,インソース,サービス業,18.44,0.0,除外,0.0,0.0,0.5679,,0.1699,0.0,1.0,0.8716,0.4,0.0,0.9474,0.5,0.1081,0.3692,0.0,0.2022,"1,2,3,4,5",,,,,,,,,,,,,
2026-08-18,6203,豊和工業,機械,46.0,0.4,除外,0.6125,0.5233,0.6447,0.1086,0.4108,1.0,0.4408,0.5382,0.6,0.1818,0.0526,0.2,0.572,0.0975,0.5608,0.4128,"2,4,5",1.0,1.0,1.0,0.0,1.0,0.0,0.5,0.4,0.7286,0.5258,0.8387,0.0,0.0
2026-08-18,6209,リケンＮＰＲ,機械,45.2,0.4,除外,0.7325,0.6256,0.1598,0.366,0.3761,0.0,0.2392,0.0,0.4,0.2273,0.7368,0.5,1.0,0.1272,0.3771,0.0,"3,4,5",1.0,1.0,1.0,0.0,1.0,0.3604,0.5,1.0,0.7661,0.6186,0.8387,0.2791,0.0
2026-08-18,6222,島精機製作所,機械,35.19,0.2,除外,0.0,0.2898,0.4706,,0.6471,0.2714,0.4042,0.8068,0.4,0.0,0.3158,1.0,1.0,0.1454,0.443,1.0,"1,2,3,4",,,,,,,,,0.2275,0.0928,0.8387,0.0,
2026-08-18,6226,守谷輸送機工業,機械,26.73,0.0,除外,0.0,0.5568,0.2233,,0.2892,0.0994,0.3273,0.0,0.4667,0.2273,0.3158,0.2,0.5189,0.2423,0.0,0.3955,"1,2,3,4,5",,,,,,,,,0.47,0.2371,0.8387,0.6813,
2026-08-18,6227,ＡＩメカテック,機械,55.16,0.6,監視,0.7217,0.7232,0.6899,0.2127,0.4105,0.8932,0.5575,0.909,0.4,0.5455,0.1053,0.2,0.4467,0.1208,0.5462,0.5283,"4,5",1.0,1.0,1.0,0.0,1.0,0.0736,1.0,0.7,0.9978,0.9897,0.8387,0.0667,0.0
2026-08-18,6232,ＡＣＳＬ,機械,56.12,0.6,監視,0.65,0.3806,0.7635,0.2586,0.7532,1.0,0.4058,0.6484,1.0,0.7273,0.0526,0.2,1.0,0.3014,0.7116,1.0,"2,4",1.0,1.0,1.0,0.0,1.0,0.0,0.5,0.7,0.467,0.2165,0.8387,0.0,0.0545
2026-08-18,6235,オプトラン,機械,49.39,0.6,監視,0.6125,0.6435,0.6654,0.2472,0.301,1.0,0.5064,0.4219,0.7333,0.6818,0.0526,0.2,0.3151,0.3536,0.5042,0.031,"4,5",1.0,1.0,1.0,0.0,1.0,0.0,0.5,0.4,0.9003,0.8351,0.8387,0.0,0.0545
2026-08-18,6238,フリュー,機械,65.72,0.8,本命,0.8544,0.7163,0.6509,0.2342,0.8304,0.9081,0.4616,0.4338,0.8,0.0,0.0526,0.2,1.0,0.3889,0.9471,0.9857,4,1.0,1.0,1.0,0.0,1.0,0.8351,1.0,1.0,0.6244,0.4021,0.8387,1.0,0.6842
2026-08-18,6240,ヤマシンフィルタ,機械,26.14,0.2,除外,0.0,0.0,0.3305,,0.7152,0.3136,0.3723,0.1028,0.5333,0.0,0.5263,0.2,1.0,0.1592,0.7017,1.0,"1,2,3,4",,,,,,,,,,,,,
2026-08-18,6250,やまびこ,機械,68.87,0.4,除外,0.9785,0.8469,0.4428,,0.4867,0.3278,0.5474,0.1627,0.7333,,0.5789,0.5,0.9099,0.3122,0.0,0.7246,"3,4,5",1.0,1.0,1.0,1.0,1.0,0.8277,1.0,1.0,0.8066,0.7423,0.8387,1.0,0.1
2026-08-18,6254,野村マイクロ・サイエンス,機械,46.04,0.2,除外,0.675,0.5789,0.2959,0.2963,0.456,0.2532,0.4405,0.3566,0.1333,0.7727,0.1579,0.2,0.0,0.3798,0.4441,1.0,"2,3,4,5",1.0,1.0,1.0,0.0,1.0,0.0,1.0,0.4,0.7864,0.6907,0.8387,0.0,0.0545
2026-08-18,6258,平田機工,機械,62.67,0.4,除外,0.9295,0.7329,0.2777,,0.5668,0.3879,0.1897,0.0,0.5333,,0.1579,0.5,0.8475,0.4196,0.0,1.0,"3,4,5",1.0,1.0,1.0,1.0,1.0,0.7361,1.0,0.7,0.7106,0.5052,0.8387,0.8772,0.0
2026-08-18,6264,マルマエ,機械,52.73,0.4,除外,0.675,0.6734,0.5783,0.2895,0.4205,0.8806,0.3939,0.4388,0.6,0.8,0.1579,0.2,0.3044,0.3889,0.7543,0.2343,"3,4,5",1.0,1.0,1.0,0.0,1.0,0.0,1.0,0.4,0.9475,0.9072,0.8387,0.0,0.0
2026-08-18,6266,タツモ,機械,47.65,0.4,除外,0.625,0.9004,0.1252,0.4539,0.2778,0.0,0.3676,0.0,0.1333,0.6,0.1579,0.2,0.0,0.1111,0.0,1.0,"3,4,5",1.0,1.0,1.0,0.0,1.0,0.0,1.0,0.0,0.907,0.8557,0.8387,1.0,0.8579
2026-08-18,6268,ナブテスコ,機械,54.24,0.4,除外,0.7297,0.6285,0.5449,0.2586,0.5502,0.367,0.4242,0.9219,0.4667,0.7273,0.0526,0.2,0.3085,0.4444,0.448,1.0,"3,4,5",1.0,1.0,1.0,0.0,1.0,0.4378,1.0,0.4,0.8711,0.8041,0.8387,0.0,0.0545
2026-08-18,6269,三井海洋開発,機械,53.78,0.2,除外,0.35,0.5471,0.4893,,0.7648,0.7378,0.2456,0.1739,0.8,0.0,0.0,0.5,1.0,0.1464,0.9127,1.0,"1,2,3,4",0.0,1.0,0.5,0.0,1.0,0.0,0.0,0.3,0.7519,0.5979,0.8387,0.0,
2026-08-18,6273,ＳＭＣ,機械,60.34,0.6,監視,0.9256,0.7273,0.4318,0.3205,0.6117,0.4454,0.3225,0.2925,0.6667,0.6818,0.1053,0.2,0.6277,0.3,0.5191,1.0,"3,4",1.0,1.0,1.0,1.0,1.0,0.7048,1.0,0.7,0.6477,0.4227,0.8387,1.0,0.2947
2026-08-18,6277,ホソカワミクロン,機械,36.5,0.2,除外,0.0,0.2839,0.4628,,0.7133,0.4778,0.3332,0.5068,0.5333,0.2273,0.0,1.0,1.0,0.3004,0.5529,1.0,"1,2,3,4",,,,,,,,,0.2144,0.0825,0.8387,0.0,
2026-08-18,6278,ユニオンツール,機械,38.78,0.4,除外,0.6125,0.6919,0.241,0.3023,0.0913,0.2864,0.2983,0.0461,0.3333,0.9545,0.0,0.2,0.0,0.139,0.0997,0.1263,"3,4,5",1.0,1.0,1.0,0.0,1.0,0.0,0.5,0.4,0.9805,0.9485,0.8387,0.0,0.0545
2026-08-18,6282,オイレス工業,機械,68.67,0.4,除外,0.9974,0.7061,0.4769,,0.5664,0.4513,0.4262,0.4302,0.6,,0.2632,0.2,0.9833,,0.7159,0.0,"3,4,5",1.0,1.0,1.0,1.0,1.0,0.9795,1.0,1.0,0.6147,0.3711,0.8387,1.0,0.4474
2026-08-18,6284,日精エー・エス・ビー機械,機械,61.23,0.6,監視,0.9244,0.6428,0.3639,0.3868,0.7436,0.341,0.3429,0.1717,0.6,0.6,0.1053,0.2,0.7052,,0.5256,1.0,"3,4",1.0,1.0,1.0,1.0,1.0,0.695,1.0,0.7,0.7691,0.6289,0.8387,0.3347,0.6421
2026-08-18,6287,サトー,機械,52.81,0.4,除外,0.981,0.6125,0.2339,,0.2849,0.0,0.5575,0.1783,0.2,,0.3,1.0,0.8021,0.0984,0.2392,0.0,"3,4,5",1.0,1.0,1.0,1.0,0.8554,0.9923,1.0,1.0,0.4153,0.1959,0.8387,1.0,0.5455
2026-08-18,6298,ワイエイシイホールディングス,機械,48.9,0.2,除外,0.7096,0.5299,0.542,0.3059,0.3575,1.0,0.569,0.3322,0.2667,0.8636,0.1053,0.2,0.3961,0.1111,0.6096,0.3132,"2,3,4,5",1.0,1.0,1.0,0.0,1.0,0.2767,1.0,0.4,0.7346,0.5464,0.8387,0.0,0.0545
2026-08-18,6301,小松製作所,機械,55.02,0.4,除外,0.9712,0.6804,0.5916,0.2644,0.2436,0.5898,0.3702,0.8731,0.5333,0.1364,0.4211,0.5,0.8154,0.1214,0.0,0.0376,"3,4,5",1.0,1.0,1.0,1.0,1.0,0.7692,1.0,1.0,0.6049,0.3608,0.8387,0.9171,0.0
2026-08-18,6302,住友重機械工業,機械,53.23,0.4,除外,0.9772,0.7385,0.3886,0.2213,0.3357,0.0,0.5595,0.395,0.6,0.2273,0.1579,0.5,0.4957,0.1353,0.0,0.7118,"3,4,5",1.0,1.0,1.0,1.0,1.0,0.8172,1.0,1.0,0.8006,0.7216,0.8387,0.5932,0.0
2026-08-18,6305,日立建機,機械,50.91,0.2,除外,0.8419,0.5312,0.3689,0.2166,0.5868,0.0,0.3802,0.4953,0.6,0.2273,0.4211,0.2,0.8607,0.1514,0.3349,1.0,"2,3,4,5",1.0,1.0,0.5,1.0,1.0,0.2355,1.0,1.0,0.4588,0.2062,0.8387,0.6211,0.0182
2026-08-18,6309,巴工業,機械,63.43,0.6,監視,0.8454,0.6836,0.5724,0.4508,0.6192,0.7251,0.2275,0.8038,0.5333,0.2273,0.1579,1.0,0.7319,0.1234,0.94,0.6816,"3,4",1.0,1.0,0.5,1.0,0.7918,0.4716,1.0,1.0,0.566,0.3299,0.8387,1.0,0.4182
2026-08-18,6310,井関農機,機械,38.85,0.4,除外,0.0,0.6309,0.3176,,0.6056,0.3685,0.1687,0.0,0.7333,0.2273,0.2105,0.5,0.731,0.152,0.5393,1.0,"1,3,4",,,,,,,,,0.6919,0.4845,0.8387,0.5084,
2026-08-18,6315,ＴＯＷＡ,機械,38.89,0.0,除外,0.4375,0.5364,0.5072,,0.0743,0.3734,0.4925,0.4963,0.6667,0.6818,0.4737,0.2,0.0212,0.2761,0.0,0.0,"1,2,3,4,5",0.0,1.0,1.0,0.0,1.0,0.0,0.5,0.0,0.7399,0.567,0.8387,0.0,
2026-08-18,6323,ローツェ,機械,50.03,0.4,除外,0.6535,0.8524,0.4393,0.3882,0.1683,0.0,0.7145,0.8427,0.2,0.8,0.4211,0.2,0.0,0.1111,0.0,0.5623,"3,4,5",1.0,1.0,1.0,0.0,1.0,0.2283,1.0,0.0,0.9055,0.8454,0.8387,0.8198,0.1316
2026-08-18,6324,ハーモニック・ドライブ・システムズ,機械,54.35,0.4,除外,0.675,0.6661,0.5324,0.3961,0.4481,0.6387,0.3557,0.8018,0.3333,0.8,0.1579,0.2,0.0,,0.3444,1.0,"3,4,5",1.0,1.0,1.0,0.0,1.0,0.0,1.0,0.4,0.9393,0.8866,0.8387,0.0,0.4263
2026-08-18,6326,クボタ,機械,48.8,0.4,除外,0.6045,0.5743,0.4167,0.2029,0.6414,0.2475,0.432,0.2541,0.7333,0.2273,0.2632,0.2,0.7358,0.1503,0.6794,1.0,"2,3,4",1.0,1.0,1.0,0.0,1.0,0.3362,0.5,0.0,0.7781,0.6804,0.8387,0.0,0.1211
2026-08-18,6327,北川精機,機械,48.36,0.4,除外,0.625,0.7093,0.5589,0.3553,0.1694,0.8938,0.3773,0.7644,0.2,0.8,0.4211,0.2,0.0,0.2755,0.4023,0.0,"3,4,5",1.0,1.0,1.0,0.0,1.0,0.0,1.0,0.0,0.9985,1.0,0.8387,0.0,0.0
2026-08-18,6328,荏原実業,機械,37.76,0.0,除外,0.3199,0.4299,0.2173,,0.5435,0.0,0.2024,0.0,0.6667,0.2273,0.0526,0.2,0.7053,0.2153,0.2535,1.0,"1,2,3,4,5",0.0,0.8242,0.5,0.0,0.6389,0.0959,0.5,0.0,0.5615,0.3196,0.8387,0.0,
2026-08-18,6330,東洋エンジニアリング,建設業,52.2,0.2,除外,0.525,0.6682,0.3032,,0.5917,0.0,0.6128,0.0,0.6,0.0909,0.1579,0.5,1.0,0.1791,0.1878,1.0,"1,3,4,5",0.0,1.0,0.5,1.0,1.0,0.0,0.0,0.7,0.931,1.0,0.7419,0.0,
2026-08-18,6331,三菱化工機,機械,51.95,0.2,除外,0.4467,0.5858,0.61,,0.4355,0.6609,0.2646,0.9146,0.6,0.9545,0.8421,0.2,0.361,0.4444,0.6878,0.2488,"1,2,4,5",0.0,1.0,1.0,0.0,1.0,0.0736,0.5,0.0,0.7931,0.7113,0.8387,0.0,
2026-08-18,6332,月島ホールディングス,機械,44.3,0.2,除外,0.0,0.4286,0.5387,,0.8045,0.8163,0.1929,0.5458,0.6,0.2273,0.5789,1.0,1.0,0.3082,0.9098,1.0,"1,2,3,4",,,,,,,,,0.4693,0.2268,0.8387,0.1798,
2026-08-18,6339,新東工業,機械,63.12,0.6,監視,0.9388,0.4724,0.6213,0.5138,0.6095,0.8317,0.3585,0.5617,0.7333,0.8182,0.0526,0.2,0.8615,0.3889,0.1878,1.0,"2,4",1.0,1.0,1.0,1.0,1.0,0.8107,1.0,0.7,0.6387,0.4124,0.8387,0.0,0.9842
2026-08-18,6340,澁谷工業,機械,70.33,0.8,本命,0.982,0.6961,0.5653,0.6303,0.6426,0.7514,0.4772,0.6327,0.4,0.8,0.2632,0.5,0.5071,0.4444,0.6191,1.0,3,1.0,1.0,1.0,1.0,1.0,0.8557,1.0,1.0,0.5952,0.3505,0.8387,1.0,0.9579
2026-08-18,6345,アイチ　コーポレーション,機械,51.41,0.4,除外,0.7704,0.4697,0.6227,0.2245,0.4832,0.5729,0.3188,0.799,0.8,0.2273,0.0526,0.2,1.0,0.1306,0.8021,0.0,"2,4,5",1.0,0.7253,1.0,1.0,0.3151,0.8226,1.0,0.3,0.2661,0.1031,0.8387,0.671,0.4182
2026-08-18,6349,小森コーポレーション,機械,52.86,0.2,除外,0.9305,0.5683,0.3803,,0.2353,0.0,0.5507,0.3704,0.6,,0.875,0.2,0.706,,0.0,0.0,"2,3,4,5",1.0,1.0,0.5,1.0,1.0,0.9441,1.0,1.0,0.3006,0.134,0.8387,1.0,0.3455
2026-08-18,6361,荏原製作所,機械,50.35,0.4,除外,0.7224,0.6391,0.477,0.3463,0.3326,0.2576,0.5268,0.7905,0.3333,0.9545,0.1579,0.2,0.1112,0.3349,0.4178,0.4666,"3,4,5",1.0,1.0,1.0,0.0,1.0,0.3789,1.0,0.4,0.8928,0.8247,0.8387,0.0,0.0727
2026-08-18,6363,酉島製作所,機械,71.0,0.8,本命,0.9187,0.7364,0.7918,0.4705,0.6326,1.0,0.7233,0.5106,0.9333,0.6818,0.1579,0.5,1.0,0.2469,0.2834,1.0,4,1.0,1.0,1.0,1.0,1.0,0.6499,1.0,0.7,0.6634,0.4433,0.8387,1.0,0.5421
2026-08-18,6366,千代田化工建設,建設業,67.7,0.6,監視,0.525,0.6383,0.7694,,0.7751,1.0,0.4598,0.6844,0.9333,0.1364,0.0,1.0,1.0,0.1836,0.9169,1.0,"1,4",0.0,1.0,0.5,1.0,1.0,0.0,0.0,0.7,0.8553,0.9559,0.7419,0.0,
2026-08-18,6367,ダイキン工業,機械,46.23,0.2,除外,0.5845,0.4993,0.0467,0.5,0.6809,0.0,0.12,0.0,0.0667,0.8,0.1579,0.2,1.0,,0.0428,1.0,"1,2,3,4",1.0,1.0,1.0,0.0,0.8763,0.2994,0.5,0.0,0.6844,0.4742,0.8387,0.0,0.8421
2026-08-18,6368,オルガノ,機械,40.4,0.0,除外,0.4277,0.583,0.3571,,0.2483,0.188,0.4577,0.5828,0.2,0.7273,0.0526,0.2,0.0,0.1849,0.4211,0.3871,"1,2,3,4,5",0.0,1.0,0.5,0.0,1.0,0.0214,0.5,0.4,0.7924,0.701,0.8387,0.0,
2026-08-18,6369,トーヨーカネツ,機械,60.81,0.4,除外,0.5061,0.6439,0.4194,,0.8629,0.8743,0.0574,0.5461,0.2,0.1818,0.2105,0.5,1.0,0.4515,1.0,1.0,"1,3,4",0.0,0.822,0.5,1.0,0.6238,0.1031,0.0,1.0,0.4895,0.2474,0.8387,1.0,
2026-08-18,6370,栗田工業,機械,48.89,0.2,除外,0.7461,0.5412,0.2511,0.3926,0.5135,0.1438,0.3471,0.1133,0.4,0.9545,0.1579,0.2,0.2363,0.3962,0.4216,1.0,"2,3,4,5",1.0,1.0,1.0,0.0,1.0,0.5688,1.0,0.4,0.7489,0.5773,0.8387,0.0,0.2579
2026-08-18,6371,椿本チエイン,機械,57.56,0.4,除外,0.9836,0.4893,0.4092,0.245,0.7509,0.0595,0.2445,0.7326,0.6,0.7273,0.0526,0.2,0.975,0.4609,0.5677,1.0,"2,3,4",1.0,1.0,1.0,1.0,1.0,0.8685,1.0,1.0,0.6649,0.4536,0.8387,0.0,0.0
2026-08-18,6376,日機装,精密機器,64.97,0.6,監視,0.779,0.9307,0.6006,0.3395,0.5987,1.0,0.2325,0.8367,0.3333,1.0,0.1579,0.2,0.5313,0.2222,0.6415,1.0,"4,5",1.0,1.0,1.0,0.0,1.0,0.5319,1.0,0.7,0.952,0.9,0.871,1.0,0.0
2026-08-18,6379,レイズネクスト,建設業,56.12,0.4,除外,0.9981,0.6975,0.3502,,0.1991,0.0,0.7162,0.1512,0.5333,,0.875,0.2,0.5972,,0.0,0.0,"3,4,5",1.0,1.0,1.0,1.0,1.0,0.9849,1.0,1.0,0.5922,0.4559,0.7419,1.0,0.4182
2026-08-18,6381,アネスト岩田,機械,54.23,0.4,除外,0.9943,0.6654,0.3171,,0.1925,0.0339,0.4567,0.5112,0.2667,,0.55,0.2,0.6631,0.1067,0.0,0.0,"3,4,5",1.0,1.0,1.0,1.0,0.9543,1.0,1.0,1.0,0.524,0.299,0.8387,1.0,0.6545
2026-08-18,6383,ダイフク,機械,43.18,0.2,除外,0.5869,0.604,0.2072,0.4224,0.3386,0.0834,0.2489,0.1633,0.3333,0.6818,0.7895,0.2,0.3263,0.2222,0.4865,0.3193,"1,3,4,5",1.0,1.0,1.0,0.0,1.0,0.1953,0.5,0.0,0.8246,0.7526,0.8387,0.0,0.0182
2026-08-18,6387,サムコ,機械,54.09,0.4,除外,0.5625,0.7013,0.8879,0.4996,0.053,1.0,0.7923,0.9594,0.8,0.9545,0.7895,0.2,0.0,0.1111,0.1008,0.0,"1,4,5",1.0,1.0,1.0,0.0,1.0,0.0,0.5,0.0,0.9873,0.9794,0.8387,0.0,0.0545
2026-08-18,6395,タダノ,機械,56.76,0.4,除外,0.9788,0.5506,0.3156,0.3766,0.6164,0.0,0.4457,0.2834,0.5333,0.2273,0.3684,0.5,1.0,0.1812,0.2844,1.0,"2,3,4",1.0,1.0,1.0,1.0,1.0,0.8302,1.0,1.0,0.5765,0.3402,0.8387,0.4469,0.4105
2026-08-18,6407,ＣＫＤ,機械,47.78,0.4,除外,0.6771,0.6691,0.3423,0.4097,0.2908,0.1998,0.6881,0.2146,0.2667,0.9545,0.0526,0.2,0.0,0.1111,0.3955,0.6564,"3,4,5",1.0,1.0,1.0,0.0,1.0,0.0171,1.0,0.4,0.9408,0.8969,0.8387,0.0,0.4316
2026-08-18,6412,平和,機械,30.77,0.2,除外,0.0,0.0,0.686,,0.5447,0.7553,0.6169,0.7718,0.6,,0.4737,0.2,0.5937,,0.0404,1.0,"1,2,4,5",,,,,,,,,,,,,0.3818
2026-08-18,6417,ＳＡＮＫＹＯ,機械,21.1,0.0,除外,0.0,0.0,0.3497,,0.4944,0.3347,0.4338,0.3637,0.2667,0.0,0.8421,1.0,0.8399,0.1375,0.0,1.0,"1,2,3,4,5",,,,,,,,,,,,,
2026-08-18,6419,マースグループホールディングス,機械,46.95,0.2,除外,0.6376,0.5215,0.5997,0.1776,0.4112,0.5156,0.3311,0.8856,0.6667,0.0,0.2105,0.5,0.8789,0.1131,0.6528,0.0,"2,3,4,5",1.0,0.571,0.0,1.0,0.4456,0.7841,1.0,0.3,0.3081,0.1443,0.8387,0.7948,0.0
2026-08-18,6420,ガリレイ,機械,37.4,0.0,除外,0.0,0.3334,0.598,,0.5647,0.6807,0.5141,0.5971,0.6,0.0,0.4211,0.5,1.0,0.1274,0.1313,1.0,"1,2,3,4,5",,,,,,,,,0.3403,0.1546,0.8387,0.0,
2026-08-18,6425,ユニバーサルエンターテインメント,機械,26.97,0.2,除外,0.0,0.0,0.345,0.3481,0.6555,0.4762,0.291,0.2129,0.4,0.6818,0.2105,0.5,0.9561,0.4444,0.2215,1.0,"1,2,3,4",,,,,,,,,,,,,0.0
2026-08-18,6432,竹内製作所,機械,68.54,0.8,本命,0.9855,0.7573,0.743,0.3185,0.6228,0.7398,0.6549,0.9106,0.6667,0.8636,0.2105,0.2,0.2791,,0.5892,1.0,4,1.0,1.0,1.0,1.0,1.0,0.884,1.0,1.0,0.7391,0.5567,0.8387,0.8947,0.0
2026-08-18,6436,アマノ,機械,21.53,0.0,除外,0.0,0.0,0.4593,,0.4017,0.0,0.3173,0.8533,0.6667,0.0,0.825,0.2,0.3965,0.3301,0.3852,0.495,"1,2,3,4,5",,,,,,,,,,,,,
2026-08-18,6448,ブラザー工業,電気機器,62.86,0.4,除外,1.0,0.7593,0.2285,,0.5267,0.0,0.514,0.0,0.4,,0.5789,0.2,0.5802,,0.0,1.0,"3,4,5",1.0,1.0,1.0,1.0,1.0,1.0,1.0,1.0,0.6867,0.4153,0.9355,1.0,0.2632
2026-08-18,6454,マックス,機械,65.35,0.4,除外,0.9755,0.7456,0.5285,,0.3646,0.0,0.6859,0.628,0.8,,0.4737,0.2,1.0,,0.0,0.0937,"3,4,5",1.0,1.0,1.0,1.0,1.0,0.8041,1.0,1.0,0.6799,0.4639,0.8387,1.0,0.0
2026-08-18,6455,モリタホールディングス,輸送用機器,38.02,0.0,除外,0.2186,0.2442,0.5224,,0.5356,0.6004,0.1103,0.9121,0.4667,0.2273,0.1579,0.2,1.0,0.1424,0.0,1.0,"1,2,3,4,5",0.0,0.7435,0.5,0.0,0.2506,0.1551,0.0,0.1,0.3471,0.275,0.3548,0.0,
2026-08-18,6457,グローリー,機械,57.46,0.4,除外,0.9998,0.6469,0.3186,,0.3333,0.1667,0.3402,0.3674,0.4,,1.0,0.2,1.0,,0.0,0.0,"3,4,5",1.0,1.0,1.0,1.0,1.0,0.9984,1.0,1.0,0.491,0.2577,0.8387,1.0,0.4364
2026-08-18,6458,新晃工業,機械,27.26,0.2,除外,0.0,0.3105,0.1629,,0.6172,0.1235,0.2024,0.059,0.2667,0.0909,0.2105,0.5,1.0,0.132,0.6164,0.7204,"1,2,3,4",,,,,,,,,0.2796,0.1237,0.8387,0.0,
2026-08-18,6460,セガサミーホールディングス,機械,15.11,0.0,除外,0.0,0.0,0.3498,,0.2546,0.2446,0.4746,0.4135,0.2667,,0.8947,0.5,0.7638,,0.0,0.0,"1,2,3,4,5",,,,,,,,,,,,,0.1455
2026-08-18,6463,ＴＰＲ,機械,72.34,0.6,監視,0.9871,0.7312,0.4815,,0.6939,0.5104,0.4864,0.6624,0.2667,,0.4211,0.2,1.0,,0.0817,1.0,"3,4",1.0,1.0,1.0,1.0,1.0,0.897,1.0,1.0,0.6529,0.433,0.8387,1.0,0.9636
2026-08-18,6465,ホシザキ,機械,51.33,0.2,除外,0.7982,0.5893,0.3807,,0.2852,0.1665,0.2608,0.7623,0.3333,,0.5263,0.2,0.677,,0.1785,0.0,"2,3,4,5",1.0,0.5423,0.5,1.0,0.6136,0.7294,1.0,1.0,0.3433,0.1753,0.8387,1.0,0.5091
2026-08-18,6471,日本精工,機械,51.29,0.4,除外,0.7551,0.5653,0.451,0.1463,0.6469,0.0735,0.352,0.845,0.5333,0.2273,0.1579,0.2,0.7371,0.1172,0.782,0.9514,"2,3,4",1.0,1.0,0.5,1.0,1.0,0.3411,0.5,0.7,0.7729,0.6495,0.8387,0.0,0.0
2026-08-18,6472,ＮＴＮ,機械,56.41,0.4,除外,0.7049,0.5625,0.4152,0.334,0.8039,0.336,0.1895,0.5353,0.6,0.8182,0.2632,0.2,0.9382,0.4117,0.8657,1.0,"2,3,4",1.0,1.0,1.0,0.0,1.0,0.239,1.0,0.4,0.7721,0.6392,0.8387,0.0,0.0545
2026-08-18,6473,ジェイテクト,機械,64.91,0.8,本命,0.9788,0.6991,0.6195,0.1421,0.8062,0.8077,0.3327,0.8041,0.5333,0.0,0.3684,0.2,0.6204,,0.7981,1.0,4,1.0,1.0,1.0,1.0,1.0,0.8303,1.0,1.0,0.8043,0.732,0.8387,0.4215,0.0
2026-08-18,6474,不二越,機械,47.61,0.4,除外,0.731,0.6314,0.4347,0.25,0.3333,0.0,0.4467,0.8921,0.4,0.8,0.0,0.2,0.0,,0.0,1.0,"3,4,5",1.0,1.0,1.0,0.0,1.0,0.4476,1.0,0.4,0.8726,0.8144,0.8387,0.0,0.0
2026-08-18,6479,ミネベアミツミ,電気機器,56.87,0.6,監視,0.625,0.6165,0.3679,0.683,0.551,0.6987,0.2108,0.5621,0.0,0.8636,0.7895,0.2,0.0,,0.6529,1.0,"3,5",1.0,1.0,1.0,0.0,1.0,0.0,1.0,0.0,0.8696,0.661,0.9355,0.0,0.8789
2026-08-18,6480,日本トムソン,機械,45.92,0.4,除外,0.675,0.6947,0.1903,0.294,0.4418,0.371,0.3236,0.0,0.0667,0.8182,0.1579,0.2,0.0145,0.4297,0.3231,1.0,"3,4,5",1.0,1.0,1.0,0.0,1.0,0.0,1.0,0.4,0.9813,0.9588,0.8387,0.0,0.0
2026-08-18,6481,ＴＨＫ,機械,45.69,0.4,除外,0.7794,0.6146,0.1423,0.3513,0.397,0.0,0.2357,0.0,0.3333,0.8,0.0,0.2,0.0,0.2849,0.303,1.0,"3,4,5",1.0,1.0,1.0,0.0,1.0,0.5354,1.0,0.7,0.8463,0.7732,0.8387,0.0,0.4053
2026-08-18,6486,イーグル工業,機械,57.48,0.6,監視,0.8634,0.6096,0.6175,0.2779,0.5056,0.6318,0.6337,0.6043,0.6,0.2273,0.6842,0.2,0.8764,0.1268,0.4851,0.534,"4,5",1.0,1.0,0.5,1.0,0.8798,0.5274,1.0,1.0,0.6979,0.4948,0.8387,0.407,0.0
2026-08-18,6490,ＰＩＬＬＡＲ,機械,54.76,0.4,除外,0.9205,0.8428,0.2211,0.3334,0.4202,0.2055,0.3164,0.1624,0.2,0.9545,0.1579,0.2,0.0,0.4407,0.24,1.0,"3,4,5",1.0,1.0,1.0,1.0,1.0,0.6637,1.0,0.7,0.9348,0.8763,0.8387,0.7213,0.0211
2026-08-18,6492,岡野バルブ製造,機械,56.0,0.6,監視,0.625,0.6763,0.6502,0.4908,0.3575,0.7361,0.5374,0.9274,0.4,0.8,0.3158,0.2,0.0972,,0.4172,0.558,"4,5",1.0,1.0,1.0,0.0,1.0,0.0,1.0,0.0,0.949,0.9175,0.8387,0.0,0.6474
2026-08-18,6498,キッツ,機械,38.85,0.2,除外,0.5734,0.6257,0.3144,0.2886,0.1402,0.4703,0.3206,0.0,0.4667,0.9545,0.0,0.2,0.2144,0.1111,0.2352,0.0,"1,3,4,5",1.0,1.0,1.0,0.0,1.0,0.0869,0.5,0.0,0.8703,0.7938,0.8387,0.0,0.0
2026-08-18,6501,日立製作所,電気機器,55.21,0.2,除外,0.9247,0.429,0.592,,0.2628,0.5131,0.4913,0.7635,0.6,,0.4211,0.5,0.8343,0.2168,0.0,0.0,"2,3,4,5",1.0,1.0,0.5,1.0,1.0,0.8976,1.0,1.0,0.3756,0.178,0.9355,0.2271,0.0909
2026-08-18,6503,三菱電機,電気機器,58.32,0.4,除外,0.9116,0.5817,0.4857,0.2859,0.6511,0.5067,0.2284,0.7409,0.4667,0.8182,0.0526,0.2,0.6564,0.5084,0.4397,1.0,"2,3,4",1.0,1.0,1.0,1.0,1.0,0.5927,1.0,0.7,0.8321,0.5593,0.9355,0.0,0.0727
2026-08-18,6504,富士電機,電気機器,57.78,0.4,除外,0.8819,0.6054,0.5474,0.314,0.5404,0.4727,0.3695,0.8807,0.4667,0.7727,0.2105,0.2,0.5609,0.4121,0.1887,1.0,"3,4,5",1.0,1.0,1.0,1.0,1.0,0.3551,1.0,0.7,0.8591,0.6271,0.9355,0.0,0.0727
2026-08-18,6506,安川電機,電気機器,41.94,0.2,除外,0.6125,0.584,0.3326,0.2632,0.3045,0.0,0.1996,0.9309,0.2,0.8,0.0526,0.2,0.0,0.3889,0.6282,0.2011,"2,3,4,5",1.0,1.0,1.0,0.0,1.0,0.0,0.5,0.4,0.8328,0.5678,0.9355,0.0,0.0
2026-08-18,6507,シンフォニアテクノロジー,電気機器,41.87,0.0,除外,0.5781,0.504,0.3826,0.32,0.309,0.5803,0.3634,0.1201,0.4667,0.9545,0.0526,0.2,0.3006,0.4012,0.3691,0.1652,"1,2,3,4,5",1.0,1.0,1.0,0.0,1.0,0.125,0.5,0.0,0.6822,0.3983,0.9355,0.0,0.0727
2026-08-18,6508,明電舎,電気機器,60.23,0.2,除外,0.9625,0.5479,0.4554,,0.4436,0.0,0.731,0.3573,0.7333,,0.2632,0.2,0.3308,,0.0,1.0,"2,3,4,5",1.0,1.0,1.0,1.0,1.0,1.0,1.0,0.7,0.7646,0.4915,0.9355,0.0,0.0
2026-08-18,6516,山洋電気,電気機器,54.14,0.4,除外,0.6783,0.5876,0.6766,0.2599,0.5044,0.2077,0.9443,0.8877,0.6667,0.6818,0.1579,0.2,0.3647,0.1111,0.5418,1.0,"2,4,5",1.0,1.0,1.0,0.0,1.0,0.026,1.0,0.4,0.8388,0.5763,0.9355,0.0,0.0
2026-08-18,6521,オキサイド,電気機器,53.68,0.4,除外,0.4375,0.6108,0.6487,,0.4502,1.0,0.2142,0.5139,0.8667,0.7727,0.775,0.2,0.8478,0.439,0.5138,0.0,"1,4,5",0.0,1.0,1.0,0.0,1.0,0.0,0.5,0.0,0.8636,0.6441,0.9355,0.0,
2026-08-18,6523,ＰＨＣホールディングス,電気機器,61.83,0.4,除外,1.0,0.6144,0.45,,0.4086,0.0,1.0,0.0,0.8,,0.1053,1.0,0.6447,0.1585,0.0,0.8311,"3,4,5",1.0,1.0,1.0,1.0,1.0,1.0,1.0,1.0,0.4175,0.2034,0.9355,0.9013,0.2909
2026-08-18,6524,湖北工業,電気機器,47.61,0.2,除外,0.6125,0.579,0.3904,0.3599,0.4386,0.3182,0.5714,0.2054,0.4667,0.7273,0.1579,0.5,0.3248,0.3745,0.6156,0.4393,"2,3,4,5",1.0,1.0,1.0,0.0,1.0,0.0,0.5,0.4,0.8298,0.5508,0.9355,0.0,0.0545
2026-08-18,6525,ＫＯＫＵＳＡＩ　ＥＬＥＣＴＲＩＣ,電気機器,45.32,0.4,除外,0.625,0.9458,0.3094,0.3557,0.0303,0.1266,0.3121,0.532,0.2667,0.8,0.3684,0.2,0.0,0.1111,0.0,0.0102,"3,4,5",1.0,1.0,1.0,0.0,1.0,0.0,1.0,0.0,0.9663,0.8814,0.9355,1.0,0.0545
2026-08-18,6526,ソシオネクスト,電気機器,27.57,0.2,除外,0.0,0.0,0.7655,,0.3374,0.6677,0.778,0.9497,0.6667,0.8,0.6316,0.5,0.0033,0.3461,0.0,1.0,"1,2,4,5",,,,,,,,,,,,,
2026-08-18,6532,ベイカレント,サービス業,21.08,0.0,除外,0.0,0.0,0.5135,,0.3297,0.3263,0.373,0.8879,0.4667,,0.5263,0.2,0.6259,,0.3631,0.0,"1,2,3,4,5",,,,,,,,,,,,,0.4364
2026-08-18,6535,アイモバイル,サービス業,20.1,0.0,除外,0.0,0.0,0.3387,,0.4655,0.0,0.3863,0.9686,0.0,0.5455,0.3158,1.0,0.7517,0.3585,0.0,0.7516,"1,2,3,4,5",,,,,,,,,,,,,
2026-08-18,6544,ジャパンエレベーターサービスホールディングス,サービス業,18.52,0.0,除外,0.0,0.0,0.1825,,0.5583,0.1608,0.236,0.0,0.3333,0.0,0.1053,1.0,0.8441,0.3889,0.0,1.0,"1,2,3,4,5",,,,,,,,,,,,,
2026-08-18,6584,三櫻工業,輸送用機器,40.53,0.2,除外,0.0,0.4286,0.7788,,0.4139,1.0,0.7901,0.925,0.4,0.8636,0.1053,1.0,0.4609,0.1111,0.7574,0.3262,"1,2,4,5",,,,,,,,,0.6094,0.75,0.3548,0.0,
2026-08-18,6586,マキタ,機械,40.28,0.2,除外,0.6297,0.4065,0.4229,0.2785,0.2765,0.1796,0.2401,0.872,0.4,0.2273,0.3684,0.5,0.2799,0.1111,0.3163,0.3985,"2,3,4,5",1.0,1.0,1.0,0.0,0.9771,0.5604,0.5,0.0,0.509,0.2784,0.8387,0.0,0.0182
2026-08-18,6588,東芝テック,電気機器,48.77,0.4,除外,0.8992,0.3116,0.3671,0.2489,0.612,0.0543,0.6952,0.4521,0.2667,0.2273,0.3684,0.2,0.6487,0.4846,0.3147,1.0,"2,3,4",1.0,0.6155,1.0,1.0,0.8562,0.7217,1.0,1.0,0.2091,0.1017,0.9355,0.0,0.2
2026-08-18,6590,芝浦メカトロニクス,電気機器,35.1,0.2,除外,0.4375,0.6655,0.2453,,0.0556,0.2361,0.2978,0.4475,0.0,0.8,0.0526,0.2,0.0,0.2222,0.0,0.0,"1,3,4,5",0.0,1.0,1.0,0.0,1.0,0.0,0.5,0.0,0.9385,0.7881,0.9355,0.0,
2026-08-18,6592,マブチモーター,電気機器,57.26,0.4,除外,0.9467,0.7349,0.3892,0.3042,0.4882,0.4341,0.2216,0.6344,0.2667,0.2273,0.7895,0.2,0.7528,0.1551,0.5924,0.4525,"3,4,5",1.0,1.0,1.0,1.0,1.0,0.5735,1.0,1.0,0.6957,0.4322,0.9355,0.8763,0.0
2026-08-18,6594,ニデック,電気機器,40.81,0.4,除外,0.0,0.0,0.5836,0.7467,0.7105,0.9157,0.2651,0.5536,0.6,0.8182,0.2105,1.0,1.0,0.499,0.3428,1.0,"1,2,3",,,,,,,,,,,,,0.9579
2026-08-18,6613,ＱＤレーザ,電気機器,60.38,0.6,監視,0.675,0.7316,0.868,0.459,0.2852,1.0,0.6896,0.9159,0.8667,0.7727,0.0526,0.5,0.2638,0.3134,0.3178,0.2458,"4,5",1.0,1.0,1.0,0.0,1.0,0.0,1.0,0.4,0.9993,0.9915,0.9355,0.0,0.5105
2026-08-18,6617,東光高岳,電気機器,54.14,0.4,除外,0.8076,0.7006,0.4913,0.2468,0.4608,0.0,0.6334,0.7984,0.5333,0.6818,0.1053,0.2,0.2331,0.4444,0.1655,1.0,"3,4,5",1.0,1.0,1.0,0.0,1.0,0.4605,1.0,1.0,0.9685,0.8983,0.9355,0.0,0.0
2026-08-18,6619,ダブル・スコープ,電気機器,26.37,0.2,除外,0.0,0.0,0.6068,,0.4479,0.7799,0.2097,0.9708,0.4667,0.7727,0.0,0.5,0.7216,0.3889,0.681,0.0,"1,2,4,5",,,,,,,,,,,,,
2026-08-18,6622,ダイヘン,電気機器,37.1,0.2,除外,0.5625,0.6491,0.0563,0.3136,0.2733,0.0,0.2142,0.0112,0.0,1.0,0.0,0.2,0.0,0.4734,0.509,0.111,"1,3,4,5",1.0,1.0,1.0,0.0,1.0,0.0,0.5,0.0,0.9153,0.7458,0.9355,0.0,0.0545
2026-08-18,6627,テラプローブ,電気機器,51.42,0.4,除外,0.8667,0.7069,0.4123,0.2632,0.3221,0.3693,0.507,0.5064,0.2667,0.8,0.0526,0.2,0.0,0.2222,0.2407,0.8257,"3,4,5",1.0,1.0,1.0,1.0,1.0,0.2335,1.0,0.7,0.9768,0.9153,0.9355,0.0,0.0
2026-08-18,6632,ＪＶＣケンウッド,電気機器,20.02,0.0,除外,0.0,0.0,0.2929,,0.508,0.0,0.4382,0.0,0.7333,0.1818,0.2105,0.5,0.8853,0.1467,0.0,1.0,"1,2,3,4,5",,,,,,,,,,,,,
2026-08-18,6644,大崎電気工業,電気機器,58.13,0.4,除外,0.75,0.5215,0.3781,0.4862,0.7706,0.6406,0.1965,0.2088,0.4667,0.6818,0.2632,1.0,1.0,0.1495,0.9328,1.0,"2,3,4",1.0,1.0,0.5,1.0,1.0,0.0,0.5,1.0,0.7099,0.4407,0.9355,0.0,0.0
2026-08-18,6645,オムロン,電気機器,56.51,0.2,除外,0.9608,0.5064,0.3122,,0.4812,0.1621,0.5533,0.0,0.5333,,0.1579,0.2,0.4437,,0.0,1.0,"2,3,4,5",1.0,1.0,1.0,1.0,1.0,0.986,1.0,0.7,0.6679,0.3729,0.9355,0.0492,0.6421
2026-08-18,6651,日東工業,電気機器,51.99,0.4,除外,0.7172,0.4897,0.4451,0.2455,0.7019,0.5845,0.2994,0.6967,0.2,0.7273,0.0,0.2,0.6759,0.5078,0.6238,1.0,"2,3,4",1.0,1.0,1.0,0.0,1.0,0.5378,0.5,0.7,0.6589,0.3644,0.9355,0.0,0.0545
2026-08-18,6652,ＩＤＥＣ,電気機器,57.82,0.2,除外,1.0,0.5103,0.2872,,0.5153,0.0,0.6283,0.054,0.4667,,0.3684,0.2,0.6822,0.379,0.0,1.0,"2,3,4,5",1.0,1.0,1.0,1.0,1.0,1.0,1.0,1.0,0.6552,0.3559,0.9355,0.0947,0.3474
2026-08-18,6653,正興電機製作所,電気機器,48.55,0.0,除外,0.4464,0.5387,0.425,,0.5318,0.0846,0.2622,0.8866,0.4667,0.2273,0.1579,0.2,0.6862,0.1822,0.5249,0.734,"1,2,3,4,5",0.0,1.0,0.5,0.0,1.0,0.1716,0.5,0.4,0.7534,0.4661,0.9355,0.0,
2026-08-18,6674,ジーエス・ユアサ　コーポレーション,電気機器,46.9,0.2,除外,0.5625,0.6373,0.3974,0.4896,0.2582,0.4474,0.6089,0.0,0.5333,0.8636,0.8947,0.2,0.0294,0.4444,0.5589,0.0,"1,3,4,5",1.0,1.0,1.0,0.0,1.0,0.0,0.5,0.0,0.9018,0.7119,0.9355,0.0,0.0
2026-08-18,6701,日本電気,電気機器,35.11,0.0,除外,0.0,0.5812,0.5876,0.2737,0.313,0.4729,0.3568,0.8541,0.6667,0.0,0.8947,0.2,0.7593,0.1769,0.3158,0.0,"1,2,3,4,5",,,,,,,,,0.2624,0.1271,0.9355,1.0,0.0
2026-08-18,6702,富士通,電気機器,21.1,0.0,除外,0.0,0.0,0.5457,,0.2982,0.2624,0.4595,0.8608,0.6,0.0,0.4737,0.2,0.8827,0.1212,0.1103,0.0786,"1,2,3,4,5",,,,,,,,,,,,,
2026-08-18,6703,沖電気工業,電気機器,41.32,0.2,除外,0.5625,0.623,0.3252,0.3921,0.1631,0.0,0.1852,0.7157,0.4,1.0,0.3684,0.2,0.2379,0.2343,0.1802,0.0,"1,3,4,5",1.0,1.0,1.0,0.0,1.0,0.0,0.5,0.0,0.8786,0.678,0.9355,0.0,0.0
2026-08-18,6707,サンケン電気,電気機器,48.61,0.4,除外,0.5625,0.4329,0.6962,0.6026,0.1361,1.0,0.5912,0.7937,0.4,1.0,0.3684,0.2,0.0,0.3065,0.2378,0.0,"1,2,5",1.0,1.0,1.0,0.0,1.0,0.0,0.5,0.0,0.5247,0.2712,0.9355,0.0,0.8421
2026-08-18,6723,ルネサスエレクトロニクス,電気機器,57.71,0.6,監視,0.625,0.6596,0.6515,0.5158,0.4334,0.6099,0.509,0.954,0.5333,0.8,0.6316,0.2,0.0,0.5162,0.2175,1.0,"4,5",1.0,1.0,1.0,0.0,1.0,0.0,1.0,0.0,0.9318,0.7712,0.9355,0.0,0.4316
2026-08-18,6724,セイコーエプソン,電気機器,68.74,0.4,除外,0.9792,0.7511,0.4686,,0.5507,0.5017,0.2968,0.5425,0.5333,,0.5789,0.2,0.5489,0.5261,0.128,1.0,"3,4,5",1.0,1.0,1.0,1.0,1.0,0.8334,1.0,1.0,0.6792,0.3898,0.9355,1.0,0.8421
2026-08-18,6727,ワコム,電気機器,34.85,0.0,除外,0.0,0.366,0.4577,0.3541,0.5647,0.0338,0.6728,0.9241,0.2,0.8636,0.0526,0.5,0.5162,0.4164,0.5687,0.7577,"1,2,3,4,5",,,,,,,,,0.3591,0.1695,0.9355,0.0,0.0
2026-08-18,6728,アルバック,電気機器,41.8,0.0,除外,0.592,0.5911,0.3999,0.3262,0.1805,0.4935,0.2425,0.8636,0.0,0.6818,0.3684,0.2,0.0,0.3215,0.0951,0.3055,"1,2,3,4,5",1.0,1.0,1.0,0.0,1.0,0.2364,0.5,0.0,0.8441,0.5847,0.9355,0.0,0.0545
2026-08-18,6737,ＥＩＺＯ,電気機器,65.33,0.4,除外,0.9792,0.6553,0.5461,,0.4324,0.3394,0.6108,0.7675,0.4667,,0.6842,0.5,0.2972,,0.0,1.0,"3,4,5",1.0,1.0,1.0,1.0,1.0,0.8335,1.0,1.0,0.4655,0.2203,0.9355,1.0,0.9632
2026-08-18,6741,日本信号,電気機器,63.06,0.4,除外,0.9857,0.7551,0.2622,,0.5196,0.0,0.7719,0.0769,0.2,,0.2632,0.5,0.9541,0.1241,0.0,1.0,"3,4,5",1.0,1.0,1.0,1.0,1.0,0.8857,1.0,1.0,0.6897,0.4237,0.9355,0.9715,0.0
2026-08-18,6744,能美防災,電気機器,62.43,0.6,監視,0.9534,0.3862,0.4186,0.6203,0.7427,0.3407,0.3334,0.3336,0.6667,0.8182,0.5263,0.2,1.0,0.3889,0.582,1.0,"2,3",1.0,1.0,1.0,1.0,1.0,0.6275,1.0,1.0,0.4145,0.1949,0.9355,0.0,0.9368
2026-08-18,6745,ホーチキ,電気機器,60.43,0.6,監視,0.9009,0.5989,0.6562,0.1577,0.708,0.8558,0.3038,0.7318,0.7333,0.2727,0.1579,0.2,0.9909,0.4181,0.423,1.0,"2,4",1.0,1.0,1.0,1.0,1.0,0.5073,1.0,0.7,0.8501,0.6102,0.9355,0.0,0.0
2026-08-18,6750,エレコム,電気機器,52.3,0.2,除外,0.7888,0.5693,0.3939,,0.34,0.3979,0.3403,0.7708,0.0667,,0.15,0.5,0.5937,,0.4263,0.0,"2,3,4,5",1.0,0.5314,0.5,1.0,0.6078,0.6709,1.0,1.0,0.2316,0.1102,0.9355,1.0,0.5273
2026-08-18,6752,パナソニック　ホールディングス,電気機器,67.66,0.4,除外,0.942,0.9304,0.5458,,0.288,0.9863,0.365,0.832,0.0,,0.1579,0.2,0.0272,0.1111,0.0137,1.0,"3,4,5",1.0,1.0,1.0,1.0,1.0,0.8356,1.0,0.7,0.9558,0.8305,0.9355,1.0,0.2211
2026-08-18,6753,シャープ,電気機器,31.73,0.2,除外,0.0,0.0,0.5989,,0.6705,0.6515,0.5234,0.4873,0.7333,0.0,0.1053,1.0,0.7952,0.1093,0.7776,1.0,"1,2,3,4",,,,,,,,,,,,,
2026-08-18,6754,アンリツ,電気機器,55.83,0.4,除外,0.6258,0.634,0.5629,0.4909,0.4779,0.5283,0.4735,0.7165,0.5333,0.8636,0.9,0.2,0.0,0.3577,0.554,1.0,"3,4,5",1.0,1.0,1.0,0.0,1.0,0.0067,1.0,0.0,0.8973,0.7034,0.9355,0.0,0.0
2026-08-18,6758,ソニーグループ,電気機器,24.62,0.2,除外,0.0,0.0,0.6029,0.2079,0.4204,0.4604,0.3718,0.8462,0.7333,0.0,0.6316,0.2,1.0,0.1293,0.0431,0.5091,"1,2,4,5",,,,,,,,,,,,,0.0
2026-08-18,6762,ＴＤＫ,電気機器,58.66,0.4,除外,0.6787,0.5936,0.5531,0.4962,0.6112,0.9103,0.2227,0.8126,0.2667,0.8636,0.0526,0.2,0.1714,0.5062,0.7838,0.9836,"2,3,4",1.0,1.0,1.0,0.0,1.0,0.0299,1.0,0.4,0.8456,0.5932,0.9355,0.0,0.8684
2026-08-18,6768,タムラ製作所,電気機器,47.77,0.0,除外,0.5625,0.5964,0.1595,0.5241,0.5462,0.1838,0.1873,0.0,0.2667,0.8636,0.775,0.2,0.5334,0.4452,0.2061,1.0,"1,2,3,4,5",1.0,1.0,1.0,0.0,1.0,0.0,0.5,0.0,0.8486,0.6017,0.9355,0.0,0.2579
2026-08-18,6770,アルプスアルパイン,電気機器,52.57,0.2,除外,0.8115,0.4566,0.4779,0.3068,0.5758,0.3513,0.3478,0.8125,0.4,0.2273,0.0,1.0,1.0,0.1481,0.5428,0.6122,"2,3,4,5",1.0,1.0,0.5,1.0,1.0,0.692,1.0,0.3,0.5945,0.2966,0.9355,0.0,0.0
2026-08-18,6777,ｓａｎｔｅｃ　Ｈｏｌｄｉｎｇｓ,電気機器,49.49,0.4,除外,0.6125,0.7119,0.4651,0.2804,0.4045,0.4237,0.5567,0.2132,0.6667,0.7273,0.1579,0.2,0.6072,0.5286,0.4822,0.0,"3,4,5",1.0,1.0,1.0,0.0,1.0,0.0,0.5,0.4,0.9798,0.9322,0.9355,0.0,0.0364
2026-08-18,6779,日本電波工業,電気機器,58.87,0.6,監視,0.675,0.7224,0.802,0.3541,0.3901,1.0,0.7078,0.7667,0.7333,0.8636,0.0526,0.5,0.0,0.3889,0.57,0.6014,"4,5",1.0,1.0,1.0,0.0,1.0,0.0,1.0,0.4,0.988,0.9661,0.9355,0.0,0.0
2026-08-18,6785,鈴木,電気機器,41.78,0.2,除外,0.6695,0.5724,0.1189,0.294,0.4343,0.0,0.2311,0.1113,0.1333,0.8182,0.1579,0.2,0.1176,0.3685,0.2511,1.0,"2,3,4,5",1.0,1.0,1.0,0.0,1.0,0.4558,0.5,0.4,0.8201,0.5339,0.9355,0.0,0.0
2026-08-18,6787,メイコー,電気機器,38.44,0.2,除外,0.4375,0.7147,0.2531,,0.1321,0.3858,0.3975,0.096,0.1333,0.7727,0.7,0.2,0.0,0.3904,0.138,0.0,"1,3,4,5",0.0,1.0,1.0,0.0,1.0,0.0,0.5,0.0,0.9828,0.9407,0.9355,0.0,
2026-08-18,6794,フォスター電機,電気機器,52.42,0.4,除外,0.6284,0.5765,0.4979,0.2395,0.6789,0.7933,0.4072,0.3911,0.4,0.5455,0.1579,0.2,0.8928,0.3789,0.444,1.0,"2,3,4",1.0,1.0,0.5,0.0,1.0,0.3272,0.5,0.7,0.8283,0.5424,0.9355,0.0,0.0545
2026-08-18,6800,ヨコオ,電気機器,45.67,0.4,除外,0.625,0.7092,0.2065,0.5487,0.1939,0.0168,0.276,0.0,0.5333,1.0,0.7368,0.2,0.0,0.3889,0.2654,0.1213,"3,4,5",1.0,1.0,1.0,0.0,1.0,0.0,1.0,0.0,0.9775,0.9237,0.9355,0.0,0.2579
2026-08-18,6804,ホシデン,電気機器,63.43,0.4,除外,0.9819,0.6584,0.5133,0.4395,0.5783,0.3688,0.5286,0.3557,0.8,0.0,0.5789,0.2,1.0,0.1142,0.4532,0.7458,"3,4,5",1.0,1.0,1.0,1.0,0.9936,0.8613,1.0,1.0,0.5007,0.2458,0.9355,0.9517,0.9789
2026-08-18,6806,ヒロセ電機,電気機器,54.08,0.4,除外,0.6809,0.6029,0.3752,0.4618,0.5829,0.0,0.6124,0.4218,0.4667,1.0,0.0,0.2,0.0772,0.4444,0.8099,1.0,"3,4,5",1.0,1.0,1.0,0.0,1.0,0.4475,1.0,0.0,0.7249,0.4492,0.9355,0.302,0.6474
2026-08-18,6807,日本航空電子工業,電気機器,24.63,0.0,除外,0.0,0.0,0.4341,,0.5512,0.3597,0.1647,0.812,0.4,0.2273,0.2105,1.0,0.8617,0.1549,0.3823,0.8059,"1,2,3,4,5",,,,,,,,,,,,,
2026-08-18,6809,ＴＯＡ,電気機器,63.21,0.6,監視,0.8864,0.7056,0.5778,0.3523,0.6382,0.47,0.5308,0.377,0.9333,0.4091,0.8,0.2,1.0,0.178,0.3748,1.0,"3,4",1.0,1.0,0.5,1.0,1.0,0.5911,1.0,1.0,0.7369,0.4576,0.9355,0.6925,0.0
2026-08-18,6810,マクセル,電気機器,52.93,0.6,監視,0.8628,0.6011,0.6639,0.0854,0.4334,0.8374,0.3686,0.7829,0.6667,0.0,0.1053,0.2,0.3002,,0.0,1.0,"4,5",1.0,0.6913,0.5,1.0,0.9536,0.7572,1.0,1.0,0.3163,0.1525,0.9355,1.0,0.0364
2026-08-18,6814,古野電気,電気機器,59.5,0.4,除外,0.7604,0.8642,0.4488,0.492,0.4096,0.0664,0.4458,0.8829,0.4,0.0,0.95,1.0,0.4113,0.0982,0.768,0.361,"3,4,5",1.0,1.0,0.0,1.0,1.0,0.0834,1.0,1.0,0.8688,0.6525,0.9355,1.0,0.0182
2026-08-18,6817,スミダコーポレーション,電気機器,37.57,0.0,除外,0.4188,0.4707,0.3126,,0.3007,0.2941,0.1271,0.6957,0.1333,0.8636,0.875,0.2,0.2318,0.4444,0.0,0.5265,"1,2,3,4,5",0.0,1.0,1.0,0.0,0.7898,0.0609,0.5,0.0,0.6252,0.322,0.9355,0.0,
2026-08-18,6823,リオン,電気機器,56.64,0.4,除外,0.7417,0.4604,0.6587,0.4316,0.5397,0.836,0.5957,0.8031,0.4,1.0,0.0526,0.2,0.3331,0.1111,0.7146,1.0,"2,4,5",1.0,1.0,1.0,0.0,1.0,0.5336,1.0,0.4,0.6012,0.3051,0.9355,0.0,0.4737
2026-08-18,6834,精工技研,電気機器,48.66,0.4,除外,0.6125,0.717,0.548,0.2645,0.2908,0.7618,0.674,0.0897,0.6667,0.6818,0.1579,0.2,0.3972,0.4167,0.3496,0.0,"3,4,5",1.0,1.0,1.0,0.0,1.0,0.0,0.5,0.4,0.9835,0.9492,0.9355,0.0,0.0182
2026-08-18,6841,横河電機,電気機器,52.74,0.4,除外,0.7007,0.7469,0.3611,0.2968,0.5315,0.4242,0.3286,0.0249,0.6667,0.2273,0.1053,0.2,0.6479,0.1374,0.7551,0.5855,"3,4,5",1.0,1.0,1.0,0.0,1.0,0.5055,1.0,0.1,0.6709,0.3814,0.9355,1.0,0.6545
2026-08-18,6844,新電元工業,電気機器,46.94,0.2,除外,0.4175,0.7952,0.455,,0.2099,0.6038,0.6222,0.5938,0.0,0.2273,0.0,0.2,0.0,0.3385,0.3749,0.1261,"1,3,4,5",0.0,0.8822,1.0,0.0,0.9091,0.1483,0.0,0.4,0.7624,0.4831,0.9355,1.0,
2026-08-18,6845,アズビル,電気機器,52.89,0.4,除外,0.6687,0.4257,0.3927,0.5092,0.6484,0.6057,0.2951,0.2698,0.4,0.8,0.0526,0.2,0.5537,,0.3916,1.0,"2,3,4",1.0,1.0,1.0,0.0,0.7878,0.5614,1.0,0.0,0.4873,0.2373,0.9355,0.0427,0.9842
2026-08-18,6849,日本光電工業,電気機器,10.84,0.0,除外,0.0,0.0,0.1367,,0.297,0.0,0.2799,0.0,0.2667,0.0,0.1579,0.2,0.6646,0.2654,0.2581,0.0,"1,2,3,4,5",,,,,,,,,,,,,
2026-08-18,6855,日本電子材料,電気機器,41.53,0.4,除外,0.6125,0.6883,0.2763,0.3486,0.151,0.2017,0.3292,0.2412,0.3333,0.1818,0.1579,1.0,0.095,0.176,0.3331,0.0,"3,4,5",1.0,1.0,1.0,0.0,1.0,0.0,0.5,0.4,0.9618,0.8559,0.9355,0.0,0.0545
2026-08-18,6856,堀場製作所,電気機器,43.48,0.4,除外,0.6772,0.6535,0.2175,0.2886,0.337,0.0,0.3304,0.273,0.2667,0.9545,0.0,0.2,0.0,0.2222,0.1259,1.0,"3,4,5",1.0,1.0,1.0,0.0,1.0,0.4176,1.0,0.0,0.9243,0.7542,0.9355,0.0,0.0
2026-08-18,6857,アドバンテスト,電気機器,63.89,0.4,除外,0.9437,0.9218,0.4547,,0.2353,0.3125,0.4228,0.8836,0.2,,0.2105,0.2,0.0,0.3634,0.0,0.5778,"3,4,5",1.0,1.0,1.0,1.0,1.0,0.8496,1.0,0.7,0.9468,0.8051,0.9355,1.0,0.0
2026-08-18,6859,エスペック,電気機器,57.39,0.2,除外,0.7426,0.5692,0.5286,0.5645,0.4646,0.7099,0.4321,0.7059,0.2667,0.9545,0.1579,0.2,0.0,0.2912,0.5674,1.0,"2,3,4,5",1.0,1.0,1.0,0.0,1.0,0.5404,1.0,0.4,0.5075,0.2542,0.9355,0.5796,0.9455
2026-08-18,6861,キーエンス,電気機器,63.13,0.2,除外,0.999,0.5093,0.4791,,0.5378,0.0245,0.6538,0.5713,0.6667,,0.0,0.2,0.6133,,0.0,1.0,"2,3,4,5",1.0,1.0,1.0,1.0,1.0,0.9918,1.0,1.0,0.587,0.2881,0.9355,0.2268,0.8526
2026-08-18,6866,日置電機,電気機器,55.98,0.6,監視,0.7799,0.6198,0.6525,0.4278,0.3189,0.6168,0.3391,0.9209,0.7333,0.8636,0.1579,0.2,0.0,0.2222,0.0535,1.0,"4,5",1.0,1.0,1.0,0.0,1.0,0.5388,1.0,0.7,0.8741,0.6695,0.9355,0.0,0.4895
2026-08-18,6869,シスメックス,電気機器,18.32,0.0,除外,0.0,0.0,0.5104,,0.2224,0.6874,0.3937,0.1606,0.8,,0.75,0.5,0.6673,,0.0,0.0,"1,2,3,4,5",,,,,,,,,,,,,0.3091
2026-08-18,6871,日本マイクロニクス,電気機器,49.18,0.4,除外,0.6452,0.6935,0.3745,0.4053,0.3408,0.2355,0.5081,0.6878,0.0667,1.0,0.4211,0.2,0.0,0.2222,0.141,1.0,"3,4,5",1.0,1.0,1.0,0.0,1.0,0.1615,1.0,0.0,0.9655,0.8729,0.9355,0.0,0.0
2026-08-18,6875,メガチップス,電気機器,54.5,0.4,除外,0.8908,0.602,0.4616,0.2768,0.494,0.4848,0.5397,0.222,0.6,0.8182,0.0526,0.2,0.5589,0.4319,0.0,0.9851,"3,4,5",1.0,1.0,1.0,1.0,1.0,0.4264,1.0,0.7,0.8538,0.6186,0.9355,0.0,0.0364
2026-08-18,6877,ＯＢＡＲＡ　ＧＲＯＵＰ,電気機器,54.13,0.2,除外,0.7349,0.5578,0.3095,0.5401,0.5644,0.0918,0.2699,0.2763,0.6,0.8182,0.1579,0.5,0.6302,0.1599,0.4675,1.0,"2,3,4,5",1.0,1.0,1.0,0.0,1.0,0.479,1.0,0.4,0.7871,0.5085,0.9355,0.0,0.6842
2026-08-18,6890,フェローテック,電気機器,48.94,0.4,除外,0.8482,0.6747,0.2581,0.3018,0.3642,0.0,0.0214,0.8777,0.1333,0.9545,0.0526,0.2,0.0,0.4566,0.0,1.0,"3,4,5",1.0,1.0,1.0,1.0,1.0,0.0854,1.0,0.7,0.9498,0.8136,0.9355,0.0,0.0
2026-08-18,6902,デンソー,輸送用機器,27.72,0.0,除外,0.0,0.38,0.4871,,0.2418,0.409,0.2713,0.9346,0.3333,0.0,0.1579,0.2,0.8131,0.1541,0.0,0.0,"1,2,3,4,5",,,,,,,,,0.2054,0.15,0.3548,0.8099,
2026-08-18,6905,コーセル,電気機器,46.32,0.2,除外,0.6715,0.4006,0.5639,0.3031,0.3766,0.7962,0.2258,0.9672,0.2667,0.8182,0.1579,0.2,0.0547,0.3889,0.5424,0.5204,"2,3,4,5",1.0,0.7816,1.0,0.0,0.8068,0.384,1.0,0.4,0.455,0.2119,0.9355,0.0,0.0364
2026-08-18,6908,イリソ電子工業,電気機器,37.8,0.2,除外,0.0,0.3231,0.5568,,0.6321,0.245,0.5643,0.9512,0.4667,0.2273,0.025,0.2,1.0,0.1469,0.8626,0.5188,"1,2,3,4",,,,,,,,,0.2384,0.1186,0.9355,0.0,
2026-08-18,6914,オプテックスグループ,電気機器,56.73,0.6,監視,0.6845,0.6272,0.6615,0.3054,0.5578,0.7798,0.3647,0.9684,0.5333,0.8636,0.1579,0.2,0.3051,0.406,0.5204,1.0,"4,5",1.0,1.0,1.0,0.0,1.0,0.0759,1.0,0.4,0.8868,0.6864,0.9355,0.0,0.0
2026-08-18,6920,レーザーテック,電気機器,42.74,0.2,除外,0.5625,0.6413,0.533,0.3023,0.098,0.3603,0.583,0.6553,0.5333,0.9545,0.0,0.2,0.0,0.36,0.0321,0.0,"1,3,4,5",1.0,1.0,1.0,0.0,1.0,0.0,0.5,0.0,0.9093,0.7203,0.9355,0.0,0.0545
2026-08-18,6923,スタンレー電気,電気機器,60.68,0.4,除外,0.8963,0.4116,0.4985,0.5413,0.6863,0.5157,0.2505,0.8943,0.3333,0.9545,0.0526,0.2,0.5428,0.504,0.6985,1.0,"2,3,4",1.0,1.0,1.0,1.0,0.9552,0.8152,1.0,0.4,0.482,0.2288,0.9355,0.0,0.9579
2026-08-18,6925,ウシオ電機,電気機器,54.34,0.4,除外,0.8622,0.6465,0.4877,0.2803,0.4402,0.4631,0.5365,0.3512,0.6,0.8,0.1053,0.2,0.0,0.4444,0.3164,1.0,"3,4,5",1.0,1.0,1.0,1.0,1.0,0.4979,1.0,0.4,0.913,0.7373,0.9355,0.0,0.0158
2026-08-18,6929,日本セラミック,電気機器,51.92,0.2,除外,0.5503,0.4502,0.3625,,0.7137,0.3719,0.1845,0.3602,0.5333,0.7273,0.2632,0.2,1.0,0.3424,0.5125,1.0,"1,2,3,4",0.0,0.8147,1.0,0.0,0.8446,0.5429,0.5,0.7,0.5855,0.2797,0.9355,0.0,
2026-08-18,6941,山一電機,電気機器,42.54,0.2,除外,0.5625,0.7042,0.2566,0.2386,0.3648,0.1694,0.1905,0.0,0.6667,0.6818,0.0,0.2,0.08,0.3889,0.3451,0.6453,"1,3,4,5",1.0,1.0,1.0,0.0,1.0,0.0,0.5,0.0,0.9745,0.9068,0.9355,0.0,0.0727
2026-08-18,6946,日本アビオニクス,電気機器,44.96,0.2,除外,0.75,0.3822,0.3927,0.2309,0.4923,0.186,0.3206,0.5974,0.4667,0.3182,0.1053,0.5,0.7663,0.148,0.0547,1.0,"2,3,4,5",1.0,1.0,0.5,1.0,1.0,0.0,0.5,1.0,0.407,0.1864,0.9355,0.0,0.0
2026-08-18,6947,図研,電気機器,23.96,0.0,除外,0.0,0.0,0.3847,0.4002,0.4133,0.3321,0.5326,0.2075,0.4667,0.0,0.4737,1.0,0.5718,0.0813,0.0,1.0,"1,2,3,4,5",,,,,,,,,,,,,0.1273
2026-08-18,6951,日本電子,電気機器,67.92,0.6,監視,0.9869,0.8195,0.6276,,0.2829,0.5855,0.3459,0.979,0.6,,0.2632,0.2,0.2919,,0.5568,0.0,"4,5",1.0,1.0,1.0,1.0,1.0,0.895,1.0,1.0,0.8171,0.5254,0.9355,1.0,0.4053
2026-08-18,6952,カシオ計算機,電気機器,64.68,0.4,除外,1.0,0.8041,0.4667,,0.3166,0.0,1.0,0.0,0.8667,,0.2105,0.2,0.537,0.5256,0.0,0.2037,"3,4,5",1.0,1.0,1.0,1.0,1.0,1.0,1.0,1.0,0.7811,0.5,0.9355,1.0,0.0158
2026-08-18,6954,ファナック,電気機器,51.14,0.0,除外,0.5862,0.5663,0.3721,0.4568,0.5757,0.1057,0.3179,0.5982,0.4667,0.7273,0.9,0.2,0.404,0.3549,0.5439,1.0,"1,2,3,4,5",1.0,1.0,1.0,0.0,1.0,0.1894,0.5,0.0,0.8126,0.5169,0.9355,0.0,0.0
2026-08-18,6958,日本シイエムケイ,電気機器,56.97,0.4,除外,0.937,0.6077,0.4529,0.3712,0.4796,0.7285,0.1077,0.5089,0.4667,0.8636,0.1053,0.2,0.6537,0.4444,0.0,0.8204,"3,4,5",1.0,1.0,1.0,1.0,1.0,0.7959,1.0,0.7,0.8598,0.6356,0.9355,0.0,0.3158
2026-08-18,6960,フクダ電子,電気機器,59.42,0.4,除外,0.9871,0.5422,0.3221,0.3932,0.7262,0.3841,0.0245,0.5463,0.3333,0.7727,0.2632,0.2,0.8164,0.3499,0.7387,1.0,"2,3,4",1.0,1.0,1.0,1.0,1.0,0.8969,1.0,1.0,0.7586,0.4746,0.9355,0.0,0.3368
2026-08-18,6961,エンプラス,電気機器,43.69,0.2,除外,0.375,0.6781,0.2231,,0.4714,0.0,0.1941,0.4317,0.2667,0.5909,0.4737,0.2,0.518,0.1056,0.262,1.0,"1,3,4,5",0.0,1.0,0.5,0.0,1.0,0.0,0.5,0.0,0.955,0.822,0.9355,0.0,
2026-08-18,6962,大真空,電気機器,52.12,0.2,除外,0.675,0.4788,0.4616,0.5028,0.488,1.0,0.2157,0.2973,0.3333,0.8636,0.1053,0.2,0.2997,0.5481,0.716,0.3882,"2,3,4,5",1.0,1.0,1.0,0.0,1.0,0.0,1.0,0.4,0.6409,0.339,0.9355,0.0,0.8421
2026-08-18,6963,ローム,電気機器,50.87,0.4,除外,0.7028,0.6827,0.5941,0.25,0.3141,0.7043,0.4248,0.914,0.3333,0.8,0.0,0.2,0.0,0.1111,0.1453,1.0,"3,4,5",1.0,1.0,1.0,0.0,1.0,0.2222,1.0,0.4,0.9565,0.839,0.9355,0.0,0.0
2026-08-18,6965,浜松ホトニクス,電気機器,56.31,0.4,除外,0.712,0.4758,0.5957,0.3919,0.64,1.0,0.1951,0.6542,0.5333,0.7727,0.1579,0.2,0.6715,0.3575,0.5312,1.0,"2,3,4",1.0,1.0,1.0,0.0,1.0,0.2958,1.0,0.4,0.6372,0.3305,0.9355,0.0,0.4368
2026-08-18,6966,三井ハイテック,電気機器,60.44,0.4,除外,0.675,0.7163,0.519,0.5599,0.5516,1.0,0.5644,0.3784,0.1333,0.9545,0.1579,0.2,0.0,0.5269,0.6795,1.0,"3,4,5",1.0,1.0,1.0,0.0,1.0,0.0,1.0,0.4,0.6162,0.3136,0.9355,1.0,0.9273
2026-08-18,6971,京セラ,電気機器,64.93,0.4,除外,0.9839,0.8799,0.5804,0.25,0.5522,1.0,0.4979,0.6238,0.2,0.8,0.0,0.2,0.0907,0.4444,0.6736,1.0,"3,4,5",1.0,1.0,1.0,1.0,1.0,0.8713,1.0,1.0,0.8891,0.6949,0.9355,1.0,0.0
2026-08-18,6976,太陽誘電,電気機器,51.75,0.4,除外,0.625,0.7255,0.4348,0.5224,0.2798,0.6822,0.3692,0.6879,0.0,0.8,0.7895,0.5,0.0,0.4444,0.5323,0.1423,"3,4,5",1.0,1.0,1.0,0.0,1.0,0.0,1.0,0.0,0.9918,0.9746,0.9355,0.0,0.0
2026-08-18,6981,村田製作所,電気機器,56.51,0.4,除外,0.625,0.7199,0.5251,0.5544,0.4009,0.9175,0.2764,0.84,0.0667,0.9545,0.7368,0.5,0.0,0.3889,0.474,0.7406,"3,4,5",1.0,1.0,1.0,0.0,1.0,0.0,1.0,0.0,0.9865,0.9576,0.9355,0.0,0.0263
2026-08-18,6988,日東電工,化学,36.12,0.2,除外,0.0,0.6008,0.5146,0.4188,0.272,0.2891,0.2888,0.8137,0.6667,0.0,0.675,1.0,0.568,0.1428,0.3772,0.0,"1,3,4,5",,,,,,,,,0.4123,0.2812,0.7097,1.0,0.0
2026-08-18,6995,東海理化電機製作所,輸送用機器,46.62,0.2,除外,0.5642,0.6852,0.5007,0.1331,0.4476,0.5449,0.178,0.8799,0.4,0.2273,0.1053,0.2,1.0,,0.1646,0.1782,"1,3,4,5",1.0,1.0,0.5,0.0,0.8282,0.5852,0.5,0.1,0.6109,0.775,0.3548,1.0,0.0
2026-08-18,6996,ニチコン,電気機器,52.27,0.4,除外,0.675,0.6693,0.5717,0.3913,0.3062,0.9105,0.4477,0.7955,0.1333,0.9545,0.0526,0.2,0.0,0.1111,0.6155,0.4984,"3,4,5",1.0,1.0,1.0,0.0,1.0,0.0,1.0,0.4,0.9453,0.7966,0.9355,0.0,0.3579
2026-08-18,6997,日本ケミコン,電気機器,56.5,0.6,監視,0.625,0.6981,0.7018,0.5057,0.2946,0.9968,0.5018,0.8421,0.4667,0.9545,0.0526,0.2,0.0,,0.6083,0.2754,"4,5",1.0,1.0,1.0,0.0,1.0,0.0,1.0,0.0,0.967,0.8898,0.9355,0.0,0.8158
2026-08-18,6999,ＫＯＡ,電気機器,52.24,0.4,除外,0.7005,0.6852,0.4006,0.4031,0.4225,0.0,0.5385,0.6638,0.4,0.9545,0.1579,0.5,0.0,0.2222,0.4677,1.0,"3,4,5",1.0,1.0,1.0,0.0,1.0,0.2039,1.0,0.4,0.958,0.8475,0.9355,0.0,0.0
2026-08-18,7003,三井Ｅ＆Ｓ,機械,43.9,0.2,除外,0.2199,0.5442,0.3855,,0.6064,0.0,0.0856,0.7898,0.6667,0.1818,0.1579,0.2,0.9586,0.1276,0.3393,1.0,"1,2,3,4",0.0,0.659,0.0,0.0,1.0,0.0,0.0,0.1,0.7504,0.5876,0.8387,0.0,
2026-08-18,7004,カナデビア,機械,58.43,0.4,除外,0.7171,0.4022,0.5853,0.5255,0.6913,0.6924,0.4881,0.4939,0.6667,0.9545,0.1053,0.2,0.6496,0.3027,0.9246,0.8884,"2,3,4",1.0,1.0,1.0,0.0,1.0,0.3365,1.0,0.4,0.5022,0.268,0.8387,0.0,0.8421
2026-08-18,7011,三菱重工業,機械,41.91,0.4,除外,0.0,0.3076,0.7235,,0.6455,0.755,0.5651,0.8407,0.7333,0.1364,0.2105,0.5,0.9103,0.1269,0.5449,1.0,"1,2,4",,,,,,,,,0.2781,0.1134,0.8387,0.0,
2026-08-18,7012,川崎重工業,輸送用機器,47.89,0.2,除外,0.4276,0.3724,0.4763,,0.6392,0.3767,0.329,0.5995,0.6,0.2273,0.2105,0.2,0.9785,0.1707,0.8998,0.5079,"1,2,3,4",0.0,1.0,0.5,0.0,1.0,0.0204,0.5,0.4,0.5097,0.625,0.3548,0.0,
2026-08-18,7013,ＩＨＩ,機械,54.33,0.2,除外,0.4045,0.5732,0.4509,,0.7447,0.5852,0.3696,0.0489,0.8,0.1818,0.0526,0.5,0.9316,0.1008,0.9463,1.0,"1,2,3,4",0.0,0.7364,0.5,1.0,1.0,0.0,0.0,0.0,0.5232,0.2887,0.8387,0.6422,
2026-08-18,7014,名村造船所,輸送用機器,54.84,0.2,除外,0.7576,0.5793,0.4747,0.408,0.5221,0.334,0.4846,0.6804,0.4,0.1818,0.95,0.5,0.8452,0.1006,0.5982,0.5446,"2,3,4,5",1.0,1.0,0.0,1.0,1.0,0.0611,1.0,1.0,0.4625,0.5,0.3548,1.0,0.0
2026-08-18,7047,ポート,サービス業,65.93,0.6,監視,0.9941,0.6573,0.6249,,0.361,1.0,0.0489,0.984,0.4667,,0.1579,0.2,0.7564,,0.2777,0.0489,"4,5",1.0,1.0,1.0,1.0,1.0,0.9529,1.0,1.0,0.6297,0.8706,0.129,1.0,0.4545
2026-08-18,7082,ジモティー,サービス業,42.12,0.2,除外,0.0,0.3523,0.45,,0.8826,1.0,0.0,0.0,0.8,,0.6316,0.5,1.0,0.5304,1.0,1.0,"1,2,3,4",,,,,,,,,0.5037,0.7765,0.129,0.0,1.0
2026-08-18,7085,カーブスホールディングス,サービス業,50.24,0.4,除外,0.8868,0.6391,0.2115,,0.2722,0.0,0.2227,0.5567,0.0667,,0.2105,0.2,0.4509,0.1111,0.5268,0.0,"3,4,5",1.0,1.0,1.0,1.0,1.0,0.7948,1.0,0.3,0.5802,0.8471,0.129,1.0,0.8895
2026-08-18,7128,フルサト・マルカホールディングス,卸売業,44.18,0.2,除外,0.9783,0.507,0.3105,0.4131,0.0,0.0,0.6421,0.0,0.6,0.0,0.825,0.5,0.0,,0.0,0.0,"2,3,4,5",1.0,1.0,1.0,1.0,1.0,0.826,1.0,1.0,0.3583,0.2826,0.3871,1.0,0.3273
2026-08-18,7130,ヤマエグループホールディングス,卸売業,41.5,0.0,除外,0.5848,0.3712,0.1917,0.5429,0.3843,0.1811,0.1858,0.0,0.4,0.1364,0.5263,1.0,1.0,0.126,0.2247,0.1865,"1,2,3,4,5",1.0,0.725,1.0,0.0,0.732,0.6213,0.5,0.1,0.5435,0.5543,0.3871,0.0,0.5091
2026-08-18,7148,ＦＰＧ,証券、商品先物取引業,24.74,0.0,除外,0.0,0.0,0.5226,,0.4668,0.2688,0.3143,0.774,0.7333,0.0,0.9,0.2,0.8151,0.1751,0.3236,0.5534,"1,2,3,4,5",,,,,,,,,,,,,
2026-08-18,7157,ライフネット生命保険,保険業,36.92,0.4,除外,0.0,0.0,0.7141,,0.7628,0.718,0.507,0.6982,0.9333,0.2273,0.2632,0.2,1.0,0.223,0.8282,1.0,"1,2,4",,,,,,,,,,,,,
2026-08-18,7164,全国保証,その他金融業,30.79,0.2,除外,0.0,0.0,0.6531,0.314,0.5724,0.6722,0.3728,0.9673,0.6,0.5455,0.2105,0.5,0.6398,0.3399,0.3765,0.9335,"1,2,4,5",,,,,,,,,,,,,0.0
2026-08-18,7167,めぶきフィナンシャルグループ,銀行業,63.89,0.4,除外,0.9894,0.8035,0.3584,,0.4043,0.3114,0.4511,0.6047,0.0667,,0.1579,0.2,0.6474,,0.5656,0.0,"3,4,5",1.0,1.0,1.0,1.0,1.0,0.9152,1.0,1.0,0.8808,0.3333,1.0,1.0,0.0
2026-08-18,7172,ジャパンインベストメントアドバイザー,証券、商品先物取引業,39.35,0.2,除外,0.6645,0.3548,0.3674,0.1254,0.4552,0.1147,0.1331,0.9553,0.2667,0.0909,0.2105,0.2,0.8777,0.1676,0.3082,0.4674,"2,3,4,5",1.0,0.8264,0.5,1.0,0.5565,0.3331,1.0,0.1,0.4708,0.4,0.5484,0.0,0.0
2026-08-18,7173,東京きらぼしフィナンシャルグループ,銀行業,65.77,0.6,監視,0.8688,0.8578,0.7661,0.3421,0.4537,1.0,0.7623,0.3687,0.9333,0.8,0.3684,0.2,0.5361,0.3441,0.8781,0.0563,"4,5",1.0,1.0,1.0,1.0,1.0,0.6502,1.0,0.3,0.901,0.5303,1.0,1.0,0.0
2026-08-18,7177,ＧＭＯフィナンシャルホールディングス,証券、商品先物取引業,73.63,0.8,本命,0.9634,0.4471,0.7503,0.6866,0.834,1.0,0.4295,0.7717,0.8,0.7727,0.6316,0.5,0.993,0.5232,0.8197,1.0,2,1.0,1.0,1.0,1.0,0.9785,0.7283,1.0,1.0,0.59,0.65,0.5484,0.0,0.8421
2026-08-18,7180,九州フィナンシャルグループ,銀行業,59.13,0.6,監視,0.8768,0.8363,0.4341,0.1,0.7095,0.5147,0.2524,0.5693,0.4,0.2,0.0,0.2,0.6412,,0.4874,1.0,"3,4",1.0,1.0,1.0,1.0,1.0,0.7143,1.0,0.3,0.8906,0.4545,1.0,1.0,0.0
2026-08-18,7181,かんぽ生命保険,保険業,55.76,0.4,除外,0.872,0.7739,0.485,0.1768,0.4803,0.4131,0.4087,0.3846,0.7333,0.0,0.0526,0.2,1.0,,0.441,0.0,"3,4,5",1.0,1.0,1.0,1.0,1.0,0.6759,1.0,0.3,0.6964,0.625,0.7742,1.0,0.4545
2026-08-18,7182,ゆうちょ銀行,銀行業,55.26,0.6,監視,0.7183,0.6907,0.5465,0.1789,0.6285,0.5026,0.4204,0.7962,0.4667,0.2,0.3158,0.2,0.567,,0.3186,1.0,"3,4",1.0,1.0,1.0,0.0,1.0,0.6461,1.0,0.1,0.8921,0.4697,1.0,0.401,0.0
2026-08-18,7184,富山第一銀行,銀行業,64.18,0.4,除外,0.9757,0.9486,0.5548,0.4125,0.3172,0.3428,0.3975,0.9457,0.5333,0.2,0.95,0.5,0.5905,,0.3611,0.0,"3,4,5",1.0,1.0,1.0,1.0,1.0,0.8059,1.0,1.0,0.946,0.8485,1.0,1.0,0.0
2026-08-18,7186,横浜フィナンシャルグループ,銀行業,56.06,0.6,監視,0.8853,0.799,0.2954,0.1789,0.6445,0.4202,0.0748,0.6868,0.0,0.2,0.3158,0.2,0.5952,,0.6901,0.6482,"3,4",1.0,1.0,1.0,1.0,1.0,0.7821,1.0,0.3,0.8778,0.3182,1.0,1.0,0.0
2026-08-18,7189,西日本フィナンシャルホールディングス,銀行業,64.31,0.4,除外,1.0,0.7945,0.4713,,0.3066,0.5428,0.3088,0.6337,0.4,,0.1579,0.5,0.5805,,0.3394,0.0,"3,4,5",1.0,1.0,1.0,1.0,1.0,1.0,1.0,1.0,0.8748,0.303,1.0,1.0,0.0
2026-08-18,7198,ＳＢＩアルヒ,その他金融業,33.43,0.2,除外,0.0,0.2188,0.4153,,0.703,0.2376,0.3099,0.5803,0.5333,0.0,0.4737,1.0,1.0,0.1077,0.7042,1.0,"1,2,3,4",,,,,,,,,0.2526,0.3,0.3226,0.0,
2026-08-18,7199,プレミアグループ,その他金融業,32.45,0.2,除外,0.0,0.0,0.509,,0.7889,0.6872,0.4745,0.0744,0.8,,0.1579,1.0,1.0,0.4104,0.7454,1.0,"1,2,3,4",,,,,,,,,,,,,0.5636
2026-08-18,7201,日産自動車,輸送用機器,20.79,0.0,除外,0.0,0.0,0.4178,,0.4136,0.431,0.397,0.8433,0.0,0.1364,0.3684,0.2,0.762,0.1408,0.592,0.1597,"1,2,3,4,5",,,,,,,,,,,,,
2026-08-18,7202,いすゞ自動車,輸送用機器,47.62,0.0,除外,0.5001,0.5323,0.4928,,0.3798,0.3566,0.391,0.8234,0.4,0.2273,0.1053,0.2,0.9385,0.0705,0.5101,0.0,"1,2,3,4,5",0.0,1.0,0.5,1.0,0.784,0.1167,0.5,0.1,0.5292,0.7,0.3548,0.5449,
2026-08-18,7203,トヨタ自動車,輸送用機器,38.66,0.2,除外,0.4459,0.2652,0.235,,0.6002,0.0,0.2179,0.722,0.0,0.2273,0.0,0.2,0.8042,0.1944,0.4023,1.0,"1,2,3,4",0.0,0.6204,0.5,1.0,0.4044,0.0421,0.0,1.0,0.3808,0.325,0.3548,0.0,
2026-08-18,7211,三菱自動車工業,輸送用機器,26.76,0.2,除外,0.0,0.0,0.648,,0.4224,0.2762,0.7099,0.9391,0.6667,0.1364,0.0,0.5,0.2076,0.1278,0.6981,0.6561,"1,2,4,5",,,,,,,,,,,,,
2026-08-18,7220,武蔵精密工業,輸送用機器,32.06,0.0,除外,0.0,0.3086,0.414,,0.5597,1.0,0.0,0.3895,0.2667,0.8182,0.1579,0.2,0.6251,0.6157,0.8634,0.1346,"1,2,3,4,5",,,,,,,,,0.4295,0.45,0.3548,0.0,
2026-08-18,7224,新明和工業,輸送用機器,50.8,0.4,除外,0.3031,0.3384,0.6127,,0.7779,0.6125,0.2742,0.764,0.8,0.2273,0.1579,0.5,1.0,0.1431,0.9684,1.0,"1,2,4",0.0,0.8364,0.5,0.0,0.6883,0.0,0.0,0.4,0.4738,0.525,0.3548,0.0,
2026-08-18,7226,極東開発工業,輸送用機器,34.86,0.4,除外,0.0,0.0,0.6052,,0.7893,0.7037,0.3365,0.6472,0.7333,0.2273,0.2105,0.5,1.0,0.1574,1.0,1.0,"1,2,4",,,,,,,,,,,,,
2026-08-18,7231,トピー工業,輸送用機器,63.02,0.4,除外,0.4499,0.5937,0.704,,0.7732,1.0,0.4376,0.7783,0.6,0.2273,0.0,0.5,1.0,0.1479,0.945,1.0,"1,2,4",0.0,0.548,0.5,1.0,0.3883,0.1631,0.0,1.0,0.521,0.65,0.3548,0.849,
2026-08-18,7236,ティラド,輸送用機器,64.65,0.6,監視,0.9978,0.6797,0.4873,0.2895,0.7785,0.2581,0.3307,0.6272,0.7333,0.8,0.1579,0.2,0.8838,0.2302,1.0,1.0,"3,4",1.0,1.0,1.0,1.0,1.0,0.982,1.0,1.0,0.9738,1.0,0.3548,0.3902,0.0
2026-08-18,7238,曙ブレーキ工業,輸送用機器,30.79,0.2,除外,0.0,0.2125,0.2377,,0.7812,0.2495,0.1025,0.2656,0.3333,0.1364,0.2105,0.5,1.0,0.1844,0.9405,1.0,"1,2,3,4",,,,,,,,,0.2954,0.2,0.3548,0.0,
2026-08-18,7239,タチエス,輸送用機器,51.04,0.2,除外,0.9858,0.355,0.438,0.2252,0.5481,0.3605,0.3386,0.3864,0.6667,0.2273,0.4737,0.2,1.0,0.5094,0.0,0.6829,"2,3,4,5",1.0,1.0,1.0,1.0,0.9684,0.9183,1.0,1.0,0.4903,0.575,0.3548,0.0,0.0
2026-08-18,7240,ＮＯＫ,輸送用機器,48.89,0.2,除外,0.9001,0.5224,0.5045,0.12,0.3978,0.5469,0.2732,0.9312,0.2667,0.2273,0.0526,0.2,0.8941,0.1265,0.5697,0.0008,"2,3,4,5",1.0,1.0,0.5,1.0,1.0,0.7006,1.0,1.0,0.6192,0.8,0.3548,0.3155,0.0
2026-08-18,7241,フタバ産業,輸送用機器,48.16,0.2,除外,0.8483,0.4042,0.4213,0.3228,0.4116,0.2372,0.1799,0.8681,0.4,0.2273,0.7368,0.2,1.0,0.1593,0.487,0.0,"2,3,4,5",1.0,0.8005,0.5,1.0,0.9262,0.5601,1.0,1.0,0.4565,0.475,0.3548,0.3303,0.1273
2026-08-18,7242,カヤバ,輸送用機器,65.25,0.8,本命,0.8653,0.7026,0.6046,0.4636,0.6263,0.6157,0.4858,0.6503,0.6667,0.2273,1.0,0.5,1.0,0.1541,0.5748,0.7763,4,1.0,1.0,0.5,1.0,1.0,0.4226,1.0,1.0,0.6304,0.825,0.3548,1.0,0.1273
2026-08-18,7245,大同メタル工業,輸送用機器,61.92,0.6,監視,0.675,0.8025,0.6829,0.5435,0.3922,1.0,0.5035,0.9612,0.2667,0.8,0.2105,0.2,0.0,0.4821,0.543,0.5437,"4,5",1.0,1.0,1.0,0.0,1.0,0.0,1.0,0.4,0.8801,0.975,0.3548,1.0,0.9636
2026-08-18,7246,プレス工業,輸送用機器,54.43,0.4,除外,0.9156,0.7357,0.2699,0.4574,0.343,0.0979,0.4484,0.0,0.5333,0.2273,0.6842,0.5,0.9114,0.4606,0.0,0.0,"3,4,5",1.0,1.0,0.5,1.0,1.0,0.825,1.0,1.0,0.6882,0.9,0.3548,1.0,0.4182
2026-08-18,7259,アイシン,輸送用機器,31.29,0.0,除外,0.0,0.3463,0.5011,,0.4041,0.3065,0.1854,0.7791,0.7333,0.0,0.2105,0.2,0.7947,0.1148,0.0,0.707,"1,2,3,4,5",,,,,,,,,0.4805,0.55,0.3548,0.0,
2026-08-18,7261,マツダ,輸送用機器,50.21,0.4,除外,0.8296,0.5122,0.4514,0.1068,0.6105,0.1745,0.4543,0.5767,0.6,0.2273,0.0,0.2,0.8363,0.1459,0.522,0.9378,"2,3,4",1.0,0.8486,0.5,1.0,0.9303,0.3576,1.0,1.0,0.5285,0.675,0.3548,0.4907,0.0
2026-08-18,7267,本田技研工業,輸送用機器,55.05,0.4,除外,0.8731,0.4729,0.6318,0.3648,0.4098,0.691,0.6161,0.6202,0.6,0.0909,0.75,0.2,0.8064,0.1295,0.3224,0.381,"2,4,5",1.0,0.574,0.5,1.0,1.0,0.9107,1.0,1.0,0.3118,0.225,0.3548,1.0,0.4182
2026-08-18,7269,スズキ,輸送用機器,31.24,0.0,除外,0.0,0.5372,0.4029,,0.3095,0.2098,0.5325,0.4026,0.4667,0.0,0.1579,0.5,0.68,0.1246,0.4334,0.0,"1,2,3,4,5",,,,,,,,,0.419,0.375,0.3548,1.0,
2026-08-18,7270,ＳＵＢＡＲＵ,輸送用機器,23.21,0.0,除外,0.0,0.3511,0.3078,,0.2697,0.222,0.3444,0.1315,0.5333,0.0,0.1579,0.2,0.8463,0.1599,0.0725,0.0,"1,2,3,4,5",,,,,,,,,0.2009,0.125,0.3548,0.7237,
2026-08-18,7272,ヤマハ発動機,輸送用機器,55.12,0.2,除外,0.9943,0.5274,0.4,,0.2829,0.0,1.0,0.0,0.6,,0.9474,0.2,0.5069,0.6248,0.0,0.0,"2,3,4,5",1.0,1.0,1.0,1.0,1.0,0.9542,1.0,1.0,0.4048,0.35,0.3548,1.0,0.9684
2026-08-18,7276,小糸製作所,電気機器,57.21,0.2,除外,0.9259,0.5069,0.5048,0.4517,0.4712,0.2045,0.4505,0.7643,0.6,0.8636,0.3158,0.5,0.7226,0.3473,0.157,0.6578,"2,3,4,5",1.0,1.0,1.0,1.0,1.0,0.7072,1.0,0.7,0.6852,0.4068,0.9355,0.0,0.1273
2026-08-18,7278,エクセディ,輸送用機器,54.92,0.4,除外,0.8869,0.4624,0.3871,0.2677,0.7421,0.2576,0.15,0.8741,0.2667,0.8182,0.0526,0.2,1.0,0.4134,0.5549,1.0,"2,3,4",1.0,1.0,1.0,1.0,0.9104,0.8846,1.0,0.3,0.6447,0.85,0.3548,0.0,0.0
2026-08-18,7279,ハイレックスコーポレーション,輸送用機器,32.45,0.0,除外,0.0,0.2297,0.5426,,0.5257,0.7189,0.1836,0.8678,0.4,0.2273,0.4211,0.2,0.8676,0.2353,0.0,1.0,"1,2,3,4,5",,,,,,,,,0.3141,0.25,0.3548,0.0,
2026-08-18,7280,ミツバ,電気機器,55.56,0.4,除外,0.75,0.4812,0.5273,0.2494,0.7703,0.7336,0.2809,0.6946,0.4,0.0909,0.3158,0.5,0.9164,0.1662,0.9985,1.0,"2,3,4",1.0,1.0,0.5,1.0,1.0,0.0,0.5,1.0,0.6417,0.3475,0.9355,0.0,0.0909
2026-08-18,7282,豊田合成,輸送用機器,62.85,0.6,監視,0.9658,0.7769,0.4928,0.1816,0.7253,0.3519,0.3591,0.9268,0.3333,0.0,0.5263,0.2,0.517,,0.6589,1.0,"3,4",1.0,1.0,1.0,1.0,1.0,0.7267,1.0,1.0,0.8028,0.95,0.3548,1.0,0.0
2026-08-18,7283,愛三工業,輸送用機器,48.14,0.4,除外,0.8126,0.7254,0.4531,0.1895,0.2267,0.2754,0.6581,0.6122,0.2667,0.0,0.1579,0.2,0.0,,0.6801,0.0,"3,4,5",1.0,1.0,0.5,1.0,1.0,0.7007,1.0,0.3,0.6717,0.875,0.3548,1.0,0.4
2026-08-18,7287,日本精機,輸送用機器,48.05,0.2,除外,0.8624,0.5158,0.4279,0.3776,0.2188,0.4198,0.374,0.2512,0.6667,0.2273,0.2105,1.0,0.7486,0.1265,0.0,0.0,"2,3,4,5",1.0,1.0,0.5,1.0,1.0,0.6989,1.0,0.7,0.7834,0.925,0.3548,0.0,0.0727
2026-08-18,7296,エフ・シー・シー,輸送用機器,52.21,0.4,除外,0.9869,0.6128,0.3311,,0.1576,0.0,0.7911,0.0,0.5333,,0.7,0.5,0.4368,0.1937,0.0,0.0,"3,4,5",1.0,1.0,1.0,1.0,1.0,0.8955,1.0,1.0,0.4963,0.6,0.3548,1.0,0.2727
2026-08-18,7309,シマノ,輸送用機器,40.81,0.2,除外,0.9823,0.0,0.5367,,0.1133,0.2956,0.5596,0.9585,0.3333,,1.0,0.2,0.3398,,0.0,0.0,"2,3,4,5",1.0,1.0,1.0,1.0,1.0,0.8585,1.0,1.0,,,,,0.6182
2026-08-18,7313,テイ・エス　テック,輸送用機器,27.13,0.0,除外,0.0,0.1977,0.5413,,0.3463,0.8948,0.1779,0.8927,0.2,0.2273,0.4737,0.2,0.9693,0.1693,0.2466,0.0,"1,2,3,4,5",,,,,,,,,0.2609,0.175,0.3548,0.0,
2026-08-18,7322,三十三フィナンシャルグループ,銀行業,55.25,0.4,除外,0.8789,0.9012,0.5075,0.1658,0.3092,0.2158,0.4626,0.8184,0.5333,0.2,0.2632,0.2,0.5153,,0.4123,0.0,"3,4,5",1.0,1.0,1.0,1.0,1.0,0.7313,1.0,0.3,0.9228,0.6818,1.0,1.0,0.0
2026-08-18,7327,第四北越フィナンシャルグループ,銀行業,68.24,0.4,除外,1.0,0.8117,0.547,,0.371,0.4551,0.4067,0.7263,0.6,,0.1579,0.5,0.6126,,0.5003,0.0,"3,4,5",1.0,1.0,1.0,1.0,1.0,1.0,1.0,1.0,0.8831,0.3636,1.0,1.0,0.0
2026-08-18,7337,ひろぎんホールディングス,銀行業,61.08,0.6,監視,0.986,0.7501,0.439,0.1,0.7792,0.2063,0.2737,0.7427,0.5333,0.2,0.0,0.2,0.7603,,0.6671,0.9102,"3,4",1.0,1.0,1.0,1.0,1.0,0.8878,1.0,1.0,0.8336,0.1667,1.0,1.0,0.0
2026-08-18,7350,おきなわフィナンシャルグループ,銀行業,67.35,0.4,除外,0.9903,0.862,0.4172,,0.4246,0.2517,0.2891,0.728,0.4,,0.775,0.2,0.6354,,0.5324,0.1061,"3,4,5",1.0,1.0,1.0,1.0,1.0,0.9222,1.0,1.0,0.9025,0.5455,1.0,1.0,0.0
2026-08-18,7366,ＬＩＴＡＬＩＣＯ,サービス業,66.65,0.4,除外,1.0,0.5512,0.5098,,0.6048,0.3143,0.5732,0.3516,0.8,,0.1579,0.2,1.0,0.4158,0.0035,1.0,"2,3,4",1.0,1.0,1.0,1.0,1.0,1.0,1.0,1.0,0.5727,0.8353,0.129,0.6678,0.9737
2026-08-18,7380,十六フィナンシャルグループ,銀行業,56.82,0.4,除外,0.883,0.9225,0.5727,0.1395,0.3233,0.4165,0.4815,0.7926,0.6,0.2,0.1579,0.2,0.4862,,0.4837,0.0,"3,4,5",1.0,1.0,1.0,1.0,1.0,0.764,1.0,0.3,0.9325,0.7576,1.0,1.0,0.0
2026-08-18,7381,ＣＣＩグループ,銀行業,63.07,0.4,除外,1.0,0.849,0.4635,,0.2102,0.4163,0.22,0.751,0.4667,,0.2105,0.2,0.4119,,0.2188,0.0,"3,4,5",1.0,1.0,1.0,1.0,1.0,1.0,1.0,1.0,0.8958,0.5,1.0,1.0,0.0
2026-08-18,7383,ネットプロテクションズホールディングス,その他金融業,29.84,0.2,除外,0.0,0.0,0.6325,,0.5611,1.0,0.121,0.8089,0.6,0.0,1.0,1.0,1.0,0.1667,0.608,0.4699,"1,2,4,5",,,,,,,,,,,,,
2026-08-18,7384,プロクレアホールディングス,銀行業,64.35,0.6,監視,0.9881,0.9617,0.6295,0.1513,0.4869,1.0,0.0282,0.8231,0.6667,0.2,0.1579,0.2,0.8786,,0.47,0.1122,"4,5",1.0,1.0,1.0,1.0,1.0,0.9049,1.0,1.0,0.9528,0.8939,1.0,1.0,0.0474
2026-08-18,7389,あいちフィナンシャルグループ,銀行業,54.77,0.4,除外,0.8626,0.9711,0.487,0.1526,0.265,0.3445,0.4031,0.8004,0.4,0.2,0.2105,0.2,0.554,,0.2411,0.0,"3,4,5",1.0,1.0,1.0,1.0,1.0,0.6011,1.0,0.3,0.9603,0.9242,1.0,1.0,0.0
2026-08-18,7414,小野建,卸売業,47.54,0.4,除外,0.6878,0.441,0.6269,0.1463,0.4749,0.9131,0.4277,0.4334,0.7333,0.2273,0.1579,0.2,1.0,0.1423,0.4485,0.3089,"2,4,5",1.0,0.5929,0.5,1.0,0.3075,0.802,1.0,0.3,0.2031,0.1739,0.3871,1.0,0.0
2026-08-18,7419,ノジマ,小売業,54.47,0.4,除外,0.6092,0.3634,0.5476,0.5606,0.6425,0.5231,0.1902,0.9437,0.5333,0.8636,0.2632,0.2,0.7785,0.4444,0.3471,1.0,"2,3,4",1.0,0.6874,1.0,0.0,0.8543,0.3321,1.0,0.0,0.5307,0.8261,0.0968,0.0,0.9158
2026-08-18,7421,カッパ・クリエイト,小売業,30.31,0.0,除外,0.0,0.4653,0.386,0.2018,0.4624,0.2978,0.3606,0.5524,0.3333,0.4091,0.0526,0.2,0.5617,,0.1737,0.6517,"1,2,3,4,5",,,,,,,,,0.2601,0.5043,0.0968,1.0,0.1455
2026-08-18,7433,伯東,卸売業,56.79,0.2,除外,0.9907,0.5957,0.2977,,0.3875,0.0,0.5498,0.3075,0.3333,,0.5789,0.2,0.7094,,0.0,0.4532,"2,3,4,5",1.0,1.0,1.0,1.0,1.0,0.9259,1.0,1.0,0.485,0.5109,0.3871,1.0,0.5
2026-08-18,7447,ナガイレーベン,卸売業,15.59,0.0,除外,0.0,0.0,0.3256,0.1382,0.3157,0.0,0.5033,0.5326,0.2667,0.0,0.0526,0.5,0.6795,0.1315,0.4516,0.0,"1,2,3,4,5",,,,,,,,,,,,,0.0
2026-08-18,7453,良品計画,小売業,62.63,0.2,除外,0.9966,0.5931,0.5805,,0.3349,0.3596,0.7071,0.8554,0.4,,1.0,0.2,0.3391,0.2251,0.7752,0.0,"2,3,4,5",1.0,1.0,1.0,1.0,1.0,0.9726,1.0,1.0,0.4843,0.7913,0.0968,1.0,0.6316
2026-08-18,7456,松田産業,卸売業,45.18,0.2,除外,0.7943,0.5257,0.3022,0.32,0.3168,0.0566,0.552,0.0,0.6,0.2273,0.0526,1.0,1.0,0.143,0.0,0.1241,"2,3,4,5",1.0,1.0,0.5,1.0,1.0,0.1543,1.0,0.7,0.7916,0.9239,0.3871,0.0,0.0
2026-08-18,7458,第一興商,卸売業,50.05,0.2,除外,0.8351,0.4965,0.4451,,0.2253,0.1824,0.4215,0.6432,0.5333,,0.1579,0.2,0.3169,,0.359,0.0,"2,3,4,5",1.0,0.8761,1.0,1.0,0.6026,0.902,1.0,0.3,0.3381,0.2609,0.3871,1.0,0.4909
2026-08-18,7459,メディパルホールディングス,卸売業,36.36,0.2,除外,0.6672,0.3927,0.412,0.1463,0.2001,0.229,0.3919,0.6938,0.3333,0.2273,0.1579,0.2,0.4686,,0.0146,0.1171,"2,3,4,5",1.0,1.0,0.5,1.0,0.396,0.6413,0.5,0.3,0.3966,0.337,0.3871,0.4501,0.0
2026-08-18,7476,アズワン,卸売業,17.98,0.0,除外,0.0,0.0,0.5084,0.1776,0.2132,0.527,0.2644,0.709,0.5333,0.0,0.2105,0.5,0.5014,,0.1381,0.0,"1,2,3,4,5",,,,,,,,,,,,,0.0
2026-08-18,7483,ドウシシャ,卸売業,51.7,0.2,除外,0.5201,0.3186,0.5208,,0.7087,0.4803,0.2215,0.7813,0.6,0.2273,0.0,0.2,1.0,0.1723,0.6624,1.0,"1,2,3,4",0.0,0.784,0.5,1.0,0.6542,0.2225,0.0,1.0,0.4415,0.4457,0.3871,0.0,
2026-08-18,7504,高速,卸売業,52.48,0.4,除外,0.9958,0.7028,0.4008,,0.0,0.0,0.1834,0.7532,0.6667,,0.6,0.2,0.0,,0.0,0.0,"3,4,5",1.0,1.0,1.0,1.0,1.0,0.9663,1.0,1.0,0.6739,0.75,0.3871,1.0,0.6545
2026-08-18,7512,イオン北海道,小売業,14.61,0.0,除外,0.0,0.0,0.2462,,0.3383,0.1517,0.2298,0.6033,0.0,0.0,0.2105,1.0,0.0,0.1674,0.1857,1.0,"1,2,3,4,5",,,,,,,,,,,,,
2026-08-18,7513,コジマ,小売業,51.57,0.4,除外,0.8625,0.2219,0.287,0.5378,0.6694,0.0,0.7583,0.1231,0.2667,0.9091,0.0526,0.2,0.5305,0.6139,0.5333,1.0,"2,3,4",1.0,1.0,1.0,1.0,0.8449,0.7552,1.0,0.3,0.2691,0.5217,0.0968,0.0,0.9895
2026-08-18,7516,コーナン商事,小売業,41.52,0.2,除外,0.8575,0.2776,0.3295,0.2705,0.3408,0.0051,0.4738,0.7059,0.1333,0.5,0.0,0.2,0.2053,0.1093,0.4581,0.5904,"2,3,4,5",1.0,0.6547,1.0,1.0,0.4615,0.7436,1.0,1.0,0.3366,0.6435,0.0968,0.0335,0.3818
2026-08-18,7532,パン・パシフィック・インターナショナルホールディングス,小売業,29.81,0.0,除外,0.0,0.0,0.5758,0.4169,0.4978,0.5441,0.4714,0.8878,0.4,0.2727,0.8947,0.5,0.6224,0.097,0.272,1.0,"1,2,3,4,5",,,,,,,,,,,,,0.0
2026-08-18,7545,西松屋チェーン,小売業,16.3,0.0,除外,0.0,0.0,0.2104,,0.4415,0.0,0.7683,0.0735,0.0,0.0,0.0526,0.2,0.0466,0.1408,0.5784,1.0,"1,2,3,4,5",,,,,,,,,,,,,
2026-08-18,7550,ゼンショーホールディングス,小売業,33.96,0.0,除外,0.0,0.4679,0.5401,,0.3503,0.5016,0.5971,0.3952,0.6667,,0.825,1.0,1.0,,0.0,0.051,"1,2,3,4,5",,,,,,,,,0.2616,0.513,0.0968,1.0,0.2909
2026-08-18,7552,ハピネット,卸売業,19.96,0.0,除外,0.0,0.4919,0.2146,,0.0918,0.1027,0.3559,0.0,0.4,,0.725,0.5,0.2755,,0.0,0.0,"1,2,3,4,5",,,,,,,,,0.3306,0.25,0.3871,1.0,0.4727
2026-08-18,7564,ワークマン,小売業,15.67,0.0,除外,0.0,0.0,0.2409,,0.3858,0.0219,0.3956,0.5459,0.0,0.8636,0.0,0.2,0.4599,0.4822,0.601,0.0,"1,2,3,4,5",,,,,,,,,,,,,
2026-08-18,7575,日本ライフライン,卸売業,21.22,0.0,除外,0.0,0.0,0.4737,0.279,0.3083,0.1948,0.5053,0.6614,0.5333,0.0,0.825,0.2,0.8073,0.1152,0.0,0.3106,"1,2,3,4,5",,,,,,,,,,,,,0.0909
2026-08-18,7581,サイゼリヤ,小売業,53.13,0.4,除外,0.9603,0.5609,0.6041,,0.0,0.0,1.0,0.8163,0.6,,0.675,0.2,0.0,,0.0,0.0,"2,4,5",1.0,1.0,1.0,1.0,1.0,0.6823,1.0,1.0,0.425,0.7217,0.0968,1.0,0.2909
2026-08-18,7593,ＶＴホールディングス,小売業,33.86,0.2,除外,0.0,0.4269,0.5431,0.1068,0.6161,0.6126,0.5213,0.305,0.7333,0.2273,0.0,0.2,0.9987,0.1429,0.3493,0.9734,"1,2,3,4",,,,,,,,,0.2106,0.4,0.0968,1.0,0.0
2026-08-18,7595,アルゴグラフィックス,情報・通信業,43.02,0.2,除外,0.3171,0.2443,0.5113,,0.6483,0.4498,0.5493,0.7796,0.2667,0.0,0.1579,0.2,1.0,0.1778,0.4153,1.0,"1,2,3,4",0.0,0.5957,0.0,1.0,0.5351,0.1056,0.0,0.3,0.2196,0.6207,0.0323,0.1045,
2026-08-18,7599,ＩＤＯＭ,卸売業,35.0,0.0,除外,0.4197,0.3617,0.2822,,0.3363,0.0,0.0411,0.7544,0.3333,0.2273,0.3684,0.2,0.3441,0.1637,0.8375,0.0,"1,2,3,4,5",0.0,1.0,0.5,0.0,1.0,0.3575,0.5,0.0,0.527,0.5326,0.3871,0.0,
2026-08-18,7600,日本エム・ディ・エム,精密機器,75.97,0.8,本命,0.7089,0.8195,0.8265,0.55,0.8935,0.9257,0.6686,0.9784,0.7333,0.4,0.3158,0.5,1.0,,0.6805,1.0,4,1.0,1.0,1.0,0.0,1.0,0.5709,1.0,0.1,0.7736,0.6333,0.871,1.0,0.9842
2026-08-18,7606,ユナイテッドアローズ,小売業,48.89,0.2,除外,0.9181,0.2921,0.3948,0.3035,0.5361,0.3356,0.5897,0.0539,0.6,0.2273,0.3684,0.2,1.0,0.4126,0.221,0.5106,"2,3,4,5",1.0,1.0,0.5,1.0,1.0,0.8449,1.0,1.0,0.3846,0.687,0.0968,0.0,0.4182
2026-08-18,7609,ダイトロン,卸売業,60.61,0.4,除外,1.0,0.6292,0.3727,,0.4225,0.0,0.9574,0.0,0.5333,,0.0,0.2,0.4074,0.2828,0.0,1.0,"3,4,5",1.0,1.0,1.0,1.0,1.0,1.0,1.0,1.0,0.8268,0.9457,0.3871,0.3571,0.0
2026-08-18,7611,ハイデイ日高,小売業,17.74,0.0,除外,0.0,0.0,0.2124,,0.4971,0.0,0.5732,0.2763,0.0,0.0,0.0,1.0,0.3937,0.1141,0.5495,0.9313,"1,2,3,4,5",,,,,,,,,,,,,
2026-08-18,7613,シークス,卸売業,51.37,0.2,除外,0.9803,0.429,0.2928,,0.3526,0.0,0.6378,0.0,0.5333,,0.3158,0.2,0.4854,0.4592,0.0,0.4657,"2,3,4,5",1.0,0.8428,1.0,1.0,1.0,1.0,1.0,1.0,0.4063,0.3587,0.3871,0.5641,0.3091
2026-08-18,7616,コロワイド,小売業,46.71,0.2,除外,0.949,0.4593,0.3572,,0.1029,0.0,0.4603,0.7018,0.2667,,0.975,0.2,0.2435,,0.0652,0.0,"2,3,4,5",1.0,1.0,1.0,1.0,0.7882,0.8036,1.0,1.0,0.2534,0.487,0.0968,1.0,0.4182
2026-08-18,7630,壱番屋,小売業,18.2,0.0,除外,0.0,0.3298,0.4887,0.0895,0.0019,0.2308,0.5926,0.598,0.5333,0.0,0.1579,0.2,0.0,,0.0056,0.0,"1,2,3,4,5",,,,,,,,,0.2001,0.3826,0.0968,0.6396,0.0
2026-08-18,7649,スギホールディングス,小売業,20.13,0.0,除外,0.0,0.0,0.3205,,0.4845,0.205,0.336,0.6743,0.0667,0.0,0.4211,1.0,0.3166,0.1379,0.4835,1.0,"1,2,3,4,5",,,,,,,,,,,,,
2026-08-18,7685,ＢｕｙＳｅｌｌ　Ｔｅｃｈｎｏｌｏｇｉｅｓ,卸売業,47.05,0.2,除外,0.6558,0.5774,0.36,0.4519,0.3076,0.3809,0.2563,0.6694,0.1333,0.8182,0.7895,0.2,0.5624,0.2299,0.2788,0.1594,"2,3,4,5",1.0,1.0,1.0,0.0,1.0,0.246,1.0,0.0,0.9333,0.9891,0.3871,0.0,0.0
2026-08-18,7701,島津製作所,精密機器,54.21,0.6,監視,0.803,0.616,0.6813,0.1335,0.4765,1.0,0.32,0.6718,0.7333,0.0,0.3158,0.2,0.9609,0.1048,0.7632,0.0772,"4,5",1.0,0.8984,0.5,1.0,0.9441,0.7817,1.0,0.3,0.4265,0.1667,0.871,1.0,0.0182
2026-08-18,7711,助川電気工業,精密機器,42.27,0.2,除外,0.0,0.6335,0.5815,,0.4757,0.7277,0.3745,0.4238,0.8,0.0909,0.0,0.2,0.4193,0.1907,0.2928,1.0,"1,3,4,5",,,,,,,,,0.8966,0.7667,0.871,0.0,
2026-08-18,7715,長野計器,精密機器,58.09,0.6,監視,0.7187,0.8496,0.7049,0.3974,0.2338,1.0,0.5339,0.9522,0.3333,1.0,0.2105,0.2,0.0,0.4444,0.1935,0.2973,"4,5",1.0,1.0,1.0,0.0,1.0,0.3495,1.0,0.4,0.8606,0.6667,0.871,1.0,0.1789
2026-08-18,7716,ナカニシ,精密機器,63.73,0.4,除外,1.0,0.6028,0.3464,,0.5999,0.0402,0.7456,0.0,0.6,,0.2105,0.2,0.784,,0.0157,1.0,"3,4,5",1.0,1.0,1.0,1.0,1.0,1.0,1.0,1.0,0.7481,0.6,0.871,0.1923,0.5368
2026-08-18,7717,ブイ・テクノロジー,精密機器,49.66,0.4,除外,0.625,0.6838,0.5335,0.5434,0.0974,0.8075,0.4039,0.7891,0.1333,1.0,0.4737,0.2,0.0,0.3889,0.0005,0.0,"3,4,5",1.0,1.0,1.0,0.0,1.0,0.0,1.0,0.0,0.9123,0.8333,0.871,0.1185,0.5
2026-08-18,7721,東京計器,精密機器,63.75,0.8,本命,0.8338,0.7334,0.6758,0.2847,0.6598,0.6472,0.6501,0.8727,0.5333,0.1818,0.6842,0.2,0.9063,0.1244,0.6085,1.0,4,1.0,1.0,0.5,1.0,1.0,0.1705,1.0,1.0,0.6627,0.4,0.871,1.0,0.0727
2026-08-18,7729,東京精密,精密機器,48.6,0.4,除外,0.8662,0.609,0.3,0.3597,0.2953,0.1011,0.4083,0.4908,0.2,0.9545,0.1579,0.2,0.0,0.3423,0.3449,0.494,"3,4,5",1.0,1.0,1.0,1.0,1.0,0.5296,1.0,0.4,0.8651,0.7,0.871,0.0,0.1263
2026-08-18,7730,マニー,精密機器,39.7,0.2,除外,0.6087,0.47,0.284,0.3837,0.2386,0.0,0.4643,0.4052,0.2667,0.5455,0.7895,0.2,0.6413,0.3132,0.0,0.0,"2,3,4,5",1.0,1.0,1.0,0.0,0.9863,0.3836,0.5,0.0,0.6424,0.3667,0.871,0.0,0.0
2026-08-18,7731,ニコン,精密機器,53.99,0.6,監視,0.6868,0.7261,0.6802,0.3026,0.3039,0.7992,0.6003,0.6548,0.6667,0.8,0.2105,0.2,0.9206,0.2951,0.0,0.0,"4,5",1.0,1.0,1.0,0.0,1.0,0.4945,1.0,0.0,0.7316,0.5,0.871,0.8019,0.0
2026-08-18,7733,オリンパス,精密機器,32.51,0.0,除外,0.0,0.3108,0.5117,0.2266,0.5766,0.5553,0.4759,0.4154,0.6,0.0,0.5789,0.2,1.0,0.1425,0.1638,1.0,"1,2,3,4,5",,,,,,,,,0.2721,0.1,0.871,0.0,0.1273
2026-08-18,7734,理研計器,精密機器,52.49,0.4,除外,0.7056,0.3491,0.5718,0.3185,0.6793,0.771,0.4162,0.5666,0.5333,0.8636,0.2105,0.2,0.6535,0.6642,0.3996,1.0,"2,3,4",1.0,0.7037,1.0,0.0,0.605,0.6364,1.0,0.7,0.3921,0.1333,0.871,0.0,0.0
2026-08-18,7735,ＳＣＲＥＥＮホールディングス,電気機器,45.21,0.4,除外,0.625,0.9412,0.3508,0.3158,0.0278,0.1789,0.3622,0.8621,0.0,0.8,0.2632,0.2,0.0,0.1111,0.0,0.0,"3,4,5",1.0,1.0,1.0,0.0,1.0,0.0,1.0,0.0,0.9648,0.8644,0.9355,1.0,0.0
2026-08-18,7740,タムロン,精密機器,56.29,0.4,除外,0.9934,0.6844,0.5261,,0.0478,0.208,0.6489,0.9141,0.3333,,0.4211,0.2,0.1434,,0.0,0.0,"3,4,5",1.0,1.0,1.0,1.0,1.0,0.9475,1.0,1.0,0.5667,0.3,0.871,1.0,0.6182
2026-08-18,7741,ＨＯＹＡ,精密機器,50.23,0.2,除外,0.7706,0.4987,0.5923,0.2013,0.4487,0.4064,0.5457,0.8172,0.6,0.5,0.1053,0.2,0.5055,0.1934,0.3344,0.7616,"2,3,4,5",1.0,1.0,0.5,1.0,1.0,0.4645,0.5,0.7,0.6904,0.4333,0.871,0.0,0.0
2026-08-18,7744,ノーリツ鋼機,精密機器,46.58,0.2,除外,0.7807,0.4129,0.4044,0.1854,0.5456,0.0256,0.6128,0.5793,0.4,0.1364,0.1053,0.5,0.8849,0.1089,0.517,0.6717,"2,3,4,5",1.0,1.0,0.5,1.0,1.0,0.5453,0.5,0.7,0.5472,0.2333,0.871,0.0,0.0
2026-08-18,7745,Ａ＆Ｄホロンホールディングス,精密機器,59.23,0.4,除外,0.9448,0.7077,0.4056,0.4376,0.4658,0.5277,0.3,0.1282,0.6667,0.6818,0.3684,0.2,0.8547,,0.2682,0.2745,"3,4,5",1.0,1.0,1.0,1.0,1.0,0.5583,1.0,1.0,0.6267,0.3333,0.871,1.0,0.5
2026-08-18,7746,岡本硝子,精密機器,64.44,0.6,監視,0.375,0.7166,0.7167,,0.7693,1.0,1.0,0.0,0.8667,0.0909,0.4737,0.2,1.0,0.1481,0.9289,1.0,"1,4",0.0,1.0,0.5,0.0,1.0,0.0,0.5,0.0,0.9955,1.0,0.871,0.0,
2026-08-18,7747,朝日インテック,精密機器,64.77,0.2,除外,0.9625,0.5362,0.5169,,0.5751,0.5174,0.2635,0.9533,0.3333,,0.1053,0.2,0.5883,0.4444,0.2678,1.0,"2,3,4,5",1.0,1.0,1.0,1.0,1.0,1.0,1.0,0.7,0.7406,0.5333,0.871,0.0,0.3737
2026-08-18,7751,キヤノン,電気機器,42.21,0.2,除外,0.7263,0.5221,0.4623,0.099,0.3009,0.266,0.311,0.8723,0.4,0.0909,0.1053,0.2,0.288,0.0952,0.4835,0.3368,"2,3,4,5",1.0,0.6417,0.0,1.0,0.4653,0.7038,1.0,1.0,0.2646,0.1356,0.9355,0.7528,0.0
2026-08-18,7752,リコー,電気機器,60.27,0.4,除外,0.9953,0.6101,0.4067,,0.3987,0.0,0.5613,0.5323,0.5333,,0.6842,0.2,0.2371,,0.3088,0.6503,"3,4,5",1.0,1.0,1.0,1.0,0.9736,0.989,1.0,1.0,0.3441,0.161,0.9355,1.0,0.9737
2026-08-18,7762,シチズン時計,精密機器,59.47,0.4,除外,0.9625,0.7241,0.3366,,0.3556,0.0,0.5937,0.2859,0.4667,,0.1579,0.2,0.0669,,0.0,1.0,"3,4,5",1.0,1.0,1.0,1.0,1.0,1.0,1.0,0.7,0.9415,0.8667,0.871,0.2171,0.0
2026-08-18,7777,スリー・ディー・マトリックス,精密機器,57.33,0.2,除外,0.3873,0.5455,0.5422,,0.8181,1.0,0.2043,0.2312,0.7333,0.2727,0.0,0.5,1.0,0.3409,0.9316,1.0,"1,2,3,4",0.0,0.8987,0.5,0.0,1.0,0.0,0.0,0.7,0.7444,0.5667,0.871,0.0,
2026-08-18,7779,ＣＹＢＥＲＤＹＮＥ,精密機器,50.21,0.2,除外,0.425,0.4257,0.6393,,0.5182,1.0,0.3883,0.569,0.6,0.1818,0.0526,0.5,1.0,0.1158,0.9572,0.0,"1,2,4,5",0.0,1.0,0.5,0.0,1.0,0.0,0.5,0.4,0.5652,0.2667,0.871,0.0,
2026-08-18,7780,メニコン,精密機器,54.46,0.4,除外,0.971,0.7591,0.2538,0.3513,0.388,0.0,0.4154,0.0,0.6,0.0,0.5789,0.5,1.0,0.1966,0.0,0.3552,"3,4,5",1.0,1.0,1.0,1.0,1.0,0.768,1.0,1.0,0.6987,0.4667,0.871,1.0,0.3263
2026-08-18,7794,イーディーピー,その他製品,55.83,0.2,除外,0.375,0.5068,0.833,,0.5186,0.8339,0.6717,0.9596,0.8667,0.1364,0.8947,0.5,1.0,0.1591,0.7507,0.1648,"1,2,4,5",0.0,1.0,0.5,0.0,1.0,0.0,0.5,0.0,0.8306,0.9062,0.2903,0.0,
2026-08-18,7803,ブシロード,その他製品,45.36,0.2,除外,0.8139,0.4206,0.3772,0.5117,0.1447,0.0,0.5205,0.7218,0.2667,0.4,0.2105,1.0,0.0,0.3138,0.265,0.0,"2,3,4,5",1.0,1.0,0.5,1.0,1.0,0.7108,1.0,0.3,0.2046,0.1875,0.2903,1.0,0.4364
2026-08-18,7806,ＭＴＧ,その他製品,65.1,0.4,除外,1.0,0.7655,0.2777,,0.5609,0.0,0.444,0.0,0.6667,,0.1579,0.2,0.5796,0.1473,0.5657,0.9508,"3,4,5",1.0,1.0,1.0,1.0,1.0,1.0,1.0,1.0,0.8343,0.9375,0.2903,1.0,0.0
2026-08-18,7818,トランザクション,その他製品,33.26,0.0,除外,0.4543,0.3214,0.2162,0.4934,0.1776,0.0,0.5314,0.0,0.3333,1.0,0.4737,0.5,0.0,0.4444,0.0,0.2658,"1,2,3,4,5",1.0,0.6486,1.0,0.0,0.6269,0.3586,0.0,0.0,0.464,0.5312,0.2903,0.0,0.0
2026-08-18,7821,前田工繊,その他製品,19.17,0.0,除外,0.0,0.0,0.1799,0.3784,0.4002,0.0,0.3863,0.0,0.3333,0.2727,0.95,0.2,0.9996,0.3364,0.0,0.2648,"1,2,3,4,5",,,,,,,,,,,,,0.0909
2026-08-18,7826,フルヤ金属,その他製品,47.16,0.2,除外,0.8675,0.561,0.3476,0.25,0.3319,0.2779,0.446,0.0,0.6667,0.7273,0.0,0.2,0.5643,0.5111,0.0,0.2524,"2,3,4,5",1.0,1.0,1.0,1.0,1.0,0.2402,1.0,0.7,0.9535,1.0,0.2903,0.0,0.0727
2026-08-18,7832,バンダイナムコホールディングス,その他製品,14.77,0.0,除外,0.0,0.0,0.2987,,0.2922,0.0,0.5948,0.0,0.6,,0.875,1.0,0.8766,,0.0,0.0,"1,2,3,4,5",,,,,,,,,,,,,0.1273
2026-08-18,7839,ＳＨＯＥＩ,その他製品,64.43,0.4,除外,0.9971,0.474,0.6738,,0.4323,0.6941,0.4028,0.7985,0.8,,0.9,0.2,1.0,,0.2318,0.0651,"2,4,5",1.0,1.0,1.0,1.0,0.9768,1.0,1.0,1.0,0.2931,0.3125,0.2903,1.0,0.4545
2026-08-18,7846,パイロットコーポレーション,その他製品,56.47,0.4,除外,0.9928,0.6341,0.5007,,0.1313,0.4138,0.5365,0.2523,0.8,,0.1053,0.2,0.3938,,0.0,0.0,"3,4,5",1.0,1.0,1.0,1.0,1.0,0.9422,1.0,1.0,0.5585,0.6875,0.2903,1.0,1.0
2026-08-18,7860,エイベックス,情報・通信業,30.29,0.0,除外,0.5289,0.4585,0.2063,0.2599,0.0608,0.0,0.3179,0.4404,0.0667,0.0,0.1579,0.5,0.1825,,0.0,0.0,"1,2,3,4,5",1.0,0.6493,1.0,0.0,0.1726,0.6092,0.5,0.3,0.2069,0.5948,0.0323,1.0,0.3818
2026-08-18,7864,フジシールインターナショナル,その他製品,55.65,0.2,除外,0.9092,0.4835,0.5457,0.4733,0.3708,0.4435,0.4758,0.5969,0.6667,0.0,0.475,1.0,1.0,0.1616,0.3214,0.0,"2,3,4,5",1.0,0.8926,0.5,1.0,1.0,0.8808,1.0,1.0,0.2999,0.3438,0.2903,1.0,0.4182
2026-08-18,7867,タカラトミー,その他製品,44.85,0.2,除外,0.8411,0.4604,0.294,,0.1985,0.0,0.4549,0.0543,0.6667,,0.0,0.2,0.3222,,0.2734,0.0,"2,3,4,5",1.0,1.0,0.5,1.0,1.0,0.9292,1.0,0.3,0.2699,0.2812,0.2903,1.0,0.6
2026-08-18,7868,広済堂ホールディングス,その他製品,55.39,0.4,除外,0.8,0.3057,0.4909,0.3932,0.7798,1.0,0.0,0.297,0.6667,0.7727,0.0,0.2,1.0,0.4444,0.6747,1.0,"2,3,4",1.0,1.0,1.0,1.0,1.0,0.0,1.0,0.4,0.4325,0.5,0.2903,0.0,0.6
2026-08-18,7906,ヨネックス,その他製品,27.21,0.2,除外,0.0,0.0,0.339,,0.7495,0.0,0.7558,0.0,0.6,0.1818,0.0,1.0,1.0,0.2184,0.7794,1.0,"1,2,3,4",,,,,,,,,,,,,
2026-08-18,7911,ＴＯＰＰＡＮホールディングス,その他製品,55.39,0.4,除外,0.7848,0.58,0.6722,0.1818,0.5507,0.9278,0.3666,0.9944,0.4,0.2273,0.0,0.5,1.0,0.1547,0.7424,0.3058,"2,4,5",1.0,1.0,0.5,1.0,1.0,0.3783,1.0,0.4,0.5742,0.7188,0.2903,0.7366,0.0
2026-08-18,7912,大日本印刷,その他製品,62.86,0.6,監視,0.992,0.6943,0.6348,0.3227,0.499,1.0,0.3237,0.8156,0.4,0.2273,0.0,0.5,1.0,0.2021,0.3374,0.4564,"4,5",1.0,1.0,1.0,1.0,1.0,0.9357,1.0,1.0,0.6432,0.8438,0.2903,1.0,0.5636
2026-08-18,7914,共同印刷,その他製品,51.94,0.4,除外,0.8747,0.6016,0.4153,0.2864,0.4191,0.41,0.5887,0.1291,0.5333,0.2273,0.0,0.5,1.0,0.1264,0.55,0.0,"3,4,5",1.0,0.8946,0.5,1.0,0.7577,0.8453,1.0,1.0,0.5225,0.5938,0.2903,1.0,0.4182
2026-08-18,7915,ＮＩＳＳＨＡ,その他製品,22.49,0.2,除外,0.0,0.0,0.1101,,0.7894,0.0,0.0405,0.0,0.4,0.7727,0.3158,0.2,0.9737,0.7091,0.4747,1.0,"1,2,3,4",,,,,,,,,,,,,
2026-08-18,7917,ＺＡＣＲＯＳ,化学,43.88,0.4,除外,0.6101,0.716,0.2112,0.1134,0.5434,0.1706,0.2558,0.2185,0.2,0.2273,0.0,0.2,0.7103,0.1429,0.3204,1.0,"3,4,5",1.0,1.0,1.0,0.0,0.9864,0.2944,0.5,0.1,0.6334,0.5208,0.7097,1.0,0.0263
2026-08-18,7936,アシックス,その他製品,53.58,0.4,除外,0.9752,0.6652,0.4545,0.0763,0.5076,0.3856,0.3628,0.603,0.4667,0.0,0.1053,0.2,1.0,0.2017,0.8286,0.0,"3,4,5",1.0,1.0,1.0,1.0,1.0,0.8018,1.0,1.0,0.5892,0.7812,0.2903,1.0,0.0
2026-08-18,7943,ニチハ,ガラス・土石製品,55.49,0.4,除外,0.6159,0.4903,0.4871,,0.6263,0.331,0.4214,0.9293,0.2667,0.2273,0.8947,0.5,0.8182,0.1898,0.4973,1.0,"2,3,4",0.0,1.0,0.5,1.0,0.5461,0.3809,0.5,1.0,0.2099,0.0909,0.8065,0.8539,
2026-08-18,7944,ローランド,その他製品,48.66,0.2,除外,0.9366,0.3686,0.3558,0.3726,0.3993,0.0,0.8666,0.0235,0.5333,0.7273,0.2105,0.2,0.4862,0.366,0.0,0.7449,"2,3,4,5",1.0,1.0,1.0,1.0,1.0,0.7927,1.0,0.7,0.5277,0.6562,0.2903,0.0,0.3526
2026-08-18,7947,エフピコ,化学,38.4,0.4,除外,0.8085,0.0,0.7267,0.1159,0.2688,0.688,0.6061,0.946,0.6667,0.2273,0.0,0.2,0.4605,0.1217,0.03,0.4631,"2,4,5",1.0,0.5989,0.5,1.0,0.5766,0.7929,1.0,1.0,,,,,0.0364
2026-08-18,7949,小松ウオール工業,その他製品,53.7,0.2,除外,0.801,0.5091,0.574,0.4074,0.3936,0.2886,0.4513,0.8896,0.6667,0.2273,0.775,0.5,0.9983,0.1026,0.2851,0.1886,"2,3,4,5",1.0,0.8072,0.5,1.0,0.5089,0.5922,1.0,1.0,0.3711,0.375,0.2903,1.0,0.1273
2026-08-18,7951,ヤマハ,その他製品,53.54,0.2,除外,0.9968,0.5205,0.2909,,0.3333,0.0,0.5637,0.0,0.6,,0.65,0.5,1.0,,0.0,0.0,"2,3,4,5",1.0,1.0,1.0,1.0,1.0,0.9744,1.0,1.0,0.3853,0.4062,0.2903,1.0,0.9789
2026-08-18,7956,ピジョン,その他製品,69.38,0.4,除外,0.9568,0.5447,0.575,,0.6985,0.3837,0.7269,0.5227,0.6667,,0.0526,0.5,0.6783,,0.4172,1.0,"2,3,4",1.0,1.0,1.0,1.0,1.0,0.9544,1.0,0.7,0.4198,0.4688,0.2903,1.0,0.9579
2026-08-18,7965,象印マホービン,電気機器,39.37,0.2,除外,0.0,0.3368,0.5434,,0.6947,0.522,0.2047,0.7135,0.7333,0.5,0.3684,0.2,1.0,0.2315,0.5473,1.0,"1,2,3,4",,,,,,,,,0.2676,0.1441,0.9355,0.0,
2026-08-18,7966,リンテック,その他製品,47.74,0.4,除外,0.6672,0.7883,0.1191,0.5026,0.3098,0.0,0.2096,0.0,0.2667,0.8,0.2105,1.0,0.0,0.1111,0.213,0.9151,"3,4,5",1.0,1.0,1.0,0.0,1.0,0.3379,1.0,0.0,0.8943,0.9688,0.2903,1.0,0.0
2026-08-18,7970,信越ポリマー,化学,39.23,0.2,除外,0.7001,0.4775,0.2388,0.3294,0.2158,0.0,0.0531,0.7687,0.1333,0.8,0.2632,0.2,0.0872,0.2222,0.0,0.5538,"2,3,4,5",1.0,1.0,1.0,0.0,0.9975,0.6031,1.0,0.0,0.6484,0.5521,0.7097,0.0,0.0545
2026-08-18,7972,イトーキ,その他製品,50.32,0.4,除外,0.263,0.6104,0.4607,,0.6786,0.5555,0.4489,0.1715,0.6667,0.2273,0.0,0.2,1.0,0.3101,0.4044,1.0,"1,3,4",0.0,1.0,0.5,0.0,0.5041,0.0,0.0,0.1,0.5262,0.625,0.2903,1.0,
2026-08-18,7974,任天堂,その他製品,26.3,0.0,除外,0.0,0.0,0.5358,,0.5162,0.2933,0.7307,0.3857,0.7333,0.0,0.4737,1.0,0.9256,0.139,0.0,1.0,"1,2,3,4,5",,,,,,,,,,,,,
2026-08-18,7976,三菱鉛筆,その他製品,54.03,0.4,除外,0.9924,0.654,0.2019,,0.3129,0.0,0.3928,0.3481,0.0667,,0.2632,0.2,0.5448,,0.0,0.3939,"3,4,5",1.0,1.0,1.0,1.0,1.0,0.9392,1.0,1.0,0.5757,0.75,0.2903,1.0,0.5421
2026-08-18,7979,松風,精密機器,61.64,0.4,除外,0.9948,0.5522,0.6896,,0.2291,1.0,0.5187,0.5065,0.7333,,0.1053,0.5,0.2192,0.1111,0.2485,0.3376,"2,4,5",1.0,1.0,1.0,1.0,1.0,0.9585,1.0,1.0,0.2714,0.0667,0.871,1.0,0.8
2026-08-18,7981,タカラスタンダード,その他製品,53.32,0.4,除外,0.6975,0.4614,0.425,0.4,0.6821,0.0,0.0092,0.9575,0.7333,0.2,0.2632,0.2,1.0,,0.1678,0.8786,"2,3,4",1.0,1.0,1.0,0.0,0.7791,0.7012,1.0,0.1,0.518,0.5625,0.2903,0.4748,0.9368
2026-08-18,7984,コクヨ,その他製品,37.84,0.0,除外,0.0,0.4497,0.5183,0.3375,0.5862,0.2183,0.2294,0.959,0.6667,0.0,0.85,0.5,0.9198,0.1164,0.5923,0.7165,"1,2,3,4,5",,,,,,,,,0.2586,0.25,0.2903,1.0,0.0
2026-08-18,7988,ニフコ,化学,57.76,0.4,除外,0.8731,0.744,0.5105,0.2913,0.4692,0.4565,0.2153,0.7703,0.6,0.2273,0.2105,0.2,1.0,0.1406,0.7362,0.0,"3,4,5",1.0,1.0,1.0,1.0,1.0,0.6847,1.0,0.3,0.6829,0.5833,0.7097,1.0,0.5273
2026-08-18,7989,立川ブラインド工業,金属製品,67.0,0.6,監視,0.8964,0.6641,0.6261,,0.4933,1.0,0.099,0.9389,0.4667,,0.1579,0.2,0.7695,,0.012,0.6983,"4,5",1.0,1.0,1.0,1.0,1.0,0.8713,1.0,0.3,0.7414,0.72,0.4194,0.7756,0.0
2026-08-18,7990,グローブライド,その他製品,51.46,0.4,除外,0.8858,0.2807,0.3121,0.4276,0.6667,0.2143,0.2339,0.0,0.8,0.0,0.5263,0.2,1.0,,0.0,1.0,"2,3,4",1.0,0.8201,1.0,1.0,0.6761,0.5905,1.0,1.0,0.3951,0.4375,0.2903,0.0,0.9842
2026-08-18,7994,オカムラ,その他製品,29.63,0.2,除外,0.0,0.1897,0.296,,0.6997,0.0244,0.2759,0.8835,0.0,0.2273,0.1053,1.0,0.9749,0.1499,0.6741,1.0,"1,2,3,4",,,,,,,,,0.2496,0.2188,0.2903,0.0,
2026-08-18,7995,バルカー,化学,52.41,0.4,除外,0.7427,0.6207,0.5067,0.2809,0.4695,0.6197,0.3906,0.6833,0.3333,0.8182,0.1053,0.2,0.0599,0.4444,0.3735,1.0,"3,4,5",1.0,1.0,1.0,0.0,1.0,0.2417,1.0,0.7,0.8981,0.875,0.7097,0.0,0.0
2026-08-18,8001,伊藤忠商事,卸売業,54.07,0.2,除外,0.8992,0.502,0.478,0.4292,0.3951,0.4043,0.3076,0.8001,0.4,0.2273,0.7895,0.5,1.0,0.1569,0.1903,0.2333,"2,3,4,5",1.0,1.0,0.5,1.0,1.0,0.6934,1.0,1.0,0.5015,0.5217,0.3871,0.5976,0.2
2026-08-18,8002,丸紅,卸売業,50.77,0.4,除外,0.6605,0.5147,0.367,0.3104,0.6861,0.1262,0.2858,0.5227,0.5333,0.1364,0.1053,1.0,0.9951,0.154,0.5951,1.0,"2,3,4",1.0,1.0,0.5,1.0,1.0,0.1843,0.5,0.1,0.7804,0.8913,0.3871,0.0,0.0
2026-08-18,8005,スクロール,小売業,67.21,0.4,除外,0.9955,0.7014,0.3988,,0.5927,0.2584,0.4366,0.3669,0.5333,,0.3158,0.2,1.0,0.371,0.0,1.0,"3,4,5",1.0,1.0,1.0,1.0,1.0,0.964,1.0,1.0,0.7609,0.9478,0.0968,1.0,0.0
2026-08-18,8008,ヨンドシーホールディングス,小売業,49.11,0.2,除外,0.8558,0.5877,0.4144,0.4289,0.1684,0.0065,0.4075,0.9769,0.2667,0.4,0.3158,0.2,0.0,0.4444,0.229,0.0,"2,3,4,5",1.0,1.0,1.0,1.0,0.7451,0.8016,1.0,0.3,0.4715,0.7826,0.0968,1.0,0.8
2026-08-18,8011,三陽商会,繊維製品,67.52,0.6,監視,1.0,0.7707,0.7398,,0.1902,0.7397,0.6462,0.9064,0.6667,,0.65,0.2,0.6578,0.103,0.0,0.0,"4,5",1.0,1.0,1.0,1.0,1.0,1.0,1.0,1.0,0.7564,0.875,0.4516,1.0,0.6727
2026-08-18,8012,長瀬産業,卸売業,69.27,0.6,監視,0.9868,0.6535,0.4879,,0.6426,0.8872,0.4641,0.2003,0.4,,0.0,0.2,0.8406,,0.0873,1.0,"3,4",1.0,1.0,1.0,1.0,1.0,0.8947,1.0,1.0,0.7631,0.8696,0.3871,0.5942,0.0
2026-08-18,8014,蝶理,卸売業,40.07,0.4,除外,0.71,0.0,0.3145,0.2647,0.7144,0.0,0.2989,0.2923,0.6667,0.2273,0.6316,0.2,1.0,0.1799,0.6777,1.0,"2,3,4",1.0,0.5506,0.5,1.0,0.5983,0.5309,0.5,1.0,,,,,0.0
2026-08-18,8015,豊田通商,卸売業,62.96,0.2,除外,0.9828,0.5458,0.4269,,0.5628,0.0,0.6852,0.489,0.5333,,0.5263,0.2,1.0,0.598,0.0,0.6534,"2,3,4,5",1.0,1.0,1.0,1.0,1.0,0.8627,1.0,1.0,0.8396,0.9565,0.3871,0.0,0.0
2026-08-18,8016,オンワードホールディングス,繊維製品,53.79,0.2,除外,0.8738,0.4047,0.4268,0.3855,0.5986,0.3177,0.3031,0.8197,0.2667,0.2273,0.8421,0.2,1.0,0.1392,0.5312,0.724,"2,3,4,5",1.0,0.9931,0.5,1.0,0.836,0.6615,1.0,1.0,0.4678,0.4375,0.4516,0.262,0.2727
2026-08-18,8020,兼松,卸売業,56.97,0.4,除外,0.8808,0.464,0.5435,0.2476,0.7128,0.6438,0.4915,0.4387,0.6,0.2273,0.2632,0.5,1.0,0.1568,0.6943,1.0,"2,3,4",1.0,1.0,0.5,1.0,1.0,0.5462,1.0,1.0,0.6972,0.7717,0.3871,0.0,0.0
2026-08-18,8022,美津濃,その他製品,59.34,0.4,除外,0.9988,0.6779,0.4398,,0.2573,0.214,0.8118,0.0,0.7333,,0.9,0.2,0.8803,0.1489,0.0,0.0,"3,4,5",1.0,1.0,1.0,1.0,1.0,0.9907,1.0,1.0,0.6087,0.8125,0.2903,1.0,0.7636
2026-08-18,8031,三井物産,卸売業,55.42,0.2,除外,0.5375,0.4864,0.3959,,0.7971,0.4143,0.2666,0.7026,0.2,0.4091,0.1053,1.0,1.0,0.292,0.8965,1.0,"1,2,3,4",0.0,1.0,0.5,1.0,1.0,0.0,0.5,0.3,0.7324,0.8261,0.3871,0.0,
2026-08-18,8032,日本紙パルプ商事,卸売業,63.6,0.4,除外,0.9918,0.5351,0.3708,,0.6463,0.3741,0.244,0.0652,0.8,,0.7368,0.2,1.0,0.5852,0.0,1.0,"2,3,4",1.0,1.0,1.0,1.0,1.0,0.9341,1.0,1.0,0.8186,0.9348,0.3871,0.0,0.0
2026-08-18,8035,東京エレクトロン,電気機器,52.31,0.4,除外,0.625,0.913,0.5139,0.4478,0.1159,0.6637,0.5008,0.7576,0.1333,0.9545,0.4737,0.2,0.0,0.1111,0.0,0.3524,"3,4,5",1.0,1.0,1.0,0.0,1.0,0.0,1.0,0.0,0.937,0.7797,0.9355,1.0,0.1632
2026-08-18,8037,カメイ,卸売業,57.24,0.4,除外,1.0,0.7062,0.2708,,0.3124,0.0,0.5024,0.0475,0.5333,,0.875,0.2,0.9373,,0.0,0.0,"3,4,5",1.0,1.0,1.0,1.0,1.0,1.0,1.0,1.0,0.6769,0.7609,0.3871,1.0,0.0
2026-08-18,8043,スターゼン,卸売業,54.9,0.2,除外,0.9166,0.5501,0.3965,,0.3328,0.0,0.311,0.7415,0.5333,,0.475,0.5,0.9983,,0.0,0.0,"2,3,4,5",1.0,1.0,0.5,1.0,0.8559,0.9771,1.0,1.0,0.422,0.3913,0.3871,1.0,0.4
2026-08-18,8050,セイコーグループ,精密機器,57.07,0.4,除外,1.0,0.9525,0.1316,,0.1987,0.0,0.4597,0.0,0.0667,,0.3158,0.2,0.1026,0.156,0.0,0.5363,"3,4,5",1.0,1.0,1.0,1.0,1.0,1.0,1.0,1.0,0.9723,0.9667,0.871,1.0,0.0158
2026-08-18,8051,山善,卸売業,72.71,0.6,監視,1.0,0.5423,0.6567,,0.7092,0.6929,0.6603,0.4737,0.8,,0.6316,0.2,1.0,0.5561,0.2808,1.0,"2,4",1.0,1.0,1.0,1.0,1.0,1.0,1.0,1.0,0.6319,0.6957,0.3871,0.4546,0.8368
2026-08-18,8052,椿本興業,卸売業,39.61,0.0,除外,0.3728,0.3999,0.5246,,0.2871,0.3597,0.3028,0.7025,0.7333,0.2273,0.2105,0.5,0.9264,0.1362,0.0858,0.0,"1,2,3,4,5",0.0,0.5951,0.5,1.0,0.2513,0.5361,0.0,0.1,0.4033,0.3478,0.3871,0.4612,
2026-08-18,8053,住友商事,卸売業,58.95,0.4,除外,0.9628,0.5118,0.5538,0.3108,0.6081,0.5385,0.2673,0.8762,0.5333,0.7273,0.3158,0.2,0.9604,0.4534,0.0188,1.0,"2,3,4",1.0,1.0,1.0,1.0,1.0,0.7023,1.0,1.0,0.7796,0.8804,0.3871,0.0,0.0
2026-08-18,8056,ＢＩＰＲＯＧＹ,情報・通信業,9.0,0.0,除外,0.0,0.0,0.215,,0.1449,0.0,0.3268,0.0,0.5333,0.0,0.0526,0.5,0.4665,0.1132,0.0,0.0,"1,2,3,4,5",,,,,,,,,,,,,
2026-08-18,8057,内田洋行,卸売業,25.62,0.0,除外,0.0,0.4285,0.423,0.3026,0.1271,0.5617,0.2726,0.5909,0.2667,0.0,0.2105,1.0,0.2104,0.0929,0.2049,0.0,"1,2,3,4,5",,,,,,,,,0.3493,0.2717,0.3871,0.7058,0.0
2026-08-18,8058,三菱商事,卸売業,61.14,0.6,監視,0.7878,0.4816,0.7186,0.4098,0.6591,0.6044,0.3914,0.9452,0.9333,0.7273,0.4211,0.2,1.0,0.4468,0.7056,0.484,"2,4",1.0,1.0,0.5,1.0,1.0,0.3023,0.5,1.0,0.7241,0.8152,0.3871,0.0,0.2909
2026-08-18,8059,第一実業,卸売業,53.64,0.4,除外,0.916,0.6748,0.3128,0.2468,0.5317,0.0,0.4228,0.6284,0.2,0.2273,0.1053,0.2,0.9688,0.1081,0.5275,0.5224,"3,4,5",1.0,1.0,0.5,1.0,1.0,0.828,1.0,1.0,0.6274,0.6848,0.3871,1.0,0.4545
2026-08-18,8060,キヤノンマーケティングジャパン,卸売業,63.53,0.4,除外,0.9149,0.3945,0.764,0.5297,0.5737,0.8006,0.5465,0.9757,0.7333,0.7273,0.7368,0.2,0.6987,0.1615,0.7415,0.693,"2,4,5",1.0,1.0,0.5,1.0,1.0,0.8193,1.0,1.0,0.5712,0.6196,0.3871,0.0,0.4545
2026-08-18,8061,西華産業,卸売業,50.56,0.2,除外,0.9062,0.5193,0.3361,0.2849,0.4817,0.2298,0.3301,0.3179,0.4667,0.7273,0.1579,0.2,0.9318,0.5442,0.0308,0.42,"2,3,4,5",1.0,1.0,1.0,1.0,1.0,0.5498,1.0,0.7,0.7879,0.9022,0.3871,0.0,0.0545
2026-08-18,8074,ユアサ商事,卸売業,55.83,0.4,除外,0.8826,0.4331,0.4777,0.341,0.6571,0.4513,0.3498,0.443,0.6667,0.2273,0.7368,0.2,1.0,0.2461,0.4116,0.9706,"2,3,4",1.0,1.0,0.5,1.0,0.9208,0.6397,1.0,1.0,0.4543,0.4674,0.3871,0.4238,0.2
2026-08-18,8075,神鋼商事,卸売業,54.01,0.2,除外,0.9293,0.5814,0.33,,0.3196,0.0,0.7866,0.0,0.5333,,0.85,0.2,0.9214,0.357,0.0,0.0,"2,3,4,5",1.0,1.0,0.5,1.0,1.0,0.9348,1.0,1.0,0.4603,0.4783,0.3871,1.0,0.3818
2026-08-18,8078,阪和興業,卸売業,62.64,0.6,監視,0.9733,0.4768,0.6984,0.3295,0.6541,0.8121,0.5218,0.7265,0.7333,0.8182,0.0,0.5,0.6444,0.4552,0.5166,1.0,"2,4",1.0,1.0,1.0,1.0,1.0,0.7866,1.0,1.0,0.7159,0.8043,0.3871,0.0,0.0
2026-08-18,8079,正栄食品工業,卸売業,57.02,0.4,除外,0.7965,0.4827,0.6269,,0.3748,1.0,0.4024,0.4384,0.6667,,0.1579,0.2,0.216,,0.4053,0.503,"2,4,5",1.0,0.7668,1.0,1.0,0.4493,0.8561,1.0,0.3,0.3156,0.2283,0.3871,1.0,0.3636
2026-08-18,8084,ＲＹＯＤＥＮ,卸売業,57.17,0.4,除外,0.9795,0.6697,0.3482,,0.2893,0.0,0.6698,0.323,0.4,,0.5263,0.5,0.053,,0.0,0.815,"3,4,5",1.0,1.0,1.0,1.0,1.0,0.8364,1.0,1.0,0.6177,0.6739,0.3871,1.0,0.0
2026-08-18,8086,ニプロ,精密機器,53.45,0.4,除外,0.7581,0.3871,0.4397,0.3836,0.704,0.3417,0.358,0.3924,0.6667,0.8636,0.0526,0.2,0.7259,0.4444,0.6456,1.0,"2,3,4",1.0,0.8228,1.0,0.0,0.5596,0.6822,1.0,1.0,0.4775,0.2,0.871,0.0,0.4182
2026-08-18,8088,岩谷産業,卸売業,54.77,0.2,除外,0.9984,0.4134,0.3243,,0.4547,0.2125,0.4068,0.0114,0.6667,,0.8421,0.2,1.0,0.5449,0.0999,0.1741,"2,3,4,5",1.0,1.0,1.0,1.0,1.0,0.9874,1.0,1.0,0.5495,0.5761,0.3871,0.141,0.0632
2026-08-18,8097,三愛オブリ,卸売業,64.01,0.4,除外,0.8329,0.5849,0.4706,0.5045,0.8076,0.3539,0.4005,0.4615,0.6667,0.2273,1.0,0.5,1.0,0.4714,0.7589,1.0,"2,3,4",1.0,0.9482,0.5,1.0,0.5627,0.6524,1.0,1.0,0.4633,0.4891,0.3871,1.0,0.2909
2026-08-18,8098,稲畑産業,卸売業,59.68,0.4,除外,0.8954,0.4636,0.4907,0.5331,0.601,0.4634,0.6178,0.4151,0.4667,0.2273,0.1053,1.0,1.0,0.1165,0.6144,0.6729,"2,3,4",1.0,1.0,0.5,1.0,0.8702,0.7933,1.0,1.0,0.4745,0.5,0.3871,0.4927,0.8
2026-08-18,8103,明和産業,卸売業,59.22,0.4,除外,0.9453,0.435,0.5509,0.3682,0.6614,0.6155,0.3481,0.4398,0.8,0.0,0.0,1.0,1.0,0.1033,0.5423,1.0,"2,3,4",1.0,0.8791,1.0,1.0,1.0,0.6834,1.0,1.0,0.5592,0.6087,0.3871,0.1851,0.4727
2026-08-18,8111,ゴールドウイン,繊維製品,12.19,0.0,除外,0.0,0.0,0.131,,0.3567,0.122,0.0019,0.0,0.4,0.0,0.1053,0.5,0.9547,0.3578,0.0,0.1142,"1,2,3,4,5",,,,,,,,,,,,,
2026-08-18,8113,ユニ・チャーム,化学,39.91,0.2,除外,0.8448,0.0,0.4493,0.467,0.2342,0.5809,0.2608,0.289,0.6667,0.2273,0.85,0.5,0.6519,0.1421,0.1426,0.0,"2,3,4,5",1.0,0.632,1.0,1.0,0.4625,0.6639,1.0,1.0,,,,,0.2909
2026-08-18,8117,中央自動車工業,卸売業,53.87,0.2,除外,0.9731,0.4956,0.294,0.3792,0.5513,0.17,0.3394,0.0,0.6667,0.2273,0.1053,0.2,0.6905,0.1243,0.3904,1.0,"2,3,4,5",1.0,1.0,1.0,1.0,0.9396,0.8456,1.0,1.0,0.4273,0.4022,0.3871,0.766,0.9842
2026-08-18,8125,ワキタ,卸売業,56.49,0.2,除外,0.8029,0.4886,0.4374,0.5665,0.529,0.2471,0.4796,0.6898,0.3333,0.1364,0.875,1.0,0.6347,0.2424,0.8144,0.4243,"2,3,4,5",1.0,0.6843,0.5,1.0,0.6212,0.6174,1.0,1.0,0.3283,0.2391,0.3871,1.0,0.2545
2026-08-18,8129,東邦ホールディングス,卸売業,16.85,0.0,除外,0.0,0.0,0.2078,,0.466,0.0,0.2139,0.4171,0.2,0.4545,0.2105,0.5,0.7339,0.1303,0.0,1.0,"1,2,3,4,5",,,,,,,,,,,,,
2026-08-18,8130,サンゲツ,卸売業,29.3,0.0,除外,0.0,0.4027,0.4064,0.4006,0.2551,0.4295,0.3054,0.5573,0.3333,0.2273,0.875,0.5,0.318,0.1228,0.1229,0.4568,"1,2,3,4,5",,,,,,,,,0.2399,0.1848,0.3871,0.7991,0.0
2026-08-18,8133,伊藤忠エネクス,卸売業,60.02,0.2,除外,0.93,0.5159,0.5277,,0.4271,0.1666,0.4761,0.8681,0.6,,0.8,0.2,0.8784,,0.4029,0.0,"2,3,4,5",1.0,0.7835,1.0,1.0,0.7043,0.9521,1.0,1.0,0.4205,0.3804,0.3871,0.8755,0.7273
2026-08-18,8136,サンリオ,卸売業,21.3,0.0,除外,0.0,0.0,0.4025,0.508,0.1546,0.3553,0.3134,0.3413,0.6,0.0,0.65,1.0,0.3905,,0.0734,0.0,"1,2,3,4,5",,,,,,,,,,,,,0.3818
2026-08-18,8137,サンワテクノス,卸売業,59.06,0.2,除外,0.9834,0.4904,0.3883,,0.5003,0.0025,0.2516,0.8326,0.4667,,0.1579,0.2,0.7335,0.2679,0.0,1.0,"2,3,4,5",1.0,1.0,1.0,1.0,1.0,0.8672,1.0,1.0,0.7376,0.837,0.3871,0.0,0.0
2026-08-18,8141,新光商事,卸売業,53.35,0.4,除外,0.6997,0.5222,0.4203,0.2599,0.7656,1.0,0.0,0.0144,0.6667,0.6818,0.1579,0.2,1.0,0.3667,0.6957,1.0,"2,3,4",1.0,1.0,1.0,0.0,1.0,0.5977,1.0,0.0,0.7886,0.913,0.3871,0.0,0.0
2026-08-18,8142,トーホー,卸売業,54.81,0.2,除外,0.889,0.4716,0.2563,,0.5756,0.0,0.3905,0.6346,0.0,,0.0,0.2,0.7809,,0.3631,0.5828,"2,3,4,5",1.0,1.0,1.0,1.0,0.919,0.893,1.0,0.3,0.5532,0.5978,0.3871,0.3482,0.0
2026-08-18,8150,三信電気,卸売業,45.76,0.2,除外,0.7734,0.5143,0.3547,0.3578,0.288,0.0681,0.4842,0.0,0.8667,0.0,0.8947,0.5,0.948,0.2038,0.0,0.0,"2,3,4,5",1.0,0.7563,0.0,1.0,0.7487,0.6824,1.0,1.0,0.4483,0.4565,0.3871,0.7655,0.0364
2026-08-18,8151,東陽テクニカ,卸売業,55.02,0.4,除外,0.9573,0.3987,0.3106,0.3409,0.7433,0.6667,0.1758,0.0,0.4,0.8636,0.0,0.5,1.0,0.3766,0.5965,1.0,"2,3,4",1.0,1.0,1.0,1.0,1.0,0.6582,1.0,1.0,0.5772,0.6304,0.3871,0.0,0.0
2026-08-18,8153,モスフードサービス,卸売業,31.96,0.0,除外,0.0,0.3927,0.4061,,0.4795,0.5053,0.3561,0.3632,0.4,0.1364,0.0526,0.2,0.5841,0.1643,0.1695,1.0,"1,2,3,4,5",,,,,,,,,0.2451,0.1957,0.3871,0.7428,
2026-08-18,8154,加賀電子,卸売業,66.54,0.4,除外,1.0,0.5169,0.7005,,0.4441,1.0,0.3492,0.7861,0.6667,,0.2105,0.2,0.612,0.4593,0.0,0.7052,"2,4,5",1.0,1.0,1.0,1.0,1.0,1.0,1.0,1.0,0.7151,0.7935,0.3871,0.1717,0.0
2026-08-18,8160,木曽路,小売業,25.54,0.0,除外,0.0,0.3864,0.271,,0.3642,0.0,0.4029,0.4145,0.2667,0.1364,0.1579,0.2,0.3668,0.1445,0.0287,0.9169,"1,2,3,4,5",,,,,,,,,0.2436,0.4609,0.0968,0.7443,
2026-08-18,8163,ＳＲＳホールディングス,小売業,43.65,0.2,除外,0.9558,0.4756,0.21,0.429,0.1119,0.0,0.3732,0.0,0.4667,0.0,0.725,0.5,0.0,0.4477,0.0,0.0,"2,3,4,5",1.0,1.0,1.0,1.0,0.9477,0.699,1.0,1.0,0.2751,0.5304,0.0968,1.0,0.4909
2026-08-18,8173,上新電機,小売業,63.8,0.4,除外,0.9908,0.6647,0.5917,,0.3046,0.6719,0.3786,0.9829,0.3333,,0.1053,0.2,0.0,0.492,0.0,0.7265,"3,4,5",1.0,1.0,1.0,1.0,1.0,0.9265,1.0,1.0,0.6664,0.8957,0.0968,1.0,0.0
2026-08-18,8174,日本瓦斯,小売業,49.53,0.2,除外,0.334,0.3391,0.7593,,0.5488,0.932,0.3747,0.9307,0.8,0.2273,0.1579,0.2,0.884,0.1147,0.2821,0.9145,"1,2,4,5",0.0,0.695,0.0,1.0,0.2566,0.6207,0.0,0.1,0.3088,0.5913,0.0968,0.3594,
2026-08-18,8179,ロイヤルホールディングス,小売業,30.9,0.2,除外,0.0,0.0,0.7278,,0.5083,1.0,0.5826,0.862,0.4667,0.2273,0.7895,0.5,0.6271,0.1083,0.2979,1.0,"1,2,4,5",,,,,,,,,,,,,
2026-08-18,8185,チヨダ,小売業,21.83,0.2,除外,0.0,0.0,0.3089,0.099,0.6835,0.0,0.3197,0.5157,0.4,0.0909,0.1053,0.2,1.0,0.1318,0.6021,1.0,"1,2,3,4",,,,,,,,,,,,,0.0
2026-08-18,8194,ライフコーポレーション,小売業,40.54,0.2,除外,0.7244,0.2781,0.4745,0.1104,0.4396,0.6522,0.186,0.6598,0.4,0.1364,0.1053,0.2,0.1985,0.1239,0.4362,1.0,"2,3,4,5",1.0,0.5645,0.5,1.0,0.3131,0.718,1.0,0.7,0.3546,0.6609,0.0968,0.0,0.0
2026-08-18,8200,リンガーハット,小売業,36.09,0.2,除外,0.6229,0.4818,0.4156,0.1622,0.1221,0.0549,0.5115,0.8294,0.2667,0.0,0.1579,0.2,0.0,,0.1371,0.2291,"2,3,4,5",1.0,0.5528,0.0,1.0,0.3924,0.7381,1.0,0.3,0.2826,0.5478,0.0968,1.0,0.2909
2026-08-18,8214,ＡＯＫＩホールディングス,小売業,30.11,0.0,除外,0.0,0.4029,0.2914,0.35,0.461,0.0,0.2778,0.2879,0.6,0.0,0.9,0.5,1.0,0.1299,0.714,0.0,"1,2,3,4,5",,,,,,,,,0.2346,0.4348,0.0968,0.8452,0.0
2026-08-18,8218,コメリ,小売業,49.17,0.2,除外,0.9635,0.5704,0.3795,,0.0535,0.0,0.4395,0.4785,0.6,,0.4737,0.2,0.1605,,0.0,0.0,"2,3,4,5",1.0,1.0,1.0,1.0,0.8849,0.8229,1.0,1.0,0.437,0.7478,0.0968,1.0,0.9579
2026-08-18,8219,青山商事,小売業,29.15,0.2,除外,0.0,0.0,0.5205,,0.6454,0.4995,0.3592,0.4901,0.7333,0.0909,0.9,0.2,1.0,0.1396,0.4421,1.0,"1,2,3,4",,,,,,,,,,,,,
2026-08-18,8227,しまむら,小売業,24.44,0.0,除外,0.0,0.0,0.5923,,0.3853,0.5458,0.4742,0.816,0.5333,0.0,0.0526,0.5,0.23,0.1401,0.4393,0.7319,"1,2,3,4,5",,,,,,,,,,,,,
2026-08-18,8233,高島屋,小売業,49.01,0.4,除外,0.6869,0.7446,0.4627,0.3263,0.2302,0.8456,0.3698,0.6353,0.0,1.0,0.1053,0.2,0.0,0.4388,0.3845,0.0975,"3,4,5",1.0,1.0,1.0,0.0,1.0,0.495,1.0,0.0,0.8816,1.0,0.0968,1.0,0.0
2026-08-18,8237,松屋,小売業,61.99,0.6,監視,0.8125,0.7147,0.6607,0.3528,0.5585,0.6683,0.6489,0.6588,0.6667,0.1818,0.675,0.5,0.8673,0.2246,0.1423,1.0,"4,5",1.0,1.0,0.5,1.0,1.0,0.0,1.0,1.0,0.7969,0.9652,0.0968,1.0,0.0545
2026-08-18,8242,エイチ・ツー・オー　リテイリング,小売業,58.72,0.4,除外,0.866,0.6787,0.4323,0.4342,0.525,0.3237,0.4089,0.5966,0.4,1.0,0.0,0.2,0.5828,,0.9034,0.0888,"3,4,5",1.0,1.0,1.0,1.0,1.0,0.8278,1.0,0.1,0.6874,0.9304,0.0968,1.0,0.5368
2026-08-18,8252,丸井グループ,小売業,29.14,0.2,除外,0.0,0.0,0.6086,,0.5569,0.5714,0.5248,0.6715,0.6667,0.0,0.0,0.5,0.877,0.0999,0.2508,1.0,"1,2,4,5",,,,,,,,,,,,,
2026-08-18,8253,クレディセゾン,その他金融業,58.58,0.4,除外,0.9933,0.569,0.6109,0.3109,0.445,0.7681,0.4434,0.7653,0.4667,0.2273,0.0526,0.2,0.7844,0.1273,0.8682,0.0,"2,4,5",1.0,1.0,1.0,1.0,1.0,0.9466,1.0,1.0,0.4535,0.5,0.3226,1.0,0.7636
2026-08-18,8255,アクシアル　リテイリング,小売業,48.32,0.2,除外,0.7504,0.4842,0.371,0.2286,0.5818,0.3671,0.3255,0.4582,0.3333,0.2273,0.1053,0.2,0.7567,0.1099,0.4607,1.0,"2,3,4,5",1.0,0.783,0.5,1.0,0.7392,0.6812,1.0,0.3,0.2834,0.5565,0.0968,1.0,0.3818
2026-08-18,8267,イオン,小売業,26.31,0.2,除外,0.0,0.0,0.369,,0.6832,0.1519,0.3604,0.7638,0.2,0.0,0.0,1.0,0.6218,0.3153,0.7957,1.0,"1,2,3,4",,,,,,,,,,,,,
2026-08-18,8273,イズミ,小売業,32.13,0.2,除外,0.0,0.0,0.8557,0.2276,0.5234,0.9425,0.5125,0.9679,1.0,0.5,0.2105,0.2,0.4922,0.1886,0.4128,1.0,"1,2,4,5",,,,,,,,,,,,,0.0
2026-08-18,8276,平和堂,小売業,20.71,0.0,除外,0.0,0.0,0.3246,,0.5038,0.0,0.7649,0.0,0.5333,0.1364,0.9474,0.2,0.4929,0.165,0.3575,1.0,"1,2,3,4,5",,,,,,,,,,,,,
2026-08-18,8278,フジ,小売業,31.92,0.0,除外,0.3759,0.1846,0.1535,,0.5628,0.0509,0.1986,0.1646,0.2,0.5,0.1053,0.2,0.4232,0.3027,0.5254,1.0,"1,2,3,4,5",0.0,0.5294,0.5,1.0,0.1945,0.4832,0.0,0.3,0.2241,0.4174,0.0968,0.0,
2026-08-18,8282,ケーズホールディングス,小売業,49.67,0.2,除外,0.913,0.3339,0.4135,0.2677,0.5556,0.4308,0.404,0.4191,0.4,0.8182,0.0526,0.2,0.5338,0.3889,0.2998,1.0,"2,3,4,5",1.0,1.0,1.0,1.0,1.0,0.6044,1.0,0.7,0.4648,0.7739,0.0968,0.0,0.0
2026-08-18,8283,ＰＡＬＴＡＣ,卸売業,70.68,0.4,除外,0.7963,0.4976,0.5333,,1.0,1.0,0.3333,0.0,0.8,,0.2632,0.2,1.0,,1.0,1.0,"2,3,4",1.0,1.0,1.0,0.0,1.0,0.9701,1.0,0.4,0.7556,0.8478,0.3871,0.0,0.9947
2026-08-18,8304,あおぞら銀行,銀行業,54.5,0.4,除外,1.0,0.6613,0.2669,,0.252,0.0737,0.2904,0.6366,0.0667,,0.825,0.2,0.756,,0.0,0.0,"3,4,5",1.0,1.0,1.0,1.0,1.0,1.0,1.0,1.0,0.5997,0.0455,1.0,1.0,0.3158
2026-08-18,8306,三菱ＵＦＪフィナンシャル・グループ,銀行業,55.22,0.4,除外,0.8871,0.7399,0.535,0.1658,0.4334,0.4823,0.4185,0.8392,0.4,0.2,0.2632,0.2,0.3938,,0.6124,0.2938,"3,4,5",1.0,1.0,1.0,1.0,1.0,0.7968,1.0,0.3,0.8231,0.1364,1.0,1.0,0.0
2026-08-18,8308,りそなホールディングス,銀行業,56.97,0.4,除外,0.9897,0.7306,0.4599,0.1,0.5681,0.403,0.2596,0.8435,0.3333,0.2,0.0,0.2,0.642,0.1111,0.5474,0.9721,"3,4,5",1.0,1.0,1.0,1.0,1.0,0.9173,1.0,1.0,0.8163,0.1061,1.0,1.0,0.0
2026-08-18,8309,三井住友トラストグループ,銀行業,71.33,0.6,監視,0.9956,0.7193,0.6083,,0.53,0.8174,0.223,0.9926,0.4,,0.0,0.2,0.6269,,0.8497,0.1135,"4,5",1.0,1.0,1.0,1.0,1.0,0.9645,1.0,1.0,0.8013,0.0758,1.0,1.0,0.0
2026-08-18,8316,三井住友フィナンシャルグループ,銀行業,58.08,0.4,除外,0.8878,0.7739,0.5706,0.1,0.5716,0.7149,0.3166,0.9177,0.3333,0.2,0.0,0.2,0.5264,,0.5062,0.6821,"3,4,5",1.0,1.0,1.0,1.0,1.0,0.8021,1.0,0.3,0.8531,0.2424,1.0,1.0,0.0
2026-08-18,8331,千葉銀行,銀行業,56.97,0.4,除外,0.9022,0.8198,0.3675,0.1921,0.5668,0.4626,0.2094,0.598,0.2,0.2,0.3684,0.2,0.4951,,0.7284,0.4769,"3,4,5",1.0,1.0,1.0,1.0,1.0,0.9173,1.0,0.3,0.8853,0.3939,1.0,1.0,0.0
2026-08-18,8334,群馬銀行,銀行業,68.43,0.4,除外,1.0,0.8238,0.4027,,0.5106,0.3117,0.2499,0.5825,0.4667,,0.1053,0.2,0.8222,,0.7094,0.0,"3,4,5",1.0,1.0,1.0,1.0,1.0,1.0,1.0,1.0,0.8861,0.4091,1.0,1.0,0.0
2026-08-18,8336,武蔵野銀行,銀行業,60.41,0.6,監視,0.8853,0.8847,0.6819,0.1789,0.3899,0.7429,0.4111,0.9735,0.6,0.2,0.3158,0.2,0.399,,0.4261,0.3446,"4,5",1.0,1.0,1.0,1.0,1.0,0.7824,1.0,0.3,0.9175,0.6212,1.0,1.0,0.0
2026-08-18,8337,千葉興業銀行,銀行業,63.53,0.6,監視,0.8967,0.8743,0.725,0.1921,0.4883,1.0,0.4493,0.7841,0.6667,0.2,0.3684,0.2,0.4685,,0.6505,0.346,"4,5",1.0,1.0,1.0,1.0,1.0,0.8738,1.0,0.3,0.9063,0.5909,1.0,1.0,0.0
2026-08-18,8338,筑波銀行,銀行業,54.28,0.4,除外,0.9563,0.6945,0.421,0.1218,0.5202,0.3686,0.4747,0.3741,0.4667,0.1818,0.1053,0.2,0.4573,0.1191,0.5046,1.0,"3,4,5",1.0,1.0,1.0,1.0,1.0,0.6508,1.0,1.0,0.9423,0.8182,1.0,0.0177,0.0
2026-08-18,8341,七十七銀行,銀行業,65.56,0.4,除外,1.0,0.845,0.41,,0.3676,0.2365,0.4685,0.4681,0.4667,,0.1579,0.2,0.6307,,0.4722,0.0,"3,4,5",1.0,1.0,1.0,1.0,1.0,1.0,1.0,1.0,0.8951,0.4848,1.0,1.0,0.0
2026-08-18,8343,秋田銀行,銀行業,59.41,0.4,除外,1.0,0.8807,0.244,,0.2517,0.0,0.3912,0.4515,0.1333,,0.4,0.2,0.3953,,0.2551,0.1048,"3,4,5",1.0,1.0,1.0,1.0,1.0,1.0,1.0,1.0,0.9168,0.6061,1.0,1.0,0.0
2026-08-18,8344,山形銀行,銀行業,66.4,0.4,除外,1.0,0.9063,0.4463,,0.3035,0.1716,0.4192,0.6611,0.5333,,0.1579,0.2,0.0,0.1957,0.4442,0.5743,"3,4,5",1.0,1.0,1.0,1.0,1.0,1.0,1.0,1.0,0.928,0.697,1.0,1.0,0.0
2026-08-18,8345,岩手銀行,銀行業,66.38,0.4,除外,0.9915,0.953,0.388,,0.3225,0.2422,0.1243,0.7855,0.4,,0.475,0.5,0.7605,,0.2071,0.0,"3,4,5",1.0,1.0,1.0,1.0,1.0,0.9318,1.0,1.0,0.9483,0.8636,1.0,1.0,0.0
2026-08-18,8346,東邦銀行,銀行業,60.4,0.4,除外,0.988,0.9142,0.2537,,0.2601,0.0284,0.2509,0.602,0.1333,,0.35,0.5,0.4998,,0.2319,0.0486,"3,4,5",1.0,1.0,1.0,1.0,1.0,0.904,1.0,1.0,0.9295,0.7273,1.0,1.0,0.0
2026-08-18,8354,ふくおかフィナンシャルグループ,銀行業,52.2,0.4,除外,0.9819,0.7699,0.258,0.175,0.4254,0.3481,0.2429,0.3077,0.1333,0.2,0.0,0.5,0.5672,,0.709,0.0,"3,4,5",1.0,1.0,1.0,1.0,1.0,0.8554,1.0,1.0,0.8523,0.2273,1.0,1.0,0.0
2026-08-18,8358,スルガ銀行,銀行業,65.97,0.4,除外,1.0,0.7839,0.383,,0.4719,0.2144,0.4999,0.3511,0.4667,,0.1053,0.2,0.7459,,0.6699,0.0,"3,4,5",1.0,1.0,1.0,1.0,1.0,1.0,1.0,1.0,0.8628,0.2727,1.0,1.0,0.0
2026-08-18,8359,八十二銀行,銀行業,61.07,0.6,監視,0.9823,0.8537,0.2937,0.175,0.7488,0.3764,0.2019,0.4634,0.1333,0.2,0.0,0.5,0.7646,,0.5861,0.8955,"3,4",1.0,1.0,1.0,1.0,1.0,0.8585,1.0,1.0,0.8996,0.5152,1.0,1.0,0.0
2026-08-18,8360,山梨中央銀行,銀行業,56.04,0.4,除外,0.9848,0.931,0.4886,0.1395,0.2579,0.2594,0.3874,0.9742,0.3333,0.2,0.1579,0.2,0.3661,,0.4077,0.0,"3,4,5",1.0,1.0,1.0,1.0,1.0,0.8788,1.0,1.0,0.9363,0.7879,1.0,1.0,0.0
2026-08-18,8361,大垣共立銀行,銀行業,52.25,0.4,除外,0.8498,0.7415,0.4586,0.1921,0.3704,0.2399,0.3399,0.7878,0.4667,0.2,0.3684,0.2,0.1957,0.1111,0.175,1.0,"3,4,5",1.0,1.0,1.0,1.0,1.0,0.6987,1.0,0.1,0.9693,0.9697,1.0,0.0269,0.0
2026-08-18,8362,福井銀行,銀行業,81.15,0.6,監視,1.0,0.9933,0.7423,,0.5107,1.0,0.3586,0.9438,0.6667,,0.1053,0.5,0.2032,0.2222,0.6174,1.0,"4,5",1.0,1.0,1.0,1.0,1.0,1.0,1.0,1.0,0.973,1.0,1.0,1.0,0.0
2026-08-18,8366,滋賀銀行,銀行業,47.73,0.4,除外,0.8554,0.9182,0.2834,0.2,0.1294,0.0038,0.1434,0.9865,0.0,0.6,0.0,0.2,0.0,0.1111,0.4067,0.0,"3,4,5",1.0,1.0,1.0,1.0,1.0,0.5434,1.0,0.3,0.9303,0.7424,1.0,1.0,0.0
2026-08-18,8367,南都銀行,銀行業,55.4,0.4,除外,0.8871,0.8464,0.4356,0.1,0.5008,0.0814,0.2199,0.9079,0.5333,0.2,0.0,0.2,0.5025,,0.0,1.0,"3,4,5",1.0,1.0,1.0,1.0,1.0,0.7968,1.0,0.3,0.9033,0.5606,1.0,0.9218,0.0
2026-08-18,8368,百五銀行,銀行業,76.12,0.4,除外,0.99,0.9791,0.4946,,0.5811,0.365,0.2923,0.8544,0.4667,,0.1579,0.2,0.4311,,0.3122,1.0,"3,4,5",1.0,1.0,1.0,1.0,1.0,0.9198,1.0,1.0,0.9633,0.9545,1.0,0.9986,0.0
2026-08-18,8370,紀陽銀行,銀行業,60.01,0.6,監視,0.9835,0.755,0.5183,0.1,0.6439,0.2673,0.4168,0.9891,0.4,0.2,0.0,0.2,0.7198,,0.5967,0.6151,"3,4",1.0,1.0,1.0,1.0,1.0,0.8683,1.0,1.0,0.8381,0.1818,1.0,1.0,0.0
2026-08-18,8377,ほくほくフィナンシャルグループ,銀行業,65.01,0.4,除外,1.0,0.9573,0.347,,0.2959,0.0,0.2357,0.6856,0.4667,,0.1579,0.2,0.4346,,0.4531,0.0,"3,4,5",1.0,1.0,1.0,1.0,1.0,1.0,1.0,1.0,0.9505,0.8788,1.0,1.0,0.0
2026-08-18,8381,山陰合同銀行,銀行業,60.37,0.6,監視,0.9904,0.8156,0.6563,0.1132,0.4433,0.7495,0.3711,0.8378,0.6667,0.2,0.0526,0.2,0.3323,,0.7579,0.2398,"4,5",1.0,1.0,1.0,1.0,1.0,0.923,1.0,1.0,0.8838,0.3788,1.0,1.0,0.0
2026-08-18,8386,百十四銀行,銀行業,60.34,0.4,除外,0.984,0.9267,0.4557,0.2625,0.388,0.2551,0.3758,0.6587,0.5333,0.2,0.65,0.2,0.7137,,0.4504,0.0,"3,4,5",1.0,1.0,1.0,1.0,1.0,0.872,1.0,1.0,0.934,0.7727,1.0,1.0,0.0
2026-08-18,8387,四国銀行,銀行業,52.86,0.4,除外,0.9684,0.9658,0.2567,0.2188,0.2334,0.0945,0.2357,0.3632,0.3333,0.0,0.675,0.2,0.3715,,0.3287,0.0,"3,4,5",1.0,1.0,1.0,1.0,1.0,0.7469,1.0,1.0,0.9543,0.9091,1.0,1.0,0.0
2026-08-18,8388,阿波銀行,銀行業,61.08,0.4,除外,0.9989,0.9441,0.3019,,0.1985,0.0,0.2059,0.5349,0.4667,,0.375,0.2,0.4294,,0.166,0.0,"3,4,5",1.0,1.0,1.0,1.0,1.0,0.9911,1.0,1.0,0.943,0.8333,1.0,1.0,0.0
2026-08-18,8392,大分銀行,銀行業,63.06,0.6,監視,0.9692,0.9887,0.6496,0.1395,0.4059,0.8446,0.2253,0.9285,0.6,0.2,0.1579,0.2,0.6563,,0.3502,0.2111,"4,5",1.0,1.0,1.0,1.0,1.0,0.754,1.0,1.0,0.97,0.9848,1.0,1.0,0.0
2026-08-18,8393,宮崎銀行,銀行業,59.78,0.4,除外,0.9728,0.9755,0.5536,0.1395,0.3476,0.4763,0.2843,0.7873,0.6667,0.2,0.1579,0.2,0.6266,,0.4161,0.0,"3,4,5",1.0,1.0,1.0,1.0,1.0,0.7822,1.0,1.0,0.9625,0.9394,1.0,1.0,0.0
2026-08-18,8395,佐賀銀行,銀行業,62.17,0.4,除外,0.9975,0.8972,0.3038,,0.2885,0.0,0.2718,0.41,0.5333,,0.0526,0.2,0.4725,,0.393,0.0,"3,4,5",1.0,1.0,1.0,1.0,1.0,0.98,1.0,1.0,0.922,0.6667,1.0,1.0,0.0
2026-08-18,8399,琉球銀行,銀行業,67.84,0.4,除外,0.9904,0.889,0.5474,,0.2868,0.585,0.2833,0.9212,0.4,,0.775,0.5,0.5643,,0.2961,0.0,"3,4,5",1.0,1.0,1.0,1.0,1.0,0.923,1.0,1.0,0.9198,0.6364,1.0,1.0,0.0
2026-08-18,8410,セブン銀行,銀行業,47.57,0.4,除外,0.9103,0.6009,0.3404,,0.0512,0.0,0.5425,0.4192,0.4,,0.825,0.5,0.1537,,0.0,0.0,"3,4,5",1.0,1.0,0.5,1.0,0.8457,0.9367,1.0,1.0,0.3733,0.0303,1.0,1.0,0.4182
2026-08-18,8411,みずほフィナンシャルグループ,銀行業,62.24,0.6,監視,0.9849,0.8323,0.5332,0.1132,0.6484,0.5873,0.3037,0.8417,0.4,0.2,0.0526,0.2,0.6496,,0.5688,0.7267,"3,4",1.0,1.0,1.0,1.0,1.0,0.8795,1.0,1.0,0.8898,0.4394,1.0,1.0,0.0
2026-08-18,8418,山口フィナンシャルグループ,銀行業,64.73,0.8,本命,0.9797,0.779,0.6906,0.1645,0.6229,0.7599,0.3566,0.9792,0.6667,0.2,0.0,0.2,0.6116,,0.625,0.6322,4,1.0,1.0,1.0,1.0,1.0,0.8373,1.0,1.0,0.8583,0.2576,1.0,1.0,0.2579
2026-08-18,8424,芙蓉総合リース,その他金融業,47.15,0.4,除外,0.7022,0.4091,0.613,0.2763,0.3568,0.3546,0.4815,0.9491,0.6667,0.2273,0.1053,0.5,0.7691,0.1395,0.5184,0.0,"2,4,5",1.0,0.5923,0.5,1.0,0.3883,0.8373,1.0,0.3,0.3411,0.4,0.3226,0.5727,0.2727
2026-08-18,8425,みずほリース,その他金融業,55.03,0.4,除外,0.6081,0.3948,0.5069,,0.6914,0.2463,0.7646,0.8165,0.2,0.2273,0.8947,0.2,1.0,0.1389,0.6268,1.0,"2,3,4",0.0,0.6662,0.5,1.0,0.6761,0.5227,0.5,1.0,0.4663,0.6,0.3226,0.1902,
2026-08-18,8439,東京センチュリー,その他金融業,57.29,0.6,監視,0.8505,0.7397,0.3931,0.2145,0.6667,0.1081,0.2012,0.7966,0.4667,0.2,0.1579,0.5,1.0,,0.0,1.0,"3,4",1.0,1.0,1.0,1.0,1.0,0.7042,1.0,0.1,0.7361,0.9,0.3226,1.0,0.0
2026-08-18,8473,ＳＢＩホールディングス,証券、商品先物取引業,24.23,0.0,除外,0.0,0.303,0.4225,,0.2436,0.2807,0.3887,0.9539,0.0667,0.0,0.3684,0.5,0.3096,0.269,0.0993,0.2965,"1,2,3,4,5",,,,,,,,,0.3636,0.3,0.5484,0.0,
2026-08-18,8508,Ｊトラスト,その他金融業,59.54,0.6,監視,0.953,0.7846,0.327,0.2145,0.6979,0.0,0.7082,0.0,0.6,0.0,0.2105,0.2,0.6656,,0.4281,1.0,"3,4",1.0,1.0,1.0,1.0,1.0,0.6237,1.0,1.0,0.8658,0.95,0.3226,1.0,0.4474
2026-08-18,8511,日本証券金融,その他金融業,56.64,0.4,除外,0.9894,0.6639,0.1664,,0.4459,0.0,0.3833,0.2824,0.0,,0.1053,0.2,0.847,,0.4188,0.0719,"3,4,5",1.0,1.0,1.0,1.0,1.0,0.9153,1.0,1.0,0.6072,0.8,0.3226,0.9257,0.3474
2026-08-18,8522,名古屋銀行,銀行業,54.91,0.4,除外,0.886,0.9102,0.4082,0.1789,0.3619,0.4518,0.2958,0.4855,0.4,0.2,0.3158,0.2,0.5861,,0.4998,0.0,"3,4,5",1.0,1.0,1.0,1.0,1.0,0.7883,1.0,0.3,0.9288,0.7121,1.0,1.0,0.0
2026-08-18,8524,北洋銀行,銀行業,67.05,0.6,監視,0.9917,0.8077,0.6661,,0.2164,0.9143,0.465,0.7518,0.5333,,0.1053,0.5,0.0788,,0.5705,0.0,"4,5",1.0,1.0,1.0,1.0,1.0,0.9335,1.0,1.0,0.8823,0.3485,1.0,1.0,0.0
2026-08-18,8541,愛媛銀行,銀行業,59.79,0.4,除外,0.9835,0.87,0.4927,,0.0455,0.0,0.7142,0.8568,0.4,,0.7,0.2,0.1364,,0.0,0.0,"3,4,5",1.0,1.0,1.0,1.0,1.0,0.8677,1.0,1.0,0.904,0.5758,1.0,1.0,0.0
2026-08-18,8544,京葉銀行,銀行業,56.52,0.6,監視,0.8629,0.9358,0.2615,0.1658,0.6001,0.0637,0.3283,0.5872,0.0667,0.2,0.2632,0.2,0.3919,,0.429,0.9795,"3,4",1.0,1.0,1.0,1.0,1.0,0.6034,1.0,0.3,0.94,0.803,1.0,1.0,0.0
2026-08-18,8550,栃木銀行,銀行業,50.57,0.4,除外,0.9776,0.7693,0.456,0.1263,0.1992,0.1556,0.5325,0.6027,0.5333,0.2,0.1053,0.2,0.4116,0.1175,0.2679,0.0,"3,4,5",1.0,1.0,1.0,1.0,1.0,0.8209,1.0,1.0,0.9205,0.6515,1.0,0.5053,0.0
2026-08-18,8558,東和銀行,銀行業,50.69,0.2,除外,0.7031,0.5512,0.3676,0.3421,0.5703,0.3593,0.0262,0.7516,0.3333,0.8,0.3684,0.2,0.0712,0.4444,0.7656,1.0,"2,3,4,5",1.0,1.0,1.0,0.0,1.0,0.625,1.0,0.0,0.8448,0.2121,1.0,0.1479,0.0
2026-08-18,8566,リコーリース,その他金融業,58.87,0.4,除外,0.8684,0.6193,0.5057,,0.3614,0.2964,0.2259,0.9672,0.5333,,0.1579,0.2,0.6206,,0.4636,0.0,"3,4,5",1.0,1.0,1.0,1.0,0.7523,0.895,1.0,0.3,0.5045,0.65,0.3226,1.0,0.7636
2026-08-18,8570,イオンフィナンシャルサービス,その他金融業,48.95,0.4,除外,0.8091,0.4118,0.6031,0.2099,0.4135,0.5402,0.4365,0.6357,0.8,0.1818,0.1579,0.5,0.798,0.1754,0.5644,0.1163,"2,4,5",1.0,0.7499,0.5,1.0,0.6981,0.5249,1.0,1.0,0.458,0.55,0.3226,0.3164,0.0
2026-08-18,8572,アコム,その他金融業,53.66,0.4,除外,0.6765,0.4907,0.5706,0.3289,0.6163,0.6776,0.247,0.9579,0.4,0.0,0.3158,1.0,1.0,0.1695,0.8196,0.4761,"2,3,4",1.0,0.6175,0.5,1.0,0.3912,0.6029,1.0,0.3,0.3838,0.45,0.3226,0.8062,0.0
2026-08-18,8584,ジャックス,その他金融業,30.87,0.2,除外,0.0,0.0,0.5849,,0.6498,0.8403,0.377,0.7223,0.4,0.2273,0.2632,1.0,1.0,0.1051,0.494,1.0,"1,2,3,4",,,,,,,,,,,,,
2026-08-18,8585,オリエントコーポレーション,その他金融業,36.7,0.4,除外,0.0,0.0,0.8613,,0.6068,1.0,0.6552,0.99,0.8,0.0909,0.1579,0.2,1.0,0.1176,0.3095,1.0,"1,2,4",,,,,,,,,,,,,
2026-08-18,8591,オリックス,その他金融業,60.15,0.6,監視,0.8884,0.6426,0.4718,0.1789,0.826,0.5976,0.2582,0.6314,0.4,0.2,0.3158,0.2,0.7361,,0.7419,1.0,"3,4",1.0,1.0,1.0,1.0,1.0,0.807,1.0,0.3,0.8681,1.0,0.3226,0.3797,0.0
2026-08-18,8593,三菱ＨＣキャピタル,その他金融業,53.16,0.4,除外,0.798,0.6581,0.4188,0.2331,0.5499,0.5508,0.2391,0.4855,0.4,0.2273,0.1053,0.2,0.9197,0.136,0.3943,0.7496,"3,4,5",1.0,1.0,0.5,1.0,0.9205,0.6634,1.0,0.3,0.56,0.75,0.3226,1.0,0.4
2026-08-18,8595,ジャフコ　グループ,証券、商品先物取引業,21.25,0.2,除外,0.0,0.0,0.6684,,0.1817,0.6461,0.5752,0.919,0.5333,0.0909,0.1579,0.5,0.1574,0.1059,0.4636,0.0,"1,2,4,5",,,,,,,,,,,,,
2026-08-18,8600,トモニホールディングス,銀行業,57.55,0.4,除外,0.9852,0.7236,0.349,,0.2444,0.0102,0.4662,0.5196,0.4,,0.825,0.5,0.6113,,0.1217,0.0,"3,4,5",1.0,1.0,1.0,1.0,1.0,0.8813,1.0,1.0,0.8036,0.0909,1.0,1.0,0.0
2026-08-18,8601,大和証券グループ本社,証券、商品先物取引業,65.05,0.4,除外,0.8932,0.8251,0.5498,,0.334,0.3755,0.3201,0.9036,0.6,,0.2632,0.2,0.4787,0.1111,0.746,0.0,"3,4,5",1.0,1.0,1.0,1.0,1.0,0.8457,1.0,0.3,0.8021,0.95,0.5484,1.0,0.0
2026-08-18,8604,野村ホールディングス,証券、商品先物取引業,55.8,0.4,除外,0.894,0.8021,0.5919,0.1921,0.3098,0.4908,0.3844,0.9589,0.5333,0.2,0.3684,0.2,0.3107,,0.6188,0.0,"3,4,5",1.0,1.0,1.0,1.0,1.0,0.8524,1.0,0.3,0.7601,0.9,0.5484,1.0,0.0
2026-08-18,8609,岡三証券グループ,証券、商品先物取引業,64.52,0.4,除外,0.9859,0.7383,0.5716,,0.2852,0.2406,0.5832,0.8626,0.6,,0.475,0.5,0.6089,,0.2466,0.0,"3,4,5",1.0,1.0,1.0,1.0,1.0,0.8869,1.0,1.0,0.7046,0.7,0.5484,1.0,0.0158
2026-08-18,8613,丸三証券,証券、商品先物取引業,55.33,0.4,除外,0.9922,0.6414,0.4615,,0.118,0.0,0.4371,0.8757,0.5333,,0.725,1.0,0.3539,,0.0,0.0,"3,4,5",1.0,1.0,1.0,1.0,1.0,0.9377,1.0,1.0,0.5172,0.5,0.5484,1.0,0.3474
2026-08-18,8614,東洋証券,証券、商品先物取引業,55.73,0.6,監視,0.7926,0.6707,0.3683,0.3245,0.6301,0.0,0.4825,0.7241,0.2667,0.2273,0.0526,1.0,0.6698,0.1242,0.7423,0.9842,"3,4",1.0,1.0,0.5,1.0,1.0,0.3408,0.5,1.0,0.5345,0.6,0.5484,1.0,0.0182
2026-08-18,8616,東海東京フィナンシャル・ホールディングス,証券、商品先物取引業,61.1,0.6,監視,0.9928,0.7842,0.7203,0.2443,0.3131,0.6998,0.7154,0.7995,0.6667,0.2273,0.55,0.2,0.358,0.1796,0.7149,0.0,"4,5",1.0,1.0,1.0,1.0,1.0,0.9422,1.0,1.0,0.7384,0.85,0.5484,1.0,0.0
2026-08-18,8622,水戸証券,証券、商品先物取引業,49.83,0.4,除外,0.993,0.6193,0.3236,,0.0571,0.0,0.6258,0.4022,0.2667,,0.725,1.0,0.1714,,0.0,0.0,"3,4,5",1.0,1.0,1.0,1.0,1.0,0.9443,1.0,1.0,0.479,0.45,0.5484,1.0,0.4895
2026-08-18,8628,松井証券,証券、商品先物取引業,49.68,0.4,除外,0.9,0.7515,0.4285,0.2434,0.1607,0.0,0.4357,0.9451,0.3333,0.2,0.2632,0.2,0.3767,,0.1054,0.0,"3,4,5",1.0,1.0,1.0,1.0,1.0,0.9003,1.0,0.3,0.7076,0.75,0.5484,1.0,0.3105
2026-08-18,8630,ＳＯＭＰＯホールディングス,保険業,68.97,0.4,除外,0.9744,0.7421,0.5781,,0.4641,0.6411,0.2084,0.9963,0.4667,,0.375,0.2,1.0,,0.3922,0.0,"3,4,5",1.0,1.0,1.0,1.0,1.0,0.7951,1.0,1.0,0.6942,0.5,0.7742,1.0,0.3895
2026-08-18,8697,日本取引所グループ,その他金融業,74.83,0.8,本命,0.9908,0.7191,0.6627,,0.6207,0.701,0.4436,0.9061,0.6,,0.1579,0.2,0.5486,,0.8624,0.4512,4,1.0,1.0,1.0,1.0,1.0,0.9268,1.0,1.0,0.7039,0.85,0.3226,1.0,0.6526
2026-08-18,8698,マネックスグループ,証券、商品先物取引業,26.96,0.0,除外,0.0,0.501,0.5774,,0.0,0.3735,0.6235,0.846,0.4667,0.0,0.3684,0.5,0.0,,0.0,0.0,"1,2,3,4,5",,,,,,,,,0.2556,0.2,0.5484,1.0,
2026-08-18,8706,極東証券,証券、商品先物取引業,53.67,0.2,除外,0.909,0.5339,0.5201,0.4057,0.3147,0.1143,0.4615,0.9714,0.5333,0.2273,0.85,0.2,0.4699,0.1704,0.6185,0.0,"2,3,4,5",1.0,1.0,0.5,1.0,0.9127,0.8589,1.0,1.0,0.3373,0.25,0.5484,1.0,0.3455
2026-08-18,8707,岩井コスモホールディングス,証券、商品先物取引業,61.66,0.4,除外,0.9898,0.8474,0.4118,,0.2176,0.0,0.3745,0.7393,0.5333,,0.1579,0.2,0.1672,,0.4855,0.0,"3,4,5",1.0,1.0,1.0,1.0,1.0,0.9186,1.0,1.0,0.8411,1.0,0.5484,1.0,0.0
2026-08-18,8708,アイザワ証券グループ,証券、商品先物取引業,58.18,0.2,除外,0.9893,0.5855,0.4704,,0.2821,0.0,0.5106,0.971,0.4,,0.75,0.2,0.4985,,0.3479,0.0,"2,3,4,5",1.0,1.0,1.0,1.0,1.0,0.9145,1.0,1.0,0.4438,0.35,0.5484,1.0,0.7636
2026-08-18,8713,フィデアホールディングス,銀行業,52.54,0.4,除外,1.0,0.6819,0.2254,,0.1941,0.0,0.5017,0.0,0.4,,0.85,0.2,0.6746,0.1019,0.0,0.0,"3,4,5",1.0,1.0,1.0,1.0,1.0,1.0,1.0,1.0,0.6672,0.0606,1.0,1.0,0.0
2026-08-18,8714,池田泉州ホールディングス,銀行業,51.56,0.4,除外,0.9784,0.6026,0.5329,0.1,0.3642,0.3534,0.1895,0.9219,0.6667,0.2,0.0,0.2,0.2576,,0.342,0.493,"3,4,5",1.0,1.0,1.0,1.0,1.0,0.8269,1.0,1.0,0.8216,0.1212,1.0,0.4674,0.0
2026-08-18,8715,アニコム　ホールディングス,保険業,57.39,0.4,除外,0.375,0.6495,0.4305,,0.8404,0.5342,0.2928,0.0951,0.8,0.5455,0.0,0.5,1.0,0.38,0.9818,1.0,"1,3,4",0.0,1.0,0.5,0.0,1.0,0.0,0.5,0.0,0.8238,1.0,0.7742,0.0,
2026-08-18,8725,ＭＳ＆ＡＤインシュアランスグループホールディングス,保険業,68.93,0.4,除外,0.9807,0.6925,0.5844,,0.4997,0.5405,0.3318,0.9988,0.4667,,0.9,0.2,0.7364,,0.2773,0.4853,"3,4,5",1.0,1.0,1.0,1.0,1.0,0.8455,1.0,1.0,0.6207,0.375,0.7742,1.0,0.3579
2026-08-18,8729,ソニーフィナンシャルグループ,保険業,53.55,0.2,除外,,,0.658,,0.4129,0.5019,0.5658,0.6976,0.8667,0.0,0.1579,0.2,0.8018,0.1386,0.7113,0.0,"1,2,4,5",,,,,,,,,,,,,
2026-08-18,8739,スパークス・グループ,証券、商品先物取引業,64.21,0.4,除外,0.9918,0.7689,0.3534,,0.4542,0.2406,0.4001,0.5726,0.2,,0.3158,0.2,0.4963,,0.0,0.8663,"3,4,5",1.0,1.0,1.0,1.0,1.0,0.9341,1.0,1.0,0.7271,0.8,0.5484,1.0,0.5
2026-08-18,8750,第一生命ホールディングス,保険業,80.06,0.6,監視,0.9791,0.857,0.5251,,0.8413,0.4497,0.347,0.8369,0.4667,,0.8,0.2,0.7865,,0.7521,0.9853,"3,4",1.0,1.0,1.0,1.0,1.0,0.8326,1.0,1.0,0.7789,0.875,0.7742,1.0,0.3579
2026-08-18,8766,東京海上ホールディングス,保険業,58.72,0.6,監視,0.8743,0.6331,0.6733,0.3421,0.4133,0.9412,0.3165,0.8356,0.6,0.2,0.1579,0.2,0.6789,,0.561,0.0,"4,5",1.0,1.0,1.0,1.0,1.0,0.694,1.0,0.3,0.5082,0.25,0.7742,1.0,0.8105
2026-08-18,8771,イー・ギャランティ,その他金融業,59.05,0.4,除外,0.8678,0.6353,0.3745,,0.4845,0.3683,0.2582,0.2715,0.6,,0.2632,0.2,1.0,0.1202,0.8177,0.0,"3,4,5",1.0,1.0,1.0,1.0,0.7921,0.8504,1.0,0.3,0.5187,0.7,0.3226,1.0,0.4909
2026-08-18,8793,ＮＥＣキャピタルソリューション,その他金融業,47.85,0.6,監視,0.6065,0.2586,0.748,0.1463,0.633,1.0,0.4637,0.7951,0.7333,0.2273,0.1579,0.2,0.6749,0.1598,0.6972,1.0,"2,4",1.0,0.7253,0.5,1.0,0.2818,0.7446,0.5,0.1,0.3268,0.35,0.3226,0.0349,0.0
2026-08-18,8795,Ｔ＆Ｄホールディングス,保険業,70.78,0.8,本命,0.8871,0.8143,0.6592,0.4368,0.7416,1.0,0.3248,0.7787,0.5333,0.2,0.1053,0.5,0.7672,,0.9011,0.5564,4,1.0,1.0,1.0,1.0,1.0,0.7968,1.0,0.3,0.7331,0.75,0.7742,1.0,0.9421
2026-08-18,8801,三井不動産,不動産業,34.17,0.2,除外,0.0,0.2303,0.5209,,0.6155,0.6949,0.3709,0.4844,0.5333,0.2273,0.2105,0.2,1.0,0.1518,0.3101,1.0,"1,2,3,4",,,,,,,,,0.3313,0.4286,0.1613,0.0,
2026-08-18,8802,三菱地所,不動産業,38.98,0.0,除外,0.3125,0.4524,0.3645,,0.4298,0.3859,0.3288,0.4098,0.3333,0.2273,0.2105,0.2,0.5828,0.1365,0.0,1.0,"1,2,3,4,5",0.0,1.0,0.5,0.0,1.0,0.0,0.0,0.0,0.7196,0.9286,0.1613,0.0,
2026-08-18,8803,平和不動産,不動産業,31.61,0.2,除外,0.0,0.1996,0.4343,,0.6305,0.4792,0.2852,0.7061,0.2667,0.2273,0.2632,0.5,1.0,0.1111,0.4109,1.0,"1,2,3,4",,,,,,,,,0.3036,0.3333,0.1613,0.0,
2026-08-18,8804,東京建物,不動産業,59.46,0.4,除外,0.5236,0.5667,0.6444,,0.6438,0.7593,0.5019,0.8496,0.4667,0.2273,0.2105,0.2,1.0,0.1599,0.4152,1.0,"1,2,4",0.0,1.0,0.5,1.0,1.0,0.0892,0.5,0.1,0.5645,0.6905,0.1613,0.8504,
2026-08-18,8818,京阪神ビルディング,不動産業,53.79,0.4,除外,0.7053,0.4369,0.2928,0.4355,0.8189,0.0,0.4715,0.5664,0.1333,0.6,0.0,0.2,0.9012,,0.5554,1.0,"2,3,4",1.0,1.0,1.0,0.0,1.0,0.6423,1.0,0.0,0.7054,0.881,0.1613,0.0,0.9421
2026-08-18,8830,住友不動産,不動産業,52.03,0.4,除外,0.2834,0.4001,0.7791,,0.6188,1.0,0.5633,0.8195,0.7333,0.2273,0.0,0.5,1.0,0.1464,0.3286,1.0,"1,2,4",0.0,0.9697,0.5,0.0,0.7974,0.0,0.0,0.0,0.6057,0.8333,0.1613,0.0,
2026-08-18,8848,レオパレス２１,不動産業,29.58,0.0,除外,0.0,0.4315,0.2952,,0.4563,0.1697,0.1851,0.2927,0.5333,0.2273,0.0,0.2,0.9682,0.1728,0.2506,0.4339,"1,2,3,4,5",,,,,,,,,0.3096,0.3571,0.1613,0.898,
2026-08-18,8850,スターツコーポレーション,不動産業,31.71,0.2,除外,0.0,0.2351,0.3638,,0.6695,0.4855,0.3075,0.3957,0.2667,0.2273,0.1579,0.5,1.0,0.1128,0.5653,1.0,"1,2,3,4",,,,,,,,,0.2669,0.3095,0.1613,0.2029,
2026-08-18,8871,ゴールドクレスト,不動産業,25.66,0.2,除外,0.0,0.1715,0.2333,,0.6217,0.0,0.1866,0.5464,0.2,0.7273,0.2632,0.2,1.0,0.2027,0.2841,1.0,"1,2,3,4",,,,,,,,,0.2391,0.2857,0.1613,0.0,
2026-08-18,8876,リログループ,サービス業,60.54,0.2,除外,1.0,0.5728,0.5802,,0.2686,0.437,0.6023,0.815,0.4667,,0.0526,0.5,0.6309,0.3664,0.077,0.0,"2,3,4,5",1.0,1.0,1.0,1.0,1.0,1.0,1.0,1.0,0.4445,0.7176,0.129,1.0,0.5273
2026-08-18,8877,エスリード,不動産業,41.42,0.4,除外,0.0,0.3124,0.6056,,0.7387,0.8532,0.2164,0.8862,0.4667,0.2273,0.2105,0.2,1.0,0.1573,0.7975,1.0,"1,2,4",,,,,,,,,0.3561,0.5238,0.1613,0.2083,
2026-08-18,8892,エスコン,不動産業,46.06,0.2,除外,0.4755,0.2745,0.4548,,0.6376,0.1187,0.0868,0.9469,0.6667,0.0,0.3158,0.2,0.9775,0.1274,0.4457,1.0,"1,2,3,4",0.0,0.8164,0.5,1.0,0.3962,0.4916,0.5,0.1,0.3891,0.5476,0.1613,0.0,
2026-08-18,8897,ＭＩＲＡＲＴＨホールディングス,不動産業,52.02,0.2,除外,0.9208,0.2469,0.3595,,0.5535,0.1116,0.593,0.0,0.7333,,0.0,0.2,1.0,0.54,0.0328,0.6411,"2,3,4,5",1.0,0.78,1.0,1.0,0.5956,0.991,1.0,1.0,0.3501,0.4762,0.1613,0.0,0.9947
2026-08-18,8919,カチタス,不動産業,54.31,0.4,除外,0.9687,0.3693,0.4401,0.245,0.6926,0.0729,0.7309,0.0232,0.9333,0.7273,0.0526,0.2,0.877,0.3845,0.509,1.0,"2,3,4",1.0,1.0,1.0,1.0,1.0,0.7493,1.0,1.0,0.578,0.7381,0.1613,0.0,0.0
2026-08-18,8923,トーセイ,不動産業,53.37,0.6,監視,0.8267,0.6423,0.6887,0.2349,0.2757,0.4271,0.8307,0.6968,0.8,0.0,0.1579,0.2,0.3743,0.112,0.6164,0.0,"4,5",1.0,0.8191,1.0,1.0,0.733,0.7618,1.0,0.3,0.5982,0.8095,0.1613,1.0,0.5818
2026-08-18,8934,サンフロンティア不動産,不動産業,63.56,0.4,除外,0.4881,0.5302,0.8024,,0.7215,0.788,0.682,0.8064,0.9333,0.2273,0.1579,0.2,1.0,0.3,0.5861,1.0,"1,2,4",0.0,0.8325,0.5,1.0,0.5366,0.4354,0.5,0.1,0.4468,0.5952,0.1613,0.9176,
2026-08-18,9001,東武鉄道,陸運業,49.17,0.2,除外,0.8088,0.5764,0.5086,0.4081,0.1567,0.4447,0.3609,0.8289,0.4,0.2273,0.1053,0.5,0.3575,,0.1126,0.0,"2,3,4,5",1.0,1.0,1.0,1.0,0.6543,0.7161,1.0,0.1,0.4355,0.6765,0.1935,1.0,0.8
2026-08-18,9003,相鉄ホールディングス,陸運業,30.2,0.0,除外,0.0,0.3197,0.4175,,0.4711,0.1534,0.2123,0.6374,0.6667,0.4545,0.1579,0.2,0.5383,0.3459,0.0,1.0,"1,2,3,4,5",,,,,,,,,0.3718,0.5294,0.1935,0.1838,
2026-08-18,9005,東急,陸運業,36.73,0.2,除外,0.0,0.3042,0.7221,,0.4428,0.9458,0.3612,0.7148,0.8667,0.2273,0.1579,0.5,0.6123,0.1523,0.0068,1.0,"1,2,4,5",,,,,,,,,0.2256,0.2647,0.1935,0.533,
2026-08-18,9006,京浜急行電鉄,陸運業,30.83,0.0,除外,0.278,0.2728,0.4278,,0.2545,0.4384,0.3331,0.6065,0.3333,0.4545,0.1053,0.2,0.6824,,0.0454,0.0358,"1,2,3,4,5",0.0,0.7096,0.5,0.0,0.2499,0.6645,0.0,0.1,0.2631,0.3529,0.1935,0.2818,
2026-08-18,9007,小田急電鉄,陸運業,37.58,0.2,除外,0.728,0.3109,0.3402,0.1331,0.3669,0.3566,0.3116,0.6926,0.0,0.2273,0.1053,0.2,0.817,,0.2837,0.0,"2,3,4,5",1.0,0.7371,1.0,1.0,0.3266,0.6604,1.0,0.1,0.2474,0.3235,0.1935,0.4792,0.0
2026-08-18,9008,京王電鉄,陸運業,38.78,0.0,除外,0.3858,0.4191,0.4523,,0.2938,0.387,0.5104,0.5786,0.3333,0.2273,0.0526,0.2,0.5311,,0.0,0.3504,"1,2,3,4,5",0.0,0.6145,0.5,1.0,0.2709,0.6013,0.0,0.1,0.3208,0.4706,0.1935,0.6912,
2026-08-18,9009,京成電鉄,陸運業,26.21,0.2,除外,0.0,0.0,0.6244,0.2677,0.4184,0.4925,0.4462,0.8924,0.6667,0.2273,0.0526,0.5,0.5875,0.1109,0.7933,0.1819,"1,2,4,5",,,,,,,,,,,,,0.2909
2026-08-18,9010,富士急行,陸運業,77.4,0.8,本命,0.9688,0.6103,0.7259,,0.791,0.8138,0.5122,0.7776,0.8,,1.0,0.5,0.8122,,0.821,0.7399,4,1.0,0.8342,1.0,1.0,1.0,0.916,1.0,1.0,0.4828,0.7647,0.1935,1.0,0.7091
2026-08-18,9020,東日本旅客鉄道,陸運業,27.08,0.0,除外,0.0,0.3012,0.5628,,0.2192,0.4969,0.3746,0.7796,0.6,0.0,0.1579,0.5,0.6538,0.1283,0.0,0.0947,"1,2,3,4,5",,,,,,,,,0.3936,0.6176,0.1935,0.0,
2026-08-18,9021,西日本旅客鉄道,陸運業,25.19,0.0,除外,0.0,0.0,0.5667,,0.441,0.7576,0.4317,0.8108,0.2667,0.0909,0.2105,1.0,0.3213,0.0963,0.3663,0.9801,"1,2,3,4,5",,,,,,,,,,,,,
2026-08-18,9022,東海旅客鉄道,陸運業,39.01,0.0,除外,0.0,0.5429,0.5235,,0.494,0.6732,0.2846,0.9364,0.2,0.0909,0.1053,0.5,0.5779,0.132,0.2661,1.0,"1,2,3,4,5",,,,,,,,,0.3898,0.5882,0.1935,1.0,
2026-08-18,9023,東京地下鉄,陸運業,26.63,0.2,除外,0.0,0.0,0.6074,,0.4578,1.0,0.2922,0.804,0.3333,0.1364,0.2105,1.0,0.1121,0.1057,0.6135,1.0,"1,2,4,5",,,,,,,,,,,,,
2026-08-18,9024,西武ホールディングス,陸運業,31.24,0.2,除外,0.0,0.0,0.5976,,0.6521,0.9939,0.136,0.9272,0.3333,0.0,0.1053,1.0,1.0,0.1379,0.4704,1.0,"1,2,3,4",,,,,,,,,,,,,
2026-08-18,9025,鴻池運輸,陸運業,22.24,0.0,除外,0.0,0.0,0.297,,0.5928,0.0187,0.403,0.2995,0.4667,0.1818,0.1053,0.5,0.8147,0.1509,0.4805,0.9249,"1,2,3,4,5",,,,,,,,,,,,,
2026-08-18,9031,西日本鉄道,陸運業,51.36,0.6,監視,0.786,0.6986,0.3371,0.1331,0.613,0.0512,0.2455,0.6519,0.4,0.2273,0.0526,0.2,0.9023,0.3379,0.3793,0.8327,"3,4",1.0,1.0,0.5,1.0,1.0,0.6878,1.0,0.1,0.6889,0.9118,0.1935,1.0,0.0526
2026-08-18,9037,ハマキョウレックス,陸運業,47.22,0.4,除外,0.9015,0.411,0.2451,0.1068,0.6966,0.0,0.3704,0.1434,0.4667,0.2273,0.0,0.2,0.7292,0.1429,0.9145,1.0,"2,3,4",1.0,1.0,0.5,1.0,0.9197,0.7919,1.0,1.0,0.5975,0.8529,0.1935,0.0,0.0
2026-08-18,9039,サカイ引越センター,陸運業,39.04,0.2,除外,0.7266,0.3723,0.2139,0.3895,0.2499,0.0,0.3222,0.0,0.5333,0.4,0.1579,1.0,0.7496,,0.0,0.0,"2,3,4,5",1.0,0.5343,1.0,1.0,0.343,0.8353,1.0,0.1,0.3396,0.5,0.1935,0.456,0.0
2026-08-18,9041,近鉄グループホールディングス,陸運業,59.35,0.4,除外,0.979,0.3803,0.5599,0.3581,0.6902,0.6769,0.4873,0.4085,0.6667,0.7273,0.0,0.2,0.8287,0.3889,0.5431,1.0,"2,3,4",1.0,1.0,1.0,1.0,0.9222,0.9101,1.0,1.0,0.5337,0.7941,0.1935,0.0,0.5053
2026-08-18,9042,阪急阪神ホールディングス,陸運業,45.5,0.2,除外,0.8133,0.3379,0.5945,0.2909,0.2384,0.7471,0.3644,0.8664,0.4,0.5455,0.0,0.2,0.3391,,0.376,0.0,"2,3,4,5",1.0,0.9075,1.0,1.0,0.6793,0.6196,1.0,0.3,0.452,0.7059,0.1935,0.0,0.4182
2026-08-18,9044,南海電気鉄道,陸運業,57.23,0.2,除外,0.5707,0.6478,0.5881,,0.4825,0.6725,0.2443,0.7691,0.6667,0.4545,0.1053,0.2,0.5478,0.3035,0.0785,1.0,"1,3,4,5",0.0,0.8805,0.5,1.0,1.0,0.5851,0.5,0.1,0.596,0.8235,0.1935,0.9781,
2026-08-18,9045,京阪ホールディングス,陸運業,28.35,0.0,除外,0.0,0.2152,0.4365,,0.4822,0.1446,0.3558,0.5791,0.6667,0.1364,0.1579,0.2,0.8194,0.1092,0.0,1.0,"1,2,3,4,5",,,,,,,,,0.2849,0.3824,0.1935,0.0,
2026-08-18,9048,名古屋鉄道,陸運業,45.97,0.2,除外,0.7947,0.3444,0.4492,0.3237,0.3862,0.1975,0.4673,0.6655,0.4667,0.4,0.1579,0.2,0.7359,,0.1157,0.3071,"2,3,4,5",1.0,0.9099,1.0,1.0,0.6014,0.7463,1.0,0.1,0.3996,0.6471,0.1935,0.1375,0.5368
2026-08-18,9064,ヤマトホールディングス,陸運業,22.57,0.0,除外,0.0,0.4302,0.3574,,0.1152,0.0217,0.6023,0.4721,0.3333,0.0,0.0526,0.5,0.3244,0.1364,0.0,0.0,"1,2,3,4,5",,,,,,,,,0.2331,0.2941,0.1935,1.0,
2026-08-18,9065,山九,陸運業,27.73,0.0,除外,0.2892,0.2812,0.2483,,0.2905,0.0,0.4232,0.1033,0.4667,0.2273,0.1053,0.2,0.9027,0.2593,0.0,0.0,"1,2,3,4,5",0.0,1.0,0.5,0.0,0.3351,0.3788,0.0,0.1,0.3726,0.5588,0.1935,0.0,
2026-08-18,9068,丸全昭和運輸,陸運業,40.24,0.2,除外,0.2651,0.238,0.4538,,0.6526,0.3332,0.4267,0.3886,0.6667,0.1818,0.1579,0.5,0.8011,0.1465,0.663,1.0,"1,2,3,4",0.0,0.9573,0.5,0.0,0.3098,0.0534,0.0,0.3,0.3171,0.4412,0.1935,0.0,
2026-08-18,9069,センコーグループホールディングス,陸運業,61.74,0.2,除外,0.9936,0.4791,0.4532,,0.5438,0.4382,0.4854,0.556,0.3333,,0.95,0.2,1.0,,0.6314,0.0,"2,3,4,5",1.0,0.9495,1.0,1.0,1.0,0.9991,1.0,1.0,0.3111,0.4118,0.1935,1.0,0.4
2026-08-18,9072,ニッコンホールディングス,陸運業,54.75,0.6,監視,0.7073,0.4899,0.6242,0.3018,0.6141,0.6841,0.3071,0.9056,0.6,0.9545,0.0526,0.2,0.7415,0.4444,0.644,0.6265,"2,4",1.0,1.0,1.0,0.0,1.0,0.2585,1.0,0.4,0.7954,0.9706,0.1935,0.0,0.0
2026-08-18,9075,福山通運,陸運業,56.2,0.4,除外,0.8616,0.4793,0.5158,0.2809,0.6723,0.5238,0.7607,0.5121,0.2667,0.8182,0.0,0.2,0.6893,0.3889,0.6109,1.0,"2,3,4",1.0,1.0,1.0,1.0,1.0,0.5924,1.0,0.3,0.7826,0.9412,0.1935,0.0,0.1053
2026-08-18,9076,セイノーホールディングス,陸運業,53.75,0.2,除外,0.9125,0.3475,0.3385,,0.5517,0.1673,0.5437,0.3095,0.3333,,0.0,0.2,0.4729,0.3889,0.3449,1.0,"2,3,4,5",1.0,1.0,1.0,1.0,1.0,1.0,1.0,0.3,0.461,0.7353,0.1935,0.0,0.4158
2026-08-18,9090,ＡＺ－ＣＯＭ丸和ホールディングス,陸運業,12.22,0.0,除外,0.0,0.0,0.1628,,0.3258,0.0,0.3179,0.0,0.3333,0.0,0.1053,1.0,0.6216,0.1212,0.0,0.5605,"1,2,3,4,5",,,,,,,,,,,,,
2026-08-18,9101,日本郵船,海運業,58.34,0.2,除外,0.9749,0.5094,0.5146,0.3897,0.5282,0.5943,0.3159,0.6149,0.5333,0.4545,0.6316,0.2,0.8071,0.3667,0.3582,0.5806,"2,3,4,5",1.0,1.0,1.0,1.0,0.9143,0.8852,1.0,1.0,0.2579,0.1667,0.6129,1.0,0.2727
2026-08-18,9104,商船三井,海運業,62.63,0.4,除外,0.8765,0.4721,0.5163,0.5661,0.7005,0.6936,0.2479,0.6572,0.4667,0.4091,0.4737,1.0,1.0,0.326,0.4761,1.0,"2,3,4",1.0,1.0,0.5,1.0,1.0,0.5124,1.0,1.0,0.3621,0.3333,0.6129,0.5802,0.3818
2026-08-18,9107,川崎汽船,海運業,62.01,0.4,除外,0.9986,0.653,0.4695,,0.3592,0.6744,0.2161,0.5208,0.4667,,0.6316,0.5,0.7661,0.1485,0.5224,0.0,"3,4,5",1.0,1.0,1.0,1.0,1.0,0.9889,1.0,1.0,0.4993,0.5,0.6129,1.0,0.5
2026-08-18,9110,ＮＳユナイテッド海運,海運業,63.83,0.4,除外,0.999,0.8562,0.3672,,0.3306,0.0,0.8689,0.0,0.6,,0.4737,0.2,0.9919,,0.0,0.0,"3,4,5",1.0,1.0,1.0,1.0,1.0,0.9923,1.0,1.0,0.8118,1.0,0.6129,1.0,0.3455
2026-08-18,9119,飯野海運,海運業,59.02,0.4,除外,0.7844,0.5291,0.4776,0.4074,0.7525,0.3452,0.4063,0.3587,0.8,0.4091,0.6842,0.5,1.0,0.3365,0.6735,1.0,"2,3,4",1.0,1.0,0.5,1.0,1.0,0.275,0.5,1.0,0.6702,0.8333,0.6129,0.0,0.0364
2026-08-18,9142,九州旅客鉄道,陸運業,16.43,0.0,除外,0.0,0.0,0.3614,,0.2959,0.0522,0.3742,0.4859,0.5333,0.0,0.2105,0.5,0.332,0.1013,0.0,0.7504,"1,2,3,4,5",,,,,,,,,,,,,
2026-08-18,9143,ＳＧホールディングス,陸運業,39.58,0.2,除外,0.7501,0.0,0.5669,0.3122,0.3498,0.6601,0.2751,0.7992,0.5333,0.4,0.1579,0.2,0.7128,,0.3365,0.0,"2,3,4,5",1.0,0.717,1.0,1.0,0.5336,0.6501,1.0,0.1,,,,,0.4909
2026-08-18,9147,ＮＩＰＰＯＮ　ＥＸＰＲＥＳＳホールディングス,陸運業,67.86,0.6,監視,0.9125,0.7384,0.3981,,0.6653,0.3457,0.3265,0.3202,0.6,,0.0,0.2,0.6407,,0.3552,1.0,"3,4",1.0,1.0,1.0,1.0,1.0,1.0,1.0,0.3,0.8358,1.0,0.1935,0.9243,0.0
2026-08-18,9166,ＧＥＮＤＡ,サービス業,30.19,0.4,除外,0.0,0.0,0.658,0.2303,0.6214,1.0,0.3274,0.5714,0.7333,0.0,0.4211,0.5,0.759,0.196,0.5305,1.0,"1,2,4",,,,,,,,,,,,,0.0
2026-08-18,9201,日本航空,空運業,36.59,0.2,除外,0.0,0.5712,0.7461,0.2307,0.2814,0.6862,0.5516,0.8798,0.8667,0.2273,0.3684,0.2,0.4891,0.1003,0.5361,0.0,"1,2,4,5",,,,,,,,,0.2136,0.5,,1.0,0.1273
2026-08-18,9202,ＡＮＡホールディングス,空運業,59.36,0.6,監視,0.8923,0.7691,0.6796,0.2571,0.3698,0.4243,0.6463,0.9145,0.7333,0.2273,0.4737,0.2,0.5444,0.1265,0.6012,0.2071,"4,5",1.0,0.9097,1.0,1.0,0.6105,0.618,1.0,1.0,0.3073,1.0,,1.0,0.1273
2026-08-18,9247,ＴＲＥホールディングス,サービス業,56.5,0.6,監視,0.691,0.6914,0.6623,0.4886,0.2919,1.0,0.748,0.301,0.6,0.6,0.0,0.5,0.6529,,0.0241,0.1988,"4,5",1.0,1.0,1.0,0.0,1.0,0.5277,1.0,0.0,0.7309,0.9059,0.129,1.0,0.8545
2026-08-18,9267,Ｇｅｎｋｙ　ＤｒｕｇＳｔｏｒｅｓ,小売業,38.77,0.0,除外,0.0,0.4369,0.6,,0.5139,0.1321,0.6785,0.9893,0.6,0.0,0.0526,1.0,0.484,0.1707,0.401,1.0,"1,2,3,4,5",,,,,,,,,0.2249,0.4261,0.0968,1.0,
2026-08-18,9274,ＫＰＰグループホールディングス,卸売業,56.13,0.6,監視,0.8854,0.6821,0.4539,0.1618,0.6233,0.1435,0.523,0.6159,0.5333,0.0,0.0,0.2,1.0,,0.7658,0.1039,"3,4",1.0,1.0,1.0,1.0,1.0,0.7829,1.0,0.3,0.6349,0.7065,0.3871,1.0,0.4474
2026-08-18,9278,ブックオフグループホールディングス,小売業,54.27,0.4,除外,0.9855,0.6761,0.5093,,0.0,0.0,1.0,0.5705,0.4667,,0.925,0.2,0.0,,0.0,0.0,"3,4,5",1.0,1.0,1.0,1.0,1.0,0.8837,1.0,1.0,0.6859,0.9217,0.0968,1.0,0.5158
2026-08-18,9279,ギフトホールディングス,小売業,64.11,0.6,監視,0.9899,0.6263,0.6827,,0.2654,0.6876,0.4534,0.8565,0.7333,,0.85,0.2,0.7962,,0.0,0.0,"4,5",1.0,1.0,1.0,1.0,1.0,0.9188,1.0,1.0,0.5562,0.8522,0.0968,1.0,0.5105
2026-08-18,9301,三菱倉庫,倉庫・運輸関連業,50.56,0.4,除外,0.721,0.6737,0.5757,0.2513,0.3063,0.6278,0.4335,0.5084,0.7333,0.2,0.2105,0.2,0.7066,,0.0,0.2122,"3,4,5",1.0,1.0,1.0,0.0,1.0,0.6677,1.0,0.1,0.5832,0.6667,0.6774,0.7674,0.3947
2026-08-18,9302,三井倉庫ホールディングス,倉庫・運輸関連業,11.01,0.0,除外,0.0,0.0,0.2523,,0.188,0.531,0.2782,0.0,0.2,0.5,0.2105,0.5,0.3741,0.1104,0.0,0.2676,"1,2,3,4,5",,,,,,,,,,,,,
2026-08-18,9303,住友倉庫,倉庫・運輸関連業,57.6,0.2,除外,0.9847,0.4686,0.451,,0.3996,0.393,0.3453,0.4657,0.6,,0.6842,0.5,0.9603,0.1416,0.4965,0.0,"2,3,4,5",1.0,1.0,1.0,1.0,1.0,0.8775,1.0,1.0,0.5697,0.5,0.6774,0.1272,0.0
2026-08-18,9304,澁澤倉庫,倉庫・運輸関連業,44.84,0.4,除外,0.9426,0.8862,0.263,0.15,0.0,0.0,0.309,0.7429,0.0,0.4,0.0,0.2,0.0,,0.0,0.0,"3,4,5",1.0,1.0,1.0,1.0,1.0,0.5412,1.0,1.0,0.8673,1.0,0.6774,1.0,0.0
2026-08-18,9305,ヤマタネ,卸売業,23.85,0.0,除外,0.0,0.0,0.3727,,0.5815,0.2129,0.398,0.0798,0.8,0.0,0.1579,1.0,1.0,0.2776,0.1443,0.904,"1,2,3,4,5",,,,,,,,,,,,,
2026-08-18,9308,乾汽船,海運業,54.59,0.4,除外,1.0,0.7136,0.2335,,0.2364,0.0,0.8005,0.0,0.1333,,0.7368,1.0,0.8193,0.1263,0.0,0.0,"3,4,5",1.0,1.0,1.0,1.0,1.0,1.0,1.0,1.0,0.575,0.6667,0.6129,1.0,0.3455
2026-08-18,9324,安田倉庫,倉庫・運輸関連業,53.03,0.4,除外,0.8814,0.7784,0.3469,0.2609,0.384,0.0,0.5878,0.4,0.4,0.1364,0.0526,0.2,0.9839,0.0775,0.4746,0.0,"3,4,5",1.0,1.0,1.0,1.0,0.9551,0.7958,1.0,0.3,0.6027,0.8333,0.6774,1.0,0.6545
2026-08-18,9336,大栄環境,サービス業,51.9,0.4,除外,0.7598,0.3449,0.4599,0.2695,0.761,0.0,0.9412,0.2983,0.6,0.7727,0.1053,0.2,0.9927,0.4792,0.5723,1.0,"2,3,4",1.0,0.9629,0.5,1.0,1.0,0.6153,1.0,0.0,0.4858,0.7647,0.129,0.0,0.0
2026-08-18,9347,日本管財ホールディングス,サービス業,43.4,0.4,除外,0.6702,0.2073,0.3672,0.239,0.6866,0.386,0.2894,0.3933,0.4,0.5455,0.2105,0.2,0.8602,0.4217,0.4644,1.0,"2,3,4",1.0,0.5364,0.5,1.0,0.3162,0.7089,1.0,0.3,0.2414,0.4588,0.129,0.0,0.0
2026-08-18,9348,ｉｓｐａｃｅ,サービス業,26.56,0.2,除外,0.0,0.0,0.4417,,0.6205,1.0,0.0,0.2336,0.5333,0.8182,0.0,0.2,1.0,0.4571,0.924,0.1008,"1,2,3,4",,,,,,,,,,,,,
2026-08-18,9364,上組,倉庫・運輸関連業,57.52,0.2,除外,0.5313,0.6402,0.5436,,0.5856,0.5234,0.4385,0.8789,0.3333,0.2273,0.0526,1.0,0.6322,0.1226,0.5876,1.0,"1,3,4,5",0.0,1.0,0.5,1.0,0.6813,0.4691,0.5,0.1,0.5502,0.3333,0.6774,1.0,
2026-08-18,9401,ＴＢＳホールディングス,情報・通信業,39.69,0.2,除外,0.653,0.427,0.3295,0.2895,0.2856,0.4222,0.3913,0.5045,0.0,0.8,0.1579,0.2,0.8567,,0.0,0.0,"2,3,4,5",1.0,1.0,1.0,0.0,0.6226,0.6016,1.0,0.0,0.512,0.8448,0.0323,0.3188,0.0
2026-08-18,9404,日本テレビホールディングス,情報・通信業,24.33,0.0,除外,0.0,0.0,0.5161,,0.4569,0.7706,0.4531,0.7739,0.0667,0.0,0.0,1.0,0.3873,0.1241,0.3164,1.0,"1,2,3,4,5",,,,,,,,,,,,,
2026-08-18,9409,テレビ朝日ホールディングス,情報・通信業,42.83,0.4,除外,0.0,0.3018,0.7286,,0.6828,1.0,0.7252,0.389,0.8,0.4091,0.2632,1.0,1.0,0.1696,0.5616,1.0,"1,2,4",,,,,,,,,0.3906,0.7845,0.0323,0.0,
2026-08-18,9412,スカパーＪＳＡＴホールディングス,情報・通信業,41.99,0.0,除外,0.425,0.4471,0.3738,,0.4339,1.0,0.0958,0.3994,0.0,0.8182,0.1053,0.2,0.5822,0.4773,0.6762,0.0,"1,2,3,4,5",0.0,1.0,0.5,0.0,1.0,0.0,0.5,0.4,0.7991,0.9569,0.0323,0.0,
2026-08-18,9413,テレビ東京ホールディングス,情報・通信業,22.64,0.0,除外,0.0,0.2646,0.3095,,0.3316,0.1888,0.4146,0.6348,0.0,0.0,0.2105,1.0,0.2914,0.0349,0.0,1.0,"1,2,3,4,5",,,,,,,,,0.3021,0.7241,0.0323,0.0,
2026-08-18,9416,ビジョン,情報・通信業,30.65,0.2,除外,0.0,0.0,0.5015,,0.7245,0.8373,0.3342,0.8344,0.0,0.2273,0.4737,0.5,1.0,0.1656,0.7322,1.0,"1,2,3,4",,,,,,,,,,,,,
2026-08-18,9418,Ｕ－ＮＥＸＴ　ＨＯＬＤＩＮＧＳ,情報・通信業,13.32,0.0,除外,0.0,0.0,0.3311,,0.2018,0.0093,0.438,0.4771,0.4,0.0,0.0,0.5,0.2484,0.1311,0.4275,0.0,"1,2,3,4,5",,,,,,,,,,,,,
2026-08-18,9424,日本通信,情報・通信業,21.53,0.0,除外,0.0,0.0,0.3609,,0.5002,0.4269,0.35,0.0,0.6667,0.0,0.0526,1.0,0.6338,0.1082,0.2587,1.0,"1,2,3,4,5",,,,,,,,,,,,,
2026-08-18,9432,ＮＴＴ,情報・通信業,12.41,0.0,除外,0.0,0.0,0.4368,0.1513,0.0322,0.3441,0.4599,0.5433,0.4,0.0,0.1053,0.5,0.0,0.1287,0.0,0.0,"1,2,3,4,5",,,,,,,,,,,,,0.0
2026-08-18,9433,ＫＤＤＩ,情報・通信業,49.31,0.2,除外,0.8365,0.5542,0.4765,0.3355,0.2627,0.3101,0.424,0.5051,0.6667,0.0,0.1579,0.2,0.6263,,0.1618,0.0,"2,3,4,5",1.0,1.0,1.0,1.0,0.7459,0.6461,1.0,0.3,0.3913,0.7931,0.0323,1.0,0.9842
2026-08-18,9434,ソフトバンク,情報・通信業,31.5,0.2,除外,0.7864,0.0,0.4275,0.2892,0.0722,0.3241,0.491,0.5614,0.3333,0.0,0.6842,0.2,0.2165,,0.0,0.0,"2,3,4,5",1.0,0.6482,0.5,1.0,0.4263,0.7164,1.0,1.0,,,,,0.2727
2026-08-18,9435,光通信,情報・通信業,30.51,0.2,除外,0.0,0.0,0.671,,0.5494,1.0,0.4249,0.7258,0.5333,0.0,0.9474,0.5,1.0,0.1399,0.1728,0.8851,"1,2,4,5",,,,,,,,,,,,,
2026-08-18,9436,沖縄セルラー電話,情報・通信業,65.23,0.4,除外,0.9921,0.6547,0.4573,,0.5049,0.5171,0.2793,0.5661,0.4667,,0.175,0.2,0.9072,,0.0,0.6075,"3,4,5",1.0,1.0,1.0,1.0,1.0,0.9371,1.0,1.0,0.6814,0.9052,0.0323,1.0,0.0
2026-08-18,9449,ＧＭＯインターネットグループ,情報・通信業,58.68,0.2,除外,0.9299,0.5292,0.4587,,0.4294,0.1864,0.4861,0.8291,0.3333,,0.875,0.2,0.536,,0.7524,0.0,"2,3,4,5",1.0,1.0,0.5,1.0,1.0,0.9389,1.0,1.0,0.3261,0.7586,0.0323,1.0,0.4182
2026-08-18,9468,ＫＡＤＯＫＡＷＡ,情報・通信業,33.52,0.4,除外,0.0,0.0,0.6062,0.3086,0.7614,0.8689,0.4669,0.6891,0.4,0.4545,0.0526,0.2,0.9406,0.275,0.8316,0.9984,"1,2,4",,,,,,,,,,,,,0.5273
2026-08-18,9470,学研ホールディングス,情報・通信業,38.84,0.0,除外,0.0,0.4982,0.4939,,0.5616,0.5295,0.4616,0.5843,0.4,0.0,0.0526,1.0,1.0,0.118,0.6029,0.5254,"1,2,3,4,5",,,,,,,,,0.3178,0.7414,0.0323,0.9012,
2026-08-18,9474,ゼンリン,情報・通信業,21.86,0.0,除外,0.0,0.0,0.4012,,0.4734,0.2224,0.1363,0.7792,0.4667,0.0,0.1579,0.5,0.781,0.1126,0.0,1.0,"1,2,3,4,5",,,,,,,,,,,,,
2026-08-18,9501,東京電力ホールディングス,電気・ガス業,39.11,0.2,除外,0.0,0.2295,0.5955,,0.7395,0.5514,0.2473,0.9166,0.6667,0.0,0.4211,0.5,0.8899,0.1364,0.951,0.9808,"1,2,3,4",,,,,,,,,0.2421,0.0952,0.5806,0.0,
2026-08-18,9502,中部電力,電気・ガス業,38.43,0.2,除外,0.6698,0.5914,0.3671,0.2526,0.0405,0.3987,0.2487,0.6875,0.1333,0.6,0.2105,0.2,0.0126,0.112,0.0376,0.0,"2,3,4,5",1.0,1.0,1.0,0.0,1.0,0.3588,1.0,0.0,0.7849,1.0,0.5806,0.0,0.0
2026-08-18,9503,関西電力,電気・ガス業,61.22,0.4,除外,0.5766,0.5049,0.6667,,0.7005,0.8244,0.4039,0.9051,0.5333,0.2273,0.0526,0.2,1.0,0.1589,0.6431,1.0,"1,2,4",0.0,0.9521,0.5,1.0,1.0,0.361,0.5,0.3,0.581,0.7619,0.5806,0.0962,
2026-08-18,9504,中国電力,電気・ガス業,53.62,0.4,除外,0.3835,0.6126,0.4322,,0.7164,0.3389,0.3187,0.6714,0.4,0.2273,0.1053,0.5,1.0,0.1673,0.6983,1.0,"1,3,4",0.0,0.7974,0.5,1.0,0.414,0.2569,0.0,0.1,0.539,0.5714,0.5806,0.7595,
2026-08-18,9505,北陸電力,電気・ガス業,59.32,0.4,除外,0.5179,0.6243,0.5248,,0.7056,0.4583,0.2895,0.7513,0.6,0.4545,0.1053,0.5,1.0,0.2019,0.6207,1.0,"1,3,4",0.0,0.8821,0.5,1.0,0.6718,0.2896,0.5,0.3,0.488,0.4286,0.5806,1.0,
2026-08-18,9506,東北電力,電気・ガス業,57.12,0.4,除外,0.8533,0.4993,0.457,0.4216,0.625,0.121,0.4656,0.7082,0.5333,0.1818,0.75,0.5,1.0,0.1579,0.4458,0.8963,"2,3,4",1.0,0.8143,0.5,1.0,0.8113,0.7005,1.0,1.0,0.2736,0.1429,0.5806,1.0,0.2545
2026-08-18,9507,四国電力,電気・ガス業,58.71,0.6,監視,0.9122,0.61,0.3427,0.4318,0.6387,0.0,0.5488,0.222,0.6,0.5,0.9,0.2,1.0,0.5547,0.0,1.0,"3,4",1.0,1.0,0.5,1.0,1.0,0.7979,1.0,1.0,0.4783,0.381,0.5806,1.0,0.1273
2026-08-18,9508,九州電力,電気・ガス業,61.51,0.4,除外,0.8893,0.7184,0.4589,0.4381,0.5709,0.1303,0.2435,0.9949,0.4667,0.2273,0.925,0.2,0.6732,0.2535,0.8339,0.5231,"3,4,5",1.0,1.0,0.5,1.0,1.0,0.6147,1.0,1.0,0.5787,0.7143,0.5806,1.0,0.4
2026-08-18,9509,北海道電力,電気・ガス業,55.88,0.6,監視,0.0,0.659,0.7376,,0.8388,0.6295,0.575,0.8792,0.8667,0.2273,0.9,0.5,1.0,0.3553,1.0,1.0,"1,4",,,,,,,,,0.5315,0.5238,0.5806,1.0,
2026-08-18,9511,沖縄電力,電気・ガス業,37.12,0.0,除外,0.0,0.4639,0.5043,0.2951,0.5924,0.0,0.8634,0.6205,0.5333,0.1364,0.7895,0.2,0.915,0.4547,0.0,1.0,"1,2,3,4,5",,,,,,,,,0.2275,0.0476,0.5806,1.0,0.0545
2026-08-18,9513,電源開発,電気・ガス業,57.21,0.2,除外,0.9388,0.5523,0.5851,0.19,0.5946,0.4764,0.2845,0.9794,0.6,0.4545,0.1053,0.2,1.0,0.3103,0.8052,0.263,"2,3,4,5",1.0,1.0,1.0,1.0,1.0,0.5101,1.0,1.0,0.6762,0.9524,0.5806,0.0,0.0
2026-08-18,9517,イーレックス,電気・ガス業,59.9,0.4,除外,0.6737,0.4225,0.5213,0.5663,0.8113,0.4692,0.1982,0.6845,0.7333,0.6364,0.2105,1.0,1.0,0.3667,0.8784,1.0,"2,3,4",1.0,1.0,0.5,1.0,1.0,0.0896,0.5,0.3,0.2969,0.2381,0.5806,0.5743,0.4182
2026-08-18,9519,レノバ,電気・ガス業,63.25,0.4,除外,0.5372,0.5091,0.7862,0.538,0.7919,1.0,0.4123,0.9991,0.7333,0.7727,0.3158,0.5,1.0,0.5024,0.6652,1.0,"1,2,4",1.0,0.6975,1.0,0.0,1.0,0.0,0.5,0.1,0.6462,0.8095,0.5806,0.0,0.5636
2026-08-18,9531,東京瓦斯,電気・ガス業,47.74,0.2,除外,0.294,0.3873,0.5496,,0.6789,0.444,0.3838,0.6371,0.7333,0.2727,0.0,0.5,1.0,0.1273,0.5882,1.0,"1,2,3,4",0.0,1.0,0.5,0.0,0.6822,0.0698,0.0,0.1,0.4925,0.4762,0.5806,0.0,
2026-08-18,9532,大阪瓦斯,電気・ガス業,57.66,0.2,除外,0.5496,0.524,0.5183,,0.7144,0.5167,0.2077,0.6821,0.6667,0.2727,0.0526,0.5,1.0,0.1511,0.7066,1.0,"1,2,3,4",0.0,1.0,0.5,1.0,1.0,0.297,0.5,0.1,0.6582,0.8571,0.5806,0.0,
2026-08-18,9533,東邦瓦斯,電気・ガス業,29.48,0.0,除外,0.2519,0.3387,0.2613,,0.3275,0.0,0.4209,0.3575,0.2667,0.2273,0.975,0.5,0.8913,0.2412,0.1776,0.0,"1,2,3,4,5",0.0,0.8377,0.5,0.0,0.4154,0.2621,0.0,0.0,0.4408,0.3333,0.5806,0.0,
2026-08-18,9534,北海道瓦斯,電気・ガス業,62.34,0.4,除外,0.5775,0.4383,0.6238,,0.8542,0.7067,0.2838,0.8381,0.6667,0.5909,0.0526,0.2,1.0,0.4169,1.0,1.0,"1,2,4",0.0,1.0,0.5,1.0,1.0,0.3197,0.5,0.3,0.5412,0.619,0.5806,0.0121,
2026-08-18,9536,西部ガスホールディングス,電気・ガス業,60.68,0.6,監視,0.7279,0.7039,0.4951,0.3932,0.7139,0.4347,0.3203,0.7587,0.4667,0.2727,0.0,0.5,1.0,0.0708,0.7847,1.0,"3,4",1.0,1.0,0.5,1.0,0.9253,0.5977,0.5,0.3,0.5682,0.6667,0.5806,1.0,0.8
2026-08-18,9543,静岡ガス,電気・ガス業,44.3,0.2,除外,0.4428,0.32,0.2331,,0.7761,0.1878,0.2844,0.2604,0.2,0.2727,0.1579,0.2,1.0,0.2352,0.869,1.0,"1,2,3,4",0.0,0.9312,0.5,1.0,0.4055,0.1059,0.5,0.1,0.4138,0.2857,0.5806,0.0,
2026-08-18,9551,メタウォーター,電気・ガス業,43.4,0.2,除外,0.2785,0.5385,0.267,,0.6521,0.0035,0.1289,0.669,0.2667,0.2273,0.1579,0.5,0.6826,0.1472,0.7787,1.0,"1,2,3,4",0.0,0.7565,0.5,0.0,0.5621,0.0095,0.0,0.4,0.6687,0.9048,0.5806,0.0,
2026-08-18,9552,Ｍ＆Ａ総研ホールディングス,サービス業,31.39,0.4,除外,0.0,0.0,0.6078,0.2591,0.7028,1.0,0.41,0.3546,0.6667,0.0,0.0,1.0,0.8168,0.1728,0.8213,1.0,"1,2,4",,,,,,,,,,,,,0.0364
2026-08-18,9601,松竹,情報・通信業,13.57,0.0,除外,0.0,0.0,0.1393,,0.4034,0.0,0.4465,0.0442,0.0667,0.0,0.1579,0.5,0.4339,0.387,0.3185,0.4741,"1,2,3,4,5",,,,,,,,,,,,,
2026-08-18,9602,東宝,情報・通信業,26.42,0.2,除外,0.0,0.0,0.6104,,0.4463,0.2658,0.7926,0.9832,0.4,0.0,0.825,0.2,0.5743,0.2109,0.0,1.0,"1,2,4,5",,,,,,,,,,,,,
2026-08-18,9603,エイチ・アイ・エス,サービス業,22.54,0.2,除外,0.0,0.0,0.816,,0.0857,1.0,0.5437,0.9871,0.7333,0.0,0.5789,1.0,0.1258,0.1089,0.0,0.1081,"1,2,4,5",,,,,,,,,,,,,
2026-08-18,9605,東映,情報・通信業,50.27,0.2,除外,0.8982,0.3751,0.5305,,0.2068,0.2397,0.4222,0.7935,0.6667,,0.8421,0.2,0.6205,,0.0,0.0,"2,3,4,5",1.0,0.9803,1.0,1.0,0.5239,0.6813,1.0,1.0,0.3193,0.75,0.0323,0.3988,0.2727
2026-08-18,9616,共立メンテナンス,サービス業,36.59,0.4,除外,0.8518,0.0,0.2833,0.6019,0.0922,0.1219,0.4338,0.3777,0.2,0.0,0.7895,1.0,0.2767,,0.0,0.0,"2,3,5",1.0,0.6482,0.5,1.0,1.0,0.6659,1.0,1.0,,,,,0.6182
2026-08-18,9621,建設技術研究所,サービス業,53.96,0.2,除外,0.8194,0.4928,0.5001,0.4091,0.4767,0.3248,0.4669,0.8085,0.4,0.2273,0.8,0.5,0.8562,0.1221,0.1573,0.7711,"2,3,4,5",1.0,0.7258,0.5,1.0,0.7548,0.5742,1.0,1.0,0.2894,0.5529,0.129,1.0,0.1091
2026-08-18,9627,アインホールディングス,小売業,24.24,0.0,除外,0.0,0.2904,0.2515,,0.4277,0.0,0.4333,0.1062,0.4667,0.0,0.0,0.2,0.3811,0.1418,0.4427,0.7454,"1,2,3,4,5",,,,,,,,,0.2766,0.5391,0.0968,0.2489,
2026-08-18,9672,東京都競馬,サービス業,38.32,0.2,除外,0.0,0.3153,0.5559,,0.6616,0.5616,0.4493,0.8128,0.4,0.0,0.925,0.5,1.0,0.1614,0.4852,1.0,"1,2,3,4",,,,,,,,,0.2511,0.4824,0.129,0.3987,
2026-08-18,9678,カナモト,サービス業,60.12,0.4,除外,0.9499,0.4887,0.7078,0.3431,0.5165,1.0,0.6923,0.5388,0.6,0.9091,0.2632,0.2,0.2046,0.4444,0.4169,1.0,"2,4,5",1.0,1.0,1.0,1.0,1.0,0.8993,1.0,0.7,0.7436,0.9294,0.129,0.1526,0.0
2026-08-18,9682,ＤＴＳ,情報・通信業,11.32,0.0,除外,0.0,0.0,0.2716,,0.181,0.0,0.2007,0.5524,0.3333,0.0,0.0,1.0,0.6103,0.1138,0.0,0.0,"1,2,3,4,5",,,,,,,,,,,,,
2026-08-18,9684,スクウェア・エニックス・ホールディングス,情報・通信業,21.57,0.0,除外,0.0,0.0,0.353,0.4342,0.2914,0.1624,0.5829,0.0,0.6667,0.0,0.7368,1.0,0.8742,,0.0,0.0,"1,2,3,4,5",,,,,,,,,,,,,0.0
2026-08-18,9692,シーイーシー,情報・通信業,32.03,0.0,除外,0.0,0.4621,0.5936,0.1455,0.4002,0.635,0.4865,0.9861,0.2667,0.0,0.0,0.2,0.8954,0.1604,0.5449,0.0,"1,2,3,4,5",,,,,,,,,0.2129,0.6034,0.0323,1.0,0.3818
2026-08-18,9697,カプコン,情報・通信業,18.95,0.0,除外,0.0,0.0,0.4219,,0.3359,0.029,0.4303,0.8282,0.4,,0.95,0.5,0.9122,,0.0,0.0956,"1,2,3,4,5",,,,,,,,,,,,,0.1273
2026-08-18,9699,ニシオホールディングス,サービス業,35.18,0.0,除外,0.0,0.4425,0.4946,0.2653,0.5565,0.1425,0.6777,0.625,0.5333,0.0,0.825,0.2,0.9306,0.2955,0.0,1.0,"1,2,3,4,5",,,,,,,,,0.2174,0.4235,0.129,1.0,0.0364
2026-08-18,9706,日本空港ビルデング,不動産業,61.21,0.2,除外,1.0,0.5378,0.4787,,0.432,0.4048,0.2843,0.7591,0.4667,,0.875,0.2,0.9539,,0.3422,0.0,"2,3,4,5",1.0,1.0,1.0,1.0,1.0,1.0,1.0,1.0,0.4183,0.5714,0.1613,1.0,0.4909
2026-08-18,9708,帝国ホテル,サービス業,36.48,0.2,除外,0.0,0.2234,0.452,,0.7838,0.0,0.247,0.8276,0.7333,0.4091,0.2632,0.5,1.0,0.1351,1.0,1.0,"1,2,3,4",,,,,,,,,0.2706,0.4941,0.129,0.0,
2026-08-18,9715,トランス・コスモス,サービス業,28.43,0.0,除外,0.2337,0.2273,0.3665,,0.3097,0.0,0.3884,0.9442,0.1333,0.2273,0.1579,0.2,0.2357,0.1389,0.0,0.8642,"1,2,3,4,5",0.0,0.5919,0.5,0.0,0.1187,0.5594,0.0,0.1,0.2744,0.5059,0.129,0.0,
2026-08-18,9716,乃村工藝社,サービス業,60.37,0.4,除外,0.5677,0.6183,0.4981,,0.7309,0.4413,0.3727,0.9116,0.2667,0.2273,0.2105,0.2,0.9051,0.1333,0.8854,1.0,"1,3,4",0.0,1.0,0.5,1.0,1.0,0.2415,0.5,0.3,0.5322,0.8118,0.129,1.0,
2026-08-18,9722,藤田観光,サービス業,25.12,0.0,除外,0.0,0.0,0.4474,0.2687,0.5399,0.2564,1.0,0.0,0.5333,0.0,0.875,0.2,1.0,0.1597,0.0,1.0,"1,2,3,4,5",,,,,,,,,,,,,0.0
2026-08-18,9735,セコム,サービス業,51.56,0.2,除外,0.7111,0.5333,0.5281,0.2947,0.5105,0.4114,0.4128,0.5548,0.7333,0.0,0.0,0.2,0.5316,,0.0,1.0,"2,3,4,5",1.0,1.0,1.0,0.0,0.9362,0.6525,1.0,0.1,0.5397,0.8235,0.129,0.6411,0.9789
2026-08-18,9743,丹青社,サービス業,45.12,0.2,除外,0.5533,0.3405,0.2388,,0.6723,0.0,0.1745,0.7807,0.0,0.0,0.1579,0.2,0.844,0.1283,0.7168,1.0,"1,2,3,4",0.0,0.6014,0.5,1.0,0.3486,0.4763,0.5,1.0,0.2819,0.5176,0.129,0.4335,
2026-08-18,9744,メイテックグループホールディングス,サービス業,41.69,0.2,除外,0.7098,0.4521,0.4875,0.05,0.3854,0.4118,0.2816,0.7232,0.5333,0.0,0.0,0.2,0.5586,0.1414,0.3997,0.4419,"2,3,4,5",1.0,0.6223,0.0,1.0,0.4299,0.6258,1.0,1.0,0.2324,0.4471,0.129,1.0,0.0
2026-08-18,9746,ＴＫＣ,情報・通信業,23.04,0.0,除外,0.0,0.0,0.4428,0.4938,0.2152,0.4482,0.2416,0.6816,0.4,0.0,0.975,1.0,0.4618,0.1231,0.0,0.2758,"1,2,3,4,5",,,,,,,,,,,,,0.0
2026-08-18,9755,応用地質,サービス業,34.76,0.4,除外,0.0,0.0,0.6736,,0.7169,1.0,0.2357,0.8589,0.6,0.2273,0.0,0.2,1.0,0.1453,0.7223,1.0,"1,2,4",,,,,,,,,,,,,
2026-08-18,9757,船井総研ホールディングス,サービス業,27.83,0.2,除外,0.0,0.0,0.6221,,0.4909,0.511,0.5828,0.8612,0.5333,0.0,0.0526,0.5,0.6251,0.115,0.2237,1.0,"1,2,4,5",,,,,,,,,,,,,
2026-08-18,9759,ＮＳＤ,情報・通信業,14.42,0.0,除外,0.0,0.0,0.3544,,0.2223,0.0991,0.2794,0.839,0.2,0.0,0.1053,0.5,0.3101,0.1281,0.0996,0.3516,"1,2,3,4,5",,,,,,,,,,,,,
2026-08-18,9766,コナミグループ,情報・通信業,19.46,0.0,除外,0.0,0.0,0.5558,0.1684,0.249,0.371,0.3631,0.8893,0.6,0.0,0.4737,0.2,0.7813,0.2146,0.0,0.0,"1,2,3,4,5",,,,,,,,,,,,,0.0
2026-08-18,9790,福井コンピュータホールディングス,情報・通信業,30.22,0.2,除外,0.0,0.2694,0.2705,,0.6687,0.0145,0.4677,0.0,0.6,0.5455,0.1579,0.2,0.8988,0.3,0.4759,1.0,"1,2,3,4",,,,,,,,,0.3126,0.7328,0.0323,0.0,
2026-08-18,9793,ダイセキ,サービス業,51.93,0.2,除外,0.5377,0.3044,0.4674,0.5614,0.7259,0.4352,0.3057,0.7289,0.4,0.7273,1.0,0.5,0.7794,0.3309,0.7932,1.0,"1,2,3,4",1.0,1.0,0.5,0.0,0.8024,0.4989,0.5,0.0,0.3943,0.6941,0.129,0.0,0.0182
2026-08-18,9824,泉州電業,卸売業,52.58,0.4,除外,0.9241,0.468,0.7198,0.386,0.1308,1.0,0.8331,0.7796,0.2667,0.9545,0.0526,0.2,0.2468,0.2764,0.0,0.0,"2,4,5",1.0,1.0,1.0,1.0,1.0,0.6927,1.0,0.7,0.7024,0.7826,0.3871,0.0,0.3368
2026-08-18,9828,Ｇｅｎｋｉ　Ｇｌｏｂａｌ　Ｄｉｎｉｎｇ　Ｃｏｎｃｅｐｔｓ,小売業,27.75,0.2,除外,0.7257,0.0,0.4451,0.2167,0.0,0.0,0.3913,0.8558,0.5333,0.0,0.1579,0.2,0.0,,0.0,0.0,"2,3,4,5",1.0,0.6048,0.5,1.0,0.9009,0.5,1.0,0.3,,,,,0.5091
2026-08-18,9830,トラスコ中山,卸売業,30.07,0.0,除外,0.0,0.52,0.2037,0.3199,0.4599,0.0,0.411,0.137,0.2667,0.0909,0.825,0.2,1.0,0.225,0.6147,0.0,"1,2,3,4,5",,,,,,,,,0.3778,0.3152,0.3871,1.0,0.1636
2026-08-18,9831,ヤマダホールディングス,小売業,51.05,0.4,除外,0.8384,0.6726,0.5001,0.1987,0.3429,0.4937,0.5602,0.5464,0.4,0.2,0.0526,0.2,0.0287,,0.0,1.0,"3,4,5",1.0,1.0,1.0,1.0,1.0,0.6072,1.0,0.1,0.6807,0.913,0.0968,1.0,0.3421
2026-08-18,9832,オートバックスセブン,卸売業,32.33,0.0,除外,0.0,0.2605,0.445,,0.5878,0.219,0.1065,0.8544,0.6,0.2273,0.1579,0.5,0.8878,0.1575,0.3057,1.0,"1,2,3,4,5",,,,,,,,,0.2729,0.2065,0.3871,0.1757,
2026-08-18,9837,モリト,卸売業,50.23,0.4,除外,0.76,0.3678,0.4662,0.1463,0.771,0.1677,0.2619,0.7686,0.6667,0.2273,0.1579,0.2,0.9358,0.1481,1.0,1.0,"2,3,4",1.0,1.0,0.5,1.0,0.6447,0.4356,0.5,1.0,0.5405,0.5435,0.3871,0.0,0.0
2026-08-18,9842,アークランズ,小売業,29.76,0.2,除外,0.7198,0.2406,0.0998,0.1349,0.2928,0.0,0.1382,0.2612,0.0,0.1818,0.1579,0.2,0.1156,0.0884,0.312,0.6552,"2,3,4,5",1.0,0.6062,1.0,1.0,0.3362,0.7162,1.0,0.1,0.2916,0.5739,0.0968,0.0,0.0
2026-08-18,9843,ニトリホールディングス,小売業,18.91,0.0,除外,0.0,0.0,0.3021,0.3703,0.2731,0.117,0.386,0.1723,0.5333,0.1818,0.2632,1.0,0.4216,0.1596,0.0,0.5113,"1,2,3,4,5",,,,,,,,,,,,,0.0364
2026-08-18,9861,吉野家ホールディングス,小売業,44.4,0.2,除外,0.9476,0.5509,0.2773,,0.0,0.0,0.6708,0.4385,0.0,,0.975,0.5,0.0,,0.0,0.0,"2,3,4,5",1.0,1.0,1.0,1.0,0.8686,0.7119,1.0,1.0,0.4025,0.7043,0.0968,1.0,0.4
2026-08-18,9869,加藤産業,卸売業,53.17,0.2,除外,0.8237,0.5116,0.3561,0.3886,0.5786,0.3031,0.3412,0.4466,0.3333,0.4545,0.9,0.2,0.8569,0.2417,0.2159,1.0,"2,3,4,5",1.0,0.8615,0.5,1.0,0.5042,0.7237,1.0,1.0,0.3658,0.2935,0.3871,1.0,0.0
2026-08-18,9880,イノテック,電気機器,51.83,0.4,除外,0.6882,0.6564,0.333,0.3185,0.5952,0.2655,0.3999,0.0,0.6667,0.8636,0.2105,0.2,0.5652,0.4632,0.3524,1.0,"3,4,5",1.0,1.0,1.0,0.0,1.0,0.1058,1.0,0.4,0.9273,0.7627,0.9355,0.0,0.0
2026-08-18,9882,イエローハット,卸売業,51.53,0.2,除外,0.6781,0.5618,0.5075,0.4072,0.4216,0.4724,0.368,0.8565,0.3333,0.4,0.2105,0.2,0.6372,,0.1517,0.4759,"2,3,4,5",1.0,0.9323,1.0,0.0,0.6735,0.7193,1.0,0.1,0.4363,0.4239,0.3871,1.0,0.8182
2026-08-18,9887,松屋フーズホールディングス,小売業,32.61,0.4,除外,0.0,0.0,0.6197,,0.6847,1.0,0.255,0.8905,0.3333,0.0909,0.1579,1.0,0.8904,0.1179,0.7306,1.0,"1,2,4",,,,,,,,,,,,,
2026-08-18,9889,ＪＢＣＣホールディングス,情報・通信業,50.09,0.2,除外,0.9375,0.4998,0.3713,,0.1949,0.0,0.354,0.598,0.5333,,0.85,0.5,0.5848,,0.0,0.0,"2,3,4,5",1.0,1.0,0.5,1.0,1.0,1.0,1.0,1.0,0.2774,0.6897,0.0323,1.0,0.3818
2026-08-18,9900,サガミホールディングス,小売業,48.6,0.2,除外,0.9375,0.4564,0.5401,,0.0102,0.2479,0.5809,0.7315,0.6,,0.925,1.0,0.0306,,0.0,0.0,"2,3,4,5",1.0,1.0,0.5,1.0,1.0,1.0,1.0,1.0,0.2504,0.4783,0.0968,1.0,0.2182
2026-08-18,9902,日伝,卸売業,36.63,0.2,除外,0.9711,0.0,0.4076,,0.0867,0.0381,0.3986,0.9937,0.2,,0.825,1.0,0.26,,0.0,0.0,"2,3,4,5",1.0,0.8801,1.0,1.0,0.9974,0.891,1.0,1.0,,,,,0.4545
2026-08-18,9934,因幡電機産業,卸売業,59.07,0.2,除外,0.9995,0.5759,0.4589,,0.3286,0.2382,0.5115,0.4192,0.6667,,0.8947,0.2,0.9858,,0.0,0.0,"2,3,4,5",1.0,1.0,1.0,1.0,1.0,0.996,1.0,1.0,0.6154,0.663,0.3871,0.6379,0.0
2026-08-18,9936,王将フードサービス,小売業,26.35,0.0,除外,0.0,0.0,0.5955,,0.4584,0.672,0.2991,0.8109,0.6,0.2273,0.1053,1.0,0.5012,0.13,0.2024,1.0,"1,2,3,4,5",,,,,,,,,,,,,
2026-08-18,9946,ミニストップ,小売業,25.87,0.0,除外,0.0,0.1966,0.2843,,0.5538,0.0,0.1734,0.7637,0.2,0.0,0.1053,0.2,0.4389,0.1073,0.669,1.0,"1,2,3,4,5",,,,,,,,,0.2376,0.4522,0.0968,0.0,
2026-08-18,9948,アークス,小売業,50.61,0.2,除外,0.7482,0.5665,0.4889,0.2172,0.5096,0.4331,0.4639,0.7254,0.3333,0.1818,0.1053,0.2,0.3336,0.1342,0.5708,1.0,"2,3,4,5",1.0,1.0,0.5,1.0,0.6202,0.5655,1.0,0.3,0.4303,0.7391,0.0968,1.0,0.3818
2026-08-18,9956,バローホールディングス,小売業,28.31,0.0,除外,0.298,0.3825,0.2389,,0.2131,0.0,0.0372,0.6516,0.2667,0.5,0.2105,0.2,0.0,0.1644,0.572,0.1161,"1,2,3,4,5",0.0,1.0,0.5,0.0,0.6616,0.2224,0.0,0.0,0.5637,0.8696,0.0968,0.0,
2026-08-18,9960,東テク,卸売業,38.59,0.2,除外,0.4114,0.6578,0.1772,,0.2973,0.0,0.242,0.0,0.4667,0.2273,0.0526,0.2,0.5802,0.139,0.3917,0.0784,"1,3,4,5",0.0,1.0,0.5,0.0,1.0,0.291,0.5,0.0,0.6522,0.7283,0.3871,0.8638,
2026-08-18,9962,ミスミグループ本社,卸売業,54.1,0.6,監視,0.7403,0.7486,0.2202,0.3658,0.6304,0.0,0.5351,0.1456,0.2,0.8,0.0526,0.2,0.3746,,0.5165,1.0,"3,4",1.0,1.0,1.0,0.0,1.0,0.5223,1.0,0.4,0.8756,0.9674,0.3871,0.7643,0.4105
2026-08-18,9974,ベルク,小売業,21.01,0.0,除外,0.0,0.0,0.3438,,0.4967,0.2598,0.1837,0.8651,0.0667,0.2273,0.1579,0.2,0.4363,0.1076,0.4429,1.0,"1,2,3,4,5",,,,,,,,,,,,,
2026-08-18,9983,ファーストリテイリング,小売業,51.44,0.4,除外,0.694,0.4543,0.3699,0.4158,0.6378,0.1807,0.3638,0.8018,0.1333,0.8,0.4211,0.2,0.1916,0.4444,0.9153,1.0,"2,3,4",1.0,1.0,1.0,0.0,1.0,0.5518,1.0,0.0,0.7639,0.9565,0.0968,0.0,0.2421
2026-08-18,9984,ソフトバンクグループ,情報・通信業,55.73,0.4,除外,0.6714,0.4862,0.7909,0.3432,0.4949,1.0,0.5465,0.8836,0.7333,0.8182,0.0,0.5,0.2338,0.3705,0.3754,1.0,"2,4,5",1.0,0.9713,1.0,0.0,1.0,0.0,1.0,0.4,0.9213,0.9914,0.0323,0.0,0.0545
2026-08-18,9987,スズケン,卸売業,30.99,0.2,除外,0.0,0.0,0.7216,,0.5181,0.9966,0.3984,0.8247,0.6667,0.2273,0.2105,0.5,0.7693,0.2717,0.0316,1.0,"1,2,4,5",,,,,,,,,,,,,
2026-08-18,9989,サンドラッグ,小売業,26.68,0.2,除外,0.0,0.0,0.721,,0.3462,0.9662,0.6364,0.8812,0.4,0.0,0.1053,1.0,0.3012,0.0837,0.0,1.0,"1,2,4,5",,,,,,,,,,,,,
2026-08-18,9997,ベルーナ,小売業,44.56,0.2,除外,0.7157,0.5774,0.4315,0.3013,0.2023,0.0117,0.2418,0.6727,0.8,0.2,0.1053,0.5,0.6069,,0.0,0.0,"2,3,4,5",1.0,0.6499,0.5,1.0,0.7683,0.7071,1.0,0.1,0.4475,0.7652,0.0968,1.0,0.4
