date,code,name,sector,dcs,coverage,category,dim1,dim2,dim3,dim4,dim5,part_2-a,part_2-b,part_2-c,part_2-d,part_3-a,part_3-b,part_3-c,part_3-d,part_4-a,part_4-b,part_4-c,part_4-d,part_5-a,part_5-b,part_5-c,part_5-d,missing,part_1-a,part_1-b,part_1-c,part_1-d,part_1-e,part_1-f,part_1-g,part_1-h
2026-08-15,1301,極洋,水産・農林業,31.14,0.2,除外,0.0,0.3227,0.3987,0.1463,0.6893,0.2189,0.2,0.3871,0.4847,0.622,0.2129,0.3599,0.4,0.2273,0.0,0.1579,0.2,1.0,0.1245,0.6327,1.0,"1,2,3,4",,,,,,,,
2026-08-15,1332,ニッスイ,水産・農林業,40.95,0.2,除外,0.4008,0.5124,0.3116,0.1463,0.6765,0.6624,1.0,0.3871,0.0,0.0451,0.4889,0.3125,0.4,0.2273,0.0,0.1579,0.2,0.918,0.1364,0.6515,1.0,"1,2,3,4",0.0,1.0,0.5,0.0,1.0,0.2064,0.5,0.0
2026-08-15,1333,マルハニチロ,水産・農林業,43.48,0.2,除外,0.384,0.4975,0.3331,0.3463,0.6132,0.5509,0.8,0.3871,0.2521,0.2859,0.3462,0.3672,0.3333,0.2273,0.0,0.1579,1.0,1.0,0.136,0.3167,1.0,"1,2,3,4",0.0,1.0,0.5,0.0,0.7708,0.2015,0.5,0.1
2026-08-15,1377,サカタのタネ,水産・農林業,55.65,0.4,除外,0.8881,0.5264,0.7597,0.3141,0.2942,0.4838,0.6,0.3871,0.6346,0.5373,0.6723,0.8956,0.9333,0.4545,0.4441,0.1579,0.2,0.1394,0.3683,0.6581,0.0111,"2,4,5",1.0,1.0,1.0,1.0,1.0,0.8052,1.0,0.3
2026-08-15,1379,ホクト,水産・農林業,34.33,0.2,除外,0.3226,0.3589,0.6184,0.0763,0.3402,0.3075,0.4,0.3871,0.3411,0.7297,0.4662,0.7442,0.5333,0.0,0.0,0.1053,0.2,0.7993,0.1236,0.3397,0.0983,"1,2,4,5",0.0,0.5887,0.0,1.0,0.2424,0.6499,0.0,0.1
2026-08-15,1407,ウエストホールディングス,建設業,61.67,0.6,監視,0.925,0.4301,0.5171,0.6074,0.6041,0.5667,0.4118,0.7419,0.0,0.4855,0.3537,0.6961,0.5333,0.7273,0.8706,0.6316,0.2,0.7686,0.3333,0.3144,1.0,"2,3",1.0,1.0,1.0,1.0,1.0,0.4003,1.0,1.0
2026-08-15,1414,ショーボンドホールディングス,建設業,40.47,0.2,除外,0.4823,0.3278,0.4142,0.1609,0.6385,0.3255,0.1471,0.7419,0.0966,0.2705,0.338,0.6482,0.4,0.0909,0.0,0.0526,0.5,1.0,0.3579,0.196,1.0,"1,2,3,4",0.0,0.8126,0.5,1.0,0.3196,0.4265,0.5,0.3
2026-08-15,1417,ミライト・ワン,建設業,43.03,0.0,除外,0.4133,0.5054,0.2889,0.508,0.4357,0.6914,0.5882,0.7419,0.0,0.3131,0.214,0.3618,0.2667,0.6818,0.0,0.85,0.5,1.0,0.3926,0.3502,0.0,"1,2,3,4,5",0.0,1.0,0.5,0.0,1.0,0.3064,0.5,0.0
2026-08-15,1419,タマホーム,建設業,23.83,0.0,除外,0.0,0.0,0.3929,0.2518,0.547,,,,,1.0,0.0555,0.1828,0.3333,0.4545,0.0,0.0526,0.5,0.4613,0.2956,0.431,1.0,"1,2,3,4,5",,,,,,,,
2026-08-15,141A,トライアルホールディングス,小売業,61.13,0.8,本命,0.75,0.6412,0.7085,0.2035,0.7535,0.6142,0.886,0.0645,1.0,1.0,0.351,0.683,0.8,0.2273,0.0182,0.3684,0.2,1.0,0.218,0.7958,1.0,4,1.0,1.0,0.5,1.0,1.0,0.0,0.5,1.0
2026-08-15,1514,住石ホールディングス,鉱業,36.8,0.4,除外,0.0,0.0,0.6708,0.3822,0.7872,,,,,0.7243,0.4541,0.5714,0.9333,0.3182,0.0,0.2105,1.0,1.0,0.1487,1.0,1.0,"1,2,4",,,,,,,,
2026-08-15,1515,日鉄鉱業,鉱業,58.5,0.4,除外,0.8125,0.8119,0.5491,0.4464,0.3051,0.7445,0.6,0.9032,1.0,0.5219,0.5616,0.3796,0.7333,0.1364,0.2545,0.8947,0.5,1.0,0.1864,0.0,0.0338,"3,4,5",1.0,1.0,0.5,1.0,1.0,0.0,1.0,1.0
2026-08-15,1518,三井松島ホールディングス,その他製品,55.18,0.4,除外,0.9805,0.7109,0.5184,0.549,0.0,0.7106,0.875,0.2581,1.0,0.0,0.8593,0.6809,0.5333,,0.9971,0.45,0.2,0.0,,0.0,0.0,"3,4,5",1.0,1.0,1.0,1.0,1.0,0.8438,1.0,1.0
2026-08-15,1605,ＩＮＰＥＸ,鉱業,60.29,0.8,本命,0.6625,0.67,0.7101,0.2536,0.7182,0.7769,1.0,0.9032,0.0,0.6993,0.4836,0.7243,0.9333,0.4091,0.0,0.1053,0.5,1.0,0.1434,0.7294,1.0,4,1.0,1.0,0.5,1.0,1.0,0.0,0.5,0.3
2026-08-15,1662,石油資源開発,鉱業,58.58,0.6,監視,0.5375,0.6165,0.6092,0.3786,0.7873,0.7626,0.8,0.9032,0.0,0.6061,0.4477,0.5164,0.8667,0.4091,0.0,0.1053,1.0,1.0,0.1491,1.0,1.0,"1,4",0.0,1.0,0.5,1.0,1.0,0.0,0.5,0.3
2026-08-15,1663,Ｋ＆Ｏエナジーグループ,鉱業,51.91,0.4,除外,0.2966,0.4662,0.7283,0.3295,0.7751,0.5614,0.4,0.9032,0.0,0.7883,0.2673,0.9909,0.8667,0.3182,0.0,0.0,1.0,1.0,0.1005,1.0,1.0,"1,2,4",0.0,1.0,0.5,0.0,0.8727,0.0,0.0,0.0
2026-08-15,166A,タスキホールディングス,不動産業,68.32,0.6,監視,0.9169,0.7318,0.7606,0.4742,0.5324,0.7573,0.9762,0.1935,1.0,0.653,1.0,0.7894,0.6,1.0,0.6441,0.0526,0.2,0.0,0.3709,0.7588,1.0,"4,5",1.0,1.0,1.0,1.0,1.0,0.6352,1.0,0.7
2026-08-15,167A,リョーサン菱洋ホールディングス,卸売業,32.33,0.0,除外,0.0,0.4262,0.4592,0.3134,0.4175,0.309,0.25,0.4194,0.7266,0.1938,0.4802,0.4297,0.7333,0.2273,0.0,0.5263,0.5,0.8517,0.1999,0.0,0.6184,"1,2,3,4,5",,,,,,,,
2026-08-15,1719,安藤・間,建設業,49.34,0.4,除外,0.6164,0.4742,0.2935,0.32,0.7629,0.5087,0.3676,0.7419,0.2785,0.1201,0.4687,0.1185,0.4667,0.2273,0.0,0.0526,1.0,1.0,0.103,0.9487,1.0,"2,3,4",0.0,0.892,0.5,1.0,0.641,0.398,0.5,1.0
2026-08-15,1720,東急建設,建設業,37.34,0.2,除外,0.1998,0.3492,0.4518,0.1463,0.7196,0.3904,0.2647,0.7419,0.0,0.4885,0.3526,0.3659,0.6,0.2273,0.0,0.1579,0.2,1.0,0.125,0.7535,1.0,"1,2,3,4",0.0,0.7162,0.5,0.0,0.3825,0.0,0.0,0.0
2026-08-15,1721,コムシスホールディングス,建設業,55.47,0.4,除外,0.6835,0.5457,0.3721,0.3705,0.8017,0.7498,0.6912,0.7419,0.0,0.2885,0.1639,0.5692,0.4667,0.6818,0.3,0.0,0.5,1.0,0.2068,1.0,1.0,"2,3,4",1.0,1.0,1.0,0.0,1.0,0.5677,0.5,0.4
2026-08-15,1723,日本電技,建設業,44.16,0.2,除外,0.425,0.6405,0.4063,0.2081,0.5282,0.8644,0.9559,0.7419,0.0,0.0,0.2979,0.9271,0.4,0.2273,0.0,0.1053,0.5,0.5217,0.1626,0.4287,1.0,"1,3,4,5",0.0,1.0,0.5,0.0,1.0,0.0,0.5,0.4
2026-08-15,1762,高松コンストラクショングループ,建設業,52.82,0.4,除外,0.876,0.6412,0.4264,0.2812,0.416,0.4846,0.3382,0.7419,1.0,0.3482,0.2909,0.5334,0.5333,0.0,0.0,0.925,0.2,1.0,0.1333,0.5307,0.0,"3,4,5",1.0,1.0,0.5,1.0,0.9366,0.5714,1.0,1.0
2026-08-15,1766,東建コーポレーション,建設業,26.0,0.2,除外,0.0,0.0,0.6177,0.099,0.5832,,,,,0.5548,0.4638,0.652,0.8,0.0909,0.0,0.1053,0.2,0.6886,0.1361,0.508,1.0,"1,2,4,5",,,,,,,,
2026-08-15,1786,オリエンタル白石,建設業,22.57,0.2,除外,0.0,0.0,0.1545,0.3375,0.6366,,,,,0.0,0.2848,0.0,0.3333,0.0,0.0,0.85,0.5,1.0,0.2214,0.3251,1.0,"1,2,3,4",,,,,,,,
2026-08-15,1801,大成建設,建設業,51.49,0.4,除外,0.3125,0.5749,0.6661,0.2871,0.7339,0.7784,0.7794,0.7419,0.0,0.9563,0.4575,0.584,0.6667,0.2273,0.0,0.4211,0.5,1.0,0.149,0.7865,1.0,"1,2,4",0.0,1.0,0.5,0.0,1.0,0.0,0.0,0.0
2026-08-15,1802,大林組,建設業,45.02,0.2,除外,0.3125,0.4957,0.4461,0.3463,0.6507,0.682,0.5588,0.7419,0.0,0.5964,0.2534,0.4678,0.4667,0.2273,0.0,0.1579,1.0,1.0,0.1308,0.4718,1.0,"1,2,3,4",0.0,1.0,0.5,0.0,1.0,0.0,0.0,0.0
2026-08-15,1803,清水建設,建設業,44.22,0.2,除外,0.3125,0.5389,0.3835,0.2252,0.7509,0.737,0.6765,0.7419,0.0,0.1178,0.151,0.6653,0.6,0.2273,0.0,0.4737,0.2,1.0,0.2076,0.796,1.0,"1,2,3,4",0.0,1.0,0.5,0.0,1.0,0.0,0.0,0.0
2026-08-15,1808,長谷工コーポレーション,建設業,42.11,0.2,除外,0.3125,0.4538,0.5626,0.1594,0.6171,0.5463,0.3971,0.7419,0.1299,0.6016,0.4174,0.7646,0.4667,0.2273,0.0,0.2105,0.2,1.0,0.1224,0.3926,0.9534,"1,2,3,4",0.0,0.9995,0.5,0.0,0.7844,0.1164,0.0,0.1
2026-08-15,1812,鹿島建設,建設業,38.49,0.0,除外,0.3125,0.5279,0.3332,0.2512,0.4995,0.7227,0.6471,0.7419,0.0,0.564,0.309,0.0597,0.4,0.1364,0.0,0.3684,0.5,1.0,0.1435,0.322,0.5324,"1,2,3,4,5",0.0,1.0,0.5,0.0,1.0,0.0,0.0,0.0
2026-08-15,1813,不動テトラ,建設業,45.63,0.2,除外,0.4753,0.3755,0.4658,0.2213,0.7434,0.4514,0.3088,0.7419,0.0,0.2543,0.333,0.5427,0.7333,0.2273,0.0,0.1579,0.5,1.0,0.1601,0.8137,1.0,"1,2,3,4",0.0,0.6096,0.5,1.0,0.6931,0.0,0.0,1.0
2026-08-15,1814,大末建設,建設業,50.51,0.4,除外,0.8574,0.8138,0.1781,0.1331,0.5431,0.7634,0.75,0.7419,1.0,0.0,0.3123,0.0,0.4,0.2273,0.0,0.1053,0.2,1.0,0.1648,0.535,0.4725,"3,4,5",1.0,1.0,0.5,1.0,1.0,0.3593,1.0,1.0
2026-08-15,1815,鉄建建設,建設業,37.08,0.2,除外,0.375,0.534,0.0296,0.2859,0.6296,0.7325,0.6618,0.7419,0.0,0.0,0.0518,0.0,0.0667,0.0909,0.0,0.0526,1.0,0.8422,0.1246,0.5515,1.0,"1,2,3,4",0.0,1.0,0.5,0.0,1.0,0.0,0.5,0.0
2026-08-15,1820,西松建設,建設業,40.59,0.2,除外,0.3742,0.3324,0.4121,0.1818,0.7288,0.367,0.2206,0.7419,0.0,0.3605,0.3998,0.3547,0.5333,0.2273,0.0,0.0,0.5,1.0,0.1315,0.7837,1.0,"1,2,3,4",0.0,0.5993,0.5,1.0,0.3345,0.1599,0.0,0.4
2026-08-15,1822,大豊建設,建設業,32.56,0.0,除外,0.0,0.5198,0.5614,0.1818,0.3648,0.2818,0.1176,0.7419,0.9379,0.3768,0.5475,0.8545,0.4667,0.2273,0.0,0.0,0.5,0.4395,0.1667,0.8531,0.0,"1,2,3,4,5",,,,,,,,
2026-08-15,1833,奥村組,建設業,41.94,0.2,除外,0.4346,0.4557,0.2181,0.2647,0.7241,0.572,0.4265,0.7419,0.0826,0.2114,0.0953,0.3656,0.2,0.2273,0.0,0.6316,0.2,1.0,0.126,0.7704,1.0,"1,2,3,4",0.0,1.0,0.5,0.0,0.9228,0.0541,0.0,1.0
2026-08-15,1835,東鉄工業,建設業,38.07,0.2,除外,0.0,0.3203,0.5,0.3594,0.7236,0.3482,0.1912,0.7419,0.0,0.9018,0.2151,0.4163,0.4667,0.2273,0.0,0.2105,1.0,1.0,0.2003,0.6942,1.0,"1,2,3,4",,,,,,,,
2026-08-15,1852,淺沼組,建設業,52.2,0.2,除外,0.4015,0.5952,0.539,0.4006,0.6736,0.3888,0.25,0.7419,1.0,0.5092,0.7138,0.5329,0.4,0.2273,0.0,0.875,0.5,1.0,0.0902,0.6043,1.0,"1,2,3,4",0.0,0.5996,0.0,1.0,0.6057,0.0066,0.0,1.0
2026-08-15,1860,戸田建設,建設業,52.75,0.2,除外,0.6347,0.583,0.3237,0.529,0.567,0.7958,0.7941,0.7419,0.0,0.4182,0.1766,0.6999,0.0,0.9545,0.3824,0.5789,0.2,1.0,0.1611,0.8631,0.2439,"2,3,4,5",1.0,1.0,1.0,0.0,1.0,0.5776,0.5,0.0
2026-08-15,1861,熊谷組,建設業,40.38,0.2,除外,0.2735,0.4741,0.408,0.2344,0.6288,0.6398,0.5147,0.7419,0.0,0.2954,0.2756,0.3945,0.6667,0.2273,0.0,0.2105,0.5,0.9976,0.121,0.3966,1.0,"1,2,3,4",0.0,1.0,0.5,0.0,0.5877,0.0,0.0,0.1
2026-08-15,186A,アストロスケールホールディングス,サービス業,46.7,0.2,除外,0.65,0.4373,0.5053,0.2545,0.488,0.7347,0.9176,0.0968,0.0,1.0,0.0,0.488,0.5333,0.8182,0.0,0.0,0.2,0.6663,0.5492,0.5181,0.2184,"2,3,4,5",1.0,1.0,1.0,0.0,1.0,0.0,0.5,0.7
2026-08-15,1870,矢作建設工業,建設業,29.15,0.0,除外,0.0,0.4064,0.3383,0.12,0.5929,0.3384,0.1618,0.7419,0.3835,0.3281,0.4252,0.0,0.6,0.2273,0.0,0.0526,0.2,1.0,0.1179,0.2537,1.0,"1,2,3,4,5",,,,,,,,
2026-08-15,1871,ピーエス・コンストラクション,建設業,56.48,0.4,除外,0.5625,0.5662,0.6388,0.3068,0.7497,0.5049,0.3529,0.7419,0.6651,0.9409,0.3473,0.667,0.6,0.2273,0.0,0.0,1.0,1.0,0.3181,0.6808,1.0,"1,2,4",0.0,1.0,0.5,1.0,1.0,0.0,0.0,1.0
2026-08-15,1878,大東建託,不動産業,36.73,0.2,除外,0.6077,0.1973,0.4456,0.19,0.396,0.2366,0.2619,0.1935,0.097,0.5831,0.3048,0.6944,0.2,0.4545,0.0,0.1053,0.2,0.2804,0.25,0.0537,1.0,"2,3,4,5",1.0,0.6966,0.5,1.0,0.442,0.4229,0.5,0.3
2026-08-15,1879,新日本建設,建設業,53.51,0.4,除外,0.9489,0.4099,0.3348,0.3708,0.6111,0.5154,0.3824,0.7419,0.0,0.0,0.6725,0.0,0.6667,0.7727,0.3,0.2105,0.2,1.0,0.4444,0.0,1.0,"2,3,4",1.0,1.0,1.0,1.0,1.0,0.891,1.0,0.7
2026-08-15,1882,東亜道路工業,建設業,42.61,0.2,除外,0.3799,0.5181,0.2783,0.2081,0.7463,0.2992,0.1324,0.7419,0.8988,0.1791,0.2805,0.5202,0.1333,0.2273,0.0,0.1053,0.5,1.0,0.1695,0.8157,1.0,"1,2,3,4",0.0,0.6974,0.5,1.0,0.271,0.2705,0.0,0.3
2026-08-15,1885,東亜建設工業,建設業,40.88,0.2,除外,0.0,0.4534,0.5707,0.2213,0.7986,0.6157,0.4559,0.7419,0.0,0.8751,0.378,0.4962,0.5333,0.2273,0.0,0.1579,0.5,1.0,0.1944,1.0,1.0,"1,2,3,4",,,,,,,,
2026-08-15,1887,日本国土開発,建設業,38.58,0.2,除外,0.2366,0.3535,0.5127,0.12,0.7063,0.3926,0.2794,0.7419,0.0,0.0,0.437,0.8805,0.7333,0.2273,0.0,0.0526,0.2,1.0,0.1001,0.7252,1.0,"1,2,3,4",0.0,0.5281,0.5,0.0,0.4648,0.0,0.0,0.4
2026-08-15,1893,五洋建設,建設業,38.42,0.0,除外,0.3125,0.5998,0.2415,0.3437,0.4234,0.8191,0.8382,0.7419,0.0,0.2793,0.1582,0.1286,0.4,0.2273,0.0,0.9474,0.2,1.0,0.1196,0.5739,0.0,"1,2,3,4,5",0.0,1.0,0.5,0.0,1.0,0.0,0.0,0.0
2026-08-15,1898,世紀東急工業,建設業,28.26,0.2,除外,0.0,0.3308,0.1431,0.3068,0.6325,0.2133,0.0882,0.7419,0.28,0.1997,0.2394,0.0,0.1333,0.2273,0.0,0.0,1.0,1.0,0.1085,0.4213,1.0,"1,2,3,4",,,,,,,,
2026-08-15,1909,日本ドライケミカル,機械,67.69,0.8,本命,0.7831,0.6796,0.6814,0.3246,0.9161,0.9518,0.9278,0.8387,0.0,1.0,0.4741,0.5847,0.6667,,0.3,0.4737,0.2,1.0,0.6645,1.0,1.0,4,1.0,1.0,1.0,0.0,1.0,0.8644,1.0,0.4
2026-08-15,1911,住友林業,建設業,26.52,0.2,除外,0.0,0.0,0.5197,0.1986,0.6077,,,,,0.6827,0.3996,0.5965,0.4,0.1364,0.0,0.1579,0.5,0.7757,0.1394,0.5157,1.0,"1,2,3,4",,,,,,,,
2026-08-15,1925,大和ハウス工業,建設業,25.24,0.0,除外,0.0,0.0,0.568,0.1331,0.5611,,,,,0.7193,0.427,0.7256,0.4,0.2273,0.0,0.1053,0.2,0.686,0.13,0.4283,1.0,"1,2,3,4,5",,,,,,,,
2026-08-15,1926,ライト工業,建設業,40.02,0.0,除外,0.5962,0.4701,0.2617,0.3173,0.3557,0.6383,0.5,0.7419,0.0,0.082,0.6982,0.0,0.2667,0.2273,0.0,0.8421,0.2,0.6849,0.1399,0.598,0.0,"1,2,3,4,5",1.0,1.0,1.0,0.0,0.7978,0.4719,0.5,0.0
2026-08-15,1928,積水ハウス,建設業,38.53,0.0,除外,0.4635,0.5219,0.5083,0.1331,0.2997,0.3466,0.1765,0.7419,0.8226,0.6016,0.4119,0.8862,0.1333,0.2273,0.0,0.1053,0.2,0.6382,0.1373,0.035,0.3885,"1,2,3,4,5",0.0,0.767,0.5,1.0,0.2602,0.5808,0.5,0.1
2026-08-15,1929,日特建設,建設業,34.45,0.2,除外,0.0,0.2756,0.5231,0.195,0.7289,0.257,0.1029,0.7419,0.0006,0.1696,0.4365,0.8862,0.6,0.2273,0.0,0.0526,0.5,1.0,0.1564,0.7593,1.0,"1,2,3,4",,,,,,,,
2026-08-15,1934,ユアテック,建設業,28.42,0.2,除外,0.0,0.3398,0.2889,0.1068,0.6857,0.3821,0.2353,0.7419,0.0,0.0,0.4401,0.2489,0.4667,0.2273,0.0,0.0,0.2,0.9456,0.136,0.661,1.0,"1,2,3,4",,,,,,,,
2026-08-15,1938,日本リーテック,建設業,37.24,0.0,除外,0.3615,0.4797,0.2985,0.2818,0.4406,0.6473,0.5294,0.7419,0.0,0.0,0.5275,0.0,0.6667,0.2273,0.0,0.7,0.2,1.0,0.1357,0.6266,0.0,"1,2,3,4,5",0.0,1.0,0.5,0.0,0.8777,0.0146,0.5,0.0
2026-08-15,1939,四電工,建設業,64.55,0.6,監視,0.9871,0.7192,0.4804,0.3628,0.6781,0.7121,0.6176,0.7419,0.805,0.4104,0.3382,0.6399,0.5333,0.2273,0.6029,0.4211,0.2,1.0,0.4768,0.4108,0.825,"3,4",1.0,1.0,1.0,1.0,1.0,0.8968,1.0,1.0
2026-08-15,1941,中電工,建設業,59.18,0.4,除外,0.6901,0.7131,0.5654,0.4934,0.4968,0.7182,0.6324,0.7419,0.7599,0.7099,0.5482,0.6036,0.4,1.0,0.3,0.4737,0.2,0.621,0.3889,0.9772,0.0,"3,4,5",1.0,1.0,1.0,0.0,1.0,0.5211,1.0,0.0
2026-08-15,1942,関電工,建設業,38.2,0.2,除外,0.375,0.6223,0.1954,0.4007,0.3168,0.85,0.8971,0.7419,0.0,0.0,0.0163,0.5653,0.2,0.6818,0.0,0.4211,0.5,0.5529,0.3134,0.401,0.0,"1,3,4,5",0.0,1.0,0.5,0.0,1.0,0.0,0.5,0.0
2026-08-15,1944,きんでん,建設業,45.3,0.2,除外,0.3933,0.7349,0.3995,0.1858,0.5513,0.8244,0.8529,0.7419,0.5205,0.0504,0.5956,0.6186,0.3333,0.2273,0.0,0.3158,0.2,0.7606,0.1474,0.7193,0.578,"1,3,4,5",0.0,1.0,0.5,0.0,1.0,0.146,0.5,0.0
2026-08-15,1945,東京エネシス,建設業,58.18,0.4,除外,0.6769,0.5596,0.5967,0.3695,0.7063,0.7611,0.7353,0.7419,0.0,0.9181,0.1495,0.719,0.6,0.8182,0.0545,0.1053,0.5,0.7909,0.2551,0.7793,1.0,"2,3,4",1.0,1.0,1.0,0.0,0.9356,0.0798,1.0,0.4
2026-08-15,1946,トーエネック,建設業,53.13,0.4,除外,0.6554,0.5912,0.3636,0.2313,0.8149,0.8139,0.8088,0.7419,0.0,0.1754,0.0914,0.6543,0.5333,0.6364,0.0364,0.0526,0.2,0.9705,0.4529,0.8849,0.9514,"2,3,4",1.0,1.0,1.0,0.0,1.0,0.3431,0.5,0.4
2026-08-15,1950,日本電設工業,建設業,50.0,0.2,除外,0.375,0.5555,0.443,0.4318,0.6947,0.7596,0.7206,0.7419,0.0,0.214,0.322,0.7029,0.5333,0.2273,0.0,1.0,0.5,0.896,0.1472,0.7356,1.0,"1,2,3,4",0.0,1.0,0.5,0.0,1.0,0.0,0.5,0.0
2026-08-15,1951,エクシオグループ,建設業,37.2,0.0,除外,0.4312,0.4905,0.2972,0.1726,0.4686,0.676,0.5441,0.7419,0.0,0.3168,0.3438,0.328,0.2,0.2273,0.0,0.2632,0.2,0.8787,0.2777,0.7182,0.0,"1,2,3,4,5",0.0,1.0,0.5,0.0,1.0,0.4494,0.5,0.0
2026-08-15,1952,新日本空調,建設業,28.87,0.0,除外,0.2574,0.5105,0.1174,0.1858,0.3726,0.6971,0.6029,0.7419,0.0,0.0,0.0694,0.0,0.4,0.2273,0.0,0.3158,0.2,0.9143,0.1278,0.3817,0.0665,"1,2,3,4,5",0.0,0.9895,0.5,0.0,0.57,0.0,0.0,0.0
2026-08-15,1959,クラフティア,建設業,37.06,0.0,除外,0.3039,0.5014,0.5095,0.2647,0.2736,0.6903,0.5735,0.7419,0.0,0.3026,0.255,0.9471,0.5333,0.2273,0.0,0.6316,0.2,0.4277,0.1283,0.2688,0.2697,"1,2,3,4,5",0.0,1.0,0.5,0.0,0.8664,0.0648,0.0,0.0
2026-08-15,1961,三機工業,建設業,44.1,0.2,除外,0.5667,0.7193,0.2273,0.4184,0.2732,0.8576,0.9265,0.7419,0.3513,0.0,0.5037,0.139,0.2667,1.0,0.0,0.4737,0.2,0.3932,0.1111,0.5884,0.0,"1,3,4,5",1.0,1.0,1.0,0.0,1.0,0.0336,0.5,0.0
2026-08-15,1963,日揮ホールディングス,建設業,54.57,0.4,除外,0.6364,0.6169,0.5914,0.2867,0.5972,0.8433,0.8824,0.7419,0.0,0.5117,0.3763,0.8777,0.6,0.5,0.3941,0.0526,0.2,1.0,0.3889,1.0,0.0,"3,4,5",1.0,1.0,1.0,0.0,1.0,0.1911,0.5,0.4
2026-08-15,1964,中外炉工業,建設業,33.97,0.2,除外,0.0,0.3634,0.457,0.195,0.6831,0.4175,0.2941,0.7419,0.0,0.0,0.3371,0.9576,0.5333,0.2273,0.0,0.0526,0.5,0.9954,0.1235,0.6561,0.9573,"1,2,3,4",,,,,,,,
2026-08-15,1965,テクノ菱和,建設業,41.29,0.2,除外,0.625,0.5705,0.1935,0.1609,0.5148,0.7754,0.7647,0.7419,0.0,0.0,0.3074,0.0,0.4667,0.0909,0.0,0.0526,0.5,0.6337,0.1219,0.3231,0.9804,"2,3,4,5",0.0,1.0,0.5,1.0,1.0,0.0,0.5,1.0
2026-08-15,1968,太平電業,建設業,40.24,0.2,除外,0.2623,0.4639,0.1753,0.3568,0.7539,0.6285,0.4853,0.7419,0.0,0.0,0.2343,0.0,0.4667,0.2273,0.0,0.7,0.5,1.0,0.1783,0.9287,0.9084,"1,2,3,4",0.0,1.0,0.5,0.0,0.5781,0.0207,0.0,0.0
2026-08-15,1969,高砂熱学工業,建設業,30.78,0.0,除外,0.1898,0.4593,0.3266,0.2252,0.3379,0.6247,0.4706,0.7419,0.0,0.3824,0.3908,0.0,0.5333,0.2273,0.0,0.4737,0.2,0.9228,0.1492,0.2796,0.0,"1,2,3,4,5",0.0,0.7156,0.5,0.0,0.3025,0.0,0.0,0.0
2026-08-15,1975,朝日工業社,建設業,36.72,0.0,除外,0.4512,0.5956,0.3298,0.1858,0.2738,0.8169,0.8235,0.7419,0.0,0.3393,0.4328,0.2803,0.2667,0.2273,0.0,0.3158,0.2,0.2754,0.4368,0.383,0.0,"1,2,3,4,5",0.0,1.0,1.0,0.0,1.0,0.1093,0.5,0.0
2026-08-15,1976,明星工業,建設業,41.08,0.2,除外,0.577,0.6351,0.2843,0.2222,0.3351,0.4748,0.3235,0.7419,1.0,0.0311,0.1614,0.5447,0.4,0.0,0.6364,0.0526,0.2,0.8386,,0.1662,0.0005,"1,3,4,5",1.0,1.0,1.0,0.0,0.501,0.5152,0.5,0.1
2026-08-15,1979,大氣社,建設業,50.2,0.4,除外,0.6563,0.6106,0.2886,0.4803,0.4741,0.8327,0.8676,0.7419,0.0,0.3945,0.3069,0.4528,0.0,1.0,0.3,0.4211,0.2,0.217,,0.2055,1.0,"3,4,5",1.0,1.0,1.0,0.0,1.0,0.2508,1.0,0.0
2026-08-15,197A,タウンズ,医薬品,16.88,0.0,除外,0.0,0.0,0.3596,0.1776,0.3065,,,,,0.0,0.4885,0.6833,0.2667,0.0,0.0,0.2105,0.5,0.5462,0.1399,0.5401,0.0,"1,2,3,4,5",,,,,,,,
2026-08-15,1980,ダイダン,建設業,43.55,0.2,除外,0.425,0.6906,0.1949,0.3068,0.5601,0.8508,0.9118,0.7419,0.2578,0.0,0.5797,0.0,0.2,0.2273,0.0,0.0,1.0,0.7993,0.1871,0.5513,0.7026,"1,3,4,5",0.0,1.0,0.5,0.0,1.0,0.0,0.5,0.4
2026-08-15,1982,日比谷総合設備,建設業,41.85,0.2,除外,0.6662,0.55,0.2373,0.1716,0.4677,0.7521,0.7059,0.7419,0.0,0.0,0.4159,0.0,0.5333,0.1364,0.35,0.0,0.2,0.9439,0.1758,0.751,0.0,"2,3,4,5",1.0,1.0,1.0,0.0,1.0,0.4294,0.5,0.4
2026-08-15,2001,ニップン,食料品,51.49,0.2,除外,0.8912,0.5785,0.5478,0.3044,0.2526,0.578,0.76,0.2258,0.7503,0.5709,0.5091,0.8447,0.2667,0.2273,0.6324,0.1579,0.2,0.3445,,0.4133,0.0,"2,3,4,5",1.0,1.0,1.0,1.0,1.0,0.8295,1.0,0.3
2026-08-15,2002,日清製粉グループ本社,食料品,40.37,0.2,除外,0.659,0.3456,0.4382,0.1463,0.4295,0.425,0.56,0.2258,0.1717,0.5284,0.3244,0.4999,0.4,0.2273,0.0,0.1579,0.2,0.8164,0.1507,0.0478,0.7032,"2,3,4,5",1.0,1.0,0.5,1.0,0.5132,0.6584,0.5,0.1
2026-08-15,2004,昭和産業,食料品,56.41,0.2,除外,0.8691,0.5585,0.5949,0.4517,0.3462,0.428,0.58,0.2258,1.0,0.5173,0.5128,0.8159,0.5333,,0.9971,0.1579,0.2,0.4302,,0.6083,0.0,"2,3,4,5",1.0,1.0,1.0,1.0,0.7907,0.8624,1.0,0.3
2026-08-15,2053,中部飼料,食料品,61.42,0.4,除外,0.8482,0.5859,0.7491,0.3844,0.5034,0.4778,0.64,0.2258,1.0,0.9431,0.377,0.8764,0.8,0.2273,0.6,0.2105,0.5,1.0,,0.5103,0.0,"2,4,5",1.0,1.0,1.0,1.0,0.6533,0.832,1.0,0.3
2026-08-15,2109,ＤＭ三井製糖,食料品,49.69,0.2,除外,0.8307,0.3757,0.5205,0.4073,0.3504,0.3301,0.4,0.2258,0.5469,0.6042,0.2934,0.7177,0.4667,0.2273,0.2545,0.9474,0.2,0.6426,,0.0029,0.4056,"2,3,4,5",1.0,0.7851,0.5,1.0,0.4833,0.8773,1.0,1.0
2026-08-15,2117,ウェルネオシュガー,食料品,53.85,0.6,監視,0.7393,0.5618,0.6262,0.1331,0.6319,0.4537,0.62,0.2258,0.9478,1.0,0.231,0.9403,0.3333,0.2273,0.0,0.1053,0.2,0.9909,0.1429,0.3938,1.0,"2,4",1.0,0.7512,0.5,1.0,0.6986,0.6647,1.0,0.3
2026-08-15,2121,ＭＩＸＩ,情報・通信業,21.11,0.0,除外,0.0,0.0,0.4662,0.5895,0.0,,,,,0.0,1.0,0.1315,0.7333,,0.4,0.3684,1.0,0.0,,0.0,0.0,"1,2,3,4,5",,,,,,,,
2026-08-15,2124,ジェイエイシーリクルートメント,サービス業,15.86,0.0,除外,0.0,0.0,0.3468,0.2763,0.1701,,,,,0.0,0.5223,0.5982,0.2667,0.0,0.0,0.1053,1.0,0.524,0.1563,0.0,0.0,"1,2,3,4,5",,,,,,,,
2026-08-15,2127,日本Ｍ＆Ａセンターホールディングス,サービス業,16.15,0.0,除外,0.0,0.0,0.4319,0.0895,0.286,,,,,0.0,0.3635,0.7641,0.6,0.0,0.0,0.1579,0.2,0.8367,0.125,0.1822,0.0,"1,2,3,4,5",,,,,,,,
2026-08-15,212A,フィットイージー,サービス業,44.25,0.4,除外,0.0,0.607,0.7165,0.5375,0.3515,0.5313,0.8,0.0968,1.0,0.7173,1.0,0.7486,0.4,,0.4545,0.1579,1.0,0.3753,0.5125,0.2967,0.2215,"1,4,5",,,,,,,,
2026-08-15,2146,ＵＴグループ,サービス業,28.95,0.0,除外,0.0,0.3998,0.1899,0.3333,0.5242,0.3429,0.5882,0.0968,0.5712,0.0,0.5597,0.0,0.2,,0.0,0.0,1.0,0.8791,0.2179,0.0,1.0,"1,2,3,4,5",,,,,,,,
2026-08-15,2153,Ｅ・Ｊホールディングス,サービス業,35.11,0.2,除外,0.0,0.5337,0.6103,0.2672,0.3445,0.3791,0.6588,0.0968,1.0,0.9339,0.3262,0.5812,0.6,0.2273,0.2364,0.1053,0.5,0.2421,0.1673,0.5314,0.4371,"1,2,4,5",,,,,,,,
2026-08-15,2154,オープンアップグループ,サービス業,59.12,0.2,除外,0.8658,0.5349,0.5585,0.4517,0.545,0.3941,0.6824,0.0968,0.9664,0.8758,0.2963,0.7285,0.3333,,0.9971,0.1579,0.2,0.9292,,0.321,0.3846,"2,3,4,5",1.0,1.0,1.0,1.0,0.7396,0.8865,1.0,0.3
2026-08-15,2157,コシダカホールディングス,サービス業,14.74,0.0,除外,0.0,0.0,0.162,0.0895,0.4854,,,,,0.0,0.5435,0.1044,0.0,0.0,0.0,0.1579,0.2,0.5016,0.1457,0.5546,0.7398,"1,2,3,4,5",,,,,,,,
2026-08-15,215A,タイミー,サービス業,32.89,0.2,除外,0.0,0.0,0.6226,0.5059,0.516,,,,,1.0,0.6378,0.5859,0.2667,0.8,0.6182,0.1053,0.5,0.1633,,0.658,0.7267,"1,2,4,5",,,,,,,,
2026-08-15,2160,ジーエヌアイグループ,医薬品,42.44,0.4,除外,0.7564,0.0,0.5186,0.2063,0.6408,,,,,1.0,0.0307,0.8436,0.2,0.2727,0.0,0.0526,0.5,1.0,0.162,0.4012,1.0,"2,3,4",1.0,0.6868,0.5,1.0,1.0,0.1642,1.0,0.7
2026-08-15,2168,パソナグループ,サービス業,32.98,0.2,除外,0.0,0.0,0.5744,0.4079,0.6669,,,,,1.0,0.1301,0.4342,0.7333,0.0,0.0,0.6316,1.0,0.6881,0.1466,0.8331,1.0,"1,2,3,4",,,,,,,,
2026-08-15,2170,リンクアンドモチベーション,サービス業,61.26,0.4,除外,1.0,0.5688,0.3768,0.64,0.4771,0.4491,0.7294,0.0968,1.0,0.0,0.6458,0.1281,0.7333,,0.4727,0.9474,0.5,0.9705,0.5928,0.3451,0.0,"2,3,5",1.0,1.0,1.0,1.0,1.0,1.0,1.0,1.0
2026-08-15,2175,エス・エム・エス,サービス業,49.58,0.4,除外,0.8648,0.6912,0.2942,0.3449,0.2839,0.7385,0.9294,0.0968,1.0,0.0,0.2949,0.6153,0.2667,0.4,0.7794,0.0,0.2,0.4354,,0.0,0.4164,"3,4,5",1.0,1.0,1.0,1.0,1.0,0.6183,1.0,0.3
2026-08-15,2181,パーソルホールディングス,サービス業,14.46,0.0,除外,0.0,0.0,0.364,0.125,0.2342,,,,,0.4909,0.3596,0.1388,0.4667,0.0,0.0,0.0,0.5,0.7538,0.1388,0.044,0.0,"1,2,3,4,5",,,,,,,,
2026-08-15,219A,Ｈｅａｒｔｓｅｅｄ,医薬品,31.6,0.2,除外,0.0,0.0,0.7167,0.3947,0.4687,,,,,1.0,0.703,0.6969,0.4667,0.0,0.0,0.5789,1.0,0.6944,0.1722,0.0082,1.0,"1,2,4,5",,,,,,,,
2026-08-15,2201,森永製菓,食料品,38.29,0.0,除外,0.2388,0.456,0.3522,0.3463,0.521,0.3745,0.46,0.2258,0.7635,0.377,0.3333,0.2319,0.4667,0.2273,0.0,0.1579,1.0,0.6224,0.3129,0.1487,1.0,"1,2,3,4,5",0.0,0.5891,0.5,0.0,0.1907,0.5307,0.0,0.1
2026-08-15,2206,江崎グリコ,食料品,31.43,0.0,除外,0.2078,0.2744,0.2442,0.4284,0.4164,0.3919,0.48,0.2258,0.0,0.0,0.5929,0.3173,0.0667,0.3636,0.0,0.85,0.5,0.373,0.139,0.1538,1.0,"1,2,3,4,5",0.0,0.5052,0.5,0.0,0.3741,0.2833,0.0,0.0
2026-08-15,2207,ｍｅｉｔｏ,食料品,73.99,0.8,本命,0.9924,0.7137,0.7342,0.3894,0.8696,0.7091,0.92,0.2258,1.0,0.7296,0.4539,0.8867,0.8667,0.6364,0.3,0.4211,0.2,1.0,0.7043,0.8685,0.9054,4,1.0,1.0,1.0,1.0,1.0,0.9396,1.0,1.0
2026-08-15,2212,山崎製パン,食料品,31.25,0.2,除外,0.84,0.0,0.3006,0.1768,0.245,,,,,0.0,0.4354,0.2336,0.5333,0.4545,0.0,0.0526,0.2,0.3095,,0.1169,0.3086,"2,3,4,5",1.0,0.7425,0.5,1.0,0.6317,0.8455,1.0,1.0
2026-08-15,2220,亀田製菓,食料品,26.67,0.2,除外,0.0,0.0,0.3858,0.2518,0.6957,,,,,0.528,0.3063,0.5756,0.1333,0.4545,0.0,0.0526,0.5,0.9184,0.308,0.5565,1.0,"1,2,3,4",,,,,,,,
2026-08-15,2222,寿スピリッツ,食料品,60.4,0.2,除外,0.9977,0.5983,0.5428,0.4145,0.4668,0.4876,0.68,0.2258,1.0,0.7673,0.4235,0.7138,0.2667,,0.9382,0.1053,0.2,0.7705,0.4143,0.5976,0.0849,"2,3,4,5",1.0,1.0,1.0,1.0,1.0,0.9819,1.0,1.0
2026-08-15,2229,カルビー,食料品,37.96,0.2,除外,0.6896,0.2748,0.4986,0.1577,0.2774,0.3271,0.38,0.2258,0.1664,0.5788,0.2986,0.6505,0.4667,0.2727,0.0,0.1579,0.2,0.0,,0.0,0.8322,"2,3,4,5",1.0,0.6431,0.5,1.0,0.4912,0.7822,1.0,0.1
2026-08-15,2264,森永乳業,食料品,51.97,0.2,除外,0.7021,0.4717,0.5167,0.3908,0.5169,0.7212,0.94,0.2258,0.0,0.6988,0.4068,0.628,0.3333,0.8,0.3,0.2632,0.2,0.5261,0.2169,0.4469,0.8779,"2,3,4,5",1.0,1.0,1.0,0.0,1.0,0.6171,1.0,0.0
2026-08-15,2267,ヤクルト本社,食料品,51.19,0.2,除外,0.9471,0.3195,0.3931,0.4113,0.4886,0.2916,0.32,0.2258,0.4406,0.0953,0.239,0.6379,0.6,0.6364,0.8088,0.0,0.2,1.0,0.2045,0.5746,0.1755,"2,3,4,5",1.0,1.0,1.0,1.0,0.84,0.737,1.0,1.0
2026-08-15,2269,明治ホールディングス,食料品,41.22,0.2,除外,0.9375,0.4016,0.1199,0.1842,0.4179,0.4521,0.6,0.2258,0.3285,0.0,0.413,0.0,0.0667,,0.0,0.0526,0.5,0.5375,0.134,0.0,1.0,"2,3,4,5",1.0,1.0,0.5,1.0,1.0,1.0,1.0,1.0
2026-08-15,2270,雪印メグミルク,食料品,56.63,0.4,除外,0.7076,0.6564,0.5567,0.4498,0.4608,0.5998,0.8,0.2258,1.0,0.8589,0.4156,0.5524,0.4,0.2,0.9941,0.1053,0.5,0.6131,,0.0,0.7695,"3,4,5",1.0,1.0,1.0,0.0,1.0,0.5605,1.0,0.1
2026-08-15,2281,プリマハム,食料品,26.01,0.0,除外,0.2152,0.2155,0.1599,0.195,0.5151,0.2962,0.34,0.2258,0.0,0.0,0.3064,0.0,0.3333,0.2273,0.0,0.0526,0.5,0.8897,0.1709,0.0,1.0,"1,2,3,4,5",0.0,0.6715,0.5,0.0,0.1949,0.2549,0.0,0.1
2026-08-15,2282,日本ハム,食料品,30.97,0.0,除外,0.3066,0.3796,0.1802,0.19,0.4923,0.4966,0.7,0.2258,0.0959,0.1354,0.2521,0.0,0.3333,0.4545,0.0,0.1053,0.2,0.839,0.1302,0.0,1.0,"1,2,3,4,5",0.0,0.7971,0.5,0.0,0.764,0.2913,0.0,0.1
2026-08-15,2288,丸大食品,食料品,30.88,0.0,除外,0.4001,0.3632,0.1333,0.1331,0.514,0.5072,0.72,0.2258,0.0,0.0,0.2664,0.0,0.2667,0.2273,0.0,0.1053,0.2,1.0,0.2948,0.0,0.7612,"1,2,3,4,5",0.0,1.0,0.5,0.0,0.5813,0.5198,0.5,0.1
2026-08-15,2292,Ｓ　Ｆｏｏｄｓ,食料品,28.5,0.0,除外,0.3595,0.2023,0.1937,0.1818,0.4875,0.2833,0.3,0.2258,0.0,0.0685,0.1654,0.5408,0.0,0.2273,0.0,0.0,0.5,0.4155,0.1525,0.3821,1.0,"1,2,3,4,5",0.0,0.6245,0.5,1.0,0.3051,0.3465,0.0,0.1
2026-08-15,2296,伊藤ハム米久ホールディングス,食料品,30.57,0.2,除外,0.0,0.0,0.6257,0.3331,0.5698,,,,,0.6927,0.3823,0.7611,0.6667,0.2273,0.0,0.1053,1.0,0.6388,0.1397,0.5007,1.0,"1,2,4,5",,,,,,,,
2026-08-15,2301,学情,サービス業,31.34,0.2,除外,0.0,0.0,0.6526,0.32,0.5947,,,,,1.0,0.2031,0.7406,0.6667,0.2273,0.0,0.0526,1.0,0.8929,0.1336,0.6377,0.7145,"1,2,4,5",,,,,,,,
2026-08-15,2317,システナ,情報・通信業,20.79,0.0,除外,0.0,0.2658,0.4438,0.1513,0.1787,0.2735,0.693,0.0323,0.0645,0.304,0.3671,0.7709,0.3333,0.0,0.0,0.1053,0.5,0.5847,0.1045,0.0254,0.0,"1,2,3,4,5",,,,,,,,
2026-08-15,2326,デジタルアーツ,情報・通信業,27.58,0.0,除外,0.0,0.0,0.3614,0.4474,0.5702,,,,,0.4609,0.0055,0.3791,0.6,0.0,0.0,0.7895,1.0,1.0,0.168,0.1127,1.0,"1,2,3,4,5",,,,,,,,
2026-08-15,2327,日鉄ソリューションズ,情報・通信業,33.77,0.2,除外,0.6434,0.0,0.5835,0.0895,0.3723,,,,,0.4639,0.4975,0.9725,0.4,0.0,0.0,0.1579,0.2,0.6207,0.1372,0.7314,0.0,"2,3,4,5",1.0,0.7941,0.0,1.0,0.7596,0.2934,1.0,0.3
2026-08-15,2331,ＡＬＳＯＫ,サービス業,38.35,0.0,除外,0.4116,0.2945,0.5049,0.1331,0.5734,0.3308,0.5765,0.0968,0.1738,0.5681,0.4062,0.6453,0.4,0.2273,0.0,0.1053,0.2,0.6863,0.252,0.3552,1.0,"1,2,3,4,5",0.0,0.6842,0.5,1.0,0.302,0.5063,0.0,0.3
2026-08-15,2334,イオレ,サービス業,55.28,0.4,除外,0.6309,0.5093,0.6316,0.475,0.5173,0.9405,1.0,0.0968,0.0,1.0,0.8216,0.1049,0.6,0.8636,0.0364,0.0,1.0,0.7289,0.1111,0.3407,0.8887,"2,4,5",1.0,0.6471,1.0,0.0,1.0,0.0,1.0,0.4
2026-08-15,2337,いちご,不動産業,33.29,0.0,除外,0.1754,0.2459,0.421,0.4083,0.4141,0.3376,0.4524,0.1935,0.0,0.4756,0.2598,0.7486,0.2,0.5909,0.0,0.8421,0.2,0.5095,0.2333,0.0,0.9137,"1,2,3,4,5",0.0,0.527,0.5,0.0,0.3306,0.0458,0.0,0.0
2026-08-15,2353,日本駐車場開発,不動産業,29.61,0.0,除外,0.0,0.3472,0.308,0.3463,0.4789,0.2728,0.2857,0.1935,0.6367,0.0,0.3472,0.8847,0.0,0.2273,0.0,0.1579,1.0,0.6076,0.1191,0.1887,1.0,"1,2,3,4,5",,,,,,,,
2026-08-15,2371,カカクコム,サービス業,84.98,1.0,本命,1.0,0.6421,0.6445,0.9623,1.0,0.6127,0.8588,0.0968,1.0,1.0,0.3671,0.2107,1.0,,0.9618,0.925,1.0,1.0,,1.0,1.0,,1.0,1.0,1.0,1.0,1.0,1.0,1.0,1.0
2026-08-15,2379,ディップ,サービス業,16.98,0.0,除外,0.0,0.0,0.332,0.05,0.4672,,,,,0.0,0.1962,0.6654,0.4667,0.0,0.0,0.0,0.2,0.2538,0.2145,0.4004,1.0,"1,2,3,4,5",,,,,,,,
2026-08-15,2384,ＳＢＳホールディングス,陸運業,51.21,0.2,除外,0.9025,0.4237,0.5197,0.1667,0.5479,0.6511,0.8824,0.1613,0.0,0.2965,0.7882,0.4607,0.5333,,0.3,0.0,0.2,0.5368,0.452,0.2028,1.0,"2,3,4,5",1.0,1.0,1.0,1.0,1.0,0.9203,1.0,0.3
2026-08-15,2395,新日本科学,サービス業,25.15,0.0,除外,0.0,0.0,0.3965,0.2763,0.5847,,,,,0.0,0.8527,0.0,0.7333,0.0,0.0,0.1053,1.0,1.0,0.1679,0.1709,1.0,"1,2,3,4,5",,,,,,,,
2026-08-15,2413,エムスリー,サービス業,14.99,0.0,除外,0.0,0.0,0.4452,0.0763,0.2278,,,,,0.5455,0.3366,0.0988,0.8,0.0,0.0,0.1053,0.2,0.3871,0.0667,0.0,0.4576,"1,2,3,4,5",,,,,,,,
2026-08-15,2429,ワールドホールディングス,サービス業,48.07,0.2,除外,0.7192,0.5192,0.3944,0.2099,0.5607,0.3564,0.6235,0.0968,1.0,0.2316,0.4095,0.6032,0.3333,0.2273,0.2545,0.1579,0.2,0.9591,0.1956,0.5796,0.5085,"2,3,4,5",1.0,0.7183,0.5,1.0,0.5221,0.7129,1.0,0.3
2026-08-15,2432,ディー・エヌ・エー,情報・通信業,32.71,0.2,除外,0.2709,0.0,0.6006,0.3182,0.4458,,,,,0.8888,0.1584,0.7551,0.6,0.7727,0.0,0.0,0.5,0.6133,0.1421,0.8188,0.2088,"1,2,4,5",0.0,0.7549,0.5,0.0,0.3634,0.5492,0.0,0.0
2026-08-15,2433,博報堂ＤＹホールディングス,サービス業,38.51,0.2,除外,0.78,0.4566,0.3895,0.1763,0.1229,0.2472,0.4824,0.0968,1.0,0.2285,0.4157,0.3803,0.5333,0.0,0.4,0.1053,0.2,0.203,,0.0,0.1658,"2,3,4,5",1.0,0.9281,0.5,1.0,0.9331,0.5792,1.0,0.3
2026-08-15,247A,Ａｉロボティクス,化学,32.81,0.4,除外,0.0,0.0,0.7377,0.1421,0.7606,,,,,1.0,0.6917,0.259,1.0,0.0,0.0,0.3684,0.2,1.0,0.1429,0.8997,1.0,"1,2,4",,,,,,,,
2026-08-15,2492,インフォマート,サービス業,49.11,0.2,除外,0.9803,0.5516,0.2806,0.4437,0.1992,0.4039,0.7059,0.0968,1.0,0.0,0.6265,0.4958,0.0,0.0,0.4,0.875,0.5,0.4399,,0.1577,0.0,"2,3,4,5",1.0,1.0,1.0,1.0,1.0,0.8427,1.0,1.0
2026-08-15,2501,サッポロホールディングス,食料品,54.3,0.4,除外,0.8383,0.6469,0.3623,0.4904,0.3771,0.5818,0.78,0.2258,1.0,0.1418,0.3632,0.6108,0.3333,1.0,0.7091,0.0526,0.2,0.4148,,0.5389,0.1775,"3,4,5",1.0,1.0,1.0,1.0,1.0,0.6061,1.0,0.1
2026-08-15,2502,アサヒグループホールディングス,食料品,16.78,0.0,除外,0.0,0.0,0.3766,0.4625,0.0,,,,,0.2046,0.3499,0.8185,0.1333,0.0,0.0,0.85,1.0,0.0,,0.0,0.0,"1,2,3,4,5",,,,,,,,
2026-08-15,2503,キリンホールディングス,食料品,48.76,0.4,除外,0.8896,0.6806,0.3209,0.2547,0.292,0.6368,0.86,0.2258,1.0,0.142,0.1454,0.6627,0.3333,,0.4588,0.1053,0.2,0.4513,,0.3823,0.0426,"3,4,5",1.0,1.0,1.0,1.0,1.0,0.8168,1.0,0.3
2026-08-15,2531,宝ホールディングス,食料品,61.56,0.4,除外,0.6824,0.503,0.7078,0.5896,0.5952,0.8063,0.98,0.2258,0.0,1.0,0.4255,0.9391,0.4667,0.9545,0.8882,0.3158,0.2,0.4468,0.3423,0.5916,1.0,"2,4,5",1.0,1.0,1.0,0.0,1.0,0.4592,1.0,0.0
2026-08-15,255A,ジーエルテクノホールディングス,精密機器,51.85,0.4,除外,0.6906,0.6223,0.2894,0.4369,0.5531,0.8847,0.7333,0.871,0.0,0.3055,0.1686,0.3503,0.3333,0.8182,0.7294,0.0,0.2,0.1825,0.5556,0.4744,1.0,"3,4,5",1.0,1.0,1.0,0.0,1.0,0.1246,1.0,0.4
2026-08-15,256A,飛島ホールディングス,建設業,34.89,0.2,除外,0.0,0.4699,0.3615,0.1645,0.7486,0.3519,0.2059,0.7419,0.5798,0.3845,0.4151,0.3797,0.2667,0.0,0.0,0.1579,0.5,1.0,0.1379,0.8565,1.0,"1,2,3,4",,,,,,,,
2026-08-15,2579,コカ・コーラ　ボトラーズジャパンホールディングス,食料品,43.1,0.4,除外,0.697,0.7475,0.2527,0.4578,0.0,0.8041,0.96,0.2258,1.0,0.0285,0.2284,0.4874,0.2667,0.8,0.6206,0.2105,0.2,0.0,,0.0,0.0,"3,4,5",1.0,1.0,1.0,0.0,1.0,0.4764,1.0,0.1
2026-08-15,2585,ライフドリンク　カンパニー,食料品,32.41,0.4,除外,0.0,0.0,0.7141,0.2632,0.6432,,,,,1.0,0.271,0.6519,0.9333,0.0,0.0,0.0526,1.0,1.0,0.1101,1.0,0.4625,"1,2,4",,,,,,,,
2026-08-15,2587,サントリー食品インターナショナル,食料品,33.25,0.0,除外,0.4074,0.4186,0.2743,0.0727,0.4896,0.2087,0.24,0.2258,1.0,0.1037,0.1973,0.5294,0.2667,0.0909,0.0,0.0,0.2,0.8019,0.1192,0.3621,0.6752,"1,2,3,4,5",0.0,0.5343,0.0,1.0,0.3874,0.5378,0.5,0.3
2026-08-15,2590,ダイドーグループホールディングス,食料品,48.82,0.2,除外,0.8508,0.445,0.5519,0.2957,0.2978,0.2743,0.28,0.2258,1.0,0.2645,0.4775,0.8656,0.6,,0.5818,0.1053,0.2,0.4969,,0.3965,0.0,"2,3,4,5",1.0,1.0,1.0,1.0,0.7187,0.7877,1.0,0.3
2026-08-15,2593,伊藤園,食料品,23.04,0.2,除外,0.0,0.0,0.7574,0.1513,0.2435,,,,,1.0,0.3939,0.8357,0.8,0.0,0.0,0.1053,0.5,0.4047,,0.2599,0.0659,"1,2,4,5",,,,,,,,
2026-08-15,2594,キーコーヒー,食料品,23.73,0.0,除外,0.0,0.2101,0.409,0.1331,0.4343,0.2479,0.26,0.2258,0.1065,0.2158,0.3167,0.5703,0.5333,0.2273,0.0,0.1053,0.2,0.5439,0.0861,0.143,0.964,"1,2,3,4,5",,,,,,,,
2026-08-15,2602,日清オイリオグループ,食料品,42.97,0.2,除外,0.7419,0.5447,0.4032,0.1331,0.3258,0.413,0.54,0.2258,1.0,0.3064,0.3435,0.4294,0.5333,0.2273,0.0,0.1053,0.2,0.5016,0.1339,0.0,0.6679,"2,3,4,5",1.0,1.0,0.5,1.0,0.5345,0.8007,1.0,0.1
2026-08-15,2607,不二製油,食料品,62.88,0.6,監視,1.0,0.6749,0.7727,0.266,0.4303,0.6338,0.84,0.2258,1.0,1.0,0.8283,0.4627,0.8,,0.5455,0.0526,0.2,0.8177,0.1209,0.6012,0.1815,"4,5",1.0,1.0,1.0,1.0,1.0,1.0,1.0,1.0
2026-08-15,2613,Ｊ－オイルミルズ,食料品,43.84,0.4,除外,0.7195,0.3644,0.69,0.1193,0.2988,0.318,0.36,0.2258,0.554,0.9253,0.4788,0.689,0.6667,,0.0,0.1579,0.2,0.4913,,0.173,0.232,"2,4,5",1.0,0.5597,1.0,1.0,0.2385,0.8581,1.0,0.1
2026-08-15,262A,インターメスティック,小売業,34.54,0.0,除外,0.0,0.27,0.4653,0.4181,0.5736,0.3399,0.6754,0.0645,0.0,0.5036,0.4914,0.3331,0.5333,0.9091,0.0,0.2632,0.5,1.0,0.3889,0.6224,0.2833,"1,2,3,4,5",,,,,,,,
2026-08-15,2653,イオン九州,小売業,26.73,0.0,除外,0.0,0.1951,0.266,0.4211,0.4541,0.2336,0.4825,0.0645,0.0,0.0,0.3876,0.6762,0.0,0.0,0.0,0.6842,1.0,1.0,0.1069,0.6811,0.0285,"1,2,3,4,5",,,,,,,,
2026-08-15,2659,サンエー,小売業,56.43,0.4,除外,0.9873,0.3095,0.601,0.4443,0.4792,0.3572,0.7018,0.0645,0.1144,0.4961,0.3015,0.8731,0.7333,0.5,0.7088,0.3684,0.2,0.2932,0.3403,0.2833,1.0,"2,4,5",1.0,1.0,1.0,1.0,0.928,0.9706,1.0,1.0
2026-08-15,2664,カワチ薬品,小売業,60.79,0.2,除外,0.9556,0.5545,0.5966,0.4263,0.5062,0.4996,0.8246,0.0645,0.8295,0.869,0.6791,0.1715,0.6667,,0.9735,0.1053,0.2,0.4431,0.3665,0.2154,1.0,"2,3,4,5",1.0,1.0,1.0,1.0,1.0,0.9451,1.0,0.7
2026-08-15,2670,エービーシー・マート,小売業,23.73,0.0,除外,0.0,0.0,0.454,0.3057,0.4269,,,,,0.3103,0.2883,0.7507,0.4667,0.5455,0.1091,0.3684,0.2,0.1752,0.3889,0.3874,0.7563,"1,2,3,4,5",,,,,,,,
2026-08-15,2678,アスクル,小売業,18.78,0.0,除外,0.0,0.0,0.5356,0.05,0.3532,,,,,0.1625,0.5558,0.8908,0.5333,0.0,0.0,0.0,0.2,0.4611,0.1286,0.8229,0.0,"1,2,3,4,5",,,,,,,,
2026-08-15,2681,ゲオホールディングス,小売業,53.06,0.2,除外,0.9972,0.3995,0.3491,0.3891,0.518,0.535,0.8509,0.0645,0.1475,0.0,0.7298,0.0,0.6667,,0.9147,0.0526,0.2,0.554,,0.0,1.0,"2,3,4,5",1.0,1.0,1.0,1.0,1.0,0.9776,1.0,1.0
2026-08-15,2685,アンドエスティＨＤ,小売業,67.84,0.6,監視,0.9771,0.551,0.7015,0.4889,0.6736,0.4371,0.7544,0.0645,0.948,0.7846,0.6618,0.8262,0.5333,0.8,0.9029,0.0526,0.2,0.4471,0.4444,0.803,1.0,"2,4",1.0,1.0,1.0,1.0,1.0,0.8172,1.0,1.0
2026-08-15,268A,リガク・ホールディングス,精密機器,58.61,0.4,除外,0.5625,0.6935,0.7346,0.5436,0.3964,0.9699,0.9333,0.871,0.0,1.0,0.43,0.9752,0.5333,0.6818,0.5176,0.775,0.2,0.7047,0.4927,0.388,0.0,"1,4,5",1.0,1.0,1.0,0.0,1.0,0.0,0.5,0.0
2026-08-15,2695,くら寿司,小売業,34.73,0.4,除外,0.0,0.0,0.7777,0.3002,0.6584,,,,,0.9311,0.4237,0.8225,0.9333,0.2273,0.0,0.4737,0.5,1.0,0.1186,0.5151,1.0,"1,2,4",,,,,,,,
2026-08-15,2702,日本マクドナルドホールディングス,小売業,57.92,0.2,除外,0.961,0.3563,0.5685,0.4409,0.5694,0.5275,0.8333,0.0645,0.0,0.9763,0.4335,0.7977,0.0667,0.4545,0.6353,0.4737,0.2,0.9859,0.4883,0.2749,0.5284,"2,3,4,5",1.0,1.0,1.0,1.0,1.0,0.688,1.0,1.0
2026-08-15,2726,パルグループホールディングス,小売業,27.54,0.0,除外,0.0,0.0,0.5202,0.3421,0.5148,,,,,0.3153,0.4097,0.8891,0.4667,0.0,0.0,0.3684,1.0,0.5957,0.1087,0.3547,1.0,"1,2,3,4,5",,,,,,,,
2026-08-15,2730,エディオン,小売業,61.05,0.4,除外,0.9739,0.3229,0.7836,0.513,0.4593,0.3369,0.6667,0.0645,0.2235,1.0,0.3854,0.9492,0.8,,0.9706,0.3684,0.2,0.3341,0.3889,0.2602,0.8538,"2,4,5",1.0,1.0,1.0,1.0,1.0,0.7915,1.0,1.0
2026-08-15,2733,あらた,卸売業,26.78,0.0,除外,0.0,0.0,0.5994,0.1645,0.5751,,,,,0.863,0.347,0.9208,0.2667,0.0,0.0,0.1579,0.5,0.7542,0.1103,0.436,1.0,"1,2,3,4,5",,,,,,,,
2026-08-15,2734,サーラコーポレーション,小売業,55.31,0.4,除外,0.8641,0.5762,0.7172,0.22,0.388,0.4597,0.7807,0.0645,1.0,0.617,0.6072,0.8445,0.8,0.2273,0.4,0.0526,0.2,0.2675,0.2845,1.0,0.0,"2,4,5",1.0,0.8106,0.5,1.0,0.7952,0.8069,1.0,1.0
2026-08-15,2737,トーメンデバイス,卸売業,50.45,0.4,除外,0.9397,0.8386,0.2701,0.3259,0.1483,0.9352,1.0,0.4194,1.0,0.0,0.6139,0.0,0.4667,,0.4618,0.3158,0.2,0.223,,0.0,0.2221,"3,4,5",1.0,1.0,1.0,1.0,1.0,0.5174,1.0,1.0
2026-08-15,2749,ＪＰホールディングス,サービス業,35.74,0.2,除外,0.3994,0.2852,0.2321,0.1331,0.737,0.3617,0.6471,0.0968,0.0352,0.1057,0.271,0.4852,0.0667,0.2273,0.0,0.1053,0.2,1.0,0.1823,0.7657,1.0,"1,2,3,4",0.0,0.594,0.5,1.0,0.6004,0.201,0.0,0.3
2026-08-15,2752,フジオフードグループ本社,小売業,8.34,0.0,除外,0.0,0.0,0.2451,0.0763,0.0957,,,,,0.0,0.1949,0.3187,0.4667,0.0,0.0,0.1053,0.2,0.0,,0.0,0.287,"1,2,3,4,5",,,,,,,,
2026-08-15,2760,東京エレクトロン　デバイス,卸売業,44.16,0.2,除外,0.9393,0.4491,0.3071,0.1375,0.3749,0.6488,0.7283,0.4194,0.0,0.0,0.6286,0.0,0.6,,0.0545,0.1579,0.2,0.2065,0.2932,0.0,1.0,"2,3,4,5",1.0,1.0,1.0,1.0,1.0,0.8148,1.0,0.7
2026-08-15,2767,円谷フィールズホールディングス,卸売業,17.55,0.0,除外,0.0,0.0,0.3212,0.5128,0.0434,,,,,0.0,0.7418,0.1431,0.4,,0.0909,0.9474,0.5,0.1301,,0.0,0.0,"1,2,3,4,5",,,,,,,,
2026-08-15,2768,双日,卸売業,52.35,0.4,除外,0.7761,0.4541,0.4296,0.3397,0.6181,0.6579,0.7391,0.4194,0.0,0.3181,0.3171,0.6167,0.4667,0.2273,0.0,0.6316,0.5,0.9802,0.1466,0.3456,1.0,"2,3,4",1.0,1.0,0.5,1.0,1.0,0.209,0.5,1.0
2026-08-15,277A,グロービング,サービス業,19.92,0.0,除外,0.0,0.1749,0.1905,0.4737,0.1572,0.2027,0.4,0.0968,0.0,0.0,0.0,0.4952,0.2667,0.0,0.0,0.8947,1.0,0.4621,0.1667,0.0,0.0,"1,2,3,4,5",,,,,,,,
2026-08-15,2780,コメ兵ホールディングス,小売業,63.99,0.6,監視,0.8612,0.4695,0.611,0.4413,0.8166,0.8312,0.9825,0.0645,0.0,0.9253,0.0707,0.7812,0.6667,0.8182,0.7471,0.0,0.2,1.0,0.4595,0.8071,1.0,"2,4",1.0,1.0,1.0,1.0,1.0,0.5899,1.0,0.3
2026-08-15,2782,セリア,小売業,51.11,0.2,除外,0.9126,0.5936,0.3181,0.3384,0.3926,0.5908,0.8772,0.0645,0.8418,0.0,0.6059,0.0,0.6667,0.2273,0.4,0.5263,0.2,0.616,0.4071,0.0,0.5472,"2,3,4,5",1.0,1.0,0.5,1.0,1.0,0.8009,1.0,1.0
2026-08-15,2784,アルフレッサ　ホールディングス,卸売業,31.91,0.0,除外,0.2433,0.3495,0.2117,0.2081,0.583,0.3693,0.3152,0.4194,0.2943,0.2021,0.2703,0.1078,0.2667,0.2273,0.0,0.1053,0.5,1.0,0.3293,0.0027,1.0,"1,2,3,4,5",0.0,0.8822,0.5,0.0,0.1832,0.2811,0.0,0.1
2026-08-15,278A,Ｔｅｒｒａ　Ｄｒｏｎｅ,精密機器,72.13,0.8,本命,0.875,0.8929,0.4822,0.6013,0.7552,0.9005,0.8,0.871,1.0,0.0,0.7227,0.6061,0.6,0.4,0.9,0.1053,1.0,1.0,0.4156,0.6051,1.0,3,1.0,1.0,1.0,1.0,1.0,0.0,1.0,1.0
2026-08-15,2791,大黒天物産,小売業,31.72,0.2,除外,0.0,0.0,0.802,0.2632,0.5209,,,,,1.0,0.5044,0.9702,0.7333,0.0,0.0,0.0526,1.0,0.2778,0.1987,0.607,1.0,"1,2,4,5",,,,,,,,
2026-08-15,2792,ハニーズホールディングス,小売業,24.6,0.2,除外,0.0,0.0,0.6866,0.2763,0.2671,,,,,1.0,0.1493,0.8639,0.7333,0.0,0.0,0.1053,1.0,0.0773,0.1423,0.153,0.6956,"1,2,4,5",,,,,,,,
2026-08-15,2801,キッコーマン,食料品,56.32,0.2,除外,1.0,0.593,0.5076,0.3751,0.3401,0.4861,0.66,0.2258,1.0,0.7556,0.5823,0.2923,0.4,,0.8727,0.0526,0.2,0.4844,,0.1892,0.3468,"2,3,4,5",1.0,1.0,1.0,1.0,1.0,1.0,1.0,1.0
2026-08-15,2802,味の素,食料品,55.54,0.4,除外,0.7269,0.4514,0.6831,0.4529,0.4626,0.6797,0.9,0.2258,0.0,0.8311,0.7208,0.7138,0.4667,0.8,0.8118,0.0,0.2,0.4804,,0.4012,0.5062,"2,4,5",1.0,1.0,1.0,0.0,1.0,0.4151,1.0,0.4
2026-08-15,2805,ヱスビー食品,食料品,53.91,0.4,除外,0.9964,0.7671,0.4944,0.3917,0.0461,0.8425,1.0,0.2258,1.0,0.0,0.8264,0.6844,0.4667,,0.3,0.675,0.2,0.1382,,0.0,0.0,"3,4,5",1.0,1.0,1.0,1.0,1.0,0.9713,1.0,1.0
2026-08-15,2809,キユーピー,食料品,47.24,0.4,除外,0.7747,0.6339,0.5551,0.2654,0.1329,0.5697,0.74,0.2258,1.0,0.4292,0.2118,0.913,0.6667,,0.4909,0.1053,0.2,0.0,,0.3986,0.0,"3,4,5",1.0,1.0,0.5,1.0,0.6091,0.7886,1.0,0.3
2026-08-15,2810,ハウス食品グループ本社,食料品,54.27,0.4,除外,0.8438,0.6639,0.4452,0.2851,0.4757,0.6096,0.82,0.2258,1.0,0.4095,0.4293,0.2088,0.7333,0.2,0.6353,0.1053,0.2,0.6502,,0.0,0.7769,"3,4,5",1.0,1.0,1.0,1.0,1.0,0.6505,1.0,0.1
2026-08-15,2811,カゴメ,食料品,17.28,0.0,除外,0.0,0.0,0.3923,0.1463,0.3255,,,,,0.2634,0.3916,0.5142,0.4,0.2273,0.0,0.1579,0.2,0.1132,0.1887,0.0,1.0,"1,2,3,4,5",,,,,,,,
2026-08-15,2815,アリアケジャパン,食料品,24.45,0.0,除外,0.0,0.0,0.3057,0.3331,0.5838,,,,,0.3301,0.3569,0.5358,0.0,0.2273,0.0,0.1053,1.0,1.0,0.2574,0.2566,0.8213,"1,2,3,4,5",,,,,,,,
2026-08-15,285A,キオクシアホールディングス,電気機器,48.03,0.6,監視,0.625,0.7339,0.2814,0.6199,0.1414,1.0,1.0,0.9355,0.0,0.1512,0.2892,0.6852,0.0,0.9545,0.5882,0.7368,0.2,0.0,0.1111,0.2419,0.2127,"3,5",1.0,1.0,1.0,0.0,1.0,0.0,1.0,0.0
2026-08-15,2871,ニチレイ,食料品,53.46,0.2,除外,0.9624,0.5298,0.5266,0.5027,0.1518,0.3934,0.5,0.2258,1.0,0.1909,0.5665,0.8155,0.5333,,0.7818,0.5263,0.2,0.0,,0.0,0.4553,"2,3,4,5",1.0,1.0,1.0,1.0,1.0,0.6992,1.0,1.0
2026-08-15,2874,横浜冷凍,卸売業,61.45,0.6,監視,0.6785,0.5783,0.6038,0.4917,0.7204,0.9156,0.9783,0.4194,0.0,0.9232,0.2418,0.9836,0.2667,0.8182,0.3853,0.2632,0.5,0.6398,0.5449,0.6969,1.0,"2,4",1.0,1.0,1.0,0.0,1.0,0.1279,1.0,0.3
2026-08-15,2875,東洋水産,食料品,26.81,0.0,除外,0.3786,0.2595,0.3752,0.1463,0.1809,0.3723,0.44,0.2258,0.0,0.3459,0.4029,0.6187,0.1333,0.2273,0.0,0.1579,0.2,0.4086,0.1195,0.1354,0.0603,"1,2,3,4,5",0.0,0.576,0.5,1.0,0.4244,0.4286,0.0,0.1
2026-08-15,287A,黒田グループ,卸売業,60.47,0.2,除外,1.0,0.5668,0.4698,0.4634,0.5234,0.4348,0.413,0.4194,1.0,0.5126,0.535,0.4316,0.4,,0.7324,0.1579,0.5,0.1258,0.6167,0.6083,0.7427,"2,3,4,5",1.0,1.0,1.0,1.0,1.0,1.0,1.0,1.0
2026-08-15,2897,日清食品ホールディングス,食料品,30.71,0.2,除外,0.7117,0.0,0.1882,0.1986,0.4373,,,,,0.0,0.4859,0.0,0.2667,0.1364,0.0,0.1579,0.5,0.2254,0.1077,0.4159,1.0,"2,3,4,5",1.0,0.7579,0.5,1.0,0.5423,0.5936,1.0,0.3
2026-08-15,2908,フジッコ,食料品,20.27,0.0,除外,0.0,0.0,0.4715,0.2213,0.3209,,,,,0.4598,0.2958,0.7969,0.3333,0.2273,0.0,0.1579,0.5,0.1065,0.1313,0.0457,1.0,"1,2,3,4,5",,,,,,,,
2026-08-15,290A,Ｓｙｎｓｐｅｃｔｉｖｅ,情報・通信業,50.06,0.4,除外,0.775,0.3242,0.6099,0.2809,0.513,0.4401,0.8246,0.0323,0.0,1.0,0.0429,0.9969,0.4,0.8182,0.0,0.1053,0.2,0.9075,0.552,0.1281,0.4644,"2,4,5",1.0,1.0,0.5,1.0,1.0,0.0,1.0,0.7
2026-08-15,2914,日本たばこ産業,食料品,53.16,0.4,除外,0.9972,0.6919,0.4415,0.4466,0.0807,0.6616,0.88,0.2258,1.0,0.3208,0.4822,0.8962,0.0667,,0.4029,0.7368,0.2,0.2421,,0.0,0.0,"3,4,5",1.0,1.0,1.0,1.0,1.0,0.9776,1.0,1.0
2026-08-15,2918,わらべや日洋ホールディングス,食料品,29.65,0.2,除外,0.0,0.3944,0.2992,0.1591,0.6298,0.3602,0.42,0.2258,0.5714,0.0,0.243,0.6207,0.3333,0.1364,0.0,0.0,0.5,0.9827,0.1697,0.3666,1.0,"1,2,3,4",,,,,,,,
2026-08-15,2931,ユーグレナ,食料品,28.52,0.2,除外,0.0,0.0,0.4933,0.25,0.683,,,,,0.6166,0.5999,0.1565,0.6,0.0,0.0,0.0,1.0,1.0,0.1282,0.6038,1.0,"1,2,3,4",,,,,,,,
2026-08-15,2975,スター・マイカ・ホールディングス,不動産業,54.93,0.4,除外,0.763,0.4534,0.5621,0.25,0.7182,0.7151,0.9048,0.1935,0.0,0.4375,0.2383,0.8394,0.7333,0.5,0.3,0.0,0.2,0.965,0.2466,0.6612,1.0,"2,3,4",1.0,1.0,0.5,1.0,1.0,0.404,0.5,0.7
2026-08-15,2980,ＳＲＥホールディングス,不動産業,37.26,0.4,除外,0.0,0.0,0.6121,0.4665,0.7842,,,,,1.0,0.3441,0.3711,0.7333,0.6818,0.0,0.6842,0.5,1.0,0.3486,0.7883,1.0,"1,2,4",,,,,,,,
2026-08-15,2982,ＡＤワークスグループ,不動産業,40.66,0.4,除外,0.0,0.4192,0.7212,0.1382,0.7543,0.6262,0.8571,0.1935,0.0,1.0,0.3962,0.6885,0.8,0.0,0.0,0.0526,0.5,1.0,0.1734,0.844,1.0,"1,2,4",,,,,,,,
2026-08-15,2986,ＬＡホールディングス,不動産業,31.61,0.0,除外,0.0,0.3789,0.4676,0.2267,0.5073,0.584,0.7381,0.1935,0.0,0.9681,0.0134,0.8222,0.0667,0.0909,0.0,0.3158,0.5,0.1452,0.1404,0.8327,0.9111,"1,2,3,4,5",,,,,,,,
2026-08-15,3002,グンゼ,繊維製品,50.95,0.2,除外,0.7996,0.5401,0.4195,0.3193,0.4689,0.364,0.3125,0.4839,1.0,0.2319,0.3504,0.4291,0.6667,0.2273,0.0,0.55,0.5,1.0,0.15,0.4721,0.2533,"2,3,4,5",1.0,0.8019,0.5,1.0,0.5625,0.5321,1.0,1.0
2026-08-15,3003,ヒューリック,不動産業,42.82,0.0,除外,0.4004,0.4707,0.5431,0.2213,0.5055,0.471,0.5952,0.1935,0.6228,0.5376,0.4062,0.8954,0.3333,0.2273,0.0,0.1579,0.5,0.5747,0.1387,0.3086,1.0,"1,2,3,4,5",0.0,1.0,0.5,0.0,0.7527,0.3509,0.5,0.1
2026-08-15,3028,アルペン,小売業,20.21,0.2,除外,0.0,0.0,0.6738,0.2632,0.0737,,,,,0.8624,0.3157,0.717,0.8,0.0,0.0,0.0526,1.0,0.221,,0.0,0.0,"1,2,4,5",,,,,,,,
2026-08-15,3034,クオールホールディングス,小売業,50.97,0.2,除外,0.9072,0.5225,0.299,0.4545,0.3652,0.3414,0.6842,0.0645,1.0,0.0,0.5118,0.0174,0.6667,,0.3636,0.0,1.0,1.0,,0.0955,0.0,"2,3,4,5",1.0,0.7575,0.5,1.0,1.0,1.0,1.0,1.0
2026-08-15,3036,アルコニックス,卸売業,53.86,0.4,除外,0.9375,0.6644,0.2816,0.4098,0.3999,0.5968,0.6413,0.4194,1.0,0.0,0.6597,0.0,0.4667,,0.0545,0.975,0.2,0.9956,0.298,0.0,0.3059,"3,4,5",1.0,1.0,0.5,1.0,1.0,1.0,1.0,1.0
2026-08-15,3038,神戸物産,卸売業,22.05,0.0,除外,0.0,0.0,0.4989,0.1684,0.4353,,,,,0.3683,0.348,0.8793,0.4,0.0,0.0,0.4737,0.2,0.5015,0.0934,0.1465,1.0,"1,2,3,4,5",,,,,,,,
2026-08-15,3046,ジンズホールディングス,小売業,24.77,0.0,除外,0.0,0.0,0.253,0.5273,0.4582,,,,,0.0,0.2323,0.5796,0.2,0.9091,0.0,1.0,0.2,0.0,0.5556,0.7086,0.5685,"1,2,3,4,5",,,,,,,,
2026-08-15,3048,ビックカメラ,小売業,31.39,0.2,除外,0.7073,0.1729,0.2734,0.12,0.296,0.2148,0.4123,0.0645,0.0,0.0,0.4609,0.2327,0.4,0.2273,0.0,0.0526,0.2,0.4246,0.4167,0.0452,0.2973,"2,3,4,5",1.0,0.759,0.5,1.0,0.4039,0.6951,1.0,0.3
2026-08-15,3050,ＤＣＭホールディングス,小売業,46.07,0.4,除外,0.6813,0.3124,0.6418,0.2288,0.439,0.3338,0.6579,0.0645,0.1935,0.7154,0.3122,0.9395,0.6,0.1364,0.0,0.5789,0.2,0.3987,0.141,0.2165,1.0,"2,4,5",1.0,0.511,0.5,1.0,0.3392,0.6005,0.5,1.0
2026-08-15,3064,ＭｏｎｏｔａＲＯ,小売業,20.02,0.0,除外,0.0,0.0,0.5175,0.0763,0.4072,,,,,0.4822,0.2221,0.7656,0.6,0.0,0.0,0.1053,0.2,1.0,0.0766,0.4558,0.0965,"1,2,3,4,5",,,,,,,,
2026-08-15,3076,あい　ホールディングス,卸売業,43.03,0.2,除外,0.8621,0.2887,0.5984,0.2258,0.1762,0.3986,0.337,0.4194,0.0,0.6029,0.7498,0.9744,0.0667,,0.1091,0.3684,0.2,0.5597,0.1452,0.0,0.0,"2,3,4,5",1.0,0.6128,0.5,1.0,0.7906,0.9933,1.0,1.0
2026-08-15,3086,Ｊ．フロント　リテイリング,小売業,55.22,0.6,監視,0.7999,0.6897,0.6612,0.4145,0.1957,0.7468,0.9474,0.0645,1.0,1.0,0.6748,0.1699,0.8,0.4,0.6,0.1579,0.5,0.0,0.5074,0.26,0.0155,"4,5",1.0,1.0,1.0,1.0,1.0,0.2994,1.0,0.1
2026-08-15,3087,ドトール・日レスホールディングス,小売業,46.81,0.2,除外,0.904,0.4731,0.4128,0.525,0.0256,0.2751,0.5526,0.0645,1.0,0.0,0.5746,0.7434,0.3333,,0.4,0.975,0.2,0.0768,,0.0,0.0,"2,3,4,5",1.0,1.0,0.5,1.0,1.0,0.7317,1.0,1.0
2026-08-15,3088,マツキヨココカラ＆カンパニー,小売業,30.45,0.2,除外,0.0,0.0,0.74,0.2763,0.506,,,,,0.9935,0.2955,0.8045,0.8667,0.0,0.0,0.1053,1.0,0.8058,0.1248,0.3035,0.7898,"1,2,4,5",,,,,,,,
2026-08-15,3091,ブロンコビリー,小売業,47.77,0.2,除外,0.9442,0.5883,0.3708,0.4853,0.0,0.4815,0.807,0.0645,1.0,0.0,0.2889,0.7944,0.4,0.0,0.7912,0.95,0.2,0.0,,0.0,0.0,"2,3,4,5",1.0,1.0,1.0,1.0,1.0,0.554,1.0,1.0
2026-08-15,3092,ＺＯＺＯ,小売業,27.9,0.2,除外,0.0,0.0,0.7243,0.1513,0.5194,,,,,1.0,0.4127,0.6843,0.8,0.0,0.0,0.1053,0.5,0.7274,0.1031,0.5215,0.7253,"1,2,4,5",,,,,,,,
2026-08-15,3093,トレジャー・ファクトリー,小売業,56.26,0.2,除外,0.8331,0.5799,0.5364,0.5218,0.3418,0.4657,0.7895,0.0645,1.0,0.3189,0.5269,0.9665,0.3333,0.8,0.9818,0.1053,0.2,0.0,,0.8713,0.154,"2,3,4,5",1.0,1.0,1.0,1.0,1.0,0.6649,1.0,0.0
2026-08-15,3097,物語コーポレーション,小売業,69.17,0.6,監視,0.9936,0.6242,0.5727,0.8118,0.4563,0.5637,0.8684,0.0645,1.0,1.0,0.2443,0.7797,0.2667,,0.9853,0.95,0.5,1.0,,0.3689,0.0,"3,5",1.0,1.0,1.0,1.0,1.0,0.9492,1.0,1.0
2026-08-15,3099,三越伊勢丹ホールディングス,小売業,54.44,0.4,除外,0.6876,0.7092,0.4454,0.565,0.3148,0.7988,0.9737,0.0645,1.0,0.605,0.3328,0.8438,0.0,1.0,0.7441,0.3158,0.2,0.4126,0.1111,0.2337,0.5016,"3,4,5",1.0,1.0,1.0,0.0,1.0,0.5006,1.0,0.0
2026-08-15,3101,東洋紡,化学,56.71,0.4,除外,0.6651,0.5873,0.4226,0.6178,0.5426,0.8395,0.8,0.7097,0.0,0.927,0.221,0.2091,0.3333,0.8636,0.4235,0.6842,0.5,0.3811,0.2801,0.5091,1.0,"2,3,5",1.0,1.0,1.0,0.0,1.0,0.3211,1.0,0.0
2026-08-15,3103,ユニチカ,繊維製品,55.92,0.6,監視,0.7125,0.6193,0.4833,0.1995,0.7814,0.9932,1.0,0.4839,0.0,0.0,1.0,0.0,0.9333,0.5455,0.0,0.0526,0.2,1.0,0.6274,0.4983,1.0,"3,4",1.0,1.0,0.5,1.0,1.0,0.0,0.5,0.7
2026-08-15,3104,富士紡ホールディングス,繊維製品,53.21,0.2,除外,0.5917,0.5695,0.7129,0.431,0.3553,0.8568,0.9375,0.4839,0.0,0.482,0.6314,0.9381,0.8,0.8,0.3029,0.4211,0.2,0.1176,0.2807,0.4011,0.6219,"1,2,4,5",1.0,1.0,1.0,0.0,1.0,0.2339,0.5,0.0
2026-08-15,3105,日清紡ホールディングス,電気機器,62.07,0.6,監視,0.9575,0.645,0.543,0.3507,0.6075,0.9179,0.7265,0.9355,0.0,0.5113,0.4721,0.4552,0.7333,0.8,0.35,0.0526,0.2,0.2822,,0.5404,1.0,"3,4",1.0,1.0,1.0,1.0,1.0,0.9599,1.0,0.7
2026-08-15,3106,倉敷紡績,繊維製品,54.74,0.4,除外,0.911,0.4387,0.365,0.3331,0.689,0.5833,0.6875,0.4839,0.0,0.0,0.6851,0.2414,0.5333,0.7273,0.3,0.1053,0.2,0.6809,0.3914,0.6839,1.0,"2,3,4",1.0,1.0,1.0,1.0,1.0,0.5879,1.0,0.7
2026-08-15,3107,ダイワボウホールディングス,卸売業,62.9,0.2,除外,0.992,0.4409,0.5787,0.5762,0.557,0.5569,0.6087,0.4194,0.1785,0.75,0.3557,0.7424,0.4667,,0.8971,0.6316,0.2,0.6711,,0.0,1.0,"2,3,4,5",1.0,1.0,1.0,1.0,1.0,0.936,1.0,1.0
2026-08-15,3110,日東紡績,ガラス・土石製品,45.96,0.2,除外,0.3125,0.6778,0.5406,0.4392,0.3281,0.9503,0.9545,0.8065,0.0,1.0,0.4001,0.2954,0.4667,0.6818,0.0,0.875,0.2,0.4568,0.338,0.484,0.0337,"1,3,4,5",0.0,1.0,0.5,0.0,1.0,0.0,0.0,0.0
2026-08-15,3116,トヨタ紡織,輸送用機器,29.61,0.0,除外,0.0,0.2513,0.3767,0.3104,0.5423,0.3504,0.3,0.3548,0.0,0.0,0.2644,0.7091,0.5333,0.1364,0.0,0.1053,1.0,0.621,0.1759,0.3724,1.0,"1,2,3,4,5",,,,,,,,
2026-08-15,3132,マクニカホールディングス,卸売業,52.37,0.4,除外,0.967,0.6525,0.4365,0.2291,0.3333,0.7687,0.8696,0.4194,0.5524,0.0,0.5209,0.5584,0.6667,,0.3294,0.1579,0.2,0.0,,0.0,1.0,"3,4,5",1.0,1.0,1.0,1.0,1.0,0.7358,1.0,1.0
2026-08-15,3139,ラクト・ジャパン,卸売業,22.71,0.0,除外,0.0,0.0,0.2954,0.3463,0.4938,,,,,0.2428,0.2743,0.1313,0.5333,0.2273,0.0,0.1579,1.0,0.8017,0.1733,0.0,1.0,"1,2,3,4,5",,,,,,,,
2026-08-15,3148,クリエイトＳＤホールディングス,小売業,36.7,0.4,除外,0.6306,0.2819,0.7799,0.1331,0.0093,0.2547,0.5175,0.0645,0.2908,0.6357,0.5792,0.9047,1.0,0.2273,0.0,0.1053,0.2,0.028,,0.0,0.0,"2,4,5",1.0,0.6213,1.0,1.0,0.1369,0.6867,0.5,0.1
2026-08-15,3150,グリムス,電気・ガス業,45.67,0.4,除外,0.2449,0.5029,0.6305,0.175,0.7303,0.2894,0.1429,0.5806,0.9986,1.0,0.3155,0.6731,0.5333,0.5,0.0,0.0,0.2,1.0,0.3164,0.605,1.0,"1,2,4",0.0,0.7837,0.5,0.0,0.274,0.3011,0.0,0.1
2026-08-15,3151,バイタルケーエスケー・ホールディングス,卸売業,54.61,0.2,除外,0.8757,0.5397,0.5087,0.2373,0.5692,0.5479,0.5543,0.4194,0.6372,0.4522,0.3019,0.5476,0.7333,0.0,0.6441,0.1053,0.2,1.0,,0.1432,0.5644,"2,3,4,5",1.0,1.0,1.0,1.0,0.9881,0.7175,1.0,0.3
2026-08-15,3156,レスター,卸売業,53.7,0.2,除外,0.9625,0.46,0.3873,0.5417,0.3333,0.6707,0.75,0.4194,0.0,0.1751,0.7589,0.2817,0.3333,,0.9147,0.2105,0.5,0.0,,0.0,1.0,"2,3,4,5",1.0,1.0,1.0,1.0,1.0,1.0,1.0,0.7
2026-08-15,3167,ＴＯＫＡＩホールディングス,卸売業,42.21,0.2,除外,0.9124,0.4047,0.3469,0.0667,0.3798,0.416,0.3696,0.4194,0.4141,0.142,0.5668,0.0122,0.6667,,0.0,0.0,0.2,0.3899,0.1838,0.0,0.9453,"2,3,4,5",1.0,1.0,0.5,1.0,0.7991,1.0,1.0,1.0
2026-08-15,3186,ネクステージ,小売業,47.31,0.2,除外,0.715,0.4815,0.3799,0.3775,0.4114,0.8704,0.9912,0.0645,0.0,0.1326,0.1542,0.8996,0.3333,0.9545,0.3029,0.0526,0.2,0.2752,0.3889,0.9816,0.0,"2,3,4,5",1.0,1.0,1.0,0.0,1.0,0.32,1.0,0.4
2026-08-15,3191,ジョイフル本田,小売業,42.85,0.2,除外,0.7687,0.4944,0.4957,0.3836,0.0,0.3195,0.6316,0.0645,0.9619,1.0,0.0,0.9162,0.0667,0.0,0.9818,0.0526,0.5,0.0,,0.0,0.0,"2,3,4,5",1.0,0.9575,1.0,1.0,0.4406,0.6513,1.0,0.1
2026-08-15,3193,エターナルホスピタリティグループ,小売業,19.57,0.2,除外,0.0,0.0,0.2426,0.1313,0.6046,,,,,0.0,0.0894,0.8141,0.0667,0.2727,0.0,0.0526,0.2,0.6857,0.176,0.5566,1.0,"1,2,3,4",,,,,,,,
2026-08-15,3196,ホットランドホールディングス,小売業,25.22,0.2,除外,0.0,0.0,0.5642,0.0763,0.6205,,,,,0.3164,0.3261,0.9475,0.6667,0.0,0.0,0.1053,0.2,0.9304,0.5515,0.0,1.0,"1,2,3,4",,,,,,,,
2026-08-15,3197,すかいらーくホールディングス,小売業,41.09,0.2,除外,0.733,0.0,0.5171,0.3563,0.448,,,,,1.0,0.2616,0.4733,0.3333,0.0,0.0,0.925,0.5,0.4994,0.0856,0.2069,1.0,"2,3,4,5",1.0,0.6372,0.0,1.0,0.7592,0.4678,1.0,1.0
2026-08-15,319A,技術承継機構,金属製品,61.13,0.4,除外,0.9763,0.8438,0.4853,0.3448,0.4064,0.9789,0.88,0.5161,1.0,0.1929,0.4451,0.8366,0.4667,,0.6765,0.1579,0.2,0.2191,,0.0,1.0,"3,4,5",1.0,1.0,1.0,1.0,1.0,0.8103,1.0,1.0
2026-08-15,3201,日本毛織,繊維製品,61.6,0.6,監視,0.9101,0.6593,0.6781,0.4128,0.4198,0.5283,0.625,0.4839,1.0,0.509,0.4809,0.9892,0.7333,0.2273,0.3818,0.8421,0.2,0.9845,0.1655,0.5293,0.0,"4,5",1.0,1.0,0.5,1.0,1.0,0.7805,1.0,1.0
2026-08-15,3222,ユナイテッド・スーパーマーケット・ホールディングス,小売業,19.51,0.0,除外,0.0,0.0,0.1297,0.3236,0.522,,,,,0.0016,0.2956,0.0215,0.2,0.1364,0.0,0.1579,1.0,0.4508,0.1333,0.504,1.0,"1,2,3,4,5",,,,,,,,
2026-08-15,3231,野村不動産ホールディングス,不動産業,32.14,0.0,除外,0.1884,0.2608,0.2583,0.3594,0.54,0.3497,0.5,0.1935,0.0,0.3615,0.1575,0.1809,0.3333,0.2273,0.0,0.2105,1.0,1.0,0.158,0.0018,1.0,"1,2,3,4,5",0.0,0.5119,0.5,0.0,0.2688,0.1264,0.0,0.1
2026-08-15,3245,ディア・ライフ,不動産業,25.55,0.0,除外,0.0,0.0,0.4012,0.2763,0.5999,,,,,0.3139,0.2849,0.6728,0.3333,0.0,0.0,0.1053,1.0,0.9919,0.1283,0.8254,0.4539,"1,2,3,4,5",,,,,,,,
2026-08-15,3252,地主,不動産業,39.44,0.4,除外,0.0,0.4009,0.6537,0.1636,0.7538,0.6006,0.8095,0.1935,0.0,1.0,0.312,0.9693,0.3333,0.4545,0.0,0.0,0.2,1.0,0.1585,0.8567,1.0,"1,2,4",,,,,,,,
2026-08-15,325A,ＴＥＮＴＩＡＬ,繊維製品,30.08,0.2,除外,0.7488,0.0,0.4458,0.2435,0.066,,,,,0.0519,0.8864,0.2447,0.6,0.2,0.3636,0.2105,0.2,0.0939,,0.1042,0.0,"2,3,4,5",1.0,0.7623,0.5,1.0,1.0,0.4283,1.0,0.3
2026-08-15,3284,フージャースホールディングス,不動産業,27.73,0.0,除外,0.0,0.3507,0.4434,0.1236,0.4687,0.2268,0.2143,0.1935,0.7682,0.472,0.29,0.5451,0.4667,0.1364,0.0,0.1579,0.2,1.0,0.1552,0.7197,0.0,"1,2,3,4,5",,,,,,,,
2026-08-15,3288,オープンハウスグループ,不動産業,40.74,0.2,除外,0.2915,0.3632,0.5372,0.1349,0.7099,0.569,0.6905,0.1935,0.0,0.8003,0.3913,0.4907,0.4667,0.1818,0.0,0.1579,0.2,1.0,0.1135,0.7262,1.0,"1,2,3,4",0.0,1.0,0.5,0.0,0.7317,0.0,0.0,0.1
2026-08-15,3289,東急不動産ホールディングス,不動産業,40.58,0.4,除外,0.3343,0.3387,0.6077,0.1463,0.6021,0.5185,0.6429,0.1935,0.0,0.6907,0.5028,0.7705,0.4667,0.2273,0.0,0.1579,0.2,1.0,0.1347,0.2736,1.0,"1,2,4",0.0,0.9034,0.5,0.0,0.8811,0.2895,0.0,0.1
2026-08-15,3291,飯田グループホールディングス,不動産業,34.4,0.2,除外,0.0,0.4894,0.509,0.1068,0.6149,0.3353,0.4286,0.1935,1.0,0.467,0.4661,0.5029,0.6,0.2273,0.0,0.0,0.2,0.8675,0.1569,0.4352,1.0,"1,2,3,4",,,,,,,,
2026-08-15,3299,ムゲンエステート,不動産業,31.52,0.2,除外,0.0,0.3963,0.2408,0.32,0.619,0.2012,0.1905,0.1935,1.0,0.5138,0.2493,0.0,0.2,0.2273,0.0,0.0526,1.0,1.0,0.2596,0.2163,1.0,"1,2,3,4",,,,,,,,
2026-08-15,3302,帝国繊維,繊維製品,51.91,0.4,除外,0.7033,0.5535,0.1686,0.3559,0.8142,0.5207,0.5625,0.4839,0.647,0.0232,0.3093,0.0087,0.3333,0.0,0.8182,0.1053,0.5,1.0,0.3889,0.8677,1.0,"2,3,4",1.0,0.6596,0.5,1.0,0.818,0.6491,1.0,0.0
2026-08-15,3315,日本コークス工業,石油・石炭製品,27.96,0.2,除外,0.0,0.2077,0.286,0.2213,0.6829,0.373,0.25,,0.0,0.0,0.3928,0.4179,0.3333,0.2273,0.0,0.1579,0.5,1.0,0.156,0.5757,1.0,"1,2,3,4",,,,,,,,
2026-08-15,3333,あさひ,小売業,32.37,0.0,除外,0.0,0.4456,0.5364,0.2386,0.3979,0.2411,0.5,0.0645,0.9767,0.4098,0.4226,0.7134,0.6,0.4545,0.0,0.0,0.5,0.1396,0.2268,0.3478,0.8776,"1,2,3,4,5",,,,,,,,
2026-08-15,3349,コスモス薬品,小売業,19.39,0.0,除外,0.0,0.0,0.4666,0.1513,0.3515,,,,,0.3186,0.3315,0.9495,0.2667,0.0,0.0,0.1053,0.5,0.1266,0.2369,0.2177,0.8249,"1,2,3,4,5",,,,,,,,
2026-08-15,3350,メタプラネット,卸売業,32.26,0.2,除外,0.0,0.0,0.7043,0.3289,0.5799,,,,,0.8685,0.2803,0.9351,0.7333,0.0,0.0,0.3158,1.0,0.4804,0.1365,0.7026,1.0,"1,2,4,5",,,,,,,,
2026-08-15,3360,シップヘルスケアホールディングス,卸売業,42.35,0.0,除外,0.377,0.5443,0.506,0.1068,0.5832,0.4099,0.3478,0.4194,1.0,0.5493,0.4522,0.6225,0.4,0.2273,0.0,0.0,0.2,1.0,0.3257,0.1923,0.8148,"1,2,3,4,5",0.0,0.7999,0.0,1.0,0.5977,0.3187,0.0,0.3
2026-08-15,3382,セブン＆アイ・ホールディングス,小売業,26.24,0.2,除外,0.6342,0.0,0.2519,0.1104,0.3155,,,,,0.0,0.2756,0.732,0.0,0.1364,0.0,0.1053,0.2,0.2969,0.1461,0.1329,0.6862,"2,3,4,5",1.0,0.8044,0.0,1.0,0.4571,0.5124,1.0,0.3
2026-08-15,3387,クリエイト・レストランツ・ホールディングス,小売業,19.55,0.0,除外,0.0,0.4885,0.1833,0.1645,0.1409,0.2931,0.5965,0.0645,1.0,0.0,0.396,0.3373,0.0,0.0,0.0,0.1579,0.5,0.0,,0.4228,0.0,"1,2,3,4,5",,,,,,,,
2026-08-15,3391,ツルハホールディングス,小売業,42.96,0.2,除外,0.5125,0.4334,0.6874,0.0763,0.4384,0.2216,0.4474,0.0645,1.0,0.6366,0.5932,0.6533,0.8667,0.0,0.0,0.1053,0.2,0.9035,0.157,0.6696,0.0234,"1,2,4,5",0.0,0.6109,0.0,1.0,0.9095,0.2794,1.0,0.3
2026-08-15,3395,サンマルクホールディングス,小売業,26.81,0.0,除外,0.0,0.2568,0.2146,0.3445,0.5244,0.3225,0.6404,0.0645,0.0,0.2556,0.1361,0.0,0.4667,0.2727,0.0,0.1053,1.0,0.9478,0.15,0.0,1.0,"1,2,3,4,5",,,,,,,,
2026-08-15,3397,トリドールホールディングス,小売業,21.32,0.2,除外,0.0,0.0,0.6346,0.05,0.3813,,,,,0.7948,0.3988,0.8113,0.5333,0.0,0.0,0.0,0.2,0.3345,,0.0,0.8093,"1,2,4,5",,,,,,,,
2026-08-15,3399,丸千代山岡家,小売業,56.86,0.2,除外,0.8662,0.5716,0.3959,0.4867,0.5225,0.4499,0.7719,0.0645,1.0,0.2921,0.4501,0.5745,0.2667,0.2273,0.5091,0.2105,1.0,0.4963,0.1641,0.7494,0.6802,"2,3,4,5",1.0,1.0,1.0,1.0,1.0,0.63,1.0,0.3
2026-08-15,3401,帝人,繊維製品,56.85,0.4,除外,1.0,0.6215,0.457,0.2794,0.4843,0.6405,0.8125,0.4839,0.5492,0.2993,0.585,0.1437,0.8,,0.6382,0.0,0.2,1.0,0.3333,0.6041,0.0,"3,4,5",1.0,1.0,1.0,1.0,1.0,1.0,1.0,1.0
2026-08-15,3402,東レ,繊維製品,54.36,0.2,除外,1.0,0.5708,0.2847,0.4331,0.4294,0.4243,0.375,0.4839,1.0,0.1001,0.4386,0.0,0.6,,0.6941,0.1053,0.5,1.0,0.1825,0.0,0.5352,"2,3,4,5",1.0,1.0,1.0,1.0,1.0,1.0,1.0,1.0
2026-08-15,3405,クラレ,化学,38.53,0.2,除外,0.9594,0.0,0.1722,0.4982,0.2967,,,,,0.0,0.3685,0.0537,0.2667,,0.4,0.8947,0.2,0.879,,0.0112,0.0,"2,3,4,5",1.0,0.859,1.0,1.0,0.8869,0.9294,1.0,1.0
2026-08-15,3407,旭化成,化学,45.33,0.2,除外,0.6296,0.5741,0.1986,0.4609,0.4031,0.8184,0.7684,0.7097,0.0,0.033,0.2765,0.0184,0.4667,0.8,0.4382,0.1053,0.5,0.5011,0.1111,0.0,1.0,"2,3,4,5",1.0,1.0,1.0,0.0,1.0,0.5371,0.5,0.0
2026-08-15,3415,ＴＯＫＹＯ　ＢＡＳＥ,小売業,41.42,0.4,除外,0.0,0.4255,0.7036,0.3158,0.626,0.2163,0.4211,0.0645,1.0,0.6932,0.7444,0.7101,0.6667,0.0,0.0,0.2632,1.0,0.643,0.1195,0.7416,1.0,"1,2,4",,,,,,,,
2026-08-15,3431,宮地エンジニアリンググループ,金属製品,40.85,0.4,除外,0.0,0.0,0.7868,0.5165,0.7392,,,,,1.0,0.483,0.7307,0.9333,0.0909,0.0,0.975,1.0,1.0,0.1244,0.8322,1.0,"1,2,4",,,,,,,,
2026-08-15,3433,トーカロ,金属製品,45.89,0.2,除外,0.6676,0.5072,0.2227,0.399,0.4978,0.7528,0.76,0.5161,0.0,0.0,0.1388,0.3522,0.4,0.9545,0.0364,0.1053,0.5,0.1721,0.3775,0.4418,1.0,"2,3,4,5",1.0,1.0,1.0,0.0,1.0,0.4407,0.5,0.4
2026-08-15,3436,ＳＵＭＣＯ,金属製品,51.42,0.4,除外,0.625,0.8514,0.3408,0.4203,0.3333,0.9894,0.92,0.5161,0.9801,0.1091,0.3947,0.8594,0.0,0.6,0.6706,0.2105,0.2,0.0,,0.0,1.0,"3,4,5",1.0,1.0,1.0,0.0,1.0,0.0,1.0,0.0
2026-08-15,3443,川田テクノロジーズ,金属製品,42.12,0.4,除外,0.0,0.5061,0.6941,0.12,0.7859,0.2683,0.24,0.5161,1.0,0.9549,0.4487,0.5728,0.8,0.2273,0.0,0.0526,0.2,1.0,0.149,0.9947,1.0,"1,2,4",,,,,,,,
2026-08-15,3445,ＲＳ　Ｔｅｃｈｎｏｌｏｇｉｅｓ,金属製品,49.09,0.2,除外,0.7047,0.5708,0.335,0.4933,0.3508,0.9269,0.84,0.5161,0.0,0.0,0.4482,0.625,0.2667,0.8,0.9206,0.0526,0.2,0.0,0.3453,0.058,1.0,"2,3,4,5",1.0,1.0,1.0,0.0,1.0,0.2379,1.0,0.4
2026-08-15,3449,テクノフレックス,金属製品,41.46,0.2,除外,0.5625,0.6168,0.2162,0.5461,0.1314,0.991,0.96,0.5161,0.0,0.0,0.1505,0.7142,0.0,1.0,0.3,0.6842,0.2,0.0,,0.3498,0.0445,"1,3,4,5",1.0,1.0,1.0,0.0,1.0,0.0,0.5,0.0
2026-08-15,3465,ケイアイスター不動産,不動産業,63.19,0.6,監視,0.8206,0.5315,0.8211,0.3152,0.6713,0.7506,0.9524,0.1935,0.2296,1.0,0.6454,0.7056,0.9333,0.1818,0.3,0.5789,0.2,1.0,0.135,0.8972,0.6531,"2,4",1.0,1.0,1.0,1.0,1.0,0.5647,1.0,0.0
2026-08-15,3475,グッドコムアセット,不動産業,52.51,0.6,監視,0.0,0.6368,0.5465,0.671,0.7715,0.5916,0.7619,0.1935,1.0,0.7167,0.2437,0.4922,0.7333,0.4545,0.4545,0.775,1.0,1.0,0.2225,0.8633,1.0,"1,3",,,,,,,,
2026-08-15,3479,ティーケーピー,不動産業,44.83,0.4,除外,0.0,0.3902,0.7925,0.3477,0.711,0.2005,0.1667,0.1935,1.0,0.9749,0.8786,0.5833,0.7333,0.0909,0.0,0.8,0.5,0.9873,0.338,0.5638,0.955,"1,2,4",,,,,,,,
2026-08-15,3480,ジェイ・エス・ビー,不動産業,74.72,0.8,本命,0.8973,0.7765,0.7,0.4008,0.9612,0.9126,1.0,0.1935,1.0,1.0,1.0,0.0,0.8,,0.8971,0.1053,0.2,1.0,,1.0,0.8835,4,1.0,1.0,1.0,1.0,1.0,0.8787,1.0,0.3
2026-08-15,3482,ロードスターキャピタル,不動産業,24.54,0.0,除外,0.0,0.0,0.4088,0.2476,0.5709,,,,,0.6999,0.2,0.7352,0.0,0.2273,0.0,0.2632,0.5,0.3419,0.3,0.8255,0.816,"1,2,3,4,5",,,,,,,,
2026-08-15,3491,ＧＡ　ｔｅｃｈｎｏｌｏｇｉｅｓ,不動産業,27.01,0.2,除外,0.0,0.0,0.7728,0.3158,0.262,,,,,1.0,0.6375,0.9205,0.5333,0.0,0.0,0.2632,1.0,0.3455,0.1668,0.0133,0.5224,"1,2,4,5",,,,,,,,
2026-08-15,3496,アズーム,不動産業,26.6,0.2,除外,0.0,0.0,0.6999,0.2562,0.3738,,,,,0.9123,0.3788,0.9754,0.5333,0.0,0.0,0.825,0.2,0.8284,0.1316,0.5352,0.0,"1,2,4,5",,,,,,,,
2026-08-15,3498,霞ヶ関キャピタル,不動産業,20.09,0.0,除外,0.0,0.0,0.4809,0.4557,0.0677,,,,,0.458,0.2556,0.8767,0.3333,0.0,0.0727,0.75,1.0,0.0997,0.1046,0.0,0.0664,"1,2,3,4,5",,,,,,,,
2026-08-15,3539,ＪＭホールディングス,小売業,21.89,0.0,除外,0.0,0.0,0.3794,0.2587,0.4565,,,,,0.0,0.6179,0.8995,0.0,0.0455,0.0,0.7895,0.2,0.6176,0.0952,0.1133,1.0,"1,2,3,4,5",,,,,,,,
2026-08-15,3543,コメダホールディングス,卸売業,24.96,0.0,除外,0.0,0.0,0.3972,0.2877,0.5633,,,,,0.5004,0.2761,0.6125,0.2,0.5455,0.0,0.1053,0.5,0.5019,0.3333,0.4178,1.0,"1,2,3,4,5",,,,,,,,
2026-08-15,3549,クスリのアオキホールディングス,小売業,45.77,0.4,除外,0.7499,0.4629,0.6543,0.2915,0.1299,0.2607,0.5263,0.0645,1.0,0.4796,0.5914,0.8129,0.7333,0.0,0.0909,0.875,0.2,0.0788,0.1176,0.3231,0.0,"2,4,5",1.0,0.554,0.5,1.0,0.5773,0.3678,1.0,1.0
2026-08-15,3563,ＦＯＯＤ　＆　ＬＩＦＥ　ＣＯＭＰＡＮＩＥＳ,小売業,54.46,0.4,除外,1.0,0.6449,0.376,0.3947,0.3072,0.6202,0.8947,0.0645,1.0,0.3566,0.4312,0.2494,0.4667,,0.3,0.6842,0.2,0.6125,,0.2438,0.0654,"3,4,5",1.0,1.0,1.0,1.0,1.0,1.0,1.0,1.0
2026-08-15,3569,セーレン,繊維製品,45.97,0.2,除外,0.9102,0.4631,0.3464,0.1377,0.4411,0.6187,0.75,0.4839,0.0,0.0714,0.5209,0.06,0.7333,0.2273,0.0182,0.1053,0.2,0.9946,0.2867,0.1577,0.3253,"2,3,4,5",1.0,0.8222,1.0,1.0,1.0,0.7592,1.0,0.7
2026-08-15,3591,ワコールホールディングス,繊維製品,29.73,0.2,除外,0.0,0.0,0.5658,0.1776,0.7428,,,,,0.5923,0.2558,0.5484,0.8667,0.0,0.0,0.2105,0.5,1.0,0.1314,0.84,1.0,"1,2,3,4",,,,,,,,
2026-08-15,3608,ＴＳＩホールディングス,繊維製品,65.29,0.6,監視,0.8085,0.4559,0.822,0.4545,0.7235,0.3007,0.25,0.4839,0.7892,0.95,0.5012,0.97,0.8667,0.5455,0.9147,0.1579,0.2,1.0,0.2209,0.6731,1.0,"2,4",1.0,1.0,1.0,1.0,0.9388,0.2292,1.0,0.3
2026-08-15,3612,ワールド,繊維製品,51.86,0.4,除外,0.847,0.618,0.3375,0.3281,0.4625,0.4883,0.5,0.4839,1.0,0.4175,0.3929,0.3396,0.2,0.2273,0.7273,0.1579,0.2,0.5898,0.3864,0.8738,0.0,"3,4,5",1.0,1.0,1.0,1.0,0.6687,0.8077,1.0,0.3
2026-08-15,3626,ＴＩＳ,情報・通信業,25.24,0.2,除外,0.0,0.0,0.7192,0.2342,0.3086,,,,,1.0,0.1603,0.9831,0.7333,0.0,0.0,0.7368,0.2,0.8619,0.113,0.2595,0.0,"1,2,4,5",,,,,,,,
2026-08-15,3632,グリーホールディングス,情報・通信業,33.86,0.2,除外,0.0,0.0,0.5275,0.3421,0.8232,,,,,0.6778,0.5201,0.5789,0.3333,0.0,0.0,0.3684,1.0,1.0,0.5689,0.7239,1.0,"1,2,3,4",,,,,,,,
2026-08-15,3635,コーエーテクモホールディングス,情報・通信業,24.72,0.0,除外,0.0,0.0,0.5117,0.1421,0.5822,,,,,0.0,0.4553,0.8582,0.7333,0.0,0.0,0.3684,0.2,0.6404,0.1439,0.5443,1.0,"1,2,3,4,5",,,,,,,,
2026-08-15,3636,三菱総合研究所,情報・通信業,25.67,0.0,除外,0.0,0.2332,0.5715,0.1122,0.3665,0.2427,0.6579,0.0323,0.0,0.6906,0.1707,0.8915,0.5333,0.0909,0.0,0.1579,0.2,0.7572,0.1487,0.3664,0.1939,"1,2,3,4,5",,,,,,,,
2026-08-15,3656,ＫＬａｂ,情報・通信業,51.31,0.4,除外,0.4072,0.4428,0.7216,0.2763,0.7177,0.8003,0.9386,0.0323,0.0,0.9615,0.559,0.5661,0.8,0.0,0.0,0.1053,1.0,1.0,0.3445,0.5262,1.0,"1,2,4",0.0,0.7577,0.5,0.0,1.0,0.0,0.0,1.0
2026-08-15,3659,ネクソン,情報・通信業,28.68,0.0,除外,0.0,0.0,0.5408,0.3092,0.5838,,,,,0.3399,0.3755,0.9146,0.5333,0.0,0.0,0.7368,0.5,1.0,0.1192,0.2161,1.0,"1,2,3,4,5",,,,,,,,
2026-08-15,3660,アイスタイル,情報・通信業,41.28,0.4,除外,0.0,0.0,0.8085,0.5,0.7555,,,,,0.9318,0.4727,0.9629,0.8667,0.0,0.0,1.0,1.0,1.0,0.5,0.5219,1.0,"1,2,4",,,,,,,,
2026-08-15,3661,エムアップホールディングス,情報・通信業,28.06,0.2,除外,0.0,0.0,0.7787,0.1816,0.4429,,,,,1.0,0.689,0.6258,0.8,0.0,0.0,0.5263,0.2,1.0,0.1256,0.6259,0.0202,"1,2,4,5",,,,,,,,
2026-08-15,3663,セルシス,情報・通信業,57.21,0.6,監視,0.727,0.6294,0.4598,0.6136,0.4308,0.6081,0.8772,0.0323,1.0,0.4339,0.2816,0.9236,0.2,0.6,0.8545,0.0,1.0,0.0,0.3883,0.3484,0.9864,"3,5",1.0,0.5262,0.5,1.0,1.0,0.7896,1.0,0.0
2026-08-15,3668,コロプラ,情報・通信業,28.37,0.2,除外,0.0,0.0,0.4141,0.3421,0.6621,,,,,0.485,0.449,0.3224,0.4,0.0,0.0,0.3684,1.0,0.7761,0.204,0.6683,1.0,"1,2,3,4",,,,,,,,
2026-08-15,3673,ブロードリーフ,情報・通信業,55.7,0.4,除外,0.9206,0.3121,0.4836,0.3988,0.6696,0.4092,0.807,0.0323,0.0,0.4631,0.1733,0.8315,0.4667,0.3636,0.4,0.6316,0.2,1.0,0.4444,0.9684,0.2656,"2,3,4",1.0,1.0,1.0,1.0,1.0,0.3648,1.0,1.0
2026-08-15,3687,フィックスターズ,情報・通信業,51.54,0.4,除外,0.675,0.2934,0.3631,0.599,0.6464,0.3783,0.7632,0.0323,0.0,1.0,0.1856,0.0,0.2667,0.8636,0.9273,0.1053,0.5,0.4125,0.5123,0.6608,1.0,"2,3,4",1.0,1.0,1.0,0.0,1.0,0.0,1.0,0.4
2026-08-15,368A,北里コーポレーション,精密機器,31.0,0.0,除外,0.0,,0.4938,0.3295,0.4167,,,,,0.1575,0.6705,0.3473,0.8,0.0,0.0182,0.8,0.5,0.9463,0.3165,0.0,0.404,"1,2,3,4,5",,,,,,,,
2026-08-15,3692,ＦＦＲＩセキュリティ,情報・通信業,31.26,0.2,除外,0.0,0.0,0.5426,0.3122,0.7084,,,,,1.0,0.115,0.3887,0.6667,0.0909,0.0,0.1579,1.0,1.0,0.1373,0.6962,1.0,"1,2,3,4",,,,,,,,
2026-08-15,3696,セレス,情報・通信業,39.1,0.4,除外,0.0,0.0,0.8128,0.2958,0.8463,,,,,0.86,0.9641,0.6271,0.8,0.0,0.4727,0.2105,0.5,1.0,,0.9204,0.6184,"1,2,4",,,,,,,,
2026-08-15,3697,ＳＨＩＦＴ,情報・通信業,22.21,0.0,除外,0.0,0.0,0.5974,0.3365,0.1766,,,,,0.5162,0.5038,0.6363,0.7333,0.0,0.1091,0.7368,0.5,0.4598,0.2468,0.0,0.0,"1,2,3,4,5",,,,,,,,
2026-08-15,3741,セック,情報・通信業,54.64,0.6,監視,0.7229,0.3198,0.6068,0.2545,0.828,0.431,0.8158,0.0323,0.0,1.0,0.1725,0.6549,0.6,0.8182,0.0,0.0,0.2,1.0,0.5556,0.8775,0.8791,"2,4",1.0,1.0,0.5,1.0,1.0,0.0828,0.5,0.7
2026-08-15,3762,テクマトリックス,情報・通信業,16.59,0.0,除外,0.0,0.0,0.3295,0.2438,0.2564,,,,,0.1286,0.4138,0.1756,0.6,0.0,0.0909,0.6842,0.2,0.7749,0.2508,0.0,0.0,"1,2,3,4,5",,,,,,,,
2026-08-15,3765,ガンホー・オンライン・エンターテイメント,情報・通信業,24.91,0.2,除外,0.0,0.0,0.6244,0.0632,0.5577,,,,,0.3491,0.5095,0.8391,0.8,0.0,0.0,0.0526,0.2,0.9186,0.1245,0.2729,0.9147,"1,2,4,5",,,,,,,,
2026-08-15,3769,ＧＭＯペイメントゲートウェイ,情報・通信業,59.83,0.6,監視,0.936,0.4958,0.6908,0.2242,0.6445,0.2668,0.6842,0.0323,1.0,0.9649,0.3541,0.5774,0.8667,,0.4727,0.0,0.2,1.0,,0.9335,0.0,"2,4",1.0,1.0,0.5,1.0,1.0,0.9883,1.0,1.0
2026-08-15,3774,インターネットイニシアティブ,情報・通信業,67.43,0.6,監視,0.9754,0.5892,0.6026,0.3749,0.8293,0.4823,0.8421,0.0323,1.0,0.6356,0.3267,0.7147,0.7333,0.0,0.9471,0.0526,0.5,0.6472,,0.9593,0.8813,"2,4",1.0,1.0,1.0,1.0,1.0,0.8029,1.0,1.0
2026-08-15,3778,さくらインターネット,情報・通信業,29.04,0.0,除外,0.0,0.0,0.5746,0.3494,0.5282,,,,,0.0,1.0,0.4316,0.8667,0.5455,0.0364,0.3158,0.5,0.797,0.3157,0.0,1.0,"1,2,3,4,5",,,,,,,,
2026-08-15,3817,ＳＲＡホールディングス,情報・通信業,22.34,0.0,除外,0.0,0.2143,0.3326,0.2211,0.3492,0.211,0.614,0.0323,0.0,0.0,0.3698,0.6941,0.2667,0.0,0.0,0.6842,0.2,0.7318,0.1591,0.3805,0.1254,"1,2,3,4,5",,,,,,,,
2026-08-15,3844,コムチュア,情報・通信業,33.34,0.2,除外,0.0,0.0,0.7029,0.4474,0.5169,,,,,0.7561,0.5008,0.9549,0.6,0.0,0.0,0.7895,1.0,1.0,0.1631,0.4985,0.4059,"1,2,4,5",,,,,,,,
2026-08-15,3853,アステリア,情報・通信業,35.73,0.0,除外,0.0,0.4318,0.4742,0.3182,0.5621,0.7739,0.9211,0.0323,0.0,1.0,0.0303,0.0,0.8667,0.7727,0.0,0.0,0.5,1.0,0.3889,0.8594,0.0,"1,2,3,4,5",,,,,,,,
2026-08-15,3854,アイル,情報・通信業,23.07,0.0,除外,0.0,0.0,0.4433,0.1908,0.5192,,,,,0.5356,0.4234,0.7477,0.0667,0.0,0.0,0.2632,0.5,0.5342,0.4444,0.4778,0.6202,"1,2,3,4,5",,,,,,,,
2026-08-15,3861,王子ホールディングス,パルプ・紙,54.18,0.2,除外,0.818,0.5669,0.5251,0.371,0.4281,0.4002,0.2222,0.6452,1.0,0.5369,0.4333,0.5968,0.5333,0.2273,0.1818,0.875,0.2,1.0,0.1489,0.336,0.2276,"2,3,4,5",1.0,0.8444,0.5,1.0,0.6545,0.5453,1.0,1.0
2026-08-15,3863,日本製紙,パルプ・紙,55.68,0.4,除外,0.8509,0.6856,0.4572,0.2754,0.5148,0.5418,0.5556,0.6452,1.0,0.7564,0.0743,0.5982,0.4,0.2,0.4909,0.2105,0.2,1.0,0.5132,0.2376,0.3084,"3,4,5",1.0,1.0,1.0,1.0,1.0,0.5069,1.0,0.3
2026-08-15,3864,三菱製紙,パルプ・紙,59.79,0.6,監視,0.9584,0.736,0.2682,0.4086,0.6181,0.74,0.7778,0.6452,0.7812,0.0,0.2189,0.4539,0.4,0.0,0.8029,0.6316,0.2,0.3302,,0.524,1.0,"3,4",1.0,1.0,1.0,1.0,1.0,0.6672,1.0,1.0
2026-08-15,3865,北越コーポレーション,パルプ・紙,28.58,0.2,除外,0.0,0.0,0.542,0.2213,0.6657,,,,,0.6059,0.2378,0.5911,0.7333,0.2273,0.0,0.1579,0.5,1.0,0.1331,0.7564,0.7732,"1,2,3,4",,,,,,,,
2026-08-15,3880,大王製紙,パルプ・紙,55.59,0.4,除外,0.7505,0.4734,0.5119,0.341,0.7026,0.4122,0.3333,0.6452,0.5029,0.6185,0.2934,0.5357,0.6,0.2273,0.2,0.7368,0.2,1.0,0.2653,0.5451,1.0,"2,3,4",1.0,0.9727,0.5,1.0,0.7257,0.3055,0.5,1.0
2026-08-15,3891,ニッポン高度紙工業,パルプ・紙,56.28,0.6,監視,0.675,0.6583,0.6955,0.3967,0.3886,0.9879,1.0,0.6452,0.0,1.0,0.8087,0.7067,0.2667,0.9545,0.4324,0.0,0.2,0.0,0.3757,0.5006,0.6783,"4,5",1.0,1.0,1.0,0.0,1.0,0.0,1.0,0.4
2026-08-15,3905,データセクション,情報・通信業,41.32,0.2,除外,0.3197,0.4604,0.4868,0.6795,0.1195,0.8357,0.9737,0.0323,0.0,0.9242,0.4488,0.0408,0.5333,0.8182,0.0,0.9,1.0,0.0,0.4778,0.0,0.0,"1,2,3,5",0.0,0.558,1.0,0.0,1.0,0.0,0.0,0.0
2026-08-15,3915,テラスカイ,情報・通信業,41.63,0.2,除外,0.56,0.0,0.5425,0.3763,0.6027,,,,,1.0,0.7034,0.0,0.4667,0.8636,0.0364,0.1053,0.5,0.3977,0.5556,0.513,0.9444,"1,2,3,4",1.0,0.5801,0.5,0.0,1.0,0.0,1.0,0.4
2026-08-15,3923,ラクス,情報・通信業,33.66,0.4,除外,0.0,0.0,0.6831,0.1825,0.8174,,,,,1.0,0.2825,0.7831,0.6667,0.0,0.1091,0.4211,0.2,0.7362,,0.716,1.0,"1,2,4",,,,,,,,
2026-08-15,3932,アカツキ,情報・通信業,64.26,0.8,本命,0.9705,0.0,0.8708,0.672,0.6999,,,,,0.7431,0.8923,0.9146,0.9333,0.7727,0.9941,0.4211,0.5,1.0,0.4444,0.355,1.0,2,1.0,0.9251,1.0,1.0,0.9766,0.8627,1.0,1.0
2026-08-15,3941,レンゴー,パルプ・紙,67.37,0.6,監視,0.9938,0.8398,0.2129,0.7474,0.5747,0.8252,0.8889,0.6452,1.0,0.0,0.3967,0.0551,0.4,,0.4,0.8421,1.0,1.0,0.2188,0.08,1.0,"3,5",1.0,1.0,1.0,1.0,1.0,0.9504,1.0,1.0
2026-08-15,3946,トーモク,パルプ・紙,58.28,0.4,除外,0.9978,0.7417,0.2922,0.475,0.4072,0.6549,0.6667,0.6452,1.0,0.0,0.6962,0.1391,0.3333,,0.3,0.925,0.2,0.8763,,0.1418,0.2035,"3,4,5",1.0,1.0,1.0,1.0,1.0,0.9828,1.0,1.0
2026-08-15,3950,ザ・パック,パルプ・紙,65.45,0.6,監視,0.9676,0.642,0.6827,0.5952,0.3852,0.4785,0.4444,0.6452,1.0,0.8644,0.5257,0.874,0.4667,,0.6909,0.8947,0.2,0.8585,,0.2972,0.0,"4,5",1.0,1.0,1.0,1.0,0.8814,0.8592,1.0,1.0
2026-08-15,3962,チェンジホールディングス,情報・通信業,26.13,0.0,除外,0.0,0.0,0.482,0.3421,0.4825,,,,,0.4494,0.1765,0.9687,0.3333,0.0,0.0,0.3684,1.0,0.7266,0.1294,0.5851,0.489,"1,2,3,4,5",,,,,,,,
2026-08-15,3964,オークネット,情報・通信業,56.35,0.4,除外,0.9612,0.4393,0.3833,0.3313,0.7026,0.795,0.9298,0.0323,0.0,0.0,1.0,0.0,0.5333,0.7727,0.3,0.0526,0.2,1.0,0.4151,0.3952,1.0,"2,3,4",1.0,1.0,1.0,1.0,1.0,0.6896,1.0,1.0
2026-08-15,3993,ＰＫＳＨＡ　Ｔｅｃｈｎｏｌｏｇｙ,情報・通信業,34.72,0.4,除外,0.0,0.0,0.7858,0.1645,0.7856,,,,,1.0,0.4416,0.9683,0.7333,0.0,0.0,0.1579,0.5,1.0,0.1694,0.9729,1.0,"1,2,4",,,,,,,,
2026-08-15,3994,マネーフォワード,情報・通信業,36.29,0.0,除外,0.0,0.4804,0.5261,0.3351,0.4728,0.2404,0.6491,0.0323,1.0,0.1416,0.4975,0.7319,0.7333,,0.4,0.1053,0.5,0.6606,,0.7577,0.0,"1,2,3,4,5",,,,,,,,
2026-08-15,4004,レゾナック・ホールディングス,化学,54.95,0.4,除外,0.8449,0.675,0.4697,0.3809,0.377,0.9902,1.0,0.7097,0.0,0.5079,0.4293,0.275,0.6667,0.8182,0.4,0.1053,0.2,0.0,0.2686,0.3233,0.9161,"3,4,5",1.0,1.0,1.0,1.0,1.0,0.3594,1.0,0.4
2026-08-15,4005,住友化学,化学,45.23,0.4,除外,0.6042,0.5299,0.1853,0.3239,0.6181,0.7257,0.6842,0.7097,0.0,0.0,0.3414,0.0,0.4,0.7273,0.0,0.3684,0.2,0.6619,0.2743,0.5363,1.0,"2,3,4",1.0,1.0,1.0,0.0,1.0,0.3335,0.5,0.0
2026-08-15,4008,住友精化,化学,48.54,0.2,除外,0.9625,0.5095,0.3583,0.2744,0.3224,0.6662,0.5684,0.7097,0.0939,0.0,0.9666,0.0,0.4667,,0.5706,0.0526,0.2,0.4794,0.1514,0.0,0.6588,"2,3,4,5",1.0,1.0,1.0,1.0,1.0,1.0,1.0,0.7
2026-08-15,4021,日産化学,化学,54.1,0.4,除外,0.7032,0.7241,0.3361,0.4326,0.5089,0.835,0.7895,0.7097,0.5624,0.2976,0.3442,0.6357,0.0667,0.8,0.4147,0.3158,0.2,0.0117,0.4137,0.6101,1.0,"3,4,5",1.0,1.0,1.0,0.0,1.0,0.6253,1.0,0.0
2026-08-15,4022,ラサ工業,化学,58.27,0.6,監視,0.8865,0.6289,0.6354,0.2604,0.5021,0.9111,0.8947,0.7097,0.0,1.0,0.3319,0.8098,0.4,0.6818,0.0545,0.1053,0.2,0.7384,0.5141,0.2994,0.4564,"4,5",1.0,1.0,1.0,1.0,1.0,0.3924,1.0,0.7
2026-08-15,4023,クレハ,化学,62.94,0.4,除外,0.8976,0.6738,0.5654,0.546,0.4641,0.5644,0.4211,0.7097,1.0,0.5274,0.4057,0.4616,0.8667,0.2273,0.3818,0.575,1.0,1.0,0.1602,0.6963,0.0,"3,4,5",1.0,0.9744,0.5,1.0,1.0,0.7064,1.0,1.0
2026-08-15,4028,石原産業,化学,53.06,0.6,監視,0.7536,0.4409,0.6197,0.1045,0.7344,0.6014,0.4526,0.7097,0.0,0.9712,0.49,0.2842,0.7333,0.1818,0.0364,0.0,0.2,1.0,0.163,0.7851,0.9896,"2,4",1.0,1.0,0.5,1.0,1.0,0.0289,0.5,1.0
2026-08-15,402A,アクセルスペースホールディングス,輸送用機器,34.62,0.0,除外,0.0,,0.5123,0.3559,0.5166,,,,,1.0,0.0,0.3825,0.6667,0.8182,0.0,0.1053,0.5,0.8722,0.4444,0.7498,0.0,"1,2,3,4,5",,,,,,,,
2026-08-15,4041,日本曹達,化学,58.23,0.6,監視,0.8628,0.62,0.6007,0.5131,0.3147,0.4544,0.3158,0.7097,1.0,0.6429,0.3549,0.805,0.6,0.2273,0.4,0.925,0.5,1.0,0.2549,0.0039,0.0,"4,5",1.0,1.0,0.5,1.0,0.6414,0.7611,1.0,1.0
2026-08-15,4042,東ソー,化学,57.76,0.6,監視,0.6848,0.4093,0.4282,0.6109,0.7548,0.5381,0.3895,0.7097,0.0,0.6154,0.4797,0.2845,0.3333,0.9545,0.9206,0.3684,0.2,0.7759,0.4778,0.7654,1.0,"2,3",1.0,1.0,1.0,0.0,0.8793,0.5988,1.0,0.0
2026-08-15,4043,トクヤマ,化学,42.86,0.0,除外,0.3539,0.5229,0.4229,0.5028,0.3403,0.7189,0.6632,0.7097,0.0,0.5431,0.1601,0.7216,0.2667,0.8636,0.0,0.9474,0.2,0.1969,0.4444,0.0,0.7201,"1,2,3,4,5",0.0,1.0,1.0,0.0,0.8312,0.0,0.0,0.0
2026-08-15,4044,セントラル硝子,化学,57.61,0.4,除外,0.9625,0.6751,0.302,0.3803,0.5605,0.633,0.5263,0.7097,0.8313,0.0,0.8078,0.0,0.4,,0.5882,0.0526,0.5,0.4978,0.4667,0.4112,0.8662,"3,4,5",1.0,1.0,1.0,1.0,1.0,1.0,1.0,0.7
2026-08-15,4045,東亞合成,化学,49.94,0.2,除外,0.9904,0.4872,0.4493,0.3567,0.2135,0.483,0.3474,0.7097,0.4086,0.2471,0.3652,0.7847,0.4,0.2273,0.4206,0.5789,0.2,0.601,0.2531,0.0,0.0,"2,3,4,5",1.0,1.0,1.0,1.0,0.9885,0.9345,1.0,1.0
2026-08-15,4046,大阪ソーダ,化学,36.75,0.2,除外,0.7996,0.2634,0.4589,0.0727,0.243,0.2178,0.1263,0.7097,0.0,0.318,0.5499,0.3677,0.6,0.0909,0.0,0.0,0.2,0.738,0.0867,0.1472,0.0,"2,3,4,5",1.0,0.786,0.5,1.0,1.0,0.4106,1.0,0.7
2026-08-15,4047,関東電化工業,化学,56.74,0.4,除外,0.675,0.6688,0.5949,0.4246,0.4737,0.9759,0.9895,0.7097,0.0,1.0,0.2902,0.8228,0.2667,0.8636,0.5294,0.1053,0.2,0.0,0.3889,0.5702,0.9355,"3,4,5",1.0,1.0,1.0,0.0,1.0,0.0,1.0,0.4
2026-08-15,4061,デンカ,化学,40.68,0.2,除外,0.5647,0.6001,0.212,0.4478,0.2094,0.8591,0.8316,0.7097,0.0,0.3737,0.1557,0.0517,0.2667,0.8182,0.0364,0.7368,0.2,0.3574,,0.2708,0.0,"1,3,4,5",1.0,1.0,1.0,0.0,1.0,0.0179,0.5,0.0
2026-08-15,4062,イビデン,電気機器,52.32,0.4,除外,0.6762,0.7288,0.3549,0.39,0.466,0.997,0.9829,0.9355,0.0,0.507,0.3894,0.5232,0.0,0.9545,0.3,0.1053,0.2,0.0,0.4444,0.4196,1.0,"3,4,5",1.0,1.0,1.0,0.0,1.0,0.0093,1.0,0.4
2026-08-15,4063,信越化学工業,化学,42.5,0.0,除外,0.5901,0.5164,0.4602,0.4124,0.146,0.7136,0.6421,0.7097,0.0,0.2114,0.3922,0.8372,0.4,0.8182,0.0,0.6316,0.2,0.0532,0.531,0.0,0.0,"1,2,3,4,5",1.0,1.0,1.0,0.0,1.0,0.2211,0.5,0.0
2026-08-15,4064,日本カーバイド工業,化学,53.6,0.2,除外,0.7172,0.5715,0.3711,0.4921,0.5281,0.8131,0.7579,0.7097,0.0052,0.7474,0.4224,0.2478,0.0667,0.9545,0.3559,0.1579,0.5,0.1963,0.4444,0.4719,1.0,"2,3,4,5",1.0,1.0,1.0,0.0,1.0,0.3377,1.0,0.4
2026-08-15,4071,プラスアルファ・コンサルティング,情報・通信業,28.98,0.0,除外,0.0,0.3822,0.523,0.2921,0.2519,0.6104,0.886,0.0323,0.0,0.4266,0.371,0.8945,0.4,0.6,0.0,0.3684,0.2,0.0,0.4507,0.0,0.5569,"1,2,3,4,5",,,,,,,,
2026-08-15,4078,堺化学工業,化学,55.28,0.4,除外,0.675,0.5135,0.633,0.473,0.4695,0.7129,0.6316,0.7097,0.0,1.0,0.5272,0.8046,0.2,0.8636,0.3706,0.1579,0.5,0.3641,0.4201,0.6981,0.3955,"2,4,5",1.0,1.0,1.0,0.0,1.0,0.0,1.0,0.4
2026-08-15,4082,第一稀元素化学工業,化学,48.14,0.4,除外,0.425,0.6513,0.617,0.1513,0.5623,0.9586,0.9368,0.7097,0.0,0.9663,0.2754,0.4265,0.8,0.0,0.0,0.1053,0.5,1.0,0.156,0.6763,0.4171,"1,4,5",0.0,1.0,0.5,0.0,1.0,0.0,0.5,0.4
2026-08-15,4088,エア・ウォーター,化学,66.51,0.8,本命,0.6913,0.418,0.7382,0.625,0.8529,0.4484,0.3053,0.7097,0.2086,0.5627,0.8708,0.5195,1.0,1.0,1.0,0.0,0.5,0.9671,0.4444,1.0,1.0,2,1.0,0.5594,1.0,0.0,1.0,0.5706,1.0,0.4
2026-08-15,4091,日本酸素ホールディングス,化学,63.16,0.6,監視,0.9766,0.3282,0.7256,0.4136,0.7138,0.3715,0.2316,0.7097,0.0,0.6186,0.5694,0.9143,0.8,0.8,0.6545,0.0,0.2,1.0,0.4444,0.7845,0.6263,"2,4",1.0,1.0,1.0,1.0,1.0,0.8126,1.0,1.0
2026-08-15,4092,日本化学工業,化学,60.96,0.4,除外,0.9599,0.8582,0.5824,0.2173,0.43,0.8809,0.8421,0.7097,1.0,1.0,0.0867,0.843,0.4,0.0,0.4588,0.2105,0.2,0.2528,0.3884,0.0785,1.0,"3,4,5",1.0,1.0,1.0,1.0,1.0,0.6792,1.0,1.0
2026-08-15,4095,日本パーカライジング,化学,65.87,0.8,本命,0.9291,0.6674,0.6996,0.3699,0.6276,0.5494,0.4105,0.7097,1.0,1.0,0.5356,0.7961,0.4667,0.9091,0.3706,0.0,0.2,0.5769,0.5711,0.5869,0.7756,4,1.0,1.0,1.0,1.0,1.0,0.7329,1.0,0.7
2026-08-15,4099,四国化成ホールディングス,化学,46.32,0.4,除外,0.6995,0.6547,0.2436,0.4351,0.2834,0.9616,0.9474,0.7097,0.0,0.0,0.4055,0.4355,0.1333,1.0,0.3824,0.1579,0.2,0.0,0.4024,0.1456,0.5857,"3,4,5",1.0,1.0,1.0,0.0,1.0,0.1956,1.0,0.4
2026-08-15,409A,オリオンビール,食料品,58.2,0.2,除外,,,0.8611,0.3553,0.5295,,,,,0.9365,0.8505,0.8573,0.8,0.0,0.0,0.4211,1.0,1.0,0.1181,0.0,1.0,"1,2,4,5",,,,,,,,
2026-08-15,4107,伊勢化学工業,化学,51.13,0.4,除外,0.3625,0.4816,0.7596,0.2859,0.667,0.6586,0.5579,0.7097,0.0,1.0,0.6513,0.587,0.8,0.0909,0.0,0.0526,1.0,0.6012,0.1432,0.9237,1.0,"1,2,4",0.0,1.0,0.5,0.0,1.0,0.0,0.0,0.4
2026-08-15,4109,ステラ　ケミファ,化学,42.77,0.0,除外,0.5625,0.4889,0.3468,0.4847,0.2558,0.6669,0.5789,0.7097,0.0,0.4293,0.4911,0.0,0.4667,0.8636,0.0,0.875,0.2,0.2245,0.1111,0.402,0.2857,"1,2,3,4,5",1.0,1.0,1.0,0.0,1.0,0.0,0.5,0.0
2026-08-15,4114,日本触媒,化学,63.97,0.6,監視,0.9375,0.6493,0.4038,0.6571,0.5509,0.5192,0.3684,0.7097,1.0,0.0,0.8817,0.0,0.7333,,0.1818,0.7895,1.0,1.0,0.2036,0.0,1.0,"3,5",1.0,1.0,0.5,1.0,1.0,1.0,1.0,1.0
2026-08-15,4116,大日精化工業,化学,55.21,0.4,除外,0.9375,0.6975,0.2504,0.4917,0.3833,0.6066,0.4737,0.7097,1.0,0.0,0.6017,0.0,0.4,,0.4,0.875,0.2,1.0,0.2742,0.0,0.2589,"3,4,5",1.0,1.0,0.5,1.0,1.0,1.0,1.0,1.0
2026-08-15,4118,カネカ,化学,71.36,0.8,本命,1.0,0.7014,0.6637,0.4772,0.7259,0.6375,0.5368,0.7097,0.9216,0.6928,0.6382,0.7903,0.5333,,0.3,0.6316,0.5,0.588,,0.5895,1.0,4,1.0,1.0,1.0,1.0,1.0,1.0,1.0,1.0
2026-08-15,4151,協和キリン,医薬品,53.27,0.4,除外,0.7833,0.5057,0.6678,0.2213,0.4851,0.3263,0.5676,0.129,1.0,0.9007,0.3839,0.8532,0.5333,0.2273,0.0,0.1579,0.5,0.9809,0.1582,0.6644,0.1369,"2,4,5",1.0,1.0,1.0,1.0,0.6138,0.5529,1.0,0.1
2026-08-15,417A,ブルーゾーンホールディングス,小売業,17.34,0.0,除外,0.0,0.0,0.2099,0.1331,0.5238,,,,,0.1894,0.269,0.3814,0.0,0.2273,0.0,0.1053,0.2,0.566,0.1294,0.3998,1.0,"1,2,3,4,5",,,,,,,,
2026-08-15,4180,Ａｐｐｉｅｒ　Ｇｒｏｕｐ,情報・通信業,29.0,0.2,除外,0.0,0.0,0.6235,0.2303,0.5962,,,,,1.0,0.4606,0.4335,0.6,0.0,0.0,0.4211,0.5,1.0,0.1111,0.8093,0.4646,"1,2,4,5",,,,,,,,
2026-08-15,4182,三菱瓦斯化学,化学,40.9,0.2,除外,0.4875,0.6157,0.301,0.2677,0.373,0.89,0.8632,0.7097,0.0,0.3972,0.2188,0.0547,0.5333,0.8182,0.0,0.0526,0.2,0.0877,0.4264,0.3697,0.6081,"1,3,4,5",0.0,1.0,1.0,0.0,1.0,0.0,0.5,0.4
2026-08-15,4183,三井化学,化学,59.62,0.4,除外,0.9607,0.3946,0.4962,0.4289,0.7006,0.5079,0.3579,0.7097,0.0027,0.3194,0.6769,0.122,0.8667,0.2273,0.9882,0.0,0.5,0.962,0.0925,0.7477,1.0,"2,3,4",1.0,1.0,1.0,1.0,1.0,0.6858,1.0,1.0
2026-08-15,4186,東京応化工業,化学,50.86,0.2,除外,0.5758,0.6349,0.3881,0.5816,0.3624,0.9246,0.9053,0.7097,0.0,0.1844,0.4004,0.3678,0.6,1.0,0.3,0.5263,0.5,0.0904,0.3591,0.0,1.0,"1,3,4,5",1.0,1.0,1.0,0.0,1.0,0.1067,0.5,0.0
2026-08-15,4187,大阪有機化学工業,化学,47.69,0.2,除外,0.6457,0.5967,0.2688,0.4855,0.3876,0.8561,0.8211,0.7097,0.0,0.0,0.1242,0.8845,0.0667,0.8636,0.0364,0.8421,0.2,0.0,0.2222,0.3283,1.0,"2,3,4,5",1.0,1.0,1.0,0.0,1.0,0.1656,1.0,0.0
2026-08-15,4188,三菱ケミカルグループ,化学,72.82,0.8,本命,0.9125,0.7769,0.5241,0.6159,0.8114,0.7242,0.6737,0.7097,1.0,0.3485,0.3872,0.8275,0.5333,,0.9794,0.3684,0.5,0.7688,,0.695,0.9703,3,1.0,1.0,1.0,1.0,1.0,1.0,1.0,0.3
2026-08-15,4189,ＫＨネオケム,化学,52.35,0.2,除外,0.9943,0.5996,0.3398,0.5705,0.1135,0.4152,0.2737,0.7097,1.0,0.2078,0.7513,0.0,0.4,,0.6364,0.575,0.5,0.1463,0.3076,0.0,0.0,"2,3,4,5",1.0,1.0,1.0,1.0,1.0,0.9546,1.0,1.0
2026-08-15,4194,ビジョナル,情報・通信業,25.49,0.2,除外,0.0,0.0,0.6808,0.3628,0.2309,,,,,1.0,0.258,0.932,0.5333,0.0,0.1091,0.8421,0.5,0.3516,0.1205,0.4514,0.0,"1,2,4,5",,,,,,,,
2026-08-15,4202,ダイセル,化学,58.11,0.4,除外,0.9311,0.603,0.5331,0.2955,0.5426,0.4182,0.2842,0.7097,1.0,0.4762,0.3347,0.8547,0.4667,0.2273,0.4545,0.0,0.5,1.0,0.1679,0.9316,0.071,"3,4,5",1.0,0.8496,1.0,1.0,1.0,0.5996,1.0,1.0
2026-08-15,4203,住友ベークライト,化学,59.28,0.4,除外,0.946,0.8141,0.3786,0.5473,0.2778,0.7995,0.7474,0.7097,1.0,0.0,0.9145,0.0,0.6,0.9545,0.9294,0.1053,0.2,0.0,0.1111,0.0,1.0,"3,4,5",1.0,1.0,1.0,1.0,1.0,0.8678,1.0,0.7
2026-08-15,4204,積水化学工業,化学,42.56,0.4,除外,0.0,0.5379,0.7405,0.1463,0.7033,0.263,0.1789,0.7097,1.0,1.0,0.5004,0.6615,0.8,0.2273,0.0,0.1579,0.2,0.9771,0.1275,0.8541,0.8545,"1,2,4",,,,,,,,
2026-08-15,4205,日本ゼオン,化学,64.12,0.4,除外,0.9625,0.7557,0.4976,0.4418,0.5482,0.7159,0.6526,0.7097,0.9446,0.0,0.4913,0.8325,0.6667,,0.9676,0.1579,0.2,0.5223,0.2569,0.4136,1.0,"3,4,5",1.0,1.0,1.0,1.0,1.0,1.0,1.0,0.7
2026-08-15,4206,アイカ工業,化学,48.91,0.2,除外,0.9255,0.5296,0.3293,0.4707,0.1907,0.2509,0.1579,0.7097,1.0,0.0,0.6505,0.0,0.6667,,0.4909,0.4211,0.5,0.2335,0.2462,0.0,0.283,"2,3,4,5",1.0,0.5632,1.0,1.0,0.8405,1.0,1.0,1.0
2026-08-15,4208,ＵＢＥ,化学,65.35,0.6,監視,1.0,0.7071,0.4836,0.4054,0.6712,0.624,0.4947,0.7097,1.0,0.4914,0.4114,0.365,0.6667,,0.9636,0.0526,0.2,1.0,0.3512,0.3338,1.0,"3,4",1.0,1.0,1.0,1.0,1.0,1.0,1.0,1.0
2026-08-15,4212,積水樹脂,化学,62.44,0.6,監視,0.9854,0.6875,0.8213,0.4742,0.1536,0.5983,0.4421,0.7097,1.0,0.9603,1.0,0.658,0.6667,,0.6727,0.55,0.2,0.4158,,0.045,0.0,"4,5",1.0,1.0,1.0,1.0,1.0,0.8834,1.0,1.0
2026-08-15,4216,旭有機材,化学,56.19,0.4,除外,0.6349,0.5369,0.7877,0.5692,0.281,0.743,0.6947,0.7097,0.0,0.8949,0.622,0.9674,0.6667,0.9545,0.3853,0.7368,0.2,0.0,0.4444,0.6047,0.0749,"2,4,5",1.0,1.0,1.0,0.0,1.0,0.0789,1.0,0.0
2026-08-15,4220,リケンテクノス,化学,50.41,0.4,除外,0.9813,0.7981,0.3228,0.3,0.1184,0.7566,0.7263,0.7097,1.0,0.0,0.8911,0.0,0.4,0.0,0.3,0.7,0.2,0.3552,,0.0,0.0,"3,4,5",1.0,1.0,1.0,1.0,1.0,0.8505,1.0,1.0
2026-08-15,4221,大倉工業,化学,33.36,0.0,除外,0.0,0.5961,0.3595,0.5439,0.1684,0.4115,0.2632,0.7097,1.0,0.0,0.1931,0.9782,0.2667,,0.1818,0.95,0.5,0.5053,,0.0,0.0,"1,2,3,4,5",,,,,,,,
2026-08-15,4246,ダイキョーニシカワ,化学,59.56,0.4,除外,1.0,0.509,0.5538,0.2544,0.6608,0.7054,0.6211,0.7097,0.0,0.7828,0.3042,0.5281,0.6,,0.3,0.2632,0.2,1.0,0.3179,0.3252,1.0,"2,3,4",1.0,1.0,1.0,1.0,1.0,1.0,1.0,1.0
2026-08-15,4259,エクサウィザーズ,情報・通信業,61.17,0.6,監視,0.675,0.4733,0.6394,0.56,0.711,0.8787,0.9825,0.0323,0.0,1.0,0.3454,0.612,0.6,0.7727,0.9147,0.0526,0.5,0.5583,0.4444,0.8414,1.0,"2,4",1.0,1.0,1.0,0.0,1.0,0.0,1.0,0.4
2026-08-15,4272,日本化薬,化学,56.15,0.4,除外,0.9333,0.5062,0.293,0.3494,0.7257,0.7046,0.6105,0.7097,0.0,0.2342,0.3188,0.3522,0.2667,0.8182,0.3794,0.0,0.2,1.0,0.4373,0.4656,1.0,"2,3,4",1.0,1.0,1.0,1.0,1.0,0.7661,1.0,0.7
2026-08-15,4275,カーリット,化学,52.66,0.4,除外,0.5,0.6697,0.4188,0.3331,0.7115,0.844,0.8105,0.7097,0.3145,0.5343,0.2056,0.4021,0.5333,0.2273,0.0,0.1053,1.0,1.0,0.146,0.7002,1.0,"1,3,4",0.0,1.0,0.5,0.0,1.0,0.0,0.5,1.0
2026-08-15,4290,プレステージ・インターナショナル,サービス業,51.01,0.2,除外,0.7935,0.4804,0.4838,0.3714,0.4215,0.3595,0.6353,0.0968,0.8302,0.1028,0.6657,0.6999,0.4667,0.0,0.0909,0.8947,0.5,1.0,0.1071,0.0,0.5791,"2,3,4,5",1.0,0.6429,0.5,1.0,0.4956,0.7098,1.0,1.0
2026-08-15,4293,セプテーニ・ホールディングス,サービス業,62.1,0.6,監視,0.8583,0.3153,0.7579,0.5162,0.6572,0.4469,0.7176,0.0968,0.0,1.0,0.4199,0.9449,0.6667,0.8182,0.9941,0.0526,0.2,0.4431,0.3889,0.7967,1.0,"2,4",1.0,1.0,1.0,1.0,1.0,0.5664,1.0,0.3
2026-08-15,4307,野村総合研究所,情報・通信業,14.31,0.0,除外,0.0,0.0,0.3732,0.0763,0.2661,,,,,0.1182,0.3169,0.4577,0.6,0.0,0.0,0.1053,0.2,0.5199,0.1335,0.4111,0.0,"1,2,3,4,5",,,,,,,,
2026-08-15,4324,電通グループ,サービス業,51.16,0.2,除外,0.9246,0.47,0.5251,0.4833,0.1551,0.2773,0.5059,0.0968,1.0,0.2225,0.2288,0.916,0.7333,,0.4,0.85,0.2,0.4652,,0.0,0.0,"2,3,4,5",1.0,1.0,0.5,1.0,1.0,0.8967,1.0,1.0
2026-08-15,4343,イオンファンタジー,サービス業,19.81,0.0,除外,0.0,0.0,0.3379,0.3563,0.2963,,,,,0.0,0.5822,0.3029,0.4667,0.0,0.0,0.925,0.5,0.5166,0.1137,0.5551,0.0,"1,2,3,4,5",,,,,,,,
2026-08-15,4368,扶桑化学工業,化学,47.51,0.4,除外,0.6125,0.6586,0.2471,0.4013,0.4561,0.9668,0.9579,0.7097,0.0,0.2576,0.2903,0.1739,0.2667,1.0,0.3,0.1053,0.2,0.1379,0.3889,0.2976,1.0,"3,4,5",1.0,1.0,1.0,0.0,1.0,0.0,0.5,0.4
2026-08-15,4369,トリケミカル研究所,化学,48.41,0.4,除外,0.6902,0.2574,0.6798,0.3145,0.4788,0.2042,0.1158,0.7097,0.0,1.0,0.446,0.7399,0.5333,0.8636,0.0364,0.1579,0.2,0.0,0.5149,0.4004,1.0,"2,4,5",1.0,0.9301,1.0,0.0,1.0,0.1914,1.0,0.4
2026-08-15,4373,シンプレクス・ホールディングス,情報・通信業,51.22,0.4,除外,0.8627,0.4908,0.3609,0.15,0.6966,0.3218,0.7368,0.0323,0.8725,0.1927,0.4526,0.7317,0.0667,0.0,0.4,0.0,0.2,0.529,,0.5609,1.0,"2,3,4",1.0,0.6385,0.5,1.0,1.0,0.7633,1.0,1.0
2026-08-15,4385,メルカリ,情報・通信業,51.3,0.4,除外,0.9813,0.7062,0.3505,0.2227,0.3045,0.8274,0.9649,0.0323,1.0,0.2771,0.5871,0.1379,0.4,0.0,0.6382,0.0526,0.2,0.6113,0.384,0.2227,0.0,"3,4,5",1.0,1.0,1.0,1.0,1.0,0.8505,1.0,1.0
2026-08-15,4390,ＩＰＳ,情報・通信業,62.61,0.4,除外,0.9079,0.401,0.5042,0.5619,0.7555,0.6684,0.9035,0.0323,0.0,0.9867,0.3539,0.276,0.4,0.8182,0.9294,0.0,0.5,1.0,0.4278,0.5943,1.0,"2,3,4",1.0,0.6775,1.0,1.0,1.0,0.5857,1.0,1.0
2026-08-15,4392,ＦＩＧ,情報・通信業,62.0,0.8,本命,0.625,0.5026,0.6725,0.6612,0.6389,0.9781,1.0,0.0323,0.0,1.0,0.3363,0.7537,0.6,0.7727,0.8971,0.775,0.2,1.0,0.5556,0.0,1.0,2,1.0,1.0,1.0,0.0,1.0,0.0,1.0,0.0
2026-08-15,4401,ＡＤＥＫＡ,化学,46.03,0.2,除外,0.8803,0.5022,0.2811,0.1609,0.477,0.6993,0.6,0.7097,0.0,0.0,0.6577,0.0,0.4667,0.0909,0.0,0.0526,0.5,0.7729,0.1352,0.0,1.0,"2,3,4,5",1.0,1.0,0.5,1.0,1.0,0.8426,1.0,0.7
2026-08-15,4403,日油,化学,26.64,0.2,除外,0.167,0.0,0.3043,0.05,0.8109,,,,,0.6944,0.1745,0.2151,0.1333,0.0,0.0,0.0,0.2,1.0,0.3046,0.9388,1.0,"1,2,3,4",0.0,0.7411,0.0,0.0,0.2366,0.2579,0.0,0.1
2026-08-15,4413,ボードルア,情報・通信業,50.81,0.2,除外,0.7081,0.4771,0.5755,0.5059,0.2739,0.2359,0.6404,0.0323,1.0,0.3274,0.3765,0.8647,0.7333,0.6,0.8182,0.1053,0.5,0.4793,0.1266,0.24,0.2499,"2,3,4,5",1.0,0.7747,0.5,1.0,1.0,0.2897,1.0,0.1
2026-08-15,4419,Ｆｉｎａｔｅｘｔホールディングス,情報・通信業,64.38,0.6,監視,0.9679,0.6221,0.6674,0.461,0.5008,0.5878,0.8684,0.0323,1.0,0.861,0.4004,0.8083,0.6,0.4,0.9441,0.0,0.5,0.9695,0.3292,0.7045,0.0,"4,5",1.0,1.0,1.0,1.0,1.0,0.7431,1.0,1.0
2026-08-15,4425,Ｋｕｄａｎ,情報・通信業,51.54,0.4,除外,0.375,0.4461,0.7346,0.2994,0.722,0.8048,0.9474,0.0323,0.0,1.0,0.4639,0.6746,0.8,0.6818,0.0,0.3158,0.2,1.0,0.4494,0.4384,1.0,"1,2,4",0.0,1.0,0.5,0.0,1.0,0.0,0.5,0.0
2026-08-15,4432,ウイングアーク１ｓｔ,情報・通信業,17.2,0.0,除外,0.0,0.0,0.3912,0.2878,0.181,,,,,0.0,0.4906,0.8741,0.2,0.0,0.1091,0.8421,0.2,0.5609,0.1632,0.0,0.0,"1,2,3,4,5",,,,,,,,
2026-08-15,4443,Ｓａｎｓａｎ,情報・通信業,43.89,0.2,除外,0.8563,0.0,0.5306,0.3699,0.4375,,,,,0.6883,0.4517,0.5157,0.4667,0.0,0.4545,0.825,0.2,0.3838,,0.569,0.3598,"2,3,4,5",1.0,0.5432,0.5,1.0,1.0,0.8069,1.0,1.0
2026-08-15,4452,花王,化学,40.76,0.2,除外,0.886,0.5185,0.2478,0.3593,0.0265,0.2276,0.1368,0.7097,1.0,0.1197,0.4715,0.0,0.4,,0.4727,0.1053,0.5,0.0794,,0.0,0.0,"2,3,4,5",1.0,0.6314,0.5,1.0,0.9566,1.0,1.0,1.0
2026-08-15,4461,第一工業製薬,化学,51.62,0.4,除外,0.957,0.8954,0.2722,0.1375,0.3188,0.9457,0.9263,0.7097,1.0,0.0,0.4887,0.0,0.6,,0.0545,0.1579,0.2,0.0,0.4103,0.0,0.8651,"3,4,5",1.0,1.0,1.0,1.0,1.0,0.9558,1.0,0.7
2026-08-15,4471,三洋化成工業,化学,43.96,0.2,除外,0.9375,0.4294,0.3667,0.1842,0.2804,0.5765,0.4316,0.7097,0.0,0.0,1.0,0.0,0.4667,,0.0,0.0526,0.5,0.879,0.2425,0.0,0.0,"2,3,4,5",1.0,1.0,0.5,1.0,1.0,1.0,1.0,1.0
2026-08-15,4475,ＨＥＮＮＧＥ,情報・通信業,24.66,0.2,除外,0.0,0.0,0.3277,0.7636,0.1414,,,,,0.0,0.8442,0.0,0.4667,,0.2909,1.0,1.0,0.265,,0.0,0.1593,"1,2,3,5",,,,,,,,
2026-08-15,4477,ＢＡＳＥ,情報・通信業,18.95,0.0,除外,0.0,0.0,0.3332,0.2763,0.338,,,,,0.0803,0.3301,0.3225,0.6,0.0,0.0,0.1053,1.0,0.6848,0.0733,0.3288,0.2651,"1,2,3,4,5",,,,,,,,
2026-08-15,4478,フリー,情報・通信業,29.54,0.2,除外,0.0,0.0,0.701,0.3487,0.4275,,,,,0.6513,0.5237,0.8291,0.8,0.0,0.0,0.8947,0.5,1.0,0.1259,0.584,0.0,"1,2,4,5",,,,,,,,
2026-08-15,4480,メドレー,情報・通信業,33.71,0.4,除外,0.0,0.0,0.6695,0.3158,0.7002,,,,,0.5842,0.4843,0.8096,0.8,0.0,0.0,0.2632,1.0,1.0,0.1281,0.6726,1.0,"1,2,4",,,,,,,,
2026-08-15,4481,ベース,情報・通信業,25.61,0.0,除外,0.0,0.0,0.4219,0.2745,0.5839,,,,,1.0,0.1073,0.3138,0.2667,0.5455,0.0,0.0526,0.5,0.9078,0.1282,0.7408,0.5587,"1,2,3,4,5",,,,,,,,
2026-08-15,4483,ＪＭＤＣ,情報・通信業,26.99,0.2,除外,0.0,0.0,0.5185,0.125,0.7061,,,,,0.6444,0.5384,0.2247,0.6667,0.0,0.0,0.0,0.5,1.0,0.1427,0.6816,1.0,"1,2,3,4",,,,,,,,
2026-08-15,4502,武田薬品工業,医薬品,54.78,0.2,除外,0.8239,0.5913,0.5524,0.3281,0.4435,0.4793,0.7568,0.129,1.0,0.5487,0.436,0.825,0.4,0.4091,0.5455,0.1579,0.2,0.5233,0.1944,0.2094,0.8469,"2,3,4,5",1.0,1.0,0.5,1.0,1.0,0.7908,1.0,0.3
2026-08-15,4503,アステラス製薬,医薬品,53.4,0.4,除外,0.8821,0.4374,0.437,0.2839,0.6297,0.7016,0.9189,0.129,0.0,0.3045,0.5245,0.5856,0.3333,0.4091,0.0,0.5263,0.2,1.0,0.1399,0.3787,1.0,"2,3,4",1.0,1.0,0.5,1.0,1.0,0.5567,1.0,1.0
2026-08-15,4506,住友ファーマ,医薬品,40.1,0.2,除外,0.0,0.4159,0.4949,0.2938,0.8003,0.6428,0.8919,0.129,0.0,0.5099,0.2957,0.374,0.8,0.0,0.0,0.975,0.2,1.0,0.2013,1.0,1.0,"1,2,3,4",,,,,,,,
2026-08-15,4507,塩野義製薬,医薬品,37.61,0.2,除外,0.4148,0.2796,0.3337,0.1331,0.7191,0.3677,0.6216,0.129,0.0,0.4674,0.1756,0.4252,0.2667,0.2273,0.0,0.1053,0.2,1.0,0.4156,0.4609,1.0,"1,2,3,4",0.0,1.0,0.5,1.0,0.6155,0.1026,0.0,0.1
2026-08-15,4516,日本新薬,医薬品,30.98,0.0,除外,0.2526,0.3749,0.2502,0.1553,0.5159,0.5599,0.8108,0.129,0.0,0.0,0.0,0.6673,0.3333,0.0,0.0,0.4211,0.2,0.9646,0.0989,0.0,1.0,"1,2,3,4,5",0.0,0.9815,0.5,0.0,0.5396,0.0,0.0,0.0
2026-08-15,4519,中外製薬,医薬品,34.3,0.2,除外,0.2207,0.0,0.4242,0.4256,0.6445,,,,,0.1604,0.3646,0.6384,0.5333,0.2273,0.0,0.975,0.5,1.0,0.1346,0.4434,1.0,"1,2,3,4",0.0,0.6553,0.5,0.0,0.6105,0.0,0.0,0.0
2026-08-15,4521,科研製薬,医薬品,33.76,0.2,除外,0.6198,0.1974,0.1731,0.1068,0.591,0.2283,0.4324,0.129,0.0,0.0,0.2018,0.1574,0.3333,0.2273,0.0,0.0,0.2,1.0,0.1057,0.2585,1.0,"2,3,4,5",1.0,0.6598,0.5,1.0,0.3911,0.6077,0.5,0.3
2026-08-15,4523,エーザイ,医薬品,41.0,0.0,除外,0.0,0.4834,0.493,0.5443,0.5291,0.2909,0.5135,0.129,1.0,0.571,0.3867,0.8809,0.1333,0.2273,0.0,0.95,1.0,0.9697,0.139,0.0602,0.9476,"1,2,3,4,5",,,,,,,,
2026-08-15,4526,理研ビタミン,食料品,62.93,0.4,除外,0.8567,0.5382,0.8125,0.4617,0.4773,0.4069,0.52,0.2258,1.0,1.0,0.5926,0.9242,0.7333,,0.7273,0.1579,0.5,0.6533,,0.6066,0.1719,"2,4,5",1.0,0.945,1.0,1.0,0.6879,0.9207,1.0,0.3
2026-08-15,4527,ロート製薬,医薬品,19.64,0.0,除外,0.0,0.3279,0.211,0.1842,0.2588,0.4529,0.7297,0.129,0.0,0.0,0.7771,0.0,0.0667,,0.0,0.0526,0.5,0.3703,0.132,0.0,0.5328,"1,2,3,4,5",,,,,,,,
2026-08-15,4528,小野薬品工業,医薬品,51.33,0.2,除外,0.7147,0.4649,0.5289,0.2706,0.5873,0.7317,0.9459,0.129,0.0531,0.6722,0.2734,0.7699,0.4,0.2273,0.4971,0.1579,0.2,0.9031,0.125,0.7951,0.526,"2,3,4,5",1.0,1.0,0.5,1.0,1.0,0.6179,0.5,0.1
2026-08-15,4534,持田製薬,医薬品,27.93,0.2,除外,0.0,0.2416,0.3216,0.1068,0.7266,0.2969,0.5405,0.129,0.0,0.0444,0.2496,0.3256,0.6667,0.2273,0.0,0.0,0.2,1.0,0.1501,0.7561,1.0,"1,2,3,4",,,,,,,,
2026-08-15,4536,参天製薬,医薬品,52.83,0.2,除外,0.6845,0.4858,0.4423,0.5373,0.4915,0.5426,0.7838,0.129,0.488,0.4119,0.4629,0.6944,0.2,0.8,0.9912,0.1579,0.2,0.7283,,0.3162,0.4301,"2,3,4,5",1.0,1.0,1.0,0.0,1.0,0.4758,1.0,0.0
2026-08-15,4540,ツムラ,医薬品,22.64,0.0,除外,0.277,0.2704,0.2116,0.099,0.2739,0.358,0.5946,0.129,0.0,0.0,0.3751,0.4047,0.0667,0.0909,0.0,0.1053,0.2,0.7776,0.1023,0.2158,0.0,"1,2,3,4,5",0.0,0.7896,0.5,0.0,0.2788,0.5477,0.0,0.1
2026-08-15,4543,テルモ,精密機器,27.8,0.2,除外,0.0,0.0,0.6192,0.3258,0.4449,,,,,0.7781,0.2831,0.6822,0.7333,,0.1091,0.3684,0.5,0.4904,0.2891,0.0,1.0,"1,2,4,5",,,,,,,,
2026-08-15,4544,Ｈ．Ｕ．グループホールディングス,サービス業,31.96,0.2,除外,0.0,0.4481,0.6791,0.05,0.4208,0.2954,0.5412,0.0968,0.8591,0.9914,0.3988,0.9928,0.3333,0.0,0.0,0.0,0.2,0.866,,0.3965,0.0,"1,2,4,5",,,,,,,,
2026-08-15,4547,キッセイ薬品工業,医薬品,36.55,0.2,除外,0.0,0.452,0.6289,0.1594,0.5871,0.2487,0.4595,0.129,0.9706,1.0,0.2613,0.7209,0.5333,0.2273,0.0,0.2105,0.2,1.0,0.1459,0.2025,1.0,"1,2,4,5",,,,,,,,
2026-08-15,4548,生化学工業,医薬品,39.34,0.2,除外,0.2906,0.3106,0.3129,0.2695,0.7832,0.4378,0.6757,0.129,0.0,0.4698,0.3152,0.0001,0.4667,0.7727,0.0,0.1053,0.2,1.0,0.7803,0.3525,1.0,"1,2,3,4",0.0,0.9711,0.5,0.0,0.336,0.4181,0.0,0.1
2026-08-15,4549,栄研化学,医薬品,25.15,0.0,除外,0.1658,0.3195,0.1683,0.3329,0.2708,0.4461,0.7027,0.129,0.0,0.0,0.0751,0.5314,0.0667,0.5,0.0,0.6316,0.2,0.1332,0.3396,0.0,0.6103,"1,2,3,4,5",0.0,0.5116,0.5,0.0,0.3149,0.0,0.0,0.0
2026-08-15,4552,ＪＣＲファーマ,医薬品,27.94,0.0,除外,0.0,0.0,0.4947,0.3026,0.5999,,,,,0.6911,0.3239,0.764,0.2,0.0,0.0,0.2105,1.0,0.8469,0.1125,0.4401,1.0,"1,2,3,4,5",,,,,,,,
2026-08-15,4553,東和薬品,医薬品,48.47,0.4,除外,0.4326,0.6064,0.5584,0.1463,0.6799,0.5923,0.8649,0.129,0.8395,0.6291,0.5429,0.6614,0.4,0.2273,0.0,0.1579,0.2,1.0,0.4621,0.2843,0.9732,"1,3,4",0.0,1.0,0.5,0.0,1.0,0.3605,0.5,0.1
2026-08-15,4554,富士製薬工業,医薬品,40.94,0.0,除外,0.3125,0.3883,0.4019,0.4523,0.4919,0.5863,0.8378,0.129,0.0,0.4253,0.4948,0.2876,0.4,0.4091,0.0,0.9,0.5,0.9886,0.1565,0.8225,0.0,"1,2,3,4,5",0.0,1.0,0.5,0.0,1.0,0.0,0.0,0.0
2026-08-15,4559,ゼリア新薬工業,医薬品,33.88,0.2,除外,0.2439,0.1871,0.2243,0.2695,0.7692,0.214,0.4054,0.129,0.0,0.195,0.2426,0.1929,0.2667,0.7727,0.0,0.1053,0.2,1.0,0.5756,0.6914,0.8097,"1,2,3,4",0.0,0.6074,0.5,0.0,0.3158,0.4283,0.0,0.1
2026-08-15,4565,ネクセラファーマ,医薬品,38.84,0.4,除外,0.0,0.2164,0.6154,0.4568,0.6535,0.2502,0.4865,0.129,0.0,0.899,0.2074,0.6887,0.6667,0.7273,0.0,0.9,0.2,0.9251,0.3333,0.7372,0.6184,"1,2,4",,,,,,,,
2026-08-15,4568,第一三共,医薬品,24.03,0.2,除外,0.0,0.0,0.6384,0.0895,0.4734,,,,,0.6506,0.4132,0.7567,0.7333,0.0,0.0,0.1579,0.2,1.0,0.1304,0.0,0.7632,"1,2,4,5",,,,,,,,
2026-08-15,4569,杏林製薬,医薬品,21.9,0.0,除外,0.0,0.0,0.3303,0.2344,0.53,,,,,0.8123,0.241,0.2681,0.0,0.2273,0.0,0.2105,0.5,1.0,0.1201,0.0,1.0,"1,2,3,4,5",,,,,,,,
2026-08-15,4578,大塚ホールディングス,医薬品,47.44,0.2,除外,0.9943,0.5642,0.1479,0.3775,0.2882,0.7362,0.973,0.129,0.4184,0.0,0.3014,0.2237,0.0667,,0.4588,0.4737,0.2,0.4395,0.4167,0.0,0.2967,"2,3,4,5",1.0,1.0,1.0,1.0,1.0,0.9543,1.0,1.0
2026-08-15,4587,ペプチドリーム,医薬品,28.54,0.4,除外,0.0,0.0,0.6339,0.125,0.668,,,,,1.0,0.3606,0.9749,0.2,0.0,0.0,0.0,0.5,0.7129,0.1685,0.7906,1.0,"1,2,4",,,,,,,,
2026-08-15,4588,オンコリスバイオファーマ,医薬品,64.14,0.6,監視,0.8689,0.5283,0.6748,0.2929,0.842,0.9842,1.0,0.129,0.0,1.0,0.3048,0.6612,0.7333,0.2727,0.5412,0.1579,0.2,1.0,0.4964,0.8716,1.0,"2,4",1.0,1.0,1.0,1.0,1.0,0.2514,1.0,0.7
2026-08-15,4592,サンバイオ,医薬品,33.93,0.4,除外,0.0,0.0,0.643,0.2697,0.7838,,,,,1.0,0.0829,0.8224,0.6667,0.0,0.0,0.5789,0.5,1.0,0.5556,0.5796,1.0,"1,2,4",,,,,,,,
2026-08-15,4593,ヘリオス,医薬品,27.54,0.2,除外,0.0,0.0,0.6422,0.25,0.4847,,,,,0.9496,0.1667,0.9191,0.5333,0.0,0.0,0.0,1.0,0.7789,0.1231,0.1793,0.8576,"1,2,4,5",,,,,,,,
2026-08-15,4595,ミズホメディー,医薬品,45.72,0.2,除外,0.5673,0.2956,0.548,0.1818,0.6932,0.4047,0.6486,0.129,0.0,1.0,0.0,0.7918,0.4,0.2273,0.0,0.0,0.5,0.9253,0.1739,0.6736,1.0,"1,2,3,4",0.0,0.6167,0.5,1.0,0.6765,0.5452,0.5,0.7
2026-08-15,4612,日本ペイントホールディングス,化学,43.05,0.2,除外,0.9655,0.0,0.5627,0.4538,0.1703,,,,,0.5934,0.5118,0.8124,0.3333,,0.6364,0.525,0.2,0.511,,0.0,0.0,"2,3,4,5",1.0,1.0,1.0,1.0,0.9742,0.7502,1.0,1.0
2026-08-15,4613,関西ペイント,化学,56.63,0.4,除外,1.0,0.6937,0.4503,0.5367,0.151,0.6021,0.4632,0.7097,1.0,0.062,0.7005,0.3054,0.7333,,0.6364,0.4737,0.5,0.4529,,0.0,0.0,"3,4,5",1.0,1.0,1.0,1.0,1.0,1.0,1.0,1.0
2026-08-15,4617,中国塗料,化学,46.03,0.2,除外,0.4964,0.6634,0.5512,0.05,0.5405,0.5441,0.4,0.7097,1.0,0.2746,0.3528,0.9775,0.6,0.0,0.0,0.0,0.2,0.6975,0.1109,0.8998,0.4539,"1,3,4,5",0.0,0.5733,0.0,1.0,0.8136,0.084,0.5,1.0
2026-08-15,4626,太陽ホールディングス,化学,38.63,0.0,除外,0.4459,0.4612,0.253,0.3218,0.4498,0.63,0.5053,0.7097,0.0,0.0,0.6086,0.27,0.1333,0.1818,0.0,0.1053,1.0,0.6635,0.1767,0.959,0.0,"1,2,3,4,5",0.0,1.0,0.5,0.0,1.0,0.1673,0.5,0.4
2026-08-15,4631,ＤＩＣ,化学,58.13,0.2,除外,0.9625,0.5401,0.5495,0.3961,0.4582,0.7453,0.7053,0.7097,0.0,0.4835,0.3992,0.6485,0.6667,,0.9882,0.0,0.2,0.5198,0.1426,0.1706,1.0,"2,3,4,5",1.0,1.0,1.0,1.0,1.0,1.0,1.0,0.7
2026-08-15,4633,サカタインクス,化学,56.29,0.4,除外,0.9311,0.6318,0.5501,0.4191,0.2822,0.4808,0.3368,0.7097,1.0,0.8077,0.2394,0.6868,0.4667,0.1818,0.4,0.8947,0.2,0.7219,0.1353,0.2715,0.0,"3,4,5",1.0,0.8833,1.0,1.0,0.7194,0.846,1.0,1.0
2026-08-15,4634,ａｒｔｉｅｎｃｅ,化学,59.71,0.4,除外,1.0,0.7267,0.43,0.4451,0.384,0.6496,0.5474,0.7097,1.0,0.1448,0.6124,0.6294,0.3333,,0.5853,0.55,0.2,0.7451,,0.2685,0.1385,"3,4,5",1.0,1.0,1.0,1.0,1.0,1.0,1.0,1.0
2026-08-15,4641,アルプス技研,サービス業,23.54,0.0,除外,0.0,0.0,0.5493,0.2895,0.3385,,,,,0.7671,0.3496,0.8136,0.2667,0.0,0.0,0.1579,1.0,0.2026,0.1351,0.0163,1.0,"1,2,3,4,5",,,,,,,,
2026-08-15,4658,日本空調サービス,サービス業,39.61,0.2,除外,0.6341,0.4096,0.3261,0.2568,0.3539,0.6594,0.8824,0.0968,0.0,0.0478,0.1811,0.4754,0.6,0.2273,0.3,0.0,0.5,1.0,0.1212,0.2944,0.0,"2,3,4,5",1.0,1.0,1.0,0.0,1.0,0.5727,0.5,0.0
2026-08-15,4661,オリエンタルランド,サービス業,22.18,0.0,除外,0.0,0.0,0.4249,0.4398,0.2444,,,,,0.0,0.4063,0.7601,0.5333,0.0,0.1091,0.65,1.0,0.2792,,0.0,0.4539,"1,2,3,4,5",,,,,,,,
2026-08-15,4665,ダスキン,サービス業,51.52,0.2,除外,0.8351,0.5472,0.5595,0.3627,0.2714,0.3979,0.6941,0.0968,1.0,0.5797,0.5113,0.4802,0.6667,0.4,0.7455,0.1053,0.2,0.5265,,0.2876,0.0,"2,3,4,5",1.0,1.0,1.0,1.0,0.7551,0.8255,1.0,0.1
2026-08-15,4666,パーク２４,不動産業,54.94,0.6,監視,0.6471,0.4677,0.7992,0.1776,0.6551,0.3203,0.3571,0.1935,1.0,1.0,0.6635,0.9332,0.6,0.0,0.0,0.2105,0.5,0.5423,0.2009,0.8772,1.0,"2,4",1.0,0.7349,0.5,1.0,0.5234,0.4187,1.0,0.0
2026-08-15,4674,クレスコ,情報・通信業,22.1,0.0,除外,0.0,0.0,0.2834,0.4486,0.3729,,,,,0.0,0.5334,0.0,0.6,,0.1091,0.7368,0.5,1.0,0.2882,0.0,0.2034,"1,2,3,4,5",,,,,,,,
2026-08-15,4676,フジ・メディア・ホールディングス,情報・通信業,66.77,0.6,監視,0.8477,0.5646,0.6806,0.5144,0.731,0.5659,0.8596,0.0323,0.8007,0.8606,0.5699,0.6918,0.6,0.5,0.8471,0.2105,0.5,0.8102,0.3567,0.7572,1.0,"2,4",1.0,1.0,1.0,1.0,0.9797,0.7018,1.0,0.1
2026-08-15,4680,ラウンドワン,サービス業,21.73,0.0,除外,0.0,0.0,0.4086,0.36,0.3178,,,,,0.3073,0.7001,0.2269,0.4,,0.5273,0.0526,0.5,0.1323,0.5642,0.5748,0.0,"1,2,3,4,5",,,,,,,,
2026-08-15,4681,リゾートトラスト,サービス業,32.71,0.2,除外,0.0,0.2388,0.7887,0.0632,0.5447,0.2057,0.4118,0.0968,0.2408,0.9948,0.4625,0.8976,0.8,0.0,0.0,0.0526,0.2,0.7521,0.1238,0.3031,1.0,"1,2,4,5",,,,,,,,
2026-08-15,4684,オービック,情報・通信業,19.15,0.0,除外,0.0,0.0,0.4293,0.3092,0.2189,,,,,0.2576,0.2355,0.9576,0.2667,0.0,0.0,0.7368,0.5,0.6923,0.1212,0.0622,0.0,"1,2,3,4,5",,,,,,,,
2026-08-15,4686,ジャストシステム,情報・通信業,34.59,0.2,除外,0.0,0.2668,0.6457,0.2303,0.5868,0.3157,0.7193,0.0323,0.0,1.0,0.2333,0.8163,0.5333,0.0,0.0,0.4211,0.5,0.6628,0.2585,0.4259,1.0,"1,2,4,5",,,,,,,,
2026-08-15,4689,ＬＩＮＥヤフー,情報・通信業,27.6,0.2,除外,0.0,0.0,0.3662,0.6252,0.3886,,,,,0.4293,0.4154,0.2198,0.4,,0.4545,0.4211,1.0,0.8303,,0.3356,0.0,"1,2,3,5",,,,,,,,
2026-08-15,4694,ビー・エム・エル,サービス業,31.83,0.2,除外,0.0,0.2653,0.4919,0.1594,0.6751,0.3527,0.6118,0.0968,0.0,0.6887,0.4884,0.3237,0.4667,0.2273,0.0,0.2105,0.2,1.0,0.1427,0.5577,1.0,"1,2,3,4",,,,,,,,
2026-08-15,4704,トレンドマイクロ,情報・通信業,39.82,0.4,除外,0.0,0.0,0.716,0.4342,0.8407,,,,,0.8322,0.3781,0.9203,0.7333,0.0,0.0,0.7368,1.0,0.9586,,0.7035,0.86,"1,2,4",,,,,,,,
2026-08-15,4716,日本オラクル,情報・通信業,26.09,0.2,除外,0.0,0.0,0.6893,0.2171,0.3979,,,,,1.0,0.3085,0.8486,0.6,0.0,0.0,0.3684,0.5,0.9749,0.1673,0.4496,0.0,"1,2,4,5",,,,,,,,
2026-08-15,4722,フューチャー,情報・通信業,37.92,0.4,除外,0.8913,0.0,0.2472,0.7576,0.0,,,,,0.0,0.9222,0.0,0.0667,,0.2727,1.0,1.0,0.0,,0.0,0.0,"2,3,5",1.0,0.6384,0.5,1.0,1.0,0.9918,1.0,1.0
2026-08-15,4725,ＣＡＣ　Ｈｏｌｄｉｎｇｓ,情報・通信業,19.64,0.0,除外,0.0,0.0,0.4404,0.1645,0.377,,,,,0.5025,0.229,0.8966,0.1333,0.0,0.0,0.1579,0.5,0.5595,0.1435,0.5696,0.2354,"1,2,3,4,5",,,,,,,,
2026-08-15,4732,ユー・エス・エス,サービス業,54.31,0.2,除外,0.8649,0.5976,0.4666,0.3927,0.394,0.517,0.7765,0.0968,1.0,0.5194,0.2604,0.6865,0.4,,0.8727,0.1053,0.2,0.5454,0.2867,0.7109,0.0331,"2,3,4,5",1.0,1.0,1.0,1.0,0.7332,0.8857,1.0,0.3
2026-08-15,4733,オービックビジネスコンサルタント,情報・通信業,21.12,0.2,除外,0.0,0.0,0.6479,0.3318,0.0761,,,,,0.0,0.8985,0.9599,0.7333,0.0,0.1273,1.0,0.2,0.2284,,0.0,0.0,"1,2,4,5",,,,,,,,
2026-08-15,4743,アイティフォー,情報・通信業,43.15,0.2,除外,0.7892,0.4278,0.5359,0.0763,0.3282,0.4009,0.7895,0.0323,0.4885,0.5594,0.4102,0.774,0.4,0.0,0.0,0.1053,0.2,0.5762,,0.0,0.4083,"2,3,4,5",1.0,1.0,0.5,1.0,0.6331,0.8806,1.0,0.3
2026-08-15,4751,サイバーエージェント,サービス業,10.33,0.0,除外,0.0,0.0,0.1711,0.0895,0.2557,,,,,0.0875,0.1301,0.0,0.4667,0.0,0.0,0.1579,0.2,0.5946,,0.1726,0.0,"1,2,3,4,5",,,,,,,,
2026-08-15,4755,楽天グループ,サービス業,34.94,0.0,除外,0.0,0.4531,0.5765,0.3487,0.3685,0.2449,0.4706,0.0968,1.0,0.7281,0.3975,0.7805,0.4,0.0,0.0,0.8947,0.5,0.9259,0.1386,0.4095,0.0,"1,2,3,4,5",,,,,,,,
2026-08-15,4765,ＳＢＩグローバルアセットマネジメント,サービス業,11.96,0.0,除外,0.0,0.0,0.3441,0.1421,0.1117,,,,,0.0,0.5347,0.8415,0.0,0.0,0.0,0.3684,0.2,0.1582,0.1237,0.0,0.1647,"1,2,3,4,5",,,,,,,,
2026-08-15,4768,大塚商会,情報・通信業,34.27,0.2,除外,0.8257,0.0,0.4406,0.3136,0.1335,,,,,0.6953,0.3928,0.4744,0.2,,0.1091,0.6316,0.2,0.4004,,0.0,0.0,"2,3,4,5",1.0,0.6925,0.0,1.0,0.9156,0.9977,1.0,1.0
2026-08-15,4776,サイボウズ,情報・通信業,34.23,0.4,除外,0.0,0.0,0.7015,0.3496,0.6605,,,,,1.0,0.4805,0.459,0.8667,0.0,0.1091,0.7895,0.5,0.474,,0.5822,0.9252,"1,2,4",,,,,,,,
2026-08-15,4784,ＧＭＯインターネット,サービス業,33.48,0.2,除外,0.0,0.0,0.524,0.4474,0.7025,,,,,0.3745,0.4519,0.9362,0.3333,0.0,0.0,0.7895,1.0,1.0,0.0842,0.7259,1.0,"1,2,3,4",,,,,,,,
2026-08-15,4812,電通総研,情報・通信業,49.87,0.2,除外,0.8396,0.5777,0.4465,0.1763,0.4531,0.4454,0.8333,0.0323,1.0,0.0,0.3292,0.99,0.4667,0.0,0.4,0.1053,0.2,0.6779,0.1345,1.0,0.0,"2,3,4,5",1.0,1.0,0.5,1.0,1.0,0.9172,1.0,0.3
2026-08-15,4816,東映アニメーション,情報・通信業,23.55,0.0,除外,0.0,0.0,0.2147,0.5341,0.4287,,,,,0.0,0.3253,0.0,0.5333,,0.1273,0.975,0.5,0.9064,,0.3604,0.0193,"1,2,3,4,5",,,,,,,,
2026-08-15,4819,デジタルガレージ,情報・通信業,32.65,0.4,除外,0.0,0.0,0.6521,0.25,0.7306,,,,,1.0,0.428,0.6471,0.5333,0.0,0.0,0.0,1.0,1.0,0.4444,0.936,0.542,"1,2,4",,,,,,,,
2026-08-15,4825,ウェザーニューズ,情報・通信業,37.51,0.2,除外,0.0,0.2401,0.5254,0.6669,0.4431,0.2615,0.6667,0.0323,0.0,0.5555,0.1058,0.9738,0.4667,0.7727,0.0,0.8947,1.0,0.6192,0.0929,0.6581,0.4022,"1,2,3,5",,,,,,,,
2026-08-15,4826,ＣＩＪ,情報・通信業,53.09,0.6,監視,0.7357,0.382,0.7078,0.2171,0.6117,0.2803,0.7018,0.0323,0.5135,0.9146,0.93,0.2534,0.7333,0.0,0.0,0.3684,0.5,0.7909,0.1431,0.513,1.0,"2,4",1.0,0.7787,0.0,1.0,0.4555,0.6516,1.0,1.0
2026-08-15,4848,フルキャストホールディングス,サービス業,24.72,0.2,除外,0.0,0.0,0.6053,0.1667,0.4639,,,,,0.7444,0.3307,0.946,0.4,,0.0,0.0,0.5,0.5796,,0.0,0.8119,"1,2,4,5",,,,,,,,
2026-08-15,4849,エン,サービス業,22.11,0.0,除外,0.0,0.0,0.3172,0.3947,0.3935,,,,,0.0,0.7355,0.0,0.5333,0.0,0.0,0.5789,1.0,0.9262,0.156,0.0991,0.3927,"1,2,3,4,5",,,,,,,,
2026-08-15,4886,あすか製薬ホールディングス,医薬品,24.46,0.0,除外,0.0,0.0,0.249,0.4477,0.5261,,,,,0.1869,0.3425,0.0,0.4667,0.5909,0.0,1.0,0.2,1.0,0.4444,0.3853,0.2748,"1,2,3,4,5",,,,,,,,
2026-08-15,4887,サワイグループホールディングス,医薬品,25.22,0.2,除外,0.0,0.0,0.2836,0.3026,0.6746,,,,,0.4527,0.268,0.2803,0.1333,0.0,0.0,0.2105,1.0,1.0,0.1333,0.5651,1.0,"1,2,3,4",,,,,,,,
2026-08-15,4889,レナサイエンス,医薬品,33.45,0.4,除外,0.0,0.0,0.675,0.25,0.7474,,,,,1.0,0.4748,0.5586,0.6667,0.0,0.0,0.0,1.0,1.0,0.1955,0.7941,1.0,"1,2,4",,,,,,,,
2026-08-15,4894,クオリプス,医薬品,26.83,0.0,除外,0.0,0.0,0.5177,0.3236,0.5001,,,,,0.5957,0.159,0.983,0.3333,0.1364,0.0,0.1579,1.0,0.4267,0.1171,0.4565,1.0,"1,2,3,4,5",,,,,,,,
2026-08-15,4901,富士フイルムホールディングス,化学,30.98,0.0,除外,0.2254,0.5872,0.2503,0.125,0.3611,0.3971,0.2421,0.7097,1.0,0.2591,0.2088,0.0,0.5333,0.0,0.0,0.0,0.5,0.7391,,0.0,0.3443,"1,2,3,4,5",0.0,0.6095,0.5,0.0,0.3321,0.2615,0.0,0.1
2026-08-15,4902,コニカミノルタ,電気機器,43.56,0.4,除外,0.7975,0.6283,0.3196,0.0895,0.3432,0.5026,0.2393,0.9355,0.8358,0.021,0.4116,0.4458,0.4,0.0,0.0,0.1579,0.2,0.3014,0.1552,0.5221,0.3941,"3,4,5",1.0,1.0,0.5,1.0,1.0,0.58,1.0,0.3
2026-08-15,4911,資生堂,化学,56.82,0.2,除外,0.9364,0.5588,0.3938,0.5097,0.4424,0.315,0.2105,0.7097,1.0,0.0759,0.4312,0.4683,0.6,,0.3818,0.9474,0.2,0.8456,0.1758,0.0695,0.6789,"2,3,4,5",1.0,1.0,0.5,1.0,1.0,0.9912,1.0,1.0
2026-08-15,4912,ライオン,化学,54.1,0.2,除外,0.9889,0.5735,0.4349,0.4494,0.2583,0.3632,0.2211,0.7097,1.0,0.2214,0.4707,0.3809,0.6667,,0.7273,0.4211,0.2,0.3736,0.0996,0.0,0.5601,"2,3,4,5",1.0,0.9387,1.0,1.0,0.9723,1.0,1.0,1.0
2026-08-15,4914,高砂香料工業,化学,25.18,0.0,除外,0.0,0.0,0.397,0.2632,0.5988,,,,,0.4616,0.3391,0.2541,0.5333,0.0,0.0,0.0526,1.0,1.0,0.1664,0.4838,0.7449,"1,2,3,4,5",,,,,,,,
2026-08-15,4919,ミルボン,化学,58.32,0.2,除外,0.8993,0.591,0.5041,0.4678,0.4538,0.4017,0.2526,0.7097,1.0,0.5398,0.4116,0.5317,0.5333,,0.7455,0.1579,0.5,0.8931,,0.4682,0.0,"2,3,4,5",1.0,1.0,1.0,1.0,0.8995,0.9945,1.0,0.3
2026-08-15,4922,コーセー,化学,19.67,0.0,除外,0.0,0.0,0.255,0.3051,0.4233,,,,,0.099,0.3807,0.2738,0.2667,0.2273,0.1091,0.6842,0.2,0.5055,0.1236,0.1449,0.9191,"1,2,3,4,5",,,,,,,,
2026-08-15,4927,ポーラ・オルビスホールディングス,化学,35.98,0.2,除外,0.7542,0.5215,0.3191,0.1667,0.0373,0.254,0.1684,0.7097,0.9539,0.0,0.6545,0.1553,0.4667,,0.0,0.0,0.5,0.0,0.0963,0.0,0.0528,"2,3,4,5",1.0,0.5192,0.0,1.0,0.5145,1.0,1.0,1.0
2026-08-15,4928,ノエビアホールディングス,化学,42.32,0.2,除外,0.8226,0.5458,0.3038,0.3534,0.0903,0.2841,0.1895,0.7097,1.0,0.0,0.1783,0.5034,0.5333,0.0,0.3636,0.85,0.2,0.271,,0.0,0.0,"2,3,4,5",1.0,0.7543,0.5,1.0,0.5012,0.8254,1.0,1.0
2026-08-15,4956,コニシ,化学,54.07,0.2,除外,0.9222,0.41,0.4223,0.4081,0.5409,0.5373,0.3789,0.7097,0.0142,0.1708,0.3339,0.5843,0.6,1.0,0.4324,0.0,0.2,0.5743,0.2473,0.3422,1.0,"2,3,4,5",1.0,1.0,1.0,1.0,0.7147,0.9626,1.0,0.7
2026-08-15,4958,長谷川香料,化学,66.09,0.6,監視,0.9782,0.4969,0.6385,0.5309,0.6598,0.3142,0.2,0.7097,0.7638,0.8407,0.4205,0.7594,0.5333,,0.9676,0.425,0.2,0.7708,0.1111,0.7575,1.0,"2,4",1.0,1.0,1.0,1.0,0.8255,1.0,1.0,1.0
2026-08-15,4966,上村工業,化学,35.38,0.4,除外,0.6125,0.6413,0.0184,0.4444,0.0525,0.9397,0.9158,0.7097,0.0,0.0,0.0462,0.0275,0.0,0.9545,0.5176,0.1053,0.2,0.0,,0.1574,0.0,"3,4,5",1.0,1.0,1.0,0.0,1.0,0.0,0.5,0.4
2026-08-15,4967,小林製薬,化学,38.01,0.2,除外,0.6247,0.2766,0.4582,0.19,0.3508,0.2494,0.1474,0.7097,0.0,0.5104,0.485,0.6373,0.2,0.4545,0.0,0.1053,0.2,0.0673,0.1944,0.4108,0.7306,"2,3,4,5",1.0,0.6723,0.5,1.0,0.3524,0.673,0.5,0.3
2026-08-15,4970,東洋合成工業,化学,45.68,0.4,除外,0.5625,0.6614,0.1101,0.6155,0.3345,0.9676,0.9684,0.7097,0.0,0.0,0.107,0.0,0.3333,0.8,0.5147,0.9474,0.2,0.0305,0.2944,0.0133,1.0,"1,3,5",1.0,1.0,1.0,0.0,1.0,0.0,0.5,0.0
2026-08-15,4971,メック,化学,52.68,0.4,除外,0.6851,0.6656,0.4532,0.5061,0.3239,0.9736,0.9789,0.7097,0.0,0.3321,0.5367,0.5439,0.4,0.9545,0.4647,0.1053,0.5,0.0022,0.2586,0.4154,0.6193,"3,4,5",1.0,1.0,1.0,0.0,1.0,0.0806,1.0,0.4
2026-08-15,4972,綜研化学,化学,33.04,0.4,除外,0.6836,0.6259,0.1763,0.1663,0.0,0.9096,0.8842,0.7097,0.0,0.0,0.4899,0.2155,0.0,0.2,0.0545,0.2105,0.2,0.0,,0.0,0.0,"3,4,5",1.0,1.0,1.0,0.0,1.0,0.4691,1.0,0.0
2026-08-15,4973,日本高純度化学,化学,41.63,0.0,除外,0.5625,0.5442,0.3778,0.486,0.1111,0.7513,0.7158,0.7097,0.0,0.0,0.5158,0.9954,0.0,0.9545,0.0,0.7895,0.2,0.0,0.4444,0.0,0.0,"1,2,3,4,5",1.0,1.0,1.0,0.0,1.0,0.0,0.5,0.0
2026-08-15,4975,ＪＣＵ,化学,36.33,0.2,除外,0.4375,0.6114,0.1026,0.4974,0.1676,0.8832,0.8526,0.7097,0.0,0.0,0.2769,0.0,0.1333,1.0,0.0,0.7895,0.2,0.0,,0.1238,0.379,"1,3,4,5",0.0,1.0,1.0,0.0,1.0,0.0,0.5,0.0
2026-08-15,4980,デクセリアルズ,化学,60.26,0.2,除外,0.5625,0.5798,0.5935,0.7272,0.5502,0.8304,0.7789,0.7097,0.0,1.0,0.371,0.5363,0.4667,0.9545,0.9647,0.7895,0.2,0.2898,,0.3608,1.0,"1,2,3,5",1.0,1.0,1.0,0.0,1.0,0.0,0.5,0.0
2026-08-15,4985,アース製薬,化学,19.2,0.0,除外,0.0,0.0,0.3228,0.2763,0.3609,,,,,0.3045,0.6951,0.2917,0.0,0.0,0.0,0.1053,1.0,0.1844,0.1313,0.1279,1.0,"1,2,3,4,5",,,,,,,,
2026-08-15,4996,クミアイ化学工業,化学,37.67,0.4,除外,0.0,0.0,0.7265,0.4703,0.6867,,,,,1.0,0.3834,0.9893,0.5333,0.4545,0.1636,0.2632,1.0,0.9705,0.3438,0.6255,0.8067,"1,2,4",,,,,,,,
2026-08-15,4997,日本農薬,化学,53.82,0.4,除外,0.9753,0.6235,0.248,0.4553,0.3889,0.4582,0.3263,0.7097,1.0,0.0,0.5747,0.0171,0.4,,0.1818,0.6842,0.5,1.0,0.5556,0.0,0.0,"3,4,5",1.0,0.8022,1.0,1.0,1.0,1.0,1.0,1.0
2026-08-15,5016,ＪＸ金属,非鉄金属,59.41,0.6,監視,0.6125,0.7086,0.5483,0.4496,0.6512,0.9917,0.875,0.9677,0.0,0.5732,0.423,0.7304,0.4667,0.6818,0.7588,0.1579,0.2,0.5575,0.3229,0.7244,1.0,"3,4",1.0,1.0,1.0,0.0,1.0,0.0,0.5,0.4
2026-08-15,5019,出光興産,石油・石炭製品,56.92,0.4,除外,0.5526,0.4638,0.6169,0.4031,0.8094,0.6413,0.75,,0.0,0.8406,0.3364,0.7574,0.5333,0.4545,0.0,0.1579,1.0,1.0,0.5436,0.6942,1.0,"1,2,4",0.0,1.0,0.5,1.0,1.0,0.1212,0.5,0.3
2026-08-15,5020,ＥＮＥＯＳホールディングス,石油・石炭製品,59.88,0.6,監視,0.698,0.6019,0.5728,0.4134,0.7079,0.8056,1.0,,0.0,0.6912,0.3604,0.5729,0.6667,0.2273,0.4265,0.0,1.0,1.0,0.1492,0.7344,0.9481,"3,4",1.0,1.0,0.5,1.0,1.0,0.2837,0.5,0.3
2026-08-15,5021,コスモエネルギーホールディングス,石油・石炭製品,53.34,0.4,除外,0.5288,0.6634,0.572,0.2213,0.6817,0.5064,0.5,,0.9838,0.7124,0.5603,0.7487,0.2667,0.2273,0.0,0.1579,0.5,1.0,0.2609,0.4658,1.0,"1,3,4",0.0,0.9171,0.5,1.0,0.7531,0.2599,0.5,0.3
2026-08-15,5032,ＡＮＹＣＯＬＯＲ,情報・通信業,26.54,0.0,除外,0.0,0.0,0.5366,0.3684,0.422,,,,,1.0,0.0195,0.4601,0.6667,0.0,0.0,0.4737,1.0,0.6711,0.0909,0.6222,0.3036,"1,2,3,4,5",,,,,,,,
2026-08-15,5074,テスホールディングス,建設業,64.96,0.8,本命,0.675,0.6637,0.6743,0.5321,0.7027,0.9277,0.9853,0.7419,0.0,0.8521,0.3391,0.7728,0.7333,0.7727,0.8029,0.0526,0.5,0.8646,0.4847,0.645,0.8163,4,1.0,1.0,1.0,0.0,1.0,0.0,1.0,0.4
2026-08-15,5076,インフロニア・ホールディングス,建設業,60.49,0.4,除外,0.7015,0.9061,0.4738,0.3676,0.5757,0.9118,0.9706,0.7419,1.0,0.4467,0.5365,0.312,0.6,0.6,0.3706,0.0,0.5,0.6611,,0.168,0.898,"3,4,5",1.0,1.0,1.0,0.0,1.0,0.6117,1.0,0.0
2026-08-15,5101,横浜ゴム,ゴム製品,57.62,0.6,監視,0.8438,0.8663,0.2098,0.1836,0.7775,0.8523,1.0,0.6129,1.0,0.0,0.0392,0.0,0.8,0.1818,0.3,0.0526,0.2,0.7096,0.4607,0.9398,1.0,"3,4",1.0,1.0,1.0,1.0,1.0,0.7504,1.0,0.0
2026-08-15,5105,ＴＯＹＯ　ＴＩＲＥ,ゴム製品,29.42,0.2,除外,0.2092,0.6737,0.181,0.12,0.2873,0.5365,0.5455,0.6129,1.0,0.0,0.1908,0.0,0.5333,0.2273,0.0,0.0526,0.2,1.0,0.149,0.0,0.0,"1,3,4,5",0.0,0.5862,0.0,0.0,0.6553,0.1324,0.0,0.3
2026-08-15,5108,ブリヂストン,ゴム製品,51.05,0.4,除外,0.9375,0.6342,0.3065,0.475,0.1991,0.4695,0.4545,0.6129,1.0,0.0061,0.5144,0.2386,0.4667,,0.4,0.825,0.2,0.5972,,0.0,0.0,"3,4,5",1.0,1.0,0.5,1.0,1.0,1.0,1.0,1.0
2026-08-15,5110,住友ゴム工業,ゴム製品,50.49,0.4,除外,0.8693,0.7335,0.2748,0.3173,0.3296,0.5938,0.7273,0.6129,1.0,0.1436,0.5428,0.0794,0.3333,0.2273,0.0,0.8421,0.2,0.5818,0.1395,0.1678,0.4293,"3,4,5",1.0,1.0,0.5,1.0,1.0,0.4543,1.0,1.0
2026-08-15,5121,藤倉コンポジット,ゴム製品,49.83,0.4,除外,0.9564,0.6776,0.4052,0.2193,0.2329,0.789,0.9091,0.6129,0.3992,0.4806,0.5689,0.0381,0.5333,,0.3,0.1579,0.2,0.6308,0.0954,0.0,0.2054,"3,4,5",1.0,1.0,1.0,1.0,1.0,0.9512,1.0,0.7
2026-08-15,5161,西川ゴム工業,ゴム製品,56.07,0.6,監視,0.7979,0.6062,0.3785,0.4187,0.6023,0.4589,0.3636,0.6129,0.9895,0.4464,0.2968,0.2376,0.5333,0.2273,0.0,0.9474,0.5,1.0,0.2008,0.2084,1.0,"3,4",1.0,0.8839,0.5,1.0,0.8794,0.1199,1.0,1.0
2026-08-15,5184,ニチリン,ゴム製品,55.51,0.6,監視,0.8357,0.3303,0.6039,0.2259,0.7798,0.4356,0.2727,0.6129,0.0,0.6649,0.4744,0.7428,0.5333,0.2273,0.4235,0.0526,0.2,1.0,0.1402,0.9791,1.0,"2,4",1.0,0.9861,1.0,1.0,0.5422,0.7577,1.0,0.4
2026-08-15,5185,フコク,ゴム製品,29.15,0.0,除外,0.0,0.5132,0.1801,0.4602,0.3038,0.3489,0.0909,0.6129,1.0,0.0,0.5205,0.0,0.2,0.0909,0.0,0.75,1.0,1.0,0.2151,0.0,0.0,"1,2,3,4,5",,,,,,,,
2026-08-15,5186,ニッタ,ゴム製品,58.15,0.4,除外,1.0,0.7962,0.4248,0.2018,0.485,0.7536,0.8182,0.6129,1.0,0.1366,0.4862,0.4766,0.6,,0.3,0.1053,0.2,0.2917,,0.1632,1.0,"3,4,5",1.0,1.0,1.0,1.0,1.0,1.0,1.0,1.0
2026-08-15,5192,三ツ星ベルト,ゴム製品,51.89,0.2,除外,0.9266,0.4619,0.3183,0.5855,0.3021,0.4107,0.1818,0.6129,0.642,0.0,0.74,0.0,0.5333,,0.3091,0.9474,0.5,1.0,0.2068,0.0,0.0014,"2,3,4,5",1.0,0.9483,0.5,1.0,0.9644,1.0,1.0,1.0
2026-08-15,5195,バンドー化学,ゴム製品,55.96,0.4,除外,1.0,0.7025,0.2964,0.4662,0.3332,0.5607,0.6364,0.6129,1.0,0.1511,0.4594,0.1749,0.4,,0.4235,0.775,0.2,1.0,0.21,0.0,0.1228,"3,4,5",1.0,1.0,1.0,1.0,1.0,1.0,1.0,1.0
2026-08-15,5201,ＡＧＣ,ガラス・土石製品,46.48,0.0,除外,0.4375,0.5013,0.4985,0.5159,0.3709,0.6986,0.5,0.8065,0.0,0.9132,0.4162,0.1977,0.4667,0.8636,0.0,1.0,0.2,0.4546,0.1111,0.5401,0.3778,"1,2,3,4,5",0.0,1.0,1.0,0.0,1.0,0.0,0.5,0.0
2026-08-15,5202,日本板硝子,ガラス・土石製品,34.35,0.2,除外,0.0,0.3141,0.6578,0.2022,0.5434,0.3135,0.1364,0.8065,0.0,1.0,0.0,0.9647,0.6667,0.0455,0.0,0.2632,0.5,1.0,0.1737,1.0,0.0,"1,2,4,5",,,,,,,,
2026-08-15,5208,有沢製作所,化学,56.16,0.4,除外,0.9413,0.8074,0.2582,0.3638,0.4373,0.783,0.7368,0.7097,1.0,0.314,0.2779,0.1076,0.3333,0.8,0.35,0.1053,0.2,0.248,0.4322,0.2319,0.8372,"3,4,5",1.0,1.0,1.0,1.0,1.0,0.8307,1.0,0.7
2026-08-15,5210,日本山村硝子,ガラス・土石製品,58.57,0.6,監視,0.4453,0.6213,0.7573,0.3068,0.7977,0.4062,0.2727,0.8065,1.0,1.0,0.2564,0.9729,0.8,0.2273,0.0,0.0,1.0,1.0,0.1908,1.0,1.0,"1,4",0.0,0.6708,0.5,1.0,0.3913,0.0,0.0,1.0
2026-08-15,5214,日本電気硝子,ガラス・土石製品,39.38,0.0,除外,0.2928,0.5598,0.4163,0.4102,0.2897,0.7965,0.6364,0.8065,0.0,0.5423,0.3054,0.4841,0.3333,0.5909,0.0,0.85,0.2,0.7143,0.4444,0.0,0.0,"1,2,3,4,5",0.0,0.8421,0.5,0.0,1.0,0.0,0.0,0.0
2026-08-15,5232,住友大阪セメント,ガラス・土石製品,64.52,0.6,監視,0.9153,0.7051,0.4243,0.5449,0.6366,0.6503,0.3636,0.8065,1.0,0.3638,1.0,0.0,0.3333,1.0,0.9794,0.0,0.2,0.4382,0.3855,0.7227,1.0,"3,4",1.0,1.0,1.0,1.0,1.0,0.6221,1.0,0.7
2026-08-15,5233,太平洋セメント,ガラス・土石製品,48.8,0.4,除外,0.8516,0.3311,0.4939,0.0972,0.6665,0.3361,0.1818,0.8065,0.0,0.4587,0.4867,0.5633,0.4667,0.1364,0.0,0.0526,0.2,0.8951,0.1329,0.6379,1.0,"2,3,4",1.0,0.8138,1.0,1.0,0.8393,0.4593,1.0,0.7
2026-08-15,5243,ｎｏｔｅ,情報・通信業,54.58,0.6,監視,0.8216,0.6689,0.5404,0.0895,0.6085,0.731,0.9123,0.0323,1.0,0.0,0.6929,0.8022,0.6667,0.0,0.0,0.1579,0.2,0.4619,0.3361,0.636,1.0,"3,4",1.0,1.0,0.5,1.0,1.0,0.0727,1.0,1.0
2026-08-15,5246,ＥＬＥＭＥＮＴＳ,情報・通信業,29.56,0.2,除外,0.0,0.0,0.5386,0.7371,0.2022,,,,,0.0,0.7959,0.9583,0.4,,0.2364,0.975,1.0,0.3269,0.1372,0.3448,0.0,"1,2,3,5",,,,,,,,
2026-08-15,5253,カバー,情報・通信業,19.18,0.0,除外,0.0,0.0,0.2801,0.3684,0.3106,,,,,0.0,0.1517,0.8355,0.1333,0.0,0.0,0.4737,1.0,0.0,0.113,0.4013,0.728,"1,2,3,4,5",,,,,,,,
2026-08-15,5262,日本ヒューム,ガラス・土石製品,30.34,0.2,除外,0.0,0.0,0.571,0.25,0.6962,,,,,0.8244,0.3801,0.413,0.6667,0.0,0.0,0.0,1.0,1.0,0.162,0.6228,1.0,"1,2,3,4",,,,,,,,
2026-08-15,5288,アジアパイルホールディングス,ガラス・土石製品,62.89,0.4,除外,0.9505,0.5147,0.5281,0.3068,0.8443,0.7069,0.5455,0.8065,0.0,0.5665,0.4245,0.7214,0.4,0.7273,0.3,0.0,0.2,1.0,0.4167,0.9606,1.0,"2,3,4",1.0,1.0,1.0,1.0,1.0,0.604,1.0,1.0
2026-08-15,5301,東海カーボン,ガラス・土石製品,59.37,0.4,除外,0.9404,0.5364,0.3704,0.5019,0.6193,0.7483,0.5909,0.8065,0.0,0.3802,0.6103,0.0245,0.4667,0.8636,0.9441,0.0,0.2,1.0,0.395,0.082,1.0,"2,3,4",1.0,1.0,1.0,1.0,1.0,0.8231,1.0,0.7
2026-08-15,5302,日本カーボン,ガラス・土石製品,49.08,0.2,除外,0.9644,0.3551,0.5376,0.2487,0.3483,0.3866,0.2273,0.8065,0.0,0.7015,0.5115,0.6043,0.3333,0.2273,0.5147,0.0526,0.2,0.1841,0.1546,0.0545,1.0,"2,3,4,5",1.0,0.949,1.0,1.0,0.7742,0.9921,1.0,1.0
2026-08-15,5310,東洋炭素,ガラス・土石製品,56.36,0.4,除外,0.8461,0.467,0.652,0.4275,0.4253,0.6526,0.4091,0.8065,0.0,1.0,0.3831,0.6918,0.5333,0.8636,0.5412,0.1053,0.2,0.1258,0.4329,0.3298,0.8128,"2,4,5",1.0,1.0,1.0,1.0,1.0,0.3689,1.0,0.4
2026-08-15,5331,ノリタケ,ガラス・土石製品,54.21,0.4,除外,0.8501,0.5876,0.6833,0.399,0.1905,0.8621,0.6818,0.8065,0.0,1.0,0.561,0.7053,0.4667,0.9545,0.0364,0.1053,0.5,0.2451,0.3889,0.1281,0.0,"2,4,5",1.0,1.0,1.0,1.0,1.0,0.4009,1.0,0.4
2026-08-15,5332,ＴＯＴＯ,ガラス・土石製品,55.28,0.6,監視,0.5625,0.6425,0.6169,0.622,0.3202,0.8998,0.8636,0.8065,0.0,0.8573,0.5014,0.8422,0.2667,0.8,0.6618,0.5263,0.5,0.117,,0.0,0.8438,"1,5",1.0,1.0,1.0,0.0,1.0,0.0,0.5,0.0
2026-08-15,5333,日本碍子,ガラス・土石製品,54.72,0.4,除外,0.625,0.6971,0.4892,0.5993,0.3256,0.9819,1.0,0.8065,0.0,0.5652,0.363,0.8952,0.1333,1.0,0.4235,0.4737,0.5,0.0,0.3992,0.0735,0.8298,"3,4,5",1.0,1.0,1.0,0.0,1.0,0.0,1.0,0.0
2026-08-15,5334,日本特殊陶業,ガラス・土石製品,53.72,0.4,除外,0.7406,0.6298,0.3848,0.3594,0.5712,0.8945,0.8182,0.8065,0.0,0.0225,0.3805,0.8027,0.3333,0.8,0.3324,0.1053,0.2,0.3275,,0.386,1.0,"3,4,5",1.0,1.0,1.0,0.0,1.0,0.525,1.0,0.4
2026-08-15,5344,ＭＡＲＵＷＡ,ガラス・土石製品,41.51,0.2,除外,0.6125,0.4825,0.4916,0.2677,0.2212,0.6692,0.4545,0.8065,0.0,0.4811,0.1773,0.8412,0.4667,0.8182,0.0,0.0526,0.2,0.1404,0.2549,0.4896,0.0,"2,3,4,5",1.0,1.0,1.0,0.0,1.0,0.0,0.5,0.4
2026-08-15,5351,品川リフラ,ガラス・土石製品,58.56,0.4,除外,0.8519,0.6378,0.3873,0.4659,0.5852,0.4265,0.3182,0.8065,1.0,0.5363,0.2523,0.6941,0.0667,0.2273,0.2364,0.9,0.5,1.0,0.1583,0.6482,0.5344,"3,4,5",1.0,0.9434,0.5,1.0,0.9231,0.4487,1.0,1.0
2026-08-15,5367,ニッカトー,ガラス・土石製品,58.07,0.4,除外,0.675,0.9082,0.559,0.4145,0.3469,0.9171,0.9091,0.8065,1.0,1.0,1.0,0.1025,0.1333,1.0,0.3,0.1579,0.2,0.0,0.4444,0.4689,0.4743,"3,4,5",1.0,1.0,1.0,0.0,1.0,0.0,1.0,0.4
2026-08-15,5384,フジミインコーポレーテッド,ガラス・土石製品,56.21,0.4,除外,0.687,0.8196,0.4119,0.4444,0.4478,0.8742,0.7727,0.8065,0.8252,0.5501,0.3228,0.3745,0.4,0.9545,0.5176,0.1053,0.2,0.0,0.3889,0.4022,1.0,"3,4,5",1.0,1.0,1.0,0.0,1.0,0.0963,1.0,0.4
2026-08-15,5393,ニチアス,ガラス・土石製品,54.42,0.4,除外,0.731,0.6001,0.477,0.416,0.4971,0.8666,0.7273,0.8065,0.0,0.4539,0.417,0.5703,0.4667,1.0,0.3588,0.1053,0.2,0.4357,0.4444,0.4814,0.627,"3,4,5",1.0,1.0,1.0,0.0,1.0,0.4477,1.0,0.4
2026-08-15,5401,日本製鉄,鉄鋼,47.16,0.4,除外,0.8195,0.4519,0.2615,0.6902,0.135,0.2396,0.2778,0.2903,1.0,0.0,0.6745,0.0382,0.3333,,0.1455,0.925,1.0,0.3729,0.1671,0.0,0.0,"2,3,5",1.0,0.6111,0.0,1.0,0.9944,0.9507,1.0,1.0
2026-08-15,5406,神戸製鋼所,鉄鋼,37.74,0.2,除外,0.7676,0.3728,0.2582,0.253,0.2353,0.4386,0.5556,0.2903,0.2068,0.0,0.4734,0.0928,0.4667,0.0909,0.0,0.4211,0.5,0.7683,0.1071,0.0656,0.0,"2,3,4,5",1.0,1.0,0.5,1.0,0.7203,0.4203,0.5,1.0
2026-08-15,5408,中山製鋼所,鉄鋼,35.3,0.2,除外,0.0,0.2164,0.4263,0.5215,0.6008,0.2419,0.3333,0.2903,0.0,0.4511,0.3521,0.1022,0.8,0.7727,0.1818,0.6316,0.5,1.0,0.6179,0.1904,0.5949,"1,2,3,4",,,,,,,,
2026-08-15,5410,合同製鐵,鉄鋼,35.65,0.2,除外,0.0,0.0,0.7204,0.4868,0.5752,,,,,0.9432,0.3871,0.8178,0.7333,0.0,0.0,0.9474,1.0,1.0,0.1704,0.1304,1.0,"1,2,4,5",,,,,,,,
2026-08-15,5411,ＪＦＥホールディングス,鉄鋼,20.7,0.0,除外,0.0,0.0,0.3052,0.3301,0.3998,,,,,0.2716,0.5018,0.3142,0.1333,0.1364,0.0,0.6842,0.5,0.746,0.1719,0.0,0.6814,"1,2,3,4,5",,,,,,,,
2026-08-15,5423,東京製鐵,鉄鋼,56.44,0.6,監視,0.8427,0.2798,0.4113,0.6038,0.6844,0.3843,0.4444,0.2903,0.0,0.0832,0.1889,0.7732,0.6,0.4545,0.8029,0.1579,1.0,1.0,0.1376,0.6002,1.0,"2,3",1.0,1.0,1.0,1.0,0.997,0.6446,1.0,0.1
2026-08-15,5440,共英製鋼,鉄鋼,25.69,0.2,除外,0.0,0.0,0.5207,0.1382,0.6255,,,,,0.5524,0.296,0.7676,0.4667,0.0,0.0,0.0526,0.5,1.0,0.1481,0.3538,1.0,"1,2,3,4",,,,,,,,
2026-08-15,5444,大和工業,鉄鋼,56.19,0.4,除外,0.9829,0.6743,0.4406,0.3833,0.3283,0.6292,0.7778,0.2903,1.0,0.4387,0.3466,0.7103,0.2667,,0.3,0.65,0.2,0.6172,,0.3675,0.0,"3,4,5",1.0,1.0,1.0,1.0,1.0,0.8632,1.0,1.0
2026-08-15,5445,東京鐵鋼,鉄鋼,45.91,0.4,除外,0.0,0.4957,0.7605,0.35,0.6893,0.3037,0.3889,0.2903,1.0,1.0,0.3009,0.941,0.8,0.0,0.0,0.9,0.5,1.0,0.1617,0.9166,0.6788,"1,2,4",,,,,,,,
2026-08-15,5451,ヨドコウ,鉄鋼,61.92,0.6,監視,0.8293,0.5523,0.7447,0.3449,0.6249,0.419,0.5,0.2903,1.0,0.9257,0.605,0.5147,0.9333,0.2727,0.1818,0.725,0.2,1.0,0.1429,0.3567,1.0,"2,4",1.0,0.7099,0.5,1.0,0.8824,0.5421,1.0,1.0
2026-08-15,5461,中部鋼鈑,鉄鋼,26.84,0.2,除外,0.0,0.0,0.3907,0.1654,0.7857,,,,,0.6909,0.2205,0.4514,0.2,0.4091,0.0,0.0526,0.2,1.0,0.1429,1.0,1.0,"1,2,3,4",,,,,,,,
2026-08-15,5463,丸一鋼管,鉄鋼,60.33,0.4,除外,0.7393,0.5114,0.5926,0.4829,0.6905,0.7076,0.8889,0.2903,0.1589,0.45,1.0,0.4538,0.4667,0.8,0.3,0.6316,0.2,0.3544,0.4444,0.9631,1.0,"2,3,4",1.0,1.0,1.0,0.0,1.0,0.6145,1.0,0.3
2026-08-15,5471,大同特殊鋼,鉄鋼,55.34,0.4,除外,0.6419,0.8056,0.5622,0.5009,0.2565,0.9322,1.0,0.2903,1.0,1.0,0.3753,0.6733,0.2,1.0,0.4353,0.3684,0.2,0.0,0.4444,0.5816,0.0,"3,4,5",1.0,1.0,1.0,0.0,1.0,0.1352,1.0,0.0
2026-08-15,5480,日本冶金工業,鉄鋼,48.98,0.2,除外,0.9851,0.5971,0.295,0.3957,0.1763,0.4868,0.6111,0.2903,1.0,0.1011,0.6122,0.0,0.4667,,0.5818,0.1053,0.5,0.6121,0.0929,0.0,0.0,"2,3,4,5",1.0,1.0,1.0,1.0,1.0,0.8805,1.0,1.0
2026-08-15,5482,愛知製鋼,鉄鋼,60.93,0.6,監視,0.8933,0.6926,0.626,0.3706,0.4642,0.6466,0.8333,0.2903,1.0,0.6444,0.3389,0.8542,0.6667,0.2273,0.0182,0.7368,0.5,0.9688,0.161,0.5397,0.1873,"4,5",1.0,1.0,0.5,1.0,1.0,0.6462,1.0,1.0
2026-08-15,5541,大平洋金属,鉄鋼,55.73,0.4,除外,0.8125,0.6395,0.3928,0.3529,0.5887,0.5456,0.7222,0.2903,1.0,0.4227,0.3484,0.0,0.8,0.2273,0.0,0.6842,0.5,1.0,0.2147,0.1401,1.0,"3,4,5",1.0,1.0,0.5,1.0,1.0,0.0,1.0,1.0
2026-08-15,5563,新日本電工,鉄鋼,47.1,0.2,除外,0.704,0.5065,0.2967,0.29,0.5579,0.7913,0.9444,0.2903,0.0,0.443,0.1695,0.2409,0.3333,0.8182,0.0364,0.1053,0.2,0.5732,0.413,0.7693,0.4761,"2,3,4,5",1.0,1.0,1.0,0.0,1.0,0.2322,1.0,0.4
2026-08-15,5602,栗本鐵工所,鉄鋼,35.87,0.2,除外,0.0,0.6224,0.3032,0.275,0.5926,0.5328,0.6667,0.2903,1.0,0.0,0.5462,0.0,0.6667,0.0,0.0,0.9,0.2,1.0,0.3704,0.0,1.0,"1,3,4,5",,,,,,,,
2026-08-15,5631,日本製鋼所,機械,32.64,0.4,除外,0.0,0.0,0.7372,0.195,0.6998,,,,,0.9807,0.342,0.9594,0.6667,0.2273,0.0,0.0526,0.5,0.7878,0.1499,0.8614,1.0,"1,2,4",,,,,,,,
2026-08-15,5702,大紀アルミニウム工業所,非鉄金属,50.7,0.2,除外,0.9076,0.4476,0.2352,0.3974,0.5474,0.6978,0.125,0.9677,0.0,0.0,0.8075,0.0,0.1333,0.8636,0.4206,0.1053,0.2,0.9088,0.5943,0.0,0.6865,"2,3,4,5",1.0,1.0,1.0,1.0,1.0,0.5607,1.0,0.7
2026-08-15,5703,日本軽金属ホールディングス,非鉄金属,47.2,0.2,除外,0.848,0.512,0.2827,0.3763,0.3407,0.7679,0.3125,0.9677,0.0,0.0222,0.5196,0.589,0.0,0.8636,0.0364,0.1053,0.5,0.7491,0.3333,0.2804,0.0,"2,3,4,5",1.0,1.0,0.5,1.0,1.0,0.5842,1.0,0.7
2026-08-15,5706,三井金属,非鉄金属,46.02,0.2,除外,0.4875,0.7414,0.5568,0.2809,0.2345,0.9977,1.0,0.9677,0.0,0.8794,0.4138,0.3339,0.6,0.8182,0.0,0.1053,0.2,0.0,0.3889,0.5493,0.0,"1,3,4,5",0.0,1.0,1.0,0.0,1.0,0.0,0.5,0.4
2026-08-15,5711,三菱マテリアル,非鉄金属,40.21,0.2,除外,0.8188,0.5864,0.186,0.195,0.2242,0.8154,0.5625,0.9677,0.0,0.0,0.3442,0.0,0.4,0.2273,0.0,0.0526,0.5,0.714,0.137,0.0456,0.0,"2,3,4,5",1.0,1.0,0.5,1.0,1.0,0.3505,1.0,0.7
2026-08-15,5713,住友金属鉱山,非鉄金属,43.72,0.4,除外,0.7856,0.6312,0.2363,0.2304,0.3025,0.8696,0.6875,0.9677,0.0,0.0009,0.6108,0.0,0.3333,0.2273,0.0364,0.1579,0.5,0.8432,0.165,0.0,0.2019,"3,4,5",1.0,1.0,0.5,1.0,1.0,0.0851,1.0,0.7
2026-08-15,5714,ＤＯＷＡホールディングス,非鉄金属,46.79,0.2,除外,0.8034,0.5693,0.1923,0.3068,0.4678,0.8093,0.5,0.9677,0.0,0.0,0.5026,0.0,0.2667,0.7273,0.0,0.0,0.5,1.0,0.4032,0.4459,0.022,"2,3,4,5",1.0,1.0,0.5,1.0,1.0,0.227,1.0,0.7
2026-08-15,5715,古河機械金属,非鉄金属,44.97,0.0,除外,0.5875,0.5288,0.4697,0.0972,0.5653,0.7724,0.375,0.9677,0.0,0.3374,0.4886,0.453,0.6,0.1364,0.0,0.0526,0.2,0.6626,0.1241,0.4747,1.0,"1,2,3,4,5",0.0,1.0,0.5,1.0,1.0,0.0,0.5,0.7
2026-08-15,5726,大阪チタニウムテクノロジーズ,非鉄金属,56.3,0.4,除外,0.9262,0.7969,0.3673,0.2536,0.4712,0.7822,0.4375,0.9677,1.0,0.3473,0.3066,0.2153,0.6,0.2273,0.1818,0.1053,0.5,0.5454,0.1285,0.2109,1.0,"3,4,5",1.0,1.0,1.0,1.0,1.0,0.4098,1.0,1.0
2026-08-15,5741,ＵＡＣＪ,非鉄金属,42.46,0.2,除外,0.375,0.6103,0.2819,0.4295,0.4264,0.8485,0.625,0.9677,0.0,0.2567,0.2745,0.3963,0.2,0.8182,0.0,0.7,0.2,0.4299,0.4617,0.8141,0.0,"1,3,4,5",0.0,1.0,0.5,0.0,1.0,0.0,0.5,0.0
2026-08-15,5801,古河電気工業,非鉄金属,48.67,0.4,除外,0.675,0.7248,0.4978,0.3331,0.203,0.994,0.9375,0.9677,0.0,0.8423,0.3491,0.0,0.8,0.7273,0.3,0.1053,0.2,0.0,0.3333,0.4785,0.0,"3,4,5",1.0,1.0,1.0,0.0,1.0,0.0,1.0,0.4
2026-08-15,5802,住友電気工業,非鉄金属,48.83,0.2,除外,0.4375,0.6725,0.5502,0.4949,0.2863,0.9721,0.75,0.9677,0.0,0.5186,0.5625,0.5865,0.5333,0.9545,0.0,0.825,0.2,0.2366,0.4444,0.4642,0.0,"1,3,4,5",0.0,1.0,1.0,0.0,1.0,0.0,0.5,0.0
2026-08-15,5803,フジクラ,非鉄金属,58.73,0.6,監視,0.8,0.6909,0.4613,0.3177,0.6668,0.9834,0.8125,0.9677,0.0,0.3486,0.6964,0.0,0.8,0.6818,0.0364,0.0526,0.5,0.973,0.3035,0.3906,1.0,"3,4",1.0,1.0,1.0,1.0,1.0,0.0,1.0,0.4
2026-08-15,5805,ＳＷＣＣ,非鉄金属,46.62,0.2,除外,0.775,0.4667,0.3705,0.2205,0.4985,0.7114,0.1875,0.9677,0.0,0.259,0.599,0.0907,0.5333,0.6818,0.0,0.0,0.2,0.9771,0.5379,0.4789,0.0,"2,3,4,5",1.0,1.0,0.5,1.0,1.0,0.0,1.0,0.7
2026-08-15,5830,いよぎんホールディングス,銀行業,60.49,0.6,監視,0.9869,0.8265,0.2531,0.7309,0.2271,0.8817,0.4242,1.0,1.0,0.0,0.4041,0.2748,0.3333,,0.3676,0.825,1.0,0.5676,,0.1136,0.0,"3,5",1.0,1.0,1.0,1.0,1.0,0.8951,1.0,1.0
2026-08-15,5831,しずおかフィナンシャルグループ,銀行業,55.39,0.4,除外,0.8959,0.7849,0.4771,0.2719,0.3399,0.8515,0.2879,1.0,1.0,0.4265,0.3776,0.5711,0.5333,,0.3,0.3158,0.2,0.3457,,0.6151,0.0588,"3,4,5",1.0,1.0,1.0,1.0,1.0,0.8672,1.0,0.3
2026-08-15,5832,ちゅうぎんフィナンシャルグループ,銀行業,58.32,0.6,監視,0.9788,0.7572,0.6009,0.1854,0.3934,0.832,0.197,1.0,1.0,0.5161,0.3304,0.8905,0.6667,0.1364,0.3,0.1053,0.2,0.7114,0.1388,0.7234,0.0,"4,5",1.0,1.0,1.0,1.0,1.0,0.8303,1.0,1.0
2026-08-15,5834,ＳＢＩリーシングサービス,証券、商品先物取引業,57.42,0.8,本命,0.6621,0.6289,0.6338,0.1477,0.7983,0.5139,0.55,0.4516,1.0,0.7677,0.587,0.5139,0.6667,0.0909,0.0,0.0,0.5,1.0,0.237,0.9564,1.0,4,1.0,0.9807,0.5,1.0,0.8745,0.1419,0.5,0.3
2026-08-15,5838,楽天銀行,銀行業,34.16,0.4,除外,0.0,0.0,0.7995,0.1705,0.738,,,,,1.0,0.5555,0.8426,0.8,0.1818,0.0,0.0,0.5,1.0,0.1417,0.8102,1.0,"1,2,4",,,,,,,,
2026-08-15,5842,インテグラル,証券、商品先物取引業,22.05,0.0,除外,0.0,0.0,0.4292,0.1908,0.4827,,,,,0.3095,0.3553,0.9853,0.0667,0.0,0.0,0.2632,0.5,0.7766,0.1684,0.6131,0.3727,"1,2,3,4,5",,,,,,,,
2026-08-15,5844,京都フィナンシャルグループ,銀行業,62.35,0.4,除外,0.9467,0.5504,0.6958,0.3636,0.5607,0.8214,0.1818,1.0,0.1984,0.8619,0.3986,0.9894,0.5333,0.9545,0.3,0.0,0.2,0.6923,0.4444,0.465,0.641,"2,4,5",1.0,1.0,1.0,1.0,1.0,0.8739,1.0,0.7
2026-08-15,5851,リョービ,非鉄金属,24.23,0.0,除外,0.0,0.3715,0.2978,0.1463,0.3957,0.4559,0.0625,0.9677,0.0,0.1339,0.4878,0.3696,0.2,0.2273,0.0,0.1579,0.2,0.8928,0.2898,0.1596,0.2408,"1,2,3,4,5",,,,,,,,
2026-08-15,5857,ＡＲＥホールディングス,非鉄金属,48.8,0.2,除外,0.8223,0.4934,0.3468,0.2081,0.5694,0.7558,0.25,0.9677,0.0,0.2319,0.4327,0.1894,0.5333,0.2273,0.0,0.1053,0.5,1.0,0.2002,0.0774,1.0,"2,3,4,5",1.0,1.0,0.5,1.0,1.0,0.0786,1.0,1.0
2026-08-15,5889,Ｊａｐａｎ　Ｅｙｅｗｅａｒ　Ｈｏｌｄｉｎｇｓ,小売業,48.08,0.2,除外,0.9917,0.0,0.5624,0.5447,0.305,,,,,0.9028,0.5608,0.3858,0.4,,0.7091,0.725,0.2,0.2458,,0.6693,0.0,"2,3,4,5",1.0,1.0,1.0,1.0,1.0,0.9338,1.0,1.0
2026-08-15,5901,東洋製罐グループホールディングス,金属製品,71.34,0.8,本命,0.9974,0.6132,0.741,0.4517,0.7637,0.6541,0.64,0.5161,0.6426,0.7885,0.6071,0.6348,0.9333,,0.9971,0.1579,0.2,1.0,0.4444,0.6103,1.0,4,1.0,1.0,1.0,1.0,1.0,0.9788,1.0,1.0
2026-08-15,5911,横河ブリッジホールディングス,金属製品,41.71,0.2,除外,0.4962,0.4525,0.3783,0.1068,0.6519,0.3775,0.4,0.5161,0.5162,0.0531,0.1443,0.8491,0.4667,0.2273,0.0,0.0,0.2,1.0,0.1042,0.5035,1.0,"1,2,3,4",0.0,0.7283,0.5,1.0,0.3213,0.6198,0.5,0.3
2026-08-15,5929,三和ホールディングス,金属製品,28.31,0.2,除外,0.0,0.0,0.6147,0.2895,0.5113,,,,,0.8806,0.1444,0.8339,0.6,0.0,0.0,0.1579,1.0,1.0,0.1487,0.1403,0.7563,"1,2,4,5",,,,,,,,
2026-08-15,5930,文化シヤッター,金属製品,17.0,0.0,除外,0.0,0.0,0.1677,0.3463,0.3359,,,,,0.0,0.3375,0.0,0.3333,0.2273,0.0,0.1579,1.0,0.7131,0.1702,0.0,0.4603,"1,2,3,4,5",,,,,,,,
2026-08-15,5938,ＬＩＸＩＬ,金属製品,26.98,0.0,除外,0.0,0.5593,0.4443,0.3026,0.043,0.361,0.36,0.5161,1.0,0.0989,0.4391,0.6393,0.6,0.0,0.0,0.2105,1.0,0.0729,0.0989,0.0,0.0,"1,2,3,4,5",,,,,,,,
2026-08-15,5943,ノーリツ,金属製品,50.43,0.2,除外,0.8744,0.4018,0.4877,0.2561,0.5013,0.5094,0.52,0.5161,0.0618,0.6386,0.2579,0.5878,0.4667,0.1364,0.6882,0.0,0.2,0.7925,0.1389,0.5024,0.5713,"2,3,4,5",1.0,1.0,1.0,1.0,0.955,0.7403,1.0,0.3
2026-08-15,5946,長府製作所,金属製品,42.05,0.4,除外,0.7351,0.3392,0.6607,0.3365,0.0312,0.321,0.28,0.5161,0.2396,0.3202,0.896,0.9599,0.4667,0.2273,0.1818,0.7368,0.2,0.0,0.1249,0.0,0.0,"2,4,5",1.0,0.9032,0.5,1.0,0.2971,0.6805,0.5,1.0
2026-08-15,5947,リンナイ,金属製品,38.27,0.2,除外,0.2941,0.3505,0.5096,0.099,0.6602,0.2208,0.2,0.5161,0.4651,0.6492,0.4965,0.2929,0.6,0.0909,0.0,0.1053,0.2,1.0,0.1199,0.5325,0.9883,"1,2,3,4",0.0,0.6104,0.0,1.0,0.2803,0.3624,0.0,0.1
2026-08-15,5949,ユニプレス,輸送用機器,55.26,0.4,除外,0.7538,0.4841,0.3637,0.491,0.6703,0.5539,0.725,0.3548,0.3026,0.4925,0.3149,0.3142,0.3333,0.2273,0.0,0.7368,1.0,1.0,0.3046,0.5243,0.8522,"2,3,4",1.0,0.8139,0.5,1.0,0.7259,0.491,0.5,1.0
2026-08-15,5959,岡部,金属製品,34.19,0.2,除外,0.0,0.2902,0.4433,0.2647,0.7113,0.3248,0.32,0.5161,0.0,0.7234,0.0445,0.6719,0.3333,0.2273,0.0,0.6316,0.2,1.0,0.1092,0.7362,1.0,"1,2,3,4",,,,,,,,
2026-08-15,5970,ジーテクト,金属製品,59.1,0.4,除外,0.9766,0.3492,0.484,0.5404,0.6049,0.4408,0.44,0.5161,0.0,0.6985,0.129,0.442,0.6667,,1.0,0.4211,0.2,0.9979,0.3057,0.1162,1.0,"2,3,4",1.0,0.9155,1.0,1.0,0.8976,1.0,1.0,1.0
2026-08-15,5975,東プレ,金属製品,54.51,0.2,除外,1.0,0.5659,0.3667,0.2964,0.4967,0.6119,0.6,0.5161,0.5354,0.0,1.0,0.0,0.4667,,0.3735,0.3158,0.2,0.7885,0.1982,0.0,1.0,"2,3,4,5",1.0,1.0,1.0,1.0,1.0,1.0,1.0,1.0
2026-08-15,5976,高周波熱錬,金属製品,55.53,0.6,監視,0.9089,0.6162,0.3065,0.633,0.3118,0.4687,0.48,0.5161,1.0,0.4182,0.3049,0.1696,0.3333,0.2273,0.4545,0.85,1.0,1.0,0.2471,0.0,0.0,"3,5",1.0,1.0,0.5,1.0,0.864,0.9071,1.0,1.0
2026-08-15,5981,東京製綱,金属製品,68.57,0.8,本命,0.9594,0.7295,0.7574,0.2193,0.763,0.7219,0.68,0.5161,1.0,1.0,0.4298,0.9332,0.6667,,0.3,0.1579,0.2,0.9184,0.5852,0.5486,1.0,4,1.0,1.0,1.0,1.0,1.0,0.9755,1.0,0.7
2026-08-15,5985,サンコール,金属製品,55.68,0.6,監視,0.8088,0.6277,0.6854,0.3218,0.3403,0.9947,1.0,0.5161,0.0,0.9241,0.4846,0.6661,0.6667,0.6818,0.0,0.1053,0.5,0.8299,0.1926,0.3387,0.0,"4,5",1.0,1.0,1.0,1.0,1.0,0.0702,1.0,0.4
2026-08-15,5988,パイオラックス,金属製品,24.95,0.0,除外,0.0,0.0,0.5527,0.3523,0.3424,,,,,0.3986,0.3578,0.7877,0.6667,0.0,0.1091,0.8,0.5,0.8883,0.2436,0.2378,0.0,"1,2,3,4,5",,,,,,,,
2026-08-15,5989,エイチワン,金属製品,50.59,0.2,除外,0.552,0.3981,0.2143,0.592,0.7731,0.5162,0.56,0.5161,0.0,0.0,0.1906,0.0,0.6667,0.8182,0.9971,0.0526,0.5,1.0,0.5104,0.582,1.0,"1,2,3,4",1.0,0.8176,1.0,0.0,0.7811,0.217,0.5,0.1
2026-08-15,5991,日本発條,金属製品,59.84,0.4,除外,0.7182,0.5576,0.7048,0.4638,0.5477,0.9141,0.8,0.5161,0.0,1.0,0.5224,0.9635,0.3333,0.8,0.45,0.1053,0.5,0.1872,0.3391,0.6644,1.0,"2,4,5",1.0,1.0,1.0,0.0,1.0,0.3457,1.0,0.4
2026-08-15,6005,三浦工業,機械,34.75,0.2,除外,0.2899,0.3492,0.1918,0.175,0.7315,0.3828,0.1753,0.8387,0.0,0.1502,0.2281,0.189,0.2,0.5,0.0,0.0,0.2,1.0,0.1836,0.7425,1.0,"1,2,3,4",0.0,0.9803,0.5,0.0,0.2903,0.4485,0.0,0.1
2026-08-15,6013,タクマ,機械,58.1,0.4,除外,0.6793,0.5721,0.497,0.4434,0.7131,0.7898,0.6598,0.8387,0.0,0.7788,0.2338,0.5087,0.4667,0.8,0.3,0.4737,0.2,0.6694,0.456,0.7269,1.0,"2,3,4",1.0,1.0,1.0,0.0,1.0,0.4347,1.0,0.0
2026-08-15,6016,ジャパンエンジンコーポレーション,輸送用機器,34.67,0.2,除外,0.0,0.4042,0.3611,0.3224,0.6458,0.2811,0.225,0.3548,0.756,0.0584,0.2985,0.5541,0.5333,0.0,0.0,0.7895,0.5,1.0,0.1157,0.4674,1.0,"1,2,3,4",,,,,,,,
2026-08-15,6023,ダイハツインフィニアース,輸送用機器,33.84,0.2,除外,0.0,0.2683,0.4187,0.3572,0.6477,0.3685,0.35,0.3548,0.0,0.2306,0.5342,0.31,0.6,0.6818,0.0364,0.2105,0.5,1.0,0.3333,0.2576,1.0,"1,2,3,4",,,,,,,,
2026-08-15,6036,ＫｅｅＰｅｒ技研,サービス業,32.21,0.4,除外,0.0,0.0,0.7956,0.125,0.69,,,,,1.0,0.5514,0.7643,0.8667,0.0,0.0,0.0,0.5,1.0,0.2153,0.5448,1.0,"1,2,4",,,,,,,,
2026-08-15,6055,ジャパンマテリアル,サービス業,56.74,0.6,監視,0.6536,0.7194,0.6418,0.5237,0.2983,0.8161,0.9647,0.0968,1.0,1.0,0.4101,0.9572,0.2,0.6,0.9265,0.3684,0.2,0.1311,0.1111,0.2318,0.7192,"4,5",1.0,1.0,1.0,0.0,1.0,0.2288,1.0,0.0
2026-08-15,6058,ベクトル,サービス業,52.88,0.4,除外,0.9523,0.7254,0.3876,0.4551,0.1237,0.8282,0.9765,0.0968,1.0,0.3071,0.0701,0.7731,0.4,0.6,0.9676,0.0526,0.2,0.0,,0.371,0.0,"3,4,5",1.0,1.0,1.0,1.0,1.0,0.6186,1.0,1.0
2026-08-15,6080,Ｍ＆Ａキャピタルパートナーズ,サービス業,66.01,0.4,除外,0.9988,0.5763,0.5961,0.6809,0.4485,0.4672,0.7412,0.0968,1.0,0.0,0.9636,0.6208,0.8,,0.9676,0.875,0.2,1.0,,0.2278,0.1177,"2,3,5",1.0,1.0,1.0,1.0,1.0,0.9901,1.0,1.0
2026-08-15,6088,シグマクシス・ホールディングス,サービス業,22.71,0.0,除外,0.0,0.0,0.3351,0.2632,0.537,,,,,0.5256,0.4149,0.0,0.4,0.0,0.0,0.0526,1.0,0.951,0.1521,0.0451,1.0,"1,2,3,4,5",,,,,,,,
2026-08-15,6098,リクルートホールディングス,サービス業,68.29,0.6,監視,1.0,0.6629,0.66,0.5,0.5914,0.6609,0.8941,0.0968,1.0,0.7075,0.3525,0.7799,0.8,,1.0,0.0,0.5,0.701,,0.0733,1.0,"4,5",1.0,1.0,1.0,1.0,1.0,1.0,1.0,1.0
2026-08-15,6101,ツガミ,機械,49.37,0.4,除外,0.625,0.7011,0.3804,0.4171,0.345,0.9864,0.9794,0.8387,0.0,0.3097,0.2198,0.8588,0.1333,0.8,0.3,0.3684,0.2,0.0,0.2416,0.1383,1.0,"3,4,5",1.0,1.0,1.0,0.0,1.0,0.0,1.0,0.0
2026-08-15,6103,オークマ,機械,64.51,0.4,除外,0.9946,0.716,0.5058,0.4427,0.5663,0.6232,0.4021,0.8387,1.0,0.7119,0.5077,0.3368,0.4667,,0.9176,0.2105,0.2,1.0,0.3419,0.5363,0.387,"3,4,5",1.0,1.0,1.0,1.0,1.0,0.957,1.0,1.0
2026-08-15,6104,芝浦機械,機械,46.4,0.2,除外,0.3171,0.5313,0.7542,0.2976,0.4199,0.6914,0.4845,0.8387,0.1106,0.8781,0.5413,0.9973,0.6,0.7273,0.0,0.2632,0.2,0.6215,0.2727,0.0,0.7853,"1,2,4,5",0.0,0.73,1.0,0.0,0.3704,0.3367,0.0,0.1
2026-08-15,6113,アマダ,機械,51.34,0.4,除外,0.732,0.6118,0.306,0.3505,0.5669,0.8455,0.7629,0.8387,0.0,0.5503,0.1298,0.5438,0.0,0.8636,0.3382,0.0,0.2,0.344,0.2857,0.6379,1.0,"3,4,5",1.0,1.0,1.0,0.0,1.0,0.4563,1.0,0.4
2026-08-15,6118,アイダエンジニアリング,機械,67.56,0.8,本命,0.8794,0.6691,0.6653,0.4304,0.734,0.5388,0.299,0.8387,1.0,0.6963,0.466,0.9655,0.5333,0.7273,0.6364,0.1579,0.2,0.9218,0.3536,0.6606,1.0,4,1.0,1.0,0.5,1.0,1.0,0.5354,1.0,1.0
2026-08-15,6134,ＦＵＪＩ,機械,49.58,0.4,除外,0.9137,0.6852,0.1186,0.3528,0.4087,0.9638,0.9381,0.8387,0.0,0.0,0.4076,0.0,0.0667,0.8,0.3059,0.1053,0.2,0.0025,0.3184,0.3137,1.0,"3,4,5",1.0,1.0,1.0,1.0,1.0,0.6099,1.0,0.7
2026-08-15,6135,牧野フライス製作所,機械,61.72,0.4,除外,0.7987,0.6771,0.5047,0.5675,0.538,0.5501,0.3196,0.8387,1.0,0.0873,0.6115,0.7199,0.6,1.0,0.9647,0.1053,0.2,0.6243,0.1111,0.4164,1.0,"3,4,5",1.0,1.0,1.0,0.0,1.0,0.6894,1.0,0.7
2026-08-15,6136,オーエスジー,機械,63.45,0.4,除外,0.9744,0.8904,0.5331,0.3617,0.4129,0.8983,0.8247,0.8387,1.0,0.209,0.6109,0.9124,0.4,0.8,0.3941,0.0526,0.2,0.0,0.2042,0.4476,1.0,"3,4,5",1.0,1.0,1.0,1.0,1.0,0.7952,1.0,1.0
2026-08-15,6140,旭ダイヤモンド工業,機械,42.91,0.2,除外,0.845,0.5528,0.2971,0.1909,0.2599,0.7641,0.6082,0.8387,0.0,0.1442,0.4442,0.0,0.6,0.2273,0.0364,0.0,0.5,0.6562,0.1236,0.2597,0.0,"2,3,4,5",1.0,1.0,1.0,1.0,1.0,0.0597,1.0,0.7
2026-08-15,6141,ＤＭＧ森精機,機械,60.37,0.6,監視,0.9327,0.6029,0.3238,0.4565,0.7028,0.3873,0.1856,0.8387,1.0,0.2645,0.3291,0.1014,0.6,0.6,0.9735,0.0526,0.2,0.4398,,0.6685,1.0,"3,4",1.0,1.0,1.0,1.0,1.0,0.7615,1.0,0.7
2026-08-15,6143,ソディック,機械,50.51,0.4,除外,0.7253,0.6228,0.3728,0.39,0.4146,0.8689,0.7835,0.8387,0.0,0.4262,0.3211,0.2107,0.5333,0.9545,0.3,0.1053,0.2,0.2218,0.1111,0.3255,1.0,"3,4,5",1.0,1.0,1.0,0.0,1.0,0.4023,1.0,0.4
2026-08-15,6145,ＮＩＴＴＯＫＵ,機械,41.02,0.0,除外,0.3634,0.5461,0.3513,0.2922,0.498,0.7581,0.5876,0.8387,0.0,0.5491,0.1773,0.2789,0.4,0.8636,0.0,0.1053,0.2,0.3433,0.395,0.3484,0.9055,"1,2,3,4,5",0.0,1.0,1.0,0.0,0.5075,0.0,0.0,0.4
2026-08-15,6146,ディスコ,機械,43.66,0.2,除外,0.4375,0.5783,0.6105,0.4465,0.11,0.7943,0.6804,0.8387,0.0,0.3952,0.4318,0.8815,0.7333,0.9545,0.0,0.6316,0.2,0.0,0.4398,0.0,0.0,"1,2,4,5",0.0,1.0,1.0,0.0,1.0,0.0,0.5,0.0
2026-08-15,6178,日本郵政,サービス業,66.51,0.8,本命,0.8754,0.7131,0.7314,0.3181,0.6877,0.8026,0.9529,0.0968,1.0,0.6814,0.5121,0.9321,0.8,0.2,0.6618,0.2105,0.2,0.5417,,0.6508,0.8706,4,1.0,1.0,1.0,1.0,1.0,0.7034,1.0,0.3
2026-08-15,6183,ベルシステム２４ホールディングス,サービス業,33.47,0.2,除外,0.2605,0.2424,0.2285,0.2958,0.6461,0.3082,0.5647,0.0968,0.0,0.0,0.3144,0.333,0.2667,0.7727,0.0,0.2105,0.2,0.8251,0.3085,0.5,0.9506,"1,2,3,4",0.0,0.6582,0.5,0.0,0.2694,0.5567,0.0,0.1
2026-08-15,6196,ストライク,サービス業,41.31,0.2,除外,0.0,0.5107,0.4264,0.3726,0.7556,0.3459,0.6,0.0968,1.0,0.0993,0.3194,0.62,0.6667,0.2273,0.0,0.2632,1.0,1.0,0.1259,0.8966,1.0,"1,2,3,4",,,,,,,,
2026-08-15,6197,ソラスト,サービス業,64.44,0.4,除外,0.9969,0.506,0.5249,0.3503,0.8438,0.939,0.9882,0.0968,0.0,1.0,0.0,0.1664,0.9333,,0.4824,0.3684,0.2,1.0,0.375,1.0,1.0,"2,3,4",1.0,1.0,1.0,1.0,1.0,0.975,1.0,1.0
2026-08-15,6200,インソース,サービス業,20.21,0.0,除外,0.0,0.0,0.4867,0.3487,0.1749,,,,,0.0,1.0,0.6136,0.3333,0.0,0.0,0.8947,0.5,0.1247,0.3738,0.0,0.201,"1,2,3,4,5",,,,,,,,
2026-08-15,6203,豊和工業,機械,42.64,0.2,除外,0.6148,0.5255,0.5228,0.0955,0.3733,0.7272,0.5361,0.8387,0.0,1.0,0.1572,0.4008,0.5333,0.1818,0.0,0.0,0.2,0.5189,0.0975,0.4957,0.3812,"2,3,4,5",1.0,1.0,1.0,0.0,1.0,0.018,0.5,0.4
2026-08-15,6209,リケンＮＰＲ,機械,48.97,0.4,除外,0.7391,0.6545,0.2003,0.4536,0.4008,0.7671,0.6186,0.8387,0.3936,0.0,0.3346,0.0,0.4667,0.2273,0.4029,0.6842,0.5,1.0,0.1272,0.4022,0.074,"3,4,5",1.0,1.0,1.0,0.0,1.0,0.4129,0.5,1.0
2026-08-15,6222,島精機製作所,機械,34.99,0.2,除外,0.0,0.2827,0.4936,0.3158,0.6576,0.2095,0.0825,0.8387,0.0,0.1848,0.3958,0.9937,0.4,0.0,0.0,0.2632,1.0,1.0,0.1454,0.4851,1.0,"1,2,3,4",,,,,,,,
2026-08-15,6226,守谷輸送機工業,機械,25.83,0.0,除外,0.0,0.5838,0.219,0.1726,0.3163,0.4326,0.2062,0.8387,0.8577,0.1825,0.2933,0.0,0.4,0.2273,0.0,0.2632,0.2,0.5635,0.2423,0.0,0.4593,"1,2,3,4,5",,,,,,,,
2026-08-15,6227,ＡＩメカテック,機械,55.69,0.6,監視,0.7288,0.7236,0.6721,0.287,0.373,0.9962,0.9897,0.8387,0.0696,0.8262,0.526,0.9364,0.4,0.5455,0.35,0.0526,0.2,0.405,0.1208,0.512,0.4543,"4,5",1.0,1.0,1.0,0.0,1.0,0.1306,1.0,0.7
2026-08-15,6232,ＡＣＳＬ,機械,56.78,0.6,監視,0.65,0.3864,0.8084,0.2409,0.7534,0.48,0.2268,0.8387,0.0,1.0,0.387,0.8467,1.0,0.7273,0.0364,0.0,0.2,1.0,0.3014,0.712,1.0,"2,4",1.0,1.0,1.0,0.0,1.0,0.0,0.5,0.7
2026-08-15,6235,オプトラン,機械,51.08,0.6,監視,0.6125,0.6497,0.736,0.2295,0.3263,0.9043,0.8557,0.8387,0.0,1.0,0.5231,0.6211,0.8,0.6818,0.0364,0.0,0.2,0.3101,0.3536,0.4304,0.2112,"4,5",1.0,1.0,1.0,0.0,1.0,0.0,0.5,0.4
2026-08-15,6238,フリュー,機械,71.6,0.8,本命,0.9897,0.713,0.7257,0.3422,0.8092,0.6217,0.3918,0.8387,1.0,0.9914,0.5011,0.5437,0.8667,,0.8265,0.0,0.2,1.0,0.384,0.9727,0.88,4,1.0,1.0,1.0,1.0,1.0,0.9176,1.0,1.0
2026-08-15,6240,ヤマシンフィルタ,機械,25.86,0.2,除外,0.0,0.0,0.4287,0.1684,0.696,,,,,0.5016,0.2949,0.4517,0.4667,0.0,0.0,0.4737,0.2,1.0,0.1592,0.6249,1.0,"1,2,3,4",,,,,,,,
2026-08-15,6250,やまびこ,機械,66.95,0.4,除外,1.0,0.843,0.4802,0.5088,0.5154,0.8116,0.7216,0.8387,1.0,0.4295,0.5598,0.1979,0.7333,,0.5,0.5263,0.5,0.9196,0.3008,0.0,0.8412,"3,4,5",1.0,1.0,1.0,1.0,1.0,1.0,1.0,1.0
2026-08-15,6254,野村マイクロ・サイエンス,機械,44.75,0.2,除外,0.6125,0.5845,0.3083,0.2786,0.4534,0.8086,0.6907,0.8387,0.0,0.2565,0.3922,0.4513,0.1333,0.7727,0.0364,0.1053,0.2,0.0,0.3798,0.4337,1.0,"2,3,4,5",1.0,1.0,1.0,0.0,1.0,0.0,0.5,0.4
2026-08-15,6258,平田機工,機械,58.36,0.4,除外,0.9625,0.6489,0.4321,0.3018,0.573,0.728,0.5464,0.8387,0.4825,0.6465,0.2523,0.2961,0.5333,,0.3,0.1053,0.5,0.8724,0.4196,0.0,1.0,"3,4,5",1.0,1.0,1.0,1.0,1.0,1.0,1.0,0.7
2026-08-15,6264,マルマエ,機械,54.38,0.4,除外,0.675,0.6768,0.5678,0.3668,0.4326,0.951,0.9175,0.8387,0.0,0.7928,0.4147,0.4636,0.6,0.8,0.3618,0.1053,0.2,0.2805,0.3889,0.7431,0.3179,"3,4,5",1.0,1.0,1.0,0.0,1.0,0.0,1.0,0.4
2026-08-15,6266,タツモ,機械,47.24,0.4,除外,0.625,0.9034,0.0986,0.4572,0.2778,0.9088,0.866,0.8387,1.0,0.0,0.2482,0.013,0.1333,0.6,0.9235,0.1053,0.2,0.0,0.1111,0.0,1.0,"3,4,5",1.0,1.0,1.0,0.0,1.0,0.0,1.0,0.0
2026-08-15,6268,ナブテスコ,機械,52.54,0.4,除外,0.7198,0.6346,0.491,0.2409,0.5408,0.8855,0.8144,0.8387,0.0,0.3022,0.4205,0.7746,0.4667,0.7273,0.0364,0.0,0.2,0.281,0.4444,0.4377,1.0,"3,4,5",1.0,1.0,1.0,0.0,1.0,0.3581,1.0,0.4
2026-08-15,6269,三井海洋開発,機械,50.46,0.2,除外,0.4375,0.5428,0.5485,0.2303,0.7638,0.7551,0.5773,0.8387,0.0,0.8548,0.2009,0.3383,0.8,0.0,0.0,0.4211,0.5,1.0,0.1464,0.9089,1.0,"1,2,3,4",0.0,1.0,0.5,0.0,1.0,0.0,0.0,1.0
2026-08-15,6273,ＳＭＣ,機械,62.1,0.6,監視,0.9257,0.7452,0.4111,0.3858,0.6372,0.6782,0.4639,0.8387,1.0,0.4092,0.3123,0.2563,0.6667,0.6818,0.6088,0.0526,0.2,0.67,0.3,0.5787,1.0,"3,4",1.0,1.0,1.0,1.0,1.0,0.7058,1.0,0.7
2026-08-15,6277,ホソカワミクロン,機械,36.37,0.2,除外,0.0,0.299,0.4328,0.3594,0.7274,0.2645,0.0928,0.8387,0.0,0.553,0.303,0.4085,0.4667,0.2273,0.0,0.2105,1.0,1.0,0.3009,0.6088,1.0,"1,2,3,4",,,,,,,,
2026-08-15,6278,ユニオンツール,機械,42.23,0.2,除外,0.5625,0.695,0.244,0.5346,0.0754,0.9827,0.9588,0.8387,0.0,0.2852,0.2982,0.0592,0.3333,0.9545,0.0364,0.9474,0.2,0.0,0.139,0.0231,0.1396,"1,3,4,5",1.0,1.0,1.0,0.0,1.0,0.0,0.5,0.0
2026-08-15,6282,オイレス工業,機械,63.99,0.4,除外,0.9983,0.7084,0.5443,0.3682,0.5804,0.6134,0.3814,0.8387,1.0,0.534,0.4659,0.5108,0.6667,,0.6941,0.2105,0.2,1.0,,0.7413,0.0,"3,4,5",1.0,1.0,1.0,1.0,1.0,0.9864,1.0,1.0
2026-08-15,6284,日精エー・エス・ビー機械,機械,60.96,0.6,監視,0.9185,0.6379,0.3474,0.4139,0.7301,0.78,0.6392,0.8387,0.2936,0.3138,0.3583,0.1175,0.6,0.6,0.8029,0.0526,0.2,0.6867,,0.5037,1.0,"3,4",1.0,1.0,1.0,1.0,1.0,0.6481,1.0,0.7
2026-08-15,6287,サトー,機械,55.41,0.6,監視,0.9804,0.6151,0.2646,0.6174,0.293,0.4258,0.1959,0.8387,1.0,0.0,0.5773,0.2143,0.2667,,0.5273,0.325,1.0,0.8082,0.0984,0.2652,0.0,"3,5",1.0,0.9796,1.0,1.0,0.8635,1.0,1.0,1.0
2026-08-15,6298,ワイエイシイホールディングス,機械,47.82,0.2,除外,0.6931,0.5387,0.5142,0.2882,0.3569,0.7491,0.567,0.8387,0.0,1.0,0.6133,0.2434,0.2,0.8636,0.0364,0.0526,0.2,0.3321,0.1111,0.6354,0.3492,"2,3,4,5",1.0,1.0,1.0,0.0,1.0,0.1445,1.0,0.4
2026-08-15,6301,小松製作所,機械,56.58,0.4,除外,0.9774,0.6672,0.5694,0.3262,0.2887,0.6074,0.3711,0.8387,0.8517,0.554,0.3565,0.8336,0.5333,0.1364,0.3,0.3684,0.5,0.8264,0.1214,0.0,0.2071,"3,4,5",1.0,1.0,1.0,1.0,1.0,0.819,1.0,1.0
2026-08-15,6302,住友重機械工業,機械,53.64,0.4,除外,0.9721,0.6959,0.2933,0.314,0.4064,0.8109,0.7113,0.8387,0.4228,0.0,0.5734,0.0,0.6,0.2273,0.4235,0.1053,0.5,0.4849,0.1405,0.0,1.0,"3,4,5",1.0,1.0,1.0,1.0,1.0,0.7771,1.0,1.0
2026-08-15,6305,日立建機,機械,50.05,0.4,除外,0.8285,0.5389,0.3334,0.1989,0.603,0.474,0.2165,0.8387,0.6262,0.0,0.372,0.3616,0.6,0.2273,0.0,0.3684,0.2,0.9085,0.1514,0.3519,1.0,"2,3,4",1.0,1.0,0.5,1.0,0.9514,0.1763,1.0,1.0
2026-08-15,6309,巴工業,機械,62.19,0.4,除外,0.8479,0.6855,0.5433,0.4331,0.5996,0.5735,0.3299,0.8387,1.0,0.7235,0.1918,0.7911,0.4667,0.2273,0.4,0.1053,1.0,0.7092,0.1234,0.9127,0.653,"3,4,5",1.0,1.0,0.5,1.0,0.8025,0.4805,1.0,1.0
2026-08-15,6310,井関農機,機械,36.94,0.4,除外,0.0,0.6404,0.3567,0.2213,0.6285,0.7038,0.5052,0.8387,0.514,0.5161,0.1773,0.0,0.7333,0.2273,0.0,0.1579,0.5,0.7492,0.152,0.6128,1.0,"1,3,4",,,,,,,,
2026-08-15,6315,ＴＯＷＡ,機械,36.76,0.0,除外,0.4375,0.4887,0.5021,0.3257,0.0838,0.6729,0.4433,0.8387,0.0,0.341,0.5045,0.4962,0.6667,0.6818,0.0,0.4211,0.2,0.0339,0.2761,0.0,0.0252,"1,2,3,4,5",0.0,1.0,1.0,0.0,1.0,0.0,0.5,0.0
2026-08-15,6323,ローツェ,機械,52.74,0.4,除外,0.6475,0.8939,0.4384,0.4715,0.1855,0.902,0.8351,0.8387,1.0,0.0,0.7402,0.8136,0.2,0.8,0.5176,0.3684,0.2,0.0,0.1111,0.0,0.6308,"3,4,5",1.0,1.0,1.0,0.0,1.0,0.1803,1.0,0.0
2026-08-15,6324,ハーモニック・ドライブ・システムズ,機械,54.78,0.4,除外,0.675,0.6666,0.5099,0.4469,0.4408,0.9412,0.8866,0.8387,0.0,0.5979,0.372,0.7364,0.3333,0.8,0.6824,0.1053,0.2,0.0,,0.3223,1.0,"3,4,5",1.0,1.0,1.0,0.0,1.0,0.0,1.0,0.4
2026-08-15,6326,クボタ,機械,50.28,0.4,除外,0.6761,0.5606,0.3436,0.2874,0.6463,0.7747,0.6289,0.8387,0.0,0.2085,0.4327,0.0,0.7333,0.2273,0.5118,0.2105,0.2,0.7516,0.1503,0.6831,1.0,"2,3,4",1.0,1.0,1.0,0.0,1.0,0.409,1.0,0.0
2026-08-15,6327,北川精機,機械,48.73,0.4,除外,0.625,0.7268,0.5163,0.423,0.1457,0.9985,1.0,0.8387,0.07,0.9569,0.3554,0.6195,0.1333,0.8,0.3235,0.3684,0.2,0.0,0.2755,0.3072,0.0,"3,4,5",1.0,1.0,1.0,0.0,1.0,0.0,1.0,0.0
2026-08-15,6328,荏原実業,機械,31.0,0.0,除外,0.2395,0.4429,0.1899,0.1068,0.5707,0.5825,0.3505,0.8387,0.0,0.0,0.1597,0.0,0.6,0.2273,0.0,0.0,0.2,0.777,0.2202,0.2856,1.0,"1,2,3,4,5",0.0,0.8265,0.5,0.0,0.5574,0.0324,0.0,0.0
2026-08-15,6330,東洋エンジニアリング,建設業,46.85,0.4,除外,0.525,0.6682,0.3446,0.174,0.6308,0.9307,1.0,0.7419,0.0,0.0,0.6582,0.0535,0.6667,0.0909,0.0,0.1053,0.5,1.0,0.1791,0.3441,1.0,"1,3,4",0.0,1.0,0.5,1.0,1.0,0.0,0.0,0.7
2026-08-15,6331,三菱化工機,機械,50.58,0.2,除外,0.4509,0.6012,0.5704,0.486,0.4203,0.8237,0.7423,0.8387,0.0,0.5879,0.2552,0.8385,0.6,0.9545,0.0,0.7895,0.2,0.3128,0.4444,0.6602,0.2638,"1,3,4,5",0.0,1.0,1.0,0.0,1.0,0.1074,0.5,0.0
2026-08-15,6332,月島ホールディングス,機械,44.02,0.2,除外,0.0,0.4228,0.5445,0.4384,0.7955,0.5117,0.268,0.8387,0.073,0.8329,0.1736,0.5713,0.6,0.2273,0.0,0.5263,1.0,1.0,0.3073,0.8748,1.0,"1,2,3,4",,,,,,,,
2026-08-15,6339,新東工業,機械,64.85,0.6,監視,0.9551,0.4757,0.6908,0.5031,0.6179,0.6518,0.4124,0.8387,0.0,1.0,0.3138,0.7162,0.7333,0.8182,0.9941,0.0,0.2,0.8516,0.3889,0.2311,1.0,"2,4",1.0,1.0,1.0,1.0,1.0,0.941,1.0,0.7
2026-08-15,6340,澁谷工業,機械,70.42,0.8,本命,0.9902,0.6963,0.5741,0.6225,0.638,0.5855,0.3608,0.8387,1.0,0.8186,0.501,0.5766,0.4,0.8,0.9794,0.2105,0.5,0.4849,0.4444,0.6225,1.0,3,1.0,1.0,1.0,1.0,1.0,0.9213,1.0,1.0
2026-08-15,6345,アイチ　コーポレーション,機械,51.2,0.4,除外,0.7703,0.4784,0.6244,0.2068,0.48,0.266,0.1031,0.8387,0.7059,0.6291,0.2912,0.7774,0.8,0.2273,0.4,0.0,0.2,1.0,0.1306,0.7895,0.0,"2,4,5",1.0,0.7086,1.0,1.0,0.3229,0.8308,1.0,0.3
2026-08-15,6349,小森コーポレーション,機械,50.67,0.2,除外,0.9318,0.5712,0.3051,0.4758,0.2497,0.312,0.134,0.8387,1.0,0.0,0.5353,0.1516,0.5333,,0.3273,0.9,0.2,0.7491,,0.0,0.0,"2,3,4,5",1.0,1.0,0.5,1.0,1.0,0.9545,1.0,1.0
2026-08-15,6361,荏原製作所,機械,50.83,0.4,除外,0.7117,0.6825,0.4775,0.3286,0.3411,0.9035,0.8454,0.8387,0.1422,0.2475,0.5219,0.8074,0.3333,0.9545,0.0545,0.1053,0.2,0.0977,0.3349,0.4023,0.5295,"3,4,5",1.0,1.0,1.0,0.0,1.0,0.2939,1.0,0.4
2026-08-15,6363,酉島製作所,機械,71.32,0.8,本命,0.9209,0.7584,0.7291,0.5085,0.6493,0.7001,0.4948,0.8387,1.0,1.0,0.6282,0.4215,0.8667,0.6818,0.7471,0.1053,0.5,1.0,0.2469,0.3503,1.0,4,1.0,1.0,1.0,1.0,1.0,0.6671,1.0,0.7
2026-08-15,6366,千代田化工建設,建設業,57.72,0.6,監視,0.3625,0.6359,0.8126,0.2972,0.7776,0.8606,0.9412,0.7419,0.0,1.0,0.4919,0.8252,0.9333,0.1364,0.0,0.0526,1.0,1.0,0.1836,0.927,1.0,"1,4",0.0,1.0,0.5,0.0,1.0,0.0,0.0,0.4
2026-08-15,6367,ダイキン工業,機械,49.6,0.4,除外,0.675,0.5182,0.0651,0.505,0.7166,0.7084,0.5258,0.8387,0.0,0.0,0.127,0.0,0.1333,0.8,0.9147,0.1053,0.2,1.0,,0.1499,1.0,"2,3,4",1.0,1.0,1.0,0.0,1.0,0.3996,1.0,0.0
2026-08-15,6368,オルガノ,機械,36.61,0.0,除外,0.4307,0.5875,0.2925,0.2318,0.2881,0.8101,0.701,0.8387,0.0,0.1536,0.4657,0.3507,0.2,0.7273,0.0,0.0,0.2,0.0,0.1849,0.4229,0.5447,"1,2,3,4,5",0.0,1.0,0.5,0.0,1.0,0.0458,0.5,0.4
2026-08-15,6369,トーヨーカネツ,機械,53.33,0.4,除外,0.5152,0.6438,0.4349,0.2099,0.8625,0.4891,0.2474,0.8387,1.0,0.9391,0.06,0.5405,0.2,0.1818,0.0,0.1579,0.5,1.0,0.45,1.0,1.0,"1,3,4",0.0,0.8133,0.5,1.0,0.6783,0.1302,0.0,1.0
2026-08-15,6370,栗田工業,機械,51.35,0.2,除外,0.7453,0.5493,0.2891,0.462,0.5216,0.7604,0.5979,0.8387,0.0,0.1788,0.3306,0.2471,0.4,0.9545,0.5882,0.1053,0.2,0.2454,0.3962,0.4447,1.0,"2,3,4,5",1.0,1.0,1.0,0.0,1.0,0.5625,1.0,0.4
2026-08-15,6371,椿本チエイン,機械,58.72,0.4,除外,0.9832,0.4841,0.369,0.3333,0.7666,0.6647,0.433,0.8387,0.0,0.0836,0.237,0.6222,0.5333,0.7273,0.4059,0.0,0.2,0.9877,0.4609,0.6176,1.0,"2,3,4",1.0,1.0,1.0,1.0,1.0,0.8656,1.0,1.0
2026-08-15,6376,日機装,精密機器,68.27,0.4,除外,0.9259,0.9322,0.5674,0.4013,0.5866,0.9578,0.9,0.871,1.0,1.0,0.2418,0.6277,0.4,1.0,0.3,0.1053,0.2,0.5046,0.2222,0.6195,1.0,"3,4,5",1.0,1.0,1.0,1.0,1.0,0.7069,1.0,0.7
2026-08-15,6379,レイズネクスト,建設業,53.41,0.4,除外,0.9339,0.6969,0.3208,0.5,0.2191,0.6044,0.4412,0.7419,1.0,0.0,0.6622,0.1542,0.4667,,0.4,0.9,0.2,0.6573,,0.0,0.0,"3,4,5",1.0,1.0,0.5,1.0,1.0,0.9711,1.0,1.0
2026-08-15,6381,アネスト岩田,機械,51.08,0.4,除外,0.9876,0.6574,0.2448,0.4705,0.1938,0.5124,0.2784,0.8387,1.0,0.1049,0.4242,0.2503,0.2,,0.6364,0.575,0.2,0.6686,0.1067,0.0,0.0,"3,4,5",1.0,1.0,1.0,1.0,0.9028,0.9979,1.0,1.0
2026-08-15,6383,ダイフク,機械,42.97,0.2,除外,0.5846,0.6051,0.1883,0.4047,0.3661,0.8289,0.7526,0.8387,0.0,0.0476,0.2572,0.1151,0.3333,0.6818,0.0,0.7368,0.2,0.3083,0.2222,0.4262,0.5076,"1,3,4,5",1.0,1.0,1.0,0.0,1.0,0.1767,0.5,0.0
2026-08-15,6387,サムコ,機械,53.41,0.4,除外,0.5625,0.6984,0.9,0.4819,0.0278,0.9857,0.9691,0.8387,0.0,1.0,0.8394,0.9605,0.8,0.9545,0.0364,0.7368,0.2,0.0,0.1111,0.0,0.0,"1,4,5",1.0,1.0,1.0,0.0,1.0,0.0,0.5,0.0
2026-08-15,6395,タダノ,機械,56.05,0.4,除外,0.9727,0.5185,0.2591,0.4291,0.6229,0.5772,0.3402,0.8387,0.318,0.0,0.4626,0.0404,0.5333,0.2273,0.6735,0.3158,0.5,1.0,0.1894,0.3022,1.0,"2,3,4",1.0,1.0,1.0,1.0,1.0,0.7817,1.0,1.0
2026-08-15,6407,ＣＫＤ,機械,50.46,0.4,除外,0.675,0.67,0.407,0.46,0.3109,0.9442,0.8969,0.8387,0.0,0.3331,0.586,0.4423,0.2667,0.9545,0.6853,0.0,0.2,0.0,0.1111,0.3673,0.7652,"3,4,5",1.0,1.0,1.0,0.0,1.0,0.0,1.0,0.4
2026-08-15,6412,平和,機械,32.05,0.2,除外,0.0,0.0,0.7313,0.3282,0.5428,,,,,0.8478,0.6436,0.834,0.6,,0.3636,0.4211,0.2,0.5923,,0.0363,1.0,"1,2,4,5",,,,,,,,
2026-08-15,6417,ＳＡＮＫＹＯ,機械,26.05,0.0,除外,0.0,0.0,0.3555,0.4474,0.4999,,,,,0.3734,0.4166,0.4318,0.2,0.0,0.0,0.7895,1.0,0.862,0.1375,0.0,1.0,"1,2,3,4,5",,,,,,,,
2026-08-15,6419,マースグループホールディングス,機械,47.16,0.2,除外,0.6351,0.534,0.592,0.1645,0.4322,0.3188,0.1443,0.8387,0.8344,0.5294,0.3056,0.9332,0.6,0.0,0.0,0.1579,0.5,0.9197,0.1131,0.6344,0.0615,"2,3,4,5",1.0,0.551,0.0,1.0,0.4456,0.7841,1.0,0.3
2026-08-15,6420,ガリレイ,機械,33.63,0.0,除外,0.0,0.3312,0.5594,0.2171,0.5736,0.3316,0.1546,0.8387,0.0,0.7503,0.4478,0.5061,0.5333,0.0,0.0,0.3684,0.5,1.0,0.1274,0.1669,1.0,"1,2,3,4,5",,,,,,,,
2026-08-15,6425,ユニバーサルエンターテインメント,機械,28.58,0.2,除外,0.0,0.0,0.3958,0.3349,0.6982,,,,,0.5305,0.3,0.2862,0.4667,0.6818,0.0,0.1579,0.5,0.9676,0.4444,0.3809,1.0,"1,2,3,4",,,,,,,,
2026-08-15,6432,竹内製作所,機械,69.09,0.8,本命,0.9849,0.7492,0.6867,0.4113,0.6226,0.7061,0.5155,0.8387,0.9363,0.6255,0.7107,0.7439,0.6667,0.8636,0.4235,0.1579,0.2,0.2622,,0.6056,1.0,4,1.0,1.0,1.0,1.0,1.0,0.8789,1.0,1.0
2026-08-15,6436,アマノ,機械,22.29,0.0,除外,0.0,0.0,0.449,0.2625,0.4028,,,,,0.0,0.3291,0.8002,0.6667,0.0,0.0,0.85,0.2,0.4711,0.3373,0.2843,0.5188,"1,2,3,4,5",,,,,,,,
2026-08-15,6448,ブラザー工業,電気機器,59.72,0.4,除外,1.0,0.7578,0.2505,0.4392,0.5384,0.694,0.4017,0.9355,1.0,0.0,0.4944,0.1078,0.4,,0.5912,0.5263,0.2,0.6152,,0.0,1.0,"3,4,5",1.0,1.0,1.0,1.0,1.0,1.0,1.0,1.0
2026-08-15,6454,マックス,機械,57.93,0.4,除外,0.9817,0.7423,0.4538,0.307,0.412,0.6767,0.4536,0.8387,1.0,0.0,0.643,0.4387,0.7333,,0.3,0.4211,0.2,1.0,0.4585,0.0,0.1894,"3,4,5",1.0,1.0,1.0,1.0,1.0,0.8536,1.0,1.0
2026-08-15,6455,モリタホールディングス,輸送用機器,32.79,0.0,除外,0.2168,0.275,0.4788,0.1331,0.5356,0.37,0.375,0.3548,0.0,0.5945,0.1456,0.7085,0.4667,0.2273,0.0,0.1053,0.2,1.0,0.1424,0.0,1.0,"1,2,3,4,5",0.0,0.743,0.5,0.0,0.243,0.1484,0.0,0.1
2026-08-15,6457,グローリー,機械,53.88,0.4,除外,0.9829,0.6628,0.3236,0.3914,0.3333,0.5237,0.2887,0.8387,1.0,0.2481,0.3068,0.4064,0.3333,0.0,0.4182,0.9474,0.2,1.0,,0.0,0.0,"3,4,5",1.0,1.0,1.0,1.0,1.0,0.8632,1.0,1.0
2026-08-15,6458,新晃工業,機械,27.46,0.2,除外,0.0,0.3122,0.2017,0.1872,0.672,0.2864,0.1237,0.8387,0.0,0.2469,0.1583,0.2016,0.2,0.0909,0.0,0.1579,0.5,1.0,0.132,0.6744,0.8815,"1,2,3,4",,,,,,,,
2026-08-15,6460,セガサミーホールディングス,機械,22.73,0.0,除外,0.0,0.0,0.3781,0.4898,0.2686,,,,,0.2551,0.4801,0.4439,0.3333,,0.1273,0.8421,0.5,0.8057,,0.0,0.0,"1,2,3,4,5",,,,,,,,
2026-08-15,6463,ＴＰＲ,機械,65.53,0.6,監視,0.9833,0.7294,0.4416,0.5046,0.6173,0.6564,0.4227,0.8387,1.0,0.5463,0.4642,0.556,0.2,,0.9455,0.3684,0.2,1.0,0.4694,0.0,1.0,"3,4",1.0,1.0,1.0,1.0,1.0,0.8661,1.0,1.0
2026-08-15,6465,ホシザキ,機械,48.58,0.2,除外,0.7991,0.5896,0.3572,0.3882,0.295,0.3549,0.1649,0.8387,1.0,0.1466,0.2497,0.766,0.2667,,0.4909,0.4737,0.2,0.7065,,0.1786,0.0,"2,3,4,5",1.0,0.5009,0.5,1.0,0.6385,0.753,1.0,1.0
2026-08-15,6471,日本精工,機械,52.41,0.4,除外,0.755,0.5752,0.3929,0.2258,0.6714,0.792,0.6701,0.8387,0.0,0.0425,0.3663,0.6962,0.4667,0.2273,0.3706,0.1053,0.2,0.7561,0.1172,0.8123,1.0,"2,3,4",1.0,1.0,0.5,1.0,1.0,0.3397,0.5,0.7
2026-08-15,6472,ＮＴＮ,機械,54.61,0.4,除外,0.6388,0.5687,0.3933,0.3163,0.8131,0.7867,0.6495,0.8387,0.0,0.3186,0.1983,0.4563,0.6,0.8182,0.0364,0.2105,0.2,0.9748,0.4117,0.8661,1.0,"2,3,4",1.0,1.0,1.0,0.0,1.0,0.2107,0.5,0.4
2026-08-15,6473,ジェイテクト,機械,67.33,0.8,本命,0.9786,0.7257,0.6414,0.2201,0.8009,0.8229,0.732,0.8387,0.5093,0.7823,0.3391,0.9775,0.4667,0.0,0.3647,0.3158,0.2,0.6091,,0.7937,1.0,4,1.0,1.0,1.0,1.0,1.0,0.8285,1.0,1.0
2026-08-15,6474,不二越,機械,50.28,0.4,除外,0.6832,0.6298,0.4459,0.4217,0.3333,0.8764,0.8041,0.8387,0.0,0.0,0.4338,0.9498,0.4,0.8,0.4235,0.2632,0.2,0.0,,0.0,1.0,"3,4,5",1.0,1.0,1.0,0.0,1.0,0.4659,1.0,0.0
2026-08-15,6479,ミネベアミツミ,電気機器,57.03,0.6,監視,0.625,0.6203,0.3852,0.6839,0.5369,0.8877,0.6581,0.9355,0.0,0.6907,0.214,0.6361,0.0,0.8636,0.9353,0.7368,0.2,0.0,,0.6106,1.0,"3,5",1.0,1.0,1.0,0.0,1.0,0.0,1.0,0.0
2026-08-15,6480,日本トムソン,機械,48.13,0.4,除外,0.675,0.6919,0.2548,0.3559,0.4291,0.9804,0.9485,0.8387,0.0,0.4902,0.3956,0.0,0.1333,0.8182,0.3,0.1053,0.2,0.0014,0.4297,0.2855,1.0,"3,4,5",1.0,1.0,1.0,0.0,1.0,0.0,1.0,0.4
2026-08-15,6481,ＴＨＫ,機械,46.52,0.4,除外,0.7281,0.6189,0.1393,0.444,0.3958,0.8636,0.7732,0.8387,0.0,0.0,0.2237,0.0,0.3333,0.8,0.6706,0.1053,0.2,0.0,0.2849,0.2985,1.0,"3,4,5",1.0,1.0,1.0,0.0,1.0,0.4246,1.0,0.4
2026-08-15,6486,イーグル工業,機械,57.29,0.2,除外,0.8763,0.5973,0.5986,0.2647,0.5275,0.6873,0.4742,0.8387,0.3892,0.629,0.6243,0.6079,0.5333,0.2273,0.0,0.6316,0.2,0.8631,0.1268,0.4771,0.6429,"2,3,4,5",1.0,1.0,0.5,1.0,1.0,0.5101,1.0,1.0
2026-08-15,6490,ＰＩＬＬＡＲ,機械,56.0,0.4,除外,0.9063,0.8414,0.2013,0.4289,0.4222,0.9344,0.8763,0.8387,0.7163,0.1944,0.3192,0.0916,0.2,0.9545,0.4559,0.1053,0.2,0.0,0.4407,0.2482,1.0,"3,4,5",1.0,1.0,1.0,1.0,1.0,0.5504,1.0,0.7
2026-08-15,6492,岡野バルブ製造,機械,55.38,0.4,除外,0.625,0.6737,0.5852,0.5173,0.3679,0.9488,0.9072,0.8387,0.0,0.5952,0.5384,0.8074,0.4,0.8,0.8059,0.2632,0.2,0.1009,,0.3678,0.6351,"3,4,5",1.0,1.0,1.0,0.0,1.0,0.0,1.0,0.0
2026-08-15,6498,キッツ,機械,41.5,0.2,除外,0.4875,0.6395,0.4637,0.315,0.1695,0.8734,0.7938,0.8387,0.0521,0.7955,0.3687,0.2238,0.4667,0.9545,0.0,0.1053,0.2,0.2357,0.1111,0.2688,0.0625,"1,3,4,5",0.0,1.0,1.0,0.0,1.0,0.0,0.5,0.4
2026-08-15,6501,日立製作所,電気機器,48.82,0.2,除外,0.9205,0.3755,0.574,0.3137,0.2573,0.3444,0.1538,0.9355,0.0681,0.5042,0.4931,0.6986,0.6,,0.0727,0.3684,0.5,0.8122,0.2168,0.0,0.0,"2,3,4,5",1.0,1.0,0.5,1.0,1.0,0.8639,1.0,1.0
2026-08-15,6503,三菱電機,電気機器,57.47,0.4,除外,0.9079,0.5842,0.4584,0.2682,0.6546,0.8372,0.5641,0.9355,0.0,0.5571,0.2093,0.6673,0.4,0.8182,0.0545,0.0,0.2,0.6329,0.5084,0.477,1.0,"2,3,4",1.0,1.0,1.0,1.0,1.0,0.5634,1.0,0.7
2026-08-15,6504,富士電機,電気機器,56.34,0.2,除外,0.8859,0.599,0.5011,0.2963,0.5346,0.8538,0.6068,0.9355,0.0,0.4477,0.3565,0.7335,0.4667,0.7727,0.0545,0.1579,0.2,0.5262,0.4121,0.2,1.0,"2,3,4,5",1.0,1.0,1.0,1.0,1.0,0.3876,1.0,0.7
2026-08-15,6506,安川電機,電気機器,42.84,0.4,除外,0.6125,0.6255,0.3569,0.25,0.2969,0.8915,0.6752,0.9355,0.0,0.0,0.234,0.9938,0.2,0.8,0.0,0.0,0.2,0.0,0.3889,0.5001,0.2985,"3,4,5",1.0,1.0,1.0,0.0,1.0,0.0,0.5,0.4
2026-08-15,6507,シンフォニアテクノロジー,電気機器,42.0,0.0,除外,0.5649,0.5055,0.3734,0.3023,0.3539,0.6933,0.3932,0.9355,0.0,0.6392,0.3394,0.115,0.4,0.9545,0.0545,0.0,0.2,0.313,0.4012,0.3718,0.3295,"1,2,3,4,5",1.0,1.0,1.0,0.0,1.0,0.0192,0.5,0.0
2026-08-15,6508,明電舎,電気機器,54.45,0.2,除外,0.9421,0.5473,0.4274,0.3708,0.4348,0.7664,0.4872,0.9355,0.0,0.0606,0.6815,0.3009,0.6667,0.7727,0.3,0.2105,0.2,0.3044,,0.0,1.0,"2,3,4,5",1.0,1.0,1.0,1.0,1.0,0.8364,1.0,0.7
2026-08-15,6516,山洋電気,電気機器,55.87,0.4,除外,0.6789,0.5867,0.7062,0.3218,0.5,0.8387,0.5726,0.9355,0.0,0.2684,0.971,0.9185,0.6667,0.6818,0.3,0.1053,0.2,0.366,0.1111,0.5229,1.0,"2,4,5",1.0,1.0,1.0,0.0,1.0,0.0312,1.0,0.4
2026-08-15,6521,オキサイド,電気機器,50.61,0.4,除外,0.4375,0.6023,0.6491,0.4432,0.3982,0.8583,0.6154,0.9355,0.0,1.0,0.223,0.5068,0.8667,0.7727,0.0,0.8,0.2,0.7873,0.439,0.3666,0.0,"1,4,5",0.0,1.0,1.0,0.0,1.0,0.0,0.5,0.0
2026-08-15,6523,ＰＨＣホールディングス,電気機器,58.72,0.2,除外,1.0,0.562,0.45,0.4418,0.482,0.4024,0.1966,0.9355,0.7136,0.0,1.0,0.0,0.8,,0.2727,0.0526,1.0,0.7199,0.2083,0.0,1.0,"2,3,4,5",1.0,1.0,1.0,1.0,1.0,1.0,1.0,1.0
2026-08-15,6524,湖北工業,電気機器,46.17,0.2,除外,0.6125,0.5645,0.3537,0.3422,0.4354,0.7928,0.5299,0.9355,0.0,0.2362,0.5748,0.1372,0.4667,0.7273,0.0364,0.1053,0.5,0.2824,0.3745,0.6284,0.4562,"2,3,4,5",1.0,1.0,1.0,0.0,1.0,0.0,0.5,0.4
2026-08-15,6525,ＫＯＫＵＳＡＩ　ＥＬＥＣＴＲＩＣ,電気機器,44.16,0.4,除外,0.625,0.9476,0.2694,0.338,0.0278,0.9661,0.8889,0.9355,1.0,0.0965,0.3238,0.4573,0.2,0.8,0.0364,0.3158,0.2,0.0,0.1111,0.0,0.0,"3,4,5",1.0,1.0,1.0,0.0,1.0,0.0,1.0,0.0
2026-08-15,6526,ソシオネクスト,電気機器,38.08,0.2,除外,0.0,0.3284,0.7694,0.4697,0.3365,0.2585,0.1197,0.9355,0.0,0.6516,0.7676,0.9916,0.6667,0.8,0.0,0.5789,0.5,0.0,0.3461,0.0,1.0,"1,2,4,5",,,,,,,,
2026-08-15,6532,ベイカレント,サービス業,24.89,0.0,除外,0.0,0.0,0.5416,0.364,0.3389,,,,,0.3699,0.3856,0.9442,0.4667,,0.4182,0.4737,0.2,0.6164,,0.4003,0.0,"1,2,3,4,5",,,,,,,,
2026-08-15,6535,アイモバイル,サービス業,24.08,0.0,除外,0.0,0.0,0.3107,0.4522,0.4409,,,,,0.0,0.4142,0.8287,0.0,0.5455,0.0,0.2632,1.0,0.7033,0.3585,0.0,0.7019,"1,2,3,4,5",,,,,,,,
2026-08-15,6544,ジャパンエレベーターサービスホールディングス,サービス業,20.18,0.0,除外,0.0,0.0,0.1814,0.2632,0.5644,,,,,0.2772,0.1818,0.0,0.2667,0.0,0.0,0.0526,1.0,0.8686,0.3889,0.0,1.0,"1,2,3,4,5",,,,,,,,
2026-08-15,6584,三櫻工業,輸送用機器,41.28,0.2,除外,0.0,0.4491,0.7392,0.4791,0.3966,0.6164,0.825,0.3548,0.0,1.0,0.8833,0.6734,0.4,0.8636,0.0,0.0526,1.0,0.4145,0.1111,0.7367,0.324,"1,2,4,5",,,,,,,,
2026-08-15,6586,マキタ,機械,40.77,0.2,除外,0.6306,0.4232,0.4106,0.2608,0.3131,0.5448,0.3093,0.8387,0.0,0.1734,0.2527,0.7498,0.4667,0.2273,0.0,0.3158,0.5,0.2961,0.1111,0.3269,0.5182,"2,3,4,5",1.0,1.0,1.0,0.0,0.981,0.5637,0.5,0.0
2026-08-15,6588,東芝テック,電気機器,50.46,0.2,除外,0.9465,0.3233,0.422,0.2325,0.5989,0.2464,0.1111,0.9355,0.0,0.079,0.711,0.5648,0.3333,,0.1818,0.3158,0.2,0.6714,0.4708,0.2532,1.0,"2,3,4,5",1.0,0.5717,1.0,1.0,1.0,1.0,1.0,1.0
2026-08-15,6590,芝浦メカトロニクス,電気機器,32.96,0.2,除外,0.4375,0.6629,0.2422,0.25,0.0556,0.9382,0.7778,0.9355,0.0,0.2133,0.2807,0.4748,0.0,0.8,0.0,0.0,0.2,0.0,0.2222,0.0,0.0,"1,3,4,5",0.0,1.0,1.0,0.0,1.0,0.0,0.5,0.0
2026-08-15,6592,マブチモーター,電気機器,59.01,0.4,除外,0.9464,0.7297,0.392,0.4021,0.4805,0.6963,0.4274,0.9355,0.8598,0.5142,0.1933,0.6603,0.2,0.2273,0.4441,0.7368,0.2,0.7602,0.1551,0.5686,0.4382,"3,4,5",1.0,1.0,1.0,1.0,1.0,0.5714,1.0,1.0
2026-08-15,6594,ニデック,電気機器,40.94,0.4,除外,0.0,0.0,0.5932,0.7389,0.7148,,,,,0.9154,0.2678,0.5898,0.6,0.8182,0.9794,0.1579,1.0,1.0,0.5058,0.3532,1.0,"1,2,3",,,,,,,,
2026-08-15,6613,ＱＤレーザ,電気機器,60.37,0.6,監視,0.675,0.7315,0.8814,0.5005,0.23,0.9992,0.9915,0.9355,0.0,1.0,0.7076,0.8845,0.9333,0.7727,0.7294,0.0,0.5,0.2158,0.3134,0.1572,0.2336,"4,5",1.0,1.0,1.0,0.0,1.0,0.0,1.0,0.4
2026-08-15,6617,東光高岳,電気機器,54.28,0.4,除外,0.8169,0.693,0.4355,0.3086,0.4599,0.9646,0.8718,0.9355,0.0,0.0,0.6224,0.5863,0.5333,0.6818,0.3,0.0526,0.2,0.2538,0.4444,0.1413,1.0,"3,4,5",1.0,1.0,1.0,0.0,1.0,0.5349,1.0,1.0
2026-08-15,6619,ダブル・スコープ,電気機器,29.21,0.0,除外,0.0,0.0,0.5822,0.4744,0.4039,,,,,0.7553,0.2165,0.8903,0.4667,0.7727,0.0,0.625,0.5,0.6204,0.3889,0.6062,0.0,"1,2,3,4,5",,,,,,,,
2026-08-15,6622,ダイヘン,電気機器,38.71,0.4,除外,0.6125,0.6477,0.0555,0.3091,0.3108,0.9201,0.735,0.9355,0.0,0.0,0.2221,0.0,0.0,1.0,0.0364,0.0,0.2,0.0,0.4734,0.5052,0.2647,"3,4,5",1.0,1.0,1.0,0.0,1.0,0.0,0.5,0.4
2026-08-15,6627,テラプローブ,電気機器,52.91,0.4,除外,0.8626,0.709,0.3966,0.3412,0.336,0.9774,0.9231,0.9355,0.0,0.3084,0.5354,0.4761,0.2667,0.8,0.3647,0.0,0.2,0.0,0.2222,0.2476,0.874,"3,4,5",1.0,1.0,1.0,1.0,1.0,0.2005,1.0,0.7
2026-08-15,6632,ＪＶＣケンウッド,電気機器,20.77,0.0,除外,0.0,0.0,0.3149,0.2099,0.5134,,,,,0.0672,0.4592,0.0,0.7333,0.1818,0.0,0.1579,0.5,0.9069,0.1467,0.0,1.0,"1,2,3,4,5",,,,,,,,
2026-08-15,6644,大崎電気工業,電気機器,56.72,0.4,除外,0.75,0.5228,0.3217,0.4731,0.7683,0.7197,0.4359,0.9355,0.0,0.7176,0.1694,0.0,0.4,0.6818,0.0,0.2105,1.0,1.0,0.1495,0.9237,1.0,"2,3,4",1.0,1.0,0.5,1.0,1.0,0.0,0.5,1.0
2026-08-15,6645,オムロン,電気機器,53.43,0.2,除外,0.9625,0.5266,0.3504,0.3694,0.4626,0.7265,0.4444,0.9355,0.0,0.2215,0.58,0.0,0.6,,0.8029,0.1053,0.2,0.4292,0.4214,0.0,1.0,"2,3,4,5",1.0,1.0,1.0,1.0,1.0,1.0,1.0,0.7
2026-08-15,6651,日東工業,電気機器,51.04,0.4,除外,0.6827,0.499,0.4031,0.2672,0.6999,0.6843,0.3761,0.9355,0.0,0.5367,0.2888,0.6535,0.1333,0.7273,0.0364,0.1053,0.2,0.6724,0.5078,0.6196,1.0,"2,3,4",1.0,1.0,1.0,0.0,1.0,0.5618,0.5,0.4
2026-08-15,6652,ＩＤＥＣ,電気機器,53.59,0.2,除外,1.0,0.4854,0.2919,0.3847,0.5176,0.6556,0.3504,0.9355,0.0,0.0,0.5874,0.1804,0.4,,0.6382,0.3158,0.2,0.6957,0.3749,0.0,1.0,"2,3,4,5",1.0,1.0,1.0,1.0,1.0,1.0,1.0,1.0
2026-08-15,6653,正興電機製作所,電気機器,40.83,0.0,除外,0.4482,0.5447,0.382,0.1331,0.5337,0.7649,0.4786,0.9355,0.0,0.09,0.2173,0.8206,0.4,0.2273,0.0,0.1053,0.2,0.6713,0.1822,0.5336,0.7475,"1,2,3,4,5",0.0,1.0,0.5,0.0,1.0,0.1857,0.5,0.4
2026-08-15,6674,ジーエス・ユアサ　コーポレーション,電気機器,48.14,0.2,除外,0.5625,0.6348,0.3881,0.5669,0.2546,0.9028,0.7009,0.9355,0.0,0.3719,0.6472,0.0,0.5333,0.8636,0.3618,0.8421,0.2,0.0339,0.4444,0.5401,0.0,"1,3,4,5",1.0,1.0,1.0,0.0,1.0,0.0,0.5,0.0
2026-08-15,6701,日本電気,電気機器,35.62,0.2,除外,0.0,0.5849,0.612,0.2605,0.3235,0.2675,0.1368,0.9355,1.0,0.5324,0.3791,0.8699,0.6667,0.0,0.0,0.8421,0.2,0.7643,0.1769,0.3528,0.0,"1,2,4,5",,,,,,,,
2026-08-15,6702,富士通,電気機器,21.09,0.0,除外,0.0,0.0,0.5679,0.1553,0.3313,,,,,0.3586,0.495,0.818,0.6,0.0,0.0,0.4211,0.2,0.8879,0.1212,0.1124,0.2035,"1,2,3,4,5",,,,,,,,
2026-08-15,6703,沖電気工業,電気機器,42.6,0.2,除外,0.5625,0.6227,0.2961,0.4539,0.195,0.8885,0.6667,0.9355,0.0,0.0,0.1915,0.6596,0.3333,1.0,0.3,0.3158,0.2,0.2392,0.2343,0.2114,0.0953,"1,3,4,5",1.0,1.0,1.0,0.0,1.0,0.0,0.5,0.0
2026-08-15,6707,サンケン電気,電気機器,49.88,0.6,監視,0.625,0.4476,0.6972,0.6076,0.1166,0.5727,0.2821,0.9355,0.0,1.0,0.5789,0.8767,0.3333,1.0,0.9147,0.3158,0.2,0.0,0.3065,0.1599,0.0,"2,5",1.0,1.0,1.0,0.0,1.0,0.0,1.0,0.0
2026-08-15,6723,ルネサスエレクトロニクス,電気機器,56.02,0.6,監視,0.625,0.6659,0.6043,0.5661,0.3398,0.942,0.7863,0.9355,0.0,0.5344,0.4945,0.855,0.5333,0.8,0.6853,0.5789,0.2,0.0,0.2222,0.1368,1.0,"4,5",1.0,1.0,1.0,0.0,1.0,0.0,1.0,0.0
2026-08-15,6724,セイコーエプソン,電気機器,67.03,0.4,除外,1.0,0.7601,0.5147,0.547,0.5298,0.6948,0.4103,0.9355,1.0,0.5192,0.3076,0.6318,0.6,,0.9147,0.5263,0.2,0.5172,0.5146,0.0872,1.0,"3,4,5",1.0,1.0,1.0,1.0,1.0,1.0,1.0,1.0
2026-08-15,6727,ワコム,電気機器,33.59,0.0,除外,0.0,0.38,0.4215,0.3409,0.5373,0.3964,0.188,0.9355,0.0,0.0,0.6886,0.7973,0.2,0.8636,0.0,0.0,0.5,0.4944,0.4164,0.6152,0.6233,"1,2,3,4,5",,,,,,,,
2026-08-15,6728,アルバック,電気機器,41.35,0.0,除外,0.5914,0.5907,0.3968,0.3085,0.1803,0.8463,0.5812,0.9355,0.0,0.511,0.2382,0.8381,0.0,0.6818,0.0364,0.3158,0.2,0.0,0.3215,0.0668,0.3328,"1,2,3,4,5",1.0,1.0,1.0,0.0,1.0,0.2314,0.5,0.0
2026-08-15,6737,ＥＩＺＯ,電気機器,65.2,0.6,監視,0.9792,0.6653,0.4772,0.7046,0.4338,0.4951,0.2308,0.9355,1.0,0.3278,0.5901,0.591,0.4,,0.9824,0.6316,0.5,0.3015,,0.0,1.0,"3,5",1.0,1.0,1.0,1.0,1.0,0.8335,1.0,1.0
2026-08-15,6741,日本信号,電気機器,56.4,0.4,除外,0.9981,0.7136,0.2405,0.3368,0.531,0.6956,0.4188,0.9355,0.8045,0.0,0.762,0.0,0.2,,0.3,0.2105,0.5,1.0,0.1241,0.0,1.0,"3,4,5",1.0,1.0,1.0,1.0,1.0,0.9852,1.0,1.0
2026-08-15,6744,能美防災,電気機器,61.91,0.6,監視,0.9509,0.3935,0.4,0.6149,0.7361,0.4333,0.2051,0.9355,0.0,0.4079,0.3096,0.2823,0.6,0.8182,0.9676,0.4737,0.2,1.0,0.3889,0.5555,1.0,"2,3",1.0,1.0,1.0,1.0,1.0,0.6073,1.0,1.0
2026-08-15,6745,ホーチキ,電気機器,61.8,0.6,監視,0.9052,0.5967,0.6558,0.2195,0.7127,0.8531,0.5983,0.9355,0.0,0.9059,0.2656,0.7849,0.6667,0.2727,0.3,0.1053,0.2,0.9576,0.4251,0.4679,1.0,"2,4",1.0,1.0,1.0,1.0,1.0,0.5415,1.0,0.7
2026-08-15,6750,エレコム,電気機器,49.36,0.2,除外,0.7759,0.5605,0.3989,0.3947,0.338,0.2125,0.094,0.9355,1.0,0.3876,0.3563,0.7849,0.0667,,0.5091,0.175,0.5,0.6164,,0.3975,0.0,"2,3,4,5",1.0,0.5054,0.5,1.0,0.5678,0.6337,1.0,1.0
2026-08-15,6752,パナソニック　ホールディングス,電気機器,63.11,0.4,除外,0.9275,0.9277,0.5397,0.4682,0.2924,0.9548,0.8205,0.9355,1.0,0.9573,0.3778,0.8239,0.0,1.0,0.5676,0.1053,0.2,0.0003,0.1111,0.0581,1.0,"3,4,5",1.0,1.0,1.0,1.0,1.0,0.7199,1.0,0.7
2026-08-15,6753,シャープ,電気機器,31.77,0.4,除外,0.0,0.0,0.641,0.2632,0.6842,,,,,0.6905,0.5019,0.6384,0.7333,0.0,0.0,0.0526,1.0,0.7897,0.1093,0.8376,1.0,"1,2,4",,,,,,,,
2026-08-15,6754,アンリツ,電気機器,57.07,0.4,除外,0.6267,0.6402,0.544,0.5722,0.4706,0.9073,0.7179,0.9355,0.0,0.5131,0.4651,0.6646,0.5333,0.8636,0.3,0.925,0.2,0.0,0.3577,0.5248,1.0,"3,4,5",1.0,1.0,1.0,0.0,1.0,0.0134,1.0,0.0
2026-08-15,6758,ソニーグループ,電気機器,24.4,0.0,除外,0.0,0.0,0.5963,0.1947,0.4289,,,,,0.4582,0.3714,0.8221,0.7333,0.0,0.0,0.5789,0.2,1.0,0.1293,0.0087,0.5776,"1,2,3,4,5",,,,,,,,
2026-08-15,6762,ＴＤＫ,電気機器,59.35,0.4,除外,0.675,0.6142,0.5863,0.4983,0.5935,0.8719,0.6496,0.9355,0.0,0.9616,0.2034,0.9803,0.2,0.8636,0.9294,0.0,0.2,0.1211,0.5062,0.7621,0.9848,"3,4,5",1.0,1.0,1.0,0.0,1.0,0.0,1.0,0.4
2026-08-15,6768,タムラ製作所,電気機器,50.54,0.2,除外,0.5625,0.5931,0.2044,0.613,0.5542,0.847,0.5897,0.9355,0.0,0.2624,0.2217,0.0,0.3333,0.8636,0.5882,0.8,0.2,0.5381,0.4452,0.2335,1.0,"1,2,3,5",1.0,1.0,1.0,0.0,1.0,0.0,0.5,0.0
2026-08-15,6770,アルプスアルパイン,電気機器,50.53,0.2,除外,0.7783,0.4512,0.4304,0.32,0.5466,0.5787,0.2906,0.9355,0.0,0.3485,0.3758,0.5974,0.4,0.2273,0.0,0.0526,1.0,1.0,0.1481,0.5202,0.5181,"2,3,4,5",1.0,1.0,0.5,1.0,1.0,0.6262,1.0,0.1
2026-08-15,6777,ｓａｎｔｅｃ　Ｈｏｌｄｉｎｇｓ,電気機器,49.29,0.4,除外,0.6125,0.7067,0.4933,0.2627,0.3896,0.9766,0.9145,0.9355,0.0,0.4791,0.5239,0.3034,0.6667,0.7273,0.0182,0.1053,0.2,0.5622,0.5286,0.4676,0.0,"3,4,5",1.0,1.0,1.0,0.0,1.0,0.0,0.5,0.4
2026-08-15,6779,日本電波工業,電気機器,60.32,0.6,監視,0.675,0.72,0.7989,0.4512,0.3711,0.9872,0.9573,0.9355,0.0,1.0,0.7785,0.6837,0.7333,0.8636,0.4412,0.0,0.5,0.0,0.3889,0.5202,0.5752,"4,5",1.0,1.0,1.0,0.0,1.0,0.0,1.0,0.4
2026-08-15,6787,メイコー,電気機器,38.78,0.2,除外,0.375,0.7142,0.2813,0.4244,0.1442,0.9812,0.9402,0.9355,0.0,0.4179,0.3783,0.1957,0.1333,0.7727,0.0,0.725,0.2,0.0,0.3904,0.1862,0.0,"1,3,4,5",0.0,1.0,1.0,0.0,1.0,0.0,0.0,0.0
2026-08-15,6794,フォスター電機,電気機器,57.76,0.6,監視,0.7641,0.5758,0.6427,0.2218,0.6835,0.8206,0.547,0.9355,0.0,1.0,0.4539,0.7168,0.4,0.5455,0.0364,0.1053,0.2,0.9094,0.3789,0.4455,1.0,"2,4",1.0,1.0,0.5,1.0,1.0,0.4127,0.5,0.7
2026-08-15,6800,ヨコオ,電気機器,47.33,0.6,監視,0.625,0.7117,0.2066,0.6181,0.2053,0.9797,0.9316,0.9355,0.0,0.0,0.2932,0.0,0.5333,1.0,0.5882,0.6842,0.2,0.0,0.3889,0.2321,0.2,"3,5",1.0,1.0,1.0,0.0,1.0,0.0,1.0,0.0
2026-08-15,6804,ホシデン,電気機器,64.04,0.6,監視,0.9808,0.6826,0.5087,0.4294,0.6005,0.5298,0.265,0.9355,1.0,0.4168,0.4981,0.3865,0.7333,0.0,0.9912,0.5263,0.2,1.0,0.1142,0.4568,0.831,"3,4",1.0,1.0,1.0,1.0,0.9891,0.8573,1.0,1.0
2026-08-15,6806,ヒロセ電機,電気機器,57.52,0.4,除外,0.7303,0.6806,0.3613,0.5278,0.576,0.7393,0.453,0.9355,0.5948,0.029,0.6538,0.2959,0.4667,1.0,0.8059,0.1053,0.2,0.0523,0.4444,0.8072,1.0,"3,4,5",1.0,1.0,1.0,0.0,1.0,0.4424,1.0,0.4
2026-08-15,6807,日本航空電子工業,電気機器,26.16,0.0,除外,0.0,0.0,0.4104,0.3463,0.5513,,,,,0.3733,0.1481,0.7871,0.3333,0.2273,0.0,0.1579,1.0,0.8456,0.1549,0.4008,0.8038,"1,2,3,4,5",,,,,,,,
2026-08-15,6809,ＴＯＡ,電気機器,62.67,0.8,本命,0.8181,0.6903,0.6015,0.3585,0.6649,0.7408,0.4615,0.9355,0.6233,0.567,0.483,0.4228,0.9333,0.4091,0.0,0.825,0.2,1.0,0.178,0.4817,1.0,4,1.0,1.0,0.5,1.0,1.0,0.5448,0.5,1.0
2026-08-15,6810,マクセル,電気機器,51.48,0.4,除外,0.8697,0.6123,0.5617,0.0903,0.4399,0.3512,0.1624,0.9355,1.0,0.8113,0.3557,0.4131,0.6667,,0.0182,0.0526,0.2,0.3196,,0.0,1.0,"3,4,5",1.0,0.6275,0.5,1.0,1.0,0.8304,1.0,1.0
2026-08-15,6814,古野電気,電気機器,57.69,0.4,除外,0.7695,0.8059,0.3969,0.4938,0.4187,0.7837,0.5043,0.9355,1.0,0.0,0.4006,0.7872,0.4,0.0,0.0,0.975,1.0,0.4184,0.0982,0.7808,0.3775,"3,4,5",1.0,1.0,0.0,1.0,1.0,0.1558,1.0,1.0
2026-08-15,6817,スミダコーポレーション,電気機器,39.56,0.0,除外,0.4013,0.477,0.2988,0.4909,0.3098,0.639,0.3333,0.9355,0.0,0.3461,0.1629,0.5529,0.1333,0.8636,0.0,0.9,0.2,0.2,0.4444,0.0,0.5946,"1,2,3,4,5",0.0,1.0,1.0,0.0,0.7095,0.0012,0.5,0.0
2026-08-15,6823,リオン,電気機器,57.63,0.4,除外,0.7392,0.4664,0.6691,0.4772,0.5297,0.6225,0.3077,0.9355,0.0,0.7622,0.6117,0.9025,0.4,1.0,0.7088,0.0,0.2,0.3,0.1111,0.7076,1.0,"2,4,5",1.0,1.0,1.0,0.0,1.0,0.5133,1.0,0.4
2026-08-15,6834,精工技研,電気機器,51.54,0.6,監視,0.6125,0.7173,0.7042,0.2468,0.2964,0.9849,0.9487,0.9355,0.0,1.0,0.5019,0.6483,0.6667,0.6818,0.0,0.1053,0.2,0.3706,0.4167,0.3982,0.0,"4,5",1.0,1.0,1.0,0.0,1.0,0.0,0.5,0.4
2026-08-15,6841,横河電機,電気機器,51.89,0.4,除外,0.6991,0.7394,0.349,0.2791,0.5277,0.6631,0.359,0.9355,1.0,0.3937,0.3357,0.0,0.6667,0.2273,0.6364,0.0526,0.2,0.6927,0.1374,0.7646,0.5163,"3,4,5",1.0,1.0,1.0,0.0,1.0,0.4927,1.0,0.1
2026-08-15,6844,新電元工業,電気機器,43.17,0.2,除外,0.5349,0.8011,0.4793,0.1331,0.2101,0.7732,0.4957,0.9355,1.0,0.5902,0.6345,0.6925,0.0,0.2273,0.0,0.1053,0.2,0.0,0.3385,0.4005,0.1013,"1,3,4,5",0.0,0.8833,1.0,0.0,1.0,0.1962,0.5,0.7
2026-08-15,6845,アズビル,電気機器,55.45,0.4,除外,0.6662,0.4985,0.4042,0.4985,0.7053,0.5034,0.2479,0.9355,0.3075,0.5961,0.2951,0.3255,0.4,0.8,0.9941,0.0,0.2,0.6242,,0.4917,1.0,"2,3,4",1.0,1.0,1.0,0.0,0.7772,0.5522,1.0,0.0
2026-08-15,6849,日本光電工業,電気機器,10.26,0.0,除外,0.0,0.0,0.1183,0.0763,0.3182,,,,,0.0,0.2733,0.0,0.2,0.0,0.0,0.1053,0.2,0.7293,0.2707,0.2728,0.0,"1,2,3,4,5",,,,,,,,
2026-08-15,6855,日本電子材料,電気機器,41.08,0.4,除外,0.6125,0.6752,0.2976,0.3309,0.1379,0.9533,0.812,0.9355,0.0,0.1988,0.3315,0.3269,0.3333,0.1818,0.0364,0.1053,1.0,0.0841,0.176,0.2916,0.0,"3,4,5",1.0,1.0,1.0,0.0,1.0,0.0,0.5,0.4
2026-08-15,6856,堀場製作所,電気機器,47.65,0.4,除外,0.7307,0.6533,0.2647,0.39,0.344,0.9254,0.7521,0.9355,0.0,0.0,0.3409,0.3845,0.3333,0.9545,0.3,0.1053,0.2,0.0,0.2222,0.1538,1.0,"3,4,5",1.0,1.0,1.0,0.0,1.0,0.446,1.0,0.4
2026-08-15,6857,アドバンテスト,電気機器,55.86,0.4,除外,0.9397,0.9194,0.4305,0.2281,0.2755,0.9472,0.7949,0.9355,1.0,0.2643,0.4439,0.8139,0.2,,0.3265,0.1579,0.2,0.0,0.3634,0.0561,0.6826,"3,4,5",1.0,1.0,1.0,1.0,1.0,0.8173,1.0,0.7
2026-08-15,6859,エスペック,電気機器,57.87,0.4,除外,0.7399,0.6509,0.5017,0.5468,0.4544,0.5245,0.2564,0.9355,0.8871,0.7017,0.431,0.6742,0.2,0.9545,0.9273,0.1053,0.2,0.0,0.2912,0.5412,0.9851,"3,4,5",1.0,1.0,1.0,0.0,1.0,0.5191,1.0,0.4
2026-08-15,6861,キーエンス,電気機器,57.12,0.2,除外,0.9489,0.4624,0.4596,0.4788,0.5062,0.5674,0.2735,0.9355,0.073,0.0022,0.6447,0.5248,0.6667,,0.9206,0.3158,0.2,0.6083,0.4167,0.0,1.0,"2,3,4,5",1.0,1.0,1.0,1.0,1.0,0.8911,1.0,0.7
2026-08-15,6866,日置電機,電気機器,55.82,0.6,監視,0.784,0.6119,0.6057,0.4716,0.3178,0.8711,0.641,0.9355,0.0,0.6055,0.3349,0.7491,0.7333,0.8636,0.7176,0.1053,0.2,0.0,0.2222,0.0488,1.0,"4,5",1.0,1.0,1.0,0.0,1.0,0.572,1.0,0.7
2026-08-15,6869,シスメックス,電気機器,27.6,0.2,除外,0.0,0.0,0.6266,0.522,0.2314,,,,,0.8435,0.4589,0.3372,0.8667,,0.2909,0.775,0.5,0.6943,,0.0,0.0,"1,2,4,5",,,,,,,,
2026-08-15,6871,日本マイクロニクス,電気機器,50.55,0.4,除外,0.6435,0.6833,0.3954,0.4745,0.3307,0.9601,0.8376,0.9355,0.0,0.2369,0.5079,0.7703,0.0667,1.0,0.3294,0.3684,0.2,0.0,0.2222,0.1006,1.0,"3,4,5",1.0,1.0,1.0,0.0,1.0,0.1479,1.0,0.0
2026-08-15,6875,メガチップス,電気機器,54.05,0.4,除外,0.8958,0.6073,0.4536,0.2591,0.4866,0.8613,0.6325,0.9355,0.0,0.4651,0.53,0.2192,0.6,0.8182,0.0182,0.0,0.2,0.5157,0.4319,0.0,0.9989,"3,4,5",1.0,1.0,1.0,1.0,1.0,0.4661,1.0,0.7
2026-08-15,6877,ＯＢＡＲＡ　ＧＲＯＵＰ,電気機器,55.09,0.2,除外,0.7334,0.5591,0.3066,0.5625,0.5929,0.7882,0.5128,0.9355,0.0,0.1072,0.2654,0.254,0.6,0.8182,0.8265,0.1053,0.5,0.668,0.2585,0.4451,1.0,"2,3,4,5",1.0,1.0,1.0,0.0,1.0,0.4671,1.0,0.4
2026-08-15,6890,フェローテック,電気機器,49.7,0.4,除外,0.8525,0.6856,0.2192,0.3636,0.3642,0.9608,0.8462,0.9355,0.0,0.0,0.0185,0.7917,0.0667,0.9545,0.3,0.0,0.2,0.0,0.4566,0.0,1.0,"3,4,5",1.0,1.0,1.0,1.0,1.0,0.1199,1.0,0.7
2026-08-15,6902,デンソー,輸送用機器,23.97,0.0,除外,0.0,0.4043,0.4605,0.0763,0.2574,0.2035,0.15,0.3548,0.9089,0.361,0.2899,0.8576,0.3333,0.0,0.0,0.1053,0.2,0.8755,0.1541,0.0,0.0,"1,2,3,4,5",,,,,,,,
2026-08-15,6905,コーセル,電気機器,44.55,0.2,除外,0.6841,0.413,0.4934,0.2854,0.3513,0.4943,0.2222,0.9355,0.0,0.7482,0.1934,0.8319,0.2,0.8182,0.0182,0.1053,0.2,0.0,0.3889,0.5295,0.487,"2,3,4,5",1.0,0.7684,1.0,0.0,0.8693,0.4351,1.0,0.4
2026-08-15,6908,イリソ電子工業,電気機器,31.38,0.2,除外,0.0,0.3134,0.5345,0.1193,0.602,0.2155,0.1026,0.9355,0.0,0.1678,0.525,0.9786,0.4667,0.2273,0.0,0.05,0.2,1.0,0.1469,0.8391,0.422,"1,2,3,4",,,,,,,,
2026-08-15,6914,オプテックスグループ,電気機器,58.54,0.6,監視,0.6883,0.6308,0.6609,0.401,0.5459,0.8953,0.6923,0.9355,0.0,0.7804,0.367,0.9628,0.5333,0.8636,0.4353,0.1053,0.2,0.2586,0.406,0.5191,1.0,"4,5",1.0,1.0,1.0,0.0,1.0,0.1063,1.0,0.4
2026-08-15,6920,レーザーテック,電気機器,44.46,0.4,除外,0.6125,0.6454,0.5408,0.324,0.1005,0.905,0.7094,0.9355,0.0315,0.3192,0.6076,0.6366,0.6,0.9545,0.0364,0.1053,0.2,0.0,0.36,0.0419,0.0,"3,4,5",1.0,1.0,1.0,0.0,1.0,0.0,0.5,0.4
2026-08-15,6923,スタンレー電気,電気機器,60.32,0.4,除外,0.8868,0.4099,0.4816,0.5335,0.7044,0.4906,0.2137,0.9355,0.0,0.528,0.285,0.7799,0.3333,0.9545,0.9794,0.0,0.2,0.5618,0.504,0.7519,1.0,"2,3,4",1.0,1.0,1.0,1.0,0.9148,0.7792,1.0,0.4
2026-08-15,6925,ウシオ電機,電気機器,52.37,0.4,除外,0.7304,0.65,0.422,0.3764,0.4399,0.9209,0.7436,0.9355,0.0,0.4357,0.5458,0.1734,0.5333,0.8,0.4529,0.0526,0.2,0.0,0.4444,0.3152,1.0,"3,4,5",1.0,1.0,1.0,0.0,1.0,0.4432,1.0,0.4
2026-08-15,6929,日本セラミック,電気機器,47.57,0.2,除外,0.5411,0.4575,0.3836,0.2844,0.7118,0.5953,0.2991,0.9355,0.0,0.4605,0.1505,0.4569,0.4667,0.7273,0.0,0.2105,0.2,0.9874,0.3473,0.5125,1.0,"1,2,3,4",0.0,0.8092,1.0,0.0,0.8192,0.5,0.5,0.7
2026-08-15,6941,山一電機,電気機器,45.47,0.4,除外,0.6125,0.7041,0.3007,0.2604,0.396,0.9751,0.906,0.9355,0.0,0.2902,0.2458,0.0,0.6667,0.6818,0.0545,0.1053,0.2,0.0927,0.3889,0.3665,0.7359,"3,4,5",1.0,1.0,1.0,0.0,1.0,0.0,0.5,0.4
2026-08-15,6946,日本アビオニクス,電気機器,42.98,0.2,除外,0.75,0.3663,0.3201,0.2177,0.4951,0.3587,0.1709,0.9355,0.0,0.1252,0.2945,0.3941,0.4667,0.3182,0.0,0.0526,0.5,0.7503,0.148,0.0821,1.0,"2,3,4,5",1.0,1.0,0.5,1.0,1.0,0.0,0.5,1.0
2026-08-15,6947,図研,電気機器,22.91,0.0,除外,0.0,0.0,0.3434,0.3825,0.4194,,,,,0.314,0.5212,0.0716,0.4667,0.0,0.1091,0.4211,1.0,0.5964,0.0813,0.0,1.0,"1,2,3,4,5",,,,,,,,
2026-08-15,6951,日本電子,電気機器,61.56,0.6,監視,0.9816,0.8221,0.6431,0.3604,0.2709,0.8146,0.5385,0.9355,1.0,0.6069,0.3753,0.9903,0.6,,0.6706,0.2105,0.2,0.2852,,0.5274,0.0,"4,5",1.0,1.0,1.0,1.0,1.0,0.8528,1.0,1.0
2026-08-15,6952,カシオ計算機,電気機器,58.04,0.4,除外,0.992,0.8118,0.4667,0.2703,0.3614,0.7905,0.5214,0.9355,1.0,0.0,1.0,0.0,0.8667,,0.4529,0.1579,0.2,0.5694,0.5286,0.0,0.3475,"3,4,5",1.0,1.0,1.0,1.0,1.0,0.9361,1.0,1.0
2026-08-15,6954,ファナック,電気機器,50.26,0.0,除外,0.5735,0.5792,0.3289,0.4631,0.5682,0.8259,0.5556,0.9355,0.0,0.0959,0.3074,0.4456,0.4667,0.7273,0.0,0.925,0.2,0.3974,0.3549,0.5205,1.0,"1,2,3,4,5",1.0,1.0,1.0,0.0,1.0,0.0883,0.5,0.0
2026-08-15,6958,日本シイエムケイ,電気機器,57.63,0.4,除外,0.921,0.6048,0.4613,0.4342,0.4599,0.8598,0.6239,0.9355,0.0,0.8095,0.1008,0.4682,0.4667,0.8636,0.6206,0.0526,0.2,0.5962,0.4444,0.0252,0.7737,"3,4,5",1.0,1.0,1.0,1.0,1.0,0.6684,1.0,0.7
2026-08-15,6960,フクダ電子,電気機器,60.81,0.4,除外,0.9835,0.5383,0.3332,0.4539,0.7315,0.7476,0.4701,0.9355,0.0,0.4016,0.0187,0.5791,0.3333,0.7727,0.6324,0.2105,0.2,0.7893,0.3499,0.787,1.0,"2,3,4",1.0,1.0,1.0,1.0,1.0,0.868,1.0,1.0
2026-08-15,6961,エンプラス,電気機器,41.35,0.2,除外,0.375,0.6729,0.2276,0.303,0.489,0.9525,0.8034,0.9355,0.0,0.0209,0.206,0.4169,0.2667,0.5909,0.0,0.4211,0.2,0.561,0.1056,0.2894,1.0,"1,3,4,5",0.0,1.0,0.5,0.0,1.0,0.0,0.5,0.0
2026-08-15,6962,大真空,電気機器,50.56,0.2,除外,0.675,0.5013,0.3892,0.5077,0.4546,0.685,0.3846,0.9355,0.0,1.0,0.1787,0.1115,0.2667,0.8636,0.9147,0.0526,0.2,0.1961,0.5481,0.7177,0.3566,"2,3,4,5",1.0,1.0,1.0,0.0,1.0,0.0,1.0,0.4
2026-08-15,6963,ローム,電気機器,53.35,0.4,除外,0.6458,0.6905,0.5675,0.4719,0.2916,0.9631,0.8632,0.9355,0.0,0.694,0.4315,0.8778,0.2667,0.8,0.3088,0.5789,0.2,0.0,0.1111,0.0554,1.0,"3,4,5",1.0,1.0,1.0,0.0,1.0,0.1664,1.0,0.0
2026-08-15,6965,浜松ホトニクス,電気機器,57.11,0.6,監視,0.7031,0.4814,0.6008,0.4416,0.6286,0.6481,0.3419,0.9355,0.0,1.0,0.2232,0.6467,0.5333,0.7727,0.6882,0.1053,0.2,0.6265,0.3575,0.5302,1.0,"2,4",1.0,1.0,1.0,0.0,1.0,0.2252,1.0,0.4
2026-08-15,6966,三井ハイテック,電気機器,61.96,0.4,除外,0.8,0.7199,0.4942,0.5422,0.5419,0.6277,0.3162,0.9355,1.0,1.0,0.4816,0.4284,0.0667,0.9545,0.9091,0.1053,0.2,0.0,0.5269,0.6682,0.9725,"3,4,5",1.0,1.0,1.0,1.0,1.0,0.0,1.0,0.4
2026-08-15,6971,京セラ,電気機器,67.91,0.6,監視,0.9505,0.8781,0.6179,0.3998,0.5493,0.893,0.6838,0.9355,1.0,1.0,0.48,0.7917,0.2,0.8,0.4412,0.1579,0.2,0.0687,0.4444,0.6841,1.0,"4,5",1.0,1.0,1.0,1.0,1.0,0.904,1.0,0.7
2026-08-15,6976,太陽誘電,電気機器,54.5,0.6,監視,0.625,0.7263,0.4937,0.6011,0.2788,0.9955,0.9744,0.9355,0.0,0.7793,0.3927,0.8026,0.0,0.8,0.3676,0.7368,0.5,0.0,0.4444,0.5276,0.1431,"3,5",1.0,1.0,1.0,0.0,1.0,0.0,1.0,0.0
2026-08-15,6981,村田製作所,電気機器,58.97,0.6,監視,0.625,0.7225,0.5607,0.6494,0.3907,0.9887,0.9658,0.9355,0.0,0.9911,0.3347,0.8501,0.0667,0.9545,0.4588,0.6842,0.5,0.0,0.3889,0.4183,0.7558,"3,5",1.0,1.0,1.0,0.0,1.0,0.0,1.0,0.0
2026-08-15,6988,日東電工,化学,36.54,0.2,除外,0.0,0.6087,0.5126,0.425,0.2806,0.4303,0.2947,0.7097,1.0,0.289,0.3046,0.7899,0.6667,0.0,0.0,0.7,1.0,0.5856,0.1428,0.394,0.0,"1,3,4,5",,,,,,,,
2026-08-15,6995,東海理化電機製作所,輸送用機器,49.03,0.4,除外,0.7597,0.6775,0.4852,0.12,0.4092,0.6051,0.75,0.3548,1.0,0.5243,0.1553,0.928,0.3333,0.2273,0.0,0.0526,0.2,1.0,,0.1573,0.0702,"3,4,5",1.0,1.0,0.5,1.0,0.8626,0.6148,1.0,0.1
2026-08-15,6996,ニチコン,電気機器,54.15,0.6,監視,0.675,0.6802,0.6002,0.4497,0.3023,0.9563,0.8291,0.9355,0.0,0.965,0.5423,0.7602,0.1333,0.9545,0.6441,0.0,0.2,0.0,0.1111,0.5994,0.4987,"4,5",1.0,1.0,1.0,0.0,1.0,0.0,1.0,0.4
2026-08-15,6997,日本ケミコン,電気機器,57.87,0.6,監視,0.625,0.7014,0.75,0.5136,0.3035,0.9729,0.8974,0.9355,0.0,1.0,0.5968,0.9365,0.4667,0.9545,0.9,0.0,0.2,0.0,,0.5872,0.3232,"4,5",1.0,1.0,1.0,0.0,1.0,0.0,1.0,0.0
2026-08-15,6999,ＫＯＡ,電気機器,53.83,0.4,除外,0.7007,0.6953,0.3764,0.4966,0.4227,0.9653,0.8803,0.9355,0.0,0.0,0.5601,0.5454,0.4,0.9545,0.4265,0.1053,0.5,0.0,0.2222,0.4685,1.0,"3,4,5",1.0,1.0,1.0,0.0,1.0,0.2052,1.0,0.4
2026-08-15,7003,三井Ｅ＆Ｓ,機械,33.84,0.2,除外,0.2252,0.5333,0.1925,0.1218,0.6191,0.7378,0.5567,0.8387,0.0,0.0,0.1033,0.0,0.6667,0.1818,0.0,0.1053,0.2,0.9778,0.1276,0.3712,1.0,"1,2,3,4",0.0,0.7016,0.0,0.0,1.0,0.0,0.0,0.1
2026-08-15,7004,カナデビア,機械,59.84,0.6,監視,0.7315,0.4017,0.6275,0.5305,0.7008,0.5102,0.2577,0.8387,0.0,0.7233,0.4913,0.5623,0.7333,0.9545,0.9147,0.0526,0.2,0.6293,0.3027,0.9246,0.9466,"2,4",1.0,1.0,1.0,0.0,1.0,0.4522,1.0,0.4
2026-08-15,7011,三菱重工業,機械,35.19,0.2,除外,0.0,0.3087,0.5974,0.1986,0.6548,0.2826,0.1134,0.8387,0.0,0.7659,0.5539,0.4029,0.6667,0.1364,0.0,0.1579,0.5,0.8967,0.1269,0.5958,1.0,"1,2,3,4",,,,,,,,
2026-08-15,7012,川崎重工業,輸送用機器,40.0,0.2,除外,0.425,0.3428,0.4765,0.1463,0.6093,0.4913,0.525,0.3548,0.0,0.3561,0.3396,0.6105,0.6,0.2273,0.0,0.1579,0.2,0.9564,0.1782,0.9009,0.4018,"1,2,3,4",0.0,1.0,0.5,0.0,1.0,0.0,0.5,0.4
2026-08-15,7013,ＩＨＩ,機械,46.73,0.2,除外,0.4124,0.547,0.4547,0.1705,0.7517,0.4853,0.2371,0.8387,0.627,0.6067,0.36,0.0523,0.8,0.1818,0.0,0.0,0.5,0.9317,0.1008,0.9742,1.0,"1,2,3,4",0.0,0.7994,0.5,1.0,1.0,0.0,0.0,0.0
2026-08-15,7014,名村造船所,輸送用機器,53.82,0.2,除外,0.7511,0.5647,0.4497,0.4142,0.5112,0.4288,0.475,0.3548,1.0,0.3363,0.4809,0.6482,0.3333,0.1818,0.0,0.975,0.5,0.8353,0.1006,0.5388,0.5701,"2,3,4,5",1.0,1.0,0.0,1.0,1.0,0.0087,1.0,1.0
2026-08-15,7047,ポート,サービス業,56.75,0.6,監視,0.9794,0.6482,0.6098,0.2472,0.3529,0.6255,0.8706,0.0968,1.0,1.0,0.0975,0.8752,0.4667,,0.4364,0.1053,0.2,0.7313,,0.3241,0.0034,"4,5",1.0,1.0,1.0,1.0,1.0,0.8351,1.0,1.0
2026-08-15,7082,ジモティー,サービス業,47.47,0.4,除外,0.0,0.3528,0.45,0.6869,0.8838,0.526,0.7882,0.0968,0.0,1.0,0.0,0.0,0.8,,0.9818,0.5789,0.5,1.0,0.5353,1.0,1.0,"1,2,3",,,,,,,,
2026-08-15,7085,カーブスホールディングス,サービス業,47.99,0.4,除外,0.8863,0.631,0.1901,0.433,0.259,0.5803,0.8471,0.0968,1.0,0.0,0.2263,0.4675,0.0667,,0.9412,0.1579,0.2,0.4732,0.1111,0.4516,0.0,"3,4,5",1.0,1.0,1.0,1.0,1.0,0.7907,1.0,0.3
2026-08-15,7128,フルサト・マルカホールディングス,卸売業,50.25,0.2,除外,0.9862,0.4812,0.4922,0.553,0.0,0.2879,0.2174,0.4194,1.0,0.0,1.0,0.369,0.6,,0.3091,0.85,0.5,0.0,,0.0,0.0,"2,3,4,5",1.0,1.0,1.0,1.0,1.0,0.8893,1.0,1.0
2026-08-15,7130,ヤマエグループホールディングス,卸売業,41.44,0.0,除外,0.5863,0.3833,0.2114,0.5252,0.3658,0.5486,0.5652,0.4194,0.0,0.2464,0.1625,0.0367,0.4,0.1364,0.4909,0.4737,1.0,1.0,0.126,0.196,0.1413,"1,2,3,4,5",1.0,0.7106,1.0,0.0,0.7461,0.6339,0.5,0.1
2026-08-15,7148,ＦＰＧ,証券、商品先物取引業,25.51,0.0,除外,0.0,0.0,0.4663,0.2812,0.5278,,,,,0.2786,0.3105,0.5427,0.7333,0.0,0.0,0.925,0.2,0.8588,0.1751,0.289,0.7883,"1,2,3,4,5",,,,,,,,
2026-08-15,7157,ライフネット生命保険,保険業,32.87,0.4,除外,0.0,0.0,0.7253,0.1594,0.7586,,,,,0.7491,0.4859,0.733,0.9333,0.2273,0.0,0.2105,0.2,1.0,0.223,0.8116,1.0,"1,2,4",,,,,,,,
2026-08-15,7164,全国保証,その他金融業,30.06,0.2,除外,0.0,0.0,0.6459,0.3008,0.5561,,,,,0.7515,0.3353,0.9636,0.5333,0.5455,0.0,0.1579,0.5,0.6546,0.3399,0.364,0.8661,"1,2,4,5",,,,,,,,
2026-08-15,7167,めぶきフィナンシャルグループ,銀行業,54.88,0.4,除外,0.976,0.8134,0.3386,0.2018,0.4143,0.8749,0.3788,1.0,1.0,0.2945,0.4572,0.6028,0.0,,0.3,0.1053,0.2,0.6701,0.3505,0.6249,0.0117,"3,4,5",1.0,1.0,1.0,1.0,1.0,0.8084,1.0,1.0
2026-08-15,7172,ジャパンインベストメントアドバイザー,証券、商品先物取引業,31.13,0.0,除外,0.2702,0.343,0.3296,0.1122,0.5014,0.4702,0.45,0.4516,0.0,0.1333,0.13,0.8551,0.2,0.0909,0.0,0.1579,0.2,0.9119,0.1676,0.3097,0.6166,"1,2,3,4,5",0.0,0.8258,0.0,0.0,0.4738,0.2622,0.5,0.1
2026-08-15,7173,東京きらぼしフィナンシャルグループ,銀行業,66.22,0.6,監視,0.8574,0.8611,0.7498,0.4039,0.4387,0.899,0.5455,1.0,1.0,1.0,0.7475,0.3849,0.8667,0.8,0.3,0.3158,0.2,0.5324,0.3441,0.8782,0.0,"4,5",1.0,1.0,1.0,1.0,1.0,0.5591,1.0,0.3
2026-08-15,7177,ＧＭＯフィナンシャルホールディングス,証券、商品先物取引業,73.17,0.8,本命,0.9671,0.4227,0.7544,0.6916,0.8228,0.5893,0.65,0.4516,0.0,1.0,0.4484,0.7691,0.8,0.7727,0.9147,0.5789,0.5,0.9725,0.5326,0.7862,1.0,2,1.0,1.0,1.0,1.0,0.9944,0.742,1.0,1.0
2026-08-15,7180,九州フィナンシャルグループ,銀行業,58.52,0.6,監視,0.7201,0.8346,0.4466,0.1934,0.7311,0.8839,0.4545,1.0,1.0,0.5666,0.2334,0.653,0.3333,0.2,0.3735,0.0,0.2,0.6802,,0.5131,1.0,"3,4",1.0,1.0,1.0,0.0,1.0,0.6609,1.0,0.1
2026-08-15,7181,かんぽ生命保険,保険業,55.03,0.4,除外,0.8653,0.74,0.518,0.1591,0.4689,0.6858,0.5,0.7742,1.0,0.5126,0.364,0.5287,0.6667,0.0,0.4364,0.0,0.2,1.0,,0.4067,0.0,"3,4,5",1.0,1.0,1.0,1.0,1.0,0.6224,1.0,0.3
2026-08-15,7182,ゆうちょ銀行,銀行業,57.22,0.6,監視,0.7103,0.7306,0.5446,0.2408,0.6347,0.8892,0.4697,1.0,0.5637,0.4743,0.4327,0.8047,0.4667,0.2,0.3,0.2632,0.2,0.5677,,0.3365,1.0,"3,4",1.0,1.0,1.0,0.0,1.0,0.5822,1.0,0.1
2026-08-15,7184,富山第一銀行,銀行業,64.46,0.4,除外,0.9646,0.948,0.4935,0.5254,0.2913,0.9435,0.8485,1.0,1.0,0.3346,0.3934,0.7795,0.4667,0.2,0.4265,0.975,0.5,0.6386,,0.2353,0.0,"3,4,5",1.0,1.0,1.0,1.0,1.0,0.7171,1.0,1.0
2026-08-15,7186,横浜フィナンシャルグループ,銀行業,56.67,0.6,監視,0.8759,0.7958,0.2951,0.2408,0.6257,0.8651,0.3182,1.0,1.0,0.3834,0.0906,0.7062,0.0,0.2,0.3,0.2632,0.2,0.5992,,0.6919,0.5859,"3,4",1.0,1.0,1.0,1.0,1.0,0.7074,1.0,0.3
2026-08-15,7189,西日本フィナンシャルホールディングス,銀行業,57.5,0.4,除外,0.9842,0.7915,0.4426,0.3018,0.3547,0.8628,0.303,1.0,1.0,0.5325,0.3132,0.5247,0.4,,0.3,0.1053,0.5,0.6084,,0.4558,0.0,"3,4,5",1.0,1.0,1.0,1.0,1.0,0.8738,1.0,1.0
2026-08-15,7198,ＳＢＩアルヒ,その他金融業,35.66,0.2,除外,0.0,0.2171,0.5842,0.2303,0.7516,0.2457,0.3,0.3226,0.0,0.7806,0.1113,0.9781,0.4667,0.0,0.0,0.4211,0.5,1.0,0.1077,0.8985,1.0,"1,2,3,4",,,,,,,,
2026-08-15,7199,プレミアグループ,その他金融業,50.19,0.6,監視,0.0,0.3794,0.7183,0.6127,0.7991,0.2118,0.25,0.3226,0.7333,1.0,0.321,0.7521,0.8,0.8,0.5455,0.1053,1.0,1.0,0.3779,0.8186,1.0,"1,2",,,,,,,,
2026-08-15,7201,日産自動車,輸送用機器,18.93,0.0,除外,0.0,0.0,0.413,0.163,0.3705,,,,,0.4641,0.3903,0.7978,0.0,0.1364,0.0,0.3158,0.2,0.7535,0.1408,0.4964,0.0915,"1,2,3,4,5",,,,,,,,
2026-08-15,7202,いすゞ自動車,輸送用機器,39.82,0.0,除外,0.515,0.5534,0.4092,0.12,0.3936,0.5403,0.7,0.3548,0.6183,0.3488,0.3758,0.5788,0.3333,0.2273,0.0,0.0526,0.2,0.975,0.0705,0.529,0.0,"1,2,3,4,5",0.0,1.0,0.5,1.0,0.8519,0.1681,0.5,0.1
2026-08-15,7203,トヨタ自動車,輸送用機器,29.33,0.0,除外,0.3517,0.2615,0.1499,0.1068,0.5965,0.3662,0.325,0.3548,0.0,0.0,0.2206,0.379,0.0,0.2273,0.0,0.0,0.2,0.847,0.1944,0.3444,1.0,"1,2,3,4,5",0.0,0.609,0.5,1.0,0.3813,0.0233,0.0,0.3
2026-08-15,7211,三菱自動車工業,輸送用機器,24.43,0.2,除外,0.0,0.0,0.6167,0.1986,0.4061,,,,,0.377,0.6098,0.8798,0.6,0.1364,0.0,0.1579,0.5,0.1806,0.1438,0.7327,0.5672,"1,2,4,5",,,,,,,,
2026-08-15,7220,武蔵精密工業,輸送用機器,29.52,0.0,除外,0.0,0.2986,0.3825,0.2809,0.5138,0.4145,0.425,0.3548,0.0,1.0,0.0,0.33,0.2,0.8182,0.0,0.1053,0.2,0.5236,0.6237,0.8388,0.0693,"1,2,3,4,5",,,,,,,,
2026-08-15,7224,新明和工業,輸送用機器,44.83,0.2,除外,0.3075,0.3634,0.5848,0.2081,0.7777,0.4989,0.6,0.3548,0.0,0.6697,0.2316,0.7046,0.7333,0.2273,0.0,0.1053,0.5,1.0,0.1431,0.9679,1.0,"1,2,3,4",0.0,0.8336,0.5,0.0,0.7265,0.0,0.0,0.4
2026-08-15,7226,極東開発工業,輸送用機器,31.78,0.2,除外,0.0,0.0,0.5878,0.2213,0.7801,,,,,0.7397,0.2961,0.6489,0.6667,0.2273,0.0,0.1579,0.5,1.0,0.1574,0.963,1.0,"1,2,3,4",,,,,,,,
2026-08-15,7231,トピー工業,輸送用機器,52.61,0.4,除外,0.4324,0.5983,0.624,0.2081,0.7675,0.523,0.675,0.3548,0.8404,1.0,0.3624,0.6004,0.5333,0.2273,0.0,0.1053,0.5,1.0,0.1479,0.9222,1.0,"1,2,4",0.0,0.5275,0.5,1.0,0.4317,0.2,0.5,0.3
2026-08-15,7236,ティラド,輸送用機器,63.06,0.6,監視,0.9872,0.6955,0.3377,0.3513,0.7811,0.9714,1.0,0.3548,0.4556,0.2512,0.3662,0.0,0.7333,0.8,0.3,0.1053,0.2,0.8944,0.2302,1.0,1.0,"3,4",1.0,1.0,1.0,1.0,1.0,0.8974,1.0,1.0
2026-08-15,7238,曙ブレーキ工業,輸送用機器,28.8,0.2,除外,0.0,0.2353,0.223,0.1986,0.7833,0.3112,0.275,0.3548,0.0,0.2406,0.0991,0.2858,0.2667,0.1364,0.0,0.1579,0.5,1.0,0.1844,0.9487,1.0,"1,2,3,4",,,,,,,,
2026-08-15,7239,タチエス,輸送用機器,53.33,0.2,除外,0.984,0.357,0.4356,0.318,0.5718,0.4981,0.575,0.3548,0.0,0.3972,0.3243,0.3544,0.6667,0.2273,0.4235,0.4211,0.2,1.0,0.5098,0.0,0.7775,"2,3,4,5",1.0,1.0,1.0,1.0,0.9609,0.9115,1.0,1.0
2026-08-15,7240,ＮＯＫ,輸送用機器,50.57,0.2,除外,0.8986,0.51,0.4977,0.2127,0.4097,0.6089,0.775,0.3548,0.3014,0.5556,0.2687,0.9663,0.2,0.2273,0.4235,0.0,0.2,0.8943,0.1265,0.5774,0.0407,"2,3,4,5",1.0,1.0,0.5,1.0,1.0,0.6886,1.0,1.0
2026-08-15,7241,フタバ産業,輸送用機器,45.88,0.2,除外,0.8536,0.363,0.3893,0.3051,0.383,0.4552,0.5,0.3548,0.1421,0.2501,0.1549,0.8187,0.3333,0.2273,0.1091,0.6842,0.2,0.9786,0.1628,0.3906,0.0,"2,3,4,5",1.0,0.7752,0.5,1.0,0.9629,0.5908,1.0,1.0
2026-08-15,7242,カヤバ,輸送用機器,63.71,0.6,監視,0.8684,0.6915,0.5763,0.4459,0.6033,0.6112,0.8,0.3548,1.0,0.6219,0.4379,0.6454,0.6,0.2273,0.1091,0.9474,0.5,1.0,0.147,0.5175,0.7486,"3,4",1.0,0.9683,0.5,1.0,1.0,0.4792,1.0,1.0
2026-08-15,7245,大同メタル工業,輸送用機器,60.64,0.6,監視,0.6795,0.8019,0.652,0.5258,0.3726,0.8779,0.975,0.3548,1.0,0.988,0.4497,0.9038,0.2667,0.8,0.9455,0.1579,0.2,0.0,0.4944,0.5436,0.4522,"4,5",1.0,1.0,1.0,0.0,1.0,0.0363,1.0,0.4
2026-08-15,7246,プレス工業,輸送用機器,53.88,0.4,除外,0.9161,0.7316,0.2576,0.4397,0.349,0.6714,0.9,0.3548,1.0,0.1444,0.4194,0.0,0.4667,0.2273,0.4,0.6316,0.5,0.9335,0.4625,0.0,0.0,"3,4,5",1.0,1.0,0.5,1.0,1.0,0.829,1.0,1.0
2026-08-15,7259,アイシン,輸送用機器,26.84,0.0,除外,0.0,0.3492,0.4879,0.0895,0.4152,0.4921,0.55,0.3548,0.0,0.3093,0.1831,0.7261,0.7333,0.0,0.0,0.1579,0.2,0.8179,0.1148,0.0,0.7281,"1,2,3,4,5",,,,,,,,
2026-08-15,7261,マツダ,輸送用機器,46.67,0.4,除外,0.7521,0.5212,0.3378,0.12,0.6024,0.5019,0.65,0.3548,0.5781,0.1414,0.4337,0.176,0.6,0.2273,0.0,0.0526,0.2,0.8837,0.1459,0.4836,0.8965,"2,3,4",1.0,0.8274,0.5,1.0,0.987,0.4022,1.0,0.3
2026-08-15,7267,本田技研工業,輸送用機器,54.66,0.4,除外,0.875,0.4734,0.621,0.3665,0.3971,0.2886,0.25,0.3548,1.0,0.6629,0.6193,0.6019,0.6,0.0909,0.4,0.775,0.2,0.8377,0.1295,0.266,0.3554,"2,4,5",1.0,0.5244,0.5,1.0,1.0,0.9753,1.0,1.0
2026-08-15,7269,スズキ,輸送用機器,28.25,0.0,除外,0.0,0.5561,0.3797,0.1513,0.3255,0.4197,0.45,0.3548,1.0,0.1662,0.5416,0.3443,0.4667,0.0,0.0,0.1053,0.5,0.7319,0.1246,0.4457,0.0,"1,2,3,4,5",,,,,,,,
2026-08-15,7270,ＳＵＢＡＲＵ,輸送用機器,13.66,0.0,除外,0.0,0.0,0.3293,0.0763,0.2772,,,,,0.2604,0.3396,0.1839,0.5333,0.0,0.0,0.1053,0.2,0.9305,0.1599,0.0184,0.0,"1,2,3,4,5",,,,,,,,
2026-08-15,7272,ヤマハ発動機,輸送用機器,60.11,0.4,除外,1.0,0.5408,0.4167,0.6933,0.3545,0.4084,0.4,0.3548,1.0,0.0,1.0,0.0,0.6667,,0.9853,0.8947,0.2,0.5974,0.6283,0.0,0.1925,"2,3,5",1.0,1.0,1.0,1.0,1.0,1.0,1.0,1.0
2026-08-15,7276,小糸製作所,電気機器,56.76,0.2,除外,0.9268,0.4961,0.5142,0.434,0.4668,0.6812,0.3675,0.9355,0.0,0.2512,0.4321,0.7733,0.6,0.8636,0.1091,0.2632,0.5,0.7032,0.3473,0.1828,0.634,"2,3,4,5",1.0,1.0,1.0,1.0,1.0,0.714,1.0,0.7
2026-08-15,7278,エクセディ,輸送用機器,56.43,0.4,除外,0.8965,0.4708,0.3585,0.3604,0.7354,0.6534,0.875,0.3548,0.0,0.2379,0.1582,0.8381,0.2,0.8182,0.4235,0.0,0.2,1.0,0.4134,0.5283,1.0,"2,3,4",1.0,1.0,1.0,1.0,1.0,0.8718,1.0,0.3
2026-08-15,7279,ハイレックスコーポレーション,輸送用機器,27.0,0.0,除外,0.0,0.1969,0.4287,0.1989,0.5254,0.2577,0.175,0.3548,0.0,0.7603,0.1697,0.4517,0.3333,0.2273,0.0,0.3684,0.2,0.8604,0.2413,0.0,1.0,"1,2,3,4,5",,,,,,,,
2026-08-15,7280,ミツバ,電気機器,54.77,0.4,除外,0.75,0.4741,0.5157,0.2317,0.7668,0.636,0.3248,0.9355,0.0,0.8681,0.1778,0.6835,0.3333,0.0909,0.0727,0.2632,0.5,0.901,0.1662,1.0,1.0,"2,3,4",1.0,1.0,0.5,1.0,1.0,0.0,0.5,1.0
2026-08-15,7282,豊田合成,輸送用機器,62.6,0.6,監視,0.966,0.7793,0.417,0.2434,0.7242,0.8124,0.95,0.3548,1.0,0.3155,0.3332,0.7526,0.2667,0.0,0.3,0.4737,0.2,0.5371,,0.6354,1.0,"3,4",1.0,1.0,1.0,1.0,1.0,0.7282,1.0,1.0
2026-08-15,7283,愛三工業,輸送用機器,46.99,0.4,除外,0.8163,0.7098,0.4429,0.1718,0.2086,0.6345,0.85,0.3548,1.0,0.1804,0.6214,0.77,0.2,0.0,0.3818,0.1053,0.2,0.0,,0.6259,0.0,"3,4,5",1.0,1.0,0.5,1.0,1.0,0.7303,1.0,0.3
2026-08-15,7287,日本精機,輸送用機器,47.6,0.2,除外,0.8547,0.5165,0.4283,0.3599,0.2206,0.786,0.925,0.3548,0.0,0.4736,0.3465,0.2263,0.6667,0.2273,0.0545,0.1579,1.0,0.7561,0.1265,0.0,0.0,"2,3,4,5",1.0,1.0,0.5,1.0,1.0,0.6373,1.0,0.7
2026-08-15,7296,エフ・シー・シー,輸送用機器,51.2,0.4,除外,0.9375,0.6202,0.34,0.4932,0.1688,0.5011,0.625,0.3548,1.0,0.0,0.8268,0.0,0.5333,,0.2545,0.725,0.5,0.4853,0.1901,0.0,0.0,"3,4,5",1.0,1.0,0.5,1.0,1.0,1.0,1.0,1.0
2026-08-15,7309,シマノ,輸送用機器,43.96,0.2,除外,0.9728,0.0,0.526,0.5825,0.1169,,,,,0.2647,0.5739,0.9322,0.3333,,0.6,0.9474,0.2,0.3508,,0.0,0.0,"2,3,4,5",1.0,1.0,1.0,1.0,1.0,0.7825,1.0,1.0
2026-08-15,7313,テイ・エス　テック,輸送用機器,25.42,0.0,除外,0.0,0.2035,0.5215,0.2121,0.3339,0.2592,0.2,0.3548,0.0,0.8976,0.1771,0.8778,0.1333,0.2273,0.0,0.4211,0.2,0.9987,0.1693,0.1674,0.0,"1,2,3,4,5",,,,,,,,
2026-08-15,7322,三十三フィナンシャルグループ,銀行業,56.29,0.4,除外,0.856,0.9003,0.525,0.2276,0.3056,0.9194,0.6818,1.0,1.0,0.3311,0.4103,0.892,0.4667,0.2,0.3,0.2105,0.2,0.5511,,0.3659,0.0,"3,4,5",1.0,1.0,1.0,1.0,1.0,0.5482,1.0,0.3
2026-08-15,7327,第四北越フィナンシャルグループ,銀行業,58.15,0.4,除外,0.9873,0.8002,0.5262,0.2018,0.392,0.8674,0.3333,1.0,1.0,0.4726,0.397,0.7018,0.5333,,0.3,0.1053,0.2,0.6133,,0.5628,0.0,"3,4,5",1.0,1.0,1.0,1.0,1.0,0.8984,1.0,1.0
2026-08-15,7337,ひろぎんホールディングス,銀行業,60.71,0.6,監視,0.8868,0.7423,0.3561,0.2643,0.7861,0.8176,0.1515,1.0,1.0,0.1672,0.2901,0.4337,0.5333,0.2,0.3941,0.2632,0.2,0.7805,,0.6786,0.8991,"3,4",1.0,1.0,1.0,1.0,1.0,0.7943,1.0,0.3
2026-08-15,7350,おきなわフィナンシャルグループ,銀行業,62.22,0.4,除外,0.9838,0.8704,0.419,0.4333,0.4044,0.9058,0.5758,1.0,1.0,0.2287,0.3055,0.7418,0.4,,0.3,0.8,0.2,0.6424,,0.4554,0.1153,"3,4,5",1.0,1.0,1.0,1.0,1.0,0.8703,1.0,1.0
2026-08-15,7366,ＬＩＴＡＬＩＣＯ,サービス業,61.02,0.4,除外,1.0,0.511,0.4476,0.4312,0.6613,0.5712,0.8353,0.0968,0.5407,0.391,0.5994,0.0,0.8,,0.9882,0.1053,0.2,1.0,0.4231,0.2223,1.0,"2,3,4",1.0,1.0,1.0,1.0,1.0,1.0,1.0,1.0
2026-08-15,7380,十六フィナンシャルグループ,銀行業,57.63,0.4,除外,0.8686,0.9215,0.5539,0.2013,0.3362,0.9284,0.7576,1.0,1.0,0.3702,0.5023,0.743,0.6,0.2,0.3,0.1053,0.2,0.5201,,0.4884,0.0,"3,4,5",1.0,1.0,1.0,1.0,1.0,0.6491,1.0,0.3
2026-08-15,7381,ＣＣＩグループ,銀行業,54.42,0.4,除外,0.9963,0.8439,0.4454,0.2517,0.1835,0.8907,0.4848,1.0,1.0,0.4226,0.2179,0.741,0.4,,0.3971,0.1579,0.2,0.4075,,0.1431,0.0,"3,4,5",1.0,1.0,1.0,1.0,1.0,0.9704,1.0,1.0
2026-08-15,7383,ネットプロテクションズホールディングス,その他金融業,33.3,0.2,除外,0.0,0.0,0.6225,0.4868,0.5557,,,,,1.0,0.0976,0.7923,0.6,0.0,0.0,0.9474,1.0,1.0,0.1667,0.5799,0.4761,"1,2,4,5",,,,,,,,
2026-08-15,7384,プロクレアホールディングス,銀行業,66.07,0.6,監視,0.9768,0.9647,0.6218,0.244,0.4965,0.9495,0.9091,1.0,1.0,1.0,0.0328,0.8544,0.6,0.2,0.4706,0.1053,0.2,0.8443,,0.4864,0.1587,"4,5",1.0,1.0,1.0,1.0,1.0,0.8143,1.0,1.0
2026-08-15,7389,あいちフィナンシャルグループ,銀行業,54.8,0.4,除外,0.832,0.9699,0.4676,0.2351,0.2355,0.9555,0.9242,1.0,1.0,0.3714,0.3937,0.7719,0.3333,0.2,0.3824,0.1579,0.2,0.6098,,0.0969,0.0,"3,4,5",1.0,1.0,1.0,1.0,1.0,0.3557,1.0,0.3
2026-08-15,7414,小野建,卸売業,37.7,0.4,除外,0.6822,0.0,0.6382,0.1331,0.4316,,,,,0.9281,0.4209,0.5373,0.6667,0.2273,0.0,0.1053,0.2,1.0,0.1423,0.3586,0.2256,"2,4,5",1.0,0.5798,0.5,1.0,0.2921,0.786,1.0,0.3
2026-08-15,7419,ノジマ,小売業,54.81,0.4,除外,0.6182,0.3589,0.562,0.5575,0.6438,0.529,0.8421,0.0645,0.0,0.5276,0.2002,0.9867,0.5333,0.8636,0.9559,0.2105,0.2,0.7738,0.4444,0.3568,1.0,"2,3,4",1.0,0.6995,1.0,0.0,0.9114,0.3346,1.0,0.0
2026-08-15,7421,カッパ・クリエイト,小売業,31.2,0.0,除外,0.0,0.4365,0.4563,0.1841,0.4833,0.2253,0.4561,0.0645,1.0,0.4807,0.3591,0.6523,0.3333,0.4091,0.1273,0.0,0.2,0.6066,,0.1599,0.6833,"1,2,3,4,5",,,,,,,,
2026-08-15,7433,伯東,卸売業,56.84,0.4,除外,0.9907,0.6158,0.2899,0.4833,0.4624,0.5222,0.5217,0.4194,1.0,0.0,0.5335,0.3595,0.2667,,0.7235,0.5263,0.2,0.721,,0.0,0.6662,"3,4,5",1.0,1.0,1.0,1.0,1.0,0.9259,1.0,1.0
2026-08-15,7447,ナガイレーベン,卸売業,14.62,0.0,除外,0.0,0.0,0.3002,0.125,0.3056,,,,,0.0,0.5099,0.4243,0.2667,0.0,0.0,0.0,0.5,0.671,0.1315,0.4199,0.0,"1,2,3,4,5",,,,,,,,
2026-08-15,7453,良品計画,小売業,60.08,0.4,除外,1.0,0.4782,0.5292,0.6481,0.3487,0.2781,0.5702,0.0645,1.0,0.3163,0.6886,0.7785,0.3333,,0.7971,0.9474,0.2,0.3356,0.2251,0.8342,0.0,"2,3,5",1.0,1.0,1.0,1.0,1.0,1.0,1.0,1.0
2026-08-15,7456,松田産業,卸売業,46.85,0.2,除外,0.7914,0.5292,0.3783,0.3068,0.3368,0.7845,0.913,0.4194,0.0,0.451,0.3347,0.1274,0.6,0.2273,0.0,0.0,1.0,1.0,0.143,0.1057,0.0985,"2,3,4,5",1.0,1.0,0.5,1.0,1.0,0.1314,1.0,0.7
2026-08-15,7458,第一興商,卸売業,44.82,0.2,除外,0.824,0.4876,0.4365,0.2593,0.2338,0.3029,0.2283,0.4194,1.0,0.2477,0.391,0.6407,0.4667,,0.4727,0.1053,0.2,0.3461,,0.3553,0.0,"2,3,4,5",1.0,0.8554,1.0,1.0,0.5683,0.8679,1.0,0.3
2026-08-15,7459,メディパルホールディングス,卸売業,36.15,0.2,除外,0.6765,0.3826,0.4173,0.1331,0.1979,0.3858,0.3261,0.4194,0.3991,0.2632,0.3817,0.6909,0.3333,0.2273,0.0,0.1053,0.2,0.4944,,0.0,0.0994,"2,3,4,5",1.0,1.0,0.5,1.0,0.4483,0.6635,0.5,0.3
2026-08-15,7476,アズワン,卸売業,18.36,0.0,除外,0.0,0.0,0.5147,0.1645,0.2386,,,,,0.5659,0.279,0.6807,0.5333,0.0,0.0,0.1579,0.5,0.5651,,0.1507,0.0,"1,2,3,4,5",,,,,,,,
2026-08-15,7483,ドウシシャ,卸売業,43.03,0.2,除外,0.5036,0.3272,0.4672,0.1463,0.707,0.4439,0.4457,0.4194,0.0,0.4853,0.2023,0.5811,0.6,0.2273,0.0,0.1579,0.2,1.0,0.1723,0.6557,1.0,"1,2,3,4",0.0,0.7767,0.5,1.0,0.6972,0.2547,0.5,0.3
2026-08-15,7504,高速,卸売業,49.39,0.4,除外,0.9958,0.6955,0.2913,0.4871,0.0,0.6451,0.7174,0.4194,1.0,0.0,0.1762,0.3888,0.6,,0.6364,0.625,0.2,0.0,,0.0,0.0,"3,4,5",1.0,1.0,1.0,1.0,1.0,0.9663,1.0,1.0
2026-08-15,7512,イオン北海道,小売業,16.25,0.0,除外,0.0,0.0,0.1869,0.2895,0.3362,,,,,0.246,0.2003,0.3014,0.0,0.0,0.0,0.1579,1.0,0.0,0.1674,0.1775,1.0,"1,2,3,4,5",,,,,,,,
2026-08-15,7513,コジマ,小売業,47.22,0.4,除外,0.7228,0.2306,0.2465,0.5265,0.6346,0.2788,0.5789,0.0645,0.0,0.0,0.7862,0.0,0.2,0.9091,0.9971,0.0,0.2,0.4984,0.618,0.422,1.0,"2,3,4",1.0,1.0,1.0,0.0,0.783,0.6996,1.0,0.3
2026-08-15,7516,コーナン商事,小売業,39.47,0.2,除外,0.7738,0.2433,0.2917,0.3054,0.3591,0.2849,0.5877,0.0645,0.036,0.0,0.4581,0.6421,0.0667,0.5,0.3636,0.1579,0.2,0.1866,0.1093,0.4505,0.6901,"2,3,4,5",1.0,0.632,1.0,1.0,0.4884,0.7702,1.0,0.3
2026-08-15,7532,パン・パシフィック・インターナショナルホールディングス,小売業,29.46,0.0,除外,0.0,0.0,0.5722,0.4037,0.4972,,,,,0.6047,0.4436,0.9072,0.3333,0.2727,0.0,0.8421,0.5,0.6023,0.097,0.2895,1.0,"1,2,3,4,5",,,,,,,,
2026-08-15,7545,西松屋チェーン,小売業,13.95,0.0,除外,0.0,0.0,0.2083,0.05,0.4393,,,,,0.0,0.8203,0.0129,0.0,0.0,0.0,0.0,0.2,0.0363,0.1408,0.5803,1.0,"1,2,3,4,5",,,,,,,,
2026-08-15,7550,ゼンショーホールディングス,小売業,43.22,0.2,除外,0.0,0.4924,0.5821,0.7076,0.3788,0.2999,0.6053,0.0645,1.0,0.5827,0.5713,0.5076,0.6667,,0.2727,0.85,1.0,1.0,,0.0,0.1363,"1,2,3,5",,,,,,,,
2026-08-15,7552,ハピネット,卸売業,31.36,0.0,除外,0.0,0.5049,0.388,0.5682,0.1069,0.3286,0.2717,0.4194,1.0,0.3407,0.4918,0.2527,0.4667,,0.4545,0.75,0.5,0.3206,,0.0,0.0,"1,2,3,4,5",,,,,,,,
2026-08-15,7564,ワークマン,小売業,20.39,0.0,除外,0.0,0.1668,0.1239,0.3317,0.397,0.208,0.3947,0.0645,0.0,0.0,0.383,0.1125,0.0,0.8636,0.0,0.2632,0.2,0.4263,0.4901,0.6715,0.0,"1,2,3,4,5",,,,,,,,
2026-08-15,7575,日本ライフライン,卸売業,22.91,0.0,除外,0.0,0.0,0.4545,0.2807,0.4101,,,,,0.2001,0.4966,0.5881,0.5333,0.0,0.0727,0.85,0.2,0.8802,0.2976,0.0,0.4625,"1,2,3,4,5",,,,,,,,
2026-08-15,7581,サイゼリヤ,小売業,49.76,0.2,除外,0.9621,0.5418,0.5932,0.3909,0.0,0.3836,0.7193,0.0645,1.0,0.0,1.0,0.7729,0.6,,0.2727,0.7,0.2,0.0,,0.0,0.0,"2,3,4,5",1.0,1.0,1.0,1.0,1.0,0.6968,1.0,1.0
2026-08-15,7593,ＶＴホールディングス,小売業,39.44,0.4,除外,0.0,0.4196,0.7155,0.12,0.7168,0.2102,0.4035,0.0645,1.0,1.0,0.2553,0.9399,0.6667,0.2273,0.0,0.0526,0.2,1.0,0.3924,0.5036,0.9712,"1,2,4",,,,,,,,
2026-08-15,7595,アルゴグラフィックス,情報・通信業,34.99,0.2,除外,0.2978,0.222,0.4923,0.0763,0.6613,0.2223,0.6228,0.0323,0.0105,0.4424,0.5536,0.7734,0.2,0.0,0.0,0.1053,0.2,1.0,0.2255,0.4196,1.0,"1,2,3,4",0.0,0.6155,0.0,1.0,0.4386,0.0282,0.0,0.3
2026-08-15,7599,ＩＤＯＭ,卸売業,31.51,0.0,除外,0.4203,0.387,0.2612,0.1858,0.321,0.5524,0.5761,0.4194,0.0,0.0,0.0293,0.7489,0.2667,0.2273,0.0,0.3158,0.2,0.3296,0.1637,0.7908,0.0,"1,2,3,4,5",0.0,1.0,0.5,0.0,1.0,0.3627,0.5,0.0
2026-08-15,7600,日本エム・ディ・エム,精密機器,75.31,0.8,本命,0.7028,0.8165,0.8113,0.5393,0.8957,0.7619,0.6333,0.871,1.0,0.8982,0.7435,0.87,0.7333,0.4,0.9941,0.2632,0.5,1.0,,0.687,1.0,4,1.0,1.0,1.0,0.0,1.0,0.5223,1.0,0.1
2026-08-15,7606,ユナイテッドアローズ,小売業,50.68,0.2,除外,0.9246,0.2887,0.4495,0.2858,0.5855,0.3798,0.7105,0.0645,0.0,0.377,0.6021,0.1523,0.6667,0.2273,0.4,0.3158,0.2,1.0,0.4067,0.3256,0.6099,"2,3,4,5",1.0,1.0,0.5,1.0,1.0,0.8971,1.0,1.0
2026-08-15,7609,ダイトロン,卸売業,50.69,0.2,除外,0.9625,0.5544,0.3779,0.2193,0.4202,0.8417,0.9565,0.4194,0.0,0.0,0.9783,0.0,0.5333,,0.3,0.1579,0.2,0.398,0.2828,0.0,1.0,"2,3,4,5",1.0,1.0,1.0,1.0,1.0,1.0,1.0,0.7
2026-08-15,7611,ハイデイ日高,小売業,19.2,0.0,除外,0.0,0.0,0.2161,0.2632,0.4806,,,,,0.0,0.5647,0.2995,0.0,0.0,0.0,0.0526,1.0,0.3668,0.1141,0.5251,0.9162,"1,2,3,4,5",,,,,,,,
2026-08-15,7613,シークス,卸売業,46.15,0.2,除外,0.9735,0.3889,0.2916,0.2514,0.4023,0.4137,0.3587,0.4194,0.364,0.0,0.6329,0.0,0.5333,,0.2909,0.2632,0.2,0.4962,0.465,0.0,0.6478,"2,3,4,5",1.0,0.7884,1.0,1.0,1.0,1.0,1.0,1.0
2026-08-15,7616,コロワイド,小売業,48.02,0.2,除外,0.9511,0.4389,0.3767,0.5333,0.101,0.2261,0.4649,0.0645,1.0,0.0,0.4756,0.6978,0.3333,,0.4,1.0,0.2,0.2779,,0.0249,0.0,"2,3,4,5",1.0,1.0,1.0,1.0,0.7972,0.8119,1.0,1.0
2026-08-15,7630,壱番屋,小売業,10.16,0.0,除外,0.0,0.0,0.4316,0.0763,0.0,,,,,0.1998,0.6006,0.4595,0.4667,0.0,0.0,0.1053,0.2,0.0,,0.0,0.0,"1,2,3,4,5",,,,,,,,
2026-08-15,7649,スギホールディングス,小売業,23.4,0.0,除外,0.0,0.0,0.3418,0.3421,0.4863,,,,,0.263,0.3678,0.6698,0.0667,0.0,0.0,0.3684,1.0,0.3059,0.1379,0.5015,1.0,"1,2,3,4,5",,,,,,,,
2026-08-15,7685,ＢｕｙＳｅｌｌ　Ｔｅｃｈｎｏｌｏｇｉｅｓ,卸売業,47.23,0.0,除外,0.5743,0.5846,0.4106,0.5307,0.2616,0.9299,0.9891,0.4194,0.0,0.4412,0.223,0.8447,0.1333,0.8182,0.3676,0.7368,0.2,0.5452,0.2299,0.1798,0.0914,"1,2,3,4,5",1.0,1.0,1.0,0.0,1.0,0.0942,0.5,0.0
2026-08-15,7701,島津製作所,精密機器,54.81,0.6,監視,0.7821,0.6206,0.7405,0.1158,0.4813,0.4446,0.1667,0.871,1.0,1.0,0.4301,0.7985,0.7333,0.0,0.0,0.2632,0.2,0.9477,0.1048,0.7866,0.0863,"4,5",1.0,0.9182,0.5,1.0,0.845,0.694,1.0,0.3
2026-08-15,7711,助川電気工業,精密機器,38.37,0.2,除外,0.0,0.631,0.5607,0.254,0.4727,0.8862,0.7667,0.871,0.0,0.6374,0.4134,0.392,0.8,0.0909,0.0,0.725,0.2,0.4086,0.1907,0.2914,1.0,"1,3,4,5",,,,,,,,
2026-08-15,7715,長野計器,精密機器,59.04,0.6,監視,0.7161,0.8592,0.687,0.4755,0.2143,0.8659,0.7,0.871,1.0,1.0,0.5589,0.8557,0.3333,1.0,0.5441,0.1579,0.2,0.0,0.4444,0.2028,0.2098,"4,5",1.0,1.0,1.0,0.0,1.0,0.3284,1.0,0.4
2026-08-15,7716,ナカニシ,精密機器,59.85,0.4,除外,1.0,0.5852,0.3653,0.3673,0.6745,0.7423,0.6,0.871,0.1274,0.1485,0.7127,0.0,0.6,,0.7441,0.1579,0.2,0.8219,,0.2014,1.0,"2,3,4",1.0,1.0,1.0,1.0,1.0,1.0,1.0,1.0
2026-08-15,7717,ブイ・テクノロジー,精密機器,53.01,0.4,除外,0.625,0.8151,0.5272,0.5861,0.0972,0.9081,0.8333,0.871,0.6482,0.7056,0.4209,0.8491,0.1333,1.0,0.7235,0.4211,0.2,0.0,0.3889,0.0,0.0,"3,4,5",1.0,1.0,1.0,0.0,1.0,0.0,1.0,0.0
2026-08-15,7721,東京計器,精密機器,64.27,0.8,本命,0.836,0.7182,0.7335,0.267,0.659,0.6353,0.3667,0.871,1.0,0.6351,0.7016,0.9974,0.6,0.1818,0.0545,0.6316,0.2,0.9165,0.1244,0.5952,1.0,4,1.0,1.0,0.5,1.0,1.0,0.1878,1.0,1.0
2026-08-15,7729,東京精密,精密機器,46.96,0.2,除外,0.7325,0.5982,0.2614,0.4436,0.3124,0.8553,0.6667,0.871,0.0,0.0767,0.4185,0.4171,0.1333,0.9545,0.5147,0.1053,0.2,0.0,0.3423,0.3312,0.5759,"2,3,4,5",1.0,1.0,1.0,0.0,1.0,0.4598,1.0,0.4
2026-08-15,7730,マニー,精密機器,36.03,0.0,除外,0.4513,0.4563,0.2801,0.3706,0.243,0.6209,0.3333,0.871,0.0,0.0,0.4207,0.4331,0.2667,0.5455,0.0,0.7368,0.2,0.6588,0.3132,0.0,0.0,"1,2,3,4,5",0.0,1.0,1.0,0.0,0.8407,0.2697,0.5,0.0
2026-08-15,7731,ニコン,精密機器,53.65,0.6,監視,0.6941,0.7299,0.6658,0.2895,0.3031,0.7008,0.5,0.871,0.8477,0.7654,0.583,0.6482,0.6667,0.8,0.0,0.1579,0.2,0.9175,0.2951,0.0,0.0,"4,5",1.0,1.0,1.0,0.0,1.0,0.553,1.0,0.0
2026-08-15,7733,オリンパス,精密機器,34.59,0.2,除外,0.0,0.3238,0.5706,0.2089,0.6262,0.324,0.1,0.871,0.0,0.5869,0.489,0.54,0.6667,0.0,0.1091,0.5263,0.2,1.0,0.1421,0.3626,1.0,"1,2,3,4",,,,,,,,
2026-08-15,7734,理研計器,精密機器,48.99,0.2,除外,0.5042,0.3564,0.5997,0.3054,0.6837,0.4213,0.1333,0.871,0.0,0.9243,0.3498,0.658,0.4667,0.8636,0.0,0.1579,0.2,0.6683,0.6686,0.3979,1.0,"1,2,3,4",0.0,0.7458,1.0,0.0,0.5251,0.5626,0.5,0.7
2026-08-15,7735,ＳＣＲＥＥＮホールディングス,電気機器,45.79,0.4,除外,0.625,0.9381,0.3151,0.3835,0.0278,0.9623,0.8547,0.9355,1.0,0.0841,0.41,0.7664,0.0,0.8,0.3235,0.2105,0.2,0.0,0.1111,0.0,0.0,"3,4,5",1.0,1.0,1.0,0.0,1.0,0.0,1.0,0.0
2026-08-15,7740,タムロン,精密機器,51.23,0.4,除外,0.9948,0.671,0.461,0.3895,0.0453,0.5795,0.2333,0.871,1.0,0.1261,0.6577,0.7267,0.3333,,0.6,0.3684,0.2,0.1358,,0.0,0.0,"3,4,5",1.0,1.0,1.0,1.0,1.0,0.9585,1.0,1.0
2026-08-15,7741,ＨＯＹＡ,精密機器,49.02,0.2,除外,0.7746,0.4945,0.5599,0.1882,0.4337,0.6737,0.4333,0.871,0.0,0.3691,0.5522,0.7182,0.6,0.5,0.0,0.0526,0.2,0.498,0.1934,0.3691,0.6744,"2,3,4,5",1.0,1.0,0.5,1.0,1.0,0.4965,0.5,0.7
2026-08-15,7744,ノーリツ鋼機,精密機器,47.51,0.2,除外,0.7824,0.4403,0.4027,0.1722,0.5779,0.5901,0.3,0.871,0.0,0.0428,0.6006,0.6339,0.3333,0.1364,0.0,0.0526,0.5,0.8535,0.1089,0.6056,0.7436,"2,3,4,5",1.0,1.0,0.5,1.0,1.0,0.559,0.5,0.7
2026-08-15,7745,Ａ＆Ｄホロンホールディングス,精密機器,57.15,0.4,除外,0.8092,0.7286,0.3707,0.4803,0.4685,0.6436,0.4,0.871,1.0,0.5098,0.3062,0.0,0.6667,0.6818,0.7235,0.3158,0.2,0.9048,0.4013,0.2682,0.2997,"3,4,5",1.0,1.0,1.0,0.0,1.0,0.4736,1.0,1.0
2026-08-15,7746,岡本硝子,精密機器,55.1,0.6,監視,0.375,0.7159,0.7193,0.178,0.7671,0.9925,1.0,0.871,0.0,1.0,1.0,0.0107,0.8667,0.0909,0.0,0.4211,0.2,1.0,0.1481,0.9201,1.0,"1,4",0.0,1.0,0.5,0.0,1.0,0.0,0.5,0.0
2026-08-15,7747,朝日インテック,精密機器,58.58,0.4,除外,0.9625,0.5433,0.512,0.3019,0.6096,0.7355,0.5667,0.871,0.0,0.5291,0.2591,0.9933,0.2667,,0.6529,0.0526,0.2,0.5528,0.4468,0.4386,1.0,"2,3,4",1.0,1.0,1.0,1.0,1.0,1.0,1.0,0.7
2026-08-15,7751,キヤノン,電気機器,42.02,0.2,除外,0.7391,0.5273,0.4331,0.0859,0.3155,0.2713,0.1453,0.9355,0.7571,0.2483,0.3053,0.7788,0.4,0.0909,0.0,0.0526,0.2,0.3187,0.0952,0.4026,0.4454,"2,3,4,5",1.0,0.6386,0.0,1.0,0.5185,0.7557,1.0,1.0
2026-08-15,7752,リコー,電気機器,59.49,0.6,監視,0.996,0.6222,0.3363,0.6066,0.4133,0.3738,0.1795,0.9355,1.0,0.0,0.5573,0.2544,0.5333,,0.9882,0.6316,0.2,0.2575,,0.3049,0.6775,"3,5",1.0,1.0,1.0,1.0,0.9762,0.9915,1.0,1.0
2026-08-15,7762,シチズン時計,精密機器,51.85,0.4,除外,0.9625,0.6886,0.325,0.2429,0.3737,0.9427,0.8667,0.871,0.0739,0.0594,0.5607,0.2797,0.4,,0.4235,0.1053,0.2,0.0473,,0.0739,1.0,"3,4,5",1.0,1.0,1.0,1.0,1.0,1.0,1.0,0.7
2026-08-15,7777,スリー・ディー・マトリックス,精密機器,47.6,0.2,除外,0.3478,0.5346,0.5025,0.1932,0.8018,0.734,0.5333,0.871,0.0,1.0,0.1985,0.1448,0.6667,0.2727,0.0,0.0,0.5,1.0,0.3409,0.9472,0.9189,"1,2,3,4",0.0,0.8826,0.5,0.0,1.0,0.0,0.0,0.4
2026-08-15,7779,ＣＹＢＥＲＤＹＮＥ,精密機器,44.1,0.2,除外,0.425,0.4297,0.6521,0.1705,0.5279,0.581,0.2667,0.871,0.0,1.0,0.4373,0.571,0.6,0.1818,0.0,0.0,0.5,1.0,0.1158,0.9956,0.0,"1,2,4,5",0.0,1.0,0.5,0.0,1.0,0.0,0.5,0.4
2026-08-15,7780,メニコン,精密機器,58.34,0.4,除外,0.9849,0.7566,0.2881,0.4132,0.4744,0.6888,0.4667,0.871,1.0,0.0,0.4855,0.0,0.6667,0.0,0.6265,0.5263,0.5,1.0,0.1857,0.0,0.7121,"3,4,5",1.0,1.0,1.0,1.0,1.0,0.8792,1.0,1.0
2026-08-15,7794,イーディーピー,その他製品,52.43,0.2,除外,0.375,0.4985,0.879,0.3696,0.4994,0.8297,0.9062,0.2581,0.0,0.9256,0.7246,0.9991,0.8667,0.1364,0.0,0.8421,0.5,1.0,0.1591,0.657,0.1816,"1,2,4,5",0.0,1.0,0.5,0.0,1.0,0.0,0.5,0.0
2026-08-15,7803,ブシロード,その他製品,37.78,0.2,除外,0.8163,0.0,0.4375,0.494,0.1414,,,,,0.0,0.5502,0.8665,0.3333,0.4,0.4182,0.1579,1.0,0.0,0.3138,0.2517,0.0,"2,3,4,5",1.0,1.0,0.5,1.0,1.0,0.7301,1.0,0.3
2026-08-15,7806,ＭＴＧ,その他製品,55.9,0.4,除外,0.9871,0.7608,0.2787,0.2018,0.5666,0.8478,0.9375,0.2581,1.0,0.0,0.4482,0.0,0.6667,,0.3,0.1053,0.2,0.61,0.1473,0.6086,0.9006,"3,4,5",1.0,1.0,1.0,1.0,1.0,0.8972,1.0,1.0
2026-08-15,7818,トランザクション,その他製品,28.76,0.0,除外,0.3038,0.2872,0.1955,0.4803,0.1711,0.422,0.4688,0.2581,0.0,0.0,0.3221,0.1265,0.3333,1.0,0.0,0.4211,0.5,0.0,0.4444,0.0,0.2399,"1,2,3,4,5",0.0,0.6537,1.0,0.0,0.5141,0.263,0.0,0.0
2026-08-15,7821,前田工繊,その他製品,19.72,0.0,除外,0.0,0.0,0.1798,0.3801,0.4262,,,,,0.0,0.3859,0.0,0.3333,0.2727,0.0727,0.975,0.2,1.0,0.3347,0.0,0.3701,"1,2,3,4,5",,,,,,,,
2026-08-15,7826,フルヤ金属,その他製品,48.28,0.2,除外,0.8235,0.553,0.3984,0.2718,0.3671,0.954,1.0,0.2581,0.0,0.4284,0.4409,0.0576,0.6667,0.7273,0.0545,0.1053,0.2,0.5176,0.5111,0.1954,0.2443,"2,3,4,5",1.0,1.0,1.0,1.0,1.0,0.1881,1.0,0.4
2026-08-15,7832,バンダイナムコホールディングス,その他製品,26.15,0.2,除外,0.0,0.0,0.3237,0.6697,0.3141,,,,,0.0,0.6281,0.0,0.6667,,0.1091,0.9,1.0,0.9424,,0.0,0.0,"1,2,3,5",,,,,,,,
2026-08-15,7839,ＳＨＯＥＩ,その他製品,63.95,0.4,除外,0.9966,0.4771,0.7288,0.5205,0.4746,0.3067,0.3438,0.2581,1.0,0.8737,0.473,0.7684,0.8,,0.4364,0.925,0.2,1.0,,0.2162,0.2077,"2,4,5",1.0,1.0,1.0,1.0,0.9726,1.0,1.0,1.0
2026-08-15,7846,パイロットコーポレーション,その他製品,54.37,0.4,除外,1.0,0.6441,0.513,0.4115,0.1498,0.5682,0.75,0.2581,1.0,0.4414,0.5172,0.2933,0.8,,0.9818,0.0526,0.2,0.4494,,0.0,0.0,"3,4,5",1.0,1.0,1.0,1.0,1.0,1.0,1.0,1.0
2026-08-15,7860,エイベックス,情報・通信業,34.79,0.2,除外,0.7377,0.4599,0.2274,0.2422,0.0721,0.202,0.6053,0.0323,1.0,0.0,0.337,0.4394,0.1333,0.0,0.3636,0.1053,0.5,0.2162,,0.0,0.0,"2,3,4,5",1.0,0.639,1.0,1.0,0.2617,0.701,1.0,0.3
2026-08-15,7864,フジシールインターナショナル,その他製品,55.53,0.2,除外,0.906,0.4672,0.5422,0.475,0.3862,0.2984,0.3125,0.2581,1.0,0.4215,0.4812,0.5992,0.6667,0.0,0.4,0.5,1.0,1.0,0.1616,0.3833,0.0,"2,3,4,5",1.0,0.8436,0.5,1.0,1.0,0.9046,1.0,1.0
2026-08-15,7867,タカラトミー,その他製品,46.43,0.2,除外,0.93,0.4321,0.2773,0.4939,0.1883,0.2517,0.2188,0.2581,1.0,0.0,0.4424,0.0,0.6667,,0.5818,0.7,0.2,0.3469,,0.218,0.0,"2,3,4,5",1.0,1.0,0.5,1.0,1.0,0.9399,1.0,1.0
2026-08-15,7868,広済堂ホールディングス,その他製品,48.58,0.2,除外,0.5521,0.3047,0.4324,0.3886,0.7515,0.4295,0.5312,0.2581,0.0,1.0,0.0,0.0628,0.6667,0.7727,0.5818,0.0,0.2,1.0,0.4444,0.5614,1.0,"1,2,3,4",1.0,1.0,1.0,0.0,0.9165,0.0,0.5,0.0
2026-08-15,7906,ヨネックス,その他製品,31.59,0.2,除外,0.0,0.0,0.4672,0.3218,0.7903,,,,,0.3162,0.5375,0.4152,0.6,0.1818,0.0,0.1053,1.0,1.0,0.2184,0.9428,1.0,"1,2,3,4",,,,,,,,
2026-08-15,7911,ＴＯＰＰＡＮホールディングス,その他製品,54.39,0.6,監視,0.726,0.6056,0.6195,0.2344,0.5339,0.575,0.8125,0.2581,0.7768,0.915,0.3486,0.8143,0.4,0.2273,0.0,0.2105,0.5,1.0,0.1547,0.6757,0.3053,"4,5",1.0,1.0,0.5,1.0,1.0,0.3083,1.0,0.0
2026-08-15,7912,大日本印刷,その他製品,59.45,0.6,監視,0.8362,0.6914,0.6374,0.3182,0.4892,0.6639,0.8438,0.2581,1.0,1.0,0.3037,0.9124,0.3333,0.2273,0.5455,0.0,0.5,1.0,0.2021,0.3927,0.3618,"4,5",1.0,1.0,0.5,1.0,1.0,0.8896,1.0,0.3
2026-08-15,7914,共同印刷,その他製品,52.58,0.2,除外,0.7874,0.5894,0.4478,0.3344,0.4698,0.5057,0.5938,0.2581,1.0,0.4611,0.5877,0.2093,0.5333,0.2273,0.4,0.2105,0.5,1.0,0.1264,0.6494,0.1032,"2,3,4,5",1.0,0.8727,0.5,1.0,0.7698,0.8567,1.0,0.3
2026-08-15,7915,ＮＩＳＳＨＡ,その他製品,27.34,0.2,除外,0.0,0.1672,0.0911,0.309,0.7999,0.2231,0.1875,0.2581,0.0,0.0,0.0312,0.0,0.3333,0.7727,0.0,0.2632,0.2,0.9745,0.7083,0.5169,1.0,"1,2,3,4",,,,,,,,
2026-08-15,7917,ＺＡＣＲＯＳ,化学,47.99,0.4,除外,0.641,0.7028,0.2478,0.2215,0.5865,0.6172,0.4842,0.7097,1.0,0.1946,0.2649,0.3316,0.2,0.2273,0.4588,0.0,0.2,0.8101,0.1429,0.3932,1.0,"3,4,5",1.0,1.0,1.0,0.0,1.0,0.3281,0.5,0.3
2026-08-15,7936,アシックス,その他製品,56.67,0.2,除外,1.0,0.5791,0.5601,0.1842,0.5103,0.4959,0.5625,0.2581,1.0,0.461,0.4092,0.8368,0.5333,,0.3,0.0526,0.2,1.0,0.2017,0.8395,0.0,"2,3,4,5",1.0,1.0,1.0,1.0,1.0,1.0,1.0,1.0
2026-08-15,7943,ニチハ,ガラス・土石製品,43.66,0.4,除外,0.7597,0.0,0.415,0.3923,0.6158,,,,,0.2774,0.4012,0.7147,0.2667,0.2273,0.0,0.8421,0.5,0.874,0.1898,0.3993,1.0,"2,3,4",1.0,1.0,0.5,1.0,0.6264,0.4509,0.5,1.0
2026-08-15,7944,ローランド,その他製品,49.52,0.2,除外,0.9215,0.3603,0.3471,0.4316,0.4156,0.5268,0.6562,0.2581,0.0,0.0,0.8612,0.0603,0.4667,0.7273,0.6412,0.1579,0.2,0.5349,0.3636,0.0,0.7639,"2,3,4,5",1.0,1.0,1.0,1.0,1.0,0.6717,1.0,0.7
2026-08-15,7947,エフピコ,化学,37.97,0.4,除外,0.7748,0.0,0.6929,0.164,0.2667,,,,,0.7042,0.6065,0.7942,0.6667,0.2273,0.0182,0.2105,0.2,0.4684,0.1217,0.0725,0.4039,"2,4,5",1.0,0.5601,0.5,1.0,0.6115,0.8267,1.0,0.7
2026-08-15,7949,小松ウオール工業,その他製品,53.88,0.2,除外,0.7999,0.5034,0.5966,0.4091,0.3853,0.3806,0.375,0.2581,1.0,0.364,0.4156,0.94,0.6667,0.2273,0.1091,0.8,0.5,1.0,0.1026,0.2231,0.2155,"2,3,4,5",1.0,0.7707,0.5,1.0,0.5229,0.6052,1.0,1.0
2026-08-15,7951,ヤマハ,その他製品,57.82,0.4,除外,1.0,0.5226,0.3128,0.7221,0.3333,0.3949,0.4375,0.2581,1.0,0.0,0.5845,0.0,0.6667,,0.9912,0.675,0.5,1.0,,0.0,0.0,"2,3,5",1.0,1.0,1.0,1.0,1.0,1.0,1.0,1.0
2026-08-15,7956,ピジョン,その他製品,65.39,0.4,除外,0.9568,0.5463,0.5469,0.4931,0.7263,0.4273,0.5,0.2581,1.0,0.3861,0.7019,0.4994,0.6,,0.9794,0.0,0.5,0.7177,,0.4613,1.0,"2,3,4",1.0,1.0,1.0,1.0,1.0,0.9544,1.0,0.7
2026-08-15,7965,象印マホービン,電気機器,36.64,0.2,除外,0.0,0.3315,0.5499,0.2539,0.6966,0.2622,0.1282,0.9355,0.0,0.4536,0.2311,0.8484,0.6667,0.5,0.0,0.3158,0.2,1.0,0.2315,0.555,1.0,"1,2,3,4",,,,,,,,
2026-08-15,7966,リンテック,その他製品,49.25,0.4,除外,0.6652,0.7811,0.1219,0.5902,0.3041,0.8975,0.9688,0.2581,1.0,0.0,0.2209,0.0,0.2667,0.8,0.4029,0.1579,1.0,0.0,0.1111,0.2395,0.8658,"3,4,5",1.0,1.0,1.0,0.0,1.0,0.3215,1.0,0.0
2026-08-15,7970,信越ポリマー,化学,38.05,0.2,除外,0.6932,0.4642,0.2125,0.3117,0.2206,0.6315,0.5158,0.7097,0.0,0.0,0.0618,0.6549,0.1333,0.8,0.0364,0.2105,0.2,0.0841,0.2222,0.0,0.5762,"2,3,4,5",1.0,1.0,1.0,0.0,0.9673,0.578,1.0,0.0
2026-08-15,7972,イトーキ,その他製品,43.88,0.4,除外,0.2808,0.6232,0.4699,0.12,0.7004,0.5471,0.6875,0.2581,1.0,0.5725,0.4341,0.2729,0.6,0.2273,0.0,0.0526,0.2,1.0,0.3101,0.4915,1.0,"1,3,4",0.0,1.0,0.5,0.0,0.4468,0.0,0.0,0.3
2026-08-15,7974,任天堂,その他製品,29.92,0.0,除外,0.0,0.0,0.5993,0.3553,0.5415,,,,,0.3511,0.6803,0.6323,0.7333,0.0,0.0,0.4211,1.0,0.9239,0.139,0.1033,1.0,"1,2,3,4,5",,,,,,,,
2026-08-15,7976,三菱鉛筆,その他製品,51.75,0.4,除外,1.0,0.6524,0.1907,0.3859,0.3583,0.5705,0.7812,0.2581,1.0,0.0,0.4055,0.2907,0.0667,,0.7471,0.2105,0.2,0.5793,,0.0,0.4957,"3,4,5",1.0,1.0,1.0,1.0,1.0,1.0,1.0,1.0
2026-08-15,7979,松風,精密機器,58.73,0.4,除外,1.0,0.5438,0.7178,0.4448,0.2303,0.2374,0.0667,0.871,1.0,1.0,0.5219,0.6158,0.7333,,0.7818,0.0526,0.5,0.2291,0.1111,0.3123,0.2689,"2,4,5",1.0,1.0,1.0,1.0,1.0,1.0,1.0,1.0
2026-08-15,7981,タカラスタンダード,その他製品,52.89,0.4,除外,0.6943,0.4963,0.3952,0.3945,0.664,0.52,0.625,0.2581,0.5823,0.0,0.0134,0.9006,0.6667,0.2,0.9676,0.2105,0.2,1.0,,0.1345,0.8575,"2,3,4",1.0,1.0,1.0,0.0,0.7656,0.689,1.0,0.1
2026-08-15,7984,コクヨ,その他製品,37.83,0.2,除外,0.0,0.442,0.505,0.3438,0.6005,0.26,0.25,0.2581,1.0,0.1974,0.2158,0.9402,0.6667,0.0,0.0,0.875,0.5,0.9725,0.1164,0.5532,0.7599,"1,2,3,4",,,,,,,,
2026-08-15,7988,ニフコ,化学,55.79,0.4,除外,0.8753,0.7449,0.4303,0.2736,0.4656,0.6805,0.5895,0.7097,1.0,0.4262,0.1797,0.5822,0.5333,0.2273,0.5091,0.1579,0.2,1.0,0.1406,0.7216,0.0,"3,4,5",1.0,1.0,1.0,1.0,1.0,0.7027,1.0,0.3
2026-08-15,7989,立川ブラインド工業,金属製品,55.74,0.4,除外,0.8916,0.6797,0.5338,0.2018,0.4799,0.7287,0.72,0.5161,0.7542,1.0,0.1148,0.5537,0.4667,,0.3,0.1053,0.2,0.8137,,0.0,0.626,"3,4,5",1.0,1.0,1.0,1.0,1.0,0.8328,1.0,0.3
2026-08-15,7990,グローブライド,その他製品,49.11,0.4,除外,0.7245,0.2631,0.3458,0.417,0.7049,0.3881,0.4062,0.2581,0.0,0.4276,0.1557,0.0,0.8,0.0,0.9941,0.4737,0.2,1.0,0.8196,0.0,1.0,"2,3,4",1.0,0.7926,1.0,0.0,0.5373,0.4662,1.0,1.0
2026-08-15,7994,オカムラ,その他製品,30.9,0.2,除外,0.0,0.2011,0.321,0.32,0.7027,0.2653,0.2812,0.2581,0.0,0.0841,0.2578,0.942,0.0,0.2273,0.0,0.0526,1.0,1.0,0.1499,0.661,1.0,"1,2,3,4",,,,,,,,
2026-08-15,7995,バルカー,化学,53.42,0.4,除外,0.7475,0.6198,0.4619,0.3729,0.4692,0.896,0.8737,0.7097,0.0,0.5523,0.363,0.5988,0.3333,0.8182,0.4206,0.0526,0.2,0.057,0.4444,0.3755,1.0,"3,4,5",1.0,1.0,1.0,0.0,1.0,0.2796,1.0,0.7
2026-08-15,8001,伊藤忠商事,卸売業,51.92,0.2,除外,0.898,0.464,0.4218,0.4115,0.4008,0.5109,0.5109,0.4194,0.4148,0.4149,0.3026,0.6364,0.3333,0.2273,0.1818,0.7368,0.5,1.0,0.1569,0.1889,0.2576,"2,3,4,5",1.0,1.0,0.5,1.0,1.0,0.6837,1.0,1.0
2026-08-15,8002,丸紅,卸売業,44.11,0.2,除外,0.4053,0.5248,0.2995,0.2972,0.6784,0.7777,0.9022,0.4194,0.0,0.174,0.2702,0.2871,0.4667,0.1364,0.0,0.0526,1.0,1.0,0.154,0.5597,1.0,"1,2,3,4",0.0,1.0,0.5,0.0,1.0,0.1424,0.5,0.1
2026-08-15,8005,スクロール,小売業,58.3,0.4,除外,1.0,0.6873,0.3792,0.2544,0.5943,0.746,0.9386,0.0645,1.0,0.3484,0.4742,0.0942,0.6,,0.3,0.2632,0.2,1.0,0.3773,0.0,1.0,"3,4,5",1.0,1.0,1.0,1.0,1.0,1.0,1.0,1.0
2026-08-15,8008,ヨンドシーホールディングス,小売業,47.85,0.2,除外,0.853,0.5616,0.4037,0.4112,0.1629,0.4363,0.7456,0.0645,1.0,0.0,0.4257,0.9222,0.2667,0.4,0.7818,0.2632,0.2,0.0,0.4444,0.2073,0.0,"2,3,4,5",1.0,1.0,1.0,1.0,0.7333,0.7905,1.0,0.3
2026-08-15,8011,三陽商会,繊維製品,64.19,0.6,監視,1.0,0.7508,0.7525,0.5098,0.1963,0.6443,0.875,0.4839,1.0,0.7054,0.6535,0.9843,0.6667,,0.6545,0.675,0.2,0.6822,0.103,0.0,0.0,"4,5",1.0,1.0,1.0,1.0,1.0,1.0,1.0,1.0
2026-08-15,8012,長瀬産業,卸売業,61.56,0.6,監視,0.9552,0.6558,0.5794,0.2429,0.6445,0.7656,0.8587,0.4194,0.5795,1.0,0.5761,0.2748,0.4667,,0.4235,0.1053,0.2,0.8455,,0.0879,1.0,"3,4",1.0,1.0,1.0,1.0,1.0,0.9418,1.0,0.7
2026-08-15,8014,蝶理,卸売業,37.8,0.2,除外,0.5756,0.0,0.3202,0.2516,0.7429,,,,,0.0,0.27,0.344,0.6667,0.2273,0.0,0.5789,0.2,1.0,0.1799,0.7918,1.0,"1,2,3,4",0.0,0.5383,0.5,1.0,0.5651,0.5011,0.5,1.0
2026-08-15,8015,豊田通商,卸売業,58.33,0.2,除外,0.9946,0.5504,0.4535,0.3246,0.5934,0.8365,0.9457,0.4194,0.0,0.0,0.7112,0.5027,0.6,,0.3,0.4737,0.2,1.0,0.5929,0.0,0.7809,"2,3,4,5",1.0,1.0,1.0,1.0,1.0,0.9571,1.0,1.0
2026-08-15,8016,オンワードホールディングス,繊維製品,52.85,0.2,除外,0.8773,0.4103,0.3946,0.3678,0.5923,0.4612,0.4375,0.4839,0.2585,0.2746,0.3191,0.7848,0.2,0.2273,0.2545,0.7895,0.2,1.0,0.1392,0.4554,0.7746,"2,3,4,5",1.0,0.9551,0.5,1.0,0.9066,0.6567,1.0,1.0
2026-08-15,8020,兼松,卸売業,57.57,0.4,除外,0.8838,0.4763,0.5035,0.3094,0.7052,0.7031,0.7826,0.4194,0.0,0.7289,0.4457,0.2393,0.6,0.2273,0.3,0.2105,0.5,1.0,0.1558,0.6652,1.0,"2,3,4",1.0,1.0,0.5,1.0,1.0,0.5706,1.0,1.0
2026-08-15,8022,美津濃,その他製品,60.59,0.6,監視,1.0,0.6338,0.5075,0.6235,0.2649,0.5584,0.7188,0.2581,1.0,0.3576,0.9391,0.0,0.7333,,0.7455,0.925,0.2,0.9134,0.1448,0.0015,0.0,"3,5",1.0,1.0,1.0,1.0,1.0,1.0,1.0,1.0
2026-08-15,8031,三井物産,卸売業,51.26,0.2,除外,0.5375,0.4853,0.3467,0.3654,0.8281,0.7174,0.8043,0.4194,0.0,0.4172,0.2674,0.5688,0.1333,0.4091,0.0,0.0526,1.0,1.0,0.5051,0.8075,1.0,"1,2,3,4",0.0,1.0,0.5,1.0,1.0,0.0,0.5,0.3
2026-08-15,8032,日本紙パルプ商事,卸売業,62.33,0.4,除外,1.0,0.5394,0.4532,0.4359,0.6882,0.8033,0.9348,0.4194,0.0,0.5919,0.213,0.208,0.8,,0.4235,0.6842,0.2,1.0,0.5777,0.1749,1.0,"2,3,4",1.0,1.0,1.0,1.0,1.0,1.0,1.0,1.0
2026-08-15,8035,東京エレクトロン,電気機器,53.99,0.4,除外,0.625,0.9105,0.5162,0.5277,0.1199,0.9375,0.7692,0.9355,1.0,0.5737,0.5052,0.8525,0.1333,0.9545,0.5353,0.4211,0.2,0.0,0.1111,0.0,0.3687,"3,4,5",1.0,1.0,1.0,0.0,1.0,0.0,1.0,0.0
2026-08-15,8037,カメイ,卸売業,55.41,0.4,除外,1.0,0.7209,0.2606,0.4667,0.3224,0.6925,0.7717,0.4194,1.0,0.0134,0.436,0.1264,0.4667,,0.3,0.9,0.2,0.9673,,0.0,0.0,"3,4,5",1.0,1.0,1.0,1.0,1.0,1.0,1.0,1.0
2026-08-15,8043,スターゼン,卸売業,53.01,0.2,除外,0.9093,0.5578,0.3754,0.4606,0.3473,0.4205,0.3913,0.4194,1.0,0.0,0.3105,0.6576,0.5333,,0.3818,0.5,0.5,1.0,,0.042,0.0,"2,3,4,5",1.0,1.0,0.5,1.0,0.8258,0.9485,1.0,1.0
2026-08-15,8050,セイコーグループ,精密機器,51.55,0.4,除外,1.0,0.953,0.1111,0.3054,0.2081,0.9744,0.9667,0.871,1.0,0.0,0.3776,0.0,0.0667,,0.4529,0.2632,0.2,0.0866,0.156,0.0,0.5897,"3,4,5",1.0,1.0,1.0,1.0,1.0,1.0,1.0,1.0
2026-08-15,8051,山善,卸売業,70.6,0.6,監視,1.0,0.4968,0.6961,0.5636,0.7735,0.6149,0.663,0.4194,0.2899,0.7416,0.636,0.6069,0.8,,0.9118,0.5789,0.2,1.0,0.5384,0.5555,1.0,"2,4",1.0,1.0,1.0,1.0,1.0,1.0,1.0,1.0
2026-08-15,8052,椿本興業,卸売業,33.8,0.0,除外,0.2263,0.4477,0.4919,0.2213,0.3027,0.4341,0.4022,0.4194,0.5353,0.4918,0.2508,0.5583,0.6667,0.2273,0.0,0.1579,0.5,0.9973,0.1362,0.0772,0.0,"1,2,3,4,5",0.0,0.5725,0.5,0.0,0.1762,0.462,0.0,0.1
2026-08-15,8053,住友商事,卸売業,60.5,0.4,除外,0.9638,0.5206,0.5403,0.3726,0.6276,0.7717,0.8913,0.4194,0.0,0.5406,0.252,0.8351,0.5333,0.7273,0.3,0.2632,0.2,0.9878,0.4452,0.0774,1.0,"2,3,4",1.0,1.0,1.0,1.0,1.0,0.7106,1.0,1.0
2026-08-15,8056,ＢＩＰＲＯＧＹ,情報・通信業,10.65,0.0,除外,0.0,0.0,0.2168,0.125,0.1908,,,,,0.0,0.3337,0.0,0.5333,0.0,0.0,0.0,0.5,0.522,0.2413,0.0,0.0,"1,2,3,4,5",,,,,,,,
2026-08-15,8057,内田洋行,卸売業,25.53,0.0,除外,0.0,0.4299,0.4231,0.2895,0.1342,0.3557,0.2935,0.4194,0.6513,0.4678,0.2808,0.677,0.2667,0.0,0.0,0.1579,1.0,0.2232,0.1022,0.2112,0.0,"1,2,3,4,5",,,,,,,,
2026-08-15,8058,三菱商事,卸売業,60.06,0.6,監視,0.7872,0.4807,0.7049,0.3921,0.6382,0.7099,0.7935,0.4194,0.0,0.6056,0.3931,0.8877,0.9333,0.7273,0.2727,0.3684,0.2,1.0,0.4491,0.6478,0.4558,"2,4",1.0,1.0,0.5,1.0,1.0,0.2975,0.5,1.0
2026-08-15,8059,第一実業,卸売業,53.85,0.4,除外,0.925,0.6677,0.3119,0.2291,0.559,0.5991,0.6522,0.4194,1.0,0.0,0.4304,0.6172,0.2,0.2273,0.4364,0.0526,0.2,1.0,0.1081,0.5499,0.5781,"3,4,5",1.0,1.0,0.5,1.0,1.0,0.9001,1.0,1.0
2026-08-15,8060,キヤノンマーケティングジャパン,卸売業,62.84,0.4,除外,0.915,0.4003,0.7445,0.512,0.5701,0.5622,0.6196,0.4194,0.0,0.7613,0.5305,0.9529,0.7333,0.7273,0.4364,0.6842,0.2,0.672,0.1615,0.706,0.7409,"2,4,5",1.0,1.0,0.5,1.0,1.0,0.8203,1.0,1.0
2026-08-15,8061,西華産業,卸売業,50.54,0.2,除外,0.9221,0.5342,0.2928,0.2672,0.5107,0.7935,0.9239,0.4194,0.0,0.1874,0.3358,0.1813,0.4667,0.7273,0.0364,0.1053,0.2,0.9376,0.5442,0.1128,0.4482,"2,3,4,5",1.0,1.0,1.0,1.0,1.0,0.6768,1.0,0.7
2026-08-15,8074,ユアサ商事,卸売業,54.6,0.4,除外,0.8875,0.407,0.4558,0.3233,0.6565,0.4627,0.4674,0.4194,0.2787,0.5013,0.3065,0.4156,0.6,0.2273,0.1818,0.6842,0.2,1.0,0.2453,0.3806,1.0,"2,3,4",1.0,1.0,0.5,1.0,0.9422,0.658,1.0,1.0
2026-08-15,8075,神鋼商事,卸売業,53.39,0.2,除外,0.9323,0.5934,0.3243,0.4795,0.3397,0.465,0.4891,0.4194,1.0,0.0,0.764,0.0,0.5333,,0.3636,0.875,0.2,1.0,0.3589,0.0,0.0,"2,3,4,5",1.0,1.0,0.5,1.0,1.0,0.9587,1.0,1.0
2026-08-15,8078,阪和興業,卸売業,64.35,0.6,監視,0.9303,0.4947,0.7022,0.4309,0.6594,0.7332,0.8261,0.4194,0.0,0.8906,0.4756,0.776,0.6667,0.8182,0.3,0.1053,0.5,0.6276,0.4596,0.5501,1.0,"2,4",1.0,1.0,1.0,1.0,1.0,0.7422,1.0,0.7
2026-08-15,8079,正栄食品工業,卸売業,49.48,0.4,除外,0.7912,0.4909,0.6311,0.2169,0.344,0.3052,0.2391,0.4194,1.0,1.0,0.4312,0.4265,0.6667,,0.3455,0.1053,0.2,0.1924,,0.3235,0.5161,"2,4,5",1.0,0.7592,1.0,1.0,0.4322,0.8386,1.0,0.3
2026-08-15,8084,ＲＹＯＤＥＮ,卸売業,53.89,0.4,除外,0.9865,0.6828,0.3314,0.4246,0.2692,0.627,0.6848,0.4194,1.0,0.0,0.6865,0.1725,0.4667,,0.3,0.4737,0.5,0.0759,0.1111,0.0,0.8899,"3,4,5",1.0,1.0,1.0,1.0,1.0,0.8924,1.0,1.0
2026-08-15,8086,ニプロ,精密機器,59.55,0.6,監視,0.9167,0.3868,0.6389,0.3659,0.6691,0.4763,0.2,0.871,0.0,0.5842,0.4563,0.7818,0.7333,0.8636,0.4,0.0,0.2,0.7539,0.4444,0.5875,0.8906,"2,4",1.0,0.8014,1.0,1.0,0.7117,0.8205,1.0,1.0
2026-08-15,8088,岩谷産業,卸売業,54.39,0.2,除外,0.9958,0.3747,0.3533,0.4896,0.5061,0.5358,0.5435,0.4194,0.0,0.262,0.3842,0.1002,0.6667,,0.4794,0.7895,0.2,1.0,0.5449,0.2573,0.2223,"2,3,4,5",1.0,1.0,1.0,1.0,1.0,0.9668,1.0,1.0
2026-08-15,8097,三愛オブリ,卸売業,63.72,0.4,除外,0.824,0.5845,0.481,0.4868,0.8096,0.4619,0.4565,0.4194,1.0,0.4281,0.3642,0.5317,0.6,0.2273,0.2727,0.9474,0.5,1.0,0.5094,0.7291,1.0,"2,3,4",1.0,0.9199,0.5,1.0,0.5556,0.6168,1.0,1.0
2026-08-15,8098,稲畑産業,卸売業,59.45,0.4,除外,0.8954,0.4528,0.5019,0.5154,0.607,0.4732,0.5,0.4194,0.4185,0.5086,0.5843,0.5146,0.4,0.2273,0.7818,0.0526,1.0,1.0,0.1165,0.6558,0.6559,"2,3,4",1.0,1.0,0.5,1.0,0.8885,0.775,1.0,1.0
2026-08-15,8103,明和産業,卸売業,59.83,0.4,除外,0.8563,0.4237,0.5952,0.4163,0.7001,0.5546,0.5978,0.4194,0.123,0.6892,0.3567,0.5348,0.8,0.0,0.4545,0.2105,1.0,1.0,0.1033,0.6972,1.0,"2,3,4",1.0,0.8787,1.0,1.0,1.0,0.6718,1.0,0.3
2026-08-15,8111,ゴールドウイン,繊維製品,12.45,0.0,除外,0.0,0.0,0.1253,0.1382,0.359,,,,,0.1678,0.0,0.0,0.3333,0.0,0.0,0.0526,0.5,1.0,0.3584,0.0,0.0775,"1,2,3,4,5",,,,,,,,
2026-08-15,8113,ユニ・チャーム,化学,41.58,0.2,除外,0.8676,0.0,0.5022,0.4688,0.2405,,,,,0.702,0.2501,0.3902,0.6667,0.2273,0.2727,0.875,0.5,0.6798,0.1885,0.0937,0.0,"2,3,4,5",1.0,0.6099,1.0,1.0,0.5665,0.7644,1.0,1.0
2026-08-15,8117,中央自動車工業,卸売業,56.12,0.2,除外,0.9897,0.5034,0.373,0.3685,0.5716,0.4167,0.3804,0.4194,0.7969,0.4944,0.24,0.0909,0.6667,0.2273,0.9941,0.0526,0.2,0.7219,0.1243,0.4401,1.0,"2,3,4,5",1.0,1.0,1.0,1.0,1.0,0.9175,1.0,1.0
2026-08-15,8125,ワキタ,卸売業,55.66,0.2,除外,0.7981,0.5009,0.4057,0.5682,0.5099,0.3233,0.2609,0.4194,1.0,0.2789,0.4567,0.6208,0.2667,0.1364,0.2364,0.9,1.0,0.6433,0.2445,0.7299,0.4217,"2,3,4,5",1.0,0.6543,0.5,1.0,0.6171,0.6137,1.0,1.0
2026-08-15,8129,東邦ホールディングス,卸売業,18.7,0.0,除外,0.0,0.0,0.1746,0.2781,0.4821,,,,,0.0,0.2282,0.3371,0.1333,0.4545,0.0,0.1579,0.5,0.7982,0.1303,0.0,1.0,"1,2,3,4,5",,,,,,,,
2026-08-15,8130,サンゲツ,卸売業,29.31,0.0,除外,0.0,0.4021,0.3889,0.4068,0.2677,0.2532,0.1957,0.4194,0.7401,0.4216,0.3053,0.5621,0.2667,0.2273,0.0,0.9,0.5,0.3681,0.1228,0.1102,0.4695,"1,2,3,4,5",,,,,,,,
2026-08-15,8133,伊藤忠エネクス,卸売業,59.09,0.2,除外,0.931,0.5262,0.4748,0.578,0.4444,0.4424,0.4239,0.4194,0.8193,0.1266,0.4552,0.7172,0.6,,0.7091,0.825,0.2,0.9508,,0.3825,0.0,"2,3,4,5",1.0,0.7582,1.0,1.0,0.7213,0.9687,1.0,1.0
2026-08-15,8136,サンリオ,卸売業,30.29,0.4,除外,0.0,0.0,0.6636,0.6795,0.1716,,,,,0.6351,0.4505,0.9021,0.6667,,0.3636,0.675,1.0,0.4807,,0.034,0.0,"1,2,5",,,,,,,,
2026-08-15,8137,サンワテクノス,卸売業,49.86,0.2,除外,0.984,0.5,0.3063,0.2018,0.5008,0.7438,0.837,0.4194,0.0,0.0,0.2474,0.5112,0.4667,,0.3,0.1053,0.2,0.7349,0.2679,0.0002,1.0,"2,3,4,5",1.0,1.0,1.0,1.0,1.0,0.8721,1.0,1.0
2026-08-15,8141,新光商事,卸売業,55.01,0.4,除外,0.6997,0.5177,0.4167,0.3475,0.7688,0.7709,0.8804,0.4194,0.0,1.0,0.0,0.0,0.6667,0.6818,0.4029,0.1053,0.2,1.0,0.3667,0.7086,1.0,"2,3,4",1.0,1.0,1.0,0.0,1.0,0.5977,1.0,0.0
2026-08-15,8142,トーホー,卸売業,50.21,0.2,除外,0.8502,0.4895,0.3143,0.3104,0.546,0.5652,0.6304,0.4194,0.343,0.0,0.4167,0.8407,0.0,0.6364,0.3,0.1053,0.2,0.7866,,0.3473,0.5042,"2,3,4,5",1.0,1.0,1.0,1.0,0.8707,0.831,1.0,0.1
2026-08-15,8150,三信電気,卸売業,46.66,0.2,除外,0.7772,0.5237,0.3897,0.3401,0.3022,0.4642,0.4783,0.4194,0.7329,0.171,0.5214,0.0,0.8667,0.0,0.0182,0.8421,0.5,1.0,0.209,0.0,0.0,"2,3,4,5",1.0,0.7187,0.0,1.0,0.8043,0.6947,1.0,1.0
2026-08-15,8151,東陽テクニカ,卸売業,57.07,0.4,除外,0.9218,0.3899,0.3234,0.4716,0.7469,0.5531,0.587,0.4194,0.0,0.7432,0.1502,0.0,0.4,0.8636,0.3647,0.1579,0.5,1.0,0.3836,0.6042,1.0,"2,3,4",1.0,1.0,1.0,1.0,1.0,0.6748,1.0,0.7
2026-08-15,8153,モスフードサービス,卸売業,27.71,0.0,除外,0.0,0.3988,0.4168,0.0841,0.4861,0.2389,0.1848,0.4194,0.752,0.6171,0.3074,0.4092,0.3333,0.1364,0.0,0.0,0.2,0.6198,0.1643,0.1604,1.0,"1,2,3,4,5",,,,,,,,
2026-08-15,8154,加賀電子,卸売業,61.65,0.4,除外,0.994,0.4895,0.7336,0.3988,0.4665,0.7234,0.8152,0.4194,0.0,1.0,0.4235,0.8442,0.6667,0.8636,0.3735,0.1579,0.2,0.5909,0.4593,0.0,0.8158,"2,4,5",1.0,1.0,1.0,1.0,1.0,0.9522,1.0,1.0
2026-08-15,8160,木曽路,小売業,22.87,0.0,除外,0.0,0.392,0.259,0.1104,0.3824,0.2381,0.4912,0.0645,0.7741,0.0071,0.3582,0.4706,0.2,0.1364,0.0,0.1053,0.2,0.3951,0.1445,0.0033,0.9867,"1,2,3,4,5",,,,,,,,
2026-08-15,8163,ＳＲＳホールディングス,小売業,43.86,0.2,除外,0.9565,0.4756,0.2108,0.4307,0.1196,0.2766,0.5614,0.0645,1.0,0.0,0.3765,0.0,0.4667,0.0,0.4727,0.75,0.5,0.0268,0.4515,0.0,0.0,"2,3,4,5",1.0,1.0,1.0,1.0,0.9507,0.7015,1.0,1.0
2026-08-15,8173,上新電機,小売業,52.56,0.4,除外,0.9902,0.6644,0.4817,0.2087,0.2829,0.6722,0.9211,0.0645,1.0,0.5493,0.4365,0.6075,0.3333,,0.3735,0.0526,0.2,0.0,0.5011,0.0,0.6304,"3,4,5",1.0,1.0,1.0,1.0,1.0,0.9216,1.0,1.0
2026-08-15,8174,日本瓦斯,小売業,39.88,0.2,除外,0.1945,0.3522,0.7592,0.1331,0.555,0.306,0.6228,0.0645,0.4157,0.9577,0.353,0.9928,0.7333,0.2273,0.0,0.1053,0.2,0.8864,0.1147,0.27,0.949,"1,2,4,5",0.0,0.6824,0.0,0.0,0.2079,0.5655,0.0,0.1
2026-08-15,8179,ロイヤルホールディングス,小売業,31.64,0.2,除外,0.0,0.0,0.7083,0.366,0.5079,,,,,1.0,0.5093,0.9238,0.4,0.2273,0.0,0.7368,0.5,0.6504,0.1083,0.273,1.0,"1,2,4,5",,,,,,,,
2026-08-15,8185,チヨダ,小売業,21.52,0.2,除外,0.0,0.0,0.2865,0.0859,0.7038,,,,,0.0,0.2905,0.522,0.3333,0.0909,0.0,0.0526,0.2,1.0,0.1318,0.6835,1.0,"1,2,3,4",,,,,,,,
2026-08-15,8194,ライフコーポレーション,小売業,39.61,0.2,除外,0.7277,0.2777,0.4417,0.0972,0.4363,0.3534,0.693,0.0645,0.0,0.6778,0.1304,0.6254,0.3333,0.1364,0.0,0.0526,0.2,0.1725,0.1239,0.4489,1.0,"2,3,4,5",1.0,0.5303,0.5,1.0,0.353,0.738,1.0,0.7
2026-08-15,8200,リンガーハット,小売業,35.88,0.2,除外,0.6352,0.412,0.4324,0.1927,0.1219,0.2065,0.3772,0.0645,1.0,0.0836,0.5151,0.8641,0.2667,,0.2727,0.1053,0.2,0.0,,0.1644,0.2012,"2,3,4,5",1.0,0.5592,0.0,1.0,0.4384,0.7842,1.0,0.3
2026-08-15,8214,ＡＯＫＩホールディングス,小売業,29.78,0.0,除外,0.0,0.3857,0.295,0.3563,0.452,0.22,0.4386,0.0645,0.8195,0.0,0.2559,0.324,0.6,0.0,0.0,0.925,0.5,1.0,0.1299,0.6782,0.0,"1,2,3,4,5",,,,,,,,
2026-08-15,8218,コメリ,小売業,49.92,0.2,除外,0.9738,0.5667,0.3507,0.5335,0.0713,0.4416,0.7632,0.0645,0.9975,0.0,0.4688,0.2673,0.6667,,0.9794,0.4211,0.2,0.2138,,0.0,0.0,"2,3,4,5",1.0,1.0,1.0,1.0,0.9283,0.8622,1.0,1.0
2026-08-15,8219,青山商事,小売業,30.16,0.2,除外,0.0,0.0,0.5689,0.304,0.6352,,,,,0.6254,0.334,0.6495,0.6667,0.0909,0.0,0.925,0.2,1.0,0.1396,0.4012,1.0,"1,2,3,4",,,,,,,,
2026-08-15,8227,しまむら,小売業,22.92,0.2,除外,0.0,0.0,0.6157,0.125,0.4051,,,,,0.5747,0.4783,0.8764,0.5333,0.0,0.0,0.0,0.5,0.2303,0.1401,0.4453,0.8047,"1,2,4,5",,,,,,,,
2026-08-15,8233,高島屋,小売業,52.7,0.4,除外,0.8177,0.7379,0.4473,0.4242,0.2081,0.887,1.0,0.0645,1.0,0.7527,0.3782,0.6584,0.0,1.0,0.4441,0.0526,0.2,0.0,0.4388,0.3934,0.0,"3,4,5",1.0,1.0,1.0,1.0,1.0,0.5419,1.0,0.0
2026-08-15,8237,松屋,小売業,62.63,0.6,監視,0.8257,0.7025,0.6862,0.3545,0.5625,0.7807,0.9649,0.0645,1.0,0.6403,0.6877,0.6833,0.7333,0.1818,0.0364,0.7,0.5,0.906,0.2246,0.1195,1.0,"4,5",1.0,1.0,0.5,1.0,1.0,0.1054,1.0,1.0
2026-08-15,8242,エイチ・ツー・オー　リテイリング,小売業,58.59,0.4,除外,0.8905,0.6611,0.3626,0.5123,0.5029,0.6677,0.9123,0.0645,1.0,0.307,0.4151,0.3952,0.3333,1.0,0.7441,0.1053,0.2,0.6095,,0.8993,0.0,"3,4,5",1.0,1.0,1.0,1.0,1.0,0.8237,1.0,0.3
2026-08-15,8252,丸井グループ,小売業,25.93,0.0,除外,0.0,0.0,0.5818,0.1513,0.5632,,,,,0.5838,0.5114,0.632,0.6,0.0,0.0,0.1053,0.5,0.8955,0.0999,0.2573,1.0,"1,2,3,4,5",,,,,,,,
2026-08-15,8253,クレディセゾン,その他金融業,57.95,0.4,除外,0.9834,0.5676,0.6056,0.2932,0.4479,0.4476,0.5,0.3226,1.0,0.7595,0.4415,0.8216,0.4,0.2273,0.7455,0.0,0.2,0.772,0.1273,0.8923,0.0,"2,4,5",1.0,1.0,1.0,1.0,0.9872,0.8798,1.0,1.0
2026-08-15,8255,アクシアル　リテイリング,小売業,47.95,0.2,除外,0.7532,0.4672,0.3841,0.2109,0.5822,0.269,0.5351,0.0645,1.0,0.4146,0.3574,0.4309,0.3333,0.2273,0.3636,0.0526,0.2,0.7766,0.1099,0.4421,1.0,"2,3,4,5",1.0,0.7538,0.5,1.0,0.7664,0.7057,1.0,0.3
2026-08-15,8267,イオン,小売業,25.83,0.2,除外,0.0,0.0,0.3644,0.2895,0.6376,,,,,0.1987,0.3426,0.783,0.1333,0.0,0.0,0.1579,1.0,0.6237,0.1375,0.789,1.0,"1,2,3,4",,,,,,,,
2026-08-15,8273,イズミ,小売業,31.33,0.2,除外,0.0,0.0,0.8331,0.2145,0.5189,,,,,1.0,0.4412,0.9579,0.9333,0.5,0.0,0.1579,0.2,0.4818,0.1886,0.4053,1.0,"1,2,4,5",,,,,,,,
2026-08-15,8276,平和堂,小売業,21.95,0.0,除外,0.0,0.0,0.2936,0.3078,0.496,,,,,0.0,0.6409,0.0,0.5333,0.1364,0.0,0.8947,0.2,0.4684,0.165,0.3508,1.0,"1,2,3,4,5",,,,,,,,
2026-08-15,8278,フジ,小売業,29.18,0.0,除外,0.3648,0.1644,0.1823,0.1882,0.5595,0.2072,0.386,0.0645,0.0,0.2455,0.1338,0.2164,0.1333,0.5,0.0,0.0526,0.2,0.4125,0.3027,0.5228,1.0,"1,2,3,4,5",0.0,0.5146,0.5,1.0,0.1574,0.4465,0.0,0.3
2026-08-15,8282,ケーズホールディングス,小売業,51.68,0.2,除外,0.9171,0.3435,0.4162,0.3428,0.5646,0.4936,0.8158,0.0645,0.0,0.3967,0.4061,0.4619,0.4,0.8182,0.3529,0.0,0.2,0.5492,0.4708,0.2385,1.0,"2,3,4,5",1.0,1.0,1.0,1.0,1.0,0.6371,1.0,0.7
2026-08-15,8283,ＰＡＬＴＡＣ,卸売業,66.43,0.4,除外,0.7963,0.5054,0.5333,0.4867,1.0,0.7543,0.8478,0.4194,0.0,1.0,0.3333,0.0,0.8,,0.9971,0.2632,0.2,1.0,,1.0,1.0,"2,3,4",1.0,1.0,1.0,0.0,1.0,0.9701,1.0,0.4
2026-08-15,8304,あおぞら銀行,銀行業,53.78,0.4,除外,0.9988,0.6604,0.2178,0.5569,0.2553,0.5961,0.0455,1.0,1.0,0.04,0.3047,0.5267,0.0,,0.6206,0.85,0.2,0.7659,,0.0,0.0,"3,4,5",1.0,1.0,1.0,1.0,1.0,0.9902,1.0,1.0
2026-08-15,8306,三菱ＵＦＪフィナンシャル・グループ,銀行業,55.15,0.4,除外,0.8745,0.7306,0.513,0.2276,0.4119,0.8011,0.1212,1.0,1.0,0.4552,0.4135,0.7832,0.4,0.2,0.3,0.2105,0.2,0.393,,0.605,0.2378,"3,4,5",1.0,1.0,1.0,1.0,1.0,0.6957,1.0,0.3
2026-08-15,8308,りそなホールディングス,銀行業,56.45,0.4,除外,0.8873,0.7258,0.4438,0.2013,0.5643,0.7973,0.1061,1.0,1.0,0.3622,0.28,0.7994,0.3333,0.2,0.3,0.1053,0.2,0.6438,0.1111,0.541,0.9613,"3,4,5",1.0,1.0,1.0,1.0,1.0,0.7986,1.0,0.3
2026-08-15,8309,三井住友トラストグループ,銀行業,59.47,0.4,除外,0.9004,0.7181,0.5893,0.2368,0.5288,0.7815,0.0909,1.0,1.0,0.7995,0.2323,0.9919,0.3333,,0.3,0.2105,0.2,0.6337,,0.8626,0.09,"3,4,5",1.0,1.0,1.0,1.0,1.0,0.9029,1.0,0.3
2026-08-15,8316,三井住友フィナンシャルグループ,銀行業,58.89,0.4,除外,0.847,0.7709,0.5628,0.2145,0.5495,0.841,0.2424,1.0,1.0,0.6823,0.3121,0.9235,0.3333,0.2,0.3,0.1579,0.2,0.532,,0.5125,0.6041,"3,4,5",1.0,1.0,1.0,1.0,1.0,0.6756,1.0,0.1
2026-08-15,8331,千葉銀行,銀行業,57.15,0.4,除外,0.8891,0.8221,0.3511,0.2539,0.541,0.8794,0.4091,1.0,1.0,0.4581,0.2126,0.6002,0.1333,0.2,0.3,0.3158,0.2,0.4885,,0.7287,0.4058,"3,4,5",1.0,1.0,1.0,1.0,1.0,0.8132,1.0,0.3
2026-08-15,8334,群馬銀行,銀行業,58.47,0.4,除外,0.9836,0.8178,0.4086,0.1842,0.5293,0.8772,0.3939,1.0,1.0,0.3346,0.2435,0.5896,0.4667,,0.3,0.0526,0.2,0.8292,,0.7586,0.0,"3,4,5",1.0,1.0,1.0,1.0,1.0,0.8691,1.0,1.0
2026-08-15,8336,武蔵野銀行,銀行業,62.23,0.6,監視,0.878,0.8878,0.6808,0.2408,0.4243,0.9148,0.6364,1.0,1.0,0.7729,0.3967,0.9537,0.6,0.2,0.3,0.2632,0.2,0.4195,,0.4133,0.44,"4,5",1.0,1.0,1.0,1.0,1.0,0.7241,1.0,0.3
2026-08-15,8337,千葉興業銀行,銀行業,64.36,0.6,監視,0.8817,0.8655,0.737,0.2738,0.4599,0.9013,0.5606,1.0,1.0,1.0,0.4662,0.8154,0.6667,0.2,0.3794,0.3158,0.2,0.4653,,0.6439,0.2705,"4,5",1.0,1.0,1.0,1.0,1.0,0.7534,1.0,0.3
2026-08-15,8338,筑波銀行,銀行業,56.05,0.4,除外,0.9584,0.7038,0.4153,0.2071,0.518,0.9359,0.8182,1.0,0.0609,0.3441,0.486,0.3646,0.4667,0.1818,0.3941,0.0526,0.2,0.4672,0.1191,0.4858,1.0,"3,4,5",1.0,1.0,1.0,1.0,1.0,0.6671,1.0,1.0
2026-08-15,8341,七十七銀行,銀行業,56.57,0.4,除外,0.9885,0.8481,0.3856,0.2018,0.4046,0.8922,0.5,1.0,1.0,0.2427,0.4653,0.3678,0.4667,,0.3,0.1053,0.2,0.6554,,0.5585,0.0,"3,4,5",1.0,1.0,1.0,1.0,1.0,0.9079,1.0,1.0
2026-08-15,8343,秋田銀行,銀行業,53.36,0.4,除外,0.9919,0.8791,0.2147,0.3083,0.2741,0.9103,0.6061,1.0,1.0,0.0,0.39,0.4022,0.0667,,0.3,0.425,0.2,0.4024,,0.3127,0.1072,"3,4,5",1.0,1.0,1.0,1.0,1.0,0.9352,1.0,1.0
2026-08-15,8344,山形銀行,銀行業,54.98,0.4,除外,0.9841,0.9126,0.4055,0.1513,0.2956,0.9231,0.7273,1.0,1.0,0.1207,0.445,0.5229,0.5333,0.0,0.3,0.1053,0.2,0.0,0.1957,0.48,0.5066,"3,4,5",1.0,1.0,1.0,1.0,1.0,0.8725,1.0,1.0
2026-08-15,8345,岩手銀行,銀行業,58.78,0.4,除外,0.9748,0.9522,0.3619,0.325,0.325,0.945,0.8636,1.0,1.0,0.2536,0.1218,0.7387,0.3333,0.0,0.3,0.5,0.5,0.7775,,0.1976,0.0,"3,4,5",1.0,1.0,1.0,1.0,1.0,0.7987,1.0,1.0
2026-08-15,8346,東邦銀行,銀行業,55.34,0.4,除外,0.9843,0.9166,0.2285,0.3917,0.2458,0.9239,0.7424,1.0,1.0,0.0,0.2671,0.5136,0.1333,,0.3,0.375,0.5,0.4974,,0.1885,0.0514,"3,4,5",1.0,1.0,1.0,1.0,1.0,0.8747,1.0,1.0
2026-08-15,8354,ふくおかフィナンシャルグループ,銀行業,52.73,0.4,除外,0.8778,0.7669,0.2908,0.2706,0.4303,0.8402,0.2273,1.0,1.0,0.3601,0.2409,0.429,0.1333,0.2,0.3824,0.0,0.5,0.587,,0.7039,0.0,"3,4,5",1.0,1.0,1.0,1.0,1.0,0.7227,1.0,0.3
2026-08-15,8358,スルガ銀行,銀行業,55.73,0.4,除外,0.9989,0.7756,0.4252,0.1842,0.4025,0.8448,0.2576,1.0,1.0,0.2525,0.4883,0.4933,0.4667,,0.3,0.0526,0.2,0.7774,0.1178,0.7147,0.0,"3,4,5",1.0,1.0,1.0,1.0,1.0,0.9913,1.0,1.0
2026-08-15,8359,八十二銀行,銀行業,62.23,0.6,監視,0.8819,0.8522,0.2809,0.3289,0.7674,0.8937,0.5152,1.0,1.0,0.3729,0.2058,0.4115,0.1333,0.2,0.3,0.3158,0.5,0.7995,,0.5922,0.9105,"3,4",1.0,1.0,1.0,1.0,1.0,0.7555,1.0,0.3
2026-08-15,8360,山梨中央銀行,銀行業,56.36,0.4,除外,0.9745,0.9302,0.4476,0.2013,0.2645,0.9329,0.7879,1.0,1.0,0.2213,0.4031,0.8992,0.2667,0.2,0.3,0.1053,0.2,0.3829,,0.4105,0.0,"3,4,5",1.0,1.0,1.0,1.0,1.0,0.7961,1.0,1.0
2026-08-15,8361,大垣共立銀行,銀行業,50.59,0.4,除外,0.706,0.7447,0.4546,0.2539,0.3705,0.9683,0.9697,1.0,0.0408,0.2207,0.3483,0.7827,0.4667,0.2,0.3,0.3158,0.2,0.1992,0.1111,0.1718,1.0,"3,4,5",1.0,1.0,1.0,0.0,1.0,0.548,1.0,0.1
2026-08-15,8362,福井銀行,銀行業,70.55,0.6,監視,0.9801,0.9927,0.7452,0.2889,0.5206,0.9706,1.0,1.0,1.0,1.0,0.3999,0.9142,0.6667,0.2,0.4029,0.0526,0.5,0.1898,0.2222,0.6706,1.0,"4,5",1.0,1.0,1.0,1.0,1.0,0.8405,1.0,1.0
2026-08-15,8366,滋賀銀行,銀行業,48.87,0.4,除外,0.8176,0.9046,0.2603,0.3539,0.1069,0.9216,0.697,1.0,1.0,0.0,0.1706,0.8705,0.0,0.6,0.3,0.3158,0.2,0.0,0.1111,0.3166,0.0,"3,4,5",1.0,1.0,1.0,1.0,1.0,0.441,1.0,0.1
2026-08-15,8367,南都銀行,銀行業,55.35,0.4,除外,0.7191,0.8744,0.4142,0.2539,0.506,0.9066,0.5909,1.0,1.0,0.0247,0.2461,0.8526,0.5333,0.2,0.3,0.3158,0.2,0.518,,0.0,1.0,"3,4,5",1.0,1.0,1.0,0.0,1.0,0.6532,1.0,0.1
2026-08-15,8368,百五銀行,銀行業,61.43,0.4,除外,0.9695,0.9634,0.4577,0.2018,0.4791,0.957,0.9394,1.0,0.9573,0.3382,0.3032,0.7228,0.4667,,0.3,0.1053,0.2,0.4577,0.1111,0.3475,1.0,"3,4,5",1.0,1.0,1.0,1.0,1.0,0.7557,1.0,1.0
2026-08-15,8370,紀陽銀行,銀行業,58.78,0.6,監視,0.8846,0.7616,0.4645,0.175,0.6534,0.8342,0.2121,1.0,1.0,0.2072,0.4402,0.8771,0.3333,0.2,0.3,0.0,0.2,0.744,,0.5756,0.6405,"3,4",1.0,1.0,1.0,1.0,1.0,0.7764,1.0,0.3
2026-08-15,8377,ほくほくフィナンシャルグループ,銀行業,55.03,0.4,除外,0.9829,0.9563,0.3331,0.1513,0.3279,0.9465,0.8788,1.0,1.0,0.0,0.2582,0.6077,0.4667,0.0,0.3,0.1053,0.2,0.4562,,0.5276,0.0,"3,4,5",1.0,1.0,1.0,1.0,1.0,0.8634,1.0,1.0
2026-08-15,8381,山陰合同銀行,銀行業,61.86,0.6,監視,0.9782,0.8091,0.6661,0.2007,0.4391,0.8726,0.3636,1.0,1.0,0.7752,0.3567,0.8657,0.6667,0.2,0.4029,0.0,0.2,0.3564,,0.7759,0.1849,"4,5",1.0,1.0,1.0,1.0,1.0,0.8257,1.0,1.0
2026-08-15,8386,百十四銀行,銀行業,61.38,0.4,除外,0.9717,0.926,0.4505,0.3438,0.3773,0.9314,0.7727,1.0,1.0,0.2893,0.3566,0.6894,0.4667,0.2,0.3,0.675,0.2,0.7435,,0.3883,0.0,"3,4,5",1.0,1.0,1.0,1.0,1.0,0.7733,1.0,1.0
2026-08-15,8387,四国銀行,銀行業,55.16,0.4,除外,0.9567,0.9605,0.3004,0.3176,0.2229,0.948,0.8939,1.0,1.0,0.1375,0.2254,0.5054,0.3333,0.0,0.3706,0.7,0.2,0.4072,,0.2614,0.0,"3,4,5",1.0,1.0,1.0,1.0,1.0,0.6534,1.0,1.0
2026-08-15,8388,阿波銀行,銀行業,54.04,0.4,除外,0.9878,0.9425,0.2896,0.3,0.1819,0.9367,0.8333,1.0,1.0,0.0,0.2096,0.549,0.4,,0.3,0.4,0.2,0.4437,,0.102,0.0,"3,4,5",1.0,1.0,1.0,1.0,1.0,0.902,1.0,1.0
2026-08-15,8392,大分銀行,銀行業,63.73,0.6,監視,0.9562,0.9885,0.6437,0.2013,0.3966,0.9691,0.9848,1.0,1.0,0.9022,0.1942,0.9449,0.5333,0.2,0.3,0.1053,0.2,0.6491,,0.3084,0.2322,"4,5",1.0,1.0,1.0,1.0,1.0,0.6498,1.0,1.0
2026-08-15,8393,宮崎銀行,銀行業,61.16,0.4,除外,0.9526,0.9785,0.5986,0.2013,0.327,0.9593,0.9545,1.0,1.0,0.5825,0.3349,0.8104,0.6667,0.2,0.3,0.1053,0.2,0.6365,,0.3445,0.0,"3,4,5",1.0,1.0,1.0,1.0,1.0,0.6208,1.0,1.0
2026-08-15,8395,佐賀銀行,銀行業,52.92,0.4,除外,0.9817,0.892,0.2883,0.1779,0.3061,0.9164,0.6515,1.0,1.0,0.0054,0.2645,0.4166,0.4667,0.2,0.3118,0.0,0.2,0.4835,,0.4347,0.0,"3,4,5",1.0,1.0,1.0,1.0,1.0,0.8533,1.0,1.0
2026-08-15,8399,琉球銀行,銀行業,63.97,0.4,除外,0.9888,0.8836,0.5303,0.5333,0.2626,0.9133,0.6212,1.0,1.0,0.5918,0.2784,0.9175,0.3333,,0.3,0.8,0.5,0.5796,,0.2083,0.0,"3,4,5",1.0,1.0,1.0,1.0,1.0,0.9101,1.0,1.0
2026-08-15,8410,セブン銀行,銀行業,49.82,0.2,除外,0.9249,0.5939,0.319,0.5833,0.0697,0.3451,0.0303,1.0,1.0,0.0,0.5293,0.3467,0.4,,0.4,0.85,0.5,0.2091,,0.0,0.0,"2,3,4,5",1.0,0.9863,0.5,1.0,0.9129,1.0,1.0,1.0
2026-08-15,8411,みずほフィナンシャルグループ,銀行業,62.98,0.6,監視,0.9702,0.8305,0.5353,0.175,0.638,0.8824,0.4394,1.0,1.0,0.5499,0.3216,0.8697,0.4,0.2,0.3,0.0,0.2,0.6657,,0.5761,0.6724,"3,4",1.0,1.0,1.0,1.0,1.0,0.7618,1.0,1.0
2026-08-15,8418,山口フィナンシャルグループ,銀行業,65.2,0.8,本命,0.8851,0.7805,0.689,0.2734,0.6322,0.8493,0.2727,1.0,1.0,0.7343,0.3662,0.9888,0.6667,0.2,0.5882,0.1053,0.2,0.6198,,0.6154,0.6615,4,1.0,1.0,1.0,1.0,1.0,0.7806,1.0,0.3
2026-08-15,8424,芙蓉総合リース,その他金融業,45.0,0.2,除外,0.6996,0.4017,0.5582,0.2586,0.3321,0.3436,0.4,0.3226,0.5405,0.4024,0.449,0.7813,0.6,0.2273,0.2545,0.0526,0.5,0.7828,0.1395,0.4059,0.0,"2,3,4,5",1.0,0.5732,0.5,1.0,0.3874,0.8364,1.0,0.3
2026-08-15,8425,みずほリース,その他金融業,48.94,0.4,除外,0.6037,0.3652,0.4747,0.3173,0.6859,0.4665,0.6,0.3226,0.0719,0.2605,0.7504,0.7545,0.1333,0.2273,0.0,0.8421,0.2,1.0,0.1389,0.6046,1.0,"2,3,4",0.0,0.6476,0.5,1.0,0.6906,0.4916,0.5,1.0
2026-08-15,8439,東京センチュリー,その他金融業,53.95,0.6,監視,0.7198,0.7382,0.293,0.28,0.6667,0.7302,0.9,0.3226,1.0,0.0878,0.2099,0.4742,0.4,0.2,0.3147,0.1053,0.5,1.0,,0.0,1.0,"3,4",1.0,1.0,1.0,0.0,1.0,0.6587,1.0,0.1
2026-08-15,8473,ＳＢＩホールディングス,証券、商品先物取引業,22.61,0.0,除外,0.0,0.2817,0.3934,0.2039,0.2515,0.3753,0.3,0.4516,0.0,0.2086,0.3878,0.9105,0.0667,0.0,0.0,0.3158,0.5,0.3112,0.2735,0.136,0.2854,"1,2,3,4,5",,,,,,,,
2026-08-15,8508,Ｊトラスト,その他金融業,60.24,0.6,監視,0.9496,0.7818,0.3151,0.263,0.7023,0.8546,0.95,0.3226,1.0,0.0,0.6604,0.0,0.6,0.0,0.6941,0.1579,0.2,0.6622,,0.4447,1.0,"3,4",1.0,1.0,1.0,1.0,1.0,0.5969,1.0,1.0
2026-08-15,8511,日本証券金融,その他金融業,51.96,0.4,除外,0.9975,0.6546,0.1806,0.297,0.4684,0.5931,0.8,0.3226,0.9028,0.0,0.3983,0.3241,0.0,,0.6382,0.0526,0.2,0.8655,,0.4189,0.1209,"3,4,5",1.0,1.0,1.0,1.0,1.0,0.9796,1.0,1.0
2026-08-15,8522,名古屋銀行,銀行業,56.34,0.4,除外,0.8717,0.9086,0.4162,0.2408,0.3795,0.9224,0.7121,1.0,1.0,0.4389,0.3018,0.524,0.4,0.2,0.3,0.2632,0.2,0.596,,0.5425,0.0,"3,4,5",1.0,1.0,1.0,1.0,1.0,0.6738,1.0,0.3
2026-08-15,8524,北洋銀行,銀行業,59.28,0.6,監視,0.9766,0.8042,0.6602,0.2842,0.2391,0.8681,0.3485,1.0,1.0,0.9348,0.4436,0.7956,0.4667,,0.3,0.0526,0.5,0.1139,,0.6033,0.0,"4,5",1.0,1.0,1.0,1.0,1.0,0.8131,1.0,1.0
2026-08-15,8541,愛媛銀行,銀行業,57.13,0.4,除外,0.9741,0.8568,0.5181,0.4495,0.0581,0.8968,0.5303,1.0,1.0,0.0,0.7731,0.8994,0.4,,0.4235,0.725,0.2,0.1742,,0.0,0.0,"3,4,5",1.0,1.0,1.0,1.0,1.0,0.7926,1.0,1.0
2026-08-15,8544,京葉銀行,銀行業,54.06,0.4,除外,0.7257,0.9342,0.2218,0.2276,0.594,0.9337,0.803,1.0,1.0,0.0272,0.3438,0.5161,0.0,0.2,0.3,0.2105,0.2,0.4183,,0.4201,0.9437,"3,4,5",1.0,1.0,1.0,0.0,1.0,0.5053,1.0,0.3
2026-08-15,8550,栃木銀行,銀行業,51.33,0.4,除外,0.9729,0.7784,0.4229,0.1882,0.2043,0.9186,0.6667,1.0,0.5283,0.1151,0.547,0.5627,0.4667,0.2,0.3,0.0526,0.2,0.4276,0.1175,0.2723,0.0,"3,4,5",1.0,1.0,1.0,1.0,1.0,0.7836,1.0,1.0
2026-08-15,8558,東和銀行,銀行業,52.43,0.4,除外,0.6914,0.6009,0.3702,0.4039,0.5548,0.8199,0.1667,1.0,0.417,0.2854,0.0492,0.8129,0.3333,0.8,0.3,0.3158,0.2,0.047,0.4444,0.7278,1.0,"3,4,5",1.0,1.0,1.0,0.0,1.0,0.5312,1.0,0.0
2026-08-15,8566,リコーリース,その他金融業,53.05,0.4,除外,0.8668,0.6339,0.4739,0.3502,0.3277,0.5132,0.7,0.3226,1.0,0.3073,0.2148,0.9069,0.4667,,0.7455,0.1053,0.2,0.6609,,0.3222,0.0,"3,4,5",1.0,1.0,1.0,1.0,0.7565,0.8776,1.0,0.3
2026-08-15,8570,イオンフィナンシャルサービス,その他金融業,47.66,0.2,除外,0.8028,0.3743,0.5776,0.1968,0.4313,0.4506,0.55,0.3226,0.1739,0.5517,0.4253,0.6002,0.7333,0.1818,0.0,0.1053,0.5,0.7967,0.1754,0.6516,0.1015,"2,3,4,5",1.0,0.7249,0.5,1.0,0.6845,0.513,1.0,1.0
2026-08-15,8572,アコム,その他金融業,51.21,0.4,除外,0.6097,0.4939,0.5359,0.3158,0.605,0.3768,0.45,0.3226,0.8263,0.6728,0.2477,0.8899,0.3333,0.0,0.0,0.2632,1.0,1.0,0.1695,0.8182,0.4325,"2,3,4",1.0,0.6029,0.5,1.0,0.389,0.5857,0.5,0.3
2026-08-15,8584,ジャックス,その他金融業,32.23,0.4,除外,0.0,0.0,0.606,0.3594,0.6462,,,,,0.9551,0.3218,0.8135,0.3333,0.2273,0.0,0.2105,1.0,1.0,0.1051,0.4796,1.0,"1,2,4",,,,,,,,
2026-08-15,8585,オリエントコーポレーション,その他金融業,30.43,0.4,除外,0.0,0.0,0.8174,0.099,0.605,,,,,1.0,0.5955,0.9408,0.7333,0.0909,0.0,0.1053,0.2,1.0,0.1176,0.3023,1.0,"1,2,4",,,,,,,,
2026-08-15,8591,オリックス,その他金融業,60.52,0.6,監視,0.7575,0.6868,0.4844,0.2599,0.8373,0.8757,1.0,0.3226,0.5491,0.5993,0.2581,0.6801,0.4,0.2,0.3765,0.2632,0.2,0.76,,0.7519,1.0,"3,4",1.0,1.0,1.0,0.0,1.0,0.7596,1.0,0.3
2026-08-15,8593,三菱ＨＣキャピタル,その他金融業,51.04,0.4,除外,0.7197,0.6534,0.4285,0.2154,0.5351,0.5411,0.75,0.3226,1.0,0.6486,0.2016,0.5306,0.3333,0.2273,0.3818,0.0526,0.2,0.9902,0.136,0.3365,0.6776,"3,4,5",1.0,1.0,0.5,1.0,0.8579,0.5997,0.5,0.3
2026-08-15,8595,ジャフコ　グループ,証券、商品先物取引業,20.23,0.2,除外,0.0,0.0,0.6774,0.174,0.1601,,,,,0.5966,0.5799,0.9999,0.5333,0.0909,0.0,0.1053,0.5,0.1429,0.1059,0.3914,0.0,"1,2,4,5",,,,,,,,
2026-08-15,8600,トモニホールディングス,銀行業,54.3,0.4,除外,0.9777,0.7137,0.3587,0.4125,0.2521,0.7792,0.0758,1.0,1.0,0.0,0.4723,0.5626,0.4,0.0,0.3,0.85,0.5,0.6637,,0.0926,0.0,"3,4,5",1.0,1.0,1.0,1.0,1.0,0.8219,1.0,1.0
2026-08-15,8601,大和証券グループ本社,証券、商品先物取引業,56.19,0.4,除外,0.8884,0.7999,0.5345,0.2534,0.3333,0.798,0.95,0.4516,1.0,0.3693,0.3264,0.8424,0.6,0.2,0.4029,0.2105,0.2,0.5047,0.1111,0.7174,0.0,"3,4,5",1.0,1.0,1.0,1.0,1.0,0.8073,1.0,0.3
2026-08-15,8604,野村ホールディングス,証券、商品先物取引業,56.59,0.4,除外,0.8891,0.7776,0.5832,0.2657,0.3137,0.7589,0.9,0.4516,1.0,0.4647,0.3984,0.9365,0.5333,0.2,0.3471,0.3158,0.2,0.3282,,0.6128,0.0,"3,4,5",1.0,1.0,1.0,1.0,1.0,0.813,1.0,0.3
2026-08-15,8609,岡三証券グループ,証券、商品先物取引業,59.93,0.4,除外,0.9872,0.722,0.5379,0.4843,0.2652,0.6865,0.75,0.4516,1.0,0.2511,0.5527,0.8145,0.5333,,0.4529,0.5,0.5,0.6277,,0.1679,0.0,"3,4,5",1.0,1.0,1.0,1.0,1.0,0.8975,1.0,1.0
2026-08-15,8613,丸三証券,証券、商品先物取引業,59.96,0.6,監視,1.0,0.6122,0.4529,0.7961,0.1369,0.4974,0.5,0.4516,1.0,0.0,0.451,0.8272,0.5333,,0.6382,0.75,1.0,0.4106,,0.0,0.0,"3,5",1.0,1.0,1.0,1.0,1.0,1.0,1.0,1.0
2026-08-15,8614,東洋証券,証券、商品先物取引業,54.11,0.6,監視,0.7951,0.6433,0.3479,0.3068,0.6123,0.5215,0.6,0.4516,1.0,0.0,0.4841,0.6409,0.2667,0.2273,0.0,0.0,1.0,0.7031,0.1242,0.622,1.0,"3,4",1.0,1.0,0.5,1.0,1.0,0.3608,0.5,1.0
2026-08-15,8616,東海東京フィナンシャル・ホールディングス,証券、商品先物取引業,62.15,0.6,監視,0.9946,0.7578,0.7147,0.3432,0.2972,0.7295,0.85,0.4516,1.0,0.6805,0.6819,0.8963,0.6,0.2273,0.3706,0.575,0.2,0.3727,0.1796,0.6363,0.0,"4,5",1.0,1.0,1.0,1.0,1.0,0.9566,1.0,1.0
2026-08-15,8622,水戸証券,証券、商品先物取引業,56.07,0.4,除外,1.0,0.5788,0.3179,0.8225,0.0844,0.4635,0.4,0.4516,1.0,0.0,0.6376,0.3006,0.3333,,0.7176,0.75,1.0,0.2532,,0.0,0.0,"2,3,5",1.0,1.0,1.0,1.0,1.0,1.0,1.0,1.0
2026-08-15,8628,松井証券,証券、商品先物取引業,49.54,0.4,除外,0.9009,0.7088,0.409,0.307,0.1514,0.6835,0.7,0.4516,1.0,0.0,0.3949,0.9076,0.3333,0.2,0.6176,0.2105,0.2,0.382,,0.0723,0.0,"3,4,5",1.0,1.0,1.0,1.0,1.0,0.9074,1.0,0.3
2026-08-15,8630,ＳＯＭＰＯホールディングス,保険業,63.32,0.4,除外,0.9727,0.7722,0.5743,0.4206,0.4265,0.6895,0.625,0.7742,1.0,0.638,0.2101,0.9824,0.4667,,0.6618,0.4,0.2,1.0,,0.2795,0.0,"3,4,5",1.0,1.0,1.0,1.0,1.0,0.7816,1.0,1.0
2026-08-15,8697,日本取引所グループ,その他金融業,66.81,0.6,監視,0.9926,0.7119,0.6658,0.3714,0.5986,0.6752,0.85,0.3226,1.0,0.6708,0.4293,0.9632,0.6,,0.8088,0.1053,0.2,0.5311,,0.8562,0.4085,"4,5",1.0,1.0,1.0,1.0,1.0,0.9407,1.0,1.0
2026-08-15,8698,マネックスグループ,証券、商品先物取引業,24.86,0.0,除外,0.0,0.4739,0.5651,0.2039,0.0,0.2442,0.2,0.4516,1.0,0.2905,0.6642,0.9055,0.4,0.0,0.0,0.3158,0.5,0.0,,0.0,0.0,"1,2,3,4,5",,,,,,,,
2026-08-15,8706,極東証券,証券、商品先物取引業,52.89,0.2,除外,0.9023,0.5109,0.5108,0.4074,0.3129,0.3421,0.25,0.4516,1.0,0.0476,0.4904,0.972,0.5333,0.2273,0.3273,0.875,0.2,0.51,0.1774,0.5065,0.0576,"2,3,4,5",1.0,1.0,0.5,1.0,0.8849,0.8337,1.0,1.0
2026-08-15,8707,岩井コスモホールディングス,証券、商品先物取引業,53.08,0.4,除外,0.9859,0.8213,0.3974,0.2253,0.2242,0.8335,1.0,0.4516,1.0,0.0,0.3821,0.6743,0.5333,,0.3706,0.1053,0.2,0.1775,,0.4952,0.0,"3,4,5",1.0,1.0,1.0,1.0,1.0,0.887,1.0,1.0
2026-08-15,8708,アイザワ証券グループ,証券、商品先物取引業,56.87,0.2,除外,0.9899,0.5648,0.4516,0.5735,0.2636,0.4574,0.35,0.4516,1.0,0.0,0.5202,0.8864,0.4,,0.7455,0.775,0.2,0.5537,,0.2372,0.0,"2,3,4,5",1.0,1.0,1.0,1.0,1.0,0.9192,1.0,1.0
2026-08-15,8713,フィデアホールディングス,銀行業,51.27,0.4,除外,0.9945,0.6732,0.1965,0.4877,0.2114,0.6323,0.0606,1.0,1.0,0.0,0.4527,0.0,0.3333,,0.3882,0.875,0.2,0.7435,0.1019,0.0,0.0,"3,4,5",1.0,1.0,1.0,1.0,1.0,0.956,1.0,1.0
2026-08-15,8714,池田泉州ホールディングス,銀行業,51.49,0.4,除外,0.8794,0.6211,0.5149,0.1882,0.371,0.8071,0.1364,1.0,0.5409,0.3324,0.1977,0.8629,0.6667,0.2,0.3,0.0526,0.2,0.2799,,0.3473,0.4859,"3,4,5",1.0,1.0,1.0,1.0,1.0,0.7348,1.0,0.3
2026-08-15,8715,アニコム　ホールディングス,保険業,64.73,0.8,本命,0.675,0.644,0.7228,0.3495,0.845,0.8018,1.0,0.7742,0.0,0.9055,0.4449,0.6741,0.8667,0.5455,0.3,0.0526,0.5,1.0,0.38,1.0,1.0,4,1.0,1.0,0.5,1.0,1.0,0.0,0.5,0.4
2026-08-15,8725,ＭＳ＆ＡＤインシュアランスグループホールディングス,保険業,65.64,0.4,除外,0.9781,0.6922,0.5715,0.5897,0.4504,0.6194,0.375,0.7742,1.0,0.5116,0.3446,0.9631,0.4667,,0.6441,0.925,0.2,0.707,,0.1344,0.5098,"3,4,5",1.0,1.0,1.0,1.0,1.0,0.825,1.0,1.0
2026-08-15,8729,ソニーフィナンシャルグループ,保険業,41.01,0.2,除外,,,0.7098,0.1081,0.4124,,,,,0.5401,0.5464,0.8192,0.9333,0.0,0.1273,0.1053,0.2,0.8611,0.1386,0.65,0.0,"1,2,4,5",,,,,,,,
2026-08-15,8739,スパークス・グループ,証券、商品先物取引業,58.51,0.4,除外,1.0,0.7385,0.298,0.3956,0.4932,0.7023,0.8,0.4516,1.0,0.2589,0.4143,0.252,0.2667,,0.7235,0.2632,0.2,0.5226,,0.0,0.9571,"3,4,5",1.0,1.0,1.0,1.0,1.0,1.0,1.0,1.0
2026-08-15,8750,第一生命ホールディングス,保険業,71.53,0.6,監視,0.9695,0.8592,0.5268,0.4173,0.8038,0.7875,0.875,0.7742,1.0,0.3991,0.3735,0.8681,0.4667,0.0,0.6441,0.825,0.2,0.7998,,0.7116,0.9001,"3,4",1.0,1.0,1.0,1.0,1.0,0.756,1.0,1.0
2026-08-15,8766,東京海上ホールディングス,保険業,58.48,0.6,監視,0.8743,0.6321,0.6639,0.3506,0.4031,0.5041,0.25,0.7742,1.0,0.9251,0.2974,0.833,0.6,0.2,0.8971,0.1053,0.2,0.6705,,0.5389,0.0,"4,5",1.0,1.0,1.0,1.0,1.0,0.6945,1.0,0.3
2026-08-15,8771,イー・ギャランティ,その他金融業,54.14,0.4,除外,0.8741,0.6156,0.4349,0.2944,0.4878,0.4898,0.65,0.3226,1.0,0.4644,0.2527,0.3558,0.6667,,0.4727,0.2105,0.2,1.0,0.1202,0.831,0.0,"3,4,5",1.0,1.0,1.0,1.0,0.8237,0.8694,1.0,0.3
2026-08-15,8793,ＮＥＣキャピタルソリューション,その他金融業,48.24,0.6,監視,0.6006,0.2737,0.7698,0.1331,0.6349,0.3127,0.35,0.3226,0.1097,1.0,0.4564,0.8893,0.7333,0.2273,0.0,0.1053,0.2,0.6879,0.1598,0.6919,1.0,"2,4",1.0,0.7146,0.5,1.0,0.2642,0.7263,0.5,0.1
2026-08-15,8795,Ｔ＆Ｄホールディングス,保険業,69.97,0.8,本命,0.8807,0.8123,0.6761,0.4308,0.6985,0.7249,0.75,0.7742,1.0,1.0,0.3278,0.8432,0.5333,0.2,0.9706,0.0526,0.5,0.7592,,0.9124,0.424,4,1.0,1.0,1.0,1.0,1.0,0.7457,1.0,0.3
2026-08-15,8801,三井不動産,不動産業,31.96,0.2,除外,0.0,0.2332,0.5805,0.1463,0.638,0.3346,0.4048,0.1935,0.0,0.7851,0.3786,0.6252,0.5333,0.2273,0.0,0.1579,0.2,1.0,0.1518,0.4002,1.0,"1,2,3,4",,,,,,,,
2026-08-15,8802,三菱地所,不動産業,36.15,0.0,除外,0.3125,0.4606,0.4514,0.1463,0.4366,0.7204,0.9286,0.1935,0.0,0.4867,0.3709,0.5481,0.4,0.2273,0.0,0.1579,0.2,0.5985,0.1365,0.0113,1.0,"1,2,3,4,5",0.0,1.0,0.5,0.0,1.0,0.0,0.0,0.0
2026-08-15,8803,平和不動産,不動産業,28.66,0.2,除外,0.0,0.2092,0.3598,0.2344,0.6298,0.3097,0.3333,0.1935,0.0,0.4972,0.2794,0.4624,0.2,0.2273,0.0,0.2105,0.5,1.0,0.1111,0.4082,1.0,"1,2,3,4",,,,,,,,
2026-08-15,8804,東京建物,不動産業,48.74,0.6,監視,0.3943,0.6117,0.6434,0.1463,0.6413,0.5757,0.7143,0.1935,0.9633,0.8015,0.4837,0.8884,0.4,0.2273,0.0,0.1579,0.2,1.0,0.1599,0.4051,1.0,"1,4",0.0,1.0,0.5,0.0,1.0,0.0544,0.5,0.1
2026-08-15,8818,京阪神ビルディング,不動産業,54.58,0.4,除外,0.7131,0.4472,0.2673,0.469,0.8323,0.7144,0.881,0.1935,0.0,0.0,0.4649,0.4711,0.1333,0.6,0.9706,0.1053,0.2,0.9297,,0.567,1.0,"2,3,4",1.0,1.0,1.0,0.0,1.0,0.6045,1.0,0.1
2026-08-15,8830,住友不動産,不動産業,47.41,0.4,除外,0.3087,0.3942,0.7805,0.2476,0.6393,0.5976,0.7857,0.1935,0.0,1.0,0.5502,0.905,0.6667,0.2273,0.0,0.2632,0.5,1.0,0.1464,0.4108,1.0,"1,2,4",0.0,1.0,0.5,0.0,0.8695,0.0,0.0,0.1
2026-08-15,8848,レオパレス２１,不動産業,29.08,0.0,除外,0.0,0.5022,0.3395,0.1068,0.5053,0.3391,0.4762,0.1935,1.0,0.23,0.1955,0.3991,0.5333,0.2273,0.0,0.0,0.2,1.0,0.1728,0.4924,0.3561,"1,2,3,4,5",,,,,,,,
2026-08-15,8850,スターツコーポレーション,不動産業,30.81,0.2,除外,0.0,0.2481,0.4138,0.2081,0.6705,0.2939,0.3095,0.1935,0.1953,0.5815,0.3137,0.4934,0.2667,0.2273,0.0,0.1053,0.5,1.0,0.1128,0.569,1.0,"1,2,3,4",,,,,,,,
2026-08-15,8871,ゴールドクレスト,不動産業,25.24,0.2,除外,0.0,0.1667,0.1877,0.2844,0.6229,0.2351,0.2381,0.1935,0.0,0.0,0.1798,0.4378,0.1333,0.7273,0.0,0.2105,0.2,1.0,0.2027,0.2891,1.0,"1,2,3,4",,,,,,,,
2026-08-15,8876,リログループ,サービス業,55.69,0.2,除外,0.9967,0.5794,0.5541,0.3364,0.3179,0.468,0.7529,0.0968,1.0,0.4395,0.5915,0.7853,0.4,,0.5091,0.0,0.5,0.6226,0.3664,0.2827,0.0,"2,3,4,5",1.0,1.0,1.0,1.0,1.0,0.9734,1.0,1.0
2026-08-15,8877,エスリード,不動産業,36.54,0.4,除外,0.0,0.3252,0.6195,0.1463,0.7362,0.3708,0.5476,0.1935,0.1889,0.9369,0.1836,0.9574,0.4,0.2273,0.0,0.1579,0.2,1.0,0.1573,0.7874,1.0,"1,2,4",,,,,,,,
2026-08-15,8892,エスコン,不動産業,36.9,0.2,除外,0.3476,0.2707,0.4917,0.1158,0.6193,0.3655,0.5238,0.1935,0.0,0.3767,0.0172,0.9729,0.6,0.0,0.0,0.2632,0.2,0.9824,0.1274,0.4174,0.9499,"1,2,3,4",0.0,0.8192,0.5,0.0,0.3825,0.4788,0.5,0.1
2026-08-15,8897,ＭＩＲＡＲＴＨホールディングス,不動産業,51.53,0.4,除外,0.8333,0.226,0.4543,0.4,0.6628,0.3293,0.381,0.1935,0.0,0.309,0.7081,0.0,0.8,,1.0,0.0,0.2,1.0,0.54,0.2998,0.8115,"2,3,4",1.0,0.7621,1.0,1.0,0.6044,1.0,1.0,0.3
2026-08-15,8919,カチタス,不動産業,57.22,0.4,除外,0.9673,0.353,0.5038,0.3068,0.7303,0.5516,0.6667,0.1935,0.0,0.1687,0.6808,0.2324,0.9333,0.7273,0.3,0.0,0.2,0.9255,0.3845,0.6113,1.0,"2,3,4",1.0,1.0,1.0,1.0,1.0,0.7387,1.0,1.0
2026-08-15,8923,トーセイ,不動産業,53.44,0.6,監視,0.8296,0.6582,0.7007,0.2172,0.2662,0.6059,0.8333,0.1935,1.0,0.3685,0.8551,0.7791,0.8,0.0,0.5636,0.1053,0.2,0.3596,0.112,0.5932,0.0,"4,5",1.0,0.8122,1.0,1.0,0.7884,0.7361,1.0,0.3
2026-08-15,8934,サンフロンティア不動産,不動産業,53.95,0.4,除外,0.4988,0.5576,0.7835,0.1331,0.7247,0.4717,0.619,0.1935,0.9459,0.8444,0.5852,0.8379,0.8667,0.2273,0.0,0.1053,0.2,1.0,0.3002,0.5986,1.0,"1,2,4",0.0,0.8264,0.5,1.0,0.6045,0.4592,0.5,0.1
2026-08-15,9001,東武鉄道,陸運業,47.64,0.2,除外,0.7973,0.5674,0.4729,0.3904,0.1538,0.4318,0.6765,0.1613,1.0,0.4691,0.3445,0.7449,0.3333,0.2273,0.7818,0.0526,0.5,0.3793,,0.082,0.0,"2,3,4,5",1.0,1.0,1.0,1.0,0.6067,0.6717,1.0,0.1
2026-08-15,9003,相鉄ホールディングス,陸運業,27.36,0.0,除外,0.0,0.2857,0.3651,0.19,0.5273,0.3625,0.5294,0.1613,0.0896,0.2115,0.1914,0.4575,0.6,0.4545,0.0,0.1053,0.2,0.5839,0.5253,0.0,1.0,"1,2,3,4,5",,,,,,,,
2026-08-15,9005,東急,陸運業,35.03,0.2,除外,0.0,0.3198,0.7568,0.2081,0.4668,0.205,0.2647,0.1613,0.6482,1.0,0.4092,0.7514,0.8667,0.2273,0.0,0.1053,0.5,0.613,0.1523,0.102,1.0,"1,2,4,5",,,,,,,,
2026-08-15,9006,京浜急行電鉄,陸運業,27.41,0.0,除外,0.271,0.2573,0.4066,0.1768,0.2589,0.2562,0.3529,0.1613,0.2586,0.4532,0.3249,0.5816,0.2667,0.4545,0.0,0.0526,0.2,0.6897,,0.087,0.0,"1,2,3,4,5",0.0,0.6969,0.5,0.0,0.2285,0.6427,0.0,0.1
2026-08-15,9007,小田急電鉄,陸運業,34.35,0.0,除外,0.5971,0.3009,0.3201,0.12,0.3792,0.2306,0.2941,0.1613,0.5176,0.3614,0.31,0.609,0.0,0.2273,0.0,0.0526,0.2,0.8436,,0.2941,0.0,"1,2,3,4,5",1.0,0.722,1.0,0.0,0.3105,0.6442,1.0,0.1
2026-08-15,9008,京王電鉄,陸運業,30.13,0.0,除外,0.2565,0.4175,0.4274,0.1068,0.298,0.3165,0.4706,0.1613,0.7217,0.3908,0.5053,0.5468,0.2667,0.2273,0.0,0.0,0.2,0.5599,,0.0,0.3341,"1,2,3,4,5",0.0,0.6138,0.5,0.0,0.27,0.5686,0.0,0.1
2026-08-15,9009,京成電鉄,陸運業,25.66,0.2,除外,0.0,0.0,0.6078,0.25,0.4251,,,,,0.4802,0.4276,0.8566,0.6667,0.2273,0.2727,0.0,0.5,0.6108,0.1109,0.7689,0.2098,"1,2,4,5",,,,,,,,
2026-08-15,9010,富士急行,陸運業,74.85,1.0,本命,0.9645,0.6004,0.7177,0.7128,0.747,0.4755,0.7647,0.1613,1.0,0.8466,0.4896,0.8012,0.7333,,0.6909,0.9474,0.5,0.8225,,0.7112,0.7073,,1.0,0.8083,1.0,1.0,1.0,0.9074,1.0,1.0
2026-08-15,9020,東日本旅客鉄道,陸運業,26.03,0.0,除外,0.1516,0.274,0.5113,0.1513,0.2132,0.376,0.5588,0.1613,0.0,0.4773,0.3795,0.6549,0.5333,0.0,0.0,0.1053,0.5,0.6684,0.1283,0.0,0.0562,"1,2,3,4,5",0.0,0.5045,0.0,0.0,0.3195,0.2886,0.0,0.1
2026-08-15,9021,西日本旅客鉄道,陸運業,26.86,0.0,除外,0.0,0.0,0.5692,0.3122,0.4617,,,,,0.7907,0.4092,0.877,0.2,0.0909,0.0,0.1579,1.0,0.364,0.1092,0.4145,0.9593,"1,2,3,4,5",,,,,,,,
2026-08-15,9022,東海旅客鉄道,陸運業,34.31,0.0,除外,0.0,0.541,0.5226,0.1609,0.4908,0.3851,0.6176,0.1613,1.0,0.6458,0.283,0.9615,0.2,0.0909,0.0,0.0526,0.5,0.6288,0.132,0.2025,1.0,"1,2,3,4,5",,,,,,,,
2026-08-15,9023,東京地下鉄,陸運業,27.86,0.2,除外,0.0,0.0,0.6166,0.3236,0.4528,,,,,1.0,0.2734,0.9263,0.2667,0.1364,0.0,0.1579,1.0,0.0917,0.1057,0.6137,1.0,"1,2,4,5",,,,,,,,
2026-08-15,9024,西武ホールディングス,陸運業,30.32,0.2,除外,0.0,0.0,0.5982,0.2632,0.6549,,,,,1.0,0.128,0.9981,0.2667,0.0,0.0,0.0526,1.0,1.0,0.1379,0.4815,1.0,"1,2,3,4",,,,,,,,
2026-08-15,9025,鴻池運輸,陸運業,22.21,0.2,除外,0.0,0.0,0.3108,0.1836,0.616,,,,,0.1198,0.359,0.3645,0.4,0.1818,0.0,0.0526,0.5,0.8713,0.2423,0.431,0.9196,"1,2,3,4",,,,,,,,
2026-08-15,9031,西日本鉄道,陸運業,52.37,0.6,監視,0.786,0.6869,0.2972,0.2252,0.6233,0.6745,0.9118,0.1613,1.0,0.0402,0.245,0.5034,0.4,0.2273,0.4735,0.0,0.2,0.9688,0.3379,0.3736,0.813,"3,4",1.0,1.0,0.5,1.0,1.0,0.6878,1.0,0.1
2026-08-15,9037,ハマキョウレックス,陸運業,47.12,0.4,除外,0.7902,0.4022,0.2298,0.2213,0.7123,0.5946,0.8529,0.1613,0.0,0.0,0.3453,0.1074,0.4667,0.2273,0.3,0.1579,0.2,0.7519,0.1429,0.9543,1.0,"2,3,4",1.0,1.0,0.5,1.0,0.9497,0.7715,1.0,0.1
2026-08-15,9039,サカイ引越センター,陸運業,39.65,0.2,除外,0.7219,0.3737,0.2449,0.3763,0.2657,0.3331,0.5,0.1613,0.5003,0.1665,0.2293,0.1171,0.4667,0.4,0.0,0.1053,1.0,0.7972,,0.0,0.0,"2,3,4,5",1.0,0.5225,1.0,1.0,0.3306,0.8224,1.0,0.1
2026-08-15,9041,近鉄グループホールディングス,陸運業,61.58,0.6,監視,0.8898,0.3702,0.6855,0.4266,0.7069,0.5252,0.7941,0.1613,0.0,0.8868,0.4029,0.7854,0.6667,0.7273,0.7265,0.0526,0.2,0.8602,0.3889,0.5787,1.0,"2,4",1.0,1.0,1.0,1.0,0.9151,0.9035,1.0,0.3
2026-08-15,9042,阪急阪神ホールディングス,陸運業,42.61,0.4,除外,0.647,0.3266,0.6149,0.2995,0.2423,0.4393,0.7059,0.1613,0.0,0.6971,0.3843,0.978,0.4,0.5455,0.4,0.0526,0.2,0.3466,,0.3802,0.0,"2,4,5",1.0,0.9074,1.0,0.0,0.6108,0.5578,1.0,0.1
2026-08-15,9044,南海電気鉄道,陸運業,49.21,0.4,除外,0.562,0.6266,0.6125,0.1768,0.4825,0.587,0.8235,0.1613,0.9347,0.7226,0.2161,0.9114,0.6,0.4545,0.0,0.0526,0.2,0.5655,0.3035,0.068,0.9928,"1,4,5",0.0,0.8808,0.5,1.0,0.9776,0.5379,0.5,0.1
2026-08-15,9045,京阪ホールディングス,陸運業,24.99,0.0,除外,0.0,0.2035,0.4378,0.1104,0.4979,0.2705,0.3824,0.1613,0.0,0.2034,0.3399,0.6079,0.6,0.1364,0.0,0.1053,0.2,0.8724,0.1191,0.0,1.0,"1,2,3,4,5",,,,,,,,
2026-08-15,9048,名古屋鉄道,陸運業,46.26,0.2,除外,0.7907,0.3328,0.4482,0.3623,0.379,0.3956,0.6471,0.1613,0.127,0.2319,0.4508,0.6436,0.4667,0.4,0.7441,0.1053,0.2,0.7588,,0.1124,0.2657,"2,3,4,5",1.0,0.9147,1.0,1.0,0.5824,0.7283,1.0,0.1
2026-08-15,9064,ヤマトホールディングス,陸運業,19.84,0.0,除外,0.0,0.429,0.2736,0.125,0.1645,0.2313,0.3235,0.1613,1.0,0.0,0.6179,0.1432,0.3333,0.0,0.0,0.0,0.5,0.3843,0.2737,0.0,0.0,"1,2,3,4,5",,,,,,,,
2026-08-15,9065,山九,陸運業,24.53,0.0,除外,0.2837,0.2827,0.2386,0.12,0.3014,0.3813,0.5882,0.1613,0.0,0.0,0.4232,0.0646,0.4667,0.2273,0.0,0.0526,0.2,0.9381,0.2673,0.0,0.0,"1,2,3,4,5",0.0,1.0,0.5,0.0,0.3121,0.3577,0.0,0.1
2026-08-15,9068,丸全昭和運輸,陸運業,44.06,0.2,除外,0.5003,0.2243,0.5738,0.1968,0.7076,0.2946,0.4412,0.1613,0.0,0.5216,0.4746,0.6322,0.6667,0.1818,0.0,0.1053,0.5,0.8337,0.1465,0.8504,1.0,"1,2,3,4",0.0,0.944,0.5,1.0,0.5247,0.2335,0.5,0.3
2026-08-15,9069,センコーグループホールディングス,陸運業,59.64,0.2,除外,0.9905,0.4658,0.4815,0.5189,0.5253,0.2901,0.4118,0.1613,1.0,0.5461,0.4686,0.5781,0.3333,,0.3818,0.975,0.2,1.0,,0.5758,0.0,"2,3,4,5",1.0,0.9242,1.0,1.0,1.0,1.0,1.0,1.0
2026-08-15,9072,ニッコンホールディングス,陸運業,54.76,0.4,除外,0.7118,0.4682,0.6013,0.3636,0.5931,0.7702,0.9412,0.1613,0.0,0.6614,0.302,0.8417,0.6,0.9545,0.3,0.0,0.2,0.7258,0.4444,0.599,0.6031,"2,4,5",1.0,1.0,1.0,0.0,1.0,0.2942,1.0,0.4
2026-08-15,9075,福山通運,陸運業,58.24,0.4,除外,0.8278,0.477,0.531,0.4198,0.6565,0.7762,0.9706,0.1613,0.0,0.5513,0.759,0.6135,0.2,0.8182,0.5029,0.1579,0.2,0.6781,0.3889,0.5589,1.0,"2,3,4",1.0,1.0,1.0,1.0,1.0,0.5226,1.0,0.1
2026-08-15,9076,セイノーホールディングス,陸運業,50.12,0.2,除外,0.8776,0.3393,0.3378,0.3623,0.589,0.4604,0.7353,0.1613,0.0,0.2805,0.4901,0.314,0.2667,,0.6765,0.2105,0.2,0.504,0.3889,0.463,1.0,"2,3,4,5",1.0,1.0,1.0,1.0,0.9478,0.9732,1.0,0.1
2026-08-15,9090,ＡＺ－ＣＯＭ丸和ホールディングス,陸運業,15.67,0.0,除外,0.0,0.0,0.1497,0.2632,0.3708,,,,,0.0,0.3322,0.0,0.2667,0.0,0.0,0.0526,1.0,0.6673,0.3118,0.0,0.5042,"1,2,3,4,5",,,,,,,,
2026-08-15,9101,日本郵船,海運業,57.39,0.2,除外,0.9797,0.4926,0.4796,0.372,0.5454,0.2555,0.1667,0.5484,1.0,0.5627,0.3017,0.5205,0.5333,0.4545,0.2545,0.5789,0.2,0.8194,0.5,0.177,0.6851,"2,3,4,5",1.0,1.0,1.0,1.0,0.9344,0.9036,1.0,1.0
2026-08-15,9104,商船三井,海運業,59.5,0.4,除外,0.8846,0.4019,0.4607,0.5484,0.6793,0.3474,0.3333,0.5484,0.3787,0.6784,0.2463,0.4515,0.4667,0.4091,0.3636,0.4211,1.0,1.0,0.326,0.3912,1.0,"2,3,4",1.0,1.0,0.5,1.0,1.0,0.5768,1.0,1.0
2026-08-15,9107,川崎汽船,海運業,58.74,0.4,除外,1.0,0.6314,0.4679,0.5008,0.3371,0.477,0.5,0.5484,1.0,0.701,0.2199,0.4841,0.4667,,0.7235,0.5789,0.2,0.7706,0.2546,0.323,0.0,"3,4,5",1.0,1.0,1.0,1.0,1.0,1.0,1.0,1.0
2026-08-15,9110,ＮＳユナイテッド海運,海運業,57.53,0.4,除外,1.0,0.8334,0.402,0.3161,0.3251,0.7852,1.0,0.5484,1.0,0.0,0.9413,0.0,0.6667,,0.3273,0.4211,0.2,0.9754,,0.0,0.0,"3,4,5",1.0,1.0,1.0,1.0,1.0,1.0,1.0,1.0
2026-08-15,9119,飯野海運,海運業,56.25,0.4,除外,0.7854,0.5097,0.3762,0.3897,0.7514,0.6571,0.8333,0.5484,0.0,0.3868,0.3847,0.0,0.7333,0.4091,0.0182,0.6316,0.5,1.0,0.3423,0.6632,1.0,"2,3,4",1.0,1.0,0.5,1.0,1.0,0.2834,0.5,1.0
2026-08-15,9142,九州旅客鉄道,陸運業,15.58,0.0,除外,0.0,0.0,0.323,0.1645,0.2916,,,,,0.0444,0.3782,0.3362,0.5333,0.0,0.0,0.1579,0.5,0.3591,0.1013,0.0,0.7058,"1,2,3,4,5",,,,,,,,
2026-08-15,9143,ＳＧホールディングス,陸運業,38.99,0.2,除外,0.75,0.0,0.5528,0.2945,0.3523,,,,,0.6615,0.2559,0.8273,0.4667,0.4,0.4727,0.1053,0.2,0.7228,,0.334,0.0,"2,3,4,5",1.0,0.6905,1.0,1.0,0.5469,0.6627,1.0,0.1
2026-08-15,9147,ＮＩＰＰＯＮ　ＥＸＰＲＥＳＳホールディングス,陸運業,60.54,0.6,監視,0.8863,0.7422,0.4567,0.2368,0.7048,0.838,1.0,0.1613,0.9695,0.4525,0.283,0.5578,0.5333,,0.3,0.2105,0.2,0.6817,,0.4326,1.0,"3,4",1.0,1.0,1.0,1.0,1.0,0.9907,1.0,0.1
2026-08-15,9166,ＧＥＮＤＡ,サービス業,30.31,0.4,除外,0.0,0.0,0.6608,0.2171,0.6375,,,,,1.0,0.3246,0.6521,0.6667,0.0,0.0,0.3684,0.5,0.6908,0.1956,0.6636,1.0,"1,2,4",,,,,,,,
2026-08-15,9201,日本航空,空運業,36.63,0.2,除外,0.0,0.5746,0.7596,0.213,0.2843,0.2238,0.5,,1.0,0.6604,0.5314,0.9801,0.8667,0.2273,0.1091,0.3158,0.2,0.4792,0.1003,0.5576,0.0,"1,2,4,5",,,,,,,,
2026-08-15,9202,ＡＮＡホールディングス,空運業,59.0,0.6,監視,0.897,0.7702,0.6778,0.2394,0.3657,0.3105,1.0,,1.0,0.4152,0.6359,0.9268,0.7333,0.2273,0.1091,0.4211,0.2,0.552,0.1265,0.5852,0.1992,"4,5",1.0,0.8815,1.0,1.0,0.6451,0.6497,1.0,1.0
2026-08-15,9247,ＴＲＥホールディングス,サービス業,56.87,0.6,監視,0.6955,0.6798,0.6618,0.563,0.2435,0.7167,0.9059,0.0968,1.0,1.0,0.8291,0.2181,0.6,0.6,0.8364,0.3158,0.5,0.6229,,0.0203,0.0874,"4,5",1.0,1.0,1.0,0.0,1.0,0.4638,1.0,0.1
2026-08-15,9267,Ｇｅｎｋｙ　ＤｒｕｇＳｔｏｒｅｓ,小売業,36.05,0.0,除外,0.0,0.4426,0.5872,0.25,0.5227,0.2321,0.4737,0.0645,1.0,0.1561,0.6641,0.9953,0.5333,0.0,0.0,0.0,1.0,0.4918,0.1711,0.428,1.0,"1,2,3,4,5",,,,,,,,
2026-08-15,9274,ＫＰＰグループホールディングス,卸売業,64.27,0.6,監視,0.9746,0.6864,0.4988,0.4423,0.6112,0.6307,0.6957,0.4194,1.0,0.246,0.5011,0.7145,0.5333,0.0,0.6941,0.875,0.2,1.0,,0.6745,0.1591,"3,4",1.0,1.0,1.0,1.0,1.0,0.7972,1.0,1.0
2026-08-15,9278,ブックオフグループホールディングス,小売業,55.44,0.6,監視,0.9951,0.6693,0.4802,0.6275,0.0,0.6827,0.9298,0.0645,1.0,0.0,1.0,0.5206,0.4,,0.7324,0.95,0.2,0.0,,0.0,0.0,"3,5",1.0,1.0,1.0,1.0,1.0,0.9608,1.0,1.0
2026-08-15,9279,ギフトホールディングス,小売業,61.79,0.6,監視,0.9963,0.5838,0.6396,0.6015,0.2682,0.4725,0.7982,0.0645,1.0,0.7251,0.3863,0.7803,0.6667,,0.7294,0.875,0.2,0.8045,,0.0,0.0,"2,5",1.0,1.0,1.0,1.0,1.0,0.9705,1.0,1.0
2026-08-15,9301,三菱倉庫,倉庫・運輸関連業,52.21,0.4,除外,0.7275,0.7189,0.557,0.3057,0.3015,0.5848,0.6667,0.6774,0.9469,0.6529,0.4188,0.4897,0.6667,0.2,0.6647,0.1579,0.2,0.7523,,0.0,0.1523,"3,4,5",1.0,1.0,1.0,0.0,1.0,0.7202,1.0,0.1
2026-08-15,9302,三井倉庫ホールディングス,倉庫・運輸関連業,15.32,0.0,除外,0.0,0.0,0.2522,0.2895,0.2245,,,,,0.5261,0.2827,0.0,0.2,0.5,0.0,0.1579,0.5,0.3877,0.2132,0.0,0.2973,"1,2,3,4,5",,,,,,,,
2026-08-15,9303,住友倉庫,倉庫・運輸関連業,54.46,0.2,除外,0.9829,0.4115,0.4504,0.4772,0.401,0.5554,0.3333,0.6774,0.0797,0.3818,0.3688,0.4509,0.6,,0.3,0.6316,0.5,1.0,0.1416,0.4625,0.0,"2,3,4,5",1.0,1.0,1.0,1.0,1.0,0.8634,1.0,1.0
2026-08-15,9304,澁澤倉庫,倉庫・運輸関連業,46.94,0.4,除外,0.854,0.8749,0.2748,0.3434,0.0,0.8222,1.0,0.6774,1.0,0.0,0.3529,0.7463,0.0,0.4,0.3,0.4737,0.2,0.0,,0.0,0.0,"3,4,5",1.0,1.0,1.0,1.0,1.0,0.5318,1.0,0.3
2026-08-15,9305,ヤマタネ,卸売業,25.39,0.2,除外,0.0,0.0,0.3813,0.2763,0.6117,,,,,0.2763,0.3668,0.149,0.7333,0.0,0.0,0.1053,1.0,1.0,0.2819,0.1837,0.9812,"1,2,3,4",,,,,,,,
2026-08-15,9308,乾汽船,海運業,56.75,0.6,監視,1.0,0.6932,0.2314,0.6705,0.2423,0.5576,0.6667,0.5484,1.0,0.0,0.7924,0.0,0.1333,,0.3273,0.6842,1.0,0.8452,0.1241,0.0,0.0,"3,5",1.0,1.0,1.0,1.0,1.0,1.0,1.0,1.0
2026-08-15,9324,安田倉庫,倉庫・運輸関連業,50.84,0.4,除外,0.8837,0.7748,0.2531,0.2432,0.3871,0.5885,0.8333,0.6774,1.0,0.0,0.6125,0.0,0.4,0.1364,0.6364,0.0,0.2,1.0,0.0872,0.4612,0.0,"3,4,5",1.0,1.0,1.0,1.0,0.9754,0.7943,1.0,0.3
2026-08-15,9336,大栄環境,サービス業,46.77,0.2,除外,0.428,0.3386,0.5463,0.2563,0.7693,0.4928,0.7647,0.0968,0.0,0.1093,0.835,0.6408,0.6,0.7727,0.0,0.0526,0.2,1.0,0.4792,0.598,1.0,"1,2,3,4",0.0,0.9771,0.5,0.0,0.9711,0.4762,0.5,0.0
2026-08-15,9347,日本管財ホールディングス,サービス業,41.18,0.2,除外,0.5957,0.1934,0.3456,0.2258,0.6986,0.2298,0.4471,0.0968,0.0,0.4589,0.2605,0.3298,0.3333,0.5455,0.0,0.1579,0.2,0.8922,0.4217,0.4803,1.0,"1,2,3,4",1.0,0.5189,0.5,1.0,0.2775,0.6695,0.5,0.3
2026-08-15,9348,ｉｓｐａｃｅ,サービス業,29.3,0.0,除外,0.0,0.0,0.4157,0.4651,0.5841,,,,,1.0,0.0,0.1961,0.4667,0.8182,0.0,0.8421,0.2,1.0,0.464,0.8723,0.0,"1,2,3,4,5",,,,,,,,
2026-08-15,9364,上組,倉庫・運輸関連業,53.08,0.4,除外,0.5301,0.6851,0.5183,0.3068,0.6136,0.5629,0.5,0.6774,1.0,0.4814,0.4576,0.8677,0.2667,0.2273,0.0,0.0,1.0,0.6252,0.2151,0.614,1.0,"1,3,4",0.0,1.0,0.5,1.0,0.678,0.4629,0.5,0.1
2026-08-15,9401,ＴＢＳホールディングス,情報・通信業,36.34,0.0,除外,0.4396,0.4676,0.347,0.2763,0.2866,0.5147,0.8509,0.0323,0.4724,0.4286,0.3885,0.571,0.0,0.8,0.0,0.1053,0.2,0.8597,,0.0,0.0,"1,2,3,4,5",0.0,1.0,1.0,0.0,0.5329,0.4838,0.5,0.0
2026-08-15,9404,日本テレビホールディングス,情報・通信業,24.1,0.0,除外,0.0,0.0,0.4628,0.2763,0.4661,,,,,0.7732,0.4563,0.6218,0.0,0.0,0.0,0.1053,1.0,0.4193,0.1241,0.3209,1.0,"1,2,3,4,5",,,,,,,,
2026-08-15,9409,テレビ朝日ホールディングス,情報・通信業,42.12,0.4,除外,0.0,0.3084,0.7053,0.4049,0.6874,0.4032,0.7982,0.0323,0.0,1.0,0.6324,0.4554,0.7333,0.4091,0.0,0.2105,1.0,1.0,0.1696,0.58,1.0,"1,2,4",,,,,,,,
2026-08-15,9412,スカパーＪＳＡＴホールディングス,情報・通信業,38.37,0.0,除外,0.425,0.4491,0.3676,0.2677,0.409,0.8078,0.9561,0.0323,0.0,1.0,0.1113,0.3589,0.0,0.8182,0.0,0.0526,0.2,0.5138,0.4773,0.6447,0.0,"1,2,3,4,5",0.0,1.0,0.5,0.0,1.0,0.0,0.5,0.4
2026-08-15,9413,テレビ東京ホールディングス,情報・通信業,23.85,0.0,除外,0.0,0.2776,0.2935,0.2895,0.3321,0.3323,0.7456,0.0323,0.0,0.2423,0.3913,0.5404,0.0,0.0,0.0,0.1579,1.0,0.2899,0.0384,0.0,1.0,"1,2,3,4,5",,,,,,,,
2026-08-15,9416,ビジョン,情報・通信業,30.75,0.2,除外,0.0,0.0,0.5196,0.2871,0.7307,,,,,0.9407,0.2904,0.8475,0.0,0.2273,0.0,0.4211,0.5,1.0,0.1656,0.7574,1.0,"1,2,3,4",,,,,,,,
2026-08-15,9418,Ｕ－ＮＥＸＴ　ＨＯＬＤＩＮＧＳ,情報・通信業,14.12,0.0,除外,0.0,0.0,0.3489,0.1513,0.2056,,,,,0.0764,0.4085,0.5775,0.3333,0.0,0.0,0.1053,0.5,0.2528,0.1311,0.4383,0.0,"1,2,3,4,5",,,,,,,,
2026-08-15,9424,日本通信,情報・通信業,23.66,0.0,除外,0.0,0.0,0.4341,0.25,0.4988,,,,,0.5781,0.3208,0.1709,0.6667,0.0,0.0,0.0,1.0,0.6453,0.1082,0.2417,1.0,"1,2,3,4,5",,,,,,,,
2026-08-15,9432,ＮＴＴ,情報・通信業,12.84,0.0,除外,0.0,0.0,0.4246,0.1842,0.0331,,,,,0.3574,0.4486,0.559,0.3333,,0.0,0.0526,0.5,0.0036,0.1287,0.0,0.0,"1,2,3,4,5",,,,,,,,
2026-08-15,9433,ＫＤＤＩ,情報・通信業,49.62,0.2,除外,0.8355,0.5531,0.4991,0.3248,0.2684,0.3994,0.7807,0.0323,1.0,0.3276,0.4171,0.5849,0.6667,0.0,0.9941,0.1053,0.2,0.6666,,0.1385,0.0,"2,3,4,5",1.0,1.0,1.0,1.0,0.7415,0.6422,1.0,0.3
2026-08-15,9434,ソフトバンク,情報・通信業,30.92,0.2,除外,0.7783,0.0,0.4128,0.2715,0.0836,,,,,0.2968,0.496,0.5251,0.3333,0.0,0.2545,0.6316,0.2,0.2509,,0.0,0.0,"2,3,4,5",1.0,0.6128,0.5,1.0,0.4115,0.7018,1.0,1.0
2026-08-15,9435,光通信,情報・通信業,32.21,0.2,除外,0.0,0.0,0.696,0.3487,0.5657,,,,,1.0,0.4047,0.846,0.5333,0.0,0.0,0.8947,0.5,1.0,0.1399,0.1523,0.9705,"1,2,4,5",,,,,,,,
2026-08-15,9436,沖縄セルラー電話,情報・通信業,55.31,0.4,除外,0.9982,0.6481,0.4754,0.2333,0.4106,0.6654,0.8947,0.0323,1.0,0.5091,0.275,0.5841,0.5333,,0.3,0.2,0.2,0.8993,0.1111,0.0,0.6321,"3,4,5",1.0,1.0,1.0,1.0,1.0,0.9855,1.0,1.0
2026-08-15,9449,ＧＭＯインターネットグループ,情報・通信業,56.32,0.2,除外,0.9303,0.5318,0.4489,0.5,0.4047,0.3406,0.7544,0.0323,1.0,0.1468,0.4704,0.8451,0.3333,,0.4,0.9,0.2,0.5071,,0.7071,0.0,"2,3,4,5",1.0,1.0,0.5,1.0,1.0,0.9427,1.0,1.0
2026-08-15,9468,ＫＡＤＯＫＡＷＡ,情報・通信業,33.31,0.4,除外,0.0,0.0,0.6542,0.2909,0.7203,,,,,0.7935,0.4744,0.9489,0.4,0.4545,0.5091,0.0,0.2,0.9222,0.275,0.7658,0.9183,"1,2,4",,,,,,,,
2026-08-15,9470,学研ホールディングス,情報・通信業,35.44,0.0,除外,0.0,0.5024,0.4766,0.25,0.5428,0.3173,0.7281,0.0323,0.932,0.5232,0.4572,0.5258,0.4,0.0,0.0,0.0,1.0,1.0,0.118,0.6139,0.4394,"1,2,3,4,5",,,,,,,,
2026-08-15,9474,ゼンリン,情報・通信業,19.95,0.0,除外,0.0,0.0,0.3621,0.1513,0.4843,,,,,0.2276,0.1392,0.6814,0.4,0.0,0.0,0.1053,0.5,0.8245,0.1126,0.0,1.0,"1,2,3,4,5",,,,,,,,
2026-08-15,9501,東京電力ホールディングス,電気・ガス業,35.55,0.2,除外,0.0,0.2808,0.5817,0.2171,0.698,0.3044,0.2381,0.5806,0.0,0.5168,0.2436,0.8996,0.6667,0.0,0.0,0.3684,0.5,0.886,0.1364,0.8584,0.9114,"1,2,3,4",,,,,,,,
2026-08-15,9502,中部電力,電気・ガス業,38.22,0.2,除外,0.5969,0.6096,0.3379,0.3248,0.0417,0.8267,1.0,0.5806,0.031,0.3426,0.2705,0.6717,0.0667,0.6,0.3412,0.1579,0.2,0.0173,0.112,0.0377,0.0,"1,3,4,5",1.0,1.0,1.0,0.0,1.0,0.2751,0.5,0.0
2026-08-15,9503,関西電力,電気・ガス業,50.56,0.4,除外,0.572,0.522,0.6553,0.1068,0.6721,0.6036,0.7619,0.5806,0.1417,0.8057,0.4102,0.9387,0.4667,0.2273,0.0,0.0,0.2,1.0,0.1589,0.5295,1.0,"1,2,4",0.0,0.943,0.5,1.0,0.9873,0.3454,0.5,0.3
2026-08-15,9504,中国電力,電気・ガス業,46.76,0.4,除外,0.3799,0.6395,0.4095,0.195,0.7143,0.5592,0.619,0.5806,0.7991,0.3745,0.3047,0.6253,0.3333,0.2273,0.0,0.0526,0.5,1.0,0.1673,0.69,1.0,"1,3,4",0.0,0.8083,0.5,1.0,0.3927,0.2384,0.0,0.1
2026-08-15,9505,北陸電力,電気・ガス業,52.55,0.4,除外,0.5161,0.6317,0.5032,0.2518,0.7245,0.5177,0.4286,0.5806,1.0,0.4986,0.2669,0.714,0.5333,0.4545,0.0,0.0526,0.5,1.0,0.3697,0.5284,1.0,"1,3,4",0.0,0.8789,0.5,1.0,0.6852,0.2649,0.5,0.3
2026-08-15,9506,東北電力,電気・ガス業,56.04,0.4,除外,0.8455,0.4904,0.4195,0.4233,0.6235,0.2856,0.0952,0.5806,1.0,0.1689,0.4343,0.6082,0.4667,0.1818,0.2364,0.775,0.5,1.0,0.1579,0.3948,0.9413,"2,3,4",1.0,0.784,0.5,1.0,0.7944,0.6853,1.0,1.0
2026-08-15,9507,四国電力,電気・ガス業,58.53,0.6,監視,0.9086,0.6155,0.3286,0.4335,0.6401,0.5004,0.381,0.5806,1.0,0.0,0.5315,0.1828,0.6,0.5,0.1091,0.925,0.2,1.0,0.5603,0.0,1.0,"3,4",1.0,1.0,0.5,1.0,1.0,0.7686,1.0,1.0
2026-08-15,9508,九州電力,電気・ガス業,59.98,0.4,除外,0.885,0.7244,0.4202,0.4398,0.5298,0.6029,0.7143,0.5806,1.0,0.0988,0.2574,0.858,0.4667,0.2273,0.3818,0.95,0.2,0.6946,0.2578,0.6935,0.4734,"3,4,5",1.0,1.0,0.5,1.0,1.0,0.5799,1.0,1.0
2026-08-15,9509,北海道電力,電気・ガス業,52.01,0.6,監視,0.0,0.6729,0.7264,0.4131,0.7882,0.5396,0.5714,0.5806,1.0,0.7222,0.5095,0.8738,0.8,0.2273,0.0,0.925,0.5,1.0,0.3549,0.798,1.0,"1,4",,,,,,,,
2026-08-15,9511,沖縄電力,電気・ガス業,36.16,0.2,除外,0.0,0.4702,0.4502,0.2774,0.6104,0.2524,0.0476,0.5806,1.0,0.0,0.8451,0.4892,0.4667,0.1364,0.0364,0.7368,0.2,0.9862,0.4555,0.0,1.0,"1,2,3,4",,,,,,,,
2026-08-15,9513,電源開発,電気・ガス業,55.92,0.2,除外,0.8676,0.5407,0.5404,0.2783,0.5691,0.6775,0.9048,0.5806,0.0,0.4391,0.2994,0.8232,0.6,0.4545,0.4059,0.0526,0.2,1.0,0.3103,0.7264,0.2399,"2,3,4,5",1.0,1.0,1.0,1.0,1.0,0.4409,0.5,1.0
2026-08-15,9517,イーレックス,電気・ガス業,60.44,0.4,除外,0.753,0.35,0.5914,0.5486,0.7788,0.2977,0.1905,0.5806,0.3313,0.5231,0.2084,0.8341,0.8,0.6364,0.4,0.1579,1.0,1.0,0.3667,0.8075,0.9412,"2,3,4",1.0,1.0,0.5,1.0,1.0,0.2239,1.0,0.3
2026-08-15,9519,レノバ,電気・ガス業,62.35,0.4,除外,0.5377,0.509,0.7573,0.5203,0.7931,0.6458,0.8095,0.5806,0.0,1.0,0.3992,0.8968,0.7333,0.7727,0.5455,0.2632,0.5,1.0,0.5024,0.6699,1.0,"1,2,4",1.0,0.7015,1.0,0.0,1.0,0.0,0.5,0.1
2026-08-15,9531,東京瓦斯,電気・ガス業,42.61,0.2,除外,0.2771,0.3968,0.5682,0.2195,0.6688,0.5305,0.4762,0.5806,0.0,0.4794,0.3694,0.6906,0.7333,0.2727,0.0,0.1053,0.5,1.0,0.1273,0.5481,1.0,"1,2,3,4",0.0,1.0,0.5,0.0,0.707,0.0098,0.0,0.0
2026-08-15,9532,大阪瓦斯,電気・ガス業,48.07,0.2,除外,0.4146,0.553,0.5284,0.1932,0.7144,0.679,0.9524,0.5806,0.0,0.5797,0.1854,0.7484,0.6,0.2727,0.0,0.0,0.5,1.0,0.1511,0.7065,1.0,"1,2,3,4",0.0,1.0,0.5,0.0,1.0,0.2169,0.5,0.1
2026-08-15,9533,東邦瓦斯,電気・ガス業,32.71,0.0,除外,0.2358,0.3427,0.2605,0.4318,0.3648,0.4567,0.3333,0.5806,0.0,0.0,0.4182,0.3573,0.2667,0.2273,0.0,1.0,0.5,0.9127,0.3561,0.1904,0.0,"1,2,3,4,5",0.0,0.8661,0.5,0.0,0.333,0.1873,0.0,0.0
2026-08-15,9534,北海道瓦斯,電気・ガス業,52.5,0.2,除外,0.5758,0.4156,0.5912,0.1977,0.8445,0.5335,0.5238,0.5806,0.0242,0.7133,0.2807,0.771,0.6,0.5909,0.0,0.0,0.2,1.0,0.4273,0.9505,1.0,"1,2,3,4",0.0,1.0,0.5,1.0,1.0,0.3068,0.5,0.3
2026-08-15,9536,西部ガスホールディングス,電気・ガス業,66.4,0.6,監視,0.815,0.7054,0.4968,0.5761,0.7269,0.5742,0.6667,0.5806,1.0,0.503,0.3566,0.6608,0.4667,0.2727,0.7818,0.75,0.5,1.0,0.191,0.7165,1.0,"3,4",1.0,1.0,0.5,1.0,0.9301,0.5901,0.5,1.0
2026-08-15,9543,静岡ガス,電気・ガス業,35.59,0.2,除外,0.2536,0.3225,0.225,0.1445,0.8339,0.4235,0.2857,0.5806,0.0,0.2396,0.2641,0.2631,0.1333,0.2727,0.0,0.1053,0.2,1.0,0.4585,0.877,1.0,"1,2,3,4",0.0,0.9294,0.5,0.0,0.4235,0.0762,0.0,0.1
2026-08-15,9551,メタウォーター,電気・ガス業,38.96,0.2,除外,0.2857,0.5269,0.272,0.2081,0.6553,0.6699,0.8571,0.5806,0.0,0.1131,0.1125,0.5957,0.2667,0.2273,0.0,0.1053,0.5,0.6956,0.1472,0.7784,1.0,"1,2,3,4",0.0,0.7374,0.5,0.0,0.6053,0.0429,0.0,0.4
2026-08-15,9552,Ｍ＆Ａ総研ホールディングス,サービス業,32.65,0.4,除外,0.0,0.0,0.6309,0.3203,0.6812,,,,,1.0,0.5263,0.3306,0.6667,0.0,0.0182,0.2632,1.0,0.7135,0.1779,0.8333,1.0,"1,2,4",,,,,,,,
2026-08-15,9601,松竹,情報・通信業,14.02,0.0,除外,0.0,0.0,0.1417,0.1513,0.4078,,,,,0.0,0.439,0.0611,0.0667,0.0,0.0,0.1053,0.5,0.4909,0.387,0.1927,0.5605,"1,2,3,4,5",,,,,,,,
2026-08-15,9602,東宝,情報・通信業,25.06,0.0,除外,0.0,0.0,0.5397,0.2625,0.4508,,,,,0.2032,0.7696,0.8529,0.3333,0.0,0.0,0.85,0.2,0.5924,0.2109,0.0,1.0,"1,2,3,4,5",,,,,,,,
2026-08-15,9603,エイチ・アイ・エス,サービス業,25.79,0.2,除外,0.0,0.0,0.8091,0.3816,0.0986,,,,,1.0,0.5639,0.9393,0.7333,0.0,0.0,0.5263,1.0,0.1163,0.1089,0.0,0.1693,"1,2,4,5",,,,,,,,
2026-08-15,9605,東映,情報・通信業,51.32,0.4,除外,0.9368,0.3947,0.6123,0.4147,0.2075,0.3911,0.7719,0.0323,0.3836,0.3348,0.4418,0.9395,0.7333,,0.2545,0.7895,0.2,0.6224,,0.0,0.0,"2,4,5",1.0,0.9824,1.0,1.0,0.6811,0.8313,1.0,1.0
2026-08-15,9616,共立メンテナンス,サービス業,41.0,0.4,除外,0.8467,0.0,0.3238,0.7789,0.1008,,,,,0.191,0.4696,0.4344,0.2,,0.6,0.7368,1.0,0.3023,,0.0,0.0,"2,3,5",1.0,0.567,0.5,1.0,1.0,0.7063,1.0,1.0
2026-08-15,9621,建設技術研究所,サービス業,53.65,0.2,除外,0.8122,0.488,0.4697,0.4108,0.5017,0.3022,0.5529,0.0968,1.0,0.3665,0.4363,0.7425,0.3333,0.2273,0.0909,0.825,0.5,0.8819,0.1221,0.1972,0.8054,"2,3,4,5",1.0,0.6806,0.5,1.0,0.7484,0.5686,1.0,1.0
2026-08-15,9627,アインホールディングス,小売業,20.89,0.0,除外,0.0,0.2787,0.252,0.0763,0.4374,0.2698,0.5439,0.0645,0.2366,0.0,0.3993,0.1421,0.4667,0.0,0.0,0.1053,0.2,0.3751,0.1418,0.4314,0.8015,"1,2,3,4,5",,,,,,,,
2026-08-15,9672,東京都競馬,サービス業,38.25,0.2,除外,0.0,0.2955,0.5747,0.3625,0.6797,0.2758,0.4941,0.0968,0.3153,0.519,0.4677,0.9786,0.3333,0.0,0.0,0.95,0.5,1.0,0.1614,0.5573,1.0,"1,2,3,4",,,,,,,,
2026-08-15,9678,カナモト,サービス業,61.99,0.4,除外,0.9517,0.5091,0.7091,0.4049,0.5246,0.7415,0.9412,0.0968,0.2568,1.0,0.6409,0.662,0.5333,0.9091,0.3,0.2105,0.2,0.1793,0.4444,0.4745,1.0,"2,4,5",1.0,1.0,1.0,1.0,1.0,0.9137,1.0,0.7
2026-08-15,9682,ＤＴＳ,情報・通信業,14.49,0.0,除外,0.0,0.0,0.2772,0.25,0.1975,,,,,0.015,0.1904,0.5701,0.3333,0.0,0.0,0.0,1.0,0.6541,0.1359,0.0,0.0,"1,2,3,4,5",,,,,,,,
2026-08-15,9684,スクウェア・エニックス・ホールディングス,情報・通信業,23.03,0.0,除外,0.0,0.0,0.5515,0.2961,0.3039,,,,,0.5813,0.3927,0.6322,0.6,0.0,0.0,0.6842,0.5,0.9117,,0.0,0.0,"1,2,3,4,5",,,,,,,,
2026-08-15,9692,シーイーシー,情報・通信業,31.71,0.0,除外,0.0,0.4721,0.588,0.1409,0.3845,0.2246,0.6316,0.0323,1.0,0.6299,0.5031,0.9522,0.2667,0.0,0.3636,0.0,0.2,0.8601,0.1604,0.5175,0.0,"1,2,3,4,5",,,,,,,,
2026-08-15,9697,カプコン,情報・通信業,25.94,0.0,除外,0.0,0.0,0.4164,0.528,0.3527,,,,,0.0144,0.4222,0.8291,0.4,,0.1091,0.975,0.5,0.9512,,0.0,0.1069,"1,2,3,4,5",,,,,,,,
2026-08-15,9699,ニシオホールディングス,サービス業,33.91,0.0,除外,0.0,0.4475,0.4183,0.267,0.5625,0.2344,0.4588,0.0968,1.0,0.2036,0.636,0.3004,0.5333,0.0,0.0182,0.85,0.2,0.9483,0.3016,0.0,1.0,"1,2,3,4,5",,,,,,,,
2026-08-15,9706,日本空港ビルデング,不動産業,59.85,0.2,除外,1.0,0.5426,0.4921,0.5242,0.4337,0.4054,0.5714,0.1935,1.0,0.4313,0.2891,0.7814,0.4667,,0.4727,0.9,0.2,0.9555,,0.3455,0.0,"2,3,4,5",1.0,1.0,1.0,1.0,1.0,1.0,1.0,1.0
2026-08-15,9708,帝国ホテル,サービス業,33.09,0.2,除外,0.0,0.1903,0.4007,0.2799,0.7838,0.2291,0.4353,0.0968,0.0,0.0,0.1976,0.7384,0.6667,0.4091,0.0,0.2105,0.5,1.0,0.1351,1.0,1.0,"1,2,3,4",,,,,,,,
2026-08-15,9715,トランス・コスモス,サービス業,23.92,0.0,除外,0.2272,0.2235,0.3096,0.1331,0.3028,0.2796,0.5176,0.0968,0.0,0.0,0.4064,0.7654,0.0667,0.2273,0.0,0.1053,0.2,0.248,0.1389,0.0,0.8244,"1,2,3,4,5",0.0,0.5874,0.5,0.0,0.095,0.5349,0.0,0.1
2026-08-15,9716,乃村工藝社,サービス業,51.2,0.4,除外,0.5646,0.6159,0.504,0.1463,0.7293,0.5433,0.8235,0.0968,1.0,0.4649,0.4077,0.8766,0.2667,0.2273,0.0,0.1579,0.2,0.906,0.1333,0.8778,1.0,"1,3,4",0.0,1.0,0.5,1.0,1.0,0.2169,0.5,0.3
2026-08-15,9722,藤田観光,サービス業,26.2,0.0,除外,0.0,0.0,0.4673,0.275,0.5679,,,,,0.3358,1.0,0.0,0.5333,0.0,0.0,0.9,0.2,1.0,0.1609,0.1106,1.0,"1,2,3,4,5",,,,,,,,
2026-08-15,9735,セコム,サービス業,52.96,0.2,除外,0.7045,0.559,0.5457,0.3241,0.5148,0.5343,0.8118,0.0968,0.7933,0.4193,0.3985,0.6316,0.7333,0.0,0.9912,0.1053,0.2,0.6019,,0.0018,0.9407,"2,3,4,5",1.0,1.0,1.0,0.0,0.7999,0.536,1.0,0.3
2026-08-15,9743,丹青社,サービス業,35.72,0.2,除外,0.4726,0.3144,0.2367,0.0763,0.6861,0.2871,0.5294,0.0968,0.3442,0.0,0.1777,0.7693,0.0,0.0,0.0,0.1053,0.2,0.8472,0.1283,0.7687,1.0,"1,2,3,4",0.0,0.5799,0.5,1.0,0.285,0.4162,0.0,1.0
2026-08-15,9744,メイテックグループホールディングス,サービス業,40.56,0.2,除外,0.6104,0.4348,0.4864,0.0632,0.4333,0.2189,0.4235,0.0968,1.0,0.4361,0.291,0.6853,0.5333,0.0,0.0,0.0526,0.2,0.606,0.2369,0.3649,0.5252,"2,3,4,5",1.0,0.5916,0.0,1.0,0.3973,0.5945,1.0,0.3
2026-08-15,9746,ＴＫＣ,情報・通信業,24.09,0.0,除外,0.0,0.0,0.4737,0.5,0.231,,,,,0.5214,0.2581,0.7155,0.4,0.0,0.0,1.0,1.0,0.501,0.1231,0.0,0.2999,"1,2,3,4,5",,,,,,,,
2026-08-15,9755,応用地質,サービス業,28.58,0.4,除外,0.0,0.0,0.6066,0.1068,0.7156,,,,,1.0,0.2884,0.5378,0.6,0.2273,0.0,0.0,0.2,1.0,0.1453,0.7171,1.0,"1,2,4",,,,,,,,
2026-08-15,9757,船井総研ホールディングス,サービス業,24.64,0.0,除外,0.0,0.0,0.5981,0.125,0.5088,,,,,0.4346,0.6212,0.8032,0.5333,0.0,0.0,0.0,0.5,0.6691,0.1246,0.2416,1.0,"1,2,3,4,5",,,,,,,,
2026-08-15,9759,ＮＳＤ,情報・通信業,13.98,0.0,除外,0.0,0.0,0.328,0.1382,0.2326,,,,,0.09,0.3112,0.7108,0.2,0.0,0.0,0.0526,0.5,0.3213,0.1733,0.0842,0.3516,"1,2,3,4,5",,,,,,,,
2026-08-15,9766,コナミグループ,情報・通信業,19.52,0.0,除外,0.0,0.0,0.5676,0.1553,0.2532,,,,,0.3614,0.3631,0.9459,0.6,0.0,0.0,0.4211,0.2,0.7906,0.2221,0.0,0.0,"1,2,3,4,5",,,,,,,,
2026-08-15,9790,福井コンピュータホールディングス,情報・通信業,28.32,0.2,除外,0.0,0.2588,0.2669,0.2127,0.6778,0.2924,0.7105,0.0323,0.0,0.0077,0.4599,0.0,0.6,0.5455,0.0,0.1053,0.2,0.9305,0.3,0.4806,1.0,"1,2,3,4",,,,,,,,
2026-08-15,9793,ダイセキ,サービス業,50.29,0.2,除外,0.5265,0.2892,0.4766,0.5437,0.6783,0.3896,0.6706,0.0968,0.0,0.424,0.3031,0.7795,0.4,0.7273,0.0,0.9474,0.5,0.736,0.3309,0.6464,1.0,"1,2,3,4",1.0,1.0,0.5,0.0,0.7539,0.4579,0.5,0.0
2026-08-15,9824,泉州電業,卸売業,53.38,0.4,除外,0.922,0.4671,0.7124,0.4467,0.1209,0.688,0.7609,0.4194,0.0,1.0,0.8589,0.7242,0.2667,0.9545,0.6324,0.0,0.2,0.2071,0.2764,0.0,0.0,"2,4,5",1.0,1.0,1.0,1.0,1.0,0.6763,1.0,0.7
2026-08-15,9828,Ｇｅｎｋｉ　Ｇｌｏｂａｌ　Ｄｉｎｉｎｇ　Ｃｏｎｃｅｐｔｓ,小売業,26.39,0.2,除外,0.7176,0.0,0.4031,0.199,0.0,,,,,0.0,0.4152,0.6638,0.5333,0.0,0.4909,0.1053,0.2,0.0,,0.0,0.0,"2,3,4,5",1.0,0.575,0.5,1.0,0.8816,0.484,1.0,0.3
2026-08-15,9830,トラスコ中山,卸売業,30.33,0.0,除外,0.0,0.5221,0.2182,0.3216,0.4545,0.3647,0.3043,0.4194,1.0,0.0,0.3925,0.2136,0.2667,0.0909,0.1455,0.85,0.2,1.0,0.2211,0.5969,0.0,"1,2,3,4,5",,,,,,,,
2026-08-15,9831,ヤマダホールディングス,小売業,48.96,0.4,除外,0.7026,0.657,0.4884,0.2588,0.3411,0.6601,0.9035,0.0645,1.0,0.4279,0.5943,0.5316,0.4,0.2,0.6353,0.0,0.2,0.0234,,0.0,1.0,"3,4,5",1.0,1.0,1.0,0.0,1.0,0.5209,1.0,0.1
2026-08-15,9832,オートバックスセブン,卸売業,28.9,0.0,除外,0.0,0.2636,0.3948,0.2081,0.5786,0.272,0.2065,0.4194,0.1563,0.2598,0.0933,0.6927,0.5333,0.2273,0.0,0.1053,0.5,0.9061,0.1575,0.251,1.0,"1,2,3,4,5",,,,,,,,
2026-08-15,9837,モリト,卸売業,50.03,0.4,除外,0.7667,0.371,0.4733,0.1331,0.7575,0.532,0.5326,0.4194,0.0,0.2068,0.2689,0.7509,0.6667,0.2273,0.0,0.1053,0.2,0.9279,0.1481,0.9537,1.0,"2,3,4",1.0,1.0,0.5,1.0,0.687,0.447,0.5,1.0
2026-08-15,9842,アークランズ,小売業,28.55,0.2,除外,0.7278,0.2557,0.054,0.1218,0.268,0.3014,0.614,0.0645,0.0427,0.0,0.1495,0.0,0.0667,0.1818,0.0,0.1053,0.2,0.1078,0.0884,0.285,0.5907,"2,3,4,5",1.0,0.5789,1.0,1.0,0.4001,0.7436,1.0,0.1
2026-08-15,9843,ニトリホールディングス,小売業,19.34,0.0,除外,0.0,0.0,0.3155,0.3526,0.2989,,,,,0.1165,0.4174,0.128,0.6,0.1818,0.0182,0.2105,1.0,0.4197,0.1596,0.0,0.6165,"1,2,3,4,5",,,,,,,,
2026-08-15,9861,吉野家ホールディングス,小売業,47.32,0.4,除外,0.9484,0.5104,0.2802,0.6273,0.0,0.3278,0.6491,0.0645,1.0,0.0,0.7013,0.4196,0.0,,0.3818,1.0,0.5,0.0,,0.0,0.0,"2,3,5",1.0,1.0,1.0,1.0,0.872,0.7149,1.0,1.0
2026-08-15,9869,加藤産業,卸売業,55.17,0.2,除外,0.8418,0.514,0.4198,0.3949,0.588,0.3542,0.2826,0.4194,1.0,0.4388,0.3968,0.4434,0.4,0.4545,0.0,0.925,0.2,0.9115,0.2417,0.1988,1.0,"2,3,4,5",1.0,0.8426,0.5,1.0,0.5872,0.8043,1.0,1.0
2026-08-15,9880,イノテック,電気機器,56.77,0.4,除外,0.7029,0.6556,0.4962,0.3973,0.5867,0.9261,0.7607,0.9355,0.0,0.4908,0.4998,0.261,0.7333,0.8636,0.3676,0.1579,0.2,0.5227,0.4632,0.3608,1.0,"3,4,5",1.0,1.0,1.0,0.0,1.0,0.2236,1.0,0.4
2026-08-15,9882,イエローハット,卸売業,50.42,0.2,除外,0.6748,0.5743,0.4724,0.3895,0.4102,0.4431,0.4348,0.4194,1.0,0.4449,0.3798,0.7982,0.2667,0.4,0.8,0.1579,0.2,0.6645,,0.1689,0.3972,"2,3,4,5",1.0,0.9232,1.0,0.0,0.6644,0.7108,1.0,0.1
2026-08-15,9887,松屋フーズホールディングス,小売業,32.11,0.4,除外,0.0,0.0,0.6261,0.299,0.6804,,,,,1.0,0.2417,0.9962,0.2667,0.0909,0.0,0.1053,1.0,0.8754,0.1179,0.7283,1.0,"1,2,4",,,,,,,,
2026-08-15,9889,ＪＢＣＣホールディングス,情報・通信業,51.02,0.2,除外,0.9375,0.4929,0.34,0.5795,0.2013,0.2638,0.6754,0.0323,1.0,0.0,0.3691,0.4574,0.5333,,0.3636,0.875,0.5,0.6039,,0.0,0.0,"2,3,4,5",1.0,1.0,0.5,1.0,1.0,1.0,1.0,1.0
2026-08-15,9900,サガミホールディングス,小売業,52.87,0.4,除外,0.9307,0.4542,0.5337,0.7167,0.0085,0.2434,0.5088,0.0645,1.0,0.3772,0.4856,0.7389,0.5333,,0.2,0.95,1.0,0.0255,,0.0,0.0,"2,3,5",1.0,0.9508,0.5,1.0,1.0,0.9945,1.0,1.0
2026-08-15,9902,日伝,卸売業,54.63,0.4,除外,0.9724,0.4565,0.4433,0.7621,0.0972,0.2329,0.1739,0.4194,1.0,0.1961,0.454,0.9233,0.2,,0.4364,0.85,1.0,0.2917,,0.0,0.0,"2,3,5",1.0,0.8174,1.0,1.0,1.0,0.9615,1.0,1.0
2026-08-15,9934,因幡電機産業,卸売業,55.66,0.2,除外,1.0,0.5531,0.4364,0.4601,0.3333,0.6179,0.6739,0.4194,0.5011,0.2568,0.4987,0.3901,0.6,,0.3382,0.8421,0.2,1.0,,0.0,0.0,"2,3,4,5",1.0,1.0,1.0,1.0,1.0,1.0,1.0,1.0
2026-08-15,9936,王将フードサービス,小売業,26.99,0.0,除外,0.0,0.0,0.5544,0.32,0.4751,,,,,0.6809,0.2802,0.7234,0.5333,0.2273,0.0,0.0526,1.0,0.5086,0.1678,0.2239,1.0,"1,2,3,4,5",,,,,,,,
2026-08-15,9946,ミニストップ,小売業,21.28,0.0,除外,0.0,0.1778,0.2775,0.0632,0.5453,0.217,0.4298,0.0645,0.0,0.0,0.1648,0.7453,0.2,0.0,0.0,0.0526,0.2,0.3885,0.1073,0.6855,1.0,"1,2,3,4,5",,,,,,,,
2026-08-15,9948,アークス,小売業,49.98,0.2,除外,0.7477,0.556,0.4911,0.1995,0.5048,0.4228,0.7368,0.0645,1.0,0.4867,0.4382,0.7729,0.2667,0.1818,0.3636,0.0526,0.2,0.3284,0.1342,0.5568,1.0,"2,3,4,5",1.0,1.0,0.5,1.0,0.6312,0.5506,1.0,0.3
2026-08-15,9956,バローホールディングス,小売業,27.14,0.0,除外,0.2986,0.3701,0.2596,0.2145,0.214,0.5561,0.8596,0.0645,0.0,0.0,0.0819,0.7566,0.2,0.5,0.0,0.1579,0.2,0.0,0.1644,0.5941,0.0976,"1,2,3,4,5",0.0,1.0,0.5,0.0,0.6866,0.202,0.0,0.0
2026-08-15,9960,東テク,卸売業,33.71,0.2,除外,0.4059,0.6901,0.1778,0.1068,0.3047,0.642,0.7065,0.4194,0.9924,0.0,0.2222,0.0888,0.4,0.2273,0.0,0.0,0.2,0.6235,0.139,0.4564,0.0,"1,3,4,5",0.0,1.0,0.5,0.0,1.0,0.2473,0.5,0.0
2026-08-15,9962,ミスミグループ本社,卸売業,56.97,0.6,監視,0.7415,0.8167,0.2309,0.4184,0.641,0.8802,0.9674,0.4194,1.0,0.0,0.5509,0.106,0.2667,0.8,0.6735,0.0,0.2,0.4203,,0.5026,1.0,"3,4",1.0,1.0,1.0,0.0,1.0,0.5319,1.0,0.4
2026-08-15,9974,ベルク,小売業,19.38,0.0,除外,0.0,0.0,0.3465,0.1331,0.4893,,,,,0.3835,0.143,0.8594,0.0,0.2273,0.0,0.1053,0.2,0.4222,0.1076,0.4274,1.0,"1,2,3,4,5",,,,,,,,
2026-08-15,9983,ファーストリテイリング,小売業,53.17,0.4,除外,0.6978,0.4849,0.3604,0.487,0.6286,0.7694,0.9561,0.0645,0.1496,0.1539,0.3656,0.789,0.1333,0.8,0.5794,0.3684,0.2,0.2003,0.4444,0.8696,1.0,"2,3,4",1.0,1.0,1.0,0.0,1.0,0.5823,1.0,0.0
2026-08-15,9984,ソフトバンクグループ,情報・通信業,59.01,0.4,除外,0.625,0.4882,0.8359,0.536,0.4653,0.9292,0.9912,0.0323,0.0,1.0,0.6331,0.9772,0.7333,0.8182,0.0364,0.7895,0.5,0.1906,0.3705,0.3003,1.0,"2,4,5",1.0,1.0,1.0,0.0,1.0,0.0,1.0,0.0
2026-08-15,9987,スズケン,卸売業,29.31,0.2,除外,0.0,0.0,0.722,0.2213,0.522,,,,,1.0,0.3942,0.894,0.6,0.2273,0.0,0.1579,0.5,0.8195,0.2683,0.0,1.0,"1,2,4,5",,,,,,,,
2026-08-15,9989,サンドラッグ,小売業,26.23,0.2,除外,0.0,0.0,0.71,0.2632,0.3381,,,,,1.0,0.5773,0.9295,0.3333,0.0,0.0,0.0526,1.0,0.2689,0.0837,0.0,1.0,"1,2,4,5",,,,,,,,
2026-08-15,9997,ベルーナ,小売業,43.48,0.2,除外,0.6944,0.5501,0.4192,0.2836,0.2265,0.4077,0.7281,0.0645,1.0,0.1011,0.2759,0.5,0.8,0.2,0.3818,0.0526,0.5,0.6795,,0.0,0.0,"2,3,4,5",1.0,0.6478,0.5,1.0,0.6803,0.6275,1.0,0.1
