ticker,code,name,market,sector33,size,last_date,bars,last_close,adv_jpy,adv_shares,turnover_last,ok_adv,ok_price,ok_history,ok_split,ok_fresh,passes
285A.T,285A,キオクシアホールディングス,Prime,電気機器,,2026-09-24,428.0,54580.0,1582248613050.0,29866910.0,1517847968000.0,True,True,True,True,True,True
9984.T,9984,ソフトバンクグループ,Prime,情報・通信業,,2026-09-24,2620.0,6352.0,375995163275.0,61713590.0,545047969600.0,True,True,True,True,True,True
6857.T,6857,アドバンテスト,Prime,電気機器,,2026-09-24,2620.0,33060.0,294266914650.0,8906225.0,290584176000.0,True,True,True,True,True,True
6976.T,6976,太陽誘電,Prime,電気機器,,2026-09-24,2620.0,8935.0,252482318990.0,27554665.0,244539334500.0,True,True,True,True,True,True
5803.T,5803,フジクラ,Prime,非鉄金属,,2026-09-24,2620.0,4911.0,208377741790.0,40341460.0,167758777800.0,True,True,True,True,True,True
4062.T,4062,イビデン,Prime,電気機器,,2026-09-24,2620.0,22405.0,166950599000.0,8214435.0,277815278500.0,True,True,True,True,True,True
8035.T,8035,東京エレクトロン,Prime,電気機器,,2026-09-24,2620.0,53920.0,158010179400.0,2949530.0,201143168000.0,True,True,True,True,True,True
6981.T,6981,村田製作所,Prime,電気機器,,2026-09-24,2620.0,7823.0,151946868900.0,20738590.0,150362753800.0,True,True,True,True,True,True
8306.T,8306,三菱ＵＦＪフィナンシャル・グループ,Prime,銀行業,,2026-09-24,2620.0,3573.0,142722912435.0,38922810.0,144959111100.0,True,True,True,True,True,True
6920.T,6920,レーザーテック,Prime,電気機器,,2026-09-24,2620.0,39780.0,111812217200.0,3157220.0,170938638000.0,True,True,True,True,True,True
5801.T,5801,古河電気工業,Prime,非鉄金属,,2026-09-24,2620.0,3807.0,89553579370.0,22971655.0,75602832300.0,True,True,True,True,True,True
8316.T,8316,三井住友フィナンシャルグループ,Prime,銀行業,,2026-09-24,2620.0,6679.0,81980759830.0,11881010.0,86779579100.0,True,True,True,True,True,True
278A.T,278A,Ｔｅｒｒａ　Ｄｒｏｎｅ,Growth,精密機器,,2026-09-24,441.0,19950.0,80363916450.0,4183070.0,35526960000.0,True,True,True,True,True,True
6098.T,6098,リクルートホールディングス,Prime,サービス業,,2026-09-24,2620.0,16000.0,77675041600.0,4667180.0,100076800000.0,True,True,True,True,True,True
6146.T,6146,ディスコ,Prime,機械,,2026-09-24,2620.0,53320.0,76593383850.0,1390535.0,73608260000.0,True,True,True,True,True,True
7203.T,7203,トヨタ自動車,Prime,輸送用機器,,2026-09-24,2620.0,2969.0,74902943692.5,24473390.0,100403563700.0,True,True,True,True,True,True
8411.T,8411,みずほフィナンシャルグループ,Prime,銀行業,,2026-09-24,2620.0,8280.0,73166557575.0,8533630.0,81209412000.0,True,True,True,True,True,True
6525.T,6525,ＫＯＫＵＳＡＩ　ＥＬＥＣＴＲＩＣ,Prime,電気機器,,2026-09-24,710.0,9089.0,70626600640.0,8212450.0,69075491100.0,True,True,True,True,True,True
9983.T,9983,ファーストリテイリング,Prime,小売業,,2026-09-24,2620.0,67920.0,69515334900.0,1010785.0,78230256000.0,True,True,True,True,True,True
7974.T,7974,任天堂,Prime,その他製品,,2026-09-24,2620.0,8196.0,68459450420.0,7998255.0,54172281600.0,True,True,True,True,True,True
5016.T,5016,ＪＸ金属,Prime,非鉄金属,,2026-09-24,370.0,3570.0,61778557615.0,16683440.0,51962421000.0,True,True,True,True,True,True
7011.T,7011,三菱重工業,Prime,機械,,2026-09-24,2620.0,3929.0,60885397925.0,15926015.0,77286966100.0,True,True,True,True,True,True
6758.T,6758,ソニーグループ,Prime,電気機器,,2026-09-24,2620.0,3663.0,53554803465.0,14077560.0,60478327800.0,True,True,True,True,True,True
6501.T,6501,日立製作所,Prime,電気機器,,2026-09-24,2620.0,5497.0,51290888675.0,9539305.0,74186412600.0,True,True,True,True,True,True
8766.T,8766,東京海上ホールディングス,Prime,保険業,,2026-09-24,2620.0,7932.0,46917993390.0,5940980.0,76853941200.0,True,True,True,True,True,True
6861.T,6861,キーエンス,Prime,電気機器,,2026-09-24,2620.0,77270.0,41129187450.0,526130.0,72850156000.0,True,True,True,True,True,True
8001.T,8001,伊藤忠商事,Prime,卸売業,,2026-09-24,2620.0,2220.5,39552037532.5,17620010.0,65514520200.0,True,True,True,True,True,True
8058.T,8058,三菱商事,Prime,卸売業,,2026-09-24,2620.0,4811.0,38987286600.0,7926305.0,49674537200.0,True,True,True,True,True,True
5802.T,5802,住友電気工業,Prime,非鉄金属,,2026-09-24,2620.0,2200.5,38023911232.5,17789625.0,63506870100.0,True,True,True,True,True,True
5706.T,5706,三井金属,Prime,非鉄金属,,2026-09-24,2620.0,23025.0,37955211000.0,1503765.0,44988547500.0,True,True,True,True,True,True
4063.T,4063,信越化学工業,Prime,化学,,2026-09-24,2620.0,5903.0,36800581070.0,6298610.0,52040848000.0,True,True,True,True,True,True
6723.T,6723,ルネサスエレクトロニクス,Prime,電気機器,,2026-09-24,2620.0,3490.0,34746853165.0,10489805.0,57938537000.0,True,True,True,True,True,True
3436.T,3436,ＳＵＭＣＯ,Prime,金属製品,,2026-09-24,2620.0,3115.0,34741210230.0,10948325.0,31849629000.0,True,True,True,True,True,True
6752.T,6752,パナソニック　ホールディングス,Prime,電気機器,,2026-09-24,2620.0,4508.0,34416142325.0,7974115.0,54006290800.0,True,True,True,True,True,True
8031.T,8031,三井物産,Prime,卸売業,,2026-09-24,2620.0,5033.0,33104578955.0,6502930.0,35511841400.0,True,True,True,True,True,True
7013.T,7013,ＩＨＩ,Prime,機械,,2026-09-24,2620.0,2809.0,32336456937.5,11883660.0,29113599600.0,True,True,True,True,True,True
6503.T,6503,三菱電機,Prime,電気機器,,2026-09-24,2620.0,5274.0,29873521840.0,5642235.0,32033221200.0,True,True,True,True,True,True
6701.T,6701,日本電気,Prime,電気機器,,2026-09-24,2620.0,4792.0,29139024785.0,6124750.0,29346687200.0,True,True,True,True,True,True
4004.T,4004,レゾナック・ホールディングス,Prime,化学,,2026-09-24,2620.0,14860.0,28938675275.0,1917915.0,37447200000.0,True,True,True,True,True,True
5713.T,5713,住友金属鉱山,Prime,非鉄金属,,2026-09-24,2620.0,9538.0,28828040085.0,2779925.0,18473198400.0,True,True,True,True,True,True
7012.T,7012,川崎重工業,Prime,輸送用機器,,2026-09-24,2620.0,2400.0,27578630897.5,11267015.0,21650160000.0,True,True,True,True,True,True
7741.T,7741,ＨＯＹＡ,Prime,精密機器,,2026-09-24,2620.0,23140.0,27570525525.0,1165465.0,33990346000.0,True,True,True,True,True,True
6954.T,6954,ファナック,Prime,電気機器,,2026-09-24,2620.0,6021.0,26252780525.0,4461850.0,30912416100.0,True,True,True,True,True,True
6702.T,6702,富士通,Prime,電気機器,,2026-09-24,2620.0,3993.0,26147191185.0,6744185.0,31630549500.0,True,True,True,True,True,True
6762.T,6762,ＴＤＫ,Prime,電気機器,,2026-09-24,2620.0,2954.5,25690996347.5,8838780.0,42195578100.0,True,True,True,True,True,True
9433.T,9433,ＫＤＤＩ,Prime,情報・通信業,,2026-09-24,2620.0,3031.0,25206874267.5,8414990.0,36742994400.0,True,True,True,True,True,True
5401.T,5401,日本製鉄,Prime,鉄鋼,,2026-09-24,2620.0,681.0,24661645579.204712,35842990.0,23288293200.0,True,True,True,True,True,True
7936.T,7936,アシックス,Prime,その他製品,,2026-09-24,2620.0,4110.0,24531547465.0,5799425.0,19952817000.0,True,True,True,True,True,True
7267.T,7267,本田技研工業,Prime,輸送用機器,,2026-09-24,2620.0,1733.0,24407135550.0,14482905.0,38968584600.0,True,True,True,True,True,True
4502.T,4502,武田薬品工業,Prime,医薬品,,2026-09-24,2620.0,5885.0,23834762355.0,4105100.0,37081973500.0,True,True,True,True,True,True
8002.T,8002,丸紅,Prime,卸売業,,2026-09-24,2620.0,4878.0,23789689855.0,4742525.0,33653809800.0,True,True,True,True,True,True
6367.T,6367,ダイキン工業,Prime,機械,,2026-09-24,2620.0,20720.0,23586726400.0,1135480.0,46342352000.0,True,True,True,True,True,True
8725.T,8725,ＭＳ＆ＡＤインシュアランスグループホールディングス,Prime,保険業,,2026-09-24,2620.0,4970.0,23370140000.0,4565545.0,41255970000.0,True,True,True,True,True,True
8308.T,8308,りそなホールディングス,Prime,銀行業,,2026-09-24,2620.0,2419.0,22931302537.5,9201420.0,19161140900.0,True,True,True,True,True,True
7735.T,7735,ＳＣＲＥＥＮホールディングス,Prime,電気機器,,2026-09-24,2620.0,13300.0,22628921550.0,1738560.0,24150140000.0,True,True,True,True,True,True
2914.T,2914,日本たばこ産業,Prime,食料品,,2026-09-24,2620.0,6872.0,22621893100.0,3306150.0,31070373600.0,True,True,True,True,True,True
9104.T,9104,商船三井,Prime,海運業,,2026-09-24,2620.0,7104.0,22591394570.0,3179110.0,23968896000.0,True,True,True,True,True,True
6330.T,6330,東洋エンジニアリング,Prime,建設業,,2026-09-24,2620.0,2640.0,22529028005.0,8365665.0,22773168000.0,True,True,True,True,True,True
9101.T,9101,日本郵船,Prime,海運業,,2026-09-24,2620.0,7255.0,22340090910.0,3098355.0,23924813500.0,True,True,True,True,True,True
8136.T,8136,サンリオ,Prime,卸売業,,2026-09-24,2620.0,1212.0,22076654835.0,17774120.0,12034796400.0,True,True,True,True,True,True
9501.T,9501,東京電力ホールディングス,Prime,電気・ガス業,,2026-09-24,2620.0,525.4000244140625,21652121162.61963,39464420.0,19924640045.84961,True,True,True,True,True,True
1605.T,1605,ＩＮＰＥＸ,Prime,鉱業,,2026-09-24,2620.0,3834.0,20986790615.0,5354835.0,19475569800.0,True,True,True,True,True,True
6301.T,6301,小松製作所,Prime,機械,,2026-09-24,2620.0,7209.0,20785097545.0,2845005.0,26679067200.0,True,True,True,True,True,True
8591.T,8591,オリックス,Prime,その他金融業,,2026-09-24,2620.0,6050.0,20632072125.0,3328425.0,22104885000.0,True,True,True,True,True,True
8053.T,8053,住友商事,Prime,卸売業,,2026-09-24,2620.0,1768.5,19182833642.5,10607610.0,19959114150.0,True,True,True,True,True,True
7182.T,7182,ゆうちょ銀行,Prime,銀行業,,2026-09-24,2620.0,3200.0,18212098195.0,5499185.0,19867840000.0,True,True,True,True,True,True
3103.T,3103,ユニチカ,Prime,繊維製品,,2026-09-24,2620.0,1470.0,18071367150.0,11813135.0,6056841000.0,True,True,True,True,True,True
9434.T,9434,ソフトバンク,Prime,情報・通信業,,2026-09-24,1891.0,246.3000030517578,18054728888.480835,74222130.0,23543644881.715393,True,True,True,True,True,True
3382.T,3382,セブン＆アイ・ホールディングス,Prime,小売業,,2026-09-24,2620.0,2000.0,18034598825.0,8900120.0,15847200000.0,True,True,True,True,True,True
6203.T,6203,豊和工業,Standard,機械,,2026-09-24,2620.0,2455.0,18004754560.0,7741140.0,7116554000.0,True,True,True,True,True,True
6273.T,6273,ＳＭＣ,Prime,機械,,2026-09-24,2620.0,68510.0,17096597300.0,250425.0,23533185000.0,True,True,True,True,True,True
4568.T,4568,第一三共,Prime,医薬品,,2026-09-24,2620.0,2880.0,16484352530.0,5794120.0,21720384000.0,True,True,True,True,True,True
8750.T,8750,第一生命ホールディングス,Prime,保険業,,2026-09-24,2620.0,1870.5,16174086612.5,8683850.0,22263252150.0,True,True,True,True,True,True
8604.T,8604,野村ホールディングス,Prime,証券、商品先物取引業,,2026-09-24,2620.0,1549.5,15993271927.5,9856535.0,16881957450.0,True,True,True,True,True,True
6971.T,6971,京セラ,Prime,電気機器,,2026-09-24,2620.0,3650.0,15892394170.0,4466270.0,17680235000.0,True,True,True,True,True,True
8015.T,8015,豊田通商,Prime,卸売業,,2026-09-24,2620.0,7361.0,15883427455.0,2113405.0,15378601200.0,True,True,True,True,True,True
6506.T,6506,安川電機,Prime,電気機器,,2026-09-24,2620.0,4507.0,15876589390.0,3480655.0,13190636900.0,True,True,True,True,True,True
8309.T,8309,三井住友トラストグループ,Prime,銀行業,,2026-09-24,2620.0,1760.0,15707828580.0,8860935.0,18374224000.0,True,True,True,True,True,True
9107.T,9107,川崎汽船,Prime,海運業,,2026-09-24,2620.0,3406.0,15678488950.0,4624850.0,14723456800.0,True,True,True,True,True,True
4519.T,4519,中外製薬,Prime,医薬品,,2026-09-24,2620.0,6650.0,15580863985.0,2331730.0,20812505000.0,True,True,True,True,True,True
3563.T,3563,ＦＯＯＤ　＆　ＬＩＦＥ　ＣＯＭＰＡＮＩＥＳ,Prime,小売業,,2026-09-24,2336.0,4894.0,14918899160.0,2768620.0,21376013200.0,True,True,True,True,True,True
8630.T,8630,ＳＯＭＰＯホールディングス,Prime,保険業,,2026-09-24,2620.0,6768.0,14847330035.0,2177230.0,21208204800.0,True,True,True,True,True,True
6871.T,6871,日本マイクロニクス,Prime,電気機器,,2026-09-24,2620.0,13760.0,14777504500.0,1150345.0,14896576000.0,True,True,True,True,True,True
7832.T,7832,バンダイナムコホールディングス,Prime,その他製品,,2026-09-24,2620.0,5479.0,14673140285.0,2654200.0,12547457900.0,True,True,True,True,True,True
8267.T,8267,イオン,Prime,小売業,,2026-09-24,2620.0,1300.0,14637519417.5,10755865.0,15975310000.0,True,True,True,True,True,True
4661.T,4661,オリエンタルランド,Prime,サービス業,,2026-09-24,2620.0,2956.5,14615049970.0,4757390.0,19690881300.0,True,True,True,True,True,True
4578.T,4578,大塚ホールディングス,Prime,医薬品,,2026-09-24,2620.0,11040.0,14574255825.0,1250660.0,18784560000.0,True,True,True,True,True,True
5411.T,5411,ＪＦＥホールディングス,Prime,鉄鋼,,2026-09-24,2620.0,1846.5,14504411970.0,7821515.0,9915335700.0,True,True,True,True,True,True
3110.T,3110,日東紡績,Prime,ガラス・土石製品,,2026-09-24,2620.0,3010.0,14273803130.0,4771075.0,11782946000.0,True,True,True,True,True,True
5108.T,5108,ブリヂストン,Prime,ゴム製品,,2026-09-24,2620.0,3801.0,14206616925.0,3653970.0,21908583900.0,True,True,True,True,True,True
2802.T,2802,味の素,Prime,食料品,,2026-09-24,2620.0,4998.0,13978748530.0,2720440.0,17067670200.0,True,True,True,True,True,True
4503.T,4503,アステラス製薬,Prime,医薬品,,2026-09-24,2620.0,2359.0,13952565475.0,5946980.0,19988278800.0,True,True,True,True,True,True
6963.T,6963,ローム,Prime,電気機器,,2026-09-24,2620.0,4742.0,13928286665.0,2928620.0,14362095400.0,True,True,True,True,True,True
9503.T,9503,関西電力,Prime,電気・ガス業,,2026-09-24,2620.0,2765.5,13911877392.5,4827950.0,24658027650.0,True,True,True,True,True,True
8801.T,8801,三井不動産,Prime,不動産業,,2026-09-24,2620.0,1501.0,13832199807.5,9189190.0,20777292300.0,True,True,True,True,True,True
6178.T,6178,日本郵政,Prime,サービス業,,2026-09-24,2620.0,2485.0,13820312977.5,5558250.0,14639632000.0,True,True,True,True,True,True
5711.T,5711,三菱マテリアル,Prime,非鉄金属,,2026-09-24,2620.0,5158.0,13772639750.0,2510895.0,7517785000.0,True,True,True,True,True,True
8473.T,8473,ＳＢＩホールディングス,Prime,証券、商品先物取引業,,2026-09-24,2620.0,3251.0,13720837315.0,4146120.0,11287146900.0,True,True,True,True,True,True
6326.T,6326,クボタ,Prime,機械,,2026-09-24,2620.0,2750.5,13683230790.0,4768130.0,14871678450.0,True,True,True,True,True,True
7751.T,7751,キヤノン,Prime,電気機器,,2026-09-24,2620.0,4564.0,13554796335.0,2983345.0,14071268400.0,True,True,True,True,True,True
7532.T,7532,パン・パシフィック・インターナショナルホールディングス,Prime,小売業,,2026-09-24,2620.0,716.0,13491237025.757141,17723115.0,13822809600.0,True,True,True,True,True,True
6361.T,6361,荏原製作所,Prime,機械,,2026-09-24,2620.0,4510.0,13454569620.0,2997160.0,24029280000.0,True,True,True,True,True,True
8802.T,8802,三菱地所,Prime,不動産業,,2026-09-24,2620.0,3635.0,13362657385.0,3616060.0,15583608500.0,True,True,True,True,True,True
5020.T,5020,ＥＮＥＯＳホールディングス,Prime,石油・石炭製品,,2026-09-24,2620.0,1422.0,13215462027.5,9420575.0,13226306400.0,True,True,True,True,True,True
7269.T,7269,スズキ,Prime,輸送用機器,,2026-09-24,2620.0,1991.0,13063322875.0,6274770.0,18066533100.0,True,True,True,True,True,True
6902.T,6902,デンソー,Prime,輸送用機器,,2026-09-24,2620.0,1911.5,12904698500.0,6727985.0,15145387950.0,True,True,True,True,True,True
4901.T,4901,富士フイルムホールディングス,Prime,化学,,2026-09-24,2620.0,3369.0,12625653840.0,3826855.0,13026912300.0,True,True,True,True,True,True
6594.T,6594,ニデック,Prime,電気機器,,2026-09-24,2620.0,2822.0,12531465445.0,4665455.0,29345131400.0,True,True,True,True,True,True
6526.T,6526,ソシオネクスト,Prime,電気機器,,2026-09-24,966.0,2300.0,12436373250.0,6214375.0,41890130000.0,True,True,True,True,True,True
9843.T,9843,ニトリホールディングス,Prime,小売業,,2026-09-24,2620.0,3034.0,11978494075.0,3776850.0,19956438400.0,True,True,True,True,True,True
7201.T,7201,日産自動車,Prime,輸送用機器,,2026-09-24,2620.0,303.5,11958078107.668,37897565.0,15459865100.0,True,True,True,True,True,True
4307.T,4307,野村総合研究所,Prime,情報・通信業,,2026-09-24,2620.0,5034.0,11609535840.0,2276640.0,12926808600.0,True,True,True,True,True,True
336A.T,336A,ダイナミックマッププラットフォーム,Growth,情報・通信業,,2026-09-24,365.0,1352.0,11564725285.0,7900425.0,2137241600.0,True,True,True,True,True,True
4755.T,4755,楽天グループ,Prime,サービス業,,2026-09-24,2620.0,691.7999877929688,11527864733.721619,15612325.0,17117898897.949219,True,True,True,True,True,True
7272.T,7272,ヤマハ発動機,Prime,輸送用機器,,2026-09-24,2620.0,1825.0,11425923342.5,6186275.0,9817952500.0,True,True,True,True,True,True
4588.T,4588,オンコリスバイオファーマ,Growth,医薬品,,2026-09-24,2620.0,5990.0,11109552550.0,2073675.0,14244819000.0,True,True,True,True,True,True
9697.T,9697,カプコン,Prime,情報・通信業,,2026-09-24,2620.0,4400.0,10980395990.0,2549355.0,11733920000.0,True,True,True,True,True,True
3350.T,3350,メタプラネット,Standard,卸売業,,2026-09-24,2620.0,288.0,10934500500.0,37314145.0,15691190400.0,True,True,True,True,True,True
6787.T,6787,メイコー,Prime,電気機器,,2026-09-24,2620.0,23780.0,10785386950.0,534625.0,23230682000.0,True,True,True,True,True,True
7453.T,7453,良品計画,Prime,小売業,,2026-09-24,2620.0,3943.0,10781182420.0,2605910.0,9342938500.0,True,True,True,True,True,True
4689.T,4689,ＬＩＮＥヤフー,Prime,情報・通信業,,2026-09-24,2620.0,519.7999877929688,10742544550.742493,19814370.0,13610858720.361328,True,True,True,True,True,True
3659.T,3659,ネクソン,Prime,情報・通信業,,2026-09-24,2620.0,3148.0,10502655345.0,3341835.0,13831367600.0,True,True,True,True,True,True
4543.T,4543,テルモ,Prime,精密機器,,2026-09-24,2620.0,2274.5,10168598440.0,4298985.0,12206104250.0,True,True,True,True,True,True
1812.T,1812,鹿島建設,Prime,建設業,,2026-09-24,2620.0,4982.0,10024350230.0,2024130.0,8687611600.0,True,True,True,True,True,True
9020.T,9020,東日本旅客鉄道,Prime,陸運業,,2026-09-24,2620.0,3463.0,9886280725.0,2791565.0,10364412700.0,True,True,True,True,True,True
4684.T,4684,オービック,Prime,情報・通信業,,2026-09-24,2620.0,5057.0,9857359170.0,1974850.0,8559983900.0,True,True,True,True,True,True
6890.T,6890,フェローテック,Standard,電気機器,,2026-09-24,2620.0,10300.0,9778434900.0,1057910.0,23239890000.0,True,True,True,True,True,True
1801.T,1801,大成建設,Prime,建設業,,2026-09-24,2620.0,12655.0,9778071350.0,769415.0,8005553000.0,True,True,True,True,True,True
2502.T,2502,アサヒグループホールディングス,Prime,食料品,,2026-09-24,2620.0,1605.5,9762403010.0,5956640.0,10770978400.0,True,True,True,True,True,True
7270.T,7270,ＳＵＢＡＲＵ,Prime,輸送用機器,,2026-09-24,2620.0,2628.0,9761855835.0,3718380.0,8663202000.0,True,True,True,True,True,True
5334.T,5334,日本特殊陶業,Prime,ガラス・土石製品,,2026-09-24,2620.0,7417.0,9712227575.0,1256215.0,9695502400.0,True,True,True,True,True,True
8601.T,8601,大和証券グループ本社,Prime,証券、商品先物取引業,,2026-09-24,2620.0,1800.5,9639958227.5,5251770.0,13780846950.0,True,True,True,True,True,True
8830.T,8830,住友不動産,Prime,不動産業,,2026-09-24,2620.0,3215.0,9606700160.0,2936380.0,12610194500.0,True,True,True,True,True,True
9766.T,9766,コナミグループ,Prime,情報・通信業,,2026-09-24,2620.0,21390.0,9373071875.0,439195.0,9544218000.0,True,True,True,True,True,True
6988.T,6988,日東電工,Prime,化学,,2026-09-24,2620.0,3513.0,9362697075.0,2785560.0,12727247700.0,True,True,True,True,True,True
4452.T,4452,花王,Prime,化学,,2026-09-24,2620.0,3485.0,9277102325.0,2636125.0,8724697500.0,True,True,True,True,True,True
9502.T,9502,中部電力,Prime,電気・ガス業,,2026-09-24,2620.0,2869.0,9263510780.0,3163310.0,10244051400.0,True,True,True,True,True,True
6383.T,6383,ダイフク,Prime,機械,,2026-09-24,2620.0,5521.0,9188985300.0,1633265.0,10335864100.0,True,True,True,True,True,True
1925.T,1925,大和ハウス工業,Prime,建設業,,2026-09-24,2620.0,4532.0,8685316000.0,1867085.0,11049469200.0,True,True,True,True,True,True
7733.T,7733,オリンパス,Prime,精密機器,,2026-09-24,2620.0,1995.0,8664212017.5,4237350.0,7513569000.0,True,True,True,True,True,True
6479.T,6479,ミネベアミツミ,Prime,電気機器,,2026-09-24,2620.0,3606.0,8570590910.0,2528085.0,9352521600.0,True,True,True,True,True,True
7003.T,7003,三井Ｅ＆Ｓ,Prime,機械,,2026-09-24,2620.0,4363.0,8549944910.0,1981375.0,6734726800.0,True,True,True,True,True,True
4911.T,4911,資生堂,Prime,化学,,2026-09-24,2620.0,3530.0,8500745975.0,2417025.0,8058284000.0,True,True,True,True,True,True
5019.T,5019,出光興産,Prime,石油・石炭製品,,2026-09-24,2620.0,1650.5,8461950480.0,5429030.0,9599308000.0,True,True,True,True,True,True
4385.T,4385,メルカリ,Prime,情報・通信業,,2026-09-24,2022.0,3554.0,8353441550.0,2053195.0,9524364600.0,True,True,True,True,True,True
1928.T,1928,積水ハウス,Prime,建設業,,2026-09-24,2620.0,3349.0,8342376065.0,2466360.0,11133750500.0,True,True,True,True,True,True
9022.T,9022,東海旅客鉄道,Prime,陸運業,,2026-09-24,2620.0,3755.0,8292670280.0,2138515.0,9488509500.0,True,True,True,True,True,True
6504.T,6504,富士電機,Prime,電気機器,,2026-09-24,2620.0,13370.0,8274905775.0,626165.0,8691837000.0,True,True,True,True,True,True
6305.T,6305,日立建機,Prime,機械,,2026-09-24,2620.0,5645.0,8268893360.0,1422210.0,5837494500.0,True,True,True,True,True,True
7966.T,7966,リンテック,Prime,その他製品,,2026-09-24,2620.0,5710.0,8263126050.0,1536070.0,8647224000.0,True,True,True,True,True,True
2503.T,2503,キリンホールディングス,Prime,食料品,,2026-09-24,2620.0,2821.0,8208032902.5,2823435.0,10210609500.0,True,True,True,True,True,True
6532.T,6532,ベイカレント,Prime,サービス業,,2026-09-24,2476.0,7671.0,8199917190.0,1058660.0,11913063000.0,True,True,True,True,True,True
7014.T,7014,名村造船所,Standard,輸送用機器,,2026-09-24,2620.0,4905.0,8043814700.0,1680270.0,5981647500.0,True,True,True,True,True,True
7261.T,7261,マツダ,Prime,輸送用機器,,2026-09-24,2620.0,1156.0,7960321125.0,6779045.0,8626303200.0,True,True,True,True,True,True
9735.T,9735,セコム,Prime,サービス業,,2026-09-24,2620.0,6352.0,7822499495.0,1221445.0,9113214400.0,True,True,True,True,True,True
1803.T,1803,清水建設,Prime,建設業,,2026-09-24,2620.0,2350.5,7807503435.0,3261075.0,7175136300.0,True,True,True,True,True,True
8331.T,8331,千葉銀行,Prime,銀行業,,2026-09-24,2620.0,2732.0,7805908762.5,2816950.0,8451168800.0,True,True,True,True,True,True
7911.T,7911,ＴＯＰＰＡＮホールディングス,Prime,その他製品,,2026-09-24,2620.0,4921.0,7728716890.0,1574020.0,10285874200.0,True,True,True,True,True,True
1802.T,1802,大林組,Prime,建設業,,2026-09-24,2620.0,3062.0,7696007972.5,2535920.0,6774368800.0,True,True,True,True,True,True
8697.T,8697,日本取引所グループ,Prime,その他金融業,,2026-09-24,2620.0,2274.0,7663340092.5,3440445.0,9653130000.0,True,True,True,True,True,True
5333.T,5333,日本碍子,Prime,ガラス・土石製品,,2026-09-24,2620.0,5366.0,7582900990.0,1456960.0,6161241200.0,True,True,True,True,True,True
4188.T,4188,三菱ケミカルグループ,Prime,化学,,2026-09-24,2620.0,1172.0,7538298820.0,6286895.0,10555735200.0,True,True,True,True,True,True
4507.T,4507,塩野義製薬,Prime,医薬品,,2026-09-24,2620.0,2917.5,7520806565.0,2581045.0,9000195750.0,True,True,True,True,True,True
3099.T,3099,三越伊勢丹ホールディングス,Prime,小売業,,2026-09-24,2620.0,3331.0,7508320375.0,2274930.0,7865823400.0,True,True,True,True,True,True
7186.T,7186,横浜フィナンシャルグループ,Prime,銀行業,,2026-09-24,2580.0,1856.5,7467730047.5,3912085.0,7539803450.0,True,True,True,True,True,True
6645.T,6645,オムロン,Prime,電気機器,,2026-09-24,2620.0,6328.0,7433899295.0,1187580.0,6435576000.0,True,True,True,True,True,True
3407.T,3407,旭化成,Prime,化学,,2026-09-24,2620.0,1606.5,7357139820.0,4571450.0,6621189750.0,True,True,True,True,True,True
4005.T,4005,住友化学,Prime,化学,,2026-09-24,2620.0,588.2000122070312,7179795764.641418,12238505.0,5624015596.716309,True,True,True,True,True,True
3038.T,3038,神戸物産,Prime,卸売業,,2026-09-24,2620.0,2963.0,7098961272.5,2355485.0,5889258800.0,True,True,True,True,True,True
9706.T,9706,日本空港ビルデング,Prime,不動産業,,2026-09-24,2620.0,5529.0,7028084645.0,1241805.0,3997467000.0,True,True,True,True,True,True
8795.T,8795,Ｔ＆Ｄホールディングス,Prime,保険業,,2026-09-24,2620.0,4877.0,6993712875.0,1431865.0,5975788100.0,True,True,True,True,True,True
2768.T,2768,双日,Prime,卸売業,,2026-09-24,2620.0,5714.0,6920729555.0,1203840.0,7963030400.0,True,True,True,True,True,True
5201.T,5201,ＡＧＣ,Prime,ガラス・土石製品,,2026-09-24,2620.0,5688.0,6777997775.0,1200325.0,6905800800.0,True,True,True,True,True,True
9202.T,9202,ＡＮＡホールディングス,Prime,空運業,,2026-09-24,2620.0,3012.0,6743275077.5,2254845.0,7723972800.0,True,True,True,True,True,True
6315.T,6315,ＴＯＷＡ,Prime,機械,,2026-09-24,2620.0,2175.0,6635288120.0,2982515.0,6290100000.0,True,True,True,True,True,True
4704.T,4704,トレンドマイクロ,Prime,情報・通信業,,2026-09-24,2620.0,6588.0,6619177230.0,1094670.0,8552541600.0,True,True,True,True,True,True
5631.T,5631,日本製鋼所,Prime,機械,,2026-09-24,2620.0,7459.0,6598927750.0,908035.0,4003245300.0,True,True,True,True,True,True
5838.T,5838,楽天銀行,Prime,銀行業,,2026-09-24,836.0,6098.0,6566457670.0,1024240.0,5310748200.0,True,True,True,True,True,True
9024.T,9024,西武ホールディングス,Prime,陸運業,,2026-09-24,2620.0,3551.0,6565507835.0,1888455.0,5920582300.0,True,True,True,True,True,True
5831.T,5831,しずおかフィナンシャルグループ,Prime,銀行業,,2026-09-24,972.0,3460.0,6434837985.0,1800145.0,6471930000.0,True,True,True,True,True,True
6481.T,6481,ＴＨＫ,Prime,機械,,2026-09-24,2620.0,6235.0,6374746885.0,1018045.0,6019892500.0,True,True,True,True,True,True
6227.T,6227,ＡＩメカテック,Standard,機械,,2026-09-24,1259.0,6610.0,6357242650.0,1036350.0,14146061000.0,True,True,True,True,True,True
2413.T,2413,エムスリー,Prime,サービス業,,2026-09-24,2620.0,1730.5,6168531987.5,3506025.0,5752701150.0,True,True,True,True,True,True
5101.T,5101,横浜ゴム,Prime,ゴム製品,,2026-09-24,2620.0,6974.0,6152911985.0,874730.0,6137120000.0,True,True,True,True,True,True
9531.T,9531,東京瓦斯,Prime,電気・ガス業,,2026-09-24,2620.0,6167.0,6142415765.0,984355.0,8921182200.0,True,True,True,True,True,True
2801.T,2801,キッコーマン,Prime,食料品,,2026-09-24,2620.0,1648.5,6112596552.5,3513165.0,5571435450.0,True,True,True,True,True,True
4182.T,4182,三菱瓦斯化学,Prime,化学,,2026-09-24,2620.0,3840.0,6057505665.0,1578010.0,3687168000.0,True,True,True,True,True,True
9532.T,9532,大阪瓦斯,Prime,電気・ガス業,,2026-09-24,2620.0,5803.0,6051789930.0,1026870.0,9516920000.0,True,True,True,True,True,True
4506.T,4506,住友ファーマ,Prime,医薬品,,2026-09-24,2620.0,1589.5,6047509935.0,3843965.0,4255568350.0,True,True,True,True,True,True
8050.T,8050,セイコーグループ,Prime,精密機器,,2026-09-24,2620.0,10200.0,6032091000.0,597085.0,5704860000.0,True,True,True,True,True,True
7826.T,7826,フルヤ金属,Prime,その他製品,,2026-09-24,2620.0,10700.0,6022673200.0,587345.0,6342960000.0,True,True,True,True,True,True
5332.T,5332,ＴＯＴＯ,Prime,ガラス・土石製品,,2026-09-24,2620.0,5859.0,6019454450.0,1011705.0,7831139400.0,True,True,True,True,True,True
9506.T,9506,東北電力,Prime,電気・ガス業,,2026-09-24,2620.0,1337.0,5994392782.5,4334415.0,6537127800.0,True,True,True,True,True,True
7202.T,7202,いすゞ自動車,Prime,輸送用機器,,2026-09-24,2620.0,2199.0,5954217882.5,2686465.0,7930693500.0,True,True,True,True,True,True
5105.T,5105,ＴＯＹＯ　ＴＩＲＥ,Prime,ゴム製品,,2026-09-24,2620.0,3834.0,5936061775.0,1598720.0,4483479600.0,True,True,True,True,True,True
7550.T,7550,ゼンショーホールディングス,Prime,小売業,,2026-09-24,2620.0,10220.0,5925407600.0,522715.0,7085526000.0,True,True,True,True,True,True
3905.T,3905,データセクション,Growth,情報・通信業,,2026-09-24,2620.0,1807.0,5888646170.0,3586510.0,26509051400.0,True,True,True,True,True,True
6324.T,6324,ハーモニック・ドライブ・システムズ,Standard,機械,,2026-09-24,2620.0,6350.0,5857364900.0,1005130.0,8369935000.0,True,True,True,True,True,True
4186.T,4186,東京応化工業,Prime,化学,,2026-09-24,2620.0,8290.0,5788562310.0,700690.0,7089608000.0,True,True,True,True,True,True
6269.T,6269,三井海洋開発,Prime,機械,,2026-09-24,2620.0,9133.0,5786750160.0,614560.0,5882565300.0,True,True,True,True,True,True
4751.T,4751,サイバーエージェント,Prime,サービス業,,2026-09-24,2620.0,1246.0,5771277702.5,4506775.0,4970667800.0,True,True,True,True,True,True
9201.T,9201,日本航空,Prime,空運業,,2026-09-24,2620.0,3084.0,5741208365.0,1905700.0,8850771600.0,True,True,True,True,True,True
4203.T,4203,住友ベークライト,Prime,化学,,2026-09-24,2620.0,8030.0,5705213840.0,754065.0,5064521000.0,True,True,True,True,True,True
9147.T,9147,ＮＩＰＰＯＮ　ＥＸＰＲＥＳＳホールディングス,Prime,陸運業,,2026-09-24,1154.0,5656.0,5683862450.0,1016010.0,3721082400.0,True,True,True,True,True,True
4523.T,4523,エーザイ,Prime,医薬品,,2026-09-24,2620.0,4902.0,5619204495.0,1177110.0,5877007800.0,True,True,True,True,True,True
9021.T,9021,西日本旅客鉄道,Prime,陸運業,,2026-09-24,2620.0,3006.0,5611256272.5,1859505.0,6048072000.0,True,True,True,True,True,True
6113.T,6113,アマダ,Prime,機械,,2026-09-24,2620.0,2486.0,5606339710.0,2286770.0,4758452600.0,True,True,True,True,True,True
4440.T,4440,ヴィッツ,Standard,情報・通信業,,2026-09-24,1818.0,2750.0,5526989460.0,2649605.0,4440150000.0,True,True,True,True,True,True
7259.T,7259,アイシン,Prime,輸送用機器,,2026-09-24,2620.0,2229.0,5513082567.5,2469665.0,5724517800.0,True,True,True,True,True,True
6613.T,6613,ＱＤレーザ,Growth,電気機器,,2026-09-24,1376.0,2175.0,5438800105.0,2567020.0,4214280000.0,True,True,True,True,True,True
9602.T,9602,東宝,Prime,情報・通信業,,2026-09-24,2620.0,1580.0,5422494445.0,3418755.0,4955828000.0,True,True,True,True,True,True
1911.T,1911,住友林業,Prime,建設業,,2026-09-24,2620.0,1215.0,5400582755.0,4243990.0,5562513000.0,True,True,True,True,True,True
8593.T,8593,三菱ＨＣキャピタル,Prime,その他金融業,,2026-09-24,2620.0,1365.5,5319089727.5,3821145.0,9855223150.0,True,True,True,True,True,True
6134.T,6134,ＦＵＪＩ,Prime,機械,,2026-09-24,2620.0,7399.0,5281216880.0,754245.0,5946576300.0,True,True,True,True,True,True
6448.T,6448,ブラザー工業,Prime,電気機器,,2026-09-24,2620.0,4668.0,5278616050.0,1133655.0,6893235600.0,True,True,True,True,True,True
7309.T,7309,シマノ,Prime,輸送用機器,,2026-09-24,2620.0,17960.0,5232567175.0,277990.0,5339508000.0,True,True,True,True,True,True
7729.T,7729,東京精密,Prime,精密機器,,2026-09-24,2620.0,17290.0,5109571725.0,297230.0,7142499000.0,True,True,True,True,True,True
8354.T,8354,ふくおかフィナンシャルグループ,Prime,銀行業,,2026-09-24,2620.0,7659.0,5031557960.0,646525.0,5807819700.0,True,True,True,True,True,True
3402.T,3402,東レ,Prime,繊維製品,,2026-09-24,2620.0,1251.0,5025660475.0,3995295.0,6222474000.0,True,True,True,True,True,True
6841.T,6841,横河電機,Prime,電気機器,,2026-09-24,2620.0,4693.0,5017384050.0,1049170.0,4891044600.0,True,True,True,True,True,True
9508.T,9508,九州電力,Prime,電気・ガス業,,2026-09-24,2620.0,2064.5,4942267625.0,2323765.0,7373981100.0,True,True,True,True,True,True
6856.T,6856,堀場製作所,Prime,電気機器,,2026-09-24,2620.0,23530.0,4926773250.0,217620.0,9044932000.0,True,True,True,True,True,True
6590.T,6590,芝浦メカトロニクス,Prime,電気機器,,2026-09-24,2620.0,3825.0,4915159700.0,1262350.0,6141037500.0,True,True,True,True,True,True
5344.T,5344,ＭＡＲＵＷＡ,Prime,ガラス・土石製品,,2026-09-24,2620.0,55790.0,4895606000.0,89590.0,5450683000.0,True,True,True,True,True,True
4183.T,4183,三井化学,Prime,化学,,2026-09-24,2620.0,2150.0,4861249325.0,2214165.0,6626730000.0,True,True,True,True,True,True
6965.T,6965,浜松ホトニクス,Prime,電気機器,,2026-09-24,2620.0,2316.0,4834221492.5,2118265.0,5801348400.0,True,True,True,True,True,True
6869.T,6869,シスメックス,Prime,電気機器,,2026-09-24,2620.0,1854.0,4792609840.0,2545190.0,4140538200.0,True,True,True,True,True,True
1878.T,1878,大東建託,Prime,不動産業,,2026-09-24,2620.0,3295.0,4781917715.0,1439450.0,9152521500.0,True,True,True,True,True,True
3086.T,3086,Ｊ．フロント　リテイリング,Prime,小売業,,2026-09-24,2620.0,2676.5,4759117857.5,1701425.0,2324272600.0,True,True,True,True,True,True
7747.T,7747,朝日インテック,Prime,精密機器,,2026-09-24,2620.0,3338.0,4755256420.0,1372470.0,5129170800.0,True,True,True,True,True,True
6323.T,6323,ローツェ,Prime,機械,,2026-09-24,2620.0,3706.0,4702759000.0,1257905.0,6191984800.0,True,True,True,True,True,True
9962.T,9962,ミスミグループ本社,Prime,卸売業,,2026-09-24,2620.0,3831.0,4632353120.0,1274995.0,6289352700.0,True,True,True,True,True,True
7167.T,7167,めぶきフィナンシャルグループ,Prime,銀行業,,2026-09-24,2620.0,1663.0,4627930060.0,2750540.0,7963940700.0,True,True,True,True,True,True
4082.T,4082,第一稀元素化学工業,Prime,化学,,2026-09-24,2620.0,2322.0,4579511080.0,1661490.0,871446600.0,True,True,True,True,True,True
6141.T,6141,ＤＭＧ森精機,Prime,機械,,2026-09-24,2620.0,2896.0,4569535562.5,1582675.0,5359627200.0,True,True,True,True,True,True
8113.T,8113,ユニ・チャーム,Prime,化学,,2026-09-24,2620.0,952.9000244140625,4563515493.990173,4694920.0,4522463515.869141,True,True,True,True,True,True
8304.T,8304,あおぞら銀行,Prime,銀行業,,2026-09-24,2620.0,3403.0,4557521965.0,1328420.0,3853216900.0,True,True,True,True,True,True
6302.T,6302,住友重機械工業,Prime,機械,,2026-09-24,2620.0,5921.0,4525915265.0,786090.0,6000933500.0,True,True,True,True,True,True
6370.T,6370,栗田工業,Prime,機械,,2026-09-24,2620.0,7674.0,4498230070.0,581340.0,3738005400.0,True,True,True,True,True,True
2269.T,2269,明治ホールディングス,Prime,食料品,,2026-09-24,2620.0,4293.0,4484400535.0,1020195.0,4690102500.0,True,True,True,True,True,True
4151.T,4151,協和キリン,Prime,医薬品,,2026-09-24,2620.0,2261.5,4472131082.5,1890135.0,5478031450.0,True,True,True,True,True,True
5714.T,5714,ＤＯＷＡホールディングス,Prime,非鉄金属,,2026-09-24,2620.0,8964.0,4447407195.0,466465.0,4633491600.0,True,True,True,True,True,True
6724.T,6724,セイコーエプソン,Prime,電気機器,,2026-09-24,2620.0,3209.0,4444315215.0,1413200.0,5182214100.0,True,True,True,True,True,True
2737.T,2737,トーメンデバイス,Prime,卸売業,,2026-09-24,2620.0,39950.0,4362480000.0,124895.0,5984510000.0,True,True,True,True,True,True
6268.T,6268,ナブテスコ,Prime,機械,,2026-09-24,2620.0,4759.0,4347317125.0,959170.0,4983624800.0,True,True,True,True,True,True
2587.T,2587,サントリー食品インターナショナル,Prime,食料品,,2026-09-24,2620.0,4492.0,4330370110.0,958525.0,3400444000.0,True,True,True,True,True,True
4052.T,4052,フィーチャ,Growth,情報・通信業,,2026-09-24,1525.0,1135.0,4308147195.0,4659770.0,944660500.0,True,True,True,True,True,True
5301.T,5301,東海カーボン,Prime,ガラス・土石製品,,2026-09-24,2620.0,2273.0,4275381830.0,2178265.0,10709012200.0,True,True,True,True,True,True
7912.T,7912,大日本印刷,Prime,その他製品,,2026-09-24,2620.0,2974.0,4228576702.5,1389075.0,4932081600.0,True,True,True,True,True,True
1942.T,1942,関電工,Prime,建設業,,2026-09-24,2620.0,5622.0,4222434865.0,755545.0,10029085800.0,True,True,True,True,True,True
4768.T,4768,大塚商会,Prime,情報・通信業,,2026-09-24,2620.0,3642.0,4218612035.0,1175055.0,5087145600.0,True,True,True,True,True,True
7762.T,7762,シチズン時計,Prime,精密機器,,2026-09-24,2620.0,2377.0,4216796665.0,1696020.0,2807474700.0,True,True,True,True,True,True
3088.T,3088,マツキヨココカラ＆カンパニー,Prime,小売業,,2026-09-24,2620.0,2525.0,4213203442.5,1647220.0,5422185000.0,True,True,True,True,True,True
5110.T,5110,住友ゴム工業,Prime,ゴム製品,,2026-09-24,2620.0,2031.5,4210609205.0,2013835.0,4631616850.0,True,True,True,True,True,True
8233.T,8233,高島屋,Prime,小売業,,2026-09-24,2620.0,2120.5,4193108680.0,1868025.0,2541631300.0,True,True,True,True,True,True
1944.T,1944,きんでん,Prime,建設業,,2026-09-24,2620.0,7011.0,4154569155.0,594475.0,3961916100.0,True,True,True,True,True,True
2875.T,2875,東洋水産,Prime,食料品,,2026-09-24,2620.0,9722.0,4141060705.0,407810.0,5019468600.0,True,True,True,True,True,True
186A.T,186A,アストロスケールホールディングス,Growth,サービス業,,2026-09-24,562.0,1190.0,4129069645.0,3780955.0,6473362000.0,True,True,True,True,True,True
4021.T,4021,日産化学,Prime,化学,,2026-09-24,2620.0,8291.0,4127067000.0,511725.0,3851998600.0,True,True,True,True,True,True
5805.T,5805,ＳＷＣＣ,Prime,非鉄金属,,2026-09-24,2620.0,13410.0,4113346950.0,297245.0,3745413000.0,True,True,True,True,True,True
9684.T,9684,スクウェア・エニックス・ホールディングス,Prime,情報・通信業,,2026-09-24,2620.0,2964.0,4104163682.5,1375660.0,2483535600.0,True,True,True,True,True,True
4980.T,4980,デクセリアルズ,Prime,化学,,2026-09-24,2620.0,3057.0,4100548672.5,1387730.0,4311592800.0,True,True,True,True,True,True
5076.T,5076,インフロニア・ホールディングス,Prime,建設業,,2026-09-24,1217.0,2913.0,4089083045.0,1445865.0,4350274200.0,True,True,True,True,True,True
3697.T,3697,ＳＨＩＦＴ,Prime,情報・通信業,,2026-09-24,2620.0,885.0999755859375,4071693317.956238,4561585.0,3404183016.101074,True,True,True,True,True,True
5844.T,5844,京都フィナンシャルグループ,Prime,銀行業,,2026-09-24,2620.0,4740.0,4038145555.0,828220.0,3482478000.0,True,True,True,True,True,True
7181.T,7181,かんぽ生命保険,Prime,保険業,,2026-09-24,2620.0,1782.5,4000562962.5,2308365.0,4449476500.0,True,True,True,True,True,True
6952.T,6952,カシオ計算機,Prime,電気機器,,2026-09-24,2620.0,2183.0,3999227637.5,1782945.0,3415958400.0,True,True,True,True,True,True
9412.T,9412,スカパーＪＳＡＴホールディングス,Prime,情報・通信業,,2026-09-24,2620.0,2067.0,3965221460.0,1925300.0,4126352100.0,True,True,True,True,True,True
4088.T,4088,エア・ウォーター,Prime,化学,,2026-09-24,2620.0,2964.0,3961299465.0,1367330.0,3531309600.0,True,True,True,True,True,True
6522.T,6522,アスタリスク,Growth,電気機器,,2026-09-24,1218.0,1409.0,3862863690.0,2153435.0,359858600.0,True,True,True,True,True,True
268A.T,268A,リガク・ホールディングス,Prime,精密機器,,2026-09-24,465.0,1631.0,3858164995.0,2379305.0,3211275900.0,True,True,True,True,True,True
7211.T,7211,三菱自動車工業,Prime,輸送用機器,,2026-09-24,2620.0,367.5,3837794775.379486,10319015.0,2647249500.0,True,True,True,True,True,True
6674.T,6674,ジーエス・ユアサ　コーポレーション,Prime,電気機器,,2026-09-24,2620.0,5480.0,3812920875.0,729850.0,3821752000.0,True,True,True,True,True,True
4392.T,4392,ＦＩＧ,Prime,情報・通信業,,2026-09-24,2013.0,983.0,3795681520.0,3489725.0,1259714500.0,True,True,True,True,True,True
6586.T,6586,マキタ,Prime,機械,,2026-09-24,2620.0,5344.0,3786993250.0,716430.0,4934115200.0,True,True,True,True,True,True
2702.T,2702,日本マクドナルドホールディングス,Standard,小売業,,2026-09-24,2620.0,7660.0,3780701600.0,469100.0,5249398000.0,True,True,True,True,True,True
4812.T,4812,電通総研,Prime,情報・通信業,,2026-09-24,2620.0,2861.0,3746441015.0,1307885.0,1398456800.0,True,True,True,True,True,True
3994.T,3994,マネーフォワード,Prime,情報・通信業,,2026-09-24,2209.0,5703.0,3734631150.0,597185.0,3116689500.0,True,True,True,True,True,True
7701.T,7701,島津製作所,Prime,精密機器,,2026-09-24,2620.0,3962.0,3730353260.0,959155.0,3801539000.0,True,True,True,True,True,True
9042.T,9042,阪急阪神ホールディングス,Prime,陸運業,,2026-09-24,2620.0,4507.0,3723862940.0,798665.0,6700106200.0,True,True,True,True,True,True
215A.T,215A,タイミー,Growth,サービス業,,2026-09-24,526.0,1348.0,3690664870.0,2514115.0,4617978400.0,True,True,True,True,True,True
6806.T,6806,ヒロセ電機,Prime,電気機器,,2026-09-24,2620.0,24920.0,3634324650.0,146280.0,3543624000.0,True,True,True,True,True,True
6728.T,6728,アルバック,Prime,電気機器,,2026-09-24,2620.0,7431.0,3630183685.0,499645.0,3383334300.0,True,True,True,True,True,True
3626.T,3626,ＴＩＳ,Prime,情報・通信業,,2026-09-24,2620.0,4005.0,3626965150.0,915730.0,3822772500.0,True,True,True,True,True,True
2897.T,2897,日清食品ホールディングス,Prime,食料品,,2026-09-24,2620.0,2910.0,3625147000.0,1220220.0,3290046000.0,True,True,True,True,True,True
3391.T,3391,ツルハホールディングス,Prime,小売業,,2026-09-24,2620.0,2165.5,3620724407.5,1593895.0,4565523650.0,True,True,True,True,True,True
6460.T,6460,セガサミーホールディングス,Prime,機械,,2026-09-24,2620.0,3260.0,3587547010.0,1130225.0,2556492000.0,True,True,True,True,True,True
6770.T,6770,アルプスアルパイン,Prime,電気機器,,2026-09-24,2620.0,2210.0,3585689717.5,1616505.0,3326934000.0,True,True,True,True,True,True
5830.T,5830,いよぎんホールディングス,Prime,銀行業,,2026-09-24,972.0,3741.0,3578119660.0,921955.0,3972567900.0,True,True,True,True,True,True
8848.T,8848,レオパレス２１,Prime,不動産業,,2026-09-24,2620.0,1021.0,3571313920.0,3766645.0,9579838800.0,True,True,True,True,True,True
8334.T,8334,群馬銀行,Prime,銀行業,,2026-09-24,2620.0,3001.0,3562282210.0,1233870.0,7788195200.0,True,True,True,True,True,True
4324.T,4324,電通グループ,Prime,サービス業,,2026-09-24,2620.0,3561.0,3551872090.0,977155.0,3466277400.0,True,True,True,True,True,True
9005.T,9005,東急,Prime,陸運業,,2026-09-24,2620.0,1641.5,3546114445.0,2139550.0,4231294550.0,True,True,True,True,True,True
4528.T,4528,小野薬品工業,Prime,医薬品,,2026-09-24,2620.0,2407.5,3456225017.5,1430865.0,4589176500.0,True,True,True,True,True,True
4667.T,4667,アイサンテクノロジー,Standard,情報・通信業,,2026-09-24,2620.0,3260.0,3454129215.0,1044625.0,1059500000.0,True,True,True,True,True,True
1963.T,1963,日揮ホールディングス,Prime,建設業,,2026-09-24,2620.0,2300.0,3415060417.5,1456675.0,2239050000.0,True,True,True,True,True,True
3231.T,3231,野村不動産ホールディングス,Prime,不動産業,,2026-09-24,2620.0,906.0,3409355782.0498657,3699550.0,4632831000.0,True,True,True,True,True,True
4612.T,4612,日本ペイントホールディングス,Prime,化学,,2026-09-24,2620.0,1164.0,3401966877.5,2949600.0,4346492400.0,True,True,True,True,True,True
4204.T,4204,積水化学工業,Prime,化学,,2026-09-24,2620.0,2517.0,3384245555.0,1323725.0,4661484000.0,True,True,True,True,True,True
5406.T,5406,神戸製鋼所,Prime,鉄鋼,,2026-09-24,2620.0,2056.5,3379485025.0,1655970.0,4314125700.0,True,True,True,True,True,True
3132.T,3132,マクニカホールディングス,Prime,卸売業,,2026-09-24,2620.0,4214.0,3376077430.0,906045.0,5653081000.0,True,True,True,True,True,True
4527.T,4527,ロート製薬,Prime,医薬品,,2026-09-24,2620.0,2780.0,3369118372.5,1153255.0,3425794000.0,True,True,True,True,True,True
6855.T,6855,日本電子材料,Standard,電気機器,,2026-09-24,2620.0,7490.0,3361886450.0,510170.0,4449809000.0,True,True,True,True,True,True
4091.T,4091,日本酸素ホールディングス,Prime,化学,,2026-09-24,2620.0,5570.0,3344816175.0,605840.0,6032310000.0,True,True,True,True,True,True
2282.T,2282,日本ハム,Prime,食料品,,2026-09-24,2620.0,6039.0,3332345025.0,537130.0,3175306200.0,True,True,True,True,True,True
3064.T,3064,ＭｏｎｏｔａＲＯ,Prime,小売業,,2026-09-24,2620.0,1931.0,3297418687.5,1718870.0,3816235300.0,True,True,True,True,True,True
8377.T,8377,ほくほくフィナンシャルグループ,Prime,銀行業,,2026-09-24,2620.0,8358.0,3294209295.0,396665.0,6376318200.0,True,True,True,True,True,True
3003.T,3003,ヒューリック,Prime,不動産業,,2026-09-24,2620.0,1727.0,3286684170.0,1865085.0,3777467100.0,True,True,True,True,True,True
8252.T,8252,丸井グループ,Prime,小売業,,2026-09-24,2620.0,2864.0,3275117752.5,1122835.0,2751158400.0,True,True,True,True,True,True
3289.T,3289,東急不動産ホールディングス,Prime,不動産業,,2026-09-24,2620.0,1278.0,3258392132.5,2488925.0,3587473800.0,True,True,True,True,True,True
5938.T,5938,ＬＩＸＩＬ,Prime,金属製品,,2026-09-24,2620.0,1725.0,3256377495.0,1862690.0,3599730000.0,True,True,True,True,True,True
8359.T,8359,八十二銀行,Prime,銀行業,,2026-09-24,2620.0,2723.0,3242472205.0,1198125.0,4493766900.0,True,True,True,True,True,True
8253.T,8253,クレディセゾン,Prime,その他金融業,,2026-09-24,2620.0,4590.0,3230316815.0,694415.0,4005234000.0,True,True,True,True,True,True
6368.T,6368,オルガノ,Prime,機械,,2026-09-24,2620.0,12675.0,3203847050.0,257510.0,4144725000.0,True,True,True,True,True,True
2160.T,2160,ジーエヌアイグループ,Growth,医薬品,,2026-09-24,2620.0,3395.0,3184958715.0,1073880.0,8204696500.0,True,True,True,True,True,True
7752.T,7752,リコー,Prime,電気機器,,2026-09-24,2620.0,1659.0,3182083815.0,1925935.0,3343548600.0,True,True,True,True,True,True
5214.T,5214,日本電気硝子,Prime,ガラス・土石製品,,2026-09-24,2620.0,4858.0,3174589365.0,664790.0,2968723800.0,True,True,True,True,True,True
1893.T,1893,五洋建設,Prime,建設業,,2026-09-24,2620.0,1558.0,3141498155.0,2094430.0,2548576400.0,True,True,True,True,True,True
2181.T,2181,パーソルホールディングス,Prime,サービス業,,2026-09-24,2620.0,292.79998779296875,3128838019.5199585,10630045.0,3820659200.7141113,True,True,True,True,True,True
4631.T,4631,ＤＩＣ,Prime,化学,,2026-09-24,2620.0,4813.0,3104118085.0,637510.0,2118201300.0,True,True,True,True,True,True
3349.T,3349,コスモス薬品,Prime,小売業,,2026-09-24,2620.0,6419.0,3074564125.0,466065.0,2367969100.0,True,True,True,True,True,True
3197.T,3197,すかいらーくホールディングス,Prime,小売業,,2026-09-24,2620.0,3168.0,3060680260.0,918055.0,3697056000.0,True,True,True,True,True,True
3778.T,3778,さくらインターネット,Prime,情報・通信業,,2026-09-24,2620.0,3830.0,3034713925.0,818560.0,2076243000.0,True,True,True,True,True,True
5021.T,5021,コスモエネルギーホールディングス,Prime,石油・石炭製品,,2026-09-24,2620.0,4488.0,3012555795.0,680360.0,4647324000.0,True,True,True,True,True,True
7731.T,7731,ニコン,Prime,精密機器,,2026-09-24,2620.0,1858.5,3001788795.0,1639235.0,4693084200.0,True,True,True,True,True,True
3405.T,3405,クラレ,Prime,化学,,2026-09-24,2620.0,1804.0,2973272647.5,1640830.0,3956352400.0,True,True,True,True,True,True
9831.T,9831,ヤマダホールディングス,Prime,小売業,,2026-09-24,2620.0,719.4000244140625,2933390929.790039,4123010.0,4688329959.106445,True,True,True,True,True,True
3092.T,3092,ＺＯＺＯ,Prime,小売業,,2026-09-24,2620.0,1138.5,2912887160.0,2555990.0,4279166100.0,True,True,True,True,True,True
2267.T,2267,ヤクルト本社,Prime,食料品,,2026-09-24,2620.0,2803.0,2906989805.0,1023735.0,2431322200.0,True,True,True,True,True,True
9507.T,9507,四国電力,Prime,電気・ガス業,,2026-09-24,2620.0,2120.5,2886821215.0,1363770.0,3476983850.0,True,True,True,True,True,True
3861.T,3861,王子ホールディングス,Prime,パルプ・紙,,2026-09-24,2620.0,870.2999877929688,2882775843.102417,3295970.0,2712899121.948242,True,True,True,True,True,True
9142.T,9142,九州旅客鉄道,Prime,陸運業,,2026-09-24,2442.0,3545.0,2863679615.0,803850.0,7200604000.0,True,True,True,True,True,True
8341.T,8341,七十七銀行,Prime,銀行業,,2026-09-24,2620.0,4053.0,2853146500.0,711270.0,4744441800.0,True,True,True,True,True,True
6508.T,6508,明電舎,Prime,電気機器,,2026-09-24,2620.0,11060.0,2850648750.0,257120.0,2506196000.0,True,True,True,True,True,True
6966.T,6966,三井ハイテック,Prime,電気機器,,2026-09-24,2620.0,901.0,2849733945.0,3132885.0,2133297700.0,True,True,True,True,True,True
2432.T,2432,ディー・エヌ・エー,Prime,情報・通信業,,2026-09-24,2620.0,2548.5,2830204902.5,1106015.0,2470770750.0,True,True,True,True,True,True
6754.T,6754,アンリツ,Prime,電気機器,,2026-09-24,2620.0,3333.0,2827714010.0,871415.0,3657634200.0,True,True,True,True,True,True
1515.T,1515,日鉄鉱業,Prime,鉱業,,2026-09-24,2620.0,3275.0,2819785900.0,790705.0,1441655000.0,True,True,True,True,True,True
7581.T,7581,サイゼリヤ,Prime,小売業,,2026-09-24,2620.0,6310.0,2807743400.0,405645.0,2732861000.0,True,True,True,True,True,True
7951.T,7951,ヤマハ,Prime,その他製品,,2026-09-24,2620.0,1247.5,2785062597.5,2174155.0,2608273000.0,True,True,True,True,True,True
1721.T,1721,コムシスホールディングス,Prime,建設業,,2026-09-24,2620.0,5593.0,2779901790.0,500950.0,3746750700.0,True,True,True,True,True,True
8804.T,8804,東京建物,Prime,不動産業,,2026-09-24,2620.0,3293.0,2763759000.0,827725.0,4911838800.0,True,True,True,True,True,True
4680.T,4680,ラウンドワン,Prime,サービス業,,2026-09-24,2620.0,1182.5,2755804797.5,2217775.0,2232441750.0,True,True,True,True,True,True
4443.T,4443,Ｓａｎｓａｎ,Prime,情報・通信業,,2026-09-24,1773.0,2097.0,2743451455.0,1291125.0,4956469200.0,True,True,True,True,True,True
6278.T,6278,ユニオンツール,Prime,機械,,2026-09-24,2620.0,14250.0,2739421750.0,201345.0,3975750000.0,True,True,True,True,True,True
7220.T,7220,武蔵精密工業,Prime,輸送用機器,,2026-09-24,2620.0,2930.0,2732175445.0,939405.0,4457995000.0,True,True,True,True,True,True
9435.T,9435,光通信,Prime,情報・通信業,,2026-09-24,2620.0,38950.0,2724651650.0,69575.0,4572730000.0,True,True,True,True,True,True
4478.T,4478,フリー,Growth,情報・通信業,,2026-09-24,1651.0,3750.0,2692360100.0,670170.0,1968375000.0,True,True,True,True,True,True
6473.T,6473,ジェイテクト,Prime,機械,,2026-09-24,2620.0,2095.5,2688613635.0,1289085.0,2279484900.0,True,True,True,True,True,True
3653.T,3653,モルフォ,Growth,情報・通信業,,2026-09-24,2620.0,1144.0,2685628670.0,2095215.0,679879200.0,True,True,True,True,True,True
4902.T,4902,コニカミノルタ,Prime,電気機器,,2026-09-24,2620.0,661.0999755859375,2678381309.043579,4217030.0,3583360197.668457,True,True,True,True,True,True
9616.T,9616,共立メンテナンス,Prime,サービス業,,2026-09-24,2620.0,3233.0,2676056145.0,821925.0,3680447200.0,True,True,True,True,True,True
7564.T,7564,ワークマン,Standard,小売業,,2026-09-24,2620.0,5220.0,2664107650.0,456270.0,3503142000.0,True,True,True,True,True,True
4208.T,4208,ＵＢＥ,Prime,化学,,2026-09-24,2620.0,3425.0,2653411495.0,763360.0,2554707500.0,True,True,True,True,True,True
2579.T,2579,コカ・コーラ　ボトラーズジャパンホールディングス,Prime,食料品,,2026-09-24,2620.0,3779.0,2647992810.0,689650.0,2222429900.0,True,True,True,True,True,True
9509.T,9509,北海道電力,Prime,電気・ガス業,,2026-09-24,2620.0,1109.0,2632695717.5,2333810.0,3675891400.0,True,True,True,True,True,True
1662.T,1662,石油資源開発,Prime,鉱業,,2026-09-24,2620.0,1879.0,2616861170.0,1370890.0,3283364600.0,True,True,True,True,True,True
3769.T,3769,ＧＭＯペイメントゲートウェイ,Prime,情報・通信業,,2026-09-24,2620.0,8728.0,2612059605.0,294465.0,2580869600.0,True,True,True,True,True,True
6407.T,6407,ＣＫＤ,Prime,機械,,2026-09-24,2620.0,5200.0,2603949700.0,496035.0,2786160000.0,True,True,True,True,True,True
6779.T,6779,日本電波工業,Prime,電気機器,,2026-09-24,2620.0,3290.0,2600899400.0,903730.0,2259243000.0,True,True,True,True,True,True
6471.T,6471,日本精工,Prime,機械,,2026-09-24,2620.0,1098.5,2589230307.5,2393280.0,2545554050.0,True,True,True,True,True,True
5857.T,5857,ＡＲＥホールディングス,Prime,非鉄金属,,2026-09-24,2620.0,3670.0,2544204800.0,660825.0,2209707000.0,True,True,True,True,True,True
2127.T,2127,日本Ｍ＆Ａセンターホールディングス,Prime,サービス業,,2026-09-24,2620.0,640.0,2543195468.9144897,3882775.0,1981376000.0,True,True,True,True,True,True
4042.T,4042,東ソー,Prime,化学,,2026-09-24,2620.0,2647.5,2542241057.5,966570.0,2917809750.0,True,True,True,True,True,True
2871.T,2871,ニチレイ,Prime,食料品,,2026-09-24,2620.0,2203.5,2526801160.0,1166995.0,2257265400.0,True,True,True,True,True,True
4536.T,4536,参天製薬,Prime,医薬品,,2026-09-24,2620.0,1736.0,2523465715.0,1406250.0,3448737600.0,True,True,True,True,True,True
9009.T,9009,京成電鉄,Prime,陸運業,,2026-09-24,2620.0,1337.5,2520746262.5,1842055.0,2778255000.0,True,True,True,True,True,True
2212.T,2212,山崎製パン,Prime,食料品,,2026-09-24,2620.0,3571.0,2512750600.0,668870.0,2885010900.0,True,True,True,True,True,True
7282.T,7282,豊田合成,Prime,輸送用機器,,2026-09-24,2620.0,5255.0,2511444355.0,476510.0,2836123500.0,True,True,True,True,True,True
338A.T,338A,ＺｅｎｍｕＴｅｃｈ,Growth,情報・通信業,,2026-09-24,364.0,3230.0,2508568930.0,879335.0,1488061000.0,True,True,True,True,True,True
9023.T,9023,東京地下鉄,Prime,陸運業,,2026-09-24,467.0,1533.0,2507089117.5,1656450.0,3904091100.0,True,True,True,True,True,True
4180.T,4180,Ａｐｐｉｅｒ　Ｇｒｏｕｐ,Prime,情報・通信業,,2026-09-24,1341.0,1488.0,2493636085.0,1744210.0,1405564800.0,True,True,True,True,True,True
9504.T,9504,中国電力,Prime,電気・ガス業,,2026-09-24,2620.0,1042.0,2467685759.67041,2349540.0,2590620400.0,True,True,True,True,True,True
1808.T,1808,長谷工コーポレーション,Prime,建設業,,2026-09-24,2620.0,2723.5,2459913240.0,872570.0,1939132000.0,True,True,True,True,True,True
6753.T,6753,シャープ,Prime,電気機器,,2026-09-24,2620.0,656.4000244140625,2431263170.021057,3692400.0,2494713932.788086,True,True,True,True,True,True
6997.T,6997,日本ケミコン,Prime,電気機器,,2026-09-24,2620.0,2795.0,2418878775.0,876825.0,2227615000.0,True,True,True,True,True,True
6417.T,6417,ＳＡＮＫＹＯ,Prime,機械,,2026-09-24,2620.0,2120.0,2398835075.0,1170910.0,2541668000.0,True,True,True,True,True,True
4403.T,4403,日油,Prime,化学,,2026-09-24,2620.0,2583.5,2396239690.0,902570.0,2374236500.0,True,True,True,True,True,True
9041.T,9041,近鉄グループホールディングス,Prime,陸運業,,2026-09-24,2620.0,3520.0,2395022625.0,682730.0,5052960000.0,True,True,True,True,True,True
2492.T,2492,インフォマート,Prime,サービス業,,2026-09-24,2620.0,709.0,2387861630.0,3511295.0,2798564800.0,True,True,True,True,True,True
7867.T,7867,タカラトミー,Prime,その他製品,,2026-09-24,2620.0,4052.0,2379491635.0,626555.0,2955123600.0,True,True,True,True,True,True
4114.T,4114,日本触媒,Prime,化学,,2026-09-24,2620.0,2580.5,2352265910.0,906355.0,2612240150.0,True,True,True,True,True,True
8358.T,8358,スルガ銀行,Prime,銀行業,,2026-09-24,2620.0,2820.0,2333501650.0,806090.0,2746680000.0,True,True,True,True,True,True
4732.T,4732,ユー・エス・エス,Prime,サービス業,,2026-09-24,2620.0,1876.0,2327239657.5,1198655.0,3882006800.0,True,True,True,True,True,True
6996.T,6996,ニチコン,Prime,電気機器,,2026-09-24,2620.0,2632.0,2322004720.0,893655.0,2111390400.0,True,True,True,True,True,True
3288.T,3288,オープンハウスグループ,Prime,不動産業,,2026-09-24,2620.0,7644.0,2309054860.0,298710.0,2642530800.0,True,True,True,True,True,True
4461.T,4461,第一工業製薬,Prime,化学,,2026-09-24,2620.0,13910.0,2287872250.0,174800.0,2395302000.0,True,True,True,True,True,True
9007.T,9007,小田急電鉄,Prime,陸運業,,2026-09-24,2620.0,1775.5,2280190572.5,1267725.0,3174771550.0,True,True,True,True,True,True
5032.T,5032,ＡＮＹＣＯＬＯＲ,Prime,情報・通信業,,2026-09-24,1050.0,3010.0,2275771235.0,735140.0,1896902000.0,True,True,True,True,True,True
141A.T,141A,トライアルホールディングス,Growth,小売業,,2026-09-24,613.0,3630.0,2267802075.0,571945.0,1571427000.0,True,True,True,True,True,True
9064.T,9064,ヤマトホールディングス,Prime,陸運業,,2026-09-24,2620.0,2002.0,2260810877.5,1152150.0,3218215000.0,True,True,True,True,True,True
3498.T,3498,霞ヶ関キャピタル,Prime,不動産業,,2026-09-24,1906.0,7480.0,2259433100.0,299435.0,2741420000.0,True,True,True,True,True,True
4194.T,4194,ビジョナル,Prime,情報・通信業,,2026-09-24,1324.0,8456.0,2254146570.0,260280.0,2342312000.0,True,True,True,True,True,True
4613.T,4613,関西ペイント,Prime,化学,,2026-09-24,2620.0,2851.0,2253990722.5,793295.0,3357907800.0,True,True,True,True,True,True
4368.T,4368,扶桑化学工業,Prime,化学,,2026-09-24,2620.0,3035.0,2217175480.0,758510.0,1859544500.0,True,True,True,True,True,True
4676.T,4676,フジ・メディア・ホールディングス,Prime,情報・通信業,,2026-09-24,2620.0,4076.0,2206780480.0,536465.0,3088792800.0,True,True,True,True,True,True
5991.T,5991,日本発條,Prime,金属製品,,2026-09-24,2620.0,3430.0,2196000420.0,654570.0,2632868000.0,True,True,True,True,True,True
9001.T,9001,東武鉄道,Prime,陸運業,,2026-09-24,2620.0,2947.0,2193600910.0,738735.0,3508403500.0,True,True,True,True,True,True
7327.T,7327,第四北越フィナンシャルグループ,Prime,銀行業,,2026-09-24,1948.0,2692.0,2193112510.0,837035.0,3976353200.0,True,True,True,True,True,True
1969.T,1969,高砂熱学工業,Prime,建設業,,2026-09-24,2620.0,4739.0,2176235980.0,488850.0,3004999900.0,True,True,True,True,True,True
9143.T,9143,ＳＧホールディングス,Prime,陸運業,,2026-09-24,2156.0,1492.0,2166403845.0,1448205.0,1727437600.0,True,True,True,True,True,True
4205.T,4205,日本ゼオン,Prime,化学,,2026-09-24,2620.0,2420.5,2161850482.5,890985.0,2465279250.0,True,True,True,True,True,True
4540.T,4540,ツムラ,Prime,医薬品,,2026-09-24,2620.0,3833.0,2160942460.0,573230.0,1667738300.0,True,True,True,True,True,True
1332.T,1332,ニッスイ,Prime,水産・農林業,,2026-09-24,2620.0,1156.5,2159237230.0,1767100.0,2455596450.0,True,True,True,True,True,True
7189.T,7189,西日本フィナンシャルホールディングス,Prime,銀行業,,2026-09-24,2620.0,4913.0,2131900425.0,435555.0,3209662900.0,True,True,True,True,True,True
6845.T,6845,アズビル,Prime,電気機器,,2026-09-24,2620.0,1464.5,2129309140.0,1445000.0,2998124400.0,True,True,True,True,True,True
6941.T,6941,山一電機,Prime,電気機器,,2026-09-24,2620.0,8460.0,2126121900.0,272775.0,3314628000.0,True,True,True,True,True,True
5985.T,5985,サンコール,Standard,金属製品,,2026-09-24,2620.0,2416.0,2121451530.0,967015.0,3519387200.0,True,True,True,True,True,True
5929.T,5929,三和ホールディングス,Prime,金属製品,,2026-09-24,2620.0,3480.0,2121296270.0,602535.0,2125236000.0,True,True,True,True,True,True
4716.T,4716,日本オラクル,Standard,情報・通信業,,2026-09-24,2620.0,9145.0,2119798125.0,230255.0,2618213500.0,True,True,True,True,True,True
4061.T,4061,デンカ,Prime,化学,,2026-09-24,2620.0,3360.0,2116021505.0,639130.0,1972992000.0,True,True,True,True,True,True
9513.T,9513,電源開発,Prime,電気・ガス業,,2026-09-24,2620.0,4092.0,2113924870.0,510685.0,3130380000.0,True,True,True,True,True,True
8227.T,8227,しまむら,Prime,小売業,,2026-09-24,2599.0,3195.0,2109836455.0,648910.0,2763355500.0,True,True,True,True,True,True
7276.T,7276,小糸製作所,Prime,電気機器,,2026-09-24,2620.0,2667.0,2103614800.0,790760.0,2566720800.0,True,True,True,True,True,True
8056.T,8056,ＢＩＰＲＯＧＹ,Prime,情報・通信業,,2026-09-24,2620.0,4793.0,2092215545.0,440495.0,2046131700.0,True,True,True,True,True,True
6777.T,6777,ｓａｎｔｅｃ　Ｈｏｌｄｉｎｇｓ,Standard,電気機器,,2026-09-24,2620.0,21520.0,2074603450.0,105990.0,3174200000.0,True,True,True,True,True,True
5471.T,5471,大同特殊鋼,Prime,鉄鋼,,2026-09-24,2620.0,2451.5,2071470462.5,887020.0,2297790950.0,True,True,True,True,True,True
4912.T,4912,ライオン,Prime,化学,,2026-09-24,2620.0,1718.0,2067635557.5,1138210.0,1530566200.0,True,True,True,True,True,True
2264.T,2264,森永乳業,Prime,食料品,,2026-09-24,2620.0,1129.5,2067396432.5,1827340.0,2530983600.0,True,True,True,True,True,True
6592.T,6592,マブチモーター,Prime,電気機器,,2026-09-24,2620.0,1721.5,2051879547.5,1188185.0,1411974300.0,True,True,True,True,True,True
6622.T,6622,ダイヘン,Prime,電気機器,,2026-09-24,2620.0,12840.0,2041013250.0,163245.0,2026152000.0,True,True,True,True,True,True
6507.T,6507,シンフォニアテクノロジー,Prime,電気機器,,2026-09-24,2620.0,12710.0,2027056500.0,168145.0,2356434000.0,True,True,True,True,True,True
5253.T,5253,カバー,Growth,情報・通信業,,2026-09-24,855.0,1615.0,2025922825.0,1225125.0,983535000.0,True,True,True,True,True,True
9861.T,9861,吉野家ホールディングス,Prime,小売業,,2026-09-24,2620.0,3617.0,2018963815.0,531865.0,1099929700.0,True,True,True,True,True,True
4971.T,4971,メック,Prime,化学,,2026-09-24,2620.0,6720.0,2014290250.0,314300.0,4050144000.0,True,True,True,True,True,True
9989.T,9989,サンドラッグ,Prime,小売業,,2026-09-24,2620.0,3661.0,2013304890.0,544485.0,2067366700.0,True,True,True,True,True,True
7956.T,7956,ピジョン,Prime,その他製品,,2026-09-24,2620.0,2027.5,2008258625.0,988595.0,1375456000.0,True,True,True,True,True,True
7389.T,7389,あいちフィナンシャルグループ,Prime,銀行業,,2026-09-24,972.0,1905.0,2007584975.0,1034475.0,2644902000.0,True,True,True,True,True,True
4666.T,4666,パーク２４,Prime,不動産業,,2026-09-24,2620.0,2008.5,1999888020.0,996080.0,1295683350.0,True,True,True,True,True,True
6027.T,6027,弁護士ドットコム,Growth,サービス業,,2026-09-24,2620.0,5300.0,1999169675.0,383715.0,901530000.0,True,True,True,True,True,True
2501.T,2501,サッポロホールディングス,Prime,食料品,,2026-09-24,2620.0,1803.0,1987174242.5,1063275.0,2096528400.0,True,True,True,True,True,True
4043.T,4043,トクヤマ,Prime,化学,,2026-09-24,2620.0,4238.0,1975334405.0,487610.0,1555346000.0,True,True,True,True,True,True
2002.T,2002,日清製粉グループ本社,Prime,食料品,,2026-09-24,2620.0,2013.5,1922628790.0,940995.0,2720037150.0,True,True,True,True,True,True
8524.T,8524,北洋銀行,Prime,銀行業,,2026-09-24,2620.0,1318.0,1920076910.0,1467155.0,1921775800.0,True,True,True,True,True,True
7721.T,7721,東京計器,Prime,精密機器,,2026-09-24,2620.0,7320.0,1911289850.0,270355.0,1503528000.0,True,True,True,True,True,True
5444.T,5444,大和工業,Prime,鉄鋼,,2026-09-24,2620.0,12485.0,1910885225.0,154700.0,1437023500.0,True,True,True,True,True,True
5726.T,5726,大阪チタニウムテクノロジーズ,Prime,非鉄金属,,2026-09-24,2620.0,2408.0,1887315725.0,731160.0,1320547200.0,True,True,True,True,True,True
6951.T,6951,日本電子,Prime,電気機器,,2026-09-24,2620.0,7564.0,1887252460.0,266660.0,3213187200.0,True,True,True,True,True,True
5741.T,5741,ＵＡＣＪ,Prime,非鉄金属,,2026-09-24,2620.0,2219.0,1882698030.0,827740.0,1270599400.0,True,True,True,True,True,True
7173.T,7173,東京きらぼしフィナンシャルグループ,Prime,銀行業,,2026-09-24,2620.0,1702.0,1868989045.0,1100985.0,1748634800.0,True,True,True,True,True,True
3923.T,3923,ラクス,Prime,情報・通信業,,2026-09-24,2620.0,1073.0,1861158790.0,1706070.0,2120140700.0,True,True,True,True,True,True
8368.T,8368,百五銀行,Prime,銀行業,,2026-09-24,2620.0,2459.0,1859754785.0,772055.0,1560481400.0,True,True,True,True,True,True
6814.T,6814,古野電気,Prime,電気機器,,2026-09-24,2620.0,7590.0,1856593250.0,245790.0,1317624000.0,True,True,True,True,True,True
6376.T,6376,日機装,Prime,精密機器,,2026-09-24,2620.0,3485.0,1844149725.0,517715.0,1143080000.0,True,True,True,True,True,True
4369.T,4369,トリケミカル研究所,Prime,化学,,2026-09-24,2620.0,3005.0,1841870870.0,606900.0,1852582500.0,True,True,True,True,True,True
6232.T,6232,ＡＣＳＬ,Growth,機械,,2026-09-24,1889.0,1359.0,1828863185.0,1293850.0,1144278000.0,True,True,True,True,True,True
8418.T,8418,山口フィナンシャルグループ,Prime,銀行業,,2026-09-24,2620.0,3430.0,1820002880.0,556295.0,3303090000.0,True,True,True,True,True,True
7180.T,7180,九州フィナンシャルグループ,Prime,銀行業,,2026-09-24,2620.0,1645.0,1807737012.5,1122175.0,1995878500.0,True,True,True,True,True,True
6103.T,6103,オークマ,Prime,機械,,2026-09-24,2620.0,4560.0,1804387975.0,395500.0,1467864000.0,True,True,True,True,True,True
4373.T,4373,シンプレクス・ホールディングス,Prime,情報・通信業,,2026-09-24,1223.0,1154.0,1799237155.0,1522935.0,2351159600.0,True,True,True,True,True,True
9008.T,9008,京王電鉄,Prime,陸運業,,2026-09-24,2620.0,791.0,1785530731.5274048,2267045.0,2797608800.0,True,True,True,True,True,True
3105.T,3105,日清紡ホールディングス,Prime,電気機器,,2026-09-24,2620.0,2519.5,1784958350.0,780075.0,2715265150.0,True,True,True,True,True,True
3774.T,3774,インターネットイニシアティブ,Prime,情報・通信業,,2026-09-24,2620.0,3443.0,1781627175.0,533860.0,1631982000.0,True,True,True,True,True,True
9401.T,9401,ＴＢＳホールディングス,Prime,情報・通信業,,2026-09-24,2620.0,5788.0,1779634710.0,303330.0,1842320400.0,True,True,True,True,True,True
6703.T,6703,沖電気工業,Prime,電気機器,,2026-09-24,2620.0,2771.0,1769289175.0,644270.0,1644311400.0,True,True,True,True,True,True
8439.T,8439,東京センチュリー,Prime,その他金融業,,2026-09-24,2620.0,2669.5,1764895415.0,658630.0,1517343800.0,True,True,True,True,True,True
6135.T,6135,牧野フライス製作所,Prime,機械,,2026-09-24,2620.0,15460.0,1764621300.0,116030.0,1385216000.0,True,True,True,True,True,True
6465.T,6465,ホシザキ,Prime,機械,,2026-09-24,2620.0,5350.0,1758332915.0,322055.0,2481330000.0,True,True,True,True,True,True
4099.T,4099,四国化成ホールディングス,Prime,化学,,2026-09-24,2620.0,2256.0,1755329580.0,792715.0,1897296000.0,True,True,True,True,True,True
3692.T,3692,ＦＦＲＩセキュリティ,Growth,情報・通信業,,2026-09-24,2620.0,7730.0,1751472800.0,264835.0,1700600000.0,True,True,True,True,True,True
5233.T,5233,太平洋セメント,Prime,ガラス・土石製品,,2026-09-24,2620.0,4186.0,1741595860.0,418080.0,1673981400.0,True,True,True,True,True,True
290A.T,290A,Ｓｙｎｓｐｅｃｔｉｖｅ,Growth,情報・通信業,,2026-09-24,427.0,1547.0,1741413835.0,1169105.0,2379595400.0,True,True,True,True,True,True
8366.T,8366,滋賀銀行,Prime,銀行業,,2026-09-24,2620.0,2863.0,1720707705.0,606055.0,1645366100.0,True,True,True,True,True,True
6923.T,6923,スタンレー電気,Prime,電気機器,,2026-09-24,2620.0,3574.0,1715906640.0,483090.0,1882783200.0,True,True,True,True,True,True
2782.T,2782,セリア,Standard,小売業,,2026-09-24,2620.0,4680.0,1715595450.0,371055.0,1429740000.0,True,True,True,True,True,True
9065.T,9065,山九,Prime,陸運業,,2026-09-24,2620.0,8182.0,1709657135.0,210505.0,1821313200.0,True,True,True,True,True,True
4722.T,4722,フューチャー,Prime,情報・通信業,,2026-09-24,2620.0,2426.0,1699460465.0,697415.0,1722460000.0,True,True,True,True,True,True
3046.T,3046,ジンズホールディングス,Prime,小売業,,2026-09-24,2620.0,5900.0,1686489800.0,286425.0,995330000.0,True,True,True,True,True,True
4047.T,4047,関東電化工業,Prime,化学,,2026-09-24,2620.0,2400.0,1677373490.0,743700.0,2786880000.0,True,True,True,True,True,True
7459.T,7459,メディパルホールディングス,Prime,卸売業,,2026-09-24,2620.0,3122.0,1673207765.0,569005.0,5081991600.0,True,True,True,True,True,True
2222.T,2222,寿スピリッツ,Prime,食料品,,2026-09-24,2620.0,2634.5,1669379825.0,649420.0,1380478000.0,True,True,True,True,True,True
5393.T,5393,ニチアス,Prime,ガラス・土石製品,,2026-09-24,2620.0,3410.0,1661729560.0,495790.0,1922217000.0,True,True,True,True,True,True
3048.T,3048,ビックカメラ,Prime,小売業,,2026-09-24,2620.0,1724.5,1625483177.5,920490.0,1203701000.0,True,True,True,True,True,True
2809.T,2809,キユーピー,Prime,食料品,,2026-09-24,2620.0,4461.0,1619468430.0,350870.0,2748422100.0,True,True,True,True,True,True
2593.T,2593,伊藤園,Prime,食料品,,2026-09-24,2620.0,3172.0,1614300615.0,509075.0,915122000.0,True,True,True,True,True,True
8282.T,8282,ケーズホールディングス,Prime,小売業,,2026-09-24,2620.0,1884.5,1614090637.5,852340.0,3802167200.0,True,True,True,True,True,True
7278.T,7278,エクセディ,Prime,輸送用機器,,2026-09-24,2620.0,6000.0,1593816350.0,264440.0,2049000000.0,True,True,True,True,True,True
4922.T,4922,コーセー,Prime,化学,,2026-09-24,2620.0,5701.0,1591278615.0,277540.0,1340875200.0,True,True,True,True,True,True
8060.T,8060,キヤノンマーケティングジャパン,Prime,卸売業,,2026-09-24,2620.0,3679.0,1541879550.0,425030.0,1285442600.0,True,True,True,True,True,True
6101.T,6101,ツガミ,Prime,機械,,2026-09-24,2620.0,5150.0,1541266550.0,303445.0,1197375000.0,True,True,True,True,True,True
4733.T,4733,オービックビジネスコンサルタント,Prime,情報・通信業,,2026-09-24,2620.0,8205.0,1541127550.0,183695.0,2134120500.0,True,True,True,True,True,True
5901.T,5901,東洋製罐グループホールディングス,Prime,金属製品,,2026-09-24,2620.0,4496.0,1537656430.0,339710.0,3369302400.0,True,True,True,True,True,True
2331.T,2331,ＡＬＳＯＫ,Prime,サービス業,,2026-09-24,2620.0,1216.5,1535496577.5,1262745.0,1388148150.0,True,True,True,True,True,True
2670.T,2670,エービーシー・マート,Prime,小売業,,2026-09-24,2620.0,2706.0,1527368625.0,563565.0,1548102600.0,True,True,True,True,True,True
4565.T,4565,ネクセラファーマ,Prime,医薬品,,2026-09-24,2620.0,1267.0,1527112390.0,1284400.0,1234184700.0,True,True,True,True,True,True
8388.T,8388,阿波銀行,Prime,銀行業,,2026-09-24,2620.0,10230.0,1521689000.0,152600.0,1375935000.0,True,True,True,True,True,True
9048.T,9048,名古屋鉄道,Prime,陸運業,,2026-09-24,2620.0,1860.0,1503494102.5,796310.0,4887522000.0,True,True,True,True,True,True
3635.T,3635,コーエーテクモホールディングス,Prime,情報・通信業,,2026-09-24,2620.0,1690.5,1501515330.0,890910.0,1508433150.0,True,True,True,True,True,True
6254.T,6254,野村マイクロ・サイエンス,Prime,機械,,2026-09-24,2620.0,3375.0,1498601800.0,442230.0,1601437500.0,True,True,True,True,True,True
6432.T,6432,竹内製作所,Prime,機械,,2026-09-24,2620.0,7300.0,1497842900.0,201915.0,976740000.0,True,True,True,True,True,True
3907.T,3907,シリコンスタジオ,Growth,情報・通信業,,2026-09-24,2620.0,2175.0,1497090780.0,687170.0,2393152500.0,True,True,True,True,True,True
9110.T,9110,ＮＳユナイテッド海運,Prime,海運業,,2026-09-24,2620.0,10510.0,1495069600.0,142625.0,1280118000.0,True,True,True,True,True,True
3186.T,3186,ネクステージ,Prime,小売業,,2026-09-24,2620.0,2915.0,1487171950.0,483540.0,1649015500.0,True,True,True,True,True,True
8088.T,8088,岩谷産業,Prime,卸売業,,2026-09-24,2620.0,2123.0,1477659850.0,682530.0,1366575100.0,True,True,True,True,True,True
6925.T,6925,ウシオ電機,Prime,電気機器,,2026-09-24,2620.0,4053.0,1473302475.0,392475.0,3193358700.0,True,True,True,True,True,True
4516.T,4516,日本新薬,Prime,医薬品,,2026-09-24,2620.0,3506.0,1460641960.0,419575.0,1919885600.0,True,True,True,True,True,True
9404.T,9404,日本テレビホールディングス,Prime,情報・通信業,,2026-09-24,2620.0,2942.0,1457953482.5,484680.0,1723423600.0,True,True,True,True,True,True
6016.T,6016,ジャパンエンジンコーポレーション,Standard,輸送用機器,,2026-09-24,2620.0,12010.0,1445658250.0,127880.0,1088106000.0,True,True,True,True,True,True
9744.T,9744,メイテックグループホールディングス,Prime,サービス業,,2026-09-24,2620.0,3482.0,1424716510.0,420380.0,1740651800.0,True,True,True,True,True,True
8237.T,8237,松屋,Prime,小売業,,2026-09-24,2620.0,2173.0,1406273160.0,584240.0,356154700.0,True,True,True,True,True,True
7806.T,7806,ＭＴＧ,Growth,その他製品,,2026-09-24,2007.0,8170.0,1403881300.0,168100.0,1004093000.0,True,True,True,True,True,True
7988.T,7988,ニフコ,Prime,化学,,2026-09-24,2620.0,4938.0,1392690080.0,276780.0,1166355600.0,True,True,True,True,True,True
8020.T,8020,兼松,Prime,卸売業,,2026-09-24,2620.0,2317.0,1387871037.5,608550.0,2711121700.0,True,True,True,True,True,True
8508.T,8508,Ｊトラスト,Standard,その他金融業,,2026-09-24,2620.0,811.0,1384034075.0,1822160.0,1289084500.0,True,True,True,True,True,True
7337.T,7337,ひろぎんホールディングス,Prime,銀行業,,2026-09-24,1461.0,2382.5,1382554295.0,581820.0,1676803500.0,True,True,True,True,True,True
8343.T,8343,秋田銀行,Prime,銀行業,,2026-09-24,2620.0,9490.0,1380590650.0,149690.0,2396225000.0,True,True,True,True,True,True
9301.T,9301,三菱倉庫,Prime,倉庫・運輸関連業,,2026-09-24,2620.0,1555.0,1380114310.0,898755.0,1831634500.0,True,True,True,True,True,True
2121.T,2121,ＭＩＸＩ,Prime,情報・通信業,,2026-09-24,2620.0,3825.0,1380059975.0,374385.0,1612237500.0,True,True,True,True,True,True
6191.T,6191,エアトリ,Prime,サービス業,,2026-09-24,2581.0,1545.0,1377139995.0,865965.0,2544460500.0,True,True,True,True,True,True
9364.T,9364,上組,Prime,倉庫・運輸関連業,,2026-09-24,2620.0,4893.0,1375725000.0,282370.0,1541784300.0,True,True,True,True,True,True
1980.T,1980,ダイダン,Prime,建設業,,2026-09-24,2620.0,2945.0,1373294315.0,491900.0,1607381000.0,True,True,True,True,True,True
3397.T,3397,トリドールホールディングス,Prime,小売業,,2026-09-24,2620.0,4313.0,1363346815.0,315910.0,1749784100.0,True,True,True,True,True,True
6862.T,6862,ミナトホールディングス,Standard,電気機器,,2026-09-24,2620.0,5590.0,1360567850.0,317250.0,3841448000.0,True,True,True,True,True,True
4022.T,4022,ラサ工業,Prime,化学,,2026-09-24,2620.0,1869.0,1356435425.0,691165.0,1365304500.0,True,True,True,True,True,True
1414.T,1414,ショーボンドホールディングス,Prime,建設業,,2026-09-24,2620.0,1262.5,1353935642.5,1071050.0,1527498750.0,True,True,True,True,True,True
6524.T,6524,湖北工業,Standard,電気機器,,2026-09-24,1162.0,5310.0,1351069900.0,273280.0,2357640000.0,True,True,True,True,True,True
8361.T,8361,大垣共立銀行,Prime,銀行業,,2026-09-24,2620.0,8450.0,1347948000.0,163950.0,1512550000.0,True,True,True,True,True,True
9044.T,9044,南海電気鉄道,Prime,陸運業,,2026-09-24,2620.0,3219.0,1339532230.0,423395.0,4353053700.0,True,True,True,True,True,True
3941.T,3941,レンゴー,Prime,パルプ・紙,,2026-09-24,2620.0,1536.5,1335251555.0,857325.0,1406512100.0,True,True,True,True,True,True
8876.T,8876,リログループ,Prime,サービス業,,2026-09-24,2620.0,2294.5,1335064210.0,600065.0,1382665700.0,True,True,True,True,True,True
8628.T,8628,松井証券,Prime,証券、商品先物取引業,,2026-09-24,2620.0,1144.0,1330546285.0,1120735.0,1332531200.0,True,True,True,True,True,True
6961.T,6961,エンプラス,Prime,電気機器,,2026-09-24,2620.0,10200.0,1325240000.0,133170.0,1582020000.0,True,True,True,True,True,True
4202.T,4202,ダイセル,Prime,化学,,2026-09-24,2620.0,1443.5,1315760472.5,911695.0,1872219500.0,True,True,True,True,True,True
5202.T,5202,日本板硝子,Prime,ガラス・土石製品,,2026-09-24,2620.0,496.0,1315205930.0,2668425.0,1522968000.0,True,True,True,True,True,True
4626.T,4626,太陽ホールディングス,Prime,化学,,2026-09-24,2620.0,4744.0,1313187985.0,277545.0,1055540000.0,True,True,True,True,True,True
5832.T,5832,ちゅうぎんフィナンシャルグループ,Prime,銀行業,,2026-09-24,972.0,3652.0,1301889195.0,366305.0,1765376800.0,True,True,True,True,True,True
6946.T,6946,日本アビオニクス,Standard,電気機器,,2026-09-24,2620.0,7450.0,1301243350.0,204355.0,1606965000.0,True,True,True,True,True,True
219A.T,219A,Ｈｅａｒｔｓｅｅｄ,Growth,医薬品,,2026-09-24,524.0,2710.0,1299744950.0,538945.0,1418685000.0,True,True,True,True,True,True
9468.T,9468,ＫＡＤＯＫＡＷＡ,Prime,情報・通信業,,2026-09-24,2620.0,3656.0,1296801115.0,354120.0,1150177600.0,True,True,True,True,True,True
1959.T,1959,クラフティア,Prime,建設業,,2026-09-24,2620.0,8124.0,1293360615.0,159590.0,1077242400.0,True,True,True,True,True,True
2531.T,2531,宝ホールディングス,Prime,食料品,,2026-09-24,2620.0,2592.0,1292197620.0,545040.0,1404086400.0,True,True,True,True,True,True
6632.T,6632,ＪＶＣケンウッド,Prime,電気機器,,2026-09-24,2620.0,1004.5,1288755908.4024048,1288510.0,1247086750.0,True,True,True,True,True,True
1719.T,1719,安藤・間,Prime,建設業,,2026-09-24,2620.0,1910.0,1288528022.5,674505.0,1242837000.0,True,True,True,True,True,True
7599.T,7599,ＩＤＯＭ,Prime,卸売業,,2026-09-24,2620.0,1202.0,1284354665.0,1028390.0,854261400.0,True,True,True,True,True,True
8410.T,8410,セブン銀行,Prime,銀行業,,2026-09-24,2620.0,340.8999938964844,1283028844.427185,3774825.0,1217933408.1939697,True,True,True,True,True,True
8338.T,8338,筑波銀行,Prime,銀行業,,2026-09-24,2620.0,726.0,1280701415.0,1723865.0,1021046400.0,True,True,True,True,True,True
6356.T,6356,日本ギア工業,Standard,機械,,2026-09-24,2620.0,1362.0,1279073035.0,892785.0,330285000.0,True,True,True,True,True,True
4118.T,4118,カネカ,Prime,化学,,2026-09-24,2620.0,6080.0,1278477460.0,209295.0,1127232000.0,True,True,True,True,True,True
6849.T,6849,日本光電工業,Prime,電気機器,,2026-09-24,2620.0,1608.0,1277251977.5,832720.0,1095530400.0,True,True,True,True,True,True
8111.T,8111,ゴールドウイン,Prime,繊維製品,,2026-09-24,2620.0,2164.0,1272218560.0,596885.0,1584913600.0,True,True,True,True,True,True
6055.T,6055,ジャパンマテリアル,Prime,サービス業,,2026-09-24,2620.0,2325.0,1265306750.0,586370.0,1857442500.0,True,True,True,True,True,True
3116.T,3116,トヨタ紡織,Prime,輸送用機器,,2026-09-24,2620.0,2248.0,1259062440.0,558805.0,1404325600.0,True,True,True,True,True,True
4023.T,4023,クレハ,Prime,化学,,2026-09-24,2620.0,4110.0,1251970800.0,285335.0,1408086000.0,True,True,True,True,True,True
3687.T,3687,フィックスターズ,Prime,情報・通信業,,2026-09-24,2620.0,2243.0,1249696490.0,566385.0,1000153700.0,True,True,True,True,True,True
8117.T,8117,中央自動車工業,Standard,卸売業,,2026-09-24,2620.0,2178.0,1249028820.0,578415.0,728976600.0,True,True,True,True,True,True
5463.T,5463,丸一鋼管,Prime,鉄鋼,,2026-09-24,2620.0,1718.0,1244755992.5,712675.0,1247783400.0,True,True,True,True,True,True
3387.T,3387,クリエイト・レストランツ・ホールディングス,Prime,小売業,,2026-09-24,2620.0,750.0,1244526615.0,1624785.0,822075000.0,True,True,True,True,True,True
2726.T,2726,パルグループホールディングス,Prime,小売業,,2026-09-24,2620.0,1469.0,1242752275.0,825065.0,864653400.0,True,True,True,True,True,True
4967.T,4967,小林製薬,Prime,化学,,2026-09-24,2620.0,5885.0,1233936865.0,214305.0,1121092500.0,True,True,True,True,True,True
247A.T,247A,Ａｉロボティクス,Growth,化学,,2026-09-24,484.0,986.0,1232335715.0,1206465.0,635181200.0,True,True,True,True,True,True
3107.T,3107,ダイワボウホールディングス,Prime,卸売業,,2026-09-24,2620.0,3702.0,1221754230.0,326235.0,1470434400.0,True,True,True,True,True,True
2607.T,2607,不二製油,Prime,食料品,,2026-09-24,2620.0,4409.0,1218123075.0,268710.0,1112831600.0,True,True,True,True,True,True
9418.T,9418,Ｕ－ＮＥＸＴ　ＨＯＬＤＩＮＧＳ,Prime,情報・通信業,,2026-09-24,2620.0,1791.0,1213173740.0,693420.0,882783900.0,True,True,True,True,True,True
3445.T,3445,ＲＳ　Ｔｅｃｈｎｏｌｏｇｉｅｓ,Prime,金属製品,,2026-09-24,2620.0,5990.0,1211066300.0,214760.0,1494505000.0,True,True,True,True,True,True
6480.T,6480,日本トムソン,Prime,機械,,2026-09-24,2620.0,1834.0,1210774905.0,702660.0,1926800400.0,True,True,True,True,True,True
4272.T,4272,日本化薬,Prime,化学,,2026-09-24,2620.0,2131.5,1201341087.5,579265.0,1588606950.0,True,True,True,True,True,True
4401.T,4401,ＡＤＥＫＡ,Prime,化学,,2026-09-24,2620.0,4622.0,1200714685.0,263215.0,1106044600.0,True,True,True,True,True,True
6366.T,6366,千代田化工建設,Standard,建設業,,2026-09-24,2620.0,681.0,1200265790.0,1692000.0,1313853300.0,True,True,True,True,True,True
1407.T,1407,ウエストホールディングス,Standard,建設業,,2026-09-24,2620.0,2188.0,1199531150.0,494825.0,536935200.0,True,True,True,True,True,True
7777.T,7777,スリー・ディー・マトリックス,Growth,精密機器,,2026-09-24,2620.0,431.0,1192934110.0,3014395.0,1547031400.0,True,True,True,True,True,True
2327.T,2327,日鉄ソリューションズ,Prime,情報・通信業,,2026-09-24,2620.0,3877.0,1192173025.0,307815.0,2297510200.0,True,True,True,True,True,True
9505.T,9505,北陸電力,Prime,電気・ガス業,,2026-09-24,2620.0,1121.0,1188681462.7087402,1108080.0,2267110400.0,True,True,True,True,True,True
3291.T,3291,飯田グループホールディングス,Prime,不動産業,,2026-09-24,2620.0,2252.0,1185009357.5,515930.0,1614909200.0,True,True,True,True,True,True
4413.T,4413,ボードルア,Prime,情報・通信業,,2026-09-24,1177.0,2965.0,1178006835.0,397235.0,980822000.0,True,True,True,True,True,True
1860.T,1860,戸田建設,Prime,建設業,,2026-09-24,2620.0,1508.5,1172910267.5,773305.0,1008130550.0,True,True,True,True,True,True
2433.T,2433,博報堂ＤＹホールディングス,Prime,サービス業,,2026-09-24,2620.0,1309.5,1169813012.5,881650.0,1266941250.0,True,True,True,True,True,True
2767.T,2767,円谷フィールズホールディングス,Prime,卸売業,,2026-09-24,2620.0,2599.0,1166485130.0,456725.0,1492865600.0,True,True,True,True,True,True
4816.T,4816,東映アニメーション,Standard,情報・通信業,,2026-09-24,2620.0,3000.0,1154568960.0,380755.0,936000000.0,True,True,True,True,True,True
4475.T,4475,ＨＥＮＮＧＥ,Growth,情報・通信業,,2026-09-24,1698.0,1775.0,1146158195.0,682160.0,712840000.0,True,True,True,True,True,True
5715.T,5715,古河機械金属,Prime,非鉄金属,,2026-09-24,2620.0,4140.0,1145193875.0,267050.0,688068000.0,True,True,True,True,True,True
4075.T,4075,ブレインズテクノロジー,Growth,情報・通信業,,2026-09-24,1261.0,1537.0,1140533435.0,788515.0,2628731100.0,True,True,True,True,True,True
8086.T,8086,ニプロ,Prime,精密機器,,2026-09-24,2620.0,1441.0,1136774062.5,766970.0,964317200.0,True,True,True,True,True,True
2810.T,2810,ハウス食品グループ本社,Prime,食料品,,2026-09-24,2620.0,3990.0,1133874765.0,288705.0,1211364000.0,True,True,True,True,True,True
6136.T,6136,オーエスジー,Prime,機械,,2026-09-24,2620.0,3540.0,1132357860.0,318120.0,1474410000.0,True,True,True,True,True,True
4107.T,4107,伊勢化学工業,Standard,化学,,2026-09-24,2620.0,3885.0,1131285725.0,274540.0,493395000.0,True,True,True,True,True,True
7240.T,7240,ＮＯＫ,Prime,輸送用機器,,2026-09-24,2620.0,3003.0,1129288412.5,374060.0,1330028700.0,True,True,True,True,True,True
6005.T,6005,三浦工業,Prime,機械,,2026-09-24,2620.0,3201.0,1128550850.0,357040.0,1593457800.0,True,True,True,True,True,True
7380.T,7380,十六フィナンシャルグループ,Prime,銀行業,,2026-09-24,1217.0,2709.0,1126277915.0,427095.0,1883025900.0,True,True,True,True,True,True
9006.T,9006,京浜急行電鉄,Prime,陸運業,,2026-09-24,2620.0,1548.5,1125233327.5,719820.0,1956994300.0,True,True,True,True,True,True
6472.T,6472,ＮＴＮ,Prime,機械,,2026-09-24,2620.0,387.0,1117927912.1977234,2959445.0,958289400.0,True,True,True,True,True,True
1861.T,1861,熊谷組,Prime,建設業,,2026-09-24,2620.0,1319.0,1117849090.0,859780.0,1047681700.0,True,True,True,True,True,True
2146.T,2146,ＵＴグループ,Prime,サービス業,,2026-09-24,2620.0,239.0,1114517325.0,4814125.0,734901100.0,True,True,True,True,True,True
6387.T,6387,サムコ,Prime,機械,,2026-09-24,2620.0,7960.0,1114242400.0,137350.0,1123156000.0,True,True,True,True,True,True
4259.T,4259,エクサウィザーズ,Growth,情報・通信業,,2026-09-24,1160.0,899.0,1111474305.0,1309140.0,1262555600.0,True,True,True,True,True,True
6627.T,6627,テラプローブ,Standard,電気機器,,2026-09-24,2620.0,12030.0,1109366150.0,100805.0,1369014000.0,True,True,True,True,True,True
6058.T,6058,ベクトル,Prime,サービス業,,2026-09-24,2620.0,1916.0,1106030045.0,552985.0,1531650400.0,True,True,True,True,True,True
1951.T,1951,エクシオグループ,Prime,建設業,,2026-09-24,2620.0,2605.0,1103545905.0,423050.0,1071957500.0,True,True,True,True,True,True
5947.T,5947,リンナイ,Prime,金属製品,,2026-09-24,2620.0,3438.0,1098207480.0,311960.0,1715905800.0,True,True,True,True,True,True
7004.T,7004,カナデビア,Prime,機械,,2026-09-24,2620.0,1181.0,1093099395.0,932290.0,953539400.0,True,True,True,True,True,True
1961.T,1961,三機工業,Prime,建設業,,2026-09-24,2620.0,2518.0,1093066375.0,447845.0,1254719400.0,True,True,True,True,True,True
4887.T,4887,サワイグループホールディングス,Prime,医薬品,,2026-09-24,1339.0,1667.5,1092619080.0,678520.0,1299649500.0,True,True,True,True,True,True
4784.T,4784,ＧＭＯインターネット,Prime,サービス業,,2026-09-24,2620.0,528.0,1091508130.0,1988700.0,1170787200.0,True,True,True,True,True,True
6523.T,6523,ＰＨＣホールディングス,Prime,電気機器,,2026-09-24,1208.0,1395.0,1089942790.0,775620.0,979011000.0,True,True,True,True,True,True
9449.T,9449,ＧＭＯインターネットグループ,Prime,情報・通信業,,2026-09-24,2620.0,3924.0,1088860090.0,272035.0,1199174400.0,True,True,True,True,True,True
8698.T,8698,マネックスグループ,Prime,証券、商品先物取引業,,2026-09-24,2620.0,716.0,1088578855.0,1492175.0,1838544800.0,True,True,True,True,True,True
2175.T,2175,エス・エム・エス,Prime,サービス業,,2026-09-24,2620.0,2652.0,1087165780.0,429720.0,597230400.0,True,True,True,True,True,True
4483.T,4483,ＪＭＤＣ,Prime,情報・通信業,,2026-09-24,1652.0,3660.0,1084243175.0,306880.0,1002108000.0,True,True,True,True,True,True
2157.T,2157,コシダカホールディングス,Prime,サービス業,,2026-09-24,2620.0,999.0,1082399640.0,1060950.0,812786400.0,True,True,True,True,True,True
9533.T,9533,東邦瓦斯,Prime,電気・ガス業,,2026-09-24,2620.0,1237.5,1081522642.5,850290.0,1485247500.0,True,True,True,True,True,True
4966.T,4966,上村工業,Standard,化学,,2026-09-24,2620.0,20110.0,1079211550.0,55475.0,1437865000.0,True,True,True,True,True,True
8012.T,8012,長瀬産業,Prime,卸売業,,2026-09-24,2620.0,1178.0,1069903030.0,924755.0,1057372800.0,True,True,True,True,True,True
8242.T,8242,エイチ・ツー・オー　リテイリング,Prime,小売業,,2026-09-24,2620.0,2847.5,1065272707.5,364175.0,1258595000.0,True,True,True,True,True,True
3401.T,3401,帝人,Prime,繊維製品,,2026-09-24,2620.0,1705.0,1061156842.5,619885.0,1254368500.0,True,True,True,True,True,True
7685.T,7685,ＢｕｙＳｅｌｌ　Ｔｅｃｈｎｏｌｏｇｉｅｓ,Growth,卸売業,,2026-09-24,1650.0,3055.0,1059290940.0,350840.0,816296000.0,True,True,True,True,True,True
3549.T,3549,クスリのアオキホールディングス,Prime,小売業,,2026-09-24,2620.0,3976.0,1054302840.0,258040.0,1040519200.0,True,True,True,True,True,True
9003.T,9003,相鉄ホールディングス,Prime,陸運業,,2026-09-24,2620.0,2625.0,1048514787.5,398595.0,2990925000.0,True,True,True,True,True,True
2354.T,2354,ＹＥ　ＤＩＧＩＴＡＬ,Standard,情報・通信業,,2026-09-24,2620.0,1310.0,1043974060.0,738265.0,973199000.0,True,True,True,True,True,True
5384.T,5384,フジミインコーポレーテッド,Prime,ガラス・土石製品,,2026-09-24,2620.0,3410.0,1042047250.0,308975.0,1297505000.0,True,True,True,True,True,True
5707.T,5707,東邦亜鉛,Prime,非鉄金属,,2026-09-24,2620.0,931.0,1037094830.0,942530.0,454514200.0,True,True,True,True,True,True
6999.T,6999,ＫＯＡ,Prime,電気機器,,2026-09-24,2620.0,2291.0,1033838705.0,464270.0,812617700.0,True,True,True,True,True,True
6730.T,6730,アクセル,Standard,電気機器,,2026-09-24,2620.0,1233.0,1026247725.0,817645.0,132670800.0,True,True,True,True,True,True
6707.T,6707,サンケン電気,Prime,電気機器,,2026-09-24,2620.0,6915.0,1020172960.0,145705.0,1129219500.0,True,True,True,True,True,True
9072.T,9072,ニッコンホールディングス,Prime,陸運業,,2026-09-24,2620.0,5062.0,1018967365.0,195840.0,1055427000.0,True,True,True,True,True,True
9722.T,9722,藤田観光,Prime,サービス業,,2026-09-24,2620.0,2785.0,1017176305.0,357905.0,1232084000.0,True,True,True,True,True,True
8360.T,8360,山梨中央銀行,Prime,銀行業,,2026-09-24,2620.0,7300.0,1013256900.0,139740.0,1370940000.0,True,True,True,True,True,True
9166.T,9166,ＧＥＮＤＡ,Growth,サービス業,,2026-09-24,770.0,677.0,1007678390.0,1400325.0,812264600.0,True,True,True,True,True,True
7906.T,7906,ヨネックス,Standard,その他製品,,2026-09-24,2620.0,2382.0,1006699935.0,397270.0,1088574000.0,True,True,True,True,True,True
8570.T,8570,イオンフィナンシャルサービス,Prime,その他金融業,,2026-09-24,2620.0,1599.0,1003528067.5,607600.0,698443200.0,True,True,True,True,True,True
6258.T,6258,平田機工,Prime,機械,,2026-09-24,2620.0,3795.0,1001437125.0,282295.0,1208707500.0,True,True,True,True,True,True
2784.T,2784,アルフレッサ　ホールディングス,Prime,卸売業,,2026-09-24,2620.0,2384.0,999775472.5,429805.0,1493337600.0,True,True,True,True,True,True
6544.T,6544,ジャパンエレベーターサービスホールディングス,Prime,サービス業,,2026-09-24,2344.0,1534.5,994335227.5,659495.0,1518694650.0,True,True,True,True,True,True
6875.T,6875,メガチップス,Prime,電気機器,,2026-09-24,2620.0,10870.0,993897950.0,92690.0,1154394000.0,True,True,True,True,True,True
9076.T,9076,セイノーホールディングス,Prime,陸運業,,2026-09-24,2620.0,2740.0,988443120.0,361360.0,853510000.0,True,True,True,True,True,True
3964.T,3964,オークネット,Prime,情報・通信業,,2026-09-24,2338.0,1354.0,975531305.0,705800.0,758104600.0,True,True,True,True,True,True
6436.T,6436,アマノ,Prime,機械,,2026-09-24,2620.0,3875.0,969535860.0,247390.0,1450025000.0,True,True,True,True,True,True
4206.T,4206,アイカ工業,Prime,化学,,2026-09-24,2620.0,4248.0,963950190.0,231505.0,791402400.0,True,True,True,True,True,True
6264.T,6264,マルマエ,Prime,機械,,2026-09-24,2620.0,1895.0,961462175.0,496630.0,916801000.0,True,True,True,True,True,True
8345.T,8345,岩手銀行,Prime,銀行業,,2026-09-24,2620.0,2739.0,957267575.0,367550.0,1149010500.0,True,True,True,True,True,True
6490.T,6490,ＰＩＬＬＡＲ,Prime,機械,,2026-09-24,2620.0,10010.0,947961300.0,98365.0,2088086000.0,True,True,True,True,True,True
5232.T,5232,住友大阪セメント,Prime,ガラス・土石製品,,2026-09-24,2620.0,5759.0,947187475.0,168820.0,906466600.0,True,True,True,True,True,True
7616.T,7616,コロワイド,Prime,小売業,,2026-09-24,2620.0,2005.5,945367385.0,459165.0,1989857100.0,True,True,True,True,True,True
8995.T,8995,誠建設工業,Standard,不動産業,,2026-09-24,2620.0,1909.0,935509800.0,469100.0,170091900.0,True,True,True,True,True,True
8078.T,8078,阪和興業,Prime,卸売業,,2026-09-24,2620.0,1907.0,935403255.0,488420.0,917839100.0,True,True,True,True,True,True
7322.T,7322,三十三フィナンシャルグループ,Prime,銀行業,,2026-09-24,2078.0,2057.0,933972620.0,444705.0,1058943600.0,True,True,True,True,True,True
1885.T,1885,東亜建設工業,Prime,建設業,,2026-09-24,2620.0,2160.0,933235405.0,439030.0,1000080000.0,True,True,True,True,True,True
3993.T,3993,ＰＫＳＨＡ　Ｔｅｃｈｎｏｌｏｇｙ,Prime,情報・通信業,,2026-09-24,2214.0,3205.0,930660950.0,289615.0,482352500.0,True,True,True,True,True,True
8022.T,8022,美津濃,Prime,その他製品,,2026-09-24,2620.0,4105.0,929463375.0,229850.0,727406000.0,True,True,True,True,True,True
6457.T,6457,グローリー,Prime,機械,,2026-09-24,2620.0,4511.0,921800365.0,200855.0,816039900.0,True,True,True,True,True,True
6498.T,6498,キッツ,Prime,機械,,2026-09-24,2620.0,1993.0,918844475.0,475815.0,1088775900.0,True,True,True,True,True,True
4592.T,4592,サンバイオ,Growth,医薬品,,2026-09-24,2620.0,920.0,916763150.0,969455.0,863972000.0,True,True,True,True,True,True
2685.T,2685,アンドエスティＨＤ,Prime,小売業,,2026-09-24,2620.0,3170.0,914937500.0,272860.0,660945000.0,True,True,True,True,True,True
8381.T,8381,山陰合同銀行,Prime,銀行業,,2026-09-24,2620.0,2575.0,913715710.0,352400.0,1012747500.0,True,True,True,True,True,True
7456.T,7456,松田産業,Prime,卸売業,,2026-09-24,2620.0,7110.0,910197300.0,128520.0,681849000.0,True,True,True,True,True,True
9987.T,9987,スズケン,Prime,卸売業,,2026-09-24,2620.0,5400.0,906808290.0,174280.0,1193400000.0,True,True,True,True,True,True
7630.T,7630,壱番屋,Prime,小売業,,2026-09-24,2620.0,1086.0,906493645.0,843695.0,810373200.0,True,True,True,True,True,True
3765.T,3765,ガンホー・オンライン・エンターテイメント,Prime,情報・通信業,,2026-09-24,2620.0,2519.0,903847115.0,352580.0,591209300.0,True,True,True,True,True,True
2585.T,2585,ライフドリンク　カンパニー,Prime,食料品,,2026-09-24,1162.0,1318.0,902020300.0,617265.0,942765400.0,True,True,True,True,True,True
3989.T,3989,シェアリングテクノロジー,Growth,情報・通信業,,2026-09-24,2249.0,1545.0,898579475.0,582090.0,961299000.0,True,True,True,True,True,True
9045.T,9045,京阪ホールディングス,Prime,陸運業,,2026-09-24,2620.0,3211.0,898491710.0,278730.0,1078574900.0,True,True,True,True,True,True
3097.T,3097,物語コーポレーション,Prime,小売業,,2026-09-24,2620.0,5240.0,896996000.0,160195.0,1035424000.0,True,True,True,True,True,True
5243.T,5243,ｎｏｔｅ,Growth,情報・通信業,,2026-09-24,918.0,3155.0,894396945.0,305370.0,909271000.0,True,True,True,True,True,True
2371.T,2371,カカクコム,Prime,サービス業,,2026-09-24,2620.0,3805.0,888204960.0,236855.0,1037623500.0,True,True,True,True,True,True
8346.T,8346,東邦銀行,Prime,銀行業,,2026-09-24,2620.0,1011.0,885887620.0,888000.0,946902600.0,True,True,True,True,True,True
3543.T,3543,コメダホールディングス,Prime,卸売業,,2026-09-24,2521.0,2856.0,882320860.0,300845.0,673444800.0,True,True,True,True,True,True
8344.T,8344,山形銀行,Prime,銀行業,,2026-09-24,2620.0,5240.0,880719300.0,181480.0,1317860000.0,True,True,True,True,True,True
7717.T,7717,ブイ・テクノロジー,Prime,精密機器,,2026-09-24,2620.0,5980.0,877951850.0,156230.0,1384968000.0,True,True,True,True,True,True
2695.T,2695,くら寿司,Prime,小売業,,2026-09-24,2620.0,1692.0,874430795.0,512590.0,535518000.0,True,True,True,True,True,True
8387.T,8387,四国銀行,Prime,銀行業,,2026-09-24,2620.0,4370.0,870698675.0,218025.0,1867301000.0,True,True,True,True,True,True
2811.T,2811,カゴメ,Prime,食料品,,2026-09-24,2620.0,2702.5,867258535.0,317930.0,891014250.0,True,True,True,True,True,True
8362.T,8362,福井銀行,Prime,銀行業,,2026-09-24,2620.0,7770.0,866028000.0,116720.0,1600620000.0,True,True,True,True,True,True
7350.T,7350,おきなわフィナンシャルグループ,Prime,銀行業,,2026-09-24,1217.0,7930.0,864269650.0,111995.0,720837000.0,True,True,True,True,True,True
2206.T,2206,江崎グリコ,Prime,食料品,,2026-09-24,2620.0,5015.0,862915575.0,169655.0,977925000.0,True,True,True,True,True,True
7148.T,7148,ＦＰＧ,Prime,証券、商品先物取引業,,2026-09-24,2620.0,1709.0,858102185.0,504145.0,1338830600.0,True,True,True,True,True,True
8367.T,8367,南都銀行,Prime,銀行業,,2026-09-24,2620.0,2005.0,854112165.0,435690.0,879994500.0,True,True,True,True,True,True
7164.T,7164,全国保証,Prime,その他金融業,,2026-09-24,2620.0,3133.0,851342975.0,268210.0,1138532200.0,True,True,True,True,True,True
1979.T,1979,大氣社,Prime,建設業,,2026-09-24,2620.0,3800.0,845930475.0,218645.0,537700000.0,True,True,True,True,True,True
7846.T,7846,パイロットコーポレーション,Prime,その他製品,,2026-09-24,2620.0,2137.0,843668255.0,403665.0,769961100.0,True,True,True,True,True,True
7984.T,7984,コクヨ,Prime,その他製品,,2026-09-24,2620.0,896.7000122070312,841113815.8718872,923390.0,551918857.5134277,True,True,True,True,True,True
8714.T,8714,池田泉州ホールディングス,Prime,銀行業,,2026-09-24,2620.0,1090.0,834478140.0,769635.0,1036699000.0,True,True,True,True,True,True
3444.T,3444,菊池製作所,Standard,金属製品,,2026-09-24,2620.0,1122.0,834325815.0,729325.0,414915600.0,True,True,True,True,True,True
2962.T,2962,テクニスコ,Standard,金属製品,,2026-09-24,772.0,2270.0,833630860.0,447850.0,1968090000.0,True,True,True,True,True,True
8616.T,8616,東海東京フィナンシャル・ホールディングス,Prime,証券、商品先物取引業,,2026-09-24,2620.0,887.0,832479590.0,929365.0,1105468100.0,True,True,True,True,True,True
7716.T,7716,ナカニシ,Standard,精密機器,,2026-09-24,2620.0,3060.0,831569030.0,268230.0,579258000.0,True,True,True,True,True,True
4970.T,4970,東洋合成工業,Standard,化学,,2026-09-24,2620.0,10150.0,831003400.0,78095.0,687155000.0,True,True,True,True,True,True
8386.T,8386,百十四銀行,Prime,銀行業,,2026-09-24,2620.0,3105.0,830693260.0,269075.0,957271500.0,True,True,True,True,True,True
3891.T,3891,ニッポン高度紙工業,Standard,パルプ・紙,,2026-09-24,2620.0,6800.0,828343000.0,127995.0,707200000.0,True,True,True,True,True,True
4587.T,4587,ペプチドリーム,Prime,医薬品,,2026-09-24,2620.0,1056.5,826736495.0,763550.0,860202300.0,True,True,True,True,True,True
2201.T,2201,森永製菓,Prime,食料品,,2026-09-24,2620.0,2468.5,817963200.0,325890.0,829416000.0,True,True,True,True,True,True
8522.T,8522,名古屋銀行,Prime,銀行業,,2026-09-24,2620.0,7140.0,817043600.0,114640.0,874650000.0,True,True,True,True,True,True
3101.T,3101,東洋紡,Prime,化学,,2026-09-24,2620.0,1670.0,815565680.0,492315.0,689042000.0,True,True,True,True,True,True
4776.T,4776,サイボウズ,Prime,情報・通信業,,2026-09-24,2620.0,3100.0,813920545.0,262545.0,667430000.0,True,True,True,True,True,True
8173.T,8173,上新電機,Prime,小売業,,2026-09-24,2620.0,4420.0,810000150.0,188050.0,1244672000.0,True,True,True,True,True,True
1833.T,1833,奥村組,Prime,建設業,,2026-09-24,2620.0,5750.0,809523650.0,140125.0,882625000.0,True,True,True,True,True,True
9069.T,9069,センコーグループホールディングス,Prime,陸運業,,2026-09-24,2620.0,2355.0,806685472.5,355265.0,1192101000.0,True,True,True,True,True,True
4681.T,4681,リゾートトラスト,Prime,サービス業,,2026-09-24,2620.0,1786.0,803522625.0,440770.0,730116800.0,True,True,True,True,True,True
9936.T,9936,王将フードサービス,Prime,小売業,,2026-09-24,2620.0,2930.0,802132095.0,271770.0,801355000.0,True,True,True,True,True,True
9519.T,9519,レノバ,Prime,電気・ガス業,,2026-09-24,2360.0,858.0,798751690.0,888460.0,1238866200.0,True,True,True,True,True,True
7419.T,7419,ノジマ,Prime,小売業,,2026-09-24,2620.0,1282.0,796465500.0,629430.0,924322000.0,True,True,True,True,True,True
9302.T,9302,三井倉庫ホールディングス,Prime,倉庫・運輸関連業,,2026-09-24,2620.0,3337.0,795138785.0,237080.0,696431900.0,True,True,True,True,True,True
6768.T,6768,タムラ製作所,Prime,電気機器,,2026-09-24,2620.0,869.0,792717945.0,981665.0,711450300.0,True,True,True,True,True,True
8273.T,8273,イズミ,Prime,小売業,,2026-09-24,2620.0,978.0,786187610.0,754530.0,339268200.0,True,True,True,True,True,True
9627.T,9627,アインホールディングス,Prime,小売業,,2026-09-24,2620.0,5490.0,784150245.0,133575.0,1205604000.0,True,True,True,True,True,True
319A.T,319A,技術承継機構,Growth,金属製品,,2026-09-24,398.0,20080.0,781800900.0,38600.0,883520000.0,True,True,True,True,True,True
8424.T,8424,芙蓉総合リース,Prime,その他金融業,,2026-09-24,2620.0,4500.0,780238775.0,174690.0,977850000.0,True,True,True,True,True,True
9031.T,9031,西日本鉄道,Prime,陸運業,,2026-09-24,2620.0,3075.0,779865260.0,250760.0,1952625000.0,True,True,True,True,True,True
6266.T,6266,タツモ,Prime,機械,,2026-09-24,2620.0,3720.0,779208450.0,223930.0,899124000.0,True,True,True,True,True,True
4471.T,4471,三洋化成工業,Prime,化学,,2026-09-24,2620.0,6390.0,776389850.0,123365.0,709929000.0,True,True,True,True,True,True
1518.T,1518,三井松島ホールディングス,Prime,その他製品,,2026-09-24,2620.0,2280.0,765145120.0,333995.0,908124000.0,True,True,True,True,True,True
4544.T,4544,Ｈ．Ｕ．グループホールディングス,Prime,サービス業,,2026-09-24,2620.0,3557.0,764340320.0,216495.0,758708100.0,True,True,True,True,True,True
9759.T,9759,ＮＳＤ,Prime,情報・通信業,,2026-09-24,2620.0,2925.0,763339352.5,264570.0,1950682500.0,True,True,True,True,True,True
8544.T,8544,京葉銀行,Prime,銀行業,,2026-09-24,2620.0,2838.0,754400545.0,266400.0,947324400.0,True,True,True,True,True,True
6235.T,6235,オプトラン,Prime,機械,,2026-09-24,2151.0,2542.0,753696795.0,297515.0,1022900800.0,True,True,True,True,True,True
8174.T,8174,日本瓦斯,Prime,小売業,,2026-09-24,2620.0,3036.0,742981405.0,242955.0,1167038400.0,True,True,True,True,True,True
8392.T,8392,大分銀行,Prime,銀行業,,2026-09-24,2620.0,3110.0,741650940.0,248225.0,540518000.0,True,True,True,True,True,True
8393.T,8393,宮崎銀行,Prime,銀行業,,2026-09-24,2620.0,2754.0,731965860.0,276640.0,901384200.0,True,True,True,True,True,True
2229.T,2229,カルビー,Prime,食料品,,2026-09-24,2620.0,3037.0,731287325.0,239845.0,686362000.0,True,True,True,True,True,True
4480.T,4480,メドレー,Prime,情報・通信業,,2026-09-24,1654.0,2356.0,730117880.0,287805.0,557194000.0,True,True,True,True,True,True
8425.T,8425,みずほリース,Prime,その他金融業,,2026-09-24,2620.0,1361.0,729654400.0,532785.0,937048500.0,True,True,True,True,True,True
8370.T,8370,紀陽銀行,Prime,銀行業,,2026-09-24,2620.0,5200.0,728433200.0,142300.0,792480000.0,True,True,True,True,True,True
3863.T,3863,日本製紙,Prime,パルプ・紙,,2026-09-24,2620.0,1318.0,714418860.0,533180.0,564367600.0,True,True,True,True,True,True
6143.T,6143,ソディック,Prime,機械,,2026-09-24,2620.0,1688.0,714302200.0,421240.0,623547200.0,True,True,True,True,True,True
8919.T,8919,カチタス,Prime,不動産業,,2026-09-24,2620.0,3575.0,710629425.0,196225.0,621335000.0,True,True,True,True,True,True
8153.T,8153,モスフードサービス,Prime,卸売業,,2026-09-24,2620.0,3915.0,708057825.0,179500.0,1219914000.0,True,True,True,True,True,True
4927.T,4927,ポーラ・オルビスホールディングス,Prime,化学,,2026-09-24,2620.0,1383.0,707459492.5,517200.0,801586800.0,True,True,True,True,True,True
1417.T,1417,ミライト・ワン,Prime,建設業,,2026-09-24,2620.0,3579.0,705625965.0,197450.0,643504200.0,True,True,True,True,True,True
9842.T,9842,アークランズ,Prime,小売業,,2026-09-24,2620.0,1880.0,700748825.0,374705.0,384084000.0,True,True,True,True,True,True
9601.T,9601,松竹,Prime,情報・通信業,,2026-09-24,2620.0,10850.0,698830650.0,64300.0,410130000.0,True,True,True,True,True,True
2805.T,2805,ヱスビー食品,Standard,食料品,,2026-09-24,2620.0,7590.0,695667600.0,95460.0,809853000.0,True,True,True,True,True,True
6810.T,6810,マクセル,Prime,電気機器,,2026-09-24,2620.0,2560.0,693738765.0,272250.0,355840000.0,True,True,True,True,True,True
3612.T,3612,ワールド,Prime,繊維製品,,2026-09-24,1949.0,1602.0,693583125.0,422790.0,358207200.0,True,True,True,True,True,True
6960.T,6960,フクダ電子,Standard,電気機器,,2026-09-24,2620.0,12050.0,693516350.0,58070.0,763970000.0,True,True,True,True,True,True
4078.T,4078,堺化学工業,Prime,化学,,2026-09-24,2620.0,3725.0,693086625.0,184780.0,568435000.0,True,True,True,True,True,True
1820.T,1820,西松建設,Prime,建設業,,2026-09-24,2620.0,5692.0,689170070.0,122965.0,662548800.0,True,True,True,True,True,True
3002.T,3002,グンゼ,Prime,繊維製品,,2026-09-24,2620.0,4110.0,688248825.0,167390.0,853647000.0,True,True,True,True,True,True
8336.T,8336,武蔵野銀行,Prime,銀行業,,2026-09-24,2620.0,2848.0,687887900.0,244545.0,782915200.0,True,True,True,True,True,True
6327.T,6327,北川精機,Standard,機械,,2026-09-24,2620.0,3160.0,680479840.0,221865.0,1092728000.0,True,True,True,True,True,True
9934.T,9934,因幡電機産業,Prime,卸売業,,2026-09-24,2620.0,3118.0,678878857.5,221120.0,720258000.0,True,True,True,True,True,True
5703.T,5703,日本軽金属ホールディングス,Prime,非鉄金属,,2026-09-24,2620.0,2985.0,678467135.0,226435.0,812815500.0,True,True,True,True,True,True
6958.T,6958,日本シイエムケイ,Prime,電気機器,,2026-09-24,2620.0,804.0,675957540.0,887115.0,715881600.0,True,True,True,True,True,True
6196.T,6196,ストライク,Prime,サービス業,,2026-09-24,2526.0,1423.0,669111925.0,474520.0,601644400.0,True,True,True,True,True,True
9279.T,9279,ギフトホールディングス,Prime,小売業,,2026-09-24,1934.0,1976.0,665652620.0,298040.0,799292000.0,True,True,True,True,True,True
5331.T,5331,ノリタケ,Prime,ガラス・土石製品,,2026-09-24,2620.0,3695.0,663799350.0,185345.0,935574000.0,True,True,True,True,True,True
402A.T,402A,アクセルスペースホールディングス,Growth,輸送用機器,,2026-09-24,271.0,550.0,662126560.0,1249275.0,779240000.0,True,True,True,True,True,True
4092.T,4092,日本化学工業,Prime,化学,,2026-09-24,2620.0,5740.0,661057400.0,122235.0,653786000.0,True,True,True,True,True,True
8595.T,8595,ジャフコ　グループ,Prime,証券、商品先物取引業,,2026-09-24,2620.0,2275.0,658373635.0,287680.0,825370000.0,True,True,True,True,True,True
7552.T,7552,ハピネット,Prime,卸売業,,2026-09-24,2620.0,4190.0,654570425.0,170265.0,1003505000.0,True,True,True,True,True,True
7458.T,7458,第一興商,Prime,卸売業,,2026-09-24,2620.0,1882.5,651659592.5,347525.0,2009380500.0,True,True,True,True,True,True
2292.T,2292,Ｓ　Ｆｏｏｄｓ,Prime,食料品,,2026-09-24,2620.0,2732.0,650860105.0,227220.0,393134800.0,True,True,True,True,True,True
5074.T,5074,テスホールディングス,Prime,建設業,,2026-09-24,1321.0,580.0,647945845.0,1063115.0,468814000.0,True,True,True,True,True,True
5724.T,5724,アサカ理研,Standard,非鉄金属,,2026-09-24,2620.0,3155.0,647888100.0,193095.0,145130000.0,True,True,True,True,True,True
8609.T,8609,岡三証券グループ,Prime,証券、商品先物取引業,,2026-09-24,2620.0,1228.0,647126335.0,527385.0,626280000.0,True,True,True,True,True,True
6104.T,6104,芝浦機械,Prime,機械,,2026-09-24,2620.0,4635.0,644140800.0,147045.0,831982500.0,True,True,True,True,True,True
6208.T,6208,石川製作所,Standard,機械,,2026-09-24,2620.0,1781.0,640908900.0,352355.0,166523500.0,True,True,True,True,True,True
5574.T,5574,ＡＢＥＪＡ,Growth,情報・通信業,,2026-09-24,801.0,3345.0,640202295.0,208195.0,776040000.0,True,True,True,True,True,True
5310.T,5310,東洋炭素,Prime,ガラス・土石製品,,2026-09-24,2620.0,7480.0,639517200.0,91230.0,890120000.0,True,True,True,True,True,True
4046.T,4046,大阪ソーダ,Prime,化学,,2026-09-24,2620.0,1993.0,636358710.0,312925.0,714091900.0,True,True,True,True,True,True
4634.T,4634,ａｒｔｉｅｎｃｅ,Prime,化学,,2026-09-24,2620.0,5130.0,634800525.0,125020.0,959310000.0,True,True,True,True,True,True
7611.T,7611,ハイデイ日高,Prime,小売業,,2026-09-24,2620.0,2854.0,632451830.0,211075.0,453500600.0,True,True,True,True,True,True
9409.T,9409,テレビ朝日ホールディングス,Prime,情報・通信業,,2026-09-24,2620.0,3100.0,630241775.0,201350.0,848780000.0,True,True,True,True,True,True
4432.T,4432,ウイングアーク１ｓｔ,Prime,情報・通信業,,2026-09-24,1351.0,3320.0,629314050.0,186470.0,288840000.0,True,True,True,True,True,True
3360.T,3360,シップヘルスケアホールディングス,Prime,卸売業,,2026-09-24,2620.0,2441.5,627442752.5,260855.0,633569250.0,True,True,True,True,True,True
8550.T,8550,栃木銀行,Prime,銀行業,,2026-09-24,2620.0,1119.0,624973710.0,572220.0,800420700.0,True,True,True,True,True,True
8016.T,8016,オンワードホールディングス,Prime,繊維製品,,2026-09-24,2620.0,726.0,622203510.0,845275.0,582324600.0,True,True,True,True,True,True
7803.T,7803,ブシロード,Growth,その他製品,,2026-09-24,1746.0,479.0,621668475.0,1378955.0,489969100.0,True,True,True,True,True,True
5423.T,5423,東京製鐵,Prime,鉄鋼,,2026-09-24,2620.0,1712.0,616036145.0,353940.0,620600000.0,True,True,True,True,True,True
6412.T,6412,平和,Prime,機械,,2026-09-24,2620.0,2197.0,614822155.0,278825.0,1650386400.0,True,True,True,True,True,True
3167.T,3167,ＴＯＫＡＩホールディングス,Prime,卸売業,,2026-09-24,2620.0,1355.0,612379010.0,454775.0,1734129000.0,True,True,True,True,True,True
6379.T,6379,レイズネクスト,Prime,建設業,,2026-09-24,2620.0,3100.0,612042730.0,202370.0,1047800000.0,True,True,True,True,True,True
8194.T,8194,ライフコーポレーション,Prime,小売業,,2026-09-24,2620.0,2681.0,611849675.0,225765.0,593037200.0,True,True,True,True,True,True
6804.T,6804,ホシデン,Prime,電気機器,,2026-09-24,2620.0,2532.0,610851155.0,235085.0,717822000.0,True,True,True,True,True,True
3156.T,3156,レスター,Prime,卸売業,,2026-09-24,2620.0,6140.0,610200575.0,112645.0,917930000.0,True,True,True,True,True,True
7744.T,7744,ノーリツ鋼機,Prime,精密機器,,2026-09-24,2620.0,2013.0,609599280.0,302400.0,538678800.0,True,True,True,True,True,True
7184.T,7184,富山第一銀行,Prime,銀行業,,2026-09-24,2592.0,3485.0,608924475.0,178880.0,650998000.0,True,True,True,True,True,True
2980.T,2980,ＳＲＥホールディングス,Prime,不動産業,,2026-09-24,1649.0,2330.0,608727450.0,257215.0,615586000.0,True,True,True,True,True,True
2730.T,2730,エディオン,Prime,小売業,,2026-09-24,2620.0,2494.0,598499260.0,238950.0,815288600.0,True,True,True,True,True,True
9130.T,9130,共栄タンカー,Standard,海運業,,2026-09-24,2620.0,1732.0,597994630.0,331385.0,294786400.0,True,True,True,True,True,True
6013.T,6013,タクマ,Prime,機械,,2026-09-24,2620.0,3010.0,597737120.0,198620.0,526750000.0,True,True,True,True,True,True
4919.T,4919,ミルボン,Prime,化学,,2026-09-24,2620.0,3235.0,595778300.0,184695.0,566448500.0,True,True,True,True,True,True
9956.T,9956,バローホールディングス,Prime,小売業,,2026-09-24,2620.0,3355.0,594400175.0,179250.0,519018500.0,True,True,True,True,True,True
4975.T,4975,ＪＣＵ,Prime,化学,,2026-09-24,2620.0,5830.0,590939600.0,105465.0,288585000.0,True,True,True,True,True,True
3433.T,3433,トーカロ,Prime,金属製品,,2026-09-24,2620.0,2891.0,588313120.0,212180.0,529631200.0,True,True,True,True,True,True
256A.T,256A,飛島ホールディングス,Prime,建設業,,2026-09-24,2620.0,2296.0,586754985.0,263800.0,569408000.0,True,True,True,True,True,True
1882.T,1882,東亜道路工業,Prime,建設業,,2026-09-24,2620.0,1616.0,582048755.0,361050.0,578366400.0,True,True,True,True,True,True
5541.T,5541,大平洋金属,Prime,鉄鋼,,2026-09-24,2620.0,2660.0,580370065.0,218040.0,360696000.0,True,True,True,True,True,True
9436.T,9436,沖縄セルラー電話,Standard,情報・通信業,,2026-09-24,2620.0,4405.0,580184075.0,136520.0,806115000.0,True,True,True,True,True,True
7313.T,7313,テイ・エス　テック,Prime,輸送用機器,,2026-09-24,2620.0,1833.5,579175075.0,315920.0,769336600.0,True,True,True,True,True,True
4819.T,4819,デジタルガレージ,Prime,情報・通信業,,2026-09-24,2620.0,2393.0,578939630.0,254780.0,767195800.0,True,True,True,True,True,True
2296.T,2296,伊藤ハム米久ホールディングス,Prime,食料品,,2026-09-24,2580.0,5010.0,578667275.0,114840.0,810618000.0,True,True,True,True,True,True
6140.T,6140,旭ダイヤモンド工業,Prime,機械,,2026-09-24,2620.0,1128.0,577426605.0,495300.0,342912000.0,True,True,True,True,True,True
3660.T,3660,アイスタイル,Prime,情報・通信業,,2026-09-24,2620.0,500.0,576769865.0,1123250.0,611650000.0,True,True,True,True,True,True
6807.T,6807,日本航空電子工業,Prime,電気機器,,2026-09-24,2620.0,2570.0,575164530.0,231695.0,707264000.0,True,True,True,True,True,True
325A.T,325A,ＴＥＮＴＩＡＬ,Growth,繊維製品,,2026-09-24,383.0,1954.0,565441940.0,308630.0,605349200.0,True,True,True,True,True,True
2326.T,2326,デジタルアーツ,Prime,情報・通信業,,2026-09-24,2620.0,4950.0,565177000.0,121260.0,661815000.0,True,True,True,True,True,True
7740.T,7740,タムロン,Prime,精密機器,,2026-09-24,2620.0,1347.0,565109855.0,414900.0,446261100.0,True,True,True,True,True,True
8572.T,8572,アコム,Standard,その他金融業,,2026-09-24,2620.0,482.0,564345273.3125305,1161455.0,796697800.0,True,True,True,True,True,True
6800.T,6800,ヨコオ,Prime,電気機器,,2026-09-24,2620.0,4465.0,563972700.0,141540.0,797002500.0,True,True,True,True,True,True
4849.T,4849,エン,Prime,サービス業,,2026-09-24,2620.0,1713.0,560317500.0,338545.0,681088800.0,True,True,True,True,True,True
9682.T,9682,ＤＴＳ,Prime,情報・通信業,,2026-09-24,2620.0,1141.0,560137185.0,501900.0,979776700.0,True,True,True,True,True,True
2270.T,2270,雪印メグミルク,Prime,食料品,,2026-09-24,2620.0,3650.0,559948800.0,149575.0,816505000.0,True,True,True,True,True,True
6617.T,6617,東光高岳,Prime,電気機器,,2026-09-24,2620.0,6900.0,559044600.0,81595.0,552000000.0,True,True,True,True,True,True
9824.T,9824,泉州電業,Prime,卸売業,,2026-09-24,2620.0,7850.0,557134950.0,73435.0,607590000.0,True,True,True,True,True,True
8707.T,8707,岩井コスモホールディングス,Prime,証券、商品先物取引業,,2026-09-24,2620.0,4655.0,554928800.0,118685.0,606546500.0,True,True,True,True,True,True
4617.T,4617,中国塗料,Prime,化学,,2026-09-24,2620.0,3525.0,553634200.0,156850.0,500902500.0,True,True,True,True,True,True
4028.T,4028,石原産業,Prime,化学,,2026-09-24,2620.0,2907.0,551657415.0,182430.0,557271900.0,True,True,True,True,True,True
6250.T,6250,やまびこ,Prime,機械,,2026-09-24,2620.0,4440.0,551494550.0,126350.0,380064000.0,True,True,True,True,True,True
7287.T,7287,日本精機,Standard,輸送用機器,,2026-09-24,2620.0,2771.0,549853910.0,203535.0,603246700.0,True,True,True,True,True,True
1333.T,1333,マルハニチロ,Prime,水産・農林業,,2026-09-24,2620.0,1288.5,549620767.5,425960.0,706742250.0,True,True,True,True,True,True
2334.T,2334,イオレ,Growth,サービス業,,2026-09-24,2153.0,585.0,547403780.0,963010.0,457762500.0,True,True,True,True,True,True
8098.T,8098,稲畑産業,Prime,卸売業,,2026-09-24,2620.0,4490.0,547353175.0,122855.0,549127000.0,True,True,True,True,True,True
8600.T,8600,トモニホールディングス,Prime,銀行業,,2026-09-24,2620.0,1180.0,546749675.0,480520.0,867064000.0,True,True,True,True,True,True
3762.T,3762,テクマトリックス,Prime,情報・通信業,,2026-09-24,2620.0,2524.0,546440605.0,223685.0,675674800.0,True,True,True,True,True,True
9603.T,9603,エイチ・アイ・エス,Prime,サービス業,,2026-09-24,2620.0,1105.0,542939515.0,465050.0,821457000.0,True,True,True,True,True,True
350A.T,350A,デジタルグリッド,Growth,電気・ガス業,,2026-09-24,347.0,692.0,541486910.0,722140.0,343578000.0,True,True,True,True,True,True
8154.T,8154,加賀電子,Prime,卸売業,,2026-09-24,2620.0,5120.0,539632225.0,109015.0,605696000.0,True,True,True,True,True,True
4419.T,4419,Ｆｉｎａｔｅｘｔホールディングス,Growth,情報・通信業,,2026-09-24,1161.0,1406.0,538769930.0,385340.0,439234400.0,True,True,True,True,True,True
4593.T,4593,ヘリオス,Growth,医薬品,,2026-09-24,2620.0,294.0,538659640.0,1854040.0,586236000.0,True,True,True,True,True,True
2379.T,2379,ディップ,Prime,サービス業,,2026-09-24,2620.0,1824.0,538105035.0,292885.0,332515200.0,True,True,True,True,True,True
3465.T,3465,ケイアイスター不動産,Prime,不動産業,,2026-09-24,2620.0,3295.0,536916200.0,156970.0,457346000.0,True,True,True,True,True,True
2353.T,2353,日本駐車場開発,Prime,不動産業,,2026-09-24,2620.0,261.0,536786450.0,2000105.0,603666900.0,True,True,True,True,True,True
2602.T,2602,日清オイリオグループ,Prime,食料品,,2026-09-24,2620.0,2069.0,535835945.0,257265.0,529250200.0,True,True,True,True,True,True
8541.T,8541,愛媛銀行,Prime,銀行業,,2026-09-24,2620.0,3470.0,533475850.0,165050.0,936553000.0,True,True,True,True,True,True
2659.T,2659,サンエー,Prime,小売業,,2026-09-24,2620.0,3355.0,532936800.0,157890.0,864919000.0,True,True,True,True,True,True
6737.T,6737,ＥＩＺＯ,Prime,電気機器,,2026-09-24,2620.0,3090.0,531909550.0,171940.0,420549000.0,True,True,True,True,True,True
7242.T,7242,カヤバ,Prime,輸送用機器,,2026-09-24,2620.0,4745.0,529653475.0,111660.0,479719500.0,True,True,True,True,True,True
7947.T,7947,エフピコ,Prime,化学,,2026-09-24,2620.0,2813.0,529329485.0,187395.0,433764600.0,True,True,True,True,True,True
3449.T,3449,テクノフレックス,Standard,金属製品,,2026-09-24,1656.0,4445.0,529171775.0,129500.0,704088000.0,True,True,True,True,True,True
7296.T,7296,エフ・シー・シー,Prime,輸送用機器,,2026-09-24,2620.0,4235.0,529167475.0,127295.0,470508500.0,True,True,True,True,True,True
6454.T,6454,マックス,Prime,機械,,2026-09-24,2620.0,1877.0,525749310.0,280185.0,597449100.0,True,True,True,True,True,True
3176.T,3176,三洋貿易,Prime,卸売業,,2026-09-24,2620.0,1136.0,524254265.0,450495.0,593219200.0,True,True,True,True,True,True
2780.T,2780,コメ兵ホールディングス,Standard,小売業,,2026-09-24,2620.0,4470.0,522736550.0,109410.0,211878000.0,True,True,True,True,True,True
2760.T,2760,東京エレクトロン　デバイス,Prime,卸売業,,2026-09-24,2620.0,4505.0,522484550.0,125260.0,1397451000.0,True,True,True,True,True,True
6363.T,6363,酉島製作所,Prime,機械,,2026-09-24,2620.0,2956.0,521389175.0,177625.0,599181200.0,True,True,True,True,True,True
4071.T,4071,プラスアルファ・コンサルティング,Prime,情報・通信業,,2026-09-24,1279.0,2113.0,521264850.0,247090.0,427671200.0,True,True,True,True,True,True
1723.T,1723,日本電技,Standard,建設業,,2026-09-24,2620.0,2560.0,519201240.0,213490.0,569856000.0,True,True,True,True,True,True
6036.T,6036,ＫｅｅＰｅｒ技研,Prime,サービス業,,2026-09-24,2620.0,3495.0,517734200.0,148000.0,312802500.0,True,True,True,True,True,True
7381.T,7381,ＣＣＩグループ,Prime,銀行業,,2026-09-24,1217.0,1324.0,517733950.0,402025.0,718005200.0,True,True,True,True,True,True
9336.T,9336,大栄環境,Prime,サービス業,,2026-09-24,923.0,3790.0,515726575.0,134760.0,771265000.0,True,True,True,True,True,True
9678.T,9678,カナモト,Prime,サービス業,,2026-09-24,2620.0,5420.0,513600650.0,93580.0,765304000.0,True,True,True,True,True,True
1965.T,1965,テクノ菱和,Standard,建設業,,2026-09-24,2620.0,7160.0,513307450.0,73825.0,520532000.0,True,True,True,True,True,True
4894.T,4894,クオリプス,Growth,医薬品,,2026-09-24,792.0,5890.0,512918200.0,90645.0,421724000.0,True,True,True,True,True,True
5602.T,5602,栗本鐵工所,Prime,鉄鋼,,2026-09-24,2620.0,1659.0,509590950.0,304265.0,663600000.0,True,True,True,True,True,True
9832.T,9832,オートバックスセブン,Prime,卸売業,,2026-09-24,2620.0,1601.0,509456250.0,320780.0,1679769200.0,True,True,True,True,True,True
9743.T,9743,丹青社,Prime,サービス業,,2026-09-24,2620.0,1455.0,507728655.0,340035.0,580545000.0,True,True,True,True,True,True
6072.T,6072,地盤ネットホールディングス,Growth,サービス業,,2026-09-24,2620.0,1080.0,505645095.0,473865.0,530604000.0,True,True,True,True,True,True
3222.T,3222,ユナイテッド・スーパーマーケット・ホールディングス,Standard,小売業,,2026-09-24,2620.0,832.0,505498455.0,602855.0,353433600.0,True,True,True,True,True,True
3276.T,3276,ＪＰＭＣ,Prime,不動産業,,2026-09-24,2620.0,2266.0,505406590.0,223620.0,35802800.0,True,True,True,True,True,True
8818.T,8818,京阪神ビルディング,Prime,不動産業,,2026-09-24,2620.0,1081.0,502769750.0,452095.0,1324333100.0,True,True,True,True,True,True
7226.T,7226,極東開発工業,Prime,輸送用機器,,2026-09-24,2620.0,2308.0,500766490.0,217090.0,514914800.0,True,True,True,True,True,True
6516.T,6516,山洋電気,Prime,電気機器,,2026-09-24,2620.0,5420.0,494770800.0,93490.0,533870000.0,True,True,True,True,True,True
5208.T,5208,有沢製作所,Prime,化学,,2026-09-24,2620.0,2720.0,494234790.0,189025.0,873120000.0,True,True,True,True,True,True
8065.T,8065,佐藤商事,Prime,卸売業,,2026-09-24,2620.0,3100.0,493505350.0,152165.0,337280000.0,True,True,True,True,True,True
4187.T,4187,大阪有機化学工業,Prime,化学,,2026-09-24,2620.0,4210.0,493474500.0,115935.0,651287000.0,True,True,True,True,True,True
1879.T,1879,新日本建設,Prime,建設業,,2026-09-24,2620.0,2299.0,492993955.0,213920.0,479571400.0,True,True,True,True,True,True
7384.T,7384,プロクレアホールディングス,Prime,銀行業,,2026-09-24,1095.0,5400.0,492670875.0,99035.0,851040000.0,True,True,True,True,True,True
6914.T,6914,オプテックスグループ,Prime,電気機器,,2026-09-24,2620.0,3270.0,491314175.0,155240.0,554265000.0,True,True,True,True,True,True
8129.T,8129,東邦ホールディングス,Prime,卸売業,,2026-09-24,2620.0,4063.0,491145685.0,123240.0,1163236900.0,True,True,True,True,True,True
5889.T,5889,Ｊａｐａｎ　Ｅｙｅｗｅａｒ　Ｈｏｌｄｉｎｇｓ,Prime,小売業,,2026-09-24,695.0,2318.0,489591875.0,201610.0,882462600.0,True,True,True,True,True,True
9880.T,9880,イノテック,Prime,電気機器,,2026-09-24,2620.0,3490.0,489114300.0,142165.0,513728000.0,True,True,True,True,True,True
1419.T,1419,タマホーム,Prime,建設業,,2026-09-24,2620.0,2894.0,487903045.0,167975.0,221101600.0,True,True,True,True,True,True
9119.T,9119,飯野海運,Prime,海運業,,2026-09-24,2620.0,1744.0,487891485.0,280435.0,365193600.0,True,True,True,True,True,True
9010.T,9010,富士急行,Prime,陸運業,,2026-09-24,2620.0,2644.0,487227820.0,182185.0,510556400.0,True,True,True,True,True,True
7513.T,7513,コジマ,Prime,小売業,,2026-09-24,2620.0,1471.0,486929505.0,340200.0,347303100.0,True,True,True,True,True,True
8511.T,8511,日本証券金融,Prime,その他金融業,,2026-09-24,2620.0,2482.0,486520600.0,195740.0,837675000.0,True,True,True,True,True,True
4045.T,4045,東亞合成,Prime,化学,,2026-09-24,2620.0,1819.0,485248320.0,265400.0,366892300.0,True,True,True,True,True,True
2678.T,2678,アスクル,Prime,小売業,,2026-09-24,2620.0,1229.0,485089165.0,384825.0,664397400.0,True,True,True,True,True,True
1926.T,1926,ライト工業,Prime,建設業,,2026-09-24,2620.0,3895.0,483262100.0,125960.0,710058500.0,True,True,True,True,True,True
6023.T,6023,ダイハツインフィニアース,Standard,輸送用機器,,2026-09-24,2620.0,3370.0,482174170.0,149910.0,1271838000.0,True,True,True,True,True,True
4996.T,4996,クミアイ化学工業,Prime,化学,,2026-09-24,2620.0,684.0,479987090.0,677575.0,404038800.0,True,True,True,True,True,True
8057.T,8057,内田洋行,Prime,卸売業,,2026-09-24,2620.0,2224.0,479698645.0,211450.0,475713600.0,True,True,True,True,True,True
9090.T,9090,ＡＺ－ＣＯＭ丸和ホールディングス,Prime,陸運業,,2026-09-24,2620.0,907.0,478873620.0,532470.0,1051847900.0,True,True,True,True,True,True
9247.T,9247,ＴＲＥホールディングス,Prime,サービス業,,2026-09-24,1217.0,1782.0,478031455.0,258970.0,619423200.0,True,True,True,True,True,True
9075.T,9075,福山通運,Prime,陸運業,,2026-09-24,2620.0,6370.0,477844750.0,76090.0,458003000.0,True,True,True,True,True,True
5482.T,5482,愛知製鋼,Prime,鉄鋼,,2026-09-24,2620.0,3230.0,477561175.0,148260.0,590121000.0,True,True,True,True,True,True
5702.T,5702,大紀アルミニウム工業所,Prime,非鉄金属,,2026-09-24,2620.0,1818.0,477034015.0,258525.0,455409000.0,True,True,True,True,True,True
3083.T,3083,スターシーズ,Standard,小売業,,2026-09-24,2620.0,1208.0,476693310.0,384630.0,285692000.0,True,True,True,True,True,True
3569.T,3569,セーレン,Prime,繊維製品,,2026-09-24,2620.0,3290.0,476627275.0,142125.0,402696000.0,True,True,True,True,True,True
2124.T,2124,ジェイエイシーリクルートメント,Prime,サービス業,,2026-09-24,2620.0,1028.0,476266695.0,476695.0,471852000.0,True,True,True,True,True,True
7606.T,7606,ユナイテッドアローズ,Prime,小売業,,2026-09-24,2620.0,2405.0,473695075.0,197525.0,327561000.0,True,True,True,True,True,True
9536.T,9536,西部ガスホールディングス,Prime,電気・ガス業,,2026-09-24,2620.0,2605.0,471424095.0,184040.0,490782000.0,True,True,True,True,True,True
7085.T,7085,カーブスホールディングス,Prime,サービス業,,2026-09-24,1604.0,884.0,470907190.0,506330.0,269443200.0,True,True,True,True,True,True
4665.T,4665,ダスキン,Prime,サービス業,,2026-09-24,2620.0,4737.0,470521585.0,100590.0,1035508200.0,True,True,True,True,True,True
8584.T,8584,ジャックス,Prime,その他金融業,,2026-09-24,2620.0,3705.0,470171675.0,125030.0,437560500.0,True,True,True,True,True,True
8399.T,8399,琉球銀行,Prime,銀行業,,2026-09-24,2620.0,3285.0,468610100.0,143720.0,553851000.0,True,True,True,True,True,True
4431.T,4431,スマレジ,Growth,情報・通信業,,2026-09-24,1845.0,3330.0,466221150.0,133890.0,150516000.0,True,True,True,True,True,True
4549.T,4549,栄研化学,Prime,医薬品,,2026-09-24,2620.0,2388.0,465446300.0,201120.0,271993200.0,True,True,True,True,True,True
7711.T,7711,助川電気工業,Standard,精密機器,,2026-09-24,2620.0,5080.0,465123125.0,89685.0,267716000.0,True,True,True,True,True,True
6644.T,6644,大崎電気工業,Prime,電気機器,,2026-09-24,2620.0,1484.0,462313460.0,311150.0,926164400.0,True,True,True,True,True,True
2612.T,2612,かどや製油,Standard,食料品,,2026-09-24,2620.0,2850.0,460826370.0,167395.0,951330000.0,True,True,True,True,True,True
9948.T,9948,アークス,Prime,小売業,,2026-09-24,2620.0,3710.0,460456300.0,123085.0,366919000.0,True,True,True,True,True,True
5161.T,5161,西川ゴム工業,Standard,ゴム製品,,2026-09-24,2620.0,3610.0,459494650.0,127840.0,489516000.0,True,True,True,True,True,True
6371.T,6371,椿本チエイン,Prime,機械,,2026-09-24,2620.0,2693.0,458470875.0,170195.0,520018300.0,True,True,True,True,True,True
7743.T,7743,シード,Prime,精密機器,,2026-09-24,2620.0,792.0,457603300.0,583040.0,303969600.0,True,True,True,True,True,True
3825.T,3825,リミックスポイント,Standard,小売業,,2026-09-24,2620.0,245.0,457546755.0,1901530.0,530743500.0,True,True,True,True,True,True
7730.T,7730,マニー,Prime,精密機器,,2026-09-24,2620.0,1459.0,457124415.0,303850.0,498248500.0,True,True,True,True,True,True
4290.T,4290,プレステージ・インターナショナル,Prime,サービス業,,2026-09-24,2620.0,712.0,455434755.0,646985.0,824424800.0,True,True,True,True,True,True
7994.T,7994,オカムラ,Prime,その他製品,,2026-09-24,2620.0,2340.0,453982105.0,192310.0,485082000.0,True,True,True,True,True,True
9793.T,9793,ダイセキ,Prime,サービス業,,2026-09-24,2620.0,3700.0,452784250.0,121040.0,579050000.0,True,True,True,True,True,True
8337.T,8337,千葉興業銀行,Prime,銀行業,,2026-09-24,2620.0,2667.0,450089110.0,167130.0,378714000.0,True,True,True,True,True,True
4686.T,4686,ジャストシステム,Prime,情報・通信業,,2026-09-24,2620.0,4370.0,449895675.0,105390.0,603060000.0,True,True,True,True,True,True
7433.T,7433,伯東,Prime,卸売業,,2026-09-24,2620.0,5610.0,448705100.0,83460.0,741642000.0,True,True,True,True,True,True
4477.T,4477,ＢＡＳＥ,Growth,情報・通信業,,2026-09-24,1687.0,337.0,448435210.0,1281995.0,260939100.0,True,True,True,True,True,True
167A.T,167A,リョーサン菱洋ホールディングス,Prime,卸売業,,2026-09-24,2620.0,3330.0,445880150.0,138530.0,496836000.0,True,True,True,True,True,True
8219.T,8219,青山商事,Prime,小売業,,2026-09-24,2620.0,757.0,445762970.0,582450.0,496516300.0,True,True,True,True,True,True
2815.T,2815,アリアケジャパン,Prime,食料品,,2026-09-24,2620.0,5250.0,444895750.0,83280.0,554925000.0,True,True,True,True,True,True
3591.T,3591,ワコールホールディングス,Prime,繊維製品,,2026-09-24,2620.0,3960.0,444619400.0,108920.0,542520000.0,True,True,True,True,True,True
212A.T,212A,フィットイージー,Prime,サービス業,,2026-09-24,529.0,2832.0,443322860.0,158145.0,389683200.0,True,True,True,True,True,True
6521.T,6521,オキサイド,Growth,電気機器,,2026-09-24,1337.0,3280.0,441574685.0,138670.0,366048000.0,True,True,True,True,True,True
3399.T,3399,丸千代山岡家,Standard,小売業,,2026-09-24,2620.0,3855.0,440345875.0,113265.0,321507000.0,True,True,True,True,True,True
8005.T,8005,スクロール,Prime,小売業,,2026-09-24,2620.0,1793.0,438872580.0,245930.0,401094100.0,True,True,True,True,True,True
7780.T,7780,メニコン,Prime,精密機器,,2026-09-24,2620.0,1763.0,438497675.0,242030.0,526960700.0,True,True,True,True,True,True
287A.T,287A,黒田グループ,Standard,卸売業,,2026-09-24,429.0,1161.0,435263715.0,375565.0,394043400.0,True,True,True,True,True,True
4420.T,4420,イーソル,Standard,情報・通信業,,2026-09-24,1938.0,822.0,433462160.0,511865.0,209692200.0,True,True,True,True,True,True
4044.T,4044,セントラル硝子,Prime,化学,,2026-09-24,2620.0,4575.0,433450775.0,96985.0,344040000.0,True,True,True,True,True,True
6794.T,6794,フォスター電機,Prime,電気機器,,2026-09-24,2620.0,3255.0,433405430.0,142910.0,442029000.0,True,True,True,True,True,True
7746.T,7746,岡本硝子,Standard,精密機器,,2026-09-24,2620.0,812.0,433138335.0,546920.0,219970800.0,True,True,True,True,True,True
8614.T,8614,東洋証券,Prime,証券、商品先物取引業,,2026-09-24,2620.0,701.0,432774700.0,594250.0,315239700.0,True,True,True,True,True,True
417A.T,417A,ブルーゾーンホールディングス,Prime,小売業,,2026-09-24,2620.0,1887.5,431911615.0,228365.0,476971250.0,True,True,True,True,True,True
2001.T,2001,ニップン,Prime,食料品,,2026-09-24,2620.0,2926.0,430026080.0,145210.0,532532000.0,True,True,True,True,True,True
6395.T,6395,タダノ,Prime,機械,,2026-09-24,2620.0,1370.0,428487575.0,309105.0,304414000.0,True,True,True,True,True,True
1952.T,1952,新日本空調,Prime,建設業,,2026-09-24,2620.0,3230.0,427642775.0,134455.0,567511000.0,True,True,True,True,True,True
4933.T,4933,Ｉ－ｎｅ,Prime,化学,,2026-09-24,1465.0,2409.0,426822545.0,202275.0,1043097000.0,True,True,True,True,True,True
8051.T,8051,山善,Prime,卸売業,,2026-09-24,2620.0,2001.0,426443170.0,217250.0,535267500.0,True,True,True,True,True,True
7236.T,7236,ティラド,Prime,輸送用機器,,2026-09-24,2620.0,1505.0,425588060.0,282075.0,444276000.0,True,True,True,True,True,True
2281.T,2281,プリマハム,Prime,食料品,,2026-09-24,2620.0,2389.0,424754685.0,175545.0,1291254500.0,True,True,True,True,True,True
9425.T,9425,ＲｅＹｕｕ　Ｊａｐａｎ,Standard,情報・通信業,,2026-09-24,2620.0,229.0,424497165.0,1623915.0,65814600.0,True,True,True,True,True,True
6986.T,6986,双葉電子工業,Prime,電気機器,,2026-09-24,2620.0,825.0,424184135.0,553080.0,382965000.0,True,True,True,True,True,True
4041.T,4041,日本曹達,Prime,化学,,2026-09-24,2620.0,3850.0,422897250.0,108135.0,772310000.0,True,True,True,True,True,True
7839.T,7839,ＳＨＯＥＩ,Prime,その他製品,,2026-09-24,2620.0,2144.0,421881335.0,201770.0,542646400.0,True,True,True,True,True,True
4997.T,4997,日本農薬,Prime,化学,,2026-09-24,2620.0,1183.0,421647565.0,346745.0,531521900.0,True,True,True,True,True,True
8061.T,8061,西華産業,Prime,卸売業,,2026-09-24,2620.0,3065.0,420343665.0,136385.0,389561500.0,True,True,True,True,True,True
6727.T,6727,ワコム,Prime,電気機器,,2026-09-24,2620.0,851.0,419561115.0,508280.0,382099000.0,True,True,True,True,True,True
8803.T,8803,平和不動産,Prime,不動産業,,2026-09-24,2620.0,2370.0,418935465.0,176580.0,505758000.0,True,True,True,True,True,True
2317.T,2317,システナ,Prime,情報・通信業,,2026-09-24,2620.0,437.0,417877135.0,938930.0,369133900.0,True,True,True,True,True,True
4493.T,4493,サイバーセキュリティクラウド,Growth,情報・通信業,,2026-09-24,1587.0,2034.0,415273205.0,217775.0,757258200.0,True,True,True,True,True,True
6998.T,6998,日本タングステン,Standard,電気機器,,2026-09-24,2620.0,4250.0,414373600.0,114005.0,876350000.0,True,True,True,True,True,True
4553.T,4553,東和薬品,Prime,医薬品,,2026-09-24,2620.0,3700.0,414304175.0,112475.0,362970000.0,True,True,True,True,True,True
7972.T,7972,イトーキ,Prime,その他製品,,2026-09-24,2620.0,2511.0,413460415.0,163500.0,399500100.0,True,True,True,True,True,True
7018.T,7018,内海造船,Standard,輸送用機器,,2026-09-24,2620.0,13420.0,411848700.0,31460.0,236192000.0,True,True,True,True,True,True
9715.T,9715,トランス・コスモス,Prime,サービス業,,2026-09-24,2620.0,3600.0,410595225.0,112910.0,455400000.0,True,True,True,True,True,True
3946.T,3946,トーモク,Prime,パルプ・紙,,2026-09-24,2620.0,4445.0,410441200.0,91325.0,461391000.0,True,True,True,True,True,True
4425.T,4425,Ｋｕｄａｎ,Growth,情報・通信業,,2026-09-24,1890.0,1482.0,409121430.0,274170.0,293139600.0,True,True,True,True,True,True
4968.T,4968,荒川化学工業,Prime,化学,,2026-09-24,2620.0,2398.0,408660450.0,189010.0,642184400.0,True,True,True,True,True,True
4521.T,4521,科研製薬,Prime,医薬品,,2026-09-24,2620.0,3965.0,407894275.0,103435.0,470645500.0,True,True,True,True,True,True
1663.T,1663,Ｋ＆Ｏエナジーグループ,Prime,鉱業,,2026-09-24,2620.0,1934.0,407218810.0,206625.0,318336400.0,True,True,True,True,True,True
6995.T,6995,東海理化電機製作所,Prime,輸送用機器,,2026-09-24,2620.0,3195.0,405823300.0,128545.0,660087000.0,True,True,True,True,True,True
6588.T,6588,東芝テック,Prime,電気機器,,2026-09-24,2620.0,2909.0,405035380.0,137105.0,500057100.0,True,True,True,True,True,True
4275.T,4275,カーリット,Prime,化学,,2026-09-24,2620.0,2003.0,404156285.0,200045.0,235552800.0,True,True,True,True,True,True
8059.T,8059,第一実業,Prime,卸売業,,2026-09-24,2620.0,3660.0,403436025.0,109075.0,513132000.0,True,True,True,True,True,True
4825.T,4825,ウェザーニューズ,Prime,情報・通信業,,2026-09-24,2620.0,2007.0,402414105.0,196910.0,302454900.0,True,True,True,True,True,True
1941.T,1941,中電工,Prime,建設業,,2026-09-24,2620.0,5180.0,402067350.0,78055.0,331520000.0,True,True,True,True,True,True
4258.T,4258,網屋,Growth,情報・通信業,,2026-09-24,1161.0,5800.0,401936900.0,81455.0,498220000.0,True,True,True,True,True,True
4174.T,4174,アピリッツ,Standard,情報・通信業,,2026-09-24,1363.0,1019.0,401818835.0,387450.0,195240400.0,True,True,True,True,True,True
4840.T,4840,トライアイズ,Growth,サービス業,,2026-09-24,2620.0,709.0,398859540.0,507705.0,59272400.0,True,True,True,True,True,True
5975.T,5975,東プレ,Prime,金属製品,,2026-09-24,2620.0,3405.0,398608700.0,119505.0,310876500.0,True,True,True,True,True,True
7245.T,7245,大同メタル工業,Prime,輸送用機器,,2026-09-24,2620.0,1153.0,395698670.0,339380.0,360312500.0,True,True,True,True,True,True
9716.T,9716,乃村工藝社,Prime,サービス業,,2026-09-24,2620.0,1250.0,395267840.0,313740.0,405625000.0,True,True,True,True,True,True
7516.T,7516,コーナン商事,Prime,小売業,,2026-09-24,2620.0,4555.0,393942950.0,87570.0,566642000.0,True,True,True,True,True,True
3673.T,3673,ブロードリーフ,Prime,情報・通信業,,2026-09-24,2620.0,488.0,393655705.0,832300.0,416508000.0,True,True,True,True,True,True
6331.T,6331,三菱化工機,Prime,機械,,2026-09-24,2620.0,3350.0,393469800.0,120360.0,340360000.0,True,True,True,True,True,True
6118.T,6118,アイダエンジニアリング,Prime,機械,,2026-09-24,2620.0,1194.0,393412270.0,318915.0,430795200.0,True,True,True,True,True,True
3245.T,3245,ディア・ライフ,Prime,不動産業,,2026-09-24,2620.0,1083.0,392883500.0,353885.0,906471000.0,True,True,True,True,True,True
6838.T,6838,多摩川ホールディングス,Standard,電気機器,,2026-09-24,2620.0,1436.0,392509945.0,269985.0,291651600.0,True,True,True,True,True,True
262A.T,262A,インターメスティック,Prime,小売業,,2026-09-24,470.0,1722.0,388969225.0,221185.0,218177400.0,True,True,True,True,True,True
3036.T,3036,アルコニックス,Prime,卸売業,,2026-09-24,2620.0,3370.0,388644500.0,115125.0,306333000.0,True,True,True,True,True,True
9304.T,9304,澁澤倉庫,Prime,倉庫・運輸関連業,,2026-09-24,2620.0,2144.0,388247000.0,185155.0,289011200.0,True,True,True,True,True,True
3663.T,3663,セルシス,Prime,情報・通信業,,2026-09-24,2620.0,1856.0,387980100.0,207600.0,519865600.0,True,True,True,True,True,True
7794.T,7794,イーディーピー,Growth,その他製品,,2026-09-24,1038.0,1013.0,387774100.0,384525.0,245146000.0,True,True,True,True,True,True
2220.T,2220,亀田製菓,Prime,食料品,,2026-09-24,2620.0,1303.0,386325620.0,282085.0,381388100.0,True,True,True,True,True,True
7864.T,7864,フジシールインターナショナル,Prime,その他製品,,2026-09-24,2620.0,3400.0,384885700.0,116465.0,556920000.0,True,True,True,True,True,True
8622.T,8622,水戸証券,Prime,証券、商品先物取引業,,2026-09-24,2620.0,915.0,384848155.0,403590.0,395646000.0,True,True,True,True,True,True
6183.T,6183,ベルシステム２４ホールディングス,Prime,サービス業,,2026-09-24,2620.0,1368.0,384719335.0,277475.0,444463200.0,True,True,True,True,True,True
1377.T,1377,サカタのタネ,Prime,水産・農林業,,2026-09-24,2620.0,4390.0,384641775.0,87765.0,458755000.0,True,True,True,True,True,True
6080.T,6080,Ｍ＆Ａキャピタルパートナーズ,Prime,サービス業,,2026-09-24,2620.0,4275.0,383932700.0,91290.0,460845000.0,True,True,True,True,True,True
6282.T,6282,オイレス工業,Prime,機械,,2026-09-24,2620.0,2974.0,383738920.0,131335.0,1216068600.0,True,True,True,True,True,True
3932.T,3932,アカツキ,Prime,情報・通信業,,2026-09-24,2590.0,3845.0,382980025.0,102650.0,334130500.0,True,True,True,True,True,True
3050.T,3050,ＤＣＭホールディングス,Prime,小売業,,2026-09-24,2620.0,1593.0,382978230.0,239750.0,366390000.0,True,True,True,True,True,True
7199.T,7199,プレミアグループ,Prime,その他金融業,,2026-09-24,2150.0,2118.0,382946820.0,182770.0,661663200.0,True,True,True,True,True,True
8897.T,8897,ＭＩＲＡＲＴＨホールディングス,Prime,不動産業,,2026-09-24,2620.0,450.0,381033310.0,834325.0,359055000.0,True,True,True,True,True,True
2384.T,2384,ＳＢＳホールディングス,Prime,陸運業,,2026-09-24,2620.0,5320.0,380776325.0,74610.0,1160292000.0,True,True,True,True,True,True
1950.T,1950,日本電設工業,Prime,建設業,,2026-09-24,2620.0,4095.0,379857375.0,94040.0,718263000.0,True,True,True,True,True,True
9552.T,9552,Ｍ＆Ａ総研ホールディングス,Prime,サービス業,,2026-09-24,1037.0,1035.0,379722655.0,341305.0,212071500.0,True,True,True,True,True,True
218A.T,218A,Ｌｉｂｅｒａｗａｒｅ,Growth,精密機器,,2026-09-24,525.0,1031.0,379402720.0,344220.0,242285000.0,True,True,True,True,True,True
4928.T,4928,ノエビアホールディングス,Prime,化学,,2026-09-24,2620.0,4805.0,378111150.0,78265.0,583327000.0,True,True,True,True,True,True
3252.T,3252,地主,Prime,不動産業,,2026-09-24,2620.0,2786.0,377952650.0,132315.0,482256600.0,True,True,True,True,True,True
6736.T,6736,サン電子,Standard,電気機器,,2026-09-24,2620.0,9850.0,377245350.0,40650.0,483635000.0,True,True,True,True,True,True
8551.T,8551,北日本銀行,Prime,銀行業,,2026-09-24,2620.0,8380.0,377109400.0,45930.0,506990000.0,True,True,True,True,True,True
8151.T,8151,東陽テクニカ,Prime,卸売業,,2026-09-24,2620.0,1885.0,376092655.0,198590.0,515736000.0,True,True,True,True,True,True
4417.T,4417,グローバルセキュリティエキスパート,Growth,情報・通信業,,2026-09-24,1163.0,5660.0,375584525.0,75310.0,346392000.0,True,True,True,True,True,True
7157.T,7157,ライフネット生命保険,Prime,保険業,,2026-09-24,2620.0,1410.0,374968085.0,260525.0,341361000.0,True,True,True,True,True,True
8179.T,8179,ロイヤルホールディングス,Prime,小売業,,2026-09-24,2620.0,1301.0,374384525.0,276175.0,339170700.0,True,True,True,True,True,True
9303.T,9303,住友倉庫,Prime,倉庫・運輸関連業,,2026-09-24,2620.0,4175.0,374309650.0,89660.0,439627500.0,True,True,True,True,True,True
7609.T,7609,ダイトロン,Prime,卸売業,,2026-09-24,2620.0,4290.0,371716375.0,92820.0,501501000.0,True,True,True,True,True,True
3661.T,3661,エムアップホールディングス,Prime,情報・通信業,,2026-09-24,2620.0,811.0,371168395.0,454090.0,288391600.0,True,True,True,True,True,True
135A.T,135A,ＶＲＡＩＮ　Ｓｏｌｕｔｉｏｎ,Growth,情報・通信業,,2026-09-24,631.0,4915.0,370961225.0,85190.0,543107500.0,True,True,True,True,True,True
3851.T,3851,日本一ソフトウェア,Standard,情報・通信業,,2026-09-24,2620.0,1429.0,369795045.0,258350.0,107032100.0,True,True,True,True,True,True
3491.T,3491,ＧＡ　ｔｅｃｈｎｏｌｏｇｉｅｓ,Growth,不動産業,,2026-09-24,1996.0,1340.0,369342170.0,258410.0,412184000.0,True,True,True,True,True,True
8585.T,8585,オリエントコーポレーション,Prime,その他金融業,,2026-09-24,2620.0,845.0,369218040.0,430400.0,463736000.0,True,True,True,True,True,True
5246.T,5246,ＥＬＥＭＥＮＴＳ,Growth,情報・通信業,,2026-09-24,914.0,865.0,368211865.0,431480.0,294792000.0,True,True,True,True,True,True
4674.T,4674,クレスコ,Prime,情報・通信業,,2026-09-24,2620.0,1841.0,367223425.0,193690.0,320702200.0,True,True,True,True,True,True
3104.T,3104,富士紡ホールディングス,Prime,繊維製品,,2026-09-24,2620.0,3290.0,367057400.0,109970.0,324723000.0,True,True,True,True,True,True
2590.T,2590,ダイドーグループホールディングス,Prime,食料品,,2026-09-24,2620.0,2994.0,365996460.0,120490.0,185328600.0,True,True,True,True,True,True
7241.T,7241,フタバ産業,Prime,輸送用機器,,2026-09-24,2620.0,1109.0,365276495.0,331480.0,734268900.0,True,True,True,True,True,True
7715.T,7715,長野計器,Prime,精密機器,,2026-09-24,2620.0,4100.0,364872050.0,91785.0,332920000.0,True,True,True,True,True,True
1946.T,1946,トーエネック,Prime,建設業,,2026-09-24,2620.0,2275.0,364845235.0,164340.0,359450000.0,True,True,True,True,True,True
9960.T,9960,東テク,Prime,卸売業,,2026-09-24,2620.0,4395.0,364523700.0,89415.0,581019000.0,True,True,True,True,True,True
6668.T,6668,アドテック　プラズマ　テクノロジー,Standard,電気機器,,2026-09-24,2620.0,4280.0,364281900.0,90945.0,470800000.0,True,True,True,True,True,True
2681.T,2681,ゲオホールディングス,Prime,小売業,,2026-09-24,2620.0,2341.0,362139335.0,154525.0,451578900.0,True,True,True,True,True,True
7545.T,7545,西松屋チェーン,Prime,小売業,,2026-09-24,2620.0,1952.0,361562925.0,181620.0,415580800.0,True,True,True,True,True,True
6340.T,6340,澁谷工業,Prime,機械,,2026-09-24,2620.0,5490.0,361462100.0,67900.0,346968000.0,True,True,True,True,True,True
5851.T,5851,リョービ,Prime,非鉄金属,,2026-09-24,2620.0,2736.0,360100265.0,131435.0,328593600.0,True,True,True,True,True,True
8739.T,8739,スパークス・グループ,Prime,証券、商品先物取引業,,2026-09-24,2620.0,2629.0,358728230.0,136995.0,546832000.0,True,True,True,True,True,True
6652.T,6652,ＩＤＥＣ,Prime,電気機器,,2026-09-24,2620.0,3835.0,358615450.0,97830.0,480142000.0,True,True,True,True,True,True
6486.T,6486,イーグル工業,Prime,機械,,2026-09-24,2620.0,3015.0,358435985.0,119355.0,429034500.0,True,True,True,True,True,True
8218.T,8218,コメリ,Prime,小売業,,2026-09-24,2620.0,3910.0,357633150.0,91975.0,345253000.0,True,True,True,True,True,True
6332.T,6332,月島ホールディングス,Prime,機械,,2026-09-24,2620.0,2700.0,355938315.0,130820.0,686340000.0,True,True,True,True,True,True
6458.T,6458,新晃工業,Prime,機械,,2026-09-24,2620.0,1241.0,354087025.0,283705.0,269545200.0,True,True,True,True,True,True
4189.T,4189,ＫＨネオケム,Prime,化学,,2026-09-24,2451.0,3235.0,353663275.0,107410.0,427990500.0,True,True,True,True,True,True
1852.T,1852,淺沼組,Prime,建設業,,2026-09-24,2620.0,898.0,353124525.0,391180.0,591512600.0,True,True,True,True,True,True
2337.T,2337,いちご,Prime,不動産業,,2026-09-24,2620.0,400.0,352496780.0,879360.0,295800000.0,True,True,True,True,True,True
4095.T,4095,日本パーカライジング,Prime,化学,,2026-09-24,2620.0,1781.0,352398225.0,200330.0,385408400.0,True,True,True,True,True,True
7246.T,7246,プレス工業,Prime,輸送用機器,,2026-09-24,2620.0,1009.0,351965040.0,348680.0,262138200.0,True,True,True,True,True,True
3087.T,3087,ドトール・日レスホールディングス,Prime,小売業,,2026-09-24,2620.0,3210.0,349452800.0,104975.0,399966000.0,True,True,True,True,True,True
3854.T,3854,アイル,Prime,情報・通信業,,2026-09-24,2620.0,2162.0,347947845.0,155025.0,244089800.0,True,True,True,True,True,True
1934.T,1934,ユアテック,Prime,建設業,,2026-09-24,2620.0,2613.0,347850600.0,133410.0,365036100.0,True,True,True,True,True,True
6433.T,6433,ヒーハイスト,Standard,機械,,2026-09-24,2620.0,1357.0,347281970.0,276165.0,648646000.0,True,True,True,True,True,True
7995.T,7995,バルカー,Prime,化学,,2026-09-24,2620.0,6700.0,346927100.0,52745.0,397310000.0,True,True,True,True,True,True
6570.T,6570,共和コーポレーション,Standard,サービス業,,2026-09-24,2088.0,3805.0,346817325.0,90150.0,344733000.0,True,True,True,True,True,True
6750.T,6750,エレコム,Prime,電気機器,,2026-09-24,2620.0,2021.0,345699195.0,172495.0,465840500.0,True,True,True,True,True,True
1815.T,1815,鉄建建設,Prime,建設業,,2026-09-24,2620.0,4540.0,345249675.0,76515.0,373188000.0,True,True,True,True,True,True
2986.T,2986,ＬＡホールディングス,Growth,不動産業,,2026-09-24,1522.0,2926.0,345161310.0,121000.0,298452000.0,True,True,True,True,True,True
5451.T,5451,ヨドコウ,Prime,鉄鋼,,2026-09-24,2620.0,1436.0,345061695.0,241785.0,496568800.0,True,True,True,True,True,True
166A.T,166A,タスキホールディングス,Growth,不動産業,,2026-09-24,606.0,1088.0,342172970.0,302830.0,259270400.0,True,True,True,True,True,True
6209.T,6209,リケンＮＰＲ,Prime,機械,,2026-09-24,726.0,3950.0,341399650.0,87190.0,385520000.0,True,True,True,True,True,True
1720.T,1720,東急建設,Prime,建設業,,2026-09-24,2620.0,1221.0,338980855.0,283960.0,284370900.0,True,True,True,True,True,True
8130.T,8130,サンゲツ,Prime,卸売業,,2026-09-24,2620.0,3220.0,338963225.0,105925.0,396382000.0,True,True,True,True,True,True
3093.T,3093,トレジャー・ファクトリー,Prime,小売業,,2026-09-24,2620.0,1977.0,336847325.0,173985.0,331938300.0,True,True,True,True,True,True
6929.T,6929,日本セラミック,Prime,電気機器,,2026-09-24,2620.0,3680.0,335864825.0,90810.0,209392000.0,True,True,True,True,True,True
5842.T,5842,インテグラル,Growth,証券、商品先物取引業,,2026-09-24,734.0,2980.0,335656785.0,112270.0,368328000.0,True,True,True,True,True,True
8037.T,8037,カメイ,Prime,卸売業,,2026-09-24,2620.0,5160.0,335513475.0,70860.0,606816000.0,True,True,True,True,True,True
5480.T,5480,日本冶金工業,Prime,鉄鋼,,2026-09-24,2620.0,5450.0,333802250.0,61295.0,299205000.0,True,True,True,True,True,True
9274.T,9274,ＫＰＰグループホールディングス,Prime,卸売業,,2026-09-24,2016.0,1138.0,332806260.0,301625.0,606667800.0,True,True,True,True,True,True
6474.T,6474,不二越,Prime,機械,,2026-09-24,2620.0,5460.0,332775300.0,60800.0,356538000.0,True,True,True,True,True,True
7613.T,7613,シークス,Prime,卸売業,,2026-09-24,2620.0,1596.0,332483270.0,210660.0,291429600.0,True,True,True,True,True,True
9347.T,9347,日本管財ホールディングス,Prime,サービス業,,2026-09-24,2620.0,2950.0,331676735.0,113375.0,890605000.0,True,True,True,True,True,True
4220.T,4220,リケンテクノス,Prime,化学,,2026-09-24,2620.0,2374.0,330536500.0,133395.0,578306400.0,True,True,True,True,True,True
8125.T,8125,ワキタ,Prime,卸売業,,2026-09-24,2620.0,1963.0,329815190.0,168105.0,209059500.0,True,True,True,True,True,True
4559.T,4559,ゼリア新薬工業,Prime,医薬品,,2026-09-24,2620.0,2013.0,329765010.0,163690.0,485133000.0,True,True,True,True,True,True
6905.T,6905,コーセル,Prime,電気機器,,2026-09-24,2620.0,1463.0,329486330.0,242360.0,1328696600.0,True,True,True,True,True,True
7475.T,7475,アルビス,Prime,小売業,,2026-09-24,2620.0,3765.0,329373915.0,90310.0,435987000.0,True,True,True,True,True,True
1968.T,1968,太平電業,Prime,建設業,,2026-09-24,2620.0,2551.0,329373590.0,130690.0,233926700.0,True,True,True,True,True,True
9605.T,9605,東映,Prime,情報・通信業,,2026-09-24,2620.0,5990.0,329277600.0,54725.0,594208000.0,True,True,True,True,True,True
6744.T,6744,能美防災,Prime,電気機器,,2026-09-24,2620.0,4085.0,329226025.0,79405.0,244283000.0,True,True,True,True,True,True
6745.T,6745,ホーチキ,Prime,電気機器,,2026-09-24,2620.0,1959.0,328847720.0,169455.0,289932000.0,True,True,True,True,True,True
9887.T,9887,松屋フーズホールディングス,Prime,小売業,,2026-09-24,2620.0,5170.0,328254650.0,62220.0,443586000.0,True,True,True,True,True,True
4746.T,4746,東計電算,Standard,情報・通信業,,2026-09-24,2620.0,7230.0,328247250.0,46675.0,380298000.0,True,True,True,True,True,True
1945.T,1945,東京エネシス,Prime,建設業,,2026-09-24,2620.0,2165.0,328046410.0,154975.0,251789500.0,True,True,True,True,True,True
4633.T,4633,サカタインクス,Prime,化学,,2026-09-24,2620.0,2652.0,327959000.0,125095.0,355102800.0,True,True,True,True,True,True
4889.T,4889,レナサイエンス,Growth,医薬品,,2026-09-24,1222.0,1171.0,327002400.0,266050.0,143564600.0,True,True,True,True,True,True
8923.T,8923,トーセイ,Prime,不動産業,,2026-09-24,2620.0,1717.0,326200660.0,186765.0,447965300.0,True,True,True,True,True,True
7944.T,7944,ローランド,Prime,その他製品,,2026-09-24,2620.0,3740.0,326087425.0,86310.0,420002000.0,True,True,True,True,True,True
5632.T,5632,三菱製鋼,Prime,鉄鋼,,2026-09-24,2620.0,2570.0,325699850.0,133965.0,247491000.0,True,True,True,True,True,True
3844.T,3844,コムチュア,Prime,情報・通信業,,2026-09-24,2620.0,1325.0,325655075.0,246560.0,474350000.0,True,True,True,True,True,True
7504.T,7504,高速,Prime,卸売業,,2026-09-24,2620.0,4370.0,324249100.0,69660.0,153824000.0,True,True,True,True,True,True
6597.T,6597,ＨＰＣシステムズ,Growth,電気機器,,2026-09-24,1706.0,4185.0,323355700.0,88120.0,693036000.0,True,True,True,True,True,True
7283.T,7283,愛三工業,Prime,輸送用機器,,2026-09-24,2620.0,2215.0,319754485.0,143270.0,551535000.0,True,True,True,True,True,True
9511.T,9511,沖縄電力,Prime,電気・ガス業,,2026-09-24,2620.0,1209.0,319615360.0,267500.0,395705700.0,True,True,True,True,True,True
2288.T,2288,丸大食品,Prime,食料品,,2026-09-24,2620.0,2271.0,319202215.0,140595.0,820285200.0,True,True,True,True,True,True
9882.T,9882,イエローハット,Prime,卸売業,,2026-09-24,2620.0,1728.0,318032415.0,180870.0,493171200.0,True,True,True,True,True,True
7476.T,7476,アズワン,Prime,卸売業,,2026-09-24,2620.0,2513.5,316432887.5,126685.0,359179150.0,True,True,True,True,True,True
2874.T,2874,横浜冷凍,Prime,卸売業,,2026-09-24,2620.0,2175.0,315710440.0,144130.0,643582500.0,True,True,True,True,True,True
3106.T,3106,倉敷紡績,Prime,繊維製品,,2026-09-24,2620.0,11580.0,315222300.0,28575.0,517626000.0,True,True,True,True,True,True
8395.T,8395,佐賀銀行,Prime,銀行業,,2026-09-24,2620.0,6720.0,314567750.0,47835.0,432768000.0,True,True,True,True,True,True
4320.T,4320,ＣＥホールディングス,Standard,情報・通信業,,2026-09-24,2620.0,1629.0,313663595.0,190815.0,446508900.0,True,True,True,True,True,True
3076.T,3076,あい　ホールディングス,Prime,卸売業,,2026-09-24,2620.0,2966.0,313625955.0,105240.0,434815600.0,True,True,True,True,True,True
7734.T,7734,理研計器,Prime,精密機器,,2026-09-24,2620.0,3585.0,312545875.0,91525.0,680433000.0,True,True,True,True,True,True
4222.T,4222,児玉化学工業,Standard,化学,,2026-09-24,2620.0,677.0,312433990.0,456045.0,218467900.0,True,True,True,True,True,True
8613.T,8613,丸三証券,Prime,証券、商品先物取引業,,2026-09-24,2620.0,1278.0,312114440.0,241000.0,400269600.0,True,True,True,True,True,True
4569.T,4569,杏林製薬,Prime,医薬品,,2026-09-24,2620.0,1127.0,311913580.0,270445.0,228893700.0,True,True,True,True,True,True
6908.T,6908,イリソ電子工業,Prime,電気機器,,2026-09-24,2620.0,2858.0,311008090.0,110930.0,302090600.0,True,True,True,True,True,True
8934.T,8934,サンフロンティア不動産,Prime,不動産業,,2026-09-24,2620.0,2400.0,311002885.0,127855.0,266880000.0,True,True,True,True,True,True
7981.T,7981,タカラスタンダード,Prime,その他製品,,2026-09-24,2620.0,3110.0,309379850.0,99285.0,330282000.0,True,True,True,True,True,True
9757.T,9757,船井総研ホールディングス,Prime,サービス業,,2026-09-24,2620.0,1189.0,309158090.0,262850.0,391537700.0,True,True,True,True,True,True
9699.T,9699,ニシオホールディングス,Prime,サービス業,,2026-09-24,2620.0,4665.0,308443325.0,66005.0,264039000.0,True,True,True,True,True,True
3676.T,3676,デジタルハーツホールディングス,Prime,情報・通信業,,2026-09-24,2620.0,1048.0,306548480.0,289815.0,115070400.0,True,True,True,True,True,True
9551.T,9551,メタウォーター,Prime,電気・ガス業,,2026-09-24,2620.0,3165.0,306454275.0,98545.0,280419000.0,True,True,True,True,True,True
6866.T,6866,日置電機,Prime,電気機器,,2026-09-24,2620.0,10480.0,306024600.0,29555.0,489416000.0,True,True,True,True,True,True
7976.T,7976,三菱鉛筆,Prime,その他製品,,2026-09-24,2620.0,3370.0,304723965.0,95855.0,432708000.0,True,True,True,True,True,True
3443.T,3443,川田テクノロジーズ,Prime,金属製品,,2026-09-24,2620.0,1404.0,304245290.0,219365.0,234748800.0,True,True,True,True,True,True
4056.T,4056,ニューラルグループ,Growth,情報・通信業,,2026-09-24,1487.0,215.0,304059805.0,1140090.0,49901500.0,True,True,True,True,True,True
3191.T,3191,ジョイフル本田,Prime,小売業,,2026-09-24,2620.0,2288.0,303885330.0,134815.0,339310400.0,True,True,True,True,True,True
4393.T,4393,バンク・オブ・イノベーション,Growth,情報・通信業,,2026-09-24,1997.0,6030.0,303706450.0,53250.0,341901000.0,True,True,True,True,True,True
9692.T,9692,シーイーシー,Prime,情報・通信業,,2026-09-24,2620.0,2244.0,302914665.0,131210.0,313486800.0,True,True,True,True,True,True
3284.T,3284,フージャースホールディングス,Prime,不動産業,,2026-09-24,2620.0,1293.0,301963065.0,233350.0,335533500.0,True,True,True,True,True,True
7047.T,7047,ポート,Growth,サービス業,,2026-09-24,1887.0,2200.0,299753740.0,138335.0,167420000.0,True,True,True,True,True,True
6947.T,6947,図研,Prime,電気機器,,2026-09-24,2620.0,5130.0,299552075.0,60380.0,681777000.0,True,True,True,True,True,True
7383.T,7383,ネットプロテクションズホールディングス,Prime,その他金融業,,2026-09-24,1166.0,397.0,299504815.0,728790.0,261940600.0,True,True,True,True,True,True
3608.T,3608,ＴＳＩホールディングス,Prime,繊維製品,,2026-09-24,2620.0,1237.0,298886275.0,239235.0,255069400.0,True,True,True,True,True,True
9278.T,9278,ブックオフグループホールディングス,Prime,小売業,,2026-09-24,1948.0,2782.0,298569800.0,104030.0,279034600.0,True,True,True,True,True,True
4499.T,4499,Ｓｐｅｅｅ,Standard,情報・通信業,,2026-09-24,1515.0,2303.0,298270030.0,122305.0,202664000.0,True,True,True,True,True,True
8706.T,8706,極東証券,Prime,証券、商品先物取引業,,2026-09-24,2620.0,1872.0,297167120.0,155470.0,366912000.0,True,True,True,True,True,True
7172.T,7172,ジャパンインベストメントアドバイザー,Prime,証券、商品先物取引業,,2026-09-24,2620.0,2134.0,296528895.0,140545.0,357871800.0,True,True,True,True,True,True
6440.T,6440,ＪＵＫＩ,Prime,機械,,2026-09-24,2620.0,789.0,296414645.0,412145.0,320649600.0,True,True,True,True,True,True
9308.T,9308,乾汽船,Standard,海運業,,2026-09-24,2620.0,2355.0,294991400.0,134070.0,497847000.0,True,True,True,True,True,True
4526.T,4526,理研ビタミン,Prime,食料品,,2026-09-24,2620.0,3320.0,293100100.0,87930.0,621172000.0,True,True,True,True,True,True
2154.T,2154,オープンアップグループ,Prime,サービス業,,2026-09-24,2620.0,2024.0,292139265.0,145905.0,427064000.0,True,True,True,True,True,True
2664.T,2664,カワチ薬品,Prime,小売業,,2026-09-24,2620.0,3685.0,290713575.0,78325.0,217415000.0,True,True,True,True,True,True
7915.T,7915,ＮＩＳＳＨＡ,Prime,その他製品,,2026-09-24,2620.0,1194.0,290598010.0,238375.0,248590800.0,True,True,True,True,True,True
1899.T,1899,福田組,Prime,建設業,,2026-09-24,2620.0,4765.0,289974500.0,61370.0,257310000.0,True,True,True,True,True,True
8214.T,8214,ＡＯＫＩホールディングス,Prime,小売業,,2026-09-24,2620.0,1734.0,289821510.0,167095.0,568058400.0,True,True,True,True,True,True
6237.T,6237,イワキポンプ,Prime,機械,,2026-09-24,2589.0,4080.0,289786400.0,72220.0,247248000.0,True,True,True,True,True,True
5031.T,5031,モイ,Growth,情報・通信業,,2026-09-24,1077.0,381.0,289744965.0,714160.0,176784000.0,True,True,True,True,True,True
7224.T,7224,新明和工業,Prime,輸送用機器,,2026-09-24,2620.0,1963.0,289592910.0,148795.0,320361600.0,True,True,True,True,True,True
1982.T,1982,日比谷総合設備,Prime,建設業,,2026-09-24,2620.0,3270.0,288908660.0,93865.0,312939000.0,True,True,True,True,True,True
8708.T,8708,アイザワ証券グループ,Prime,証券、商品先物取引業,,2026-09-24,2620.0,1730.0,288796215.0,161110.0,388385000.0,True,True,True,True,True,True
3880.T,3880,大王製紙,Prime,パルプ・紙,,2026-09-24,2620.0,1019.0,288632270.0,291520.0,451518900.0,True,True,True,True,True,True
6677.T,6677,エスケーエレクトロニクス,Standard,電気機器,,2026-09-24,2620.0,3250.0,287966500.0,89305.0,369200000.0,True,True,True,True,True,True
9534.T,9534,北海道瓦斯,Prime,電気・ガス業,,2026-09-24,2620.0,925.0,287341615.0,312430.0,239575000.0,True,True,True,True,True,True
8043.T,8043,スターゼン,Prime,卸売業,,2026-09-24,2620.0,1549.0,287250830.0,186330.0,750335600.0,True,True,True,True,True,True
8200.T,8200,リンガーハット,Prime,小売業,,2026-09-24,2620.0,2265.0,287121420.0,123445.0,192298500.0,True,True,True,True,True,True
9997.T,9997,ベルーナ,Prime,小売業,,2026-09-24,2620.0,1075.0,285476220.0,268415.0,765722500.0,True,True,True,True,True,True
5302.T,5302,日本カーボン,Prime,ガラス・土石製品,,2026-09-24,2620.0,5070.0,285350950.0,56415.0,132327000.0,True,True,True,True,True,True
8133.T,8133,伊藤忠エネクス,Prime,卸売業,,2026-09-24,2620.0,2337.0,285202160.0,124090.0,319000500.0,True,True,True,True,True,True
8771.T,8771,イー・ギャランティ,Prime,その他金融業,,2026-09-24,2620.0,1774.0,283296850.0,161365.0,320739200.0,True,True,True,True,True,True
1870.T,1870,矢作建設工業,Prime,建設業,,2026-09-24,2620.0,2174.0,282938735.0,130490.0,236313800.0,True,True,True,True,True,True
5186.T,5186,ニッタ,Prime,ゴム製品,,2026-09-24,2620.0,6890.0,282593150.0,42070.0,204633000.0,True,True,True,True,True,True
3153.T,3153,八洲電機,Prime,卸売業,,2026-09-24,2620.0,3135.0,282223745.0,91645.0,271804500.0,True,True,True,True,True,True
6840.T,6840,ＡＫＩＢＡホールディングス,Standard,電気機器,,2026-09-24,2620.0,889.0,281270115.0,353415.0,709866500.0,True,True,True,True,True,True
6651.T,6651,日東工業,Prime,電気機器,,2026-09-24,2620.0,4440.0,280977450.0,64205.0,324120000.0,True,True,True,True,True,True
9746.T,9746,ＴＫＣ,Prime,情報・通信業,,2026-09-24,2620.0,4160.0,280756150.0,68175.0,343200000.0,True,True,True,True,True,True
6287.T,6287,サトー,Prime,機械,,2026-09-24,2620.0,2708.0,280298490.0,101745.0,253468800.0,True,True,True,True,True,True
8032.T,8032,日本紙パルプ商事,Prime,卸売業,,2026-09-24,2620.0,1266.0,280124110.0,227500.0,352074600.0,True,True,True,True,True,True
9889.T,9889,ＪＢＣＣホールディングス,Prime,情報・通信業,,2026-09-24,2620.0,1686.0,279903455.0,166555.0,205523400.0,True,True,True,True,True,True
6844.T,6844,新電元工業,Prime,電気機器,,2026-09-24,2620.0,3100.0,279228690.0,92690.0,335420000.0,True,True,True,True,True,True
7719.T,7719,東京衡機,Standard,精密機器,,2026-09-24,2620.0,534.0,279065555.0,531185.0,104130000.0,True,True,True,True,True,True
7575.T,7575,日本ライフライン,Prime,卸売業,,2026-09-24,2620.0,1562.0,278274020.0,178825.0,758194800.0,True,True,True,True,True,True
7177.T,7177,ＧＭＯフィナンシャルホールディングス,Standard,証券、商品先物取引業,,2026-09-24,2620.0,1176.0,278062390.0,236140.0,333631200.0,True,True,True,True,True,True
5027.T,5027,ＡｎｙＭｉｎｄ　Ｇｒｏｕｐ,Growth,情報・通信業,,2026-09-24,853.0,820.0,277757555.0,358100.0,395322000.0,True,True,True,True,True,True
4216.T,4216,旭有機材,Prime,化学,,2026-09-24,2620.0,6090.0,276629350.0,46500.0,148596000.0,True,True,True,True,True,True
8097.T,8097,三愛オブリ,Prime,卸売業,,2026-09-24,2620.0,2497.0,276226710.0,113180.0,237464700.0,True,True,True,True,True,True
6584.T,6584,三櫻工業,Prime,輸送用機器,,2026-09-24,2620.0,794.0,275884210.0,354270.0,314741600.0,True,True,True,True,True,True
2733.T,2733,あらた,Prime,卸売業,,2026-09-24,2620.0,2712.0,275824705.0,102065.0,872721600.0,True,True,True,True,True,True
8276.T,8276,平和堂,Prime,小売業,,2026-09-24,2620.0,2658.0,275805335.0,102465.0,255965400.0,True,True,True,True,True,True
6492.T,6492,岡野バルブ製造,Standard,機械,,2026-09-24,2620.0,15100.0,274641100.0,18525.0,209890000.0,True,True,True,True,True,True
5572.T,5572,Ｒｉｄｇｅ－ｉ,Growth,情報・通信業,,2026-09-24,832.0,3185.0,274351185.0,92650.0,246200500.0,True,True,True,True,True,True
8278.T,8278,フジ,Prime,小売業,,2026-09-24,2620.0,2034.0,273788415.0,132135.0,173093400.0,True,True,True,True,True,True
6349.T,6349,小森コーポレーション,Prime,機械,,2026-09-24,2620.0,1997.0,273603170.0,136935.0,330902900.0,True,True,True,True,True,True
5440.T,5440,共英製鋼,Prime,鉄鋼,,2026-09-24,2620.0,2008.0,272420550.0,133395.0,253811200.0,True,True,True,True,True,True
5192.T,5192,三ツ星ベルト,Prime,ゴム製品,,2026-09-24,2620.0,4310.0,272409675.0,63030.0,347817000.0,True,True,True,True,True,True
9039.T,9039,サカイ引越センター,Prime,陸運業,,2026-09-24,2620.0,3050.0,271610235.0,90425.0,673745000.0,True,True,True,True,True,True
5288.T,5288,アジアパイルホールディングス,Prime,ガラス・土石製品,,2026-09-24,2620.0,1485.0,270299070.0,180215.0,214582500.0,True,True,True,True,True,True
4973.T,4973,日本高純度化学,Prime,化学,,2026-09-24,2620.0,4850.0,270259300.0,56580.0,323980000.0,True,True,True,True,True,True
7280.T,7280,ミツバ,Prime,電気機器,,2026-09-24,2620.0,1359.0,269526125.0,202060.0,365842800.0,True,True,True,True,True,True
3395.T,3395,サンマルクホールディングス,Prime,小売業,,2026-09-24,2620.0,2506.0,269081510.0,107895.0,480650800.0,True,True,True,True,True,True
3034.T,3034,クオールホールディングス,Prime,小売業,,2026-09-24,2620.0,2345.0,268502560.0,113855.0,236376000.0,True,True,True,True,True,True
1835.T,1835,東鉄工業,Prime,建設業,,2026-09-24,2620.0,3910.0,268177125.0,67820.0,323748000.0,True,True,True,True,True,True
7279.T,7279,ハイレックスコーポレーション,Standard,輸送用機器,,2026-09-24,2620.0,2514.0,267612740.0,104195.0,147823200.0,True,True,True,True,True,True
8011.T,8011,三陽商会,Prime,繊維製品,,2026-09-24,2620.0,1368.0,267509065.49194336,182500.0,188784000.0,True,True,True,True,True,True
4274.T,4274,細谷火工,Standard,化学,,2026-09-24,2620.0,1132.0,267361640.0,228205.0,86937600.0,True,True,True,True,True,True
6962.T,6962,大真空,Prime,電気機器,,2026-09-24,2620.0,830.0,267170945.0,339750.0,171229000.0,True,True,True,True,True,True
5911.T,5911,横河ブリッジホールディングス,Prime,金属製品,,2026-09-24,2620.0,3005.0,266963990.0,89435.0,223271500.0,True,True,True,True,True,True
6345.T,6345,アイチ　コーポレーション,Prime,機械,,2026-09-24,2620.0,1467.0,266437080.0,182150.0,254524500.0,True,True,True,True,True,True
6742.T,6742,京三製作所,Prime,電気機器,,2026-09-24,2620.0,1110.0,264947045.0,257375.0,360084000.0,True,True,True,True,True,True
8715.T,8715,アニコム　ホールディングス,Prime,保険業,,2026-09-24,2620.0,1026.0,264570765.0,249890.0,239571000.0,True,True,True,True,True,True
9416.T,9416,ビジョン,Prime,情報・通信業,,2026-09-24,2620.0,1072.0,264108035.0,250510.0,274646400.0,True,True,True,True,True,True
2168.T,2168,パソナグループ,Prime,サービス業,,2026-09-24,2620.0,1558.0,263682830.0,160985.0,205967600.0,True,True,True,True,True,True
1975.T,1975,朝日工業社,Prime,建設業,,2026-09-24,2620.0,3995.0,263450650.0,67625.0,320399000.0,True,True,True,True,True,True
4165.T,4165,プレイド,Growth,情報・通信業,,2026-09-24,1408.0,683.0,263439665.0,383745.0,196704000.0,True,True,True,True,True,True
4418.T,4418,ＪＤＳＣ,Growth,情報・通信業,,2026-09-24,1163.0,1198.0,261386220.0,237965.0,281530000.0,True,True,True,True,True,True
7128.T,7128,フルサト・マルカホールディングス,Prime,卸売業,,2026-09-24,1217.0,2843.0,260432725.0,93175.0,177403200.0,True,True,True,True,True,True
5367.T,5367,ニッカトー,Standard,ガラス・土石製品,,2026-09-24,2620.0,1397.0,259879020.0,191765.0,882764300.0,True,True,True,True,True,True
2975.T,2975,スター・マイカ・ホールディングス,Prime,不動産業,,2026-09-24,1785.0,1413.0,259772755.0,178330.0,373738500.0,True,True,True,True,True,True
4972.T,4972,綜研化学,Standard,化学,,2026-09-24,2620.0,4130.0,259735600.0,66525.0,289100000.0,True,True,True,True,True,True
6226.T,6226,守谷輸送機工業,Standard,機械,,2026-09-24,1105.0,2165.0,259504145.0,118050.0,387318500.0,True,True,True,True,True,True
7600.T,7600,日本エム・ディ・エム,Prime,精密機器,,2026-09-24,2620.0,660.0,258731225.0,377370.0,87450000.0,True,True,True,True,True,True
5892.T,5892,ｙｕｔｏｒｉ,Growth,小売業,,2026-09-24,667.0,2994.0,258657855.0,96225.0,835924800.0,True,True,True,True,True,True
299A.T,299A,クラシル,Growth,サービス業,,2026-09-24,427.0,1217.0,258468765.0,201255.0,111233800.0,True,True,True,True,True,True
3131.T,3131,シンデン・ハイテックス,Standard,卸売業,,2026-09-24,2620.0,7550.0,257886000.0,39745.0,489240000.0,True,True,True,True,True,True
1766.T,1766,東建コーポレーション,Prime,建設業,,2026-09-24,2620.0,13160.0,257799000.0,19090.0,417172000.0,True,True,True,True,True,True
2918.T,2918,わらべや日洋ホールディングス,Prime,食料品,,2026-09-24,2620.0,2702.0,257129105.0,92165.0,275874200.0,True,True,True,True,True,True
4958.T,4958,長谷川香料,Prime,化学,,2026-09-24,2620.0,3475.0,256793100.0,75960.0,616812500.0,True,True,True,True,True,True
6741.T,6741,日本信号,Prime,電気機器,,2026-09-24,2620.0,1828.0,256550085.0,141125.0,310760000.0,True,True,True,True,True,True
3915.T,3915,テラスカイ,Prime,情報・通信業,,2026-09-24,2620.0,2287.0,255087935.0,108205.0,203771700.0,True,True,True,True,True,True
6859.T,6859,エスペック,Prime,電気機器,,2026-09-24,2620.0,3975.0,254384275.0,64895.0,170130000.0,True,True,True,True,True,True
4658.T,4658,日本空調サービス,Prime,サービス業,,2026-09-24,2620.0,1641.0,252915425.0,158445.0,542842800.0,True,True,True,True,True,True
4109.T,4109,ステラ　ケミファ,Prime,化学,,2026-09-24,2620.0,5400.0,252762250.0,47235.0,227340000.0,True,True,True,True,True,True
2170.T,2170,リンクアンドモチベーション,Prime,サービス業,,2026-09-24,2620.0,690.0,252146060.0,366220.0,237153000.0,True,True,True,True,True,True
6310.T,6310,井関農機,Prime,機械,,2026-09-24,2620.0,1969.0,251672110.0,130090.0,184495300.0,True,True,True,True,True,True
7412.T,7412,アトム,Standard,小売業,,2026-09-24,2620.0,348.0,250160205.0,670500.0,217395600.0,True,True,True,True,True,True
8624.T,8624,いちよし証券,Prime,証券、商品先物取引業,,2026-09-24,2620.0,1675.0,249775515.0,146180.0,310042500.0,True,True,True,True,True,True
255A.T,255A,ジーエルテクノホールディングス,Standard,精密機器,,2026-09-24,2620.0,5440.0,249614600.0,48550.0,211616000.0,True,True,True,True,True,True
4813.T,4813,ＡＣＣＥＳＳ,Prime,情報・通信業,,2026-09-24,2620.0,418.0,249400480.0,594800.0,246870800.0,True,True,True,True,True,True
6200.T,6200,インソース,Prime,サービス業,,2026-09-24,2506.0,726.0,248972780.0,343370.0,364306800.0,True,True,True,True,True,True
9267.T,9267,Ｇｅｎｋｙ　ＤｒｕｇＳｔｏｒｅｓ,Prime,小売業,,2026-09-24,2620.0,3495.0,248114500.0,69900.0,279600000.0,True,True,True,True,True,True
4064.T,4064,日本カーバイド工業,Prime,化学,,2026-09-24,2620.0,3630.0,247959600.0,71310.0,330693000.0,True,True,True,True,True,True
6785.T,6785,鈴木,Prime,電気機器,,2026-09-24,2620.0,3195.0,245354935.0,80000.0,229720500.0,True,True,True,True,True,True
8160.T,8160,木曽路,Prime,小売業,,2026-09-24,2620.0,2401.0,245288905.0,99985.0,397845700.0,True,True,True,True,True,True
6284.T,6284,日精エー・エス・ビー機械,Prime,機械,,2026-09-24,2620.0,8550.0,245047550.0,28585.0,307800000.0,True,True,True,True,True,True
3040.T,3040,ソリトンシステムズ,Prime,情報・通信業,,2026-09-24,2620.0,2670.0,244415935.0,102290.0,504096000.0,True,True,True,True,True,True
5410.T,5410,合同製鐵,Prime,鉄鋼,,2026-09-24,2620.0,2990.0,244352025.0,79405.0,436839000.0,True,True,True,True,True,True
7818.T,7818,トランザクション,Prime,その他製品,,2026-09-24,2620.0,1230.0,244053330.0,202665.0,177366000.0,True,True,True,True,True,True
5563.T,5563,新日本電工,Prime,鉄鋼,,2026-09-24,2620.0,445.0,243688760.0,556005.0,382922500.0,True,True,True,True,True,True
4343.T,4343,イオンファンタジー,Prime,サービス業,,2026-09-24,2620.0,2753.0,243669490.0,86730.0,207851500.0,True,True,True,True,True,True
8850.T,8850,スターツコーポレーション,Prime,不動産業,,2026-09-24,2620.0,4745.0,243203675.0,51585.0,268567000.0,True,True,True,True,True,True
4390.T,4390,ＩＰＳ,Prime,情報・通信業,,2026-09-24,2016.0,4160.0,243039600.0,59370.0,318656000.0,True,True,True,True,True,True
4008.T,4008,住友精化,Prime,化学,,2026-09-24,2620.0,1521.0,243016230.0,162845.0,263437200.0,True,True,True,True,True,True
3539.T,3539,ＪＭホールディングス,Prime,小売業,,2026-09-24,2566.0,1435.0,242930925.0,170550.0,189276500.0,True,True,True,True,True,True
277A.T,277A,グロービング,Growth,サービス業,,2026-09-24,441.0,1900.0,242835595.0,129670.0,157510000.0,True,True,True,True,True,True
7595.T,7595,アルゴグラフィックス,Prime,情報・通信業,,2026-09-24,2620.0,1291.0,241129990.0,186060.0,297059100.0,True,True,True,True,True,True
3193.T,3193,エターナルホスピタリティグループ,Prime,小売業,,2026-09-24,2620.0,1296.0,240862690.0,176460.0,282916800.0,True,True,True,True,True,True
9672.T,9672,東京都競馬,Prime,サービス業,,2026-09-24,2620.0,4880.0,240784725.0,48695.0,285480000.0,True,True,True,True,True,True
9025.T,9025,鴻池運輸,Prime,陸運業,,2026-09-24,2620.0,2940.0,240270150.0,82785.0,333984000.0,True,True,True,True,True,True
7593.T,7593,ＶＴホールディングス,Prime,小売業,,2026-09-24,2620.0,526.0,239635230.0,454530.0,326277800.0,True,True,True,True,True,True
9324.T,9324,安田倉庫,Prime,倉庫・運輸関連業,,2026-09-24,2620.0,2718.0,239074010.0,92050.0,295446600.0,True,True,True,True,True,True
8566.T,8566,リコーリース,Prime,その他金融業,,2026-09-24,2620.0,6870.0,238556950.0,34865.0,416322000.0,True,True,True,True,True,True
8558.T,8558,東和銀行,Prime,銀行業,,2026-09-24,2620.0,1497.0,237807080.0,160095.0,298950900.0,True,True,True,True,True,True
6071.T,6071,ＩＢＪ,Prime,サービス業,,2026-09-24,2620.0,914.0,237412285.0,263345.0,227129000.0,True,True,True,True,True,True
3856.T,3856,Ａｂａｌａｎｃｅ,Standard,電気機器,,2026-09-24,2620.0,227.0,236492520.0,1019790.0,102626700.0,True,True,True,True,True,True
3632.T,3632,グリーホールディングス,Prime,情報・通信業,,2026-09-24,2620.0,422.0,236295720.0,563745.0,238430000.0,True,True,True,True,True,True
8255.T,8255,アクシアル　リテイリング,Prime,小売業,,2026-09-24,2620.0,1316.0,236211685.0,180905.0,455336000.0,True,True,True,True,True,True
1939.T,1939,四電工,Prime,建設業,,2026-09-24,2620.0,2345.0,236042865.0,103920.0,299222000.0,True,True,True,True,True,True
7779.T,7779,ＣＹＢＥＲＤＹＮＥ,Growth,精密機器,,2026-09-24,2620.0,239.0,234579215.0,1028890.0,247341100.0,True,True,True,True,True,True
6336.T,6336,石井表記,Standard,機械,,2026-09-24,2620.0,1483.0,234557830.0,150685.0,136436000.0,True,True,True,True,True,True
8074.T,8074,ユアサ商事,Prime,卸売業,,2026-09-24,2620.0,6370.0,233344400.0,36400.0,204477000.0,True,True,True,True,True,True
9830.T,9830,トラスコ中山,Prime,卸売業,,2026-09-24,2620.0,2396.0,232863725.0,96905.0,211806400.0,True,True,True,True,True,True
2929.T,2929,ファーマフーズ,Prime,食料品,,2026-09-24,2620.0,702.0,232403540.0,340560.0,311547600.0,True,True,True,True,True,True
7970.T,7970,信越ポリマー,Prime,化学,,2026-09-24,2620.0,2330.0,232239610.0,104180.0,312919000.0,True,True,True,True,True,True
6088.T,6088,シグマクシス・ホールディングス,Prime,サービス業,,2026-09-24,2620.0,589.0,232022690.0,413020.0,327719600.0,True,True,True,True,True,True
6638.T,6638,ミマキエンジニアリング,Prime,電気機器,,2026-09-24,2620.0,2152.0,231916870.0,117440.0,256088000.0,True,True,True,True,True,True
6277.T,6277,ホソカワミクロン,Prime,機械,,2026-09-24,2620.0,6130.0,231773400.0,40830.0,733761000.0,True,True,True,True,True,True
5461.T,5461,中部鋼鈑,Prime,鉄鋼,,2026-09-24,913.0,2120.0,231552585.0,107625.0,388808000.0,True,True,True,True,True,True
4985.T,4985,アース製薬,Prime,化学,,2026-09-24,2620.0,4730.0,230841150.0,48255.0,199133000.0,True,True,True,True,True,True
9828.T,9828,Ｇｅｎｋｉ　Ｇｌｏｂａｌ　Ｄｉｎｉｎｇ　Ｃｏｎｃｅｐｔｓ,Standard,小売業,,2026-09-24,2620.0,3355.0,229439400.0,67205.0,260683500.0,True,True,True,True,True,True
3441.T,3441,山王,Standard,金属製品,,2026-09-24,2620.0,1822.0,228099360.0,105675.0,184750800.0,True,True,True,True,True,True
7856.T,7856,萩原工業,Prime,その他製品,,2026-09-24,2620.0,2002.0,227974240.0,115890.0,221821600.0,True,True,True,True,True,True
6176.T,6176,ブランジスタ,Growth,サービス業,,2026-09-24,2620.0,1050.0,226329825.0,209200.0,251790000.0,True,True,True,True,True,True
6145.T,6145,ＮＩＴＴＯＫＵ,Standard,機械,,2026-09-24,2620.0,2663.0,226034005.0,90795.0,253517600.0,True,True,True,True,True,True
4246.T,4246,ダイキョーニシカワ,Prime,化学,,2026-09-24,2620.0,1100.0,224511555.0,204200.0,211310000.0,True,True,True,True,True,True
9556.T,9556,ＩＮＴＬＯＯＰ,Growth,サービス業,,2026-09-24,1029.0,2480.0,224164280.0,99215.0,132680000.0,True,True,True,True,True,True
150A.T,150A,ＪＳＨ,Growth,サービス業,,2026-09-24,610.0,791.0,224152785.0,289325.0,105835800.0,True,True,True,True,True,True
7745.T,7745,Ａ＆Ｄホロンホールディングス,Prime,精密機器,,2026-09-24,2620.0,2943.0,223729535.0,78475.0,328144500.0,True,True,True,True,True,True
4481.T,4481,ベース,Prime,情報・通信業,,2026-09-24,1652.0,3200.0,223610650.0,67730.0,238080000.0,True,True,True,True,True,True
9413.T,9413,テレビ東京ホールディングス,Prime,情報・通信業,,2026-09-24,2620.0,3410.0,223603250.0,65380.0,331793000.0,True,True,True,True,True,True
9470.T,9470,学研ホールディングス,Prime,情報・通信業,,2026-09-24,2620.0,1073.0,221804215.0,211885.0,623949500.0,True,True,True,True,True,True
4552.T,4552,ＪＣＲファーマ,Prime,医薬品,,2026-09-24,2620.0,501.0,221737190.0,424385.0,348345300.0,True,True,True,True,True,True
6463.T,6463,ＴＰＲ,Prime,機械,,2026-09-24,2620.0,1572.0,221270225.0,140260.0,489678000.0,True,True,True,True,True,True
5970.T,5970,ジーテクト,Prime,金属製品,,2026-09-24,2620.0,2283.0,221227520.0,97755.0,216885000.0,True,True,True,True,True,True
1514.T,1514,住石ホールディングス,Standard,鉱業,,2026-09-24,2620.0,641.0,220366920.0,330105.0,123328400.0,True,True,True,True,True,True
4547.T,4547,キッセイ薬品工業,Prime,医薬品,,2026-09-24,2620.0,3995.0,220253225.0,54560.0,239700000.0,True,True,True,True,True,True
1898.T,1898,世紀東急工業,Prime,建設業,,2026-09-24,2620.0,1483.0,219814545.0,147345.0,302383700.0,True,True,True,True,True,True
5949.T,5949,ユニプレス,Prime,輸送用機器,,2026-09-24,2620.0,1329.0,219686125.0,165515.0,223404900.0,True,True,True,True,True,True
3741.T,3741,セック,Prime,情報・通信業,,2026-09-24,2620.0,3330.0,219648275.0,67835.0,319347000.0,True,True,True,True,True,True
9869.T,9869,加藤産業,Prime,卸売業,,2026-09-24,2620.0,6800.0,219152500.0,32505.0,328440000.0,True,True,True,True,True,True
7821.T,7821,前田工繊,Prime,その他製品,,2026-09-24,2620.0,1979.0,219003335.0,109850.0,279434800.0,True,True,True,True,True,True
7409.T,7409,ＡｅｒｏＥｄｇｅ,Growth,輸送用機器,,2026-09-24,786.0,1503.0,218737155.0,143585.0,295189200.0,True,True,True,True,True,True
5262.T,5262,日本ヒューム,Prime,ガラス・土石製品,,2026-09-24,2620.0,1119.0,218708445.0,191280.0,204888900.0,True,True,True,True,True,True
1814.T,1814,大末建設,Prime,建設業,,2026-09-24,2620.0,3650.0,218606675.0,60340.0,273385000.0,True,True,True,True,True,True
2705.T,2705,大戸屋ホールディングス,Standard,小売業,,2026-09-24,2620.0,8880.0,218255700.0,23400.0,155400000.0,True,True,True,True,True,True
2120.T,2120,ＬＩＦＵＬＬ,Prime,サービス業,,2026-09-24,2620.0,240.0,217195030.0,929410.0,279648000.0,True,True,True,True,True,True
2395.T,2395,新日本科学,Prime,サービス業,,2026-09-24,2620.0,1332.0,216814640.0,160755.0,220712400.0,True,True,True,True,True,True
2108.T,2108,日本甜菜製糖,Prime,食料品,,2026-09-24,2620.0,5230.0,216013600.0,40240.0,187757000.0,True,True,True,True,True,True
5137.T,5137,スマートドライブ,Growth,情報・通信業,,2026-09-24,922.0,316.0,215632805.0,697905.0,106144400.0,True,True,True,True,True,True
6317.T,6317,北川鉄工所,Standard,機械,,2026-09-24,2620.0,2570.0,215586395.0,92020.0,361085000.0,True,True,True,True,True,True
8185.T,8185,チヨダ,Prime,小売業,,2026-09-24,2620.0,1003.0,214661310.0,213575.0,130390000.0,True,True,True,True,True,True
6897.T,6897,ツインバード,Standard,電気機器,,2026-09-24,2620.0,632.0,214348545.0,314725.0,15420800.0,True,True,True,True,True,True
3853.T,3853,アステリア,Prime,情報・通信業,,2026-09-24,2620.0,1095.0,213859365.0,186630.0,153738000.0,True,True,True,True,True,True
9543.T,9543,静岡ガス,Prime,電気・ガス業,,2026-09-24,2620.0,1342.0,213693425.0,159465.0,258200800.0,True,True,True,True,True,True
6309.T,6309,巴工業,Prime,機械,,2026-09-24,2620.0,1964.0,212799885.0,105480.0,328184400.0,True,True,True,True,True,True
5381.T,5381,マイポックス,Standard,ガラス・土石製品,,2026-09-24,2620.0,1059.0,212701280.0,219135.0,432495600.0,True,True,True,True,True,True
2004.T,2004,昭和産業,Prime,食料品,,2026-09-24,2620.0,3905.0,212569375.0,55145.0,258901500.0,True,True,True,True,True,True
3148.T,3148,クリエイトＳＤホールディングス,Prime,小売業,,2026-09-24,2620.0,3295.0,211987950.0,62940.0,296550000.0,True,True,True,True,True,True
1871.T,1871,ピーエス・コンストラクション,Prime,建設業,,2026-09-24,2620.0,2215.0,211139085.0,94850.0,247415500.0,True,True,True,True,True,True
3696.T,3696,セレス,Prime,情報・通信業,,2026-09-24,2620.0,2194.0,210466220.0,95855.0,175081200.0,True,True,True,True,True,True
9902.T,9902,日伝,Prime,卸売業,,2026-09-24,2620.0,3250.0,210415125.0,66935.0,442975000.0,True,True,True,True,True,True
2791.T,2791,大黒天物産,Prime,小売業,,2026-09-24,2620.0,4505.0,210326550.0,45310.0,220294500.0,True,True,True,True,True,True
2109.T,2109,ＤＭ三井製糖,Prime,食料品,,2026-09-24,2620.0,3845.0,209612925.0,55345.0,262998000.0,True,True,True,True,True,True
6459.T,6459,大和冷機工業,Prime,機械,,2026-09-24,2620.0,1688.0,209440785.0,123725.0,165255200.0,True,True,True,True,True,True
4914.T,4914,高砂香料工業,Prime,化学,,2026-09-24,2620.0,1324.0,209379555.0,159050.0,213693600.0,True,True,True,True,True,True
9348.T,9348,ｉｓｐａｃｅ,Growth,サービス業,,2026-09-24,842.0,409.0,209233770.0,500950.0,270308100.0,True,True,True,True,True,True
8052.T,8052,椿本興業,Prime,卸売業,,2026-09-24,2620.0,2929.0,208638340.0,71515.0,143228100.0,True,True,True,True,True,True
7480.T,7480,スズデン,Standard,卸売業,,2026-09-24,2620.0,3605.0,208623675.0,59810.0,249105500.0,True,True,True,True,True,True
8713.T,8713,フィデアホールディングス,Prime,銀行業,,2026-09-24,2620.0,2751.0,208613005.0,74645.0,275650200.0,True,True,True,True,True,True
4293.T,4293,セプテーニ・ホールディングス,Standard,サービス業,,2026-09-24,2620.0,505.0,208524665.0,403820.0,248157000.0,True,True,True,True,True,True
4694.T,4694,ビー・エム・エル,Prime,サービス業,,2026-09-24,2620.0,3685.0,208333850.0,57205.0,185355500.0,True,True,True,True,True,True
8008.T,8008,ヨンドシーホールディングス,Prime,小売業,,2026-09-24,2620.0,2090.0,206067815.0,96860.0,195206000.0,True,True,True,True,True,True
5121.T,5121,藤倉コンポジット,Prime,ゴム製品,,2026-09-24,2620.0,2895.0,205870425.0,75325.0,465516000.0,True,True,True,True,True,True
9621.T,9621,建設技術研究所,Prime,サービス業,,2026-09-24,2620.0,3250.0,204841425.0,63625.0,182975000.0,True,True,True,True,True,True
3232.T,3232,三重交通グループホールディングス,Prime,不動産業,,2026-09-24,2620.0,603.0,204728585.0,336725.0,168538500.0,True,True,True,True,True,True
4116.T,4116,大日精化工業,Prime,化学,,2026-09-24,2620.0,1327.0,203989905.0,151820.0,207940900.0,True,True,True,True,True,True
8163.T,8163,ＳＲＳホールディングス,Prime,小売業,,2026-09-24,2620.0,1505.0,203523025.0,132160.0,368273500.0,True,True,True,True,True,True
8141.T,8141,新光商事,Prime,卸売業,,2026-09-24,2620.0,1566.0,201171015.0,128410.0,112282200.0,True,True,True,True,True,True
3482.T,3482,ロードスターキャピタル,Prime,不動産業,,2026-09-24,2210.0,2597.0,200981870.0,78380.0,237106100.0,True,True,True,True,True,True
5943.T,5943,ノーリツ,Prime,金属製品,,2026-09-24,2620.0,2219.0,200425785.0,86365.0,155551900.0,True,True,True,True,True,True
9432.T,9432,ＮＴＴ,Prime,情報・通信業,,2026-09-24,2620.0,174.89999389648438,35706925747.19963,205527345.0,36900995372.25952,True,False,True,True,True,False
8729.T,8729,ソニーフィナンシャルグループ,Prime,保険業,,2026-09-24,240.0,158.89999389648438,9650986094.728317,59635535.0,12584927186.599731,True,False,False,True,True,False
6834.T,6834,精工技研,Standard,電気機器,,2026-09-24,2620.0,6040.0,5596408975.0,1050635.0,6656684000.0,True,True,True,False,True,False
4564.T,4564,オンコセラピー・サイエンス,Growth,医薬品,,2026-09-24,2620.0,21.0,3538116860.0,161479465.0,2743074600.0,True,False,True,True,True,False
8918.T,8918,ランド,Standard,不動産業,,2026-09-24,2620.0,10.0,3363484420.0,320466430.0,2791677000.0,True,False,True,True,True,False
7649.T,7649,スギホールディングス,Prime,小売業,,2026-09-24,2620.0,1261.5,3086889490.0,2380575.0,3050433150.0,True,True,True,False,True,False
429A.T,429A,テクセンドフォトマスク,Prime,その他製品,,2026-09-24,228.0,3835.0,2301008125.0,613300.0,2018744000.0,True,True,False,True,True,False
6085.T,6085,アーキテクツ・スタジオ・ジャパン,Growth,サービス業,,2026-09-24,2620.0,120.0,2158809935.0,11440840.0,372276000.0,True,False,True,True,True,False
4597.T,4597,ソレイジア・ファーマ,Growth,医薬品,,2026-09-24,2340.0,31.0,2016367695.0,68539460.0,1715208300.0,True,False,True,True,True,False
8283.T,8283,ＰＡＬＴＡＣ,Prime,卸売業,,2026-08-10,2591.0,6630.0,1133696995.0,171530.0,0.0,True,True,True,True,False,False
5131.T,5131,リンカーズ,Growth,情報・通信業,,2026-09-24,956.0,179.0,871192425.0,4491965.0,406294200.0,True,False,True,True,True,False
3664.T,3664,モブキャストホールディングス,Growth,情報・通信業,,2026-09-24,2620.0,24.0,831687280.0,33220020.0,964072800.0,True,False,True,True,True,False
3315.T,3315,日本コークス工業,Prime,石油・石炭製品,,2026-09-24,2620.0,99.0,744241150.0,7340835.0,668636100.0,True,False,True,True,True,False
3480.T,3480,ジェイ・エス・ビー,Prime,不動産業,,2026-09-01,2245.0,8940.0,560454050.0,62865.0,387996000.0,True,True,True,True,False,False
2330.T,2330,フォーサイド,Standard,情報・通信業,,2026-09-24,2620.0,94.0,469005460.0,3969395.0,47761400.0,True,False,True,True,True,False
4598.T,4598,Ｄｅｌｔａ－Ｆｌｙ　Ｐｈａｒｍａ,Growth,医薬品,,2026-09-24,1939.0,116.0,430087580.0,3293520.0,87626400.0,True,False,True,True,True,False
6740.T,6740,ジャパンディスプレイ,Prime,電気機器,,2026-09-24,2620.0,49.0,419885395.0,8798830.0,315947100.0,True,False,True,True,True,False
7238.T,7238,曙ブレーキ工業,Prime,輸送用機器,,2026-09-24,2620.0,109.0,381012670.0,3582685.0,549610700.0,True,False,True,True,True,False
4170.T,4170,Ｋａｉｚｅｎ　Ｐｌａｔｆｏｒｍ,Growth,情報・通信業,,2026-09-24,1406.0,117.0,375160800.0,2089420.0,22978800.0,True,False,True,True,True,False
7810.T,7810,クロスフォー,Standard,その他製品,,2026-09-24,2259.0,152.0,374423500.0,2105055.0,16218400.0,True,False,True,True,True,False
3656.T,3656,ＫＬａｂ,Prime,情報・通信業,,2026-09-24,2620.0,184.0,352090510.0,1917040.0,352820000.0,True,False,True,True,True,False
2315.T,2315,ＣＡＩＣＡ　ＤＩＧＩＴＡＬ,Standard,情報・通信業,,2026-09-24,2620.0,67.0,345160270.0,5140525.0,275497300.0,True,False,True,True,True,False
6619.T,6619,ダブル・スコープ,Prime,電気機器,,2026-09-24,2620.0,155.0,344587725.0,2220280.0,288408500.0,True,False,True,True,True,False
4583.T,4583,カイオム・バイオサイエンス,Growth,医薬品,,2026-09-24,2620.0,104.0,315321465.0,3142980.0,295474400.0,True,False,True,True,True,False
9900.T,9900,サガミホールディングス,Prime,小売業,,2026-09-24,2620.0,1091.0,309747660.0,276910.0,395160200.0,True,True,True,False,True,False
421A.T,421A,ムービン・ストラテジック・キャリア,Growth,サービス業,,2026-09-24,235.0,3985.0,270769625.0,69000.0,402086500.0,True,True,False,True,True,False
3823.T,3823,ＴＨＥ　ＷＨＹ　ＨＯＷ　ＤＯ　ＣＯＭＰＡＮＹ,Standard,情報・通信業,,2026-09-24,2620.0,40.0,270383730.0,5445965.0,119968000.0,True,False,True,True,True,False
7138.T,7138,ＴＯＲＩＣＯ,Growth,小売業,,2026-09-24,1102.0,167.0,254732885.0,1502225.0,616230000.0,True,False,True,True,True,False
1783.T,1783,ｆａｎｔａｓｉｓｔａ,Standard,不動産業,,2026-09-24,2620.0,68.0,250717960.0,3524965.0,100225200.0,True,False,True,True,True,False
9424.T,9424,日本通信,Prime,情報・通信業,,2026-09-24,2620.0,120.0,234053305.0,1971780.0,214488000.0,True,False,True,True,True,False
8789.T,8789,フィンテック　グローバル,Standard,その他金融業,,2026-09-24,2620.0,161.0,222223220.0,1348195.0,134918000.0,True,False,True,True,True,False
2321.T,2321,ソフトフロントホールディングス,Growth,情報・通信業,,2026-09-24,2620.0,140.0,222014190.0,1215535.0,30576000.0,True,False,True,True,True,False
4833.T,4833,Ｄｅｆ　ｃｏｎｓｕｌｔｉｎｇ,Growth,サービス業,,2026-09-24,2620.0,58.0,214827355.0,3689515.0,422327000.0,True,False,True,True,True,False
3810.T,3810,サイバーステップ,Standard,情報・通信業,,2026-09-24,2620.0,189.0,205798790.0,1099645.0,182819700.0,True,False,True,True,True,False
409A.T,409A,オリオンビール,Prime,食料品,,2026-09-24,242.0,1165.0,199737655.0,170305.0,250475000.0,False,True,False,True,True,False
6081.T,6081,アライドアーキテクツ,Growth,サービス業,,2026-09-24,2620.0,141.0,199062500.0,1247355.0,22503600.0,False,False,True,True,True,False
9974.T,9974,ベルク,Prime,小売業,,2026-09-24,2620.0,6800.0,198546400.0,28890.0,244120000.0,False,True,True,True,True,False
6676.T,6676,ＢＵＦＦＡＬＯ,Standard,電気機器,,2026-09-24,2620.0,3475.0,198228100.0,61500.0,616117500.0,False,True,True,True,True,False
6659.T,6659,メディアリンクス,Standard,電気機器,,2026-09-24,2620.0,47.0,197849990.0,4005160.0,213807700.0,False,False,True,True,True,False
8137.T,8137,サンワテクノス,Prime,卸売業,,2026-09-24,2620.0,4705.0,196537000.0,45420.0,267244000.0,False,True,True,True,True,False
6817.T,6817,スミダコーポレーション,Prime,電気機器,,2026-09-24,2620.0,1237.0,196276585.0,162515.0,176148800.0,False,True,True,True,True,False
2742.T,2742,ハローズ,Prime,小売業,,2026-09-24,2620.0,3930.0,196217000.0,48775.0,143838000.0,False,True,True,True,True,False
6339.T,6339,新東工業,Prime,機械,,2026-09-24,2620.0,1215.0,195958595.0,164730.0,466195500.0,False,True,True,True,True,False
4554.T,4554,富士製薬工業,Prime,医薬品,,2026-09-24,2620.0,1833.0,195937820.0,108475.0,190448700.0,False,True,True,True,True,False
3668.T,3668,コロプラ,Prime,情報・通信業,,2026-09-24,2620.0,454.0,195908415.0,447655.0,226909200.0,False,True,True,True,True,False
7239.T,7239,タチエス,Prime,輸送用機器,,2026-09-24,2620.0,2375.0,194922535.0,83075.0,236787500.0,False,True,True,True,True,False
3903.T,3903,ｇｕｍｉ,Prime,情報・通信業,,2026-09-24,2620.0,204.0,194836250.0,845675.0,259161600.0,False,True,True,True,True,False
1938.T,1938,日本リーテック,Prime,建設業,,2026-09-24,2620.0,2636.0,194037015.0,75700.0,175557600.0,False,True,True,True,True,False
4051.T,4051,ＧＭＯフィナンシャルゲート,Prime,情報・通信業,,2026-09-24,1511.0,6170.0,193563450.0,31595.0,119698000.0,False,True,True,True,True,False
2931.T,2931,ユーグレナ,Prime,食料品,,2026-09-24,2620.0,347.0,193472430.0,553765.0,171244500.0,False,True,True,True,True,False
9037.T,9037,ハマキョウレックス,Prime,陸運業,,2026-09-24,2620.0,1854.0,193068780.0,104900.0,233789400.0,False,True,True,True,True,False
4548.T,4548,生化学工業,Prime,医薬品,,2026-09-24,2620.0,684.0,193063125.0,280340.0,131191200.0,False,True,True,True,True,False
6369.T,6369,トーヨーカネツ,Prime,機械,,2026-09-24,2620.0,2425.0,192509255.0,79350.0,165142500.0,False,True,True,True,True,False
3496.T,3496,アズーム,Prime,不動産業,,2026-09-24,1955.0,4875.0,191885850.0,39720.0,332475000.0,False,True,True,True,True,False
2749.T,2749,ＪＰホールディングス,Prime,サービス業,,2026-09-24,2620.0,662.0,190320595.0,286350.0,410704800.0,False,True,True,True,True,False
2613.T,2613,Ｊ－オイルミルズ,Prime,食料品,,2026-09-24,2620.0,2268.0,190059065.0,83340.0,170780400.0,False,True,True,True,True,False
4570.T,4570,免疫生物研究所,Growth,医薬品,,2026-09-24,2620.0,1192.0,189363170.0,167820.0,234704800.0,False,True,True,True,True,False
7130.T,7130,ヤマエグループホールディングス,Prime,卸売業,,2026-09-24,1217.0,2798.0,188899440.0,66580.0,196699400.0,False,True,True,True,True,False
4221.T,4221,大倉工業,Prime,化学,,2026-09-24,2620.0,5720.0,187783850.0,33640.0,253968000.0,False,True,True,True,True,False
5351.T,5351,品川リフラ,Prime,ガラス・土石製品,,2026-09-24,2620.0,2081.0,187637040.0,91285.0,293212900.0,False,True,True,True,True,False
1813.T,1813,不動テトラ,Prime,建設業,,2026-09-24,2620.0,3025.0,187604425.0,64235.0,144292500.0,False,True,True,True,True,False
3636.T,3636,三菱総合研究所,Prime,情報・通信業,,2026-09-24,2620.0,4930.0,187360475.0,37640.0,209032000.0,False,True,True,True,True,False
7366.T,7366,ＬＩＴＡＬＩＣＯ,Prime,サービス業,,2026-09-24,1339.0,1921.0,186590170.0,100205.0,243774900.0,False,True,True,True,True,False
6378.T,6378,木村化工機,Standard,機械,,2026-09-24,2620.0,1199.0,185261145.0,155965.0,93881700.0,False,True,True,True,True,False
8084.T,8084,ＲＹＯＤＥＮ,Prime,卸売業,,2026-09-24,2620.0,4820.0,185233850.0,38875.0,154240000.0,False,True,True,True,True,False
8079.T,8079,正栄食品工業,Prime,卸売業,,2026-09-24,2620.0,4425.0,185231475.0,41425.0,242490000.0,False,True,True,True,True,False
1379.T,1379,ホクト,Prime,水産・農林業,,2026-09-24,2620.0,2112.0,185150890.0,87105.0,241612800.0,False,True,True,True,True,False
5930.T,5930,文化シヤッター,Prime,金属製品,,2026-09-24,2620.0,1908.0,185101320.0,97450.0,221328000.0,False,True,True,True,True,False
5989.T,5989,エイチワン,Prime,金属製品,,2026-09-24,2620.0,1495.0,184874700.0,124480.0,147407000.0,False,True,True,True,True,False
6517.T,6517,デンヨー,Prime,電気機器,,2026-09-24,2620.0,4060.0,184399800.0,45560.0,151032000.0,False,True,True,True,True,False
6616.T,6616,トレックス・セミコンダクター,Prime,電気機器,,2026-09-24,2620.0,1970.0,184131015.0,96605.0,462950000.0,False,True,True,True,True,False
6419.T,6419,マースグループホールディングス,Prime,機械,,2026-09-24,2620.0,3165.0,183444025.0,57405.0,218701500.0,False,True,True,True,True,False
7868.T,7868,広済堂ホールディングス,Prime,その他製品,,2026-09-24,2620.0,545.0,183294500.0,338805.0,208026500.0,False,True,True,True,True,False
3771.T,3771,システムリサーチ,Prime,情報・通信業,,2026-09-24,2620.0,1922.0,182907935.0,95850.0,305021400.0,False,True,True,True,True,False
4765.T,4765,ＳＢＩグローバルアセットマネジメント,Prime,サービス業,,2026-09-24,2620.0,628.0,182627230.0,288330.0,113919200.0,False,True,True,True,True,False
146A.T,146A,コロンビア・ワークス,Standard,不動産業,,2026-09-24,609.0,3720.0,181583400.0,50420.0,127596000.0,False,True,True,True,True,False
7943.T,7943,ニチハ,Prime,ガラス・土石製品,,2026-09-24,2620.0,3055.0,180693740.0,59425.0,240123000.0,False,True,True,True,True,False
3652.T,3652,ディジタルメディアプロフェッショナル,Growth,情報・通信業,,2026-09-24,2620.0,3175.0,180348480.0,64865.0,288925000.0,False,True,True,True,True,False
7354.T,7354,ダイレクトマーケティングミックス,Prime,サービス業,,2026-09-24,1460.0,360.0,180199915.0,460720.0,328896000.0,False,True,True,True,True,False
6535.T,6535,アイモバイル,Prime,サービス業,,2026-09-24,2440.0,496.0,179510110.0,356080.0,355582400.0,False,True,True,True,True,False
3475.T,3475,グッドコムアセット,Prime,不動産業,,2026-09-24,2412.0,1505.0,179053685.0,120310.0,169463000.0,False,True,True,True,True,False
4446.T,4446,Ｌｉｎｋ－Ｕグループ,Prime,情報・通信業,,2026-09-24,1753.0,779.0,178319240.0,229900.0,486952900.0,False,True,True,True,True,False
7990.T,7990,グローブライド,Prime,その他製品,,2026-09-24,2620.0,2433.0,177928945.0,73225.0,188800800.0,False,True,True,True,True,False
5981.T,5981,東京製綱,Prime,金属製品,,2026-09-24,2620.0,1891.0,177922125.0,93895.0,142014100.0,False,True,True,True,True,False
6455.T,6455,モリタホールディングス,Prime,輸送用機器,,2026-09-24,2620.0,2515.0,177309855.0,70990.0,194661000.0,False,True,True,True,True,False
4377.T,4377,ワンキャリア,Growth,情報・通信業,,2026-09-24,1213.0,2362.0,177287450.0,72995.0,232657000.0,False,True,True,True,True,False
7483.T,7483,ドウシシャ,Prime,卸売業,,2026-09-24,2620.0,3105.0,176657600.0,57705.0,145003500.0,False,True,True,True,True,False
3299.T,3299,ムゲンエステート,Standard,不動産業,,2026-09-24,2620.0,1707.0,176358930.0,102960.0,189989100.0,False,True,True,True,True,False
9663.T,9663,ナガワ,Prime,サービス業,,2026-09-24,2620.0,4915.0,176265400.0,34605.0,251156500.0,False,True,True,True,True,False
4238.T,4238,ミライアル,Standard,化学,,2026-09-24,2620.0,2005.0,175925515.0,93860.0,197693000.0,False,True,True,True,True,False
3091.T,3091,ブロンコビリー,Prime,小売業,,2026-09-24,2620.0,2811.0,175795910.0,62295.0,184963800.0,False,True,True,True,True,False
9068.T,9068,丸全昭和運輸,Prime,陸運業,,2026-09-24,2620.0,7320.0,175725100.0,24035.0,243024000.0,False,True,True,True,True,False
5445.T,5445,東京鐵鋼,Prime,鉄鋼,,2026-09-24,2620.0,2056.0,174822880.0,85225.0,184012000.0,False,True,True,True,True,False
2207.T,2207,ｍｅｉｔｏ,Prime,食料品,,2026-09-24,2620.0,3415.0,173844800.0,50335.0,215828000.0,False,True,True,True,True,False
8892.T,8892,エスコン,Prime,不動産業,,2026-09-24,2620.0,1103.0,173489540.0,155885.0,172840100.0,False,True,True,True,True,False
4828.T,4828,ビジネスエンジニアリング,Prime,情報・通信業,,2026-09-24,2620.0,1403.0,173444435.0,123325.0,181828800.0,False,True,True,True,True,False
1762.T,1762,高松コンストラクショングループ,Prime,建設業,,2026-09-24,2620.0,4235.0,173444200.0,41640.0,244783000.0,False,True,True,True,True,False
6125.T,6125,岡本工作機械製作所,Standard,機械,,2026-09-24,2620.0,4805.0,172916600.0,36730.0,200849000.0,False,True,True,True,True,False
3850.T,3850,エヌ・ティ・ティ・データ・イントラマート,Standard,情報・通信業,,2026-09-24,2620.0,3935.0,172562700.0,46115.0,203833000.0,False,True,True,True,True,False
3028.T,3028,アルペン,Prime,小売業,,2026-09-24,2620.0,2313.0,172339820.0,73910.0,194523300.0,False,True,True,True,True,False
7447.T,7447,ナガイレーベン,Prime,卸売業,,2026-09-24,2620.0,1649.0,172104100.0,100840.0,144122600.0,False,True,True,True,True,False
3679.T,3679,じげん,Prime,情報・通信業,,2026-09-24,2620.0,436.0,172044165.0,384160.0,236530000.0,False,True,True,True,True,False
8167.T,8167,リテールパートナーズ,Prime,小売業,,2026-09-24,2620.0,1422.0,171893690.0,121570.0,151869600.0,False,True,True,True,True,False
1822.T,1822,大豊建設,Standard,建設業,,2026-09-24,2620.0,835.0,171833490.0,206925.0,381595000.0,False,True,True,True,True,False
4882.T,4882,ペルセウスプロテオミクス,Growth,医薬品,,2026-09-24,1285.0,175.0,170645645.0,1039160.0,79555000.0,False,False,True,True,True,False
5036.T,5036,日本ビジネスシステムズ,Prime,情報・通信業,,2026-09-24,1013.0,1587.0,170022165.0,108840.0,197264100.0,False,True,True,True,True,False
2301.T,2301,学情,Prime,サービス業,,2026-09-24,2620.0,1741.0,169624375.0,98390.0,202130100.0,False,True,True,True,True,False
3865.T,3865,北越コーポレーション,Prime,パルプ・紙,,2026-09-24,2620.0,917.0,168860190.0,185520.0,177256100.0,False,True,True,True,True,False
2734.T,2734,サーラコーポレーション,Prime,小売業,,2026-09-24,2620.0,1228.0,168649940.0,137565.0,171551600.0,False,True,True,True,True,False
9946.T,9946,ミニストップ,Prime,小売業,,2026-09-24,2620.0,1784.0,168062030.0,93270.0,100796000.0,False,True,True,True,True,False
4599.T,4599,ステムリム,Growth,医薬品,,2026-09-24,1737.0,181.0,167477795.0,760080.0,80038200.0,False,False,True,True,True,False
3962.T,3962,チェンジホールディングス,Prime,情報・通信業,,2026-09-24,2460.0,992.0,167424940.0,167295.0,176873600.0,False,True,True,True,True,False
8131.T,8131,ミツウロコグループホールディングス,Standard,卸売業,,2026-09-24,2620.0,2474.0,167271545.0,69030.0,248389600.0,False,True,True,True,True,False
9474.T,9474,ゼンリン,Prime,情報・通信業,,2026-09-24,2620.0,926.0,166691315.0,181700.0,131677200.0,False,True,True,True,True,False
9755.T,9755,応用地質,Prime,サービス業,,2026-09-24,2620.0,2855.0,166493090.0,58705.0,150173000.0,False,True,True,True,True,False
7942.T,7942,ＪＳＰ,Prime,化学,,2026-09-24,2620.0,3010.0,166261135.0,55425.0,175784000.0,False,True,True,True,True,False
6918.T,6918,アバールデータ,Standard,電気機器,,2026-09-24,2620.0,3970.0,165987875.0,45690.0,308469000.0,False,True,True,True,True,False
5122.T,5122,オカモト,Prime,ゴム製品,,2026-09-24,2620.0,6260.0,165797100.0,26395.0,116436000.0,False,True,True,True,True,False
6298.T,6298,ワイエイシイホールディングス,Prime,機械,,2026-09-24,2620.0,1271.0,165574810.0,128155.0,95070800.0,False,True,True,True,True,False
7231.T,7231,トピー工業,Prime,輸送用機器,,2026-09-24,2620.0,3135.0,164592375.0,53300.0,148285500.0,False,True,True,True,True,False
3864.T,3864,三菱製紙,Prime,パルプ・紙,,2026-09-24,2620.0,1226.0,164406855.0,137810.0,159380000.0,False,True,True,True,True,False
9708.T,9708,帝国ホテル,Standard,サービス業,,2026-09-24,2620.0,957.0,163776190.0,169295.0,173695500.0,False,True,True,True,True,False
8157.T,8157,都築電気,Prime,情報・通信業,,2026-09-24,2620.0,4270.0,163424725.0,38775.0,544852000.0,False,True,True,True,True,False
6769.T,6769,ザインエレクトロニクス,Standard,電気機器,,2026-09-24,2620.0,1269.0,163325855.0,139625.0,182228400.0,False,True,True,True,True,False
3302.T,3302,帝国繊維,Prime,繊維製品,,2026-09-24,2620.0,3135.0,162573450.0,51670.0,165841500.0,False,True,True,True,True,False
7094.T,7094,ＮｅｘＴｏｎｅ,Growth,サービス業,,2026-09-24,1585.0,1848.0,162330225.0,86475.0,148579200.0,False,True,True,True,True,False
1786.T,1786,オリエンタル白石,Prime,建設業,,2026-09-24,1339.0,353.0,161871675.0,455320.0,181300800.0,False,True,True,True,True,False
8281.T,8281,ゼビオホールディングス,Prime,小売業,,2026-09-24,2620.0,1133.0,160974835.0,141530.0,364712700.0,False,True,True,True,True,False
8871.T,8871,ゴールドクレスト,Standard,不動産業,,2026-09-24,2620.0,3205.0,160447525.0,49425.0,189095000.0,False,True,True,True,True,False
5885.T,5885,ジーデップ・アドバンス,Standard,卸売業,,2026-09-24,789.0,3260.0,160447250.0,48480.0,98778000.0,False,True,True,True,True,False
2484.T,2484,出前館,Standard,情報・通信業,,2026-09-24,2620.0,149.0,159854600.0,958615.0,126024200.0,False,False,True,True,True,False
8150.T,8150,三信電気,Prime,卸売業,,2026-09-24,2620.0,3295.0,159371925.0,48585.0,113677500.0,False,True,True,True,True,False
6653.T,6653,正興電機製作所,Prime,電気機器,,2026-09-24,2167.0,2142.0,159076260.0,74400.0,182070000.0,False,True,True,True,True,False
1301.T,1301,極洋,Prime,水産・農林業,,2026-09-24,2620.0,4680.0,158655275.0,33810.0,178776000.0,False,True,True,True,True,False
6351.T,6351,鶴見製作所,Prime,機械,,2026-09-24,2620.0,2636.0,158437265.0,62150.0,228277600.0,False,True,True,True,True,False
5129.T,5129,ＦＩＸＥＲ,Growth,情報・通信業,,2026-09-24,969.0,257.0,158224275.0,437555.0,16370900.0,False,True,True,True,True,False
194A.T,194A,ＷＯＬＶＥＳ　ＨＡＮＤ,Growth,サービス業,,2026-09-24,551.0,1670.0,157284960.0,88515.0,72645000.0,False,True,True,True,True,False
5011.T,5011,ニチレキグループ,Prime,石油・石炭製品,,2026-09-24,2620.0,2330.0,157078230.0,68440.0,162401000.0,False,True,True,True,True,False
5142.T,5142,アキレス,Prime,化学,,2026-09-24,2620.0,1866.0,156473155.0,84610.0,150772800.0,False,True,True,True,True,False
5136.T,5136,ｔｒｉｐｌａ,Growth,情報・通信業,,2026-09-24,936.0,2325.0,156450560.0,71430.0,255750000.0,False,True,True,True,True,False
6877.T,6877,ＯＢＡＲＡ　ＧＲＯＵＰ,Standard,電気機器,,2026-09-24,2620.0,5310.0,156221800.0,28540.0,219303000.0,False,True,True,True,True,False
3968.T,3968,セグエグループ,Prime,情報・通信業,,2026-09-24,2402.0,670.0,155998225.0,241850.0,159192000.0,False,True,True,True,True,False
153A.T,153A,カウリス,Growth,情報・通信業,,2026-09-24,608.0,1733.0,155135720.0,98935.0,170873800.0,False,True,True,True,True,False
6418.T,6418,日本金銭機械,Prime,機械,,2026-09-24,2620.0,1268.0,154547025.0,124875.0,174096400.0,False,True,True,True,True,False
8014.T,8014,蝶理,Prime,卸売業,,2026-09-24,2620.0,4245.0,153939375.0,36055.0,120982500.0,False,True,True,True,True,False
2594.T,2594,キーコーヒー,Prime,食料品,,2026-09-24,2620.0,2006.0,153880525.0,76120.0,193177800.0,False,True,True,True,True,False
4575.T,4575,キャンバス,Growth,医薬品,,2026-09-24,2620.0,734.0,153569495.0,191570.0,73987200.0,False,True,True,True,True,False
4888.T,4888,ステラファーマ,Growth,医薬品,,2026-09-24,1324.0,436.0,152624550.0,383280.0,201126800.0,False,True,True,True,True,False
7709.T,7709,クボテック,Standard,精密機器,,2026-09-24,2620.0,54.0,152611055.0,2411340.0,54950400.0,False,False,True,True,True,False
4212.T,4212,積水樹脂,Prime,化学,,2026-09-24,2620.0,2990.0,152565300.0,51770.0,155779000.0,False,True,True,True,True,False
7965.T,7965,象印マホービン,Prime,電気機器,,2026-09-24,2620.0,1450.0,152455840.0,104010.0,129630000.0,False,True,True,True,True,False
3558.T,3558,ジェイドグループ,Growth,小売業,,2026-09-24,2353.0,1876.0,151890645.0,82565.0,82919200.0,False,True,True,True,True,False
367A.T,367A,プリモグローバルホールディングス,Standard,小売業,,2026-09-24,305.0,2750.0,151585575.0,52895.0,100100000.0,False,True,True,True,True,False
5195.T,5195,バンドー化学,Prime,ゴム製品,,2026-09-24,2620.0,2463.0,151321485.0,61615.0,180537900.0,False,True,True,True,True,False
6469.T,6469,放電精密加工研究所,Standard,機械,,2026-09-24,2620.0,2886.0,151287175.0,53720.0,104184600.0,False,True,True,True,True,False
3817.T,3817,ＳＲＡホールディングス,Prime,情報・通信業,,2026-09-24,2620.0,4790.0,151272525.0,31335.0,144658000.0,False,True,True,True,True,False
1436.T,1436,グリーンエナジー＆カンパニー,Growth,建設業,,2026-09-24,2593.0,1750.0,149379755.0,85355.0,67375000.0,False,True,True,True,True,False
7979.T,7979,松風,Prime,精密機器,,2026-09-24,2620.0,2262.0,149185005.0,65890.0,149065800.0,False,True,True,True,True,False
5218.T,5218,オハラ,Standard,ガラス・土石製品,,2026-09-24,2620.0,1671.0,149084590.0,92030.0,95414100.0,False,True,True,True,True,False
3984.T,3984,ユーザーローカル,Prime,情報・通信業,,2026-09-24,2336.0,1586.0,148921840.0,96810.0,138775000.0,False,True,True,True,True,False
6328.T,6328,荏原実業,Prime,機械,,2026-09-24,2620.0,2391.0,148759785.0,62630.0,196062000.0,False,True,True,True,True,False
8075.T,8075,神鋼商事,Prime,卸売業,,2026-09-24,2620.0,3185.0,148662850.0,47700.0,155109500.0,False,True,True,True,True,False
2674.T,2674,ハードオフコーポレーション,Prime,小売業,,2026-09-24,2620.0,2597.0,148002195.0,56515.0,147509600.0,False,True,True,True,True,False
9414.T,9414,日本ＢＳ放送,Standard,情報・通信業,,2026-09-24,2620.0,963.0,147815230.0,149280.0,111515400.0,False,True,True,True,True,False
5013.T,5013,ユシロ,Standard,石油・石炭製品,,2026-09-24,2620.0,3095.0,147735125.0,50475.0,280097500.0,False,True,True,True,True,False
4743.T,4743,アイティフォー,Prime,情報・通信業,,2026-09-24,2620.0,1666.0,147727835.0,90020.0,149440200.0,False,True,True,True,True,False
2060.T,2060,フィード・ワン,Prime,食料品,,2026-09-24,2620.0,1454.0,147601800.0,102145.0,145254600.0,False,True,True,True,True,False
4228.T,4228,積水化成品工業,Prime,化学,,2026-09-24,2620.0,615.0,147092290.0,246785.0,129519000.0,False,True,True,True,True,False
8159.T,8159,立花エレテック,Prime,卸売業,,2026-09-24,2620.0,4290.0,147032175.0,35855.0,304161000.0,False,True,True,True,True,False
9610.T,9610,ウィルソン・ラーニング　ワールドワイド,Standard,サービス業,,2026-09-24,2620.0,108.0,146237330.0,1190535.0,9828000.0,False,False,True,True,True,False
9517.T,9517,イーレックス,Prime,電気・ガス業,,2026-09-24,2620.0,824.0,145402690.0,170710.0,291036800.0,False,True,True,True,True,False
6993.T,6993,大黒屋ホールディングス,Standard,小売業,,2026-09-24,2620.0,89.0,145396950.0,1656660.0,234070000.0,False,False,True,True,True,False
6238.T,6238,フリュー,Prime,機械,,2026-09-24,2620.0,1451.0,145017705.0,101280.0,171798400.0,False,True,True,True,True,False
6364.T,6364,ＡＩＲＭＡＮ,Prime,機械,,2026-09-24,2620.0,2544.0,144492975.0,57265.0,212678400.0,False,True,True,True,True,False
6994.T,6994,指月電機製作所,Standard,電気機器,,2026-09-24,2620.0,1236.0,144161715.0,120515.0,175264800.0,False,True,True,True,True,False
3950.T,3950,ザ・パック,Prime,パルプ・紙,,2026-09-24,2620.0,1454.0,143624285.0,96865.0,138275400.0,False,True,True,True,True,False
7760.T,7760,ＩＭＶ,Standard,精密機器,,2026-09-24,2620.0,2120.0,143510485.0,70370.0,104516000.0,False,True,True,True,True,False
6289.T,6289,技研製作所,Prime,機械,,2026-09-24,2620.0,1933.0,142911110.0,74475.0,115593400.0,False,True,True,True,True,False
7917.T,7917,ＺＡＣＲＯＳ,Prime,化学,,2026-09-24,2620.0,1255.0,142752185.0,113920.0,140309000.0,False,True,True,True,True,False
6240.T,6240,ヤマシンフィルタ,Prime,機械,,2026-09-24,2620.0,524.0,142696695.0,269710.0,211329200.0,False,True,True,True,True,False
9211.T,9211,エフ・コード,Growth,サービス業,,2026-09-24,1158.0,1557.0,142692135.0,96765.0,147915000.0,False,True,True,True,True,False
6420.T,6420,ガリレイ,Prime,機械,,2026-09-24,2620.0,3500.0,142682325.0,40735.0,171150000.0,False,True,True,True,True,False
6381.T,6381,アネスト岩田,Prime,機械,,2026-09-24,2620.0,1920.0,142421545.0,73210.0,119616000.0,False,True,True,True,True,False
7537.T,7537,丸文,Prime,卸売業,,2026-09-24,2620.0,1896.0,141312995.0,77575.0,158505600.0,False,True,True,True,True,False
6194.T,6194,アトラエ,Prime,サービス業,,2026-09-24,2531.0,890.0,141163090.0,162475.0,237007000.0,False,True,True,True,True,False
4344.T,4344,ソースネクスト,Prime,情報・通信業,,2026-09-24,2620.0,104.0,141093340.0,1281570.0,235341600.0,False,False,True,True,True,False
4628.T,4628,エスケー化研,Standard,化学,,2026-09-24,2620.0,10000.0,140861150.0,14715.0,156000000.0,False,True,True,True,True,False
6222.T,6222,島精機製作所,Prime,機械,,2026-09-24,2620.0,928.0,140860930.0,148495.0,131219200.0,False,True,True,True,True,False
8746.T,8746,ｕｎｂａｎｋｅｄ,Standard,証券、商品先物取引業,,2026-09-24,2620.0,106.0,140562010.0,1037125.0,47424400.0,False,False,True,True,True,False
5821.T,5821,平河ヒューテック,Prime,非鉄金属,,2026-09-24,2620.0,3215.0,140445525.0,44865.0,197079500.0,False,True,True,True,True,False
8877.T,8877,エスリード,Prime,不動産業,,2026-09-24,2620.0,5230.0,140389150.0,26700.0,166314000.0,False,True,True,True,True,False
1976.T,1976,明星工業,Prime,建設業,,2026-09-24,2620.0,1724.0,140197475.0,81445.0,127920800.0,False,True,True,True,True,False
7318.T,7318,セレンディップ・ホールディングス,Growth,輸送用機器,,2026-09-24,1283.0,1371.0,140063820.0,101920.0,118180200.0,False,True,True,True,True,False
9115.T,9115,明海グループ,Standard,海運業,,2026-09-24,2620.0,1060.0,139555725.0,126690.0,42930000.0,False,True,True,True,True,False
4714.T,4714,リソー教育グループ,Prime,サービス業,,2026-09-24,2620.0,214.0,139542105.0,663185.0,178583000.0,False,True,True,True,True,False
7510.T,7510,たけびし,Prime,卸売業,,2026-09-24,2620.0,2809.0,139191640.0,50595.0,408428600.0,False,True,True,True,True,False
3182.T,3182,オイシックス・ラ・大地,Prime,小売業,,2026-09-24,2620.0,1625.0,139099320.0,84290.0,160062500.0,False,True,True,True,True,False
6809.T,6809,ＴＯＡ,Prime,電気機器,,2026-09-24,2620.0,1767.0,138661795.0,79385.0,134998800.0,False,True,True,True,True,False
4534.T,4534,持田製薬,Prime,医薬品,,2026-09-24,2620.0,3280.0,138659600.0,42480.0,169904000.0,False,True,True,True,True,False
6928.T,6928,エノモト,Prime,電気機器,,2026-09-24,2620.0,3115.0,138283995.0,46520.0,389375000.0,False,True,True,True,True,False
4011.T,4011,ヘッドウォータース,Growth,情報・通信業,,2026-09-24,1461.0,2408.0,137090000.0,56240.0,67424000.0,False,True,True,True,True,False
7725.T,7725,インターアクション,Prime,精密機器,,2026-09-24,2620.0,1821.0,136974795.0,77950.0,210143400.0,False,True,True,True,True,False
6231.T,6231,木村工機,Standard,機械,,2026-09-24,1595.0,12100.0,136522850.0,11140.0,154880000.0,False,True,True,True,True,False
3300.T,3300,アンビション　ＤＸ　ホールディングス,Growth,不動産業,,2026-09-24,2620.0,1882.0,135919200.0,73320.0,78291200.0,False,True,True,True,True,False
2053.T,2053,中部飼料,Prime,食料品,,2026-09-24,2620.0,2022.0,135645855.0,66870.0,403995600.0,False,True,True,True,True,False
6629.T,6629,テクノホライゾン,Standard,電気機器,,2026-09-24,2620.0,1040.0,135637505.0,136955.0,358176000.0,False,True,True,True,True,False
6337.T,6337,テセック,Standard,機械,,2026-09-24,2620.0,3565.0,135199050.0,39885.0,113010500.0,False,True,True,True,True,False
8103.T,8103,明和産業,Prime,卸売業,,2026-09-24,2620.0,997.0,135037560.0,138295.0,153338600.0,False,True,True,True,True,False
4025.T,4025,多木化学,Prime,化学,,2026-09-24,2620.0,5750.0,134640550.0,23280.0,108100000.0,False,True,True,True,True,False
9310.T,9310,日本トランスシティ,Prime,倉庫・運輸関連業,,2026-09-24,2620.0,1408.0,134360375.0,96135.0,80115200.0,False,True,True,True,True,False
8244.T,8244,近鉄百貨店,Standard,小売業,,2026-09-24,2620.0,1886.0,134304650.0,68945.0,60729200.0,False,True,True,True,True,False
7033.T,7033,マネジメントソリューションズ,Prime,サービス業,,2026-09-24,1998.0,1575.0,134291735.0,83580.0,163012500.0,False,True,True,True,True,False
9467.T,9467,アルファポリス,Growth,情報・通信業,,2026-09-24,2620.0,1089.0,133743255.0,117550.0,102148200.0,False,True,True,True,True,False
4346.T,4346,ＮＥＸＹＺ．Ｇｒｏｕｐ,Standard,その他金融業,,2026-09-24,2620.0,1026.0,132781200.0,130395.0,62483400.0,False,True,True,True,True,False
3201.T,3201,日本毛織,Prime,繊維製品,,2026-09-24,2620.0,1993.0,132614770.0,66950.0,131538000.0,False,True,True,True,True,False
7860.T,7860,エイベックス,Prime,情報・通信業,,2026-09-24,2620.0,1268.0,132337775.0,104045.0,163191600.0,False,True,True,True,True,False
3837.T,3837,アドソル日進,Prime,情報・通信業,,2026-09-24,2620.0,1362.0,130858650.0,94960.0,89619600.0,False,True,True,True,True,False
8704.T,8704,トレイダーズホールディングス,Standard,証券、商品先物取引業,,2026-09-24,2620.0,1391.0,130479745.0,93475.0,100152000.0,False,True,True,True,True,False
4847.T,4847,インテリジェント　ウェイブ,Prime,情報・通信業,,2026-09-24,2620.0,1539.0,127916760.0,90660.0,170829000.0,False,True,True,True,True,False
7949.T,7949,小松ウオール工業,Prime,その他製品,,2026-09-24,2620.0,2829.0,127836210.0,45245.0,179358600.0,False,True,True,True,True,False
4375.T,4375,セーフィー,Growth,情報・通信業,,2026-09-24,1219.0,684.0,127633920.0,188175.0,89535600.0,False,True,True,True,True,False
9227.T,9227,マイクロ波化学,Growth,サービス業,,2026-09-24,1039.0,830.0,127518955.0,147495.0,188991000.0,False,True,True,True,True,False
6062.T,6062,チャーム・ケア・コーポレーション,Prime,サービス業,,2026-09-24,2620.0,1426.0,127460150.0,90500.0,182813200.0,False,True,True,True,True,False
6255.T,6255,エヌ・ピー・シー,Growth,機械,,2026-09-24,2620.0,675.0,127144140.0,190015.0,130545000.0,False,True,True,True,True,False
6425.T,6425,ユニバーサルエンターテインメント,Standard,機械,,2026-09-24,2620.0,725.0,126908735.0,173465.0,97802500.0,False,True,True,True,True,False
7522.T,7522,ワタミ,Prime,小売業,,2026-09-24,2620.0,896.0,126653485.0,137065.0,429721600.0,False,True,True,True,True,False
4169.T,4169,ＥＮＥＣＨＡＮＧＥ,Growth,情報・通信業,,2026-09-24,1404.0,258.0,126476065.0,476225.0,75207000.0,False,True,True,True,True,False
4316.T,4316,ビーマップ,Growth,情報・通信業,,2026-09-24,2620.0,59.0,126371670.0,1160655.0,57678400.0,False,False,True,False,True,False
8142.T,8142,トーホー,Prime,卸売業,,2026-09-24,2620.0,1375.0,125611645.0,88910.0,152900000.0,False,True,True,True,True,False
4848.T,4848,フルキャストホールディングス,Prime,サービス業,,2026-09-24,2620.0,1867.0,125566180.0,67420.0,141145200.0,False,True,True,True,True,False
4883.T,4883,モダリス,Growth,医薬品,,2026-09-24,1501.0,33.0,124735515.0,3216765.0,29257800.0,False,False,True,True,True,False
3565.T,3565,アセンテック,Standard,卸売業,,2026-09-24,2318.0,512.0,124578120.0,254225.0,116940800.0,False,True,True,True,True,False
5988.T,5988,パイオラックス,Prime,金属製品,,2026-09-24,2620.0,1696.0,124298715.0,73195.0,127030400.0,False,True,True,True,True,False
6357.T,6357,三精テクノロジーズ,Standard,機械,,2026-09-24,2620.0,2772.0,124139880.0,45575.0,66805200.0,False,True,True,True,True,False
7607.T,7607,進和,Prime,卸売業,,2026-09-24,2620.0,3075.0,124105875.0,40320.0,146062500.0,False,True,True,True,True,False
4027.T,4027,テイカ,Prime,化学,,2026-09-24,2620.0,2375.0,124100010.0,51880.0,85262500.0,False,True,True,True,True,False
3168.T,3168,ＭＥＲＦ,Standard,卸売業,,2026-09-24,2620.0,1273.0,124028920.0,92745.0,70906100.0,False,True,True,True,True,False
6823.T,6823,リオン,Prime,電気機器,,2026-09-24,2620.0,3315.0,123583800.0,37720.0,125307000.0,False,True,True,True,True,False
341A.T,341A,トヨコー,Growth,建設業,,2026-09-24,364.0,2407.0,123582305.0,56305.0,182450600.0,False,True,True,True,True,False
4691.T,4691,ワシントンホテル,Standard,サービス業,,2026-09-24,1691.0,2060.0,123492165.0,56380.0,222274000.0,False,True,True,True,True,False
1887.T,1887,日本国土開発,Prime,建設業,,2026-09-24,1842.0,548.0,123328215.0,224500.0,114093600.0,False,True,True,True,True,False
4992.T,4992,北興化学工業,Standard,化学,,2026-09-24,2620.0,1948.0,123293290.0,63170.0,157788000.0,False,True,True,True,True,False
4370.T,4370,モビルス,Growth,情報・通信業,,2026-09-24,1236.0,433.0,122935670.0,303520.0,63218000.0,False,True,True,True,True,False
6637.T,6637,寺崎電気産業,Standard,電気機器,,2026-09-24,2620.0,4365.0,122931975.0,28800.0,178528500.0,False,True,True,True,True,False
8105.T,8105,堀田丸正,Standard,卸売業,,2026-09-24,2620.0,78.0,122663335.0,1477240.0,106938000.0,False,False,True,True,True,False
2820.T,2820,やまみ,Standard,食料品,,2026-09-24,2529.0,6400.0,122037150.0,19365.0,67840000.0,False,True,True,True,True,False
3151.T,3151,バイタルケーエスケー・ホールディングス,Prime,卸売業,,2026-09-24,2620.0,1610.0,121885790.0,74455.0,122038000.0,False,True,True,True,True,False
4620.T,4620,藤倉化成,Standard,化学,,2026-09-24,2620.0,1069.0,121613370.0,123980.0,166122600.0,False,True,True,True,True,False
3763.T,3763,プロシップ,Prime,情報・通信業,,2026-09-24,2620.0,2144.0,121087795.0,57715.0,142790400.0,False,True,True,True,True,False
6564.T,6564,ミダックホールディングス,Prime,サービス業,,2026-09-24,2144.0,2037.0,120728575.0,59735.0,117331200.0,False,True,True,True,True,False
368A.T,368A,北里コーポレーション,Prime,精密機器,,2026-09-24,304.0,1428.0,120597420.0,83205.0,157936800.0,False,True,True,True,True,False
9052.T,9052,山陽電気鉄道,Prime,陸運業,,2026-09-24,2620.0,1998.0,120555535.0,59655.0,130669200.0,False,True,True,True,True,False
3431.T,3431,宮地エンジニアリンググループ,Prime,金属製品,,2026-09-24,2620.0,1545.0,120510110.0,75990.0,226806000.0,False,True,True,True,True,False
2429.T,2429,ワールドホールディングス,Prime,サービス業,,2026-09-24,2620.0,2834.0,120160135.0,42385.0,131781000.0,False,True,True,True,True,False
4931.T,4931,新日本製薬,Prime,化学,,2026-09-24,1767.0,2040.0,119643015.0,57930.0,166056000.0,False,True,True,True,True,False
5834.T,5834,ＳＢＩリーシングサービス,Growth,証券、商品先物取引業,,2026-09-24,961.0,2863.0,119634135.0,43340.0,119673400.0,False,True,True,True,True,False
7421.T,7421,カッパ・クリエイト,Prime,小売業,,2026-09-24,2620.0,1620.0,119477250.0,73615.0,138996000.0,False,True,True,True,True,False
6464.T,6464,ツバキ・ナカシマ,Prime,機械,,2026-09-24,2620.0,342.0,119310935.0,348860.0,95041800.0,False,True,True,True,True,False
3415.T,3415,ＴＯＫＹＯ　ＢＡＳＥ,Prime,小売業,,2026-09-24,2620.0,355.0,119169330.0,333260.0,109340000.0,False,True,True,True,True,False
4595.T,4595,ミズホメディー,Standard,医薬品,,2026-09-24,2620.0,1740.0,119067800.0,68990.0,60030000.0,False,True,True,True,True,False
8081.T,8081,カナデン,Prime,卸売業,,2026-09-24,2620.0,2601.0,118433905.0,46475.0,244233900.0,False,True,True,True,True,False
9305.T,9305,ヤマタネ,Prime,卸売業,,2026-09-24,2620.0,2104.0,118268800.0,56815.0,230177600.0,False,True,True,True,True,False
4026.T,4026,神島化学工業,Standard,ガラス・土石製品,,2026-09-24,2620.0,1555.0,118157655.0,75200.0,63288500.0,False,True,True,True,True,False
8070.T,8070,東京産業,Prime,卸売業,,2026-09-24,2620.0,1023.0,117909555.0,119630.0,102095400.0,False,True,True,True,True,False
1433.T,1433,ベステラ,Prime,建設業,,2026-09-24,2620.0,1200.0,117788785.0,94875.0,27360000.0,False,True,True,True,True,False
6333.T,6333,帝国電機製作所,Prime,機械,,2026-09-24,2620.0,3570.0,117347300.0,34145.0,170646000.0,False,True,True,True,True,False
5408.T,5408,中山製鋼所,Prime,鉄鋼,,2026-09-24,2620.0,643.0,117173200.0,181540.0,116897400.0,False,True,True,True,True,False
3179.T,3179,シュッピン,Prime,小売業,,2026-09-24,2620.0,1294.0,116773050.0,97565.0,197852600.0,False,True,True,True,True,False
3561.T,3561,力の源ホールディングス,Prime,小売業,,2026-09-24,2343.0,1503.0,116703980.0,76145.0,177354000.0,False,True,True,True,True,False
3393.T,3393,スターティアホールディングス,Prime,卸売業,,2026-09-24,2620.0,3265.0,116269080.0,37685.0,157699500.0,False,True,True,True,True,False
3939.T,3939,カナミックネットワーク,Prime,情報・通信業,,2026-09-24,2467.0,491.0,116263905.0,228515.0,68740000.0,False,True,True,True,True,False
7914.T,7914,共同印刷,Prime,その他製品,,2026-09-24,2620.0,1767.0,115925230.0,66170.0,264519900.0,False,True,True,True,True,False
3333.T,3333,あさひ,Prime,小売業,,2026-09-24,2620.0,1293.0,114959845.0,87910.0,223171800.0,False,True,True,True,True,False
3901.T,3901,マークラインズ,Prime,情報・通信業,,2026-09-24,2620.0,1507.0,114885945.0,75175.0,80323100.0,False,True,True,True,True,False
3708.T,3708,特種東海製紙,Prime,パルプ・紙,,2026-09-24,2620.0,2227.0,114775780.0,52910.0,198648400.0,False,True,True,True,True,False
3798.T,3798,ＵＬＳグループ,Standard,情報・通信業,,2026-09-24,2620.0,570.0,114744005.0,211475.0,166212000.0,False,True,True,True,True,False
4396.T,4396,システムサポートホールディングス,Prime,情報・通信業,,2026-09-24,1990.0,1377.0,114626600.0,83335.0,91570500.0,False,True,True,True,True,False
3196.T,3196,ホットランドホールディングス,Prime,小売業,,2026-09-24,2620.0,1642.0,114416035.0,69745.0,154840600.0,False,True,True,True,True,False
2266.T,2266,六甲バター,Prime,食料品,,2026-09-24,2620.0,1102.0,114392430.0,102030.0,86396800.0,False,True,True,True,True,False
9782.T,9782,ディーエムエス,Standard,サービス業,,2026-09-24,2620.0,3480.0,114126425.0,32830.0,109968000.0,False,True,True,True,True,False
5976.T,5976,高周波熱錬,Prime,金属製品,,2026-09-24,2620.0,1481.0,113815375.0,76060.0,159948000.0,False,True,True,True,True,False
7512.T,7512,イオン北海道,Standard,小売業,,2026-09-24,2620.0,856.0,113697070.0,132080.0,97156000.0,False,True,True,True,True,False
8198.T,8198,マックスバリュ東海,Standard,小売業,,2026-09-24,2620.0,3370.0,113631900.0,33480.0,48865000.0,False,True,True,True,True,False
4611.T,4611,大日本塗料,Prime,化学,,2026-09-24,2620.0,1576.0,112912695.0,71990.0,114890400.0,False,True,True,True,True,False
7102.T,7102,日本車輌製造,Prime,輸送用機器,,2026-09-24,2620.0,3635.0,112512875.0,30960.0,123953500.0,False,True,True,True,True,False
8537.T,8537,大光銀行,Standard,銀行業,,2026-09-24,2620.0,3230.0,112381830.0,35850.0,128231000.0,False,True,True,True,True,False
3374.T,3374,内外テック,Standard,卸売業,,2026-09-24,2620.0,4445.0,112366375.0,27175.0,257810000.0,False,True,True,True,True,False
9979.T,9979,大庄,Standard,小売業,,2026-09-24,2620.0,1028.0,111245525.0,106285.0,125210400.0,False,True,True,True,True,False
4434.T,4434,サーバーワークス,Standard,情報・通信業,,2026-09-24,1835.0,2478.0,110599335.0,44385.0,87473400.0,False,True,True,True,True,False
2158.T,2158,ＦＲＯＮＴＥＯ,Growth,サービス業,,2026-09-24,2620.0,655.0,110532260.0,176055.0,132637500.0,False,True,True,True,True,False
6413.T,6413,理想科学工業,Prime,機械,,2026-09-24,2620.0,1058.0,110215160.0,100985.0,92046000.0,False,True,True,True,True,False
4826.T,4826,ＣＩＪ,Prime,情報・通信業,,2026-09-24,2620.0,544.0,110114045.0,203690.0,80566400.0,False,True,True,True,True,False
5273.T,5273,三谷セキサン,Standard,ガラス・土石製品,,2026-09-24,2620.0,2132.0,109965300.0,53090.0,133463200.0,False,True,True,True,True,False
5698.T,5698,エンビプロ・ホールディングス,Standard,鉄鋼,,2026-09-24,2620.0,740.0,109776785.0,145010.0,91686000.0,False,True,True,True,True,False
9369.T,9369,キユーソー流通システム,Standard,倉庫・運輸関連業,,2026-09-24,2620.0,2919.0,109646130.0,36130.0,117051900.0,False,True,True,True,True,False
2325.T,2325,ＮＪＳ,Prime,サービス業,,2026-09-24,2620.0,4595.0,109369225.0,23195.0,109361000.0,False,True,True,True,True,False
5240.T,5240,ｍｏｎｏＡＩ　ｔｅｃｈｎｏｌｏｇｙ,Growth,情報・通信業,,2026-09-24,919.0,186.0,108799280.0,497100.0,13745400.0,False,False,True,True,True,False
3548.T,3548,バロックジャパンリミテッド,Prime,小売業,,2026-09-24,2438.0,666.0,108721265.0,156185.0,99833400.0,False,True,True,True,True,False
5946.T,5946,長府製作所,Prime,金属製品,,2026-09-24,2620.0,1986.0,108495720.0,53065.0,166029600.0,False,True,True,True,True,False
1929.T,1929,日特建設,Prime,建設業,,2026-09-24,2620.0,1236.0,108282555.0,89385.0,148814400.0,False,True,True,True,True,False
431A.T,431A,ユーソナー,Growth,情報・通信業,,2026-09-24,227.0,2755.0,107489835.0,41145.0,24795000.0,False,True,False,True,True,False
6430.T,6430,ダイコク電機,Prime,機械,,2026-09-24,2620.0,2477.0,107259975.0,43110.0,76043900.0,False,True,True,True,True,False
8364.T,8364,清水銀行,Prime,銀行業,,2026-09-24,2620.0,3100.0,106948500.0,33995.0,95170000.0,False,True,True,True,True,False
4422.T,4422,ＶＡＬＵＥＮＥＸ,Growth,情報・通信業,,2026-09-24,1927.0,501.0,106833955.0,185730.0,22394700.0,False,True,True,True,True,False
8562.T,8562,福島銀行,Standard,銀行業,,2026-09-24,2620.0,385.0,106736100.0,277515.0,110610500.0,False,True,True,True,True,False
3150.T,3150,グリムス,Prime,電気・ガス業,,2026-09-24,2620.0,2431.0,106314910.0,43395.0,96753800.0,False,True,True,True,True,False
4251.T,4251,恵和,Prime,化学,,2026-09-24,1684.0,1193.0,106159055.0,90480.0,92218900.0,False,True,True,True,True,False
4668.T,4668,明光ネットワークジャパン,Prime,サービス業,,2026-09-24,2620.0,762.0,106015990.0,136375.0,64998600.0,False,True,True,True,True,False
5287.T,5287,イトーヨーギョー,Standard,ガラス・土石製品,,2026-09-24,2620.0,913.0,105751420.0,110280.0,83174300.0,False,True,True,True,True,False
6247.T,6247,日阪製作所,Prime,機械,,2026-09-24,2620.0,1720.0,105630330.0,61215.0,110080000.0,False,True,True,True,True,False
7637.T,7637,白銅,Prime,卸売業,,2026-09-24,2620.0,3680.0,105589600.0,29080.0,178480000.0,False,True,True,True,True,False
276A.T,276A,ククレブ・アドバイザーズ,Growth,不動産業,,2026-09-24,442.0,4270.0,105586000.0,26670.0,142618000.0,False,True,True,True,True,False
3486.T,3486,グローバル・リンク・マネジメント,Prime,不動産業,,2026-09-24,2156.0,2041.0,105570350.0,53315.0,148176600.0,False,True,True,True,True,False
296A.T,296A,令和アカウンティング・ホールディングス,Growth,サービス業,,2026-09-24,425.0,1188.0,105432765.0,91280.0,94921200.0,False,True,True,True,True,False
9270.T,9270,バリュエンスホールディングス,Growth,卸売業,,2026-09-24,2085.0,1993.0,105240850.0,51985.0,103835300.0,False,True,True,True,True,False
5033.T,5033,ヌーラボ,Growth,情報・通信業,,2026-09-24,1037.0,1218.0,104847840.0,93015.0,36174600.0,False,True,True,True,True,False
9628.T,9628,燦ホールディングス,Prime,サービス業,,2026-09-24,2620.0,1352.0,104169090.0,77665.0,105320800.0,False,True,True,True,True,False
147A.T,147A,ソラコム,Growth,情報・通信業,,2026-09-24,610.0,1007.0,102844815.0,103920.0,70288600.0,False,True,True,True,True,False
4886.T,4886,あすか製薬ホールディングス,Prime,医薬品,,2026-09-24,1339.0,2136.0,102464920.0,48750.0,140976000.0,False,True,True,True,True,False
8929.T,8929,青山財産ネットワークス,Standard,不動産業,,2026-09-24,2620.0,1368.0,101703405.0,73065.0,136936800.0,False,True,True,True,True,False
6574.T,6574,コンヴァノ,Growth,サービス業,,2026-09-24,2071.0,124.0,101645345.0,865480.0,84989600.0,False,False,True,True,True,False
2153.T,2153,Ｅ・Ｊホールディングス,Prime,サービス業,,2026-09-18,2619.0,1891.0,99982040.0,53780.0,126507900.0,False,True,True,True,True,False
7071.T,7071,アンビスホールディングス,Prime,サービス業,,2026-09-24,1697.0,391.0,99822735.0,248440.0,129147300.0,False,True,True,True,True,False
8935.T,8935,ＦＪネクストホールディングス,Prime,不動産業,,2026-09-24,2620.0,1986.0,99559110.0,49820.0,104265000.0,False,True,True,True,True,False
3983.T,3983,オロ,Prime,情報・通信業,,2026-09-24,2341.0,1902.0,99351990.0,49955.0,59152200.0,False,True,True,True,True,False
6184.T,6184,鎌倉新書,Prime,サービス業,,2026-09-18,2619.0,614.0,99321325.0,167220.0,78346400.0,False,True,True,True,True,False
6630.T,6630,ヤーマン,Prime,電気機器,,2026-09-18,2619.0,781.0,99250365.0,124160.0,150186300.0,False,True,True,True,True,False
5038.T,5038,ｅＷｅＬＬ,Growth,情報・通信業,,2026-09-18,979.0,2110.0,98806465.0,45785.0,192854000.0,False,True,True,True,True,False
6547.T,6547,グリーンズ,Standard,サービス業,,2026-09-18,2341.0,2144.0,97899090.0,45695.0,71395200.0,False,True,True,True,True,False
6470.T,6470,大豊工業,Standard,機械,,2026-09-18,2619.0,1118.0,97731810.0,88995.0,182457600.0,False,True,True,True,True,False
4664.T,4664,アール・エス・シー,Standard,サービス業,,2026-09-18,2619.0,1157.0,97698515.0,88375.0,54263300.0,False,True,True,True,True,False
7727.T,7727,オーバル,Standard,精密機器,,2026-09-18,2619.0,898.0,97600135.0,115055.0,152300800.0,False,True,True,True,True,False
4112.T,4112,保土谷化学工業,Prime,化学,,2026-09-18,2619.0,2112.0,97592770.0,45435.0,113203200.0,False,True,True,True,True,False
5592.T,5592,くすりの窓口,Growth,情報・通信業,,2026-09-18,723.0,2777.0,97362010.0,36240.0,41655000.0,False,True,True,True,True,False
5597.T,5597,ブルーイノベーション,Growth,情報・通信業,,2026-09-18,677.0,1406.0,96897700.0,68825.0,54552800.0,False,True,True,True,True,False
8066.T,8066,三谷商事,Standard,卸売業,,2026-09-24,2620.0,3575.0,96719950.0,27355.0,100100000.0,False,True,True,True,True,False
414A.T,414A,オーバーラップホールディングス,Growth,情報・通信業,,2026-09-18,235.0,876.0,96576180.0,112465.0,30484800.0,False,True,False,True,True,False
197A.T,197A,タウンズ,Standard,医薬品,,2026-09-18,550.0,523.0,96355255.0,189360.0,85196700.0,False,True,True,True,True,False
4956.T,4956,コニシ,Prime,化学,,2026-09-18,2619.0,1509.0,96327195.0,65260.0,167951700.0,False,True,True,True,True,False
7059.T,7059,コプロ・ホールディングス,Prime,サービス業,,2026-09-18,1831.0,971.0,95982805.0,103320.0,66804800.0,False,True,True,True,True,False
3371.T,3371,ソフトクリエイトホールディングス,Prime,情報・通信業,,2026-09-18,2619.0,2189.0,95940820.0,45070.0,234441900.0,False,True,True,True,True,False
8841.T,8841,テーオーシー,Standard,不動産業,,2026-09-18,2619.0,1025.0,95938370.0,94140.0,166357500.0,False,True,True,True,True,False
7694.T,7694,いつも,Growth,小売業,,2026-09-18,1405.0,550.0,95922270.0,149940.0,5445000.0,False,True,True,True,True,False
4594.T,4594,ブライトパス・バイオ,Growth,医薬品,,2026-09-18,2619.0,61.0,95061490.0,1666100.0,168866300.0,False,False,True,True,True,False
6166.T,6166,中村超硬,Growth,機械,,2026-09-18,2619.0,659.0,94962845.0,142205.0,45734600.0,False,True,True,True,True,False
2305.T,2305,スタジオアリス,Standard,サービス業,,2026-09-18,2619.0,1873.0,94931150.0,50165.0,43640900.0,False,True,True,True,True,False
6706.T,6706,電気興業,Prime,電気機器,,2026-09-18,2619.0,3330.0,94625475.0,28710.0,246087000.0,False,True,True,True,True,False
9658.T,9658,ビジネスブレイン太田昭和,Prime,情報・通信業,,2026-09-18,2619.0,1109.0,93940375.0,86265.0,88165500.0,False,True,True,True,True,False
2983.T,2983,アールプランナー,Growth,不動産業,,2026-09-18,1372.0,1711.0,93908970.0,55170.0,43972700.0,False,True,True,True,True,False
9790.T,9790,福井コンピュータホールディングス,Prime,情報・通信業,,2026-09-18,2619.0,3035.0,93642345.0,30910.0,84069500.0,False,True,True,True,True,False
4577.T,4577,ダイト,Prime,医薬品,,2026-09-18,2619.0,1333.0,92994935.0,70905.0,140764800.0,False,True,True,True,True,False
6197.T,6197,ソラスト,Prime,サービス業,,2026-08-05,2489.0,1118.0,92855095.0,83520.0,315276000.0,False,True,True,True,False,False
7931.T,7931,未来工業,Prime,化学,,2026-09-18,1891.0,3675.0,92645475.0,25275.0,179340000.0,False,True,True,True,True,False
4718.T,4718,早稲田アカデミー,Prime,サービス業,,2026-09-18,2619.0,2533.0,92479765.0,36340.0,54712800.0,False,True,True,True,True,False
3836.T,3836,アバントグループ,Prime,情報・通信業,,2026-09-18,2619.0,1223.0,92034195.0,76610.0,76070600.0,False,True,True,True,True,False
7679.T,7679,薬王堂ホールディングス,Prime,小売業,,2026-09-18,1721.0,1659.0,91816230.0,55500.0,69843900.0,False,True,True,True,True,False
2489.T,2489,アドウェイズ,Prime,サービス業,,2026-09-18,2619.0,411.0,91765460.0,222095.0,51333900.0,False,True,True,True,True,False
6306.T,6306,日工,Prime,機械,,2026-09-18,2619.0,1005.0,91731750.0,90760.0,66531000.0,False,True,True,True,True,False
4596.T,4596,窪田製薬ホールディングス,Growth,医薬品,,2026-09-18,2413.0,66.0,91668775.0,1373170.0,43230000.0,False,False,True,True,True,False
4263.T,4263,サスメド,Growth,情報・通信業,,2026-09-18,1158.0,433.0,91661535.0,209335.0,77940000.0,False,True,True,True,True,False
6245.T,6245,ヒラノテクシード,Standard,機械,,2026-09-18,2619.0,1823.0,91601300.0,49885.0,66174900.0,False,True,True,True,True,False
3922.T,3922,ＰＲ　ＴＩＭＥＳ,Prime,情報・通信業,,2026-09-18,2580.0,2211.0,91433080.0,41940.0,63234600.0,False,True,True,True,True,False
7273.T,7273,イクヨ,Standard,輸送用機器,,2026-09-18,2619.0,623.0,91003475.0,146290.0,19437600.0,False,True,True,True,True,False
6466.T,6466,ＴＶＥ,Standard,機械,,2026-09-18,2619.0,3955.0,90775425.0,22480.0,48251000.0,False,True,True,True,True,False
4687.T,4687,ＴＤＣソフト,Prime,情報・通信業,,2026-09-18,2619.0,1045.0,90673135.0,86945.0,88511500.0,False,True,True,True,True,False
6272.T,6272,レオン自動機,Prime,機械,,2026-09-18,2619.0,1531.0,90670935.0,58820.0,80530600.0,False,True,True,True,True,False
7222.T,7222,日産車体,Standard,輸送用機器,,2026-09-18,2619.0,928.0,90643175.0,97845.0,151820800.0,False,True,True,True,True,False
3189.T,3189,ＡＮＡＰホールディングス,Standard,小売業,,2026-09-24,2620.0,111.0,90626890.0,750790.0,60261900.0,False,False,True,True,True,False
3657.T,3657,ポールトゥウィンホールディングス,Prime,情報・通信業,,2026-09-18,2619.0,388.0,90536930.0,242105.0,156053600.0,False,True,True,True,True,False
4072.T,4072,電算システムホールディングス,Prime,情報・通信業,,2026-09-18,1277.0,3240.0,90414925.0,29190.0,135756000.0,False,True,True,True,True,False
4323.T,4323,日本システム技術,Prime,情報・通信業,,2026-09-18,2619.0,1913.0,90339005.0,47395.0,88189300.0,False,True,True,True,True,False
7256.T,7256,河西工業,Standard,輸送用機器,,2026-09-18,2619.0,469.0,90186935.0,203505.0,160960800.0,False,True,True,True,True,False
7989.T,7989,立川ブラインド工業,Prime,金属製品,,2026-09-18,2619.0,2698.0,90039610.0,33545.0,76353400.0,False,True,True,True,True,False
3877.T,3877,中越パルプ工業,Prime,パルプ・紙,,2026-09-18,2619.0,2255.0,89604540.0,40270.0,109367500.0,False,True,True,True,True,False
2410.T,2410,キャリアデザインセンター,Prime,サービス業,,2026-09-18,2619.0,2885.0,89361705.0,31120.0,148577500.0,False,True,True,True,True,False
2982.T,2982,ＡＤワークスグループ,Prime,不動産業,,2026-09-18,1582.0,431.0,89315400.0,208135.0,73140700.0,False,True,True,True,True,False
5290.T,5290,ベルテクスコーポレーション,Standard,ガラス・土石製品,,2026-09-18,1947.0,1229.0,89169165.0,74680.0,97582600.0,False,True,True,True,True,False
4382.T,4382,ＨＥＲＯＺ,Standard,情報・通信業,,2026-09-18,2061.0,843.0,89078785.0,110070.0,62634900.0,False,True,True,True,True,False
4498.T,4498,サイバートラスト,Growth,情報・通信業,,2026-09-18,1327.0,1175.0,88454660.0,74085.0,37835000.0,False,True,True,True,True,False
7438.T,7438,コンドーテック,Prime,卸売業,,2026-09-18,2619.0,1800.0,88352930.0,51735.0,64800000.0,False,True,True,True,True,False
436A.T,436A,サイバーソリューションズ,Growth,情報・通信業,,2026-09-18,222.0,1314.0,87999005.0,72550.0,48486600.0,False,True,False,True,True,False
4318.T,4318,クイック,Prime,サービス業,,2026-09-18,2619.0,866.0,87886415.0,103920.0,75168800.0,False,True,True,True,True,False
3221.T,3221,ヨシックスホールディングス,Prime,小売業,,2026-09-18,2619.0,3210.0,87494850.0,26885.0,105609000.0,False,True,True,True,True,False
9619.T,9619,イチネンホールディングス,Prime,サービス業,,2026-09-18,2619.0,2742.0,87365710.0,32295.0,122841600.0,False,True,True,True,True,False
9928.T,9928,ミロク情報サービス,Prime,情報・通信業,,2026-09-18,2619.0,2036.0,87194640.0,43025.0,113812400.0,False,True,True,True,True,False
3479.T,3479,ティーケーピー,Growth,不動産業,,2026-09-18,2338.0,1905.0,86903520.0,46110.0,64389000.0,False,True,True,True,True,False
2752.T,2752,フジオフードグループ本社,Prime,小売業,,2026-09-18,2619.0,1166.0,86888890.0,75615.0,114501200.0,False,True,True,True,True,False
7161.T,7161,じもとホールディングス,Standard,銀行業,,2026-09-18,2619.0,640.0,86599440.0,142830.0,105792000.0,False,True,True,True,True,False
438A.T,438A,インフキュリオン,Growth,情報・通信業,,2026-09-18,221.0,1043.0,86037380.0,85075.0,54966100.0,False,True,False,True,True,False
5185.T,5185,フコク,Prime,ゴム製品,,2026-09-18,2619.0,2002.0,85507840.0,42490.0,65865800.0,False,True,True,True,True,False
7774.T,7774,ジャパン・ティッシュエンジニアリング,Growth,精密機器,,2026-09-18,2619.0,848.0,85427115.0,99940.0,75302400.0,False,True,True,True,True,False
9837.T,9837,モリト,Prime,卸売業,,2026-09-18,2619.0,1793.0,85013595.0,47130.0,91084400.0,False,True,True,True,True,False
3180.T,3180,ビューティガレージ,Prime,卸売業,,2026-09-18,2619.0,1627.0,84930760.0,53175.0,51901300.0,False,True,True,True,True,False
3624.T,3624,アクセルマーク,Growth,情報・通信業,,2026-09-18,2619.0,85.0,84671200.0,948540.0,135090500.0,False,False,True,True,True,False
9729.T,9729,トーカイ,Prime,サービス業,,2026-09-18,2619.0,2532.0,84645410.0,33405.0,117231600.0,False,True,True,True,True,False
7888.T,7888,三光合成,Prime,化学,,2026-09-18,2619.0,900.0,84563930.0,94565.0,71190000.0,False,True,True,True,True,False
6045.T,6045,レントラックス,Growth,サービス業,,2026-09-18,2619.0,2070.0,84561995.0,36945.0,31464000.0,False,True,True,True,True,False
3694.T,3694,オプティム,Prime,情報・通信業,,2026-09-18,2619.0,471.0,84428605.0,187470.0,314863500.0,False,True,True,True,True,False
3001.T,3001,片倉工業,Standard,繊維製品,,2026-09-18,2619.0,3125.0,84389200.0,28195.0,199062500.0,False,True,True,True,True,False
4100.T,4100,戸田工業,Standard,化学,,2026-09-18,2619.0,1745.0,84105995.0,52025.0,122499000.0,False,True,True,True,True,False
6775.T,6775,ＴＢグループ,Standard,電気機器,,2026-09-18,2619.0,129.0,83880970.0,653865.0,9133200.0,False,False,True,True,True,False
7244.T,7244,市光工業,Prime,電気機器,,2026-09-18,2619.0,565.0,83703960.0,146850.0,63845000.0,False,True,True,True,True,False
7844.T,7844,マーベラス,Prime,情報・通信業,,2026-09-18,2619.0,538.0,83519730.0,160355.0,48473800.0,False,True,True,True,True,False
8007.T,8007,高島,Prime,卸売業,,2026-09-18,2619.0,806.0,83276385.0,103240.0,75602800.0,False,True,True,True,True,False
9739.T,9739,ＮＳＷ,Prime,情報・通信業,,2026-09-18,2619.0,2663.0,83228450.0,30475.0,75629200.0,False,True,True,True,True,False
3139.T,3139,ラクト・ジャパン,Prime,卸売業,,2026-09-18,2619.0,3455.0,83156350.0,24240.0,81538000.0,False,True,True,True,True,False
4381.T,4381,ビープラッツ,Growth,情報・通信業,,2026-09-18,2074.0,210.0,83126790.0,310645.0,30681000.0,False,True,True,True,True,False
1847.T,1847,イチケン,Standard,建設業,,2026-09-18,2619.0,3430.0,83071625.0,24360.0,103586000.0,False,True,True,True,True,False
6046.T,6046,リンクバル,Growth,サービス業,,2026-09-18,2619.0,153.0,82776440.0,495065.0,6655500.0,False,False,True,True,True,False
5210.T,5210,日本山村硝子,Standard,ガラス・土石製品,,2026-09-18,2619.0,2883.0,82461305.0,28275.0,89084700.0,False,True,True,True,True,False
4249.T,4249,森六,Prime,化学,,2026-09-18,2150.0,2879.0,82276390.0,28215.0,103931900.0,False,True,True,True,True,False
6505.T,6505,東洋電機製造,Standard,電気機器,,2026-09-18,2619.0,2437.0,81773175.0,33760.0,77984000.0,False,True,True,True,True,False
6070.T,6070,キャリアリンク,Prime,サービス業,,2026-09-18,2619.0,2530.0,81668630.0,31790.0,109296000.0,False,True,True,True,True,False
7608.T,7608,エスケイジャパン,Standard,卸売業,,2026-09-18,2619.0,932.0,81663995.0,93705.0,169437600.0,False,True,True,True,True,False
7198.T,7198,ＳＢＩアルヒ,Prime,その他金融業,,2026-09-18,2154.0,840.0,81626405.0,97435.0,97692000.0,False,True,True,True,True,False
4479.T,4479,マクアケ,Growth,情報・通信業,,2026-09-18,1654.0,965.0,80928050.0,84550.0,24993500.0,False,True,True,True,True,False
4462.T,4462,石原ケミカル,Prime,化学,,2026-09-18,2619.0,2802.0,80914920.0,28060.0,143182200.0,False,True,True,True,True,False
4229.T,4229,群栄化学工業,Prime,化学,,2026-09-18,2619.0,4165.0,80485675.0,18930.0,66640000.0,False,True,True,True,True,False
1434.T,1434,ＪＥＳＣＯホールディングス,Standard,建設業,,2026-09-18,2619.0,1624.0,80236830.0,49150.0,19325600.0,False,True,True,True,True,False
1447.T,1447,ＳＡＡＦホールディングス,Growth,建設業,,2026-09-18,1947.0,319.0,80015985.0,212815.0,56877700.0,False,True,True,True,True,False
1930.T,1930,北陸電気工事,Prime,建設業,,2026-09-18,2619.0,1608.0,79958965.0,50995.0,80078400.0,False,True,True,True,True,False
1844.T,1844,大盛工業,Standard,建設業,,2026-09-18,2619.0,441.0,79908965.0,168640.0,26812800.0,False,True,True,True,True,False
4058.T,4058,トヨクモ,Growth,情報・通信業,,2026-09-18,1464.0,2357.0,79571135.0,32910.0,41247500.0,False,True,True,True,True,False
7921.T,7921,ＴＡＫＡＲＡ　＆　ＣＯＭＰＡＮＹ,Prime,その他製品,,2026-09-18,2619.0,4165.0,79538075.0,18940.0,70388500.0,False,True,True,True,True,False
1964.T,1964,中外炉工業,Prime,建設業,,2026-09-18,2619.0,3930.0,79437400.0,20095.0,133620000.0,False,True,True,True,True,False
4725.T,4725,ＣＡＣ　Ｈｏｌｄｉｎｇｓ,Prime,情報・通信業,,2026-09-18,2619.0,1914.0,79395940.0,40880.0,110820600.0,False,True,True,True,True,False
9332.T,9332,ＮＩＳＳＯホールディングス,Prime,サービス業,,2026-09-18,2088.0,678.0,79297730.0,117295.0,431004600.0,False,True,True,True,True,False
7095.T,7095,Ｍａｃｂｅｅ　Ｐｌａｎｅｔ,Prime,サービス業,,2026-09-18,1583.0,1156.0,79210455.0,64930.0,59534000.0,False,True,True,True,True,False
3937.T,3937,Ｕｂｉｃｏｍホールディングス,Prime,情報・通信業,,2026-09-18,2525.0,1172.0,79154970.0,66000.0,19455200.0,False,True,True,True,True,False
4619.T,4619,日本特殊塗料,Standard,化学,,2026-09-18,2619.0,2696.0,78954835.0,29520.0,129677600.0,False,True,True,True,True,False
3662.T,3662,エイチームホールディングス,Prime,情報・通信業,,2026-09-18,2619.0,937.0,78910495.0,82650.0,63622300.0,False,True,True,True,True,False
4641.T,4641,アルプス技研,Prime,サービス業,,2026-09-18,2619.0,879.0,78753075.0,90785.0,104337300.0,False,True,True,True,True,False
8101.T,8101,ＧＳＩクレオス,Prime,卸売業,,2026-09-18,2619.0,2618.0,78531690.0,29395.0,58381400.0,False,True,True,True,True,False
7388.T,7388,ＦＰパートナー,Prime,保険業,,2026-09-18,977.0,2360.0,78319060.0,33805.0,92276000.0,False,True,True,True,True,False
9268.T,9268,オプティマスグループ,Standard,卸売業,,2026-09-18,2146.0,404.0,77928275.0,189935.0,33895600.0,False,True,True,True,True,False
5132.T,5132,ｐｌｕｓｚｅｒｏ,Growth,情報・通信業,,2026-09-18,952.0,1889.0,77915395.0,39645.0,40424600.0,False,True,True,True,True,False
5992.T,5992,中央発條,Standard,金属製品,,2026-09-18,2619.0,3735.0,77506850.0,20965.0,74326500.0,False,True,True,True,True,False
8917.T,8917,ファースト住建,Standard,不動産業,,2026-09-18,2619.0,1087.0,77428320.0,70120.0,15218000.0,False,True,True,True,True,False
8254.T,8254,さいか屋,Standard,小売業,,2026-09-18,2619.0,297.0,76807650.0,261780.0,15800400.0,False,True,True,True,True,False
6932.T,6932,遠藤照明,Standard,電気機器,,2026-09-18,2619.0,2595.0,76570190.0,30145.0,62799000.0,False,True,True,True,True,False
9251.T,9251,ＡＢ＆Ｃｏｍｐａｎｙ,Growth,サービス業,,2026-09-18,1182.0,1630.0,76340110.0,48610.0,100245000.0,False,True,True,True,True,False
6863.T,6863,ニレコ,Standard,電気機器,,2026-09-18,2619.0,1096.0,76164270.0,74075.0,519504000.0,False,True,True,True,True,False
3457.T,3457,Ａｎｄ　Ｄｏホールディングス,Prime,不動産業,,2026-09-18,2619.0,923.0,76163655.0,82200.0,37196900.0,False,True,True,True,True,False
3997.T,3997,トレードワークス,Standard,情報・通信業,,2026-09-18,2164.0,438.0,75843290.0,183305.0,586438200.0,False,True,True,True,True,False
9888.T,9888,ＵＥＸ,Standard,卸売業,,2026-09-18,2619.0,1269.0,75829725.0,60310.0,63196200.0,False,True,True,True,True,False
8158.T,8158,ソーダニッカ,Prime,卸売業,,2026-09-18,2619.0,1330.0,75647115.0,56375.0,60382000.0,False,True,True,True,True,False
3788.T,3788,ＧＭＯグローバルサイン・ホールディングス,Prime,情報・通信業,,2026-09-18,2619.0,2017.0,75269615.0,37535.0,432444800.0,False,True,True,True,True,False
5542.T,5542,新報国マテリアル,Standard,鉄鋼,,2026-09-18,2619.0,1236.0,75026945.0,65335.0,618370800.0,False,True,True,True,True,False
5532.T,5532,リアルゲイト,Growth,不動産業,,2026-09-18,794.0,3490.0,74878925.0,21880.0,28269000.0,False,True,True,True,True,False
6625.T,6625,ＪＡＬＣＯホールディングス,Standard,不動産業,,2026-09-18,2619.0,368.0,74878895.0,198010.0,64032000.0,False,True,True,True,True,False
4591.T,4591,リボミック,Growth,医薬品,,2026-09-18,2619.0,80.0,74586145.0,864435.0,47608000.0,False,False,True,True,True,False
2698.T,2698,キャンドゥ,Standard,小売業,,2026-09-18,2619.0,3250.0,74455800.0,21830.0,54600000.0,False,True,True,True,True,False
2652.T,2652,まんだらけ,Standard,小売業,,2026-09-18,2619.0,435.0,74374565.0,168700.0,59812500.0,False,True,True,True,True,False
7373.T,7373,アイドマ・ホールディングス,Growth,サービス業,,2026-09-18,1283.0,912.0,74373575.0,78610.0,34747200.0,False,True,True,True,True,False
3916.T,3916,デジタル・インフォメーション・テクノロジー,Prime,情報・通信業,,2026-09-18,2619.0,943.0,73691220.0,77490.0,89773600.0,False,True,True,True,True,False
7769.T,7769,リズム,Prime,精密機器,,2026-09-18,2619.0,3835.0,73429550.0,18865.0,72865000.0,False,True,True,True,True,False
3665.T,3665,エニグモ,Prime,情報・通信業,,2026-09-18,2619.0,415.0,73090005.0,173795.0,29963000.0,False,True,True,True,True,False
4935.T,4935,リベルタ,Standard,化学,,2026-09-18,1408.0,135.0,73039970.0,416260.0,72292500.0,False,False,True,True,True,False
3452.T,3452,ビーロット,Standard,不動産業,,2026-09-18,2619.0,1471.0,72772010.0,49745.0,46189400.0,False,True,True,True,True,False
3321.T,3321,ミタチ産業,Standard,卸売業,,2026-09-18,2619.0,1824.0,72218545.0,41275.0,184406400.0,False,True,True,True,True,False
4978.T,4978,リプロセル,Growth,化学,,2026-09-18,2619.0,138.0,71987210.0,503165.0,40848000.0,False,False,True,True,True,False
2667.T,2667,イメージ　ワン,Standard,卸売業,,2026-09-18,2619.0,108.0,71723600.0,622000.0,36406800.0,False,False,True,True,True,False
7874.T,7874,レック,Prime,化学,,2026-09-18,2619.0,980.0,71675050.0,74645.0,66248000.0,False,True,True,True,True,False
2471.T,2471,エスプール,Prime,サービス業,,2026-09-18,2619.0,287.0,71330125.0,254485.0,73759000.0,False,True,True,True,True,False
8881.T,8881,日神グループホールディングス,Prime,不動産業,,2026-09-18,2619.0,662.0,71193310.0,106750.0,58785600.0,False,True,True,True,True,False
6390.T,6390,加藤製作所,Prime,機械,,2026-09-18,2619.0,1330.0,70643870.0,52655.0,61579000.0,False,True,True,True,True,False
4579.T,4579,ラクオリア創薬,Growth,医薬品,,2026-09-18,2619.0,594.0,69988930.0,124335.0,60528600.0,False,True,True,True,True,False
2653.T,2653,イオン九州,Standard,小売業,,2026-09-18,2619.0,2817.0,69857555.0,24880.0,31832100.0,False,True,True,True,True,False
4979.T,4979,ＯＡＴアグリオ,Standard,化学,,2026-09-18,2619.0,2931.0,69846305.0,24260.0,52171800.0,False,True,True,True,True,False
6675.T,6675,サクサ,Standard,電気機器,,2026-09-18,2619.0,2224.0,69797775.0,32180.0,51374400.0,False,True,True,True,True,False
7508.T,7508,Ｇ‐７ホールディングス,Prime,小売業,,2026-09-18,2619.0,1450.0,69618290.0,48445.0,103095000.0,False,True,True,True,True,False
4651.T,4651,サニックスホールディングス,Standard,サービス業,,2026-09-18,2619.0,251.0,69571185.0,261815.0,30596900.0,False,True,True,True,True,False
2792.T,2792,ハニーズホールディングス,Prime,小売業,,2026-09-18,2619.0,1445.0,69542300.0,48010.0,70371500.0,False,True,True,True,True,False
3733.T,3733,ソフトウェア・サービス,Standard,情報・通信業,,2026-09-18,2619.0,11880.0,69455400.0,5660.0,60588000.0,False,True,True,True,True,False
7823.T,7823,アートネイチャー,Standard,その他製品,,2026-09-18,2619.0,825.0,69440425.0,81340.0,71115000.0,False,True,True,True,True,False
5721.T,5721,エス・サイエンス,Standard,非鉄金属,,2026-09-18,2619.0,54.0,69406445.0,1221470.0,234543600.0,False,False,True,True,True,False
2933.T,2933,紀文食品,Prime,食料品,,2026-09-18,1330.0,1127.0,69154370.0,61170.0,71001000.0,False,True,True,True,True,False
9823.T,9823,マミーマートホールディングス,Standard,小売業,,2026-09-18,2619.0,1008.0,69070680.0,67945.0,52315200.0,False,True,True,True,True,False
3063.T,3063,ジェイグループホールディングス,Growth,小売業,,2026-09-18,2619.0,1180.0,68850705.0,60020.0,16284000.0,False,True,True,True,True,False
7187.T,7187,ジェイリース,Prime,その他金融業,,2026-09-18,2525.0,1352.0,68812605.0,50915.0,76658400.0,False,True,True,True,True,False
6832.T,6832,アオイ電子,Standard,電気機器,,2026-09-18,2619.0,2434.0,68639900.0,29495.0,43081800.0,False,True,True,True,True,False
3843.T,3843,フリービット,Prime,情報・通信業,,2026-09-18,2619.0,1715.0,68539240.0,39515.0,53851000.0,False,True,True,True,True,False
2216.T,2216,カンロ,Standard,食料品,,2026-09-18,2619.0,1099.0,68481835.0,62845.0,44839200.0,False,True,True,True,True,False
3793.T,3793,ドリコム,Growth,情報・通信業,,2026-09-18,2619.0,568.0,68359680.0,132425.0,79292800.0,False,True,True,True,True,False
8864.T,8864,空港施設,Prime,不動産業,,2026-09-18,2619.0,973.0,68325850.0,70595.0,68693800.0,False,True,True,True,True,False
2908.T,2908,フジッコ,Prime,食料品,,2026-09-18,2619.0,1638.0,68249840.0,41955.0,76167000.0,False,True,True,True,True,False
7375.T,7375,リファインバースグループ,Growth,サービス業,,2026-09-18,1277.0,1325.0,68042650.0,56005.0,95532500.0,False,True,True,True,True,False
9742.T,9742,アイネス,Prime,情報・通信業,,2026-09-18,2619.0,2151.0,68020080.0,30310.0,47752200.0,False,True,True,True,True,False
7610.T,7610,テイツー,Standard,小売業,,2026-09-18,2619.0,136.0,67925570.0,488210.0,39725600.0,False,False,True,True,True,False
378A.T,378A,ヒット,Growth,サービス業,,2026-09-18,296.0,916.0,67923070.0,71050.0,30777600.0,False,True,True,True,True,False
5959.T,5959,岡部,Prime,金属製品,,2026-09-18,2619.0,950.0,67731840.0,71475.0,52535000.0,False,True,True,True,True,False
3205.T,3205,ダイドーリミテッド,Standard,繊維製品,,2026-09-18,2619.0,736.0,67710535.0,91600.0,36579200.0,False,True,True,True,True,False
2882.T,2882,イートアンドホールディングス,Prime,食料品,,2026-09-18,2619.0,2011.0,67624910.0,33250.0,28757300.0,False,True,True,True,True,False
7811.T,7811,中本パックス,Standard,その他製品,,2026-09-18,2599.0,2282.0,67617905.0,31810.0,71654800.0,False,True,True,True,True,False
7294.T,7294,ヨロズ,Prime,輸送用機器,,2026-09-18,2619.0,874.0,67403290.0,75370.0,598427800.0,False,True,True,True,True,False
332A.T,332A,ミーク,Growth,情報・通信業,,2026-09-18,368.0,1234.0,67391620.0,59270.0,207682200.0,False,True,True,True,True,False
2910.T,2910,ロック・フィールド,Prime,食料品,,2026-09-18,2619.0,1421.0,67376510.0,47580.0,74886700.0,False,True,True,True,True,False
9405.T,9405,朝日放送グループホールディングス,Prime,情報・通信業,,2026-09-18,2619.0,884.0,66987620.0,77235.0,107759600.0,False,True,True,True,True,False
8844.T,8844,コスモスイニシア,Standard,不動産業,,2026-09-18,2619.0,1243.0,66686675.0,53630.0,55810700.0,False,True,True,True,True,False
4196.T,4196,ネオマーケティング,Standard,情報・通信業,,2026-09-18,1323.0,1336.0,66609250.0,39360.0,400532800.0,False,True,True,True,True,False
5449.T,5449,大阪製鐵,Standard,鉄鋼,,2026-09-18,2619.0,2561.0,66251320.0,24660.0,67354300.0,False,True,True,True,True,False
3611.T,3611,マツオカコーポレーション,Standard,繊維製品,,2026-09-18,2155.0,2384.0,66133755.0,27120.0,43627200.0,False,True,True,True,True,False
3031.T,3031,ラクーンホールディングス,Prime,情報・通信業,,2026-09-18,2619.0,687.0,66117375.0,98275.0,39639900.0,False,True,True,True,True,False
4839.T,4839,ＷＯＷＯＷ,Prime,情報・通信業,,2026-09-18,2619.0,1001.0,65899185.0,65335.0,76976900.0,False,True,True,True,True,False
3185.T,3185,夢展望,Growth,小売業,,2026-09-18,2619.0,118.0,65687020.0,544680.0,94388200.0,False,False,True,True,True,False
5659.T,5659,日本精線,Prime,鉄鋼,,2026-09-18,2619.0,1413.0,65686035.0,46695.0,71921700.0,False,True,True,True,True,False
7723.T,7723,愛知時計電機,Prime,精密機器,,2026-09-18,2619.0,2885.0,65532210.0,22705.0,53661000.0,False,True,True,True,True,False
8132.T,8132,シナネンホールディングス,Prime,卸売業,,2026-09-18,2619.0,7570.0,65399100.0,8520.0,69644000.0,False,True,True,True,True,False
3791.T,3791,ＩＧポート,Standard,情報・通信業,,2026-09-18,2619.0,1050.0,65290415.0,61530.0,81060000.0,False,True,True,True,True,False
8914.T,8914,エリアリンク,Standard,不動産業,,2026-09-18,2619.0,879.0,65281245.0,71130.0,42895200.0,False,True,True,True,True,False
6482.T,6482,ＹＵＳＨＩＮ,Standard,機械,,2026-09-18,2619.0,705.0,65188390.0,91385.0,467767500.0,False,True,True,True,True,False
2533.T,2533,オエノンホールディングス,Prime,食料品,,2026-09-18,2619.0,484.0,65118750.0,138470.0,50045600.0,False,True,True,True,True,False
8793.T,8793,ＮＥＣキャピタルソリューション,Prime,その他金融業,,2026-09-18,2619.0,4235.0,64914875.0,15395.0,89358500.0,False,True,True,True,True,False
7596.T,7596,魚力,Prime,小売業,,2026-09-18,2619.0,2357.0,64889025.0,27615.0,56096600.0,False,True,True,True,True,False
7615.T,7615,京都きもの友禅ホールディングス,Standard,小売業,,2026-09-18,2619.0,99.0,64554945.0,639430.0,12978900.0,False,False,True,True,True,False
7482.T,7482,シモジマ,Prime,卸売業,,2026-09-18,2619.0,1526.0,64441055.0,42425.0,48221600.0,False,True,True,True,True,False
1435.T,1435,ｒｏｂｏｔ　ｈｏｍｅ,Standard,不動産業,,2026-09-18,2619.0,182.0,64407350.0,363220.0,53580800.0,False,False,True,True,True,False
8093.T,8093,極東貿易,Prime,卸売業,,2026-09-18,2619.0,1813.0,64187580.0,35575.0,64361500.0,False,True,True,True,True,False
7932.T,7932,ニッピ,Standard,その他製品,,2026-09-18,2619.0,11540.0,64171850.0,5480.0,34620000.0,False,True,True,True,True,False
5590.T,5590,ネットスターズ,Growth,情報・通信業,,2026-09-18,729.0,729.0,63876685.0,89485.0,54456300.0,False,True,True,True,True,False
7414.T,7414,小野建,Prime,卸売業,,2026-09-18,2619.0,1435.0,63837610.0,44420.0,69597500.0,False,True,True,True,True,False
9381.T,9381,エーアイテイー,Prime,倉庫・運輸関連業,,2026-09-18,2619.0,2363.0,63833465.0,27200.0,48677800.0,False,True,True,True,True,False
4410.T,4410,ハリマ化成グループ,Prime,化学,,2026-09-18,2619.0,1125.0,63573635.0,56720.0,62212500.0,False,True,True,True,True,False
2117.T,2117,ウェルネオシュガー,Prime,食料品,,2026-09-18,2619.0,2855.0,63535570.0,22385.0,73373500.0,False,True,True,True,True,False
4662.T,4662,フォーカスシステムズ,Prime,情報・通信業,,2026-09-18,2619.0,1632.0,63457135.0,38310.0,38025600.0,False,True,True,True,True,False
4337.T,4337,ぴあ,Prime,サービス業,,2026-09-18,2619.0,2638.0,63390710.0,23430.0,40625200.0,False,True,True,True,True,False
4635.T,4635,東京インキ,Standard,化学,,2026-09-18,2619.0,2045.0,63276960.0,29950.0,66462500.0,False,True,True,True,True,False
6380.T,6380,オリエンタルチエン工業,Standard,機械,,2026-09-18,2619.0,3685.0,62818300.0,15895.0,13634500.0,False,True,True,True,True,False
2211.T,2211,不二家,Prime,食料品,,2026-09-18,2619.0,2530.0,62805595.0,25080.0,104742000.0,False,True,True,True,True,False
9554.T,9554,ＡＶｉＣ,Growth,サービス業,,2026-09-18,1034.0,1769.0,62796675.0,36045.0,53423800.0,False,True,True,True,True,False
7554.T,7554,幸楽苑,Prime,小売業,,2026-09-18,2619.0,1182.0,62386505.0,52505.0,34869000.0,False,True,True,True,True,False
8563.T,8563,大東銀行,Standard,銀行業,,2026-09-18,2619.0,1200.0,62296070.0,53505.0,77280000.0,False,True,True,True,True,False
4406.T,4406,新日本理化,Standard,化学,,2026-09-18,2619.0,233.0,62221445.0,255440.0,49675600.0,False,True,True,True,True,False
250A.T,250A,シマダヤ,Standard,食料品,,2026-09-18,481.0,1597.0,62008080.0,38790.0,352298200.0,False,True,True,True,True,False
9632.T,9632,スバル興業,Standard,サービス業,,2026-09-18,2619.0,3525.0,61574150.0,17080.0,27847500.0,False,True,True,True,True,False
4055.T,4055,ティアンドエスグループ,Growth,情報・通信業,,2026-09-18,1495.0,1675.0,61556075.0,36985.0,46062500.0,False,True,True,True,True,False
5955.T,5955,ワイズホールディングス,Standard,金属製品,,2026-09-18,2619.0,82.0,61422765.0,741595.0,38892600.0,False,False,True,True,True,False
6217.T,6217,津田駒工業,Standard,機械,,2026-09-18,2619.0,800.0,61086970.0,76775.0,114160000.0,False,True,True,True,True,False
5269.T,5269,日本コンクリート工業,Prime,ガラス・土石製品,,2026-09-18,2619.0,365.0,61068720.0,164140.0,31025000.0,False,True,True,True,True,False
9908.T,9908,日本電計,Standard,卸売業,,2026-09-18,2619.0,2950.0,60998955.0,21380.0,54575000.0,False,True,True,True,True,False
6157.T,6157,日進工具,Prime,機械,,2026-09-18,2619.0,817.0,60969600.0,73560.0,27778000.0,False,True,True,True,True,False
9991.T,9991,ジェコス,Prime,卸売業,,2026-09-18,2619.0,1827.0,60919370.0,34180.0,73445400.0,False,True,True,True,True,False
9740.T,9740,セントラル警備保障,Prime,サービス業,,2026-09-18,2619.0,2701.0,60861900.0,22220.0,72386800.0,False,True,True,True,True,False
4424.T,4424,Ａｍａｚｉａ,Growth,情報・通信業,,2026-09-18,1889.0,320.0,60657495.0,176005.0,32480000.0,False,True,True,True,True,False
7527.T,7527,システムソフト,Standard,情報・通信業,,2026-09-18,2619.0,50.0,60656185.0,1161395.0,43065000.0,False,False,True,True,True,False
2915.T,2915,ケンコーマヨネーズ,Prime,食料品,,2026-09-18,2619.0,2069.0,60508395.0,29485.0,44276600.0,False,True,True,True,True,False
4394.T,4394,エクスモーション,Growth,情報・通信業,,2026-09-18,1994.0,685.0,60475160.0,89910.0,19933500.0,False,True,True,True,True,False
1429.T,1429,日本アクア,Prime,建設業,,2026-09-18,2619.0,797.0,60464850.0,75680.0,38176300.0,False,True,True,True,True,False
6835.T,6835,アライドテレシスホールディングス,Standard,電気機器,,2026-09-18,2619.0,273.0,59941770.0,228740.0,72072000.0,False,True,True,True,True,False
9221.T,9221,フルハシＥＰＯ,Standard,サービス業,,2026-09-18,1080.0,1182.0,59833650.0,50880.0,54135600.0,False,True,True,True,True,False
4097.T,4097,高圧ガス工業,Prime,化学,,2026-09-18,2619.0,1233.0,59730125.0,49495.0,96913800.0,False,True,True,True,True,False
4563.T,4563,アンジェス,Growth,医薬品,,2026-09-18,2619.0,36.0,59643170.0,1578275.0,30862800.0,False,False,True,True,True,False
6572.T,6572,オープングループ,Prime,サービス業,,2026-09-18,2080.0,272.0,59583320.0,215590.0,45968000.0,False,True,True,True,True,False
6718.T,6718,アイホン,Prime,電気機器,,2026-09-18,2619.0,2852.0,59027765.0,20705.0,59321600.0,False,True,True,True,True,False
196A.T,196A,ＭＦＳ,Growth,その他金融業,,2026-09-18,549.0,310.0,58935000.0,172370.0,9548000.0,False,True,True,True,True,False
4326.T,4326,インテージホールディングス,Prime,情報・通信業,,2026-09-18,2619.0,2004.0,58791975.0,29310.0,48897600.0,False,True,True,True,True,False
3388.T,3388,明治電機工業,Prime,卸売業,,2026-09-18,2619.0,2127.0,58726085.0,27835.0,53813100.0,False,True,True,True,True,False
5902.T,5902,ホッカンホールディングス,Prime,金属製品,,2026-09-18,2619.0,2737.0,58632865.0,21310.0,62951000.0,False,True,True,True,True,False
7689.T,7689,コパ・コーポレーション,Growth,卸売業,,2026-09-18,1525.0,513.0,58502135.0,135380.0,197402400.0,False,True,True,True,True,False
5852.T,5852,アーレスティ,Prime,非鉄金属,,2026-09-18,2619.0,671.0,58500920.0,85845.0,42138800.0,False,True,True,True,True,False
2938.T,2938,オカムラ食品工業,Standard,食料品,,2026-09-18,728.0,1302.0,58438460.0,45780.0,48174000.0,False,True,True,True,True,False
5357.T,5357,ヨータイ,Prime,ガラス・土石製品,,2026-09-18,2619.0,1745.0,58368475.0,33140.0,45544500.0,False,True,True,True,True,False
7376.T,7376,ＢＣＣ,Growth,サービス業,,2026-09-18,1273.0,790.0,58323960.0,71395.0,16985000.0,False,True,True,True,True,False
9612.T,9612,ラックランド,Prime,サービス業,,2026-09-18,2619.0,1243.0,57838880.0,47425.0,95959600.0,False,True,True,True,True,False
9726.T,9726,ＫＮＴ－ＣＴホールディングス,Standard,サービス業,,2026-09-18,2619.0,2016.0,57323015.0,29500.0,111686400.0,False,True,True,True,True,False
2461.T,2461,ファンコミュニケーションズ,Prime,サービス業,,2026-09-18,2619.0,376.0,57266055.0,148525.0,381865600.0,False,True,True,True,True,False
3649.T,3649,ファインデックス,Prime,情報・通信業,,2026-09-18,2619.0,886.0,57137325.0,65985.0,106408600.0,False,True,True,True,True,False
6223.T,6223,西部技研,Standard,機械,,2026-09-18,724.0,1950.0,56890055.0,29430.0,43485000.0,False,True,True,True,True,False
2130.T,2130,メンバーズ,Prime,サービス業,,2026-09-18,2565.0,925.0,56803590.0,61990.0,29322500.0,False,True,True,True,True,False
6099.T,6099,エラン,Prime,サービス業,,2026-09-18,2619.0,734.0,56761265.0,77190.0,45654800.0,False,True,True,True,True,False
8699.T,8699,ＨＳホールディングス,Standard,証券、商品先物取引業,,2026-09-18,2619.0,1134.0,56500195.0,49805.0,57040200.0,False,True,True,True,True,False
5957.T,5957,日東精工,Prime,金属製品,,2026-09-18,2619.0,774.0,56497005.0,73555.0,76084200.0,False,True,True,True,True,False
3633.T,3633,ＧＭＯペパボ,Standard,情報・通信業,,2026-09-18,2619.0,2600.0,56225010.0,21815.0,59800000.0,False,True,True,True,True,False
7713.T,7713,シグマ光機,Standard,精密機器,,2026-09-18,2619.0,2476.0,55988945.0,23625.0,59176400.0,False,True,True,True,True,False
6820.T,6820,アイコム,Prime,電気機器,,2026-09-18,2619.0,3735.0,55938150.0,15430.0,118773000.0,False,True,True,True,True,False
7520.T,7520,エコス,Prime,小売業,,2026-09-18,2619.0,2602.0,55894580.0,21615.0,36688200.0,False,True,True,True,True,False
2586.T,2586,フルッタフルッタ,Growth,食料品,,2026-09-18,2619.0,64.0,55878575.0,767175.0,61465600.0,False,False,True,True,True,False
5586.T,5586,Ｌａｂｏｒｏ．ＡＩ,Growth,情報・通信業,,2026-09-18,768.0,916.0,55853740.0,60800.0,23724400.0,False,True,True,True,True,False
3187.T,3187,ミラタップ,Growth,小売業,,2026-09-18,2619.0,417.0,55850320.0,139270.0,28189200.0,False,True,True,True,True,False
7305.T,7305,新家工業,Standard,鉄鋼,,2026-09-18,2619.0,2809.0,55841005.0,20195.0,79213800.0,False,True,True,True,True,False
4891.T,4891,ティムス,Growth,医薬品,,2026-09-18,937.0,132.0,55805525.0,477190.0,70606800.0,False,False,True,True,True,False
8217.T,8217,オークワ,Prime,小売業,,2026-09-18,2619.0,804.0,55787445.0,69620.0,62390400.0,False,True,True,True,True,False
2491.T,2491,バリューコマース,Prime,サービス業,,2026-09-18,2619.0,475.0,55661055.0,114310.0,48782500.0,False,True,True,True,True,False
6571.T,6571,キュービーネットホールディングス,Prime,サービス業,,2026-09-18,2083.0,1277.0,55551755.0,42805.0,39459300.0,False,True,True,True,True,False
7893.T,7893,プロネクサス,Prime,その他製品,,2026-09-18,2619.0,1114.0,55458865.0,49690.0,83772800.0,False,True,True,True,True,False
9028.T,9028,ゼロ,Standard,陸運業,,2026-09-18,2619.0,3310.0,55446175.0,16260.0,20853000.0,False,True,True,True,True,False
6167.T,6167,冨士ダイス,Prime,機械,,2026-09-18,2619.0,992.0,55444420.0,55030.0,32339200.0,False,True,True,True,True,False
9081.T,9081,神奈川中央交通,Prime,陸運業,,2026-09-18,2619.0,4065.0,55260550.0,13755.0,167071500.0,False,True,True,True,True,False
8226.T,8226,理経,Standard,卸売業,,2026-09-18,2619.0,398.0,55191825.0,141705.0,56476200.0,False,True,True,True,True,False
4586.T,4586,メドレックス,Growth,医薬品,,2026-09-18,2619.0,60.0,55033265.0,886575.0,33528000.0,False,False,True,True,True,False
1888.T,1888,若築建設,Prime,建設業,,2026-09-18,2619.0,3695.0,55012050.0,14820.0,53947000.0,False,True,True,True,True,False
5254.T,5254,Ａｒｅｎｔ,Growth,情報・通信業,,2026-09-18,853.0,4050.0,54948450.0,13495.0,10935000.0,False,True,True,True,True,False
265A.T,265A,Ｈｍｃｏｍｍ,Growth,情報・通信業,,2026-09-18,463.0,762.0,54694080.0,71175.0,30708600.0,False,True,True,True,True,False
6083.T,6083,ＥＲＩホールディングス,Standard,サービス業,,2026-09-18,2619.0,1662.0,54427700.0,33410.0,49361400.0,False,True,True,True,True,False
7971.T,7971,東リ,Standard,化学,,2026-09-18,2619.0,698.0,54212120.0,76740.0,33783200.0,False,True,True,True,True,False
2418.T,2418,ツカダ・グローバルホールディング,Standard,サービス業,,2026-09-18,2619.0,597.0,54112615.0,89235.0,46625700.0,False,True,True,True,True,False
4763.T,4763,クリーク・アンド・リバー社,Prime,サービス業,,2026-09-18,2619.0,1494.0,54089820.0,36035.0,31075200.0,False,True,True,True,True,False
4584.T,4584,キッズウェル・バイオ,Growth,医薬品,,2026-09-18,2619.0,163.0,54080270.0,319170.0,40016500.0,False,False,True,True,True,False
3936.T,3936,グローバルウェイ,Growth,情報・通信業,,2026-09-18,2566.0,133.0,54077435.0,380920.0,24857700.0,False,False,True,True,True,False
3925.T,3925,ダブルスタンダード,Prime,情報・通信業,,2026-09-18,2619.0,1312.0,54048030.0,40815.0,29388800.0,False,True,True,True,True,False
6850.T,6850,チノー,Prime,電気機器,,2026-09-18,2619.0,1783.0,53901595.0,31620.0,51885300.0,False,True,True,True,True,False
2656.T,2656,ベクターホールディングス,Standard,小売業,,2026-09-18,2619.0,154.0,53861410.0,314600.0,16031400.0,False,False,True,True,True,False
4350.T,4350,メディカルシステムネットワーク,Standard,小売業,,2026-09-18,2619.0,520.0,53816340.0,107300.0,31616000.0,False,True,True,True,True,False
4994.T,4994,大成ラミックグループ,Standard,化学,,2026-09-18,2619.0,2767.0,53496680.0,18845.0,29053500.0,False,True,True,True,True,False
6089.T,6089,ウィルグループ,Prime,サービス業,,2026-09-18,2619.0,1176.0,53430630.0,45565.0,38220000.0,False,True,True,True,True,False
4362.T,4362,日本精化,Prime,化学,,2026-09-18,2619.0,2686.0,53121550.0,19740.0,59897800.0,False,True,True,True,True,False
2338.T,2338,クオンタムソリューションズ,Standard,情報・通信業,,2026-09-18,2619.0,115.0,52860255.0,425655.0,11776000.0,False,False,True,True,True,False
6037.T,6037,楽待,Standard,サービス業,,2026-09-18,2619.0,1090.0,52606850.0,48995.0,54936000.0,False,True,True,True,True,False
4709.T,4709,ＩＤホールディングス,Prime,情報・通信業,,2026-09-18,2619.0,1092.0,52392280.0,48665.0,69888000.0,False,True,True,True,True,False
4685.T,4685,菱友システムズ,Standard,情報・通信業,,2026-09-18,2619.0,2715.0,52180600.0,19350.0,50499000.0,False,True,True,True,True,False
5535.T,5535,ミガロホールディングス,Prime,不動産業,,2026-09-18,725.0,291.0,52116495.0,180065.0,31340700.0,False,True,True,True,True,False
261A.T,261A,日水コン,Standard,サービス業,,2026-09-18,471.0,1971.0,52006210.0,26175.0,14782500.0,False,True,True,True,True,False
1799.T,1799,第一建設工業,Standard,建設業,,2026-09-18,2619.0,3310.0,51453225.0,15530.0,44685000.0,False,True,True,True,True,False
9341.T,9341,ＧＥＮＯＶＡ,Prime,サービス業,,2026-09-18,915.0,617.0,50705095.0,80220.0,19990800.0,False,True,True,True,True,False
4960.T,4960,ケミプロ化成,Standard,化学,,2026-09-18,2619.0,596.0,50461815.0,82215.0,75692000.0,False,True,True,True,True,False
9856.T,9856,ケーユーホールディングス,Standard,小売業,,2026-09-18,2619.0,1231.0,50403805.0,40490.0,41607800.0,False,True,True,True,True,False
9343.T,9343,アイビス,Growth,サービス業,,2026-09-18,855.0,800.0,50215085.0,62345.0,11520000.0,False,True,True,True,True,False
6898.T,6898,トミタ電機,Standard,電気機器,,2026-09-18,2619.0,4900.0,50181725.0,10215.0,13230000.0,False,True,True,True,True,False
4820.T,4820,イーエムシステムズ,Prime,情報・通信業,,2026-09-18,2619.0,600.0,50135955.0,84410.0,60180000.0,False,True,True,True,True,False
7466.T,7466,ＳＰＫ,Prime,卸売業,,2026-09-18,2619.0,1466.0,50091840.0,34480.0,40754800.0,False,True,True,True,True,False
1904.T,1904,大成温調,Standard,建設業,,2026-09-18,2619.0,5160.0,50055900.0,9785.0,58308000.0,False,True,True,True,True,False
2735.T,2735,ワッツ,Standard,小売業,,2026-09-18,2619.0,720.0,50006110.0,69930.0,15120000.0,False,True,True,True,True,False
5817.T,5817,ＪＭＡＣＳ,Standard,非鉄金属,,2026-09-18,2619.0,1122.0,49994960.0,47410.0,55426800.0,False,True,True,True,True,False
6648.T,6648,かわでん,Standard,電気機器,,2026-09-18,2619.0,1651.0,49804035.0,29765.0,40284400.0,False,True,True,True,True,False
3070.T,3070,ジェリービーンズグループ,Growth,卸売業,,2026-09-18,2619.0,53.0,49601105.0,814220.0,21237100.0,False,False,True,True,True,False
4345.T,4345,シーティーエス,Prime,サービス業,,2026-09-18,2619.0,844.0,49580135.0,59165.0,43044000.0,False,True,True,True,True,False
8139.T,8139,ナガホリ,Standard,卸売業,,2026-09-18,2619.0,2238.0,49537765.0,21770.0,6490200.0,False,True,True,True,True,False
7952.T,7952,河合楽器製作所,Prime,その他製品,,2026-09-18,2619.0,3280.0,49423975.0,14610.0,51824000.0,False,True,True,True,True,False
4884.T,4884,クリングルファーマ,Growth,医薬品,,2026-09-18,1401.0,487.0,49324820.0,110325.0,112350900.0,False,True,True,True,True,False
8920.T,8920,東祥,Standard,サービス業,,2026-09-18,2619.0,695.0,49191610.0,69500.0,37738500.0,False,True,True,True,True,False
3645.T,3645,メディカルネット,Growth,情報・通信業,,2026-09-18,2619.0,256.0,49147270.0,169190.0,4505600.0,False,True,True,True,True,False
4572.T,4572,カルナバイオサイエンス,Growth,医薬品,,2026-09-18,2619.0,449.0,49121010.0,114845.0,60300700.0,False,True,True,True,True,False
9644.T,9644,タナベコンサルティンググループ,Prime,サービス業,,2026-09-18,2619.0,758.0,49097285.0,64365.0,42978600.0,False,True,True,True,True,False
2294.T,2294,柿安本店,Prime,食料品,,2026-09-18,2619.0,2501.0,48983440.0,19305.0,31262500.0,False,True,True,True,True,False
2930.T,2930,北の達人コーポレーション,Prime,化学,,2026-09-18,2619.0,133.0,48972245.0,373785.0,38131100.0,False,False,True,True,True,False
7678.T,7678,あさくま,Standard,小売業,,2026-09-18,1766.0,3840.0,48961300.0,14395.0,76032000.0,False,True,True,True,True,False
9248.T,9248,人・夢・技術グループ,Standard,サービス業,,2026-09-18,1216.0,1685.0,48689400.0,28690.0,36901500.0,False,True,True,True,True,False
4192.T,4192,スパイダープラス,Growth,情報・通信業,,2026-09-18,1340.0,328.0,48629165.0,162320.0,47625600.0,False,True,True,True,True,False
8542.T,8542,トマト銀行,Standard,銀行業,,2026-09-18,2619.0,1915.0,48619890.0,25115.0,42513000.0,False,True,True,True,True,False
4892.T,4892,サイフューズ,Growth,医薬品,,2026-09-18,931.0,696.0,48458040.0,74780.0,155556000.0,False,True,True,True,True,False
4053.T,4053,Ｓｕｎ　Ａｓｔｅｒｉｓｋ,Prime,情報・通信業,,2026-09-18,1501.0,485.0,48393845.0,103800.0,37878500.0,False,True,True,True,True,False
2437.T,2437,Ｓｈｉｎｗａ　Ｗｉｓｅ　Ｈｏｌｄｉｎｇｓ,Standard,サービス業,,2026-09-18,2619.0,620.0,48316785.0,77760.0,8804000.0,False,True,True,True,True,False
7525.T,7525,リックス,Prime,卸売業,,2026-09-18,2619.0,3585.0,48291300.0,13400.0,38359500.0,False,True,True,True,True,False
7061.T,7061,日本ホスピスホールディングス,Growth,サービス業,,2026-09-18,1826.0,495.0,48287515.0,97520.0,32670000.0,False,True,True,True,True,False
6824.T,6824,新コスモス電機,Standard,電気機器,,2026-09-18,2619.0,4020.0,48285275.0,11450.0,129042000.0,False,True,True,True,True,False
6788.T,6788,日本トリム,Prime,電気機器,,2026-09-18,2619.0,5040.0,48281350.0,9660.0,87192000.0,False,True,True,True,True,False
3323.T,3323,レカム,Standard,卸売業,,2026-09-18,2619.0,92.0,48264950.0,513000.0,24168400.0,False,False,True,True,True,False
9629.T,9629,ピー・シー・エー,Prime,情報・通信業,,2026-09-18,2619.0,1574.0,48236120.0,30100.0,43285000.0,False,True,True,True,True,False
7119.T,7119,ハルメクホールディングス,Growth,小売業,,2026-09-18,856.0,2114.0,48131675.0,23440.0,130433800.0,False,True,True,True,True,False
2335.T,2335,キューブシステム,Prime,情報・通信業,,2026-09-18,2619.0,1105.0,48072645.0,43640.0,39338000.0,False,True,True,True,True,False
9622.T,9622,スペース,Prime,サービス業,,2026-09-18,2619.0,1444.0,47962105.0,33490.0,71622400.0,False,True,True,True,True,False
9264.T,9264,ポエック,Standard,卸売業,,2026-09-18,2165.0,1624.0,47880375.0,28755.0,26471200.0,False,True,True,True,True,False
1810.T,1810,松井建設,Standard,建設業,,2026-09-18,2619.0,1467.0,47875345.0,32615.0,103423500.0,False,True,True,True,True,False
7320.T,7320,Ｓｏｌｖｖｙ,Growth,その他金融業,,2026-09-18,2077.0,1484.0,47802655.0,32990.0,19440400.0,False,True,True,True,True,False
9553.T,9553,マイクロアド,Growth,サービス業,,2026-09-18,1035.0,646.0,47700670.0,78960.0,42313000.0,False,True,True,True,True,False
2209.T,2209,井村屋グループ,Prime,食料品,,2026-09-18,2619.0,2359.0,47619465.0,19910.0,83508600.0,False,True,True,True,True,False
2148.T,2148,アイティメディア,Prime,サービス業,,2026-09-18,2619.0,1155.0,47584860.0,39970.0,53823000.0,False,True,True,True,True,False
8783.T,8783,ａｂｃ,Standard,その他金融業,,2026-09-18,2619.0,48.0,47565800.0,844245.0,11443200.0,False,False,True,True,True,False
7192.T,7192,日本モーゲージサービス,Standard,その他金融業,,2026-09-18,2403.0,712.0,47561665.0,70700.0,14026400.0,False,True,True,True,True,False
8383.T,8383,鳥取銀行,Standard,銀行業,,2026-09-18,2619.0,1939.0,47474145.0,24470.0,37034900.0,False,True,True,True,True,False
8349.T,8349,東北銀行,Standard,銀行業,,2026-09-18,2619.0,1674.0,47406915.0,28375.0,47876400.0,False,True,True,True,True,False
3355.T,3355,クリヤマホールディングス,Standard,卸売業,,2026-09-18,2619.0,1838.0,47265530.0,26175.0,74439000.0,False,True,True,True,True,False
4395.T,4395,アクリート,Growth,情報・通信業,,2026-09-18,1994.0,567.0,47195215.0,77095.0,43659000.0,False,True,True,True,True,False
2884.T,2884,ヨシムラ・フード・ホールディングス,Prime,食料品,,2026-09-18,2598.0,622.0,47140530.0,74380.0,22454200.0,False,True,True,True,True,False
6864.T,6864,エヌエフホールディングス,Standard,電気機器,,2026-09-18,2619.0,1589.0,46850005.0,29630.0,80085600.0,False,True,True,True,True,False
2378.T,2378,ルネサンス,Prime,サービス業,,2026-09-18,2619.0,1052.0,46700785.0,44250.0,48602400.0,False,True,True,True,True,False
4301.T,4301,アミューズ,Prime,サービス業,,2026-09-18,2619.0,1879.0,46676480.0,24665.0,40398500.0,False,True,True,True,True,False
2329.T,2329,東北新社,Standard,情報・通信業,,2026-09-18,2619.0,504.0,46560450.0,92430.0,21772800.0,False,True,True,True,True,False
6560.T,6560,エル・ティー・エス,Prime,サービス業,,2026-09-18,2153.0,1846.0,46538400.0,26005.0,30459000.0,False,True,True,True,True,False
4286.T,4286,ＣＬホールディングス,Standard,サービス業,,2026-09-18,2619.0,1312.0,46523185.0,35095.0,15612800.0,False,True,True,True,True,False
6562.T,6562,ジーニー,Growth,サービス業,,2026-09-18,2152.0,1001.0,46478335.0,48910.0,17817800.0,False,True,True,True,True,False
2998.T,2998,クリアル,Growth,不動産業,,2026-09-18,1075.0,524.0,46147405.0,84650.0,35946400.0,False,True,True,True,True,False
264A.T,264A,Ｓｃｈｏｏ,Growth,サービス業,,2026-09-18,467.0,332.0,46034375.0,139470.0,15006400.0,False,True,True,True,True,False
2669.T,2669,カネ美食品,Standard,小売業,,2026-09-18,2619.0,3945.0,46014175.0,11675.0,8284500.0,False,True,True,True,True,False
8095.T,8095,アステナホールディングス,Prime,卸売業,,2026-09-18,2619.0,524.0,45969365.0,86290.0,28662800.0,False,True,True,True,True,False
8912.T,8912,エリアクエスト,Standard,不動産業,,2026-09-18,2619.0,158.0,45917145.0,273270.0,3507600.0,False,False,True,True,True,False
5010.T,5010,日本精蝋,Standard,石油・石炭製品,,2026-09-18,2619.0,293.0,45695710.0,156005.0,20832300.0,False,True,True,True,True,False
3023.T,3023,ラサ商事,Standard,卸売業,,2026-09-18,2619.0,2082.0,45642195.0,22150.0,43930200.0,False,True,True,True,True,False
9702.T,9702,アイ・エス・ビー,Prime,情報・通信業,,2026-09-18,2619.0,2432.0,45572140.0,18860.0,46694400.0,False,True,True,True,True,False
5304.T,5304,ＳＥＣカーボン,Standard,ガラス・土石製品,,2026-09-18,2619.0,2510.0,45476425.0,17705.0,28614000.0,False,True,True,True,True,False
6039.T,6039,日本動物高度医療センター,Growth,サービス業,,2026-09-18,2619.0,1020.0,45470050.0,44650.0,46104000.0,False,True,True,True,True,False
5184.T,5184,ニチリン,Standard,ゴム製品,,2026-09-18,2619.0,4130.0,45323750.0,11025.0,19824000.0,False,True,True,True,True,False
7326.T,7326,ＳＢＩインシュアランスグループ,Growth,保険業,,2026-09-18,1949.0,2292.0,45285995.0,20590.0,70822800.0,False,True,True,True,True,False
5998.T,5998,アドバネクス,Standard,金属製品,,2026-09-18,2619.0,2770.0,45249480.0,16820.0,1662000.0,False,True,True,True,True,False
9768.T,9768,いであ,Standard,サービス業,,2026-09-18,2619.0,3735.0,45215125.0,11865.0,38844000.0,False,True,True,True,True,False
3678.T,3678,メディアドゥ,Prime,情報・通信業,,2026-09-18,2619.0,1228.0,45212605.0,35985.0,295579600.0,False,True,True,True,True,False
3421.T,3421,稲葉製作所,Standard,金属製品,,2026-09-18,2619.0,1621.0,45061290.0,26690.0,65002100.0,False,True,True,True,True,False
9661.T,9661,歌舞伎座,Standard,サービス業,,2026-09-18,2619.0,4155.0,44835850.0,10455.0,33655500.0,False,True,True,True,True,False
8927.T,8927,明豊エンタープライズ,Standard,不動産業,,2026-09-18,2619.0,500.0,44817745.0,92305.0,123650000.0,False,True,True,True,True,False
6078.T,6078,バリューＨＲ,Prime,サービス業,,2026-09-18,2619.0,1572.0,44615675.0,28170.0,32383200.0,False,True,True,True,True,False
3199.T,3199,綿半ホールディングス,Prime,小売業,,2026-09-18,2619.0,1312.0,44555485.0,33565.0,46313600.0,False,True,True,True,True,False
5018.T,5018,ＭＯＲＥＳＣＯ,Standard,石油・石炭製品,,2026-09-18,2619.0,2399.0,44486760.0,18995.0,19671800.0,False,True,True,True,True,False
428A.T,428A,サイプレス・ホールディングス,Standard,小売業,,2026-09-18,232.0,1710.0,44160300.0,29160.0,69426000.0,False,True,False,True,True,False
6485.T,6485,前澤給装工業,Standard,機械,,2026-09-18,2619.0,1662.0,43986545.0,26555.0,69637800.0,False,True,True,True,True,False
3580.T,3580,小松マテーレ,Prime,繊維製品,,2026-09-18,2619.0,761.0,43912265.0,57730.0,34092800.0,False,True,True,True,True,False
7063.T,7063,Ｂｉｒｄｍａｎ,Growth,サービス業,,2026-09-18,1823.0,62.0,43840890.0,540610.0,107012000.0,False,False,True,True,True,False
4767.T,4767,テー・オー・ダブリュー,Standard,サービス業,,2026-09-18,2619.0,393.0,43790110.0,112315.0,46727700.0,False,True,True,True,True,False
6294.T,6294,オカダアイヨン,Prime,機械,,2026-09-18,2619.0,1954.0,43719045.0,22235.0,29310000.0,False,True,True,True,True,False
5242.T,5242,アイズ,Growth,情報・通信業,,2026-09-18,917.0,2380.0,43655440.0,17310.0,6902000.0,False,True,True,True,True,False
1948.T,1948,弘電社,Standard,建設業,,2026-09-18,2619.0,11430.0,43635550.0,3820.0,96012000.0,False,True,True,True,True,False
7271.T,7271,安永,Standard,輸送用機器,,2026-09-18,2619.0,802.0,43631290.0,54000.0,43949600.0,False,True,True,True,True,False
6927.T,6927,ヘリオス　テクノ　ホールディング,Standard,電気機器,,2026-09-18,2619.0,970.0,43624020.0,44515.0,85651000.0,False,True,True,True,True,False
365A.T,365A,伊澤タオル,Standard,繊維製品,,2026-09-18,306.0,796.0,43577730.0,55185.0,14805600.0,False,True,True,True,True,False
3900.T,3900,クラウドワークス,Growth,情報・通信業,,2026-09-18,2619.0,671.0,43548715.0,65450.0,20666800.0,False,True,True,True,True,False
6445.T,6445,ジャノメ,Prime,機械,,2026-09-18,2619.0,1352.0,43428970.0,31345.0,33529600.0,False,True,True,True,True,False
2217.T,2217,モロゾフ,Prime,食料品,,2026-09-18,2619.0,1491.0,43365930.0,29085.0,58894500.0,False,True,True,True,True,False
4168.T,4168,ヤプリ,Growth,情報・通信業,,2026-09-18,1405.0,804.0,43322160.0,55765.0,88520400.0,False,True,True,True,True,False
4125.T,4125,三和油化工業,Standard,化学,,2026-09-18,1159.0,3625.0,43298700.0,11760.0,13412500.0,False,True,True,True,True,False
3547.T,3547,串カツ田中ホールディングス,Standard,小売業,,2026-09-18,2467.0,1947.0,43259300.0,22975.0,51206100.0,False,True,True,True,True,False
9163.T,9163,ナレルグループ,Growth,サービス業,,2026-09-18,774.0,2408.0,43224780.0,18215.0,28896000.0,False,True,True,True,True,False
6358.T,6358,酒井重工業,Prime,機械,,2026-09-18,2619.0,2173.0,43200855.0,20015.0,27162500.0,False,True,True,True,True,False
2477.T,2477,手間いらず,Standard,情報・通信業,,2026-09-18,2619.0,3380.0,43188550.0,13260.0,48672000.0,False,True,True,True,True,False
8860.T,8860,フジ住宅,Prime,不動産業,,2026-09-18,2619.0,746.0,43184135.0,57400.0,37150800.0,False,True,True,True,True,False
6763.T,6763,帝国通信工業,Prime,電気機器,,2026-09-18,2619.0,2869.0,43028420.0,15210.0,65126300.0,False,True,True,True,True,False
8869.T,8869,明和地所,Standard,不動産業,,2026-09-18,2619.0,811.0,42967100.0,52005.0,42820800.0,False,True,True,True,True,False
4582.T,4582,シンバイオ製薬,Growth,医薬品,,2026-09-18,2619.0,55.0,42914205.0,727035.0,40452500.0,False,False,True,True,True,False
6882.T,6882,三社電機製作所,Standard,電気機器,,2026-09-18,2619.0,1155.0,42910740.0,37395.0,23446500.0,False,True,True,True,True,False
8291.T,8291,日産東京販売ホールディングス,Standard,小売業,,2026-09-18,2619.0,553.0,42882130.0,78030.0,39981900.0,False,True,True,True,True,False
4433.T,4433,ヒト・コミュニケーションズ・ホールディングス,Prime,情報・通信業,,2026-09-18,2619.0,860.0,42881020.0,49210.0,32508000.0,False,True,True,True,True,False
9896.T,9896,ＪＫホールディングス,Standard,卸売業,,2026-09-18,2619.0,1416.0,42870830.0,30205.0,41913600.0,False,True,True,True,True,False
3845.T,3845,アイフリークモバイル,Standard,情報・通信業,,2026-09-18,2619.0,327.0,42816785.0,140420.0,15009300.0,False,True,True,True,True,False
5582.T,5582,グリッド,Growth,情報・通信業,,2026-09-18,782.0,2046.0,42496890.0,20660.0,22506000.0,False,True,True,True,True,False
3647.T,3647,ジー・スリーホールディングス,Standard,情報・通信業,,2026-09-18,2619.0,117.0,42488865.0,333070.0,5487300.0,False,False,True,True,True,False
6033.T,6033,エクストリーム,Growth,サービス業,,2026-09-18,2619.0,1785.0,42473080.0,24885.0,33736500.0,False,True,True,True,True,False
2286.T,2286,林兼産業,Standard,食料品,,2026-09-18,2619.0,906.0,42397200.0,45550.0,11687400.0,False,True,True,True,True,False
5820.T,5820,三ッ星,Standard,非鉄金属,,2026-09-18,2619.0,897.0,42134475.0,48710.0,60009300.0,False,True,True,True,True,False
9733.T,9733,ナガセ,Standard,サービス業,,2026-09-18,2619.0,2308.0,42102205.0,18045.0,35774000.0,False,True,True,True,True,False
8203.T,8203,ＭｒＭａｘＨＤ,Prime,小売業,,2026-09-18,2619.0,754.0,42078560.0,54720.0,33779200.0,False,True,True,True,True,False
8285.T,8285,三谷産業,Standard,卸売業,,2026-09-18,2619.0,838.0,42047905.0,52995.0,35866400.0,False,True,True,True,True,False
2195.T,2195,アミタホールディングス,Growth,サービス業,,2026-09-18,2619.0,380.0,41987660.0,110300.0,8854000.0,False,True,True,True,True,False
4771.T,4771,エフアンドエム,Standard,サービス業,,2026-09-18,2619.0,2830.0,41697245.0,15380.0,34809000.0,False,True,True,True,True,False
3109.T,3109,シキボウ,Prime,繊維製品,,2026-09-18,2619.0,1062.0,41644685.0,39025.0,24426000.0,False,True,True,True,True,False
6904.T,6904,原田工業,Standard,電気機器,,2026-09-18,2619.0,680.0,41528195.0,65875.0,37672000.0,False,True,True,True,True,False
3556.T,3556,リネットジャパングループ,Growth,小売業,,2026-09-18,2403.0,809.0,41500485.0,50735.0,49187200.0,False,True,True,True,True,False
5757.T,5757,ＣＫサンエツ,Prime,非鉄金属,,2026-09-18,2343.0,4965.0,41489975.0,8120.0,40713000.0,False,True,True,True,True,False
9252.T,9252,ラストワンマイル,Growth,サービス業,,2026-09-18,1180.0,4160.0,41473950.0,10370.0,23712000.0,False,True,True,True,True,False
4792.T,4792,山田コンサルティンググループ,Prime,サービス業,,2026-09-18,2619.0,1784.0,41469345.0,23355.0,33896000.0,False,True,True,True,True,False
300A.T,300A,ＭＩＣ,Standard,サービス業,,2026-09-18,422.0,3160.0,41306000.0,12900.0,58144000.0,False,True,True,True,True,False
5932.T,5932,三協立山,Prime,金属製品,,2026-09-18,2619.0,659.0,41215895.0,62725.0,41846500.0,False,True,True,True,True,False
7602.T,7602,レダックス,Standard,卸売業,,2026-09-18,2619.0,176.0,41150200.0,221200.0,24182400.0,False,False,True,True,True,False
3053.T,3053,ペッパーフードサービス,Standard,小売業,,2026-09-18,2619.0,201.0,41033540.0,201175.0,21788400.0,False,True,True,True,True,False
5933.T,5933,アルインコ,Prime,金属製品,,2026-09-18,2619.0,1102.0,40975310.0,36445.0,35484400.0,False,True,True,True,True,False
7771.T,7771,日本精密,Standard,精密機器,,2026-09-18,2619.0,260.0,40829845.0,152720.0,34424000.0,False,True,True,True,True,False
4438.T,4438,Ｗｅｌｂｙ,Growth,情報・通信業,,2026-09-18,1823.0,302.0,40821765.0,128245.0,121947600.0,False,True,True,True,True,False
1375.T,1375,ユキグニファクトリー,Prime,水産・農林業,,2026-09-18,1468.0,1179.0,40760150.0,34755.0,48103200.0,False,True,True,True,True,False
4671.T,4671,ファルコホールディングス,Standard,サービス業,,2026-09-18,2619.0,2905.0,40714030.0,14045.0,33117000.0,False,True,True,True,True,False
2776.T,2776,新都ホールディングス,Standard,卸売業,,2026-09-18,2619.0,95.0,40622385.0,402920.0,15570500.0,False,False,True,True,True,False
3753.T,3753,フライトソリューションズ,Standard,情報・通信業,,2026-09-18,2619.0,212.0,40546645.0,178465.0,16239200.0,False,True,True,True,True,False
205A.T,205A,ロゴスホールディングス,Growth,建設業,,2026-09-18,544.0,1683.0,40447330.0,24425.0,47628900.0,False,True,True,True,True,False
2788.T,2788,アップルインターナショナル,Standard,卸売業,,2026-09-18,2619.0,416.0,40423290.0,97690.0,322025600.0,False,True,True,True,True,False
4951.T,4951,エステー,Prime,化学,,2026-09-18,2619.0,1530.0,40394765.0,26475.0,53856000.0,False,True,True,True,True,False
4218.T,4218,ニチバン,Prime,化学,,2026-09-18,2619.0,1943.0,40338990.0,20780.0,57901400.0,False,True,True,True,True,False
4404.T,4404,ミヨシ油脂,Standard,食料品,,2026-09-18,2619.0,2257.0,40220280.0,18265.0,39723200.0,False,True,True,True,True,False
2764.T,2764,ひらまつ,Standard,小売業,,2026-09-18,2619.0,168.0,40214165.0,248530.0,22108800.0,False,False,True,True,True,False
7628.T,7628,オーハシテクニカ,Prime,卸売業,,2026-09-18,2619.0,1163.0,39813625.0,34145.0,85131600.0,False,True,True,True,True,False
9256.T,9256,サクシード,Growth,サービス業,,2026-09-18,1160.0,1017.0,39790085.0,36290.0,9966600.0,False,True,True,True,True,False
1780.T,1780,ヤマウラ,Prime,建設業,,2026-09-18,2619.0,1495.0,39751765.0,26670.0,34833500.0,False,True,True,True,True,False
7358.T,7358,ポピンズ,Standard,サービス業,,2026-09-18,1406.0,1806.0,39432410.0,21340.0,12280800.0,False,True,True,True,True,False
3529.T,3529,アツギ,Standard,繊維製品,,2026-09-18,2619.0,1040.0,39383235.0,38440.0,90896000.0,False,True,True,True,True,False
9168.T,9168,ライズ・コンサルティング・グループ,Growth,サービス業,,2026-09-18,738.0,426.0,39365045.0,92770.0,20064600.0,False,True,True,True,True,False
8416.T,8416,高知銀行,Standard,銀行業,,2026-09-18,2619.0,1137.0,39239535.0,34295.0,80613300.0,False,True,True,True,True,False
3195.T,3195,ジェネレーションパス,Growth,小売業,,2026-09-18,2619.0,458.0,39210680.0,69505.0,33754600.0,False,True,True,True,True,False
4234.T,4234,サンエー化研,Standard,化学,,2026-09-18,2619.0,1022.0,39209510.0,38560.0,14001400.0,False,True,True,True,True,False
6798.T,6798,ＳＭＫ,Prime,電気機器,,2026-09-18,2619.0,3335.0,38976050.0,11865.0,55361000.0,False,True,True,True,True,False
7603.T,7603,ジーイエット,Standard,小売業,,2026-09-18,2619.0,34.0,38938740.0,958930.0,13443600.0,False,False,True,True,True,False
4415.T,4415,ブロードエンタープライズ,Growth,情報・通信業,,2026-09-18,1164.0,1392.0,38897750.0,28850.0,12388800.0,False,True,True,True,True,False
4571.T,4571,ＮＡＮＯ　ＭＲＮＡ,Growth,医薬品,,2026-09-18,2619.0,100.0,38884705.0,383375.0,44340000.0,False,False,True,True,True,False
7840.T,7840,フランスベッドホールディングス,Prime,その他製品,,2026-09-18,2619.0,1313.0,38872785.0,29870.0,44642000.0,False,True,True,True,True,False
6165.T,6165,パンチ工業,Standard,機械,,2026-09-18,2619.0,543.0,38863560.0,70850.0,15692700.0,False,True,True,True,True,False
4331.T,4331,テイクアンドギヴ・ニーズ,Prime,サービス業,,2026-09-18,2619.0,751.0,38793530.0,52280.0,21553700.0,False,True,True,True,True,False
2753.T,2753,あみやき亭,Prime,小売業,,2026-09-18,2619.0,1403.0,38778435.0,27750.0,48263200.0,False,True,True,True,True,False
6047.T,6047,Ｇｕｎｏｓｙ,Prime,サービス業,,2026-09-18,2619.0,387.0,38725750.0,95865.0,19156500.0,False,True,True,True,True,False
6224.T,6224,ＪＲＣ,Growth,機械,,2026-09-18,761.0,1213.0,38677635.0,32165.0,13464300.0,False,True,True,True,True,False
6137.T,6137,小池酸素工業,Standard,機械,,2026-09-18,2619.0,1512.0,38590210.0,25540.0,18748800.0,False,True,True,True,True,False
9850.T,9850,グルメ杵屋,Prime,小売業,,2026-09-18,2619.0,994.0,38240935.0,38605.0,19979400.0,False,True,True,True,True,False
3489.T,3489,フェイスネットワーク,Standard,不動産業,,2026-09-18,2088.0,788.0,38187635.0,46275.0,23482400.0,False,True,True,True,True,False
7162.T,7162,アストマックス,Standard,電気・ガス業,,2026-09-18,2619.0,289.0,38017620.0,128465.0,2514300.0,False,True,True,True,True,False
6291.T,6291,日本エアーテック,Standard,機械,,2026-09-18,2619.0,1333.0,37990920.0,27925.0,15596100.0,False,True,True,True,True,False
280A.T,280A,ＴＭＨ,Growth,卸売業,,2026-09-18,437.0,1110.0,37733270.0,34300.0,20313000.0,False,True,True,True,True,False
9539.T,9539,京葉瓦斯,Standard,電気・ガス業,,2026-09-18,2619.0,1366.0,37679310.0,27860.0,7786200.0,False,True,True,True,True,False
156A.T,156A,マテリアルグループ,Growth,サービス業,,2026-09-18,606.0,876.0,37657640.0,43410.0,12877200.0,False,True,True,True,True,False
3623.T,3623,ビリングシステム,Growth,情報・通信業,,2026-09-18,2619.0,1277.0,37582190.0,29800.0,12259200.0,False,True,True,True,True,False
2163.T,2163,アルトナー,Prime,サービス業,,2026-09-18,2619.0,954.0,37574300.0,39655.0,20892600.0,False,True,True,True,True,False
9535.T,9535,広島ガス,Prime,電気・ガス業,,2026-09-18,2619.0,448.0,37563660.0,86160.0,36243200.0,False,True,True,True,True,False
2359.T,2359,コア,Prime,情報・通信業,,2026-09-18,2619.0,2122.0,37551770.0,17605.0,37559400.0,False,True,True,True,True,False
8143.T,8143,ラピーヌ,Standard,繊維製品,,2026-09-18,2619.0,183.0,37408435.0,197080.0,49647900.0,False,False,True,True,True,False
9990.T,9990,サックスバー　ホールディングス,Prime,小売業,,2026-09-18,2619.0,759.0,37402290.0,49550.0,27399900.0,False,True,True,True,True,False
5244.T,5244,ｊｉｇ．ｊｐ,Growth,情報・通信業,,2026-09-18,916.0,174.0,37400755.0,209810.0,44526600.0,False,False,True,True,True,False
6699.T,6699,ダイヤモンドエレクトリックホールディングス,Prime,電気機器,,2026-09-18,1947.0,494.0,37369500.0,73130.0,35568000.0,False,True,True,True,True,False
4448.T,4448,ｋｕｂｅｌｌ,Growth,情報・通信業,,2026-09-18,1707.0,357.0,37274395.0,104720.0,31130400.0,False,True,True,True,True,False
5845.T,5845,全保連,Standard,その他金融業,,2026-09-18,709.0,1211.0,37154650.0,30600.0,25309900.0,False,True,True,True,True,False
9932.T,9932,杉本商事,Prime,卸売業,,2026-09-18,2619.0,1314.0,37082285.0,28045.0,51640200.0,False,True,True,True,True,False
3719.T,3719,ＡＩストーム,Standard,情報・通信業,,2026-09-18,2619.0,115.0,36940225.0,316640.0,18308000.0,False,False,True,True,True,False
3773.T,3773,アドバンスト・メディア,Growth,情報・通信業,,2026-09-18,2619.0,1082.0,36883295.0,34960.0,26400800.0,False,True,True,True,True,False
4719.T,4719,アルファシステムズ,Prime,情報・通信業,,2026-09-18,2619.0,3275.0,36862150.0,11035.0,36025000.0,False,True,True,True,True,False
7955.T,7955,クリナップ,Prime,その他製品,,2026-09-18,2619.0,954.0,36720820.0,37625.0,36729000.0,False,True,True,True,True,False
7927.T,7927,ムトー精工,Standard,化学,,2026-09-18,2619.0,2369.0,36608830.0,15925.0,38377800.0,False,True,True,True,True,False
7937.T,7937,ツツミ,Standard,その他製品,,2026-09-18,2619.0,2564.0,36492355.0,13905.0,24614400.0,False,True,True,True,True,False
3562.T,3562,Ｎｏ．１,Standard,卸売業,,2026-09-18,2336.0,1583.0,36479995.0,23070.0,7598400.0,False,True,True,True,True,False
4801.T,4801,セントラルスポーツ,Prime,サービス業,,2026-09-18,2619.0,2416.0,36466620.0,14980.0,83110400.0,False,True,True,True,True,False
6539.T,6539,ＭＳ－Ｊａｐａｎ,Prime,サービス業,,2026-09-18,2406.0,1004.0,36394585.0,36260.0,23292800.0,False,True,True,True,True,False
4310.T,4310,ドリームインキュベータ,Prime,サービス業,,2026-09-18,2619.0,2569.0,36119060.0,14355.0,68849200.0,False,True,True,True,True,False
3787.T,3787,テクノマセマティカル,Standard,情報・通信業,,2026-09-18,2619.0,676.0,36109090.0,61370.0,48063600.0,False,True,True,True,True,False
4977.T,4977,新田ゼラチン,Standard,化学,,2026-09-18,2619.0,1191.0,36012150.0,30000.0,31799700.0,False,True,True,True,True,False
2307.T,2307,クロスキャット,Prime,情報・通信業,,2026-09-18,2619.0,1078.0,35793435.0,33730.0,54115600.0,False,True,True,True,True,False
6276.T,6276,シリウスビジョン,Standard,電気機器,,2026-09-18,2619.0,360.0,35775650.0,97000.0,4392000.0,False,True,True,True,True,False
3306.T,3306,日本製麻,Standard,卸売業,,2026-09-18,2619.0,718.0,35768800.0,53640.0,39633600.0,False,True,True,True,True,False
9959.T,9959,アシードホールディングス,Standard,小売業,,2026-09-18,2619.0,945.0,35682400.0,36440.0,2929500.0,False,True,True,True,True,False
4414.T,4414,フレクト,Growth,情報・通信業,,2026-09-18,1168.0,1101.0,35319775.0,30340.0,15193800.0,False,True,True,True,True,False
3723.T,3723,日本ファルコム,Growth,情報・通信業,,2026-09-18,2619.0,2795.0,35300800.0,12805.0,82732000.0,False,True,True,True,True,False
9319.T,9319,中央倉庫,Prime,倉庫・運輸関連業,,2026-09-18,2619.0,1808.0,35296700.0,19540.0,68884800.0,False,True,True,True,True,False
3691.T,3691,デジタルプラス,Growth,情報・通信業,,2026-09-18,2619.0,1900.0,35279640.0,18745.0,26410000.0,False,True,True,True,True,False
7505.T,7505,扶桑電通,Standard,卸売業,,2026-09-18,2619.0,2095.0,35246810.0,16360.0,50908500.0,False,True,True,True,True,False
5660.T,5660,神鋼鋼線工業,Standard,鉄鋼,,2026-08-28,2604.0,1900.0,35168790.0,18620.0,0.0,False,True,True,True,False,False
4430.T,4430,東海ソフト,Standard,情報・通信業,,2026-09-18,1845.0,1746.0,35095920.0,19810.0,6634800.0,False,True,True,True,True,False
5029.T,5029,サークレイス,Growth,情報・通信業,,2026-09-18,1086.0,966.0,35012265.0,38045.0,8017800.0,False,True,True,True,True,False
6177.T,6177,ＡｐｐＢａｎｋ,Growth,サービス業,,2026-09-18,2619.0,83.0,34985070.0,401305.0,6125400.0,False,False,True,True,True,False
9216.T,9216,ビーウィズ,Prime,サービス業,,2026-09-18,1115.0,1700.0,34903170.0,20805.0,41650000.0,False,True,True,True,True,False
8596.T,8596,九州リースサービス,Standard,その他金融業,,2026-09-18,2420.0,1571.0,34799895.0,21985.0,51528800.0,False,True,True,True,True,False
6495.T,6495,宮入バルブ製作所,Standard,機械,,2026-09-18,2619.0,110.0,34695270.0,307155.0,26114000.0,False,False,True,True,True,False
281A.T,281A,インフォメティス,Growth,情報・通信業,,2026-09-18,434.0,399.0,34575765.0,83280.0,27092100.0,False,True,True,True,True,False
2469.T,2469,ヒビノ,Standard,サービス業,,2026-09-18,2619.0,2740.0,34438430.0,12275.0,24660000.0,False,True,True,True,True,False
9273.T,9273,コーア商事ホールディングス,Prime,卸売業,,2026-09-18,2019.0,757.0,34381335.0,45355.0,31794000.0,False,True,True,True,True,False
7235.T,7235,東京ラヂエーター製造,Standard,輸送用機器,,2026-09-18,2619.0,1590.0,34299835.0,22025.0,27825000.0,False,True,True,True,True,False
6513.T,6513,オリジン,Standard,電気機器,,2026-09-18,2619.0,1283.0,34268625.0,27015.0,10648900.0,False,True,True,True,True,False
9795.T,9795,ステップ,Prime,サービス業,,2026-09-18,2619.0,2302.0,34242280.0,14885.0,41436000.0,False,True,True,True,True,False
3777.T,3777,環境フレンドリーホールディングス,Growth,情報・通信業,,2026-09-18,2619.0,45.0,34097400.0,747135.0,9022500.0,False,False,True,True,True,False
7776.T,7776,セルシード,Growth,精密機器,,2026-09-18,2619.0,229.0,34050530.0,150595.0,43487100.0,False,True,True,True,True,False
366A.T,366A,ウェルネス・コミュニケーションズ,Growth,サービス業,,2026-09-18,305.0,1145.0,33870610.0,29010.0,16488000.0,False,True,True,True,True,False
1972.T,1972,三晃金属工業,Standard,建設業,,2026-09-18,2619.0,1312.0,33806260.0,25525.0,23878400.0,False,True,True,True,True,False
2134.T,2134,北浜キャピタルパートナーズ,Standard,サービス業,,2026-09-18,2619.0,17.0,33514085.0,1722165.0,86484100.0,False,False,True,True,True,False
2003.T,2003,日東富士製粉,Standard,食料品,,2026-09-18,2619.0,1916.0,33298445.0,18090.0,36404000.0,False,True,True,True,True,False
4366.T,4366,ダイトーケミックス,Standard,化学,,2026-09-18,2619.0,465.0,33296405.0,75605.0,35944500.0,False,True,True,True,True,False
6656.T,6656,インスペック,Standard,電気機器,,2026-09-18,2619.0,779.0,33130090.0,41270.0,60372500.0,False,True,True,True,True,False
3133.T,3133,海帆,Growth,小売業,,2026-09-18,2619.0,51.0,32975635.0,532820.0,44772900.0,False,False,True,True,True,False
2498.T,2498,オリエンタルコンサルタンツホールディングス,Standard,サービス業,,2026-09-18,2619.0,3140.0,32821250.0,10310.0,14444000.0,False,True,True,True,True,False
7175.T,7175,今村証券,Standard,証券、商品先物取引業,,2026-09-18,2619.0,2182.0,32812855.0,16110.0,111500200.0,False,True,True,True,True,False
3159.T,3159,丸善ＣＨＩホールディングス,Standard,小売業,,2026-09-18,2619.0,381.0,32725890.0,82735.0,12268200.0,False,True,True,True,True,False
4923.T,4923,コタ,Prime,化学,,2026-09-18,2619.0,1222.0,32703555.0,26490.0,68920800.0,False,True,True,True,True,False
9322.T,9322,川西倉庫,Standard,倉庫・運輸関連業,,2026-09-18,2619.0,2487.0,32703250.0,13275.0,20144700.0,False,True,True,True,True,False
3077.T,3077,ホリイフードサービス,Standard,小売業,,2026-09-18,2619.0,1349.0,32553165.0,26350.0,39795500.0,False,True,True,True,True,False
9769.T,9769,学究社,Prime,サービス業,,2026-09-18,2619.0,2601.0,32548100.0,12540.0,60343200.0,False,True,True,True,True,False
9450.T,9450,ファイバーゲート,Standard,情報・通信業,,2026-09-18,2082.0,782.0,32498405.0,41745.0,31671000.0,False,True,True,True,True,False
6405.T,6405,鈴茂器工,Standard,機械,,2026-09-18,2619.0,1235.0,32459250.0,26640.0,17784000.0,False,True,True,True,True,False
4644.T,4644,イマジニア,Standard,情報・通信業,,2026-09-18,2619.0,1053.0,32450640.0,30740.0,422147700.0,False,True,True,True,True,False
2676.T,2676,高千穂交易,Prime,卸売業,,2026-09-18,2619.0,2072.0,32325045.0,15595.0,35224000.0,False,True,True,True,True,False
1873.T,1873,日本ハウスホールディングス,Prime,建設業,,2026-09-18,2619.0,312.0,32279530.0,101065.0,18096000.0,False,True,True,True,True,False
9514.T,9514,エフオン,Standard,電気・ガス業,,2026-09-18,2619.0,361.0,32251650.0,93360.0,70034000.0,False,True,True,True,True,False
5491.T,5491,日本金属,Standard,鉄鋼,,2026-09-18,2619.0,911.0,32136895.0,34795.0,71969000.0,False,True,True,True,True,False
2436.T,2436,共同ピーアール,Standard,サービス業,,2026-09-18,2619.0,592.0,32114390.0,52795.0,31672000.0,False,True,True,True,True,False
6493.T,6493,ＮＩＴＴＡＮ,Standard,輸送用機器,,2026-09-18,2619.0,488.0,31907815.0,64370.0,55290400.0,False,True,True,True,True,False
5729.T,5729,日本精鉱,Standard,非鉄金属,,2026-09-18,2619.0,1695.0,31847285.0,17915.0,42375000.0,False,True,True,True,True,False
3914.T,3914,ＪＩＧ－ＳＡＷ,Growth,情報・通信業,,2026-09-18,2619.0,2685.0,31715690.0,12895.0,30609000.0,False,True,True,True,True,False
5578.T,5578,ＡＲアドバンストテクノロジ,Growth,情報・通信業,,2026-09-18,792.0,902.0,31696970.0,36385.0,12267200.0,False,True,True,True,True,False
4809.T,4809,パラカ,Prime,不動産業,,2026-09-18,2619.0,2026.0,31446355.0,15485.0,39709600.0,False,True,True,True,True,False
4463.T,4463,日華化学,Standard,化学,,2026-09-18,2619.0,1984.0,31420790.0,15845.0,18252800.0,False,True,True,True,True,False
6915.T,6915,千代田インテグレ,Standard,電気機器,,2026-09-18,2619.0,3465.0,31390625.0,9165.0,44352000.0,False,True,True,True,True,False
7859.T,7859,アルメディオ,Standard,その他製品,,2026-09-18,2619.0,281.0,31390330.0,116670.0,25205700.0,False,True,True,True,True,False
6858.T,6858,小野測器,Standard,電気機器,,2026-09-18,2619.0,834.0,31331290.0,37650.0,21517200.0,False,True,True,True,True,False
6666.T,6666,リバーエレテック,Standard,電気機器,,2026-09-18,2619.0,807.0,31314910.0,39325.0,24129300.0,False,True,True,True,True,False
3553.T,3553,共和レザー,Standard,化学,,2026-09-18,2619.0,935.0,31213605.0,33570.0,18232500.0,False,True,True,True,True,False
3834.T,3834,朝日ネット,Prime,情報・通信業,,2026-09-18,2619.0,608.0,31038470.0,50645.0,24259200.0,False,True,True,True,True,False
3940.T,3940,ノムラシステムコーポレーション,Standard,情報・通信業,,2026-09-18,2465.0,136.0,30876490.0,236290.0,23296800.0,False,False,True,True,True,False
5621.T,5621,ヒューマンテクノロジーズ,Growth,情報・通信業,,2026-09-18,669.0,1597.0,30808380.0,19265.0,24114700.0,False,True,True,True,True,False
5285.T,5285,ヤマックス,Standard,ガラス・土石製品,,2026-09-18,2619.0,1343.0,30740850.0,22435.0,16518900.0,False,True,True,True,True,False
3776.T,3776,ブロードバンドタワー,Standard,情報・通信業,,2026-09-18,2619.0,249.0,30720320.0,124020.0,29606100.0,False,True,True,True,True,False
5034.T,5034,ｕｎｅｒｒｙ,Growth,情報・通信業,,2026-09-18,1015.0,2352.0,30687745.0,13415.0,44217600.0,False,True,True,True,True,False
4800.T,4800,オリコン,Standard,情報・通信業,,2026-09-18,2619.0,1357.0,30449940.0,22435.0,44781000.0,False,True,True,True,True,False
6316.T,6316,丸山製作所,Standard,機械,,2026-09-18,2619.0,3005.0,30383050.0,10120.0,37863000.0,False,True,True,True,True,False
4814.T,4814,ネクストウェア,Standard,情報・通信業,,2026-09-18,2619.0,165.0,30366165.0,178590.0,43015500.0,False,False,True,True,True,False
1418.T,1418,インターライフホールディングス,Standard,建設業,,2026-09-18,2619.0,584.0,30240245.0,51075.0,25929600.0,False,True,True,True,True,False
6580.T,6580,ライトアップ,Growth,サービス業,,2026-09-18,2018.0,851.0,30097055.0,32530.0,8169600.0,False,True,True,True,True,False
7463.T,7463,アドヴァングループ,Standard,小売業,,2026-09-18,2619.0,990.0,29929750.0,31085.0,27027000.0,False,True,True,True,True,False
3446.T,3446,ジェイテックコーポレーション,Standard,金属製品,,2026-09-18,2099.0,1529.0,29898435.0,18830.0,46022900.0,False,True,True,True,True,False
5363.T,5363,東京窯業,Standard,ガラス・土石製品,,2026-09-18,2619.0,693.0,29802905.0,43490.0,47331900.0,False,True,True,True,True,False
7819.T,7819,粧美堂,Standard,その他製品,,2026-09-18,2619.0,976.0,29794945.0,29810.0,42651200.0,False,True,True,True,True,False
2462.T,2462,ライク,Prime,サービス業,,2026-09-18,2619.0,1510.0,29736760.0,19545.0,29445000.0,False,True,True,True,True,False
2922.T,2922,なとり,Prime,食料品,,2026-09-18,2619.0,1992.0,29627835.0,14830.0,25896000.0,False,True,True,True,True,False
7435.T,7435,ナ・デックス,Standard,卸売業,,2026-09-18,2619.0,1290.0,29616800.0,22740.0,14706000.0,False,True,True,True,True,False
3976.T,3976,シャノン,Growth,情報・通信業,,2026-09-18,2378.0,575.0,29549050.0,47720.0,38697500.0,False,True,True,True,True,False
2804.T,2804,ブルドックソース,Prime,食料品,,2026-09-18,2619.0,1875.0,29507415.0,15830.0,36187500.0,False,True,True,True,True,False
9560.T,9560,プログリット,Growth,サービス業,,2026-09-18,973.0,894.0,29459450.0,32720.0,27445800.0,False,True,True,True,True,False
6599.T,6599,エブレン,Standard,電気機器,,2026-09-18,1522.0,4070.0,29448425.0,7780.0,57387000.0,False,True,True,True,True,False
2935.T,2935,ピックルスホールディングス,Prime,食料品,,2026-09-18,991.0,1213.0,29434200.0,24510.0,36632600.0,False,True,True,True,True,False
7683.T,7683,ダブルエー,Prime,小売業,,2026-09-18,1681.0,1410.0,29425040.0,20855.0,42159000.0,False,True,True,True,True,False
6803.T,6803,ティアック,Standard,電気機器,,2026-09-18,2619.0,100.0,29398070.0,296800.0,26180000.0,False,False,True,True,True,False
4019.T,4019,スタメン,Growth,情報・通信業,,2026-09-18,1410.0,628.0,29377650.0,45675.0,20975200.0,False,True,True,True,True,False
6626.T,6626,ＳＥＭＩＴＥＣ,Standard,電気機器,,2026-09-18,2619.0,2376.0,29349840.0,12630.0,12355200.0,False,True,True,True,True,False
2445.T,2445,タカミヤ,Prime,サービス業,,2026-09-18,2619.0,404.0,29311695.0,73245.0,22098800.0,False,True,True,True,True,False
7089.T,7089,フォースタートアップス,Growth,サービス業,,2026-09-18,1594.0,1403.0,29291180.0,20100.0,18659900.0,False,True,True,True,True,False
190A.T,190A,Ｃｈｏｒｄｉａ　Ｔｈｅｒａｐｅｕｔｉｃｓ,Growth,医薬品,,2026-09-18,554.0,69.0,29223235.0,405690.0,19761600.0,False,False,True,True,True,False
4627.T,4627,ナトコ,Standard,化学,,2026-09-18,2619.0,1941.0,29153820.0,15375.0,5240700.0,False,True,True,True,True,False
2923.T,2923,サトウ食品,Standard,食料品,,2026-09-18,2619.0,7470.0,29148150.0,3750.0,5229000.0,False,True,True,True,True,False
9941.T,9941,太洋物産,Standard,卸売業,,2026-09-18,2619.0,1173.0,29112725.0,23900.0,29794200.0,False,True,True,True,True,False
6050.T,6050,イー・ガーディアン,Prime,サービス業,,2026-09-18,2619.0,1814.0,29085825.0,16195.0,33014800.0,False,True,True,True,True,False
4783.T,4783,ＮＣＤ,Standard,情報・通信業,,2026-09-18,2619.0,2628.0,29039345.0,11060.0,16819200.0,False,True,True,True,True,False
2193.T,2193,クックパッド,Standard,サービス業,,2026-09-18,2619.0,131.0,29038730.0,223695.0,18444800.0,False,False,True,True,True,False
1967.T,1967,ヤマト,Standard,建設業,,2026-09-18,2619.0,2124.0,28953120.0,13750.0,42692400.0,False,True,True,True,True,False
1828.T,1828,田辺工業,Standard,建設業,,2026-09-18,2619.0,2445.0,28899490.0,11885.0,13692000.0,False,True,True,True,True,False
3551.T,3551,ダイニック,Standard,繊維製品,,2026-09-18,2619.0,1578.0,28897980.0,18060.0,37083000.0,False,True,True,True,True,False
4832.T,4832,ＪＦＥシステムズ,Standard,情報・通信業,,2026-09-18,2619.0,1901.0,28804455.0,14860.0,31936800.0,False,True,True,True,True,False
4113.T,4113,田岡化学工業,Standard,化学,,2026-09-18,2619.0,803.0,28723575.0,35700.0,13329800.0,False,True,True,True,True,False
8018.T,8018,三共生興,Standard,卸売業,,2026-09-18,2619.0,863.0,28712540.0,33265.0,25113300.0,False,True,True,True,True,False
4576.T,4576,デ・ウエスタン・セラピテクス研究所,Growth,医薬品,,2026-09-18,2619.0,69.0,28668030.0,366210.0,11385000.0,False,False,True,True,True,False
1716.T,1716,第一カッター興業,Standard,建設業,,2026-09-18,2619.0,1375.0,28599425.0,20580.0,29012500.0,False,True,True,True,True,False
4441.T,4441,トビラシステムズ,Standard,情報・通信業,,2026-09-18,1804.0,1497.0,28572395.0,19035.0,19461000.0,False,True,True,True,True,False
7820.T,7820,ニホンフラッシュ,Prime,その他製品,,2026-09-18,2619.0,712.0,28418630.0,40105.0,15236800.0,False,True,True,True,True,False
4040.T,4040,南海化学,Standard,化学,,2026-09-18,836.0,3920.0,28400575.0,7300.0,17248000.0,False,True,True,True,True,False
6620.T,6620,宮越ホールディングス,Prime,不動産業,,2026-09-18,2619.0,674.0,28380900.0,40625.0,39496400.0,False,True,True,True,True,False
6533.T,6533,Ｏｒｃｈｅｓｔｒａ　Ｈｏｌｄｉｎｇｓ,Prime,サービス業,,2026-09-18,2467.0,1234.0,28204620.0,24065.0,67499800.0,False,True,True,True,True,False
7292.T,7292,村上開明堂,Standard,輸送用機器,,2026-09-18,2619.0,6920.0,28201150.0,4135.0,28372000.0,False,True,True,True,True,False
6091.T,6091,ウエスコホールディングス,Standard,サービス業,,2026-09-18,2619.0,952.0,28193380.0,31125.0,3617600.0,False,True,True,True,True,False
4379.T,4379,Ｐｈｏｔｏｓｙｎｔｈ,Growth,情報・通信業,,2026-09-18,1192.0,506.0,28070865.0,60625.0,91636600.0,False,True,True,True,True,False
4073.T,4073,ジィ・シィ企画,Growth,情報・通信業,,2026-09-18,1219.0,549.0,28007570.0,52725.0,333188100.0,False,True,True,True,True,False
2819.T,2819,エバラ食品工業,Standard,食料品,,2026-09-18,2619.0,2515.0,28002365.0,11050.0,12072000.0,False,True,True,True,True,False
9235.T,9235,売れるネット広告社グループ,Growth,サービス業,,2026-09-18,711.0,403.0,27900290.0,63795.0,43322500.0,False,True,True,True,True,False
8275.T,8275,フォーバル,Standard,卸売業,,2026-09-18,2619.0,1003.0,27788995.0,27745.0,31895400.0,False,True,True,True,True,False
5282.T,5282,ジオスター,Standard,ガラス・土石製品,,2026-09-18,2619.0,405.0,27778325.0,65855.0,19318500.0,False,True,True,True,True,False
4347.T,4347,ブロードメディア,Standard,サービス業,,2026-09-18,2619.0,1831.0,27758110.0,15870.0,14098700.0,False,True,True,True,True,False
3911.T,3911,Ａｉｍｉｎｇ,Growth,情報・通信業,,2026-09-18,2619.0,172.0,27725520.0,154800.0,28586400.0,False,False,True,True,True,False
7983.T,7983,ミロク,Standard,その他製品,,2026-09-18,2619.0,1176.0,27534935.0,21105.0,3410400.0,False,True,True,False,True,False
2204.T,2204,中村屋,Standard,食料品,,2026-09-18,2619.0,3130.0,27468125.0,8700.0,29422000.0,False,True,True,True,True,False
6969.T,6969,松尾電機,Standard,電気機器,,2026-09-18,2619.0,994.0,27263370.0,27135.0,17892000.0,False,True,True,True,True,False
8999.T,8999,グランディハウス,Prime,不動産業,,2026-09-18,2619.0,568.0,27141095.0,47625.0,13461600.0,False,True,True,True,True,False
5644.T,5644,メタルアート,Standard,鉄鋼,,2026-09-18,2619.0,7270.0,27067600.0,3695.0,4362000.0,False,True,True,True,True,False
6912.T,6912,菊水ホールディングス,Standard,電気機器,,2026-09-18,2619.0,2636.0,26978450.0,10800.0,46393600.0,False,True,True,True,True,False
2475.T,2475,ＷＤＢホールディングス,Prime,サービス業,,2026-09-18,2619.0,1783.0,26975500.0,15015.0,31024200.0,False,True,True,True,True,False
155A.T,155A,情報戦略テクノロジー,Growth,情報・通信業,,2026-09-18,607.0,835.0,26974400.0,32545.0,37241000.0,False,True,True,True,True,False
7266.T,7266,今仙電機製作所,Standard,輸送用機器,,2026-09-18,2619.0,990.0,26929550.0,26820.0,12276000.0,False,True,True,True,True,False
3921.T,3921,ネオジャパン,Prime,情報・通信業,,2026-09-18,2619.0,1706.0,26924015.0,16510.0,38385000.0,False,True,True,True,True,False
3807.T,3807,フィスコ,Growth,情報・通信業,,2026-09-18,2619.0,90.0,26818750.0,304325.0,20295000.0,False,False,True,True,True,False
5871.T,5871,ＳＯＬＩＺＥ　Ｈｏｌｄｉｎｇｓ,Standard,サービス業,,2026-09-18,640.0,1388.0,26695755.0,18570.0,4441600.0,False,True,True,True,True,False
7378.T,7378,アシロ,Growth,サービス業,,2026-09-18,1264.0,1571.0,26688630.0,17060.0,19323300.0,False,True,True,True,True,False
5258.T,5258,トランザクション・メディア・ネットワークス,Growth,情報・通信業,,2026-09-18,848.0,438.0,26675820.0,62330.0,20805000.0,False,True,True,True,True,False
274A.T,274A,ガーデン,Standard,小売業,,2026-09-18,445.0,2254.0,26672510.0,11630.0,10143000.0,False,True,True,True,True,False
1921.T,1921,巴コーポレーション,Standard,建設業,,2026-09-18,2619.0,2004.0,26583055.0,13820.0,45891600.0,False,True,True,True,True,False
3542.T,3542,ベガコーポレーション,Growth,小売業,,2026-09-18,2521.0,1506.0,26567930.0,17760.0,12499800.0,False,True,True,True,True,False
2404.T,2404,鉄人化ホールディングス,Standard,サービス業,,2026-09-18,2619.0,534.0,26507705.0,48405.0,4912800.0,False,True,True,True,True,False
4538.T,4538,扶桑薬品工業,Prime,医薬品,,2026-09-18,2619.0,2265.0,26452940.0,11715.0,33522000.0,False,True,True,True,True,False
369A.T,369A,エータイ,Growth,サービス業,,2026-09-18,302.0,2682.0,26390730.0,10270.0,21187800.0,False,True,True,True,True,False
3935.T,3935,エディア,Standard,情報・通信業,,2026-09-18,2569.0,731.0,26328760.0,37180.0,18713600.0,False,True,True,True,True,False
7571.T,7571,ヤマノホールディングス,Standard,小売業,,2026-09-18,2619.0,84.0,26204815.0,298435.0,21546000.0,False,False,True,True,True,False
9204.T,9204,スカイマーク,Growth,空運業,,2026-09-18,2619.0,425.0,26130045.0,61840.0,15470000.0,False,True,True,True,True,False
5446.T,5446,北越メタル,Standard,鉄鋼,,2026-09-18,2619.0,1088.0,26118840.0,24230.0,1414400.0,False,True,True,True,True,False
9651.T,9651,日本プロセス,Standard,情報・通信業,,2026-09-18,2619.0,1928.0,26032520.0,12990.0,15424000.0,False,True,True,True,True,False
6199.T,6199,セラク,Standard,サービス業,,2026-09-18,2517.0,1463.0,25959735.0,18700.0,27065500.0,False,True,True,True,True,False
4371.T,4371,コアコンセプト・テクノロジー,Growth,情報・通信業,,2026-09-18,1222.0,1481.0,25959465.0,18125.0,11403700.0,False,True,True,True,True,False
9337.T,9337,トリドリ,Growth,サービス業,,2026-09-18,919.0,1447.0,25872710.0,17785.0,17798100.0,False,True,True,True,True,False
5816.T,5816,オーナンバ,Standard,非鉄金属,,2026-09-18,2619.0,1440.0,25842255.0,17760.0,12960000.0,False,True,True,True,True,False
7987.T,7987,ナカバヤシ,Standard,その他製品,,2026-09-18,2619.0,570.0,25679170.0,45570.0,14820000.0,False,True,True,True,True,False
6989.T,6989,北陸電気工業,Standard,電気機器,,2026-09-18,2619.0,2348.0,25674385.0,10850.0,17140400.0,False,True,True,True,True,False
4264.T,4264,セキュア,Growth,情報・通信業,,2026-09-18,1156.0,1403.0,25639340.0,17960.0,25254000.0,False,True,True,True,True,False
7185.T,7185,ヒロセ通商,Standard,証券、商品先物取引業,,2026-09-18,2588.0,3885.0,25623250.0,6540.0,47008500.0,False,True,True,True,True,False
3075.T,3075,銚子丸,Standard,小売業,,2026-09-18,2619.0,1729.0,25535930.0,15030.0,234452400.0,False,True,True,True,True,False
4838.T,4838,スペースシャワーＳＫＩＹＡＫＩホールディングス,Standard,情報・通信業,,2026-09-18,2619.0,708.0,25520750.0,36195.0,21664800.0,False,True,True,True,True,False
2927.T,2927,ＡＦＣ－ＨＤアムスライフサイエンス,Standard,食料品,,2026-09-18,2619.0,854.0,25497575.0,29125.0,11443600.0,False,True,True,True,True,False
1384.T,1384,ホクリヨウ,Standard,水産・農林業,,2026-09-18,2619.0,2145.0,25356565.0,11565.0,25311000.0,False,True,True,True,True,False
2751.T,2751,テンポスホールディングス,Standard,卸売業,,2026-09-18,2619.0,3580.0,25248000.0,6900.0,35442000.0,False,True,True,True,True,False
9788.T,9788,ナック,Prime,サービス業,,2026-09-18,2619.0,518.0,25214320.0,48460.0,15591800.0,False,True,True,True,True,False
3878.T,3878,巴川コーポレーション,Standard,化学,,2026-09-18,2619.0,838.0,25172575.0,29270.0,10056000.0,False,True,True,True,True,False
372A.T,372A,レント,Standard,サービス業,,2026-09-18,300.0,5550.0,25117950.0,4510.0,18315000.0,False,True,True,True,True,False
6151.T,6151,日東工器,Prime,機械,,2026-09-18,2619.0,1755.0,25098545.0,14460.0,43699500.0,False,True,True,True,True,False
6262.T,6262,ＰＥＧＡＳＵＳ,Standard,機械,,2026-09-18,2619.0,527.0,25071890.0,47475.0,32990200.0,False,True,True,True,True,False
2428.T,2428,ウェルネット,Standard,サービス業,,2026-09-18,2619.0,623.0,25031835.0,39520.0,12646900.0,False,True,True,True,True,False
8029.T,8029,ルックホールディングス,Standard,繊維製品,,2026-09-18,2619.0,2699.0,24853335.0,9335.0,21861900.0,False,True,True,True,True,False
3835.T,3835,ｅＢＡＳＥ,Prime,情報・通信業,,2026-09-18,2619.0,435.0,24774930.0,56945.0,16965000.0,False,True,True,True,True,False
2700.T,2700,木徳神糧,Standard,卸売業,,2026-09-18,2619.0,1730.0,24725255.0,13865.0,21452000.0,False,True,True,True,True,False
7425.T,7425,初穂商事,Standard,卸売業,,2026-09-18,2619.0,1100.0,24562595.0,21750.0,660000.0,False,True,True,True,True,False
2164.T,2164,地域新聞社,Growth,サービス業,,2026-09-18,2619.0,113.0,24486595.0,175700.0,4135800.0,False,False,True,True,True,False
6955.T,6955,ＦＤＫ,Standard,電気機器,,2026-09-18,2619.0,410.0,24461860.0,59340.0,26978000.0,False,True,True,True,True,False
3560.T,3560,ほぼ日,Standard,小売業,,2026-09-18,2344.0,5200.0,24434075.0,5250.0,182000000.0,False,True,True,True,True,False
269A.T,269A,Ｓａｐｅｅｔ,Growth,情報・通信業,,2026-09-18,462.0,2920.0,24420850.0,8750.0,9636000.0,False,True,True,True,True,False
3447.T,3447,信和,Standard,金属製品,,2026-09-18,2086.0,1020.0,24416530.0,24080.0,32844000.0,False,True,True,True,True,False
6035.T,6035,アイ・アールジャパンホールディングス,Prime,サービス業,,2026-09-18,2619.0,763.0,24399295.0,33030.0,102394600.0,False,True,True,True,True,False
7191.T,7191,イントラスト,Standard,その他金融業,,2026-09-18,2411.0,1214.0,24348780.0,20750.0,19909600.0,False,True,True,True,True,False
7050.T,7050,フロンティアインターナショナル,Growth,サービス業,,2026-09-18,1844.0,1560.0,24292485.0,16625.0,42120000.0,False,True,True,True,True,False
3992.T,3992,ニーズウェル,Prime,情報・通信業,,2026-09-18,2215.0,472.0,24263650.0,51265.0,28508800.0,False,True,True,True,True,False
9237.T,9237,笑美面,Growth,サービス業,,2026-09-18,708.0,855.0,24229975.0,26985.0,7011000.0,False,True,True,True,True,False
208A.T,208A,構造計画研究所ホールディングス,Standard,情報・通信業,,2026-09-18,2619.0,2910.0,24189735.0,8275.0,8148000.0,False,True,True,True,True,False
3237.T,3237,イントランス,Growth,不動産業,,2026-09-18,2619.0,94.0,24179525.0,251665.0,104368200.0,False,False,True,True,True,False
7048.T,7048,ベルトラ,Growth,サービス業,,2026-09-18,1886.0,154.0,24174710.0,154380.0,68437600.0,False,False,True,True,True,False
3440.T,3440,日創グループ,Standard,金属製品,,2026-09-18,1753.0,865.0,24067800.0,26825.0,11158500.0,False,True,True,True,True,False
4880.T,4880,セルソース,Prime,医薬品,,2026-09-18,1684.0,323.0,24015115.0,72085.0,23352900.0,False,True,True,True,True,False
1960.T,1960,サンテック,Standard,建設業,,2026-09-18,2619.0,1665.0,23982945.0,14320.0,20812500.0,False,True,True,True,True,False
6086.T,6086,シンメンテホールディングス,Growth,サービス業,,2026-09-18,2619.0,1044.0,23936110.0,23440.0,27561600.0,False,True,True,True,True,False
1914.T,1914,日本基礎技術,Standard,建設業,,2026-09-18,2619.0,807.0,23913890.0,29635.0,11620800.0,False,True,True,True,True,False
5255.T,5255,モンスターラボ,Growth,情報・通信業,,2026-09-18,853.0,78.0,23901635.0,267710.0,42276000.0,False,False,True,True,True,False
9564.T,9564,ＦＣＥ,Standard,サービス業,,2026-09-18,954.0,562.0,23862875.0,41645.0,16241800.0,False,True,True,True,True,False
6030.T,6030,アドベンチャー,Growth,サービス業,,2026-09-18,2619.0,1790.0,23855215.0,14265.0,10740000.0,False,True,True,True,True,False
5261.T,5261,リソルホールディングス,Prime,サービス業,,2026-09-18,2619.0,7680.0,23578200.0,3075.0,18432000.0,False,True,True,True,True,False
6138.T,6138,ダイジェット工業,Standard,機械,,2026-09-18,2619.0,1969.0,23562865.0,11630.0,8663600.0,False,True,True,True,True,False
7352.T,7352,ＴＷＯＳＴＯＮＥ＆Ｓｏｎｓ,Growth,サービス業,,2026-09-18,1515.0,322.0,23556560.0,70035.0,17999800.0,False,True,True,True,True,False
9212.T,9212,Ｇｒｅｅｎ　Ｅａｒｔｈ　Ｉｎｓｔｉｔｕｔｅ,Growth,サービス業,,2026-09-18,1158.0,282.0,23506865.0,85425.0,16835400.0,False,True,True,True,True,False
6082.T,6082,ライドオンエクスプレスホールディングス,Standard,サービス業,,2026-09-18,2619.0,996.0,23505740.0,23335.0,33963600.0,False,True,True,True,True,False
5983.T,5983,イワブチ,Standard,金属製品,,2026-09-18,2619.0,13900.0,23494450.0,1730.0,1390000.0,False,True,True,True,True,False
7035.T,7035,ａｎｄ　ｆａｃｔｏｒｙ,Standard,サービス業,,2026-09-18,1964.0,218.0,23451360.0,96880.0,11336000.0,False,True,True,True,True,False
7356.T,7356,Ｒｅｔｔｙ,Growth,サービス業,,2026-09-18,1440.0,118.0,23271550.0,189720.0,2466200.0,False,False,True,True,True,False
3927.T,3927,フーバーブレイン,Growth,情報・通信業,,2026-09-18,2619.0,900.0,23213175.0,25995.0,12960000.0,False,True,True,True,True,False
6228.T,6228,ジェイ・イー・ティ,Standard,機械,,2026-09-18,1341.0,541.0,23102775.0,44565.0,15202100.0,False,True,True,True,True,False
3963.T,3963,シンクロ・フード,Prime,情報・通信業,,2026-09-18,2458.0,330.0,23067665.0,68390.0,28677000.0,False,True,True,True,True,False
2479.T,2479,ジェイテック,Standard,サービス業,,2026-09-18,2619.0,268.0,23064295.0,88485.0,28140000.0,False,True,True,True,True,False
3242.T,3242,アーバネットコーポレーション,Standard,不動産業,,2026-09-18,2619.0,529.0,23018295.0,43745.0,27719600.0,False,True,True,True,True,False
4199.T,4199,ワンダープラネット,Growth,情報・通信業,,2026-09-18,1292.0,806.0,22926585.0,26195.0,3224000.0,False,True,True,True,True,False
4013.T,4013,勤次郎,Growth,情報・通信業,,2026-09-18,1453.0,651.0,22659380.0,34595.0,24607800.0,False,True,True,True,True,False
4412.T,4412,サイエンスアーツ,Growth,情報・通信業,,2026-09-18,1179.0,1355.0,22647495.0,16935.0,7452500.0,False,True,True,True,True,False
7460.T,7460,ヤギ,Standard,卸売業,,2026-09-18,2619.0,1627.0,22578450.0,13535.0,12690600.0,False,True,True,True,True,False
3183.T,3183,ウイン・パートナーズ,Prime,卸売業,,2026-09-18,2619.0,1273.0,22573115.0,17860.0,16803600.0,False,True,True,True,True,False
3422.T,3422,Ｊ－ＭＡＸ,Standard,金属製品,,2026-09-18,1352.0,606.0,22485770.0,36700.0,6060000.0,False,True,True,True,True,False
1491.T,1491,中外鉱業,Standard,非鉄金属,,2026-09-18,2619.0,761.0,22470400.0,30315.0,21688500.0,False,True,True,True,True,False
6257.T,6257,藤商事,Standard,機械,,2026-09-18,2619.0,1016.0,22455120.0,22110.0,20421600.0,False,True,True,True,True,False
3640.T,3640,電算,Standard,情報・通信業,,2026-09-18,2619.0,2845.0,22436125.0,7955.0,19630500.0,False,True,True,True,True,False
2268.T,2268,Ｂ－Ｒ　サーティワン　アイスクリーム,Standard,食料品,,2026-09-18,2619.0,4045.0,22387075.0,5525.0,9303500.0,False,True,True,True,True,False
8798.T,8798,アドバンスクリエイト,Prime,保険業,,2026-09-18,2619.0,174.0,22370720.0,134740.0,364791000.0,False,False,True,True,True,False
7022.T,7022,サノヤスホールディングス,Standard,機械,,2026-09-18,2619.0,364.0,22347955.0,65685.0,38802400.0,False,True,True,True,True,False
6643.T,6643,戸上電機製作所,Standard,電気機器,,2026-09-18,2619.0,5730.0,22334550.0,3945.0,7449000.0,False,True,True,True,True,False
3121.T,3121,マーチャント・バンカーズ,Standard,サービス業,,2026-09-18,2619.0,258.0,22248820.0,84605.0,14138400.0,False,True,True,True,True,False
7068.T,7068,フィードフォースグループ,Growth,サービス業,,2026-09-18,1759.0,616.0,22072590.0,36480.0,17987200.0,False,True,True,True,True,False
9633.T,9633,東京テアトル,Standard,不動産業,,2026-09-18,2619.0,1900.0,22028050.0,11420.0,14250000.0,False,True,True,True,True,False
2393.T,2393,日本ケアサプライ,Standard,サービス業,,2026-09-18,2619.0,4470.0,21958600.0,5075.0,49170000.0,False,True,True,True,True,False
7908.T,7908,きもと,Standard,化学,,2026-09-18,2619.0,246.0,21944930.0,91665.0,26961600.0,False,True,True,True,True,False
6149.T,6149,小田原エンジニアリング,Standard,機械,,2026-09-18,2619.0,2185.0,21917490.0,9660.0,8740000.0,False,True,True,True,True,False
8887.T,8887,シーラホールディングス,Standard,不動産業,,2026-09-18,2619.0,358.0,21904175.0,59490.0,29069600.0,False,True,True,True,True,False
4176.T,4176,ココナラ,Growth,情報・通信業,,2026-09-18,1347.0,278.0,21808520.0,77895.0,16735600.0,False,True,True,True,True,False
5071.T,5071,ヴィス,Standard,サービス業,,2026-09-18,1587.0,1485.0,21702205.0,14840.0,49599000.0,False,True,True,True,True,False
2999.T,2999,ホームポジション,Standard,不動産業,,2026-09-18,1039.0,507.0,21666670.0,39430.0,2382900.0,False,True,True,True,True,False
3747.T,3747,インタートレード,Standard,情報・通信業,,2026-09-18,2619.0,405.0,21652810.0,49355.0,9801000.0,False,True,True,True,True,False
7359.T,7359,東京通信グループ,Growth,サービス業,,2026-09-18,1403.0,261.0,21652770.0,77535.0,8874000.0,False,True,True,True,True,False
3236.T,3236,プロパスト,Standard,不動産業,,2026-09-18,2619.0,283.0,21484850.0,75125.0,11886000.0,False,True,True,True,True,False
4094.T,4094,日本化学産業,Standard,化学,,2026-09-18,2619.0,2293.0,21452960.0,9405.0,23159300.0,False,True,True,True,True,False
7707.T,7707,プレシジョン・システム・サイエンス,Growth,精密機器,,2026-09-18,2619.0,210.0,21429660.0,99850.0,7035000.0,False,True,True,True,True,False
2375.T,2375,ギグワークス,Standard,サービス業,,2026-09-18,2619.0,200.0,21400975.0,98545.0,6480000.0,False,True,True,True,True,False
9158.T,9158,シーユーシー,Growth,サービス業,,2026-09-18,795.0,800.0,21267945.0,28095.0,36000000.0,False,True,True,True,True,False
3010.T,3010,ポラリス・ホールディングス,Standard,サービス業,,2026-09-18,2619.0,189.0,21264615.0,111760.0,26271000.0,False,False,True,True,True,False
7091.T,7091,リビングプラットフォーム,Growth,サービス業,,2026-09-18,1592.0,1300.0,21250505.0,16505.0,27040000.0,False,True,True,True,True,False
7363.T,7363,ベビーカレンダー,Growth,サービス業,,2026-09-18,1343.0,1649.0,21178165.0,14020.0,256914200.0,False,True,True,True,True,False
3926.T,3926,オープンドア,Prime,情報・通信業,,2026-09-18,2619.0,440.0,21082230.0,48685.0,9152000.0,False,True,True,True,True,False
6577.T,6577,ベストワンドットコム,Growth,サービス業,,2026-09-18,2059.0,1367.0,21034540.0,13790.0,20778400.0,False,True,True,True,True,False
9557.T,9557,エアークローゼット,Growth,サービス業,,2026-09-18,1014.0,249.0,21012135.0,86065.0,4531800.0,False,True,True,True,True,False
2926.T,2926,篠崎屋,Standard,食料品,,2026-09-18,2619.0,123.0,20991405.0,166340.0,8388600.0,False,False,True,True,True,False
7980.T,7980,重松製作所,Standard,その他製品,,2026-09-18,2619.0,877.0,20896480.0,24300.0,22012700.0,False,True,True,True,True,False
8904.T,8904,ＡＶＡＮＴＩＡ,Standard,不動産業,,2026-09-18,2619.0,823.0,20886155.0,24895.0,8476900.0,False,True,True,True,True,False
9229.T,9229,サンウェルズ,Prime,サービス業,,2026-09-18,1037.0,113.0,20860560.0,179435.0,5638700.0,False,False,True,True,True,False
5464.T,5464,モリ工業,Standard,鉄鋼,,2026-09-18,2619.0,940.0,20785740.0,22175.0,21902000.0,False,True,True,True,True,False
9994.T,9994,やまや,Standard,小売業,,2026-09-18,2619.0,2045.0,20659905.0,10085.0,3476500.0,False,True,True,True,True,False
7075.T,7075,ＱＬＳホールディングス,Growth,サービス業,,2026-09-18,1314.0,993.0,20635180.0,20790.0,21548100.0,False,True,True,True,True,False
4476.T,4476,ＡＩ　ＣＲＯＳＳ,Growth,情報・通信業,,2026-09-18,1697.0,1085.0,20552445.0,18170.0,17902500.0,False,True,True,True,True,False
4893.T,4893,ノイルイミューン・バイオテック,Growth,医薬品,,2026-09-18,790.0,137.0,20549965.0,137940.0,22084400.0,False,False,True,True,True,False
6073.T,6073,アサンテ,Prime,サービス業,,2026-09-18,2619.0,1521.0,20519860.0,13480.0,20533500.0,False,True,True,True,True,False
2892.T,2892,日本食品化工,Standard,食料品,,2026-09-18,2619.0,4870.0,20518375.0,4420.0,29707000.0,False,True,True,True,True,False
4574.T,4574,大幸薬品,Prime,医薬品,,2026-09-18,2619.0,257.0,20412065.0,78900.0,19917500.0,False,True,True,True,True,False
2449.T,2449,プラップジャパン,Standard,サービス業,,2026-09-18,2619.0,1061.0,20410400.0,18875.0,3289100.0,False,True,True,True,True,False
6678.T,6678,テクノメディカ,Standard,電気機器,,2026-09-18,2619.0,2060.0,20405570.0,9950.0,11742000.0,False,True,True,True,True,False
1376.T,1376,カネコ種苗,Standard,水産・農林業,,2026-09-18,2619.0,1603.0,20337260.0,12640.0,12503400.0,False,True,True,True,True,False
7692.T,7692,アースインフィニティ,Standard,電気・ガス業,,2026-09-18,1449.0,77.0,20217200.0,254165.0,3588200.0,False,False,True,True,True,False
6573.T,6573,アジャイルメディア・ネットワーク,Growth,サービス業,,2026-09-18,2078.0,26.0,20167705.0,702890.0,15886000.0,False,False,True,True,True,False
2438.T,2438,アスカネット,Growth,サービス業,,2026-09-18,2619.0,341.0,20156575.0,57945.0,4398900.0,False,True,True,True,True,False
4488.T,4488,ＡＩ　ｉｎｓｉｄｅ,Growth,情報・通信業,,2026-09-18,1643.0,2145.0,20149015.0,9095.0,6649500.0,False,True,True,True,True,False
3501.T,3501,ＳＵＭＩＮＯＥ,Prime,繊維製品,,2026-09-18,2619.0,1196.0,20079830.0,17050.0,10285600.0,False,True,True,True,True,False
6496.T,6496,中北製作所,Standard,機械,,2026-09-18,2619.0,5600.0,20056950.0,3615.0,6160000.0,False,True,True,True,True,False
6031.T,6031,ＺＥＴＡ,Growth,サービス業,,2026-09-18,2619.0,277.0,20029335.0,69455.0,7395900.0,False,True,True,True,True,False
7049.T,7049,識学,Growth,サービス業,,2026-09-18,1847.0,777.0,20014240.0,24475.0,6293700.0,False,True,True,True,True,False
5280.T,5280,ヨシコン,Standard,不動産業,,2026-09-18,2619.0,2249.0,20001765.0,9040.0,15293200.0,False,True,True,True,True,False
2323.T,2323,ｆｏｎｆｕｎ,Standard,情報・通信業,,2026-09-18,2619.0,356.0,20001295.0,60500.0,10430800.0,False,True,True,True,True,False
1430.T,1430,ファーストコーポレーション,Standard,建設業,,2026-09-18,2619.0,1066.0,19971045.0,19150.0,14924000.0,False,True,True,True,True,False
3772.T,3772,ウェルス・マネジメント,Standard,不動産業,,2026-09-18,2619.0,1112.0,19928540.0,18145.0,15901600.0,False,True,True,True,True,False
9344.T,9344,アクシスコンサルティング,Growth,サービス業,,2026-09-18,853.0,1330.0,19919060.0,15215.0,9709000.0,False,True,True,True,True,False
2303.T,2303,ドーン,Standard,情報・通信業,,2026-09-18,2619.0,1357.0,19910345.0,14650.0,15198400.0,False,True,True,True,True,False
6540.T,6540,船場,Standard,サービス業,,2026-09-18,2403.0,1498.0,19819215.0,13120.0,29061200.0,False,True,True,True,True,False
9046.T,9046,神戸電鉄,Prime,陸運業,,2026-09-18,2619.0,2465.0,19803300.0,7995.0,37221500.0,False,True,True,True,True,False
3987.T,3987,エコモット,Growth,情報・通信業,,2026-09-18,2280.0,626.0,19779870.0,29460.0,4006400.0,False,True,True,True,True,False
6444.T,6444,サンデン,Standard,機械,,2026-09-18,2619.0,195.0,19743395.0,104500.0,22035000.0,False,False,True,True,True,False
6743.T,6743,大同信号,Standard,電気機器,,2026-09-18,2619.0,1055.0,19740500.0,19050.0,6224500.0,False,True,True,True,True,False
8091.T,8091,ニチモウ,Prime,卸売業,,2026-09-18,2619.0,2414.0,19723995.0,8175.0,15932400.0,False,True,True,True,True,False
2488.T,2488,ＪＴＰ,Standard,サービス業,,2026-09-18,2619.0,1442.0,19720305.0,13605.0,10959200.0,False,True,True,True,True,False
5216.T,5216,倉元製作所,Standard,ガラス・土石製品,,2026-09-18,2619.0,140.0,19705550.0,131730.0,10570000.0,False,False,True,True,True,False
7962.T,7962,キングジム,Prime,その他製品,,2026-09-18,2619.0,802.0,19632555.0,24550.0,16200400.0,False,True,True,True,True,False
5575.T,5575,Ｇｌｏｂｅｅ,Growth,情報・通信業,,2026-09-18,800.0,1141.0,19481615.0,16875.0,4564000.0,False,True,True,True,True,False
6156.T,6156,エーワン精密,Standard,機械,,2026-09-18,2619.0,1844.0,19462180.0,10590.0,8482400.0,False,True,True,True,True,False
2198.T,2198,アイ・ケイ・ケイホールディングス,Prime,サービス業,,2026-09-18,2619.0,774.0,19369925.0,24870.0,12693600.0,False,True,True,True,True,False
3467.T,3467,アグレ都市デザイン,Standard,不動産業,,2026-09-18,2588.0,2816.0,19251185.0,6740.0,14643200.0,False,True,True,True,True,False
9438.T,9438,エムティーアイ,Prime,情報・通信業,,2026-09-18,2619.0,607.0,19212690.0,32005.0,13839600.0,False,True,True,True,True,False
7638.T,7638,ＮＥＷ　ＡＲＴ　ＨＯＬＤＩＮＧＳ,Standard,小売業,,2026-09-18,2619.0,1421.0,19210690.0,13715.0,24583300.0,False,True,True,True,True,False
2440.T,2440,ぐるなび,Prime,サービス業,,2026-09-18,2619.0,123.0,19145900.0,151745.0,16174500.0,False,False,True,True,True,False
8705.T,8705,日産証券グループ,Standard,証券、商品先物取引業,,2026-09-18,2619.0,223.0,19086430.0,86470.0,14874100.0,False,True,True,True,True,False
4998.T,4998,フマキラー,Standard,化学,,2026-09-18,2619.0,1170.0,19060135.0,15995.0,16146000.0,False,True,True,True,True,False
9082.T,9082,大和自動車交通,Standard,陸運業,,2026-09-18,2619.0,2294.0,18945235.0,7980.0,2523400.0,False,True,True,True,True,False
8747.T,8747,豊トラスティ証券,Standard,証券、商品先物取引業,,2026-09-18,2619.0,2345.0,18927035.0,8395.0,52997000.0,False,True,True,True,True,False
286A.T,286A,ユカリア,Growth,サービス業,,2026-09-18,431.0,770.0,18918750.0,23450.0,33726000.0,False,True,True,True,True,False
6518.T,6518,三相電機,Standard,電気機器,,2026-09-18,2619.0,1693.0,18825975.0,11090.0,13205400.0,False,True,True,True,True,False
2991.T,2991,ランドネット,Standard,不動産業,,2026-09-18,1263.0,527.0,18694480.0,35170.0,5744300.0,False,True,True,True,True,False
3134.T,3134,Ｈａｍｅｅ,Standard,小売業,,2026-09-18,2619.0,297.0,18662395.0,62355.0,8702100.0,False,True,True,True,True,False
5103.T,5103,昭和ホールディングス,Standard,ゴム製品,,2026-08-24,2600.0,1.0,18653805.0,3575175.0,14331500.0,False,False,True,False,False,False
7722.T,7722,国際計測器,Standard,精密機器,,2026-09-18,2619.0,781.0,18592650.0,23840.0,22649000.0,False,True,True,True,True,False
2340.T,2340,極楽湯ホールディングス,Standard,サービス業,,2026-09-18,2619.0,540.0,18575285.0,35425.0,20736000.0,False,True,True,True,True,False
8737.T,8737,あかつき本社,Standard,証券、商品先物取引業,,2026-09-18,2619.0,617.0,18458085.0,29660.0,24371500.0,False,True,True,True,True,False
4014.T,4014,カラダノート,Growth,情報・通信業,,2026-09-18,1442.0,453.0,18409485.0,37715.0,17440500.0,False,True,True,True,True,False
6548.T,6548,旅工房,Growth,サービス業,,2026-09-18,2322.0,124.0,18355355.0,147375.0,5939600.0,False,False,True,True,True,False
6249.T,6249,ゲームカードホールディングス,Standard,機械,,2026-09-18,2619.0,2822.0,18314465.0,6440.0,11570200.0,False,True,True,True,True,False
6658.T,6658,シライ電子工業,Standard,電気機器,,2026-09-18,2619.0,451.0,18256810.0,40260.0,13394700.0,False,True,True,True,True,False
2901.T,2901,ウェルディッシュ,Standard,食料品,,2026-09-18,2619.0,148.0,18187765.0,119245.0,11292400.0,False,False,True,True,True,False
5591.T,5591,ＡＶＩＬＥＮ,Growth,情報・通信業,,2026-09-18,728.0,871.0,17915600.0,20575.0,8448700.0,False,True,True,True,True,False
6229.T,6229,オーケーエム,Standard,機械,,2026-09-18,1408.0,1466.0,17831960.0,11980.0,8942600.0,False,True,True,True,True,False
7371.T,7371,Ｚｅｎｋｅｎ,Growth,サービス業,,2026-09-18,1288.0,802.0,17803730.0,22280.0,4972400.0,False,True,True,True,True,False
3895.T,3895,ハビックス,Standard,パルプ・紙,,2026-09-18,2619.0,462.0,17803565.0,36650.0,3141600.0,False,True,True,True,True,False
3683.T,3683,サイバーリンクス,Standard,情報・通信業,,2026-09-18,2619.0,1093.0,17744940.0,15955.0,23280900.0,False,True,True,True,True,False
9218.T,9218,メンタルヘルステクノロジーズ,Growth,サービス業,,2026-09-18,1098.0,790.0,17737990.0,22685.0,19197000.0,False,True,True,True,True,False
6338.T,6338,タカトリ,Standard,機械,,2026-09-18,2619.0,1647.0,17729370.0,10715.0,24210900.0,False,True,True,True,True,False
9368.T,9368,キムラユニティー,Standard,倉庫・運輸関連業,,2026-09-18,2619.0,959.0,17634700.0,18510.0,17837400.0,False,True,True,True,True,False
4175.T,4175,ｃｏｌｙ,Growth,情報・通信業,,2026-09-18,1362.0,3025.0,17622765.0,6110.0,20267500.0,False,True,True,True,True,False
3021.T,3021,パシフィックネット,Standard,サービス業,,2026-09-18,2619.0,1631.0,17488215.0,10915.0,43710800.0,False,True,True,True,True,False
9639.T,9639,三協フロンテア,Standard,サービス業,,2026-09-18,2619.0,2380.0,17369600.0,7365.0,18326000.0,False,True,True,True,True,False
3512.T,3512,日本フエルト,Standard,繊維製品,,2026-09-18,2619.0,1013.0,17329025.0,16860.0,33125100.0,False,True,True,True,True,False
1827.T,1827,ナカノフドー建設,Standard,建設業,,2026-09-18,2619.0,1409.0,17324420.0,12575.0,27898200.0,False,True,True,True,True,False
3054.T,3054,ハイパー,Standard,卸売業,,2026-09-18,2619.0,370.0,17321375.0,47490.0,5291000.0,False,True,True,True,True,False
5942.T,5942,日本フイルコン,Standard,金属製品,,2026-09-18,2619.0,641.0,17297875.0,27095.0,24614400.0,False,True,True,True,True,False
206A.T,206A,ＰＲＩＳＭ　ＢｉｏＬａｂ,Growth,医薬品,,2026-09-18,542.0,169.0,17274675.0,101150.0,7013500.0,False,False,True,True,True,False
6721.T,6721,ウインテスト,Standard,電気機器,,2026-09-18,2619.0,77.0,17272665.0,233360.0,24855600.0,False,False,True,True,True,False
6061.T,6061,ユニバーサル園芸社,Standard,サービス業,,2026-09-18,2619.0,3165.0,17228300.0,5340.0,4431000.0,False,True,True,True,True,False
1848.T,1848,富士ピー・エス,Standard,建設業,,2026-09-18,2619.0,810.0,17220090.0,22075.0,17415000.0,False,True,True,True,True,False
6635.T,6635,大日光・エンジニアリング,Standard,電気機器,,2026-09-18,2619.0,675.0,17172310.0,25780.0,4590000.0,False,True,True,True,True,False
9127.T,9127,玉井商船,Standard,海運業,,2026-09-18,2619.0,3760.0,17154825.0,4905.0,16920000.0,False,True,True,True,True,False
7039.T,7039,ブリッジインターナショナルグループ,Growth,サービス業,,2026-09-18,1944.0,1358.0,17144725.0,12500.0,10320800.0,False,True,True,True,True,False
8931.T,8931,和田興産,Standard,不動産業,,2026-09-18,2619.0,1314.0,17088665.0,12490.0,3153600.0,False,True,True,True,True,False
254A.T,254A,ＡＩフュージョンキャピタルグループ,Standard,証券、商品先物取引業,,2026-09-18,2619.0,1214.0,17082960.0,14215.0,11168800.0,False,True,True,True,True,False
335A.T,335A,ミライロ,Growth,情報・通信業,,2026-09-18,366.0,329.0,17058875.0,51720.0,15594600.0,False,True,True,True,True,False
4629.T,4629,大伸化学,Standard,化学,,2026-09-18,2619.0,2518.0,17021160.0,6965.0,9064800.0,False,True,True,True,True,False
4932.T,4932,アルマード,Standard,化学,,2026-09-18,1282.0,829.0,17010645.0,21270.0,9533500.0,False,True,True,True,True,False
4031.T,4031,片倉コープアグリ,Standard,化学,,2026-09-18,2619.0,1090.0,16928410.0,15250.0,11772000.0,False,True,True,True,True,False
7374.T,7374,コンフィデンス・インターワークス,Growth,サービス業,,2026-09-18,1280.0,1519.0,16915945.0,11095.0,12152000.0,False,True,True,True,True,False
4829.T,4829,日本エンタープライズ,Standard,情報・通信業,,2026-09-18,2619.0,108.0,16891110.0,155165.0,13219200.0,False,False,True,True,True,False
5026.T,5026,トリプルアイズ,Growth,情報・通信業,,2026-09-18,1055.0,577.0,16837945.0,27535.0,22733800.0,False,True,True,True,True,False
4237.T,4237,フジプレアム,Standard,化学,,2026-09-18,2619.0,334.0,16835635.0,47905.0,7548400.0,False,True,True,True,True,False
7805.T,7805,プリントネット,Standard,その他製品,,2026-09-18,1934.0,717.0,16796955.0,23250.0,1434000.0,False,True,True,True,True,False
7247.T,7247,ミクニ,Standard,輸送用機器,,2026-09-18,2619.0,370.0,16747750.0,45110.0,13394000.0,False,True,True,True,True,False
3597.T,3597,自重堂,Standard,繊維製品,,2026-09-18,2619.0,9010.0,16746350.0,1860.0,9010000.0,False,True,True,True,True,False
4224.T,4224,ロンシール工業,Standard,化学,,2026-09-18,2619.0,2109.0,16727275.0,7895.0,40914600.0,False,True,True,True,True,False
4492.T,4492,ゼネテック,Standard,情報・通信業,,2026-09-18,1590.0,400.0,16719760.0,41570.0,2000000.0,False,True,True,True,True,False
6494.T,6494,ＮＦＫホールディングス,Standard,機械,,2026-09-18,2619.0,101.0,16687780.0,171535.0,33532000.0,False,False,True,True,True,False
6092.T,6092,エンバイオ・ホールディングス,Standard,サービス業,,2026-09-18,2618.0,819.0,16683390.0,19730.0,4176900.0,False,True,True,True,True,False
5204.T,5204,石塚硝子,Standard,ガラス・土石製品,,2026-09-18,2619.0,3070.0,16663055.0,5495.0,9517000.0,False,True,True,True,True,False
2790.T,2790,ナフコ,Standard,小売業,,2026-09-18,2619.0,2120.0,16507520.0,7805.0,9116000.0,False,True,True,True,True,False
3675.T,3675,クロス・マーケティンググループ,Prime,情報・通信業,,2026-09-18,2619.0,602.0,16403355.0,27200.0,6923000.0,False,True,True,True,True,False
6384.T,6384,昭和真空,Standard,機械,,2026-09-18,2619.0,1717.0,16239630.0,9520.0,8756700.0,False,True,True,True,True,False
5256.T,5256,Ｆｕｓｉｃ,Growth,情報・通信業,,2026-09-18,849.0,3040.0,16225275.0,5710.0,41344000.0,False,True,True,True,True,False
5843.T,5843,ニッポンインシュア,Standard,その他金融業,,2026-09-18,724.0,2307.0,16220195.0,6960.0,8766600.0,False,True,True,True,True,False
6382.T,6382,トリニティ工業,Standard,機械,,2026-09-18,2619.0,1232.0,16206730.0,13060.0,14168000.0,False,True,True,True,True,False
5587.T,5587,インバウンドプラットフォーム,Growth,情報・通信業,,2026-09-18,747.0,802.0,16201510.0,20185.0,6095200.0,False,True,True,True,True,False
7590.T,7590,タカショー,Standard,卸売業,,2026-09-18,2619.0,394.0,16186600.0,40240.0,9692400.0,False,True,True,True,True,False
416A.T,416A,富士ユナイトホールディングス,Standard,卸売業,,2026-09-18,2619.0,1367.0,16181230.0,12265.0,15447100.0,False,True,True,True,True,False
7131.T,7131,のむら産業,Standard,卸売業,,2026-09-18,1174.0,3765.0,16129625.0,4295.0,10542000.0,False,True,True,True,True,False
2112.T,2112,塩水港精糖,Standard,食料品,,2026-09-18,2619.0,463.0,16109415.0,34200.0,10556400.0,False,True,True,True,True,False
4811.T,4811,ドリーム・アーツ,Growth,情報・通信業,,2026-09-18,707.0,900.0,16045735.0,18140.0,4410000.0,False,True,True,True,True,False
4397.T,4397,チームスピリット,Growth,情報・通信業,,2026-09-18,1975.0,397.0,16026820.0,39060.0,10639600.0,False,True,True,True,True,False
3178.T,3178,チムニー,Standard,小売業,,2026-09-18,2619.0,1203.0,15969485.0,13195.0,9864600.0,False,True,True,True,True,False
4436.T,4436,ミンカブ・ジ・インフォノイド,Growth,情報・通信業,,2026-09-18,1831.0,600.0,15874180.0,36315.0,38220000.0,False,True,True,True,True,False
7878.T,7878,光・彩,Standard,その他製品,,2026-09-18,2619.0,1143.0,15814315.0,12045.0,6172200.0,False,True,True,True,True,False
7212.T,7212,エフテック,Standard,輸送用機器,,2026-09-18,2619.0,735.0,15719090.0,21300.0,13524000.0,False,True,True,True,True,False
6279.T,6279,瑞光,Prime,機械,,2026-09-18,2619.0,935.0,15698575.0,17050.0,19167500.0,False,True,True,True,True,False
4231.T,4231,タイガースポリマー,Standard,化学,,2026-09-18,2619.0,1030.0,15683785.0,15095.0,11845000.0,False,True,True,True,True,False
4464.T,4464,ソフト９９コーポレーション,Standard,化学,,2026-09-18,2619.0,4050.0,15656850.0,3905.0,14580000.0,False,True,True,True,True,False
7875.T,7875,竹田ｉＰホールディングス,Standard,その他製品,,2026-09-18,2123.0,859.0,15644455.0,19135.0,37280600.0,False,True,True,True,True,False
5284.T,5284,ヤマウホールディングス,Standard,ガラス・土石製品,,2026-09-18,2619.0,2219.0,15601395.0,6955.0,20636700.0,False,True,True,True,True,False
7080.T,7080,スポーツフィールド,Growth,サービス業,,2026-09-18,1642.0,900.0,15531805.0,17685.0,16110000.0,False,True,True,True,True,False
6907.T,6907,ジオマテック,Standard,電気機器,,2026-09-18,2619.0,775.0,15494210.0,20080.0,12012500.0,False,True,True,True,True,False
3695.T,3695,ＧＭＯプロダクトプラットフォーム,Growth,情報・通信業,,2026-09-18,2619.0,1637.0,15482505.0,9985.0,8512400.0,False,True,True,True,True,False
4284.T,4284,ソルクシーズ,Standard,情報・通信業,,2026-09-18,2619.0,451.0,15471110.0,34225.0,8929800.0,False,True,True,True,True,False
4495.T,4495,アイキューブドシステムズ,Growth,情報・通信業,,2026-09-18,1510.0,2061.0,15469335.0,7615.0,8244000.0,False,True,True,True,True,False
3392.T,3392,デリカフーズホールディングス,Standard,卸売業,,2026-09-18,2619.0,793.0,15407490.0,19160.0,17604600.0,False,True,True,True,True,False
3951.T,3951,朝日印刷,Standard,パルプ・紙,,2026-09-18,2619.0,909.0,15402935.0,16980.0,5635800.0,False,True,True,True,True,False
7792.T,7792,コラントッテ,Growth,その他製品,,2026-09-18,1272.0,1502.0,15389165.0,10405.0,18024000.0,False,True,True,True,True,False
9765.T,9765,オオバ,Prime,サービス業,,2026-09-18,2619.0,1193.0,15373855.0,13105.0,9424700.0,False,True,True,True,True,False
4287.T,4287,ジャストプランニング,Standard,情報・通信業,,2026-09-18,2619.0,477.0,15368860.0,32685.0,7822800.0,False,True,True,True,True,False
2814.T,2814,佐藤食品工業,Standard,食料品,,2026-09-18,2619.0,1900.0,15319780.0,8020.0,19190000.0,False,True,True,True,True,False
195A.T,195A,ＭＵＳＣＡＴ　ＧＲＯＵＰ,Growth,サービス業,,2026-09-18,551.0,720.0,15292135.0,22580.0,13824000.0,False,True,True,True,True,False
7781.T,7781,平山ホールディングス,Standard,精密機器,,2026-09-18,2619.0,886.0,15278115.0,17350.0,6467800.0,False,True,True,True,True,False
3069.T,3069,ＪＦＬＡホールディングス,Standard,食料品,,2026-09-18,2619.0,166.0,15234620.0,91060.0,30162200.0,False,False,True,True,True,False
4512.T,4512,わかもと製薬,Standard,医薬品,,2026-09-18,2619.0,298.0,15168600.0,49705.0,5244800.0,False,True,True,True,True,False
5252.T,5252,日本ナレッジ,Growth,情報・通信業,,2026-09-18,855.0,1019.0,15130840.0,17605.0,24150300.0,False,True,True,True,True,False
8928.T,8928,穴吹興産,Standard,不動産業,,2026-09-18,2619.0,2307.0,15121065.0,6520.0,5306100.0,False,True,True,True,True,False
3418.T,3418,バルニバービ,Growth,小売業,,2026-09-18,2619.0,1050.0,15055785.0,14305.0,7560000.0,False,True,True,True,True,False
3277.T,3277,サンセイランディック,Standard,不動産業,,2026-09-18,2619.0,829.0,15055355.0,18470.0,4891100.0,False,True,True,True,True,False
2485.T,2485,ティア,Standard,サービス業,,2026-09-18,2619.0,451.0,15021050.0,33445.0,7531700.0,False,True,True,True,True,False
7084.T,7084,Ｓｍｉｌｅ　Ｈｏｌｄｉｎｇｓ,Growth,サービス業,,2026-09-18,1601.0,2800.0,14990635.0,5250.0,7000000.0,False,True,True,True,True,False
3154.T,3154,メディアスホールディングス,Prime,卸売業,,2026-09-18,2619.0,792.0,14934415.0,18940.0,9741600.0,False,True,True,True,True,False
7357.T,7357,ジオコード,Standard,サービス業,,2026-09-18,1422.0,1701.0,14903525.0,8305.0,4592700.0,False,True,True,True,True,False
8046.T,8046,丸藤シートパイル,Standard,卸売業,,2026-09-18,2619.0,989.0,14888525.0,14920.0,7912000.0,False,True,True,True,True,False
7646.T,7646,ＰＬＡＮＴ,Standard,小売業,,2026-09-18,2619.0,1832.0,14835820.0,7845.0,23999200.0,False,True,True,True,True,False
4896.T,4896,ケイファーマ,Growth,医薬品,,2026-09-18,715.0,812.0,14825270.0,18520.0,18432400.0,False,True,True,True,True,False
5133.T,5133,テリロジーホールディングス,Standard,情報・通信業,,2026-09-18,951.0,295.0,14803090.0,48845.0,8496000.0,False,True,True,True,True,False
407A.T,407A,ＵＮＩＣＯＮホールディングス,Standard,建設業,,2026-09-18,240.0,932.0,14773230.0,15705.0,12582000.0,False,True,False,True,True,False
6335.T,6335,東京機械製作所,Standard,機械,,2026-09-18,2619.0,580.0,14770940.0,25150.0,2784000.0,False,True,True,True,True,False
4255.T,4255,ＴＨＥＣＯＯ,Growth,情報・通信業,,2026-09-18,1160.0,3565.0,14725900.0,4175.0,8912500.0,False,True,True,True,True,False
323A.T,323A,フライヤー,Growth,情報・通信業,,2026-09-18,387.0,375.0,14708635.0,37040.0,187500.0,False,True,True,True,True,False
5951.T,5951,ダイニチ工業,Standard,金属製品,,2026-09-18,2619.0,1133.0,14680275.0,12345.0,5665000.0,False,True,True,True,True,False
7841.T,7841,遠藤製作所,Standard,その他製品,,2026-09-18,2619.0,1086.0,14674000.0,13585.0,6624600.0,False,True,True,True,True,False
1381.T,1381,アクシーズ,Standard,水産・農林業,,2026-09-18,2619.0,3590.0,14655675.0,4120.0,6103000.0,False,True,True,True,True,False
8041.T,8041,ＯＵＧホールディングス,Standard,卸売業,,2026-09-18,2619.0,4625.0,14592050.0,3150.0,21275000.0,False,True,True,True,True,False
4465.T,4465,ニイタカ,Standard,化学,,2026-09-18,2619.0,2435.0,14588380.0,6015.0,14610000.0,False,True,True,True,True,False
9687.T,9687,ＫＳＫ,Standard,情報・通信業,,2026-09-18,2619.0,4605.0,14573800.0,3145.0,5526000.0,False,True,True,True,True,False
8165.T,8165,千趣会,Standard,小売業,,2026-09-18,2619.0,101.0,14565370.0,140630.0,27330600.0,False,False,True,True,True,False
1867.T,1867,植木組,Standard,建設業,,2026-09-18,2619.0,2729.0,14544755.0,5345.0,3820600.0,False,True,True,True,True,False
4707.T,4707,キタック,Standard,サービス業,,2026-09-18,2619.0,346.0,14439465.0,41690.0,4048200.0,False,True,True,True,True,False
3359.T,3359,ｃｏｔｔａ,Growth,卸売業,,2026-09-18,2619.0,522.0,14423920.0,27455.0,14302800.0,False,True,True,True,True,False
2573.T,2573,北海道コカ・コーラボトリング,Standard,食料品,,2026-09-18,2619.0,4080.0,14399225.0,3550.0,6528000.0,False,True,True,True,True,False
3175.T,3175,エー・ピーホールディングス,Standard,小売業,,2026-09-18,2619.0,980.0,14350730.0,14870.0,14112000.0,False,True,True,True,True,False
6094.T,6094,フリークアウト・ホールディングス,Growth,サービス業,,2026-09-18,2619.0,529.0,14331895.0,26390.0,7035700.0,False,True,True,True,True,False
6919.T,6919,ケル,Standard,電気機器,,2026-09-18,2619.0,1435.0,14273345.0,10030.0,10188500.0,False,True,True,True,True,False
4845.T,4845,スカラ,Prime,情報・通信業,,2026-09-18,2619.0,350.0,14240760.0,40525.0,11445000.0,False,True,True,True,True,False
6615.T,6615,ユー・エム・シー・エレクトロニクス,Prime,電気機器,,2026-09-18,2591.0,240.0,14239960.0,59915.0,7008000.0,False,True,True,True,True,False
9890.T,9890,マキヤ,Standard,小売業,,2026-09-18,2619.0,1473.0,14168570.0,9960.0,18412500.0,False,True,True,True,True,False
9312.T,9312,ケイヒン,Standard,倉庫・運輸関連業,,2026-09-18,2619.0,2876.0,14166570.0,4960.0,27897200.0,False,True,True,True,True,False
2588.T,2588,プレミアムウォーターホールディングス,Standard,食料品,,2026-09-18,2619.0,3720.0,14150150.0,3805.0,9300000.0,False,True,True,True,True,False
3513.T,3513,イチカワ,Standard,繊維製品,,2026-09-18,2619.0,3825.0,14127375.0,4075.0,27540000.0,False,True,True,True,True,False
6853.T,6853,共和電業,Standard,電気機器,,2026-09-18,2619.0,773.0,14119175.0,18485.0,11672300.0,False,True,True,True,True,False
7377.T,7377,ＤＮホールディングス,Standard,サービス業,,2026-09-18,1268.0,1707.0,14075475.0,8285.0,7340100.0,False,True,True,True,True,False
1443.T,1443,技研ホールディングス,Standard,建設業,,2026-09-18,2136.0,272.0,14074195.0,50365.0,25568000.0,False,True,True,True,True,False
8769.T,8769,アドバンテッジリスクマネジメント,Standard,サービス業,,2026-09-18,2619.0,535.0,14056895.0,27750.0,25680000.0,False,True,True,True,True,False
8365.T,8365,富山銀行,Standard,銀行業,,2026-09-18,2619.0,2392.0,14018260.0,5970.0,16744000.0,False,True,True,True,True,False
1866.T,1866,北野建設,Standard,建設業,,2026-09-18,2619.0,1123.0,13950055.0,12080.0,11005400.0,False,True,True,True,True,False
7065.T,7065,ユーピーアール,Standard,サービス業,,2026-09-18,1777.0,946.0,13947425.0,14195.0,5865200.0,False,True,True,True,True,False
7078.T,7078,ＩＮＣＬＵＳＩＶＥ　Ｈｏｌｄｉｎｇｓ,Growth,サービス業,,2026-09-18,1647.0,343.0,13945840.0,38675.0,3807300.0,False,True,True,True,True,False
6822.T,6822,大井電気,Standard,電気機器,,2026-09-18,2619.0,5000.0,13935100.0,2790.0,5000000.0,False,True,True,True,True,False
7134.T,7134,アップガレージグループ,Standard,小売業,,2026-09-18,1159.0,1458.0,13930715.0,9925.0,24057000.0,False,True,True,True,True,False
5982.T,5982,マルゼン,Standard,金属製品,,2026-09-18,2619.0,4110.0,13864775.0,3330.0,8631000.0,False,True,True,True,True,False
9950.T,9950,ハチバン,Standard,小売業,,2026-09-18,2619.0,3350.0,13842875.0,4070.0,24455000.0,False,True,True,True,True,False
4937.T,4937,Ｗａｑｏｏ,Growth,化学,,2026-09-18,1279.0,2398.0,13831000.0,5785.0,4556200.0,False,True,True,True,True,False
9973.T,9973,ＫＯＺＯホールディングス,Standard,小売業,,2026-09-18,2619.0,20.0,13827280.0,690985.0,8064000.0,False,False,True,True,True,False
9709.T,9709,ＮＣＳ＆Ａ,Standard,情報・通信業,,2026-09-18,2619.0,1224.0,13718830.0,10780.0,10771200.0,False,True,True,True,True,False
5527.T,5527,ｐｒｏｐｅｒｔｙ　ｔｅｃｈｎｏｌｏｇｉｅｓ,Growth,不動産業,,2026-09-18,923.0,742.0,13708810.0,18855.0,13356000.0,False,True,True,True,True,False
8152.T,8152,ソマール,Standard,卸売業,,2026-09-18,2619.0,7120.0,13685150.0,1885.0,26344000.0,False,True,True,True,True,False
7897.T,7897,ホクシン,Standard,その他製品,,2026-09-18,2619.0,107.0,13663785.0,128015.0,5885000.0,False,False,True,True,True,False
5909.T,5909,コロナ,Standard,金属製品,,2026-09-18,2619.0,971.0,13603255.0,14045.0,15924400.0,False,True,True,True,True,False
6634.T,6634,ネクスグループ,Standard,電気機器,,2026-09-18,2619.0,68.0,13512830.0,188930.0,1632000.0,False,False,True,True,True,False
9444.T,9444,トーシンホールディングス,Standard,情報・通信業,,2026-09-18,2619.0,261.0,13462380.0,44635.0,574200.0,False,True,True,True,True,False
9262.T,9262,シルバーライフ,Standard,小売業,,2026-09-18,2190.0,678.0,13417210.0,19670.0,8610600.0,False,True,True,True,True,False
1994.T,1994,高橋カーテンウォール工業,Standard,建設業,,2026-09-18,2619.0,621.0,13377515.0,21640.0,2235600.0,False,True,True,True,True,False
2332.T,2332,クエスト,Standard,情報・通信業,,2026-09-18,2619.0,1702.0,13300035.0,7875.0,11063000.0,False,True,True,True,True,False
2345.T,2345,クシム,Standard,情報・通信業,,2026-09-18,2619.0,100.0,13296295.0,123190.0,5570000.0,False,False,True,True,True,False
7082.T,7082,ジモティー,Growth,サービス業,,2026-09-18,1616.0,1406.0,13240590.0,9415.0,19402800.0,False,True,True,True,True,False
211A.T,211A,カドス・コーポレーション,Standard,建設業,,2026-09-18,531.0,3290.0,13195300.0,3950.0,329000.0,False,True,True,True,True,False
2693.T,2693,ＹＫＴ,Standard,卸売業,,2026-09-18,2619.0,286.0,13120830.0,46100.0,3660800.0,False,True,True,True,True,False
9854.T,9854,愛眼,Standard,小売業,,2026-09-18,2619.0,275.0,13109800.0,46045.0,14217500.0,False,True,True,True,True,False
7213.T,7213,レシップホールディングス,Standard,輸送用機器,,2026-09-18,2619.0,666.0,13107360.0,19445.0,9923400.0,False,True,True,True,True,False
330A.T,330A,ＴａｌｅｎｔＸ,Growth,情報・通信業,,2026-09-18,370.0,550.0,13090245.0,23800.0,8470000.0,False,True,True,True,True,False
3918.T,3918,ＰＣＩホールディングス,Standard,情報・通信業,,2026-09-18,2619.0,1182.0,13082185.0,10955.0,6146400.0,False,True,True,True,True,False
4936.T,4936,アクシージア,Standard,化学,,2026-09-18,1367.0,300.0,13080830.0,41715.0,44070000.0,False,True,True,True,True,False
6557.T,6557,ＡＩＡＩグループ,Growth,サービス業,,2026-09-18,2186.0,712.0,13049005.0,17305.0,23496000.0,False,True,True,True,True,False
2009.T,2009,鳥越製粉,Standard,食料品,,2026-09-18,2619.0,1112.0,13048150.0,11845.0,12232000.0,False,True,True,True,True,False
8894.T,8894,ＲＥＶＯＬＵＴＩＯＮ,Standard,不動産業,,2026-09-18,2619.0,17.0,13010420.0,659785.0,58828500.0,False,False,True,True,True,False
9340.T,9340,アソインターナショナル,Standard,サービス業,,2026-09-18,915.0,835.0,13000395.0,16660.0,4008000.0,False,True,True,True,True,False
6069.T,6069,トレンダーズ,Growth,サービス業,,2026-09-18,2619.0,674.0,12963750.0,18870.0,7279200.0,False,True,True,True,True,False
2226.T,2226,湖池屋,Standard,食料品,,2026-09-18,2619.0,4895.0,12941525.0,2635.0,31817500.0,False,True,True,True,True,False
7030.T,7030,スプリックス,Standard,サービス業,,2026-09-18,2013.0,964.0,12854525.0,13185.0,10796800.0,False,True,True,True,True,False
3113.T,3113,ＵＮＩＶＡ・Ｏａｋホールディングス,Standard,証券、商品先物取引業,,2026-09-18,2619.0,82.0,12853655.0,153320.0,3886800.0,False,False,True,True,True,False
1811.T,1811,錢高組,Standard,建設業,,2026-09-18,2619.0,7570.0,12835550.0,1665.0,30280000.0,False,True,True,True,True,False
4442.T,4442,バルテス・ホールディングス,Growth,情報・通信業,,2026-09-18,1785.0,404.0,12831040.0,31630.0,7918400.0,False,True,True,True,True,False
5599.T,5599,Ｓ＆Ｊ,Growth,情報・通信業,,2026-09-18,674.0,1087.0,12715040.0,12520.0,10109100.0,False,True,True,True,True,False
9913.T,9913,日邦産業,Standard,卸売業,,2026-09-18,2619.0,3650.0,12680525.0,3565.0,8395000.0,False,True,True,True,True,False
4179.T,4179,ジーネクスト,Growth,情報・通信業,,2026-09-18,1343.0,353.0,12676835.0,35755.0,18920800.0,False,True,True,True,True,False
2208.T,2208,ブルボン,Standard,食料品,,2026-09-18,2619.0,3125.0,12672750.0,4100.0,14062500.0,False,True,True,True,True,False
2798.T,2798,ワイズテーブルコーポレーション,Standard,小売業,,2026-09-18,2619.0,2997.0,12618215.0,4180.0,2397600.0,False,True,True,True,True,False
8835.T,8835,太平洋興発,Standard,卸売業,,2026-09-18,2619.0,792.0,12617630.0,15790.0,26136000.0,False,True,True,True,True,False
3020.T,3020,アプライド,Standard,小売業,,2026-09-18,2619.0,4760.0,12599350.0,2730.0,9520000.0,False,True,True,True,True,False
7570.T,7570,橋本総業ホールディングス,Standard,卸売業,,2026-09-18,2619.0,1414.0,12573505.0,8920.0,9191000.0,False,True,True,True,True,False
3727.T,3727,アプリックス,Growth,情報・通信業,,2026-09-18,2619.0,169.0,12542535.0,76285.0,8145800.0,False,False,True,True,True,False
4890.T,4890,坪田ラボ,Growth,医薬品,,2026-09-18,1039.0,264.0,12541345.0,44650.0,3960000.0,False,True,True,True,True,False
2483.T,2483,翻訳センター,Standard,サービス業,,2026-09-18,2619.0,2272.0,12485855.0,5640.0,28400000.0,False,True,True,True,True,False
2186.T,2186,ソーバル,Standard,サービス業,,2026-09-18,2619.0,896.0,12439915.0,13730.0,2956800.0,False,True,True,True,True,False
7291.T,7291,日本プラスト,Standard,輸送用機器,,2026-09-18,2619.0,466.0,12381085.0,26785.0,11137400.0,False,True,True,True,True,False
7110.T,7110,クラシコム,Growth,小売業,,2026-09-18,1009.0,1900.0,12367500.0,6335.0,12540000.0,False,True,True,True,True,False
5388.T,5388,クニミネ工業,Standard,ガラス・土石製品,,2026-09-18,2619.0,1400.0,12350840.0,9025.0,38780000.0,False,True,True,True,True,False
160A.T,160A,アズパートナーズ,Standard,サービス業,,2026-09-18,602.0,1963.0,12349385.0,6290.0,11385400.0,False,True,True,True,True,False
5612.T,5612,日本鋳鉄管,Standard,鉄鋼,,2026-09-18,2619.0,1594.0,12342390.0,7670.0,4782000.0,False,True,True,True,True,False
7150.T,7150,島根銀行,Standard,銀行業,,2026-09-18,2619.0,521.0,12281960.0,23275.0,6512500.0,False,True,True,True,True,False
9233.T,9233,アジア航測,Standard,空運業,,2026-09-18,2619.0,1147.0,12273425.0,10605.0,9634800.0,False,True,True,True,True,False
6778.T,6778,アルチザネットワークス,Standard,電気機器,,2026-09-18,2619.0,634.0,12260260.0,18940.0,8685800.0,False,True,True,True,True,False
2342.T,2342,トランスジェニックグループ,Growth,サービス業,,2026-09-18,2619.0,256.0,12252150.0,48100.0,9036800.0,False,True,True,True,True,False
4015.T,4015,ペイクラウドホールディングス,Growth,情報・通信業,,2026-09-18,1426.0,521.0,12155595.0,23175.0,11618300.0,False,True,True,True,True,False
2597.T,2597,ユニカフェ,Standard,食料品,,2026-09-18,2619.0,1276.0,12140765.0,9670.0,6252400.0,False,True,True,True,True,False
3544.T,3544,サツドラホールディングス,Standard,小売業,,2026-09-18,2619.0,1249.0,12140665.0,9720.0,14238600.0,False,True,True,True,True,False
7957.T,7957,フジコピアン,Standard,その他製品,,2026-09-18,2619.0,2569.0,12114045.0,4705.0,8220800.0,False,True,True,True,True,False
9763.T,9763,丸建リース,Standard,卸売業,,2026-09-18,2619.0,1295.0,12078030.0,9290.0,13727000.0,False,True,True,True,True,False
4531.T,4531,有機合成薬品工業,Standard,化学,,2026-09-18,2619.0,358.0,12040630.0,33415.0,7840200.0,False,True,True,True,True,False
5391.T,5391,エーアンドエーマテリアル,Standard,ガラス・土石製品,,2026-09-18,2619.0,1505.0,11990475.0,7990.0,4515000.0,False,True,True,True,True,False
4235.T,4235,ウルトラファブリックス・ホールディングス,Standard,化学,,2026-09-18,2619.0,680.0,11963015.0,17540.0,26452000.0,False,True,True,True,True,False
6182.T,6182,メタリアル,Growth,サービス業,,2026-09-18,2619.0,522.0,11934545.0,23230.0,7360200.0,False,True,True,True,True,False
7795.T,7795,ＫＹＯＲＩＴＳＵ,Standard,その他製品,,2026-09-18,971.0,218.0,11927460.0,53890.0,5341000.0,False,True,True,True,True,False
9074.T,9074,日本石油輸送,Standard,陸運業,,2026-09-18,2619.0,4925.0,11925525.0,2400.0,15267500.0,False,True,True,True,True,False
5965.T,5965,フジマック,Standard,金属製品,,2026-09-18,2619.0,1210.0,11915280.0,9920.0,17061000.0,False,True,True,True,True,False
253A.T,253A,ＥＴＳグループ,Standard,建設業,,2026-09-18,2619.0,1038.0,11887230.0,11395.0,19929600.0,False,True,True,True,True,False
9478.T,9478,ＳＥホールディングス・アンド・インキュベーションズ,Standard,情報・通信業,,2026-09-18,2619.0,509.0,11846405.0,22905.0,3613900.0,False,True,True,True,True,False
2694.T,2694,焼肉坂井ホールディングス,Standard,小売業,,2026-09-18,2619.0,72.0,11748985.0,163275.0,7804800.0,False,False,True,True,True,False
198A.T,198A,ＰｏｓｔＰｒｉｍｅ,Growth,情報・通信業,,2026-09-18,550.0,163.0,11743605.0,69400.0,1972300.0,False,False,True,True,True,False
3967.T,3967,エルテス,Growth,情報・通信業,,2026-09-18,2417.0,575.0,11727375.0,20235.0,3277500.0,False,True,True,True,True,False
5588.T,5588,ファーストアカウンティング,Growth,情報・通信業,,2026-09-18,731.0,875.0,11670585.0,13745.0,11462500.0,False,True,True,True,True,False
9906.T,9906,藤井産業,Standard,卸売業,,2026-09-18,2619.0,4150.0,11667550.0,2725.0,2905000.0,False,True,True,True,True,False
5915.T,5915,駒井ハルテック,Standard,金属製品,,2026-09-18,2619.0,2448.0,11666100.0,4750.0,2203200.0,False,True,True,True,True,False
7885.T,7885,タカノ,Standard,その他製品,,2026-09-18,2619.0,1138.0,11574300.0,10185.0,9331600.0,False,True,True,True,True,False
2762.T,2762,ＳＡＮＫＯ　ＭＡＲＫＥＴＩＮＧ　ＦＯＯＤＳ,Standard,小売業,,2026-09-18,2619.0,71.0,11509005.0,167655.0,48940300.0,False,False,True,True,True,False
6093.T,6093,エスクロー・エージェント・ジャパン,Standard,サービス業,,2026-09-18,2619.0,163.0,11506925.0,71155.0,18484200.0,False,False,True,True,True,False
6497.T,6497,ハマイ,Standard,機械,,2026-09-18,2619.0,1406.0,11501440.0,7940.0,14622400.0,False,True,True,True,True,False
3996.T,3996,サインポスト,Standard,情報・通信業,,2026-09-18,2170.0,214.0,11491905.0,56000.0,7768200.0,False,True,True,True,True,False
6563.T,6563,みらいワークス,Growth,サービス業,,2026-09-18,2150.0,453.0,11491520.0,24875.0,5843700.0,False,True,True,True,True,False
2114.T,2114,フジ日本,Standard,食料品,,2026-09-18,2619.0,674.0,11482640.0,17025.0,12738600.0,False,True,True,True,True,False
7097.T,7097,さくらさくプラス,Growth,サービス業,,2026-09-18,1442.0,2740.0,11481795.0,4190.0,15070000.0,False,True,True,True,True,False
9366.T,9366,サンリツ,Standard,倉庫・運輸関連業,,2026-09-18,2619.0,1321.0,11440665.0,9765.0,46235000.0,False,True,True,True,True,False
5570.T,5570,ジェノバ,Growth,情報・通信業,,2026-09-18,837.0,619.0,11397140.0,17700.0,4023500.0,False,True,True,True,True,False
4712.T,4712,ＫｅｙＨｏｌｄｅｒ,Standard,サービス業,,2026-09-18,2619.0,810.0,11334795.0,13935.0,10611000.0,False,True,True,True,True,False
2415.T,2415,ヒューマンホールディングス,Standard,サービス業,,2026-09-18,2619.0,1624.0,11320530.0,6830.0,2598400.0,False,True,True,True,True,False
5079.T,5079,ノバック,Standard,建設業,,2026-09-18,1095.0,2590.0,11281075.0,4320.0,5957000.0,False,True,True,True,True,False
3035.T,3035,ケイティケイ,Standard,卸売業,,2026-09-18,2619.0,766.0,11270475.0,14575.0,3906600.0,False,True,True,True,True,False
9271.T,9271,和心,Growth,小売業,,2026-09-18,2078.0,924.0,11259700.0,11765.0,8131200.0,False,True,True,True,True,False
3173.T,3173,Ｃｏｍｉｎｉｘ,Standard,卸売業,,2026-09-18,2619.0,1400.0,11242760.0,7550.0,4480000.0,False,True,True,True,True,False
9160.T,9160,ノバレーゼ,Standard,サービス業,,2026-09-18,788.0,333.0,11166815.0,33735.0,13852800.0,False,True,True,True,True,False
4881.T,4881,ファンペップ,Growth,医薬品,,2026-09-18,1402.0,50.0,11160120.0,219000.0,9480000.0,False,False,True,True,True,False
6899.T,6899,ＡＳＴＩ,Standard,電気機器,,2026-09-18,2619.0,2296.0,11153555.0,4805.0,17449600.0,False,True,True,True,True,False
6193.T,6193,バーチャレクス・ホールディングス,Growth,サービス業,,2026-09-18,2524.0,1170.0,11151730.0,9330.0,6786000.0,False,True,True,True,True,False
1770.T,1770,藤田エンジニアリング,Standard,建設業,,2026-09-18,2619.0,2301.0,11138915.0,4965.0,12655500.0,False,True,True,True,True,False
2180.T,2180,サニーサイドアップグループ,Standard,サービス業,,2026-09-11,2614.0,1309.0,11107560.0,8495.0,3927000.0,False,True,True,True,False,False
324A.T,324A,ブッキングリゾート,Growth,サービス業,,2026-09-18,386.0,727.0,11087365.0,15310.0,7778900.0,False,True,True,True,True,False
6654.T,6654,不二電機工業,Standard,電気機器,,2026-09-18,2619.0,1080.0,11046425.0,10155.0,3672000.0,False,True,True,True,True,False
2997.T,2997,ストレージ王,Growth,不動産業,,2026-09-18,1076.0,1321.0,11034290.0,8340.0,1981500.0,False,True,True,True,True,False
2497.T,2497,ユナイテッド,Growth,サービス業,,2026-09-18,2619.0,526.0,11020060.0,20670.0,5523000.0,False,True,True,True,True,False
6554.T,6554,エスユーエス,Growth,サービス業,,2026-09-18,2220.0,1140.0,11014870.0,9900.0,13680000.0,False,True,True,True,True,False
4673.T,4673,川崎地質,Standard,サービス業,,2026-09-18,2619.0,4880.0,11011450.0,2260.0,5368000.0,False,True,True,True,True,False
4378.T,4378,ＣＩＮＣ,Growth,情報・通信業,,2026-09-18,1199.0,473.0,11004505.0,21700.0,3547500.0,False,True,True,True,True,False
6144.T,6144,西部電機,Standard,機械,,2026-09-18,2619.0,2811.0,10992245.0,3870.0,66339600.0,False,True,True,True,True,False
7034.T,7034,プロレド・パートナーズ,Prime,サービス業,,2026-09-18,1993.0,318.0,10940320.0,32170.0,14310000.0,False,True,True,True,True,False
5248.T,5248,テクノロジーズ,Growth,情報・通信業,,2026-09-18,893.0,517.0,10939995.0,21480.0,12356300.0,False,True,True,True,True,False
3030.T,3030,ハブ,Standard,小売業,,2026-09-18,2619.0,862.0,10935615.0,12755.0,6896000.0,False,True,True,True,True,False
288A.T,288A,ラクサス・テクノロジーズ,Growth,サービス業,,2026-09-18,430.0,92.0,10934160.0,112160.0,2925600.0,False,False,True,True,True,False
4119.T,4119,日本ピグメントホールディングス,Standard,化学,,2026-09-18,2619.0,6110.0,10924400.0,1840.0,2444000.0,False,True,True,True,True,False
5139.T,5139,オープンワーク,Growth,情報・通信業,,2026-09-18,920.0,905.0,10872535.0,11620.0,13756000.0,False,True,True,True,True,False
4374.T,4374,ＲＯＢＯＴ　ＰＡＹＭＥＮＴ,Growth,情報・通信業,,2026-09-18,1219.0,2503.0,10835450.0,4345.0,3754500.0,False,True,True,True,True,False
3686.T,3686,ディー・エル・イー,Standard,情報・通信業,,2026-09-18,2619.0,60.0,10809075.0,178325.0,15054000.0,False,False,True,True,True,False
6040.T,6040,日本スキー場開発,Growth,サービス業,,2026-09-18,2619.0,465.0,10807605.0,23260.0,6742500.0,False,True,True,True,True,False
6538.T,6538,ディスラプターズ,Standard,サービス業,,2026-09-18,2407.0,249.0,10805300.0,43765.0,7943100.0,False,True,True,True,True,False
5658.T,5658,日亜鋼業,Standard,鉄鋼,,2026-09-18,2619.0,410.0,10795650.0,26735.0,9840000.0,False,True,True,True,True,False
3667.T,3667,ｅｎｉｓｈ,Standard,情報・通信業,,2026-09-18,2619.0,27.0,10770010.0,384085.0,8073000.0,False,False,True,True,True,False
9845.T,9845,パーカーコーポレーション,Standard,化学,,2026-09-18,2619.0,1369.0,10732515.0,7720.0,13142400.0,False,True,True,True,True,False
9245.T,9245,リベロ,Growth,サービス業,,2026-09-18,1219.0,1985.0,10727230.0,5475.0,9925000.0,False,True,True,True,True,False
7695.T,7695,交換できるくん,Growth,小売業,,2026-09-18,1404.0,946.0,10701605.0,11685.0,3405600.0,False,True,True,True,True,False
4360.T,4360,マナック・ケミカル・パートナーズ,Standard,化学,,2026-09-18,1216.0,992.0,10687025.0,11000.0,5555200.0,False,True,True,True,True,False
4491.T,4491,コンピューターマネージメント,Standard,情報・通信業,,2026-09-18,1596.0,3250.0,10679675.0,3245.0,11375000.0,False,True,True,True,True,False
2666.T,2666,オートウェーブ,Standard,小売業,,2026-09-18,2619.0,190.0,10673580.0,57455.0,10032000.0,False,False,True,True,True,False
9034.T,9034,南総通運,Standard,陸運業,,2026-09-18,2619.0,1662.0,10630780.0,6430.0,5318400.0,False,True,True,True,True,False
7561.T,7561,ハークスレイ,Standard,小売業,,2026-09-18,2619.0,713.0,10610060.0,14950.0,8270800.0,False,True,True,True,True,False
6748.T,6748,星和電機,Standard,電気機器,,2026-09-18,2619.0,760.0,10604945.0,13755.0,9196000.0,False,True,True,True,True,False
7702.T,7702,ＪＭＳ,Standard,精密機器,,2026-09-18,2619.0,459.0,10593865.0,23175.0,10235700.0,False,True,True,True,True,False
4365.T,4365,松本油脂製薬,Standard,化学,,2026-09-18,2619.0,24380.0,10572000.0,450.0,2438000.0,False,True,True,True,True,False
7066.T,7066,ピアズ,Growth,サービス業,,2026-09-18,1771.0,459.0,10565360.0,22470.0,4406400.0,False,True,True,True,True,False
3538.T,3538,ウイルプラスホールディングス,Standard,小売業,,2026-09-18,2585.0,1034.0,10538770.0,10360.0,4549600.0,False,True,True,True,True,False
7562.T,7562,安楽亭,Standard,小売業,,2026-09-18,2619.0,3835.0,10502350.0,2735.0,20709000.0,False,True,True,True,True,False
1850.T,1850,南海辰村建設,Standard,建設業,,2026-09-18,2619.0,433.0,10482545.0,24295.0,3637200.0,False,True,True,True,True,False
7726.T,7726,黒田精工,Standard,機械,,2026-09-18,2619.0,1401.0,10430825.0,7580.0,11348100.0,False,True,True,True,True,False
7069.T,7069,サイバー・バズ,Growth,サービス業,,2026-09-18,1709.0,499.0,10428470.0,19835.0,5988000.0,False,True,True,True,True,False
4261.T,4261,アジアクエスト,Growth,情報・通信業,,2026-09-18,1157.0,2954.0,10410535.0,3525.0,5908000.0,False,True,True,True,True,False
9145.T,9145,ビーイングホールディングス,Standard,陸運業,,2026-09-18,1410.0,587.0,10391295.0,18000.0,12385700.0,False,True,True,True,True,False
9346.T,9346,ココルポート,Growth,サービス業,,2026-09-18,850.0,1869.0,10362010.0,5550.0,3364200.0,False,True,True,True,True,False
8518.T,8518,日本アジア投資,Standard,証券、商品先物取引業,,2026-09-18,2619.0,155.0,10309565.0,68600.0,1488000.0,False,False,True,True,True,False
4256.T,4256,サインド,Growth,情報・通信業,,2026-09-18,1160.0,1133.0,10295010.0,9725.0,793100.0,False,True,True,True,True,False
3803.T,3803,イメージ情報開発,Growth,情報・通信業,,2026-09-18,2619.0,590.0,10261770.0,17455.0,6549000.0,False,True,True,True,True,False
9165.T,9165,クオルテック,Growth,サービス業,,2026-09-18,769.0,1770.0,10257970.0,5910.0,11859000.0,False,True,True,True,True,False
7674.T,7674,ＮＡＴＴＹ　ＳＷＡＮＫＹホールディングス,Growth,小売業,,2026-09-18,1825.0,2749.0,10241485.0,3820.0,17593600.0,False,True,True,True,True,False
2122.T,2122,インタースペース,Standard,サービス業,,2026-09-18,2619.0,1416.0,10228035.0,6950.0,18974400.0,False,True,True,True,True,False
9240.T,9240,デリバリーコンサルティング,Growth,サービス業,,2026-09-18,1259.0,380.0,10224065.0,25380.0,11590000.0,False,True,True,True,True,False
3071.T,3071,ストリーム,Standard,小売業,,2026-09-18,2619.0,101.0,10208640.0,99805.0,2181600.0,False,False,True,True,True,False
6837.T,6837,京写,Standard,電気機器,,2026-09-18,2619.0,382.0,10204770.0,27595.0,23798600.0,False,True,True,True,True,False
7351.T,7351,グッドパッチ,Growth,サービス業,,2026-09-18,1521.0,498.0,10201330.0,21475.0,6673200.0,False,True,True,True,True,False
9423.T,9423,フォーバル・リアルストレート,Standard,情報・通信業,,2026-09-18,2619.0,105.0,10160400.0,97100.0,8158500.0,False,False,True,True,True,False
339A.T,339A,プログレス・テクノロジーズ　グループ,Growth,サービス業,,2026-09-18,363.0,933.0,10131945.0,11075.0,14741400.0,False,True,True,True,True,False
1997.T,1997,暁飯島工業,Standard,建設業,,2026-09-18,2619.0,4055.0,10120800.0,2500.0,6488000.0,False,True,True,True,True,False
2370.T,2370,メディネット,Growth,サービス業,,2026-09-18,2619.0,25.0,10117180.0,406330.0,5382500.0,False,False,True,True,True,False
5884.T,5884,クラダシ,Growth,小売業,,2026-09-18,788.0,605.0,10114370.0,16385.0,9801000.0,False,True,True,True,True,False
3004.T,3004,神栄,Standard,卸売業,,2026-09-18,2619.0,2080.0,10064740.0,4830.0,11232000.0,False,True,True,True,True,False
9761.T,9761,東海リース,Standard,サービス業,,2026-09-18,2619.0,2479.0,10041455.0,4100.0,31235400.0,False,True,True,True,True,False
7037.T,7037,テノ．ホールディングス,Standard,サービス業,,2026-09-18,1888.0,795.0,10023535.0,12440.0,7552500.0,False,True,True,True,True,False
157A.T,157A,グリーンモンスター,Growth,サービス業,,2026-09-18,606.0,768.0,9973460.0,13430.0,3148800.0,False,True,True,True,True,False
7578.T,7578,ニチリョク,Standard,小売業,,2026-09-18,2619.0,76.0,9952755.0,129375.0,2021600.0,False,False,True,True,True,False
7686.T,7686,ひとまいる,Standard,小売業,,2026-09-18,1646.0,443.0,9939155.0,22580.0,2658000.0,False,True,True,True,True,False
9827.T,9827,リリカラ,Standard,卸売業,,2026-09-18,2619.0,634.0,9936850.0,15620.0,5135400.0,False,True,True,True,True,False
9272.T,9272,ブティックス,Growth,サービス業,,2026-09-18,2075.0,1455.0,9934950.0,6890.0,19351500.0,False,True,True,True,True,False
2932.T,2932,ＳＴＩフードホールディングス,Standard,食料品,,2026-09-18,1464.0,1101.0,9930015.0,8950.0,9248400.0,False,True,True,True,True,False
8104.T,8104,クワザワホールディングス,Standard,卸売業,,2026-09-18,2086.0,770.0,9922890.0,13590.0,62370000.0,False,True,True,True,True,False
8023.T,8023,ＤＡＩＫＯ　ＸＴＥＣＨ,Standard,情報・通信業,,2026-09-18,2619.0,1047.0,9921490.0,9480.0,5444400.0,False,True,True,True,True,False
5888.T,5888,ＤＡＩＷＡ　ＣＹＣＬＥ,Growth,小売業,,2026-09-18,700.0,2751.0,9878445.0,3500.0,4126500.0,False,True,True,True,True,False
1717.T,1717,明豊ファシリティワークス,Standard,サービス業,,2026-09-18,2619.0,940.0,9874265.0,10460.0,7050000.0,False,True,True,True,True,False
6694.T,6694,ズーム,Standard,電気機器,,2026-09-18,2336.0,817.0,9843085.0,12560.0,7679800.0,False,True,True,True,True,False
4616.T,4616,川上塗料,Standard,化学,,2026-09-18,2619.0,2471.0,9837785.0,4065.0,3953600.0,False,True,True,True,True,False
6147.T,6147,ヤマザキ,Standard,機械,,2026-09-18,2619.0,181.0,9833210.0,50535.0,9194800.0,False,False,True,True,True,False
7946.T,7946,光陽社,Standard,その他製品,,2026-09-18,2619.0,367.0,9821675.0,25260.0,4330600.0,False,True,True,True,True,False
8944.T,8944,ランドビジネス,Standard,不動産業,,2026-09-18,2619.0,257.0,9820590.0,39985.0,15728400.0,False,True,True,True,True,False
2162.T,2162,ｎｍｓ　ホールディングス,Standard,サービス業,,2026-08-27,2603.0,538.0,9814750.0,18295.0,15817200.0,False,True,True,True,False,False
4193.T,4193,ファブリカホールディングス,Standard,情報・通信業,,2026-09-18,1334.0,2160.0,9778840.0,4540.0,6480000.0,False,True,True,True,True,False
7539.T,7539,アイナボホールディングス,Standard,卸売業,,2026-09-18,2619.0,818.0,9762480.0,12025.0,11942800.0,False,True,True,True,True,False
6696.T,6696,トラース・オン・プロダクト,Growth,電気機器,,2026-09-18,2244.0,324.0,9685085.0,30385.0,7970400.0,False,True,True,True,True,False
3840.T,3840,パス,Standard,情報・通信業,,2026-09-18,2619.0,62.0,9681350.0,161020.0,21346600.0,False,False,True,True,True,False
7120.T,7120,ＳＨＩＮＫＯ,Standard,卸売業,,2026-09-18,857.0,998.0,9607810.0,9605.0,12175600.0,False,True,True,True,True,False
3267.T,3267,フィル・カンパニー,Standard,建設業,,2026-09-18,2422.0,625.0,9602490.0,15050.0,7125000.0,False,True,True,True,True,False
6246.T,6246,テクノスマート,Standard,機械,,2026-09-18,2619.0,1840.0,9596275.0,5220.0,11224000.0,False,True,True,True,True,False
2673.T,2673,夢みつけ隊,Standard,小売業,,2026-09-18,2619.0,106.0,9595765.0,88205.0,2607600.0,False,False,True,True,True,False
5967.T,5967,ＴＯＮＥ,Standard,金属製品,,2026-09-18,2619.0,444.0,9581515.0,20635.0,3330000.0,False,True,True,True,True,False
423A.T,423A,ライオン事務器,Standard,卸売業,,2026-09-18,228.0,324.0,9577160.0,29655.0,5605200.0,False,True,False,True,True,False
5971.T,5971,共和工業所,Standard,金属製品,,2026-09-18,2619.0,8700.0,9571500.0,1115.0,5220000.0,False,True,True,True,True,False
6044.T,6044,三機サービス,Standard,サービス業,,2026-09-18,2619.0,1890.0,9564215.0,5060.0,9639000.0,False,True,True,True,True,False
3826.T,3826,システムインテグレータ,Standard,情報・通信業,,2026-09-18,2619.0,504.0,9555595.0,19220.0,7358400.0,False,True,True,True,True,False
9558.T,9558,ジャパニアス,Growth,サービス業,,2026-09-18,983.0,1969.0,9554735.0,4805.0,2362800.0,False,True,True,True,True,False
9704.T,9704,アゴーラ　ホスピタリティー　グループ,Standard,サービス業,,2026-09-18,2619.0,28.0,9546130.0,337385.0,3315200.0,False,False,True,True,True,False
3135.T,3135,マーケットエンタープライズ,Prime,小売業,,2026-09-18,2619.0,1177.0,9525015.0,8160.0,2942500.0,False,True,True,True,True,False
7115.T,7115,アルファパーチェス,Standard,卸売業,,2026-09-18,914.0,1491.0,9517395.0,6415.0,6262200.0,False,True,True,True,True,False
6551.T,6551,ツナググループ・ホールディングス,Standard,サービス業,,2026-09-18,2273.0,620.0,9511490.0,15355.0,11346000.0,False,True,True,True,True,False
3930.T,3930,はてな,Growth,情報・通信業,,2026-09-18,2604.0,769.0,9495475.0,12230.0,4614000.0,False,True,True,True,True,False
1826.T,1826,佐田建設,Standard,建設業,,2026-09-18,2619.0,1073.0,9465065.0,8740.0,40666700.0,False,True,True,True,True,False
6647.T,6647,森尾電機,Standard,電気機器,,2026-09-18,2619.0,3710.0,9460475.0,2630.0,7420000.0,False,True,True,True,True,False
4625.T,4625,アトミクス,Standard,化学,,2026-09-18,2619.0,874.0,9452480.0,11075.0,7691200.0,False,True,True,True,True,False
3607.T,3607,クラウディアホールディングス,Standard,繊維製品,,2026-09-18,2619.0,368.0,9450000.0,26355.0,11408000.0,False,True,True,True,True,False
3143.T,3143,オーウイル,Standard,卸売業,,2026-09-18,2619.0,714.0,9394935.0,13130.0,1356600.0,False,True,True,True,True,False
8030.T,8030,中央魚類,Standard,卸売業,,2026-09-18,2619.0,3920.0,9373375.0,2420.0,3528000.0,False,True,True,True,True,False
9306.T,9306,東陽倉庫,Standard,倉庫・運輸関連業,,2026-09-18,2619.0,2029.0,9345260.0,4660.0,5072500.0,False,True,True,True,True,False
6181.T,6181,タメニー,Growth,サービス業,,2026-09-18,2619.0,90.0,9331165.0,104650.0,7254000.0,False,False,True,True,True,False
3320.T,3320,クロスプラス,Standard,卸売業,,2026-09-18,2619.0,1300.0,9300525.0,7100.0,7410000.0,False,True,True,True,True,False
6189.T,6189,グローバルキッズＣＯＭＰＡＮＹ,Standard,サービス業,,2026-09-18,2588.0,1009.0,9297585.0,9170.0,16446700.0,False,True,True,True,True,False
2750.T,2750,石光商事,Standard,卸売業,,2026-09-18,2619.0,1356.0,9282920.0,6840.0,9085200.0,False,True,True,True,True,False
1718.T,1718,美樹工業,Standard,建設業,,2026-09-18,2619.0,7130.0,9233150.0,1300.0,3565000.0,False,True,True,True,True,False
1736.T,1736,オーテック,Standard,建設業,,2026-09-18,2619.0,2500.0,9227120.0,3810.0,10000000.0,False,True,True,True,True,False
2221.T,2221,岩塚製菓,Standard,食料品,,2026-09-18,2619.0,3050.0,9226375.0,3020.0,3965000.0,False,True,True,True,True,False
5986.T,5986,モリテック　スチール,Standard,金属製品,,2026-09-18,2619.0,261.0,9222060.0,35695.0,9317700.0,False,True,True,True,True,False
9846.T,9846,天満屋ストア,Standard,小売業,,2026-09-18,2619.0,983.0,9219935.0,9340.0,5308200.0,False,True,True,True,True,False
4760.T,4760,アルファ,Standard,サービス業,,2026-09-18,2619.0,1210.0,9209075.0,6290.0,10890000.0,False,True,True,True,True,False
5958.T,5958,三洋工業,Standard,金属製品,,2026-09-18,2619.0,4400.0,9158200.0,2055.0,1760000.0,False,True,True,True,True,False
9265.T,9265,ヤマシタヘルスケアホールディングス,Standard,卸売業,,2026-09-18,2163.0,3655.0,9132250.0,2550.0,1462000.0,False,True,True,True,True,False
7487.T,7487,小津産業,Standard,卸売業,,2026-09-18,2619.0,1856.0,9125875.0,5020.0,13548800.0,False,True,True,True,True,False
7494.T,7494,コナカ,Standard,小売業,,2026-09-18,2619.0,240.0,9109375.0,37295.0,10104000.0,False,True,True,True,True,False
8127.T,8127,ヤマトインターナショナル,Standard,繊維製品,,2026-09-18,2619.0,515.0,9109295.0,16660.0,6025500.0,False,True,True,True,True,False
246A.T,246A,アスア,Growth,サービス業,,2026-09-18,484.0,1067.0,9103410.0,8990.0,6295300.0,False,True,True,True,True,False
9640.T,9640,セゾンテクノロジー,Standard,情報・通信業,,2026-09-18,2619.0,1989.0,9082675.0,4570.0,4574700.0,False,True,True,True,True,False
5589.T,5589,オートサーバー,Standard,情報・通信業,,2026-09-18,729.0,2899.0,9065370.0,3110.0,3768700.0,False,True,True,True,True,False
3417.T,3417,大木ヘルスケアホールディングス,Standard,卸売業,,2026-09-18,2619.0,1014.0,8984190.0,8735.0,3346200.0,False,True,True,True,True,False
6391.T,6391,加地テック,Standard,機械,,2026-09-18,2619.0,4785.0,8975525.0,1875.0,3828000.0,False,True,True,True,True,False
9249.T,9249,日本エコシステム,Standard,サービス業,,2026-09-18,1211.0,1667.0,8964585.0,5400.0,7668200.0,False,True,True,True,True,False
4241.T,4241,アテクト,Standard,化学,,2026-09-18,2619.0,698.0,8916975.0,13435.0,9841800.0,False,True,True,True,True,False
142A.T,142A,ジンジブ,Growth,サービス業,,2026-09-18,610.0,915.0,8885655.0,10370.0,19398000.0,False,True,True,True,True,False
4093.T,4093,東邦アセチレン,Prime,化学,,2026-09-18,2619.0,433.0,8853155.0,20830.0,3031000.0,False,True,True,True,True,False
410A.T,410A,ＧＭＯコマース,Growth,サービス業,,2026-09-18,241.0,1128.0,8848085.0,7750.0,5188800.0,False,True,False,True,True,False
3280.T,3280,エストラスト,Standard,不動産業,,2026-09-18,2619.0,935.0,8811280.0,9420.0,1402500.0,False,True,True,True,True,False
7624.T,7624,ＮａＩＴＯ,Standard,卸売業,,2026-09-18,2619.0,167.0,8794895.0,56235.0,13142900.0,False,False,True,True,True,False
9980.T,9980,ＭＲＫホールディングス,Standard,小売業,,2026-09-18,2619.0,94.0,8777255.0,92505.0,2378200.0,False,False,True,True,True,False
7038.T,7038,フロンティア・マネジメント,Prime,サービス業,,2026-09-18,1948.0,584.0,8775815.0,15045.0,12731200.0,False,True,True,True,True,False
9244.T,9244,デジタリフト,Growth,サービス業,,2026-09-18,1219.0,1447.0,8732580.0,6205.0,16785200.0,False,True,True,True,True,False
5940.T,5940,不二サッシ,Standard,金属製品,,2026-09-18,2619.0,748.0,8715565.0,11510.0,6657200.0,False,True,True,True,True,False
6874.T,6874,協立電機,Standard,電気機器,,2026-09-18,2619.0,2362.0,8702035.0,3705.0,6141200.0,False,True,True,True,True,False
4762.T,4762,エックスネット,Standard,情報・通信業,,2026-09-18,2619.0,2321.0,8678220.0,3880.0,11837100.0,False,True,True,True,True,False
5753.T,5753,日本伸銅,Standard,非鉄金属,,2026-09-18,2619.0,2590.0,8638675.0,3370.0,2590000.0,False,True,True,True,True,False
8207.T,8207,テンアライド,Standard,小売業,,2026-09-18,2619.0,301.0,8597170.0,28575.0,10023300.0,False,True,True,True,True,False
3490.T,3490,アズ企画設計,Standard,不動産業,,2026-09-18,2079.0,3050.0,8556850.0,2740.0,2440000.0,False,True,True,True,True,False
9780.T,9780,ハリマビステム,Standard,サービス業,,2026-09-18,2619.0,1138.0,8554725.0,7600.0,1593200.0,False,True,True,True,True,False
9982.T,9982,タキヒヨー,Standard,卸売業,,2026-09-18,2619.0,2710.0,8546240.0,3250.0,10298000.0,False,True,True,True,True,False
343A.T,343A,ＩＡＣＥトラベル,Standard,サービス業,,2026-09-18,357.0,1320.0,8514585.0,6510.0,7128000.0,False,True,True,True,True,False
9325.T,9325,ファイズホールディングス,Standard,倉庫・運輸関連業,,2026-09-18,2345.0,1070.0,8511650.0,7975.0,5778000.0,False,True,True,True,True,False
4270.T,4270,ＢｅｅＸ,Growth,情報・通信業,,2026-09-18,1119.0,1898.0,8509295.0,4470.0,9869600.0,False,True,True,True,True,False
4245.T,4245,ダイキアクシス,Standard,化学,,2026-09-18,2619.0,714.0,8505755.0,11905.0,3855600.0,False,True,True,True,True,False
7814.T,7814,日本創発グループ,Standard,その他製品,,2026-09-18,2619.0,599.0,8494245.0,13475.0,4013300.0,False,True,True,True,True,False
2981.T,2981,ランディックス,Growth,不動産業,,2026-09-18,1648.0,2320.0,8482290.0,3820.0,10208000.0,False,True,True,True,True,False
9029.T,9029,ヒガシホールディングス,Standard,陸運業,,2026-09-18,2619.0,1817.0,8481310.0,4585.0,4905900.0,False,True,True,True,True,False
3648.T,3648,ＡＧＳ,Standard,情報・通信業,,2026-09-18,2619.0,1055.0,8476085.0,7935.0,7174000.0,False,True,True,True,True,False
3680.T,3680,ホットリンク,Growth,情報・通信業,,2026-09-18,2619.0,202.0,8469280.0,41005.0,5292400.0,False,True,True,True,True,False
4624.T,4624,イサム塗料,Standard,化学,,2026-09-18,2619.0,3980.0,8431925.0,2080.0,3582000.0,False,True,True,True,True,False
4060.T,4060,ｒａｋｕｍｏ,Growth,情報・通信業,,2026-09-18,1462.0,1194.0,8431305.0,6950.0,2865600.0,False,True,True,True,True,False
4761.T,4761,さくらケーシーエス,Standard,情報・通信業,,2026-09-18,2619.0,1482.0,8430780.0,5745.0,16005600.0,False,True,True,True,True,False
7551.T,7551,ウェッズ,Standard,輸送用機器,,2026-09-18,2619.0,700.0,8307290.0,11525.0,10220000.0,False,True,True,True,True,False
8076.T,8076,カノークス,Standard,卸売業,,2026-09-18,917.0,2139.0,8305965.0,3925.0,6417000.0,False,True,True,True,True,False
3238.T,3238,セントラル総合開発,Standard,不動産業,,2026-09-18,2619.0,382.0,8282005.0,21475.0,6990600.0,False,True,True,True,True,False
5922.T,5922,那須電機鉄工,Standard,金属製品,,2026-09-18,2619.0,20000.0,8270750.0,410.0,14000000.0,False,True,True,True,True,False
5268.T,5268,旭コンクリート工業,Standard,ガラス・土石製品,,2026-09-18,2619.0,844.0,8249935.0,9335.0,5064000.0,False,True,True,True,True,False
3796.T,3796,いい生活,Standard,情報・通信業,,2026-09-18,2619.0,334.0,8241655.0,25150.0,8149600.0,False,True,True,True,True,False
9563.T,9563,Ａｔｌａｓ　Ｔｅｃｈｎｏｌｏｇｉｅｓ,Growth,サービス業,,2026-09-18,955.0,345.0,8214130.0,23910.0,6486000.0,False,True,True,True,True,False
8085.T,8085,ナラサキ産業,Standard,卸売業,,2026-09-18,2619.0,4330.0,8201075.0,1945.0,6062000.0,False,True,True,True,True,False
8891.T,8891,ＡＭＧホールディングス,Standard,不動産業,,2026-09-18,2619.0,2104.0,8200020.0,3985.0,8836800.0,False,True,True,True,True,False
7749.T,7749,メディキット,Standard,精密機器,,2026-09-18,2619.0,2870.0,8170555.0,2825.0,5166000.0,False,True,True,True,True,False
2934.T,2934,ジェイフロンティア,Growth,食料品,,2026-09-18,1239.0,2039.0,8165080.0,4065.0,12030100.0,False,True,True,True,True,False
6392.T,6392,ヤマダコーポレーション,Standard,機械,,2026-09-18,2619.0,7870.0,8151900.0,1035.0,0.0,False,True,True,True,True,False
3698.T,3698,ＣＲＩ・ミドルウェア,Growth,情報・通信業,,2026-09-18,2619.0,1220.0,8105320.0,6685.0,2196000.0,False,True,True,True,True,False
415A.T,415A,ＧＭＯ　ＴＥＣＨホールディングス,Growth,サービス業,,2026-09-18,2619.0,5460.0,8017600.0,1510.0,20202000.0,False,True,True,True,True,False
5870.T,5870,ナルネットコミュニケーションズ,Growth,サービス業,,2026-09-18,668.0,898.0,7967325.0,8795.0,6196200.0,False,True,True,True,True,False
9223.T,9223,ＡＳＮＯＶＡ,Growth,サービス業,,2026-09-18,668.0,356.0,7959125.0,20845.0,11783600.0,False,True,True,True,True,False
2138.T,2138,クルーズ,Standard,情報・通信業,,2026-09-18,2619.0,426.0,7954520.0,18335.0,4132200.0,False,True,True,True,True,False
7490.T,7490,日新商事,Standard,卸売業,,2026-09-18,2619.0,2190.0,7911000.0,3615.0,3504000.0,False,True,True,True,True,False
4054.T,4054,日本情報クリエイト,Growth,情報・通信業,,2026-09-18,1501.0,521.0,7880080.0,15115.0,12295600.0,False,True,True,True,True,False
7122.T,7122,近畿車輛,Standard,輸送用機器,,2026-09-18,2619.0,2444.0,7855415.0,3240.0,11731200.0,False,True,True,True,True,False
7514.T,7514,ヒマラヤ,Standard,小売業,,2026-09-18,2619.0,852.0,7853365.0,9100.0,3152400.0,False,True,True,True,True,False
2872.T,2872,セイヒョー,Standard,食料品,,2026-09-18,2619.0,1924.0,7830670.0,4000.0,2693600.0,False,True,True,True,True,False
2224.T,2224,コモ,Standard,食料品,,2026-09-18,2619.0,3720.0,7823950.0,2125.0,5208000.0,False,True,True,True,True,False
9219.T,9219,ギックス,Growth,サービス業,,2026-09-18,1096.0,898.0,7806495.0,8755.0,4130800.0,False,True,True,True,True,False
1431.T,1431,Ｌｉｂ　Ｗｏｒｋ,Growth,建設業,,2026-09-18,1773.0,657.0,7794960.0,11935.0,10052100.0,False,True,True,True,True,False
4387.T,4387,ＺＵＵ,Growth,情報・通信業,,2026-09-18,2018.0,591.0,7792790.0,14315.0,23167200.0,False,True,True,True,True,False
6087.T,6087,アビスト,Standard,サービス業,,2026-09-18,2619.0,3555.0,7787375.0,2190.0,9954000.0,False,True,True,True,True,False
7064.T,7064,ハウテレビジョン,Growth,サービス業,,2026-09-18,1805.0,1048.0,7778990.0,8025.0,2096000.0,False,True,True,True,True,False
7277.T,7277,ＴＢＫ,Standard,輸送用機器,,2026-09-18,2619.0,337.0,7753955.0,22210.0,3471100.0,False,True,True,True,True,False
7698.T,7698,アイスコ,Standard,卸売業,,2026-09-18,1333.0,2840.0,7750710.0,2805.0,9372000.0,False,True,True,True,True,False
6171.T,6171,土木管理総合試験所,Standard,サービス業,,2026-09-18,2619.0,371.0,7740105.0,20755.0,3005100.0,False,True,True,True,True,False
2459.T,2459,アウンコンサルティング,Standard,サービス業,,2026-09-18,2619.0,179.0,7723480.0,43880.0,4940400.0,False,False,True,True,True,False
9561.T,9561,グラッドキューブ,Growth,サービス業,,2026-09-18,974.0,424.0,7722805.0,18245.0,2332000.0,False,True,True,True,True,False
3913.T,3913,ＧｒｅｅｎＢｅｅ,Growth,情報・通信業,,2026-09-18,2619.0,1123.0,7708660.0,6740.0,18080300.0,False,True,True,True,True,False
7991.T,7991,マミヤ・オーピー,Standard,機械,,2026-09-18,2619.0,1061.0,7696025.0,7165.0,10610000.0,False,True,True,True,True,False
9441.T,9441,ベルパーク,Standard,情報・通信業,,2026-09-18,2619.0,3015.0,7660415.0,2545.0,6633000.0,False,True,True,True,True,False
7427.T,7427,エコートレーディング,Standard,卸売業,,2026-09-18,2619.0,840.0,7642735.0,9155.0,5460000.0,False,True,True,True,True,False
5869.T,5869,早稲田学習研究会,Standard,サービス業,,2026-09-18,669.0,1259.0,7635810.0,6080.0,4532400.0,False,True,True,True,True,False
7822.T,7822,永大産業,Standard,その他製品,,2026-09-18,2619.0,258.0,7613745.0,29720.0,8281800.0,False,True,True,True,True,False
7347.T,7347,マーキュリアホールディングス,Prime,証券、商品先物取引業,,2026-09-18,1277.0,806.0,7612930.0,9550.0,7818200.0,False,True,True,True,True,False
5699.T,5699,イボキン,Standard,鉄鋼,,2026-09-18,1989.0,1609.0,7587130.0,4710.0,2574400.0,False,True,True,True,True,False
2173.T,2173,博展,Growth,サービス業,,2026-09-18,2619.0,737.0,7540675.0,10425.0,4643100.0,False,True,True,True,True,False
7299.T,7299,フジオーゼックス,Standard,輸送用機器,,2026-09-18,2619.0,1800.0,7514650.0,4110.0,5400000.0,False,True,True,True,True,False
7621.T,7621,うかい,Standard,小売業,,2026-09-18,2619.0,3430.0,7507625.0,2175.0,12005000.0,False,True,True,True,True,False
5891.T,5891,魁力屋,Standard,小売業,,2026-09-18,674.0,1688.0,7492080.0,4445.0,3038400.0,False,True,True,True,True,False
245A.T,245A,ＩＮＧＳ,Growth,小売業,,2026-09-18,484.0,2488.0,7491130.0,2935.0,995200.0,False,True,True,True,True,False
6561.T,6561,ＨＡＮＡＴＯＵＲ　ＪＡＰＡＮ,Growth,サービス業,,2026-09-18,2153.0,814.0,7468675.0,9005.0,6756200.0,False,True,True,True,True,False
3744.T,3744,サイオス,Standard,情報・通信業,,2026-09-18,2619.0,462.0,7466795.0,16315.0,5266800.0,False,True,True,True,True,False
8039.T,8039,築地魚市場,Standard,卸売業,,2026-09-18,2619.0,3470.0,7453775.0,2135.0,6246000.0,False,True,True,True,True,False
5257.T,5257,ノバシステム,Standard,情報・通信業,,2026-09-18,851.0,2904.0,7448150.0,2635.0,18295200.0,False,True,True,True,True,False
1711.T,1711,ＳＤＳホールディングス,Standard,建設業,,2026-09-18,2619.0,247.0,7443060.0,30405.0,3803800.0,False,True,True,True,True,False
1420.T,1420,サンヨーホームズ,Standard,建設業,,2026-09-18,2619.0,631.0,7427385.0,11730.0,10285300.0,False,True,True,True,True,False
3858.T,3858,ユビキタスＡＩ,Standard,情報・通信業,,2026-09-18,2619.0,314.0,7424100.0,24475.0,9325800.0,False,True,True,True,True,False
7228.T,7228,デイトナ,Standard,輸送用機器,,2026-09-18,2619.0,4000.0,7394150.0,1840.0,4400000.0,False,True,True,True,True,False
175A.T,175A,Ｗｉｌｌ　Ｓｍａｒｔ,Growth,情報・通信業,,2026-09-18,594.0,651.0,7365700.0,11235.0,1562400.0,False,True,True,True,True,False
7183.T,7183,あんしん保証,Standard,その他金融業,,2026-09-18,2619.0,255.0,7360545.0,28975.0,2983500.0,False,True,True,True,True,False
2373.T,2373,ケア２１,Standard,サービス業,,2026-09-18,2619.0,446.0,7354435.0,16940.0,7448200.0,False,True,True,True,True,False
5380.T,5380,新東,Standard,ガラス・土石製品,,2026-09-18,2619.0,1378.0,7349975.0,5115.0,4409600.0,False,True,True,True,True,False
3358.T,3358,ワイエスフード,Standard,小売業,,2026-09-18,2619.0,95.0,7288175.0,75515.0,6887500.0,False,False,True,True,True,False
9636.T,9636,きんえい,Standard,サービス業,,2026-09-18,2619.0,4200.0,7278350.0,1730.0,2520000.0,False,True,True,True,True,False
7775.T,7775,大研医器,Standard,精密機器,,2026-09-18,2619.0,421.0,7267095.0,17105.0,15871700.0,False,True,True,True,True,False
9236.T,9236,ジャパンＭ＆Ａソリューション,Growth,サービス業,,2026-09-18,710.0,1385.0,7241665.0,5170.0,6509500.0,False,True,True,True,True,False
3842.T,3842,ネクストジェン,Standard,情報・通信業,,2026-09-18,2619.0,1275.0,7241150.0,6300.0,26265000.0,False,True,True,True,True,False
3628.T,3628,データホライゾン,Growth,情報・通信業,,2026-09-18,2619.0,715.0,7228470.0,11070.0,12870000.0,False,True,True,True,True,False
2349.T,2349,エヌアイデイ,Standard,情報・通信業,,2026-09-18,2619.0,2524.0,7189145.0,2900.0,15648800.0,False,True,True,True,True,False
3712.T,3712,情報企画,Standard,情報・通信業,,2026-09-18,2619.0,1009.0,7178030.0,6785.0,6558500.0,False,True,True,True,True,False
3958.T,3958,笹徳印刷,Standard,パルプ・紙,,2026-09-18,731.0,544.0,7172610.0,13070.0,17190400.0,False,True,True,True,True,False
6265.T,6265,コンバム,Standard,機械,,2026-09-18,2619.0,3090.0,7166050.0,2315.0,2163000.0,False,True,True,True,True,False
5858.T,5858,ＳＴＧ,Growth,非鉄金属,,2026-09-18,1767.0,1181.0,7165620.0,5995.0,2480100.0,False,True,True,True,True,False
7800.T,7800,アミファ,Standard,その他製品,,2026-09-18,1709.0,988.0,7163475.0,7200.0,7113600.0,False,True,True,True,True,False
3353.T,3353,メディカル一光グループ,Standard,小売業,,2026-09-18,2619.0,2785.0,7098115.0,2510.0,4456000.0,False,True,True,True,True,False
3760.T,3760,ケイブ,Standard,情報・通信業,,2026-09-18,2619.0,719.0,7094345.0,9955.0,10281700.0,False,True,True,True,True,False
6549.T,6549,ディーエムソリューションズ,Standard,サービス業,,2026-09-18,2280.0,1114.0,7084250.0,6555.0,8020800.0,False,True,True,True,True,False
2721.T,2721,ジェイホールディングス,Standard,卸売業,,2026-09-18,2619.0,103.0,7014610.0,65335.0,5871000.0,False,False,True,True,True,False
2055.T,2055,日和産業,Standard,食料品,,2026-09-18,2619.0,346.0,6979500.0,20345.0,1695400.0,False,True,True,True,True,False
5368.T,5368,日本インシュレーション,Standard,ガラス・土石製品,,2026-09-18,1590.0,1005.0,6977465.0,6935.0,4924500.0,False,True,True,True,True,False
9259.T,9259,タカヨシホールディングス,Growth,サービス業,,2026-09-18,1158.0,858.0,6964925.0,8185.0,3603600.0,False,True,True,True,True,False
4376.T,4376,くふうカンパニーホールディングス,Growth,情報・通信業,,2026-09-18,1216.0,173.0,6942590.0,41325.0,7923400.0,False,False,True,True,True,False
5868.T,5868,ロココ,Standard,サービス業,,2026-09-18,671.0,1054.0,6937460.0,6620.0,1791800.0,False,True,True,True,True,False
1905.T,1905,テノックス,Standard,建設業,,2026-09-18,2619.0,1446.0,6930645.0,4750.0,4627200.0,False,True,True,True,True,False
9083.T,9083,神姫バス,Standard,陸運業,,2026-09-18,2619.0,2000.0,6916920.0,3490.0,28000000.0,False,True,True,True,True,False
4178.T,4178,Ｓｈａｒｉｎｇ　Ｉｎｎｏｖａｔｉｏｎｓ,Growth,情報・通信業,,2026-09-18,1344.0,553.0,6895695.0,12625.0,9069200.0,False,True,True,True,True,False
9562.T,9562,ビジネスコーチ,Growth,サービス業,,2026-09-18,959.0,680.0,6887380.0,10650.0,3468000.0,False,True,True,True,True,False
8700.T,8700,丸八証券,Standard,証券、商品先物取引業,,2026-09-18,2619.0,2085.0,6837640.0,3240.0,2919000.0,False,True,True,True,True,False
4012.T,4012,アクシス,Standard,情報・通信業,,2026-09-18,1460.0,1732.0,6831945.0,3970.0,2598000.0,False,True,True,True,True,False
3726.T,3726,フォーシーズＨＤ,Standard,小売業,,2026-09-18,2619.0,391.0,6807235.0,17000.0,11417200.0,False,True,True,True,True,False
4389.T,4389,プロパティデータバンク,Growth,情報・通信業,,2026-09-18,2015.0,1058.0,6801795.0,6380.0,2962400.0,False,True,True,True,True,False
3192.T,3192,白鳩,Standard,小売業,,2026-09-18,2619.0,261.0,6764735.0,23980.0,5559300.0,False,True,True,True,True,False
8202.T,8202,ラオックスホールディングス,Standard,小売業,,2026-09-18,2619.0,149.0,6754020.0,45645.0,4842500.0,False,False,True,True,True,False
2936.T,2936,ベースフード,Growth,食料品,,2026-09-18,942.0,281.0,6746320.0,24510.0,12588800.0,False,True,True,True,True,False
7196.T,7196,Ｃａｓａ,Standard,その他金融業,,2026-09-18,2186.0,753.0,6737785.0,9050.0,6249900.0,False,True,True,True,True,False
297A.T,297A,アルピコホールディングス,Standard,小売業,,2026-09-18,422.0,211.0,6729865.0,31580.0,6245600.0,False,True,True,True,True,False
4308.T,4308,Ｊストリーム,Growth,情報・通信業,,2026-09-18,2619.0,358.0,6687030.0,18715.0,9129000.0,False,True,True,True,True,False
6239.T,6239,ナガオカ,Standard,機械,,2026-09-18,2619.0,1430.0,6665800.0,4590.0,12727000.0,False,True,True,True,True,False
5819.T,5819,カナレ電気,Standard,非鉄金属,,2026-09-18,2619.0,1750.0,6665660.0,3805.0,3500000.0,False,True,True,True,True,False
6614.T,6614,シキノハイテック,Standard,電気機器,,2026-09-18,1343.0,864.0,6661300.0,7700.0,1814400.0,False,True,True,True,True,False
145A.T,145A,Ｌ　ｉｓ　Ｂ,Growth,情報・通信業,,2026-09-18,609.0,884.0,6657745.0,7360.0,1856400.0,False,True,True,True,True,False
3174.T,3174,ハピネス・アンド・ディ,Standard,小売業,,2026-09-18,2619.0,387.0,6655790.0,16725.0,10294200.0,False,True,True,True,True,False
9171.T,9171,栗林商船,Standard,海運業,,2026-09-18,2619.0,1499.0,6653760.0,4405.0,1499000.0,False,True,True,True,True,False
6942.T,6942,ソフィアホールディングス,Standard,情報・通信業,,2026-09-18,2619.0,1443.0,6634095.0,4620.0,9956700.0,False,True,True,True,True,False
6731.T,6731,ピクセラ,Standard,電気機器,,2026-09-18,2619.0,99.0,6632045.0,63670.0,9028800.0,False,False,True,False,True,False
9731.T,9731,白洋舎,Standard,サービス業,,2026-09-18,2619.0,3385.0,6630275.0,1955.0,3723500.0,False,True,True,True,True,False
8181.T,8181,東天紅,Standard,小売業,,2026-09-18,2619.0,991.0,6628040.0,6705.0,2576600.0,False,True,True,True,True,False
3929.T,3929,ソーシャルワイヤー,Growth,情報・通信業,,2026-09-18,2619.0,244.0,6590515.0,27215.0,47726400.0,False,True,True,True,True,False
7087.T,7087,ウイルテック,Standard,サービス業,,2026-09-18,1599.0,1422.0,6582600.0,4635.0,9100800.0,False,True,True,True,True,False
5458.T,5458,高砂鐵工,Standard,鉄鋼,,2026-09-18,2619.0,1354.0,6579895.0,4865.0,2978800.0,False,True,True,True,True,False
4490.T,4490,ビザスク,Growth,情報・通信業,,2026-09-18,1597.0,657.0,6565605.0,10015.0,3613500.0,False,True,True,True,True,False
4976.T,4976,東洋ドライルーブ,Standard,化学,,2026-09-18,2619.0,1540.0,6547825.0,4135.0,1232000.0,False,True,True,True,True,False
7640.T,7640,トップカルチャー,Standard,小売業,,2026-09-18,2619.0,191.0,6544115.0,34080.0,1642600.0,False,False,True,True,True,False
9159.T,9159,Ｗ　ＴＯＫＹＯ,Growth,サービス業,,2026-09-18,789.0,1973.0,6527420.0,3290.0,986500.0,False,True,True,True,True,False
4380.T,4380,Ｍマート,Growth,情報・通信業,,2026-09-18,2102.0,699.0,6513930.0,9335.0,1398000.0,False,True,True,True,True,False
7369.T,7369,メイホーホールディングス,Growth,サービス業,,2026-09-18,1298.0,374.0,6512025.0,16940.0,1645600.0,False,True,True,True,True,False
3815.T,3815,メディア工房,Growth,情報・通信業,,2026-09-18,2619.0,435.0,6503795.0,14875.0,1261500.0,False,True,True,True,True,False
3917.T,3917,アイリッジ,Growth,情報・通信業,,2026-09-18,2619.0,504.0,6465740.0,13440.0,26812800.0,False,True,True,True,True,False
9162.T,9162,ブリーチ,Growth,サービス業,,2026-09-18,785.0,232.0,6454005.0,28065.0,1229600.0,False,True,True,True,True,False
8135.T,8135,ゼット,Standard,卸売業,,2026-09-18,2619.0,428.0,6444110.0,14720.0,15793200.0,False,True,True,True,True,False
9625.T,9625,セレスポ,Standard,サービス業,,2026-09-18,2619.0,927.0,6434330.0,6795.0,556200.0,False,True,True,True,True,False
3947.T,3947,ダイナパック,Standard,パルプ・紙,,2026-09-18,2619.0,2475.0,6432430.0,2600.0,2227500.0,False,True,True,True,True,False
2883.T,2883,大冷,Standard,食料品,,2026-09-18,2619.0,2054.0,6422510.0,3155.0,11297000.0,False,True,True,True,True,False
3750.T,3750,ＡＤＲ１２０Ｓ,Standard,情報・通信業,,2026-09-18,2619.0,845.0,6420830.0,7880.0,3971500.0,False,True,True,True,True,False
3177.T,3177,ありがとうサービス,Standard,小売業,,2026-09-18,2619.0,4570.0,6417075.0,1475.0,3656000.0,False,True,True,True,True,False
2311.T,2311,エプコ,Standard,サービス業,,2026-09-18,2619.0,788.0,6362635.0,8095.0,7013200.0,False,True,True,True,True,False
2689.T,2689,オルバヘルスケアホールディングス,Standard,卸売業,,2026-09-18,2619.0,1925.0,6345090.0,3325.0,5775000.0,False,True,True,True,True,False
1793.T,1793,大本組,Standard,建設業,,2026-09-18,2619.0,2121.0,6332065.0,3005.0,2545200.0,False,True,True,True,True,False
7353.T,7353,ＫＩＹＯラーニング,Growth,サービス業,,2026-09-18,1511.0,507.0,6301130.0,12035.0,4563000.0,False,True,True,True,True,False
4334.T,4334,ユークス,Standard,情報・通信業,,2026-09-18,2619.0,382.0,6292880.0,16115.0,1680800.0,False,True,True,True,True,False
3690.T,3690,イルグルム,Standard,情報・通信業,,2026-09-18,2619.0,574.0,6280795.0,10850.0,2468200.0,False,True,True,True,True,False
3329.T,3329,東和フードサービス,Standard,小売業,,2026-09-18,2619.0,2144.0,6273605.0,2940.0,3644800.0,False,True,True,True,True,False
4934.T,4934,プレミアアンチエイジング,Growth,化学,,2026-09-18,1442.0,592.0,6270035.0,10475.0,6985600.0,False,True,True,True,True,False
7804.T,7804,ビーアンドピー,Standard,その他製品,,2026-09-18,1748.0,2405.0,6261415.0,2630.0,7455500.0,False,True,True,True,True,False
3965.T,3965,キャピタル・アセット・プランニング,Standard,情報・通信業,,2026-09-18,2451.0,889.0,6195095.0,6885.0,11645900.0,False,True,True,True,True,False
151A.T,151A,ダイブ,Growth,サービス業,,2026-09-18,608.0,630.0,6194610.0,9615.0,5670000.0,False,True,True,True,True,False
3979.T,3979,うるる,Growth,情報・通信業,,2026-09-18,2345.0,475.0,6192205.0,13945.0,6887500.0,False,True,True,True,True,False
8946.T,8946,ＡＳＩＡＮ　ＳＴＡＲ,Standard,不動産業,,2026-09-18,2619.0,74.0,6188510.0,82610.0,7340800.0,False,False,True,True,True,False
5015.T,5015,ビーピー・カストロール,Standard,石油・石炭製品,,2026-09-18,2619.0,999.0,6181980.0,6175.0,3496500.0,False,True,True,True,True,False
4265.T,4265,Ｉｎｓｔｉｔｕｔｉｏｎ　ｆｏｒ　ａ　Ｇｌｏｂａｌ　Ｓｏｃｉｅｔｙ,Growth,情報・通信業,,2026-09-18,1155.0,283.0,6181215.0,21600.0,7697600.0,False,True,True,True,True,False
1853.T,1853,森組,Standard,建設業,,2026-09-18,2619.0,326.0,6170415.0,18870.0,7432800.0,False,True,True,True,True,False
2970.T,2970,グッドライフカンパニー,Standard,不動産業,,2026-09-18,1892.0,1115.0,6156925.0,5685.0,8139500.0,False,True,True,True,True,False
302A.T,302A,ビースタイルホールディングス,Growth,サービス業,,2026-09-18,420.0,617.0,6138135.0,10030.0,64414800.0,False,True,True,True,True,False
7462.T,7462,ＣＡＰＩＴＡ,Standard,小売業,,2026-09-18,2619.0,413.0,6132950.0,15415.0,4006100.0,False,True,True,True,True,False
4299.T,4299,ハイマックス,Standard,情報・通信業,,2026-09-18,2619.0,1217.0,6115650.0,5005.0,3285900.0,False,True,True,True,True,False
7643.T,7643,ダイイチ,Standard,小売業,,2026-09-18,2619.0,1719.0,6106235.0,3525.0,4985100.0,False,True,True,True,True,False
7604.T,7604,梅の花グループ,Standard,小売業,,2026-09-18,2619.0,918.0,6091030.0,6735.0,5967000.0,False,True,True,True,True,False
9193.T,9193,東京汽船,Standard,倉庫・運輸関連業,,2026-09-18,2619.0,893.0,6085450.0,6925.0,4732900.0,False,True,True,True,True,False
2385.T,2385,総医研ホールディングス,Growth,サービス業,,2026-09-18,2619.0,218.0,6081800.0,27750.0,4185600.0,False,True,True,True,True,False
3566.T,3566,ユニフォームネクスト,Growth,小売業,,2026-09-18,2259.0,727.0,6080050.0,8410.0,1744800.0,False,True,True,True,True,False
7812.T,7812,クレステック,Standard,その他製品,,2026-09-18,2619.0,2143.0,6071210.0,2920.0,15215300.0,False,True,True,True,True,False
5939.T,5939,大谷工業,Standard,金属製品,,2026-09-18,2619.0,4660.0,6062375.0,1285.0,1398000.0,False,True,True,True,True,False
7849.T,7849,スターツ出版,Standard,情報・通信業,,2026-09-18,2619.0,3020.0,6053240.0,2000.0,6342000.0,False,True,True,True,True,False
7670.T,7670,オーウエル,Standard,卸売業,,2026-09-18,1894.0,1216.0,6033615.0,4915.0,6566400.0,False,True,True,True,True,False
5936.T,5936,東洋シヤッター,Standard,金属製品,,2026-09-18,2619.0,907.0,5993735.0,6570.0,11518900.0,False,True,True,True,True,False
4539.T,4539,日本ケミファ,Standard,医薬品,,2026-09-18,2619.0,1544.0,5970930.0,3785.0,11425600.0,False,True,True,True,True,False
9326.T,9326,関通,Growth,倉庫・運輸関連業,,2026-09-18,1590.0,472.0,5958945.0,12210.0,1935200.0,False,True,True,True,True,False
7072.T,7072,インティメート・マージャー,Growth,サービス業,,2026-09-18,1686.0,1090.0,5949540.0,5300.0,4578000.0,False,True,True,True,True,False
4361.T,4361,川口化学工業,Standard,化学,,2026-09-18,2619.0,1623.0,5931690.0,3755.0,6005100.0,False,True,True,True,True,False
6343.T,6343,フリージア・マクロス,Standard,機械,,2026-09-18,2619.0,146.0,5928810.0,39680.0,7577400.0,False,False,True,True,True,False
6159.T,6159,ミクロン精密,Standard,機械,,2026-09-18,2619.0,1990.0,5914725.0,2800.0,12139000.0,False,True,True,True,True,False
1438.T,1438,岐阜造園,Standard,建設業,,2026-09-18,974.0,2330.0,5913680.0,2600.0,2097000.0,False,True,True,True,True,False
8247.T,8247,大和,Standard,小売業,,2026-09-18,2619.0,333.0,5908170.0,17665.0,1665000.0,False,True,True,True,True,False
3625.T,3625,テックファームホールディングス,Growth,情報・通信業,,2026-09-18,2619.0,683.0,5896080.0,8925.0,4302900.0,False,True,True,True,True,False
6537.T,6537,ＷＡＳＨハウス,Growth,サービス業,,2026-09-18,2421.0,293.0,5886585.0,19980.0,9024400.0,False,True,True,True,True,False
2411.T,2411,ゲンダイエージェンシー,Standard,情報・通信業,,2026-09-18,2619.0,470.0,5886005.0,12515.0,12737000.0,False,True,True,True,True,False
5994.T,5994,ファインシンター,Standard,金属製品,,2026-09-18,2619.0,1000.0,5869495.0,5745.0,1700000.0,False,True,True,True,True,False
3484.T,3484,イノベーションホールディングス,Prime,不動産業,,2026-09-18,2190.0,1227.0,5838510.0,5045.0,3312900.0,False,True,True,True,True,False
4482.T,4482,ウィルズ,Growth,情報・通信業,,2026-09-18,1649.0,745.0,5834375.0,7910.0,7226500.0,False,True,True,True,True,False
3945.T,3945,スーパーバッグ,Standard,パルプ・紙,,2026-09-18,2619.0,2175.0,5818180.0,2680.0,1087500.0,False,True,True,True,True,False
9993.T,9993,ヤマザワ,Standard,小売業,,2026-09-18,2619.0,1158.0,5801190.0,4980.0,5905800.0,False,True,True,True,True,False
4167.T,4167,ココペリ,Growth,情報・通信業,,2026-09-18,1406.0,345.0,5783925.0,17450.0,2518500.0,False,True,True,True,True,False
1840.T,1840,土屋ホールディングス,Standard,建設業,,2026-09-18,2619.0,251.0,5752685.0,22605.0,3187700.0,False,True,True,True,True,False
4447.T,4447,ピー・ビーシステムズ,Growth,情報・通信業,,2026-09-18,968.0,499.0,5741020.0,11465.0,7135700.0,False,True,True,True,True,False
4885.T,4885,室町ケミカル,Standard,医薬品,,2026-09-18,1362.0,870.0,5710210.0,6455.0,5046000.0,False,True,True,True,True,False
5187.T,5187,クリエートメディック,Standard,精密機器,,2026-09-18,2619.0,1157.0,5678750.0,4955.0,3933800.0,False,True,True,True,True,False
9753.T,9753,アイエックス・ナレッジ,Standard,情報・通信業,,2026-09-18,2619.0,1419.0,5639490.0,4025.0,10216800.0,False,True,True,True,True,False
7963.T,7963,興研,Standard,その他製品,,2026-09-18,2619.0,1792.0,5632580.0,3110.0,7168000.0,False,True,True,True,True,False
9033.T,9033,広島電鉄,Standard,陸運業,,2026-09-18,2619.0,633.0,5626010.0,8885.0,3987900.0,False,True,True,True,True,False
4016.T,4016,ＭＩＴホールディングス,Standard,情報・通信業,,2026-09-18,1422.0,1083.0,5607305.0,5415.0,4007100.0,False,True,True,True,True,False
3137.T,3137,ファンデリー,Growth,小売業,,2026-09-18,2619.0,215.0,5602975.0,26210.0,6536000.0,False,True,True,True,True,False
2183.T,2183,リニカル,Standard,サービス業,,2026-09-18,2619.0,205.0,5588455.0,27200.0,4489500.0,False,True,True,True,True,False
5945.T,5945,天龍製鋸,Standard,金属製品,,2026-09-18,2619.0,2289.0,5577945.0,2420.0,1144500.0,False,True,True,True,True,False
3082.T,3082,きちりホールディングス,Standard,小売業,,2026-09-18,2619.0,984.0,5567415.0,5675.0,9446400.0,False,True,True,True,True,False
130A.T,130A,Ｖｅｒｉｔａｓ　Ｉｎ　Ｓｉｌｉｃｏ,Growth,医薬品,,2026-09-18,639.0,434.0,5567035.0,12870.0,3124800.0,False,True,True,True,True,False
6402.T,6402,兼松エンジニアリング,Standard,機械,,2026-09-18,2619.0,1618.0,5556950.0,3460.0,7766400.0,False,True,True,True,True,False
4728.T,4728,トーセ,Standard,情報・通信業,,2026-09-18,2619.0,650.0,5553895.0,8570.0,7475000.0,False,True,True,True,True,False
3672.T,3672,オルトプラス,Standard,情報・通信業,,2026-09-18,2619.0,29.0,5548575.0,191915.0,5208400.0,False,False,True,True,True,False
4772.T,4772,ＳＭ　ＥＮＴＥＲＴＡＩＮＭＥＮＴ　ＪＡＰＡＮ,Growth,情報・通信業,,2026-09-18,2619.0,72.0,5545775.0,77290.0,3052800.0,False,False,True,True,True,False
7898.T,7898,ウッドワン,Standard,その他製品,,2026-09-18,2619.0,929.0,5544860.0,5985.0,2229600.0,False,True,True,True,True,False
7135.T,7135,ジャパンクラフトホールディングス,Standard,小売業,,2026-09-18,1153.0,172.0,5531055.0,30860.0,10320000.0,False,False,True,True,True,False
3969.T,3969,エイトレッド,Standard,情報・通信業,,2026-09-18,2400.0,1403.0,5519565.0,3930.0,5612000.0,False,True,True,True,True,False
4439.T,4439,東名,Standard,情報・通信業,,2026-09-18,1821.0,805.0,5516150.0,7090.0,1529500.0,False,True,True,True,True,False
334A.T,334A,ビジュアル・プロセッシング・ジャパン,Growth,情報・通信業,,2026-09-18,366.0,1110.0,5496855.0,5150.0,2664000.0,False,True,True,True,True,False
5189.T,5189,櫻護謨,Standard,ゴム製品,,2026-09-18,2619.0,3505.0,5492800.0,1560.0,4907000.0,False,True,True,True,True,False
9904.T,9904,ベリテ,Standard,小売業,,2026-09-18,2619.0,243.0,5485785.0,22300.0,1263600.0,False,True,True,True,True,False
7417.T,7417,南陽,Standard,卸売業,,2026-09-18,2156.0,1909.0,5470955.0,2890.0,3436200.0,False,True,True,True,True,False
7619.T,7619,田中商事,Standard,卸売業,,2026-09-18,2619.0,994.0,5463870.0,5575.0,38865400.0,False,True,True,True,True,False
3370.T,3370,フジタコーポレーション,Standard,小売業,,2026-09-18,2619.0,475.0,5444830.0,11550.0,1757500.0,False,True,True,True,True,False
9351.T,9351,東洋埠頭,Standard,倉庫・運輸関連業,,2026-09-18,2619.0,1924.0,5444350.0,2825.0,7696000.0,False,True,True,True,True,False
6488.T,6488,ヨシタケ,Standard,機械,,2026-09-18,2619.0,1046.0,5414255.0,5210.0,1046000.0,False,True,True,True,True,False
7079.T,7079,ＷＤＢココ,Growth,サービス業,,2026-09-18,1643.0,2588.0,5396620.0,2105.0,776400.0,False,True,True,True,True,False
6393.T,6393,油研工業,Standard,機械,,2026-09-18,2619.0,3060.0,5379375.0,1770.0,5814000.0,False,True,True,True,True,False
3386.T,3386,コスモ・バイオ,Standard,卸売業,,2026-09-18,2619.0,1244.0,5365710.0,4265.0,4354000.0,False,True,True,True,True,False
8617.T,8617,光世証券,Standard,証券、商品先物取引業,,2026-09-18,2619.0,621.0,5365695.0,8640.0,1428300.0,False,True,True,True,True,False
291A.T,291A,リスキル,Growth,サービス業,,2026-09-18,428.0,2012.0,5359240.0,2670.0,21528400.0,False,True,True,True,True,False
9986.T,9986,蔵王産業,Standard,卸売業,,2026-09-18,2619.0,2500.0,5341795.0,2145.0,2250000.0,False,True,True,True,True,False
7481.T,7481,尾家産業,Standard,卸売業,,2026-09-18,2619.0,2567.0,5336860.0,2055.0,5904100.0,False,True,True,True,True,False
3079.T,3079,ディーブイエックス,Standard,卸売業,,2026-08-28,2604.0,930.0,5328620.0,5680.0,0.0,False,True,True,True,False,False
3089.T,3089,テクノアルファ,Standard,卸売業,,2026-09-18,2619.0,1055.0,5308725.0,4910.0,3059500.0,False,True,True,True,True,False
7060.T,7060,ギークス,Standard,サービス業,,2026-09-18,1830.0,585.0,5305910.0,8960.0,10354500.0,False,True,True,True,True,False
6771.T,6771,池上通信機,Standard,電気機器,,2026-09-18,2619.0,653.0,5302525.0,7975.0,3199700.0,False,True,True,True,True,False
6870.T,6870,日本フェンオール,Standard,電気機器,,2026-09-18,2619.0,2071.0,5294345.0,2465.0,4142000.0,False,True,True,True,True,False
7809.T,7809,壽屋,Standard,その他製品,,2026-09-18,2211.0,1321.0,5279090.0,3990.0,4491400.0,False,True,True,True,True,False
3434.T,3434,アルファＣｏ,Standard,金属製品,,2026-09-18,2619.0,1247.0,5266235.0,4225.0,8729000.0,False,True,True,True,True,False
7214.T,7214,ＧＭＢ,Standard,輸送用機器,,2026-09-18,2619.0,1123.0,5252005.0,4715.0,10107000.0,False,True,True,True,True,False
6797.T,6797,名古屋電機工業,Standard,電気機器,,2026-09-18,562.0,1205.0,5231225.0,4330.0,2410000.0,False,True,True,True,True,False
7827.T,7827,オービス,Standard,その他製品,,2026-09-18,2619.0,1765.0,5217155.0,2995.0,7236500.0,False,True,True,True,True,False
1401.T,1401,エムビーエス,Growth,建設業,,2026-09-18,2619.0,1311.0,5171790.0,3865.0,3277500.0,False,True,True,True,True,False
3140.T,3140,ＢＲＵＮＯ,Growth,卸売業,,2026-09-18,2619.0,1021.0,5163335.0,5070.0,4798700.0,False,True,True,True,True,False
3096.T,3096,オーシャンシステム,Standard,小売業,,2026-09-18,2619.0,1618.0,5162260.0,3210.0,3559600.0,False,True,True,True,True,False
8772.T,8772,アサックス,Standard,その他金融業,,2026-09-18,2619.0,896.0,5158395.0,5760.0,5465600.0,False,True,True,True,True,False
3042.T,3042,セキュアヴェイル,Growth,情報・通信業,,2026-09-18,2619.0,309.0,5140325.0,16975.0,7199700.0,False,True,True,True,True,False
5356.T,5356,美濃窯業,Standard,ガラス・土石製品,,2026-09-18,614.0,1265.0,5136610.0,4020.0,3542000.0,False,True,True,True,True,False
6543.T,6543,日宣,Standard,サービス業,,2026-09-18,2364.0,1184.0,5127825.0,4145.0,1776000.0,False,True,True,True,True,False
7614.T,7614,オーエムツーネットワーク,Standard,小売業,,2026-09-18,2619.0,1542.0,5115620.0,3310.0,7555800.0,False,True,True,True,True,False
3646.T,3646,駅探,Growth,情報・通信業,,2026-09-18,2619.0,355.0,5099535.0,14040.0,1704000.0,False,True,True,True,True,False
6836.T,6836,ぷらっとホーム,Standard,電気機器,,2026-09-18,2619.0,823.0,5095395.0,6205.0,4938000.0,False,True,True,True,True,False
3557.T,3557,ユナイテッド＆コレクティブ,Growth,小売業,,2026-09-18,2359.0,506.0,5092220.0,9645.0,2985400.0,False,True,True,True,True,False
8260.T,8260,井筒屋,Standard,小売業,,2026-09-18,2619.0,389.0,5088770.0,13305.0,2800800.0,False,True,True,True,True,False
7871.T,7871,フクビ化学工業,Standard,化学,,2026-09-18,2619.0,1012.0,5084550.0,5005.0,1416800.0,False,True,True,True,True,False
4262.T,4262,ニフティライフスタイル,Growth,情報・通信業,,2026-09-18,1158.0,1392.0,5075260.0,3650.0,2923200.0,False,True,True,True,True,False
7112.T,7112,キューブ,Growth,小売業,,2026-09-18,967.0,596.0,5064880.0,8000.0,41720000.0,False,True,True,True,True,False
4288.T,4288,アズジェント,Standard,情報・通信業,,2026-09-18,2619.0,440.0,5060770.0,10940.0,3740000.0,False,True,True,True,True,False
7565.T,7565,萬世電機,Standard,卸売業,,2026-09-18,2619.0,7750.0,5059550.0,605.0,8525000.0,False,True,True,True,True,False
2778.T,2778,パレモ・ホールディングス,Standard,小売業,,2026-09-18,2619.0,113.0,5029560.0,43860.0,2542500.0,False,False,True,True,True,False
2424.T,2424,ブラス,Standard,サービス業,,2026-09-18,2595.0,614.0,5019200.0,7955.0,2517400.0,False,True,True,True,True,False
6663.T,6663,太洋テクノレックス,Standard,電気機器,,2026-09-18,2619.0,306.0,5010745.0,16070.0,2631600.0,False,True,True,True,True,False
4069.T,4069,ＢｌｕｅＭｅｍｅ,Growth,情報・通信業,,2026-09-18,1279.0,661.0,5006345.0,7210.0,1916900.0,False,True,True,True,True,False
7081.T,7081,コーユーレンティア,Standard,サービス業,,2026-09-18,1617.0,1284.0,5000370.0,3850.0,3595200.0,False,True,True,True,True,False
6022.T,6022,赤阪鐵工所,Standard,機械,,2026-09-18,2619.0,2911.0,4983480.0,1725.0,10188500.0,False,True,True,True,True,False
6286.T,6286,靜甲,Standard,機械,,2026-09-18,2619.0,1507.0,4944185.0,3280.0,4521000.0,False,True,True,True,True,False
7361.T,7361,ヒューマンクリエイションホールディングス,Growth,サービス業,,2026-09-18,1350.0,1205.0,4913300.0,4110.0,4458500.0,False,True,True,True,True,False
3420.T,3420,ケー・エフ・シー,Standard,金属製品,,2026-09-18,2619.0,1562.0,4912525.0,3105.0,937200.0,False,True,True,True,True,False
3758.T,3758,アエリア,Standard,情報・通信業,,2026-09-18,2619.0,251.0,4909000.0,19860.0,2660600.0,False,True,True,True,True,False
6360.T,6360,東京自働機械製作所,Standard,機械,,2026-09-18,2619.0,4815.0,4907900.0,1040.0,12037500.0,False,True,True,True,True,False
4427.T,4427,ＥｄｕＬａｂ,Growth,情報・通信業,,2026-09-18,1888.0,218.0,4906875.0,21340.0,4360000.0,False,True,True,True,True,False
7938.T,7938,リーガルコーポレーション,Standard,その他製品,,2026-09-18,2619.0,2126.0,4898360.0,2290.0,7228400.0,False,True,True,True,True,False
7343.T,7343,ブロードマインド,Growth,保険業,,2026-09-18,1342.0,1330.0,4891200.0,3785.0,4655000.0,False,True,True,True,True,False
3991.T,3991,ウォンテッドリー,Growth,情報・通信業,,2026-09-18,2218.0,942.0,4875270.0,4815.0,847800.0,False,True,True,True,True,False
9799.T,9799,旭情報サービス,Standard,情報・通信業,,2026-09-18,2619.0,942.0,4874140.0,5065.0,4521600.0,False,True,True,True,True,False
7567.T,7567,栄電子,Standard,卸売業,,2026-09-18,2619.0,619.0,4869305.0,7990.0,4518700.0,False,True,True,True,True,False
4124.T,4124,大阪油化工業,Standard,化学,,2026-09-18,2204.0,2960.0,4854215.0,1630.0,3848000.0,False,True,True,True,True,False
9686.T,9686,東洋テック,Standard,サービス業,,2026-09-18,2619.0,1729.0,4837600.0,2835.0,7953400.0,False,True,True,True,True,False
3799.T,3799,キーウェアソリューションズ,Standard,情報・通信業,,2026-09-18,2619.0,1144.0,4831855.0,4280.0,3317600.0,False,True,True,True,True,False
7836.T,7836,アビックス,Standard,その他製品,,2026-09-18,2619.0,74.0,4826920.0,63920.0,2878600.0,False,False,True,True,True,False
4623.T,4623,アサヒペン,Standard,化学,,2026-09-18,2619.0,1877.0,4822355.0,2585.0,1877000.0,False,True,True,True,True,False
4450.T,4450,パワーソリューションズ,Growth,情報・通信業,,2026-09-18,1701.0,2337.0,4817690.0,2075.0,5375100.0,False,True,True,True,True,False
4777.T,4777,ガーラ,Standard,情報・通信業,,2026-09-18,2619.0,199.0,4809930.0,24040.0,6726200.0,False,False,True,True,True,False
6161.T,6161,エスティック,Standard,機械,,2026-09-18,2619.0,1048.0,4806955.0,4565.0,2410400.0,False,True,True,True,True,False
3896.T,3896,阿波製紙,Standard,パルプ・紙,,2026-09-18,2619.0,416.0,4805025.0,11715.0,4368000.0,False,True,True,True,True,False
6029.T,6029,アトラグループ,Standard,サービス業,,2026-09-18,2619.0,189.0,4804450.0,25595.0,7522200.0,False,False,True,True,True,False
7133.T,7133,ＨＹＵＧＡ　ＰＲＩＭＡＲＹ　ＣＡＲＥ,Growth,小売業,,2026-09-18,1162.0,1330.0,4797290.0,3655.0,3857000.0,False,True,True,True,True,False
9213.T,9213,セイファート,Standard,サービス業,,2026-09-18,1131.0,1037.0,4769415.0,4600.0,29139700.0,False,True,True,True,True,False
3409.T,3409,北紡,Standard,繊維製品,,2026-09-18,2619.0,85.0,4765355.0,52945.0,2507500.0,False,False,True,True,True,False
9760.T,9760,進学会ホールディングス,Standard,サービス業,,2026-09-18,2619.0,116.0,4747155.0,40040.0,10683600.0,False,False,True,True,True,False
6400.T,6400,不二精機,Standard,機械,,2026-09-18,2619.0,298.0,4744915.0,16405.0,4380600.0,False,True,True,True,True,False
9307.T,9307,杉村倉庫,Standard,倉庫・運輸関連業,,2026-09-18,2619.0,929.0,4743570.0,4920.0,5852700.0,False,True,True,True,True,False
9241.T,9241,フューチャーリンクネットワーク,Growth,サービス業,,2026-09-18,1244.0,1270.0,4740100.0,3535.0,1651000.0,False,True,True,True,True,False
6018.T,6018,阪神内燃機工業,Standard,輸送用機器,,2026-09-18,2619.0,5940.0,4721950.0,790.0,9504000.0,False,True,True,True,True,False
6307.T,6307,サンセイ,Standard,機械,,2026-09-18,2619.0,464.0,4695625.0,9685.0,649600.0,False,True,True,True,True,False
5609.T,5609,日本鋳造,Standard,鉄鋼,,2026-09-18,2619.0,929.0,4689195.0,5120.0,4459200.0,False,True,True,True,True,False
9363.T,9363,大運,Standard,倉庫・運輸関連業,,2026-09-18,2619.0,539.0,4681065.0,8785.0,3719100.0,False,True,True,True,True,False
386A.T,386A,みのや,Standard,小売業,,2026-09-18,286.0,1250.0,4670615.0,3725.0,2375000.0,False,True,True,True,True,False
2654.T,2654,アスモ,Standard,小売業,,2026-09-18,2619.0,435.0,4665745.0,10735.0,2697000.0,False,True,True,True,True,False
3161.T,3161,アゼアス,Standard,卸売業,,2026-09-18,2619.0,673.0,4661805.0,6970.0,3163100.0,False,True,True,True,True,False
5237.T,5237,ノザワ,Standard,ガラス・土石製品,,2026-09-18,2619.0,1212.0,4658355.0,3845.0,2424000.0,False,True,True,True,True,False
3068.T,3068,ＷＤＩ,Standard,小売業,,2026-09-18,2619.0,3060.0,4656275.0,1530.0,3978000.0,False,True,True,True,True,False
9385.T,9385,ショーエイコーポレーション,Standard,化学,,2026-09-18,2619.0,750.0,4653185.0,6185.0,7650000.0,False,True,True,True,True,False
241A.T,241A,ＲＯＸＸ,Growth,情報・通信業,,2026-09-18,485.0,416.0,4649275.0,11020.0,2204800.0,False,True,True,True,True,False
6545.T,6545,インターネットインフィニティー,Growth,サービス業,,2026-09-18,2342.0,780.0,4619165.0,5745.0,5226000.0,False,True,True,True,True,False
8107.T,8107,キムラタン,Standard,繊維製品,,2026-09-18,2619.0,31.0,4612335.0,149105.0,1401200.0,False,False,True,True,True,False
4750.T,4750,ダイサン,Standard,サービス業,,2026-09-18,2619.0,545.0,4599470.0,8225.0,13243500.0,False,True,True,True,True,False
7127.T,7127,一家ホールディングス,Standard,小売業,,2026-09-18,1216.0,711.0,4596580.0,6500.0,4337100.0,False,True,True,True,True,False
4486.T,4486,ユナイトアンドグロウ,Growth,情報・通信業,,2026-09-18,1648.0,685.0,4589195.0,6685.0,5000500.0,False,True,True,True,True,False
7111.T,7111,ＩＮＥＳＴ,Standard,卸売業,,2026-09-18,971.0,520.0,4571995.0,8770.0,1820000.0,False,True,True,True,True,False
4260.T,4260,ハイブリッドテクノロジーズ,Growth,情報・通信業,,2026-09-18,1159.0,203.0,4559840.0,21995.0,2050300.0,False,True,True,True,True,False
3461.T,3461,パルマ,Standard,不動産業,,2026-09-18,2619.0,627.0,4557015.0,7325.0,9906600.0,False,True,True,True,True,False
1758.T,1758,太洋基礎工業,Standard,建設業,,2026-09-18,2619.0,2480.0,4552080.0,1860.0,2976000.0,False,True,True,True,True,False
7442.T,7442,中山福,Standard,卸売業,,2026-09-18,2619.0,481.0,4531215.0,9425.0,7792200.0,False,True,True,True,True,False
6776.T,6776,天昇電気工業,Standard,化学,,2026-09-18,2619.0,287.0,4522115.0,15830.0,3903200.0,False,True,True,True,True,False
7682.T,7682,浜木綿,Standard,小売業,,2026-09-18,1690.0,3900.0,4515575.0,1150.0,26130000.0,False,True,True,True,True,False
7879.T,7879,ノダ,Standard,その他製品,,2026-09-18,2619.0,676.0,4511715.0,6695.0,1149200.0,False,True,True,True,True,False
6819.T,6819,伊豆シャボテンリゾート,Standard,サービス業,,2026-09-18,2619.0,478.0,4508000.0,9445.0,1959800.0,False,True,True,True,True,False
4388.T,4388,エーアイ,Growth,情報・通信業,,2026-09-18,2014.0,362.0,4499705.0,12030.0,2968400.0,False,True,True,True,True,False
2831.T,2831,はごろもフーズ,Standard,食料品,,2026-09-18,2619.0,3685.0,4495700.0,1225.0,4053500.0,False,True,True,True,True,False
3065.T,3065,ライフフーズ,Standard,小売業,,2026-09-18,2619.0,1586.0,4487570.0,2805.0,4123600.0,False,True,True,True,True,False
9713.T,9713,ロイヤルホテル,Standard,サービス業,,2026-09-18,2619.0,920.0,4482425.0,4915.0,3128000.0,False,True,True,True,True,False
7808.T,7808,シー・エス・ランバー,Standard,その他製品,,2026-09-18,2175.0,2698.0,4476945.0,1640.0,0.0,False,True,True,True,True,False
8945.T,8945,サンネクスタグループ,Standard,不動産業,,2026-09-18,2619.0,1089.0,4475190.0,4100.0,1524600.0,False,True,True,True,True,False
6848.T,6848,東亜ディーケーケー,Standard,電気機器,,2026-09-18,2619.0,867.0,4474385.0,5160.0,5808900.0,False,True,True,True,True,False
7044.T,7044,ピアラ,Standard,サービス業,,2026-09-18,1896.0,522.0,4460235.0,8675.0,3915000.0,False,True,True,True,True,False
3454.T,3454,ファーストブラザーズ,Standard,不動産業,,2026-09-18,2619.0,1253.0,4449970.0,3500.0,8019200.0,False,True,True,True,True,False
2736.T,2736,フェスタリアホールディングス,Standard,小売業,,2026-09-18,2619.0,599.0,4448715.0,7050.0,958400.0,False,True,True,True,True,False
149A.T,149A,シンカ,Growth,情報・通信業,,2026-09-18,608.0,806.0,4431895.0,5565.0,1773200.0,False,True,True,True,True,False
9380.T,9380,東海運,Standard,倉庫・運輸関連業,,2026-09-18,2619.0,438.0,4429125.0,10125.0,9154200.0,False,True,True,True,True,False
3904.T,3904,カヤック,Growth,情報・通信業,,2026-09-18,2619.0,423.0,4427010.0,10335.0,1015200.0,False,True,True,True,True,False
6049.T,6049,イトクロ,Growth,サービス業,,2026-09-18,2619.0,251.0,4401415.0,17595.0,1506000.0,False,True,True,True,True,False
3627.T,3627,テクミラホールディングス,Standard,情報・通信業,,2026-09-18,2619.0,264.0,4395210.0,16435.0,4039200.0,False,True,True,True,True,False
7325.T,7325,アイリックコーポレーション,Growth,保険業,,2026-09-18,1951.0,695.0,4392140.0,6315.0,4309000.0,False,True,True,True,True,False
9466.T,9466,アイドママーケティングコミュニケーション,Standard,情報・通信業,,2026-09-18,2588.0,241.0,4388815.0,18100.0,337400.0,False,True,True,True,True,False
6034.T,6034,ＭＲＴ,Growth,サービス業,,2026-09-18,2619.0,588.0,4385450.0,7225.0,3763200.0,False,True,True,True,True,False
9206.T,9206,スターフライヤー,Standard,空運業,,2026-09-18,2619.0,1940.0,4368005.0,2215.0,1358000.0,False,True,True,True,True,False
5337.T,5337,ダントーホールディングス,Standard,ガラス・土石製品,,2026-09-18,2619.0,854.0,4355740.0,5250.0,7344400.0,False,True,True,True,True,False
2391.T,2391,プラネット,Standard,サービス業,,2026-09-18,2619.0,1170.0,4335810.0,3690.0,5967000.0,False,True,True,True,True,False
4398.T,4398,ブロードバンドセキュリティ,Standard,情報・通信業,,2026-09-18,1949.0,1332.0,4321910.0,3300.0,6926400.0,False,True,True,True,True,False
7219.T,7219,エッチ・ケー・エス,Standard,輸送用機器,,2026-09-18,2619.0,2463.0,4283640.0,1685.0,738900.0,False,True,True,True,True,False
7523.T,7523,アールビバン,Standard,小売業,,2026-09-18,2619.0,1876.0,4280990.0,2280.0,562800.0,False,True,True,True,True,False
2215.T,2215,第一屋製パン,Standard,食料品,,2026-09-18,2619.0,619.0,4277655.0,6960.0,1609400.0,False,True,True,True,True,False
7218.T,7218,田中精密工業,Standard,輸送用機器,,2026-09-18,2619.0,1120.0,4264450.0,3740.0,2688000.0,False,True,True,True,True,False
5580.T,5580,プロディライト,Growth,情報・通信業,,2026-09-18,790.0,1574.0,4257730.0,2575.0,1259200.0,False,True,True,True,True,False
3435.T,3435,サンコーテクノ,Standard,金属製品,,2026-09-18,2619.0,1543.0,4238305.0,2795.0,2623100.0,False,True,True,True,True,False
3912.T,3912,モバイルファクトリー,Standard,情報・通信業,,2026-09-18,2619.0,1132.0,4236015.0,3740.0,7924000.0,False,True,True,True,True,False
4248.T,4248,竹本容器,Standard,化学,,2026-09-18,2619.0,881.0,4235985.0,4805.0,4933600.0,False,True,True,True,True,False
6195.T,6195,ホープ,Growth,サービス業,,2026-09-18,2530.0,205.0,4207660.0,20825.0,2398500.0,False,True,True,True,True,False
9220.T,9220,エフビー介護サービス,Standard,サービス業,,2026-09-18,1090.0,1259.0,4190320.0,3225.0,1133100.0,False,True,True,True,True,False
2903.T,2903,シノブフーズ,Standard,食料品,,2026-09-18,2619.0,1608.0,4186100.0,2590.0,1929600.0,False,True,True,True,True,False
9955.T,9955,ヨンキュウ,Standard,卸売業,,2026-09-18,2619.0,2812.0,4186005.0,1485.0,5061600.0,False,True,True,True,True,False
4918.T,4918,アイビー化粧品,Standard,化学,,2026-09-18,2619.0,300.0,4184150.0,14045.0,5310000.0,False,True,True,True,True,False
5941.T,5941,中西製作所,Standard,金属製品,,2026-09-18,2619.0,2700.0,4175425.0,1525.0,2700000.0,False,True,True,True,True,False
6578.T,6578,コレックホールディングス,Standard,サービス業,,2026-09-18,2058.0,464.0,4164230.0,8670.0,835200.0,False,True,True,True,True,False
7636.T,7636,ハンズマン,Standard,小売業,,2026-09-18,2619.0,798.0,4160000.0,5220.0,1755600.0,False,True,True,True,True,False
9876.T,9876,コックス,Standard,小売業,,2026-09-18,2619.0,218.0,4159325.0,18975.0,2376200.0,False,True,True,True,True,False
2937.T,2937,サンクゼール,Growth,食料品,,2026-09-18,917.0,1766.0,4156235.0,2365.0,6534200.0,False,True,True,True,True,False
2464.T,2464,Ａｏｂａ‐ＢＢＴ,Standard,サービス業,,2026-09-18,2619.0,373.0,4145780.0,11130.0,1678500.0,False,True,True,True,True,False
6365.T,6365,電業社機械製作所,Standard,機械,,2026-09-18,2619.0,5580.0,4128500.0,730.0,2232000.0,False,True,True,True,True,False
1450.T,1450,ＴＡＮＡＫＥＮ,Standard,建設業,,2026-09-18,1891.0,1495.0,4122480.0,2800.0,2691000.0,False,True,True,True,True,False
2304.T,2304,ＣＳＳホールディングス,Standard,サービス業,,2026-09-18,2619.0,909.0,4096765.0,4490.0,2090700.0,False,True,True,True,True,False
2169.T,2169,ＣＤＳ,Standard,サービス業,,2026-09-18,2619.0,1740.0,4095585.0,2370.0,4698000.0,False,True,True,True,True,False
2984.T,2984,ヤマイチエステート,Standard,不動産業,,2026-09-18,1042.0,783.0,4089650.0,5370.0,10179000.0,False,True,True,True,True,False
4484.T,4484,ランサーズ,Growth,情報・通信業,,2026-09-18,1651.0,300.0,4087160.0,13840.0,3330000.0,False,True,True,True,True,False
6568.T,6568,神戸天然物化学,Growth,サービス業,,2026-09-18,2089.0,1221.0,4084085.0,3295.0,4151400.0,False,True,True,True,True,False
373A.T,373A,リップス,Growth,化学,,2026-09-18,300.0,1471.0,4071740.0,2780.0,3530400.0,False,True,True,True,True,False
5921.T,5921,川岸工業,Standard,金属製品,,2026-09-18,2619.0,4460.0,4067625.0,925.0,5798000.0,False,True,True,True,True,False
8898.T,8898,センチュリー２１・ジャパン,Standard,不動産業,,2026-09-18,2619.0,1155.0,4064490.0,3570.0,5659500.0,False,True,True,True,True,False
6180.T,6180,ＧＭＯメディア,Growth,サービス業,,2026-09-18,2619.0,3710.0,4056125.0,1060.0,4823000.0,False,True,True,True,True,False
8742.T,8742,小林洋行,Standard,証券、商品先物取引業,,2026-09-18,2619.0,615.0,4055155.0,6785.0,1660500.0,False,True,True,True,True,False
4496.T,4496,コマースＯｎｅホールディングス,Growth,情報・通信業,,2026-09-18,1523.0,775.0,4054605.0,5225.0,2325000.0,False,True,True,True,True,False
8230.T,8230,はせがわ,Standard,小売業,,2026-09-18,2619.0,307.0,4050115.0,13065.0,4113800.0,False,True,True,True,True,False
8908.T,8908,毎日コムネット,Standard,不動産業,,2026-09-18,2619.0,888.0,4047655.0,4575.0,5594400.0,False,True,True,True,True,False
9878.T,9878,セキド,Standard,小売業,,2026-09-18,2619.0,391.0,4047610.0,9880.0,2893400.0,False,True,True,True,True,False
3067.T,3067,東京一番フーズ,Standard,小売業,,2026-09-18,2619.0,465.0,4044135.0,8695.0,4836000.0,False,True,True,True,True,False
2683.T,2683,魚喜,Standard,小売業,,2026-09-18,2619.0,992.0,4040415.0,4035.0,1488000.0,False,True,True,True,True,False
2924.T,2924,イフジ産業,Standard,食料品,,2026-09-18,2619.0,1920.0,4026970.0,2095.0,3840000.0,False,True,True,True,True,False
8089.T,8089,ナイス,Standard,卸売業,,2026-09-18,2619.0,1986.0,4022005.0,2020.0,9334200.0,False,True,True,True,True,False
3766.T,3766,システムズ・デザイン,Standard,情報・通信業,,2026-09-18,2619.0,1525.0,4006270.0,2665.0,5947500.0,False,True,True,True,True,False
138A.T,138A,光フードサービス,Growth,小売業,,2026-09-18,626.0,3070.0,3996975.0,1280.0,2763000.0,False,True,True,True,True,False
2813.T,2813,和弘食品,Standard,食料品,,2026-09-18,2619.0,3875.0,3981950.0,1015.0,3875000.0,False,True,True,True,True,False
2961.T,2961,日本調理機,Standard,金属製品,,2026-09-18,1190.0,1504.0,3977755.0,2525.0,1654400.0,False,True,True,True,True,False
7918.T,7918,ヴィア・ホールディングス,Standard,小売業,,2026-09-18,2619.0,107.0,3926045.0,36765.0,1337500.0,False,False,True,True,True,False
8006.T,8006,ユアサ・フナショク,Standard,卸売業,,2026-09-18,2619.0,1472.0,3921450.0,2590.0,883200.0,False,True,True,True,True,False
7217.T,7217,テイン,Standard,輸送用機器,,2026-09-18,2619.0,435.0,3921195.0,8695.0,2740500.0,False,True,True,True,True,False
4416.T,4416,Ｔｒｕｅ　Ｄａｔａ,Growth,情報・通信業,,2026-09-18,1164.0,408.0,3919985.0,9410.0,122400.0,False,True,True,True,True,False
7345.T,7345,アイ・パートナーズフィナンシャル,Growth,その他金融業,,2026-09-18,1282.0,938.0,3915170.0,4170.0,7128800.0,False,True,True,True,True,False
6158.T,6158,和井田製作所,Standard,機械,,2026-09-18,2619.0,1038.0,3909865.0,3800.0,2179800.0,False,True,True,True,True,False
2818.T,2818,ピエトロ,Standard,食料品,,2026-09-18,2619.0,1756.0,3897445.0,2210.0,6146000.0,False,True,True,True,True,False
2796.T,2796,ファーマライズホールディングス,Standard,小売業,,2026-09-18,2619.0,499.0,3897220.0,7700.0,16666600.0,False,True,True,True,True,False
3981.T,3981,ビーグリー,Standard,情報・通信業,,2026-09-18,2343.0,1221.0,3869750.0,3190.0,2808300.0,False,True,True,True,True,False
7601.T,7601,ポプラ,Standard,小売業,,2026-09-18,2619.0,164.0,3867290.0,23715.0,934800.0,False,False,True,True,True,False
9242.T,9242,メディア総研,Growth,サービス業,,2026-09-18,1235.0,1977.0,3864295.0,1985.0,0.0,False,True,True,True,True,False
5704.T,5704,ＪＭＣ,Growth,非鉄金属,,2026-09-18,2418.0,387.0,3862430.0,9945.0,464400.0,False,True,True,True,True,False
5697.T,5697,サンユウ,Standard,鉄鋼,,2026-09-18,2619.0,828.0,3862015.0,4720.0,6210000.0,False,True,True,True,True,False
2687.T,2687,シー・ヴイ・エス・ベイエリア,Standard,サービス業,,2026-09-18,2619.0,492.0,3849080.0,7745.0,1131600.0,False,True,True,True,True,False
7887.T,7887,南海プライウッド,Standard,その他製品,,2026-09-18,2619.0,1550.0,3835675.0,2455.0,7285000.0,False,True,True,True,True,False
3800.T,3800,ユニリタ,Standard,情報・通信業,,2026-09-18,2619.0,1978.0,3835120.0,1945.0,2175800.0,False,True,True,True,True,False
5952.T,5952,アマテイ,Standard,金属製品,,2026-09-18,2619.0,190.0,3831295.0,20090.0,1501000.0,False,False,True,True,True,False
3246.T,3246,コーセーアールイー,Standard,不動産業,,2026-09-18,2619.0,688.0,3813025.0,5545.0,4816000.0,False,True,True,True,True,False
7254.T,7254,ユニバンス,Standard,輸送用機器,,2026-09-18,2619.0,820.0,3804700.0,4645.0,3526000.0,False,True,True,True,True,False
3396.T,3396,フェリシモ,Standard,小売業,,2026-09-18,2619.0,866.0,3804620.0,4355.0,8140400.0,False,True,True,True,True,False
4391.T,4391,ロジザード,Growth,情報・通信業,,2026-09-18,2009.0,1125.0,3793215.0,3310.0,1350000.0,False,True,True,True,True,False
5341.T,5341,ＡＳＡＨＩ　ＥＩＴＯホールディングス,Standard,ガラス・土石製品,,2026-09-18,2619.0,139.0,3788045.0,26235.0,3016300.0,False,False,True,True,True,False
3641.T,3641,パピレス,Standard,情報・通信業,,2026-09-18,2619.0,993.0,3781970.0,3820.0,2184600.0,False,True,True,True,True,False
7847.T,7847,グラファイトデザイン,Standard,その他製品,,2026-09-18,2619.0,662.0,3773860.0,5755.0,5229800.0,False,True,True,True,True,False
2179.T,2179,成学社,Standard,サービス業,,2026-09-18,2619.0,821.0,3767670.0,4415.0,1642000.0,False,True,True,True,True,False
4409.T,4409,東邦化学工業,Standard,化学,,2026-09-18,2619.0,785.0,3747620.0,4755.0,9184500.0,False,True,True,True,True,False
7928.T,7928,旭化学工業,Standard,化学,,2026-09-18,2619.0,615.0,3725555.0,5855.0,861000.0,False,True,True,True,True,False
7687.T,7687,ミクリード,Growth,卸売業,,2026-09-18,1593.0,461.0,3719345.0,8190.0,1521300.0,False,True,True,True,True,False
1444.T,1444,ニッソウ,Growth,建設業,,2026-09-18,896.0,2731.0,3718635.0,1395.0,5735100.0,False,True,True,True,True,False
3202.T,3202,ダイトウボウ,Standard,繊維製品,,2026-09-18,2619.0,131.0,3707490.0,28645.0,1925700.0,False,False,True,True,True,False
1966.T,1966,高田工業所,Standard,建設業,,2026-09-18,2619.0,1741.0,3696510.0,2130.0,10271900.0,False,True,True,True,True,False
4445.T,4445,リビン・テクノロジーズ,Growth,情報・通信業,,2026-09-18,1765.0,1940.0,3669280.0,1900.0,4462000.0,False,True,True,True,True,False
1981.T,1981,協和日成,Standard,建設業,,2026-09-18,2619.0,1331.0,3666960.0,2745.0,1730300.0,False,True,True,True,True,False
4098.T,4098,チタン工業,Standard,化学,,2026-09-18,2619.0,991.0,3664305.0,3635.0,6243300.0,False,True,True,True,True,False
3674.T,3674,オークファン,Growth,情報・通信業,,2026-09-18,2619.0,337.0,3660655.0,10760.0,2359000.0,False,True,True,True,True,False
2769.T,2769,ヴィレッジヴァンガードコーポレーション,Standard,小売業,,2026-09-18,2619.0,925.0,3626825.0,3940.0,3237500.0,False,True,True,True,True,False
3166.T,3166,ＯＣＨＩホールディングス,Standard,卸売業,,2026-09-18,2619.0,1450.0,3615035.0,2465.0,2900000.0,False,True,True,True,True,False
5571.T,5571,エキサイトホールディングス,Standard,情報・通信業,,2026-09-18,837.0,1023.0,3614260.0,3485.0,613800.0,False,True,True,True,True,False
7265.T,7265,エイケン工業,Standard,輸送用機器,,2026-09-18,2619.0,3520.0,3607375.0,970.0,4928000.0,False,True,True,True,True,False
7062.T,7062,フレアス,Growth,サービス業,,2026-09-18,1825.0,681.0,3580735.0,5150.0,1634400.0,False,True,True,True,True,False
7833.T,7833,アイフィスジャパン,Standard,その他製品,,2026-09-18,2619.0,681.0,3575805.0,5315.0,1157700.0,False,True,True,True,True,False
3671.T,3671,ソフトマックス,Growth,情報・通信業,,2026-09-18,2619.0,307.0,3569130.0,11635.0,10622200.0,False,True,True,True,True,False
3160.T,3160,大光,Standard,卸売業,,2026-09-18,2619.0,582.0,3557455.0,6135.0,7915200.0,False,True,True,True,True,False
3639.T,3639,ボルテージ,Standard,情報・通信業,,2026-09-18,2619.0,236.0,3531210.0,15615.0,495600.0,False,True,True,True,True,False
9537.T,9537,北陸瓦斯,Standard,電気・ガス業,,2026-09-18,2619.0,4305.0,3527875.0,820.0,2152500.0,False,True,True,True,True,False
1383.T,1383,ベルグアース,Standard,水産・農林業,,2026-09-18,2619.0,3065.0,3527570.0,1175.0,5823500.0,False,True,True,True,True,False
6484.T,6484,ＫＶＫ,Standard,機械,,2026-09-18,2619.0,2244.0,3526780.0,1570.0,3590400.0,False,True,True,True,True,False
2185.T,2185,シイエム・シイ,Standard,サービス業,,2026-09-18,2619.0,2009.0,3509105.0,1765.0,5625200.0,False,True,True,True,True,False
4242.T,4242,タカギセイコー,Standard,化学,,2026-09-18,2619.0,1745.0,3487640.0,1970.0,11168000.0,False,True,True,True,True,False
7126.T,7126,グローバルスタイル,Standard,小売業,,2026-09-18,1242.0,1450.0,3485885.0,2430.0,1450000.0,False,True,True,True,True,False
7953.T,7953,菊水化学工業,Standard,その他製品,,2026-09-18,2619.0,405.0,3477020.0,8650.0,10935000.0,False,True,True,True,True,False
3892.T,3892,岡山製紙,Standard,パルプ・紙,,2026-09-18,2619.0,1589.0,3463805.0,2195.0,3019100.0,False,True,True,True,True,False
3571.T,3571,ソトー,Standard,繊維製品,,2026-09-18,2619.0,723.0,3462690.0,4760.0,3542700.0,False,True,True,True,True,False
5028.T,5028,セカンドサイトアナリティカ,Growth,情報・通信業,,2026-09-18,1092.0,357.0,3450345.0,9585.0,1249500.0,False,True,True,True,True,False
9816.T,9816,ストライダーズ,Standard,不動産業,,2026-09-18,2619.0,253.0,3450295.0,13520.0,6628600.0,False,True,True,True,True,False
6038.T,6038,イード,Growth,サービス業,,2026-09-18,2619.0,830.0,3445600.0,4170.0,664000.0,False,True,True,True,True,False
3477.T,3477,フォーライフ,Growth,不動産業,,2026-09-18,2400.0,911.0,3444905.0,3845.0,7288000.0,False,True,True,False,True,False
3266.T,3266,ファンドクリエーショングループ,Standard,不動産業,,2026-09-18,2619.0,79.0,3431545.0,42840.0,3531300.0,False,False,True,True,True,False
9173.T,9173,東海汽船,Standard,海運業,,2026-09-18,2619.0,2811.0,3420995.0,1215.0,1686600.0,False,True,True,True,True,False
6150.T,6150,タケダ機械,Standard,機械,,2026-09-18,2619.0,2795.0,3418525.0,1225.0,11180000.0,False,True,True,True,True,False
6867.T,6867,リーダー電子,Standard,電気機器,,2026-09-18,2619.0,411.0,3414750.0,8340.0,1068600.0,False,True,True,True,True,False
6155.T,6155,高松機械工業,Standard,機械,,2026-09-18,2619.0,540.0,3397710.0,6310.0,5400000.0,False,True,True,True,True,False
4243.T,4243,ニックス,Standard,化学,,2026-09-18,2619.0,1030.0,3383800.0,3240.0,3296000.0,False,True,True,True,True,False
3172.T,3172,ティーライフ,Standard,小売業,,2026-09-18,2619.0,1125.0,3382110.0,3015.0,1575000.0,False,True,True,True,True,False
4076.T,4076,シイエヌエス,Growth,情報・通信業,,2026-09-18,1244.0,1985.0,3377010.0,1690.0,1389500.0,False,True,True,True,True,False
4386.T,4386,ＳＩＧグループ,Standard,情報・通信業,,2026-09-18,2018.0,898.0,3365695.0,3775.0,4041000.0,False,True,True,True,True,False
7524.T,7524,マルシェ,Standard,小売業,,2026-09-18,2619.0,174.0,3364475.0,19080.0,3584400.0,False,False,True,True,True,False
3169.T,3169,ミサワ,Standard,小売業,,2026-09-18,2619.0,678.0,3363455.0,4970.0,2847600.0,False,True,True,True,True,False
4437.T,4437,ｇｏｏｄｄａｙｓホールディングス,Growth,情報・通信業,,2026-09-18,1827.0,713.0,3354115.0,4485.0,2994600.0,False,True,True,True,True,False
9647.T,9647,協和コンサルタンツ,Standard,サービス業,,2026-09-18,2619.0,6750.0,3342250.0,490.0,4050000.0,False,True,True,True,True,False
9818.T,9818,大丸エナウィン,Standard,卸売業,,2026-09-18,2619.0,1541.0,3328080.0,2115.0,154100.0,False,True,True,True,True,False
6347.T,6347,プラコー,Standard,機械,,2026-09-18,2619.0,249.0,3322215.0,13030.0,3137400.0,False,True,True,True,True,False
7083.T,7083,ＡＨＣグループ,Growth,サービス業,,2026-09-18,1607.0,1170.0,3302490.0,2975.0,4212000.0,False,True,True,True,True,False
5906.T,5906,エムケー精工,Standard,金属製品,,2026-09-18,2619.0,772.0,3297430.0,4275.0,4246000.0,False,True,True,True,True,False
6757.T,6757,ＯＳＧコーポレーション,Standard,電気機器,,2026-09-18,2619.0,905.0,3294815.0,3700.0,15747000.0,False,True,True,True,True,False
9419.T,9419,ワイヤレスゲート,Standard,情報・通信業,,2026-09-18,2619.0,301.0,3294715.0,11155.0,2377900.0,False,True,True,True,True,False
2499.T,2499,日本和装ホールディングス,Standard,サービス業,,2026-09-18,2619.0,310.0,3294350.0,10830.0,2294000.0,False,True,True,True,True,False
4351.T,4351,山田再生系債権回収総合事務所,Standard,その他金融業,,2026-09-18,2619.0,831.0,3291030.0,3885.0,6232500.0,False,True,True,True,True,False
6662.T,6662,ユビテック,Standard,電気機器,,2026-09-18,2619.0,221.0,3290175.0,14440.0,751400.0,False,True,True,True,True,False
9063.T,9063,岡山県貨物運送,Standard,陸運業,,2026-09-18,2619.0,4150.0,3287425.0,785.0,1245000.0,False,True,True,True,True,False
5576.T,5576,オービーシステム,Standard,情報・通信業,,2026-09-18,795.0,3010.0,3272175.0,1095.0,1505000.0,False,True,True,True,True,False
3524.T,3524,日東製網,Standard,繊維製品,,2026-09-18,2619.0,1480.0,3259350.0,2195.0,3996000.0,False,True,True,True,True,False
9778.T,9778,昴,Standard,サービス業,,2026-09-18,2619.0,5580.0,3257500.0,575.0,0.0,False,True,True,True,True,False
6428.T,6428,オーイズミ,Standard,機械,,2026-09-18,2619.0,326.0,3245885.0,9925.0,5998400.0,False,True,True,True,True,False
4074.T,4074,ラキール,Growth,情報・通信業,,2026-09-18,1266.0,776.0,3243825.0,4115.0,3336800.0,False,True,True,True,True,False
6408.T,6408,小倉クラッチ,Standard,機械,,2026-09-18,2619.0,4250.0,3235400.0,760.0,2550000.0,False,True,True,True,True,False
6977.T,6977,日本抵抗器製作所,Standard,電気機器,,2026-09-18,2619.0,1575.0,3230615.0,2265.0,2520000.0,False,True,True,True,True,False
3841.T,3841,ジーダット,Standard,情報・通信業,,2026-09-18,2619.0,1349.0,3214400.0,2355.0,2428200.0,False,True,True,True,True,False
3943.T,3943,大石産業,Standard,パルプ・紙,,2026-09-18,1118.0,1335.0,3211205.0,2425.0,5740500.0,False,True,True,True,True,False
3559.T,3559,ピーバンドットコム,Standard,卸売業,,2026-09-18,2350.0,455.0,3208490.0,7045.0,728000.0,False,True,True,True,True,False
9701.T,9701,東京會舘,Standard,サービス業,,2026-09-18,2619.0,4545.0,3208250.0,735.0,3181500.0,False,True,True,True,True,False
2341.T,2341,アルバイトタイムス,Standard,サービス業,,2026-09-18,2619.0,173.0,3206130.0,18610.0,3027500.0,False,False,True,True,True,False
9656.T,9656,グリーンランドリゾート,Standard,サービス業,,2026-09-18,2619.0,599.0,3189675.0,5290.0,5690500.0,False,True,True,True,True,False
3537.T,3537,昭栄薬品,Standard,卸売業,,2026-09-18,2590.0,1728.0,3187420.0,1830.0,7257600.0,False,True,True,True,True,False
1768.T,1768,ソネック,Standard,建設業,,2026-09-18,2619.0,1037.0,3184895.0,3100.0,3836900.0,False,True,True,True,True,False
2894.T,2894,石井食品,Standard,食料品,,2026-09-18,2619.0,363.0,3183795.0,8745.0,1052700.0,False,True,True,True,True,False
5603.T,5603,虹技,Standard,鉄鋼,,2026-09-18,2619.0,1296.0,3181785.0,2430.0,4406400.0,False,True,True,True,True,False
6888.T,6888,アクモス,Standard,情報・通信業,,2026-09-18,2619.0,499.0,3154325.0,6305.0,3692600.0,False,True,True,True,True,False
9367.T,9367,大東港運,Standard,倉庫・運輸関連業,,2026-09-18,2619.0,2028.0,3143725.0,1530.0,3042000.0,False,True,True,True,True,False
6964.T,6964,サンコー,Standard,電気機器,,2026-09-18,2619.0,686.0,3139600.0,4515.0,548800.0,False,True,True,True,True,False
3955.T,3955,イムラ,Standard,パルプ・紙,,2026-09-18,2619.0,865.0,3138195.0,3675.0,5276500.0,False,True,True,True,True,False
3224.T,3224,ゼネラル・オイスター,Growth,小売業,,2026-09-18,2619.0,690.0,3134205.0,4540.0,1794000.0,False,True,True,True,True,False
9872.T,9872,北恵,Standard,卸売業,,2026-09-18,2619.0,950.0,3126280.0,3270.0,4845000.0,False,True,True,True,True,False
2816.T,2816,ダイショー,Standard,食料品,,2026-09-18,2619.0,1419.0,3122680.0,2205.0,5250300.0,False,True,True,True,True,False
2917.T,2917,大森屋,Standard,食料品,,2026-09-18,2619.0,924.0,3117910.0,3365.0,1201200.0,False,True,True,True,True,False
3377.T,3377,バイク王＆カンパニー,Standard,卸売業,,2026-09-18,2619.0,388.0,3116445.0,7970.0,776000.0,False,True,True,True,True,False
4372.T,4372,ユミルリンク,Growth,情報・通信業,,2026-09-18,1222.0,1345.0,3115560.0,2370.0,672500.0,False,True,True,True,True,False
2293.T,2293,滝沢ハム,Standard,食料品,,2026-09-18,2619.0,2652.0,3104040.0,1155.0,15646800.0,False,True,True,True,True,False
2907.T,2907,あじかん,Standard,食料品,,2026-09-18,2619.0,1550.0,3102865.0,2020.0,7595000.0,False,True,True,True,True,False
5283.T,5283,高見澤,Standard,卸売業,,2026-09-18,2619.0,3120.0,3066700.0,965.0,312000.0,False,True,True,True,True,False
3157.T,3157,ジオリーブグループ,Standard,卸売業,,2026-09-18,2619.0,1439.0,3061830.0,2115.0,1870700.0,False,True,True,True,True,False
8166.T,8166,タカキュー,Standard,小売業,,2026-09-18,2619.0,79.0,3042230.0,38765.0,1911800.0,False,False,True,True,True,False
3361.T,3361,トーエル,Standard,小売業,,2026-09-18,2619.0,890.0,3034435.0,3395.0,5340000.0,False,True,True,True,True,False
2388.T,2388,ウェッジホールディングス,Growth,その他金融業,,2026-09-18,2619.0,31.0,3026985.0,90180.0,4333800.0,False,False,True,True,True,False
3682.T,3682,エンカレッジ・テクノロジ,Standard,情報・通信業,,2026-09-18,2619.0,584.0,3016990.0,5140.0,876000.0,False,True,True,True,True,False
5997.T,5997,協立エアテック,Standard,金属製品,,2026-09-18,2619.0,881.0,3014785.0,3350.0,88100.0,False,True,True,True,True,False
6943.T,6943,ＮＫＫスイッチズ,Standard,電気機器,,2026-09-18,2619.0,5620.0,3009100.0,540.0,2248000.0,False,True,True,True,True,False
340A.T,340A,ジグザグ,Growth,情報・通信業,,2026-09-18,362.0,313.0,3008255.0,9300.0,2629200.0,False,True,True,True,True,False
3934.T,3934,ベネフィットジャパン,Standard,情報・通信業,,2026-09-18,2584.0,2296.0,3004790.0,1310.0,1607200.0,False,True,True,True,True,False
5162.T,5162,朝日ラバー,Standard,ゴム製品,,2026-09-18,2619.0,802.0,3004345.0,3805.0,7458600.0,False,True,True,True,True,False
3204.T,3204,トーア紡コーポレーション,Standard,繊維製品,,2026-09-18,2619.0,501.0,3002460.0,5990.0,801600.0,False,True,True,True,True,False
7916.T,7916,光村印刷,Standard,その他製品,,2026-09-18,2619.0,1920.0,2973355.0,1565.0,2496000.0,False,True,True,True,True,False
5279.T,5279,日本興業,Standard,ガラス・土石製品,,2026-09-18,2619.0,1196.0,2964400.0,2460.0,598000.0,False,True,True,True,True,False
9059.T,9059,カンダホールディングス,Standard,陸運業,,2026-09-18,2619.0,921.0,2933270.0,3185.0,3499800.0,False,True,True,True,True,False
6059.T,6059,ウチヤマホールディングス,Standard,サービス業,,2026-09-18,2619.0,374.0,2932165.0,8000.0,3814800.0,False,True,True,True,True,False
5984.T,5984,兼房,Standard,金属製品,,2026-09-18,2619.0,782.0,2930710.0,3770.0,1720400.0,False,True,True,True,True,False
3469.T,3469,デュアルタップ,Standard,不動産業,,2026-09-18,2505.0,884.0,2926785.0,3300.0,2475200.0,False,True,True,True,True,False
5355.T,5355,日本坩堝,Standard,ガラス・土石製品,,2026-09-18,2619.0,660.0,2924610.0,4375.0,1848000.0,False,True,True,True,True,False
7901.T,7901,マツモト,Standard,その他製品,,2026-09-18,2619.0,760.0,2916905.0,3600.0,1900000.0,False,True,True,True,True,False
9376.T,9376,ユーラシア旅行社,Standard,サービス業,,2026-09-18,2619.0,840.0,2914660.0,3490.0,4032000.0,False,True,True,True,True,False
298A.T,298A,ＧＶＡ　ＴＥＣＨ,Growth,情報・通信業,,2026-09-18,421.0,328.0,2912435.0,8660.0,1312000.0,False,True,True,True,True,False
3521.T,3521,テルマー湯ホールディングス,Standard,サービス業,,2026-09-18,2619.0,158.0,2910235.0,18610.0,4234400.0,False,False,True,True,True,False
7886.T,7886,ヤマト　モビリティ　＆　Ｍｆｇ．,Standard,化学,,2026-09-18,2619.0,567.0,2896170.0,4635.0,907200.0,False,True,True,True,True,False
9857.T,9857,英和,Standard,卸売業,,2026-09-18,2619.0,2613.0,2895750.0,1105.0,1306500.0,False,True,True,True,True,False
4177.T,4177,ｉ‐ｐｌｕｇ,Growth,情報・通信業,,2026-09-18,1347.0,1471.0,2882105.0,1910.0,6031100.0,False,True,True,True,True,False
6334.T,6334,明治機械,Standard,機械,,2026-09-18,2619.0,466.0,2873060.0,5775.0,1398000.0,False,True,True,True,True,False
1798.T,1798,守谷商会,Standard,建設業,,2026-09-18,2619.0,1098.0,2870535.0,2670.0,329400.0,False,True,True,True,True,False
6233.T,6233,ＫＬＡＳＳ,Standard,機械,,2026-09-18,1949.0,407.0,2868725.0,7150.0,4436300.0,False,True,True,True,True,False
7058.T,7058,共栄セキュリティーサービス,Standard,サービス業,,2026-09-18,1832.0,3040.0,2842190.0,940.0,2128000.0,False,True,True,True,True,False
6552.T,6552,ＧａｍｅＷｉｔｈ,Standard,サービス業,,2026-09-18,2272.0,169.0,2839945.0,16410.0,1808300.0,False,False,True,True,True,False
4317.T,4317,レイ,Standard,サービス業,,2026-09-18,2619.0,565.0,2822135.0,4985.0,452000.0,False,True,True,True,True,False
9446.T,9446,サカイホールディングス,Standard,情報・通信業,,2026-09-18,2619.0,691.0,2814540.0,4055.0,1451100.0,False,True,True,True,True,False
7255.T,7255,桜井製作所,Standard,輸送用機器,,2026-09-18,2619.0,502.0,2809500.0,5575.0,5271000.0,False,True,True,True,True,False
3988.T,3988,ＳＹＳホールディングス,Standard,情報・通信業,,2026-09-18,2273.0,564.0,2808670.0,5025.0,1240800.0,False,True,True,True,True,False
2806.T,2806,ユタカフーズ,Standard,食料品,,2026-09-18,2619.0,1917.0,2807610.0,1465.0,2875500.0,False,True,True,True,True,False
6267.T,6267,ゼネラルパッカー,Standard,機械,,2026-09-18,2619.0,4100.0,2804950.0,695.0,410000.0,False,True,True,True,True,False
4615.T,4615,神東塗料,Standard,化学,,2026-09-18,2619.0,130.0,2799600.0,21240.0,1560000.0,False,False,True,True,True,False
2904.T,2904,一正蒲鉾,Standard,食料品,,2026-09-18,2619.0,755.0,2794680.0,3710.0,981500.0,False,True,True,True,True,False
244A.T,244A,グロースエクスパートナーズ,Growth,情報・通信業,,2026-09-18,484.0,1193.0,2792805.0,2355.0,2266700.0,False,True,True,True,True,False
2408.T,2408,ＫＧ情報,Standard,サービス業,,2026-09-18,2619.0,819.0,2792620.0,3330.0,2457000.0,False,True,True,True,True,False
6054.T,6054,リブセンス,Standard,サービス業,,2026-09-18,2619.0,110.0,2791150.0,24750.0,2002000.0,False,False,True,True,True,False
2435.T,2435,シダー,Standard,サービス業,,2026-09-18,2619.0,206.0,2779765.0,13290.0,3234200.0,False,True,True,True,True,False
168A.T,168A,イタミアート,Growth,その他製品,,2026-09-18,600.0,1049.0,2776870.0,2605.0,1678400.0,False,True,True,True,True,False
3181.T,3181,買取王国,Standard,小売業,,2026-09-18,2619.0,1059.0,2753680.0,2595.0,1376700.0,False,True,True,True,True,False
3286.T,3286,トラストホールディングス,Standard,不動産業,,2026-09-18,2619.0,881.0,2752760.0,3095.0,1673900.0,False,True,True,True,True,False
6218.T,6218,エンシュウ,Standard,機械,,2026-09-18,2619.0,651.0,2748980.0,4230.0,1302000.0,False,True,True,True,True,False
3372.T,3372,関門海,Standard,小売業,,2026-09-18,2619.0,221.0,2748360.0,12465.0,3690700.0,False,True,True,True,True,False
6292.T,6292,カワタ,Standard,機械,,2026-09-18,2619.0,833.0,2736770.0,3225.0,3665200.0,False,True,True,True,True,False
5956.T,5956,トーソー,Standard,金属製品,,2026-09-18,2619.0,579.0,2731320.0,4750.0,3416100.0,False,True,True,True,True,False
7521.T,7521,ムサシ,Standard,卸売業,,2026-09-18,2619.0,2731.0,2716805.0,985.0,3823400.0,False,True,True,True,True,False
3779.T,3779,ジェイ・エスコムホールディングス,Standard,情報・通信業,,2026-09-18,2619.0,121.0,2706305.0,21200.0,1827100.0,False,False,True,True,True,False
7077.T,7077,ＡＬｉＮＫインターネット,Growth,サービス業,,2026-09-18,1654.0,994.0,2704715.0,2730.0,198800.0,False,True,True,True,True,False
6926.T,6926,岡谷電機産業,Standard,電気機器,,2026-09-18,2619.0,191.0,2695025.0,14080.0,2349300.0,False,False,True,True,True,False
6090.T,6090,ヒューマン・メタボローム・テクノロジーズ,Standard,サービス業,,2026-09-18,2619.0,605.0,2693120.0,4340.0,3509000.0,False,True,True,True,True,False
192A.T,192A,インテグループ,Growth,サービス業,,2026-09-18,552.0,1282.0,2689460.0,2100.0,2179400.0,False,True,True,True,True,False
7992.T,7992,セーラー万年筆,Standard,その他製品,,2026-09-18,2619.0,103.0,2685750.0,25725.0,484100.0,False,False,True,True,True,False
4657.T,4657,環境管理センター,Standard,サービス業,,2026-09-18,2619.0,456.0,2657555.0,5695.0,4970400.0,False,True,True,True,True,False
9903.T,9903,カンセキ,Standard,小売業,,2026-09-18,2619.0,891.0,2654190.0,2970.0,623700.0,False,True,True,True,True,False
148A.T,148A,ハッチ・ワーク,Growth,情報・通信業,,2026-09-18,609.0,1745.0,2651020.0,1555.0,3490000.0,False,True,True,True,True,False
9327.T,9327,イー・ロジット,Standard,倉庫・運輸関連業,,2026-09-18,1342.0,191.0,2635980.0,13990.0,1738100.0,False,False,True,True,True,False
2136.T,2136,ヒップ,Standard,サービス業,,2026-09-18,2619.0,1414.0,2634380.0,1860.0,22906800.0,False,True,True,True,True,False
6772.T,6772,東京コスモス電機,Standard,電気機器,,2026-09-18,2619.0,1006.0,2629785.0,2530.0,704200.0,False,True,True,True,True,False
4421.T,4421,ディ・アイ・システム,Standard,情報・通信業,,2026-09-18,1932.0,950.0,2624500.0,2770.0,3800000.0,False,True,True,True,True,False
173A.T,173A,ハンモック,Growth,情報・通信業,,2026-09-18,597.0,1564.0,2622825.0,1685.0,1876800.0,False,True,True,True,True,False
228A.T,228A,オプロ,Growth,情報・通信業,,2026-09-18,508.0,1738.0,2613090.0,1535.0,2259400.0,False,True,True,True,True,False
3974.T,3974,ＳＣＡＴ,Standard,情報・通信業,,2026-09-18,2398.0,657.0,2612015.0,3925.0,5650200.0,False,True,True,True,True,False
3804.T,3804,システム　ディ,Standard,情報・通信業,,2026-09-18,2619.0,446.0,2610920.0,5725.0,3612600.0,False,True,True,True,True,False
7813.T,7813,プラッツ,Standard,その他製品,,2026-09-18,2619.0,900.0,2606300.0,2905.0,1890000.0,False,True,True,True,True,False
5194.T,5194,相模ゴム工業,Standard,ゴム製品,,2026-09-18,2619.0,637.0,2602055.0,4075.0,4522700.0,False,True,True,True,True,False
9698.T,9698,クレオ,Standard,情報・通信業,,2026-09-18,2619.0,1285.0,2599475.0,1990.0,1799000.0,False,True,True,True,True,False
6190.T,6190,フェニックスバイオ,Growth,サービス業,,2026-09-18,2588.0,306.0,2589410.0,8015.0,5140800.0,False,True,True,True,True,False
4925.T,4925,ハーバー研究所,Standard,化学,,2026-09-18,2619.0,1732.0,2588655.0,1495.0,1385600.0,False,True,True,True,True,False
8045.T,8045,横浜丸魚,Standard,卸売業,,2026-09-18,2619.0,2055.0,2582785.0,1270.0,1849500.0,False,True,True,True,True,False
5533.T,5533,エリッツホールディングス,Standard,不動産業,,2026-09-18,791.0,2166.0,2579440.0,1190.0,1732800.0,False,True,True,True,True,False
4172.T,4172,東和ハイシステム,Standard,情報・通信業,,2026-09-18,1402.0,2326.0,2578340.0,1110.0,1395600.0,False,True,True,True,True,False
9978.T,9978,文教堂グループホールディングス,Standard,小売業,,2026-09-18,2619.0,44.0,2578245.0,58130.0,783200.0,False,False,True,True,True,False
2351.T,2351,ＡＳＪ,Growth,情報・通信業,,2026-09-18,2619.0,331.0,2574510.0,7690.0,3045200.0,False,True,True,True,True,False
6396.T,6396,宇野澤組鐵工所,Standard,機械,,2026-09-18,2619.0,4565.0,2567900.0,555.0,0.0,False,True,True,True,True,False
8077.T,8077,トルク,Standard,卸売業,,2026-09-18,2619.0,210.0,2546335.0,11915.0,3843000.0,False,True,True,True,True,False
6342.T,6342,太平製作所,Standard,機械,,2026-09-18,2619.0,2910.0,2543210.0,865.0,0.0,False,True,True,True,True,False
3326.T,3326,ランシステム,Standard,サービス業,,2026-09-18,2619.0,679.0,2542125.0,3870.0,5703600.0,False,True,True,True,True,False
9360.T,9360,鈴与シンワート,Standard,情報・通信業,,2026-09-18,2619.0,2776.0,2540305.0,920.0,2220800.0,False,True,True,True,True,False
7046.T,7046,ＴＤＳＥ,Growth,サービス業,,2026-09-18,1891.0,1320.0,2527985.0,1885.0,2508000.0,False,True,True,True,True,False
7673.T,7673,ダイコー通産,Standard,卸売業,,2026-09-18,1836.0,1700.0,2519505.0,1500.0,4590000.0,False,True,True,True,True,False
1897.T,1897,金下建設,Standard,建設業,,2026-09-18,2619.0,3700.0,2518325.0,730.0,4810000.0,False,True,True,True,True,False
4558.T,4558,中京医薬品,Standard,医薬品,,2026-09-18,2619.0,200.0,2512470.0,12475.0,1240000.0,False,True,True,True,True,False
3970.T,3970,イノベーション,Growth,情報・通信業,,2026-09-18,2401.0,830.0,2512050.0,2955.0,2241000.0,False,True,True,True,True,False
7042.T,7042,アクセスグループ・ホールディングス,Standard,サービス業,,2026-09-18,1920.0,665.0,2509365.0,3630.0,1130500.0,False,True,True,True,True,False
3944.T,3944,古林紙工,Standard,パルプ・紙,,2026-09-18,2619.0,3115.0,2501350.0,790.0,3738000.0,False,True,True,True,True,False
7544.T,7544,スリーエフ,Standard,小売業,,2026-09-18,2619.0,560.0,2498840.0,4495.0,6048000.0,False,True,True,True,True,False
7093.T,7093,アディッシュ,Growth,サービス業,,2026-09-18,1586.0,603.0,2495985.0,4205.0,6994800.0,False,True,True,True,True,False
3494.T,3494,マリオン,Standard,不動産業,,2026-09-18,1959.0,451.0,2490615.0,5555.0,2435400.0,False,True,True,True,True,False
7997.T,7997,くろがね工作所,Standard,その他製品,,2026-09-18,2619.0,1085.0,2485540.0,2290.0,2495500.0,False,True,True,True,True,False
2480.T,2480,システム・ロケーション,Standard,情報・通信業,,2026-09-18,2619.0,1879.0,2481040.0,1370.0,1315300.0,False,True,True,True,True,False
3550.T,3550,スタジオアタオ,Growth,小売業,,2026-09-18,2418.0,217.0,2470240.0,11430.0,824600.0,False,True,True,True,True,False
220A.T,220A,Ｆａｂｅｒ　Ｃｏｍｐａｎｙ,Standard,情報・通信業,,2026-09-18,522.0,957.0,2465885.0,2600.0,765600.0,False,True,True,True,True,False
3241.T,3241,ウィル,Standard,不動産業,,2026-09-18,2619.0,587.0,2465220.0,4130.0,704400.0,False,True,True,True,True,False
2493.T,2493,イーサポートリンク,Standard,サービス業,,2026-09-18,2619.0,956.0,2463830.0,2600.0,5736000.0,False,True,True,True,True,False
3261.T,3261,グランディーズ,Growth,不動産業,,2026-09-18,2619.0,430.0,2460035.0,5905.0,1849000.0,False,True,True,True,True,False
2454.T,2454,オールアバウト,Standard,サービス業,,2026-09-18,2619.0,348.0,2453730.0,6970.0,1879200.0,False,True,True,True,True,False
3536.T,3536,アクサスホールディングス,Standard,小売業,,2026-09-18,2619.0,127.0,2446590.0,19015.0,330200.0,False,False,True,True,True,False
7370.T,7370,Ｅｎｊｉｎ,Growth,サービス業,,2026-09-18,1286.0,712.0,2444580.0,3420.0,1922400.0,False,True,True,True,True,False
3423.T,3423,エスイー,Standard,金属製品,,2026-09-18,2619.0,272.0,2443265.0,8935.0,11043200.0,False,True,True,True,True,False
9930.T,9930,北沢産業,Standard,卸売業,,2026-09-18,2619.0,402.0,2422505.0,6040.0,3537600.0,False,True,True,True,True,False
9791.T,9791,ビケンテクノ,Standard,サービス業,,2026-09-18,2619.0,1176.0,2421680.0,2025.0,3057600.0,False,True,True,True,True,False
7368.T,7368,表示灯,Standard,サービス業,,2026-09-18,1334.0,1715.0,2419685.0,1415.0,1886500.0,False,True,True,True,True,False
9767.T,9767,日建工学,Standard,サービス業,,2026-09-18,2619.0,1732.0,2393155.0,1465.0,9006400.0,False,True,True,True,True,False
3080.T,3080,ジェーソン,Standard,小売業,,2026-09-18,2619.0,817.0,2390325.0,2945.0,7924900.0,False,True,True,True,True,False
3045.T,3045,カワサキ,Standard,卸売業,,2026-09-18,2619.0,1470.0,2380175.0,1620.0,1029000.0,False,True,True,True,True,False
8115.T,8115,ムーンバット,Standard,卸売業,,2026-09-18,2619.0,1321.0,2376950.0,1800.0,1321000.0,False,True,True,True,True,False
7919.T,7919,野崎印刷紙業,Standard,その他製品,,2026-09-18,2619.0,223.0,2374205.0,10480.0,7091400.0,False,True,True,True,True,False
3986.T,3986,ビーブレイクシステムズ,Growth,情報・通信業,,2026-09-18,2283.0,478.0,2370020.0,4995.0,1386200.0,False,True,True,True,True,False
7625.T,7625,グローバルダイニング,Standard,小売業,,2026-09-18,2619.0,462.0,2368330.0,5060.0,415800.0,False,True,True,True,True,False
7208.T,7208,カネミツ,Standard,輸送用機器,,2026-09-18,2619.0,1290.0,2364930.0,1815.0,1290000.0,False,True,True,True,True,False
9057.T,9057,遠州トラック,Standard,陸運業,,2026-09-18,2619.0,3285.0,2361000.0,730.0,1314000.0,False,True,True,True,True,False
5923.T,5923,高田機工,Standard,金属製品,,2026-09-18,2619.0,1197.0,2357190.0,1995.0,1556100.0,False,True,True,True,True,False
7422.T,7422,東邦レマック,Standard,卸売業,,2026-09-18,2619.0,410.0,2349690.0,5875.0,164000.0,False,True,True,True,True,False
9215.T,9215,ＣａＳｙ,Growth,サービス業,,2026-09-18,1120.0,992.0,2329415.0,2385.0,595200.0,False,True,True,True,True,False
3293.T,3293,アズマハウス,Standard,不動産業,,2026-09-18,2619.0,764.0,2328505.0,3020.0,3208800.0,False,True,True,True,True,False
3839.T,3839,ＯＤＫソリューションズ,Standard,情報・通信業,,2026-09-18,2619.0,624.0,2327490.0,3680.0,2121600.0,False,True,True,True,True,False
7372.T,7372,デコルテ・ホールディングス,Growth,サービス業,,2026-09-18,1284.0,399.0,2319435.0,5915.0,4748100.0,False,True,True,True,True,False
7850.T,7850,総合商研,Standard,その他製品,,2026-09-18,2619.0,797.0,2309860.0,2855.0,557900.0,False,True,True,True,True,False
3598.T,3598,山喜,Standard,繊維製品,,2026-09-18,2619.0,165.0,2305445.0,13900.0,1864500.0,False,False,True,True,True,False
9087.T,9087,タカセ,Standard,陸運業,,2026-09-18,2619.0,2205.0,2303805.0,1045.0,220500.0,False,True,True,True,True,False
8996.T,8996,ハウスフリーダム,Standard,不動産業,,2026-09-18,915.0,1044.0,2294475.0,2110.0,6159600.0,False,True,True,True,True,False
5134.T,5134,ＰＯＰＥＲ,Growth,情報・通信業,,2026-09-18,942.0,456.0,2287775.0,4810.0,1869600.0,False,True,True,True,True,False
7073.T,7073,ジェイック,Growth,サービス業,,2026-09-18,1684.0,2282.0,2283270.0,980.0,3879400.0,False,True,True,True,True,False
6185.T,6185,ＳＭＮ,Standard,サービス業,,2026-09-18,2619.0,363.0,2281575.0,6215.0,2940300.0,False,True,True,True,True,False
6612.T,6612,バルミューダ,Growth,電気機器,,2026-09-18,1409.0,580.0,2281385.0,3830.0,6496000.0,False,True,True,True,True,False
7215.T,7215,ファルテック,Standard,輸送用機器,,2026-09-18,2619.0,423.0,2273570.0,5210.0,423000.0,False,True,True,True,True,False
7500.T,7500,西川計測,Standard,卸売業,,2026-09-18,2619.0,10100.0,2267150.0,230.0,4040000.0,False,True,True,True,True,False
2877.T,2877,日東ベスト,Standard,食料品,,2026-09-18,2619.0,752.0,2264755.0,3015.0,2030400.0,False,True,True,True,True,False
7793.T,7793,イメージ・マジック,Growth,その他製品,,2026-09-18,1114.0,1614.0,2257635.0,1475.0,7424400.0,False,True,True,True,True,False
3138.T,3138,富士山マガジンサービス,Growth,小売業,,2026-09-18,2619.0,1140.0,2257470.0,1995.0,798000.0,False,True,True,True,True,False
352A.T,352A,ＬＯＩＶＥ,Growth,サービス業,,2026-09-18,344.0,541.0,2249220.0,4175.0,3949300.0,False,True,True,True,True,False
7367.T,7367,セルム,Standard,サービス業,,2026-09-18,1335.0,333.0,2246130.0,6765.0,2664000.0,False,True,True,True,True,False
7815.T,7815,東京ボード工業,Standard,その他製品,,2026-09-18,2619.0,348.0,2243485.0,6255.0,1740000.0,False,True,True,True,True,False
3928.T,3928,マイネット,Standard,情報・通信業,,2026-09-18,2619.0,240.0,2239275.0,9460.0,888000.0,False,True,True,True,True,False
3024.T,3024,クリエイト,Standard,卸売業,,2026-09-18,2619.0,1195.0,2233500.0,1880.0,1195000.0,False,True,True,True,True,False
5250.T,5250,プライム・ストラテジー,Standard,情報・通信業,,2026-09-18,874.0,1126.0,2224080.0,2015.0,788200.0,False,True,True,True,True,False
3011.T,3011,バナーズ,Standard,小売業,,2026-09-18,2619.0,142.0,2216825.0,15445.0,312400.0,False,False,True,True,True,False
9972.T,9972,アルテック,Standard,卸売業,,2026-09-18,2619.0,276.0,2203345.0,7905.0,6403200.0,False,True,True,True,True,False
3041.T,3041,ビューティカダンホールディングス,Standard,卸売業,,2026-09-18,2619.0,402.0,2192095.0,5385.0,1648200.0,False,True,True,True,True,False
8119.T,8119,三栄コーポレーション,Standard,卸売業,,2026-09-18,2619.0,789.0,2164850.0,2760.0,1735800.0,False,True,True,True,True,False
7434.T,7434,オータケ,Standard,卸売業,,2026-09-18,2619.0,1848.0,2161460.0,1180.0,1848000.0,False,True,True,True,True,False
1446.T,1446,キャンディル,Standard,建設業,,2026-09-18,2009.0,540.0,2145835.0,3975.0,2916000.0,False,True,True,True,True,False
6042.T,6042,ニッキ,Standard,輸送用機器,,2026-09-18,2619.0,3875.0,2130675.0,545.0,1937500.0,False,True,True,True,True,False
189A.T,189A,Ｄ＆Ｍカンパニー,Growth,サービス業,,2026-09-18,557.0,1083.0,2122120.0,2060.0,2924100.0,False,True,True,True,True,False
2156.T,2156,セーラー広告,Standard,サービス業,,2026-09-18,2619.0,282.0,2120475.0,7585.0,507600.0,False,True,True,True,True,False
4524.T,4524,森下仁丹,Standard,医薬品,,2026-09-18,2619.0,2242.0,2118900.0,945.0,2017800.0,False,True,True,True,True,False
7264.T,7264,ムロコーポレーション,Standard,輸送用機器,,2026-09-18,2619.0,1354.0,2117670.0,1575.0,947800.0,False,True,True,True,True,False
5950.T,5950,日本パワーファスニング,Standard,金属製品,,2026-09-18,2619.0,151.0,2113705.0,13655.0,860700.0,False,False,True,True,True,False
3909.T,3909,ショーケース,Standard,情報・通信業,,2026-09-18,2619.0,194.0,2110500.0,11070.0,834200.0,False,False,True,True,True,False
7129.T,7129,ミアヘルサホールディングス,Standard,小売業,,2026-09-18,1216.0,1170.0,2108330.0,1790.0,3393000.0,False,True,True,True,True,False
7681.T,7681,レオクラン,Standard,卸売業,,2026-09-18,1701.0,1010.0,2107070.0,2075.0,3131000.0,False,True,True,True,True,False
5867.T,5867,エスネットワークス,Growth,サービス業,,2026-09-18,671.0,1314.0,2106955.0,1640.0,1971000.0,False,True,True,True,True,False
7021.T,7021,ニッチツ,Standard,機械,,2026-09-18,2619.0,2332.0,2076200.0,925.0,1632400.0,False,True,True,True,True,False
9685.T,9685,ＫＹＣＯＭホールディングス,Standard,情報・通信業,,2026-09-18,2619.0,570.0,2066375.0,3600.0,114000.0,False,True,True,True,True,False
9238.T,9238,バリュークリエーション,Growth,サービス業,,2026-09-18,690.0,362.0,2065445.0,5445.0,4525000.0,False,True,True,True,True,False
9885.T,9885,シャルレ,Standard,卸売業,,2026-09-18,2619.0,335.0,2059430.0,6175.0,6197500.0,False,True,True,True,True,False
3352.T,3352,バッファロー,Standard,小売業,,2026-09-18,2619.0,1848.0,2055155.0,1140.0,9055200.0,False,True,True,True,True,False
8147.T,8147,トミタ,Standard,卸売業,,2026-09-18,2619.0,1422.0,2053050.0,1460.0,568800.0,False,True,True,True,True,False
5125.T,5125,ファインズ,Growth,情報・通信業,,2026-09-18,974.0,492.0,2045210.0,4290.0,442800.0,False,True,True,True,True,False
6230.T,6230,ＳＡＮＥＩ,Standard,機械,,2026-09-18,1402.0,2180.0,2030820.0,940.0,2398000.0,False,True,True,True,True,False
4444.T,4444,インフォネット,Growth,情報・通信業,,2026-09-18,1768.0,950.0,2026795.0,2130.0,3040000.0,False,True,True,True,True,False
4766.T,4766,ピーエイ,Standard,サービス業,,2026-09-18,2619.0,205.0,2008030.0,9720.0,2214000.0,False,True,True,True,True,False
3931.T,3931,バリューゴルフ,Growth,情報・通信業,,2026-09-18,2599.0,1496.0,2004505.0,1330.0,1196800.0,False,True,True,True,True,False
4068.T,4068,ベイシス,Growth,情報・通信業,,2026-09-18,1281.0,1794.0,1995365.0,1130.0,4843800.0,False,True,True,True,True,False
387A.T,387A,フラー,Growth,情報・通信業,,2026-09-18,282.0,927.0,1993360.0,2165.0,1668600.0,False,True,True,True,True,False
7314.T,7314,小田原機器,Standard,輸送用機器,,2026-09-18,2619.0,1300.0,1992580.0,1515.0,2340000.0,False,True,True,True,True,False
4990.T,4990,昭和化学工業,Standard,化学,,2026-09-18,2619.0,517.0,1989725.0,3740.0,672100.0,False,True,True,True,True,False
6325.T,6325,タカキタ,Standard,機械,,2026-09-18,2619.0,417.0,1987775.0,4755.0,2335200.0,False,True,True,True,True,False
331A.T,331A,メディックス,Standard,サービス業,,2026-09-18,369.0,485.0,1986200.0,4080.0,1261000.0,False,True,True,True,True,False
3710.T,3710,ジョルダン,Standard,情報・通信業,,2026-09-18,2619.0,641.0,1985445.0,3090.0,1282000.0,False,True,True,True,True,False
9036.T,9036,東部ネットワーク,Standard,陸運業,,2026-09-18,2619.0,1224.0,1984200.0,1600.0,734400.0,False,True,True,True,True,False
3123.T,3123,サイボー,Standard,繊維製品,,2026-09-18,2619.0,649.0,1972810.0,3030.0,2076800.0,False,True,True,True,True,False
6322.T,6322,タクミナ,Standard,機械,,2026-09-18,2619.0,1602.0,1970385.0,1240.0,480600.0,False,True,True,True,True,False
1787.T,1787,ナカボーテック,Standard,建設業,,2026-09-18,2619.0,5640.0,1964850.0,340.0,564000.0,False,True,True,True,True,False
7902.T,7902,ソノコム,Standard,その他製品,,2026-09-18,2619.0,1095.0,1959785.0,1760.0,766500.0,False,True,True,True,True,False
2993.T,2993,長栄,Standard,不動産業,,2026-09-18,1158.0,2248.0,1951705.0,875.0,4046400.0,False,True,True,True,True,False
3577.T,3577,東海染工,Standard,繊維製品,,2026-09-18,2619.0,925.0,1948615.0,2080.0,832500.0,False,True,True,True,True,False
177A.T,177A,コージンバイオ,Growth,化学,,2026-09-18,587.0,834.0,1945485.0,2320.0,3252600.0,False,True,True,True,True,False
9820.T,9820,エムティジェネックス,Standard,不動産業,,2026-09-18,2619.0,3795.0,1945050.0,510.0,759000.0,False,True,True,True,True,False
7791.T,7791,ドリームベッド,Standard,その他製品,,2026-09-18,1283.0,829.0,1941730.0,2340.0,1658000.0,False,True,True,True,True,False
7096.T,7096,ステムセル研究所,Growth,サービス業,,2026-09-18,1281.0,737.0,1937440.0,2560.0,589600.0,False,True,True,True,True,False
9049.T,9049,京福電気鉄道,Standard,陸運業,,2026-09-18,2619.0,6590.0,1931100.0,290.0,0.0,False,True,True,True,True,False
6467.T,6467,ニチダイ,Standard,機械,,2026-09-18,2619.0,347.0,1925145.0,5590.0,451100.0,False,True,True,True,True,False
4120.T,4120,スガイ化学工業,Standard,化学,,2026-09-18,2619.0,2910.0,1923025.0,645.0,291000.0,False,True,True,True,True,False
9835.T,9835,ジュンテンドー,Standard,小売業,,2026-09-18,2619.0,509.0,1920900.0,3760.0,4784600.0,False,True,True,True,True,False
7041.T,7041,ＣＲＧホールディングス,Growth,サービス業,,2026-09-18,1940.0,340.0,1918250.0,5525.0,2516000.0,False,True,True,True,True,False
7444.T,7444,ハリマ共和物産,Standard,卸売業,,2026-09-18,2619.0,2000.0,1914695.0,965.0,1200000.0,False,True,True,True,True,False
4166.T,4166,かっこ,Growth,情報・通信業,,2026-09-18,1407.0,635.0,1910140.0,3040.0,698500.0,False,True,True,True,True,False
9867.T,9867,ソレキア,Standard,卸売業,,2026-09-18,2619.0,10600.0,1900000.0,180.0,2120000.0,False,True,True,True,True,False
7486.T,7486,サンリン,Standard,卸売業,,2026-09-18,2619.0,786.0,1880735.0,2360.0,19099800.0,False,True,True,True,True,False
5271.T,5271,トーヨーアサノ,Standard,ガラス・土石製品,,2026-09-18,2372.0,2227.0,1873800.0,835.0,1113500.0,False,True,True,True,True,False
4341.T,4341,西菱電機,Standard,サービス業,,2026-09-18,2619.0,906.0,1864150.0,2065.0,453000.0,False,True,True,True,True,False
1795.T,1795,マサル,Standard,建設業,,2026-09-18,2619.0,5630.0,1863050.0,330.0,1126000.0,False,True,True,True,True,False
2376.T,2376,サイネックス,Standard,サービス業,,2026-09-18,2619.0,798.0,1846620.0,2320.0,399000.0,False,True,True,True,True,False
7464.T,7464,セフテック,Standard,卸売業,,2026-09-18,2619.0,1511.0,1839550.0,1210.0,604400.0,False,True,True,True,True,False
2978.T,2978,ツクルバ,Growth,不動産業,,2026-09-18,1743.0,325.0,1837870.0,5445.0,3217500.0,False,True,True,True,True,False
7782.T,7782,シンシア,Standard,精密機器,,2026-09-18,2404.0,491.0,1832635.0,3800.0,982000.0,False,True,True,True,True,False
4240.T,4240,クラスターテクノロジー,Growth,化学,,2026-09-18,2619.0,310.0,1832445.0,5795.0,496000.0,False,True,True,True,True,False
7472.T,7472,鳥羽洋行,Standard,卸売業,,2026-09-18,2619.0,3860.0,1829250.0,465.0,1544000.0,False,True,True,True,True,False
4428.T,4428,シノプス,Growth,情報・通信業,,2026-09-18,1886.0,717.0,1826975.0,2555.0,1003800.0,False,True,True,True,True,False
6894.T,6894,パルステック工業,Standard,電気機器,,2026-09-18,2619.0,2161.0,1826710.0,840.0,216100.0,False,True,True,True,True,False
9996.T,9996,サトー商会,Standard,卸売業,,2026-09-18,2619.0,2035.0,1818800.0,890.0,814000.0,False,True,True,True,True,False
3474.T,3474,Ｇ－ＦＡＣＴＯＲＹ,Growth,不動産業,,2026-09-18,2457.0,598.0,1813730.0,3025.0,538200.0,False,True,True,True,True,False
9428.T,9428,クロップス,Standard,情報・通信業,,2026-09-18,2619.0,1472.0,1813195.0,1215.0,736000.0,False,True,True,True,True,False
8144.T,8144,デンキョーグループホールディングス,Standard,卸売業,,2026-09-18,2619.0,1280.0,1813105.0,1440.0,896000.0,False,True,True,True,True,False
4335.T,4335,ＩＰＳホールディングス,Standard,情報・通信業,,2026-09-18,2619.0,1091.0,1807510.0,1655.0,1418300.0,False,True,True,True,True,False
9342.T,9342,スマサポ,Growth,サービス業,,2026-09-18,910.0,965.0,1801330.0,1850.0,3377500.0,False,True,True,True,True,False
7399.T,7399,ナンシン,Standard,輸送用機器,,2026-09-18,2619.0,618.0,1796920.0,2925.0,2163000.0,False,True,True,True,True,False
9439.T,9439,エム・エイチ・グループ,Standard,サービス業,,2026-09-18,2619.0,219.0,1792110.0,7945.0,1270200.0,False,True,True,True,True,False
6664.T,6664,オプトエレクトロニクス,Standard,電気機器,,2026-09-18,2619.0,260.0,1788660.0,6915.0,234000.0,False,True,True,True,True,False
3933.T,3933,チエル,Standard,情報・通信業,,2026-09-18,2586.0,543.0,1785565.0,3215.0,2660700.0,False,True,True,True,True,False
9214.T,9214,Ｒｅｃｏｖｅｒｙ　Ｉｎｔｅｒｎａｔｉｏｎａｌ,Growth,サービス業,,2026-09-18,1132.0,1294.0,1783875.0,1385.0,129400.0,False,True,True,True,True,False
7975.T,7975,リヒトラブ,Standard,その他製品,,2026-09-18,2619.0,1169.0,1773615.0,1525.0,3273200.0,False,True,True,True,True,False
7297.T,7297,カーメイト,Standard,輸送用機器,,2026-09-18,2619.0,879.0,1749460.0,2025.0,3516000.0,False,True,True,True,True,False
1724.T,1724,シンクレイヤ,Standard,建設業,,2026-09-18,2619.0,720.0,1748830.0,2445.0,1152000.0,False,True,True,True,True,False
8013.T,8013,ナイガイ,Standard,繊維製品,,2026-09-18,2619.0,376.0,1740355.0,4765.0,1541600.0,False,True,True,True,True,False
5484.T,5484,東北特殊鋼,Standard,鉄鋼,,2026-09-18,2619.0,4445.0,1737525.0,390.0,1333500.0,False,True,True,True,True,False
3416.T,3416,ピクスタ,Growth,小売業,,2026-09-18,2619.0,883.0,1731645.0,1910.0,1059600.0,False,True,True,True,True,False
5928.T,5928,アルメタックス,Standard,金属製品,,2026-09-18,2619.0,291.0,1724280.0,5950.0,698400.0,False,True,True,True,True,False
4642.T,4642,オリジナル設計,Standard,サービス業,,2026-09-18,2619.0,1403.0,1720130.0,1215.0,280600.0,False,True,True,True,True,False
7831.T,7831,ウイルコホールディングス,Standard,その他製品,,2026-09-18,2619.0,65.0,1698425.0,25410.0,942500.0,False,False,True,True,True,False
9679.T,9679,ホウライ,Standard,サービス業,,2026-09-18,2619.0,2296.0,1688980.0,725.0,5510400.0,False,True,True,True,True,False
1807.T,1807,佐藤渡辺,Standard,建設業,,2026-09-18,2619.0,1934.0,1676345.0,865.0,1547200.0,False,True,True,True,True,False
9417.T,9417,スマートバリュー,Standard,情報・通信業,,2026-09-18,2619.0,327.0,1673145.0,5020.0,6605400.0,False,True,True,True,True,False
6786.T,6786,ＲＶＨ,Standard,サービス業,,2026-09-18,2619.0,48.0,1668245.0,34285.0,2683200.0,False,False,True,True,True,False
7872.T,7872,エステールホールディングス,Standard,その他製品,,2026-09-18,2619.0,617.0,1663970.0,2695.0,2776500.0,False,True,True,True,True,False
3848.T,3848,データ・アプリケーション,Standard,情報・通信業,,2026-09-18,2619.0,825.0,1658960.0,1970.0,3630000.0,False,True,True,True,True,False
6633.T,6633,ＣＧＳホールディングス,Standard,電気機器,,2026-09-18,2619.0,315.0,1658040.0,5210.0,283500.0,False,True,True,True,True,False
9362.T,9362,兵機海運,Standard,倉庫・運輸関連業,,2026-09-18,2619.0,3760.0,1646175.0,440.0,752000.0,False,True,True,True,True,False
4429.T,4429,リックソフト,Growth,情報・通信業,,2026-09-18,1845.0,739.0,1643010.0,2230.0,4877400.0,False,True,True,True,True,False
8938.T,8938,グローム・ホールディングス,Growth,不動産業,,2026-09-18,2619.0,319.0,1638455.0,5000.0,4210800.0,False,True,True,True,True,False
7509.T,7509,アイエーグループ,Standard,小売業,,2026-09-18,2619.0,4770.0,1625825.0,345.0,477000.0,False,True,True,True,True,False
7865.T,7865,ピープル,Standard,その他製品,,2026-09-18,2619.0,330.0,1625770.0,4750.0,2376000.0,False,True,True,True,True,False
7446.T,7446,東北化学薬品,Standard,卸売業,,2026-09-18,2619.0,4470.0,1619375.0,360.0,447000.0,False,True,True,True,True,False
9353.T,9353,櫻島埠頭,Standard,倉庫・運輸関連業,,2026-09-18,2619.0,3025.0,1619290.0,545.0,1210000.0,False,True,True,True,True,False
2722.T,2722,ＩＫホールディングス,Standard,小売業,,2026-09-18,2619.0,360.0,1619255.0,4500.0,1188000.0,False,True,True,True,True,False
3223.T,3223,エスエルディー,Standard,小売業,,2026-09-18,2619.0,980.0,1617615.0,1685.0,1470000.0,False,True,True,True,True,False
3768.T,3768,リスクモンスター,Standard,情報・通信業,,2026-09-18,2619.0,561.0,1611410.0,2870.0,1963500.0,False,True,True,True,True,False
7443.T,7443,横浜魚類,Standard,卸売業,,2026-09-18,2619.0,666.0,1607410.0,2415.0,1531800.0,False,True,True,True,True,False
7461.T,7461,キムラ,Standard,卸売業,,2026-09-18,2619.0,478.0,1605815.0,3385.0,669200.0,False,True,True,True,True,False
5962.T,5962,浅香工業,Standard,その他製品,,2026-09-18,2619.0,2076.0,1603425.0,770.0,415200.0,False,True,True,True,True,False
2911.T,2911,旭松食品,Standard,食料品,,2026-09-18,2619.0,2282.0,1600240.0,710.0,2282000.0,False,True,True,True,True,False
9691.T,9691,両毛システムズ,Standard,情報・通信業,,2026-09-18,2619.0,5160.0,1595050.0,310.0,0.0,False,True,True,True,True,False
7043.T,7043,アルー,Growth,サービス業,,2026-09-18,1896.0,939.0,1593205.0,1695.0,469500.0,False,True,True,True,True,False
2708.T,2708,久世,Standard,卸売業,,2026-09-18,2619.0,1900.0,1589545.0,835.0,950000.0,False,True,True,True,True,False
3920.T,3920,アイビーシー,Standard,情報・通信業,,2026-09-18,2619.0,999.0,1583460.0,1595.0,0.0,False,True,True,True,True,False
3908.T,3908,コラボス,Growth,情報・通信業,,2026-09-18,2619.0,365.0,1581010.0,4440.0,1825000.0,False,True,True,True,True,False
3948.T,3948,光ビジネスフォーム,Standard,パルプ・紙,,2026-09-18,2619.0,1184.0,1575485.0,1340.0,1184000.0,False,True,True,True,True,False
6566.T,6566,要興業,Standard,サービス業,,2026-09-18,2147.0,1269.0,1575420.0,1225.0,380700.0,False,True,True,True,True,False
9254.T,9254,ラバブルマーケティンググループ,Growth,サービス業,,2026-09-18,1160.0,1087.0,1571555.0,1420.0,869600.0,False,True,True,True,True,False
5616.T,5616,雨風太陽,Growth,情報・通信業,,2026-09-18,673.0,635.0,1566405.0,2405.0,762000.0,False,True,True,True,True,False
6248.T,6248,横田製作所,Standard,機械,,2026-09-18,2619.0,1793.0,1561315.0,900.0,179300.0,False,True,True,True,True,False
7114.T,7114,フーディソン,Growth,卸売業,,2026-09-18,920.0,819.0,1559365.0,1990.0,2129400.0,False,True,True,True,True,False
5900.T,5900,ダイケン,Standard,金属製品,,2026-09-18,2619.0,875.0,1557535.0,1760.0,1225000.0,False,True,True,True,True,False
6546.T,6546,フルテック,Standard,サービス業,,2026-09-18,2342.0,1178.0,1554250.0,1330.0,942400.0,False,True,True,True,True,False
3297.T,3297,東武住販,Standard,不動産業,,2026-09-18,2619.0,1179.0,1543985.0,1310.0,2475900.0,False,True,True,True,True,False
3248.T,3248,アールエイジ,Standard,不動産業,,2026-09-18,2619.0,895.0,1534685.0,1720.0,2864000.0,False,True,True,True,True,False
9853.T,9853,銀座ルノアール,Standard,小売業,,2026-09-18,2619.0,909.0,1531765.0,1685.0,1090800.0,False,True,True,True,True,False
4197.T,4197,アスマーク,Standard,情報・通信業,,2026-09-18,1135.0,2375.0,1525365.0,645.0,950000.0,False,True,True,True,True,False
6063.T,6063,日本エマージェンシーアシスタンス,Standard,サービス業,,2026-09-18,2619.0,1008.0,1522155.0,1525.0,2318400.0,False,True,True,True,True,False
6198.T,6198,キャリア,Growth,サービス業,,2026-09-18,2522.0,197.0,1518905.0,7520.0,5082600.0,False,False,True,True,True,False
7538.T,7538,大水,Standard,卸売業,,2026-09-18,2619.0,385.0,1518140.0,3895.0,4042500.0,False,True,True,True,True,False
1764.T,1764,工藤建設,Standard,建設業,,2026-09-18,2619.0,2681.0,1512445.0,555.0,1072400.0,False,True,True,True,True,False
8123.T,8123,川辺,Standard,卸売業,,2026-09-18,2619.0,1400.0,1507975.0,1075.0,700000.0,False,True,True,True,True,False
9339.T,9339,コーチ・エィ,Standard,サービス業,,2026-09-18,916.0,1426.0,1500350.0,1050.0,2566800.0,False,True,True,True,True,False
9812.T,9812,テーオーホールディングス,Standard,卸売業,,2026-09-18,2619.0,236.0,1491470.0,6150.0,1557600.0,False,True,True,True,True,False
9246.T,9246,プロジェクトホールディングス,Growth,サービス業,,2026-09-18,1218.0,1120.0,1481625.0,1335.0,672000.0,False,True,True,True,True,False
5905.T,5905,日本製罐,Standard,金属製品,,2026-09-18,2619.0,1361.0,1473790.0,1080.0,952700.0,False,True,True,True,True,False
2916.T,2916,仙波糖化工業,Standard,食料品,,2026-09-18,2619.0,740.0,1472510.0,1985.0,1406000.0,False,True,True,True,True,False
137A.T,137A,Ｃｏｃｏｌｉｖｅ,Growth,情報・通信業,,2026-09-18,627.0,701.0,1469915.0,2090.0,1822600.0,False,True,True,True,True,False
2668.T,2668,タビオ,Standard,卸売業,,2026-09-18,2619.0,1274.0,1466350.0,1155.0,1019200.0,False,True,True,True,True,False
4735.T,4735,京進,Standard,サービス業,,2026-09-18,2619.0,294.0,1462890.0,4875.0,1440600.0,False,True,True,True,True,False
8025.T,8025,ツカモトコーポレーション,Standard,卸売業,,2026-09-18,2619.0,1306.0,1458360.0,1095.0,0.0,False,True,True,True,True,False
5973.T,5973,トーアミ,Standard,金属製品,,2026-09-18,2619.0,617.0,1444475.0,2350.0,925500.0,False,True,True,True,True,False
4929.T,4929,アジュバンホールディングス,Standard,化学,,2026-09-18,2619.0,745.0,1436870.0,1940.0,1937000.0,False,True,True,True,True,False
3954.T,3954,昭和パックス,Standard,パルプ・紙,,2026-09-18,2619.0,2999.0,1434935.0,460.0,299900.0,False,True,True,True,True,False
3317.T,3317,フライングガーデン,Standard,小売業,,2026-09-18,2619.0,1492.0,1434005.0,970.0,447600.0,False,True,True,True,True,False
184A.T,184A,学びエイド,Growth,情報・通信業,,2026-09-18,567.0,321.0,1427960.0,4410.0,674100.0,False,True,True,True,True,False
1788.T,1788,三東工業社,Standard,建設業,,2026-09-18,2619.0,4070.0,1426925.0,345.0,2035000.0,False,True,True,True,True,False
303A.T,303A,ｖｉｓｕｍｏ,Growth,情報・通信業,,2026-09-18,421.0,567.0,1424960.0,2465.0,3458700.0,False,True,True,True,True,False
9475.T,9475,昭文社ホールディングス,Standard,情報・通信業,,2026-09-18,2619.0,546.0,1408270.0,2640.0,655200.0,False,True,True,True,True,False
9051.T,9051,センコン物流,Standard,陸運業,,2026-09-18,2619.0,1261.0,1408085.0,1075.0,3656900.0,False,True,True,True,True,False
4057.T,4057,インターファクトリー,Growth,情報・通信業,,2026-09-18,1483.0,348.0,1397785.0,3955.0,2749200.0,False,True,True,True,True,False
3059.T,3059,ヒラキ,Standard,小売業,,2026-09-18,2619.0,709.0,1397675.0,1970.0,1418000.0,False,True,True,True,True,False
9330.T,9330,揚羽,Growth,サービス業,,2026-09-18,732.0,901.0,1393145.0,1570.0,2883200.0,False,True,True,True,True,False
9017.T,9017,新潟交通,Standard,陸運業,,2026-09-18,2619.0,1992.0,1386510.0,695.0,0.0,False,True,True,True,True,False
5966.T,5966,京都機械工具,Standard,金属製品,,2026-09-18,2619.0,2700.0,1385580.0,515.0,1890000.0,False,True,True,True,True,False
7413.T,7413,創健社,Standard,卸売業,,2026-09-18,2619.0,2860.0,1383420.0,500.0,1430000.0,False,True,True,True,True,False
1382.T,1382,ホーブ,Standard,水産・農林業,,2026-09-18,2619.0,885.0,1374690.0,1550.0,2212500.0,False,True,True,True,True,False
3985.T,3985,テモナ,Standard,情報・通信業,,2026-09-18,2330.0,194.0,1368795.0,7180.0,2056400.0,False,False,True,True,True,False
6424.T,6424,高見沢サイバネティックス,Standard,機械,,2026-09-18,2619.0,889.0,1367630.0,1525.0,977900.0,False,True,True,True,True,False
9976.T,9976,セキチュー,Standard,小売業,,2026-09-18,2619.0,1142.0,1363615.0,1230.0,3768600.0,False,True,True,True,True,False
2425.T,2425,ケアサービス,Standard,サービス業,,2026-09-18,2619.0,663.0,1360070.0,2035.0,265200.0,False,True,True,True,True,False
4198.T,4198,テンダ,Standard,情報・通信業,,2026-09-18,1292.0,513.0,1359690.0,2710.0,1692900.0,False,True,True,True,True,False
3816.T,3816,大和コンピューター,Standard,情報・通信業,,2026-09-18,2619.0,1102.0,1359175.0,1210.0,2314200.0,False,True,True,True,True,False
9313.T,9313,丸八倉庫,Standard,倉庫・運輸関連業,,2026-09-18,2619.0,1077.0,1337545.0,1270.0,1292400.0,False,True,True,True,True,False
7807.T,7807,幸和製作所,Standard,その他製品,,2026-09-18,2165.0,852.0,1327725.0,1545.0,681600.0,False,True,True,True,True,False
4678.T,4678,秀英予備校,Standard,サービス業,,2026-09-18,2619.0,335.0,1326315.0,3995.0,2211000.0,False,True,True,True,True,False
9565.T,9565,ＧＬＯＥ,Growth,サービス業,,2026-09-18,931.0,649.0,1324945.0,1995.0,713900.0,False,True,True,True,True,False
6074.T,6074,ジェイエスエス,Standard,サービス業,,2026-09-18,2619.0,514.0,1322325.0,2565.0,154200.0,False,True,True,True,True,False
7883.T,7883,サンメッセ,Standard,その他製品,,2026-09-18,2619.0,401.0,1318815.0,3285.0,962400.0,False,True,True,True,True,False
5247.T,5247,ＢＴＭ,Growth,情報・通信業,,2026-09-18,913.0,550.0,1318800.0,2330.0,770000.0,False,True,True,True,True,False
7877.T,7877,永大化工,Standard,化学,,2026-09-18,2619.0,2194.0,1314390.0,595.0,438800.0,False,True,True,False,True,False
5078.T,5078,セレコーポレーション,Standard,建設業,,2026-09-18,1108.0,4720.0,1308550.0,275.0,944000.0,False,True,True,True,True,False
7506.T,7506,ハウス　オブ　ローゼ,Standard,小売業,,2026-09-18,2619.0,1381.0,1286985.0,930.0,276200.0,False,True,True,True,True,False
8118.T,8118,キング,Standard,繊維製品,,2026-09-18,2619.0,1171.0,1268755.0,1065.0,819700.0,False,True,True,True,True,False
4736.T,4736,日本ラッド,Standard,情報・通信業,,2026-09-18,2619.0,584.0,1265815.0,2165.0,292000.0,False,True,True,True,True,False
7090.T,7090,リグア,Growth,サービス業,,2026-09-18,1594.0,985.0,1251935.0,1335.0,1379000.0,False,True,True,True,True,False
3634.T,3634,ソケッツ,Standard,情報・通信業,,2026-09-18,2619.0,594.0,1246890.0,2090.0,1722600.0,False,True,True,True,True,False
2876.T,2876,デルソーレ,Standard,食料品,,2026-09-18,2619.0,474.0,1244930.0,2630.0,758400.0,False,True,True,True,True,False
3622.T,3622,ネットイヤーグループ,Growth,情報・通信業,,2026-09-18,2619.0,493.0,1218120.0,2455.0,887400.0,False,True,True,True,True,False
9258.T,9258,ＣＳ－Ｃ,Growth,サービス業,,2026-09-18,1158.0,300.0,1211505.0,3950.0,600000.0,False,True,True,True,True,False
248A.T,248A,キッズスター,Growth,情報・通信業,,2026-09-18,484.0,808.0,1199615.0,1475.0,242400.0,False,True,True,True,True,False
9723.T,9723,京都ホテル,Standard,サービス業,,2026-09-18,2619.0,633.0,1198905.0,1895.0,189900.0,False,True,True,True,True,False
4769.T,4769,ＩＣ,Standard,情報・通信業,,2026-09-18,2619.0,1146.0,1194670.0,1045.0,573000.0,False,True,True,True,True,False
3495.T,3495,香陵住販,Standard,不動産業,,2026-09-18,1959.0,2280.0,1188330.0,515.0,1596000.0,False,True,True,True,True,False
9311.T,9311,アサガミ,Standard,倉庫・運輸関連業,,2026-09-18,2619.0,7760.0,1185900.0,150.0,3104000.0,False,True,True,True,True,False
8040.T,8040,東京ソワール,Standard,繊維製品,,2026-09-18,2619.0,1041.0,1184890.0,1130.0,1457400.0,False,True,True,True,True,False
3583.T,3583,オーベクス,Standard,繊維製品,,2026-09-18,2619.0,1368.0,1182795.0,885.0,684000.0,False,True,True,True,True,False
9060.T,9060,日本ロジテム,Standard,陸運業,,2026-09-18,2619.0,4145.0,1181850.0,285.0,0.0,False,True,True,True,True,False
3910.T,3910,エムケイシステム,Standard,情報・通信業,,2026-09-18,2619.0,286.0,1180680.0,4145.0,829400.0,False,True,True,True,True,False
5695.T,5695,パウダーテック,Standard,鉄鋼,,2026-09-18,2619.0,2999.0,1179900.0,395.0,0.0,False,True,True,True,True,False
4754.T,4754,トスネット,Standard,サービス業,,2026-09-18,2619.0,1500.0,1175765.0,785.0,0.0,False,True,True,True,True,False
3111.T,3111,オーミケンシ,Standard,繊維製品,,2026-09-18,2619.0,180.0,1171650.0,6395.0,2016000.0,False,False,True,True,True,False
9355.T,9355,リンコーコーポレーション,Standard,倉庫・運輸関連業,,2026-09-18,2619.0,2170.0,1169065.0,530.0,651000.0,False,True,True,True,True,False
2747.T,2747,北雄ラッキー,Standard,小売業,,2026-09-18,2619.0,3140.0,1159350.0,370.0,4082000.0,False,True,True,True,True,False
7416.T,7416,はるやまホールディングス,Standard,小売業,,2026-09-18,2619.0,685.0,1149205.0,1675.0,1849500.0,False,True,True,True,True,False
4020.T,4020,ビートレンド,Growth,情報・通信業,,2026-09-18,1407.0,822.0,1147665.0,1385.0,822000.0,False,True,True,True,True,False
2300.T,2300,きょくとう,Standard,サービス業,,2026-09-18,2619.0,497.0,1142565.0,2295.0,546700.0,False,True,True,True,True,False
2139.T,2139,中広,Standard,サービス業,,2026-09-18,2619.0,519.0,1141465.0,2185.0,1505100.0,False,True,True,True,True,False
8836.T,8836,ＲＩＳＥ,Standard,不動産業,,2026-09-18,2619.0,27.0,1135110.0,41830.0,950400.0,False,False,True,True,True,False
4059.T,4059,まぐまぐ,Standard,情報・通信業,,2026-09-18,1464.0,382.0,1125040.0,2815.0,1719000.0,False,True,True,True,True,False
2291.T,2291,福留ハム,Standard,食料品,,2026-09-18,2619.0,509.0,1123740.0,2205.0,1832400.0,False,True,True,True,True,False
7634.T,7634,星医療酸器,Standard,卸売業,,2026-09-18,2619.0,5250.0,1099500.0,215.0,3150000.0,False,True,True,True,True,False
4017.T,4017,クリーマ,Growth,情報・通信業,,2026-09-18,1422.0,214.0,1084530.0,5040.0,1348200.0,False,True,True,True,True,False
5974.T,5974,中国工業,Standard,金属製品,,2026-09-18,2619.0,850.0,1081185.0,1280.0,2550000.0,False,True,True,True,True,False
7585.T,7585,かんなん丸,Standard,小売業,,2026-09-18,2619.0,405.0,1080040.0,2655.0,891000.0,False,True,True,True,True,False
7140.T,7140,ペットゴー,Growth,小売業,,2026-09-18,1075.0,798.0,1064225.0,1330.0,1037400.0,False,True,True,True,True,False
9929.T,9929,平和紙業,Standard,卸売業,,2026-09-18,2619.0,475.0,1059930.0,2245.0,807500.0,False,True,True,True,True,False
9476.T,9476,中央経済社ホールディングス,Standard,情報・通信業,,2026-09-18,2619.0,1000.0,1059115.0,1060.0,300000.0,False,True,True,True,True,False
4926.T,4926,シーボン,Standard,化学,,2026-09-18,2619.0,1250.0,1048000.0,840.0,1000000.0,False,True,True,True,True,False
7036.T,7036,イーエムネットジャパン,Growth,サービス業,,2026-09-18,1953.0,668.0,1047400.0,1565.0,601200.0,False,True,True,True,True,False
7057.T,7057,エヌ・シー・エヌ,Standard,サービス業,,2026-09-18,1834.0,923.0,1047285.0,1130.0,184600.0,False,True,True,True,True,False
5742.T,5742,エヌアイシ・オートテック,Standard,非鉄金属,,2026-09-18,2619.0,743.0,1040490.0,1390.0,222900.0,False,True,True,True,True,False
3998.T,3998,すららネット,Growth,情報・通信業,,2026-09-18,2151.0,292.0,1039135.0,3515.0,1985600.0,False,True,True,True,True,False
2152.T,2152,幼児活動研究会,Standard,サービス業,,2026-09-18,2619.0,1548.0,1033380.0,665.0,309600.0,False,True,True,True,True,False
3190.T,3190,ホットマン,Standard,小売業,,2026-09-18,2619.0,584.0,1030970.0,1770.0,525600.0,False,True,True,True,True,False
7284.T,7284,盟和産業,Standard,輸送用機器,,2026-09-18,2619.0,1174.0,1020540.0,870.0,1056600.0,False,True,True,True,True,False
4356.T,4356,応用技術,Standard,情報・通信業,,2026-09-18,2619.0,1609.0,1019290.0,625.0,1126300.0,False,True,True,True,True,False
9969.T,9969,ショクブン,Standard,小売業,,2026-09-18,2619.0,236.0,1019235.0,4330.0,731600.0,False,True,True,True,True,False
4752.T,4752,昭和システムエンジニアリング,Standard,情報・通信業,,2026-09-18,2619.0,1598.0,1012000.0,640.0,1438200.0,False,True,True,True,True,False
8225.T,8225,タカチホ,Standard,卸売業,,2026-09-18,2619.0,3650.0,1006300.0,280.0,1460000.0,False,True,True,True,True,False
7477.T,7477,ムラキ,Standard,卸売業,,2026-09-18,2619.0,1586.0,989440.0,630.0,158600.0,False,True,True,True,True,False
4102.T,4102,丸尾カルシウム,Standard,化学,,2026-09-18,2619.0,1465.0,987210.0,680.0,439500.0,False,True,True,True,True,False
7426.T,7426,山大,Standard,卸売業,,2026-09-18,2619.0,593.0,983865.0,1620.0,830200.0,False,True,True,True,True,False
5990.T,5990,スーパーツール,Standard,金属製品,,2026-09-18,2619.0,1945.0,966110.0,495.0,0.0,False,True,True,True,True,False
9445.T,9445,フォーバルテレコム,Standard,情報・通信業,,2026-09-18,2619.0,552.0,965695.0,1785.0,441600.0,False,True,True,True,True,False
304A.T,304A,フォルシア,Growth,情報・通信業,,2026-09-18,421.0,1997.0,949950.0,485.0,2196700.0,False,True,True,True,True,False
7067.T,7067,ブランディングテクノロジー,Growth,サービス業,,2026-09-18,1769.0,1055.0,941170.0,905.0,1055000.0,False,True,True,True,True,False
3439.T,3439,三ツ知,Standard,金属製品,,2026-09-18,2619.0,677.0,936755.0,1385.0,270800.0,False,True,True,True,True,False
6346.T,6346,キクカワエンタープライズ,Standard,機械,,2026-09-18,2619.0,5580.0,935150.0,165.0,1116000.0,False,True,True,True,True,False
9225.T,9225,ブリッジコンサルティンググループ,Growth,サービス業,,2026-09-18,1057.0,974.0,916100.0,945.0,779200.0,False,True,True,True,True,False
1380.T,1380,秋川牧園,Standard,水産・農林業,,2026-09-18,2619.0,998.0,913795.0,915.0,1696600.0,False,True,True,True,True,False
5035.T,5035,ＨＯＵＳＥＩ,Growth,情報・通信業,,2026-09-18,1015.0,367.0,910040.0,2485.0,330300.0,False,True,True,True,True,False
8138.T,8138,三京化成,Standard,卸売業,,2026-09-18,2619.0,4090.0,909225.0,215.0,409000.0,False,True,True,True,True,False
7502.T,7502,プラザホールディングス,Standard,サービス業,,2026-09-18,2619.0,1703.0,908070.0,535.0,851500.0,False,True,True,True,True,False
7515.T,7515,マルヨシセンター,Standard,小売業,,2026-09-18,2619.0,4585.0,897500.0,195.0,458500.0,False,True,True,True,True,False
6558.T,6558,クックビズ,Growth,サービス業,,2026-09-18,2166.0,672.0,897125.0,1345.0,134400.0,False,True,True,True,True,False
3375.T,3375,ＺＯＡ,Standard,小売業,,2026-09-18,2619.0,1814.0,893705.0,505.0,362800.0,False,True,True,True,True,False
9365.T,9365,トレーディア,Standard,倉庫・運輸関連業,,2026-09-18,2619.0,1660.0,874175.0,535.0,332000.0,False,True,True,True,True,False
5918.T,5918,瀧上工業,Standard,金属製品,,2026-09-18,2619.0,7900.0,873250.0,110.0,790000.0,False,True,True,True,True,False
9895.T,9895,コンセック,Standard,卸売業,,2026-09-18,2619.0,1285.0,864455.0,680.0,642500.0,False,True,True,True,True,False
4650.T,4650,ＳＤエンターテイメント,Standard,サービス業,,2026-09-18,2619.0,270.0,850130.0,3155.0,648000.0,False,True,True,True,True,False
7362.T,7362,Ｔ．Ｓ．Ｉ,Growth,サービス業,,2026-09-18,1347.0,890.0,844685.0,970.0,801000.0,False,True,True,True,True,False
9421.T,9421,エヌジェイホールディングス,Standard,情報・通信業,,2026-09-18,2619.0,521.0,829540.0,1615.0,1094100.0,False,True,True,True,True,False
9345.T,9345,ビズメイツ,Growth,サービス業,,2026-09-18,851.0,582.0,817680.0,1380.0,1164000.0,False,True,True,True,True,False
7986.T,7986,日本アイ・エス・ケイ,Standard,その他製品,,2026-09-18,2619.0,1914.0,814135.0,425.0,957000.0,False,True,True,True,True,False
7360.T,7360,オンデック,Growth,サービス業,,2026-09-18,1399.0,643.0,812945.0,1255.0,192900.0,False,True,True,True,True,False
143A.T,143A,イシン,Growth,サービス業,,2026-09-18,609.0,705.0,812880.0,1150.0,987000.0,False,True,True,True,True,False
2481.T,2481,タウンニュース社,Standard,サービス業,,2026-09-18,2619.0,697.0,804105.0,1185.0,766700.0,False,True,True,True,True,False
9250.T,9250,ＧＲＣＳ,Growth,サービス業,,2026-09-18,1183.0,1047.0,802795.0,805.0,209400.0,False,True,True,True,True,False
6186.T,6186,一蔵,Standard,サービス業,,2026-09-18,2619.0,377.0,787725.0,2080.0,2035800.0,False,True,True,True,True,False
6579.T,6579,ログリー,Growth,サービス業,,2026-09-18,2019.0,351.0,786960.0,2240.0,561600.0,False,True,True,True,True,False
7031.T,7031,インバウンドテック,Growth,サービス業,,2026-09-18,1407.0,670.0,785875.0,1120.0,402000.0,False,True,True,True,True,False
3802.T,3802,エコミック,Standard,情報・通信業,,2026-09-18,1563.0,504.0,777280.0,1550.0,907200.0,False,True,True,True,True,False
3953.T,3953,大村紙業,Standard,パルプ・紙,,2026-09-18,2619.0,786.0,776385.0,980.0,0.0,False,True,True,True,True,False
7863.T,7863,平賀,Standard,その他製品,,2026-09-18,2619.0,932.0,775050.0,825.0,0.0,False,True,True,True,True,False
3437.T,3437,特殊電極,Standard,金属製品,,2026-09-18,2619.0,2655.0,753350.0,280.0,796500.0,False,True,True,True,True,False
4487.T,4487,スペースマーケット,Growth,情報・通信業,,2026-09-18,1647.0,229.0,752450.0,3275.0,641200.0,False,True,True,True,True,False
7074.T,7074,トゥエンティーフォーセブンホールディングス,Growth,サービス業,,2026-09-18,1668.0,184.0,745580.0,4000.0,975200.0,False,False,True,True,True,False
5987.T,5987,オーネックス,Standard,金属製品,,2026-09-18,2619.0,1615.0,740025.0,450.0,0.0,False,True,True,True,True,False
5199.T,5199,不二ラテックス,Standard,ゴム製品,,2026-09-18,2619.0,1988.0,725785.0,365.0,1192800.0,False,True,True,True,True,False
4920.T,4920,日本色材工業研究所,Standard,化学,,2026-09-18,2619.0,1138.0,723870.0,640.0,682800.0,False,True,True,True,True,False
9635.T,9635,武蔵野興業,Standard,サービス業,,2026-09-18,2619.0,2565.0,719560.0,280.0,1795500.0,False,True,True,True,True,False
5619.T,5619,マーソ,Growth,情報・通信業,,2026-09-18,670.0,834.0,709605.0,820.0,417000.0,False,True,True,True,True,False
9849.T,9849,共同紙販ホールディングス,Standard,卸売業,,2026-09-18,2619.0,4545.0,699675.0,155.0,1363500.0,False,True,True,True,True,False
2789.T,2789,カルラ,Standard,小売業,,2026-09-18,2619.0,477.0,684150.0,1435.0,1431000.0,False,True,True,True,True,False
9408.T,9408,ＢＳＮメディアホールディングス,Standard,情報・通信業,,2026-09-18,2619.0,2670.0,680520.0,255.0,534000.0,False,True,True,True,True,False
4679.T,4679,田谷,Standard,サービス業,,2026-09-18,2619.0,265.0,672800.0,2555.0,212000.0,False,True,True,True,True,False
4247.T,4247,ポバール興業,Standard,化学,,2026-09-18,1109.0,1389.0,672115.0,480.0,277800.0,False,True,True,True,True,False
9012.T,9012,秩父鉄道,Standard,陸運業,,2026-09-18,2619.0,2090.0,664210.0,315.0,0.0,False,True,True,True,True,False
5126.T,5126,ポーターズ,Growth,情報・通信業,,2026-09-18,972.0,1400.0,659150.0,465.0,0.0,False,True,True,True,True,False
4720.T,4720,城南進学研究社,Standard,サービス業,,2026-09-18,2619.0,244.0,646260.0,2655.0,732000.0,False,True,True,True,True,False
9253.T,9253,スローガン,Growth,サービス業,,2026-09-18,1179.0,758.0,628255.0,845.0,530600.0,False,True,True,True,True,False
7040.T,7040,サン・ライフホールディング,Standard,サービス業,,2026-09-18,1947.0,964.0,621795.0,640.0,2024400.0,False,True,True,True,True,False
9720.T,9720,ホテル、ニューグランド,Standard,サービス業,,2026-09-18,2619.0,6440.0,611350.0,95.0,0.0,False,True,True,True,True,False
5618.T,5618,ナイル,Growth,情報・通信業,,2026-09-18,671.0,292.0,609475.0,2135.0,817600.0,False,True,True,True,True,False
3184.T,3184,ＩＣＤＡホールディングス,Standard,小売業,,2026-09-18,2619.0,4155.0,590825.0,140.0,0.0,False,True,True,True,True,False
3426.T,3426,アトムリビンテック,Standard,金属製品,,2026-09-18,2619.0,1305.0,582340.0,450.0,1435500.0,False,True,True,True,True,False
9331.T,9331,キャスター,Growth,サービス業,,2026-09-18,722.0,692.0,579275.0,805.0,484400.0,False,True,True,True,True,False
7939.T,7939,研創,Standard,その他製品,,2026-09-18,2619.0,603.0,578300.0,960.0,542700.0,False,True,True,True,True,False
7837.T,7837,アールシーコア,Standard,その他製品,,2026-09-18,2619.0,354.0,572500.0,1690.0,460200.0,False,True,True,True,True,False
6982.T,6982,リード,Standard,輸送用機器,,2026-09-18,2619.0,578.0,565670.0,980.0,404600.0,False,True,True,True,True,False
4705.T,4705,クリップコーポレーション,Standard,サービス業,,2026-09-18,2619.0,781.0,561725.0,710.0,2186800.0,False,True,True,True,True,False
7555.T,7555,大田花き,Standard,卸売業,,2026-09-18,2619.0,743.0,559525.0,750.0,445800.0,False,True,True,True,True,False
7896.T,7896,セブン工業,Standard,その他製品,,2026-09-18,2619.0,503.0,558720.0,1105.0,804800.0,False,True,True,True,True,False
9073.T,9073,京極運輸商事,Standard,陸運業,,2026-09-18,2619.0,1260.0,558000.0,450.0,504000.0,False,True,True,True,True,False
7857.T,7857,セキ,Standard,その他製品,,2026-09-18,2619.0,1290.0,554250.0,430.0,3225000.0,False,True,True,True,True,False
4645.T,4645,市進ホールディングス,Standard,サービス業,,2026-09-18,2619.0,440.0,539755.0,1240.0,968000.0,False,True,True,True,True,False
7677.T,7677,ヤシマキザイ,Standard,卸売業,,2026-09-18,1767.0,2817.0,522960.0,190.0,1690200.0,False,True,True,True,True,False
3058.T,3058,三洋堂ホールディングス,Standard,小売業,,2026-09-18,2619.0,719.0,473030.0,665.0,862800.0,False,True,True,True,True,False
5025.T,5025,マーキュリー,Growth,情報・通信業,,2026-09-18,1118.0,584.0,469810.0,795.0,584000.0,False,True,True,True,True,False
2795.T,2795,日本プリメックス,Standard,卸売業,,2026-09-18,2619.0,956.0,460895.0,480.0,191200.0,False,True,True,True,True,False
5138.T,5138,Ｒｅｂａｓｅ,Growth,情報・通信業,,2026-09-18,920.0,452.0,386355.0,830.0,723200.0,False,True,True,True,True,False
6555.T,6555,ＭＳ＆Ｃｏｎｓｕｌｔｉｎｇ,Standard,サービス業,,2026-09-18,2204.0,429.0,383715.0,895.0,300300.0,False,True,True,True,True,False
9361.T,9361,伏木海陸運送,Standard,倉庫・運輸関連業,,2026-09-18,2619.0,2015.0,337675.0,165.0,403000.0,False,True,True,True,True,False
7501.T,7501,ティムコ,Standard,卸売業,,2026-09-18,2619.0,1425.0,327485.0,225.0,0.0,False,True,True,True,True,False
1992.T,1992,神田通信機,Standard,建設業,,2026-09-18,2619.0,2986.0,325450.0,110.0,0.0,False,True,True,True,True,False
5969.T,5969,ロブテックス,Standard,金属製品,,2026-09-18,2619.0,1199.0,271995.0,225.0,239800.0,False,True,True,True,True,False
7531.T,7531,清和中央ホールディングス,Standard,卸売業,,2026-09-18,2619.0,1329.0,267140.0,205.0,0.0,False,True,True,True,True,False
3600.T,3600,フジックス,Standard,繊維製品,,2026-09-18,2619.0,1750.0,261545.0,150.0,1050000.0,False,True,True,True,True,False
1909.T,1909,日本ドライケミカル,Standard,機械,,2026-09-14,2597.0,16280000512.0,0.0,0.0,0.0,False,True,True,False,False,False
165A.T,165A,ＳＢＩレオスひふみ,Growth,証券、商品先物取引業,,,,,,,,False,False,False,False,False,False
1712.T,1712,ダイセキ環境ソリューション,Standard,建設業,,,,,,,,False,False,False,False,False,False
1726.T,1726,ビーアールホールディングス,Prime,建設業,,,,,,,,False,False,False,False,False,False
1743.T,1743,コーアツ工業,Standard,建設業,,,,,,,,False,False,False,False,False,False
176A.T,176A,レジル,Growth,電気・ガス業,,,,,,,,False,False,False,False,False,False
1776.T,1776,三井住建道路,Standard,建設業,,,,,,,,False,False,False,False,False,False
1821.T,1821,三井住友建設,Prime,建設業,,,,,,,,False,False,False,False,False,False
1841.T,1841,サンユー建設,Standard,建設業,,,,,,,,False,False,False,False,False,False
1890.T,1890,東洋建設,Prime,建設業,,,,,,,,False,False,False,False,False,False
1949.T,1949,住友電設,Prime,建設業,,,,,,,,False,False,False,False,False,False
202A.T,202A,豆蔵,Growth,情報・通信業,,,,,,,,False,False,False,False,False,False
2150.T,2150,ケアネット,Prime,サービス業,,,,,,,,False,False,False,False,False,False
2196.T,2196,エスクリ,Standard,サービス業,,,,,,,,False,False,False,False,False,False
2344.T,2344,平安レイサービス,Standard,サービス業,,,,,,,,False,False,False,False,False,False
2374.T,2374,セントケア・ホールディング,Prime,サービス業,,,,,,,,False,False,False,False,False,False
2389.T,2389,デジタルホールディングス,Prime,サービス業,,,,,,,,False,False,False,False,False,False
2540.T,2540,養命酒製造,Prime,食料品,,,,,,,,False,False,False,False,False,False
2686.T,2686,ジーフット,Standard,小売業,,,,,,,,False,False,False,False,False,False
2692.T,2692,伊藤忠食品,Prime,卸売業,,,,,,,,False,False,False,False,False,False
2743.T,2743,ピクセルカンパニーズ,Standard,卸売業,,,,,,,,False,False,False,False,False,False
2763.T,2763,エフティグループ,Standard,卸売業,,,,,,,,False,False,False,False,False,False
3073.T,3073,ＤＤグループ,Prime,小売業,,,,,,,,False,False,False,False,False,False
3094.T,3094,スーパーバリュー,Standard,小売業,,,,,,,,False,False,False,False,False,False
3141.T,3141,ウエルシアホールディングス,Prime,小売業,,,,,,,,False,False,False,False,False,False
3198.T,3198,ＳＦＰホールディングス,Prime,小売業,,,,,,,,False,False,False,False,False,False
3271.T,3271,ＴＨＥグローバル社,Standard,不動産業,,,,,,,,False,False,False,False,False,False
3294.T,3294,イーグランド,Standard,不動産業,,,,,,,,False,False,False,False,False,False
3341.T,3341,日本調剤,Prime,小売業,,,,,,,,False,False,False,False,False,False
3526.T,3526,芦森工業,Standard,輸送用機器,,,,,,,,False,False,False,False,False,False
3540.T,3540,歯愛メディカル,Standard,卸売業,,,,,,,,False,False,False,False,False,False
3541.T,3541,農業総合研究所,Growth,卸売業,,,,,,,,False,False,False,False,False,False
3546.T,3546,アレンザホールディングス,Prime,小売業,,,,,,,,False,False,False,False,False,False
3593.T,3593,ホギメディカル,Prime,繊維製品,,,,,,,,False,False,False,False,False,False
3655.T,3655,ブレインパッド,Prime,情報・通信業,,,,,,,,False,False,False,False,False,False
3670.T,3670,協立情報通信,Standard,情報・通信業,,,,,,,,False,False,False,False,False,False
3681.T,3681,ブイキューブ,Prime,情報・通信業,,,,,,,,False,False,False,False,False,False
3688.T,3688,ＣＡＲＴＡ　ＨＯＬＤＩＮＧＳ,Prime,情報・通信業,,,,,,,,False,False,False,False,False,False
3847.T,3847,パシフィックシステム,Standard,情報・通信業,,,,,,,,False,False,False,False,False,False
3902.T,3902,メディカル・データ・ビジョン,Prime,情報・通信業,,,,,,,,False,False,False,False,False,False
3924.T,3924,ランドコンピュータ,Prime,情報・通信業,,,,,,,,False,False,False,False,False,False
3961.T,3961,シルバーエッグ・テクノロジー,Growth,情報・通信業,,,,,,,,False,False,False,False,False,False
4080.T,4080,田中化学研究所,Standard,化学,,,,,,,,False,False,False,False,False,False
4171.T,4171,グローバルインフォメーション,Standard,情報・通信業,,,,,,,,False,False,False,False,False,False
4319.T,4319,ＴＡＣ,Standard,サービス業,,,,,,,,False,False,False,False,False,False
4333.T,4333,東邦システムサイエンス,Prime,情報・通信業,,,,,,,,False,False,False,False,False,False
4367.T,4367,広栄化学,Standard,化学,,,,,,,,False,False,False,False,False,False
4384.T,4384,ラクスル,Prime,情報・通信業,,,,,,,,False,False,False,False,False,False
4449.T,4449,ギフティ,Prime,情報・通信業,,,,,,,,False,False,False,False,False,False
4494.T,4494,バリオセキュア,Standard,情報・通信業,,,,,,,,False,False,False,False,False,False
4530.T,4530,久光製薬,Prime,医薬品,,,,,,,,False,False,False,False,False,False
4556.T,4556,カイノス,Standard,医薬品,,,,,,,,False,False,False,False,False,False
4659.T,4659,エイジス,Standard,サービス業,,,,,,,,False,False,False,False,False,False
4690.T,4690,日本パレットプール,Standard,サービス業,,,,,,,,False,False,False,False,False,False
4745.T,4745,東京個別指導学院,Standard,サービス業,,,,,,,,False,False,False,False,False,False
4917.T,4917,マンダム,Prime,化学,,,,,,,,False,False,False,False,False,False
4957.T,4957,ヤスハラケミカル,Standard,化学,,,,,,,,False,False,False,False,False,False
4974.T,4974,タカラバイオ,Prime,化学,,,,,,,,False,False,False,False,False,False
5017.T,5017,富士石油,Prime,石油・石炭製品,,,,,,,,False,False,False,False,False,False
5070.T,5070,ドラフト,Growth,建設業,,,,,,,,False,False,False,False,False,False
5191.T,5191,住友理工,Prime,ゴム製品,,,,,,,,False,False,False,False,False,False
5259.T,5259,ＢＢＤイニシアティブ,Growth,情報・通信業,,,,,,,,False,False,False,False,False,False
5352.T,5352,黒崎播磨,Prime,ガラス・土石製品,,,,,,,,False,False,False,False,False,False
5386.T,5386,鶴弥,Standard,ガラス・土石製品,,,,,,,,False,False,False,False,False,False
5476.T,5476,日本高周波鋼業,Standard,鉄鋼,,,,,,,,False,False,False,False,False,False
5577.T,5577,アイデミー,Growth,情報・通信業,,,,,,,,False,False,False,False,False,False
5595.T,5595,ＱＰＳ研究所,Growth,情報・通信業,,,,,,,,False,False,False,False,False,False
5596.T,5596,アウトルックコンサルティング,Growth,情報・通信業,,,,,,,,False,False,False,False,False,False
5727.T,5727,東邦チタニウム,Prime,非鉄金属,,,,,,,,False,False,False,False,False,False
5856.T,5856,エルアイイーエイチ,Standard,小売業,,,,,,,,False,False,False,False,False,False
5903.T,5903,シンポ,Standard,金属製品,,,,,,,,False,False,False,False,False,False
6028.T,6028,テクノプロ・ホールディングス,Prime,サービス業,,,,,,,,False,False,False,False,False,False
6060.T,6060,こころネット,Standard,サービス業,,,,,,,,False,False,False,False,False,False
6096.T,6096,レアジョブ,Standard,サービス業,,,,,,,,False,False,False,False,False,False
6173.T,6173,アクアライン,Growth,サービス業,,,,,,,,False,False,False,False,False,False
6201.T,6201,豊田自動織機,Prime,輸送用機器,,,,,,,,False,False,False,False,False,False
6210.T,6210,ＴＯＹＯイノベックス,Standard,機械,,,,,,,,False,False,False,False,False,False
6293.T,6293,日精樹脂工業,Prime,機械,,,,,,,,False,False,False,False,False,False
6297.T,6297,鉱研工業,Standard,機械,,,,,,,,False,False,False,False,False,False
6312.T,6312,フロイント産業,Standard,機械,,,,,,,,False,False,False,False,False,False
6373.T,6373,大同工業,Standard,機械,,,,,,,,False,False,False,False,False,False
6403.T,6403,水道機工,Standard,機械,,,,,,,,False,False,False,False,False,False
6406.T,6406,フジテック,Prime,機械,,,,,,,,False,False,False,False,False,False
6416.T,6416,桂川電機,Standard,機械,,,,,,,,False,False,False,False,False,False
6489.T,6489,前澤工業,Standard,機械,,,,,,,,False,False,False,False,False,False
6542.T,6542,ＦＣホールディングス,Standard,サービス業,,,,,,,,False,False,False,False,False,False
6565.T,6565,ＡＢホテル,Standard,サービス業,,,,,,,,False,False,False,False,False,False
6670.T,6670,ＭＣＪ,Standard,電気機器,,,,,,,,False,False,False,False,False,False
6734.T,6734,ニューテック,Standard,電気機器,,,,,,,,False,False,False,False,False,False
6901.T,6901,澤藤電機,Standard,電気機器,,,,,,,,False,False,False,False,False,False
6930.T,6930,日本アンテナ,Standard,電気機器,,,,,,,,False,False,False,False,False,False
6937.T,6937,古河電池,Prime,電気機器,,,,,,,,False,False,False,False,False,False
6957.T,6957,芝浦電子,Standard,電気機器,,,,,,,,False,False,False,False,False,False
7088.T,7088,フォーラムエンジニアリング,Prime,サービス業,,,,,,,,False,False,False,False,False,False
7092.T,7092,Ｆａｓｔ　Ｆｉｔｎｅｓｓ　Ｊａｐａｎ,Prime,サービス業,,,,,,,,False,False,False,False,False,False
7105.T,7105,三菱ロジスネクスト,Standard,輸送用機器,,,,,,,,False,False,False,False,False,False
7116.T,7116,ダイワ通信,Standard,卸売業,,,,,,,,False,False,False,False,False,False
7205.T,7205,日野自動車,Prime,輸送用機器,,,,,,,,False,False,False,False,False,False
7229.T,7229,ユタカ技研,Standard,輸送用機器,,,,,,,,False,False,False,False,False,False
7250.T,7250,太平洋工業,Prime,輸送用機器,,,,,,,,False,False,False,False,False,False
7317.T,7317,松屋アールアンドディ,Growth,輸送用機器,,,,,,,,False,False,False,False,False,False
7420.T,7420,佐鳥電機,Prime,卸売業,,,,,,,,False,False,False,False,False,False
7445.T,7445,ライトオン,Standard,小売業,,,,,,,,False,False,False,False,False,False
7450.T,7450,サンデー,Standard,小売業,,,,,,,,False,False,False,False,False,False
7455.T,7455,パリミキホールディングス,Standard,小売業,,,,,,,,False,False,False,False,False,False
7467.T,7467,萩原電気ホールディングス,Prime,卸売業,,,,,,,,False,False,False,False,False,False
7635.T,7635,杉田エース,Standard,卸売業,,,,,,,,False,False,False,False,False,False
7718.T,7718,スター精密,Prime,機械,,,,,,,,False,False,False,False,False,False
7732.T,7732,トプコン,Prime,精密機器,,,,,,,,False,False,False,False,False,False
7739.T,7739,キヤノン電子,Prime,電気機器,,,,,,,,False,False,False,False,False,False
7817.T,7817,パラマウントベッドホールディングス,Prime,その他製品,,,,,,,,False,False,False,False,False,False
7851.T,7851,カワセコンピュータサプライ,Standard,その他製品,,,,,,,,False,False,False,False,False,False
7922.T,7922,三光産業,Standard,その他製品,,,,,,,,False,False,False,False,False,False
7923.T,7923,トーイン,Standard,その他製品,,,,,,,,False,False,False,False,False,False
7925.T,7925,前澤化成工業,Prime,化学,,,,,,,,False,False,False,False,False,False
7940.T,7940,ウェーブロックホールディングス,Standard,化学,,,,,,,,False,False,False,False,False,False
7985.T,7985,ネポン,Standard,金属製品,,,,,,,,False,False,False,False,False,False
7999.T,7999,ＭＵＴＯＨホールディングス,Standard,電気機器,,,,,,,,False,False,False,False,False,False
8209.T,8209,フレンドリー,Standard,小売業,,,,,,,,False,False,False,False,False,False
8289.T,8289,Ｏｌｙｍｐｉｃグループ,Standard,小売業,,,,,,,,False,False,False,False,False,False
8515.T,8515,アイフル,Prime,その他金融業,,,,,,,,False,False,False,False,False,False
8940.T,8940,インテリックス,Standard,不動産業,,,,,,,,False,False,False,False,False,False
9067.T,9067,丸運,Standard,陸運業,,,,,,,,False,False,False,False,False,False
9338.T,9338,ＩＮＦＯＲＩＣＨ,Growth,サービス業,,,,,,,,False,False,False,False,False,False
9386.T,9386,日本コンセプト,Prime,倉庫・運輸関連業,,,,,,,,False,False,False,False,False,False
9600.T,9600,アイネット,Prime,情報・通信業,,,,,,,,False,False,False,False,False,False
9719.T,9719,ＳＣＳＫ,Prime,情報・通信業,,,,,,,,False,False,False,False,False,False
9776.T,9776,札幌臨床検査センター,Standard,サービス業,,,,,,,,False,False,False,False,False,False
9914.T,9914,植松商会,Standard,卸売業,,,,,,,,False,False,False,False,False,False
9927.T,9927,ワットマン,Standard,小売業,,,,,,,,False,False,False,False,False,False
