ticker,code,name,market,sector33,size,last_date,bars,last_close,adv_jpy,adv_shares,turnover_last,ok_adv,ok_price,ok_history,ok_split,ok_fresh,passes
285A.T,285A,キオクシアホールディングス,Prime,電気機器,,2026-10-07,437.0,17900.0,1258887416788.75,68874540.0,628232720000.0,True,True,True,True,True,True
9984.T,9984,ソフトバンクグループ,Prime,情報・通信業,,2026-10-07,2629.0,6310.0,448652619750.0,70326205.0,207690495000.0,True,True,True,True,True,True
6857.T,6857,アドバンテスト,Prime,電気機器,,2026-10-07,2629.0,41290.0,404348061850.0,11459190.0,584274145000.0,True,True,True,True,True,True
6976.T,6976,太陽誘電,Prime,電気機器,,2026-10-07,2629.0,11460.0,272998988645.0,28551495.0,398197182000.0,True,True,True,True,True,True
5803.T,5803,フジクラ,Prime,非鉄金属,,2026-10-07,2629.0,5700.0,185525184620.0,35585690.0,238289070000.0,True,True,True,True,True,True
8035.T,8035,東京エレクトロン,Prime,電気機器,,2026-10-07,2629.0,12500.0,176269935700.0,15740095.0,131572500000.0,True,True,True,True,True,True
4062.T,4062,イビデン,Prime,電気機器,,2026-10-07,2629.0,12270.0,168718442700.0,15675225.0,109334289000.0,True,True,True,True,True,True
6981.T,6981,村田製作所,Prime,電気機器,,2026-10-07,2629.0,8683.0,168552978960.0,21416965.0,186259033000.0,True,True,True,True,True,True
6920.T,6920,レーザーテック,Prime,電気機器,,2026-10-07,2629.0,46700.0,162055960050.0,4027980.0,190381890000.0,True,True,True,True,True,True
8306.T,8306,三菱ＵＦＪフィナンシャル・グループ,Prime,銀行業,,2026-10-07,2629.0,3622.0,149267205720.0,40921600.0,115735577000.0,True,True,True,True,True,True
5801.T,5801,古河電気工業,Prime,非鉄金属,,2026-10-07,2629.0,4444.0,92265006480.0,22925185.0,131948581600.0,True,True,True,True,True,True
6146.T,6146,ディスコ,Prime,機械,,2026-10-07,2629.0,61380.0,91309799100.0,1613805.0,201995442000.0,True,True,True,True,True,True
8316.T,8316,三井住友フィナンシャルグループ,Prime,銀行業,,2026-10-07,2629.0,3372.0,84089651160.0,24562585.0,61069954800.0,True,True,True,True,True,True
6525.T,6525,ＫＯＫＵＳＡＩ　ＥＬＥＣＴＲＩＣ,Prime,電気機器,,2026-10-07,719.0,9830.0,80147125115.0,8805320.0,58022558000.0,True,True,True,True,True,True
8411.T,8411,みずほフィナンシャルグループ,Prime,銀行業,,2026-10-07,2629.0,8644.0,78629349885.0,9121120.0,64457443600.0,True,True,True,True,True,True
9983.T,9983,ファーストリテイリング,Prime,小売業,,2026-10-07,2629.0,74780.0,78398964100.0,1127330.0,81966358000.0,True,True,True,True,True,True
7203.T,7203,トヨタ自動車,Prime,輸送用機器,,2026-10-07,2629.0,2900.5,75485789842.5,25445525.0,61012597600.0,True,True,True,True,True,True
5016.T,5016,ＪＸ金属,Prime,非鉄金属,,2026-10-07,379.0,3797.0,69671199970.0,19027605.0,89657801600.0,True,True,True,True,True,True
6098.T,6098,リクルートホールディングス,Prime,サービス業,,2026-10-07,2629.0,17000.0,69624579375.0,4227825.0,52487500000.0,True,True,True,True,True,True
7974.T,7974,任天堂,Prime,その他製品,,2026-10-07,2629.0,7775.0,61541272375.0,7572660.0,43155915000.0,True,True,True,True,True,True
7011.T,7011,三菱重工業,Prime,機械,,2026-10-07,2629.0,3811.0,61321792640.0,16100875.0,69694424700.0,True,True,True,True,True,True
6501.T,6501,日立製作所,Prime,電気機器,,2026-10-07,2629.0,5649.0,55107715350.0,10123405.0,56177610300.0,True,True,True,True,True,True
8766.T,8766,東京海上ホールディングス,Prime,保険業,,2026-10-07,2629.0,516.0,52591790726.3913,99479190.0,51947061600.0,True,True,True,True,True,True
6758.T,6758,ソニーグループ,Prime,電気機器,,2026-10-07,2629.0,3743.0,51389928320.0,13836965.0,42719233300.0,True,True,True,True,True,True
6861.T,6861,キーエンス,Prime,電気機器,,2026-10-07,2629.0,81560.0,43745586550.0,559040.0,40364044000.0,True,True,True,True,True,True
5802.T,5802,住友電気工業,Prime,非鉄金属,,2026-10-07,2629.0,2482.0,42763926337.5,19203215.0,41338206400.0,True,True,True,True,True,True
8001.T,8001,伊藤忠商事,Prime,卸売業,,2026-10-07,2629.0,2161.5,41738078720.0,18491605.0,25725308400.0,True,True,True,True,True,True
4063.T,4063,信越化学工業,Prime,化学,,2026-10-07,2629.0,6234.0,39920335075.0,6780105.0,34422901200.0,True,True,True,True,True,True
5706.T,5706,三井金属,Prime,非鉄金属,,2026-10-07,2629.0,2777.5,39654630267.5,16201300.0,60838637750.0,True,True,True,True,True,True
6723.T,6723,ルネサスエレクトロニクス,Prime,電気機器,,2026-10-07,2629.0,3924.0,38797445595.0,11111820.0,59089946400.0,True,True,True,True,True,True
6762.T,6762,ＴＤＫ,Prime,電気機器,,2026-10-07,2629.0,3530.0,38413995137.5,12348830.0,58595176000.0,True,True,True,True,True,True
4004.T,4004,レゾナック・ホールディングス,Prime,化学,,2026-10-07,2629.0,18075.0,37788236471.32578,2422879.35,57944835000.0,True,True,True,True,True,True
8058.T,8058,三菱商事,Prime,卸売業,,2026-10-07,2629.0,4676.0,37102289475.0,7639165.0,25454741200.0,True,True,True,True,True,True
6752.T,6752,パナソニック　ホールディングス,Prime,電気機器,,2026-10-07,2629.0,4668.0,36452140060.0,8255630.0,32442133200.0,True,True,True,True,True,True
3436.T,3436,ＳＵＭＣＯ,Prime,金属製品,,2026-10-07,2629.0,3684.0,33651464655.0,10528930.0,34614127200.0,True,True,True,True,True,True
278A.T,278A,Ｔｅｒｒａ　Ｄｒｏｎｅ,Growth,精密機器,,2026-10-07,450.0,8140.0,33083435800.0,3377475.0,11063888000.0,True,True,True,True,True,True
7013.T,7013,ＩＨＩ,Prime,機械,,2026-10-07,2629.0,2691.0,31698616020.0,11574260.0,33769089900.0,True,True,True,True,True,True
6594.T,6594,ニデック,Prime,電気機器,,2026-10-07,2629.0,2165.0,30707944410.0,13219400.0,63994585500.0,True,True,True,True,True,True
6503.T,6503,三菱電機,Prime,電気機器,,2026-10-07,2629.0,5285.0,30312664270.0,5830510.0,33864166000.0,True,True,True,True,True,True
8031.T,8031,三井物産,Prime,卸売業,,2026-10-07,2629.0,4907.0,30110711450.0,5972170.0,21882275800.0,True,True,True,True,True,True
7741.T,7741,ＨＯＹＡ,Prime,精密機器,,2026-10-07,2629.0,25135.0,29415207500.0,1252460.0,23870709500.0,True,True,True,True,True,True
7735.T,7735,ＳＣＲＥＥＮホールディングス,Prime,電気機器,,2026-10-07,2629.0,15915.0,27277357200.0,1962795.0,25263471000.0,True,True,True,True,True,True
6702.T,6702,富士通,Prime,電気機器,,2026-10-07,2629.0,4127.0,26897191965.0,6801995.0,30504307800.0,True,True,True,True,True,True
9433.T,9433,ＫＤＤＩ,Prime,情報・通信業,,2026-10-07,2629.0,2877.0,26070322770.0,8725470.0,20268177300.0,True,True,True,True,True,True
2914.T,2914,日本たばこ産業,Prime,食料品,,2026-10-07,2629.0,6990.0,25872642045.0,3784600.0,26633997000.0,True,True,True,True,True,True
6954.T,6954,ファナック,Prime,電気機器,,2026-10-07,2629.0,6164.0,25818888030.0,4353300.0,22684136400.0,True,True,True,True,True,True
6701.T,6701,日本電気,Prime,電気機器,,2026-10-07,2629.0,5050.0,25418969455.0,5322510.0,33582500000.0,True,True,True,True,True,True
8002.T,8002,丸紅,Prime,卸売業,,2026-10-07,2629.0,4787.0,25060116750.0,5089040.0,17368672100.0,True,True,True,True,True,True
7012.T,7012,川崎重工業,Prime,輸送用機器,,2026-10-07,2629.0,2372.5,24787623952.5,10407970.0,38008636250.0,True,True,True,True,True,True
4502.T,4502,武田薬品工業,Prime,医薬品,,2026-10-07,2629.0,5766.0,24694385270.0,4264935.0,18581511600.0,True,True,True,True,True,True
8725.T,8725,ＭＳ＆ＡＤインシュアランスグループホールディングス,Prime,保険業,,2026-10-07,2629.0,4856.0,24682875205.0,4920870.0,22800376800.0,True,True,True,True,True,True
8308.T,8308,りそなホールディングス,Prime,銀行業,,2026-10-07,2629.0,2512.5,24302185537.5,9711995.0,33533332500.0,True,True,True,True,True,True
6301.T,6301,小松製作所,Prime,機械,,2026-10-07,2629.0,7829.0,24026378640.0,3249175.0,23031352200.0,True,True,True,True,True,True
6367.T,6367,ダイキン工業,Prime,機械,,2026-10-07,2629.0,21070.0,23486971350.0,1131760.0,24468591000.0,True,True,True,True,True,True
5713.T,5713,住友金属鉱山,Prime,非鉄金属,,2026-10-07,2629.0,9643.0,23451294125.0,2413870.0,19558896900.0,True,True,True,True,True,True
7267.T,7267,本田技研工業,Prime,輸送用機器,,2026-10-07,2629.0,1683.5,23060676980.0,13715490.0,22286846400.0,True,True,True,True,True,True
7936.T,7936,アシックス,Prime,その他製品,,2026-10-07,2629.0,4450.0,22880392710.0,5510540.0,27667430000.0,True,True,True,True,True,True
4519.T,4519,中外製薬,Prime,医薬品,,2026-10-07,2629.0,6101.0,21549996530.0,3396865.0,13597298700.0,True,True,True,True,True,True
1605.T,1605,ＩＮＰＥＸ,Prime,鉱業,,2026-10-07,2629.0,3648.0,20762058895.0,5428255.0,16291968000.0,True,True,True,True,True,True
5401.T,5401,日本製鉄,Prime,鉄鋼,,2026-10-07,2629.0,641.2000122070312,20720133740.664673,30788095.0,17235328088.12256,True,True,True,True,True,True
8591.T,8591,オリックス,Prime,その他金融業,,2026-10-07,2629.0,5877.0,20715389260.0,3446520.0,19977686100.0,True,True,True,True,True,True
6273.T,6273,ＳＭＣ,Prime,機械,,2026-10-07,2629.0,73860.0,20371136250.0,291225.0,20791590000.0,True,True,True,True,True,True
9434.T,9434,ソフトバンク,Prime,情報・通信業,,2026-10-07,1900.0,240.6999969482422,20164181725.52452,82704350.0,19018476998.87085,True,True,True,True,True,True
7182.T,7182,ゆうちょ銀行,Prime,銀行業,,2026-10-07,2629.0,3364.0,19699133880.0,5889285.0,16891316800.0,True,True,True,True,True,True
6203.T,6203,豊和工業,Standard,機械,,2026-10-07,2629.0,2322.0,19374144520.0,8259880.0,3610245600.0,True,True,True,True,True,True
9501.T,9501,東京電力ホールディングス,Prime,電気・ガス業,,2026-10-07,2629.0,516.9000244140625,18723918408.143005,34841330.0,14400162710.144043,True,True,True,True,True,True
9104.T,9104,商船三井,Prime,海運業,,2026-10-07,2629.0,7058.0,18369895640.0,2581240.0,11627349200.0,True,True,True,True,True,True
9101.T,9101,日本郵船,Prime,海運業,,2026-10-07,2629.0,7092.0,18369746795.0,2526725.0,15018019200.0,True,True,True,True,True,True
8053.T,8053,住友商事,Prime,卸売業,,2026-10-07,2629.0,1717.0,17957599795.0,10038725.0,12879388700.0,True,True,True,True,True,True
8750.T,8750,第一生命ホールディングス,Prime,保険業,,2026-10-07,2629.0,1837.5,17931196182.5,9599480.0,16000582500.0,True,True,True,True,True,True
6330.T,6330,東洋エンジニアリング,Prime,建設業,,2026-10-07,2629.0,2561.0,17868975985.0,6567105.0,10855566800.0,True,True,True,True,True,True
6971.T,6971,京セラ,Prime,電気機器,,2026-10-07,2629.0,3827.0,17797508085.0,4904825.0,13440041300.0,True,True,True,True,True,True
8136.T,8136,サンリオ,Prime,卸売業,,2026-10-07,2629.0,1210.5,17476133830.0,14483745.0,16379759700.0,True,True,True,True,True,True
6871.T,6871,日本マイクロニクス,Prime,電気機器,,2026-10-07,2629.0,16760.0,16929732200.0,1229710.0,37059712000.0,True,True,True,True,True,True
4568.T,4568,第一三共,Prime,医薬品,,2026-10-07,2629.0,2702.5,16753237040.0,5964025.0,11956670750.0,True,True,True,True,True,True
9697.T,9697,カプコン,Prime,情報・通信業,,2026-10-07,2629.0,4421.0,16619453555.0,3816680.0,11298749700.0,True,True,True,True,True,True
8015.T,8015,豊田通商,Prime,卸売業,,2026-10-07,2629.0,7408.0,16434866250.0,2220220.0,14154465600.0,True,True,True,True,True,True
8630.T,8630,ＳＯＭＰＯホールディングス,Prime,保険業,,2026-10-07,2629.0,6561.0,16080754390.0,2386020.0,14383680300.0,True,True,True,True,True,True
8309.T,8309,三井住友トラストグループ,Prime,銀行業,,2026-10-07,2629.0,1754.5,16003549572.5,9033045.0,18768237400.0,True,True,True,True,True,True
5108.T,5108,ブリヂストン,Prime,ゴム製品,,2026-10-07,2629.0,3831.0,15825508475.0,4167975.0,12900509400.0,True,True,True,True,True,True
4661.T,4661,オリエンタルランド,Prime,サービス業,,2026-10-07,2629.0,2888.5,15475324285.0,5160735.0,11443370450.0,True,True,True,True,True,True
2802.T,2802,味の素,Prime,食料品,,2026-10-07,2629.0,5346.0,15432877895.0,3035355.0,11453270400.0,True,True,True,True,True,True
6506.T,6506,安川電機,Prime,電気機器,,2026-10-07,2629.0,4946.0,15366533305.0,3364885.0,18979285800.0,True,True,True,True,True,True
6787.T,6787,メイコー,Prime,電気機器,,2026-10-07,2629.0,26900.0,15351077100.0,660440.0,19413730000.0,True,True,True,True,True,True
8604.T,8604,野村ホールディングス,Prime,証券、商品先物取引業,,2026-10-07,2629.0,1519.5,15344070217.5,9665260.0,11850580500.0,True,True,True,True,True,True
3110.T,3110,日東紡績,Prime,ガラス・土石製品,,2026-10-07,2629.0,3675.0,15274985505.0,4851710.0,21113242500.0,True,True,True,True,True,True
4578.T,4578,大塚ホールディングス,Prime,医薬品,,2026-10-07,2629.0,11475.0,15201919300.0,1341280.0,13109040000.0,True,True,True,True,True,True
3382.T,3382,セブン＆アイ・ホールディングス,Prime,小売業,,2026-10-07,2629.0,1967.5,15129942735.0,7531440.0,14481390250.0,True,True,True,True,True,True
6963.T,6963,ローム,Prime,電気機器,,2026-10-07,2629.0,5375.0,15068727550.0,3077760.0,17682137500.0,True,True,True,True,True,True
3563.T,3563,ＦＯＯＤ　＆　ＬＩＦＥ　ＣＯＭＰＡＮＩＥＳ,Prime,小売業,,2026-10-07,2345.0,5507.0,15004817665.0,2913600.0,11977725000.0,True,True,True,True,True,True
5020.T,5020,ＥＮＥＯＳホールディングス,Prime,石油・石炭製品,,2026-10-07,2629.0,1371.5,14491675987.5,10240855.0,13384194200.0,True,True,True,True,True,True
8267.T,8267,イオン,Prime,小売業,,2026-10-07,2629.0,1217.5,14476345995.0,11105430.0,10461855750.0,True,True,True,True,True,True
8801.T,8801,三井不動産,Prime,不動産業,,2026-10-07,2629.0,1415.0,14423563662.5,9786395.0,17454166500.0,True,True,True,True,True,True
7832.T,7832,バンダイナムコホールディングス,Prime,その他製品,,2026-10-07,2629.0,5639.0,14196842160.0,2567705.0,12957294200.0,True,True,True,True,True,True
6902.T,6902,デンソー,Prime,輸送用機器,,2026-10-07,2629.0,1840.5,13961106617.5,7424495.0,14015407500.0,True,True,True,True,True,True
7269.T,7269,スズキ,Prime,輸送用機器,,2026-10-07,2629.0,2039.5,13668951165.0,6826890.0,21066403400.0,True,True,True,True,True,True
4755.T,4755,楽天グループ,Prime,サービス業,,2026-10-07,2629.0,639.5999755859375,13629633163.945312,19796040.0,30255637245.117188,True,True,True,True,True,True
7751.T,7751,キヤノン,Prime,電気機器,,2026-10-07,2629.0,4619.0,13370759090.0,2959345.0,10704532500.0,True,True,True,True,True,True
4503.T,4503,アステラス製薬,Prime,医薬品,,2026-10-07,2629.0,2255.5,13165620262.5,5718605.0,13201667050.0,True,True,True,True,True,True
6361.T,6361,荏原製作所,Prime,機械,,2026-10-07,2629.0,4834.0,13158826970.0,2914095.0,9853625600.0,True,True,True,True,True,True
6526.T,6526,ソシオネクスト,Prime,電気機器,,2026-10-07,975.0,2240.0,13141750595.0,6319475.0,9726528000.0,True,True,True,True,True,True
4901.T,4901,富士フイルムホールディングス,Prime,化学,,2026-10-07,2629.0,3429.0,12998057995.0,3912955.0,12170892600.0,True,True,True,True,True,True
7532.T,7532,パン・パシフィック・インターナショナルホールディングス,Prime,小売業,,2026-10-07,2629.0,679.9000244140625,12841611028.268433,17844220.0,13007167367.06543,True,True,True,True,True,True
9107.T,9107,川崎汽船,Prime,海運業,,2026-10-07,2629.0,3238.0,12560310550.0,3715900.0,7908815000.0,True,True,True,True,True,True
4588.T,4588,オンコリスバイオファーマ,Growth,医薬品,,2026-10-07,2629.0,6350.0,12424757750.0,2066150.0,10948670000.0,True,True,True,True,True,True
8802.T,8802,三菱地所,Prime,不動産業,,2026-10-07,2629.0,3479.0,12374017080.0,3438820.0,11161327800.0,True,True,True,True,True,True
9503.T,9503,関西電力,Prime,電気・ガス業,,2026-10-07,2629.0,2655.5,12334745437.5,4387570.0,12570340350.0,True,True,True,True,True,True
9843.T,9843,ニトリホールディングス,Prime,小売業,,2026-10-07,2629.0,3125.0,12054453142.5,3864605.0,8996250000.0,True,True,True,True,True,True
6178.T,6178,日本郵政,Prime,サービス業,,2026-10-07,2629.0,2429.5,12034578830.0,4817120.0,11930788600.0,True,True,True,True,True,True
6326.T,6326,クボタ,Prime,機械,,2026-10-07,2629.0,2775.0,11994196897.5,4328280.0,15424560000.0,True,True,True,True,True,True
7201.T,7201,日産自動車,Prime,輸送用機器,,2026-10-07,2629.0,285.1000061035156,11923869060.554657,39918815.0,7788989186.749268,True,True,True,True,True,True
4543.T,4543,テルモ,Prime,精密機器,,2026-10-07,2629.0,2324.5,11790464425.0,5162670.0,7441654300.0,True,True,True,True,True,True
9766.T,9766,コナミグループ,Prime,情報・通信業,,2026-10-07,2629.0,22170.0,11627959300.0,542835.0,8770452000.0,True,True,True,True,True,True
7453.T,7453,良品計画,Prime,小売業,,2026-10-07,2629.0,4379.0,11249964325.0,2737030.0,14433184000.0,True,True,True,True,True,True
3659.T,3659,ネクソン,Prime,情報・通信業,,2026-10-07,2629.0,2616.5,11130783047.5,3761535.0,6228316600.0,True,True,True,True,True,True
1812.T,1812,鹿島建設,Prime,建設業,,2026-10-07,2629.0,4822.0,11015720155.0,2230210.0,8361348000.0,True,True,True,True,True,True
8473.T,8473,ＳＢＩホールディングス,Prime,証券、商品先物取引業,,2026-10-07,2629.0,3038.0,10964574295.0,3409430.0,8257587800.0,True,True,True,True,True,True
4307.T,4307,野村総合研究所,Prime,情報・通信業,,2026-10-07,2629.0,5189.0,10938958250.0,2172870.0,10567917400.0,True,True,True,True,True,True
6988.T,6988,日東電工,Prime,化学,,2026-10-07,2629.0,3548.0,10730416165.0,3157305.0,12680552000.0,True,True,True,True,True,True
1803.T,1803,清水建設,Prime,建設業,,2026-10-07,2629.0,2087.5,10572040287.5,4693525.0,8132065000.0,True,True,True,True,True,True
8601.T,8601,大和証券グループ本社,Prime,証券、商品先物取引業,,2026-10-07,2629.0,1761.5,10386981892.5,5724885.0,10840623300.0,True,True,True,True,True,True
6890.T,6890,フェローテック,Standard,電気機器,,2026-10-07,2629.0,12170.0,10319476050.0,1002490.0,15155301000.0,True,True,True,True,True,True
1801.T,1801,大成建設,Prime,建設業,,2026-10-07,2629.0,12110.0,10110449225.0,810800.0,10857826000.0,True,True,True,True,True,True
9502.T,9502,中部電力,Prime,電気・ガス業,,2026-10-07,2629.0,2676.0,10027919742.5,3557460.0,12392020800.0,True,True,True,True,True,True
3905.T,3905,データセクション,Growth,情報・通信業,,2026-10-07,2629.0,1818.0,10007493190.0,5239780.0,4196489400.0,True,True,True,True,True,True
9020.T,9020,東日本旅客鉄道,Prime,陸運業,,2026-10-07,2629.0,3328.0,9877263640.0,2875740.0,11062272000.0,True,True,True,True,True,True
4689.T,4689,ＬＩＮＥヤフー,Prime,情報・通信業,,2026-10-07,2629.0,498.0,9838075970.612183,18823130.0,8299369200.0,True,True,True,True,True,True
6479.T,6479,ミネベアミツミ,Prime,電気機器,,2026-10-07,2629.0,3847.0,9732956545.0,2702230.0,10138383800.0,True,True,True,True,True,True
7272.T,7272,ヤマハ発動機,Prime,輸送用機器,,2026-10-07,2629.0,1832.5,9717627237.5,5436630.0,11046493250.0,True,True,True,True,True,True
8830.T,8830,住友不動産,Prime,不動産業,,2026-10-07,2629.0,3086.0,9635557075.0,3027860.0,10671388000.0,True,True,True,True,True,True
2502.T,2502,アサヒグループホールディングス,Prime,食料品,,2026-10-07,2629.0,1577.0,9631305115.0,6017600.0,19009158000.0,True,True,True,True,True,True
336A.T,336A,ダイナミックマッププラットフォーム,Growth,情報・通信業,,2026-10-07,374.0,1496.0,9470509940.0,6291700.0,4283048000.0,True,True,True,True,True,True
4452.T,4452,花王,Prime,化学,,2026-10-07,2629.0,3511.0,9457675595.0,2727955.0,11187801500.0,True,True,True,True,True,True
5334.T,5334,日本特殊陶業,Prime,ガラス・土石製品,,2026-10-07,2629.0,4008.0,9420181415.0,2507845.0,9456876000.0,True,True,True,True,True,True
6383.T,6383,ダイフク,Prime,機械,,2026-10-07,2629.0,5875.0,9330319375.0,1659005.0,7421887500.0,True,True,True,True,True,True
1925.T,1925,大和ハウス工業,Prime,建設業,,2026-10-07,2629.0,2153.0,9317673602.5,4157925.0,8467318400.0,True,True,True,True,True,True
7270.T,7270,ＳＵＢＡＲＵ,Prime,輸送用機器,,2026-10-07,2629.0,2539.5,9209031135.0,3561420.0,6724596000.0,True,True,True,True,True,True
5019.T,5019,出光興産,Prime,石油・石炭製品,,2026-10-07,2629.0,1538.0,9089237412.5,5650355.0,7891170400.0,True,True,True,True,True,True
6504.T,6504,富士電機,Prime,電気機器,,2026-10-07,2629.0,15180.0,9025915775.0,662845.0,10097736000.0,True,True,True,True,True,True
4507.T,4507,塩野義製薬,Prime,医薬品,,2026-10-07,2629.0,2762.5,9006809367.5,3164780.0,10801651250.0,True,True,True,True,True,True
2503.T,2503,キリンホールディングス,Prime,食料品,,2026-10-07,2629.0,2771.5,8929516967.5,3161680.0,14869928950.0,True,True,True,True,True,True
5411.T,5411,ＪＦＥホールディングス,Prime,鉄鋼,,2026-10-07,2629.0,1705.0,8842302552.5,4898470.0,6142262500.0,True,True,True,True,True,True
4493.T,4493,サイバーセキュリティクラウド,Growth,情報・通信業,,2026-10-07,1596.0,2858.0,8825256425.0,3218615.0,127855202200.0,True,True,True,True,True,True
9735.T,9735,セコム,Prime,サービス業,,2026-10-07,2629.0,6257.0,8766583630.0,1388660.0,8049004800.0,True,True,True,True,True,True
6532.T,6532,ベイカレント,Prime,サービス業,,2026-10-07,2485.0,8210.0,8630165525.0,1120860.0,8596691000.0,True,True,True,True,True,True
4911.T,4911,資生堂,Prime,化学,,2026-10-07,2629.0,3263.0,8610934105.0,2529805.0,9340663800.0,True,True,True,True,True,True
6227.T,6227,ＡＩメカテック,Standard,機械,,2026-10-07,1268.0,8590.0,8508504650.0,1228260.0,14330697000.0,True,True,True,True,True,True
1928.T,1928,積水ハウス,Prime,建設業,,2026-10-07,2629.0,3319.0,8323218970.0,2487230.0,6249345100.0,True,True,True,True,True,True
9022.T,9022,東海旅客鉄道,Prime,陸運業,,2026-10-07,2629.0,3600.0,8319875295.0,2218585.0,9960480000.0,True,True,True,True,True,True
8331.T,8331,千葉銀行,Prime,銀行業,,2026-10-07,2629.0,2798.5,8118849762.5,2927250.0,6838974300.0,True,True,True,True,True,True
4684.T,4684,オービック,Prime,情報・通信業,,2026-10-07,2629.0,5110.0,8073824810.0,1614260.0,7569443000.0,True,True,True,True,True,True
4704.T,4704,トレンドマイクロ,Prime,情報・通信業,,2026-10-07,2629.0,6961.0,8039788285.0,1254180.0,13049090600.0,True,True,True,True,True,True
7186.T,7186,横浜フィナンシャルグループ,Prime,銀行業,,2026-10-07,2589.0,1882.0,8012674490.0,4219375.0,5097961600.0,True,True,True,True,True,True
3103.T,3103,ユニチカ,Prime,繊維製品,,2026-10-07,2629.0,1522.0,7993648335.0,5412230.0,7082627000.0,True,True,True,True,True,True
5711.T,5711,三菱マテリアル,Prime,非鉄金属,,2026-10-07,2629.0,5028.0,7949815885.0,1554515.0,5670578400.0,True,True,True,True,True,True
1802.T,1802,大林組,Prime,建設業,,2026-10-07,2629.0,2929.0,7864788532.5,2601200.0,8794908300.0,True,True,True,True,True,True
7733.T,7733,オリンパス,Prime,精密機器,,2026-10-07,2629.0,2000.0,7847030595.0,3947375.0,5864200000.0,True,True,True,True,True,True
8697.T,8697,日本取引所グループ,Prime,その他金融業,,2026-10-07,2629.0,2281.0,7505059777.5,3320350.0,6871512500.0,True,True,True,True,True,True
4385.T,4385,メルカリ,Prime,情報・通信業,,2026-10-07,2031.0,3600.0,7467106420.0,1999500.0,5482080000.0,True,True,True,True,True,True
7003.T,7003,三井Ｅ＆Ｓ,Prime,機械,,2026-10-07,2629.0,4085.0,7343513005.0,1720100.0,5993920500.0,True,True,True,True,True,True
6645.T,6645,オムロン,Prime,電気機器,,2026-10-07,2629.0,6486.0,7329861210.0,1175240.0,5282198400.0,True,True,True,True,True,True
5333.T,5333,日本碍子,Prime,ガラス・土石製品,,2026-10-07,2629.0,5901.0,7259009880.0,1356445.0,8157542400.0,True,True,True,True,True,True
3038.T,3038,神戸物産,Prime,卸売業,,2026-10-07,2629.0,2927.0,7154817497.5,2356355.0,5933029000.0,True,True,True,True,True,True
7911.T,7911,ＴＯＰＰＡＮホールディングス,Prime,その他製品,,2026-10-07,2629.0,2452.5,7140978230.0,2954975.0,5916165750.0,True,True,True,True,True,True
7261.T,7261,マツダ,Prime,輸送用機器,,2026-10-07,2629.0,1077.0,7094764445.0,6301400.0,4717798500.0,True,True,True,True,True,True
4188.T,4188,三菱ケミカルグループ,Prime,化学,,2026-10-07,2629.0,1179.0,7058570775.0,6024065.0,9264110400.0,True,True,True,True,True,True
3407.T,3407,旭化成,Prime,化学,,2026-10-07,2629.0,1664.0,7016886002.5,4356545.0,8447961600.0,True,True,True,True,True,True
9202.T,9202,ＡＮＡホールディングス,Prime,空運業,,2026-10-07,2629.0,2910.0,6908675010.0,2325470.0,7390818000.0,True,True,True,True,True,True
4203.T,4203,住友ベークライト,Prime,化学,,2026-10-07,2629.0,9433.0,6878193275.0,849705.0,9285845200.0,True,True,True,True,True,True
6315.T,6315,ＴＯＷＡ,Prime,機械,,2026-10-07,2629.0,2585.0,6860815010.0,3000335.0,12516570000.0,True,True,True,True,True,True
7014.T,7014,名村造船所,Standard,輸送用機器,,2026-10-07,2629.0,4585.0,6758234200.0,1403240.0,4440572500.0,True,True,True,True,True,True
8354.T,8354,ふくおかフィナンシャルグループ,Prime,銀行業,,2026-10-07,2629.0,7756.0,6725202935.0,860575.0,9708185200.0,True,True,True,True,True,True
9532.T,9532,大阪瓦斯,Prime,電気・ガス業,,2026-10-07,2629.0,5663.0,6697545305.0,1141930.0,6764453500.0,True,True,True,True,True,True
7550.T,7550,ゼンショーホールディングス,Prime,小売業,,2026-10-07,2629.0,11525.0,6685060150.0,612050.0,8711747500.0,True,True,True,True,True,True
5838.T,5838,楽天銀行,Prime,銀行業,,2026-10-07,845.0,6450.0,6652265720.0,1046065.0,8647515000.0,True,True,True,True,True,True
3099.T,3099,三越伊勢丹ホールディングス,Prime,小売業,,2026-10-07,2629.0,1747.0,6624845462.5,4063425.0,6919168200.0,True,True,True,True,True,True
9201.T,9201,日本航空,Prime,空運業,,2026-10-07,2629.0,3009.0,6624821345.0,2186885.0,6565638000.0,True,True,True,True,True,True
2768.T,2768,双日,Prime,卸売業,,2026-10-07,2629.0,5452.0,6622767255.0,1161305.0,6920768800.0,True,True,True,True,True,True
5631.T,5631,日本製鋼所,Prime,機械,,2026-10-07,2629.0,7274.0,6619092950.0,917090.0,4763015200.0,True,True,True,True,True,True
8795.T,8795,Ｔ＆Ｄホールディングス,Prime,保険業,,2026-10-07,2629.0,4860.0,6607757690.0,1353800.0,7170930000.0,True,True,True,True,True,True
6481.T,6481,ＴＨＫ,Prime,機械,,2026-10-07,2629.0,6797.0,6514534740.0,1034435.0,5805317700.0,True,True,True,True,True,True
5831.T,5831,しずおかフィナンシャルグループ,Prime,銀行業,,2026-10-07,981.0,3540.0,6497921125.0,1827280.0,5767014000.0,True,True,True,True,True,True
2737.T,2737,トーメンデバイス,Prime,卸売業,,2026-10-07,2629.0,39050.0,6453125250.0,171415.0,7263300000.0,True,True,True,True,True,True
5101.T,5101,横浜ゴム,Prime,ゴム製品,,2026-10-07,2629.0,7348.0,6439463050.0,925890.0,6272987600.0,True,True,True,True,True,True
2801.T,2801,キッコーマン,Prime,食料品,,2026-10-07,2629.0,1742.0,6426815140.0,3822010.0,7142722600.0,True,True,True,True,True,True
4186.T,4186,東京応化工業,Prime,化学,,2026-10-07,2629.0,9279.0,6424338930.0,761590.0,8493068700.0,True,True,True,True,True,True
5201.T,5201,ＡＧＣ,Prime,ガラス・土石製品,,2026-10-07,2629.0,5946.0,6412715215.0,1129975.0,6930657600.0,True,True,True,True,True,True
9531.T,9531,東京瓦斯,Prime,電気・ガス業,,2026-10-07,2629.0,6040.0,6364321225.0,1025210.0,6086508000.0,True,True,True,True,True,True
3350.T,3350,メタプラネット,Standard,卸売業,,2026-10-07,2629.0,285.0,6348296020.0,23507890.0,4182375000.0,True,True,True,True,True,True
7966.T,7966,リンテック,Prime,その他製品,,2026-10-07,2629.0,6020.0,6274602000.0,1136700.0,3336284000.0,True,True,True,True,True,True
5332.T,5332,ＴＯＴＯ,Prime,ガラス・土石製品,,2026-10-07,2629.0,6251.0,6244578305.0,1057605.0,4318190800.0,True,True,True,True,True,True
1911.T,1911,住友林業,Prime,建設業,,2026-10-07,2629.0,1183.0,6166724805.0,5048825.0,5977225800.0,True,True,True,True,True,True
8593.T,8593,三菱ＨＣキャピタル,Prime,その他金融業,,2026-10-07,2629.0,1300.0,6098549262.5,4501735.0,6290310000.0,True,True,True,True,True,True
9021.T,9021,西日本旅客鉄道,Prime,陸運業,,2026-10-07,2629.0,2845.5,5967492055.0,2009935.0,5408157300.0,True,True,True,True,True,True
9506.T,9506,東北電力,Prime,電気・ガス業,,2026-10-07,2629.0,1262.0,5938515272.5,4372815.0,3604650600.0,True,True,True,True,True,True
6305.T,6305,日立建機,Prime,機械,,2026-10-07,2629.0,5793.0,5921481175.0,1039385.0,6977089200.0,True,True,True,True,True,True
5344.T,5344,ＭＡＲＵＷＡ,Prime,ガラス・土石製品,,2026-10-07,2629.0,59560.0,5913630700.0,104330.0,6015560000.0,True,True,True,True,True,True
7202.T,7202,いすゞ自動車,Prime,輸送用機器,,2026-10-07,2629.0,2105.5,5906130710.0,2751750.0,7471156200.0,True,True,True,True,True,True
6269.T,6269,三井海洋開発,Prime,機械,,2026-10-07,2629.0,8794.0,5832621435.0,643505.0,5896377000.0,True,True,True,True,True,True
6856.T,6856,堀場製作所,Prime,電気機器,,2026-10-07,2629.0,26140.0,5772760500.0,245155.0,7049958000.0,True,True,True,True,True,True
6324.T,6324,ハーモニック・ドライブ・システムズ,Standard,機械,,2026-10-07,2629.0,6630.0,5722458800.0,929670.0,3848052000.0,True,True,True,True,True,True
7729.T,7729,東京精密,Prime,精密機器,,2026-10-07,2629.0,20410.0,5694395975.0,317300.0,5451511000.0,True,True,True,True,True,True
8050.T,8050,セイコーグループ,Prime,精密機器,,2026-10-07,2629.0,11000.0,5682767050.0,575800.0,4342800000.0,True,True,True,True,True,True
4523.T,4523,エーザイ,Prime,医薬品,,2026-10-07,2629.0,4640.0,5666210685.0,1184815.0,4455792000.0,True,True,True,True,True,True
5076.T,5076,インフロニア・ホールディングス,Prime,建設業,,2026-10-07,1226.0,2333.5,5619564500.0,2148765.0,6619672800.0,True,True,True,True,True,True
6134.T,6134,ＦＵＪＩ,Prime,機械,,2026-10-07,2629.0,8525.0,5611142650.0,761245.0,6739865000.0,True,True,True,True,True,True
7826.T,7826,フルヤ金属,Prime,その他製品,,2026-10-07,2629.0,11790.0,5608599100.0,509750.0,2201193000.0,True,True,True,True,True,True
4005.T,4005,住友化学,Prime,化学,,2026-10-07,2629.0,589.7999877929688,5575718733.047791,9643050.0,6949495296.166992,True,True,True,True,True,True
2413.T,2413,エムスリー,Prime,サービス業,,2026-10-07,2629.0,1845.5,5518272537.5,3149960.0,5523581500.0,True,True,True,True,True,True
7259.T,7259,アイシン,Prime,輸送用機器,,2026-10-07,2629.0,2218.5,5502029190.0,2489645.0,4377100500.0,True,True,True,True,True,True
6323.T,6323,ローツェ,Prime,機械,,2026-10-07,2629.0,4480.0,5493573785.0,1416805.0,7473984000.0,True,True,True,True,True,True
6113.T,6113,アマダ,Prime,機械,,2026-10-07,2629.0,2648.5,5467174817.5,2214405.0,5856892900.0,True,True,True,True,True,True
4183.T,4183,三井化学,Prime,化学,,2026-10-07,2629.0,2163.5,5449521692.5,2556930.0,3290250800.0,True,True,True,True,True,True
4751.T,4751,サイバーエージェント,Prime,サービス業,,2026-10-07,2629.0,1239.5,5436523770.0,4382995.0,6280546500.0,True,True,True,True,True,True
9706.T,9706,日本空港ビルデング,Prime,不動産業,,2026-10-07,2629.0,5402.0,5431377270.0,984775.0,4707843000.0,True,True,True,True,True,True
5301.T,5301,東海カーボン,Prime,ガラス・土石製品,,2026-10-07,2629.0,2376.0,5428817352.5,2516720.0,3101868000.0,True,True,True,True,True,True
4980.T,4980,デクセリアルズ,Prime,化学,,2026-10-07,2629.0,3614.0,5386487125.0,1700605.0,9338937400.0,True,True,True,True,True,True
5105.T,5105,ＴＯＹＯ　ＴＩＲＥ,Prime,ゴム製品,,2026-10-07,2629.0,4027.0,5385823210.0,1433055.0,3926727700.0,True,True,True,True,True,True
6448.T,6448,ブラザー工業,Prime,電気機器,,2026-10-07,2629.0,4703.0,5376585960.0,1171680.0,5118274900.0,True,True,True,True,True,True
3402.T,3402,東レ,Prime,繊維製品,,2026-10-07,2629.0,1252.0,5302012267.5,4261195.0,4200334800.0,True,True,True,True,True,True
1942.T,1942,関電工,Prime,建設業,,2026-10-07,2629.0,5530.0,5298645335.0,949170.0,4176256000.0,True,True,True,True,True,True
9962.T,9962,ミスミグループ本社,Prime,卸売業,,2026-10-07,2629.0,4137.0,5294793330.0,1405555.0,5625906300.0,True,True,True,True,True,True
338A.T,338A,ＺｅｎｍｕＴｅｃｈ,Growth,情報・通信業,,2026-10-07,373.0,4990.0,5266271285.0,1404350.0,26436022000.0,True,True,True,True,True,True
1878.T,1878,大東建託,Prime,不動産業,,2026-10-07,2629.0,3143.0,5143609600.0,1588090.0,5781862800.0,True,True,True,True,True,True
4182.T,4182,三菱瓦斯化学,Prime,化学,,2026-10-07,2629.0,4089.0,5143023690.0,1332230.0,6019008000.0,True,True,True,True,True,True
2875.T,2875,東洋水産,Prime,食料品,,2026-10-07,2629.0,9990.0,5094517230.0,515810.0,7959033000.0,True,True,True,True,True,True
9147.T,9147,ＮＩＰＰＯＮ　ＥＸＰＲＥＳＳホールディングス,Prime,陸運業,,2026-10-07,1163.0,5590.0,5093566045.0,911210.0,4658706000.0,True,True,True,True,True,True
7167.T,7167,めぶきフィナンシャルグループ,Prime,銀行業,,2026-10-07,2629.0,1692.5,5090670715.0,3015170.0,4295565000.0,True,True,True,True,True,True
6302.T,6302,住友重機械工業,Prime,機械,,2026-10-07,2629.0,6224.0,5051061300.0,850975.0,5746619200.0,True,True,True,True,True,True
6869.T,6869,シスメックス,Prime,電気機器,,2026-10-07,2629.0,1899.0,5008981985.0,2702400.0,5003105400.0,True,True,True,True,True,True
9042.T,9042,阪急阪神ホールディングス,Prime,陸運業,,2026-10-07,2629.0,4495.0,5000640405.0,1109375.0,5994082500.0,True,True,True,True,True,True
6590.T,6590,芝浦メカトロニクス,Prime,電気機器,,2026-10-07,2629.0,4270.0,4948973275.0,1257090.0,5142361000.0,True,True,True,True,True,True
4506.T,4506,住友ファーマ,Prime,医薬品,,2026-10-07,2629.0,1610.0,4913742437.5,3103860.0,2918286000.0,True,True,True,True,True,True
8848.T,8848,レオパレス２１,Prime,不動産業,,2026-10-07,2629.0,1002.0,4838051600.0,4834255.0,2909908200.0,True,True,True,True,True,True
7701.T,7701,島津製作所,Prime,精密機器,,2026-10-07,2629.0,4214.0,4815774590.0,1224190.0,7986372800.0,True,True,True,True,True,True
7309.T,7309,シマノ,Prime,輸送用機器,,2026-10-07,2629.0,17480.0,4796286725.0,266595.0,3705760000.0,True,True,True,True,True,True
8377.T,8377,ほくほくフィナンシャルグループ,Prime,銀行業,,2026-10-07,2629.0,871.2000122070312,4786606672.654419,5567000.0,3270223485.821533,True,True,True,True,True,True
6841.T,6841,横河電機,Prime,電気機器,,2026-10-07,2629.0,4667.0,4779407675.0,1023540.0,6063366400.0,True,True,True,True,True,True
6965.T,6965,浜松ホトニクス,Prime,電気機器,,2026-10-07,2629.0,2473.0,4776309715.0,2068965.0,5372592500.0,True,True,True,True,True,True
7747.T,7747,朝日インテック,Prime,精密機器,,2026-10-07,2629.0,3458.0,4774769640.0,1441450.0,4702188400.0,True,True,True,True,True,True
2702.T,2702,日本マクドナルドホールディングス,Standard,小売業,,2026-10-07,2629.0,7690.0,4686723200.0,605290.0,8984996000.0,True,True,True,True,True,True
5844.T,5844,京都フィナンシャルグループ,Prime,銀行業,,2026-10-07,2629.0,4678.0,4632457995.0,962125.0,4228444200.0,True,True,True,True,True,True
4021.T,4021,日産化学,Prime,化学,,2026-10-07,2629.0,9045.0,4594438380.0,555310.0,7787745000.0,True,True,True,True,True,True
186A.T,186A,アストロスケールホールディングス,Growth,サービス業,,2026-10-07,571.0,1211.0,4593571475.0,4018005.0,6434406300.0,True,True,True,True,True,True
6724.T,6724,セイコーエプソン,Prime,電気機器,,2026-10-07,2629.0,3366.0,4578221745.0,1439275.0,4523904000.0,True,True,True,True,True,True
2269.T,2269,明治ホールディングス,Prime,食料品,,2026-10-07,2629.0,4166.0,4575853135.0,1076160.0,4336806000.0,True,True,True,True,True,True
7912.T,7912,大日本印刷,Prime,その他製品,,2026-10-07,2629.0,2971.5,4515901317.5,1504255.0,4878608700.0,True,True,True,True,True,True
9602.T,9602,東宝,Prime,情報・通信業,,2026-10-07,2629.0,1520.5,4499484180.0,2846120.0,6308402450.0,True,True,True,True,True,True
3231.T,3231,野村不動産ホールディングス,Prime,不動産業,,2026-10-07,2629.0,846.9000244140625,4435884877.310181,4996380.0,3114728909.790039,True,True,True,True,True,True
6268.T,6268,ナブテスコ,Prime,機械,,2026-10-07,2629.0,5010.0,4285365070.0,914055.0,3420828000.0,True,True,True,True,True,True
9024.T,9024,西武ホールディングス,Prime,陸運業,,2026-10-07,2629.0,3574.0,4284554810.0,1201375.0,2800229000.0,True,True,True,True,True,True
9508.T,9508,九州電力,Prime,電気・ガス業,,2026-10-07,2629.0,1959.0,4262398820.0,2036485.0,3312669000.0,True,True,True,True,True,True
8113.T,8113,ユニ・チャーム,Prime,化学,,2026-10-07,2629.0,938.0,4226128813.3883667,4457855.0,5448466800.0,True,True,True,True,True,True
6370.T,6370,栗田工業,Prime,機械,,2026-10-07,2629.0,8004.0,4194256130.0,547780.0,3187192800.0,True,True,True,True,True,True
6613.T,6613,ＱＤレーザ,Growth,電気機器,,2026-10-07,1385.0,2254.0,4187577775.0,1968200.0,4200103600.0,True,True,True,True,True,True
3088.T,3088,マツキヨココカラ＆カンパニー,Prime,小売業,,2026-10-07,2629.0,2439.0,4167064582.5,1668800.0,4046057100.0,True,True,True,True,True,True
4768.T,4768,大塚商会,Prime,情報・通信業,,2026-10-07,2629.0,3743.0,4161165460.0,1150305.0,6352619600.0,True,True,True,True,True,True
9005.T,9005,東急,Prime,陸運業,,2026-10-07,2629.0,1585.0,4159187622.5,2546940.0,3793380500.0,True,True,True,True,True,True
5830.T,5830,いよぎんホールディングス,Prime,銀行業,,2026-10-07,981.0,3821.0,4156622960.0,1074605.0,4179409800.0,True,True,True,True,True,True
8334.T,8334,群馬銀行,Prime,銀行業,,2026-10-07,2629.0,3044.0,4155703422.5,1379020.0,3348704400.0,True,True,True,True,True,True
6674.T,6674,ジーエス・ユアサ　コーポレーション,Prime,電気機器,,2026-10-07,2629.0,5708.0,4120702215.0,768305.0,3050926000.0,True,True,True,True,True,True
4091.T,4091,日本酸素ホールディングス,Prime,化学,,2026-10-07,2629.0,5558.0,4112355540.0,749070.0,5666381000.0,True,True,True,True,True,True
8304.T,8304,あおぞら銀行,Prime,銀行業,,2026-10-07,2629.0,3387.0,4105596830.0,1187525.0,3892679100.0,True,True,True,True,True,True
4052.T,4052,フィーチャ,Growth,情報・通信業,,2026-10-07,1534.0,971.0,4027201205.0,3880420.0,387429000.0,True,True,True,True,True,True
5110.T,5110,住友ゴム工業,Prime,ゴム製品,,2026-10-07,2629.0,2043.5,4009473265.0,1992525.0,3454128050.0,True,True,True,True,True,True
4902.T,4902,コニカミノルタ,Prime,電気機器,,2026-10-07,2629.0,638.9000244140625,3999762282.255554,6225135.0,3830333426.3671875,True,True,True,True,True,True
6855.T,6855,日本電子材料,Standard,電気機器,,2026-10-07,2629.0,8590.0,3996250950.0,541530.0,4514045000.0,True,True,True,True,True,True
4151.T,4151,協和キリン,Prime,医薬品,,2026-10-07,2629.0,2209.0,3989986030.0,1774160.0,4189147600.0,True,True,True,True,True,True
6586.T,6586,マキタ,Prime,機械,,2026-10-07,2629.0,5297.0,3988687240.0,753355.0,5538013500.0,True,True,True,True,True,True
3132.T,3132,マクニカホールディングス,Prime,卸売業,,2026-10-07,2629.0,4420.0,3967250440.0,975430.0,6652542000.0,True,True,True,True,True,True
2587.T,2587,サントリー食品インターナショナル,Prime,食料品,,2026-10-07,2629.0,4559.0,3951928825.0,877295.0,6606446900.0,True,True,True,True,True,True
8359.T,8359,八十二銀行,Prime,銀行業,,2026-10-07,2629.0,2753.5,3949897692.5,1430960.0,3479322600.0,True,True,True,True,True,True
7181.T,7181,かんぽ生命保険,Prime,保険業,,2026-10-07,2629.0,1704.5,3943635577.5,2240020.0,3450930700.0,True,True,True,True,True,True
2160.T,2160,ジーエヌアイグループ,Growth,医薬品,,2026-10-07,2629.0,3455.0,3925833205.0,1219980.0,6748997000.0,True,True,True,True,True,True
4612.T,4612,日本ペイントホールディングス,Prime,化学,,2026-10-07,2629.0,1229.5,3922221960.0,3377220.0,6505653350.0,True,True,True,True,True,True
3064.T,3064,ＭｏｎｏｔａＲＯ,Prime,小売業,,2026-10-07,2629.0,2134.0,3902168617.5,1967960.0,5076786000.0,True,True,True,True,True,True
3391.T,3391,ツルハホールディングス,Prime,小売業,,2026-10-07,2629.0,2085.0,3848400625.0,1764550.0,5139525000.0,True,True,True,True,True,True
6141.T,6141,ＤＭＧ森精機,Prime,機械,,2026-10-07,2629.0,2886.5,3847922562.5,1351410.0,3257703900.0,True,True,True,True,True,True
4440.T,4440,ヴィッツ,Standard,情報・通信業,,2026-10-07,1827.0,2432.0,3835362495.0,1687145.0,282841600.0,True,True,True,True,True,True
5714.T,5714,ＤＯＷＡホールディングス,Prime,非鉄金属,,2026-10-07,2629.0,8673.0,3790126885.0,422540.0,3369460500.0,True,True,True,True,True,True
6368.T,6368,オルガノ,Prime,機械,,2026-10-07,2629.0,2766.5,3757605252.5,1494730.0,4493349300.0,True,True,True,True,True,True
1944.T,1944,きんでん,Prime,建設業,,2026-10-07,2629.0,6852.0,3754419505.0,542635.0,4255777200.0,True,True,True,True,True,True
268A.T,268A,リガク・ホールディングス,Prime,精密機器,,2026-10-07,474.0,1862.0,3742987190.0,2210425.0,3374316400.0,True,True,True,True,True,True
5805.T,5805,ＳＷＣＣ,Prime,非鉄金属,,2026-10-07,2629.0,2946.0,3729014295.0,1358510.0,4259032200.0,True,True,True,True,True,True
4204.T,4204,積水化学工業,Prime,化学,,2026-10-07,2629.0,2535.0,3715355652.5,1479310.0,3436699500.0,True,True,True,True,True,True
3692.T,3692,ＦＦＲＩセキュリティ,Growth,情報・通信業,,2026-10-07,2629.0,8460.0,3714305000.0,478090.0,8859312000.0,True,True,True,True,True,True
6728.T,6728,アルバック,Prime,電気機器,,2026-10-07,2629.0,8376.0,3656921495.0,484460.0,3548911200.0,True,True,True,True,True,True
3626.T,3626,ＴＩＳ,Prime,情報・通信業,,2026-10-07,2629.0,4009.0,3608976890.0,908390.0,2918151100.0,True,True,True,True,True,True
4088.T,4088,エア・ウォーター,Prime,化学,,2026-10-07,2629.0,2851.0,3601884780.0,1222205.0,2451004700.0,True,True,True,True,True,True
5938.T,5938,ＬＩＸＩＬ,Prime,金属製品,,2026-10-07,2629.0,1678.0,3600056082.5,2101065.0,3795803800.0,True,True,True,True,True,True
6952.T,6952,カシオ計算機,Prime,電気機器,,2026-10-07,2629.0,2273.0,3576323472.5,1662590.0,4249373500.0,True,True,True,True,True,True
3697.T,3697,ＳＨＩＦＴ,Prime,情報・通信業,,2026-10-07,2629.0,877.9000244140625,3561597746.1450195,4117005.0,3109082936.4624023,True,True,True,True,True,True
9831.T,9831,ヤマダホールディングス,Prime,小売業,,2026-10-07,2629.0,696.0,3544849630.52063,4973570.0,3261456000.0,True,True,True,True,True,True
6460.T,6460,セガサミーホールディングス,Prime,機械,,2026-10-07,2629.0,3168.0,3540195785.0,1088160.0,4572374400.0,True,True,True,True,True,True
7762.T,7762,シチズン時計,Prime,精密機器,,2026-10-07,2629.0,2431.0,3539103360.0,1510055.0,2681636100.0,True,True,True,True,True,True
6770.T,6770,アルプスアルパイン,Prime,電気機器,,2026-10-07,2629.0,2228.0,3521167747.5,1597030.0,2913555600.0,True,True,True,True,True,True
215A.T,215A,タイミー,Growth,サービス業,,2026-10-07,535.0,1435.0,3504351975.0,2555510.0,2416396500.0,True,True,True,True,True,True
3003.T,3003,ヒューリック,Prime,不動産業,,2026-10-07,2629.0,1663.5,3500695400.0,2036010.0,4768589100.0,True,True,True,True,True,True
8233.T,8233,高島屋,Prime,小売業,,2026-10-07,2629.0,2174.0,3489853402.5,1648840.0,2889463400.0,True,True,True,True,True,True
4528.T,4528,小野薬品工業,Prime,医薬品,,2026-10-07,2629.0,2257.5,3487410277.5,1482035.0,4435084500.0,True,True,True,True,True,True
2282.T,2282,日本ハム,Prime,食料品,,2026-10-07,2629.0,2008.5,3478314359.555664,1713315.0,3014557650.0,True,True,True,True,True,True
6754.T,6754,アンリツ,Prime,電気機器,,2026-10-07,2629.0,3663.0,3472502200.0,1038975.0,2925271800.0,True,True,True,True,True,True
5406.T,5406,神戸製鋼所,Prime,鉄鋼,,2026-10-07,2629.0,2007.0,3446093722.5,1690120.0,2416829400.0,True,True,True,True,True,True
3289.T,3289,東急不動産ホールディングス,Prime,不動産業,,2026-10-07,2629.0,1189.0,3392710250.0,2703045.0,5188796000.0,True,True,True,True,True,True
6806.T,6806,ヒロセ電機,Prime,電気機器,,2026-10-07,2629.0,25795.0,3360565475.0,135905.0,3046389500.0,True,True,True,True,True,True
2897.T,2897,日清食品ホールディングス,Prime,食料品,,2026-10-07,2629.0,2855.0,3349353112.5,1149820.0,2459582500.0,True,True,True,True,True,True
1721.T,1721,コムシスホールディングス,Prime,建設業,,2026-10-07,2629.0,5637.0,3322876810.0,597030.0,3088512300.0,True,True,True,True,True,True
8253.T,8253,クレディセゾン,Prime,その他金融業,,2026-10-07,2629.0,4311.0,3292763100.0,727095.0,2904751800.0,True,True,True,True,True,True
8341.T,8341,七十七銀行,Prime,銀行業,,2026-10-07,2629.0,4125.0,3282057975.0,802930.0,2623087500.0,True,True,True,True,True,True
9041.T,9041,近鉄グループホールディングス,Prime,陸運業,,2026-10-07,2629.0,3413.0,3271661410.0,942135.0,2576132400.0,True,True,True,True,True,True
9684.T,9684,スクウェア・エニックス・ホールディングス,Prime,情報・通信業,,2026-10-07,2629.0,2790.5,3261037047.5,1120885.0,4298765250.0,True,True,True,True,True,True
7752.T,7752,リコー,Prime,電気機器,,2026-10-07,2629.0,1670.5,3239941820.0,1976865.0,3371236050.0,True,True,True,True,True,True
7731.T,7731,ニコン,Prime,精密機器,,2026-10-07,2629.0,1910.5,3234651925.0,1768745.0,1813446600.0,True,True,True,True,True,True
9435.T,9435,光通信,Prime,情報・通信業,,2026-10-07,2629.0,36490.0,3232193250.0,86450.0,4594091000.0,True,True,True,True,True,True
8804.T,8804,東京建物,Prime,不動産業,,2026-10-07,2629.0,3193.0,3227138835.0,988005.0,3011637600.0,True,True,True,True,True,True
4324.T,4324,電通グループ,Prime,サービス業,,2026-10-07,2629.0,3526.0,3201507310.0,893975.0,2770730800.0,True,True,True,True,True,True
4666.T,4666,パーク２４,Prime,不動産業,,2026-10-07,2629.0,1779.5,3199284730.0,1717855.0,4379527450.0,True,True,True,True,True,True
1893.T,1893,五洋建設,Prime,建設業,,2026-10-07,2629.0,1418.0,3195414467.5,2124005.0,1677352200.0,True,True,True,True,True,True
5021.T,5021,コスモエネルギーホールディングス,Prime,石油・石炭製品,,2026-10-07,2629.0,4132.0,3172740430.0,721075.0,2273013200.0,True,True,True,True,True,True
6966.T,6966,三井ハイテック,Prime,電気機器,,2026-10-07,2629.0,945.0,3157318425.0,3487090.0,1327725000.0,True,True,True,True,True,True
1963.T,1963,日揮ホールディングス,Prime,建設業,,2026-10-07,2629.0,2238.5,3146443540.0,1359750.0,1858402700.0,True,True,True,True,True,True
6278.T,6278,ユニオンツール,Prime,機械,,2026-10-07,2629.0,16820.0,3144463600.0,216290.0,4956854000.0,True,True,True,True,True,True
3994.T,3994,マネーフォワード,Prime,情報・通信業,,2026-10-07,2218.0,6344.0,3139743835.0,519005.0,3635746400.0,True,True,True,True,True,True
3086.T,3086,Ｊ．フロント　リテイリング,Prime,小売業,,2026-10-07,2629.0,2728.0,3100047310.0,1172560.0,3427459200.0,True,True,True,True,True,True
7211.T,7211,三菱自動車工業,Prime,輸送用機器,,2026-10-07,2629.0,342.0,3098594968.608856,8675505.0,2395949400.0,True,True,True,True,True,True
4527.T,4527,ロート製薬,Prime,医薬品,,2026-10-07,2629.0,2729.5,3082008490.0,1100670.0,2625506050.0,True,True,True,True,True,True
2267.T,2267,ヤクルト本社,Prime,食料品,,2026-10-07,2629.0,2733.0,3068499047.5,1100640.0,2979789900.0,True,True,True,True,True,True
3092.T,3092,ＺＯＺＯ,Prime,小売業,,2026-10-07,2629.0,1120.0,3047027977.5,2722535.0,2838640000.0,True,True,True,True,True,True
9412.T,9412,スカパーＪＳＡＴホールディングス,Prime,情報・通信業,,2026-10-07,2629.0,1945.0,3005707790.0,1495255.0,1954919500.0,True,True,True,True,True,True
3197.T,3197,すかいらーくホールディングス,Prime,小売業,,2026-10-07,2629.0,3206.0,3001125660.0,924705.0,2707467000.0,True,True,True,True,True,True
3861.T,3861,王子ホールディングス,Prime,パルプ・紙,,2026-10-07,2629.0,829.5,2996201436.3238525,3499370.0,2577588300.0,True,True,True,True,True,True
4732.T,4732,ユー・エス・エス,Prime,サービス業,,2026-10-07,2629.0,1800.0,2994137330.0,1605185.0,2894400000.0,True,True,True,True,True,True
9616.T,9616,共立メンテナンス,Prime,サービス業,,2026-10-07,2629.0,3226.0,2989333835.0,933110.0,1643647000.0,True,True,True,True,True,True
7581.T,7581,サイゼリヤ,Prime,小売業,,2026-10-07,2629.0,6650.0,2967930650.0,442245.0,3360910000.0,True,True,True,True,True,True
9142.T,9142,九州旅客鉄道,Prime,陸運業,,2026-10-07,2451.0,3351.0,2957853905.0,851125.0,1880916300.0,True,True,True,True,True,True
4042.T,4042,東ソー,Prime,化学,,2026-10-07,2629.0,2634.0,2956311085.0,1130510.0,4457781600.0,True,True,True,True,True,True
8358.T,8358,スルガ銀行,Prime,銀行業,,2026-10-07,2629.0,2955.0,2947331065.0,1015590.0,2223342000.0,True,True,True,True,True,True
7867.T,7867,タカラトミー,Prime,その他製品,,2026-10-07,2629.0,4173.0,2941946175.0,740880.0,3105546600.0,True,True,True,True,True,True
3498.T,3498,霞ヶ関キャピタル,Prime,不動産業,,2026-10-07,1915.0,7780.0,2931925350.0,392685.0,15197452000.0,True,True,True,True,True,True
6407.T,6407,ＣＫＤ,Prime,機械,,2026-10-07,2629.0,5930.0,2898926300.0,538195.0,3155946000.0,True,True,True,True,True,True
6779.T,6779,日本電波工業,Prime,電気機器,,2026-10-07,2629.0,3635.0,2896158790.0,941490.0,1619029000.0,True,True,True,True,True,True
7327.T,7327,第四北越フィナンシャルグループ,Prime,銀行業,,2026-10-07,1957.0,2717.0,2888162125.0,1062245.0,2899582400.0,True,True,True,True,True,True
6997.T,6997,日本ケミコン,Prime,電気機器,,2026-10-07,2629.0,2355.0,2877794755.0,1113405.0,1991388000.0,True,True,True,True,True,True
7951.T,7951,ヤマハ,Prime,その他製品,,2026-10-07,2629.0,1192.0,2861311125.0,2313695.0,4052442400.0,True,True,True,True,True,True
5214.T,5214,日本電気硝子,Prime,ガラス・土石製品,,2026-10-07,2629.0,5328.0,2856474745.0,580950.0,2838758400.0,True,True,True,True,True,True
8252.T,8252,丸井グループ,Prime,小売業,,2026-10-07,2629.0,2760.0,2830254782.5,997410.0,2452260000.0,True,True,True,True,True,True
4680.T,4680,ラウンドワン,Prime,サービス業,,2026-10-07,2629.0,1288.0,2810987705.0,2312410.0,2408688800.0,True,True,True,True,True,True
9507.T,9507,四国電力,Prime,電気・ガス業,,2026-10-07,2629.0,2126.0,2794836512.5,1292210.0,1820493800.0,True,True,True,True,True,True
4716.T,4716,日本オラクル,Standard,情報・通信業,,2026-10-07,2629.0,9880.0,2793552110.0,295045.0,2630056000.0,True,True,True,True,True,True
3349.T,3349,コスモス薬品,Prime,小売業,,2026-10-07,2629.0,6327.0,2791276090.0,432835.0,1632998700.0,True,True,True,True,True,True
3778.T,3778,さくらインターネット,Prime,情報・通信業,,2026-10-07,2629.0,3965.0,2784450000.0,737210.0,2688270000.0,True,True,True,True,True,True
7220.T,7220,武蔵精密工業,Prime,輸送用機器,,2026-10-07,2629.0,3090.0,2773885620.0,952635.0,1437468000.0,True,True,True,True,True,True
9023.T,9023,東京地下鉄,Prime,陸運業,,2026-10-07,476.0,1437.5,2755929442.5,1829130.0,2313368750.0,True,True,True,True,True,True
9007.T,9007,小田急電鉄,Prime,陸運業,,2026-10-07,2629.0,1709.5,2751722895.0,1556210.0,2202690750.0,True,True,True,True,True,True
2579.T,2579,コカ・コーラ　ボトラーズジャパンホールディングス,Prime,食料品,,2026-10-07,2629.0,3776.0,2745489260.0,724345.0,2489894400.0,True,True,True,True,True,True
2871.T,2871,ニチレイ,Prime,食料品,,2026-10-07,2629.0,2101.0,2743842922.5,1270630.0,2048475000.0,True,True,True,True,True,True
3405.T,3405,クラレ,Prime,化学,,2026-10-07,2629.0,1822.5,2738491862.5,1529645.0,2096057250.0,True,True,True,True,True,True
2181.T,2181,パーソルホールディングス,Prime,サービス業,,2026-10-07,2629.0,278.70001220703125,2711791581.0339355,9414900.0,1919295504.0649414,True,True,True,True,True,True
7282.T,7282,豊田合成,Prime,輸送用機器,,2026-10-07,2629.0,1074.0,2704019401.8573,2595375.0,2854906800.0,True,True,True,True,True,True
7564.T,7564,ワークマン,Standard,小売業,,2026-10-07,2629.0,5250.0,2699242200.0,498495.0,2840775000.0,True,True,True,True,True,True
2432.T,2432,ディー・エヌ・エー,Prime,情報・通信業,,2026-10-07,2629.0,2495.0,2645975600.0,1044140.0,2271448000.0,True,True,True,True,True,True
6777.T,6777,ｓａｎｔｅｃ　Ｈｏｌｄｉｎｇｓ,Standard,電気機器,,2026-10-07,2629.0,25300.0,2622343350.0,120835.0,5393960000.0,True,True,True,True,True,True
6471.T,6471,日本精工,Prime,機械,,2026-10-07,2629.0,1117.0,2613538127.5,2420145.0,1808311300.0,True,True,True,True,True,True
9009.T,9009,京成電鉄,Prime,陸運業,,2026-10-07,2629.0,1295.0,2594238332.5,1912590.0,1864282000.0,True,True,True,True,True,True
4613.T,4613,関西ペイント,Prime,化学,,2026-10-07,2629.0,2830.0,2592208417.5,917640.0,2833113000.0,True,True,True,True,True,True
6622.T,6622,ダイヘン,Prime,電気機器,,2026-10-07,2629.0,2958.0,2583122340.0,987070.0,4087660200.0,True,True,True,True,True,True
4443.T,4443,Ｓａｎｓａｎ,Prime,情報・通信業,,2026-10-07,1782.0,2134.0,2579890335.0,1250085.0,2098362200.0,True,True,True,True,True,True
4208.T,4208,ＵＢＥ,Prime,化学,,2026-10-07,2629.0,3409.0,2569663945.0,752420.0,1576321600.0,True,True,True,True,True,True
4631.T,4631,ＤＩＣ,Prime,化学,,2026-10-07,2629.0,5102.0,2550918145.0,532065.0,2745896400.0,True,True,True,True,True,True
8227.T,8227,しまむら,Prime,小売業,,2026-10-07,2599.0,3261.0,2547667680.0,789895.0,1898228100.0,True,True,True,True,True,True
6753.T,6753,シャープ,Prime,電気機器,,2026-10-07,2629.0,630.0999755859375,2530073426.765747,3850570.0,2145868476.8554688,True,True,True,True,True,True
4676.T,4676,フジ・メディア・ホールディングス,Prime,情報・通信業,,2026-10-07,2629.0,3868.0,2529896085.0,631905.0,3830867200.0,True,True,True,True,True,True
3769.T,3769,ＧＭＯペイメントゲートウェイ,Prime,情報・通信業,,2026-10-07,2629.0,8613.0,2523236470.0,291245.0,2213541000.0,True,True,True,True,True,True
6473.T,6473,ジェイテクト,Prime,機械,,2026-10-07,2629.0,2206.0,2504494240.0,1200225.0,1938412200.0,True,True,True,True,True,True
6417.T,6417,ＳＡＮＫＹＯ,Prime,機械,,2026-10-07,2629.0,2049.5,2501182887.5,1207575.0,2466163350.0,True,True,True,True,True,True
5991.T,5991,日本発條,Prime,金属製品,,2026-10-07,2629.0,3942.0,2491867725.0,714810.0,3327442200.0,True,True,True,True,True,True
6941.T,6941,山一電機,Prime,電気機器,,2026-10-07,2629.0,10150.0,2474456200.0,288145.0,3746365000.0,True,True,True,True,True,True
1662.T,1662,石油資源開発,Prime,鉱業,,2026-10-07,2629.0,1714.0,2450763190.0,1315915.0,2052172200.0,True,True,True,True,True,True
9048.T,9048,名古屋鉄道,Prime,陸運業,,2026-10-07,2629.0,1843.5,2446092352.5,1310085.0,939631950.0,True,True,True,True,True,True
3186.T,3186,ネクステージ,Prime,小売業,,2026-10-07,2629.0,2632.0,2438582785.0,862600.0,5260578400.0,True,True,True,True,True,True
6507.T,6507,シンフォニアテクノロジー,Prime,電気機器,,2026-10-07,2629.0,14540.0,2435405300.0,187620.0,2823668000.0,True,True,True,True,True,True
1969.T,1969,高砂熱学工業,Prime,建設業,,2026-10-07,2629.0,4627.0,2431436250.0,528945.0,2219109200.0,True,True,True,True,True,True
4194.T,4194,ビジョナル,Prime,情報・通信業,,2026-10-07,1333.0,9133.0,2416339475.0,283235.0,2306995800.0,True,True,True,True,True,True
4971.T,4971,メック,Prime,化学,,2026-10-07,2629.0,7510.0,2411962600.0,360725.0,1799396000.0,True,True,True,True,True,True
3653.T,3653,モルフォ,Growth,情報・通信業,,2026-10-07,2629.0,972.0,2403746795.0,1881025.0,122180400.0,True,True,True,True,True,True
4536.T,4536,参天製薬,Prime,医薬品,,2026-10-07,2629.0,1677.0,2402145170.0,1399615.0,1583088000.0,True,True,True,True,True,True
1808.T,1808,長谷工コーポレーション,Prime,建設業,,2026-10-07,2629.0,2573.0,2392093007.5,885545.0,1460177500.0,True,True,True,True,True,True
7189.T,7189,西日本フィナンシャルホールディングス,Prime,銀行業,,2026-10-07,2629.0,4935.0,2386409740.0,481200.0,2066284500.0,True,True,True,True,True,True
2492.T,2492,インフォマート,Prime,サービス業,,2026-10-07,2629.0,732.0,2380422015.0,3319920.0,2633223600.0,True,True,True,True,True,True
9001.T,9001,東武鉄道,Prime,陸運業,,2026-10-07,2629.0,2764.5,2368542977.5,815920.0,1253700750.0,True,True,True,True,True,True
9064.T,9064,ヤマトホールディングス,Prime,陸運業,,2026-10-07,2629.0,1982.5,2364743210.0,1190780.0,2109776500.0,True,True,True,True,True,True
9509.T,9509,北海道電力,Prime,電気・ガス業,,2026-10-07,2629.0,1086.5,2363901312.5,2113255.0,1485462800.0,True,True,True,True,True,True
7180.T,7180,九州フィナンシャルグループ,Prime,銀行業,,2026-10-07,2629.0,1713.5,2339452870.0,1392250.0,1470183000.0,True,True,True,True,True,True
5471.T,5471,大同特殊鋼,Prime,鉄鋼,,2026-10-07,2629.0,2560.5,2338460670.0,954705.0,2349002700.0,True,True,True,True,True,True
5253.T,5253,カバー,Growth,情報・通信業,,2026-10-07,864.0,1552.0,2331315395.0,1495225.0,1096488000.0,True,True,True,True,True,True
4114.T,4114,日本触媒,Prime,化学,,2026-10-07,2629.0,2545.5,2330890567.5,912675.0,1485808350.0,True,True,True,True,True,True
6508.T,6508,明電舎,Prime,電気機器,,2026-10-07,2629.0,12320.0,2320973500.0,207755.0,3150224000.0,True,True,True,True,True,True
2212.T,2212,山崎製パン,Prime,食料品,,2026-10-07,2629.0,3608.0,2313577010.0,625605.0,2178149600.0,True,True,True,True,True,True
4967.T,4967,小林製薬,Prime,化学,,2026-10-07,2629.0,7153.0,2308333920.0,351610.0,2218860600.0,True,True,True,True,True,True
7389.T,7389,あいちフィナンシャルグループ,Prime,銀行業,,2026-10-07,981.0,1999.0,2304704955.0,1149620.0,2068765100.0,True,True,True,True,True,True
5929.T,5929,三和ホールディングス,Prime,金属製品,,2026-10-07,2629.0,3464.0,2304350125.0,664565.0,1770796800.0,True,True,True,True,True,True
4403.T,4403,日油,Prime,化学,,2026-10-07,2629.0,2573.5,2292977257.5,889925.0,1774428250.0,True,True,True,True,True,True
9513.T,9513,電源開発,Prime,電気・ガス業,,2026-10-07,2629.0,3967.0,2291831830.0,558975.0,2088625500.0,True,True,True,True,True,True
4461.T,4461,第一工業製薬,Prime,化学,,2026-10-07,2629.0,16730.0,2255531250.0,162525.0,3066609000.0,True,True,True,True,True,True
2501.T,2501,サッポロホールディングス,Prime,食料品,,2026-10-07,2629.0,1841.0,2249093682.5,1221305.0,3954652100.0,True,True,True,True,True,True
2264.T,2264,森永乳業,Prime,食料品,,2026-10-07,2629.0,1061.0,2232248282.5,2025820.0,2228524400.0,True,True,True,True,True,True
6814.T,6814,古野電気,Prime,電気機器,,2026-10-07,2629.0,8430.0,2224132000.0,287140.0,7142739000.0,True,True,True,True,True,True
4667.T,4667,アイサンテクノロジー,Standard,情報・通信業,,2026-10-07,2629.0,1005.0,2202142873.253174,1934550.0,485515500.0,True,True,True,True,True,True
6951.T,6951,日本電子,Prime,電気機器,,2026-10-07,2629.0,8225.0,2196227575.0,294100.0,2464210000.0,True,True,True,True,True,True
3105.T,3105,日清紡ホールディングス,Prime,電気機器,,2026-10-07,2629.0,2812.0,2194119250.0,876335.0,2031388800.0,True,True,True,True,True,True
4205.T,4205,日本ゼオン,Prime,化学,,2026-10-07,2629.0,2473.5,2192284022.5,912065.0,1843994250.0,True,True,True,True,True,True
6845.T,6845,アズビル,Prime,電気機器,,2026-10-07,2629.0,1492.5,2182294677.5,1494045.0,2357553000.0,True,True,True,True,True,True
8282.T,8282,ケーズホールディングス,Prime,小売業,,2026-10-07,2629.0,1682.5,2181794040.0,1194515.0,1583737250.0,True,True,True,True,True,True
5032.T,5032,ＡＮＹＣＯＬＯＲ,Prime,情報・通信業,,2026-10-07,1059.0,3040.0,2177355130.0,698830.0,908352000.0,True,True,True,True,True,True
2222.T,2222,寿スピリッツ,Prime,食料品,,2026-10-07,2629.0,2526.0,2175640967.5,873185.0,2448451800.0,True,True,True,True,True,True
8418.T,8418,山口フィナンシャルグループ,Prime,銀行業,,2026-10-07,2629.0,3532.0,2174930910.0,639450.0,1692887600.0,True,True,True,True,True,True
4540.T,4540,ツムラ,Prime,医薬品,,2026-10-07,2629.0,3749.0,2171599960.0,575895.0,1217300300.0,True,True,True,True,True,True
1332.T,1332,ニッスイ,Prime,水産・農林業,,2026-10-07,2629.0,1106.5,2169266630.0,1877430.0,1469874600.0,True,True,True,True,True,True
9504.T,9504,中国電力,Prime,電気・ガス業,,2026-10-07,2629.0,996.0,2148001382.1936035,2039640.0,1906642800.0,True,True,True,True,True,True
9989.T,9989,サンドラッグ,Prime,小売業,,2026-10-07,2629.0,3537.0,2136401355.0,588235.0,2595450600.0,True,True,True,True,True,True
9044.T,9044,南海電気鉄道,Prime,陸運業,,2026-10-07,2629.0,3015.0,2125763117.5,674825.0,878269500.0,True,True,True,True,True,True
4368.T,4368,扶桑化学工業,Prime,化学,,2026-10-07,2629.0,3475.0,2119029055.0,693350.0,1861210000.0,True,True,True,True,True,True
4061.T,4061,デンカ,Prime,化学,,2026-10-07,2629.0,3337.0,2115553975.0,644370.0,1780956900.0,True,True,True,True,True,True
8524.T,8524,北洋銀行,Prime,銀行業,,2026-10-07,2629.0,1355.0,2110312405.0,1577345.0,1649577000.0,True,True,True,True,True,True
3288.T,3288,オープンハウスグループ,Prime,不動産業,,2026-10-07,2629.0,7421.0,2087369150.0,277110.0,1981407000.0,True,True,True,True,True,True
7173.T,7173,東京きらぼしフィナンシャルグループ,Prime,銀行業,,2026-10-07,2629.0,1706.0,2086044255.0,1220310.0,2324936800.0,True,True,True,True,True,True
4099.T,4099,四国化成ホールディングス,Prime,化学,,2026-10-07,2629.0,2649.0,2084373940.0,918930.0,2734562700.0,True,True,True,True,True,True
8343.T,8343,秋田銀行,Prime,銀行業,,2026-10-07,2629.0,1916.0,2075723635.0,1061370.0,1779197600.0,True,True,True,True,True,True
8056.T,8056,ＢＩＰＲＯＧＹ,Prime,情報・通信業,,2026-10-07,2629.0,4706.0,2072853750.0,437740.0,2024521200.0,True,True,True,True,True,True
9143.T,9143,ＳＧホールディングス,Prime,陸運業,,2026-10-07,2165.0,1435.5,2066478880.0,1413950.0,1785474900.0,True,True,True,True,True,True
6523.T,6523,ＰＨＣホールディングス,Prime,電気機器,,2026-10-07,1217.0,1595.0,2065007535.0,1371620.0,1599466000.0,True,True,True,True,True,True
7276.T,7276,小糸製作所,Prime,電気機器,,2026-10-07,2629.0,2752.0,2062090030.0,774135.0,2288563200.0,True,True,True,True,True,True
2127.T,2127,日本Ｍ＆Ａセンターホールディングス,Prime,サービス業,,2026-10-07,2629.0,620.7000122070312,2061288481.8499756,3256970.0,1541508480.316162,True,True,True,True,True,True
4812.T,4812,電通総研,Prime,情報・通信業,,2026-10-07,2629.0,2867.0,2055478970.0,718585.0,1447835000.0,True,True,True,True,True,True
8368.T,8368,百五銀行,Prime,銀行業,,2026-10-07,2629.0,2640.0,2048206860.0,813700.0,2422200000.0,True,True,True,True,True,True
4043.T,4043,トクヤマ,Prime,化学,,2026-10-07,2629.0,4184.0,2015458575.0,491080.0,1399548000.0,True,True,True,True,True,True
141A.T,141A,トライアルホールディングス,Growth,小売業,,2026-10-07,622.0,3930.0,2014503075.0,520095.0,1959891000.0,True,True,True,True,True,True
9008.T,9008,京王電鉄,Prime,陸運業,,2026-10-07,2629.0,747.5999755859375,2007906395.8901978,2577265.0,1131492563.0493164,True,True,True,True,True,True
6465.T,6465,ホシザキ,Prime,機械,,2026-10-07,2629.0,5272.0,1993682175.0,376380.0,2065042400.0,True,True,True,True,True,True
6135.T,6135,牧野フライス製作所,Prime,機械,,2026-10-07,2629.0,3385.0,1989832500.0,639850.0,4353448500.0,True,True,True,True,True,True
5233.T,5233,太平洋セメント,Prime,ガラス・土石製品,,2026-10-07,2629.0,4205.0,1983762935.0,479610.0,1682420500.0,True,True,True,True,True,True
2809.T,2809,キユーピー,Prime,食料品,,2026-10-07,2629.0,4357.0,1983620425.0,446465.0,2412906600.0,True,True,True,True,True,True
7721.T,7721,東京計器,Prime,精密機器,,2026-10-07,2629.0,7360.0,1955878850.0,272140.0,2189600000.0,True,True,True,True,True,True
9404.T,9404,日本テレビホールディングス,Prime,情報・通信業,,2026-10-07,2629.0,2805.0,1948697207.5,671630.0,3010045500.0,True,True,True,True,True,True
2531.T,2531,宝ホールディングス,Prime,食料品,,2026-10-07,2629.0,2536.5,1941584580.0,758375.0,3067389450.0,True,True,True,True,True,True
5741.T,5741,ＵＡＣＪ,Prime,非鉄金属,,2026-10-07,2629.0,2231.0,1927368155.0,877725.0,3257036900.0,True,True,True,True,True,True
4373.T,4373,シンプレクス・ホールディングス,Prime,情報・通信業,,2026-10-07,1232.0,1161.0,1917142500.0,1679240.0,944125200.0,True,True,True,True,True,True
9401.T,9401,ＴＢＳホールディングス,Prime,情報・通信業,,2026-10-07,2629.0,5869.0,1906930795.0,327965.0,2155683700.0,True,True,True,True,True,True
7956.T,7956,ピジョン,Prime,その他製品,,2026-10-07,2629.0,2084.0,1903153957.5,951285.0,1272907200.0,True,True,True,True,True,True
2002.T,2002,日清製粉グループ本社,Prime,食料品,,2026-10-07,2629.0,1971.0,1889100545.0,938940.0,1400592600.0,True,True,True,True,True,True
5901.T,5901,東洋製罐グループホールディングス,Prime,金属製品,,2026-10-07,2629.0,4437.0,1884957595.0,419795.0,1994875200.0,True,True,True,True,True,True
6996.T,6996,ニチコン,Prime,電気機器,,2026-10-07,2629.0,2742.0,1872805465.0,718200.0,2052935400.0,True,True,True,True,True,True
4180.T,4180,Ａｐｐｉｅｒ　Ｇｒｏｕｐ,Prime,情報・通信業,,2026-10-07,1350.0,1336.0,1867109010.0,1294170.0,1988636000.0,True,True,True,True,True,True
9744.T,9744,メイテックグループホールディングス,Prime,サービス業,,2026-10-07,2629.0,3210.0,1861175195.0,554810.0,1397313000.0,True,True,True,True,True,True
6191.T,6191,エアトリ,Prime,サービス業,,2026-10-07,2590.0,1416.0,1857977200.0,1183245.0,504662400.0,True,True,True,True,True,True
5857.T,5857,ＡＲＥホールディングス,Prime,非鉄金属,,2026-10-07,2629.0,3525.0,1850084075.0,510310.0,1533375000.0,True,True,True,True,True,True
9065.T,9065,山九,Prime,陸運業,,2026-10-07,2629.0,1582.0,1837274443.121338,1145310.0,1164984800.0,True,True,True,True,True,True
8366.T,8366,滋賀銀行,Prime,銀行業,,2026-10-07,2629.0,3125.0,1834153705.0,620155.0,2200625000.0,True,True,True,True,True,True
5444.T,5444,大和工業,Prime,鉄鋼,,2026-10-07,2629.0,12590.0,1832942075.0,148690.0,2244797000.0,True,True,True,True,True,True
6103.T,6103,オークマ,Prime,機械,,2026-10-07,2629.0,4925.0,1804286850.0,392580.0,1454845000.0,True,True,True,True,True,True
5985.T,5985,サンコール,Standard,金属製品,,2026-10-07,2629.0,2877.0,1764830655.0,743405.0,4354627200.0,True,True,True,True,True,True
4912.T,4912,ライオン,Prime,化学,,2026-10-07,2629.0,1754.5,1761918500.0,1010065.0,1988023950.0,True,True,True,True,True,True
2782.T,2782,セリア,Standard,小売業,,2026-10-07,2629.0,4275.0,1741622375.0,377185.0,2620147500.0,True,True,True,True,True,True
7806.T,7806,ＭＴＧ,Growth,その他製品,,2026-10-07,2016.0,9350.0,1732944450.0,205355.0,3321120000.0,True,True,True,True,True,True
7278.T,7278,エクセディ,Prime,輸送用機器,,2026-10-07,2629.0,5780.0,1728104050.0,294600.0,925956000.0,True,True,True,True,True,True
1515.T,1515,日鉄鉱業,Prime,鉱業,,2026-10-07,2629.0,3205.0,1727696175.0,514070.0,1835183000.0,True,True,True,True,True,True
3923.T,3923,ラクス,Prime,情報・通信業,,2026-10-07,2629.0,1065.5,1722496060.0,1646630.0,1979912100.0,True,True,True,True,True,True
8439.T,8439,東京センチュリー,Prime,その他金融業,,2026-10-07,2629.0,2597.5,1722379202.5,648425.0,1767339000.0,True,True,True,True,True,True
7459.T,7459,メディパルホールディングス,Prime,卸売業,,2026-10-07,2629.0,2941.5,1712392335.0,573545.0,1023642000.0,True,True,True,True,True,True
4478.T,4478,フリー,Growth,情報・通信業,,2026-10-07,1660.0,3510.0,1710471325.0,461485.0,2135835000.0,True,True,True,True,True,True
6254.T,6254,野村マイクロ・サイエンス,Prime,機械,,2026-10-07,2629.0,3800.0,1708185050.0,496635.0,1857060000.0,True,True,True,True,True,True
3397.T,3397,トリドールホールディングス,Prime,小売業,,2026-10-07,2629.0,4187.0,1703979705.0,401335.0,1452470300.0,True,True,True,True,True,True
6592.T,6592,マブチモーター,Prime,電気機器,,2026-10-07,2629.0,1785.5,1674952517.5,978465.0,1432863750.0,True,True,True,True,True,True
3549.T,3549,クスリのアオキホールディングス,Prime,小売業,,2026-10-07,2629.0,4116.0,1669199120.0,408495.0,1799515200.0,True,True,True,True,True,True
5393.T,5393,ニチアス,Prime,ガラス・土石製品,,2026-10-07,2629.0,3718.0,1650307285.0,481730.0,2032258800.0,True,True,True,True,True,True
6703.T,6703,沖電気工業,Prime,電気機器,,2026-10-07,2629.0,2750.0,1649911210.0,611215.0,952050000.0,True,True,True,True,True,True
8361.T,8361,大垣共立銀行,Prime,銀行業,,2026-10-07,2629.0,1871.0,1644953440.0,950270.0,1476593200.0,True,True,True,True,True,True
5243.T,5243,ｎｏｔｅ,Growth,情報・通信業,,2026-10-07,927.0,3150.0,1633941690.0,472370.0,5758200000.0,True,True,True,True,True,True
4922.T,4922,コーセー,Prime,化学,,2026-10-07,2629.0,5433.0,1619610730.0,291025.0,2175916500.0,True,True,True,True,True,True
7380.T,7380,十六フィナンシャルグループ,Prime,銀行業,,2026-10-07,1226.0,2849.0,1617420840.0,584025.0,1512534100.0,True,True,True,True,True,True
6923.T,6923,スタンレー電気,Prime,電気機器,,2026-10-07,2629.0,3525.0,1615202240.0,461070.0,1185810000.0,True,True,True,True,True,True
6925.T,6925,ウシオ電機,Prime,電気機器,,2026-10-07,2629.0,4288.0,1601570595.0,408540.0,1127744000.0,True,True,True,True,True,True
2670.T,2670,エービーシー・マート,Prime,小売業,,2026-10-07,2629.0,2768.0,1598335390.0,589590.0,2750284800.0,True,True,True,True,True,True
9364.T,9364,上組,Prime,倉庫・運輸関連業,,2026-10-07,2629.0,4662.0,1594560175.0,331025.0,1323075600.0,True,True,True,True,True,True
9006.T,9006,京浜急行電鉄,Prime,陸運業,,2026-10-07,2629.0,1511.5,1588467670.0,1030505.0,1147681950.0,True,True,True,True,True,True
7337.T,7337,ひろぎんホールディングス,Prime,銀行業,,2026-10-07,1470.0,2393.0,1586019750.0,661705.0,1481506300.0,True,True,True,True,True,True
5726.T,5726,大阪チタニウムテクノロジーズ,Prime,非鉄金属,,2026-10-07,2629.0,2390.0,1581605850.0,638300.0,1081236000.0,True,True,True,True,True,True
5832.T,5832,ちゅうぎんフィナンシャルグループ,Prime,銀行業,,2026-10-07,981.0,3803.0,1578199605.0,430705.0,1533749900.0,True,True,True,True,True,True
7552.T,7552,ハピネット,Prime,卸売業,,2026-10-07,2629.0,5100.0,1576965225.0,339480.0,1036830000.0,True,True,True,True,True,True
9468.T,9468,ＫＡＤＯＫＡＷＡ,Prime,情報・通信業,,2026-10-07,2629.0,3613.0,1568335030.0,427620.0,2093733500.0,True,True,True,True,True,True
4626.T,4626,太陽ホールディングス,Prime,化学,,2026-10-07,2629.0,4803.0,1568260795.0,329190.0,1888539600.0,True,True,True,True,True,True
4722.T,4722,フューチャー,Prime,情報・通信業,,2026-10-07,2629.0,2427.0,1562165020.0,643905.0,366234300.0,True,True,True,True,True,True
6101.T,6101,ツガミ,Prime,機械,,2026-10-07,2629.0,5800.0,1546260500.0,298645.0,2137880000.0,True,True,True,True,True,True
4202.T,4202,ダイセル,Prime,化学,,2026-10-07,2629.0,1460.5,1520488442.5,1066495.0,2219375800.0,True,True,True,True,True,True
2331.T,2331,ＡＬＳＯＫ,Prime,サービス業,,2026-10-07,2629.0,1150.5,1511961795.0,1256065.0,1108506750.0,True,True,True,True,True,True
1980.T,1980,ダイダン,Prime,建設業,,2026-10-07,2629.0,3055.0,1503109880.0,520205.0,2142166000.0,True,True,True,True,True,True
4516.T,4516,日本新薬,Prime,医薬品,,2026-10-07,2629.0,3367.0,1501089605.0,437275.0,1342086200.0,True,True,True,True,True,True
3774.T,3774,インターネットイニシアティブ,Prime,情報・通信業,,2026-10-07,2629.0,3500.0,1500152565.0,441345.0,1232350000.0,True,True,True,True,True,True
4369.T,4369,トリケミカル研究所,Prime,化学,,2026-10-07,2629.0,3460.0,1477779455.0,479540.0,1591946000.0,True,True,True,True,True,True
4047.T,4047,関東電化工業,Prime,化学,,2026-10-07,2629.0,2514.0,1473323835.0,638375.0,1314319200.0,True,True,True,True,True,True
1414.T,1414,ショーボンドホールディングス,Prime,建設業,,2026-10-07,2629.0,1216.5,1456419940.0,1162350.0,1118815050.0,True,True,True,True,True,True
9301.T,9301,三菱倉庫,Prime,倉庫・運輸関連業,,2026-10-07,2629.0,1451.5,1453384090.0,955190.0,1095011600.0,True,True,True,True,True,True
8020.T,8020,兼松,Prime,卸売業,,2026-10-07,2629.0,2276.0,1452511410.0,635570.0,1575902400.0,True,True,True,True,True,True
8388.T,8388,阿波銀行,Prime,銀行業,,2026-10-07,2629.0,2261.0,1446402405.0,676340.0,1409055200.0,True,True,True,True,True,True
8338.T,8338,筑波銀行,Prime,銀行業,,2026-10-07,2629.0,832.0,1443128780.0,1850085.0,1691955200.0,True,True,True,True,True,True
6376.T,6376,日機装,Prime,精密機器,,2026-10-07,2629.0,3875.0,1425693000.0,405555.0,1341137500.0,True,True,True,True,True,True
3941.T,3941,レンゴー,Prime,パルプ・紙,,2026-10-07,2629.0,1525.5,1419480935.0,931825.0,1363186800.0,True,True,True,True,True,True
9003.T,9003,相鉄ホールディングス,Prime,陸運業,,2026-10-07,2629.0,2503.0,1416663715.0,546905.0,883308700.0,True,True,True,True,True,True
1719.T,1719,安藤・間,Prime,建設業,,2026-10-07,2629.0,1748.5,1409483200.0,760365.0,930551700.0,True,True,True,True,True,True
8088.T,8088,岩谷産業,Prime,卸売業,,2026-10-07,2629.0,1998.0,1401171125.0,669980.0,1020978000.0,True,True,True,True,True,True
290A.T,290A,Ｓｙｎｓｐｅｃｔｉｖｅ,Growth,情報・通信業,,2026-10-07,436.0,1500.0,1399862810.0,954780.0,1957200000.0,True,True,True,True,True,True
4733.T,4733,オービックビジネスコンサルタント,Prime,情報・通信業,,2026-10-07,2629.0,8402.0,1397441755.0,170025.0,1803909400.0,True,True,True,True,True,True
8387.T,8387,四国銀行,Prime,銀行業,,2026-10-07,2629.0,4700.0,1397254800.0,314330.0,1080530000.0,True,True,True,True,True,True
9072.T,9072,ニッコンホールディングス,Prime,陸運業,,2026-10-07,2629.0,4620.0,1386474825.0,290365.0,1256178000.0,True,True,True,True,True,True
3635.T,3635,コーエーテクモホールディングス,Prime,情報・通信業,,2026-10-07,2629.0,1629.5,1386049187.5,833710.0,1253737300.0,True,True,True,True,True,True
6016.T,6016,ジャパンエンジンコーポレーション,Standard,輸送用機器,,2026-10-07,2629.0,12500.0,1384560550.0,116855.0,1468750000.0,True,True,True,True,True,True
8410.T,8410,セブン銀行,Prime,銀行業,,2026-10-07,2629.0,340.6000061035156,1378999832.7120972,4040350.0,1786753572.0184326,True,True,True,True,True,True
6632.T,6632,ＪＶＣケンウッド,Prime,電気機器,,2026-10-07,2629.0,995.9000244140625,1376580908.2046509,1382690.0,1940112837.5610352,True,True,True,True,True,True
6862.T,6862,ミナトホールディングス,Standard,電気機器,,2026-10-07,2629.0,5240.0,1375535950.0,278860.0,650808000.0,True,True,True,True,True,True
6432.T,6432,竹内製作所,Prime,機械,,2026-10-07,2629.0,7530.0,1372275450.0,187340.0,1393803000.0,True,True,True,True,True,True
4565.T,4565,ネクセラファーマ,Prime,医薬品,,2026-10-07,2629.0,1256.0,1364460545.0,1107790.0,1165191200.0,True,True,True,True,True,True
4023.T,4023,クレハ,Prime,化学,,2026-10-07,2629.0,3920.0,1358992900.0,325595.0,734608000.0,True,True,True,True,True,True
6387.T,6387,サムコ,Prime,機械,,2026-10-07,2629.0,9500.0,1356964500.0,162790.0,1323350000.0,True,True,True,True,True,True
7616.T,7616,コロワイド,Prime,小売業,,2026-10-07,2629.0,2017.0,1355221842.5,673095.0,1074254200.0,True,True,True,True,True,True
6961.T,6961,エンプラス,Prime,電気機器,,2026-10-07,2629.0,11770.0,1351424950.0,131690.0,1306470000.0,True,True,True,True,True,True
6356.T,6356,日本ギア工業,Standard,機械,,2026-10-07,2629.0,1396.0,1345844495.0,939945.0,461517600.0,True,True,True,True,True,True
7004.T,7004,カナデビア,Prime,機械,,2026-10-07,2629.0,1162.0,1345029205.0,1151565.0,889627200.0,True,True,True,True,True,True
8628.T,8628,松井証券,Prime,証券、商品先物取引業,,2026-10-07,2629.0,1130.0,1341850400.0,1165215.0,755292000.0,True,True,True,True,True,True
1959.T,1959,クラフティア,Prime,建設業,,2026-10-07,2629.0,7984.0,1341539565.0,167125.0,968459200.0,True,True,True,True,True,True
8346.T,8346,東邦銀行,Prime,銀行業,,2026-10-07,2629.0,1124.0,1335469890.0,1248505.0,1208300000.0,True,True,True,True,True,True
4272.T,4272,日本化薬,Prime,化学,,2026-10-07,2629.0,2138.5,1331323787.5,638525.0,1224291250.0,True,True,True,True,True,True
8345.T,8345,岩手銀行,Prime,銀行業,,2026-10-07,2629.0,2684.0,1323831125.0,481780.0,1766340400.0,True,True,True,True,True,True
6946.T,6946,日本アビオニクス,Standard,電気機器,,2026-10-07,2629.0,7320.0,1321024250.0,193485.0,853512000.0,True,True,True,True,True,True
4816.T,4816,東映アニメーション,Standard,情報・通信業,,2026-10-07,2629.0,2923.0,1317643890.0,441325.0,2026808200.0,True,True,True,True,True,True
4022.T,4022,ラサ工業,Prime,化学,,2026-10-07,2629.0,2128.0,1314137510.0,678230.0,1161462400.0,True,True,True,True,True,True
7777.T,7777,スリー・ディー・マトリックス,Growth,精密機器,,2026-10-07,2629.0,419.0,1303582155.0,3200830.0,664408300.0,True,True,True,True,True,True
4475.T,4475,ＨＥＮＮＧＥ,Growth,情報・通信業,,2026-10-07,1707.0,1752.0,1298972110.0,755180.0,2462611200.0,True,True,True,True,True,True
6522.T,6522,アスタリスク,Growth,電気機器,,2026-10-07,1227.0,1168.0,1292190760.0,849565.0,481800000.0,True,True,True,True,True,True
2726.T,2726,パルグループホールディングス,Prime,小売業,,2026-10-07,2629.0,1446.0,1288685740.0,878985.0,2677413600.0,True,True,True,True,True,True
7685.T,7685,ＢｕｙＳｅｌｌ　Ｔｅｃｈｎｏｌｏｇｉｅｓ,Growth,卸売業,,2026-10-07,1659.0,2765.0,1288636310.0,451360.0,1284066000.0,True,True,True,True,True,True
9861.T,9861,吉野家ホールディングス,Prime,小売業,,2026-10-07,2629.0,3728.0,1288522600.0,347640.0,1290260800.0,True,True,True,True,True,True
3107.T,3107,ダイワボウホールディングス,Prime,卸売業,,2026-10-07,2629.0,3624.0,1284324915.0,344845.0,966520800.0,True,True,True,True,True,True
6055.T,6055,ジャパンマテリアル,Prime,サービス業,,2026-10-07,2629.0,2402.0,1276264165.0,568345.0,1305487000.0,True,True,True,True,True,True
6232.T,6232,ＡＣＳＬ,Growth,機械,,2026-10-07,1898.0,1250.0,1272601695.0,959365.0,1518875000.0,True,True,True,True,True,True
6005.T,6005,三浦工業,Prime,機械,,2026-10-07,2629.0,3031.0,1266667245.0,410615.0,814429700.0,True,True,True,True,True,True
8117.T,8117,中央自動車工業,Standard,卸売業,,2026-10-07,2629.0,2120.0,1266408175.0,591310.0,602928000.0,True,True,True,True,True,True
8876.T,8876,リログループ,Prime,サービス業,,2026-10-07,2629.0,2370.0,1264886110.0,560625.0,1161774000.0,True,True,True,True,True,True
6524.T,6524,湖北工業,Standard,電気機器,,2026-10-07,1171.0,5920.0,1264600750.0,240965.0,1540976000.0,True,True,True,True,True,True
2327.T,2327,日鉄ソリューションズ,Prime,情報・通信業,,2026-10-07,2629.0,3784.0,1253756740.0,328465.0,667497600.0,True,True,True,True,True,True
1961.T,1961,三機工業,Prime,建設業,,2026-10-07,2629.0,2623.0,1249902895.0,493405.0,1097987800.0,True,True,True,True,True,True
6027.T,6027,弁護士ドットコム,Growth,サービス業,,2026-10-07,2629.0,5100.0,1244455675.0,234540.0,552330000.0,True,True,True,True,True,True
6490.T,6490,ＰＩＬＬＡＲ,Prime,機械,,2026-10-07,2629.0,12470.0,1244013000.0,117535.0,1492659000.0,True,True,True,True,True,True
2962.T,2962,テクニスコ,Standard,金属製品,,2026-10-07,781.0,2760.0,1240665270.0,529615.0,2177364000.0,True,True,True,True,True,True
3687.T,3687,フィックスターズ,Prime,情報・通信業,,2026-10-07,2629.0,2241.0,1240535355.0,555025.0,1446565500.0,True,True,True,True,True,True
9505.T,9505,北陸電力,Prime,電気・ガス業,,2026-10-07,2629.0,1064.5,1230881355.0,1112445.0,823923000.0,True,True,True,True,True,True
8086.T,8086,ニプロ,Prime,精密機器,,2026-10-07,2629.0,1347.0,1219215065.0,866635.0,1171081800.0,True,True,True,True,True,True
7988.T,7988,ニフコ,Prime,化学,,2026-10-07,2629.0,2450.5,1214070802.5,496515.0,994657950.0,True,True,True,True,True,True
2593.T,2593,伊藤園,Prime,食料品,,2026-10-07,2629.0,3091.0,1195827360.0,381570.0,976446900.0,True,True,True,True,True,True
4401.T,4401,ＡＤＥＫＡ,Prime,化学,,2026-10-07,2629.0,4807.0,1189718130.0,260140.0,1670913200.0,True,True,True,True,True,True
3291.T,3291,飯田グループホールディングス,Prime,不動産業,,2026-10-07,2629.0,2130.5,1188706675.0,538100.0,842399700.0,True,True,True,True,True,True
6136.T,6136,オーエスジー,Prime,機械,,2026-10-07,2629.0,3773.0,1188687255.0,334910.0,1163215900.0,True,True,True,True,True,True
6849.T,6849,日本光電工業,Prime,電気機器,,2026-10-07,2629.0,1629.5,1188678202.5,756500.0,915290150.0,True,True,True,True,True,True
3116.T,3116,トヨタ紡織,Prime,輸送用機器,,2026-10-07,2629.0,2168.0,1185082282.5,535495.0,664275200.0,True,True,True,True,True,True
1951.T,1951,エクシオグループ,Prime,建設業,,2026-10-07,2629.0,2543.5,1183168162.5,459320.0,1266408650.0,True,True,True,True,True,True
6627.T,6627,テラプローブ,Standard,電気機器,,2026-10-07,2629.0,2705.0,1180635475.0,505655.0,1153682500.0,True,True,True,True,True,True
8381.T,8381,山陰合同銀行,Prime,銀行業,,2026-10-07,2629.0,2570.0,1175858645.0,453815.0,1958597000.0,True,True,True,True,True,True
8714.T,8714,池田泉州ホールディングス,Prime,銀行業,,2026-10-07,2629.0,1143.0,1175851210.0,1054500.0,1009726200.0,True,True,True,True,True,True
2607.T,2607,不二製油,Prime,食料品,,2026-10-07,2629.0,4339.0,1171460465.0,266665.0,943298600.0,True,True,True,True,True,True
3046.T,3046,ジンズホールディングス,Prime,小売業,,2026-10-07,2629.0,5670.0,1170391100.0,203990.0,1100547000.0,True,True,True,True,True,True
8344.T,8344,山形銀行,Prime,銀行業,,2026-10-07,2629.0,5700.0,1168838950.0,219145.0,941640000.0,True,True,True,True,True,True
6366.T,6366,千代田化工建設,Standard,建設業,,2026-10-07,2629.0,673.0,1166913040.0,1698165.0,1687211000.0,True,True,True,True,True,True
219A.T,219A,Ｈｅａｒｔｓｅｅｄ,Growth,医薬品,,2026-10-07,533.0,2733.0,1163078000.0,454465.0,1154419200.0,True,True,True,True,True,True
6480.T,6480,日本トムソン,Prime,機械,,2026-10-07,2629.0,1947.0,1161027930.0,654000.0,1400866500.0,True,True,True,True,True,True
5947.T,5947,リンナイ,Prime,金属製品,,2026-10-07,2629.0,3371.0,1154453845.0,337215.0,1093889500.0,True,True,True,True,True,True
6472.T,6472,ＮＴＮ,Prime,機械,,2026-10-07,2629.0,389.79998779296875,1142816478.7245178,3003960.0,859547953.0822754,True,True,True,True,True,True
7746.T,7746,岡本硝子,Standard,精密機器,,2026-10-07,2629.0,911.0,1137118390.0,1280660.0,3944630000.0,True,True,True,True,True,True
4118.T,4118,カネカ,Prime,化学,,2026-10-07,2629.0,6062.0,1135435250.0,188145.0,1200276000.0,True,True,True,True,True,True
6436.T,6436,アマノ,Prime,機械,,2026-10-07,2629.0,3766.0,1130889780.0,294275.0,1522593800.0,True,True,True,True,True,True
9449.T,9449,ＧＭＯインターネットグループ,Prime,情報・通信業,,2026-10-07,2629.0,3922.0,1130846210.0,287525.0,1624100200.0,True,True,True,True,True,True
2433.T,2433,博報堂ＤＹホールディングス,Prime,サービス業,,2026-10-07,2629.0,1287.5,1126596997.5,861160.0,607313750.0,True,True,True,True,True,True
8362.T,8362,福井銀行,Prime,銀行業,,2026-10-07,2629.0,8410.0,1126200800.0,142235.0,1101710000.0,True,True,True,True,True,True
4887.T,4887,サワイグループホールディングス,Prime,医薬品,,2026-10-07,1348.0,1619.5,1125647265.0,693665.0,410381300.0,True,True,True,True,True,True
8111.T,8111,ゴールドウイン,Prime,繊維製品,,2026-10-07,2629.0,2142.5,1120362430.0,526665.0,1025614750.0,True,True,True,True,True,True
2121.T,2121,ＭＩＸＩ,Prime,情報・通信業,,2026-10-07,2629.0,3695.0,1120237050.0,301150.0,1162447000.0,True,True,True,True,True,True
4966.T,4966,上村工業,Standard,化学,,2026-10-07,2629.0,22140.0,1115749800.0,54970.0,2050164000.0,True,True,True,True,True,True
9031.T,9031,西日本鉄道,Prime,陸運業,,2026-10-07,2629.0,2813.5,1115572957.5,367200.0,543005500.0,True,True,True,True,True,True
2371.T,2371,カカクコム,Prime,サービス業,,2026-10-07,2629.0,3804.0,1113267220.0,293215.0,1074630000.0,True,True,True,True,True,True
7906.T,7906,ヨネックス,Standard,その他製品,,2026-10-07,2629.0,2390.0,1109965980.0,463625.0,1531751000.0,True,True,True,True,True,True
3097.T,3097,物語コーポレーション,Prime,小売業,,2026-10-07,2629.0,5400.0,1108073750.0,203550.0,1426680000.0,True,True,True,True,True,True
1861.T,1861,熊谷組,Prime,建設業,,2026-10-07,2629.0,1217.0,1108015090.0,864505.0,983457700.0,True,True,True,True,True,True
8060.T,8060,キヤノンマーケティングジャパン,Prime,卸売業,,2026-10-07,2629.0,3753.0,1107554715.0,300245.0,1094750100.0,True,True,True,True,True,True
6875.T,6875,メガチップス,Prime,電気機器,,2026-10-07,2629.0,11270.0,1105723800.0,100145.0,1136016000.0,True,True,True,True,True,True
2810.T,2810,ハウス食品グループ本社,Prime,食料品,,2026-10-07,2629.0,4031.0,1091767200.0,274400.0,1342726100.0,True,True,True,True,True,True
7717.T,7717,ブイ・テクノロジー,Prime,精密機器,,2026-10-07,2629.0,6920.0,1089024100.0,177200.0,1559768000.0,True,True,True,True,True,True
5463.T,5463,丸一鋼管,Prime,鉄鋼,,2026-10-07,2629.0,1678.0,1088190442.5,634980.0,846215400.0,True,True,True,True,True,True
2767.T,2767,円谷フィールズホールディングス,Prime,卸売業,,2026-10-07,2629.0,2418.0,1077094075.0,424775.0,839046000.0,True,True,True,True,True,True
3445.T,3445,ＲＳ　Ｔｅｃｈｎｏｌｏｇｉｅｓ,Prime,金属製品,,2026-10-07,2629.0,6490.0,1074217150.0,182930.0,931315000.0,True,True,True,True,True,True
1860.T,1860,戸田建設,Prime,建設業,,2026-10-07,2629.0,1365.0,1073574580.0,733755.0,951951000.0,True,True,True,True,True,True
8242.T,8242,エイチ・ツー・オー　リテイリング,Prime,小売業,,2026-10-07,2629.0,2812.5,1068890850.0,379670.0,1160156250.0,True,True,True,True,True,True
4206.T,4206,アイカ工業,Prime,化学,,2026-10-07,2629.0,4292.0,1065912530.0,252060.0,985014000.0,True,True,True,True,True,True
2784.T,2784,アルフレッサ　ホールディングス,Prime,卸売業,,2026-10-07,2629.0,2239.5,1062588620.0,460285.0,601529700.0,True,True,True,True,True,True
7148.T,7148,ＦＰＧ,Prime,証券、商品先物取引業,,2026-10-07,2629.0,1600.0,1062222715.0,636395.0,761280000.0,True,True,True,True,True,True
8360.T,8360,山梨中央銀行,Prime,銀行業,,2026-10-07,2629.0,1525.0,1056788885.0,712845.0,1180502500.0,True,True,True,True,True,True
5232.T,5232,住友大阪セメント,Prime,ガラス・土石製品,,2026-10-07,2629.0,1913.5,1055723900.2856445,561790.0,1090312300.0,True,True,True,True,True,True
7322.T,7322,三十三フィナンシャルグループ,Prime,銀行業,,2026-10-07,2087.0,2247.0,1054547025.0,489475.0,588039900.0,True,True,True,True,True,True
6707.T,6707,サンケン電気,Prime,電気機器,,2026-10-07,2629.0,7090.0,1054463270.0,152565.0,1161342000.0,True,True,True,True,True,True
153A.T,153A,カウリス,Growth,情報・通信業,,2026-10-07,617.0,2267.0,1049103220.0,505930.0,14123183300.0,True,True,True,True,True,True
3401.T,3401,帝人,Prime,繊維製品,,2026-10-07,2629.0,1646.5,1045629325.0,625235.0,784063300.0,True,True,True,True,True,True
6258.T,6258,平田機工,Prime,機械,,2026-10-07,2629.0,4070.0,1043870650.0,278155.0,1122506000.0,True,True,True,True,True,True
8616.T,8616,東海東京フィナンシャル・ホールディングス,Prime,証券、商品先物取引業,,2026-10-07,2629.0,881.0,1036204890.0,1164060.0,865494400.0,True,True,True,True,True,True
9533.T,9533,東邦瓦斯,Prime,電気・ガス業,,2026-10-07,2629.0,1236.5,1029650822.5,809175.0,651882800.0,True,True,True,True,True,True
3048.T,3048,ビックカメラ,Prime,小売業,,2026-10-07,2629.0,1648.0,1025085547.5,601940.0,968859200.0,True,True,True,True,True,True
8698.T,8698,マネックスグループ,Prime,証券、商品先物取引業,,2026-10-07,2629.0,685.0,1017730715.0,1434645.0,1116892500.0,True,True,True,True,True,True
8022.T,8022,美津濃,Prime,その他製品,,2026-10-07,2629.0,4330.0,1007214850.0,245845.0,971219000.0,True,True,True,True,True,True
9045.T,9045,京阪ホールディングス,Prime,陸運業,,2026-10-07,2629.0,3115.0,1005791250.0,316750.0,627984000.0,True,True,True,True,True,True
5384.T,5384,フジミインコーポレーテッド,Prime,ガラス・土石製品,,2026-10-07,2629.0,3705.0,1001048425.0,293140.0,1196715000.0,True,True,True,True,True,True
6544.T,6544,ジャパンエレベーターサービスホールディングス,Prime,サービス業,,2026-10-07,2353.0,1475.5,997744355.0,670620.0,648924900.0,True,True,True,True,True,True
8012.T,8012,長瀬産業,Prime,卸売業,,2026-10-07,2629.0,1190.5,993936997.5,855900.0,852278950.0,True,True,True,True,True,True
4075.T,4075,ブレインズテクノロジー,Growth,情報・通信業,,2026-10-07,1270.0,1409.0,990284260.0,698270.0,120610400.0,True,True,True,True,True,True
9759.T,9759,ＮＳＤ,Prime,情報・通信業,,2026-10-07,2629.0,2950.5,988514815.0,339645.0,742640850.0,True,True,True,True,True,True
2206.T,2206,江崎グリコ,Prime,食料品,,2026-10-07,2629.0,5021.0,978667875.0,195135.0,797334800.0,True,True,True,True,True,True
7164.T,7164,全国保証,Prime,その他金融業,,2026-10-07,2629.0,3016.0,972814945.0,314325.0,951246400.0,True,True,True,True,True,True
247A.T,247A,Ａｉロボティクス,Growth,化学,,2026-10-07,493.0,906.0,963790370.0,975815.0,998321400.0,True,True,True,True,True,True
9076.T,9076,セイノーホールディングス,Prime,陸運業,,2026-10-07,2629.0,2604.5,958261710.0,358170.0,940484950.0,True,True,True,True,True,True
8174.T,8174,日本瓦斯,Prime,小売業,,2026-10-07,2629.0,936.0999755859375,957380365.3591919,972015.0,1095892241.418457,True,True,True,True,True,True
8386.T,8386,百十四銀行,Prime,銀行業,,2026-10-07,2629.0,3240.0,956830625.0,303075.0,888084000.0,True,True,True,True,True,True
9987.T,9987,スズケン,Prime,卸売業,,2026-10-07,2629.0,2600.0,955933842.5,365855.0,823160000.0,True,True,True,True,True,True
4392.T,4392,ＦＩＧ,Prime,情報・通信業,,2026-10-07,2022.0,897.0,953210660.0,984240.0,765858600.0,True,True,True,True,True,True
4483.T,4483,ＪＭＤＣ,Prime,情報・通信業,,2026-10-07,1661.0,3690.0,949192150.0,264200.0,777483000.0,True,True,True,True,True,True
1833.T,1833,奥村組,Prime,建設業,,2026-10-07,2629.0,5280.0,943964000.0,168905.0,1220736000.0,True,True,True,True,True,True
8393.T,8393,宮崎銀行,Prime,銀行業,,2026-10-07,2629.0,2905.0,940100385.0,331015.0,1026627000.0,True,True,True,True,True,True
3989.T,3989,シェアリングテクノロジー,Growth,情報・通信業,,2026-10-07,2258.0,1547.0,939228135.0,608925.0,182855400.0,True,True,True,True,True,True
7599.T,7599,ＩＤＯＭ,Prime,卸売業,,2026-10-07,2629.0,1153.0,937538980.0,785665.0,818399400.0,True,True,True,True,True,True
8570.T,8570,イオンフィナンシャルサービス,Prime,その他金融業,,2026-10-07,2629.0,1500.5,937180210.0,593645.0,898049250.0,True,True,True,True,True,True
9936.T,9936,王将フードサービス,Prime,小売業,,2026-10-07,2629.0,2864.0,936258785.0,320610.0,744067200.0,True,True,True,True,True,True
8544.T,8544,京葉銀行,Prime,銀行業,,2026-10-07,2629.0,2956.0,929198155.0,319825.0,912221600.0,True,True,True,True,True,True
6768.T,6768,タムラ製作所,Prime,電気機器,,2026-10-07,2629.0,973.0,918772455.0,1048700.0,525030800.0,True,True,True,True,True,True
2146.T,2146,ＵＴグループ,Prime,サービス業,,2026-10-07,2629.0,241.0,915439340.0,3908240.0,596860600.0,True,True,True,True,True,True
4259.T,4259,エクサウィザーズ,Growth,情報・通信業,,2026-10-07,1169.0,821.0,914868925.0,1055060.0,724860900.0,True,True,True,True,True,True
4413.T,4413,ボードルア,Prime,情報・通信業,,2026-10-07,1186.0,2970.0,914792580.0,308490.0,375111000.0,True,True,True,True,True,True
8995.T,8995,誠建設工業,Standard,不動産業,,2026-10-07,2629.0,1908.0,913647190.0,432705.0,100170000.0,True,True,True,True,True,True
8424.T,8424,芙蓉総合リース,Prime,その他金融業,,2026-10-07,2629.0,4225.0,912452045.0,206070.0,762612500.0,True,True,True,True,True,True
2175.T,2175,エス・エム・エス,Prime,サービス業,,2026-10-07,2629.0,2638.0,911729485.0,348820.0,664512200.0,True,True,True,True,True,True
6264.T,6264,マルマエ,Prime,機械,,2026-10-07,2629.0,2178.0,910809035.0,461280.0,937629000.0,True,True,True,True,True,True
7458.T,7458,第一興商,Prime,卸売業,,2026-10-07,2629.0,1737.0,908091205.0,489980.0,661275900.0,True,True,True,True,True,True
6058.T,6058,ベクトル,Prime,サービス業,,2026-10-07,2629.0,1982.0,906315095.0,461005.0,824710200.0,True,True,True,True,True,True
2811.T,2811,カゴメ,Prime,食料品,,2026-10-07,2629.0,2655.0,906091410.0,336375.0,711009000.0,True,True,True,True,True,True
8153.T,8153,モスフードサービス,Prime,卸売業,,2026-10-07,2629.0,3815.0,905095925.0,231930.0,499002000.0,True,True,True,True,True,True
3444.T,3444,菊池製作所,Standard,金属製品,,2026-10-07,2629.0,1127.0,899898535.0,781975.0,221793600.0,True,True,True,True,True,True
7384.T,7384,プロクレアホールディングス,Prime,銀行業,,2026-10-07,1104.0,5830.0,898527625.0,163245.0,894905000.0,True,True,True,True,True,True
9110.T,9110,ＮＳユナイテッド海運,Prime,海運業,,2026-10-07,2629.0,10510.0,896847250.0,85395.0,604325000.0,True,True,True,True,True,True
9409.T,9409,テレビ朝日ホールディングス,Prime,情報・通信業,,2026-10-07,2629.0,2952.0,896297050.0,294150.0,879991200.0,True,True,True,True,True,True
6999.T,6999,ＫＯＡ,Prime,電気機器,,2026-10-07,2629.0,2512.0,896185505.0,392125.0,1036200000.0,True,True,True,True,True,True
2695.T,2695,くら寿司,Prime,小売業,,2026-10-07,2629.0,1664.0,889672430.0,524890.0,356595200.0,True,True,True,True,True,True
6104.T,6104,芝浦機械,Prime,機械,,2026-10-07,2629.0,5010.0,889340950.0,192895.0,839175000.0,True,True,True,True,True,True
319A.T,319A,技術承継機構,Growth,金属製品,,2026-10-07,407.0,23910.0,883952850.0,41690.0,1819551000.0,True,True,True,True,True,True
402A.T,402A,アクセルスペースホールディングス,Growth,輸送用機器,,2026-10-07,280.0,302.0,882390095.0,2211105.0,1432990000.0,True,True,True,True,True,True
8522.T,8522,名古屋銀行,Prime,銀行業,,2026-10-07,2629.0,7080.0,878100800.0,121655.0,951552000.0,True,True,True,True,True,True
2201.T,2201,森永製菓,Prime,食料品,,2026-10-07,2629.0,2366.0,874828162.5,359665.0,828336600.0,True,True,True,True,True,True
8173.T,8173,上新電機,Prime,小売業,,2026-10-07,2629.0,4255.0,874437425.0,202705.0,441243500.0,True,True,True,True,True,True
6457.T,6457,グローリー,Prime,機械,,2026-10-07,2629.0,4556.0,874359020.0,197450.0,1195038800.0,True,True,True,True,True,True
4894.T,4894,クオリプス,Growth,医薬品,,2026-10-07,801.0,6300.0,873950650.0,143045.0,1190070000.0,True,True,True,True,True,True
4082.T,4082,第一稀元素化学工業,Prime,化学,,2026-10-07,2629.0,2150.0,862342190.0,361780.0,535995000.0,True,True,True,True,True,True
8078.T,8078,阪和興業,Prime,卸売業,,2026-10-07,2629.0,1841.0,857957560.0,451725.0,787948000.0,True,True,True,True,True,True
1885.T,1885,東亜建設工業,Prime,建設業,,2026-10-07,2629.0,2061.0,854863535.0,403190.0,1046163600.0,True,True,True,True,True,True
8370.T,8370,紀陽銀行,Prime,銀行業,,2026-10-07,2629.0,1750.0,854557919.4689941,490520.0,915600000.0,True,True,True,True,True,True
2229.T,2229,カルビー,Prime,食料品,,2026-10-07,2629.0,3037.0,849591385.0,281090.0,601629700.0,True,True,True,True,True,True
6235.T,6235,オプトラン,Prime,機械,,2026-10-07,2160.0,2852.0,849497640.0,326615.0,853888800.0,True,True,True,True,True,True
3167.T,3167,ＴＯＫＡＩホールディングス,Prime,卸売業,,2026-10-07,2629.0,1330.0,849400620.0,627100.0,543704000.0,True,True,True,True,True,True
8595.T,8595,ジャフコ　グループ,Prime,証券、商品先物取引業,,2026-10-07,2629.0,2209.0,845659807.5,376680.0,555784400.0,True,True,True,True,True,True
8550.T,8550,栃木銀行,Prime,銀行業,,2026-10-07,2629.0,1181.0,844937955.0,732895.0,1264851000.0,True,True,True,True,True,True
4784.T,4784,ＧＭＯインターネット,Prime,サービス業,,2026-10-07,2629.0,508.0,844733770.0,1586785.0,614984800.0,True,True,True,True,True,True
1723.T,1723,日本電技,Standard,建設業,,2026-10-07,2629.0,2351.0,843145615.0,357930.0,3604553200.0,True,True,True,True,True,True
9069.T,9069,センコーグループホールディングス,Prime,陸運業,,2026-10-07,2629.0,2335.0,841005920.0,364175.0,774052500.0,True,True,True,True,True,True
9627.T,9627,アインホールディングス,Prime,小売業,,2026-10-07,2629.0,5432.0,837755115.0,150175.0,908773600.0,True,True,True,True,True,True
8367.T,8367,南都銀行,Prime,銀行業,,2026-10-07,2629.0,2022.0,835446160.0,417420.0,528348600.0,True,True,True,True,True,True
6266.T,6266,タツモ,Prime,機械,,2026-10-07,2629.0,4470.0,829588175.0,218440.0,1328037000.0,True,True,True,True,True,True
5715.T,5715,古河機械金属,Prime,非鉄金属,,2026-10-07,2629.0,4005.0,829123000.0,201285.0,967207500.0,True,True,True,True,True,True
1407.T,1407,ウエストホールディングス,Standard,建設業,,2026-10-07,2629.0,2221.0,826249090.0,369340.0,832208700.0,True,True,True,True,True,True
4592.T,4592,サンバイオ,Growth,医薬品,,2026-10-07,2629.0,920.0,822428530.0,874105.0,1480096000.0,True,True,True,True,True,True
4288.T,4288,アズジェント,Standard,情報・通信業,,2026-10-07,2629.0,553.0,821821505.0,1395600.0,2080828400.0,True,True,True,True,True,True
9722.T,9722,藤田観光,Prime,サービス業,,2026-10-07,2629.0,3090.0,818188600.0,287915.0,594207000.0,True,True,True,True,True,True
3891.T,3891,ニッポン高度紙工業,Standard,パルプ・紙,,2026-10-07,2629.0,7600.0,817776700.0,121015.0,699200000.0,True,True,True,True,True,True
6960.T,6960,フクダ電子,Standard,電気機器,,2026-10-07,2629.0,11820.0,817620050.0,69125.0,784848000.0,True,True,True,True,True,True
6412.T,6412,平和,Prime,機械,,2026-10-07,2629.0,2022.0,816698460.0,378715.0,629650800.0,True,True,True,True,True,True
7419.T,7419,ノジマ,Prime,小売業,,2026-10-07,2629.0,1246.0,814854220.0,648600.0,935870600.0,True,True,True,True,True,True
8154.T,8154,加賀電子,Prime,卸売業,,2026-10-07,2629.0,5460.0,811323325.0,153285.0,413322000.0,True,True,True,True,True,True
8572.T,8572,アコム,Standard,その他金融業,,2026-10-07,2629.0,456.0,801099728.704834,1697545.0,813184800.0,True,True,True,True,True,True
7716.T,7716,ナカニシ,Standard,精密機器,,2026-10-07,2629.0,1511.0,794776145.0,528850.0,947699200.0,True,True,True,True,True,True
9436.T,9436,沖縄セルラー電話,Standard,情報・通信業,,2026-10-07,2629.0,4095.0,794445550.0,186840.0,632268000.0,True,True,True,True,True,True
1417.T,1417,ミライト・ワン,Prime,建設業,,2026-10-07,2629.0,3403.0,790117650.0,224935.0,1089300300.0,True,True,True,True,True,True
4417.T,4417,グローバルセキュリティエキスパート,Growth,情報・通信業,,2026-10-07,1172.0,5860.0,788430850.0,137735.0,3184910000.0,True,True,True,True,True,True
3042.T,3042,セキュアヴェイル,Growth,情報・通信業,,2026-10-07,2629.0,453.0,784692765.0,2018280.0,4408550700.0,True,True,True,True,True,True
2585.T,2585,ライフドリンク　カンパニー,Prime,食料品,,2026-10-07,1171.0,1331.0,784587210.0,578235.0,654985100.0,True,True,True,True,True,True
4587.T,4587,ペプチドリーム,Prime,医薬品,,2026-10-07,2629.0,1060.5,782377380.0,727875.0,625164750.0,True,True,True,True,True,True
1518.T,1518,三井松島ホールディングス,Prime,その他製品,,2026-10-07,2629.0,2275.0,780982140.0,345730.0,818090000.0,True,True,True,True,True,True
9418.T,9418,Ｕ－ＮＥＸＴ　ＨＯＬＤＩＮＧＳ,Prime,情報・通信業,,2026-10-07,2629.0,1775.0,778550390.0,441415.0,631900000.0,True,True,True,True,True,True
9166.T,9166,ＧＥＮＤＡ,Growth,サービス業,,2026-10-07,779.0,647.0,773330880.0,1132795.0,431743100.0,True,True,True,True,True,True
9302.T,9302,三井倉庫ホールディングス,Prime,倉庫・運輸関連業,,2026-10-07,2629.0,3271.0,772589775.0,232210.0,499808800.0,True,True,True,True,True,True
4681.T,4681,リゾートトラスト,Prime,サービス業,,2026-10-07,2629.0,1714.5,772096297.5,437460.0,716146650.0,True,True,True,True,True,True
6208.T,6208,石川製作所,Standard,機械,,2026-10-07,2629.0,1700.0,768579640.0,423400.0,527170000.0,True,True,True,True,True,True
8425.T,8425,みずほリース,Prime,その他金融業,,2026-10-07,2629.0,1268.0,763046135.0,571055.0,888868000.0,True,True,True,True,True,True
1820.T,1820,西松建設,Prime,建設業,,2026-10-07,2629.0,5180.0,760481265.0,138760.0,871276000.0,True,True,True,True,True,True
7984.T,7984,コクヨ,Prime,その他製品,,2026-10-07,2629.0,857.4000244140625,760006501.963501,854000.0,571371376.2695312,True,True,True,True,True,True
8336.T,8336,武蔵野銀行,Prime,銀行業,,2026-10-07,2629.0,2936.0,752099900.0,261340.0,576043200.0,True,True,True,True,True,True
2730.T,2730,エディオン,Prime,小売業,,2026-10-07,2629.0,2386.0,750836495.0,305180.0,573594400.0,True,True,True,True,True,True
6807.T,6807,日本航空電子工業,Prime,電気機器,,2026-10-07,2629.0,2777.0,746749820.0,288330.0,1046651300.0,True,True,True,True,True,True
6143.T,6143,ソディック,Prime,機械,,2026-10-07,2629.0,1788.0,741795165.0,433840.0,1542507600.0,True,True,True,True,True,True
2659.T,2659,サンエー,Prime,小売業,,2026-10-07,2629.0,3135.0,728274050.0,222085.0,1586623500.0,True,True,True,True,True,True
4046.T,4046,大阪ソーダ,Prime,化学,,2026-10-07,2629.0,2170.0,727986655.0,358145.0,1331512000.0,True,True,True,True,True,True
9682.T,9682,ＤＴＳ,Prime,情報・通信業,,2026-10-07,2629.0,1089.0,724691405.0,648845.0,664181100.0,True,True,True,True,True,True
3387.T,3387,クリエイト・レストランツ・ホールディングス,Prime,小売業,,2026-10-07,2629.0,779.0,722825645.0,940355.0,587132300.0,True,True,True,True,True,True
3762.T,3762,テクマトリックス,Prime,情報・通信業,,2026-10-07,2629.0,2737.0,719539370.0,285825.0,1937248600.0,True,True,True,True,True,True
3002.T,3002,グンゼ,Prime,繊維製品,,2026-10-07,2629.0,4065.0,715949275.0,176160.0,637798500.0,True,True,True,True,True,True
4544.T,4544,Ｈ．Ｕ．グループホールディングス,Prime,サービス業,,2026-10-07,2629.0,3552.0,715716125.0,203670.0,678432000.0,True,True,True,True,True,True
4935.T,4935,リベルタ,Standard,化学,,2026-10-07,1418.0,206.0,715358805.0,3407525.0,597791400.0,True,True,True,True,True,True
9519.T,9519,レノバ,Prime,電気・ガス業,,2026-10-07,2369.0,828.0,714102790.0,829650.0,674323200.0,True,True,True,True,True,True
7456.T,7456,松田産業,Prime,卸売業,,2026-10-07,2629.0,6700.0,712388350.0,101395.0,360460000.0,True,True,True,True,True,True
2326.T,2326,デジタルアーツ,Prime,情報・通信業,,2026-10-07,2629.0,5330.0,708239800.0,143690.0,1311713000.0,True,True,True,True,True,True
4927.T,4927,ポーラ・オルビスホールディングス,Prime,化学,,2026-10-07,2629.0,1370.5,702834632.5,516590.0,692376600.0,True,True,True,True,True,True
7184.T,7184,富山第一銀行,Prime,銀行業,,2026-10-07,2601.0,3765.0,698900675.0,195695.0,775213500.0,True,True,True,True,True,True
9279.T,9279,ギフトホールディングス,Prime,小売業,,2026-10-07,1943.0,2153.0,697841765.0,333070.0,829120300.0,True,True,True,True,True,True
4819.T,4819,デジタルガレージ,Prime,情報・通信業,,2026-10-07,2629.0,2365.0,697204065.0,294510.0,561214500.0,True,True,True,True,True,True
6379.T,6379,レイズネクスト,Prime,建設業,,2026-10-07,2629.0,974.0,689528294.5278931,691565.0,421157600.0,True,True,True,True,True,True
5703.T,5703,日本軽金属ホールディングス,Prime,非鉄金属,,2026-10-07,2629.0,2808.0,687921555.0,234385.0,557388000.0,True,True,True,True,True,True
4477.T,4477,ＢＡＳＥ,Growth,情報・通信業,,2026-10-07,1696.0,382.0,687835140.0,1865705.0,1178546400.0,True,True,True,True,True,True
6498.T,6498,キッツ,Prime,機械,,2026-10-07,2629.0,2071.0,687038395.0,345330.0,1340351200.0,True,True,True,True,True,True
2685.T,2685,アンドエスティＨＤ,Prime,小売業,,2026-10-07,2629.0,3020.0,685178580.0,220090.0,811474000.0,True,True,True,True,True,True
1979.T,1979,大氣社,Prime,建設業,,2026-10-07,2629.0,3820.0,684764525.0,180340.0,697150000.0,True,True,True,True,True,True
4107.T,4107,伊勢化学工業,Standard,化学,,2026-10-07,2629.0,3925.0,684721250.0,173500.0,1391412500.0,True,True,True,True,True,True
4092.T,4092,日本化学工業,Prime,化学,,2026-10-07,2629.0,5660.0,682292250.0,123430.0,354882000.0,True,True,True,True,True,True
7740.T,7740,タムロン,Prime,精密機器,,2026-10-07,2629.0,1550.0,681389365.0,484470.0,2087075000.0,True,True,True,True,True,True
5331.T,5331,ノリタケ,Prime,ガラス・土石製品,,2026-10-07,2629.0,3770.0,678668125.0,187295.0,480675000.0,True,True,True,True,True,True
5310.T,5310,東洋炭素,Prime,ガラス・土石製品,,2026-10-07,2629.0,8050.0,674831650.0,91570.0,798560000.0,True,True,True,True,True,True
3101.T,3101,東洋紡,Prime,化学,,2026-10-07,2629.0,1665.0,673946345.0,409875.0,656509500.0,True,True,True,True,True,True
4471.T,4471,三洋化成工業,Prime,化学,,2026-10-07,2629.0,1700.0,669808055.0,422070.0,700230000.0,True,True,True,True,True,True
3863.T,3863,日本製紙,Prime,パルプ・紙,,2026-10-07,2629.0,1268.0,668089330.0,510340.0,779566400.0,True,True,True,True,True,True
7846.T,7846,パイロットコーポレーション,Prime,その他製品,,2026-10-07,2629.0,2119.0,667265150.0,317890.0,661975600.0,True,True,True,True,True,True
6800.T,6800,ヨコオ,Prime,電気機器,,2026-10-07,2629.0,4840.0,666034425.0,152770.0,996072000.0,True,True,True,True,True,True
9832.T,9832,オートバックスセブン,Prime,卸売業,,2026-10-07,2629.0,1508.0,664797330.0,419485.0,424200400.0,True,True,True,True,True,True
4634.T,4634,ａｒｔｉｅｎｃｅ,Prime,化学,,2026-10-07,2629.0,5110.0,664211525.0,130890.0,595315000.0,True,True,True,True,True,True
4216.T,4216,旭有機材,Prime,化学,,2026-10-07,2629.0,7380.0,662763700.0,99205.0,610326000.0,True,True,True,True,True,True
6804.T,6804,ホシデン,Prime,電気機器,,2026-10-07,2629.0,2432.0,662116905.0,266620.0,814233600.0,True,True,True,True,True,True
2612.T,2612,かどや製油,Standard,食料品,,2026-10-07,2629.0,2840.0,661914140.0,234490.0,491604000.0,True,True,True,True,True,True
8392.T,8392,大分銀行,Prime,銀行業,,2026-10-07,2629.0,3305.0,660807455.0,207835.0,758497500.0,True,True,True,True,True,True
2296.T,2296,伊藤ハム米久ホールディングス,Prime,食料品,,2026-10-07,2589.0,4850.0,655477050.0,132390.0,375875000.0,True,True,True,True,True,True
8541.T,8541,愛媛銀行,Prime,銀行業,,2026-10-07,2629.0,3520.0,653288000.0,187890.0,935616000.0,True,True,True,True,True,True
7381.T,7381,ＣＣＩグループ,Prime,銀行業,,2026-10-07,1226.0,1333.0,648253445.0,484620.0,634774600.0,True,True,True,True,True,True
7350.T,7350,おきなわフィナンシャルグループ,Prime,銀行業,,2026-10-07,1226.0,7740.0,646456700.0,81635.0,631584000.0,True,True,True,True,True,True
325A.T,325A,ＴＥＮＴＩＡＬ,Growth,繊維製品,,2026-10-07,392.0,2017.0,642795850.0,328405.0,536320300.0,True,True,True,True,True,True
9934.T,9934,因幡電機産業,Prime,卸売業,,2026-10-07,2629.0,3123.0,641557205.0,206970.0,615855600.0,True,True,True,True,True,True
8919.T,8919,カチタス,Prime,不動産業,,2026-10-07,2629.0,3450.0,641216475.0,184015.0,641010000.0,True,True,True,True,True,True
212A.T,212A,フィットイージー,Prime,サービス業,,2026-10-07,538.0,2798.0,641203135.0,230860.0,768051000.0,True,True,True,True,True,True
7630.T,7630,壱番屋,Prime,小売業,,2026-10-07,2629.0,1026.0,640167050.0,589000.0,691421400.0,True,True,True,True,True,True
8818.T,8818,京阪神ビルディング,Prime,不動産業,,2026-10-07,2629.0,964.0,636610685.0,595605.0,293538000.0,True,True,True,True,True,True
8129.T,8129,東邦ホールディングス,Prime,卸売業,,2026-10-07,2629.0,3657.0,636140070.0,165050.0,405561300.0,True,True,True,True,True,True
9130.T,9130,共栄タンカー,Standard,海運業,,2026-10-07,2629.0,1611.0,635565535.0,352295.0,306734400.0,True,True,True,True,True,True
2805.T,2805,ヱスビー食品,Standard,食料品,,2026-10-07,2629.0,6810.0,629331050.0,85430.0,497130000.0,True,True,True,True,True,True
2354.T,2354,ＹＥ　ＤＩＧＩＴＡＬ,Standard,情報・通信業,,2026-10-07,2629.0,1168.0,627451915.0,478325.0,272844800.0,True,True,True,True,True,True
8600.T,8600,トモニホールディングス,Prime,銀行業,,2026-10-07,2629.0,1194.0,626017775.0,532005.0,566911200.0,True,True,True,True,True,True
5423.T,5423,東京製鐵,Prime,鉄鋼,,2026-10-07,2629.0,1673.0,625976990.0,365480.0,498052100.0,True,True,True,True,True,True
6474.T,6474,不二越,Prime,機械,,2026-10-07,2629.0,5910.0,625316050.0,110425.0,1131765000.0,True,True,True,True,True,True
3907.T,3907,シリコンスタジオ,Growth,情報・通信業,,2026-10-07,2629.0,1709.0,622325280.0,301320.0,254128300.0,True,True,True,True,True,True
9956.T,9956,バローホールディングス,Prime,小売業,,2026-10-07,2629.0,1585.0,622206510.0,376460.0,613712000.0,True,True,True,True,True,True
7313.T,7313,テイ・エス　テック,Prime,輸送用機器,,2026-10-07,2629.0,1753.5,622147140.0,345565.0,486596250.0,True,True,True,True,True,True
4617.T,4617,中国塗料,Prime,化学,,2026-10-07,2629.0,3655.0,621449675.0,175300.0,491963000.0,True,True,True,True,True,True
5541.T,5541,大平洋金属,Prime,鉄鋼,,2026-10-07,2629.0,2482.0,619455060.0,235535.0,420947200.0,True,True,True,True,True,True
3993.T,3993,ＰＫＳＨＡ　Ｔｅｃｈｎｏｌｏｇｙ,Prime,情報・通信業,,2026-10-07,2223.0,3385.0,619353625.0,193695.0,520613000.0,True,True,True,True,True,True
3433.T,3433,トーカロ,Prime,金属製品,,2026-10-07,2629.0,3135.0,613288395.0,212025.0,621670500.0,True,True,True,True,True,True
6617.T,6617,東光高岳,Prime,電気機器,,2026-10-07,2629.0,7790.0,607049150.0,85565.0,791464000.0,True,True,True,True,True,True
8511.T,8511,日本証券金融,Prime,その他金融業,,2026-10-07,2629.0,2269.0,606542795.0,251145.0,1577181900.0,True,True,True,True,True,True
7803.T,7803,ブシロード,Growth,その他製品,,2026-10-07,1755.0,463.0,600637530.0,1318135.0,443507700.0,True,True,True,True,True,True
8194.T,8194,ライフコーポレーション,Prime,小売業,,2026-10-07,2629.0,2559.0,600128075.0,224930.0,475206300.0,True,True,True,True,True,True
1333.T,1333,マルハニチロ,Prime,水産・農林業,,2026-10-07,2629.0,1197.5,596818622.5,475865.0,1050686500.0,True,True,True,True,True,True
4419.T,4419,Ｆｉｎａｔｅｘｔホールディングス,Growth,情報・通信業,,2026-10-07,1170.0,1503.0,596719645.0,424115.0,649596600.0,True,True,True,True,True,True
8584.T,8584,ジャックス,Prime,その他金融業,,2026-10-07,2629.0,3430.0,593684675.0,163830.0,462707000.0,True,True,True,True,True,True
6332.T,6332,月島ホールディングス,Prime,機械,,2026-10-07,2629.0,2581.0,591813515.0,222735.0,763976000.0,True,True,True,True,True,True
2157.T,2157,コシダカホールディングス,Prime,サービス業,,2026-10-07,2629.0,985.0,590958460.0,594155.0,766133000.0,True,True,True,True,True,True
4970.T,4970,東洋合成工業,Standard,化学,,2026-10-07,2629.0,11030.0,589470350.0,57900.0,454436000.0,True,True,True,True,True,True
4258.T,4258,網屋,Growth,情報・通信業,,2026-10-07,1170.0,6060.0,588739850.0,105950.0,1808910000.0,True,True,True,True,True,True
3156.T,3156,レスター,Prime,卸売業,,2026-10-07,2629.0,6310.0,585014400.0,100785.0,536981000.0,True,True,True,True,True,True
6327.T,6327,北川精機,Standard,機械,,2026-10-07,2629.0,3460.0,584713990.0,187985.0,843548000.0,True,True,True,True,True,True
4480.T,4480,メドレー,Prime,情報・通信業,,2026-10-07,1663.0,2404.0,584137910.0,246575.0,635858000.0,True,True,True,True,True,True
3245.T,3245,ディア・ライフ,Prime,不動産業,,2026-10-07,2629.0,940.0,581975135.0,570260.0,314524000.0,True,True,True,True,True,True
4665.T,4665,ダスキン,Prime,サービス業,,2026-10-07,2629.0,4639.0,581742955.0,124405.0,431427000.0,True,True,True,True,True,True
7433.T,7433,伯東,Prime,卸売業,,2026-10-07,2629.0,1877.0,580203568.3618164,314525.0,447476800.0,True,True,True,True,True,True
4187.T,4187,大阪有機化学工業,Prime,化学,,2026-10-07,2629.0,4695.0,579720475.0,135065.0,1128208500.0,True,True,True,True,True,True
2281.T,2281,プリマハム,Prime,食料品,,2026-10-07,2629.0,2276.0,579361725.0,244105.0,257870800.0,True,True,True,True,True,True
6331.T,6331,三菱化工機,Prime,機械,,2026-10-07,2629.0,3015.0,578442925.0,182100.0,643702500.0,True,True,True,True,True,True
1882.T,1882,東亜道路工業,Prime,建設業,,2026-10-07,2629.0,1544.0,578389150.0,364000.0,427842400.0,True,True,True,True,True,True
3591.T,3591,ワコールホールディングス,Prime,繊維製品,,2026-10-07,2629.0,3559.0,578285040.0,150665.0,695428600.0,True,True,True,True,True,True
9793.T,9793,ダイセキ,Prime,サービス業,,2026-10-07,2629.0,3550.0,576859775.0,159590.0,1008200000.0,True,True,True,True,True,True
4849.T,4849,エン,Prime,サービス業,,2026-10-07,2629.0,1723.0,571528615.0,338555.0,296183700.0,True,True,True,True,True,True
6904.T,6904,原田工業,Standard,電気機器,,2026-10-07,2629.0,933.0,568630550.0,612770.0,466593300.0,True,True,True,True,True,True
2270.T,2270,雪印メグミルク,Prime,食料品,,2026-10-07,2629.0,3485.0,568519750.0,156530.0,470823500.0,True,True,True,True,True,True
2602.T,2602,日清オイリオグループ,Prime,食料品,,2026-10-07,2629.0,1984.0,568512320.0,275810.0,440844800.0,True,True,True,True,True,True
8508.T,8508,Ｊトラスト,Standard,その他金融業,,2026-10-07,2629.0,788.0,568116325.0,729690.0,356018400.0,True,True,True,True,True,True
3360.T,3360,シップヘルスケアホールディングス,Prime,卸売業,,2026-10-07,2629.0,2454.0,566936685.0,232505.0,400738200.0,True,True,True,True,True,True
9824.T,9824,泉州電業,Prime,卸売業,,2026-10-07,2629.0,8420.0,564821150.0,70845.0,506884000.0,True,True,True,True,True,True
9603.T,9603,エイチ・アイ・エス,Prime,サービス業,,2026-10-07,2629.0,1049.0,564357205.0,498755.0,694752700.0,True,True,True,True,True,True
2353.T,2353,日本駐車場開発,Prime,不動産業,,2026-10-07,2629.0,257.0,563165400.0,2143445.0,519319900.0,True,True,True,True,True,True
8237.T,8237,松屋,Prime,小売業,,2026-10-07,2629.0,2170.0,561972265.0,252610.0,277543000.0,True,True,True,True,True,True
4028.T,4028,石原産業,Prime,化学,,2026-10-07,2629.0,2840.0,560205420.0,193785.0,384820000.0,True,True,True,True,True,True
8609.T,8609,岡三証券グループ,Prime,証券、商品先物取引業,,2026-10-07,2629.0,1224.0,559721590.0,452895.0,522403200.0,True,True,True,True,True,True
4078.T,4078,堺化学工業,Prime,化学,,2026-10-07,2629.0,3730.0,559324350.0,152680.0,414030000.0,True,True,True,True,True,True
7287.T,7287,日本精機,Standard,輸送用機器,,2026-10-07,2629.0,2825.0,558751180.0,205025.0,759360000.0,True,True,True,True,True,True
1926.T,1926,ライト工業,Prime,建設業,,2026-10-07,2629.0,945.0,558558750.0,578935.0,347949000.0,True,True,True,True,True,True
6072.T,6072,地盤ネットホールディングス,Growth,サービス業,,2026-10-07,2629.0,1140.0,558514610.0,518375.0,547656000.0,True,True,True,True,True,True
4776.T,4776,サイボウズ,Prime,情報・通信業,,2026-10-07,2629.0,2996.0,556098795.0,184955.0,549466400.0,True,True,True,True,True,True
1879.T,1879,新日本建設,Prime,建設業,,2026-10-07,2629.0,2147.0,553667310.0,244730.0,341802400.0,True,True,True,True,True,True
4933.T,4933,Ｉ－ｎｅ,Prime,化学,,2026-10-07,1474.0,2202.0,552840770.0,251045.0,111421200.0,True,True,True,True,True,True
6727.T,6727,ワコム,Prime,電気機器,,2026-10-07,2629.0,852.0,552137125.0,649610.0,430771200.0,True,True,True,True,True,True
2760.T,2760,東京エレクトロン　デバイス,Prime,卸売業,,2026-10-07,2629.0,4810.0,550580350.0,124290.0,891293000.0,True,True,True,True,True,True
7226.T,7226,極東開発工業,Prime,輸送用機器,,2026-10-07,2629.0,2158.0,549860495.0,244725.0,384555600.0,True,True,True,True,True,True
2815.T,2815,アリアケジャパン,Prime,食料品,,2026-10-07,2629.0,5120.0,548405050.0,105780.0,676864000.0,True,True,True,True,True,True
3449.T,3449,テクノフレックス,Standard,金属製品,,2026-10-07,1665.0,4750.0,546059675.0,126350.0,507775000.0,True,True,True,True,True,True
6013.T,6013,タクマ,Prime,機械,,2026-10-07,2629.0,3005.0,545989495.0,182435.0,314022500.0,True,True,True,True,True,True
6196.T,6196,ストライク,Prime,サービス業,,2026-10-07,2535.0,1403.0,543701655.0,386205.0,494557500.0,True,True,True,True,True,True
7994.T,7994,オカムラ,Prime,その他製品,,2026-10-07,2629.0,2174.0,543205895.0,236790.0,783727000.0,True,True,True,True,True,True
9336.T,9336,大栄環境,Prime,サービス業,,2026-10-07,932.0,3705.0,542527200.0,146470.0,598357500.0,True,True,True,True,True,True
256A.T,256A,飛島ホールディングス,Prime,建設業,,2026-10-07,2629.0,2268.0,542414340.0,238630.0,265582800.0,True,True,True,True,True,True
8399.T,8399,琉球銀行,Prime,銀行業,,2026-10-07,2629.0,3185.0,541522375.0,164495.0,422012500.0,True,True,True,True,True,True
6958.T,6958,日本シイエムケイ,Prime,電気機器,,2026-10-07,2629.0,825.0,540499305.0,699560.0,537570000.0,True,True,True,True,True,True
8098.T,8098,稲畑産業,Prime,卸売業,,2026-10-07,2629.0,4355.0,533999025.0,119595.0,397176000.0,True,True,True,True,True,True
8065.T,8065,佐藤商事,Prime,卸売業,,2026-10-07,2629.0,2993.0,533971190.0,171515.0,477383500.0,True,True,True,True,True,True
6908.T,6908,イリソ電子工業,Prime,電気機器,,2026-10-07,2629.0,2883.0,533233910.0,188300.0,520669800.0,True,True,True,True,True,True
6036.T,6036,ＫｅｅＰｅｒ技研,Prime,サービス業,,2026-10-07,2629.0,3735.0,530524375.0,147225.0,966618000.0,True,True,True,True,True,True
6516.T,6516,山洋電気,Prime,電気機器,,2026-10-07,2629.0,5760.0,529886450.0,98110.0,601920000.0,True,True,True,True,True,True
350A.T,350A,デジタルグリッド,Growth,電気・ガス業,,2026-10-07,356.0,680.0,527403430.0,730950.0,150892000.0,True,True,True,True,True,True
6371.T,6371,椿本チエイン,Prime,機械,,2026-10-07,2629.0,2648.0,525791820.0,196715.0,380517600.0,True,True,True,True,True,True
5574.T,5574,ＡＢＥＪＡ,Growth,情報・通信業,,2026-10-07,810.0,2900.0,524396860.0,169505.0,507790000.0,True,True,True,True,True,True
5208.T,5208,有沢製作所,Prime,化学,,2026-10-07,2629.0,2938.0,524329160.0,192475.0,645184800.0,True,True,True,True,True,True
4041.T,4041,日本曹達,Prime,化学,,2026-10-07,2629.0,3715.0,524308725.0,138285.0,310945500.0,True,True,True,True,True,True
3964.T,3964,オークネット,Prime,情報・通信業,,2026-10-07,2347.0,1359.0,523746025.0,392965.0,475106400.0,True,True,True,True,True,True
3543.T,3543,コメダホールディングス,Prime,卸売業,,2026-10-07,2530.0,2802.0,522137900.0,183565.0,390598800.0,True,True,True,True,True,True
9090.T,9090,ＡＺ－ＣＯＭ丸和ホールディングス,Prime,陸運業,,2026-10-07,2629.0,827.0,521408625.0,589800.0,298216200.0,True,True,True,True,True,True
7296.T,7296,エフ・シー・シー,Prime,輸送用機器,,2026-10-07,2629.0,4120.0,519770525.0,125960.0,446196000.0,True,True,True,True,True,True
5482.T,5482,愛知製鋼,Prime,鉄鋼,,2026-10-07,2629.0,2944.0,519489755.0,166365.0,481049600.0,True,True,True,True,True,True
3765.T,3765,ガンホー・オンライン・エンターテイメント,Prime,情報・通信業,,2026-10-07,2629.0,2351.0,516164755.0,209140.0,685316500.0,True,True,True,True,True,True
7744.T,7744,ノーリツ鋼機,Prime,精密機器,,2026-10-07,2629.0,2020.0,515310930.0,258940.0,552672000.0,True,True,True,True,True,True
3050.T,3050,ＤＣＭホールディングス,Prime,小売業,,2026-10-07,2629.0,1518.0,515150215.0,329745.0,651373800.0,True,True,True,True,True,True
7242.T,7242,カヤバ,Prime,輸送用機器,,2026-10-07,2629.0,1569.0,515001450.56762695,329170.0,601240800.0,True,True,True,True,True,True
7864.T,7864,フジシールインターナショナル,Prime,その他製品,,2026-10-07,2629.0,3420.0,511224200.0,153330.0,1162800000.0,True,True,True,True,True,True
4686.T,4686,ジャストシステム,Prime,情報・通信業,,2026-10-07,2629.0,4615.0,509493700.0,116550.0,601334500.0,True,True,True,True,True,True
7611.T,7611,ハイデイ日高,Prime,小売業,,2026-10-07,2629.0,2972.0,509412020.0,173140.0,526341200.0,True,True,True,True,True,True
3104.T,3104,富士紡ホールディングス,Prime,繊維製品,,2026-10-07,2629.0,3715.0,509232150.0,149505.0,800211000.0,True,True,True,True,True,True
3569.T,3569,セーレン,Prime,繊維製品,,2026-10-07,2629.0,3465.0,508529900.0,153695.0,649341000.0,True,True,True,True,True,True
6644.T,6644,大崎電気工業,Prime,電気機器,,2026-10-07,2629.0,1442.0,508306080.0,345790.0,226394000.0,True,True,True,True,True,True
8219.T,8219,青山商事,Prime,小売業,,2026-10-07,2629.0,721.0,507190225.0,682995.0,369296200.0,True,True,True,True,True,True
4996.T,4996,クミアイ化学工業,Prime,化学,,2026-10-07,2629.0,657.0,506375680.0,747545.0,437430600.0,True,True,True,True,True,True
7915.T,7915,ＮＩＳＳＨＡ,Prime,その他製品,,2026-10-07,2629.0,1105.0,505043910.0,447430.0,784771000.0,True,True,True,True,True,True
6652.T,6652,ＩＤＥＣ,Prime,電気機器,,2026-10-07,2629.0,4175.0,505021275.0,130990.0,777385000.0,True,True,True,True,True,True
2975.T,2975,スター・マイカ・ホールディングス,Prime,不動産業,,2026-10-07,1794.0,1261.0,504742970.0,376985.0,857101700.0,True,True,True,True,True,True
9678.T,9678,カナモト,Prime,サービス業,,2026-10-07,2629.0,5400.0,504212300.0,93290.0,312120000.0,True,True,True,True,True,True
4593.T,4593,ヘリオス,Growth,医薬品,,2026-10-07,2629.0,305.0,502318975.0,1711310.0,603534000.0,True,True,True,True,True,True
5074.T,5074,テスホールディングス,Prime,建設業,,2026-10-07,1330.0,527.0,502066280.0,879820.0,358728900.0,True,True,True,True,True,True
5889.T,5889,Ｊａｐａｎ　Ｅｙｅｗｅａｒ　Ｈｏｌｄｉｎｇｓ,Prime,小売業,,2026-10-07,704.0,2163.0,499567565.0,215895.0,171093300.0,True,True,True,True,True,True
9743.T,9743,丹青社,Prime,サービス業,,2026-10-07,2629.0,1380.0,498159065.0,344655.0,318918000.0,True,True,True,True,True,True
2678.T,2678,アスクル,Prime,小売業,,2026-10-07,2629.0,1175.0,497851840.0,405580.0,332172500.0,True,True,True,True,True,True
2384.T,2384,ＳＢＳホールディングス,Prime,陸運業,,2026-10-07,2629.0,5190.0,497666300.0,96110.0,353958000.0,True,True,True,True,True,True
5246.T,5246,ＥＬＥＭＥＮＴＳ,Growth,情報・通信業,,2026-10-07,923.0,923.0,495880755.0,573760.0,2422413500.0,True,True,True,True,True,True
6914.T,6914,オプテックスグループ,Prime,電気機器,,2026-10-07,2629.0,3370.0,494678475.0,154370.0,524709000.0,True,True,True,True,True,True
8585.T,8585,オリエントコーポレーション,Prime,その他金融業,,2026-10-07,2629.0,782.0,494301630.0,599260.0,621377200.0,True,True,True,True,True,True
8803.T,8803,平和不動産,Prime,不動産業,,2026-10-07,2629.0,2215.0,492515915.0,212515.0,656083000.0,True,True,True,True,True,True
6454.T,6454,マックス,Prime,機械,,2026-10-07,2629.0,1907.0,491965370.0,260220.0,440517000.0,True,True,True,True,True,True
8016.T,8016,オンワードホールディングス,Prime,繊維製品,,2026-10-07,2629.0,703.0,490623785.0,689170.0,345946300.0,True,True,True,True,True,True
6363.T,6363,酉島製作所,Prime,機械,,2026-10-07,2629.0,3040.0,489729455.0,167360.0,370272000.0,True,True,True,True,True,True
6433.T,6433,ヒーハイスト,Standard,機械,,2026-10-07,2629.0,1172.0,488266230.0,376380.0,385236400.0,True,True,True,True,True,True
7839.T,7839,ＳＨＯＥＩ,Prime,その他製品,,2026-10-07,2629.0,2219.0,487997290.0,229515.0,538995100.0,True,True,True,True,True,True
1377.T,1377,サカタのタネ,Prime,水産・農林業,,2026-10-07,2629.0,4165.0,486187425.0,112945.0,1157453500.0,True,True,True,True,True,True
4045.T,4045,東亞合成,Prime,化学,,2026-10-07,2629.0,1815.0,484918570.0,267750.0,295663500.0,True,True,True,True,True,True
6250.T,6250,やまびこ,Prime,機械,,2026-10-07,2629.0,4445.0,484709700.0,110905.0,453390000.0,True,True,True,True,True,True
9010.T,9010,富士急行,Prime,陸運業,,2026-10-07,2629.0,2600.0,483319950.0,184260.0,416780000.0,True,True,True,True,True,True
4290.T,4290,プレステージ・インターナショナル,Prime,サービス業,,2026-10-07,2629.0,661.0,482336320.0,698740.0,301151600.0,True,True,True,True,True,True
4997.T,4997,日本農薬,Prime,化学,,2026-10-07,2629.0,1081.0,482116475.0,416505.0,226793800.0,True,True,True,True,True,True
7780.T,7780,メニコン,Prime,精密機器,,2026-10-07,2629.0,1822.0,480578610.0,273925.0,301905400.0,True,True,True,True,True,True
8923.T,8923,トーセイ,Prime,不動産業,,2026-10-07,2629.0,1654.0,480568495.0,283160.0,913669600.0,True,True,True,True,True,True
6282.T,6282,オイレス工業,Prime,機械,,2026-10-07,2629.0,2790.0,477575210.0,164020.0,214551000.0,True,True,True,True,True,True
6023.T,6023,ダイハツインフィニアース,Standard,輸送用機器,,2026-10-07,2629.0,3400.0,477017150.0,144220.0,365840000.0,True,True,True,True,True,True
4928.T,4928,ノエビアホールディングス,Prime,化学,,2026-10-07,2629.0,4460.0,475547475.0,101850.0,293914000.0,True,True,True,True,True,True
8551.T,8551,北日本銀行,Prime,銀行業,,2026-10-07,2629.0,2940.0,475153913.548584,164815.0,371616000.0,True,True,True,True,True,True
5602.T,5602,栗本鐵工所,Prime,鉄鋼,,2026-10-07,2629.0,1593.0,473772565.0,291270.0,302510700.0,True,True,True,True,True,True
8707.T,8707,岩井コスモホールディングス,Prime,証券、商品先物取引業,,2026-10-07,2629.0,4635.0,472567600.0,101050.0,399537000.0,True,True,True,True,True,True
1965.T,1965,テクノ菱和,Standard,建設業,,2026-10-07,2629.0,2374.0,472220740.3210449,200270.0,471476400.0,True,True,True,True,True,True
4975.T,4975,ＪＣＵ,Prime,化学,,2026-10-07,2629.0,6230.0,471587850.0,80350.0,425509000.0,True,True,True,True,True,True
2001.T,2001,ニップン,Prime,食料品,,2026-10-07,2629.0,2808.0,470687175.0,161885.0,381326400.0,True,True,True,True,True,True
6794.T,6794,フォスター電機,Prime,電気機器,,2026-10-07,2629.0,3505.0,470343000.0,147175.0,751472000.0,True,True,True,True,True,True
7606.T,7606,ユナイテッドアローズ,Prime,小売業,,2026-10-07,2629.0,2419.0,468510615.0,196845.0,449208300.0,True,True,True,True,True,True
4174.T,4174,アピリッツ,Standard,情報・通信業,,2026-10-07,1372.0,1018.0,465292650.0,443330.0,50391000.0,True,True,True,True,True,True
7245.T,7245,大同メタル工業,Prime,輸送用機器,,2026-10-07,2629.0,1297.0,464212995.0,391690.0,483651300.0,True,True,True,True,True,True
4919.T,4919,ミルボン,Prime,化学,,2026-10-07,2629.0,3320.0,462191500.0,144255.0,329344000.0,True,True,True,True,True,True
6905.T,6905,コーセル,Prime,電気機器,,2026-10-07,2629.0,1483.0,461968065.0,325350.0,427548900.0,True,True,True,True,True,True
2124.T,2124,ジェイエイシーリクルートメント,Prime,サービス業,,2026-10-07,2629.0,1045.0,460915990.0,451940.0,442035000.0,True,True,True,True,True,True
4044.T,4044,セントラル硝子,Prime,化学,,2026-10-07,2629.0,4675.0,460458200.0,102555.0,395037500.0,True,True,True,True,True,True
287A.T,287A,黒田グループ,Standard,卸売業,,2026-10-07,438.0,1157.0,460332580.0,401010.0,329860700.0,True,True,True,True,True,True
7947.T,7947,エフピコ,Prime,化学,,2026-10-07,2629.0,2776.0,458734185.0,164005.0,478860000.0,True,True,True,True,True,True
9247.T,9247,ＴＲＥホールディングス,Prime,サービス業,,2026-10-07,1226.0,1812.0,458208360.0,257980.0,746906400.0,True,True,True,True,True,True
6737.T,6737,ＥＩＺＯ,Prime,電気機器,,2026-10-07,2629.0,3205.0,457560750.0,147755.0,557349500.0,True,True,True,True,True,True
9075.T,9075,福山通運,Prime,陸運業,,2026-10-07,2629.0,5910.0,454552500.0,74020.0,588636000.0,True,True,True,True,True,True
7575.T,7575,日本ライフライン,Prime,卸売業,,2026-10-07,2629.0,1480.0,453685635.0,295065.0,167832000.0,True,True,True,True,True,True
167A.T,167A,リョーサン菱洋ホールディングス,Prime,卸売業,,2026-10-07,2629.0,3250.0,453436450.0,139100.0,252200000.0,True,True,True,True,True,True
9880.T,9880,イノテック,Prime,電気機器,,2026-10-07,2629.0,3885.0,453181500.0,127545.0,341103000.0,True,True,True,True,True,True
2980.T,2980,ＳＲＥホールディングス,Prime,不動産業,,2026-10-07,1658.0,2297.0,452107605.0,195935.0,305271300.0,True,True,True,True,True,True
7475.T,7475,アルビス,Prime,小売業,,2026-10-07,2629.0,3770.0,451466125.0,120650.0,85579000.0,True,True,True,True,True,True
7236.T,7236,ティラド,Prime,輸送用機器,,2026-10-07,2629.0,1483.0,448889445.0,301860.0,186264800.0,True,True,True,True,True,True
9536.T,9536,西部ガスホールディングス,Prime,電気・ガス業,,2026-10-07,2629.0,2408.0,447230495.0,174865.0,201308800.0,True,True,True,True,True,True
7711.T,7711,助川電気工業,Standard,精密機器,,2026-10-07,2629.0,5150.0,445563400.0,86360.0,1047510000.0,True,True,True,True,True,True
3660.T,3660,アイスタイル,Prime,情報・通信業,,2026-10-07,2629.0,462.0,445233240.0,914255.0,536936400.0,True,True,True,True,True,True
3040.T,3040,ソリトンシステムズ,Prime,情報・通信業,,2026-10-07,2629.0,2841.0,444052810.0,168680.0,1547208600.0,True,True,True,True,True,True
135A.T,135A,ＶＲＡＩＮ　Ｓｏｌｕｔｉｏｎ,Growth,情報・通信業,,2026-10-07,640.0,5060.0,443346950.0,91855.0,511566000.0,True,True,True,True,True,True
3106.T,3106,倉敷紡績,Prime,繊維製品,,2026-10-07,2629.0,2465.0,440074175.0,190675.0,604171500.0,True,True,True,True,True,True
3612.T,3612,ワールド,Prime,繊維製品,,2026-10-07,1958.0,1545.0,439926020.0,280335.0,419004000.0,True,True,True,True,True,True
4221.T,4221,大倉工業,Prime,化学,,2026-10-07,2629.0,5480.0,439706200.0,80685.0,1967868000.0,True,True,True,True,True,True
9601.T,9601,松竹,Prime,情報・通信業,,2026-10-07,2629.0,10520.0,438550200.0,40440.0,532312000.0,True,True,True,True,True,True
6277.T,6277,ホソカワミクロン,Prime,機械,,2026-10-07,2629.0,6480.0,437664650.0,69620.0,338904000.0,True,True,True,True,True,True
3252.T,3252,地主,Prime,不動産業,,2026-10-07,2629.0,2681.0,436235770.0,158210.0,422525600.0,True,True,True,True,True,True
5702.T,5702,大紀アルミニウム工業所,Prime,非鉄金属,,2026-10-07,2629.0,1714.0,435174860.0,245015.0,424043600.0,True,True,True,True,True,True
2334.T,2334,イオレ,Growth,サービス業,,2026-10-07,2162.0,590.0,434735755.0,755000.0,363440000.0,True,True,True,True,True,True
6588.T,6588,東芝テック,Prime,電気機器,,2026-10-07,2629.0,2896.0,434461660.0,150945.0,461912000.0,True,True,True,True,True,True
6140.T,6140,旭ダイヤモンド工業,Prime,機械,,2026-10-07,2629.0,1155.0,432518825.0,383515.0,289443000.0,True,True,True,True,True,True
9303.T,9303,住友倉庫,Prime,倉庫・運輸関連業,,2026-10-07,2629.0,4110.0,432368400.0,104560.0,329622000.0,True,True,True,True,True,True
3399.T,3399,丸千代山岡家,Standard,小売業,,2026-10-07,2629.0,4240.0,432059225.0,111445.0,778464000.0,True,True,True,True,True,True
7241.T,7241,フタバ産業,Prime,輸送用機器,,2026-10-07,2629.0,1046.0,431553785.0,395485.0,177715400.0,True,True,True,True,True,True
3176.T,3176,三洋貿易,Prime,卸売業,,2026-10-07,2629.0,1189.0,430669490.0,371785.0,325072600.0,True,True,True,True,True,True
417A.T,417A,ブルーゾーンホールディングス,Prime,小売業,,2026-10-07,2629.0,1841.0,428526030.0,228810.0,360099600.0,True,True,True,True,True,True
1950.T,1950,日本電設工業,Prime,建設業,,2026-10-07,2629.0,3880.0,427858250.0,106105.0,417100000.0,True,True,True,True,True,True
4071.T,4071,プラスアルファ・コンサルティング,Prime,情報・通信業,,2026-10-07,1288.0,2109.0,426193305.0,205885.0,277122600.0,True,True,True,True,True,True
6810.T,6810,マクセル,Prime,電気機器,,2026-10-07,2629.0,2633.0,425854725.0,165945.0,416014000.0,True,True,True,True,True,True
2288.T,2288,丸大食品,Prime,食料品,,2026-10-07,2629.0,2131.0,425707745.0,190435.0,227590800.0,True,True,True,True,True,True
7972.T,7972,イトーキ,Prime,その他製品,,2026-10-07,2629.0,2464.0,425333725.0,172555.0,364179200.0,True,True,True,True,True,True
2874.T,2874,横浜冷凍,Prime,卸売業,,2026-10-07,2629.0,1855.0,423318230.0,203985.0,241706500.0,True,True,True,True,True,True
6521.T,6521,オキサイド,Growth,電気機器,,2026-10-07,1346.0,3450.0,422645560.0,130185.0,458505000.0,True,True,True,True,True,True
8739.T,8739,スパークス・グループ,Prime,証券、商品先物取引業,,2026-10-07,2629.0,2648.0,422051065.0,160300.0,269831200.0,True,True,True,True,True,True
3465.T,3465,ケイアイスター不動産,Prime,不動産業,,2026-10-07,2629.0,3120.0,421963475.0,131640.0,419640000.0,True,True,True,True,True,True
8051.T,8051,山善,Prime,卸売業,,2026-10-07,2629.0,1983.0,420315060.0,212300.0,638327700.0,True,True,True,True,True,True
7157.T,7157,ライフネット生命保険,Prime,保険業,,2026-10-07,2629.0,1503.0,419719455.0,290985.0,401150700.0,True,True,True,True,True,True
9274.T,9274,ＫＰＰグループホールディングス,Prime,卸売業,,2026-10-07,2025.0,1105.0,419612335.0,373860.0,311499500.0,True,True,True,True,True,True
5707.T,5707,東邦亜鉛,Prime,非鉄金属,,2026-10-07,2629.0,888.0,417328750.0,432050.0,297036000.0,True,True,True,True,True,True
7545.T,7545,西松屋チェーン,Prime,小売業,,2026-10-07,2629.0,1931.0,412629680.0,211415.0,426364800.0,True,True,True,True,True,True
4521.T,4521,科研製薬,Prime,医薬品,,2026-10-07,2629.0,3755.0,412485025.0,106540.0,487023500.0,True,True,True,True,True,True
9960.T,9960,東テク,Prime,卸売業,,2026-10-07,2629.0,4330.0,412465850.0,97745.0,351596000.0,True,True,True,True,True,True
9715.T,9715,トランス・コスモス,Prime,サービス業,,2026-10-07,2629.0,3360.0,411132225.0,116055.0,185136000.0,True,True,True,True,True,True
3844.T,3844,コムチュア,Prime,情報・通信業,,2026-10-07,2629.0,1246.0,410036625.0,315760.0,291564000.0,True,True,True,True,True,True
3491.T,3491,ＧＡ　ｔｅｃｈｎｏｌｏｇｉｅｓ,Growth,不動産業,,2026-10-07,2005.0,1316.0,409593595.0,304260.0,180818400.0,True,True,True,True,True,True
5161.T,5161,西川ゴム工業,Standard,ゴム製品,,2026-10-07,2629.0,3440.0,409098350.0,117005.0,574480000.0,True,True,True,True,True,True
1941.T,1941,中電工,Prime,建設業,,2026-10-07,2629.0,5100.0,408825700.0,79510.0,350880000.0,True,True,True,True,True,True
6866.T,6866,日置電機,Prime,電気機器,,2026-10-07,2629.0,11570.0,408775050.0,38110.0,489411000.0,True,True,True,True,True,True
9308.T,9308,乾汽船,Standard,海運業,,2026-10-07,2629.0,2240.0,408236610.0,179190.0,258720000.0,True,True,True,True,True,True
6947.T,6947,図研,Prime,電気機器,,2026-10-07,2629.0,5540.0,406244075.0,79430.0,431012000.0,True,True,True,True,True,True
4189.T,4189,ＫＨネオケム,Prime,化学,,2026-10-07,2460.0,3460.0,405164625.0,123465.0,413124000.0,True,True,True,True,True,True
8037.T,8037,カメイ,Prime,卸売業,,2026-10-07,2629.0,4655.0,404043950.0,83645.0,261145500.0,True,True,True,True,True,True
3083.T,3083,スターシーズ,Standard,小売業,,2026-10-07,2629.0,1107.0,403811040.0,352120.0,260255700.0,True,True,True,True,True,True
6995.T,6995,東海理化電機製作所,Prime,輸送用機器,,2026-10-07,2629.0,3065.0,402372100.0,128955.0,392320000.0,True,True,True,True,True,True
9605.T,9605,東映,Prime,情報・通信業,,2026-10-07,2629.0,5800.0,402334300.0,67490.0,536500000.0,True,True,True,True,True,True
7199.T,7199,プレミアグループ,Prime,その他金融業,,2026-10-07,2159.0,2133.0,401676945.0,192195.0,292434300.0,True,True,True,True,True,True
4968.T,4968,荒川化学工業,Prime,化学,,2026-10-07,2629.0,2505.0,397392635.0,174360.0,421341000.0,True,True,True,True,True,True
7995.T,7995,バルカー,Prime,化学,,2026-10-07,2629.0,7380.0,396690350.0,58265.0,542430000.0,True,True,True,True,True,True
4958.T,4958,長谷川香料,Prime,化学,,2026-10-07,2629.0,3325.0,396546575.0,116780.0,208810000.0,True,True,True,True,True,True
7730.T,7730,マニー,Prime,精密機器,,2026-10-07,2629.0,1481.0,395272270.0,271915.0,335594600.0,True,True,True,True,True,True
2379.T,2379,ディップ,Prime,サービス業,,2026-10-07,2629.0,1758.0,392488905.0,216880.0,326636400.0,True,True,True,True,True,True
6998.T,6998,日本タングステン,Standard,電気機器,,2026-10-07,2629.0,4180.0,391341050.0,100695.0,262504000.0,True,True,True,True,True,True
9997.T,9997,ベルーナ,Prime,小売業,,2026-10-07,2629.0,1020.0,391307870.0,366825.0,148410000.0,True,True,True,True,True,True
2986.T,2986,ＬＡホールディングス,Growth,不動産業,,2026-10-07,1531.0,2772.0,390732400.0,136945.0,189882000.0,True,True,True,True,True,True
4220.T,4220,リケンテクノス,Prime,化学,,2026-10-07,2629.0,2437.0,390296820.0,164470.0,401861300.0,True,True,True,True,True,True
2733.T,2733,あらた,Prime,卸売業,,2026-10-07,2629.0,2500.0,389704445.0,146505.0,213500000.0,True,True,True,True,True,True
166A.T,166A,タスキホールディングス,Growth,不動産業,,2026-10-07,615.0,980.0,389067545.0,373685.0,398860000.0,True,True,True,True,True,True
9347.T,9347,日本管財ホールディングス,Prime,サービス業,,2026-10-07,2629.0,2851.0,386846970.0,132490.0,163647400.0,True,True,True,True,True,True
6986.T,6986,双葉電子工業,Prime,電気機器,,2026-10-07,2629.0,706.0,384588130.0,506790.0,146000800.0,True,True,True,True,True,True
8059.T,8059,第一実業,Prime,卸売業,,2026-10-07,2629.0,3515.0,384367825.0,106920.0,131109500.0,True,True,True,True,True,True
1952.T,1952,新日本空調,Prime,建設業,,2026-10-07,2629.0,3115.0,383523425.0,120500.0,225526000.0,True,True,True,True,True,True
6395.T,6395,タダノ,Prime,機械,,2026-10-07,2629.0,1374.0,382950360.0,281455.0,561691200.0,True,True,True,True,True,True
1720.T,1720,東急建設,Prime,建設業,,2026-10-07,2629.0,1167.0,382826240.0,319030.0,502276800.0,True,True,True,True,True,True
8130.T,8130,サンゲツ,Prime,卸売業,,2026-10-07,2629.0,3145.0,382258350.0,120345.0,230528500.0,True,True,True,True,True,True
4553.T,4553,東和薬品,Prime,医薬品,,2026-10-07,2629.0,3585.0,382048725.0,105925.0,238044000.0,True,True,True,True,True,True
2681.T,2681,ゲオホールディングス,Prime,小売業,,2026-10-07,2629.0,2129.0,380763450.0,166590.0,467102600.0,True,True,True,True,True,True
6730.T,6730,アクセル,Standard,電気機器,,2026-10-07,2629.0,1688.0,380529700.0,260445.0,229061600.0,True,True,True,True,True,True
8395.T,8395,佐賀銀行,Prime,銀行業,,2026-10-07,2629.0,7110.0,380041650.0,55690.0,386073000.0,True,True,True,True,True,True
3036.T,3036,アルコニックス,Prime,卸売業,,2026-10-07,2629.0,3305.0,380009100.0,112490.0,371151500.0,True,True,True,True,True,True
2780.T,2780,コメ兵ホールディングス,Standard,小売業,,2026-10-07,2629.0,4510.0,379717175.0,83985.0,176341000.0,True,True,True,True,True,True
6080.T,6080,Ｍ＆Ａキャピタルパートナーズ,Prime,サービス業,,2026-10-07,2629.0,4410.0,379391775.0,89740.0,306495000.0,True,True,True,True,True,True
4095.T,4095,日本パーカライジング,Prime,化学,,2026-10-07,2629.0,1796.0,379034565.0,214105.0,403561200.0,True,True,True,True,True,True
9882.T,9882,イエローハット,Prime,卸売業,,2026-10-07,2629.0,1608.0,378870025.0,222210.0,361478400.0,True,True,True,True,True,True
9716.T,9716,乃村工藝社,Prime,サービス業,,2026-10-07,2629.0,1195.0,377714025.0,306545.0,344638000.0,True,True,True,True,True,True
7609.T,7609,ダイトロン,Prime,卸売業,,2026-10-07,2629.0,4710.0,376680400.0,89820.0,791751000.0,True,True,True,True,True,True
6668.T,6668,アドテック　プラズマ　テクノロジー,Standard,電気機器,,2026-10-07,2629.0,4940.0,376293825.0,87595.0,402610000.0,True,True,True,True,True,True
9119.T,9119,飯野海運,Prime,海運業,,2026-10-07,2629.0,1656.0,375349385.0,218400.0,354880800.0,True,True,True,True,True,True
7283.T,7283,愛三工業,Prime,輸送用機器,,2026-10-07,2629.0,2140.0,374686640.0,171355.0,204370000.0,True,True,True,True,True,True
2337.T,2337,いちご,Prime,不動産業,,2026-10-07,2629.0,384.0,370684015.0,940280.0,413568000.0,True,True,True,True,True,True
4746.T,4746,東計電算,Standard,情報・通信業,,2026-10-07,2629.0,2004.0,370517320.0,196680.0,452102400.0,True,True,True,True,True,True
7018.T,7018,内海造船,Standard,輸送用機器,,2026-10-07,2629.0,12370.0,369692400.0,27835.0,503459000.0,True,True,True,True,True,True
8934.T,8934,サンフロンティア不動産,Prime,不動産業,,2026-10-07,2629.0,2189.0,369016040.0,159175.0,261585500.0,True,True,True,True,True,True
8273.T,8273,イズミ,Prime,小売業,,2026-10-07,2629.0,935.0,366917735.0,376205.0,307241000.0,True,True,True,True,True,True
6183.T,6183,ベルシステム２４ホールディングス,Prime,サービス業,,2026-10-07,2629.0,1271.0,366082845.0,274555.0,343424200.0,True,True,True,True,True,True
3284.T,3284,フージャースホールディングス,Prime,不動産業,,2026-10-07,2629.0,1201.0,366006095.0,290010.0,179429400.0,True,True,True,True,True,True
8057.T,8057,内田洋行,Prime,卸売業,,2026-10-07,2629.0,2260.0,364681135.0,163960.0,324084000.0,True,True,True,True,True,True
6200.T,6200,インソース,Prime,サービス業,,2026-10-07,2515.0,673.0,363365720.0,527150.0,171345800.0,True,True,True,True,True,True
9699.T,9699,ニシオホールディングス,Prime,サービス業,,2026-10-07,2629.0,4155.0,363172175.0,80775.0,424225500.0,True,True,True,True,True,True
4552.T,4552,ＪＣＲファーマ,Prime,医薬品,,2026-10-07,2629.0,481.0,363077485.0,721060.0,494852800.0,True,True,True,True,True,True
6736.T,6736,サン電子,Standard,電気機器,,2026-10-07,2629.0,9810.0,362994450.0,37370.0,382590000.0,True,True,True,True,True,True
7715.T,7715,長野計器,Prime,精密機器,,2026-10-07,2629.0,4510.0,361723250.0,87045.0,339603000.0,True,True,True,True,True,True
5851.T,5851,リョービ,Prime,非鉄金属,,2026-10-07,2629.0,2709.0,360868575.0,132825.0,278485200.0,True,True,True,True,True,True
4073.T,4073,ジィ・シィ企画,Growth,情報・通信業,,2026-10-07,1229.0,901.0,359597640.0,493015.0,1487370800.0,True,True,True,True,True,True
1663.T,1663,Ｋ＆Ｏエナジーグループ,Prime,鉱業,,2026-10-07,2629.0,1884.0,359417715.0,186510.0,273745200.0,True,True,True,True,True,True
8043.T,8043,スターゼン,Prime,卸売業,,2026-10-07,2629.0,1468.0,358818980.0,235440.0,118174000.0,True,True,True,True,True,True
4275.T,4275,カーリット,Prime,化学,,2026-10-07,2629.0,1864.0,358209345.0,183330.0,195720000.0,True,True,True,True,True,True
4382.T,4382,ＨＥＲＯＺ,Standard,情報・通信業,,2026-10-07,2071.0,976.0,356676400.0,385005.0,1935603200.0,True,True,True,True,True,True
6750.T,6750,エレコム,Prime,電気機器,,2026-10-07,2629.0,2000.0,356323055.0,177590.0,214400000.0,True,True,True,True,True,True
7734.T,7734,理研計器,Prime,精密機器,,2026-10-07,2629.0,3665.0,355437900.0,101030.0,285870000.0,True,True,True,True,True,True
4548.T,4548,生化学工業,Prime,医薬品,,2026-10-07,2629.0,575.0,355296595.0,575725.0,94357500.0,True,True,True,True,True,True
8061.T,8061,西華産業,Prime,卸売業,,2026-10-07,2629.0,3085.0,353274985.0,116850.0,376987000.0,True,True,True,True,True,True
4526.T,4526,理研ビタミン,Prime,食料品,,2026-10-07,2629.0,3115.0,351936400.0,107825.0,149208500.0,True,True,True,True,True,True
8214.T,8214,ＡＯＫＩホールディングス,Prime,小売業,,2026-10-07,2629.0,1679.0,351344915.0,205915.0,120384300.0,True,True,True,True,True,True
5451.T,5451,ヨドコウ,Prime,鉄鋼,,2026-10-07,2629.0,1376.0,350942430.0,248640.0,298592000.0,True,True,True,True,True,True
2292.T,2292,Ｓ　Ｆｏｏｄｓ,Prime,食料品,,2026-10-07,2629.0,2632.0,349326145.0,128385.0,292941600.0,True,True,True,True,True,True
8218.T,8218,コメリ,Prime,小売業,,2026-10-07,2629.0,3735.0,348473275.0,90780.0,264438000.0,True,True,True,True,True,True
9948.T,9948,アークス,Prime,小売業,,2026-10-07,2629.0,3515.0,347782500.0,94600.0,272412500.0,True,True,True,True,True,True
5892.T,5892,ｙｕｔｏｒｉ,Growth,小売業,,2026-10-07,676.0,3000.0,345672940.0,121000.0,352800000.0,True,True,True,True,True,True
1815.T,1815,鉄建建設,Prime,建設業,,2026-10-07,2629.0,2190.0,343751685.0,152875.0,387630000.0,True,True,True,True,True,True
8337.T,8337,千葉興業銀行,Prime,銀行業,,2026-10-07,2629.0,2760.0,342845485.0,125450.0,414828000.0,True,True,True,True,True,True
8179.T,8179,ロイヤルホールディングス,Prime,小売業,,2026-10-07,2629.0,1293.0,341867620.0,258615.0,234033000.0,True,True,True,True,True,True
8160.T,8160,木曽路,Prime,小売業,,2026-10-07,2629.0,2301.0,341399800.0,143810.0,266225700.0,True,True,True,True,True,True
7976.T,7976,三菱鉛筆,Prime,その他製品,,2026-10-07,2629.0,3485.0,341380875.0,102055.0,364531000.0,True,True,True,True,True,True
4390.T,4390,ＩＰＳ,Prime,情報・通信業,,2026-10-07,2025.0,3435.0,340852875.0,89995.0,1323849000.0,True,True,True,True,True,True
7516.T,7516,コーナン商事,Prime,小売業,,2026-10-07,2629.0,4365.0,340336075.0,76095.0,347017500.0,True,True,True,True,True,True
1852.T,1852,淺沼組,Prime,建設業,,2026-10-07,2629.0,851.0,338884570.0,384185.0,472134800.0,True,True,True,True,True,True
4064.T,4064,日本カーバイド工業,Prime,化学,,2026-10-07,2629.0,3805.0,338061775.0,93290.0,306302500.0,True,True,True,True,True,True
2317.T,2317,システナ,Prime,情報・通信業,,2026-10-07,2629.0,425.0,337197425.0,782510.0,233622500.0,True,True,True,True,True,True
6209.T,6209,リケンＮＰＲ,Prime,機械,,2026-10-07,735.0,3880.0,335863775.0,86140.0,186240000.0,True,True,True,True,True,True
1946.T,1946,トーエネック,Prime,建設業,,2026-10-07,2629.0,2128.0,334026390.0,151755.0,217694400.0,True,True,True,True,True,True
3663.T,3663,セルシス,Prime,情報・通信業,,2026-10-07,2629.0,1769.0,332920470.0,183645.0,304798700.0,True,True,True,True,True,True
4432.T,4432,ウイングアーク１ｓｔ,Prime,情報・通信業,,2026-10-07,1360.0,3380.0,332625350.0,101390.0,318396000.0,True,True,True,True,True,True
9692.T,9692,シーイーシー,Prime,情報・通信業,,2026-10-07,2629.0,2216.0,332159270.0,149360.0,202764000.0,True,True,True,True,True,True
3087.T,3087,ドトール・日レスホールディングス,Prime,小売業,,2026-10-07,2629.0,3145.0,329845550.0,102070.0,290912500.0,True,True,True,True,True,True
8566.T,8566,リコーリース,Prime,その他金融業,,2026-10-07,2629.0,6320.0,329791850.0,48990.0,325480000.0,True,True,True,True,True,True
6838.T,6838,多摩川ホールディングス,Standard,電気機器,,2026-10-07,2629.0,1465.0,329542430.0,227980.0,152506500.0,True,True,True,True,True,True
4559.T,4559,ゼリア新薬工業,Prime,医薬品,,2026-10-07,2629.0,1923.0,328157435.0,165655.0,175954500.0,True,True,True,True,True,True
9632.T,9632,スバル興業,Standard,サービス業,,2026-10-07,2629.0,4860.0,328009450.0,71020.0,326106000.0,True,True,True,True,True,True
7246.T,7246,プレス工業,Prime,輸送用機器,,2026-10-07,2629.0,979.0,327610300.0,328180.0,196876900.0,True,True,True,True,True,True
4825.T,4825,ウェザーニューズ,Prime,情報・通信業,,2026-10-07,2629.0,1960.0,327480320.0,164260.0,346332000.0,True,True,True,True,True,True
9304.T,9304,澁澤倉庫,Prime,倉庫・運輸関連業,,2026-10-07,2629.0,2089.0,327320495.0,153780.0,287446400.0,True,True,True,True,True,True
6340.T,6340,澁谷工業,Prime,機械,,2026-10-07,2629.0,5860.0,326992850.0,59705.0,376212000.0,True,True,True,True,True,True
3880.T,3880,大王製紙,Prime,パルプ・紙,,2026-10-07,2629.0,938.0,326017305.0,330250.0,265078800.0,True,True,True,True,True,True
8005.T,8005,スクロール,Prime,小売業,,2026-10-07,2629.0,1718.0,325924205.0,184825.0,234335200.0,True,True,True,True,True,True
3661.T,3661,エムアップホールディングス,Prime,情報・通信業,,2026-10-07,2629.0,825.0,324918455.0,403470.0,217717500.0,True,True,True,True,True,True
6492.T,6492,岡野バルブ製造,Standard,機械,,2026-10-07,2629.0,15390.0,324655900.0,21365.0,400140000.0,True,True,True,True,True,True
8897.T,8897,ＭＩＲＡＲＴＨホールディングス,Prime,不動産業,,2026-10-07,2629.0,423.0,324527465.0,731795.0,206762400.0,True,True,True,True,True,True
4973.T,4973,日本高純度化学,Prime,化学,,2026-10-07,2629.0,5050.0,324425175.0,66450.0,340370000.0,True,True,True,True,True,True
3222.T,3222,ユナイテッド・スーパーマーケット・ホールディングス,Standard,小売業,,2026-10-07,2629.0,800.0,323698090.0,390350.0,269840000.0,True,True,True,True,True,True
4633.T,4633,サカタインクス,Prime,化学,,2026-10-07,2629.0,2623.0,323297350.0,123790.0,312137000.0,True,True,True,True,True,True
5121.T,5121,藤倉コンポジット,Prime,ゴム製品,,2026-10-07,2629.0,3050.0,323214305.0,111485.0,342515000.0,True,True,True,True,True,True
6469.T,6469,放電精密加工研究所,Standard,機械,,2026-10-07,2629.0,2973.0,322735505.0,110195.0,2048397000.0,True,True,True,True,True,True
6118.T,6118,アイダエンジニアリング,Prime,機械,,2026-10-07,2629.0,1228.0,322531540.0,261325.0,235530400.0,True,True,True,True,True,True
8613.T,8613,丸三証券,Prime,証券、商品先物取引業,,2026-10-07,2629.0,1203.0,322010095.0,253900.0,211006200.0,True,True,True,True,True,True
3932.T,3932,アカツキ,Prime,情報・通信業,,2026-10-07,2599.0,1273.0,321433442.4682617,258715.0,349820400.0,True,True,True,True,True,True
3854.T,3854,アイル,Prime,情報・通信業,,2026-10-07,2629.0,2072.0,320595475.0,149940.0,130536000.0,True,True,True,True,True,True
3191.T,3191,ジョイフル本田,Prime,小売業,,2026-10-07,2629.0,2207.0,319760735.0,141745.0,214520400.0,True,True,True,True,True,True
9511.T,9511,沖縄電力,Prime,電気・ガス業,,2026-10-07,2629.0,1142.0,319506405.0,268315.0,182377400.0,True,True,True,True,True,True
3673.T,3673,ブロードリーフ,Prime,情報・通信業,,2026-10-07,2629.0,465.0,318537445.0,679940.0,448027500.0,True,True,True,True,True,True
9551.T,9551,メタウォーター,Prime,電気・ガス業,,2026-10-07,2629.0,3190.0,317984675.0,102295.0,566863000.0,True,True,True,True,True,True
2154.T,2154,オープンアップグループ,Prime,サービス業,,2026-10-07,2629.0,1955.0,316682705.0,159405.0,309085500.0,True,True,True,True,True,True
9672.T,9672,東京都競馬,Prime,サービス業,,2026-10-07,2629.0,4710.0,314812050.0,65300.0,263760000.0,True,True,True,True,True,True
9039.T,9039,サカイ引越センター,Prime,陸運業,,2026-10-07,2629.0,2975.0,314369670.0,104795.0,174037500.0,True,True,True,True,True,True
7476.T,7476,アズワン,Prime,卸売業,,2026-10-07,2629.0,2478.0,314355230.0,126120.0,266385000.0,True,True,True,True,True,True
5031.T,5031,モイ,Growth,情報・通信業,,2026-10-07,1086.0,388.0,313598665.0,774435.0,46055600.0,True,True,True,True,True,True
3076.T,3076,あい　ホールディングス,Prime,卸売業,,2026-10-07,2629.0,2986.0,312521810.0,104665.0,200659200.0,True,True,True,True,True,True
4431.T,4431,スマレジ,Growth,情報・通信業,,2026-10-07,1854.0,3835.0,311967100.0,91180.0,454831000.0,True,True,True,True,True,True
6840.T,6840,ＡＫＩＢＡホールディングス,Standard,電気機器,,2026-10-07,2629.0,864.0,311880730.0,369465.0,136166400.0,True,True,True,True,True,True
3148.T,3148,クリエイトＳＤホールディングス,Prime,小売業,,2026-10-07,2629.0,3090.0,311749100.0,96275.0,649827000.0,True,True,True,True,True,True
9470.T,9470,学研ホールディングス,Prime,情報・通信業,,2026-10-07,2629.0,998.0,311326825.0,294730.0,115169200.0,True,True,True,True,True,True
9278.T,9278,ブックオフグループホールディングス,Prime,小売業,,2026-10-07,1957.0,2880.0,309452720.0,109375.0,291456000.0,True,True,True,True,True,True
8151.T,8151,東陽テクニカ,Prime,卸売業,,2026-10-07,2629.0,1885.0,308884185.0,165910.0,242599500.0,True,True,True,True,True,True
8614.T,8614,東洋証券,Prime,証券、商品先物取引業,,2026-10-07,2629.0,694.0,308484355.0,436580.0,170932200.0,True,True,True,True,True,True
6570.T,6570,共和コーポレーション,Standard,サービス業,,2026-10-07,2097.0,4550.0,308181750.0,78415.0,407225000.0,True,True,True,True,True,True
5975.T,5975,東プレ,Prime,金属製品,,2026-10-07,2629.0,3380.0,307820775.0,92110.0,297778000.0,True,True,True,True,True,True
1934.T,1934,ユアテック,Prime,建設業,,2026-10-07,2629.0,2482.0,307640380.0,118500.0,227847600.0,True,True,True,True,True,True
8622.T,8622,水戸証券,Prime,証券、商品先物取引業,,2026-10-07,2629.0,843.0,306766530.0,335935.0,183436800.0,True,True,True,True,True,True
3968.T,3968,セグエグループ,Prime,情報・通信業,,2026-10-07,2411.0,755.0,306723050.0,432135.0,1553790000.0,True,True,True,True,True,True
5192.T,5192,三ツ星ベルト,Prime,ゴム製品,,2026-10-07,2629.0,4155.0,306242700.0,72335.0,246807000.0,True,True,True,True,True,True
4658.T,4658,日本空調サービス,Prime,サービス業,,2026-10-07,2629.0,1567.0,305078665.0,190390.0,179108100.0,True,True,True,True,True,True
218A.T,218A,Ｌｉｂｅｒａｗａｒｅ,Growth,精密機器,,2026-10-07,534.0,1048.0,305037750.0,290930.0,151331200.0,True,True,True,True,True,True
6744.T,6744,能美防災,Prime,電気機器,,2026-10-07,2629.0,3990.0,304926225.0,76110.0,293265000.0,True,True,True,True,True,True
6349.T,6349,小森コーポレーション,Prime,機械,,2026-10-07,2629.0,1981.0,303632645.0,153400.0,179874800.0,True,True,True,True,True,True
9887.T,9887,松屋フーズホールディングス,Prime,小売業,,2026-10-07,2629.0,5150.0,303273700.0,58550.0,169435000.0,True,True,True,True,True,True
8097.T,8097,三愛オブリ,Prime,卸売業,,2026-10-07,2629.0,2378.0,302821595.0,124895.0,274896800.0,True,True,True,True,True,True
1945.T,1945,東京エネシス,Prime,建設業,,2026-10-07,2629.0,2106.0,302802145.0,142035.0,244085400.0,True,True,True,True,True,True
4549.T,4549,栄研化学,Prime,医薬品,,2026-10-07,2629.0,2367.0,302486235.0,131275.0,315284400.0,True,True,True,True,True,True
3153.T,3153,八洲電機,Prime,卸売業,,2026-10-07,2629.0,3130.0,302350965.0,96700.0,111115000.0,True,True,True,True,True,True
9416.T,9416,ビジョン,Prime,情報・通信業,,2026-10-07,2629.0,1016.0,302248080.0,287380.0,289864800.0,True,True,True,True,True,True
3131.T,3131,シンデン・ハイテックス,Standard,卸売業,,2026-10-07,2629.0,8700.0,301855650.0,41235.0,426300000.0,True,True,True,True,True,True
1766.T,1766,東建コーポレーション,Prime,建設業,,2026-10-07,2629.0,12750.0,301116250.0,22815.0,266475000.0,True,True,True,True,True,True
6651.T,6651,日東工業,Prime,電気機器,,2026-10-07,2629.0,4545.0,300254300.0,68170.0,373599000.0,True,True,True,True,True,True
5632.T,5632,三菱製鋼,Prime,鉄鋼,,2026-10-07,2629.0,2426.0,299895485.0,122285.0,240901800.0,True,True,True,True,True,True
2220.T,2220,亀田製菓,Prime,食料品,,2026-10-07,2629.0,1253.0,298117415.0,228500.0,257742100.0,True,True,True,True,True,True
8715.T,8715,アニコム　ホールディングス,Prime,保険業,,2026-10-07,2629.0,1039.0,296911400.0,288885.0,212891100.0,True,True,True,True,True,True
4547.T,4547,キッセイ薬品工業,Prime,医薬品,,2026-10-07,2629.0,3695.0,296840800.0,76585.0,262345000.0,True,True,True,True,True,True
5186.T,5186,ニッタ,Prime,ゴム製品,,2026-10-07,2629.0,7070.0,296383650.0,43775.0,304717000.0,True,True,True,True,True,True
262A.T,262A,インターメスティック,Prime,小売業,,2026-10-07,479.0,1682.0,296381710.0,172025.0,188215800.0,True,True,True,True,True,True
9842.T,9842,アークランズ,Prime,小売業,,2026-10-07,2629.0,1849.0,295124115.0,157675.0,218551800.0,True,True,True,True,True,True
8706.T,8706,極東証券,Prime,証券、商品先物取引業,,2026-10-07,2629.0,1726.0,294713880.0,160230.0,182610800.0,True,True,True,True,True,True
7856.T,7856,萩原工業,Prime,その他製品,,2026-10-07,2629.0,2023.0,294352200.0,146535.0,207357500.0,True,True,True,True,True,True
8276.T,8276,平和堂,Prime,小売業,,2026-10-07,2629.0,2518.0,294158815.0,112105.0,240217200.0,True,True,True,True,True,True
6877.T,6877,ＯＢＡＲＡ　ＧＲＯＵＰ,Standard,電気機器,,2026-10-07,2629.0,6500.0,293539900.0,50345.0,552500000.0,True,True,True,True,True,True
5911.T,5911,横河ブリッジホールディングス,Prime,金属製品,,2026-10-07,2629.0,2860.0,293014190.0,99140.0,354354000.0,True,True,True,True,True,True
1835.T,1835,東鉄工業,Prime,建設業,,2026-10-07,2629.0,3770.0,292183425.0,75335.0,286520000.0,True,True,True,True,True,True
9889.T,9889,ＪＢＣＣホールディングス,Prime,情報・通信業,,2026-10-07,2629.0,1742.0,291387830.0,173180.0,291785000.0,True,True,True,True,True,True
4393.T,4393,バンク・オブ・イノベーション,Growth,情報・通信業,,2026-10-07,2006.0,6470.0,290412900.0,48425.0,502719000.0,True,True,True,True,True,True
6742.T,6742,京三製作所,Prime,電気機器,,2026-10-07,2629.0,1179.0,290342610.0,268715.0,317976300.0,True,True,True,True,True,True
7743.T,7743,シード,Prime,精密機器,,2026-10-07,2629.0,793.0,289589725.0,365435.0,123866600.0,True,True,True,True,True,True
6745.T,6745,ホーチキ,Prime,電気機器,,2026-10-07,2629.0,1965.0,289536075.0,150495.0,216936000.0,True,True,True,True,True,True
7224.T,7224,新明和工業,Prime,輸送用機器,,2026-10-07,2629.0,1874.0,289457965.0,151110.0,294405400.0,True,True,True,True,True,True
6638.T,6638,ミマキエンジニアリング,Prime,電気機器,,2026-10-07,2629.0,2260.0,289094300.0,138520.0,142154000.0,True,True,True,True,True,True
7172.T,7172,ジャパンインベストメントアドバイザー,Prime,証券、商品先物取引業,,2026-10-07,2629.0,2133.0,288426285.0,136000.0,189623700.0,True,True,True,True,True,True
6929.T,6929,日本セラミック,Prime,電気機器,,2026-10-07,2629.0,3740.0,288304275.0,78550.0,301444000.0,True,True,True,True,True,True
8255.T,8255,アクシアル　リテイリング,Prime,小売業,,2026-10-07,2629.0,1266.0,288159060.0,220025.0,194837400.0,True,True,True,True,True,True
6317.T,6317,北川鉄工所,Standard,機械,,2026-10-07,2629.0,2484.0,288108615.0,117805.0,93895200.0,True,True,True,True,True,True
8558.T,8558,東和銀行,Prime,銀行業,,2026-10-07,2629.0,1527.0,287875550.0,188225.0,341742600.0,True,True,True,True,True,True
8850.T,8850,スターツコーポレーション,Prime,不動産業,,2026-10-07,2629.0,4520.0,287783400.0,61650.0,362504000.0,True,True,True,True,True,True
4840.T,4840,トライアイズ,Growth,サービス業,,2026-10-07,2629.0,891.0,287134450.0,362650.0,216780300.0,True,True,True,True,True,True
3395.T,3395,サンマルクホールディングス,Prime,小売業,,2026-10-07,2629.0,2445.0,287092900.0,115635.0,166015500.0,True,True,True,True,True,True
4674.T,4674,クレスコ,Prime,情報・通信業,,2026-10-07,2629.0,1928.0,284433595.0,154360.0,133032000.0,True,True,True,True,True,True
6962.T,6962,大真空,Prime,電気機器,,2026-10-07,2629.0,900.0,284066915.0,345190.0,378540000.0,True,True,True,True,True,True
6677.T,6677,エスケーエレクトロニクス,Standard,電気機器,,2026-10-07,2629.0,3135.0,283713925.0,88650.0,168036000.0,True,True,True,True,True,True
1968.T,1968,太平電業,Prime,建設業,,2026-10-07,2629.0,2446.0,283589710.0,112800.0,271995200.0,True,True,True,True,True,True
7970.T,7970,信越ポリマー,Prime,化学,,2026-10-07,2629.0,2478.0,283255385.0,121045.0,433402200.0,True,True,True,True,True,True
5367.T,5367,ニッカトー,Standard,ガラス・土石製品,,2026-10-07,2629.0,1474.0,281172500.0,197575.0,324427400.0,True,True,True,True,True,True
8032.T,8032,日本紙パルプ商事,Prime,卸売業,,2026-10-07,2629.0,1226.0,281055865.0,225095.0,238579600.0,True,True,True,True,True,True
8011.T,8011,三陽商会,Prime,繊維製品,,2026-10-07,2629.0,1276.0,280891315.0,210655.0,428863600.0,True,True,True,True,True,True
2929.T,2929,ファーマフーズ,Prime,食料品,,2026-10-07,2629.0,687.0,280669575.0,404065.0,137468700.0,True,True,True,True,True,True
6676.T,6676,ＢＵＦＦＡＬＯ,Standard,電気機器,,2026-10-07,2629.0,3495.0,280506575.0,82175.0,217738500.0,True,True,True,True,True,True
9746.T,9746,ＴＫＣ,Prime,情報・通信業,,2026-10-07,2629.0,4025.0,279908100.0,68560.0,302680000.0,True,True,True,True,True,True
3034.T,3034,クオールホールディングス,Prime,小売業,,2026-10-07,2629.0,2363.0,279896960.0,119735.0,220467900.0,True,True,True,True,True,True
7981.T,7981,タカラスタンダード,Prime,その他製品,,2026-10-07,2629.0,3010.0,279772150.0,90945.0,239596000.0,True,True,True,True,True,True
5480.T,5480,日本冶金工業,Prime,鉄鋼,,2026-10-07,2629.0,5260.0,279352250.0,52105.0,373460000.0,True,True,True,True,True,True
7513.T,7513,コジマ,Prime,小売業,,2026-10-07,2629.0,1440.0,278813945.0,192070.0,250416000.0,True,True,True,True,True,True
7794.T,7794,イーディーピー,Growth,その他製品,,2026-10-07,1047.0,1038.0,277841670.0,273400.0,137638800.0,True,True,True,True,True,True
5572.T,5572,Ｒｉｄｇｅ－ｉ,Growth,情報・通信業,,2026-10-07,841.0,3130.0,277378225.0,92350.0,96404000.0,True,True,True,True,True,True
2395.T,2395,新日本科学,Prime,サービス業,,2026-10-07,2629.0,1439.0,277351135.0,203860.0,845124700.0,True,True,True,True,True,True
6287.T,6287,サトー,Prime,機械,,2026-10-07,2629.0,2631.0,276920560.0,103545.0,258890400.0,True,True,True,True,True,True
5288.T,5288,アジアパイルホールディングス,Prime,ガラス・土石製品,,2026-10-07,2629.0,1414.0,276884450.0,189335.0,174346200.0,True,True,True,True,True,True
8708.T,8708,アイザワ証券グループ,Prime,証券、商品先物取引業,,2026-10-07,2629.0,1640.0,276591815.0,160945.0,185648000.0,True,True,True,True,True,True
4274.T,4274,細谷火工,Standard,化学,,2026-10-07,2629.0,1101.0,276408550.0,236080.0,26974500.0,True,True,True,True,True,True
6440.T,6440,ＪＵＫＩ,Prime,機械,,2026-10-07,2629.0,807.0,276309115.0,348525.0,205704300.0,True,True,True,True,True,True
3608.T,3608,ＴＳＩホールディングス,Prime,繊維製品,,2026-10-07,2629.0,1203.0,276266380.0,226385.0,238795500.0,True,True,True,True,True,True
7613.T,7613,シークス,Prime,卸売業,,2026-10-07,2629.0,1644.0,275741105.0,175115.0,285727200.0,True,True,True,True,True,True
6597.T,6597,ＨＰＣシステムズ,Growth,電気機器,,2026-10-07,1715.0,3875.0,275620525.0,71610.0,335187500.0,True,True,True,True,True,True
7593.T,7593,ＶＴホールディングス,Prime,小売業,,2026-10-07,2629.0,506.0,273947915.0,527605.0,165613800.0,True,True,True,True,True,True
6859.T,6859,エスペック,Prime,電気機器,,2026-10-07,2629.0,4460.0,271809200.0,66915.0,487478000.0,True,True,True,True,True,True
9552.T,9552,Ｍ＆Ａ総研ホールディングス,Prime,サービス業,,2026-10-07,1046.0,1078.0,271348695.0,257640.0,263678800.0,True,True,True,True,True,True
409A.T,409A,オリオンビール,Prime,食料品,,2026-10-07,251.0,1048.0,270653480.0,243405.0,260323200.0,True,True,True,True,True,True
3093.T,3093,トレジャー・ファクトリー,Prime,小売業,,2026-10-07,2629.0,1957.0,268728685.0,140855.0,145405100.0,True,True,True,True,True,True
6145.T,6145,ＮＩＴＴＯＫＵ,Standard,機械,,2026-10-07,2629.0,2857.0,268564490.0,101390.0,175419800.0,True,True,True,True,True,True
5410.T,5410,合同製鐵,Prime,鉄鋼,,2026-10-07,2629.0,2818.0,268443070.0,89410.0,159217000.0,True,True,True,True,True,True
6284.T,6284,日精エー・エス・ビー機械,Prime,機械,,2026-10-07,2629.0,8480.0,267989450.0,31670.0,190800000.0,True,True,True,True,True,True
8771.T,8771,イー・ギャランティ,Prime,その他金融業,,2026-10-07,2629.0,1742.0,267940015.0,153410.0,268442200.0,True,True,True,True,True,True
5381.T,5381,マイポックス,Standard,ガラス・土石製品,,2026-10-07,2629.0,1208.0,266305530.0,255705.0,613060000.0,True,True,True,True,True,True
8163.T,8163,ＳＲＳホールディングス,Prime,小売業,,2026-10-07,2629.0,1435.0,266135960.0,180400.0,250551000.0,True,True,True,True,True,True
9757.T,9757,船井総研ホールディングス,Prime,サービス業,,2026-10-07,2629.0,1164.0,263613245.0,224640.0,174832800.0,True,True,True,True,True,True
9828.T,9828,Ｇｅｎｋｉ　Ｇｌｏｂａｌ　Ｄｉｎｉｎｇ　Ｃｏｎｃｅｐｔｓ,Standard,小売業,,2026-10-07,2629.0,3370.0,263375600.0,78815.0,161086000.0,True,True,True,True,True,True
8133.T,8133,伊藤忠エネクス,Prime,卸売業,,2026-10-07,2629.0,2222.0,263299090.0,114940.0,132431200.0,True,True,True,True,True,True
7085.T,7085,カーブスホールディングス,Prime,サービス業,,2026-10-07,1613.0,926.0,263110945.0,294005.0,337804800.0,True,True,True,True,True,True
7821.T,7821,前田工繊,Prime,その他製品,,2026-10-07,2629.0,1967.0,262096670.0,134225.0,239187200.0,True,True,True,True,True,True
3696.T,3696,セレス,Prime,情報・通信業,,2026-10-07,2629.0,2300.0,262017135.0,117825.0,259670000.0,True,True,True,True,True,True
7944.T,7944,ローランド,Prime,その他製品,,2026-10-07,2629.0,3680.0,261617375.0,70520.0,197248000.0,True,True,True,True,True,True
4420.T,4420,イーソル,Standard,情報・通信業,,2026-10-07,1947.0,819.0,259954040.0,316845.0,424651500.0,True,True,True,True,True,True
9902.T,9902,日伝,Prime,卸売業,,2026-10-07,2629.0,3245.0,259054775.0,80620.0,171336000.0,True,True,True,True,True,True
7595.T,7595,アルゴグラフィックス,Prime,情報・通信業,,2026-10-07,2629.0,1226.0,258968995.0,206550.0,252188200.0,True,True,True,True,True,True
1982.T,1982,日比谷総合設備,Prime,建設業,,2026-10-07,2629.0,3210.0,258627350.0,81235.0,131931000.0,True,True,True,True,True,True
9413.T,9413,テレビ東京ホールディングス,Prime,情報・通信業,,2026-10-07,2629.0,3260.0,258394700.0,77185.0,172454000.0,True,True,True,True,True,True
3443.T,3443,川田テクノロジーズ,Prime,金属製品,,2026-10-07,2629.0,1337.0,257980290.0,186985.0,206833900.0,True,True,True,True,True,True
3825.T,3825,リミックスポイント,Standard,小売業,,2026-10-07,2629.0,246.0,257311000.0,1072885.0,171880200.0,True,True,True,True,True,True
6309.T,6309,巴工業,Prime,機械,,2026-10-07,2629.0,1947.0,255916255.0,129800.0,261871500.0,True,True,True,True,True,True
6339.T,6339,新東工業,Prime,機械,,2026-10-07,2629.0,1131.0,255558510.0,217320.0,163655700.0,True,True,True,True,True,True
1898.T,1898,世紀東急工業,Prime,建設業,,2026-10-07,2629.0,1425.0,255310745.0,174035.0,321195000.0,True,True,True,True,True,True
9025.T,9025,鴻池運輸,Prime,陸運業,,2026-10-07,2629.0,2742.0,254457265.0,88665.0,142858200.0,True,True,True,True,True,True
6336.T,6336,石井表記,Standard,機械,,2026-10-07,2629.0,1694.0,251655830.0,162685.0,85377600.0,True,True,True,True,True,True
5842.T,5842,インテグラル,Growth,証券、商品先物取引業,,2026-10-07,743.0,2800.0,251504005.0,86305.0,229040000.0,True,True,True,True,True,True
1814.T,1814,大末建設,Prime,建設業,,2026-10-07,2629.0,3425.0,250916600.0,70510.0,267492500.0,True,True,True,True,True,True
8624.T,8624,いちよし証券,Prime,証券、商品先物取引業,,2026-10-07,2629.0,1606.0,250755665.0,149800.0,147591400.0,True,True,True,True,True,True
5461.T,5461,中部鋼鈑,Prime,鉄鋼,,2026-10-07,922.0,2130.0,250277350.0,117440.0,264120000.0,True,True,True,True,True,True
8079.T,8079,正栄食品工業,Prime,卸売業,,2026-10-07,2629.0,4260.0,249369300.0,56865.0,382548000.0,True,True,True,True,True,True
4889.T,4889,レナサイエンス,Growth,医薬品,,2026-10-07,1231.0,1051.0,247807370.0,213710.0,392968900.0,True,True,True,True,True,True
4222.T,4222,児玉化学工業,Standard,化学,,2026-10-07,2629.0,639.0,246510790.0,367185.0,176044500.0,True,True,True,True,True,True
8125.T,8125,ワキタ,Prime,卸売業,,2026-10-07,2629.0,1862.0,246235120.0,126715.0,269990000.0,True,True,True,True,True,True
9869.T,9869,加藤産業,Prime,卸売業,,2026-10-07,2629.0,6680.0,246020450.0,36590.0,132932000.0,True,True,True,True,True,True
9830.T,9830,トラスコ中山,Prime,卸売業,,2026-10-07,2629.0,2395.0,245706535.0,102690.0,354220500.0,True,True,True,True,True,True
7177.T,7177,ＧＭＯフィナンシャルホールディングス,Standard,証券、商品先物取引業,,2026-10-07,2629.0,1141.0,245704215.0,210470.0,286505100.0,True,True,True,True,True,True
6741.T,6741,日本信号,Prime,電気機器,,2026-10-07,2629.0,1829.0,244947385.0,136295.0,236855500.0,True,True,True,True,True,True
6088.T,6088,シグマクシス・ホールディングス,Prime,サービス業,,2026-10-07,2629.0,586.0,244844155.0,427750.0,182773400.0,True,True,True,True,True,True
3946.T,3946,トーモク,Prime,パルプ・紙,,2026-10-07,2629.0,4340.0,244433500.0,55535.0,131502000.0,True,True,True,True,True,True
4008.T,4008,住友精化,Prime,化学,,2026-10-07,2629.0,1492.0,244375350.0,164470.0,147558800.0,True,True,True,True,True,True
9348.T,9348,ｉｓｐａｃｅ,Growth,サービス業,,2026-10-07,851.0,396.0,244186800.0,600985.0,1056726000.0,True,True,True,True,True,True
7383.T,7383,ネットプロテクションズホールディングス,Prime,その他金融業,,2026-10-07,1175.0,369.0,243911355.0,629810.0,217230300.0,True,True,True,True,True,True
7280.T,7280,ミツバ,Prime,電気機器,,2026-10-07,2629.0,1303.0,243856570.0,182555.0,156750900.0,True,True,True,True,True,True
4320.T,4320,ＣＥホールディングス,Standard,情報・通信業,,2026-10-07,2629.0,1629.0,243804395.0,148785.0,373203900.0,True,True,True,True,True,True
6458.T,6458,新晃工業,Prime,機械,,2026-10-07,2629.0,1215.0,243396195.0,198790.0,243243000.0,True,True,True,True,True,True
2749.T,2749,ＪＰホールディングス,Prime,サービス業,,2026-10-07,2629.0,636.0,242566830.0,368070.0,94255200.0,True,True,True,True,True,True
9534.T,9534,北海道瓦斯,Prime,電気・ガス業,,2026-10-07,2629.0,849.0,242333200.0,264945.0,131510100.0,True,True,True,True,True,True
4246.T,4246,ダイキョーニシカワ,Prime,化学,,2026-10-07,2629.0,1063.0,240318365.0,222730.0,134150600.0,True,True,True,True,True,True
7745.T,7745,Ａ＆Ｄホロンホールディングス,Prime,精密機器,,2026-10-07,2629.0,2965.0,239970620.0,82420.0,237496500.0,True,True,True,True,True,True
5262.T,5262,日本ヒューム,Prime,ガラス・土石製品,,2026-10-07,2629.0,1048.0,238621190.0,213435.0,209914400.0,True,True,True,True,True,True
4985.T,4985,アース製薬,Prime,化学,,2026-10-07,2629.0,4680.0,238426800.0,50975.0,298116000.0,True,True,True,True,True,True
6517.T,6517,デンヨー,Prime,電気機器,,2026-10-07,2629.0,3995.0,236616925.0,59300.0,779424500.0,True,True,True,True,True,True
7239.T,7239,タチエス,Prime,輸送用機器,,2026-10-07,2629.0,2290.0,235451910.0,101050.0,180452000.0,True,True,True,True,True,True
3193.T,3193,エターナルホスピタリティグループ,Prime,小売業,,2026-10-07,2629.0,1299.0,235196630.0,177915.0,105868500.0,True,True,True,True,True,True
7412.T,7412,アトム,Standard,小売業,,2026-10-07,2629.0,315.0,234614640.0,691685.0,212656500.0,True,True,True,True,True,True
1870.T,1870,矢作建設工業,Prime,建設業,,2026-10-07,2629.0,2048.0,233935290.0,109860.0,169984000.0,True,True,True,True,True,True
5970.T,5970,ジーテクト,Prime,金属製品,,2026-10-07,2629.0,2186.0,233856710.0,104870.0,130285600.0,True,True,True,True,True,True
6533.T,6533,Ｏｒｃｈｅｓｔｒａ　Ｈｏｌｄｉｎｇｓ,Prime,サービス業,,2026-10-07,2477.0,2100.0,233699350.0,124775.0,186900000.0,True,True,True,True,True,True
6194.T,6194,アトラエ,Prime,サービス業,,2026-10-07,2540.0,940.0,233178695.0,258605.0,173900000.0,True,True,True,True,True,True
3441.T,3441,山王,Standard,金属製品,,2026-10-07,2629.0,1840.0,232774380.0,117190.0,134688000.0,True,True,True,True,True,True
4446.T,4446,Ｌｉｎｋ－Ｕグループ,Prime,情報・通信業,,2026-10-07,1762.0,708.0,232612060.0,306160.0,107262000.0,True,True,True,True,True,True
3276.T,3276,ＪＰＭＣ,Prime,不動産業,,2026-10-07,2629.0,2262.0,231678885.0,102670.0,92515800.0,True,True,True,True,True,True
2918.T,2918,わらべや日洋ホールディングス,Prime,食料品,,2026-10-07,2629.0,2613.0,231645155.0,85975.0,379668900.0,True,True,True,True,True,True
6584.T,6584,三櫻工業,Prime,輸送用機器,,2026-10-07,2629.0,760.0,231602140.0,298490.0,191140000.0,True,True,True,True,True,True
6785.T,6785,鈴木,Prime,電気機器,,2026-10-07,2629.0,3570.0,230886975.0,71070.0,235263000.0,True,True,True,True,True,True
4109.T,4109,ステラ　ケミファ,Prime,化学,,2026-10-07,2629.0,5560.0,230429550.0,42915.0,186816000.0,True,True,True,True,True,True
3482.T,3482,ロードスターキャピタル,Prime,不動産業,,2026-10-07,2219.0,2449.0,228914965.0,90530.0,201797600.0,True,True,True,True,True,True
3539.T,3539,ＪＭホールディングス,Prime,小売業,,2026-10-07,2575.0,1441.0,228442905.0,160405.0,131563300.0,True,True,True,True,True,True
6226.T,6226,守谷輸送機工業,Standard,機械,,2026-10-07,1114.0,2269.0,228222210.0,103410.0,249816900.0,True,True,True,True,True,True
6844.T,6844,新電元工業,Prime,電気機器,,2026-10-07,2629.0,3105.0,227752440.0,75885.0,186921000.0,True,True,True,True,True,True
7504.T,7504,高速,Prime,卸売業,,2026-10-07,2629.0,4455.0,227707775.0,51345.0,194238000.0,True,True,True,True,True,True
5136.T,5136,ｔｒｉｐｌａ,Growth,情報・通信業,,2026-10-07,945.0,2577.0,227124735.0,97250.0,210283200.0,True,True,True,True,True,True
8713.T,8713,フィデアホールディングス,Prime,銀行業,,2026-10-07,2629.0,2753.0,226667560.0,80700.0,306684200.0,True,True,True,True,True,True
1975.T,1975,朝日工業社,Prime,建設業,,2026-10-07,2629.0,3890.0,226638700.0,58200.0,203447000.0,True,True,True,True,True,True
4425.T,4425,Ｋｕｄａｎ,Growth,情報・通信業,,2026-10-07,1899.0,1416.0,226601830.0,153475.0,164822400.0,True,True,True,True,True,True
9267.T,9267,Ｇｅｎｋｙ　ＤｒｕｇＳｔｏｒｅｓ,Prime,小売業,,2026-10-07,2629.0,3400.0,226114050.0,65325.0,182240000.0,True,True,True,True,True,True
3668.T,3668,コロプラ,Prime,情報・通信業,,2026-10-07,2629.0,387.0,226070370.0,527070.0,234715500.0,True,True,True,True,True,True
1871.T,1871,ピーエス・コンストラクション,Prime,建設業,,2026-10-07,2629.0,2043.0,225936640.0,105200.0,189999000.0,True,True,True,True,True,True
3475.T,3475,グッドコムアセット,Prime,不動産業,,2026-10-07,2421.0,1464.0,225786185.0,153495.0,161918400.0,True,True,True,True,True,True
7480.T,7480,スズデン,Standard,卸売業,,2026-10-07,2629.0,3850.0,225339800.0,62070.0,254485000.0,True,True,True,True,True,True
5563.T,5563,新日本電工,Prime,鉄鋼,,2026-10-07,2629.0,431.0,223914225.0,514710.0,194855100.0,True,True,True,True,True,True
1419.T,1419,タマホーム,Prime,建設業,,2026-10-07,2629.0,2824.0,223349015.0,77485.0,331255200.0,True,True,True,True,True,True
2109.T,2109,ＤＭ三井製糖,Prime,食料品,,2026-10-07,2629.0,3745.0,223131700.0,58440.0,162533000.0,True,True,True,True,True,True
2120.T,2120,ＬＩＦＵＬＬ,Prime,サービス業,,2026-10-07,2629.0,234.0,223028970.0,957680.0,143395200.0,True,True,True,True,True,True
3179.T,3179,シュッピン,Prime,小売業,,2026-10-07,2629.0,1181.0,221691890.0,176895.0,194038300.0,True,True,True,True,True,True
7128.T,7128,フルサト・マルカホールディングス,Prime,卸売業,,2026-10-07,1226.0,2911.0,221647905.0,77355.0,179899800.0,True,True,True,True,True,True
9556.T,9556,ＩＮＴＬＯＯＰ,Growth,サービス業,,2026-10-07,1038.0,2400.0,221639630.0,97135.0,84720000.0,True,True,True,True,True,True
1813.T,1813,不動テトラ,Prime,建設業,,2026-10-07,2629.0,2782.0,221472425.0,75130.0,166641800.0,True,True,True,True,True,True
8157.T,8157,都築電気,Prime,情報・通信業,,2026-10-07,2629.0,4210.0,221302800.0,52060.0,172189000.0,True,True,True,True,True,True
9324.T,9324,安田倉庫,Prime,倉庫・運輸関連業,,2026-10-07,2629.0,2565.0,220665380.0,82800.0,148000500.0,True,True,True,True,True,True
8137.T,8137,サンワテクノス,Prime,卸売業,,2026-10-07,2629.0,4770.0,220532400.0,47985.0,238023000.0,True,True,True,True,True,True
4694.T,4694,ビー・エム・エル,Prime,サービス業,,2026-10-07,2629.0,3575.0,219090450.0,60460.0,217002500.0,True,True,True,True,True,True
2590.T,2590,ダイドーグループホールディングス,Prime,食料品,,2026-10-07,2629.0,2879.0,218513240.0,73470.0,107962500.0,True,True,True,True,True,True
2301.T,2301,学情,Prime,サービス業,,2026-10-07,2629.0,1700.0,217869275.0,126440.0,237660000.0,True,True,True,True,True,True
3632.T,3632,グリーホールディングス,Prime,情報・通信業,,2026-10-07,2629.0,412.0,217691790.0,522390.0,168549200.0,True,True,True,True,True,True
8052.T,8052,椿本興業,Prime,卸売業,,2026-10-07,2629.0,3030.0,217350895.0,73805.0,88476000.0,True,True,True,True,True,True
9621.T,9621,建設技術研究所,Prime,サービス業,,2026-10-07,2629.0,3325.0,217262600.0,66240.0,219117500.0,True,True,True,True,True,True
7957.T,7957,フジコピアン,Standard,その他製品,,2026-10-07,2629.0,2061.0,216643015.0,96045.0,142827300.0,True,True,True,True,True,True
6176.T,6176,ブランジスタ,Growth,サービス業,,2026-10-07,2629.0,988.0,216319560.0,200905.0,52561600.0,True,True,True,True,True,True
8074.T,8074,ユアサ商事,Prime,卸売業,,2026-10-07,2629.0,6060.0,216288000.0,34065.0,115746000.0,True,True,True,True,True,True
2594.T,2594,キーコーヒー,Prime,食料品,,2026-10-07,2629.0,1960.0,215027805.0,108280.0,135044000.0,True,True,True,True,True,True
9068.T,9068,丸全昭和運輸,Prime,陸運業,,2026-10-07,2629.0,3550.0,214694675.0,59480.0,354290000.0,True,True,True,True,True,True
2664.T,2664,カワチ薬品,Prime,小売業,,2026-10-07,2629.0,3755.0,214674025.0,57485.0,150575500.0,True,True,True,True,True,True
3496.T,3496,アズーム,Prime,不動産業,,2026-10-07,1964.0,4585.0,214646275.0,45290.0,276017000.0,True,True,True,True,True,True
255A.T,255A,ジーエルテクノホールディングス,Standard,精密機器,,2026-10-07,2629.0,5700.0,214378350.0,40180.0,251370000.0,True,True,True,True,True,True
2053.T,2053,中部飼料,Prime,食料品,,2026-10-07,2629.0,1914.0,213588700.0,106135.0,164986800.0,True,True,True,True,True,True
4569.T,4569,杏林製薬,Prime,医薬品,,2026-10-07,2629.0,1052.0,213156715.0,193100.0,214187200.0,True,True,True,True,True,True
7047.T,7047,ポート,Growth,サービス業,,2026-10-07,1896.0,2156.0,211377300.0,98905.0,108015600.0,True,True,True,True,True,True
5440.T,5440,共英製鋼,Prime,鉄鋼,,2026-10-07,2629.0,1849.0,211231360.0,108320.0,284930900.0,True,True,True,True,True,True
8278.T,8278,フジ,Prime,小売業,,2026-10-07,2629.0,1980.0,210705540.0,103810.0,174636000.0,True,True,True,True,True,True
7130.T,7130,ヤマエグループホールディングス,Prime,卸売業,,2026-10-07,1226.0,2629.0,210123125.0,76320.0,146435300.0,True,True,True,True,True,True
4436.T,4436,ミンカブ・ジ・インフォノイド,Growth,情報・通信業,,2026-10-07,1841.0,611.0,210024030.0,303160.0,54256800.0,True,True,True,True,True,True
5036.T,5036,日本ビジネスシステムズ,Prime,情報・通信業,,2026-10-07,1022.0,1591.0,209694195.0,134740.0,85436700.0,True,True,True,True,True,True
1939.T,1939,四電工,Prime,建設業,,2026-10-07,2629.0,2215.0,209574860.0,91620.0,211532500.0,True,True,True,True,True,True
2004.T,2004,昭和産業,Prime,食料品,,2026-10-07,2629.0,3710.0,209455625.0,54480.0,149513000.0,True,True,True,True,True,True
2168.T,2168,パソナグループ,Prime,サービス業,,2026-10-07,2629.0,1468.0,208509755.0,134335.0,211538800.0,True,True,True,True,True,True
4813.T,4813,ＡＣＣＥＳＳ,Prime,情報・通信業,,2026-10-07,2629.0,367.0,207056935.0,521565.0,622138400.0,True,True,True,True,True,True
9543.T,9543,静岡ガス,Prime,電気・ガス業,,2026-10-07,2629.0,1288.0,205961590.0,153665.0,126352800.0,True,True,True,True,True,True
5542.T,5542,新報国マテリアル,Standard,鉄鋼,,2026-10-07,2629.0,1290.0,205543995.0,163945.0,68628000.0,True,True,True,True,True,True
5949.T,5949,ユニプレス,Prime,輸送用機器,,2026-10-07,2629.0,1286.0,205368885.0,157435.0,130529000.0,True,True,True,True,True,True
9037.T,9037,ハマキョウレックス,Prime,陸運業,,2026-10-07,2629.0,1793.0,204457000.0,112550.0,222152700.0,True,True,True,True,True,True
7256.T,7256,河西工業,Standard,輸送用機器,,2026-10-07,2629.0,454.0,204293525.0,403600.0,118539400.0,True,True,True,True,True,True
4972.T,4972,綜研化学,Standard,化学,,2026-10-07,2629.0,4430.0,204211200.0,49525.0,138659000.0,True,True,True,True,True,True
2108.T,2108,日本甜菜製糖,Prime,食料品,,2026-10-07,2629.0,1753.0,203800771.4276123,115640.0,243667000.0,True,True,True,True,True,True
3652.T,3652,ディジタルメディアプロフェッショナル,Growth,情報・通信業,,2026-10-07,2629.0,3065.0,203193950.0,68645.0,108501000.0,True,True,True,True,True,True
1899.T,1899,福田組,Prime,建設業,,2026-10-07,2629.0,4690.0,202778500.0,43255.0,111153000.0,True,True,True,True,True,True
5351.T,5351,品川リフラ,Prime,ガラス・土石製品,,2026-10-07,2629.0,1950.0,202173610.0,99810.0,133770000.0,True,True,True,True,True,True
3676.T,3676,デジタルハーツホールディングス,Prime,情報・通信業,,2026-10-07,2629.0,1049.0,202137460.0,191365.0,78884800.0,True,True,True,True,True,True
6419.T,6419,マースグループホールディングス,Prime,機械,,2026-10-07,2629.0,3015.0,201899950.0,64560.0,98892000.0,True,True,True,True,True,True
1822.T,1822,大豊建設,Standard,建設業,,2026-10-07,2629.0,786.0,201709825.0,244250.0,125917200.0,True,True,True,True,True,True
7522.T,7522,ワタミ,Prime,小売業,,2026-10-07,2629.0,863.0,201277890.0,225435.0,91736900.0,True,True,True,True,True,True
4499.T,4499,Ｓｐｅｅｅ,Standard,情報・通信業,,2026-10-07,1524.0,2268.0,200714995.0,87920.0,222717600.0,True,True,True,True,True,True
2931.T,2931,ユーグレナ,Prime,食料品,,2026-10-07,2629.0,337.0,200556210.0,585165.0,191618200.0,True,True,True,True,True,True
5302.T,5302,日本カーボン,Prime,ガラス・土石製品,,2026-10-07,2629.0,5370.0,200393650.0,39235.0,310923000.0,True,True,True,True,True,True
4418.T,4418,ＪＤＳＣ,Growth,情報・通信業,,2026-10-07,1172.0,1108.0,200172825.0,180705.0,134511200.0,True,True,True,True,True,True
5989.T,5989,エイチワン,Prime,金属製品,,2026-10-07,2629.0,1399.0,200124825.0,138570.0,92613800.0,True,True,True,True,True,True
9432.T,9432,ＮＴＴ,Prime,情報・通信業,,2026-10-07,2629.0,172.10000610351562,33600879200.914307,193346350.0,32018001435.516357,True,False,True,True,True,False
8729.T,8729,ソニーフィナンシャルグループ,Prime,保険業,,2026-10-07,249.0,148.8000030517578,8944738491.319351,56643090.0,8389046572.052002,True,False,False,True,True,False
6834.T,6834,精工技研,Standard,電気機器,,2026-10-07,2629.0,7270.0,4577368425.0,770430.0,5850896000.0,True,True,True,False,True,False
4564.T,4564,オンコセラピー・サイエンス,Growth,医薬品,,2026-10-07,2629.0,20.0,3742426990.0,175310120.0,5042186000.0,True,False,True,True,True,False
7649.T,7649,スギホールディングス,Prime,小売業,,2026-10-07,2629.0,1242.5,2945051350.0,2326880.0,2100570500.0,True,True,True,False,True,False
8918.T,8918,ランド,Standard,不動産業,,2026-10-07,2629.0,10.0,2912740175.0,283420380.0,2388344000.0,True,False,True,True,True,False
429A.T,429A,テクセンドフォトマスク,Prime,その他製品,,2026-10-07,237.0,3975.0,2103615725.0,546255.0,1712827500.0,True,True,False,True,True,False
4597.T,4597,ソレイジア・ファーマ,Growth,医薬品,,2026-10-07,2349.0,33.0,1957904065.0,64550880.0,2507468700.0,True,False,True,True,True,False
5202.T,5202,日本板硝子,Prime,ガラス・土石製品,,2026-09-30,2624.0,496.0,1216842850.0,2467460.0,0.0,True,True,True,True,False,False
8283.T,8283,ＰＡＬＴＡＣ,Prime,卸売業,,2026-08-10,2591.0,6630.0,1133696995.0,171530.0,0.0,True,True,True,True,False,False
7240.T,7240,ＮＯＫ,Prime,輸送用機器,,2026-09-30,2624.0,3029.0,1100431455.0,364545.0,0.0,True,True,True,True,False,False
3664.T,3664,モブキャストホールディングス,Growth,情報・通信業,,2026-10-07,2629.0,20.0,985756575.0,40891530.0,1051756000.0,True,False,True,True,True,False
5131.T,5131,リンカーズ,Growth,情報・通信業,,2026-10-07,965.0,140.0,857805245.0,4317485.0,116270000.0,True,False,True,True,True,False
6085.T,6085,アーキテクツ・スタジオ・ジャパン,Growth,サービス業,,2026-10-07,2629.0,104.0,820405990.0,6319670.0,502268000.0,True,False,True,True,True,False
3315.T,3315,日本コークス工業,Prime,石油・石炭製品,,2026-10-07,2629.0,94.0,817590205.0,8394035.0,741255800.0,True,False,True,True,True,False
6740.T,6740,ジャパンディスプレイ,Prime,電気機器,,2026-10-07,2629.0,41.0,743168040.0,15904875.0,1787087500.0,True,False,True,True,True,False
3480.T,3480,ジェイ・エス・ビー,Prime,不動産業,,2026-09-01,2245.0,8940.0,560454050.0,62865.0,387996000.0,True,True,True,True,False,False
2330.T,2330,フォーサイド,Standard,情報・通信業,,2026-10-07,2629.0,81.0,467000330.0,3943845.0,18014400.0,True,False,True,True,True,False
7238.T,7238,曙ブレーキ工業,Prime,輸送用機器,,2026-10-07,2629.0,105.0,405435895.0,3835480.0,658444500.0,True,False,True,True,True,False
6486.T,6486,イーグル工業,Prime,機械,,2026-09-30,2624.0,3005.0,386187785.0,128605.0,0.0,True,True,True,True,False,False
2315.T,2315,ＣＡＩＣＡ　ＤＩＧＩＴＡＬ,Standard,情報・通信業,,2026-10-07,2629.0,66.0,348706665.0,5225280.0,519162600.0,True,False,True,True,True,False
1783.T,1783,ｆａｎｔａｓｉｓｔａ,Standard,不動産業,,2026-10-07,2629.0,70.0,329750085.0,4563360.0,137214000.0,True,False,True,True,True,False
9900.T,9900,サガミホールディングス,Prime,小売業,,2026-10-07,2629.0,1033.0,324634365.0,297290.0,147822300.0,True,True,True,False,True,False
6619.T,6619,ダブル・スコープ,Prime,電気機器,,2026-10-07,2629.0,148.0,319082750.0,2125950.0,311406800.0,True,False,True,True,True,False
3656.T,3656,ＫＬａｂ,Prime,情報・通信業,,2026-10-07,2629.0,173.0,306781300.0,1721975.0,209433800.0,True,False,True,True,True,False
3823.T,3823,ＴＨＥ　ＷＨＹ　ＨＯＷ　ＤＯ　ＣＯＭＰＡＮＹ,Standard,情報・通信業,,2026-10-07,2629.0,39.0,293623400.0,6000705.0,28602600.0,True,False,True,True,True,False
4583.T,4583,カイオム・バイオサイエンス,Growth,医薬品,,2026-10-07,2629.0,99.0,263420815.0,2683795.0,62627400.0,True,False,True,True,True,False
9424.T,9424,日本通信,Prime,情報・通信業,,2026-10-07,2629.0,119.0,260271085.0,2182730.0,398257300.0,True,False,True,True,True,False
3856.T,3856,Ａｂａｌａｎｃｅ,Standard,電気機器,,2026-09-25,2621.0,199.0,242094400.0,1055910.0,175319000.0,True,False,True,True,False,False
4598.T,4598,Ｄｅｌｔａ－Ｆｌｙ　Ｐｈａｒｍａ,Growth,医薬品,,2026-10-07,1948.0,105.0,234128335.0,1925330.0,39102000.0,True,False,True,True,True,False
2321.T,2321,ソフトフロントホールディングス,Growth,情報・通信業,,2026-10-07,2629.0,138.0,224018090.0,1228975.0,7990200.0,True,False,True,True,True,False
2791.T,2791,大黒天物産,Prime,小売業,,2026-10-07,2629.0,4285.0,199812675.0,43865.0,128978500.0,False,True,True,True,True,False
8084.T,8084,ＲＹＯＤＥＮ,Prime,卸売業,,2026-10-07,2629.0,2471.0,199222285.0,82930.0,124044200.0,False,True,True,True,True,False
6071.T,6071,ＩＢＪ,Prime,サービス業,,2026-10-07,2629.0,908.0,199036110.0,225575.0,162441200.0,False,True,True,True,True,False
8281.T,8281,ゼビオホールディングス,Prime,小売業,,2026-10-07,2629.0,1066.0,198476590.0,177765.0,80589600.0,False,True,True,True,True,False
4165.T,4165,プレイド,Growth,情報・通信業,,2026-10-07,1417.0,714.0,198252455.0,295440.0,111455400.0,False,True,True,True,True,False
8892.T,8892,エスコン,Prime,不動産業,,2026-10-07,2629.0,1047.0,197765525.0,182055.0,185842500.0,False,True,True,True,True,False
3374.T,3374,内外テック,Standard,卸売業,,2026-10-07,2629.0,5220.0,197146300.0,42210.0,263610000.0,False,True,True,True,True,False
5027.T,5027,ＡｎｙＭｉｎｄ　Ｇｒｏｕｐ,Growth,情報・通信業,,2026-10-07,862.0,780.0,196848915.0,251935.0,132834000.0,False,True,True,True,True,False
6237.T,6237,イワキポンプ,Prime,機械,,2026-10-07,2598.0,4120.0,196804525.0,49425.0,150792000.0,False,True,True,True,True,False
6463.T,6463,ＴＰＲ,Prime,機械,,2026-10-07,2629.0,1506.0,196793260.0,127370.0,119425800.0,False,True,True,True,True,False
9517.T,9517,イーレックス,Prime,電気・ガス業,,2026-10-07,2629.0,798.0,196612910.0,237035.0,169734600.0,False,True,True,True,True,False
6369.T,6369,トーヨーカネツ,Prime,機械,,2026-10-07,2629.0,2310.0,196536780.0,82380.0,157542000.0,False,True,True,True,True,False
4888.T,4888,ステラファーマ,Growth,医薬品,,2026-10-07,1333.0,452.0,195747770.0,464640.0,300354000.0,False,True,True,True,True,False
6081.T,6081,アライドアーキテクツ,Growth,サービス業,,2026-10-07,2629.0,147.0,195302790.0,1230575.0,12994800.0,False,False,True,True,True,False
9425.T,9425,ＲｅＹｕｕ　Ｊａｐａｎ,Standard,情報・通信業,,2026-10-07,2629.0,262.0,194508900.0,779095.0,168518400.0,False,True,True,True,True,False
4914.T,4914,高砂香料工業,Prime,化学,,2026-10-07,2629.0,1275.0,194356380.0,149915.0,115897500.0,False,True,True,True,True,False
7943.T,7943,ニチハ,Prime,ガラス・土石製品,,2026-10-07,2629.0,2802.0,194068940.0,65875.0,237889800.0,False,True,True,True,True,False
5930.T,5930,文化シヤッター,Prime,金属製品,,2026-10-07,2629.0,1808.0,193528730.0,103435.0,158200000.0,False,True,True,True,True,False
2207.T,2207,ｍｅｉｔｏ,Prime,食料品,,2026-10-07,2629.0,3370.0,192701650.0,56230.0,104807000.0,False,True,True,True,True,False
6345.T,6345,アイチ　コーポレーション,Prime,機械,,2026-10-07,2629.0,1438.0,192084920.0,132260.0,221452000.0,False,True,True,True,True,False
6817.T,6817,スミダコーポレーション,Prime,電気機器,,2026-10-07,2629.0,1289.0,191824395.0,155600.0,126579800.0,False,True,True,True,True,False
6310.T,6310,井関農機,Prime,機械,,2026-10-07,2629.0,1904.0,191635560.0,99565.0,116715200.0,False,True,True,True,True,False
3333.T,3333,あさひ,Prime,小売業,,2026-10-07,2629.0,1236.0,191140220.0,149255.0,144859200.0,False,True,True,True,True,False
2705.T,2705,大戸屋ホールディングス,Standard,小売業,,2026-10-07,2629.0,8930.0,191061150.0,21635.0,314336000.0,False,True,True,True,True,False
7279.T,7279,ハイレックスコーポレーション,Standard,輸送用機器,,2026-10-07,2629.0,2476.0,190220055.0,76950.0,126523600.0,False,True,True,True,True,False
4481.T,4481,ベース,Prime,情報・通信業,,2026-10-07,1661.0,3160.0,189978675.0,59125.0,125452000.0,False,True,True,True,True,False
4238.T,4238,ミライアル,Standard,化学,,2026-10-07,2629.0,2066.0,189926485.0,99140.0,142347400.0,False,True,True,True,True,False
277A.T,277A,グロービング,Growth,サービス業,,2026-10-07,450.0,1873.0,189784360.0,102215.0,103576900.0,False,True,True,True,True,False
7965.T,7965,象印マホービン,Prime,電気機器,,2026-10-07,2629.0,1433.0,189369655.0,131475.0,228563500.0,False,True,True,True,True,False
7483.T,7483,ドウシシャ,Prime,卸売業,,2026-10-07,2629.0,2978.0,188297980.0,61835.0,207864400.0,False,True,True,True,True,False
3679.T,3679,じげん,Prime,情報・通信業,,2026-10-07,2629.0,427.0,188271130.0,430270.0,122164700.0,False,True,True,True,True,False
3865.T,3865,北越コーポレーション,Prime,パルプ・紙,,2026-10-07,2629.0,852.0,187411705.0,210025.0,364996800.0,False,True,True,True,True,False
7868.T,7868,広済堂ホールディングス,Prime,その他製品,,2026-10-07,2629.0,534.0,186546190.0,351310.0,144874200.0,False,True,True,True,True,False
7447.T,7447,ナガイレーベン,Prime,卸売業,,2026-10-07,2629.0,1686.0,186519925.0,111565.0,211761600.0,False,True,True,True,True,False
3561.T,3561,力の源ホールディングス,Prime,小売業,,2026-10-07,2352.0,1356.0,185745135.0,128095.0,200552400.0,False,True,True,True,True,False
6918.T,6918,アバールデータ,Standard,電気機器,,2026-10-07,2629.0,4435.0,184811450.0,46440.0,143694000.0,False,True,True,True,True,False
4570.T,4570,免疫生物研究所,Growth,医薬品,,2026-10-07,2629.0,1119.0,184798585.0,159295.0,154422000.0,False,True,True,True,True,False
9974.T,9974,ベルク,Prime,小売業,,2026-10-07,2629.0,6470.0,184704500.0,27255.0,108049000.0,False,True,True,True,True,False
6255.T,6255,エヌ・ピー・シー,Growth,機械,,2026-10-07,2629.0,756.0,184695005.0,258910.0,309506400.0,False,True,True,True,True,False
1436.T,1436,グリーンエナジー＆カンパニー,Growth,建設業,,2026-10-07,2602.0,1820.0,183464350.0,101010.0,91000000.0,False,True,True,True,True,False
5445.T,5445,東京鐵鋼,Prime,鉄鋼,,2026-10-07,2629.0,1956.0,182818910.0,90620.0,127140000.0,False,True,True,True,True,False
3091.T,3091,ブロンコビリー,Prime,小売業,,2026-10-07,2629.0,2832.0,182724615.0,64710.0,148963200.0,False,True,True,True,True,False
4116.T,4116,大日精化工業,Prime,化学,,2026-10-07,2629.0,1306.0,182423795.0,138480.0,135824000.0,False,True,True,True,True,False
3741.T,3741,セック,Prime,情報・通信業,,2026-10-07,2629.0,3145.0,182392400.0,56730.0,255374000.0,False,True,True,True,True,False
3771.T,3771,システムリサーチ,Prime,情報・通信業,,2026-10-07,2629.0,1887.0,182314130.0,96190.0,74347800.0,False,True,True,True,True,False
3299.T,3299,ムゲンエステート,Standard,不動産業,,2026-10-07,2629.0,1600.0,182220310.0,108405.0,244160000.0,False,True,True,True,True,False
150A.T,150A,ＪＳＨ,Growth,サービス業,,2026-10-07,619.0,813.0,182145310.0,237395.0,90568200.0,False,True,True,True,True,False
2734.T,2734,サーラコーポレーション,Prime,小売業,,2026-10-07,2629.0,1123.0,181588480.0,150500.0,345547100.0,False,True,True,True,True,False
2170.T,2170,リンクアンドモチベーション,Prime,サービス業,,2026-10-07,2629.0,608.0,181073970.0,277195.0,134428800.0,False,True,True,True,True,False
3486.T,3486,グローバル・リンク・マネジメント,Prime,不動産業,,2026-10-07,2165.0,1885.0,180403690.0,92285.0,101601500.0,False,True,True,True,True,False
421A.T,421A,ムービン・ストラテジック・キャリア,Growth,サービス業,,2026-10-07,244.0,4140.0,180305300.0,47280.0,187956000.0,False,True,False,True,True,False
7779.T,7779,ＣＹＢＥＲＤＹＮＥ,Growth,精密機器,,2026-10-07,2629.0,219.0,179629980.0,784020.0,236476200.0,False,True,True,True,True,False
3915.T,3915,テラスカイ,Prime,情報・通信業,,2026-10-07,2629.0,2212.0,179494950.0,78930.0,178066000.0,False,True,True,True,True,False
7421.T,7421,カッパ・クリエイト,Prime,小売業,,2026-10-07,2629.0,1485.0,179280710.0,115330.0,224532000.0,False,True,True,True,True,False
4293.T,4293,セプテーニ・ホールディングス,Standard,サービス業,,2026-10-07,2629.0,486.0,179138260.0,355245.0,199843200.0,False,True,True,True,True,False
2410.T,2410,キャリアデザインセンター,Prime,サービス業,,2026-10-07,2629.0,2552.0,178847770.0,65260.0,99017600.0,False,True,True,True,True,False
5943.T,5943,ノーリツ,Prime,金属製品,,2026-10-07,2629.0,2160.0,178392680.0,80550.0,139320000.0,False,True,True,True,True,False
6659.T,6659,メディアリンクス,Standard,電気機器,,2026-10-07,2629.0,38.0,176545495.0,3831315.0,214798800.0,False,False,True,True,True,False
4051.T,4051,ＧＭＯフィナンシャルゲート,Prime,情報・通信業,,2026-10-07,1520.0,5970.0,175934850.0,29430.0,112236000.0,False,True,True,True,True,False
3028.T,3028,アルペン,Prime,小売業,,2026-10-07,2629.0,2334.0,175387830.0,75465.0,219629400.0,False,True,True,True,True,False
4882.T,4882,ペルセウスプロテオミクス,Growth,医薬品,,2026-10-07,1294.0,157.0,175254680.0,1058570.0,43944300.0,False,False,True,True,True,False
4765.T,4765,ＳＢＩグローバルアセットマネジメント,Prime,サービス業,,2026-10-07,2629.0,601.0,174837330.0,283400.0,388065700.0,False,True,True,True,True,False
2385.T,2385,総医研ホールディングス,Growth,サービス業,,2026-10-07,2629.0,222.0,173925450.0,730580.0,17205000.0,False,True,True,True,True,False
6455.T,6455,モリタホールディングス,Prime,輸送用機器,,2026-10-07,2629.0,2441.0,173804920.0,70095.0,122294100.0,False,True,True,True,True,False
3636.T,3636,三菱総合研究所,Prime,情報・通信業,,2026-10-07,2629.0,4770.0,172484875.0,35405.0,133560000.0,False,True,True,True,True,False
1938.T,1938,日本リーテック,Prime,建設業,,2026-10-07,2629.0,2534.0,172334850.0,66700.0,154067200.0,False,True,True,True,True,False
6328.T,6328,荏原実業,Prime,機械,,2026-10-07,2629.0,2505.0,171136940.0,71050.0,113476500.0,False,True,True,True,True,False
8871.T,8871,ゴールドクレスト,Standard,不動産業,,2026-10-07,2629.0,2939.0,171055705.0,54970.0,162820600.0,False,True,True,True,True,False
3903.T,3903,ｇｕｍｉ,Prime,情報・通信業,,2026-10-07,2629.0,196.0,170901755.0,812260.0,74205600.0,False,False,True,True,True,False
8877.T,8877,エスリード,Prime,不動産業,,2026-10-07,2629.0,4910.0,170761250.0,33405.0,189526000.0,False,True,True,True,True,False
5195.T,5195,バンドー化学,Prime,ゴム製品,,2026-10-07,2629.0,2474.0,170027215.0,68970.0,133101200.0,False,True,True,True,True,False
6231.T,6231,木村工機,Standard,機械,,2026-10-07,1604.0,12250.0,169970400.0,14110.0,258475000.0,False,True,True,True,True,False
8746.T,8746,ｕｎｂａｎｋｅｄ,Standard,証券、商品先物取引業,,2026-10-07,2629.0,108.0,169426460.0,1364895.0,73018800.0,False,False,True,True,True,False
6378.T,6378,木村化工機,Standard,機械,,2026-10-07,2629.0,1166.0,169350185.0,143825.0,80454000.0,False,True,True,True,True,False
6418.T,6418,日本金銭機械,Prime,機械,,2026-10-07,2629.0,1258.0,168898440.0,135475.0,204676600.0,False,True,True,True,True,False
3817.T,3817,ＳＲＡホールディングス,Prime,情報・通信業,,2026-10-07,2629.0,4650.0,167919875.0,35220.0,81375000.0,False,True,True,True,True,False
3853.T,3853,アステリア,Prime,情報・通信業,,2026-10-07,2629.0,1030.0,167698765.0,155590.0,186945000.0,False,True,True,True,True,False
6616.T,6616,トレックス・セミコンダクター,Prime,電気機器,,2026-10-07,2629.0,1978.0,167448255.0,87115.0,165558600.0,False,True,True,True,True,False
6994.T,6994,指月電機製作所,Standard,電気機器,,2026-10-07,2629.0,1431.0,167216730.0,130600.0,273607200.0,False,True,True,True,True,False
8789.T,8789,フィンテック　グローバル,Standard,その他金融業,,2026-10-07,2629.0,156.0,167206450.0,1056630.0,175156800.0,False,False,True,True,True,False
1762.T,1762,高松コンストラクショングループ,Prime,建設業,,2026-10-07,2629.0,3955.0,166745050.0,40525.0,115090500.0,False,True,True,True,True,False
7760.T,7760,ＩＭＶ,Standard,精密機器,,2026-10-07,2629.0,2077.0,166049490.0,79665.0,453409100.0,False,True,True,True,True,False
6993.T,6993,大黒屋ホールディングス,Standard,小売業,,2026-10-07,2629.0,87.0,165887810.0,1848670.0,180377100.0,False,False,True,True,True,False
7366.T,7366,ＬＩＴＡＬＩＣＯ,Prime,サービス業,,2026-10-07,1348.0,1989.0,165667705.0,87690.0,120334500.0,False,True,True,True,True,False
9755.T,9755,応用地質,Prime,サービス業,,2026-10-07,2629.0,2758.0,163627060.0,58085.0,220915800.0,False,True,True,True,True,False
5724.T,5724,アサカ理研,Standard,非鉄金属,,2026-10-07,2629.0,2825.0,163578615.0,52645.0,93225000.0,False,True,True,True,True,False
6351.T,6351,鶴見製作所,Prime,機械,,2026-10-07,2629.0,2636.0,163261275.0,63245.0,146034400.0,False,True,True,True,True,False
6240.T,6240,ヤマシンフィルタ,Prime,機械,,2026-10-07,2629.0,506.0,162692980.0,313715.0,208016600.0,False,True,True,True,True,False
4554.T,4554,富士製薬工業,Prime,医薬品,,2026-10-07,2629.0,1779.0,162292135.0,90955.0,134848200.0,False,True,True,True,True,False
4212.T,4212,積水樹脂,Prime,化学,,2026-10-07,2629.0,2908.0,162079325.0,55085.0,187566000.0,False,True,True,True,True,False
4343.T,4343,イオンファンタジー,Prime,サービス業,,2026-10-07,2629.0,2689.0,161441240.0,59260.0,161071100.0,False,True,True,True,True,False
6238.T,6238,フリュー,Prime,機械,,2026-10-07,2629.0,1418.0,161047505.0,112705.0,123649600.0,False,True,True,True,True,False
7719.T,7719,東京衡機,Standard,精密機器,,2026-10-07,2629.0,498.0,160673925.0,303205.0,56821800.0,False,True,True,True,True,False
4344.T,4344,ソースネクスト,Prime,情報・通信業,,2026-10-07,2629.0,101.0,160475875.0,1529205.0,164963300.0,False,False,True,True,True,False
7990.T,7990,グローブライド,Prime,その他製品,,2026-10-07,2629.0,2338.0,159895580.0,66850.0,172544400.0,False,True,True,True,True,False
5011.T,5011,ニチレキグループ,Prime,石油・石炭製品,,2026-10-07,2629.0,2185.0,159833535.0,69815.0,175674000.0,False,True,True,True,True,False
6420.T,6420,ガリレイ,Prime,機械,,2026-10-07,2629.0,3375.0,159824450.0,46325.0,145800000.0,False,True,True,True,True,False
8075.T,8075,神鋼商事,Prime,卸売業,,2026-10-07,2629.0,3025.0,159735500.0,51040.0,137940000.0,False,True,True,True,True,False
9663.T,9663,ナガワ,Prime,サービス業,,2026-10-07,2629.0,4780.0,159360675.0,32535.0,108028000.0,False,True,True,True,True,False
7231.T,7231,トピー工業,Prime,輸送用機器,,2026-10-07,2629.0,2994.0,158376540.0,51435.0,163472400.0,False,True,True,True,True,False
7537.T,7537,丸文,Prime,卸売業,,2026-10-07,2629.0,1925.0,158218895.0,85060.0,172672500.0,False,True,True,True,True,False
4714.T,4714,リソー教育グループ,Prime,サービス業,,2026-10-07,2629.0,206.0,158103885.0,753790.0,187006800.0,False,True,True,True,True,False
7600.T,7600,日本エム・ディ・エム,Prime,精密機器,,2026-10-07,2629.0,628.0,158006170.0,246980.0,53882400.0,False,True,True,True,True,False
7409.T,7409,ＡｅｒｏＥｄｇｅ,Growth,輸送用機器,,2026-10-07,795.0,1460.0,157863330.0,107500.0,197100000.0,False,True,True,True,True,False
3221.T,3221,ヨシックスホールディングス,Prime,小売業,,2026-10-07,2629.0,2883.0,157840130.0,51015.0,157988400.0,False,True,True,True,True,False
8200.T,8200,リンガーハット,Prime,小売業,,2026-10-07,2629.0,2292.0,156913410.0,68395.0,92367600.0,False,True,True,True,True,False
3457.T,3457,Ａｎｄ　Ｄｏホールディングス,Prime,不動産業,,2026-10-07,2629.0,810.0,155447600.0,178845.0,138024000.0,False,True,True,True,True,False
7942.T,7942,ＪＳＰ,Prime,化学,,2026-10-07,2629.0,3015.0,154757210.0,52310.0,98892000.0,False,True,True,True,True,False
299A.T,299A,クラシル,Growth,サービス業,,2026-10-07,436.0,1232.0,154387150.0,125135.0,53345600.0,False,True,True,True,True,False
8103.T,8103,明和産業,Prime,卸売業,,2026-10-07,2629.0,998.0,153184605.0,154540.0,136426600.0,False,True,True,True,True,False
7860.T,7860,エイベックス,Prime,情報・通信業,,2026-10-07,2629.0,1229.0,152959475.0,123095.0,191601100.0,False,True,True,True,True,False
6863.T,6863,ニレコ,Standard,電気機器,,2026-10-07,2629.0,1098.0,152825200.0,140575.0,391437000.0,False,True,True,True,True,False
9414.T,9414,日本ＢＳ放送,Standard,情報・通信業,,2026-10-07,2629.0,947.0,152740085.0,153055.0,31345700.0,False,True,True,True,True,False
6535.T,6535,アイモバイル,Prime,サービス業,,2026-10-07,2449.0,482.0,152000905.0,306975.0,58225600.0,False,True,True,True,True,False
146A.T,146A,コロンビア・ワークス,Standard,不動産業,,2026-10-07,618.0,3615.0,151676325.0,41725.0,121464000.0,False,True,True,True,True,False
6809.T,6809,ＴＯＡ,Prime,電気機器,,2026-10-07,2629.0,1728.0,151245515.0,87035.0,124761600.0,False,True,True,True,True,False
1301.T,1301,極洋,Prime,水産・農林業,,2026-10-07,2629.0,4495.0,151092850.0,32715.0,152380500.0,False,True,True,True,True,False
3864.T,3864,三菱製紙,Prime,パルプ・紙,,2026-10-07,2629.0,1230.0,151027665.0,124695.0,116850000.0,False,True,True,True,True,False
7818.T,7818,トランザクション,Prime,その他製品,,2026-10-07,2629.0,1201.0,150659405.0,125650.0,160333500.0,False,True,True,True,True,False
7510.T,7510,たけびし,Prime,卸売業,,2026-10-07,2629.0,2905.0,150325045.0,53695.0,120267000.0,False,True,True,True,True,False
4462.T,4462,石原ケミカル,Prime,化学,,2026-10-07,2629.0,3185.0,150262270.0,52120.0,123259500.0,False,True,True,True,True,False
5218.T,5218,オハラ,Standard,ガラス・土石製品,,2026-10-07,2629.0,1747.0,150251060.0,91805.0,162645700.0,False,True,True,True,True,False
3962.T,3962,チェンジホールディングス,Prime,情報・通信業,,2026-10-07,2469.0,994.0,149399005.0,150810.0,160034000.0,False,True,True,True,True,False
1379.T,1379,ホクト,Prime,水産・農林業,,2026-10-07,2629.0,2003.0,149209785.0,72055.0,133399800.0,False,True,True,True,True,False
7354.T,7354,ダイレクトマーケティングミックス,Prime,サービス業,,2026-10-07,1469.0,362.0,149166270.0,388810.0,92165200.0,False,True,True,True,True,False
8008.T,8008,ヨンドシーホールディングス,Prime,小売業,,2026-10-07,2629.0,2136.0,148841465.0,70840.0,198220800.0,False,True,True,True,True,False
7979.T,7979,松風,Prime,精密機器,,2026-10-07,2629.0,2256.0,148357250.0,66450.0,118440000.0,False,True,True,True,True,False
5821.T,5821,平河ヒューテック,Prime,非鉄金属,,2026-10-07,2629.0,3385.0,148356600.0,46505.0,389952000.0,False,True,True,True,True,False
7917.T,7917,ＺＡＣＲＯＳ,Prime,化学,,2026-10-07,2629.0,1217.0,148065545.0,120165.0,123768900.0,False,True,True,True,True,False
1786.T,1786,オリエンタル白石,Prime,建設業,,2026-10-07,1348.0,331.0,147941590.0,429015.0,202207900.0,False,True,True,True,True,False
3851.T,3851,日本一ソフトウェア,Standard,情報・通信業,,2026-10-07,2629.0,1405.0,147725200.0,103140.0,44819500.0,False,True,True,True,True,False
4828.T,4828,ビジネスエンジニアリング,Prime,情報・通信業,,2026-10-07,2629.0,1326.0,146870345.0,108520.0,249155400.0,False,True,True,True,True,False
6337.T,6337,テセック,Standard,機械,,2026-10-07,2629.0,4065.0,145634150.0,40055.0,174388500.0,False,True,True,True,True,False
8131.T,8131,ミツウロコグループホールディングス,Standard,卸売業,,2026-10-07,2629.0,2419.0,145606130.0,58645.0,88051600.0,False,True,True,True,True,False
6083.T,6083,ＥＲＩホールディングス,Standard,サービス業,,2026-10-07,2629.0,1400.0,145113405.0,97055.0,466060000.0,False,True,True,True,True,False
1514.T,1514,住石ホールディングス,Standard,鉱業,,2026-10-07,2629.0,624.0,144713310.0,225325.0,90916800.0,False,True,True,True,True,False
3182.T,3182,オイシックス・ラ・大地,Prime,小売業,,2026-10-07,2629.0,1606.0,144630345.0,89460.0,161563600.0,False,True,True,True,True,False
9708.T,9708,帝国ホテル,Standard,サービス業,,2026-10-07,2629.0,948.0,144097515.0,151565.0,51666000.0,False,True,True,True,True,False
6298.T,6298,ワイエイシイホールディングス,Prime,機械,,2026-10-07,2629.0,1260.0,144044960.0,112765.0,169848000.0,False,True,True,True,True,False
7949.T,7949,小松ウオール工業,Prime,その他製品,,2026-10-07,2629.0,2707.0,143663530.0,51380.0,102595300.0,False,True,True,True,True,False
2613.T,2613,Ｊ－オイルミルズ,Prime,食料品,,2026-10-07,2629.0,2184.0,143105135.0,63855.0,106142400.0,False,True,True,True,True,False
3302.T,3302,帝国繊維,Prime,繊維製品,,2026-10-07,2629.0,2936.0,142894470.0,46955.0,133881600.0,False,True,True,True,True,False
6381.T,6381,アネスト岩田,Prime,機械,,2026-10-07,2629.0,1868.0,142064680.0,74640.0,140660400.0,False,True,True,True,True,False
9211.T,9211,エフ・コード,Growth,サービス業,,2026-10-07,1167.0,1441.0,141599060.0,96115.0,181854200.0,False,True,True,True,True,False
194A.T,194A,ＷＯＬＶＥＳ　ＨＡＮＤ,Growth,サービス業,,2026-10-07,560.0,1633.0,140942940.0,81070.0,83119700.0,False,True,True,True,True,False
3558.T,3558,ジェイドグループ,Growth,小売業,,2026-10-07,2362.0,1832.0,140932240.0,75635.0,205916800.0,False,True,True,True,True,False
3371.T,3371,ソフトクリエイトホールディングス,Prime,情報・通信業,,2026-10-07,2629.0,2153.0,140675165.0,65140.0,55547400.0,False,True,True,True,True,False
4599.T,4599,ステムリム,Growth,医薬品,,2026-10-07,1746.0,165.0,140621965.0,755075.0,31779000.0,False,False,True,True,True,False
6364.T,6364,ＡＩＲＭＡＮ,Prime,機械,,2026-10-07,2629.0,2474.0,140565885.0,56060.0,155862000.0,False,True,True,True,True,False
4718.T,4718,早稲田アカデミー,Prime,サービス業,,2026-10-07,2629.0,2391.0,139838605.0,56260.0,81054900.0,False,True,True,True,True,False
6425.T,6425,ユニバーサルエンターテインメント,Standard,機械,,2026-10-07,2629.0,642.0,138623855.0,196285.0,232339800.0,False,True,True,True,True,False
2742.T,2742,ハローズ,Prime,小売業,,2026-10-07,2629.0,3655.0,138252975.0,35915.0,100878000.0,False,True,True,True,True,False
8159.T,8159,立花エレテック,Prime,卸売業,,2026-10-07,2629.0,4325.0,137824775.0,32715.0,116775000.0,False,True,True,True,True,False
3201.T,3201,日本毛織,Prime,繊維製品,,2026-10-07,2629.0,1921.0,137519655.0,69810.0,84331900.0,False,True,True,True,True,False
4743.T,4743,アイティフォー,Prime,情報・通信業,,2026-10-07,2629.0,1606.0,137474885.0,84360.0,67130800.0,False,True,True,True,True,False
6333.T,6333,帝国電機製作所,Prime,機械,,2026-10-07,2629.0,3550.0,137348825.0,38880.0,150875000.0,False,True,True,True,True,False
6928.T,6928,エノモト,Prime,電気機器,,2026-10-07,2629.0,3415.0,137306770.0,44185.0,69324500.0,False,True,True,True,True,False
3708.T,3708,特種東海製紙,Prime,パルプ・紙,,2026-10-07,2629.0,2065.0,137294620.0,63470.0,90653500.0,False,True,True,True,True,False
4628.T,4628,エスケー化研,Standard,化学,,2026-10-07,2629.0,10510.0,136984900.0,13670.0,175517000.0,False,True,True,True,True,False
2060.T,2060,フィード・ワン,Prime,食料品,,2026-10-07,2629.0,1413.0,136404200.0,94065.0,110496600.0,False,True,True,True,True,False
9782.T,9782,ディーエムエス,Standard,サービス業,,2026-10-07,2629.0,3220.0,136385625.0,40455.0,114954000.0,False,True,True,True,True,False
4377.T,4377,ワンキャリア,Growth,情報・通信業,,2026-10-07,1222.0,2472.0,136233940.0,57940.0,136207200.0,False,True,True,True,True,False
5721.T,5721,エス・サイエンス,Standard,非鉄金属,,2026-10-07,2629.0,51.0,136200975.0,2313070.0,81508200.0,False,False,True,True,True,False
2158.T,2158,ＦＲＯＮＴＥＯ,Growth,サービス業,,2026-10-07,2629.0,680.0,136103150.0,207160.0,177684000.0,False,True,True,True,True,False
3431.T,3431,宮地エンジニアリンググループ,Prime,金属製品,,2026-10-07,2629.0,1437.0,135871215.0,89130.0,169422300.0,False,True,True,True,True,False
4534.T,4534,持田製薬,Prime,医薬品,,2026-10-07,2629.0,3110.0,135304900.0,42240.0,104496000.0,False,True,True,True,True,False
7326.T,7326,ＳＢＩインシュアランスグループ,Growth,保険業,,2026-10-07,1959.0,2100.0,134846755.0,62055.0,145110000.0,False,True,True,True,True,False
3232.T,3232,三重交通グループホールディングス,Prime,不動産業,,2026-10-07,2629.0,555.0,134540365.0,229660.0,73870500.0,False,True,True,True,True,False
3565.T,3565,アセンテック,Standard,卸売業,,2026-10-07,2327.0,494.0,134353955.0,270460.0,67134600.0,False,True,True,True,True,False
6289.T,6289,技研製作所,Prime,機械,,2026-10-07,2629.0,1968.0,133486320.0,68350.0,110011200.0,False,True,True,True,True,False
6125.T,6125,岡本工作機械製作所,Standard,機械,,2026-10-07,2629.0,5130.0,133098775.0,27600.0,124659000.0,False,True,True,True,True,False
8081.T,8081,カナデン,Prime,卸売業,,2026-10-07,2629.0,2590.0,133011690.0,51475.0,100233000.0,False,True,True,True,True,False
6823.T,6823,リオン,Prime,電気機器,,2026-10-07,2629.0,3545.0,132499425.0,39800.0,130101500.0,False,True,True,True,True,False
9305.T,9305,ヤマタネ,Prime,卸売業,,2026-10-07,2629.0,2021.0,132498290.0,64285.0,61236300.0,False,True,True,True,True,False
3415.T,3415,ＴＯＫＹＯ　ＢＡＳＥ,Prime,小売業,,2026-10-07,2629.0,346.0,132240780.0,379040.0,113315000.0,False,True,True,True,True,False
6062.T,6062,チャーム・ケア・コーポレーション,Prime,サービス業,,2026-10-07,2629.0,1405.0,131879350.0,93715.0,120268000.0,False,True,True,True,True,False
4992.T,4992,北興化学工業,Standard,化学,,2026-10-07,2629.0,1974.0,131259500.0,68335.0,198189600.0,False,True,True,True,True,False
8142.T,8142,トーホー,Prime,卸売業,,2026-10-07,2629.0,1394.0,130880205.0,93825.0,77088200.0,False,True,True,True,True,False
5981.T,5981,東京製綱,Prime,金属製品,,2026-10-07,2629.0,1838.0,130419380.0,69795.0,73703800.0,False,True,True,True,True,False
6653.T,6653,正興電機製作所,Prime,電気機器,,2026-10-07,2176.0,2120.0,130339050.0,62045.0,87556000.0,False,True,True,True,True,False
7133.T,7133,ＨＹＵＧＡ　ＰＲＩＭＡＲＹ　ＣＡＲＥ,Growth,小売業,,2026-10-07,1172.0,2105.0,130217705.0,62815.0,185240000.0,False,True,True,True,True,False
6222.T,6222,島精機製作所,Prime,機械,,2026-10-07,2629.0,885.0,129750985.0,141270.0,106996500.0,False,True,True,True,True,False
3763.T,3763,プロシップ,Prime,情報・通信業,,2026-10-07,2629.0,2055.0,129041905.0,62600.0,172003500.0,False,True,True,True,True,False
5142.T,5142,アキレス,Prime,化学,,2026-10-07,2629.0,1925.0,129037850.0,69810.0,127242500.0,False,True,True,True,True,False
4100.T,4100,戸田工業,Standard,化学,,2026-10-07,2629.0,1850.0,128669750.0,71065.0,144855000.0,False,True,True,True,True,False
368A.T,368A,北里コーポレーション,Prime,精密機器,,2026-10-07,313.0,1394.0,128466090.0,90450.0,101483200.0,False,True,True,True,True,False
7709.T,7709,クボテック,Standard,精密機器,,2026-09-30,2624.0,40.0,128407115.0,2016295.0,41336000.0,False,False,True,True,False,False
1976.T,1976,明星工業,Prime,建設業,,2026-10-07,2629.0,1677.0,128159355.0,74785.0,106489500.0,False,True,True,True,True,False
3850.T,3850,エヌ・ティ・ティ・データ・イントラマート,Standard,情報・通信業,,2026-10-07,2629.0,3810.0,128045950.0,33230.0,65532000.0,False,True,True,True,True,False
7033.T,7033,マネジメントソリューションズ,Prime,サービス業,,2026-10-07,2007.0,1574.0,127854485.0,81220.0,84209000.0,False,True,True,True,True,False
6625.T,6625,ＪＡＬＣＯホールディングス,Standard,不動産業,,2026-10-07,2629.0,333.0,127310520.0,358400.0,49617000.0,False,True,True,True,True,False
1887.T,1887,日本国土開発,Prime,建設業,,2026-10-07,1851.0,514.0,127147460.0,235980.0,128705600.0,False,True,True,True,True,False
4620.T,4620,藤倉化成,Standard,化学,,2026-10-07,2629.0,1128.0,125855965.0,121860.0,103324800.0,False,True,True,True,True,False
2674.T,2674,ハードオフコーポレーション,Prime,小売業,,2026-10-07,2629.0,2527.0,124161955.0,48455.0,88697700.0,False,True,True,True,True,False
5988.T,5988,パイオラックス,Prime,金属製品,,2026-10-07,2629.0,1627.0,123364930.0,73765.0,140898200.0,False,True,True,True,True,False
3798.T,3798,ＵＬＳグループ,Standard,情報・通信業,,2026-10-07,2629.0,519.0,123117765.0,228230.0,78732300.0,False,True,True,True,True,False
9369.T,9369,キユーソー流通システム,Standard,倉庫・運輸関連業,,2026-10-07,2629.0,2897.0,123035020.0,42035.0,46641700.0,False,True,True,True,True,False
4011.T,4011,ヘッドウォータース,Growth,情報・通信業,,2026-10-07,1470.0,2400.0,122903600.0,50950.0,141120000.0,False,True,True,True,True,False
6629.T,6629,テクノホライゾン,Standard,電気機器,,2026-10-07,2629.0,1039.0,122830450.0,121535.0,101822000.0,False,True,True,True,True,False
3393.T,3393,スターティアホールディングス,Prime,卸売業,,2026-10-07,2629.0,3095.0,122788525.0,39300.0,39925500.0,False,True,True,True,True,False
3984.T,3984,ユーザーローカル,Prime,情報・通信業,,2026-10-07,2345.0,1534.0,122786680.0,79185.0,70717400.0,False,True,True,True,True,False
3657.T,3657,ポールトゥウィンホールディングス,Prime,情報・通信業,,2026-10-07,2629.0,328.0,122321345.0,334025.0,53529600.0,False,True,True,True,True,False
8537.T,8537,大光銀行,Standard,銀行業,,2026-10-07,2629.0,3290.0,122175500.0,37380.0,103635000.0,False,True,True,True,True,False
7725.T,7725,インターアクション,Prime,精密機器,,2026-10-07,2629.0,1816.0,121874880.0,68425.0,142737600.0,False,True,True,True,True,False
2429.T,2429,ワールドホールディングス,Prime,サービス業,,2026-10-07,2629.0,2827.0,121854790.0,43135.0,95552600.0,False,True,True,True,True,False
7727.T,7727,オーバル,Standard,精密機器,,2026-10-07,2629.0,951.0,121415780.0,133785.0,74938800.0,False,True,True,True,True,False
4883.T,4883,モダリス,Growth,医薬品,,2026-10-07,1510.0,31.0,121362730.0,3126830.0,4600400.0,False,False,True,True,True,False
4025.T,4025,多木化学,Prime,化学,,2026-10-07,2629.0,5880.0,121244850.0,21345.0,110544000.0,False,True,True,True,True,False
5122.T,5122,オカモト,Prime,ゴム製品,,2026-10-07,2629.0,6130.0,121232950.0,19530.0,70495000.0,False,True,True,True,True,False
6070.T,6070,キャリアリンク,Prime,サービス業,,2026-10-07,2629.0,2490.0,120613270.0,47585.0,88395000.0,False,True,True,True,True,False
7897.T,7897,ホクシン,Standard,その他製品,,2026-10-07,2629.0,114.0,120381685.0,948345.0,31179000.0,False,False,True,True,True,False
3196.T,3196,ホットランドホールディングス,Prime,小売業,,2026-10-07,2629.0,1611.0,120089420.0,73000.0,162872100.0,False,True,True,True,True,False
4847.T,4847,インテリジェント　ウェイブ,Prime,情報・通信業,,2026-10-07,2629.0,1501.0,119776905.0,81980.0,75500300.0,False,True,True,True,True,False
9310.T,9310,日本トランスシティ,Prime,倉庫・運輸関連業,,2026-10-07,2629.0,1362.0,119746165.0,85805.0,104329200.0,False,True,True,True,True,False
8704.T,8704,トレイダーズホールディングス,Standard,証券、商品先物取引業,,2026-10-07,2629.0,1370.0,119695535.0,84885.0,71240000.0,False,True,True,True,True,False
5273.T,5273,三谷セキサン,Standard,ガラス・土石製品,,2026-10-07,2629.0,1980.0,119595660.0,58170.0,119394000.0,False,True,True,True,True,False
6459.T,6459,大和冷機工業,Prime,機械,,2026-10-07,2629.0,1648.0,119530050.0,72340.0,111569600.0,False,True,True,True,True,False
8364.T,8364,清水銀行,Prime,銀行業,,2026-10-07,2629.0,3260.0,119468050.0,37310.0,125184000.0,False,True,True,True,True,False
9474.T,9474,ゼンリン,Prime,情報・通信業,,2026-10-07,2629.0,888.0,119122955.0,130800.0,101764800.0,False,True,True,True,True,False
3837.T,3837,アドソル日進,Prime,情報・通信業,,2026-10-07,2629.0,1365.0,118763130.0,88150.0,140458500.0,False,True,True,True,True,False
4848.T,4848,フルキャストホールディングス,Prime,サービス業,,2026-10-07,2629.0,1772.0,118710550.0,64515.0,108978000.0,False,True,True,True,True,False
8150.T,8150,三信電気,Prime,卸売業,,2026-10-07,2629.0,3345.0,118382050.0,35995.0,145842000.0,False,True,True,True,True,False
9268.T,9268,オプティマスグループ,Standard,卸売業,,2026-10-07,2156.0,413.0,118305195.0,289980.0,72151100.0,False,True,True,True,True,False
3950.T,3950,ザ・パック,Prime,パルプ・紙,,2026-10-07,2629.0,1429.0,117975935.0,81450.0,83453600.0,False,True,True,True,True,False
1929.T,1929,日特建設,Prime,建設業,,2026-10-07,2629.0,1162.0,117797965.0,97230.0,102372200.0,False,True,True,True,True,False
4026.T,4026,神島化学工業,Standard,ガラス・土石製品,,2026-10-07,2629.0,1610.0,117485335.0,75445.0,27853000.0,False,True,True,True,True,False
7161.T,7161,じもとホールディングス,Standard,銀行業,,2026-10-07,2629.0,691.0,117374015.0,180100.0,196451300.0,False,True,True,True,True,False
4228.T,4228,積水化成品工業,Prime,化学,,2026-10-07,2629.0,621.0,116855690.0,195725.0,59616000.0,False,True,True,True,True,False
4575.T,4575,キャンバス,Growth,医薬品,,2026-10-07,2629.0,780.0,116769065.0,154050.0,72306000.0,False,True,True,True,True,False
6430.T,6430,ダイコク電機,Prime,機械,,2026-10-07,2629.0,2271.0,116668945.0,48170.0,88569000.0,False,True,True,True,True,False
5976.T,5976,高周波熱錬,Prime,金属製品,,2026-10-07,2629.0,1441.0,116637985.0,79750.0,101014100.0,False,True,True,True,True,False
4931.T,4931,新日本製薬,Prime,化学,,2026-10-07,1776.0,1967.0,116441810.0,57740.0,53895800.0,False,True,True,True,True,False
8014.T,8014,蝶理,Prime,卸売業,,2026-10-07,2629.0,4185.0,116434050.0,27785.0,140616000.0,False,True,True,True,True,False
4833.T,4833,Ｄｅｆ　ｃｏｎｓｕｌｔｉｎｇ,Growth,サービス業,,2026-10-07,2629.0,53.0,116267445.0,2104860.0,128085100.0,False,False,True,True,True,False
5946.T,5946,長府製作所,Prime,金属製品,,2026-10-07,2629.0,1974.0,116223685.0,58250.0,112123200.0,False,True,True,True,True,False
4331.T,4331,テイクアンドギヴ・ニーズ,Prime,サービス業,,2026-10-07,2629.0,846.0,116204600.0,139040.0,75632400.0,False,True,True,True,True,False
4595.T,4595,ミズホメディー,Standard,医薬品,,2026-10-07,2629.0,1705.0,115309815.0,67250.0,121907500.0,False,True,True,True,True,False
8185.T,8185,チヨダ,Prime,小売業,,2026-10-07,2629.0,992.0,115139875.0,116050.0,108425600.0,False,True,True,True,True,False
6637.T,6637,寺崎電気産業,Standard,電気機器,,2026-10-07,2629.0,4300.0,114737725.0,26900.0,144910000.0,False,True,True,True,True,False
9227.T,9227,マイクロ波化学,Growth,サービス業,,2026-10-07,1048.0,801.0,114683535.0,139600.0,106372800.0,False,True,True,True,True,False
7102.T,7102,日本車輌製造,Prime,輸送用機器,,2026-10-07,2629.0,3490.0,114515325.0,31920.0,83062000.0,False,True,True,True,True,False
6564.T,6564,ミダックホールディングス,Prime,サービス業,,2026-10-07,2153.0,1980.0,113958040.0,57775.0,109692000.0,False,True,True,True,True,False
7138.T,7138,ＴＯＲＩＣＯ,Growth,小売業,,2026-10-07,1111.0,140.0,113806625.0,748385.0,39676000.0,False,False,True,True,True,False
7914.T,7914,共同印刷,Prime,その他製品,,2026-10-07,2629.0,1667.0,113686600.0,65340.0,104854300.0,False,True,True,True,True,False
4691.T,4691,ワシントンホテル,Standard,サービス業,,2026-10-07,1700.0,2000.0,113289420.0,54905.0,65800000.0,False,True,True,True,True,False
3151.T,3151,バイタルケーエスケー・ホールディングス,Prime,卸売業,,2026-10-07,2629.0,1524.0,112817085.0,71475.0,78638400.0,False,True,True,True,True,False
5287.T,5287,イトーヨーギョー,Standard,ガラス・土石製品,,2026-10-07,2629.0,857.0,112050680.0,117250.0,41821600.0,False,True,True,True,True,False
2820.T,2820,やまみ,Standard,食料品,,2026-10-07,2538.0,6760.0,111175100.0,17185.0,120328000.0,False,True,True,True,True,False
341A.T,341A,トヨコー,Growth,建設業,,2026-10-07,373.0,2026.0,111123580.0,49830.0,67465800.0,False,True,True,True,True,False
7071.T,7071,アンビスホールディングス,Prime,サービス業,,2026-10-07,1706.0,382.0,110597565.0,282290.0,147261000.0,False,True,True,True,True,False
7921.T,7921,ＴＡＫＡＲＡ　＆　ＣＯＭＰＡＮＹ,Prime,その他製品,,2026-10-07,2629.0,4175.0,110591825.0,26810.0,52187500.0,False,True,True,True,True,False
4594.T,4594,ブライトパス・バイオ,Growth,医薬品,,2026-10-07,2629.0,45.0,110562760.0,1997220.0,41026500.0,False,False,True,True,True,False
8562.T,8562,福島銀行,Standard,銀行業,,2026-10-07,2629.0,411.0,110496775.0,278320.0,132835200.0,False,True,True,True,True,False
5592.T,5592,くすりの窓口,Growth,情報・通信業,,2026-10-07,733.0,2542.0,110496665.0,42435.0,91512000.0,False,True,True,True,True,False
9790.T,9790,福井コンピュータホールディングス,Prime,情報・通信業,,2026-10-07,2629.0,3050.0,110268880.0,36800.0,111935000.0,False,True,True,True,True,False
7318.T,7318,セレンディップ・ホールディングス,Growth,輸送用機器,,2026-10-07,1292.0,1336.0,110114420.0,81930.0,77888800.0,False,True,True,True,True,False
3776.T,3776,ブロードバンドタワー,Standard,情報・通信業,,2026-10-07,2629.0,268.0,109794190.0,415180.0,74370000.0,False,True,True,True,True,False
5290.T,5290,ベルテクスコーポレーション,Standard,ガラス・土石製品,,2026-10-07,1957.0,1250.0,109443945.0,89095.0,134875000.0,False,True,True,True,True,False
4316.T,4316,ビーマップ,Growth,情報・通信業,,2026-09-30,2624.0,42.0,109290945.0,1086760.0,85969800.0,False,False,True,False,False,False
3548.T,3548,バロックジャパンリミテッド,Prime,小売業,,2026-10-07,2447.0,626.0,107276225.0,161855.0,127891800.0,False,True,True,True,True,False
5013.T,5013,ユシロ,Standard,石油・石炭製品,,2026-10-07,2629.0,3135.0,107181415.0,35680.0,49846500.0,False,True,True,True,True,False
7059.T,7059,コプロ・ホールディングス,Prime,サービス業,,2026-10-07,1841.0,915.0,106990015.0,113230.0,45658500.0,False,True,True,True,True,False
6247.T,6247,日阪製作所,Prime,機械,,2026-10-07,2629.0,1619.0,106751885.0,63400.0,50836600.0,False,True,True,True,True,False
7590.T,7590,タカショー,Standard,卸売業,,2026-10-07,2629.0,396.0,106396260.0,244890.0,30650400.0,False,True,True,True,True,False
5408.T,5408,中山製鋼所,Prime,鉄鋼,,2026-10-07,2629.0,606.0,106174805.0,167890.0,122412000.0,False,True,True,True,True,False
2153.T,2153,Ｅ・Ｊホールディングス,Prime,サービス業,,2026-10-07,2629.0,1849.0,106131265.0,56840.0,81910700.0,False,True,True,True,True,False
4027.T,4027,テイカ,Prime,化学,,2026-10-07,2629.0,2311.0,105350835.0,44820.0,115318900.0,False,True,True,True,True,False
4886.T,4886,あすか製薬ホールディングス,Prime,医薬品,,2026-10-07,1348.0,2014.0,104688105.0,50300.0,40682800.0,False,True,True,True,True,False
5834.T,5834,ＳＢＩリーシングサービス,Growth,証券、商品先物取引業,,2026-10-07,970.0,2724.0,104385600.0,37240.0,46852800.0,False,True,True,True,True,False
8070.T,8070,東京産業,Prime,卸売業,,2026-10-07,2629.0,1016.0,104118630.0,103765.0,162560000.0,False,True,True,True,True,False
8935.T,8935,ＦＪネクストホールディングス,Prime,不動産業,,2026-10-07,2629.0,1924.0,103979690.0,52925.0,115824800.0,False,True,True,True,True,False
8167.T,8167,リテールパートナーズ,Prime,小売業,,2026-10-07,2629.0,1416.0,103834325.0,73065.0,63012000.0,False,True,True,True,True,False
6184.T,6184,鎌倉新書,Prime,サービス業,,2026-10-07,2629.0,603.0,102888270.0,171665.0,69767100.0,False,True,True,True,True,False
8007.T,8007,高島,Prime,卸売業,,2026-10-07,2629.0,776.0,102632595.0,129490.0,67667200.0,False,True,True,True,True,False
7512.T,7512,イオン北海道,Standard,小売業,,2026-10-07,2629.0,838.0,101834760.0,118825.0,88492800.0,False,True,True,True,True,False
3150.T,3150,グリムス,Prime,電気・ガス業,,2026-10-07,2629.0,2376.0,101288730.0,42230.0,55123200.0,False,True,True,True,True,False
9467.T,9467,アルファポリス,Growth,情報・通信業,,2026-10-07,2629.0,1037.0,101060240.0,92945.0,46561300.0,False,True,True,True,True,False
4346.T,4346,ＮＥＸＹＺ．Ｇｒｏｕｐ,Standard,その他金融業,,2026-10-07,2629.0,861.0,100429405.0,100115.0,51401700.0,False,True,True,True,True,False
2933.T,2933,紀文食品,Prime,食料品,,2026-10-02,1337.0,1087.0,99999235.0,89530.0,73807300.0,False,True,True,True,True,False
4112.T,4112,保土谷化学工業,Prime,化学,,2026-10-05,2627.0,2105.0,99944525.0,47405.0,85042000.0,False,True,True,True,True,False
5885.T,5885,ジーデップ・アドバンス,Standard,卸売業,,2026-10-07,798.0,3150.0,99372175.0,30645.0,78435000.0,False,True,True,True,True,False
7222.T,7222,日産車体,Standard,輸送用機器,,2026-10-02,2626.0,904.0,99140355.0,107690.0,138492800.0,False,True,True,True,True,False
4577.T,4577,ダイト,Prime,医薬品,,2026-10-02,2626.0,1309.0,99130030.0,75855.0,142550100.0,False,True,True,True,True,False
2983.T,2983,アールプランナー,Growth,不動産業,,2026-10-06,1381.0,1605.0,99055475.0,58855.0,17655000.0,False,True,True,True,True,False
4956.T,4956,コニシ,Prime,化学,,2026-10-02,2626.0,1446.0,98967350.0,66700.0,102666000.0,False,True,True,True,True,False
9979.T,9979,大庄,Standard,小売業,,2026-10-02,2626.0,1000.0,98905960.0,96775.0,87200000.0,False,True,True,True,True,False
197A.T,197A,タウンズ,Standard,医薬品,,2026-10-07,560.0,521.0,98799020.0,191470.0,57101600.0,False,True,True,True,True,False
4251.T,4251,恵和,Prime,化学,,2026-10-07,1693.0,1198.0,98737105.0,83870.0,68405800.0,False,True,True,True,True,False
276A.T,276A,ククレブ・アドバイザーズ,Growth,不動産業,,2026-10-07,451.0,4300.0,98443900.0,23455.0,92450000.0,False,True,True,True,True,False
8141.T,8141,新光商事,Prime,卸売業,,2026-10-02,2626.0,1567.0,98159535.0,62660.0,26482300.0,False,True,True,True,True,False
1433.T,1433,ベステラ,Prime,建設業,,2026-10-05,2627.0,1210.0,98013960.0,80140.0,40777000.0,False,True,True,True,True,False
4396.T,4396,システムサポートホールディングス,Prime,情報・通信業,,2026-10-02,1996.0,1320.0,98007635.0,72275.0,82368000.0,False,True,True,True,True,False
3901.T,3901,マークラインズ,Prime,情報・通信業,,2026-10-05,2627.0,1514.0,97983015.0,64840.0,99924000.0,False,True,True,True,True,False
9115.T,9115,明海グループ,Standard,海運業,,2026-10-05,2627.0,983.0,97931175.0,89620.0,18677000.0,False,True,True,True,True,False
4169.T,4169,ＥＮＥＣＨＡＮＧＥ,Growth,情報・通信業,,2026-10-02,1410.0,262.0,97825320.0,384185.0,54103000.0,False,True,True,True,True,False
4611.T,4611,大日本塗料,Prime,化学,,2026-10-05,2627.0,1582.0,97598805.0,62560.0,105361200.0,False,True,True,True,True,False
9052.T,9052,山陽電気鉄道,Prime,陸運業,,2026-10-02,2626.0,1914.0,97542370.0,49070.0,84981600.0,False,True,True,True,True,False
4960.T,4960,ケミプロ化成,Standard,化学,,2026-10-06,2628.0,547.0,97075855.0,165440.0,41626700.0,False,True,True,True,True,False
3321.T,3321,ミタチ産業,Standard,卸売業,,2026-10-02,2626.0,1870.0,96993125.0,53690.0,155958000.0,False,True,True,True,True,False
3877.T,3877,中越パルプ工業,Prime,パルプ・紙,,2026-10-02,2626.0,2143.0,96969885.0,43835.0,60004000.0,False,True,True,True,True,False
9658.T,9658,ビジネスブレイン太田昭和,Prime,情報・通信業,,2026-10-05,2627.0,1132.0,96896615.0,87305.0,62260000.0,False,True,True,True,True,False
4072.T,4072,電算システムホールディングス,Prime,情報・通信業,,2026-10-02,1284.0,3150.0,96697525.0,30850.0,85995000.0,False,True,True,True,True,False
4664.T,4664,アール・エス・シー,Standard,サービス業,,2026-10-06,2628.0,1167.0,96696140.0,84030.0,86708100.0,False,True,True,True,True,False
7637.T,7637,白銅,Prime,卸売業,,2026-10-05,2627.0,3520.0,96273275.0,26955.0,78144000.0,False,True,True,True,True,False
6706.T,6706,電気興業,Prime,電気機器,,2026-10-02,2626.0,3320.0,96046150.0,29095.0,66068000.0,False,True,True,True,True,False
9619.T,9619,イチネンホールディングス,Prime,サービス業,,2026-10-02,2626.0,2680.0,96008675.0,35430.0,111756000.0,False,True,True,True,True,False
7679.T,7679,薬王堂ホールディングス,Prime,小売業,,2026-10-02,1728.0,1586.0,95999725.0,58855.0,110385600.0,False,True,True,True,True,False
4056.T,4056,ニューラルグループ,Growth,情報・通信業,,2026-10-06,1495.0,203.0,95981360.0,412290.0,10393600.0,False,True,True,True,True,False
4375.T,4375,セーフィー,Growth,情報・通信業,,2026-10-05,1226.0,643.0,95811855.0,143770.0,113939600.0,False,True,True,True,True,False
9251.T,9251,ＡＢ＆Ｃｏｍｐａｎｙ,Growth,サービス業,,2026-10-02,1189.0,1508.0,95745540.0,60970.0,205691200.0,False,True,True,True,True,False
367A.T,367A,プリモグローバルホールディングス,Standard,小売業,,2026-10-07,314.0,2870.0,95698785.0,33630.0,77490000.0,False,True,True,True,True,False
5698.T,5698,エンビプロ・ホールディングス,Standard,鉄鋼,,2026-10-02,2626.0,703.0,95666190.0,130165.0,81899500.0,False,True,True,True,True,False
7689.T,7689,コパ・コーポレーション,Growth,卸売業,,2026-10-02,1532.0,340.0,95415675.0,226815.0,25262000.0,False,True,True,True,True,False
6413.T,6413,理想科学工業,Prime,機械,,2026-10-05,2627.0,1024.0,95397635.0,90780.0,72499200.0,False,True,True,True,True,False
8841.T,8841,テーオーシー,Standard,不動産業,,2026-10-02,2626.0,970.0,94912605.0,94300.0,95642000.0,False,True,True,True,True,False
7273.T,7273,イクヨ,Standard,輸送用機器,,2026-10-02,2626.0,591.0,94702770.0,151510.0,36051000.0,False,True,True,True,True,False
6357.T,6357,三精テクノロジーズ,Standard,機械,,2026-10-05,2627.0,2631.0,93821635.0,34500.0,33676800.0,False,True,True,True,True,False
4839.T,4839,ＷＯＷＯＷ,Prime,情報・通信業,,2026-10-02,2626.0,941.0,93789455.0,94945.0,231015500.0,False,True,True,True,True,False
3001.T,3001,片倉工業,Standard,繊維製品,,2026-10-02,2626.0,2935.0,93483380.0,30995.0,73375000.0,False,True,True,True,True,False
9946.T,9946,ミニストップ,Prime,小売業,,2026-10-06,2628.0,1787.0,93449410.0,52110.0,68084700.0,False,True,True,True,True,False
6464.T,6464,ツバキ・ナカシマ,Prime,機械,,2026-10-05,2627.0,326.0,93441070.0,273490.0,53366200.0,False,True,True,True,True,False
2982.T,2982,ＡＤワークスグループ,Prime,不動産業,,2026-10-02,1589.0,404.0,93427275.0,220495.0,183739200.0,False,True,True,True,True,False
2266.T,2266,六甲バター,Prime,食料品,,2026-10-05,2627.0,1079.0,93220600.0,84125.0,49202400.0,False,True,True,True,True,False
5137.T,5137,スマートドライブ,Growth,情報・通信業,,2026-10-07,931.0,296.0,93013415.0,305975.0,34691200.0,False,True,True,True,True,False
6466.T,6466,ＴＶＥ,Standard,機械,,2026-10-02,2626.0,4235.0,92958275.0,22735.0,24986500.0,False,True,True,True,True,False
6197.T,6197,ソラスト,Prime,サービス業,,2026-08-05,2489.0,1118.0,92855095.0,83520.0,315276000.0,False,True,True,True,False,False
5038.T,5038,ｅＷｅＬＬ,Growth,情報・通信業,,2026-10-02,986.0,2283.0,92741805.0,43100.0,63695700.0,False,True,True,True,True,False
2325.T,2325,ＮＪＳ,Prime,サービス業,,2026-10-02,2626.0,4625.0,92623025.0,20060.0,171125000.0,False,True,True,True,True,False
5033.T,5033,ヌーラボ,Growth,情報・通信業,,2026-10-02,1043.0,1238.0,92521945.0,78215.0,24512400.0,False,True,True,True,True,False
9928.T,9928,ミロク情報サービス,Prime,情報・通信業,,2026-10-02,2626.0,2123.0,92350930.0,44815.0,77914100.0,False,True,True,True,True,False
8101.T,8101,ＧＳＩクレオス,Prime,卸売業,,2026-10-02,2626.0,2476.0,92332235.0,35515.0,98792400.0,False,True,True,True,True,False
8066.T,8066,三谷商事,Standard,卸売業,,2026-10-02,2626.0,3460.0,91887200.0,25790.0,51208000.0,False,True,True,True,True,False
5210.T,5210,日本山村硝子,Standard,ガラス・土石製品,,2026-10-02,2626.0,2812.0,91857465.0,32015.0,136100800.0,False,True,True,True,True,False
3168.T,3168,ＭＥＲＦ,Standard,卸売業,,2026-10-02,2626.0,1264.0,91761805.0,71840.0,95305600.0,False,True,True,True,True,False
6470.T,6470,大豊工業,Standard,機械,,2026-10-02,2626.0,1160.0,91747485.0,83370.0,66700000.0,False,True,True,True,True,False
4826.T,4826,ＣＩＪ,Prime,情報・通信業,,2026-10-02,2626.0,527.0,91607960.0,170930.0,87903600.0,False,True,True,True,True,False
6769.T,6769,ザインエレクトロニクス,Standard,電気機器,,2026-10-06,2628.0,1285.0,91548660.0,74860.0,49215500.0,False,True,True,True,True,False
2484.T,2484,出前館,Standard,情報・通信業,,2026-10-02,2626.0,153.0,91546665.0,590420.0,44691300.0,False,False,True,True,True,False
3300.T,3300,アンビション　ＤＸ　ホールディングス,Growth,不動産業,,2026-10-05,2627.0,1816.0,91490715.0,49635.0,68463200.0,False,True,True,True,True,False
6306.T,6306,日工,Prime,機械,,2026-10-02,2626.0,1004.0,91438060.0,91135.0,92167200.0,False,True,True,True,True,False
7608.T,7608,エスケイジャパン,Standard,卸売業,,2026-10-02,2626.0,968.0,91432895.0,100945.0,63210400.0,False,True,True,True,True,False
5185.T,5185,フコク,Prime,ゴム製品,,2026-10-02,2626.0,1923.0,91071585.0,45730.0,88458000.0,False,True,True,True,True,False
4323.T,4323,日本システム技術,Prime,情報・通信業,,2026-10-02,2626.0,1897.0,90673395.0,48020.0,79863700.0,False,True,True,True,True,False
8105.T,8105,堀田丸正,Standard,卸売業,,2026-10-02,2626.0,73.0,90447035.0,1159090.0,62984400.0,False,False,True,True,True,False
4370.T,4370,モビルス,Growth,情報・通信業,,2026-10-02,1242.0,412.0,90434895.0,214300.0,3914000.0,False,True,True,True,True,False
3836.T,3836,アバントグループ,Prime,情報・通信業,,2026-10-02,2626.0,1210.0,89938355.0,74705.0,136851000.0,False,True,True,True,True,False
5942.T,5942,日本フイルコン,Standard,金属製品,,2026-10-02,2626.0,746.0,89816780.0,126970.0,328016200.0,False,True,True,True,True,False
1847.T,1847,イチケン,Standard,建設業,,2026-10-02,2626.0,3340.0,89653000.0,26310.0,76820000.0,False,True,True,True,True,False
9823.T,9823,マミーマートホールディングス,Standard,小売業,,2026-10-02,2626.0,967.0,89605575.0,89330.0,162069200.0,False,True,True,True,True,False
7198.T,7198,ＳＢＩアルヒ,Prime,その他金融業,,2026-10-02,2161.0,786.0,89585485.0,108480.0,87167400.0,False,True,True,True,True,False
9837.T,9837,モリト,Prime,卸売業,,2026-10-02,2626.0,1810.0,89580565.0,49760.0,97197000.0,False,True,True,True,True,False
6245.T,6245,ヒラノテクシード,Standard,機械,,2026-10-02,2626.0,1771.0,89430735.0,48880.0,34180300.0,False,True,True,True,True,False
2792.T,2792,ハニーズホールディングス,Prime,小売業,,2026-10-02,2626.0,1380.0,89429665.0,62705.0,121302000.0,False,True,True,True,True,False
7931.T,7931,未来工業,Prime,化学,,2026-10-02,1898.0,3565.0,89363450.0,24520.0,61674500.0,False,True,True,True,True,False
7989.T,7989,立川ブラインド工業,Prime,金属製品,,2026-10-02,2626.0,2613.0,89031495.0,33380.0,105303900.0,False,True,True,True,True,False
7844.T,7844,マーベラス,Prime,情報・通信業,,2026-10-02,2626.0,525.0,88847460.0,168580.0,59797500.0,False,True,True,True,True,False
3694.T,3694,オプティム,Prime,情報・通信業,,2026-10-02,2626.0,472.0,88662700.0,192415.0,75048000.0,False,True,True,True,True,False
9270.T,9270,バリュエンスホールディングス,Growth,卸売業,,2026-10-02,2091.0,1848.0,88239245.0,44920.0,131023200.0,False,True,True,True,True,False
2752.T,2752,フジオフードグループ本社,Prime,小売業,,2026-10-02,2626.0,1149.0,87962740.0,76230.0,84566400.0,False,True,True,True,True,False
7888.T,7888,三光合成,Prime,化学,,2026-10-02,2626.0,907.0,87770830.0,98055.0,86799900.0,False,True,True,True,True,False
3180.T,3180,ビューティガレージ,Prime,卸売業,,2026-10-02,2626.0,1640.0,87700710.0,54440.0,117916000.0,False,True,True,True,True,False
147A.T,147A,ソラコム,Growth,情報・通信業,,2026-10-02,616.0,971.0,87515300.0,89035.0,47287700.0,False,True,True,True,True,False
3810.T,3810,サイバーステップ,Standard,情報・通信業,,2026-10-02,2626.0,184.0,87214125.0,479080.0,40645600.0,False,False,True,True,True,False
8917.T,8917,ファースト住建,Standard,不動産業,,2026-10-02,2626.0,1075.0,87036770.0,79175.0,29240000.0,False,True,True,True,True,False
438A.T,438A,インフキュリオン,Growth,情報・通信業,,2026-10-02,228.0,1057.0,86709930.0,84205.0,107496900.0,False,True,False,True,True,False
9610.T,9610,ウィルソン・ラーニング　ワールドワイド,Standard,サービス業,,2026-10-02,2626.0,104.0,86687780.0,688545.0,6978400.0,False,False,True,True,True,False
6505.T,6505,東洋電機製造,Standard,電気機器,,2026-10-02,2626.0,2374.0,86395855.0,35615.0,82852600.0,False,True,True,True,True,False
4687.T,4687,ＴＤＣソフト,Prime,情報・通信業,,2026-10-02,2626.0,1070.0,86383080.0,81930.0,72653000.0,False,True,True,True,True,False
7094.T,7094,ＮｅｘＴｏｎｅ,Growth,サービス業,,2026-10-02,1591.0,1791.0,86271800.0,46925.0,62685000.0,False,True,True,True,True,False
7508.T,7508,Ｇ‐７ホールディングス,Prime,小売業,,2026-10-02,2626.0,1382.0,86199015.0,60460.0,114291400.0,False,True,True,True,True,False
6272.T,6272,レオン自動機,Prime,機械,,2026-10-02,2626.0,1463.0,86098700.0,56810.0,102995200.0,False,True,True,True,True,False
5071.T,5071,ヴィス,Standard,サービス業,,2026-10-02,1594.0,1392.0,86050675.0,60985.0,21715200.0,False,True,True,True,True,False
7774.T,7774,ジャパン・ティッシュエンジニアリング,Growth,精密機器,,2026-10-02,2626.0,833.0,85855675.0,100800.0,52895500.0,False,True,True,True,True,False
6547.T,6547,グリーンズ,Standard,サービス業,,2026-10-02,2348.0,2020.0,85349960.0,40225.0,108070000.0,False,True,True,True,True,False
3452.T,3452,ビーロット,Standard,不動産業,,2026-10-02,2626.0,1393.0,85280495.0,59150.0,169249500.0,False,True,True,True,True,False
3479.T,3479,ティーケーピー,Growth,不動産業,,2026-10-02,2345.0,1824.0,85143660.0,45310.0,88281600.0,False,True,True,True,True,False
1930.T,1930,北陸電気工事,Prime,建設業,,2026-10-02,2626.0,1538.0,84584610.0,53505.0,82129200.0,False,True,True,True,True,False
3624.T,3624,アクセルマーク,Growth,情報・通信業,,2026-10-02,2626.0,86.0,84341030.0,933985.0,62332800.0,False,False,True,True,True,False
3997.T,3997,トレードワークス,Standard,情報・通信業,,2026-10-02,2171.0,424.0,84021310.0,197335.0,37015200.0,False,True,True,True,True,False
2130.T,2130,メンバーズ,Prime,サービス業,,2026-10-02,2572.0,691.0,84020900.0,105320.0,613124300.0,False,True,True,True,True,False
3939.T,3939,カナミックネットワーク,Prime,情報・通信業,,2026-10-02,2473.0,490.0,83716430.0,169880.0,71932000.0,False,True,True,True,True,False
8217.T,8217,オークワ,Prime,小売業,,2026-10-02,2626.0,769.0,83329615.0,106205.0,81898500.0,False,True,True,True,True,False
4725.T,4725,ＣＡＣ　Ｈｏｌｄｉｎｇｓ,Prime,情報・通信業,,2026-10-02,2626.0,1915.0,83145770.0,43050.0,89239000.0,False,True,True,True,True,False
436A.T,436A,サイバーソリューションズ,Growth,情報・通信業,,2026-10-02,229.0,1387.0,82843845.0,66000.0,132597200.0,False,True,False,True,True,False
9628.T,9628,燦ホールディングス,Prime,サービス業,,2026-10-02,2626.0,1299.0,82445025.0,62160.0,57935400.0,False,True,True,True,True,False
5597.T,5597,ブルーイノベーション,Growth,情報・通信業,,2026-10-02,684.0,1338.0,81962125.0,58480.0,20337600.0,False,True,True,True,True,False
3983.T,3983,オロ,Prime,情報・通信業,,2026-10-02,2347.0,1902.0,81882350.0,42540.0,57440400.0,False,True,True,True,True,False
4619.T,4619,日本特殊塗料,Standard,化学,,2026-10-02,2626.0,2591.0,81807075.0,30805.0,62702200.0,False,True,True,True,True,False
4318.T,4318,クイック,Prime,サービス業,,2026-10-02,2626.0,836.0,81648545.0,97165.0,76494000.0,False,True,True,True,True,False
4196.T,4196,ネオマーケティング,Standard,情報・通信業,,2026-10-02,1330.0,1322.0,81627005.0,54550.0,30802600.0,False,True,True,True,True,False
3139.T,3139,ラクト・ジャパン,Prime,卸売業,,2026-10-02,2626.0,3400.0,81618575.0,23805.0,86700000.0,False,True,True,True,True,False
4395.T,4395,アクリート,Growth,情報・通信業,,2026-10-02,2001.0,709.0,81421900.0,125640.0,74445000.0,False,True,True,True,True,False
7607.T,7607,進和,Prime,卸売業,,2026-10-02,2626.0,3010.0,81259775.0,26785.0,78561000.0,False,True,True,True,True,False
296A.T,296A,令和アカウンティング・ホールディングス,Growth,サービス業,,2026-10-02,431.0,1105.0,80650060.0,69030.0,46741500.0,False,True,True,True,True,False
7375.T,7375,リファインバースグループ,Growth,サービス業,,2026-10-02,1284.0,1272.0,80586165.0,64965.0,55204800.0,False,True,True,True,True,False
1964.T,1964,中外炉工業,Prime,建設業,,2026-10-02,2626.0,3805.0,80395975.0,20620.0,68870500.0,False,True,True,True,True,False
2471.T,2471,エスプール,Prime,サービス業,,2026-10-02,2626.0,265.0,80291300.0,291220.0,80772000.0,False,True,True,True,True,False
2910.T,2910,ロック・フィールド,Prime,食料品,,2026-10-02,2626.0,1360.0,80270615.0,57185.0,81736000.0,False,True,True,True,True,False
7932.T,7932,ニッピ,Standard,その他製品,,2026-10-02,2626.0,11120.0,80262000.0,7020.0,223512000.0,False,True,True,True,True,False
9405.T,9405,朝日放送グループホールディングス,Prime,情報・通信業,,2026-10-02,2626.0,802.0,80161455.0,93360.0,68009600.0,False,True,True,True,True,False
5992.T,5992,中央発條,Standard,金属製品,,2026-10-02,2626.0,3580.0,80099775.0,21765.0,162174000.0,False,True,True,True,True,False
4249.T,4249,森六,Prime,化学,,2026-10-02,2157.0,2760.0,79647910.0,27535.0,43332000.0,False,True,True,True,True,False
7294.T,7294,ヨロズ,Prime,輸送用機器,,2026-10-02,2626.0,836.0,79612420.0,90640.0,64372000.0,False,True,True,True,True,False
9081.T,9081,神奈川中央交通,Prime,陸運業,,2026-10-02,2626.0,3825.0,79606775.0,19825.0,49342500.0,False,True,True,True,True,False
3788.T,3788,ＧＭＯグローバルサイン・ホールディングス,Prime,情報・通信業,,2026-10-02,2626.0,1967.0,79433355.0,40035.0,50355200.0,False,True,True,True,True,False
4479.T,4479,マクアケ,Growth,情報・通信業,,2026-10-02,1661.0,953.0,79370790.0,82660.0,20203600.0,False,True,True,True,True,False
431A.T,431A,ユーソナー,Growth,情報・通信業,,2026-10-02,233.0,2620.0,79306325.0,29480.0,39562000.0,False,True,False,True,True,False
1844.T,1844,大盛工業,Standard,建設業,,2026-10-02,2626.0,430.0,79125990.0,169545.0,36034000.0,False,True,True,True,True,False
7244.T,7244,市光工業,Prime,電気機器,,2026-10-02,2626.0,540.0,79076950.0,139300.0,66204000.0,False,True,True,True,True,False
7187.T,7187,ジェイリース,Prime,その他金融業,,2026-10-02,2532.0,1304.0,79032040.0,59390.0,117490400.0,False,True,True,True,True,False
2117.T,2117,ウェルネオシュガー,Prime,食料品,,2026-10-02,2626.0,2754.0,78551470.0,27930.0,118146600.0,False,True,True,True,True,False
8793.T,8793,ＮＥＣキャピタルソリューション,Prime,その他金融業,,2026-10-02,2626.0,4035.0,78411475.0,18730.0,89980500.0,False,True,True,True,True,False
4498.T,4498,サイバートラスト,Growth,情報・通信業,,2026-10-02,1334.0,1114.0,78327770.0,68460.0,36539200.0,False,True,True,True,True,False
7438.T,7438,コンドーテック,Prime,卸売業,,2026-10-02,2626.0,1655.0,78172860.0,45015.0,109064500.0,False,True,True,True,True,False
6977.T,6977,日本抵抗器製作所,Standard,電気機器,,2026-10-02,2626.0,1895.0,78160925.0,41610.0,65756500.0,False,True,True,True,True,False
6932.T,6932,遠藤照明,Standard,電気機器,,2026-10-02,2626.0,2494.0,77959695.0,30740.0,52124600.0,False,True,True,True,True,False
4978.T,4978,リプロセル,Growth,化学,,2026-10-02,2626.0,132.0,77178475.0,554105.0,146612400.0,False,False,True,True,True,False
2209.T,2209,井村屋グループ,Prime,食料品,,2026-10-02,2626.0,2275.0,77095300.0,32765.0,91682500.0,False,True,True,True,True,False
7095.T,7095,Ｍａｃｂｅｅ　Ｐｌａｎｅｔ,Prime,サービス業,,2026-10-02,1590.0,1121.0,77066270.0,65170.0,69726200.0,False,True,True,True,True,False
6390.T,6390,加藤製作所,Prime,機械,,2026-10-02,2626.0,1292.0,77045960.0,58170.0,53101200.0,False,True,True,True,True,False
5132.T,5132,ｐｌｕｓｚｅｒｏ,Growth,情報・通信業,,2026-10-02,959.0,1911.0,77007540.0,39975.0,45672900.0,False,True,True,True,True,False
7769.T,7769,リズム,Prime,精密機器,,2026-10-02,2626.0,3770.0,76845725.0,20010.0,66352000.0,False,True,True,True,True,False
6574.T,6574,コンヴァノ,Growth,サービス業,,2026-10-02,2077.0,124.0,76503615.0,634835.0,98319600.0,False,False,True,True,True,False
2667.T,2667,イメージ　ワン,Standard,卸売業,,2026-10-02,2626.0,105.0,76376715.0,663565.0,22669500.0,False,False,True,True,True,False
3662.T,3662,エイチームホールディングス,Prime,情報・通信業,,2026-10-02,2626.0,937.0,76211460.0,80775.0,43008300.0,False,True,True,True,True,False
4641.T,4641,アルプス技研,Prime,サービス業,,2026-10-02,2626.0,862.0,75529870.0,87090.0,58098800.0,False,True,True,True,True,False
4434.T,4434,サーバーワークス,Standard,情報・通信業,,2026-10-02,1841.0,2396.0,75463380.0,30975.0,80026400.0,False,True,True,True,True,False
8881.T,8881,日神グループホールディングス,Prime,不動産業,,2026-10-02,2626.0,634.0,74986020.0,114200.0,118621400.0,False,True,True,True,True,False
7811.T,7811,中本パックス,Standard,その他製品,,2026-10-02,2606.0,2240.0,74705075.0,33845.0,93632000.0,False,True,True,True,True,False
6630.T,6630,ヤーマン,Prime,電気機器,,2026-10-02,2626.0,771.0,74661560.0,94985.0,36159900.0,False,True,True,True,True,False
3916.T,3916,デジタル・インフォメーション・テクノロジー,Prime,情報・通信業,,2026-10-02,2626.0,938.0,74514440.0,78835.0,60594800.0,False,True,True,True,True,False
428A.T,428A,サイプレス・ホールディングス,Standard,小売業,,2026-10-02,239.0,1781.0,74296775.0,42250.0,82638400.0,False,True,False,True,True,False
8563.T,8563,大東銀行,Standard,銀行業,,2026-10-02,2626.0,1260.0,74145220.0,62290.0,91980000.0,False,True,True,True,True,False
7414.T,7414,小野建,Prime,卸売業,,2026-10-02,2626.0,1379.0,73777095.0,51995.0,95426800.0,False,True,True,True,True,False
7610.T,7610,テイツー,Standard,小売業,,2026-10-02,2626.0,135.0,73643400.0,537820.0,106555500.0,False,False,True,True,True,False
2908.T,2908,フジッコ,Prime,食料品,,2026-10-02,2626.0,1545.0,73423080.0,45565.0,93009000.0,False,True,True,True,True,False
7305.T,7305,新家工業,Standard,鉄鋼,,2026-10-02,2626.0,2691.0,73252510.0,26495.0,55703700.0,False,True,True,True,True,False
6718.T,6718,アイホン,Prime,電気機器,,2026-10-02,2626.0,2714.0,73167870.0,25995.0,96618400.0,False,True,True,True,True,False
8254.T,8254,さいか屋,Standard,小売業,,2026-10-02,2626.0,324.0,72839685.0,246005.0,21999600.0,False,True,True,True,True,False
4596.T,4596,窪田製薬ホールディングス,Growth,医薬品,,2026-10-02,2420.0,67.0,72663635.0,1099440.0,32454800.0,False,False,True,True,True,False
9644.T,9644,タナベコンサルティンググループ,Prime,サービス業,,2026-10-02,2626.0,675.0,72542200.0,99065.0,127507500.0,False,True,True,True,True,False
3900.T,3900,クラウドワークス,Growth,情報・通信業,,2026-10-02,2626.0,668.0,72513000.0,109385.0,159652000.0,False,True,True,True,True,False
9729.T,9729,トーカイ,Prime,サービス業,,2026-10-02,2626.0,2510.0,72498210.0,28795.0,72288000.0,False,True,True,True,True,False
4053.T,4053,Ｓｕｎ　Ａｓｔｅｒｉｓｋ,Prime,情報・通信業,,2026-10-02,1508.0,518.0,72334930.0,147685.0,74643800.0,False,True,True,True,True,False
8542.T,8542,トマト銀行,Standard,銀行業,,2026-10-02,2626.0,1962.0,72233260.0,37170.0,113403600.0,False,True,True,True,True,False
8158.T,8158,ソーダニッカ,Prime,卸売業,,2026-10-02,2626.0,1307.0,72060975.0,53910.0,58422900.0,False,True,True,True,True,False
9332.T,9332,ＮＩＳＳＯホールディングス,Prime,サービス業,,2026-10-02,2095.0,661.0,71934070.0,106805.0,41510800.0,False,True,True,True,True,False
4229.T,4229,群栄化学工業,Prime,化学,,2026-10-02,2626.0,4150.0,71928150.0,17190.0,47725000.0,False,True,True,True,True,False
5852.T,5852,アーレスティ,Prime,非鉄金属,,2026-10-02,2626.0,632.0,71813840.0,108480.0,190737600.0,False,True,True,True,True,False
6045.T,6045,レントラックス,Growth,サービス業,,2026-10-02,2626.0,2025.0,71703955.0,33265.0,32602500.0,False,True,True,True,True,False
8844.T,8844,コスモスイニシア,Standard,不動産業,,2026-10-02,2626.0,1155.0,71643025.0,58695.0,98521500.0,False,True,True,True,True,False
414A.T,414A,オーバーラップホールディングス,Growth,情報・通信業,,2026-10-02,242.0,824.0,71631095.0,84275.0,61388000.0,False,True,False,True,True,False
6482.T,6482,ＹＵＳＨＩＮ,Standard,機械,,2026-10-02,2626.0,709.0,71548370.0,100640.0,35591800.0,False,True,True,True,True,False
5959.T,5959,岡部,Prime,金属製品,,2026-10-02,2626.0,919.0,71292020.0,75885.0,94013700.0,False,True,True,True,True,False
332A.T,332A,ミーク,Growth,情報・通信業,,2026-10-02,375.0,1191.0,71150155.0,60040.0,60383700.0,False,True,True,True,True,False
250A.T,250A,シマダヤ,Standard,食料品,,2026-10-02,488.0,1532.0,70247125.0,44265.0,77978800.0,False,True,True,True,True,False
4410.T,4410,ハリマ化成グループ,Prime,化学,,2026-10-02,2626.0,1122.0,70143895.0,62600.0,66310200.0,False,True,True,True,True,False
7628.T,7628,オーハシテクニカ,Prime,卸売業,,2026-10-02,2626.0,1127.0,69891155.0,60250.0,57702400.0,False,True,True,True,True,False
9726.T,9726,ＫＮＴ－ＣＴホールディングス,Standard,サービス業,,2026-10-02,2626.0,2011.0,69753575.0,35500.0,70385000.0,False,True,True,True,True,False
4381.T,4381,ビープラッツ,Growth,情報・通信業,,2026-10-02,2081.0,216.0,69532420.0,279315.0,9288000.0,False,True,True,True,True,False
4579.T,4579,ラクオリア創薬,Growth,医薬品,,2026-10-02,2626.0,609.0,69486510.0,119920.0,96161100.0,False,True,True,True,True,False
5659.T,5659,日本精線,Prime,鉄鋼,,2026-10-02,2626.0,1384.0,69465210.0,49590.0,61034400.0,False,True,True,True,True,False
8929.T,8929,青山財産ネットワークス,Standard,不動産業,,2026-10-02,2626.0,1313.0,69410615.0,50790.0,95586400.0,False,True,True,True,True,False
2211.T,2211,不二家,Prime,食料品,,2026-10-02,2626.0,2460.0,69320355.0,27705.0,82164000.0,False,True,True,True,True,False
9888.T,9888,ＵＥＸ,Standard,卸売業,,2026-10-02,2626.0,1221.0,69146695.0,55290.0,58730100.0,False,True,True,True,True,False
7596.T,7596,魚力,Prime,小売業,,2026-10-02,2626.0,2187.0,68997795.0,29925.0,62766900.0,False,True,True,True,True,False
6897.T,6897,ツインバード,Standard,電気機器,,2026-10-06,2628.0,544.0,68978315.0,106545.0,36067200.0,False,True,True,True,True,False
8244.T,8244,近鉄百貨店,Standard,小売業,,2026-10-02,2626.0,1849.0,68973855.0,36610.0,66194200.0,False,True,True,True,True,False
2652.T,2652,まんだらけ,Standard,小売業,,2026-10-02,2626.0,405.0,68849800.0,162010.0,74601000.0,False,True,True,True,True,False
3185.T,3185,夢展望,Growth,小売業,,2026-10-02,2626.0,109.0,68848330.0,581205.0,16622500.0,False,False,True,True,True,False
4801.T,4801,セントラルスポーツ,Prime,サービス業,,2026-10-02,2626.0,2315.0,68805055.0,28705.0,50467000.0,False,True,True,True,True,False
7874.T,7874,レック,Prime,化学,,2026-10-02,2626.0,963.0,68803050.0,71675.0,56239200.0,False,True,True,True,True,False
5357.T,5357,ヨータイ,Prime,ガラス・土石製品,,2026-10-02,2626.0,1700.0,68564730.0,39435.0,88060000.0,False,True,True,True,True,False
9795.T,9795,ステップ,Prime,サービス業,,2026-10-02,2626.0,2157.0,68499910.0,30335.0,72259500.0,False,True,True,True,True,False
4979.T,4979,ＯＡＴアグリオ,Standard,化学,,2026-10-02,2626.0,2728.0,68395660.0,23680.0,90296800.0,False,True,True,True,True,False
7388.T,7388,ＦＰパートナー,Prime,保険業,,2026-10-02,984.0,2283.0,68305195.0,29400.0,99995400.0,False,True,True,True,True,False
4263.T,4263,サスメド,Growth,情報・通信業,,2026-10-02,1165.0,422.0,68221335.0,161825.0,25024600.0,False,True,True,True,True,False
3793.T,3793,ドリコム,Growth,情報・通信業,,2026-10-02,2626.0,554.0,68210680.0,128405.0,34625000.0,False,True,True,True,True,False
7119.T,7119,ハルメクホールディングス,Growth,小売業,,2026-10-02,863.0,1895.0,68131840.0,33090.0,47564500.0,False,True,True,True,True,False
4406.T,4406,新日本理化,Standard,化学,,2026-10-02,2626.0,232.0,67851065.0,283425.0,68996800.0,False,True,True,True,True,False
1904.T,1904,大成温調,Standard,建設業,,2026-10-02,2626.0,1249.0,67836055.0,53195.0,40092900.0,False,True,True,True,True,False
8864.T,8864,空港施設,Prime,不動産業,,2026-10-02,2626.0,918.0,67481325.0,70410.0,77938200.0,False,True,True,True,True,False
3665.T,3665,エニグモ,Prime,情報・通信業,,2026-10-02,2626.0,406.0,67054150.0,161720.0,56921200.0,False,True,True,True,True,False
5957.T,5957,日東精工,Prime,金属製品,,2026-10-02,2626.0,756.0,66814255.0,87135.0,67435200.0,False,True,True,True,True,False
4951.T,4951,エステー,Prime,化学,,2026-10-02,2626.0,1493.0,66606865.0,43800.0,45387200.0,False,True,True,True,True,False
5449.T,5449,大阪製鐵,Standard,鉄鋼,,2026-10-02,2626.0,2433.0,65871595.0,25585.0,37224900.0,False,True,True,True,True,False
2216.T,2216,カンロ,Standard,食料品,,2026-10-02,2626.0,1037.0,65830525.0,60835.0,113966300.0,False,True,True,True,True,False
3922.T,3922,ＰＲ　ＴＩＭＥＳ,Prime,情報・通信業,,2026-10-02,2587.0,2144.0,65710945.0,30235.0,52528000.0,False,True,True,True,True,False
7482.T,7482,シモジマ,Prime,卸売業,,2026-10-02,2626.0,1437.0,65553250.0,43645.0,47564700.0,False,True,True,True,True,False
9702.T,9702,アイ・エス・ビー,Prime,情報・通信業,,2026-10-02,2626.0,2449.0,65506135.0,26810.0,65143400.0,False,True,True,True,True,False
2489.T,2489,アドウェイズ,Prime,サービス業,,2026-10-02,2626.0,424.0,65449725.0,157800.0,45156000.0,False,True,True,True,True,False
4438.T,4438,Ｗｅｌｂｙ,Growth,情報・通信業,,2026-10-02,1830.0,289.0,65439175.0,209880.0,49592400.0,False,True,True,True,True,False
3070.T,3070,ジェリービーンズグループ,Growth,卸売業,,2026-10-02,2626.0,47.0,65069210.0,1241480.0,55958200.0,False,False,True,True,True,False
9221.T,9221,フルハシＥＰＯ,Standard,サービス業,,2026-10-02,1087.0,1150.0,64953695.0,54675.0,18515000.0,False,True,True,True,True,False
9622.T,9622,スペース,Prime,サービス業,,2026-10-02,2626.0,1398.0,64874860.0,45590.0,54102600.0,False,True,True,True,True,False
4058.T,4058,トヨクモ,Growth,情報・通信業,,2026-10-02,1471.0,2155.0,64598855.0,28220.0,35773000.0,False,True,True,True,True,False
2938.T,2938,オカムラ食品工業,Standard,食料品,,2026-10-02,735.0,1222.0,64436380.0,50920.0,102159200.0,False,True,True,True,True,False
6832.T,6832,アオイ電子,Standard,電気機器,,2026-10-02,2626.0,2524.0,64086345.0,26595.0,45179600.0,False,True,True,True,True,False
9742.T,9742,アイネス,Prime,情報・通信業,,2026-10-02,2626.0,2280.0,63997510.0,29330.0,52668000.0,False,True,True,True,True,False
7624.T,7624,ＮａＩＴＯ,Standard,卸売業,,2026-10-02,2626.0,182.0,63895170.0,343185.0,58713200.0,False,False,True,True,True,False
9991.T,9991,ジェコス,Prime,卸売業,,2026-10-02,2626.0,1740.0,63779340.0,35725.0,64032000.0,False,True,True,True,True,False
6675.T,6675,サクサ,Standard,電気機器,,2026-10-02,2626.0,2099.0,63778365.0,29545.0,34003800.0,False,True,True,True,True,False
3611.T,3611,マツオカコーポレーション,Standard,繊維製品,,2026-10-02,2162.0,2356.0,63778280.0,26540.0,68795200.0,False,True,True,True,True,False
2461.T,2461,ファンコミュニケーションズ,Prime,サービス業,,2026-10-02,2626.0,383.0,63760570.0,165625.0,39449000.0,False,True,True,True,True,False
3031.T,3031,ラクーンホールディングス,Prime,情報・通信業,,2026-10-02,2626.0,703.0,63698320.0,92750.0,52795300.0,False,True,True,True,True,False
3529.T,3529,アツギ,Standard,繊維製品,,2026-10-02,2626.0,1021.0,63662795.0,60350.0,29609000.0,False,True,True,True,True,False
8927.T,8927,明豊エンタープライズ,Standard,不動産業,,2026-10-02,2626.0,490.0,63484075.0,128630.0,146167000.0,False,True,True,True,True,False
7823.T,7823,アートネイチャー,Standard,その他製品,,2026-10-02,2626.0,769.0,63449860.0,77550.0,55906300.0,False,True,True,True,True,False
2998.T,2998,クリアル,Growth,不動産業,,2026-10-02,1082.0,461.0,63438600.0,122415.0,91324100.0,False,True,True,True,True,False
3937.T,3937,Ｕｂｉｃｏｍホールディングス,Prime,情報・通信業,,2026-10-02,2532.0,1120.0,63227745.0,54125.0,52640000.0,False,True,True,True,True,False
8093.T,8093,極東貿易,Prime,卸売業,,2026-10-02,2626.0,1748.0,62636905.0,35035.0,80932400.0,False,True,True,True,True,False
2915.T,2915,ケンコーマヨネーズ,Prime,食料品,,2026-10-02,2626.0,1963.0,62512405.0,30675.0,81464500.0,False,True,True,True,True,False
4891.T,4891,ティムス,Growth,医薬品,,2026-10-02,944.0,126.0,62400785.0,509620.0,24948000.0,False,False,True,True,True,False
3388.T,3388,明治電機工業,Prime,卸売業,,2026-10-02,2626.0,2096.0,62392340.0,29610.0,55963200.0,False,True,True,True,True,False
2533.T,2533,オエノンホールディングス,Prime,食料品,,2026-10-02,2626.0,475.0,62388390.0,131625.0,40755000.0,False,True,True,True,True,False
3199.T,3199,綿半ホールディングス,Prime,小売業,,2026-10-02,2626.0,1268.0,62019790.0,47620.0,69232800.0,False,True,True,True,True,False
9739.T,9739,ＮＳＷ,Prime,情報・通信業,,2026-10-02,2626.0,2549.0,61999765.0,23255.0,49960400.0,False,True,True,True,True,False
7971.T,7971,東リ,Standard,化学,,2026-10-02,2626.0,662.0,61834945.0,89440.0,73151000.0,False,True,True,True,True,False
4635.T,4635,東京インキ,Standard,化学,,2026-10-02,2626.0,1965.0,61684270.0,29795.0,157789500.0,False,True,True,True,True,False
3133.T,3133,海帆,Growth,小売業,,2026-10-02,2626.0,40.0,61640930.0,1241025.0,51044000.0,False,False,True,True,True,False
3843.T,3843,フリービット,Prime,情報・通信業,,2026-10-02,2626.0,1635.0,60883635.0,36040.0,65073000.0,False,True,True,True,True,False
4097.T,4097,高圧ガス工業,Prime,化学,,2026-10-02,2626.0,1172.0,60816375.0,50600.0,59186000.0,False,True,True,True,True,False
300A.T,300A,ＭＩＣ,Standard,サービス業,,2026-10-02,429.0,2861.0,60479790.0,19560.0,63800300.0,False,True,True,True,True,False
5955.T,5955,ワイズホールディングス,Standard,金属製品,,2026-10-02,2626.0,81.0,60434205.0,736125.0,58352400.0,False,False,True,True,True,False
265A.T,265A,Ｈｍｃｏｍｍ,Growth,情報・通信業,,2026-10-02,470.0,766.0,60378575.0,78110.0,10877200.0,False,True,True,True,True,False
7527.T,7527,システムソフト,Standard,情報・通信業,,2026-10-02,2626.0,47.0,60255020.0,1192605.0,63642700.0,False,False,True,True,True,False
7694.T,7694,いつも,Growth,小売業,,2026-10-02,1412.0,640.0,60192035.0,99470.0,70720000.0,False,True,True,True,True,False
3205.T,3205,ダイドーリミテッド,Standard,繊維製品,,2026-10-02,2626.0,735.0,60127930.0,81860.0,28885500.0,False,True,True,True,True,False
4394.T,4394,エクスモーション,Growth,情報・通信業,,2026-10-02,2001.0,800.0,60086660.0,83785.0,133840000.0,False,True,True,True,True,False
4337.T,4337,ぴあ,Prime,サービス業,,2026-10-02,2626.0,2449.0,60021305.0,23100.0,73714900.0,False,True,True,True,True,False
2586.T,2586,フルッタフルッタ,Growth,食料品,,2026-10-02,2626.0,58.0,59874780.0,893625.0,38825200.0,False,False,True,True,True,False
4362.T,4362,日本精化,Prime,化学,,2026-10-02,2626.0,2606.0,59602255.0,22400.0,56810800.0,False,True,True,True,True,False
4763.T,4763,クリーク・アンド・リバー社,Prime,サービス業,,2026-10-02,2626.0,1479.0,59289055.0,39735.0,77055900.0,False,True,True,True,True,False
1429.T,1429,日本アクア,Prime,建設業,,2026-10-02,2626.0,797.0,59178080.0,73920.0,44233500.0,False,True,True,True,True,False
3791.T,3791,ＩＧポート,Standard,情報・通信業,,2026-10-02,2626.0,1120.0,59108265.0,55895.0,54320000.0,False,True,True,True,True,False
4218.T,4218,ニチバン,Prime,化学,,2026-10-02,2626.0,1873.0,59038525.0,30740.0,55815400.0,False,True,True,True,True,False
9740.T,9740,セントラル警備保障,Prime,サービス業,,2026-10-02,2626.0,2613.0,59012320.0,22040.0,92500200.0,False,True,True,True,True,False
6788.T,6788,日本トリム,Prime,電気機器,,2026-10-02,2626.0,5210.0,58944425.0,11590.0,53142000.0,False,True,True,True,True,False
3733.T,3733,ソフトウェア・サービス,Standard,情報・通信業,,2026-10-02,2626.0,11530.0,58922650.0,4905.0,38049000.0,False,True,True,True,True,False
5532.T,5532,リアルゲイト,Growth,不動産業,,2026-10-02,801.0,3500.0,58899875.0,16630.0,43400000.0,False,True,True,True,True,False
5902.T,5902,ホッカンホールディングス,Prime,金属製品,,2026-10-02,2626.0,2591.0,58736270.0,21805.0,50524500.0,False,True,True,True,True,False
7192.T,7192,日本モーゲージサービス,Standard,その他金融業,,2026-10-02,2410.0,678.0,58634720.0,86075.0,40747800.0,False,True,True,True,True,False
5590.T,5590,ネットスターズ,Growth,情報・通信業,,2026-10-02,736.0,717.0,58603115.0,81485.0,42374700.0,False,True,True,True,True,False
7063.T,7063,Ｂｉｒｄｍａｎ,Growth,サービス業,,2026-10-02,1830.0,55.0,58417060.0,898265.0,38813500.0,False,False,True,True,True,False
1888.T,1888,若築建設,Prime,建設業,,2026-10-02,2626.0,3620.0,58341900.0,15910.0,46336000.0,False,True,True,True,True,False
9612.T,9612,ラックランド,Prime,サービス業,,2026-10-02,2626.0,1229.0,58325975.0,47690.0,72633900.0,False,True,True,True,True,False
4563.T,4563,アンジェス,Growth,医薬品,,2026-10-02,2626.0,35.0,58213555.0,1590330.0,139699000.0,False,False,True,True,True,False
3187.T,3187,ミラタップ,Growth,小売業,,2026-10-02,2626.0,402.0,58206665.0,144005.0,7075200.0,False,True,True,True,True,False
7554.T,7554,幸楽苑,Prime,小売業,,2026-10-02,2626.0,1151.0,57903730.0,49425.0,47996700.0,False,True,True,True,True,False
2378.T,2378,ルネサンス,Prime,サービス業,,2026-10-02,2626.0,994.0,57838510.0,56110.0,84688800.0,False,True,True,True,True,False
6157.T,6157,日進工具,Prime,機械,,2026-10-02,2626.0,810.0,57539865.0,70600.0,29808000.0,False,True,True,True,True,False
1447.T,1447,ＳＡＡＦホールディングス,Growth,建設業,,2026-10-02,1954.0,315.0,57296425.0,164330.0,17104500.0,False,True,True,True,True,False
7035.T,7035,ａｎｄ　ｆａｃｔｏｒｙ,Standard,サービス業,,2026-10-02,1971.0,222.0,57047685.0,248930.0,15362400.0,False,True,True,True,True,False
6648.T,6648,かわでん,Standard,電気機器,,2026-10-02,2626.0,1681.0,57043690.0,34495.0,153979600.0,False,True,True,True,True,False
4651.T,4651,サニックスホールディングス,Standard,サービス業,,2026-10-02,2626.0,245.0,56943720.0,222700.0,20555500.0,False,True,True,True,True,False
6099.T,6099,エラン,Prime,サービス業,,2026-10-02,2626.0,701.0,56933955.0,78650.0,60496300.0,False,True,True,True,True,False
8132.T,8132,シナネンホールディングス,Prime,卸売業,,2026-10-02,2626.0,7430.0,56815200.0,7575.0,52010000.0,False,True,True,True,True,False
7678.T,7678,あさくま,Standard,小売業,,2026-10-02,1773.0,3740.0,56415275.0,15800.0,25058000.0,False,True,True,True,True,False
8275.T,8275,フォーバル,Standard,卸売業,,2026-10-02,2626.0,1043.0,56260045.0,55470.0,40364100.0,False,True,True,True,True,False
7723.T,7723,愛知時計電機,Prime,精密機器,,2026-10-02,2626.0,2857.0,56190575.0,19595.0,57997100.0,False,True,True,True,True,False
5269.T,5269,日本コンクリート工業,Prime,ガラス・土石製品,,2026-10-02,2626.0,348.0,56128940.0,155255.0,56028000.0,False,True,True,True,True,False
4884.T,4884,クリングルファーマ,Growth,医薬品,,2026-10-02,1408.0,484.0,56106010.0,119265.0,40172000.0,False,True,True,True,True,False
6228.T,6228,ジェイ・イー・ティ,Standard,機械,,2026-10-02,1348.0,720.0,56009275.0,90015.0,119448000.0,False,True,True,True,True,False
4892.T,4892,サイフューズ,Growth,医薬品,,2026-10-02,938.0,655.0,55894375.0,84865.0,30523000.0,False,True,True,True,True,False
6037.T,6037,楽待,Standard,サービス業,,2026-10-02,2626.0,1069.0,55814735.0,51890.0,15179800.0,False,True,True,True,True,False
3649.T,3649,ファインデックス,Prime,情報・通信業,,2026-10-02,2626.0,848.0,55725190.0,64245.0,38923200.0,False,True,True,True,True,False
1435.T,1435,ｒｏｂｏｔ　ｈｏｍｅ,Standard,不動産業,,2026-10-02,2626.0,167.0,55708955.0,317345.0,84134600.0,False,False,True,True,True,False
4709.T,4709,ＩＤホールディングス,Prime,情報・通信業,,2026-10-02,2626.0,1045.0,55557100.0,51655.0,57370500.0,False,True,True,True,True,False
4767.T,4767,テー・オー・ダブリュー,Standard,サービス業,,2026-10-02,2626.0,390.0,55236910.0,141435.0,43485000.0,False,True,True,True,True,False
2294.T,2294,柿安本店,Prime,食料品,,2026-10-02,2626.0,2468.0,55199570.0,22035.0,76261200.0,False,True,True,True,True,False
6599.T,6599,エブレン,Standard,電気機器,,2026-10-02,1529.0,4435.0,55016650.0,13320.0,45237000.0,False,True,True,True,True,False
1810.T,1810,松井建設,Standard,建設業,,2026-10-02,2626.0,1388.0,54968470.0,38065.0,59406400.0,False,True,True,True,True,False
4668.T,4668,明光ネットワークジャパン,Prime,サービス業,,2026-10-02,2626.0,730.0,54642105.0,71740.0,63072000.0,False,True,True,True,True,False
6166.T,6166,中村超硬,Growth,機械,,2026-10-02,2626.0,610.0,54601065.0,83465.0,34831000.0,False,True,True,True,True,False
7893.T,7893,プロネクサス,Prime,その他製品,,2026-10-02,2626.0,1058.0,54515635.0,49620.0,50043400.0,False,True,True,True,True,False
5932.T,5932,三協立山,Prime,金属製品,,2026-10-02,2626.0,645.0,54346880.0,83390.0,86172000.0,False,True,True,True,True,False
2307.T,2307,クロスキャット,Prime,情報・通信業,,2026-10-02,2626.0,1042.0,54270160.0,51125.0,39804400.0,False,True,True,True,True,False
9850.T,9850,グルメ杵屋,Prime,小売業,,2026-10-02,2626.0,941.0,54221145.0,55410.0,62011900.0,False,True,True,True,True,False
8349.T,8349,東北銀行,Standard,銀行業,,2026-10-02,2626.0,1595.0,54108340.0,32530.0,57579500.0,False,True,True,True,True,False
8914.T,8914,エリアリンク,Standard,不動産業,,2026-10-02,2626.0,830.0,53785390.0,61180.0,55195000.0,False,True,True,True,True,False
2335.T,2335,キューブシステム,Prime,情報・通信業,,2026-10-02,2626.0,1022.0,53712065.0,49355.0,38631600.0,False,True,True,True,True,False
4662.T,4662,フォーカスシステムズ,Prime,情報・通信業,,2026-10-02,2626.0,1585.0,53535195.0,33020.0,63558500.0,False,True,True,True,True,False
6223.T,6223,西部技研,Standard,機械,,2026-10-02,731.0,1942.0,53434120.0,27630.0,39616800.0,False,True,True,True,True,False
8699.T,8699,ＨＳホールディングス,Standard,証券、商品先物取引業,,2026-10-02,2626.0,1112.0,53338370.0,47335.0,138110400.0,False,True,True,True,True,False
9028.T,9028,ゼロ,Standard,陸運業,,2026-10-02,2626.0,3210.0,53226425.0,15970.0,99189000.0,False,True,True,True,True,False
9553.T,9553,マイクロアド,Growth,サービス業,,2026-10-02,1042.0,635.0,53094250.0,85380.0,33464500.0,False,True,True,True,True,False
5817.T,5817,ＪＭＡＣＳ,Standard,非鉄金属,,2026-10-02,2626.0,1180.0,52797260.0,48010.0,66788000.0,False,True,True,True,True,False
7952.T,7952,河合楽器製作所,Prime,その他製品,,2026-10-02,2626.0,3425.0,52609000.0,15715.0,32880000.0,False,True,True,True,True,False
3633.T,3633,ＧＭＯペパボ,Standard,情報・通信業,,2026-10-02,2626.0,2661.0,52417995.0,20285.0,74241900.0,False,True,True,True,True,False
2418.T,2418,ツカダ・グローバルホールディング,Standard,サービス業,,2026-10-02,2626.0,580.0,52307125.0,87775.0,102544000.0,False,True,True,True,True,False
6485.T,6485,前澤給装工業,Standard,機械,,2026-10-02,2626.0,1668.0,52216460.0,31625.0,28022400.0,False,True,True,True,True,False
8920.T,8920,東祥,Standard,サービス業,,2026-10-02,2626.0,650.0,52180560.0,75945.0,58240000.0,False,True,True,True,True,False
2217.T,2217,モロゾフ,Prime,食料品,,2026-10-02,2626.0,1459.0,52095325.0,35145.0,84913800.0,False,True,True,True,True,False
4350.T,4350,メディカルシステムネットワーク,Standard,小売業,,2026-10-02,2626.0,521.0,51989250.0,102160.0,29071800.0,False,True,True,True,True,False
7883.T,7883,サンメッセ,Standard,その他製品,,2026-10-02,2626.0,457.0,51950355.0,106505.0,28151200.0,False,True,True,True,True,False
8198.T,8198,マックスバリュ東海,Standard,小売業,,2026-10-02,2626.0,3290.0,51925500.0,15480.0,43428000.0,False,True,True,True,True,False
6850.T,6850,チノー,Prime,電気機器,,2026-10-02,2626.0,1809.0,51902540.0,29935.0,52822800.0,False,True,True,True,True,False
5535.T,5535,ミガロホールディングス,Prime,不動産業,,2026-10-02,732.0,282.0,51823870.0,180200.0,59107200.0,False,True,True,True,True,False
5586.T,5586,Ｌａｂｏｒｏ．ＡＩ,Growth,情報・通信業,,2026-10-02,775.0,893.0,51818710.0,56095.0,56616200.0,False,True,True,True,True,False
6820.T,6820,アイコム,Prime,電気機器,,2026-10-02,2626.0,3645.0,51812125.0,14275.0,39730500.0,False,True,True,True,True,False
1799.T,1799,第一建設工業,Standard,建設業,,2026-10-02,2626.0,3315.0,51700250.0,15560.0,29172000.0,False,True,True,True,True,False
4326.T,4326,インテージホールディングス,Prime,情報・通信業,,2026-10-02,2626.0,1925.0,51666130.0,26115.0,65642500.0,False,True,True,True,True,False
7713.T,7713,シグマ光機,Standard,精密機器,,2026-10-02,2626.0,2580.0,51546965.0,21070.0,233748000.0,False,True,True,True,True,False
4170.T,4170,Ｋａｉｚｅｎ　Ｐｌａｔｆｏｒｍ,Growth,情報・通信業,,2026-10-02,1412.0,112.0,51519750.0,414190.0,9945600.0,False,False,True,True,True,False
9319.T,9319,中央倉庫,Prime,倉庫・運輸関連業,,2026-10-02,2626.0,1701.0,51501085.0,28725.0,37081800.0,False,True,True,True,True,False
4685.T,4685,菱友システムズ,Standard,情報・通信業,,2026-10-02,2626.0,2767.0,51480060.0,19040.0,83840100.0,False,True,True,True,True,False
3803.T,3803,イメージ情報開発,Growth,情報・通信業,,2026-10-02,2626.0,611.0,51431285.0,71950.0,260041600.0,False,True,True,True,True,False
2698.T,2698,キャンドゥ,Standard,小売業,,2026-10-02,2626.0,3225.0,51239375.0,15585.0,30637500.0,False,True,True,True,True,False
3547.T,3547,串カツ田中ホールディングス,Standard,小売業,,2026-10-02,2474.0,1930.0,50992610.0,26620.0,61567000.0,False,True,True,True,True,False
6571.T,6571,キュービーネットホールディングス,Prime,サービス業,,2026-10-02,2090.0,1245.0,50973780.0,39900.0,87150000.0,False,True,True,True,True,False
378A.T,378A,ヒット,Growth,サービス業,,2026-10-02,303.0,913.0,50788515.0,55030.0,13329800.0,False,True,True,True,True,False
5820.T,5820,三ッ星,Standard,非鉄金属,,2026-10-02,2626.0,896.0,50729025.0,57710.0,57254400.0,False,True,True,True,True,False
8291.T,8291,日産東京販売ホールディングス,Standard,小売業,,2026-10-02,2626.0,539.0,50711900.0,92290.0,56864500.0,False,True,True,True,True,False
3925.T,3925,ダブルスタンダード,Prime,情報・通信業,,2026-10-02,2626.0,1280.0,50695945.0,38910.0,45440000.0,False,True,True,True,True,False
2884.T,2884,ヨシムラ・フード・ホールディングス,Prime,食料品,,2026-10-02,2605.0,585.0,50339730.0,82030.0,86989500.0,False,True,True,True,True,False
5184.T,5184,ニチリン,Standard,ゴム製品,,2026-10-02,2626.0,4100.0,50127200.0,12200.0,85280000.0,False,True,True,True,True,False
3878.T,3878,巴川コーポレーション,Standard,化学,,2026-10-02,2626.0,969.0,50023160.0,55300.0,61725300.0,False,True,True,True,True,False
9248.T,9248,人・夢・技術グループ,Standard,サービス業,,2026-10-02,1223.0,1572.0,50008275.0,29995.0,39928800.0,False,True,True,True,True,False
6167.T,6167,冨士ダイス,Prime,機械,,2026-10-02,2626.0,1007.0,49993355.0,50305.0,43905200.0,False,True,True,True,True,False
6445.T,6445,ジャノメ,Prime,機械,,2026-10-02,2626.0,1320.0,49888945.0,36595.0,62700000.0,False,True,True,True,True,False
3645.T,3645,メディカルネット,Growth,情報・通信業,,2026-10-02,2626.0,254.0,49644895.0,170915.0,2565400.0,False,True,True,True,True,False
3723.T,3723,日本ファルコム,Growth,情報・通信業,,2026-10-02,2626.0,2576.0,49617395.0,18050.0,40185600.0,False,True,True,True,True,False
6775.T,6775,ＴＢグループ,Standard,電気機器,,2026-10-02,2626.0,136.0,49512810.0,379620.0,16945600.0,False,False,True,True,True,False
9163.T,9163,ナレルグループ,Growth,サービス業,,2026-10-02,781.0,2353.0,49432500.0,20870.0,130591500.0,False,True,True,True,True,False
4719.T,4719,アルファシステムズ,Prime,情報・通信業,,2026-10-02,2626.0,3260.0,49420500.0,14935.0,27058000.0,False,True,True,True,True,False
8860.T,8860,フジ住宅,Prime,不動産業,,2026-10-02,2626.0,708.0,49390050.0,67070.0,61879200.0,False,True,True,True,True,False
8095.T,8095,アステナホールディングス,Prime,卸売業,,2026-10-02,2626.0,548.0,49320045.0,93075.0,72281200.0,False,True,True,True,True,False
5254.T,5254,Ａｒｅｎｔ,Growth,情報・通信業,,2026-10-02,860.0,4185.0,49284225.0,11965.0,66960000.0,False,True,True,True,True,False
9082.T,9082,大和自動車交通,Standard,陸運業,,2026-10-02,2626.0,2455.0,49127865.0,19020.0,11293000.0,False,True,True,True,True,False
7466.T,7466,ＳＰＫ,Prime,卸売業,,2026-10-02,2626.0,1449.0,49051590.0,33625.0,35500500.0,False,True,True,True,True,False
3023.T,3023,ラサ商事,Standard,卸売業,,2026-10-02,2626.0,2087.0,49011135.0,23825.0,67827500.0,False,True,True,True,True,False
4572.T,4572,カルナバイオサイエンス,Growth,医薬品,,2026-10-02,2626.0,413.0,48981790.0,112320.0,39730600.0,False,True,True,True,True,False
1375.T,1375,ユキグニファクトリー,Prime,水産・農林業,,2026-10-02,1475.0,1136.0,48764380.0,41715.0,51915200.0,False,True,True,True,True,False
4820.T,4820,イーエムシステムズ,Prime,情報・通信業,,2026-10-02,2626.0,564.0,48754945.0,82725.0,36490800.0,False,True,True,True,True,False
2148.T,2148,アイティメディア,Prime,サービス業,,2026-10-02,2626.0,1116.0,48749305.0,42195.0,65286000.0,False,True,True,True,True,False
6763.T,6763,帝国通信工業,Prime,電気機器,,2026-10-02,2626.0,2849.0,48467910.0,17305.0,58689400.0,False,True,True,True,True,False
6078.T,6078,バリューＨＲ,Prime,サービス業,,2026-10-02,2626.0,1517.0,48373640.0,31130.0,43234500.0,False,True,True,True,True,False
7525.T,7525,リックス,Prime,卸売業,,2026-10-02,2626.0,3525.0,48352475.0,13510.0,34545000.0,False,True,True,True,True,False
7505.T,7505,扶桑電通,Standard,卸売業,,2026-10-02,2626.0,1924.0,48082845.0,22910.0,25204400.0,False,True,True,True,True,False
8869.T,8869,明和地所,Standard,不動産業,,2026-10-02,2626.0,782.0,47966515.0,59190.0,91024800.0,False,True,True,True,True,False
6835.T,6835,アライドテレシスホールディングス,Standard,電気機器,,2026-10-02,2626.0,272.0,47934910.0,180725.0,35142400.0,False,True,True,True,True,False
4671.T,4671,ファルコホールディングス,Standard,サービス業,,2026-10-02,2626.0,2665.0,47638445.0,16910.0,58097000.0,False,True,True,True,True,False
8226.T,8226,理経,Standard,卸売業,,2026-10-02,2626.0,391.0,47610260.0,122835.0,38474400.0,False,True,True,True,True,False
3678.T,3678,メディアドゥ,Prime,情報・通信業,,2026-10-02,2626.0,1140.0,47566645.0,38835.0,80940000.0,False,True,True,True,True,False
3421.T,3421,稲葉製作所,Standard,金属製品,,2026-10-02,2626.0,1595.0,47563705.0,28850.0,56303500.0,False,True,True,True,True,False
4345.T,4345,シーティーエス,Prime,サービス業,,2026-10-02,2626.0,816.0,47560580.0,56810.0,45532800.0,False,True,True,True,True,False
7373.T,7373,アイドマ・ホールディングス,Growth,サービス業,,2026-10-02,1290.0,879.0,47447045.0,52020.0,38060700.0,False,True,True,True,True,False
2653.T,2653,イオン九州,Standard,小売業,,2026-10-02,2626.0,2752.0,47305780.0,16925.0,95769600.0,False,True,True,True,True,False
7185.T,7185,ヒロセ通商,Standard,証券、商品先物取引業,,2026-10-02,2595.0,3600.0,47295525.0,12385.0,48240000.0,False,True,True,True,True,False
3109.T,3109,シキボウ,Prime,繊維製品,,2026-10-02,2626.0,1018.0,47161805.0,44905.0,61385400.0,False,True,True,True,True,False
4783.T,4783,ＮＣＤ,Standard,情報・通信業,,2026-10-02,2626.0,2399.0,47106750.0,18425.0,109154500.0,False,True,True,True,True,False
9896.T,9896,ＪＫホールディングス,Standard,卸売業,,2026-10-02,2626.0,1350.0,47061565.0,33315.0,33210000.0,False,True,True,True,True,False
6572.T,6572,オープングループ,Prime,サービス業,,2026-10-02,2087.0,254.0,47001005.0,175005.0,49250600.0,False,True,True,True,True,False
6380.T,6380,オリエンタルチエン工業,Standard,機械,,2026-10-02,2626.0,3495.0,46989775.0,12185.0,6291000.0,False,True,True,True,True,False
6217.T,6217,津田駒工業,Standard,機械,,2026-10-02,2626.0,800.0,46583155.0,59735.0,16240000.0,False,True,True,True,True,False
5363.T,5363,東京窯業,Standard,ガラス・土石製品,,2026-10-02,2626.0,719.0,46514720.0,66240.0,31636000.0,False,True,True,True,True,False
8912.T,8912,エリアクエスト,Standard,不動産業,,2026-10-02,2626.0,157.0,46376455.0,276130.0,2323600.0,False,False,True,True,True,False
4591.T,4591,リボミック,Growth,医薬品,,2026-10-02,2626.0,76.0,45848365.0,562120.0,47264400.0,False,False,True,True,True,False
2338.T,2338,クオンタムソリューションズ,Standard,情報・通信業,,2026-10-02,2626.0,105.0,45846645.0,373510.0,11865000.0,False,False,True,True,True,False
3143.T,3143,オーウイル,Standard,卸売業,,2026-10-02,2626.0,1096.0,45752205.0,50710.0,47785600.0,False,True,True,True,True,False
3580.T,3580,小松マテーレ,Prime,繊維製品,,2026-10-02,2626.0,718.0,45645945.0,60920.0,120480400.0,False,True,True,True,True,False
2930.T,2930,北の達人コーポレーション,Prime,化学,,2026-10-02,2626.0,132.0,45517715.0,346160.0,42094800.0,False,False,True,True,True,False
4422.T,4422,ＶＡＬＵＥＮＥＸ,Growth,情報・通信業,,2026-10-02,1933.0,497.0,45462580.0,85700.0,8498700.0,False,True,True,True,True,False
9252.T,9252,ラストワンマイル,Growth,サービス業,,2026-10-02,1187.0,4160.0,45373950.0,11140.0,82368000.0,False,True,True,True,True,False
6050.T,6050,イー・ガーディアン,Prime,サービス業,,2026-10-02,2626.0,1637.0,45230995.0,25675.0,59095700.0,False,True,True,True,True,False
8383.T,8383,鳥取銀行,Standard,銀行業,,2026-10-02,2626.0,1912.0,45105610.0,23260.0,54300800.0,False,True,True,True,True,False
6033.T,6033,エクストリーム,Growth,サービス業,,2026-10-02,2626.0,1611.0,44981140.0,26230.0,58962600.0,False,True,True,True,True,False
6358.T,6358,酒井重工業,Prime,機械,,2026-10-02,2626.0,2056.0,44915275.0,21020.0,52633600.0,False,True,True,True,True,False
8285.T,8285,三谷産業,Standard,卸売業,,2026-10-02,2626.0,812.0,44886430.0,55955.0,48395200.0,False,True,True,True,True,False
6824.T,6824,新コスモス電機,Standard,電気機器,,2026-10-02,2626.0,3950.0,44769325.0,10760.0,26465000.0,False,True,True,True,True,False
8798.T,8798,アドバンスクリエイト,Prime,保険業,,2026-10-02,2626.0,88.0,44736485.0,351505.0,152592000.0,False,False,True,True,True,False
8203.T,8203,ＭｒＭａｘＨＤ,Prime,小売業,,2026-10-02,2626.0,725.0,44723155.0,59440.0,68657500.0,False,True,True,True,True,False
1434.T,1434,ＪＥＳＣＯホールディングス,Standard,建設業,,2026-10-02,2626.0,1613.0,44472900.0,27705.0,50970800.0,False,True,True,True,True,False
8143.T,8143,ラピーヌ,Standard,繊維製品,,2026-10-02,2626.0,160.0,44414045.0,240100.0,4832000.0,False,False,True,True,True,False
190A.T,190A,Ｃｈｏｒｄｉａ　Ｔｈｅｒａｐｅｕｔｉｃｓ,Growth,医薬品,,2026-10-02,561.0,62.0,44166650.0,649580.0,76935800.0,False,False,True,True,True,False
7602.T,7602,レダックス,Standard,卸売業,,2026-10-02,2626.0,165.0,44001565.0,237815.0,6270000.0,False,False,True,True,True,False
3355.T,3355,クリヤマホールディングス,Standard,卸売業,,2026-10-02,2626.0,1778.0,43974480.0,24465.0,41783000.0,False,True,True,True,True,False
6927.T,6927,ヘリオス　テクノ　ホールディング,Standard,電気機器,,2026-10-02,2626.0,983.0,43805285.0,44565.0,28408700.0,False,True,True,True,True,False
2003.T,2003,日東富士製粉,Standard,食料品,,2026-10-02,2626.0,1839.0,43788460.0,23505.0,63077700.0,False,True,True,True,True,False
1972.T,1972,三晃金属工業,Standard,建設業,,2026-10-02,2626.0,1280.0,43629930.0,33360.0,46208000.0,False,True,True,True,True,False
2753.T,2753,あみやき亭,Prime,小売業,,2026-10-02,2626.0,1375.0,43520845.0,31400.0,35062500.0,False,True,True,True,True,False
9908.T,9908,日本電計,Standard,卸売業,,2026-10-02,2626.0,2881.0,43485830.0,15095.0,23336100.0,False,True,True,True,True,False
5757.T,5757,ＣＫサンエツ,Prime,非鉄金属,,2026-10-02,2350.0,4915.0,43435050.0,8750.0,35388000.0,False,True,True,True,True,False
6898.T,6898,トミタ電機,Standard,電気機器,,2026-10-02,2626.0,4725.0,43380050.0,8255.0,472500.0,False,True,True,True,True,False
7061.T,7061,日本ホスピスホールディングス,Growth,サービス業,,2026-10-02,1833.0,475.0,43373970.0,87140.0,32585000.0,False,True,True,True,True,False
6915.T,6915,千代田インテグレ,Standard,電気機器,,2026-10-02,2626.0,3525.0,43227575.0,12415.0,59572500.0,False,True,True,True,True,False
264A.T,264A,Ｓｃｈｏｏ,Growth,サービス業,,2026-10-02,474.0,290.0,43099190.0,130940.0,9019000.0,False,True,True,True,True,False
8416.T,8416,高知銀行,Standard,銀行業,,2026-10-02,2626.0,1212.0,43002550.0,37380.0,48480000.0,False,True,True,True,True,False
4586.T,4586,メドレックス,Growth,医薬品,,2026-10-02,2626.0,59.0,42994410.0,722805.0,36686200.0,False,False,True,True,True,False
9554.T,9554,ＡＶｉＣ,Growth,サービス業,,2026-10-02,1041.0,1700.0,42954205.0,25035.0,35190000.0,False,True,True,True,True,False
2676.T,2676,高千穂交易,Prime,卸売業,,2026-10-02,2626.0,2043.0,42887165.0,20800.0,46989000.0,False,True,True,True,True,False
4584.T,4584,キッズウェル・バイオ,Growth,医薬品,,2026-10-02,2626.0,162.0,42871755.0,260955.0,39252600.0,False,False,True,True,True,False
2491.T,2491,バリューコマース,Prime,サービス業,,2026-10-02,2626.0,448.0,42828475.0,91055.0,64243200.0,False,True,True,True,True,False
9381.T,9381,エーアイテイー,Prime,倉庫・運輸関連業,,2026-10-02,2626.0,2236.0,42818400.0,18460.0,80048800.0,False,True,True,True,True,False
2477.T,2477,手間いらず,Standard,情報・通信業,,2026-10-02,2626.0,3160.0,42710375.0,13110.0,50244000.0,False,True,True,True,True,False
7271.T,7271,安永,Standard,輸送用機器,,2026-10-02,2626.0,779.0,42260400.0,52850.0,62475800.0,False,True,True,True,True,False
9661.T,9661,歌舞伎座,Standard,サービス業,,2026-10-02,2626.0,4080.0,42222700.0,10060.0,70992000.0,False,True,True,True,True,False
3777.T,3777,環境フレンドリーホールディングス,Growth,情報・通信業,,2026-10-02,2626.0,46.0,42178735.0,931120.0,40572000.0,False,False,True,True,True,False
7840.T,7840,フランスベッドホールディングス,Prime,その他製品,,2026-10-02,2626.0,1272.0,41985215.0,32490.0,48081600.0,False,True,True,True,True,False
5933.T,5933,アルインコ,Prime,金属製品,,2026-10-02,2626.0,1075.0,41866240.0,37760.0,41387500.0,False,True,True,True,True,False
9932.T,9932,杉本商事,Prime,卸売業,,2026-10-02,2626.0,1327.0,41863185.0,31695.0,38217600.0,False,True,True,True,True,False
4055.T,4055,ティアンドエスグループ,Growth,情報・通信業,,2026-10-02,1502.0,1610.0,41827615.0,25380.0,25760000.0,False,True,True,True,True,False
3489.T,3489,フェイスネットワーク,Standard,不動産業,,2026-10-02,2095.0,744.0,41706540.0,52895.0,45532800.0,False,True,True,True,True,False
5304.T,5304,ＳＥＣカーボン,Standard,ガラス・土石製品,,2026-10-02,2626.0,2362.0,41686650.0,16685.0,89047400.0,False,True,True,True,True,False
3053.T,3053,ペッパーフードサービス,Standard,小売業,,2026-10-02,2626.0,198.0,41624585.0,206850.0,54351000.0,False,False,True,True,True,False
1780.T,1780,ヤマウラ,Prime,建設業,,2026-10-02,2626.0,1426.0,41557210.0,28265.0,67592400.0,False,True,True,True,True,False
2226.T,2226,湖池屋,Standard,食料品,,2026-10-02,2626.0,4715.0,41546675.0,8700.0,21689000.0,False,True,True,True,True,False
3936.T,3936,グローバルウェイ,Growth,情報・通信業,,2026-10-02,2573.0,130.0,41481850.0,308400.0,36725000.0,False,False,True,True,True,False
7927.T,7927,ムトー精工,Standard,化学,,2026-10-02,2626.0,2333.0,41467515.0,17815.0,22396800.0,False,True,True,True,True,False
2305.T,2305,スタジオアリス,Standard,サービス業,,2026-10-02,2626.0,1812.0,41374080.0,22365.0,40770000.0,False,True,True,True,True,False
6798.T,6798,ＳＭＫ,Prime,電気機器,,2026-10-02,2626.0,3290.0,41361800.0,12595.0,39151000.0,False,True,True,True,True,False
6864.T,6864,エヌエフホールディングス,Standard,電気機器,,2026-10-02,2626.0,1587.0,41141970.0,25930.0,21741900.0,False,True,True,True,True,False
261A.T,261A,日水コン,Standard,サービス業,,2026-10-02,478.0,1987.0,40910300.0,20510.0,30997200.0,False,True,True,True,True,False
9769.T,9769,学究社,Prime,サービス業,,2026-10-02,2626.0,2504.0,40813055.0,15860.0,53335200.0,False,True,True,True,True,False
4582.T,4582,シンバイオ製薬,Growth,医薬品,,2026-10-02,2626.0,56.0,40811855.0,715080.0,6344800.0,False,False,True,True,True,False
3306.T,3306,日本製麻,Standard,卸売業,,2026-10-02,2626.0,772.0,40730530.0,54420.0,40144000.0,False,True,True,True,True,False
4792.T,4792,山田コンサルティンググループ,Prime,サービス業,,2026-10-02,2626.0,1696.0,40699615.0,23190.0,56476800.0,False,True,True,True,True,False
6089.T,6089,ウィルグループ,Prime,サービス業,,2026-10-02,2626.0,1135.0,40604415.0,35130.0,41541000.0,False,True,True,True,True,False
7955.T,7955,クリナップ,Prime,その他製品,,2026-10-02,2626.0,903.0,40567795.0,42565.0,56618100.0,False,True,True,True,True,False
9733.T,9733,ナガセ,Standard,サービス業,,2026-10-02,2626.0,2235.0,40544060.0,17590.0,30396000.0,False,True,True,True,True,False
6882.T,6882,三社電機製作所,Standard,電気機器,,2026-10-02,2626.0,1189.0,40375295.0,35205.0,19024000.0,False,True,True,True,True,False
3787.T,3787,テクノマセマティカル,Standard,情報・通信業,,2026-09-30,2624.0,680.0,40330005.0,63085.0,101932000.0,False,True,True,True,False,False
6039.T,6039,日本動物高度医療センター,Growth,サービス業,,2026-10-02,2626.0,1017.0,40267775.0,40145.0,34578000.0,False,True,True,True,True,False
6537.T,6537,ＷＡＳＨハウス,Growth,サービス業,,2026-10-02,2428.0,301.0,40253980.0,128255.0,79223200.0,False,True,True,True,True,False
4301.T,4301,アミューズ,Prime,サービス業,,2026-10-02,2626.0,1833.0,40113655.0,21455.0,35743500.0,False,True,True,True,True,False
4994.T,4994,大成ラミックグループ,Standard,化学,,2026-10-02,2626.0,2616.0,40018925.0,14515.0,28776000.0,False,True,True,True,True,False
7068.T,7068,フィードフォースグループ,Growth,サービス業,,2026-10-02,1766.0,560.0,39976540.0,67845.0,68152000.0,False,True,True,True,True,False
9514.T,9514,エフオン,Standard,電気・ガス業,,2026-10-02,2626.0,342.0,39936905.0,116075.0,49624200.0,False,True,True,True,True,False
205A.T,205A,ロゴスホールディングス,Growth,建設業,,2026-10-02,551.0,1611.0,39829930.0,24245.0,71206200.0,False,True,True,True,True,False
8596.T,8596,九州リースサービス,Standard,その他金融業,,2026-10-02,2427.0,1502.0,39698435.0,25545.0,76151400.0,False,True,True,True,True,False
9629.T,9629,ピー・シー・エー,Prime,情報・通信業,,2026-10-02,2626.0,1545.0,39650455.0,25365.0,59173500.0,False,True,True,True,True,False
4125.T,4125,三和油化工業,Standard,化学,,2026-10-02,1166.0,3650.0,39595825.0,10885.0,30295000.0,False,True,True,True,True,False
2788.T,2788,アップルインターナショナル,Standard,卸売業,,2026-10-02,2626.0,402.0,39530220.0,96790.0,27255600.0,False,True,True,True,True,False
7520.T,7520,エコス,Prime,小売業,,2026-10-02,2626.0,2524.0,39496225.0,15455.0,38869600.0,False,True,True,True,True,False
9990.T,9990,サックスバー　ホールディングス,Prime,小売業,,2026-10-02,2626.0,745.0,39336345.0,52165.0,44700000.0,False,True,True,True,True,False
4771.T,4771,エフアンドエム,Standard,サービス業,,2026-10-02,2626.0,2647.0,39287845.0,14465.0,21970100.0,False,True,True,True,True,False
5582.T,5582,グリッド,Growth,情報・通信業,,2026-10-02,789.0,2082.0,39261445.0,18735.0,13949400.0,False,True,True,True,True,False
4366.T,4366,ダイトーケミックス,Standard,化学,,2026-10-02,2626.0,492.0,39190830.0,85200.0,24452400.0,False,True,True,True,True,False
9856.T,9856,ケーユーホールディングス,Standard,小売業,,2026-10-02,2626.0,1180.0,39162420.0,32055.0,40828000.0,False,True,True,True,True,False
4310.T,4310,ドリームインキュベータ,Prime,サービス業,,2026-10-02,2626.0,2503.0,39124055.0,15525.0,41299500.0,False,True,True,True,True,False
3845.T,3845,アイフリークモバイル,Standard,情報・通信業,,2026-10-02,2626.0,325.0,39094615.0,124225.0,8970000.0,False,True,True,True,True,False
6177.T,6177,ＡｐｐＢａｎｋ,Growth,サービス業,,2026-10-02,2626.0,86.0,39077875.0,448360.0,21740800.0,False,False,True,True,True,False
7937.T,7937,ツツミ,Standard,その他製品,,2026-10-02,2626.0,2428.0,38523315.0,15125.0,68469600.0,False,True,True,True,True,False
2163.T,2163,アルトナー,Prime,サービス業,,2026-10-02,2626.0,930.0,38512835.0,40865.0,26040000.0,False,True,True,True,True,False
9341.T,9341,ＧＥＮＯＶＡ,Prime,サービス業,,2026-10-02,922.0,602.0,38410075.0,62420.0,35939400.0,False,True,True,True,True,False
5129.T,5129,ＦＩＸＥＲ,Growth,情報・通信業,,2026-10-02,975.0,249.0,38384170.0,137670.0,22584300.0,False,True,True,True,True,False
4644.T,4644,イマジニア,Standard,情報・通信業,,2026-10-02,2626.0,1027.0,37891175.0,36060.0,5545800.0,False,True,True,True,True,False
9246.T,9246,プロジェクトホールディングス,Growth,サービス業,,2026-10-02,1225.0,2194.0,37825380.0,17970.0,123083400.0,False,True,True,True,True,False
3195.T,3195,ジェネレーションパス,Growth,小売業,,2026-10-02,2626.0,437.0,37790635.0,73830.0,17785900.0,False,True,True,True,True,False
4192.T,4192,スパイダープラス,Growth,情報・通信業,,2026-10-02,1347.0,325.0,37699855.0,122995.0,63537500.0,False,True,True,True,True,False
9535.T,9535,広島ガス,Prime,電気・ガス業,,2026-10-02,2626.0,416.0,37660230.0,86205.0,27830400.0,False,True,True,True,True,False
196A.T,196A,ＭＦＳ,Growth,その他金融業,,2026-10-02,556.0,329.0,37618450.0,114915.0,19970300.0,False,True,True,True,True,False
9273.T,9273,コーア商事ホールディングス,Prime,卸売業,,2026-10-02,2026.0,758.0,37493130.0,49625.0,53969600.0,False,True,True,True,True,False
5588.T,5588,ファーストアカウンティング,Growth,情報・通信業,,2026-10-02,738.0,750.0,37383340.0,47545.0,31800000.0,False,True,True,True,True,False
9322.T,9322,川西倉庫,Standard,倉庫・運輸関連業,,2026-10-02,2626.0,2356.0,37360545.0,15255.0,19319200.0,False,True,True,True,True,False
9212.T,9212,Ｇｒｅｅｎ　Ｅａｒｔｈ　Ｉｎｓｔｉｔｕｔｅ,Growth,サービス業,,2026-10-02,1165.0,265.0,37349045.0,129680.0,30607500.0,False,True,True,True,True,False
6094.T,6094,フリークアウト・ホールディングス,Growth,サービス業,,2026-10-02,2626.0,500.0,37254300.0,70650.0,25250000.0,False,True,True,True,True,False
2498.T,2498,オリエンタルコンサルタンツホールディングス,Standard,サービス業,,2026-10-02,2626.0,2983.0,37007800.0,11915.0,26250400.0,False,True,True,True,True,False
2329.T,2329,東北新社,Standard,情報・通信業,,2026-10-02,2626.0,487.0,36943375.0,74585.0,91653400.0,False,True,True,True,True,False
4809.T,4809,パラカ,Prime,不動産業,,2026-10-02,2626.0,1969.0,36770915.0,18250.0,36229600.0,False,True,True,True,True,False
4923.T,4923,コタ,Prime,化学,,2026-10-02,2626.0,1166.0,36642875.0,30155.0,41393000.0,False,True,True,True,True,False
6699.T,6699,ダイヤモンドエレクトリックホールディングス,Prime,電気機器,,2026-10-02,1954.0,481.0,36465340.0,73415.0,37373700.0,False,True,True,True,True,False
2882.T,2882,イートアンドホールディングス,Prime,食料品,,2026-10-02,2626.0,2007.0,36446885.0,18090.0,27495900.0,False,True,True,True,True,False
6294.T,6294,オカダアイヨン,Prime,機械,,2026-10-02,2626.0,1899.0,36276555.0,18650.0,107483400.0,False,True,True,True,True,False
5010.T,5010,日本精蝋,Standard,石油・石炭製品,,2026-10-02,2626.0,304.0,36237420.0,124150.0,57668800.0,False,True,True,True,True,False
4404.T,4404,ミヨシ油脂,Standard,食料品,,2026-10-02,2626.0,2150.0,36156360.0,16290.0,25370000.0,False,True,True,True,True,False
4814.T,4814,ネクストウェア,Standard,情報・通信業,,2026-10-02,2626.0,167.0,36016330.0,212755.0,17601800.0,False,False,True,True,True,False
9216.T,9216,ビーウィズ,Prime,サービス業,,2026-10-02,1122.0,1631.0,35976605.0,21545.0,44200100.0,False,True,True,True,True,False
1828.T,1828,田辺工業,Standard,建設業,,2026-10-02,2626.0,2304.0,35974245.0,14840.0,28569600.0,False,True,True,True,True,False
2735.T,2735,ワッツ,Standard,小売業,,2026-10-02,2626.0,725.0,35813385.0,49450.0,34800000.0,False,True,True,True,True,False
7363.T,7363,ベビーカレンダー,Growth,サービス業,,2026-10-02,1350.0,1360.0,35567445.0,24145.0,3808000.0,False,True,True,True,True,False
2751.T,2751,テンポスホールディングス,Standard,卸売業,,2026-10-02,2626.0,3645.0,35539650.0,9770.0,37179000.0,False,True,True,True,True,False
2764.T,2764,ひらまつ,Standard,小売業,,2026-10-02,2626.0,159.0,35528365.0,216050.0,36713100.0,False,False,True,True,True,False
4977.T,4977,新田ゼラチン,Standard,化学,,2026-10-02,2626.0,1175.0,35454600.0,29745.0,44180000.0,False,True,True,True,True,False
3553.T,3553,共和レザー,Standard,化学,,2026-10-02,2626.0,879.0,35422405.0,38540.0,40082400.0,False,True,True,True,True,False
7776.T,7776,セルシード,Growth,精密機器,,2026-10-02,2626.0,215.0,35327300.0,158895.0,33712000.0,False,True,True,True,True,False
5660.T,5660,神鋼鋼線工業,Standard,鉄鋼,,2026-08-28,2604.0,1900.0,35168790.0,18620.0,0.0,False,True,True,True,False,False
6912.T,6912,菊水ホールディングス,Standard,電気機器,,2026-10-02,2626.0,2824.0,35132040.0,13380.0,44336800.0,False,True,True,True,True,False
4379.T,4379,Ｐｈｏｔｏｓｙｎｔｈ,Growth,情報・通信業,,2026-10-02,1199.0,483.0,35119875.0,73715.0,12413100.0,False,True,True,True,True,False
7810.T,7810,クロスフォー,Standard,その他製品,,2026-10-02,2265.0,152.0,35039230.0,218580.0,5441600.0,False,False,True,True,True,False
2134.T,2134,北浜キャピタルパートナーズ,Standard,サービス業,,2026-10-02,2626.0,18.0,34869390.0,1881105.0,4186800.0,False,False,True,True,True,False
7771.T,7771,日本精密,Standard,精密機器,,2026-10-02,2626.0,253.0,34864610.0,134365.0,20619500.0,False,True,True,True,True,False
3834.T,3834,朝日ネット,Prime,情報・通信業,,2026-10-02,2626.0,585.0,34835330.0,57830.0,91377000.0,False,True,True,True,True,False
3189.T,3189,ＡＮＡＰホールディングス,Standard,小売業,,2026-10-02,2626.0,96.0,34691360.0,324175.0,43564800.0,False,False,True,True,True,False
6969.T,6969,松尾電機,Standard,電気機器,,2026-10-02,2626.0,1178.0,34465870.0,32810.0,189186800.0,False,True,True,True,True,False
6539.T,6539,ＭＳ－Ｊａｐａｎ,Prime,サービス業,,2026-10-02,2413.0,966.0,34465435.0,34700.0,36901200.0,False,True,True,True,True,False
4168.T,4168,ヤプリ,Growth,情報・通信業,,2026-10-02,1412.0,788.0,34413795.0,44120.0,18754400.0,False,True,True,True,True,False
5986.T,5986,モリテック　スチール,Standard,金属製品,,2026-10-02,2626.0,289.0,34413365.0,121395.0,18264800.0,False,True,True,True,True,False
1967.T,1967,ヤマト,Standard,建設業,,2026-10-02,2626.0,2147.0,34291950.0,16095.0,32205000.0,False,True,True,True,True,False
3063.T,3063,ジェイグループホールディングス,Growth,小売業,,2026-10-02,2626.0,1121.0,34286550.0,29995.0,16142400.0,False,True,True,True,True,False
6495.T,6495,宮入バルブ製作所,Standard,機械,,2026-10-02,2626.0,104.0,34140630.0,309735.0,23410400.0,False,False,True,True,True,False
9768.T,9768,いであ,Standard,サービス業,,2026-10-02,2626.0,3730.0,34135450.0,9035.0,35062000.0,False,True,True,True,True,False
2656.T,2656,ベクターホールディングス,Standard,小売業,,2026-10-02,2626.0,160.0,34103435.0,212785.0,189152000.0,False,False,True,True,True,False
3914.T,3914,ＪＩＧ－ＳＡＷ,Growth,情報・通信業,,2026-10-02,2626.0,2481.0,34053895.0,13470.0,19351800.0,False,True,True,True,True,False
1716.T,1716,第一カッター興業,Standard,建設業,,2026-10-02,2626.0,1336.0,34013305.0,24805.0,59184800.0,False,True,True,True,True,False
5998.T,5998,アドバネクス,Standard,金属製品,,2026-10-02,2626.0,3020.0,33992415.0,12215.0,72782000.0,False,True,True,True,True,False
5845.T,5845,全保連,Standard,その他金融業,,2026-10-02,716.0,1205.0,33916980.0,28100.0,33740000.0,False,True,True,True,True,False
6560.T,6560,エル・ティー・エス,Prime,サービス業,,2026-10-02,2160.0,1780.0,33822260.0,18730.0,30438000.0,False,True,True,True,True,False
2462.T,2462,ライク,Prime,サービス業,,2026-10-02,2626.0,1496.0,33820215.0,22385.0,36652000.0,False,True,True,True,True,False
6137.T,6137,小池酸素工業,Standard,機械,,2026-10-02,2626.0,1493.0,33777915.0,22195.0,15527200.0,False,True,True,True,True,False
6316.T,6316,丸山製作所,Standard,機械,,2026-10-02,2626.0,2829.0,33573735.0,11295.0,12447600.0,False,True,True,True,True,False
7235.T,7235,東京ラヂエーター製造,Standard,輸送用機器,,2026-10-02,2626.0,1530.0,33560800.0,21655.0,27540000.0,False,True,True,True,True,False
6626.T,6626,ＳＥＭＩＴＥＣ,Standard,電気機器,,2026-10-02,2626.0,2449.0,33553120.0,13990.0,21061400.0,False,True,True,True,True,False
5034.T,5034,ｕｎｅｒｒｙ,Growth,情報・通信業,,2026-10-02,1022.0,2436.0,33523870.0,14165.0,29719200.0,False,True,True,True,True,False
9343.T,9343,アイビス,Growth,サービス業,,2026-10-02,862.0,778.0,33505315.0,42295.0,23729000.0,False,True,True,True,True,False
9941.T,9941,太洋物産,Standard,卸売業,,2026-10-02,2626.0,1083.0,33460095.0,29285.0,17328000.0,False,True,True,True,True,False
4571.T,4571,ＮＡＮＯ　ＭＲＮＡ,Growth,医薬品,,2026-10-02,2626.0,95.0,33404770.0,337885.0,66034500.0,False,False,True,True,True,False
7091.T,7091,リビングプラットフォーム,Growth,サービス業,,2026-10-02,1599.0,1193.0,33380050.0,26060.0,8470300.0,False,True,True,True,True,False
9651.T,9651,日本プロセス,Standard,情報・通信業,,2026-10-02,2626.0,1954.0,33338275.0,16945.0,19735400.0,False,True,True,True,True,False
281A.T,281A,インフォメティス,Growth,情報・通信業,,2026-10-02,441.0,377.0,33329600.0,82755.0,16173300.0,False,True,True,True,True,False
1848.T,1848,富士ピー・エス,Standard,建設業,,2026-10-02,2626.0,873.0,33328260.0,39650.0,32126400.0,False,True,True,True,True,False
6257.T,6257,藤商事,Standard,機械,,2026-10-02,2626.0,1000.0,33323625.0,32970.0,85000000.0,False,True,True,True,True,False
4576.T,4576,デ・ウエスタン・セラピテクス研究所,Growth,医薬品,,2026-10-02,2626.0,74.0,33183860.0,438340.0,14881400.0,False,False,True,True,True,False
2469.T,2469,ヒビノ,Standard,サービス業,,2026-10-02,2626.0,1320.0,33155450.0,24125.0,32736000.0,False,True,True,True,True,False
6666.T,6666,リバーエレテック,Standard,電気機器,,2026-10-02,2626.0,850.0,33095775.0,40715.0,65535000.0,False,True,True,True,True,False
3447.T,3447,信和,Standard,金属製品,,2026-10-02,2093.0,958.0,33093565.0,33225.0,32284600.0,False,True,True,True,True,False
6073.T,6073,アサンテ,Prime,サービス業,,2026-10-02,2626.0,1371.0,33063495.0,22355.0,33589500.0,False,True,True,True,True,False
5285.T,5285,ヤマックス,Standard,ガラス・土石製品,,2026-10-02,2626.0,1299.0,33021085.0,24615.0,53388900.0,False,True,True,True,True,False
155A.T,155A,情報戦略テクノロジー,Growth,情報・通信業,,2026-10-02,614.0,732.0,32958905.0,41245.0,32866800.0,False,True,True,True,True,False
4538.T,4538,扶桑薬品工業,Prime,医薬品,,2026-10-02,2626.0,2165.0,32828685.0,14715.0,44815500.0,False,True,True,True,True,False
5621.T,5621,ヒューマンテクノロジーズ,Growth,情報・通信業,,2026-10-02,676.0,1558.0,32669110.0,20735.0,30848400.0,False,True,True,True,True,False
5240.T,5240,ｍｏｎｏＡＩ　ｔｅｃｈｎｏｌｏｇｙ,Growth,情報・通信業,,2026-10-02,925.0,172.0,32513785.0,166140.0,11833600.0,False,False,True,True,True,False
1948.T,1948,弘電社,Standard,建設業,,2026-09-30,2624.0,11450.0,32217750.0,2820.0,0.0,False,True,True,True,False,False
6620.T,6620,宮越ホールディングス,Prime,不動産業,,2026-10-02,2626.0,621.0,32176770.0,47790.0,52785000.0,False,True,True,True,True,False
4463.T,4463,日華化学,Standard,化学,,2026-10-02,2626.0,1969.0,32105450.0,16290.0,43318000.0,False,True,True,True,True,False
6562.T,6562,ジーニー,Growth,サービス業,,2026-10-02,2159.0,986.0,32078455.0,32700.0,25833200.0,False,True,True,True,True,False
7175.T,7175,今村証券,Standard,証券、商品先物取引業,,2026-10-02,2626.0,1977.0,31958555.0,15400.0,31038900.0,False,True,True,True,True,False
3686.T,3686,ディー・エル・イー,Standard,情報・通信業,,2026-10-02,2626.0,59.0,31895690.0,520020.0,10118500.0,False,False,True,True,True,False
6405.T,6405,鈴茂器工,Standard,機械,,2026-10-02,2626.0,1290.0,31864095.0,25660.0,39990000.0,False,True,True,True,True,False
2804.T,2804,ブルドックソース,Prime,食料品,,2026-10-02,2626.0,1840.0,31516460.0,16930.0,34408000.0,False,True,True,True,True,False
7859.T,7859,アルメディオ,Standard,その他製品,,2026-10-02,2626.0,258.0,31419675.0,114800.0,5959800.0,False,True,True,True,True,False
3773.T,3773,アドバンスト・メディア,Growth,情報・通信業,,2026-10-02,2626.0,1051.0,31402050.0,29805.0,24908700.0,False,True,True,True,True,False
7820.T,7820,ニホンフラッシュ,Prime,その他製品,,2026-10-02,2626.0,682.0,31246945.0,44455.0,41874800.0,False,True,True,True,True,False
7320.T,7320,Ｓｏｌｖｖｙ,Growth,その他金融業,,2026-10-02,2084.0,1385.0,31194790.0,21600.0,41965500.0,False,True,True,True,True,False
3691.T,3691,デジタルプラス,Growth,情報・通信業,,2026-10-02,2626.0,1791.0,31177980.0,16870.0,27581400.0,False,True,True,True,True,False
3077.T,3077,ホリイフードサービス,Standard,小売業,,2026-10-02,2626.0,1443.0,31157560.0,23290.0,29148600.0,False,True,True,True,True,False
5133.T,5133,テリロジーホールディングス,Standard,情報・通信業,,2026-10-02,958.0,331.0,31144035.0,99530.0,208298300.0,False,True,True,True,True,False
7435.T,7435,ナ・デックス,Standard,卸売業,,2026-10-02,2626.0,1381.0,31106415.0,23520.0,13810000.0,False,True,True,True,True,False
6858.T,6858,小野測器,Standard,電気機器,,2026-10-02,2626.0,866.0,31087820.0,36755.0,20351000.0,False,True,True,True,True,False
7819.T,7819,粧美堂,Standard,その他製品,,2026-10-02,2626.0,942.0,31055570.0,31560.0,33346800.0,False,True,True,True,True,False
4433.T,4433,ヒト・コミュニケーションズ・ホールディングス,Prime,情報・通信業,,2026-10-02,2626.0,839.0,31034495.0,36290.0,32804900.0,False,True,True,True,True,False
2193.T,2193,クックパッド,Standard,サービス業,,2026-10-02,2626.0,121.0,30927525.0,243560.0,52635000.0,False,False,True,True,True,False
6493.T,6493,ＮＩＴＴＡＮ,Standard,輸送用機器,,2026-10-02,2626.0,472.0,30889135.0,63520.0,33040000.0,False,True,True,True,True,False
5256.T,5256,Ｆｕｓｉｃ,Growth,情報・通信業,,2026-10-02,856.0,3520.0,30878205.0,9575.0,19712000.0,False,True,True,True,True,False
2437.T,2437,Ｓｈｉｎｗａ　Ｗｉｓｅ　Ｈｏｌｄｉｎｇｓ,Standard,サービス業,,2026-10-02,2626.0,611.0,30867040.0,50320.0,25173200.0,False,True,True,True,True,False
410A.T,410A,ＧＭＯコマース,Growth,サービス業,,2026-10-02,248.0,1244.0,30834650.0,24720.0,21521200.0,False,True,False,True,True,False
4627.T,4627,ナトコ,Standard,化学,,2026-10-02,2626.0,2084.0,30689500.0,15925.0,17922400.0,False,True,True,True,True,False
2922.T,2922,なとり,Prime,食料品,,2026-10-02,2626.0,1962.0,30681360.0,15450.0,32176800.0,False,True,True,True,True,False
3159.T,3159,丸善ＣＨＩホールディングス,Standard,小売業,,2026-10-02,2626.0,370.0,30675995.0,79150.0,61901000.0,False,True,True,True,True,False
2204.T,2204,中村屋,Standard,食料品,,2026-10-02,2626.0,3060.0,30661850.0,9820.0,33966000.0,False,True,True,True,True,False
7162.T,7162,アストマックス,Standard,電気・ガス業,,2026-10-02,2626.0,293.0,30639800.0,101330.0,2373300.0,False,True,True,True,True,False
8783.T,8783,ａｂｃ,Standard,その他金融業,,2026-10-02,2626.0,44.0,30541395.0,616810.0,12777600.0,False,False,True,True,True,False
4094.T,4094,日本化学産業,Standard,化学,,2026-10-02,2626.0,2223.0,30463820.0,13455.0,12893400.0,False,True,True,True,True,False
9046.T,9046,神戸電鉄,Prime,陸運業,,2026-10-02,2626.0,2370.0,30443970.0,12425.0,19434000.0,False,True,True,True,True,False
2359.T,2359,コア,Prime,情報・通信業,,2026-10-02,2626.0,2042.0,30429500.0,14510.0,35735000.0,False,True,True,True,True,False
7683.T,7683,ダブルエー,Prime,小売業,,2026-10-02,1688.0,1408.0,30210890.0,21430.0,68710400.0,False,True,True,True,True,False
6091.T,6091,ウエスコホールディングス,Standard,サービス業,,2026-10-02,2626.0,946.0,30143935.0,32945.0,3594800.0,False,True,True,True,True,False
4178.T,4178,Ｓｈａｒｉｎｇ　Ｉｎｎｏｖａｔｉｏｎｓ,Growth,情報・通信業,,2026-10-02,1351.0,929.0,30079685.0,36930.0,165640700.0,False,True,True,True,True,False
6047.T,6047,Ｇｕｎｏｓｙ,Prime,サービス業,,2026-10-02,2626.0,362.0,30058060.0,77885.0,44743200.0,False,True,True,True,True,False
7463.T,7463,アドヴァングループ,Standard,小売業,,2026-10-02,2626.0,925.0,29873150.0,30860.0,38202500.0,False,True,True,True,True,False
366A.T,366A,ウェルネス・コミュニケーションズ,Growth,サービス業,,2026-10-02,312.0,1160.0,29868895.0,25600.0,33060000.0,False,True,True,True,True,False
7358.T,7358,ポピンズ,Standard,サービス業,,2026-10-02,1413.0,1782.0,29850930.0,16610.0,62548200.0,False,True,True,True,True,False
2156.T,2156,セーラー広告,Standard,サービス業,,2026-10-02,2626.0,272.0,29833870.0,103720.0,9601600.0,False,True,True,True,True,False
4286.T,4286,ＣＬホールディングス,Standard,サービス業,,2026-10-02,2626.0,1310.0,29737585.0,22710.0,11790000.0,False,True,True,True,True,False
6165.T,6165,パンチ工業,Standard,機械,,2026-10-02,2626.0,523.0,29688780.0,54860.0,39591100.0,False,True,True,True,True,False
6803.T,6803,ティアック,Standard,電気機器,,2026-10-02,2626.0,97.0,29654585.0,299975.0,38761200.0,False,False,True,True,True,False
5018.T,5018,ＭＯＲＥＳＣＯ,Standard,石油・石炭製品,,2026-10-02,2626.0,2301.0,29483790.0,12590.0,23700300.0,False,True,True,True,True,False
5244.T,5244,ｊｉｇ．ｊｐ,Growth,情報・通信業,,2026-10-02,923.0,176.0,29445095.0,167920.0,25696000.0,False,False,True,True,True,False
1431.T,1431,Ｌｉｂ　Ｗｏｒｋ,Growth,建設業,,2026-10-02,1780.0,639.0,29434155.0,45340.0,20575800.0,False,True,True,True,True,False
369A.T,369A,エータイ,Growth,サービス業,,2026-10-02,309.0,2722.0,29396480.0,11055.0,18509600.0,False,True,True,True,True,False
3753.T,3753,フライトソリューションズ,Standard,情報・通信業,,2026-10-02,2626.0,220.0,29294145.0,135030.0,60456000.0,False,True,True,True,True,False
7987.T,7987,ナカバヤシ,Standard,その他製品,,2026-10-02,2626.0,542.0,29288100.0,52355.0,52248800.0,False,True,True,True,True,False
5491.T,5491,日本金属,Standard,鉄鋼,,2026-10-02,2626.0,899.0,29134645.0,31760.0,24273000.0,False,True,True,True,True,False
2195.T,2195,アミタホールディングス,Growth,サービス業,,2026-10-02,2626.0,371.0,29117090.0,77250.0,8570100.0,False,True,True,True,True,False
142A.T,142A,ジンジブ,Growth,サービス業,,2026-10-02,617.0,1070.0,29076460.0,28860.0,39911000.0,False,True,True,True,True,False
6656.T,6656,インスペック,Standard,電気機器,,2026-10-02,2626.0,821.0,29052095.0,36500.0,25697300.0,False,True,True,True,True,False
4264.T,4264,セキュア,Growth,情報・通信業,,2026-10-02,1163.0,1358.0,29015640.0,20700.0,33678400.0,False,True,True,True,True,False
6291.T,6291,日本エアーテック,Standard,機械,,2026-10-02,2626.0,1357.0,28938295.0,21715.0,54008600.0,False,True,True,True,True,False
6513.T,6513,オリジン,Standard,電気機器,,2026-10-02,2626.0,1296.0,28654330.0,22335.0,9720000.0,False,True,True,True,True,False
8018.T,8018,三共生興,Standard,卸売業,,2026-10-02,2626.0,833.0,28542850.0,33820.0,26822600.0,False,True,True,True,True,False
8029.T,8029,ルックホールディングス,Standard,繊維製品,,2026-10-02,2626.0,2731.0,28521270.0,10615.0,29221700.0,False,True,True,True,True,False
2935.T,2935,ピックルスホールディングス,Prime,食料品,,2026-10-02,998.0,1161.0,28421605.0,23695.0,31579200.0,False,True,True,True,True,False
8091.T,8091,ニチモウ,Prime,卸売業,,2026-10-02,2626.0,2341.0,28376060.0,11830.0,24814600.0,False,True,True,True,True,False
3323.T,3323,レカム,Standard,卸売業,,2026-10-02,2626.0,92.0,28371155.0,304870.0,22337600.0,False,False,True,True,True,False
1873.T,1873,日本ハウスホールディングス,Prime,建設業,,2026-10-02,2626.0,307.0,28350555.0,91155.0,45835100.0,False,True,True,True,True,False
3556.T,3556,リネットジャパングループ,Growth,小売業,,2026-10-02,2410.0,760.0,28285230.0,35720.0,36632000.0,False,True,True,True,True,False
280A.T,280A,ＴＭＨ,Growth,卸売業,,2026-10-02,444.0,1115.0,28178490.0,25615.0,17840000.0,False,True,True,True,True,False
6086.T,6086,シンメンテホールディングス,Growth,サービス業,,2026-10-02,2626.0,986.0,28062950.0,27655.0,34214200.0,False,True,True,True,True,False
2475.T,2475,ＷＤＢホールディングス,Prime,サービス業,,2026-10-02,2626.0,1714.0,27985670.0,15875.0,28109600.0,False,True,True,True,True,False
6262.T,6262,ＰＥＧＡＳＵＳ,Standard,機械,,2026-10-02,2626.0,518.0,27889725.0,53150.0,32167800.0,False,True,True,True,True,False
9450.T,9450,ファイバーゲート,Standard,情報・通信業,,2026-10-02,2089.0,750.0,27849960.0,35980.0,34575000.0,False,True,True,True,True,False
4448.T,4448,ｋｕｂｅｌｌ,Growth,情報・通信業,,2026-10-02,1714.0,362.0,27747410.0,77975.0,25122800.0,False,True,True,True,True,False
9168.T,9168,ライズ・コンサルティング・グループ,Growth,サービス業,,2026-10-02,745.0,420.0,27655905.0,65280.0,22428000.0,False,True,True,True,True,False
2340.T,2340,極楽湯ホールディングス,Standard,サービス業,,2026-10-02,2626.0,510.0,27652625.0,52140.0,13107000.0,False,True,True,True,True,False
9994.T,9994,やまや,Standard,小売業,,2026-10-02,2626.0,1994.0,27634430.0,13675.0,35892000.0,False,True,True,True,True,False
4832.T,4832,ＪＦＥシステムズ,Standard,情報・通信業,,2026-10-02,2626.0,1891.0,27589070.0,14385.0,29877800.0,False,True,True,True,True,False
1418.T,1418,インターライフホールディングス,Standard,建設業,,2026-10-02,2626.0,604.0,27411870.0,46410.0,51098400.0,False,True,True,True,True,False
6030.T,6030,アドベンチャー,Growth,サービス業,,2026-10-02,2626.0,1541.0,27354915.0,16205.0,59174400.0,False,True,True,True,True,False
2445.T,2445,タカミヤ,Prime,サービス業,,2026-10-02,2626.0,385.0,27044175.0,68295.0,30068500.0,False,True,True,True,True,False
3422.T,3422,Ｊ－ＭＡＸ,Standard,金属製品,,2026-10-02,1359.0,657.0,26961920.0,42265.0,37317600.0,False,True,True,True,True,False
4347.T,4347,ブロードメディア,Standard,サービス業,,2026-10-02,2626.0,1895.0,26940780.0,14950.0,15539000.0,False,True,True,True,True,False
6540.T,6540,船場,Standard,サービス業,,2026-10-02,2410.0,1500.0,26920485.0,17870.0,30600000.0,False,True,True,True,True,False
3940.T,3940,ノムラシステムコーポレーション,Standard,情報・通信業,,2026-10-02,2472.0,130.0,26878720.0,205335.0,34697000.0,False,False,True,True,True,False
7551.T,7551,ウェッズ,Standard,輸送用機器,,2026-10-02,2626.0,670.0,26877010.0,39205.0,3283000.0,False,True,True,True,True,False
4040.T,4040,南海化学,Standard,化学,,2026-10-02,843.0,4000.0,26846925.0,6810.0,16000000.0,False,True,True,True,True,False
3359.T,3359,ｃｏｔｔａ,Growth,卸売業,,2026-10-02,2626.0,491.0,26833465.0,52325.0,22536900.0,False,True,True,True,True,False
4838.T,4838,スペースシャワーＳＫＩＹＡＫＩホールディングス,Standard,情報・通信業,,2026-10-02,2626.0,695.0,26811105.0,37930.0,17305500.0,False,True,True,True,True,False
6151.T,6151,日東工器,Prime,機械,,2026-10-02,2626.0,1671.0,26720025.0,15510.0,33420000.0,False,True,True,True,True,False
4441.T,4441,トビラシステムズ,Standard,情報・通信業,,2026-10-02,1811.0,1463.0,26680540.0,17650.0,29698900.0,False,True,True,True,True,False
156A.T,156A,マテリアルグループ,Growth,サービス業,,2026-10-02,613.0,850.0,26601140.0,30525.0,28475000.0,False,True,True,True,True,False
2776.T,2776,新都ホールディングス,Standard,卸売業,,2026-10-02,2626.0,92.0,26589650.0,267760.0,22236400.0,False,False,True,True,True,False
4880.T,4880,セルソース,Prime,医薬品,,2026-10-02,1691.0,314.0,26546745.0,81570.0,22576600.0,False,True,True,True,True,False
2892.T,2892,日本食品化工,Standard,食料品,,2026-10-02,2626.0,4900.0,26446200.0,5595.0,37730000.0,False,True,True,True,True,False
3237.T,3237,イントランス,Growth,不動産業,,2026-10-02,2626.0,88.0,26440540.0,283540.0,11088000.0,False,False,True,True,True,False
3446.T,3446,ジェイテックコーポレーション,Standard,金属製品,,2026-10-02,2106.0,1570.0,26425755.0,16605.0,11461000.0,False,True,True,True,True,False
9223.T,9223,ＡＳＮＯＶＡ,Growth,サービス業,,2026-10-02,675.0,413.0,26374170.0,66185.0,203650300.0,False,True,True,True,True,False
7376.T,7376,ＢＣＣ,Growth,サービス業,,2026-10-02,1280.0,705.0,26341090.0,34555.0,61476000.0,False,True,True,True,True,False
8999.T,8999,グランディハウス,Prime,不動産業,,2026-10-02,2626.0,554.0,26309980.0,46555.0,33904800.0,False,True,True,True,True,False
3551.T,3551,ダイニック,Standard,繊維製品,,2026-10-02,2626.0,1550.0,26256085.0,16685.0,57350000.0,False,True,True,True,True,False
6035.T,6035,アイ・アールジャパンホールディングス,Prime,サービス業,,2026-10-02,2626.0,730.0,26106460.0,35300.0,27375000.0,False,True,True,True,True,False
2819.T,2819,エバラ食品工業,Standard,食料品,,2026-10-02,2626.0,2451.0,26033125.0,10460.0,28431600.0,False,True,True,True,True,False
9256.T,9256,サクシード,Growth,サービス業,,2026-10-02,1167.0,961.0,26010835.0,25755.0,13357900.0,False,True,True,True,True,False
3921.T,3921,ネオジャパン,Prime,情報・通信業,,2026-10-02,2626.0,1599.0,25950980.0,15995.0,25104300.0,False,True,True,True,True,False
1921.T,1921,巴コーポレーション,Standard,建設業,,2026-10-02,2626.0,1986.0,25946770.0,13365.0,4766400.0,False,True,True,True,True,False
9235.T,9235,売れるネット広告社グループ,Growth,サービス業,,2026-10-02,718.0,404.0,25798890.0,60935.0,5938800.0,False,True,True,True,True,False
3640.T,3640,電算,Standard,情報・通信業,,2026-10-02,2626.0,2684.0,25778025.0,9270.0,37576000.0,False,True,True,True,True,False
9337.T,9337,トリドリ,Growth,サービス業,,2026-10-02,926.0,1448.0,25720955.0,17905.0,14045600.0,False,True,True,True,True,False
6224.T,6224,ＪＲＣ,Growth,機械,,2026-10-02,768.0,1142.0,25684255.0,21470.0,35173600.0,False,True,True,True,True,False
6721.T,6721,ウインテスト,Standard,電気機器,,2026-10-02,2626.0,67.0,25608855.0,351595.0,47543200.0,False,False,True,True,True,False
4234.T,4234,サンエー化研,Standard,化学,,2026-10-02,2626.0,1000.0,25548600.0,25125.0,20600000.0,False,True,True,True,True,False
7191.T,7191,イントラスト,Standard,その他金融業,,2026-10-02,2418.0,1150.0,25495420.0,21650.0,16560000.0,False,True,True,True,True,False
5464.T,5464,モリ工業,Standard,鉄鋼,,2026-10-02,2626.0,895.0,25423240.0,27480.0,46092500.0,False,True,True,True,True,False
3911.T,3911,Ａｉｍｉｎｇ,Growth,情報・通信業,,2026-10-02,2626.0,167.0,25391780.0,145620.0,48313100.0,False,False,True,True,True,False
3183.T,3183,ウイン・パートナーズ,Prime,卸売業,,2026-10-02,2626.0,1237.0,25291290.0,20115.0,44037200.0,False,True,True,True,True,False
5446.T,5446,北越メタル,Standard,鉄鋼,,2026-10-02,2626.0,1074.0,25246685.0,23430.0,751800.0,False,True,True,True,True,False
7075.T,7075,ＱＬＳホールディングス,Growth,サービス業,,2026-10-02,1321.0,1000.0,25241315.0,25080.0,20600000.0,False,True,True,True,True,False
4412.T,4412,サイエンスアーツ,Growth,情報・通信業,,2026-10-02,1186.0,1495.0,25227460.0,18040.0,43654000.0,False,True,True,True,True,False
3807.T,3807,フィスコ,Growth,情報・通信業,,2026-10-02,2626.0,88.0,25195335.0,282760.0,26637600.0,False,False,True,True,True,False
9204.T,9204,スカイマーク,Growth,空運業,,2026-10-02,2626.0,428.0,25082860.0,58945.0,30345200.0,False,True,True,True,True,False
7030.T,7030,スプリックス,Standard,サービス業,,2026-10-02,2020.0,969.0,25071375.0,25860.0,9399300.0,False,True,True,True,True,False
7292.T,7292,村上開明堂,Standard,輸送用機器,,2026-10-02,2626.0,6800.0,25050450.0,3675.0,3400000.0,False,True,True,True,True,False
2479.T,2479,ジェイテック,Standard,サービス業,,2026-10-02,2626.0,252.0,25029805.0,95145.0,27442800.0,False,True,True,True,True,False
7460.T,7460,ヤギ,Standard,卸売業,,2026-10-02,2626.0,1688.0,24946595.0,15030.0,31734400.0,False,True,True,True,True,False
3772.T,3772,ウェルス・マネジメント,Standard,不動産業,,2026-10-02,2626.0,1056.0,24925770.0,22830.0,24076800.0,False,True,True,True,True,False
3719.T,3719,ＡＩストーム,Standard,情報・通信業,,2026-10-02,2626.0,114.0,24901410.0,215375.0,43741800.0,False,False,True,True,True,False
269A.T,269A,Ｓａｐｅｅｔ,Growth,情報・通信業,,2026-10-02,469.0,3035.0,24863590.0,8490.0,13050500.0,False,True,True,True,True,False
3835.T,3835,ｅＢＡＳＥ,Prime,情報・通信業,,2026-10-02,2626.0,425.0,24831895.0,57525.0,27965000.0,False,True,True,True,True,False
6989.T,6989,北陸電気工業,Standard,電気機器,,2026-10-02,2626.0,2328.0,24814945.0,10585.0,3026400.0,False,True,True,True,True,False
5261.T,5261,リソルホールディングス,Prime,サービス業,,2026-10-02,2626.0,7570.0,24708350.0,3250.0,11355000.0,False,True,True,True,True,False
365A.T,365A,伊澤タオル,Standard,繊維製品,,2026-10-02,313.0,777.0,24655120.0,31305.0,18259500.0,False,True,True,True,True,False
4014.T,4014,カラダノート,Growth,情報・通信業,,2026-10-02,1449.0,446.0,24651270.0,52025.0,14405800.0,False,True,True,True,True,False
7048.T,7048,ベルトラ,Growth,サービス業,,2026-10-02,1893.0,143.0,24642050.0,159870.0,24781900.0,False,False,True,True,True,False
4424.T,4424,Ａｍａｚｉａ,Growth,情報・通信業,,2026-10-02,1896.0,305.0,24636670.0,74705.0,10736000.0,False,True,True,True,True,False
7022.T,7022,サノヤスホールディングス,Standard,機械,,2026-10-02,2626.0,341.0,24619485.0,70495.0,9070600.0,False,True,True,True,True,False
6199.T,6199,セラク,Standard,サービス業,,2026-10-02,2524.0,1307.0,24607115.0,17875.0,21434800.0,False,True,True,True,True,False
2923.T,2923,サトウ食品,Standard,食料品,,2026-10-02,2626.0,7050.0,24548400.0,3310.0,18330000.0,False,True,True,True,True,False
7050.T,7050,フロンティアインターナショナル,Growth,サービス業,,2026-10-02,1851.0,1459.0,24505380.0,16695.0,17216200.0,False,True,True,True,True,False
5258.T,5258,トランザクション・メディア・ネットワークス,Growth,情報・通信業,,2026-10-02,855.0,418.0,24449925.0,57390.0,31391800.0,False,True,True,True,True,False
7571.T,7571,ヤマノホールディングス,Standard,小売業,,2026-10-02,2626.0,86.0,24391690.0,283480.0,27244800.0,False,False,True,True,True,False
4019.T,4019,スタメン,Growth,情報・通信業,,2026-10-02,1417.0,596.0,24227205.0,38850.0,45772800.0,False,True,True,True,True,False
4013.T,4013,勤次郎,Growth,情報・通信業,,2026-10-02,1460.0,657.0,24194530.0,37380.0,40734000.0,False,True,True,True,True,False
3392.T,3392,デリカフーズホールディングス,Standard,卸売業,,2026-10-02,2626.0,753.0,23981385.0,30900.0,28312800.0,False,True,True,True,True,False
5816.T,5816,オーナンバ,Standard,非鉄金属,,2026-10-02,2626.0,1444.0,23900640.0,16560.0,31046000.0,False,True,True,True,True,False
372A.T,372A,レント,Standard,サービス業,,2026-10-02,307.0,5600.0,23892350.0,4290.0,15120000.0,False,True,True,True,True,False
2428.T,2428,ウェルネット,Standard,サービス業,,2026-10-02,2626.0,619.0,23697875.0,37975.0,33549800.0,False,True,True,True,True,False
7089.T,7089,フォースタートアップス,Growth,サービス業,,2026-10-02,1601.0,1406.0,23567635.0,16675.0,10826200.0,False,True,True,True,True,False
3242.T,3242,アーバネットコーポレーション,Standard,不動産業,,2026-10-02,2626.0,539.0,23564955.0,44540.0,24578400.0,False,True,True,True,True,False
3992.T,3992,ニーズウェル,Prime,情報・通信業,,2026-10-02,2222.0,433.0,23559295.0,51345.0,24594400.0,False,True,True,True,True,False
4430.T,4430,東海ソフト,Standard,情報・通信業,,2026-10-02,1852.0,1711.0,23554625.0,13465.0,16254500.0,False,True,True,True,True,False
9368.T,9368,キムラユニティー,Standard,倉庫・運輸関連業,,2026-10-02,2626.0,916.0,23524445.0,24680.0,18320000.0,False,True,True,True,True,False
9564.T,9564,ＦＣＥ,Standard,サービス業,,2026-10-02,961.0,551.0,23399385.0,41960.0,14877000.0,False,True,True,True,True,False
3075.T,3075,銚子丸,Standard,小売業,,2026-10-02,2626.0,1703.0,23296455.0,13665.0,9366500.0,False,True,True,True,True,False
7539.T,7539,アイナボホールディングス,Standard,卸売業,,2026-10-02,2626.0,781.0,23292270.0,29230.0,11480700.0,False,True,True,True,True,False
416A.T,416A,富士ユナイトホールディングス,Standard,卸売業,,2026-10-02,2626.0,1347.0,23280190.0,17415.0,17915100.0,False,True,True,True,True,False
1960.T,1960,サンテック,Standard,建設業,,2026-10-02,2626.0,1656.0,23240125.0,13840.0,25999200.0,False,True,True,True,True,False
1384.T,1384,ホクリヨウ,Standard,水産・農林業,,2026-10-02,2626.0,2090.0,23198420.0,10725.0,39083000.0,False,True,True,True,True,False
5644.T,5644,メタルアート,Standard,鉄鋼,,2026-10-02,2626.0,7300.0,23180200.0,3190.0,8030000.0,False,True,True,True,True,False
3542.T,3542,ベガコーポレーション,Growth,小売業,,2026-10-02,2528.0,1569.0,23162745.0,15255.0,11453700.0,False,True,True,True,True,False
9312.T,9312,ケイヒン,Standard,倉庫・運輸関連業,,2026-10-02,2626.0,3000.0,23132145.0,7860.0,15000000.0,False,True,True,True,True,False
7792.T,7792,コラントッテ,Growth,その他製品,,2026-10-02,1279.0,1487.0,23097930.0,15590.0,20074500.0,False,True,True,True,True,False
9237.T,9237,笑美面,Growth,サービス業,,2026-10-02,715.0,803.0,22951295.0,26170.0,3693800.0,False,True,True,True,True,False
6678.T,6678,テクノメディカ,Standard,電気機器,,2026-10-02,2626.0,2000.0,22923420.0,11250.0,30000000.0,False,True,True,True,True,False
7722.T,7722,国際計測器,Standard,精密機器,,2026-10-02,2626.0,735.0,22905830.0,29860.0,52185000.0,False,True,True,True,True,False
6082.T,6082,ライドオンエクスプレスホールディングス,Standard,サービス業,,2026-10-02,2626.0,985.0,22887095.0,23000.0,23935500.0,False,True,True,True,True,False
6138.T,6138,ダイジェット工業,Standard,機械,,2026-10-02,2626.0,2085.0,22771545.0,11375.0,28564500.0,False,True,True,True,True,False
254A.T,254A,ＡＩフュージョンキャピタルグループ,Standard,証券、商品先物取引業,,2026-10-02,2626.0,1140.0,22707900.0,19215.0,55974000.0,False,True,True,True,True,False
4465.T,4465,ニイタカ,Standard,化学,,2026-10-02,2626.0,2472.0,22640335.0,9355.0,16562400.0,False,True,True,True,True,False
6577.T,6577,ベストワンドットコム,Growth,サービス業,,2026-10-02,2066.0,1329.0,22532540.0,15365.0,12359700.0,False,True,True,True,True,False
8737.T,8737,あかつき本社,Standard,証券、商品先物取引業,,2026-10-02,2626.0,574.0,22521770.0,37190.0,34382600.0,False,True,True,True,True,False
7692.T,7692,アースインフィニティ,Standard,電気・ガス業,,2026-10-02,1456.0,77.0,22496605.0,285245.0,18333700.0,False,False,True,True,True,False
3010.T,3010,ポラリス・ホールディングス,Standard,サービス業,,2026-10-02,2626.0,188.0,22485390.0,118760.0,46135200.0,False,False,True,True,True,False
2485.T,2485,ティア,Standard,サービス業,,2026-10-02,2626.0,431.0,22462460.0,50370.0,36548800.0,False,True,True,True,True,False
3178.T,3178,チムニー,Standard,小売業,,2026-10-02,2626.0,1136.0,22452825.0,18930.0,12041600.0,False,True,True,True,True,False
7266.T,7266,今仙電機製作所,Standard,輸送用機器,,2026-10-02,2626.0,954.0,22410645.0,22765.0,25758000.0,False,True,True,True,True,False
8023.T,8023,ＤＡＩＫＯ　ＸＴＥＣＨ,Standard,情報・通信業,,2026-10-02,2626.0,1013.0,22390525.0,21635.0,7901400.0,False,True,True,True,True,False
2198.T,2198,アイ・ケイ・ケイホールディングス,Prime,サービス業,,2026-10-02,2626.0,753.0,22280580.0,28850.0,28312800.0,False,True,True,True,True,False
7980.T,7980,重松製作所,Standard,その他製品,,2026-10-02,2626.0,835.0,22222345.0,25865.0,9352000.0,False,True,True,True,True,False
7707.T,7707,プレシジョン・システム・サイエンス,Growth,精密機器,,2026-10-02,2626.0,212.0,22201665.0,105115.0,20288400.0,False,True,True,True,True,False
1827.T,1827,ナカノフドー建設,Standard,建設業,,2026-10-02,2626.0,1420.0,22148620.0,15470.0,18034000.0,False,True,True,True,True,False
1376.T,1376,カネコ種苗,Standard,水産・農林業,,2026-10-02,2626.0,1536.0,22107355.0,13925.0,27801600.0,False,True,True,True,True,False
9788.T,9788,ナック,Prime,サービス業,,2026-10-02,2626.0,503.0,22078805.0,42970.0,65188800.0,False,True,True,True,True,False
5252.T,5252,日本ナレッジ,Growth,情報・通信業,,2026-10-02,862.0,970.0,22069675.0,24365.0,51507000.0,False,True,True,True,True,False
5729.T,5729,日本精鉱,Standard,非鉄金属,,2026-10-02,2626.0,1681.0,22037335.0,12920.0,1008600.0,False,True,True,True,True,False
3623.T,3623,ビリングシステム,Growth,情報・通信業,,2026-10-02,2626.0,1271.0,22031265.0,17455.0,16395900.0,False,True,True,True,True,False
8887.T,8887,シーラホールディングス,Standard,不動産業,,2026-10-02,2626.0,359.0,22008015.0,60765.0,13534300.0,False,True,True,True,True,False
7638.T,7638,ＮＥＷ　ＡＲＴ　ＨＯＬＤＩＮＧＳ,Standard,小売業,,2026-10-02,2626.0,1381.0,21901035.0,15650.0,33558300.0,False,True,True,True,True,False
2375.T,2375,ギグワークス,Standard,サービス業,,2026-10-02,2626.0,214.0,21888690.0,100490.0,6313000.0,False,True,True,True,True,False
3560.T,3560,ほぼ日,Standard,小売業,,2026-10-02,2351.0,5090.0,21836750.0,4465.0,8653000.0,False,True,True,True,True,False
3236.T,3236,プロパスト,Standard,不動産業,,2026-10-02,2626.0,275.0,21819650.0,77335.0,17572500.0,False,True,True,True,True,False
208A.T,208A,構造計画研究所ホールディングス,Standard,情報・通信業,,2026-10-02,2626.0,2836.0,21720015.0,7515.0,20135600.0,False,True,True,True,True,False
4800.T,4800,オリコン,Standard,情報・通信業,,2026-09-30,2624.0,1359.0,21697695.0,15985.0,0.0,False,True,True,True,False,False
2268.T,2268,Ｂ－Ｒ　サーティワン　アイスクリーム,Standard,食料品,,2026-10-02,2626.0,4055.0,21632875.0,5340.0,4866000.0,False,True,True,True,True,False
3927.T,3927,フーバーブレイン,Growth,情報・通信業,,2026-10-02,2626.0,917.0,21561765.0,24080.0,61805800.0,False,True,True,True,True,False
6557.T,6557,ＡＩＡＩグループ,Growth,サービス業,,2026-10-02,2193.0,673.0,21553295.0,30620.0,14334900.0,False,True,True,True,True,False
4574.T,4574,大幸薬品,Prime,医薬品,,2026-10-02,2626.0,252.0,21533900.0,84325.0,24796800.0,False,True,True,True,True,False
9158.T,9158,シーユーシー,Growth,サービス業,,2026-10-02,802.0,748.0,21497440.0,27710.0,34482800.0,False,True,True,True,True,False
6444.T,6444,サンデン,Standard,機械,,2026-10-02,2626.0,184.0,21394355.0,113640.0,11187200.0,False,False,True,True,True,False
7962.T,7962,キングジム,Prime,その他製品,,2026-10-02,2626.0,778.0,21358155.0,26960.0,28630400.0,False,True,True,True,True,False
7646.T,7646,ＰＬＡＮＴ,Standard,小売業,,2026-10-02,2626.0,1773.0,21104140.0,11360.0,13474800.0,False,True,True,True,True,False
2393.T,2393,日本ケアサプライ,Standard,サービス業,,2026-10-02,2626.0,4375.0,21100375.0,4855.0,2187500.0,False,True,True,True,True,False
9244.T,9244,デジタリフト,Growth,サービス業,,2026-10-02,1226.0,1128.0,21042985.0,15510.0,21657600.0,False,True,True,True,True,False
9127.T,9127,玉井商船,Standard,海運業,,2026-10-02,2626.0,3490.0,20992900.0,5880.0,5584000.0,False,True,True,True,True,False
4427.T,4427,ＥｄｕＬａｂ,Growth,情報・通信業,,2026-10-02,1895.0,224.0,20937965.0,92140.0,6092800.0,False,True,True,True,True,False
4829.T,4829,日本エンタープライズ,Standard,情報・通信業,,2026-10-02,2626.0,105.0,20863105.0,194285.0,54946500.0,False,False,True,True,True,False
4224.T,4224,ロンシール工業,Standard,化学,,2026-10-02,2626.0,2117.0,20862700.0,9875.0,11643500.0,False,True,True,True,True,False
1430.T,1430,ファーストコーポレーション,Standard,建設業,,2026-10-02,2626.0,1068.0,20856120.0,19845.0,17194800.0,False,True,True,True,True,False
6643.T,6643,戸上電機製作所,Standard,電気機器,,2026-10-02,2626.0,5590.0,20755100.0,3700.0,24596000.0,False,True,True,True,True,False
3512.T,3512,日本フエルト,Standard,繊維製品,,2026-10-02,2626.0,1023.0,20686730.0,20135.0,11969100.0,False,True,True,True,True,False
4176.T,4176,ココナラ,Growth,情報・通信業,,2026-10-02,1354.0,271.0,20679395.0,75135.0,36910200.0,False,True,True,True,True,False
5242.T,5242,アイズ,Growth,情報・通信業,,2026-10-02,924.0,2151.0,20653440.0,8515.0,31404600.0,False,True,True,True,True,False
7603.T,7603,ジーイエット,Standard,小売業,,2026-10-02,2626.0,33.0,20634145.0,570755.0,30594300.0,False,False,True,True,True,False
3562.T,3562,Ｎｏ．１,Standard,卸売業,,2026-10-02,2343.0,1561.0,20555830.0,13030.0,21229600.0,False,True,True,True,True,False
3926.T,3926,オープンドア,Prime,情報・通信業,,2026-10-02,2626.0,430.0,20535915.0,47315.0,23263000.0,False,True,True,True,True,False
5983.T,5983,イワブチ,Standard,金属製品,,2026-10-02,2626.0,14500.0,20481100.0,1480.0,13050000.0,False,True,True,True,True,False
5871.T,5871,ＳＯＬＩＺＥ　Ｈｏｌｄｉｎｇｓ,Standard,サービス業,,2026-10-02,647.0,1340.0,20427020.0,14795.0,9112000.0,False,True,True,True,True,False
6382.T,6382,トリニティ工業,Standard,機械,,2026-10-02,2626.0,1210.0,20410105.0,16585.0,34122000.0,False,True,True,True,True,False
274A.T,274A,ガーデン,Standard,小売業,,2026-10-02,452.0,2219.0,20262620.0,8960.0,19749100.0,False,True,True,True,True,False
7374.T,7374,コンフィデンス・インターワークス,Growth,サービス業,,2026-10-02,1287.0,1490.0,20230225.0,13365.0,28906000.0,False,True,True,True,True,False
1914.T,1914,日本基礎技術,Standard,建設業,,2026-10-02,2626.0,798.0,20211110.0,24785.0,16199400.0,False,True,True,True,True,False
7212.T,7212,エフテック,Standard,輸送用機器,,2026-10-02,2626.0,719.0,20204510.0,27465.0,18550200.0,False,True,True,True,True,False
5282.T,5282,ジオスター,Standard,ガラス・土石製品,,2026-10-02,2626.0,391.0,20191770.0,49410.0,21544100.0,False,True,True,True,True,False
7084.T,7084,Ｓｍｉｌｅ　Ｈｏｌｄｉｎｇｓ,Growth,サービス業,,2026-10-02,1608.0,2828.0,20190970.0,7100.0,11877600.0,False,True,True,True,True,False
1491.T,1491,中外鉱業,Standard,非鉄金属,,2026-10-02,2626.0,701.0,20144620.0,27305.0,7500700.0,False,True,True,True,True,False
3935.T,3935,エディア,Standard,情報・通信業,,2026-10-02,2576.0,715.0,20133965.0,27745.0,27956500.0,False,True,True,True,True,False
6249.T,6249,ゲームカードホールディングス,Standard,機械,,2026-10-02,2626.0,2741.0,20084210.0,7080.0,22476200.0,False,True,True,True,True,False
3976.T,3976,シャノン,Growth,情報・通信業,,2026-10-02,2385.0,518.0,20012465.0,35200.0,19166000.0,False,True,True,True,True,False
2449.T,2449,プラップジャパン,Standard,サービス業,,2026-10-02,2626.0,1348.0,19987135.0,18260.0,31273600.0,False,True,True,True,True,False
7131.T,7131,のむら産業,Standard,卸売業,,2026-10-02,1181.0,3750.0,19960550.0,5280.0,14625000.0,False,True,True,True,True,False
3963.T,3963,シンクロ・フード,Prime,情報・通信業,,2026-10-02,2465.0,328.0,19926490.0,60485.0,21812000.0,False,True,True,True,True,False
2790.T,2790,ナフコ,Standard,小売業,,2026-10-02,2626.0,1990.0,19812565.0,9525.0,31442000.0,False,True,True,True,True,False
3501.T,3501,ＳＵＭＩＮＯＥ,Prime,繊維製品,,2026-10-02,2626.0,1156.0,19782410.0,16860.0,22426400.0,False,True,True,True,True,False
4442.T,4442,バルテス・ホールディングス,Growth,情報・通信業,,2026-10-02,1792.0,411.0,19746355.0,48555.0,10151700.0,False,True,True,True,True,False
3175.T,3175,エー・ピーホールディングス,Standard,小売業,,2026-10-02,2626.0,932.0,19667440.0,20335.0,7362800.0,False,True,True,True,True,False
9218.T,9218,メンタルヘルステクノロジーズ,Growth,サービス業,,2026-10-02,1105.0,805.0,19661120.0,24695.0,28175000.0,False,True,True,True,True,False
6496.T,6496,中北製作所,Standard,機械,,2026-10-02,2626.0,5620.0,19573700.0,3515.0,16298000.0,False,True,True,True,True,False
2114.T,2114,フジ日本,Standard,食料品,,2026-10-02,2626.0,638.0,19500765.0,29250.0,6890400.0,False,True,True,True,True,False
8041.T,8041,ＯＵＧホールディングス,Standard,卸売業,,2026-10-02,2626.0,4275.0,19470600.0,4290.0,17955000.0,False,True,True,True,True,False
5255.T,5255,モンスターラボ,Growth,情報・通信業,,2026-10-02,860.0,81.0,19458380.0,229495.0,10141200.0,False,False,True,True,True,False
7901.T,7901,マツモト,Standard,その他製品,,2026-10-02,2626.0,1118.0,19437335.0,18810.0,273351000.0,False,True,True,True,True,False
6279.T,6279,瑞光,Prime,機械,,2026-10-02,2626.0,928.0,19372395.0,20855.0,49184000.0,False,True,True,True,True,False
7908.T,7908,きもと,Standard,化学,,2026-10-02,2626.0,242.0,19329440.0,80515.0,16383400.0,False,True,True,True,True,False
2138.T,2138,クルーズ,Standard,情報・通信業,,2026-10-02,2626.0,421.0,19217655.0,45645.0,3662700.0,False,True,True,True,True,False
5280.T,5280,ヨシコン,Standard,不動産業,,2026-10-02,2626.0,2161.0,19209100.0,8715.0,45381000.0,False,True,True,True,True,False
4371.T,4371,コアコンセプト・テクノロジー,Growth,情報・通信業,,2026-10-02,1229.0,1579.0,19152905.0,12910.0,48475300.0,False,True,True,True,True,False
9560.T,9560,プログリット,Growth,サービス業,,2026-10-02,980.0,890.0,19112315.0,21395.0,20915000.0,False,True,True,True,True,False
9264.T,9264,ポエック,Standard,卸売業,,2026-10-02,2172.0,1607.0,19085010.0,11855.0,6428000.0,False,True,True,True,True,False
5337.T,5337,ダントーホールディングス,Standard,ガラス・土石製品,,2026-10-02,2626.0,919.0,19063975.0,22005.0,30510800.0,False,True,True,True,True,False
8165.T,8165,千趣会,Standard,小売業,,2026-10-02,2626.0,100.0,19050350.0,187195.0,25910000.0,False,False,True,True,True,False
7378.T,7378,アシロ,Growth,サービス業,,2026-10-02,1271.0,1533.0,19004065.0,12225.0,10731000.0,False,True,True,True,True,False
8705.T,8705,日産証券グループ,Standard,証券、商品先物取引業,,2026-10-02,2626.0,215.0,18958585.0,86165.0,11309000.0,False,True,True,True,True,False
2436.T,2436,共同ピーアール,Standard,サービス業,,2026-10-02,2626.0,580.0,18909060.0,32345.0,12412000.0,False,True,True,True,True,False
7875.T,7875,竹田ｉＰホールディングス,Standard,その他製品,,2026-10-02,2130.0,881.0,18895695.0,22545.0,16915200.0,False,True,True,True,True,False
5578.T,5578,ＡＲアドバンストテクノロジ,Growth,情報・通信業,,2026-10-02,799.0,900.0,18865675.0,21110.0,22320000.0,False,True,True,True,True,False
8139.T,8139,ナガホリ,Standard,卸売業,,2026-10-02,2626.0,2300.0,18667665.0,8460.0,46690000.0,False,True,True,True,True,False
5103.T,5103,昭和ホールディングス,Standard,ゴム製品,,2026-08-24,2600.0,1.0,18653805.0,3575175.0,14331500.0,False,False,True,False,False,False
6031.T,6031,ＺＥＴＡ,Growth,サービス業,,2026-10-02,2626.0,275.0,18630495.0,64235.0,10340000.0,False,True,True,True,True,False
6338.T,6338,タカトリ,Standard,機械,,2026-10-02,2626.0,1701.0,18610925.0,11170.0,21092400.0,False,True,True,True,True,False
3695.T,3695,ＧＭＯプロダクトプラットフォーム,Growth,情報・通信業,,2026-10-02,2626.0,1602.0,18584055.0,11440.0,19864800.0,False,True,True,True,True,False
2440.T,2440,ぐるなび,Prime,サービス業,,2026-10-02,2626.0,116.0,18532600.0,152075.0,22724400.0,False,False,True,True,True,False
2488.T,2488,ＪＴＰ,Standard,サービス業,,2026-10-02,2626.0,1387.0,18487545.0,12955.0,11096000.0,False,True,True,True,True,False
4932.T,4932,アルマード,Standard,化学,,2026-10-02,1289.0,775.0,18367325.0,22670.0,9455000.0,False,True,True,True,True,False
8747.T,8747,豊トラスティ証券,Standard,証券、商品先物取引業,,2026-10-02,2626.0,2153.0,18342360.0,8145.0,18946400.0,False,True,True,True,True,False
7352.T,7352,ＴＷＯＳＴＯＮＥ＆Ｓｏｎｓ,Growth,サービス業,,2026-10-02,1522.0,303.0,18325375.0,57730.0,18604200.0,False,True,True,True,True,False
2926.T,2926,篠崎屋,Standard,食料品,,2026-10-02,2626.0,110.0,18312920.0,148290.0,4499000.0,False,False,True,True,True,False
1770.T,1770,藤田エンジニアリング,Standard,建設業,,2026-10-02,2626.0,2091.0,18295430.0,8100.0,11709600.0,False,True,True,True,True,False
7562.T,7562,安楽亭,Standard,小売業,,2026-10-02,2626.0,3720.0,18265725.0,4815.0,8928000.0,False,True,True,True,True,False
2303.T,2303,ドーン,Standard,情報・通信業,,2026-10-02,2626.0,1334.0,18203845.0,13430.0,14407200.0,False,True,True,True,True,False
6822.T,6822,大井電気,Standard,電気機器,,2026-10-02,2626.0,4990.0,18155175.0,3635.0,18962000.0,False,True,True,True,True,False
3683.T,3683,サイバーリンクス,Standard,情報・通信業,,2026-10-02,2626.0,1065.0,18147970.0,16615.0,30033000.0,False,True,True,True,True,False
4255.T,4255,ＴＨＥＣＯＯ,Growth,情報・通信業,,2026-10-02,1167.0,3400.0,18135075.0,5170.0,7820000.0,False,True,True,True,True,False
6837.T,6837,京写,Standard,電気機器,,2026-10-02,2626.0,409.0,18074440.0,45850.0,9652400.0,False,True,True,True,True,False
286A.T,286A,ユカリア,Growth,サービス業,,2026-10-02,438.0,749.0,18067035.0,23040.0,11684400.0,False,True,True,True,True,False
9344.T,9344,アクシスコンサルティング,Growth,サービス業,,2026-10-02,860.0,1367.0,18057465.0,13580.0,8475400.0,False,True,True,True,True,False
5079.T,5079,ノバック,Standard,建設業,,2026-10-02,1102.0,2550.0,18055160.0,6980.0,29580000.0,False,True,True,True,True,False
6156.T,6156,エーワン精密,Standard,機械,,2026-10-02,2626.0,1895.0,18024900.0,9830.0,9096000.0,False,True,True,True,True,False
6955.T,6955,ＦＤＫ,Standard,電気機器,,2026-10-02,2626.0,405.0,17989805.0,44200.0,11542500.0,False,True,True,True,True,False
4464.T,4464,ソフト９９コーポレーション,Standard,化学,,2026-10-02,2626.0,4050.0,17934700.0,4445.0,3645000.0,False,True,True,True,True,False
9438.T,9438,エムティーアイ,Prime,情報・通信業,,2026-10-02,2626.0,605.0,17644570.0,29610.0,15064500.0,False,True,True,True,True,False
6554.T,6554,エスユーエス,Growth,サービス業,,2026-10-02,2227.0,1099.0,17485910.0,15540.0,15386000.0,False,True,True,True,True,False
2700.T,2700,木徳神糧,Standard,卸売業,,2026-10-02,2626.0,1773.0,17485055.0,9960.0,11879100.0,False,True,True,True,True,False
8769.T,8769,アドバンテッジリスクマネジメント,Standard,サービス業,,2026-10-02,2626.0,507.0,17431250.0,34180.0,16832400.0,False,True,True,True,True,False
2901.T,2901,ウェルディッシュ,Standard,食料品,,2026-10-02,2626.0,135.0,17365690.0,121355.0,4900500.0,False,False,True,True,True,False
4845.T,4845,スカラ,Prime,情報・通信業,,2026-10-02,2626.0,339.0,17346300.0,50005.0,43392000.0,False,True,True,True,True,False
6229.T,6229,オーケーエム,Standard,機械,,2026-10-02,1415.0,1460.0,17324275.0,11735.0,25696000.0,False,True,True,True,True,False
6518.T,6518,三相電機,Standard,電気機器,,2026-10-02,2626.0,1741.0,17228965.0,10235.0,17758200.0,False,True,True,True,True,False
7247.T,7247,ミクニ,Standard,輸送用機器,,2026-10-02,2626.0,363.0,17204960.0,46640.0,14556300.0,False,True,True,True,True,False
6189.T,6189,グローバルキッズＣＯＭＰＡＮＹ,Standard,サービス業,,2026-10-02,2595.0,985.0,17196095.0,17055.0,5811500.0,False,True,True,True,True,False
7082.T,7082,ジモティー,Growth,サービス業,,2026-09-25,1618.0,1406.0,17191450.0,12225.0,25870400.0,False,True,True,True,False,False
9229.T,9229,サンウェルズ,Prime,サービス業,,2026-10-02,1044.0,107.0,17041990.0,153250.0,14787400.0,False,False,True,True,True,False
2438.T,2438,アスカネット,Growth,サービス業,,2026-10-02,2626.0,341.0,17031215.0,49570.0,4739900.0,False,True,True,True,True,False
1401.T,1401,エムビーエス,Growth,建設業,,2026-10-02,2626.0,1735.0,17007035.0,10980.0,38690500.0,False,True,True,True,True,False
6092.T,6092,エンバイオ・ホールディングス,Standard,サービス業,,2026-10-02,2625.0,777.0,16988790.0,21160.0,17249400.0,False,True,True,True,True,False
1867.T,1867,植木組,Standard,建設業,,2026-10-02,2626.0,2696.0,16985420.0,6260.0,14558400.0,False,True,True,True,True,False
1866.T,1866,北野建設,Standard,建設業,,2026-10-02,2626.0,1095.0,16968170.0,14985.0,23761500.0,False,True,True,True,True,False
6149.T,6149,小田原エンジニアリング,Standard,機械,,2026-10-02,2626.0,2161.0,16897220.0,7655.0,35008200.0,False,True,True,True,True,False
4629.T,4629,大伸化学,Standard,化学,,2026-10-02,2626.0,2407.0,16892190.0,6770.0,13479200.0,False,True,True,True,True,False
160A.T,160A,アズパートナーズ,Standard,サービス業,,2026-10-02,609.0,1930.0,16878435.0,8590.0,22195000.0,False,True,True,True,True,False
5216.T,5216,倉元製作所,Standard,ガラス・土石製品,,2026-10-02,2626.0,135.0,16841485.0,118420.0,8086500.0,False,False,True,True,True,False
2669.T,2669,カネ美食品,Standard,小売業,,2026-10-02,2626.0,3925.0,16838675.0,4300.0,7457500.0,False,True,True,True,True,False
5587.T,5587,インバウンドプラットフォーム,Growth,情報・通信業,,2026-10-02,754.0,828.0,16766000.0,20910.0,4968000.0,False,True,True,True,True,False
3134.T,3134,Ｈａｍｅｅ,Standard,小売業,,2026-10-02,2626.0,297.0,16765485.0,57005.0,8880300.0,False,True,True,True,True,False
2991.T,2991,ランドネット,Standard,不動産業,,2026-10-02,1270.0,523.0,16723705.0,31720.0,2719600.0,False,True,True,True,True,False
9765.T,9765,オオバ,Prime,サービス業,,2026-10-02,2626.0,1184.0,16498240.0,13875.0,18944000.0,False,True,True,True,True,False
8365.T,8365,富山銀行,Standard,銀行業,,2026-10-02,2626.0,2350.0,16480390.0,6940.0,8225000.0,False,True,True,True,True,False
4998.T,4998,フマキラー,Standard,化学,,2026-10-02,2626.0,1131.0,16446105.0,14055.0,19113900.0,False,True,True,True,True,False
3607.T,3607,クラウディアホールディングス,Standard,繊維製品,,2026-10-02,2626.0,354.0,16389455.0,44800.0,4566600.0,False,True,True,True,True,False
7120.T,7120,ＳＨＩＮＫＯ,Standard,卸売業,,2026-10-02,864.0,985.0,16289310.0,16320.0,21473000.0,False,True,True,True,True,False
206A.T,206A,ＰＲＩＳＭ　ＢｉｏＬａｂ,Growth,医薬品,,2026-10-02,549.0,146.0,16272000.0,99850.0,26586600.0,False,False,True,True,True,False
8046.T,8046,丸藤シートパイル,Standard,卸売業,,2026-10-02,2626.0,958.0,16259975.0,16515.0,20788600.0,False,True,True,True,True,False
7682.T,7682,浜木綿,Standard,小売業,,2026-10-02,1697.0,3710.0,16253800.0,4295.0,5936000.0,False,True,True,True,True,False
6658.T,6658,シライ電子工業,Standard,電気機器,,2026-10-02,2626.0,447.0,16172090.0,35940.0,16941300.0,False,True,True,True,True,False
6743.T,6743,大同信号,Standard,電気機器,,2026-10-02,2626.0,1052.0,16144630.0,15645.0,11992800.0,False,True,True,True,True,False
3069.T,3069,ＪＦＬＡホールディングス,Standard,食料品,,2026-10-02,2626.0,156.0,16118745.0,98180.0,14523600.0,False,False,True,True,True,False
2588.T,2588,プレミアムウォーターホールディングス,Standard,食料品,,2026-10-02,2626.0,3560.0,16066175.0,4410.0,24920000.0,False,True,True,True,True,False
6548.T,6548,旅工房,Growth,サービス業,,2026-10-02,2329.0,123.0,16052700.0,127225.0,971700.0,False,False,True,True,True,False
5029.T,5029,サークレイス,Growth,情報・通信業,,2026-10-02,1093.0,923.0,16052285.0,17220.0,9783800.0,False,True,True,True,True,False
4495.T,4495,アイキューブドシステムズ,Growth,情報・通信業,,2026-10-02,1517.0,2054.0,16022465.0,7850.0,4724200.0,False,True,True,True,True,False
9950.T,9950,ハチバン,Standard,小売業,,2026-10-02,2626.0,3340.0,16021825.0,4735.0,2338000.0,False,True,True,True,True,False
7878.T,7878,光・彩,Standard,その他製品,,2026-10-02,2626.0,1119.0,16009965.0,12675.0,2126100.0,False,True,True,True,True,False
3951.T,3951,朝日印刷,Standard,パルプ・紙,,2026-10-02,2626.0,885.0,16000690.0,17670.0,16549500.0,False,True,True,True,True,False
211A.T,211A,カドス・コーポレーション,Standard,建設業,,2026-10-02,538.0,3155.0,15984225.0,4850.0,8518500.0,False,True,True,True,True,False
2009.T,2009,鳥越製粉,Standard,食料品,,2026-10-02,2626.0,1128.0,15913720.0,14300.0,25267200.0,False,True,True,True,True,False
6144.T,6144,西部電機,Standard,機械,,2026-10-02,2626.0,2718.0,15911580.0,5680.0,27723600.0,False,True,True,True,True,False
2323.T,2323,ｆｏｎｆｕｎ,Standard,情報・通信業,,2026-10-02,2626.0,355.0,15906180.0,46440.0,8023000.0,False,True,True,True,True,False
4175.T,4175,ｃｏｌｙ,Growth,情報・通信業,,2026-10-02,1369.0,2834.0,15896200.0,5445.0,15020200.0,False,True,True,True,True,False
8894.T,8894,ＲＥＶＯＬＵＴＩＯＮ,Standard,不動産業,,2026-10-02,2626.0,16.0,15851555.0,895490.0,9553600.0,False,False,True,True,True,False
6551.T,6551,ツナググループ・ホールディングス,Standard,サービス業,,2026-10-02,2280.0,603.0,15746220.0,25815.0,9467100.0,False,True,True,True,True,False
6276.T,6276,シリウスビジョン,Standard,電気機器,,2026-10-02,2626.0,345.0,15717470.0,42950.0,2863500.0,False,True,True,True,True,False
7097.T,7097,さくらさくプラス,Growth,サービス業,,2026-10-02,1449.0,2767.0,15710950.0,5705.0,26286500.0,False,True,True,True,True,False
4415.T,4415,ブロードエンタープライズ,Growth,情報・通信業,,2026-10-02,1171.0,1456.0,15648980.0,11055.0,11793600.0,False,True,True,True,True,False
4936.T,4936,アクシージア,Standard,化学,,2026-10-02,1374.0,293.0,15602770.0,50950.0,22092200.0,False,True,True,True,True,False
3154.T,3154,メディアスホールディングス,Prime,卸売業,,2026-10-02,2626.0,777.0,15555830.0,19875.0,19968900.0,False,True,True,True,True,False
3597.T,3597,自重堂,Standard,繊維製品,,2026-10-02,2626.0,8940.0,15552050.0,1740.0,2682000.0,False,True,True,True,True,False
9709.T,9709,ＮＣＳ＆Ａ,Standard,情報・通信業,,2026-10-02,2626.0,1220.0,15499605.0,12400.0,12322000.0,False,True,True,True,True,False
2112.T,2112,塩水港精糖,Standard,食料品,,2026-10-02,2626.0,442.0,15482765.0,33615.0,27138800.0,False,True,True,True,True,False
4287.T,4287,ジャストプランニング,Standard,情報・通信業,,2026-10-02,2626.0,491.0,15470090.0,32935.0,3682500.0,False,True,True,True,True,False
253A.T,253A,ＥＴＳグループ,Standard,建設業,,2026-10-02,2626.0,1037.0,15456415.0,14875.0,9436700.0,False,True,True,True,True,False
5204.T,5204,石塚硝子,Standard,ガラス・土石製品,,2026-10-02,2626.0,3030.0,15438705.0,5080.0,7878000.0,False,True,True,True,True,False
1811.T,1811,錢高組,Standard,建設業,,2026-10-02,2626.0,7410.0,15429500.0,2035.0,23712000.0,False,True,True,True,True,False
4113.T,4113,田岡化学工業,Standard,化学,,2026-10-02,2626.0,808.0,15415695.0,19315.0,15513600.0,False,True,True,True,True,False
9845.T,9845,パーカーコーポレーション,Standard,化学,,2026-10-02,2626.0,1325.0,15389055.0,11290.0,43460000.0,False,True,True,True,True,False
6494.T,6494,ＮＦＫホールディングス,Standard,機械,,2026-10-02,2626.0,100.0,15358655.0,156670.0,8870000.0,False,False,True,True,True,False
3675.T,3675,クロス・マーケティンググループ,Prime,情報・通信業,,2026-10-02,2626.0,581.0,15328775.0,25695.0,14176400.0,False,True,True,True,True,False
335A.T,335A,ミライロ,Growth,情報・通信業,,2026-10-02,373.0,315.0,15315540.0,47280.0,2362500.0,False,True,True,True,True,False
3467.T,3467,アグレ都市デザイン,Standard,不動産業,,2026-10-02,2595.0,2718.0,15279825.0,5490.0,8697600.0,False,True,True,True,True,False
7213.T,7213,レシップホールディングス,Standard,輸送用機器,,2026-10-02,2626.0,642.0,15184355.0,22885.0,14830200.0,False,True,True,True,True,False
9639.T,9639,三協フロンテア,Standard,サービス業,,2026-10-02,2626.0,2287.0,15172860.0,6405.0,12349800.0,False,True,True,True,True,False
9633.T,9633,東京テアトル,Standard,不動産業,,2026-10-02,2626.0,1801.0,15168490.0,8000.0,5583100.0,False,True,True,True,True,False
5026.T,5026,トリプルアイズ,Growth,情報・通信業,,2026-10-02,1062.0,611.0,15115815.0,24795.0,5865600.0,False,True,True,True,True,False
6853.T,6853,共和電業,Standard,電気機器,,2026-10-02,2626.0,783.0,15113780.0,19575.0,18948600.0,False,True,True,True,True,False
5958.T,5958,三洋工業,Standard,金属製品,,2026-10-02,2626.0,4295.0,15107700.0,3460.0,73874000.0,False,True,True,True,True,False
5591.T,5591,ＡＶＩＬＥＮ,Growth,情報・通信業,,2026-10-02,735.0,840.0,15080600.0,17265.0,13104000.0,False,True,True,True,True,False
195A.T,195A,ＭＵＳＣＡＴ　ＧＲＯＵＰ,Growth,サービス業,,2026-10-02,558.0,687.0,15055170.0,21615.0,7694400.0,False,True,True,True,True,False
3021.T,3021,パシフィックネット,Standard,サービス業,,2026-10-02,2626.0,1614.0,15014505.0,9350.0,18561000.0,False,True,True,True,True,False
5940.T,5940,不二サッシ,Standard,金属製品,,2026-10-02,2626.0,740.0,14990270.0,20015.0,14060000.0,False,True,True,True,True,False
4231.T,4231,タイガースポリマー,Standard,化学,,2026-10-02,2626.0,1005.0,14965955.0,14470.0,17487000.0,False,True,True,True,True,False
7110.T,7110,クラシコム,Growth,小売業,,2026-10-02,1016.0,1885.0,14960470.0,7770.0,9613500.0,False,True,True,True,True,False
9890.T,9890,マキヤ,Standard,小売業,,2026-10-02,2626.0,1414.0,14946340.0,10340.0,5514600.0,False,True,True,True,True,False
4398.T,4398,ブロードバンドセキュリティ,Standard,情報・通信業,,2026-10-02,1956.0,1440.0,14876505.0,10435.0,51840000.0,False,True,True,True,True,False
4012.T,4012,アクシス,Standard,情報・通信業,,2026-10-02,1467.0,1733.0,14830330.0,8425.0,19063000.0,False,True,True,True,True,False
4397.T,4397,チームスピリット,Growth,情報・通信業,,2026-10-02,1982.0,367.0,14823180.0,37615.0,25910200.0,False,True,True,True,True,False
4491.T,4491,コンピューターマネージメント,Standard,情報・通信業,,2026-10-02,1603.0,3020.0,14779850.0,4580.0,7852000.0,False,True,True,True,True,False
7377.T,7377,ＤＮホールディングス,Standard,サービス業,,2026-10-02,1275.0,1714.0,14742000.0,8645.0,2228200.0,False,True,True,True,True,False
8931.T,8931,和田興産,Standard,不動産業,,2026-10-02,2626.0,1282.0,14741455.0,11140.0,24358000.0,False,True,True,True,True,False
5575.T,5575,Ｇｌｏｂｅｅ,Growth,情報・通信業,,2026-10-02,807.0,1260.0,14731480.0,12635.0,16380000.0,False,True,True,True,True,False
9557.T,9557,エアークローゼット,Growth,サービス業,,2026-10-02,1021.0,258.0,14729290.0,59130.0,8797800.0,False,True,True,True,True,False
2927.T,2927,ＡＦＣ－ＨＤアムスライフサイエンス,Standard,食料品,,2026-10-02,2626.0,840.0,14671685.0,17150.0,19824000.0,False,True,True,True,True,False
3020.T,3020,アプライド,Standard,小売業,,2026-10-02,2626.0,4955.0,14633650.0,3105.0,5946000.0,False,True,True,True,True,False
4031.T,4031,片倉コープアグリ,Standard,化学,,2026-10-02,2626.0,1018.0,14579550.0,13470.0,33695800.0,False,True,True,True,True,False
2208.T,2208,ブルボン,Standard,食料品,,2026-10-02,2626.0,3015.0,14553525.0,4710.0,24120000.0,False,True,True,True,True,False
7039.T,7039,ブリッジインターナショナルグループ,Growth,サービス業,,2026-10-02,1951.0,1338.0,14520815.0,10720.0,21140400.0,False,True,True,True,True,False
2122.T,2122,インタースペース,Standard,サービス業,,2026-10-02,2626.0,1324.0,14519815.0,10210.0,8341200.0,False,True,True,True,True,False
7570.T,7570,橋本総業ホールディングス,Standard,卸売業,,2026-10-02,2626.0,1367.0,14510785.0,10390.0,17907700.0,False,True,True,True,True,False
7885.T,7885,タカノ,Standard,その他製品,,2026-10-02,2626.0,1055.0,14472920.0,12995.0,8334500.0,False,True,True,True,True,False
5284.T,5284,ヤマウホールディングス,Standard,ガラス・土石製品,,2026-10-02,2626.0,2217.0,14448210.0,6490.0,19066200.0,False,True,True,True,True,False
9145.T,9145,ビーイングホールディングス,Standard,陸運業,,2026-10-02,1417.0,538.0,14406585.0,25815.0,41264600.0,False,True,True,True,True,False
5923.T,5923,高田機工,Standard,金属製品,,2026-10-02,2626.0,1171.0,14405035.0,12230.0,4449800.0,False,True,True,True,True,False
4896.T,4896,ケイファーマ,Growth,医薬品,,2026-10-02,722.0,750.0,14398635.0,18060.0,36150000.0,False,True,True,True,True,False
4893.T,4893,ノイルイミューン・バイオテック,Growth,医薬品,,2026-10-02,797.0,117.0,14394285.0,110695.0,3381300.0,False,False,True,True,True,False
2573.T,2573,北海道コカ・コーラボトリング,Standard,食料品,,2026-10-02,2626.0,4135.0,14393875.0,3520.0,24810000.0,False,True,True,True,True,False
7422.T,7422,東邦レマック,Standard,卸売業,,2026-10-02,2626.0,593.0,14249370.0,29135.0,56512900.0,False,True,True,True,True,False
7621.T,7621,うかい,Standard,小売業,,2026-10-02,2626.0,3245.0,14246900.0,4195.0,8761500.0,False,True,True,True,True,False
3121.T,3121,マーチャント・バンカーズ,Standard,サービス業,,2026-10-02,2626.0,252.0,14242775.0,54990.0,11113200.0,False,True,True,True,True,False
5843.T,5843,ニッポンインシュア,Standard,その他金融業,,2026-10-02,731.0,2302.0,14199310.0,6155.0,1611400.0,False,True,True,True,True,False
2286.T,2286,林兼産業,Standard,食料品,,2026-10-02,2626.0,892.0,14174930.0,15730.0,15788400.0,False,True,True,True,True,False
6919.T,6919,ケル,Standard,電気機器,,2026-10-02,2626.0,1395.0,14169910.0,9945.0,15345000.0,False,True,True,True,True,False
9262.T,9262,シルバーライフ,Standard,小売業,,2026-10-02,2197.0,669.0,14136490.0,20840.0,15922200.0,False,True,True,True,True,False
7371.T,7371,Ｚｅｎｋｅｎ,Growth,サービス業,,2026-10-02,1295.0,785.0,14130525.0,17505.0,4553000.0,False,True,True,True,True,False
6193.T,6193,バーチャレクス・ホールディングス,Growth,サービス業,,2026-10-02,2531.0,1066.0,14050785.0,12035.0,10660000.0,False,True,True,True,True,False
3277.T,3277,サンセイランディック,Standard,不動産業,,2026-10-02,2626.0,814.0,13995650.0,17005.0,12698400.0,False,True,True,True,True,False
5388.T,5388,クニミネ工業,Standard,ガラス・土石製品,,2026-10-02,2626.0,1397.0,13960550.0,10090.0,6845300.0,False,True,True,True,True,False
5527.T,5527,ｐｒｏｐｅｒｔｙ　ｔｅｃｈｎｏｌｏｇｉｅｓ,Growth,不動産業,,2026-10-02,930.0,765.0,13923475.0,18625.0,22261500.0,False,True,True,True,True,False
4811.T,4811,ドリーム・アーツ,Growth,情報・通信業,,2026-10-02,714.0,901.0,13850030.0,15535.0,15857600.0,False,True,True,True,True,False
5909.T,5909,コロナ,Standard,金属製品,,2026-10-02,2626.0,926.0,13842170.0,14495.0,13241800.0,False,True,True,True,True,False
4414.T,4414,フレクト,Growth,情報・通信業,,2026-10-02,1175.0,1120.0,13816300.0,12605.0,7616000.0,False,True,True,True,True,False
8928.T,8928,穴吹興産,Standard,不動産業,,2026-10-02,2626.0,2304.0,13797685.0,5990.0,10368000.0,False,True,True,True,True,False
3544.T,3544,サツドラホールディングス,Standard,小売業,,2026-10-02,2626.0,1247.0,13753365.0,11020.0,28431600.0,False,True,True,True,True,False
9444.T,9444,トーシンホールディングス,Standard,情報・通信業,,2026-10-02,2626.0,267.0,13731610.0,50345.0,6087600.0,False,True,True,True,True,False
5599.T,5599,Ｓ＆Ｊ,Growth,情報・通信業,,2026-10-02,681.0,1099.0,13703820.0,13030.0,28024500.0,False,True,True,True,True,False
7615.T,7615,京都きもの友禅ホールディングス,Standard,小売業,,2026-10-02,2626.0,94.0,13683535.0,138420.0,5423800.0,False,False,True,True,True,False
7841.T,7841,遠藤製作所,Standard,その他製品,,2026-10-02,2626.0,1071.0,13673630.0,12700.0,23240700.0,False,True,True,True,True,False
3418.T,3418,バルニバービ,Growth,小売業,,2026-10-02,2626.0,1050.0,13650915.0,13010.0,16380000.0,False,True,True,True,True,False
3912.T,3912,モバイルファクトリー,Standard,情報・通信業,,2026-10-02,2626.0,1095.0,13633595.0,12450.0,1642500.0,False,True,True,True,True,False
2483.T,2483,翻訳センター,Standard,サービス業,,2026-10-02,2626.0,2204.0,13630360.0,6155.0,9697600.0,False,True,True,True,True,False
4193.T,4193,ファブリカホールディングス,Standard,情報・通信業,,2026-10-02,1341.0,2111.0,13613075.0,6270.0,6121900.0,False,True,True,True,True,False
6899.T,6899,ＡＳＴＩ,Standard,電気機器,,2026-10-02,2626.0,2201.0,13606105.0,5980.0,3741700.0,False,True,True,True,True,False
7134.T,7134,アップガレージグループ,Standard,小売業,,2026-10-02,1166.0,1415.0,13589395.0,9615.0,7641000.0,False,True,True,True,True,False
7291.T,7291,日本プラスト,Standard,輸送用機器,,2026-10-02,2626.0,448.0,13523090.0,29170.0,7257600.0,False,True,True,True,True,False
2694.T,2694,焼肉坂井ホールディングス,Standard,小売業,,2026-10-02,2626.0,70.0,13459375.0,187810.0,6958000.0,False,False,True,True,True,False
9249.T,9249,日本エコシステム,Standard,サービス業,,2026-10-02,1218.0,1600.0,13428685.0,8210.0,13440000.0,False,True,True,True,True,False
4241.T,4241,アテクト,Standard,化学,,2026-10-02,2626.0,713.0,13425395.0,18990.0,7771700.0,False,True,True,True,True,False
9366.T,9366,サンリツ,Standard,倉庫・運輸関連業,,2026-10-02,2626.0,1288.0,13392770.0,10835.0,18676000.0,False,True,True,True,True,False
9854.T,9854,愛眼,Standard,小売業,,2026-10-02,2626.0,260.0,13363965.0,47760.0,5616000.0,False,True,True,True,True,False
6848.T,6848,東亜ディーケーケー,Standard,電気機器,,2026-10-02,2626.0,847.0,13355705.0,15615.0,5590200.0,False,True,True,True,True,False
5368.T,5368,日本インシュレーション,Standard,ガラス・土石製品,,2026-10-02,1597.0,1025.0,13323970.0,13010.0,9225000.0,False,True,True,True,True,False
6087.T,6087,アビスト,Standard,サービス業,,2026-10-02,2626.0,3350.0,13263975.0,3810.0,5695000.0,False,True,True,True,True,False
6635.T,6635,大日光・エンジニアリング,Standard,電気機器,,2026-10-02,2626.0,664.0,13235870.0,19785.0,2257600.0,False,True,True,True,True,False
4235.T,4235,ウルトラファブリックス・ホールディングス,Standard,化学,,2026-10-02,2626.0,674.0,13163550.0,19450.0,26083800.0,False,True,True,True,True,False
7686.T,7686,ひとまいる,Standard,小売業,,2026-10-02,1653.0,433.0,13095695.0,29810.0,6754800.0,False,True,True,True,True,False
4488.T,4488,ＡＩ　ｉｎｓｉｄｅ,Growth,情報・通信業,,2026-10-02,1650.0,2086.0,13079940.0,6090.0,12724600.0,False,True,True,True,True,False
8152.T,8152,ソマール,Standard,卸売業,,2026-10-02,2626.0,7170.0,13025150.0,1810.0,4302000.0,False,True,True,True,True,False
4374.T,4374,ＲＯＢＯＴ　ＰＡＹＭＥＮＴ,Growth,情報・通信業,,2026-10-02,1226.0,1170.0,13009595.0,10600.0,23166000.0,False,True,True,True,True,False
2693.T,2693,ＹＫＴ,Standard,卸売業,,2026-10-02,2626.0,279.0,12997210.0,46055.0,5245200.0,False,True,True,True,True,False
8835.T,8835,太平洋興発,Standard,卸売業,,2026-10-02,2626.0,775.0,12969850.0,16360.0,28132500.0,False,True,True,True,True,False
6384.T,6384,昭和真空,Standard,機械,,2026-10-02,2626.0,1730.0,12963350.0,7535.0,1211000.0,False,True,True,True,True,False
9763.T,9763,丸建リース,Standard,卸売業,,2026-10-02,2626.0,1231.0,12868775.0,10045.0,10955900.0,False,True,True,True,True,False
7044.T,7044,ピアラ,Standard,サービス業,,2026-10-02,1903.0,614.0,12867290.0,22645.0,30577200.0,False,True,True,True,True,False
3513.T,3513,イチカワ,Standard,繊維製品,,2026-10-02,2626.0,3625.0,12862700.0,3550.0,3262500.0,False,True,True,True,True,False
9160.T,9160,ノバレーゼ,Standard,サービス業,,2026-10-02,795.0,339.0,12825310.0,38460.0,21967200.0,False,True,True,True,True,False
6615.T,6615,ユー・エム・シー・エレクトロニクス,Prime,電気機器,,2026-10-02,2598.0,231.0,12782520.0,53725.0,9471000.0,False,True,True,True,True,False
3747.T,3747,インタートレード,Standard,情報・通信業,,2026-10-02,2626.0,423.0,12772930.0,30980.0,22249800.0,False,True,True,True,True,False
7359.T,7359,東京通信グループ,Growth,サービス業,,2026-10-02,1410.0,264.0,12767950.0,46425.0,5306400.0,False,True,True,True,True,False
6907.T,6907,ジオマテック,Standard,電気機器,,2026-10-02,2626.0,792.0,12727050.0,16430.0,11325600.0,False,True,True,True,True,False
7080.T,7080,スポーツフィールド,Growth,サービス業,,2026-10-02,1649.0,896.0,12703070.0,14310.0,4480000.0,False,True,True,True,True,False
1381.T,1381,アクシーズ,Standard,水産・農林業,,2026-10-02,2626.0,3485.0,12682975.0,3550.0,6970000.0,False,True,True,True,True,False
6182.T,6182,メタリアル,Growth,サービス業,,2026-10-02,2626.0,539.0,12623635.0,23910.0,19296200.0,False,True,True,True,True,False
9973.T,9973,ＫＯＺＯホールディングス,Standard,小売業,,2026-10-02,2626.0,19.0,12613435.0,635965.0,3241400.0,False,False,True,True,True,False
4476.T,4476,ＡＩ　ＣＲＯＳＳ,Growth,情報・通信業,,2026-10-02,1704.0,1087.0,12591690.0,11555.0,7826400.0,False,True,True,True,True,False
3135.T,3135,マーケットエンタープライズ,Prime,小売業,,2026-10-02,2626.0,1157.0,12516885.0,10675.0,14578200.0,False,True,True,True,True,False
6497.T,6497,ハマイ,Standard,機械,,2026-10-02,2626.0,1477.0,12515555.0,8645.0,3101700.0,False,True,True,True,True,False
3796.T,3796,いい生活,Standard,情報・通信業,,2026-10-02,2626.0,292.0,12511585.0,38335.0,3533200.0,False,True,True,True,True,False
2814.T,2814,佐藤食品工業,Standard,食料品,,2026-10-02,2626.0,1730.0,12499925.0,6530.0,6055000.0,False,True,True,True,True,False
9906.T,9906,藤井産業,Standard,卸売業,,2026-10-02,2626.0,4135.0,12499175.0,2955.0,15299500.0,False,True,True,True,True,False
2497.T,2497,ユナイテッド,Growth,サービス業,,2026-10-02,2626.0,495.0,12465195.0,23990.0,25938000.0,False,True,True,True,True,False
2762.T,2762,ＳＡＮＫＯ　ＭＡＲＫＥＴＩＮＧ　ＦＯＯＤＳ,Standard,小売業,,2026-10-02,2626.0,68.0,12409060.0,181745.0,11764000.0,False,False,True,True,True,False
7049.T,7049,識学,Growth,サービス業,,2026-10-02,1854.0,761.0,12394655.0,15860.0,10197400.0,False,True,True,True,True,False
1717.T,1717,明豊ファシリティワークス,Standard,サービス業,,2026-10-02,2626.0,928.0,12336910.0,13185.0,12342400.0,False,True,True,True,True,False
246A.T,246A,アスア,Growth,サービス業,,2026-10-02,491.0,1118.0,12325275.0,11690.0,2012400.0,False,True,True,True,True,False
2332.T,2332,クエスト,Standard,情報・通信業,,2026-10-02,2626.0,1749.0,12311175.0,7200.0,6121500.0,False,True,True,True,True,False
8104.T,8104,クワザワホールディングス,Standard,卸売業,,2026-10-02,2093.0,791.0,12305925.0,16010.0,15345400.0,False,True,True,True,True,False
3004.T,3004,神栄,Standard,卸売業,,2026-10-02,2626.0,2012.0,12304425.0,5990.0,20120000.0,False,True,True,True,True,False
4179.T,4179,ジーネクスト,Growth,情報・通信業,,2026-10-02,1350.0,333.0,12283550.0,35530.0,26073900.0,False,True,True,True,True,False
3067.T,3067,東京一番フーズ,Standard,小売業,,2026-10-02,2626.0,456.0,12228265.0,26345.0,820800.0,False,True,True,True,True,False
6040.T,6040,日本スキー場開発,Growth,サービス業,,2026-10-02,2626.0,446.0,12204865.0,26565.0,24173200.0,False,True,True,True,True,False
3113.T,3113,ＵＮＩＶＡ・Ｏａｋホールディングス,Standard,証券、商品先物取引業,,2026-10-02,2626.0,81.0,12111660.0,143905.0,2494800.0,False,False,True,True,True,False
6061.T,6061,ユニバーサル園芸社,Standard,サービス業,,2026-10-02,2626.0,3155.0,12050900.0,3830.0,7256500.0,False,True,True,True,True,False
3440.T,3440,日創グループ,Standard,金属製品,,2026-10-02,1760.0,841.0,12046185.0,13920.0,13792400.0,False,True,True,True,True,False
4237.T,4237,フジプレアム,Standard,化学,,2026-10-02,2626.0,340.0,12031815.0,34990.0,13940000.0,False,True,True,True,True,False
2597.T,2597,ユニカフェ,Standard,食料品,,2026-10-02,2626.0,1323.0,12017365.0,9390.0,5027400.0,False,True,True,True,True,False
157A.T,157A,グリーンモンスター,Growth,サービス業,,2026-10-02,613.0,760.0,11989865.0,15905.0,2280000.0,False,True,True,True,True,False
6093.T,6093,エスクロー・エージェント・ジャパン,Standard,サービス業,,2026-10-02,2626.0,161.0,11988865.0,74505.0,12139400.0,False,False,True,True,True,False
8207.T,8207,テンアライド,Standard,小売業,,2026-10-02,2626.0,290.0,11975620.0,40070.0,6206000.0,False,True,True,True,True,False
1443.T,1443,技研ホールディングス,Standard,建設業,,2026-10-02,2143.0,274.0,11952185.0,43405.0,15481000.0,False,True,True,True,True,False
5965.T,5965,フジマック,Standard,金属製品,,2026-10-02,2626.0,1199.0,11922220.0,9930.0,1558700.0,False,True,True,True,True,False
9271.T,9271,和心,Growth,小売業,,2026-10-02,2085.0,981.0,11842820.0,12425.0,29233800.0,False,True,True,True,True,False
5888.T,5888,ＤＡＩＷＡ　ＣＹＣＬＥ,Growth,小売業,,2026-10-02,707.0,2732.0,11788935.0,4220.0,6283600.0,False,True,True,True,True,False
7781.T,7781,平山ホールディングス,Standard,精密機器,,2026-10-02,2626.0,881.0,11787800.0,13400.0,4316900.0,False,True,True,True,True,False
3538.T,3538,ウイルプラスホールディングス,Standard,小売業,,2026-10-02,2592.0,1001.0,11675515.0,11475.0,14014000.0,False,True,True,True,True,False
9265.T,9265,ヤマシタヘルスケアホールディングス,Standard,卸売業,,2026-10-02,2170.0,3595.0,11596625.0,3205.0,359500.0,False,True,True,True,True,False
3267.T,3267,フィル・カンパニー,Standard,建設業,,2026-10-02,2429.0,632.0,11587255.0,18415.0,7204800.0,False,True,True,True,True,False
9245.T,9245,リベロ,Growth,サービス業,,2026-10-02,1226.0,2037.0,11505625.0,5685.0,11203500.0,False,True,True,True,True,False
9959.T,9959,アシードホールディングス,Standard,小売業,,2026-10-02,2626.0,921.0,11479220.0,12020.0,1842000.0,False,True,True,True,True,False
7487.T,7487,小津産業,Standard,卸売業,,2026-10-02,2626.0,1872.0,11461645.0,6225.0,16473600.0,False,True,True,True,True,False
6580.T,6580,ライトアップ,Growth,サービス業,,2026-10-02,2025.0,848.0,11453705.0,13270.0,12550400.0,False,True,True,True,True,False
7749.T,7749,メディキット,Standard,精密機器,,2026-10-02,2626.0,2772.0,11452405.0,4010.0,2494800.0,False,True,True,True,True,False
3967.T,3967,エルテス,Growth,情報・通信業,,2026-10-02,2424.0,773.0,11422905.0,18825.0,33007100.0,False,True,True,True,True,False
9704.T,9704,アゴーラ　ホスピタリティー　グループ,Standard,サービス業,,2026-10-02,2626.0,26.0,11386590.0,417410.0,7628400.0,False,False,True,True,True,False
4531.T,4531,有機合成薬品工業,Standard,化学,,2026-10-02,2626.0,368.0,11332735.0,31465.0,14572800.0,False,True,True,True,True,False
9982.T,9982,タキヒヨー,Standard,卸売業,,2026-10-02,2626.0,2808.0,11321620.0,4220.0,11512800.0,False,True,True,True,True,False
7804.T,7804,ビーアンドピー,Standard,その他製品,,2026-10-02,1755.0,2565.0,11313615.0,4615.0,9747000.0,False,True,True,True,True,False
6573.T,6573,アジャイルメディア・ネットワーク,Growth,サービス業,,2026-10-02,2085.0,25.0,11288030.0,416665.0,1142500.0,False,False,True,True,True,False
5612.T,5612,日本鋳鉄管,Standard,鉄鋼,,2026-10-02,2626.0,1585.0,11273730.0,7095.0,11095000.0,False,True,True,True,True,False
3089.T,3089,テクノアルファ,Standard,卸売業,,2026-10-02,2626.0,1010.0,11236495.0,10625.0,10706000.0,False,True,True,True,True,False
3177.T,3177,ありがとうサービス,Standard,小売業,,2026-10-02,2626.0,4835.0,11233300.0,2385.0,6769000.0,False,True,True,True,True,False
6538.T,6538,ディスラプターズ,Standard,サービス業,,2026-10-02,2414.0,245.0,11216445.0,44915.0,2866500.0,False,True,True,True,True,False
3842.T,3842,ネクストジェン,Standard,情報・通信業,,2026-10-02,2626.0,1370.0,11210765.0,9135.0,6302000.0,False,True,True,True,True,False
8076.T,8076,カノークス,Standard,卸売業,,2026-10-02,924.0,2082.0,11190500.0,5280.0,7078800.0,False,True,True,True,True,False
4512.T,4512,わかもと製薬,Standard,医薬品,,2026-10-02,2626.0,291.0,11171035.0,37185.0,5761800.0,False,True,True,True,True,False
6335.T,6335,東京機械製作所,Standard,機械,,2026-10-02,2626.0,580.0,11142805.0,19040.0,7134000.0,False,True,True,True,True,False
4119.T,4119,日本ピグメントホールディングス,Standard,化学,,2026-10-02,2626.0,6220.0,11137500.0,1845.0,8086000.0,False,True,True,True,True,False
9980.T,9980,ＭＲＫホールディングス,Standard,小売業,,2026-10-02,2626.0,89.0,11109480.0,120170.0,9585300.0,False,False,True,True,True,False
2180.T,2180,サニーサイドアップグループ,Standard,サービス業,,2026-09-11,2614.0,1309.0,11107560.0,8495.0,3927000.0,False,True,True,True,False,False
7726.T,7726,黒田精工,Standard,機械,,2026-10-02,2626.0,1469.0,11051235.0,7830.0,9695400.0,False,True,True,True,True,False
2750.T,2750,石光商事,Standard,卸売業,,2026-10-02,2626.0,1313.0,11022085.0,8165.0,11685700.0,False,True,True,True,True,False
2666.T,2666,オートウェーブ,Standard,小売業,,2026-10-02,2626.0,189.0,10986840.0,58390.0,7956900.0,False,False,True,True,True,False
8944.T,8944,ランドビジネス,Standard,不動産業,,2026-10-02,2626.0,252.0,10966215.0,44065.0,11869200.0,False,True,True,True,True,False
4761.T,4761,さくらケーシーエス,Standard,情報・通信業,,2026-10-02,2626.0,1468.0,10965160.0,7425.0,4991200.0,False,True,True,True,True,False
7674.T,7674,ＮＡＴＴＹ　ＳＷＡＮＫＹホールディングス,Growth,小売業,,2026-10-02,1832.0,2755.0,10962795.0,4045.0,3030500.0,False,True,True,True,True,False
7702.T,7702,ＪＭＳ,Standard,精密機器,,2026-10-02,2626.0,448.0,10939780.0,24085.0,23923200.0,False,True,True,True,True,False
7698.T,7698,アイスコ,Standard,卸売業,,2026-10-02,1340.0,2740.0,10935070.0,3935.0,7124000.0,False,True,True,True,True,False
8904.T,8904,ＡＶＡＮＴＩＡ,Standard,不動産業,,2026-10-02,2626.0,819.0,10924705.0,13280.0,6715800.0,False,True,True,True,True,False
3054.T,3054,ハイパー,Standard,卸売業,,2026-10-02,2626.0,381.0,10913440.0,29745.0,4191000.0,False,True,True,True,True,False
7795.T,7795,ＫＹＯＲＩＴＳＵ,Standard,その他製品,,2026-10-02,978.0,207.0,10913440.0,50170.0,10867500.0,False,True,True,True,True,False
2415.T,2415,ヒューマンホールディングス,Standard,サービス業,,2026-10-02,2626.0,1601.0,10901320.0,6700.0,3682300.0,False,True,True,True,True,False
4284.T,4284,ソルクシーズ,Standard,情報・通信業,,2026-10-02,2626.0,455.0,10891285.0,24050.0,11147500.0,False,True,True,True,True,False
6046.T,6046,リンクバル,Growth,サービス業,,2026-10-02,2626.0,144.0,10889065.0,71845.0,2232000.0,False,False,True,True,True,False
6147.T,6147,ヤマザキ,Standard,機械,,2026-09-30,2624.0,166.0,10872505.0,56735.0,9478600.0,False,False,True,True,False,False
7066.T,7066,ピアズ,Growth,サービス業,,2026-10-02,1778.0,434.0,10856340.0,23040.0,2560600.0,False,True,True,True,True,False
9761.T,9761,東海リース,Standard,サービス業,,2026-10-02,2626.0,2368.0,10855310.0,4435.0,6156800.0,False,True,True,True,True,False
9233.T,9233,アジア航測,Standard,空運業,,2026-10-02,2626.0,1143.0,10834875.0,9385.0,9029700.0,False,True,True,True,True,False
8085.T,8085,ナラサキ産業,Standard,卸売業,,2026-10-02,2626.0,4595.0,10822175.0,2490.0,31705500.0,False,True,True,True,True,False
9165.T,9165,クオルテック,Growth,サービス業,,2026-10-02,776.0,1819.0,10791125.0,6085.0,9822600.0,False,True,True,True,True,False
7038.T,7038,フロンティア・マネジメント,Prime,サービス業,,2026-10-02,1955.0,571.0,10746630.0,18500.0,9649900.0,False,True,True,True,True,False
3727.T,3727,アプリックス,Growth,情報・通信業,,2026-10-02,2626.0,161.0,10740975.0,64355.0,8500800.0,False,False,True,True,True,False
4387.T,4387,ＺＵＵ,Growth,情報・通信業,,2026-10-02,2025.0,554.0,10715260.0,19415.0,4376600.0,False,True,True,True,True,False
9074.T,9074,日本石油輸送,Standard,陸運業,,2026-10-02,2626.0,2580.0,10611410.0,4265.0,3612000.0,False,True,True,True,True,False
3173.T,3173,Ｃｏｍｉｎｉｘ,Standard,卸売業,,2026-10-02,2626.0,1502.0,10607880.0,7280.0,11114800.0,False,True,True,True,True,False
1826.T,1826,佐田建設,Standard,建設業,,2026-10-02,2626.0,1060.0,10590445.0,9815.0,7738000.0,False,True,True,True,True,False
2342.T,2342,トランスジェニックグループ,Growth,サービス業,,2026-10-02,2626.0,244.0,10584465.0,41665.0,5612000.0,False,True,True,True,True,False
9913.T,9913,日邦産業,Standard,卸売業,,2026-10-02,2626.0,3770.0,10539500.0,2860.0,30160000.0,False,True,True,True,True,False
5921.T,5921,川岸工業,Standard,金属製品,,2026-10-02,2626.0,4290.0,10511575.0,2405.0,32604000.0,False,True,True,True,True,False
3537.T,3537,昭栄薬品,Standard,卸売業,,2026-10-02,2597.0,1743.0,10475690.0,5865.0,8715000.0,False,True,True,True,True,False
4015.T,4015,ペイクラウドホールディングス,Growth,情報・通信業,,2026-10-02,1433.0,521.0,10469760.0,20295.0,16463600.0,False,True,True,True,True,False
2932.T,2932,ＳＴＩフードホールディングス,Standard,食料品,,2026-10-02,1471.0,1107.0,10462665.0,9460.0,11734200.0,False,True,True,True,True,False
7087.T,7087,ウイルテック,Standard,サービス業,,2026-10-02,1606.0,1355.0,10461575.0,7455.0,6233000.0,False,True,True,True,True,False
4625.T,4625,アトミクス,Standard,化学,,2026-10-02,2626.0,895.0,10402600.0,11890.0,1521500.0,False,True,True,True,True,False
5982.T,5982,マルゼン,Standard,金属製品,,2026-10-02,2626.0,4025.0,10375475.0,2520.0,4830000.0,False,True,True,True,True,False
8144.T,8144,デンキョーグループホールディングス,Standard,卸売業,,2026-10-02,2626.0,1261.0,10372975.0,8270.0,252200.0,False,True,True,True,True,False
9029.T,9029,ヒガシホールディングス,Standard,陸運業,,2026-10-02,2626.0,1822.0,10371915.0,5645.0,4919400.0,False,True,True,True,True,False
6634.T,6634,ネクスグループ,Standard,電気機器,,2026-10-02,2626.0,68.0,10355175.0,145930.0,5494400.0,False,False,True,True,True,False
7561.T,7561,ハークスレイ,Standard,小売業,,2026-10-02,2626.0,678.0,10342090.0,14670.0,20882400.0,False,True,True,True,True,False
6836.T,6836,ぷらっとホーム,Standard,電気機器,,2026-10-02,2626.0,857.0,10317270.0,12165.0,7713000.0,False,True,True,True,True,False
5967.T,5967,ＴＯＮＥ,Standard,金属製品,,2026-10-02,2626.0,439.0,10307910.0,23005.0,7726400.0,False,True,True,True,True,False
5391.T,5391,エーアンドエーマテリアル,Standard,ガラス・土石製品,,2026-10-02,2626.0,1463.0,10284710.0,6870.0,13020700.0,False,True,True,True,True,False
339A.T,339A,プログレス・テクノロジーズ　グループ,Growth,サービス業,,2026-10-02,370.0,942.0,10264680.0,11200.0,7253400.0,False,True,True,True,True,False
5868.T,5868,ロココ,Standard,サービス業,,2026-10-02,678.0,1035.0,10261855.0,9735.0,13248000.0,False,True,True,True,True,False
5951.T,5951,ダイニチ工業,Standard,金属製品,,2026-10-02,2626.0,1121.0,10253820.0,8905.0,3138800.0,False,True,True,True,True,False
330A.T,330A,ＴａｌｅｎｔＸ,Growth,情報・通信業,,2026-10-02,377.0,536.0,10242825.0,18575.0,4984800.0,False,True,True,True,True,False
3035.T,3035,ケイティケイ,Standard,卸売業,,2026-10-02,2626.0,750.0,10237790.0,13420.0,100125000.0,False,True,True,True,True,False
324A.T,324A,ブッキングリゾート,Growth,サービス業,,2026-10-02,393.0,727.0,10224185.0,14190.0,1599400.0,False,True,True,True,True,False
4937.T,4937,Ｗａｑｏｏ,Growth,化学,,2026-10-02,1286.0,2378.0,10214340.0,4240.0,2615800.0,False,True,True,True,True,False
6654.T,6654,不二電機工業,Standard,電気機器,,2026-10-02,2626.0,1090.0,10210915.0,9385.0,6758000.0,False,True,True,True,True,False
4712.T,4712,ＫｅｙＨｏｌｄｅｒ,Standard,サービス業,,2026-10-02,2626.0,813.0,10167655.0,12430.0,7886100.0,False,True,True,True,True,False
9240.T,9240,デリバリーコンサルティング,Growth,サービス業,,2026-10-02,1266.0,375.0,10164330.0,25705.0,5812500.0,False,True,True,True,True,False
2883.T,2883,大冷,Standard,食料品,,2026-10-02,2626.0,1970.0,10123850.0,4995.0,4728000.0,False,True,True,True,True,False
2388.T,2388,ウェッジホールディングス,Growth,その他金融業,,2026-10-02,2626.0,13.0,10092535.0,518630.0,31739500.0,False,False,True,True,True,False
6246.T,6246,テクノスマート,Standard,機械,,2026-10-02,2626.0,1783.0,10057035.0,5510.0,10519700.0,False,True,True,True,True,False
9423.T,9423,フォーバル・リアルストレート,Standard,情報・通信業,,2026-10-02,2626.0,104.0,10038465.0,95995.0,10878400.0,False,False,True,True,True,False
4177.T,4177,ｉ‐ｐｌｕｇ,Growth,情報・通信業,,2026-10-02,1354.0,1400.0,10000260.0,7095.0,2660000.0,False,True,True,True,True,False
3726.T,3726,フォーシーズＨＤ,Standard,小売業,,2026-10-02,2626.0,336.0,9985535.0,26645.0,4166400.0,False,True,True,True,True,False
9272.T,9272,ブティックス,Growth,サービス業,,2026-10-02,2082.0,1494.0,9950425.0,6820.0,17181000.0,False,True,True,True,True,False
4492.T,4492,ゼネテック,Standard,情報・通信業,,2026-10-02,1597.0,389.0,9948665.0,24920.0,2761900.0,False,True,True,True,True,False
3030.T,3030,ハブ,Standard,小売業,,2026-10-02,2626.0,891.0,9943920.0,11465.0,7038900.0,False,True,True,True,True,False
1736.T,1736,オーテック,Standard,建設業,,2026-10-02,2626.0,2500.0,9927065.0,4045.0,8000000.0,False,True,True,True,True,False
9325.T,9325,ファイズホールディングス,Standard,倉庫・運輸関連業,,2026-10-02,2352.0,1041.0,9874895.0,9340.0,9681300.0,False,True,True,True,True,False
5570.T,5570,ジェノバ,Growth,情報・通信業,,2026-10-02,844.0,604.0,9868705.0,15470.0,8456000.0,False,True,True,True,True,False
2221.T,2221,岩塚製菓,Standard,食料品,,2026-10-02,2626.0,3030.0,9854075.0,3225.0,5151000.0,False,True,True,True,True,False
2162.T,2162,ｎｍｓ　ホールディングス,Standard,サービス業,,2026-08-27,2603.0,538.0,9814750.0,18295.0,15817200.0,False,True,True,True,False,False
6069.T,6069,トレンダーズ,Growth,サービス業,,2026-10-02,2626.0,652.0,9778075.0,14545.0,11018800.0,False,True,True,True,True,False
4890.T,4890,坪田ラボ,Growth,医薬品,,2026-10-02,1046.0,251.0,9771695.0,35975.0,1882500.0,False,True,True,True,True,False
7069.T,7069,サイバー・バズ,Growth,サービス業,,2026-10-02,1716.0,470.0,9770165.0,19205.0,6392000.0,False,True,True,True,True,False
6748.T,6748,星和電機,Standard,電気機器,,2026-10-02,2626.0,779.0,9760730.0,12695.0,17293800.0,False,True,True,True,True,False
9340.T,9340,アソインターナショナル,Standard,サービス業,,2026-10-02,922.0,788.0,9742775.0,12205.0,3782400.0,False,True,True,True,True,False
9307.T,9307,杉村倉庫,Standard,倉庫・運輸関連業,,2026-10-02,2626.0,992.0,9716805.0,10005.0,23708800.0,False,True,True,True,True,False
407A.T,407A,ＵＮＩＣＯＮホールディングス,Standard,建設業,,2026-10-02,247.0,915.0,9703120.0,10435.0,13999500.0,False,True,False,True,True,False
2981.T,2981,ランディックス,Growth,不動産業,,2026-10-02,1655.0,2187.0,9671495.0,4275.0,9404100.0,False,True,True,True,True,False
9034.T,9034,南総通運,Standard,陸運業,,2026-10-02,2626.0,1622.0,9665715.0,5815.0,7623400.0,False,True,True,True,True,False
7150.T,7150,島根銀行,Standard,銀行業,,2026-10-02,2626.0,506.0,9665675.0,18555.0,5566000.0,False,True,True,True,True,False
5819.T,5819,カナレ電気,Standard,非鉄金属,,2026-10-02,2626.0,1724.0,9652255.0,5545.0,7585600.0,False,True,True,True,True,False
1850.T,1850,南海辰村建設,Standard,建設業,,2026-10-02,2626.0,437.0,9626740.0,22145.0,5943200.0,False,True,True,True,True,False
3895.T,3895,ハビックス,Standard,パルプ・紙,,2026-10-02,2626.0,434.0,9601245.0,20650.0,5902400.0,False,True,True,True,True,False
3071.T,3071,ストリーム,Standard,小売業,,2026-10-02,2626.0,102.0,9557180.0,94155.0,5773200.0,False,False,True,True,True,False
9640.T,9640,セゾンテクノロジー,Standard,情報・通信業,,2026-10-02,2626.0,1956.0,9535295.0,4835.0,3520800.0,False,True,True,True,True,False
8247.T,8247,大和,Standard,小売業,,2026-10-02,2626.0,354.0,9522460.0,27240.0,7044600.0,False,True,True,True,True,False
6696.T,6696,トラース・オン・プロダクト,Growth,電気機器,,2026-10-02,2251.0,299.0,9503880.0,29890.0,5561400.0,False,True,True,True,True,False
4762.T,4762,エックスネット,Standard,情報・通信業,,2026-10-02,2626.0,1114.0,9499625.0,8430.0,8243600.0,False,True,True,True,True,False
6044.T,6044,三機サービス,Standard,サービス業,,2026-10-02,2626.0,1867.0,9486120.0,5060.0,22777400.0,False,True,True,True,True,False
7462.T,7462,ＣＡＰＩＴＡ,Standard,小売業,,2026-10-02,2626.0,376.0,9475475.0,23885.0,6429600.0,False,True,True,True,True,False
5139.T,5139,オープンワーク,Growth,情報・通信業,,2026-10-02,927.0,931.0,9437440.0,10165.0,6423900.0,False,True,True,True,True,False
7619.T,7619,田中商事,Standard,卸売業,,2026-10-02,2626.0,1001.0,9413395.0,9295.0,8108100.0,False,True,True,True,True,False
3840.T,3840,パス,Standard,情報・通信業,,2026-10-02,2626.0,64.0,9395310.0,151820.0,13260800.0,False,False,True,True,True,False
3929.T,3929,ソーシャルワイヤー,Growth,情報・通信業,,2026-10-02,2626.0,244.0,9382670.0,37465.0,1708000.0,False,True,True,True,True,False
3647.T,3647,ジー・スリーホールディングス,Standard,情報・通信業,,2026-10-02,2626.0,115.0,9338170.0,79160.0,3565000.0,False,False,True,True,True,False
2937.T,2937,サンクゼール,Growth,食料品,,2026-10-02,924.0,1701.0,9318735.0,5310.0,10376100.0,False,True,True,True,True,False
2999.T,2999,ホームポジション,Standard,不動産業,,2026-10-02,1046.0,519.0,9307025.0,18095.0,2595000.0,False,True,True,True,True,False
7814.T,7814,日本創発グループ,Standard,その他製品,,2026-10-02,2626.0,630.0,9259240.0,14915.0,4221000.0,False,True,True,True,True,False
4265.T,4265,Ｉｎｓｔｉｔｕｔｉｏｎ　ｆｏｒ　ａ　Ｇｌｏｂａｌ　Ｓｏｃｉｅｔｙ,Growth,情報・通信業,,2026-10-02,1162.0,245.0,9229075.0,34745.0,12152000.0,False,True,True,True,True,False
9083.T,9083,神姫バス,Standard,陸運業,,2026-10-02,2626.0,1974.0,9180955.0,4585.0,987000.0,False,True,True,True,True,False
4445.T,4445,リビン・テクノロジーズ,Growth,情報・通信業,,2026-10-02,1772.0,1791.0,9169815.0,4980.0,8955000.0,False,True,True,True,True,False
3484.T,3484,イノベーションホールディングス,Prime,不動産業,,2026-10-02,2197.0,1249.0,9140735.0,7530.0,9117700.0,False,True,True,True,True,False
3625.T,3625,テックファームホールディングス,Growth,情報・通信業,,2026-10-02,2626.0,722.0,9094385.0,13065.0,7653200.0,False,True,True,True,True,False
3174.T,3174,ハピネス・アンド・ディ,Standard,小売業,,2026-10-02,2626.0,339.0,9087560.0,24290.0,12610800.0,False,True,True,True,True,False
7115.T,7115,アルファパーチェス,Standard,卸売業,,2026-10-02,921.0,1427.0,9084780.0,6180.0,8847400.0,False,True,True,True,True,False
6694.T,6694,ズーム,Standard,電気機器,,2026-10-02,2343.0,829.0,9038695.0,11070.0,3813400.0,False,True,True,True,True,False
4376.T,4376,くふうカンパニーホールディングス,Growth,情報・通信業,,2026-10-02,1223.0,190.0,9016365.0,51520.0,10355000.0,False,False,True,True,True,False
7800.T,7800,アミファ,Standard,その他製品,,2026-10-02,1716.0,969.0,8999935.0,9160.0,3197700.0,False,True,True,True,True,False
3858.T,3858,ユビキタスＡＩ,Standard,情報・通信業,,2026-10-02,2626.0,328.0,8981920.0,28910.0,11840800.0,False,True,True,True,True,False
9753.T,9753,アイエックス・ナレッジ,Standard,情報・通信業,,2026-10-02,2626.0,1410.0,8975180.0,6330.0,44415000.0,False,True,True,True,True,False
5248.T,5248,テクノロジーズ,Growth,情報・通信業,,2026-10-02,900.0,508.0,8950785.0,17560.0,3149600.0,False,True,True,True,True,False
3648.T,3648,ＡＧＳ,Standard,情報・通信業,,2026-10-02,2626.0,1041.0,8943770.0,8425.0,3851700.0,False,True,True,True,True,False
7034.T,7034,プロレド・パートナーズ,Prime,サービス業,,2026-10-02,2000.0,305.0,8931490.0,27695.0,8204500.0,False,True,True,True,True,False
8891.T,8891,ＡＭＧホールディングス,Standard,不動産業,,2026-10-02,2626.0,2105.0,8915880.0,4315.0,2736500.0,False,True,True,True,True,False
3918.T,3918,ＰＣＩホールディングス,Standard,情報・通信業,,2026-10-02,2626.0,1167.0,8897710.0,7535.0,6885300.0,False,True,True,True,True,False
3377.T,3377,バイク王＆カンパニー,Standard,卸売業,,2026-10-02,2626.0,410.0,8888895.0,21960.0,19680000.0,False,True,True,True,True,False
5884.T,5884,クラダシ,Growth,小売業,,2026-10-02,795.0,609.0,8831215.0,14520.0,3775800.0,False,True,True,True,True,False
7183.T,7183,あんしん保証,Standard,その他金融業,,2026-10-02,2626.0,255.0,8790105.0,34585.0,3162000.0,False,True,True,True,True,False
4261.T,4261,アジアクエスト,Growth,情報・通信業,,2026-10-02,1164.0,3040.0,8786790.0,2965.0,2128000.0,False,True,True,True,True,False
7037.T,7037,テノ．ホールディングス,Standard,サービス業,,2026-10-02,1895.0,798.0,8760150.0,10965.0,3830400.0,False,True,True,True,True,False
3947.T,3947,ダイナパック,Standard,パルプ・紙,,2026-10-02,2626.0,2500.0,8747055.0,3520.0,2750000.0,False,True,True,True,True,False
2673.T,2673,夢みつけ隊,Standard,小売業,,2026-10-02,2626.0,102.0,8737855.0,82855.0,2193000.0,False,False,True,True,True,False
7060.T,7060,ギークス,Standard,サービス業,,2026-10-02,1837.0,596.0,8737330.0,14655.0,27058400.0,False,True,True,True,True,False
9827.T,9827,リリカラ,Standard,卸売業,,2026-10-02,2626.0,653.0,8726115.0,13680.0,4505700.0,False,True,True,True,True,False
3680.T,3680,ホットリンク,Growth,情報・通信業,,2026-10-02,2626.0,206.0,8720475.0,42520.0,1030000.0,False,True,True,True,True,False
4447.T,4447,ピー・ビーシステムズ,Growth,情報・通信業,,2026-10-02,975.0,479.0,8718810.0,17635.0,4502600.0,False,True,True,True,True,False
7827.T,7827,オービス,Standard,その他製品,,2026-10-02,2626.0,1766.0,8688225.0,4925.0,4238400.0,False,True,True,True,True,False
3628.T,3628,データホライゾン,Growth,情報・通信業,,2026-10-02,2626.0,722.0,8658080.0,12555.0,6786800.0,False,True,True,True,True,False
3329.T,3329,東和フードサービス,Standard,小売業,,2026-10-02,2626.0,2137.0,8632555.0,4035.0,12608300.0,False,True,True,True,True,False
3320.T,3320,クロスプラス,Standard,卸売業,,2026-10-02,2626.0,1301.0,8618005.0,6620.0,5073900.0,False,True,True,True,True,False
5971.T,5971,共和工業所,Standard,金属製品,,2026-10-02,2626.0,9100.0,8602500.0,985.0,8190000.0,False,True,True,True,True,False
8202.T,8202,ラオックスホールディングス,Standard,小売業,,2026-10-02,2626.0,149.0,8580980.0,57770.0,6764600.0,False,False,True,True,True,False
1718.T,1718,美樹工業,Standard,建設業,,2026-10-02,2626.0,2283.0,8564765.080566406,3625.0,6849000.0,False,True,True,True,True,False
9687.T,9687,ＫＳＫ,Standard,情報・通信業,,2026-10-02,2626.0,1487.0,8549514.968261719,5575.0,7286300.0,False,True,True,True,True,False
9562.T,9562,ビジネスコーチ,Growth,サービス業,,2026-10-02,966.0,585.0,8541530.0,13060.0,3685500.0,False,True,True,True,True,False
7946.T,7946,光陽社,Standard,その他製品,,2026-09-30,2624.0,322.0,8494085.0,21370.0,676200.0,False,True,True,True,False,False
7567.T,7567,栄電子,Standard,卸売業,,2026-10-02,2626.0,636.0,8467685.0,13560.0,6296400.0,False,True,True,True,True,False
9563.T,9563,Ａｔｌａｓ　Ｔｅｃｈｎｏｌｏｇｉｅｓ,Growth,サービス業,,2026-10-02,962.0,355.0,8464160.0,24700.0,1242500.0,False,True,True,True,True,False
9346.T,9346,ココルポート,Growth,サービス業,,2026-10-02,857.0,1823.0,8424205.0,4500.0,7838900.0,False,True,True,True,True,False
7065.T,7065,ユーピーアール,Standard,サービス業,,2026-10-02,1784.0,953.0,8403005.0,8770.0,4288500.0,False,True,True,True,True,False
343A.T,343A,ＩＡＣＥトラベル,Standard,サービス業,,2026-10-02,364.0,1290.0,8396215.0,6435.0,6192000.0,False,True,True,True,True,False
415A.T,415A,ＧＭＯ　ＴＥＣＨホールディングス,Growth,サービス業,,2026-10-02,2626.0,5540.0,8383700.0,1550.0,6094000.0,False,True,True,True,True,False
7775.T,7775,大研医器,Standard,精密機器,,2026-10-02,2626.0,417.0,8380530.0,19845.0,5838000.0,False,True,True,True,True,False
5658.T,5658,日亜鋼業,Standard,鉄鋼,,2026-10-02,2626.0,407.0,8372510.0,20735.0,1709400.0,False,True,True,True,True,False
6778.T,6778,アルチザネットワークス,Standard,電気機器,,2026-10-02,2626.0,623.0,8371405.0,13220.0,14204400.0,False,True,True,True,True,False
3987.T,3987,エコモット,Growth,情報・通信業,,2026-10-02,2287.0,618.0,8328805.0,12830.0,3151800.0,False,True,True,True,True,False
4245.T,4245,ダイキアクシス,Standard,化学,,2026-10-02,2626.0,719.0,8320415.0,11660.0,6974300.0,False,True,True,True,True,False
6400.T,6400,不二精機,Standard,機械,,2026-10-02,2626.0,316.0,8314595.0,27615.0,7331200.0,False,True,True,True,True,False
4378.T,4378,ＣＩＮＣ,Growth,情報・通信業,,2026-10-02,1206.0,465.0,8293780.0,16765.0,2139000.0,False,True,True,True,True,False
9558.T,9558,ジャパニアス,Growth,サービス業,,2026-10-02,990.0,1981.0,8277020.0,4170.0,15848000.0,False,True,True,True,True,False
423A.T,423A,ライオン事務器,Standard,卸売業,,2026-10-02,235.0,315.0,8274790.0,25715.0,6457500.0,False,True,False,True,True,False
4707.T,4707,キタック,Standard,サービス業,,2026-10-02,2626.0,380.0,8220965.0,23100.0,17898000.0,False,True,True,True,True,False
3996.T,3996,サインポスト,Standard,情報・通信業,,2026-10-02,2177.0,224.0,8189220.0,38555.0,5286400.0,False,True,True,True,True,False
5268.T,5268,旭コンクリート工業,Standard,ガラス・土石製品,,2026-10-02,2626.0,831.0,8186090.0,9260.0,2243700.0,False,True,True,True,True,False
2373.T,2373,ケア２１,Standard,サービス業,,2026-10-02,2626.0,444.0,8184715.0,18610.0,6970800.0,False,True,True,True,True,False
4365.T,4365,松本油脂製薬,Standard,化学,,2026-10-02,2626.0,23990.0,8155100.0,335.0,9596000.0,False,True,True,True,True,False
3192.T,3192,白鳩,Standard,小売業,,2026-10-02,2626.0,222.0,8105775.0,32335.0,30014400.0,False,True,True,True,True,False
4881.T,4881,ファンペップ,Growth,医薬品,,2026-10-02,1409.0,47.0,8099385.0,161245.0,2505100.0,False,False,True,True,True,False
6731.T,6731,ピクセラ,Standard,電気機器,,2026-10-02,2626.0,99.0,8094575.0,79290.0,10820700.0,False,False,True,False,True,False
4976.T,4976,東洋ドライルーブ,Standard,化学,,2026-10-02,2626.0,1617.0,8073165.0,5000.0,323400.0,False,True,True,True,True,False
3238.T,3238,セントラル総合開発,Standard,不動産業,,2026-10-02,2626.0,380.0,8061500.0,20930.0,1216000.0,False,True,True,True,True,False
2816.T,2816,ダイショー,Standard,食料品,,2026-10-02,2626.0,1402.0,8058935.0,5705.0,3364800.0,False,True,True,True,True,False
4673.T,4673,川崎地質,Standard,サービス業,,2026-10-02,2626.0,4830.0,8056450.0,1665.0,3381000.0,False,True,True,True,True,False
3917.T,3917,アイリッジ,Growth,情報・通信業,,2026-10-02,2626.0,491.0,8046290.0,16510.0,2455000.0,False,True,True,True,True,False
4389.T,4389,プロパティデータバンク,Growth,情報・通信業,,2026-10-02,2022.0,1098.0,8023320.0,7315.0,8784000.0,False,True,True,True,True,False
5380.T,5380,新東,Standard,ガラス・土石製品,,2026-10-02,2626.0,1276.0,8004425.0,5590.0,2041600.0,False,True,True,True,True,False
8089.T,8089,ナイス,Standard,卸売業,,2026-10-02,2626.0,1910.0,7997705.0,4080.0,2292000.0,False,True,True,True,True,False
6942.T,6942,ソフィアホールディングス,Standard,情報・通信業,,2026-10-02,2626.0,1412.0,7992715.0,5570.0,5083200.0,False,True,True,True,True,False
7122.T,7122,近畿車輛,Standard,輸送用機器,,2026-10-02,2626.0,2426.0,7932075.0,3295.0,7520600.0,False,True,True,True,True,False
7822.T,7822,永大産業,Standard,その他製品,,2026-10-02,2626.0,253.0,7891245.0,30740.0,10271800.0,False,True,True,True,True,False
7494.T,7494,コナカ,Standard,小売業,,2026-10-02,2626.0,230.0,7872345.0,32750.0,5543000.0,False,True,True,True,True,False
6874.T,6874,協立電機,Standard,電気機器,,2026-10-02,2626.0,2341.0,7844830.0,3340.0,3979700.0,False,True,True,True,True,False
7277.T,7277,ＴＢＫ,Standard,輸送用機器,,2026-10-02,2626.0,324.0,7844735.0,23215.0,9590400.0,False,True,True,True,True,False
7643.T,7643,ダイイチ,Standard,小売業,,2026-10-02,2626.0,1637.0,7842610.0,4600.0,4092500.0,False,True,True,True,True,False
4450.T,4450,パワーソリューションズ,Growth,情報・通信業,,2026-10-02,1708.0,2406.0,7796720.0,3290.0,11789400.0,False,True,True,True,True,False
2164.T,2164,地域新聞社,Growth,サービス業,,2026-10-02,2626.0,107.0,7762295.0,66500.0,3135100.0,False,False,True,True,True,False
4076.T,4076,シイエヌエス,Growth,情報・通信業,,2026-10-02,1251.0,2005.0,7738750.0,3865.0,2005000.0,False,True,True,True,True,False
7299.T,7299,フジオーゼックス,Standard,輸送用機器,,2026-10-02,2626.0,1728.0,7735935.0,4305.0,6393600.0,False,True,True,True,True,False
7490.T,7490,日新商事,Standard,卸売業,,2026-10-02,2626.0,2192.0,7714385.0,3525.0,2630400.0,False,True,True,True,True,False
7849.T,7849,スターツ出版,Standard,情報・通信業,,2026-10-02,2626.0,3000.0,7674155.0,2550.0,29100000.0,False,True,True,True,True,False
4167.T,4167,ココペリ,Growth,情報・通信業,,2026-10-02,1413.0,343.0,7669455.0,22920.0,6139700.0,False,True,True,True,True,False
3965.T,3965,キャピタル・アセット・プランニング,Standard,情報・通信業,,2026-10-02,2458.0,852.0,7667250.0,8690.0,6049200.0,False,True,True,True,True,False
3799.T,3799,キーウェアソリューションズ,Standard,情報・通信業,,2026-10-02,2626.0,1110.0,7666935.0,6745.0,1998000.0,False,True,True,True,True,False
4885.T,4885,室町ケミカル,Standard,医薬品,,2026-10-02,1369.0,909.0,7639260.0,8585.0,5817600.0,False,True,True,True,True,False
5915.T,5915,駒井ハルテック,Standard,金属製品,,2026-10-02,2626.0,2403.0,7622175.0,3130.0,2403000.0,False,True,True,True,True,False
2934.T,2934,ジェイフロンティア,Growth,食料品,,2026-10-02,1246.0,2037.0,7616700.0,3780.0,5499900.0,False,True,True,True,True,False
7351.T,7351,グッドパッチ,Growth,サービス業,,2026-10-02,1528.0,467.0,7607010.0,15800.0,560400.0,False,True,True,True,True,False
6391.T,6391,加地テック,Standard,機械,,2026-10-02,2626.0,4815.0,7606375.0,1585.0,2407500.0,False,True,True,True,True,False
3160.T,3160,大光,Standard,卸売業,,2026-10-02,2626.0,580.0,7594335.0,13010.0,4756000.0,False,True,True,True,True,False
6561.T,6561,ＨＡＮＡＴＯＵＲ　ＪＡＰＡＮ,Growth,サービス業,,2026-10-02,2160.0,820.0,7588910.0,9200.0,7790000.0,False,True,True,True,True,False
3760.T,3760,ケイブ,Standard,情報・通信業,,2026-10-02,2626.0,726.0,7583240.0,10625.0,13285800.0,False,True,True,True,True,False
5869.T,5869,早稲田学習研究会,Standard,サービス業,,2026-10-02,676.0,1271.0,7541320.0,5990.0,5465300.0,False,True,True,True,True,False
2173.T,2173,博展,Growth,サービス業,,2026-10-02,2626.0,781.0,7505495.0,10095.0,5310800.0,False,True,True,True,True,False
2349.T,2349,エヌアイデイ,Standard,情報・通信業,,2026-10-02,2626.0,2483.0,7485395.0,3020.0,0.0,False,True,True,True,True,False
2493.T,2493,イーサポートリンク,Standard,サービス業,,2026-10-02,2626.0,949.0,7454965.0,7790.0,61115600.0,False,True,True,True,True,False
6488.T,6488,ヨシタケ,Standard,機械,,2026-10-02,2626.0,1021.0,7449165.0,7180.0,37470700.0,False,True,True,True,True,False
2411.T,2411,ゲンダイエージェンシー,Standard,情報・通信業,,2026-10-02,2626.0,460.0,7449100.0,15945.0,8924000.0,False,True,True,True,True,False
3690.T,3690,イルグルム,Standard,情報・通信業,,2026-10-02,2626.0,542.0,7441840.0,12985.0,2330600.0,False,True,True,True,True,False
6239.T,6239,ナガオカ,Standard,機械,,2026-10-02,2626.0,1405.0,7395370.0,5095.0,6182000.0,False,True,True,True,True,False
8039.T,8039,築地魚市場,Standard,卸売業,,2026-10-02,2626.0,3495.0,7389525.0,2125.0,4194000.0,False,True,True,True,True,False
9846.T,9846,天満屋ストア,Standard,小売業,,2026-10-02,2626.0,981.0,7378360.0,7510.0,5101200.0,False,True,True,True,True,False
7369.T,7369,メイホーホールディングス,Growth,サービス業,,2026-10-02,1305.0,390.0,7374695.0,19060.0,1482000.0,False,True,True,True,True,False
9441.T,9441,ベルパーク,Standard,情報・通信業,,2026-10-02,2626.0,3025.0,7367390.0,2450.0,5445000.0,False,True,True,True,True,False
7214.T,7214,ＧＭＢ,Standard,輸送用機器,,2026-10-02,2626.0,1142.0,7365505.0,6525.0,9821200.0,False,True,True,True,True,False
1853.T,1853,森組,Standard,建設業,,2026-10-02,2626.0,320.0,7330380.0,22610.0,3456000.0,False,True,True,True,True,False
1420.T,1420,サンヨーホームズ,Standard,建設業,,2026-10-02,2626.0,629.0,7323715.0,11605.0,3711100.0,False,True,True,True,True,False
4934.T,4934,プレミアアンチエイジング,Growth,化学,,2026-10-02,1449.0,582.0,7310995.0,12290.0,5121600.0,False,True,True,True,True,False
3930.T,3930,はてな,Growth,情報・通信業,,2026-10-02,2611.0,743.0,7293250.0,9410.0,1560300.0,False,True,True,True,True,False
4166.T,4166,かっこ,Growth,情報・通信業,,2026-10-02,1414.0,641.0,7258875.0,11280.0,62625700.0,False,True,True,True,True,False
9351.T,9351,東洋埠頭,Standard,倉庫・運輸関連業,,2026-10-02,2626.0,1920.0,7257265.0,3750.0,3264000.0,False,True,True,True,True,False
6563.T,6563,みらいワークス,Growth,サービス業,,2026-10-02,2157.0,454.0,7178025.0,15555.0,635600.0,False,True,True,True,True,False
7064.T,7064,ハウテレビジョン,Growth,サービス業,,2026-10-02,1812.0,1000.0,7172420.0,7275.0,1000000.0,False,True,True,True,True,False
9780.T,9780,ハリマビステム,Standard,サービス業,,2026-10-02,2626.0,1144.0,7165645.0,6340.0,4004000.0,False,True,True,True,True,False
3096.T,3096,オーシャンシステム,Standard,小売業,,2026-10-02,2626.0,1524.0,7133285.0,4480.0,8534400.0,False,True,True,True,True,False
7127.T,7127,一家ホールディングス,Standard,小売業,,2026-10-02,1223.0,689.0,7125415.0,10080.0,3720600.0,False,True,True,True,True,False
6771.T,6771,池上通信機,Standard,電気機器,,2026-10-02,2626.0,691.0,7111665.0,10630.0,4629700.0,False,True,True,True,True,False
175A.T,175A,Ｗｉｌｌ　Ｓｍａｒｔ,Growth,情報・通信業,,2026-10-02,601.0,643.0,7079140.0,10800.0,1671800.0,False,True,True,True,True,False
2970.T,2970,グッドライフカンパニー,Standard,不動産業,,2026-10-02,1899.0,1193.0,7043055.0,6310.0,9782600.0,False,True,True,True,True,False
9259.T,9259,タカヨシホールディングス,Growth,サービス業,,2026-10-02,1165.0,824.0,7015805.0,8285.0,3625600.0,False,True,True,True,True,False
6034.T,6034,ＭＲＴ,Growth,サービス業,,2026-10-02,2626.0,573.0,7014675.0,11765.0,26014200.0,False,True,True,True,True,False
8030.T,8030,中央魚類,Standard,卸売業,,2026-10-02,2626.0,3900.0,7002400.0,1785.0,1950000.0,False,True,True,True,True,False
2224.T,2224,コモ,Standard,食料品,,2026-10-02,2626.0,3810.0,6971825.0,1865.0,2286000.0,False,True,True,True,True,False
5015.T,5015,ビーピー・カストロール,Standard,石油・石炭製品,,2026-10-02,2626.0,995.0,6958325.0,6965.0,4278500.0,False,True,True,True,True,False
2936.T,2936,ベースフード,Growth,食料品,,2026-10-02,949.0,273.0,6953695.0,25225.0,1119300.0,False,True,True,True,True,False
5987.T,5987,オーネックス,Standard,金属製品,,2026-10-02,2626.0,1650.0,6953465.0,4170.0,0.0,False,True,True,True,True,False
4409.T,4409,東邦化学工業,Standard,化学,,2026-10-02,2626.0,881.0,6951155.0,8340.0,13303100.0,False,True,True,True,True,False
6181.T,6181,タメニー,Growth,サービス業,,2026-10-02,2626.0,86.0,6945270.0,77185.0,4343000.0,False,False,True,True,True,False
4270.T,4270,ＢｅｅＸ,Growth,情報・通信業,,2026-10-02,1126.0,1870.0,6942860.0,3660.0,1496000.0,False,True,True,True,True,False
2345.T,2345,クシム,Standard,情報・通信業,,2026-10-02,2626.0,95.0,6932095.0,67230.0,5016000.0,False,False,True,True,True,False
2984.T,2984,ヤマイチエステート,Standard,不動産業,,2026-10-02,1049.0,810.0,6926910.0,8900.0,4698000.0,False,True,True,True,True,False
9236.T,9236,ジャパンＭ＆Ａソリューション,Growth,サービス業,,2026-10-02,717.0,1499.0,6914435.0,4875.0,2248500.0,False,True,True,True,True,False
3913.T,3913,ＧｒｅｅｎＢｅｅ,Growth,情報・通信業,,2026-10-02,2626.0,1040.0,6905120.0,6225.0,5928000.0,False,True,True,True,True,False
7695.T,7695,交換できるくん,Growth,小売業,,2026-10-02,1411.0,884.0,6889000.0,7490.0,3978000.0,False,True,True,True,True,False
7347.T,7347,マーキュリアホールディングス,Prime,証券、商品先物取引業,,2026-10-02,1284.0,804.0,6880125.0,8610.0,4824000.0,False,True,True,True,True,False
2778.T,2778,パレモ・ホールディングス,Standard,小売業,,2026-10-02,2626.0,124.0,6880095.0,58480.0,5939600.0,False,False,True,True,True,False
1711.T,1711,ＳＤＳホールディングス,Standard,建設業,,2026-10-02,2626.0,235.0,6857690.0,28165.0,7238000.0,False,True,True,True,True,False
5936.T,5936,東洋シヤッター,Standard,金属製品,,2026-10-02,2626.0,883.0,6804785.0,7525.0,7240600.0,False,True,True,True,True,False
1994.T,1994,高橋カーテンウォール工業,Standard,建設業,,2026-10-02,2626.0,611.0,6796645.0,11015.0,3421600.0,False,True,True,True,True,False
6159.T,6159,ミクロン精密,Standard,機械,,2026-10-02,2626.0,1860.0,6793905.0,3265.0,2232000.0,False,True,True,True,True,False
7196.T,7196,Ｃａｓａ,Standard,その他金融業,,2026-10-02,2193.0,746.0,6775720.0,9080.0,447600.0,False,True,True,True,True,False
7353.T,7353,ＫＩＹＯラーニング,Growth,サービス業,,2026-10-02,1518.0,510.0,6755185.0,13185.0,1377000.0,False,True,True,True,True,False
3969.T,3969,エイトレッド,Standard,情報・通信業,,2026-10-02,2407.0,1393.0,6748090.0,4815.0,2228800.0,False,True,True,True,True,False
7357.T,7357,ジオコード,Standard,サービス業,,2026-10-02,1429.0,1708.0,6743470.0,3950.0,3245200.0,False,True,True,True,True,False
5870.T,5870,ナルネットコミュニケーションズ,Growth,サービス業,,2026-10-02,675.0,905.0,6738925.0,7515.0,12579500.0,False,True,True,True,True,False
3958.T,3958,笹徳印刷,Standard,パルプ・紙,,2026-10-02,738.0,542.0,6732460.0,12385.0,2222200.0,False,True,True,True,True,False
2311.T,2311,エプコ,Standard,サービス業,,2026-10-02,2626.0,792.0,6724440.0,8535.0,3326400.0,False,True,True,True,True,False
1905.T,1905,テノックス,Standard,建設業,,2026-10-02,2626.0,1454.0,6722265.0,4615.0,0.0,False,True,True,True,True,False
4360.T,4360,マナック・ケミカル・パートナーズ,Standard,化学,,2026-10-02,1223.0,1018.0,6713675.0,6840.0,2443200.0,False,True,True,True,True,False
2654.T,2654,アスモ,Standard,小売業,,2026-10-02,2626.0,392.0,6698035.0,15715.0,5527200.0,False,True,True,True,True,False
7112.T,7112,キューブ,Growth,小売業,,2026-10-02,974.0,564.0,6697050.0,11130.0,789600.0,False,True,True,True,True,False
3417.T,3417,大木ヘルスケアホールディングス,Standard,卸売業,,2026-10-02,2626.0,993.0,6679700.0,6650.0,6653100.0,False,True,True,True,True,False
5891.T,5891,魁力屋,Standard,小売業,,2026-10-02,681.0,1693.0,6676710.0,3955.0,8803600.0,False,True,True,True,True,False
3358.T,3358,ワイエスフード,Standard,小売業,,2026-10-02,2626.0,95.0,6664060.0,70600.0,6830500.0,False,False,True,True,True,False
4299.T,4299,ハイマックス,Standard,情報・通信業,,2026-10-02,2626.0,1187.0,6625455.0,5470.0,11988700.0,False,True,True,True,True,False
9636.T,9636,きんえい,Standard,サービス業,,2026-10-02,2626.0,4225.0,6571925.0,1560.0,2535000.0,False,True,True,True,True,False
6392.T,6392,ヤマダコーポレーション,Standard,機械,,2026-10-02,2626.0,7870.0,6559400.0,830.0,3935000.0,False,True,True,True,True,False
9159.T,9159,Ｗ　ＴＯＫＹＯ,Growth,サービス業,,2026-10-02,796.0,1900.0,6540500.0,3365.0,9500000.0,False,True,True,True,True,False
302A.T,302A,ビースタイルホールディングス,Growth,サービス業,,2026-10-02,427.0,613.0,6540415.0,10790.0,183900.0,False,True,True,True,True,False
9033.T,9033,広島電鉄,Standard,陸運業,,2026-10-02,2626.0,619.0,6530120.0,10395.0,7242300.0,False,True,True,True,True,False
7604.T,7604,梅の花グループ,Standard,小売業,,2026-10-02,2626.0,911.0,6527485.0,7155.0,8107900.0,False,True,True,True,True,False
3698.T,3698,ＣＲＩ・ミドルウェア,Growth,情報・通信業,,2026-10-02,2626.0,1212.0,6527480.0,5385.0,5575200.0,False,True,True,True,True,False
7812.T,7812,クレステック,Standard,その他製品,,2026-10-02,2626.0,2082.0,6507365.0,3135.0,416400.0,False,True,True,True,True,False
3461.T,3461,パルマ,Standard,不動産業,,2026-10-02,2626.0,561.0,6499605.0,10605.0,3478200.0,False,True,True,True,True,False
4093.T,4093,東邦アセチレン,Prime,化学,,2026-10-02,2626.0,425.0,6439975.0,15080.0,5780000.0,False,True,True,True,True,False
8127.T,8127,ヤマトインターナショナル,Standard,繊維製品,,2026-10-02,2626.0,520.0,6438905.0,12190.0,2496000.0,False,True,True,True,True,False
7228.T,7228,デイトナ,Standard,輸送用機器,,2026-10-02,2626.0,4010.0,6431525.0,1605.0,12832000.0,False,True,True,True,True,False
7601.T,7601,ポプラ,Standard,小売業,,2026-10-02,2626.0,166.0,6363445.0,38870.0,1560400.0,False,False,True,True,True,False
2459.T,2459,アウンコンサルティング,Standard,サービス業,,2026-10-02,2626.0,175.0,6358295.0,36235.0,3675000.0,False,False,True,True,True,False
7417.T,7417,南陽,Standard,卸売業,,2026-10-02,2163.0,1766.0,6333050.0,3410.0,9713000.0,False,True,True,True,True,False
5589.T,5589,オートサーバー,Standard,情報・通信業,,2026-10-02,736.0,2948.0,6313015.0,2160.0,2948000.0,False,True,True,True,True,False
6343.T,6343,フリージア・マクロス,Standard,機械,,2026-10-02,2626.0,149.0,6241605.0,42215.0,3650500.0,False,False,True,True,True,False
6545.T,6545,インターネットインフィニティー,Growth,サービス業,,2026-10-02,2349.0,775.0,6239745.0,7920.0,11005000.0,False,True,True,True,True,False
7427.T,7427,エコートレーディング,Standard,卸売業,,2026-10-02,2626.0,829.0,6224865.0,7455.0,1823800.0,False,True,True,True,True,False
6393.T,6393,油研工業,Standard,機械,,2026-10-02,2626.0,3020.0,6170775.0,2025.0,5134000.0,False,True,True,True,True,False
192A.T,192A,インテグループ,Growth,サービス業,,2026-10-02,559.0,1328.0,6113595.0,4545.0,6905600.0,False,True,True,True,True,False
5237.T,5237,ノザワ,Standard,ガラス・土石製品,,2026-10-02,2626.0,1134.0,6106360.0,5070.0,15989400.0,False,True,True,True,True,False
6614.T,6614,シキノハイテック,Standard,電気機器,,2026-10-02,1350.0,881.0,6104735.0,7025.0,5374100.0,False,True,True,True,True,False
8260.T,8260,井筒屋,Standard,小売業,,2026-10-02,2626.0,374.0,6102485.0,15930.0,2543200.0,False,True,True,True,True,False
4772.T,4772,ＳＭ　ＥＮＴＥＲＴＡＩＮＭＥＮＴ　ＪＡＰＡＮ,Growth,情報・通信業,,2026-10-02,2626.0,74.0,6088690.0,84175.0,2900800.0,False,False,True,True,True,False
9306.T,9306,東陽倉庫,Standard,倉庫・運輸関連業,,2026-10-02,2626.0,1993.0,6074945.0,3030.0,10762200.0,False,True,True,True,True,False
7481.T,7481,尾家産業,Standard,卸売業,,2026-10-02,2626.0,2559.0,6071645.0,2340.0,2559000.0,False,True,True,True,True,False
6018.T,6018,阪神内燃機工業,Standard,輸送用機器,,2026-10-02,2626.0,5790.0,6059900.0,1000.0,9843000.0,False,True,True,True,True,False
5753.T,5753,日本伸銅,Standard,非鉄金属,,2026-10-02,2626.0,2540.0,6038625.0,2380.0,2540000.0,False,True,True,True,True,False
7991.T,7991,マミヤ・オーピー,Standard,機械,,2026-10-02,2626.0,1051.0,6005220.0,5630.0,1891800.0,False,True,True,True,True,False
5257.T,5257,ノバシステム,Standard,情報・通信業,,2026-10-02,858.0,2887.0,5982685.0,2080.0,1443500.0,False,True,True,True,True,False
4490.T,4490,ビザスク,Growth,情報・通信業,,2026-10-02,1604.0,672.0,5980880.0,9030.0,4905600.0,False,True,True,True,True,False
5939.T,5939,大谷工業,Standard,金属製品,,2026-10-02,2626.0,4600.0,5964900.0,1270.0,4600000.0,False,True,True,True,True,False
5922.T,5922,那須電機鉄工,Standard,金属製品,,2026-10-02,2626.0,19830.0,5944150.0,295.0,1983000.0,False,True,True,True,True,False
4054.T,4054,日本情報クリエイト,Growth,情報・通信業,,2026-10-02,1508.0,519.0,5935620.0,11395.0,3944400.0,False,True,True,True,True,False
1840.T,1840,土屋ホールディングス,Standard,建設業,,2026-10-02,2626.0,259.0,5933280.0,23295.0,2615900.0,False,True,True,True,True,False
151A.T,151A,ダイブ,Growth,サービス業,,2026-10-02,615.0,618.0,5910650.0,9330.0,4820400.0,False,True,True,True,True,False
3750.T,3750,ＡＤＲ１２０Ｓ,Standard,情報・通信業,,2026-10-02,2626.0,795.0,5909955.0,7090.0,2782500.0,False,True,True,True,True,False
2721.T,2721,ジェイホールディングス,Standard,卸売業,,2026-10-02,2626.0,98.0,5897280.0,56415.0,7340200.0,False,False,True,True,True,False
2186.T,2186,ソーバル,Standard,サービス業,,2026-10-02,2626.0,899.0,5896190.0,6540.0,2607100.0,False,True,True,True,True,False
198A.T,198A,ＰｏｓｔＰｒｉｍｅ,Growth,情報・通信業,,2026-10-02,557.0,161.0,5875350.0,35755.0,10207400.0,False,False,True,True,True,False
2370.T,2370,メディネット,Growth,サービス業,,2026-10-02,2626.0,24.0,5849455.0,239150.0,4742400.0,False,False,True,True,True,False
7808.T,7808,シー・エス・ランバー,Standard,その他製品,,2026-10-02,2182.0,2601.0,5839720.0,2190.0,260100.0,False,True,True,True,True,False
8772.T,8772,アサックス,Standard,その他金融業,,2026-10-02,2626.0,907.0,5827995.0,6470.0,3174500.0,False,True,True,True,True,False
6171.T,6171,土木管理総合試験所,Standard,サービス業,,2026-10-02,2626.0,373.0,5824710.0,15625.0,5184700.0,False,True,True,True,True,False
5699.T,5699,イボキン,Standard,鉄鋼,,2026-10-02,1996.0,1551.0,5820475.0,3665.0,10236600.0,False,True,True,True,True,False
7640.T,7640,トップカルチャー,Standard,小売業,,2026-10-02,2626.0,200.0,5801955.0,29825.0,3760000.0,False,True,True,True,True,False
7578.T,7578,ニチリョク,Standard,小売業,,2026-10-02,2626.0,68.0,5795845.0,75445.0,1931200.0,False,False,True,True,True,False
9561.T,9561,グラッドキューブ,Growth,サービス業,,2026-10-02,981.0,431.0,5781920.0,13510.0,5818500.0,False,True,True,True,True,False
2818.T,2818,ピエトロ,Standard,食料品,,2026-10-02,2626.0,1752.0,5776855.0,3285.0,4029600.0,False,True,True,True,True,False
9478.T,9478,ＳＥホールディングス・アンド・インキュベーションズ,Standard,情報・通信業,,2026-10-02,2626.0,500.0,5760525.0,11345.0,4650000.0,False,True,True,True,True,False
3082.T,3082,きちりホールディングス,Standard,小売業,,2026-10-02,2626.0,989.0,5740725.0,5840.0,5043900.0,False,True,True,True,True,False
2997.T,2997,ストレージ王,Growth,不動産業,,2026-10-02,1083.0,1322.0,5713965.0,4320.0,132200.0,False,True,True,True,True,False
2831.T,2831,はごろもフーズ,Standard,食料品,,2026-10-02,2626.0,3630.0,5704650.0,1540.0,3267000.0,False,True,True,True,True,False
7361.T,7361,ヒューマンクリエイションホールディングス,Growth,サービス業,,2026-10-02,1357.0,1200.0,5674320.0,4710.0,4560000.0,False,True,True,True,True,False
6776.T,6776,天昇電気工業,Standard,化学,,2026-10-02,2626.0,299.0,5667800.0,19370.0,10913500.0,False,True,True,True,True,False
2404.T,2404,鉄人化ホールディングス,Standard,サービス業,,2026-10-02,2626.0,531.0,5614065.0,10605.0,1327500.0,False,True,True,True,True,False
4616.T,4616,川上塗料,Standard,化学,,2026-10-02,2626.0,2731.0,5611945.0,2220.0,9831600.0,False,True,True,True,True,False
2798.T,2798,ワイズテーブルコーポレーション,Standard,小売業,,2026-10-02,2626.0,2996.0,5603925.0,1870.0,1198400.0,False,True,True,True,True,False
4760.T,4760,アルファ,Standard,サービス業,,2026-10-02,2626.0,1199.0,5601535.0,4290.0,479600.0,False,True,True,True,True,False
7847.T,7847,グラファイトデザイン,Standard,その他製品,,2026-10-02,2626.0,777.0,5595330.0,8165.0,24242400.0,False,True,True,True,True,False
297A.T,297A,アルピコホールディングス,Standard,小売業,,2026-10-02,429.0,210.0,5564505.0,26250.0,5775000.0,False,True,True,True,True,False
6549.T,6549,ディーエムソリューションズ,Standard,サービス業,,2026-10-02,2287.0,1108.0,5561070.0,4995.0,3324000.0,False,True,True,True,True,False
2689.T,2689,オルバヘルスケアホールディングス,Standard,卸売業,,2026-10-02,2626.0,1930.0,5553135.0,2880.0,4632000.0,False,True,True,True,True,False
4317.T,4317,レイ,Standard,サービス業,,2026-10-02,2626.0,595.0,5545580.0,9625.0,21063000.0,False,True,True,True,True,False
8518.T,8518,日本アジア投資,Standard,証券、商品先物取引業,,2026-10-02,2626.0,149.0,5533475.0,36085.0,2622400.0,False,False,True,True,True,False
8230.T,8230,はせがわ,Standard,小売業,,2026-10-02,2626.0,299.0,5533045.0,18075.0,3378700.0,False,True,True,True,True,False
288A.T,288A,ラクサス・テクノロジーズ,Growth,サービス業,,2026-10-02,437.0,95.0,5519680.0,58645.0,13072000.0,False,False,True,True,True,False
7805.T,7805,プリントネット,Standard,その他製品,,2026-10-02,1941.0,707.0,5495155.0,7715.0,636300.0,False,True,True,True,True,False
3454.T,3454,ファーストブラザーズ,Standard,不動産業,,2026-10-02,2626.0,1265.0,5492970.0,4350.0,8349000.0,False,True,True,True,True,False
7111.T,7111,ＩＮＥＳＴ,Standard,卸売業,,2026-10-02,978.0,589.0,5475950.0,9920.0,7068000.0,False,True,True,True,True,False
9219.T,9219,ギックス,Growth,サービス業,,2026-10-02,1103.0,894.0,5464870.0,6085.0,2860800.0,False,True,True,True,True,False
3434.T,3434,アルファＣｏ,Standard,金属製品,,2026-10-02,2626.0,1221.0,5459480.0,4400.0,8669100.0,False,True,True,True,True,False
2183.T,2183,リニカル,Standard,サービス業,,2026-10-02,2626.0,202.0,5436235.0,26595.0,6605400.0,False,True,True,True,True,False
9686.T,9686,東洋テック,Standard,サービス業,,2026-10-02,2626.0,1660.0,5435590.0,3205.0,830000.0,False,True,True,True,True,False
7057.T,7057,エヌ・シー・エヌ,Standard,サービス業,,2026-10-02,1841.0,904.0,5426045.0,5985.0,0.0,False,True,True,True,True,False
4016.T,4016,ＭＩＴホールディングス,Standard,情報・通信業,,2026-10-02,1429.0,1085.0,5423535.0,5070.0,5642000.0,False,True,True,True,True,False
6797.T,6797,名古屋電機工業,Standard,電気機器,,2026-10-02,569.0,1166.0,5412690.0,4495.0,16324000.0,False,True,True,True,True,False
3744.T,3744,サイオス,Standard,情報・通信業,,2026-10-02,2626.0,456.0,5399105.0,11740.0,5107200.0,False,True,True,True,True,False
3409.T,3409,北紡,Standard,繊維製品,,2026-10-02,2626.0,77.0,5391100.0,64125.0,3187800.0,False,False,True,True,True,False
9955.T,9955,ヨンキュウ,Standard,卸売業,,2026-10-02,2626.0,2733.0,5389475.0,1935.0,819900.0,False,True,True,True,True,False
4060.T,4060,ｒａｋｕｍｏ,Growth,情報・通信業,,2026-10-02,1469.0,1193.0,5385585.0,4455.0,11572100.0,False,True,True,True,True,False
3137.T,3137,ファンデリー,Growth,小売業,,2026-10-02,2626.0,219.0,5383300.0,24835.0,7358400.0,False,True,True,True,True,False
5576.T,5576,オービーシステム,Standard,情報・通信業,,2026-10-02,802.0,3020.0,5376630.0,1765.0,2114000.0,False,True,True,True,True,False
4308.T,4308,Ｊストリーム,Growth,情報・通信業,,2026-10-02,2626.0,357.0,5334790.0,14980.0,3320100.0,False,True,True,True,True,False
4482.T,4482,ウィルズ,Growth,情報・通信業,,2026-10-02,1656.0,752.0,5333430.0,7165.0,1880000.0,False,True,True,True,True,False
3068.T,3068,ＷＤＩ,Standard,小売業,,2026-10-02,2626.0,3080.0,5331550.0,1740.0,8932000.0,False,True,True,True,True,False
3079.T,3079,ディーブイエックス,Standard,卸売業,,2026-08-28,2604.0,930.0,5328620.0,5680.0,0.0,False,True,True,True,False,False
3370.T,3370,フジタコーポレーション,Standard,小売業,,2026-10-02,2626.0,470.0,5327320.0,11225.0,3478000.0,False,True,True,True,True,False
1793.T,1793,大本組,Standard,建設業,,2026-10-02,2626.0,2055.0,5322675.0,2540.0,9453000.0,False,True,True,True,True,False
7343.T,7343,ブロードマインド,Growth,保険業,,2026-10-02,1349.0,1301.0,5319560.0,4070.0,6635100.0,False,True,True,True,True,False
3974.T,3974,ＳＣＡＴ,Standard,情報・通信業,,2026-10-02,2405.0,661.0,5301450.0,8030.0,4230400.0,False,True,True,True,True,False
3140.T,3140,ＢＲＵＮＯ,Growth,卸売業,,2026-10-02,2626.0,1023.0,5295590.0,5200.0,7467900.0,False,True,True,True,True,False
4334.T,4334,ユークス,Standard,情報・通信業,,2026-10-02,2626.0,379.0,5279560.0,13645.0,2122400.0,False,True,True,True,True,False
9376.T,9376,ユーラシア旅行社,Standard,サービス業,,2026-10-02,2626.0,780.0,5272120.0,6435.0,2106000.0,False,True,True,True,True,False
7614.T,7614,オーエムツーネットワーク,Standard,小売業,,2026-10-02,2626.0,1541.0,5253835.0,3395.0,3852500.0,False,True,True,True,True,False
7135.T,7135,ジャパンクラフトホールディングス,Standard,小売業,,2026-10-02,1160.0,170.0,5233355.0,29830.0,4590000.0,False,False,True,True,True,False
6819.T,6819,伊豆シャボテンリゾート,Standard,サービス業,,2026-10-02,2626.0,470.0,5230225.0,10970.0,4747000.0,False,True,True,True,True,False
1438.T,1438,岐阜造園,Standard,建設業,,2026-10-02,981.0,2196.0,5209035.0,2305.0,1756800.0,False,True,True,True,True,False
9713.T,9713,ロイヤルホテル,Standard,サービス業,,2026-10-02,2626.0,906.0,5207260.0,5690.0,5707800.0,False,True,True,True,True,False
7265.T,7265,エイケン工業,Standard,輸送用機器,,2026-10-02,2626.0,3500.0,5204200.0,1445.0,6300000.0,False,True,True,True,True,False
3566.T,3566,ユニフォームネクスト,Growth,小売業,,2026-10-02,2266.0,717.0,5184775.0,7310.0,2079300.0,False,True,True,True,True,False
7255.T,7255,桜井製作所,Standard,輸送用機器,,2026-09-30,2624.0,530.0,5177530.0,10180.0,7579000.0,False,True,True,True,False,False
9220.T,9220,エフビー介護サービス,Standard,サービス業,,2026-10-02,1097.0,1305.0,5174910.0,3985.0,5089500.0,False,True,True,True,True,False
4256.T,4256,サインド,Growth,情報・通信業,,2026-10-02,1167.0,1213.0,5162225.0,4485.0,2304700.0,False,True,True,True,True,False
8135.T,8135,ゼット,Standard,卸売業,,2026-10-02,2626.0,431.0,5161880.0,11940.0,2198100.0,False,True,True,True,True,False
9380.T,9380,東海運,Standard,倉庫・運輸関連業,,2026-10-02,2626.0,440.0,5149325.0,11660.0,5940000.0,False,True,True,True,True,False
3712.T,3712,情報企画,Standard,情報・通信業,,2026-10-02,2626.0,974.0,5132575.0,4960.0,681800.0,False,True,True,True,True,False
5458.T,5458,高砂鐵工,Standard,鉄鋼,,2026-10-02,2626.0,1300.0,5129910.0,3855.0,3120000.0,False,True,True,True,True,False
7325.T,7325,アイリックコーポレーション,Growth,保険業,,2026-10-02,1958.0,697.0,5127545.0,7365.0,5436600.0,False,True,True,True,True,False
2796.T,2796,ファーマライズホールディングス,Standard,小売業,,2026-10-02,2626.0,509.0,5105440.0,10080.0,2036000.0,False,True,True,True,True,False
8946.T,8946,ＡＳＩＡＮ　ＳＴＡＲ,Standard,不動産業,,2026-10-02,2626.0,73.0,5097105.0,68500.0,2233800.0,False,False,True,True,True,False
7434.T,7434,オータケ,Standard,卸売業,,2026-10-02,2626.0,1770.0,5049610.0,2810.0,708000.0,False,True,True,True,True,False
7442.T,7442,中山福,Standard,卸売業,,2026-10-02,2626.0,473.0,5042970.0,10540.0,1608200.0,False,True,True,True,True,False
6360.T,6360,東京自働機械製作所,Standard,機械,,2026-10-02,2626.0,4785.0,5037625.0,1060.0,6699000.0,False,True,True,True,True,False
3988.T,3988,ＳＹＳホールディングス,Standard,情報・通信業,,2026-10-02,2280.0,564.0,5034085.0,8975.0,4399200.0,False,True,True,True,True,False
9385.T,9385,ショーエイコーポレーション,Standard,化学,,2026-10-02,2626.0,745.0,5019760.0,6710.0,3054500.0,False,True,True,True,True,False
1450.T,1450,ＴＡＮＡＫＥＮ,Standard,建設業,,2026-10-02,1898.0,1505.0,5014215.0,3390.0,3010000.0,False,True,True,True,True,False
9731.T,9731,白洋舎,Standard,サービス業,,2026-10-02,2626.0,3335.0,4991000.0,1475.0,4002000.0,False,True,True,True,True,False
291A.T,291A,リスキル,Growth,サービス業,,2026-10-02,435.0,2016.0,4990400.0,2480.0,4636800.0,False,True,True,True,True,False
9986.T,9986,蔵王産業,Standard,卸売業,,2026-10-02,2626.0,2482.0,4973180.0,1995.0,6205000.0,False,True,True,True,True,False
6943.T,6943,ＮＫＫスイッチズ,Standard,電気機器,,2026-10-02,2626.0,6350.0,4954300.0,830.0,1270000.0,False,True,True,True,True,False
145A.T,145A,Ｌ　ｉｓ　Ｂ,Growth,情報・通信業,,2026-10-02,616.0,879.0,4951025.0,5530.0,4043400.0,False,True,True,True,True,False
8742.T,8742,小林洋行,Standard,証券、商品先物取引業,,2026-10-02,2626.0,580.0,4943625.0,8265.0,3828000.0,False,True,True,True,True,False
4069.T,4069,ＢｌｕｅＭｅｍｅ,Growth,情報・通信業,,2026-10-02,1286.0,599.0,4934645.0,7465.0,5750400.0,False,True,True,True,True,False
6029.T,6029,アトラグループ,Standard,サービス業,,2026-10-02,2626.0,188.0,4926210.0,26030.0,2857600.0,False,False,True,True,True,False
3979.T,3979,うるる,Growth,情報・通信業,,2026-10-02,2352.0,477.0,4922960.0,10920.0,2814300.0,False,True,True,True,True,False
7083.T,7083,ＡＨＣグループ,Growth,サービス業,,2026-10-02,1614.0,1320.0,4875275.0,4065.0,5412000.0,False,True,True,True,True,False
8898.T,8898,センチュリー２１・ジャパン,Standard,不動産業,,2026-10-02,2626.0,1130.0,4874430.0,4270.0,1356000.0,False,True,True,True,True,False
7670.T,7670,オーウエル,Standard,卸売業,,2026-10-02,1901.0,1225.0,4869455.0,4010.0,1225000.0,False,True,True,True,True,False
2215.T,2215,第一屋製パン,Standard,食料品,,2026-10-02,2626.0,613.0,4866635.0,7890.0,16183200.0,False,True,True,True,True,False
1997.T,1997,暁飯島工業,Standard,建設業,,2026-10-02,2626.0,4100.0,4855900.0,1225.0,8610000.0,False,True,True,True,True,False
3280.T,3280,エストラスト,Standard,不動産業,,2026-10-02,2626.0,936.0,4851310.0,5175.0,842400.0,False,True,True,True,True,False
245A.T,245A,ＩＮＧＳ,Growth,小売業,,2026-10-02,491.0,2499.0,4847205.0,1925.0,5997600.0,False,True,True,True,True,False
3435.T,3435,サンコーテクノ,Standard,金属製品,,2026-10-02,2626.0,1517.0,4844965.0,3195.0,1972100.0,False,True,True,True,True,False
7081.T,7081,コーユーレンティア,Standard,サービス業,,2026-10-02,1624.0,1290.0,4844280.0,3760.0,3870000.0,False,True,True,True,True,False
5941.T,5941,中西製作所,Standard,金属製品,,2026-10-02,2626.0,2699.0,4834860.0,1785.0,5128100.0,False,True,True,True,True,False
7836.T,7836,アビックス,Standard,その他製品,,2026-10-02,2626.0,72.0,4832975.0,64860.0,2880000.0,False,False,True,True,True,False
2169.T,2169,ＣＤＳ,Standard,サービス業,,2026-10-02,2626.0,1761.0,4830440.0,2770.0,2465400.0,False,True,True,True,True,False
7898.T,7898,ウッドワン,Standard,その他製品,,2026-10-02,2626.0,935.0,4820295.0,5220.0,1776500.0,False,True,True,True,True,False
7938.T,7938,リーガルコーポレーション,Standard,その他製品,,2026-10-02,2626.0,2107.0,4806560.0,2265.0,2949800.0,False,True,True,True,True,False
3826.T,3826,システムインテグレータ,Standard,情報・通信業,,2026-10-02,2626.0,494.0,4804820.0,9665.0,4791800.0,False,True,True,True,True,False
5356.T,5356,美濃窯業,Standard,ガラス・土石製品,,2026-10-02,621.0,1256.0,4792980.0,3795.0,1884000.0,False,True,True,True,True,False
3420.T,3420,ケー・エフ・シー,Standard,金属製品,,2026-10-02,2626.0,1545.0,4784885.0,3055.0,3090000.0,False,True,True,True,True,False
5187.T,5187,クリエートメディック,Standard,精密機器,,2026-10-02,2626.0,1149.0,4780525.0,4140.0,1263900.0,False,True,True,True,True,False
3353.T,3353,メディカル一光グループ,Standard,小売業,,2026-10-02,2626.0,2797.0,4751200.0,1700.0,3636100.0,False,True,True,True,True,False
9993.T,9993,ヤマザワ,Standard,小売業,,2026-10-02,2626.0,1148.0,4750510.0,4115.0,4362400.0,False,True,True,True,True,False
4262.T,4262,ニフティライフスタイル,Growth,情報・通信業,,2026-10-02,1165.0,1387.0,4746295.0,3410.0,3883600.0,False,True,True,True,True,False
2424.T,2424,ブラス,Standard,サービス業,,2026-10-02,2602.0,616.0,4729575.0,7430.0,2032800.0,False,True,True,True,True,False
3423.T,3423,エスイー,Standard,金属製品,,2026-10-02,2626.0,265.0,4728985.0,17635.0,477000.0,False,True,True,True,True,False
9816.T,9816,ストライダーズ,Standard,不動産業,,2026-10-02,2626.0,256.0,4717210.0,18470.0,2867200.0,False,True,True,True,True,False
4361.T,4361,川口化学工業,Standard,化学,,2026-10-02,2626.0,1647.0,4707530.0,2920.0,9223200.0,False,True,True,True,True,False
4260.T,4260,ハイブリッドテクノロジーズ,Growth,情報・通信業,,2026-10-02,1166.0,201.0,4707415.0,22815.0,1447200.0,False,True,True,True,True,False
3671.T,3671,ソフトマックス,Growth,情報・通信業,,2026-10-02,2626.0,310.0,4702345.0,15310.0,5518000.0,False,True,True,True,True,False
3766.T,3766,システムズ・デザイン,Standard,情報・通信業,,2026-10-02,2626.0,1538.0,4667385.0,3085.0,1538000.0,False,True,True,True,True,False
4380.T,4380,Ｍマート,Growth,情報・通信業,,2026-10-02,2109.0,705.0,4649735.0,6650.0,282000.0,False,True,True,True,True,False
6888.T,6888,アクモス,Standard,情報・通信業,,2026-10-02,2626.0,506.0,4641865.0,9265.0,15837800.0,False,True,True,True,True,False
7072.T,7072,インティメート・マージャー,Growth,サービス業,,2026-10-02,1693.0,1083.0,4632795.0,4205.0,4223700.0,False,True,True,True,True,False
7565.T,7565,萬世電機,Standard,卸売業,,2026-10-02,2626.0,7270.0,4632600.0,565.0,0.0,False,True,True,True,True,False
148A.T,148A,ハッチ・ワーク,Growth,情報・通信業,,2026-10-02,616.0,1888.0,4629760.0,2600.0,4908800.0,False,True,True,True,True,False
1758.T,1758,太洋基礎工業,Standard,建設業,,2026-10-02,2626.0,2431.0,4626750.0,1895.0,0.0,False,True,True,True,True,False
7963.T,7963,興研,Standard,その他製品,,2026-10-02,2626.0,1783.0,4624160.0,2560.0,1961300.0,False,True,True,True,True,False
8908.T,8908,毎日コムネット,Standard,不動産業,,2026-10-02,2626.0,873.0,4620545.0,5215.0,4888800.0,False,True,True,True,True,False
4124.T,4124,大阪油化工業,Standard,化学,,2026-10-02,2211.0,2935.0,4619500.0,1535.0,1467500.0,False,True,True,True,True,False
1444.T,1444,ニッソウ,Growth,建設業,,2026-10-02,903.0,2891.0,4611970.0,1670.0,2891000.0,False,True,True,True,True,False
6161.T,6161,エスティック,Standard,機械,,2026-10-02,2626.0,1042.0,4599480.0,4395.0,2605000.0,False,True,True,True,True,False
3627.T,3627,テクミラホールディングス,Standard,情報・通信業,,2026-10-02,2626.0,269.0,4594935.0,17070.0,4815100.0,False,True,True,True,True,False
3945.T,3945,スーパーバッグ,Standard,パルプ・紙,,2026-10-02,2626.0,2191.0,4589790.0,2105.0,6573000.0,False,True,True,True,True,False
5994.T,5994,ファインシンター,Standard,金属製品,,2026-10-02,2626.0,976.0,4579775.0,4505.0,1561600.0,False,True,True,True,True,False
9799.T,9799,旭情報サービス,Standard,情報・通信業,,2026-10-02,2626.0,935.0,4566065.0,4800.0,3740000.0,False,True,True,True,True,False
2391.T,2391,プラネット,Standard,サービス業,,2026-10-02,2626.0,1166.0,4559025.0,3885.0,4314200.0,False,True,True,True,True,False
7918.T,7918,ヴィア・ホールディングス,Standard,小売業,,2026-10-02,2626.0,106.0,4538320.0,42675.0,5183400.0,False,False,True,True,True,False
5609.T,5609,日本鋳造,Standard,鉄鋼,,2026-10-02,2626.0,935.0,4536090.0,4935.0,2805000.0,False,True,True,True,True,False
3477.T,3477,フォーライフ,Growth,不動産業,,2026-10-02,2407.0,883.0,4521560.0,5005.0,441500.0,False,True,True,False,True,False
4439.T,4439,東名,Standard,情報・通信業,,2026-10-02,1828.0,837.0,4504740.0,5510.0,2343600.0,False,True,True,True,True,False
3667.T,3667,ｅｎｉｓｈ,Standard,情報・通信業,,2026-10-02,2626.0,28.0,4484720.0,162955.0,2578800.0,False,False,True,True,True,False
3800.T,3800,ユニリタ,Standard,情報・通信業,,2026-10-02,2626.0,1951.0,4476960.0,2275.0,8194200.0,False,True,True,True,True,False
6022.T,6022,赤阪鐵工所,Standard,機械,,2026-10-02,2626.0,2847.0,4475895.0,1545.0,3701100.0,False,True,True,True,True,False
6870.T,6870,日本フェンオール,Standard,電気機器,,2026-10-02,2626.0,2128.0,4472890.0,2110.0,1064000.0,False,True,True,True,True,False
7879.T,7879,ノダ,Standard,その他製品,,2026-10-02,2626.0,679.0,4468060.0,6635.0,2987600.0,False,True,True,True,True,False
6180.T,6180,ＧＭＯメディア,Growth,サービス業,,2026-10-02,2626.0,3755.0,4467700.0,1180.0,2628500.0,False,True,True,True,True,False
9193.T,9193,東京汽船,Standard,倉庫・運輸関連業,,2026-10-02,2626.0,863.0,4442890.0,5040.0,1984900.0,False,True,True,True,True,False
8181.T,8181,東天紅,Standard,小売業,,2026-10-02,2626.0,1010.0,4440840.0,4480.0,2020000.0,False,True,True,True,True,False
7871.T,7871,フクビ化学工業,Standard,化学,,2026-10-02,2626.0,1000.0,4427020.0,4385.0,3100000.0,False,True,True,True,True,False
4777.T,4777,ガーラ,Standard,情報・通信業,,2026-10-02,2626.0,197.0,4421485.0,22270.0,1989700.0,False,False,True,True,True,False
8107.T,8107,キムラタン,Standard,繊維製品,,2026-10-02,2626.0,31.0,4416315.0,144200.0,2681500.0,False,False,True,True,True,False
2872.T,2872,セイヒョー,Standard,食料品,,2026-10-02,2626.0,1903.0,4413940.0,2290.0,2473900.0,False,True,True,True,True,False
2454.T,2454,オールアバウト,Standard,サービス業,,2026-10-02,2626.0,330.0,4385470.0,12725.0,2145000.0,False,True,True,True,True,False
9701.T,9701,東京會舘,Standard,サービス業,,2026-10-02,2626.0,4500.0,4378475.0,980.0,3150000.0,False,True,True,True,True,False
6158.T,6158,和井田製作所,Standard,機械,,2026-10-02,2626.0,1028.0,4373935.0,4260.0,1747600.0,False,True,True,True,True,False
8700.T,8700,丸八証券,Standard,証券、商品先物取引業,,2026-10-02,2626.0,2084.0,4367855.0,2065.0,6043600.0,False,True,True,True,True,False
4388.T,4388,エーアイ,Growth,情報・通信業,,2026-10-02,2021.0,356.0,4365295.0,11810.0,2171600.0,False,True,True,True,True,False
3896.T,3896,阿波製紙,Standard,パルプ・紙,,2026-10-02,2626.0,417.0,4358400.0,10520.0,2251800.0,False,True,True,True,True,False
6663.T,6663,太洋テクノレックス,Standard,電気機器,,2026-10-02,2626.0,307.0,4357375.0,14125.0,1842000.0,False,True,True,True,True,False
2304.T,2304,ＣＳＳホールディングス,Standard,サービス業,,2026-10-02,2626.0,900.0,4353855.0,4790.0,1170000.0,False,True,True,True,True,False
4098.T,4098,チタン工業,Standard,化学,,2026-10-02,2626.0,998.0,4352470.0,4340.0,5089800.0,False,True,True,True,True,False
9466.T,9466,アイドママーケティングコミュニケーション,Standard,情報・通信業,,2026-10-02,2595.0,239.0,4344975.0,17885.0,549700.0,False,True,True,True,True,False
9363.T,9363,大運,Standard,倉庫・運輸関連業,,2026-10-02,2626.0,524.0,4337690.0,8305.0,2043600.0,False,True,True,True,True,False
1768.T,1768,ソネック,Standard,建設業,,2026-10-02,2626.0,1027.0,4330400.0,4220.0,4313400.0,False,True,True,True,True,False
6286.T,6286,靜甲,Standard,機械,,2026-10-02,2626.0,1512.0,4326435.0,2865.0,9525600.0,False,True,True,True,True,False
3674.T,3674,オークファン,Growth,情報・通信業,,2026-10-02,2626.0,331.0,4315925.0,12770.0,331000.0,False,True,True,True,True,False
2917.T,2917,大森屋,Standard,食料品,,2026-10-02,2626.0,889.0,4304460.0,4710.0,2400300.0,False,True,True,True,True,False
9872.T,9872,北恵,Standard,卸売業,,2026-10-02,2626.0,948.0,4299705.0,4500.0,15736800.0,False,True,True,True,True,False
4750.T,4750,ダイサン,Standard,サービス業,,2026-10-02,2626.0,558.0,4296190.0,7695.0,2957400.0,False,True,True,True,True,False
6402.T,6402,兼松エンジニアリング,Standard,機械,,2026-10-02,2626.0,1582.0,4284910.0,2665.0,4904200.0,False,True,True,True,True,False
2907.T,2907,あじかん,Standard,食料品,,2026-10-02,2626.0,1504.0,4276245.0,2770.0,3158400.0,False,True,True,True,True,False
7809.T,7809,壽屋,Standard,その他製品,,2026-10-02,2218.0,1324.0,4267065.0,3225.0,7149600.0,False,True,True,True,True,False
5858.T,5858,ＳＴＧ,Growth,非鉄金属,,2026-10-02,1774.0,1192.0,4265000.0,3615.0,5840800.0,False,True,True,True,True,False
7953.T,7953,菊水化学工業,Standard,その他製品,,2026-10-02,2626.0,402.0,4255180.0,10540.0,2814000.0,False,True,True,True,True,False
9760.T,9760,進学会ホールディングス,Standard,サービス業,,2026-10-02,2626.0,117.0,4245520.0,36130.0,8973900.0,False,False,True,True,True,False
3161.T,3161,アゼアス,Standard,卸売業,,2026-10-02,2626.0,670.0,4242605.0,6350.0,469000.0,False,True,True,True,True,False
3372.T,3372,関門海,Standard,小売業,,2026-10-02,2626.0,215.0,4232680.0,19325.0,3762500.0,False,True,True,True,True,False
149A.T,149A,シンカ,Growth,情報・通信業,,2026-10-02,615.0,806.0,4224675.0,5255.0,4674800.0,False,True,True,True,True,False
6074.T,6074,ジェイエスエス,Standard,サービス業,,2026-10-02,2626.0,502.0,4215175.0,8330.0,1355400.0,False,True,True,True,True,False
6757.T,6757,ＯＳＧコーポレーション,Standard,電気機器,,2026-10-02,2626.0,915.0,4214985.0,4690.0,8143500.0,False,True,True,True,True,False
5603.T,5603,虹技,Standard,鉄鋼,,2026-10-02,2626.0,1305.0,4207040.0,3225.0,652500.0,False,True,True,True,True,False
7887.T,7887,南海プライウッド,Standard,その他製品,,2026-10-02,2626.0,1530.0,4185365.0,2690.0,10404000.0,False,True,True,True,True,False
6049.T,6049,イトクロ,Growth,サービス業,,2026-10-02,2626.0,252.0,4174355.0,16645.0,1663200.0,False,True,True,True,True,False
4624.T,4624,イサム塗料,Standard,化学,,2026-10-02,2626.0,3905.0,4163250.0,1035.0,390500.0,False,True,True,True,True,False
3202.T,3202,ダイトウボウ,Standard,繊維製品,,2026-10-02,2626.0,129.0,4154485.0,31980.0,2786400.0,False,False,True,True,True,False
173A.T,173A,ハンモック,Growth,情報・通信業,,2026-10-02,604.0,1599.0,4149590.0,2630.0,1758900.0,False,True,True,True,True,False
4386.T,4386,ＳＩＧグループ,Standard,情報・通信業,,2026-10-02,2025.0,900.0,4146740.0,4645.0,3780000.0,False,True,True,True,True,False
4484.T,4484,ランサーズ,Growth,情報・通信業,,2026-10-02,1658.0,286.0,4120905.0,13915.0,1544400.0,False,True,True,True,True,False
3246.T,3246,コーセーアールイー,Standard,不動産業,,2026-10-02,2626.0,691.0,4110875.0,5960.0,6288100.0,False,True,True,True,True,False
9876.T,9876,コックス,Standard,小売業,,2026-10-02,2626.0,224.0,4108465.0,18720.0,3046400.0,False,True,True,True,True,False
6150.T,6150,タケダ機械,Standard,機械,,2026-10-02,2626.0,2771.0,4103350.0,1470.0,6927500.0,False,True,True,True,True,False
4925.T,4925,ハーバー研究所,Standard,化学,,2026-10-02,2626.0,1700.0,4099485.0,2390.0,1360000.0,False,True,True,True,True,False
9904.T,9904,ベリテ,Standard,小売業,,2026-10-02,2626.0,231.0,4086310.0,16895.0,2702700.0,False,True,True,True,True,False
6647.T,6647,森尾電機,Standard,電気機器,,2026-10-02,2626.0,3705.0,4086175.0,1115.0,1482000.0,False,True,True,True,True,False
8006.T,8006,ユアサ・フナショク,Standard,卸売業,,2026-10-02,2626.0,1485.0,4064365.0,2705.0,6979500.0,False,True,True,True,True,False
4539.T,4539,日本ケミファ,Standard,医薬品,,2026-10-02,2626.0,1564.0,4038495.0,2575.0,4379200.0,False,True,True,True,True,False
2480.T,2480,システム・ロケーション,Standard,情報・通信業,,2026-10-02,2626.0,1736.0,4032735.0,2225.0,2083200.0,False,True,True,True,True,False
3494.T,3494,マリオン,Standard,不動産業,,2026-10-02,1966.0,415.0,4027535.0,9140.0,1701500.0,False,True,True,True,True,False
2924.T,2924,イフジ産業,Standard,食料品,,2026-10-02,2626.0,1853.0,4026370.0,2105.0,6485500.0,False,True,True,True,True,False
7916.T,7916,光村印刷,Standard,その他製品,,2026-10-02,2626.0,1900.0,4010840.0,2115.0,380000.0,False,True,True,True,True,False
7416.T,7416,はるやまホールディングス,Standard,小売業,,2026-10-02,2626.0,675.0,3999545.0,5835.0,1282500.0,False,True,True,True,True,False
130A.T,130A,Ｖｅｒｉｔａｓ　Ｉｎ　Ｓｉｌｉｃｏ,Growth,医薬品,,2026-10-02,646.0,434.0,3990530.0,9225.0,3298400.0,False,True,True,True,True,False
4248.T,4248,竹本容器,Standard,化学,,2026-10-02,2626.0,881.0,3985355.0,4525.0,5374100.0,False,True,True,True,True,False
334A.T,334A,ビジュアル・プロセッシング・ジャパン,Growth,情報・通信業,,2026-10-02,373.0,1210.0,3979460.0,3500.0,1331000.0,False,True,True,True,True,False
7078.T,7078,ＩＮＣＬＵＳＩＶＥ　Ｈｏｌｄｉｎｇｓ,Growth,サービス業,,2026-10-02,1654.0,340.0,3976075.0,11600.0,2788000.0,False,True,True,True,True,False
3641.T,3641,パピレス,Standard,情報・通信業,,2026-10-02,2626.0,999.0,3972620.0,3995.0,1898100.0,False,True,True,True,True,False
7636.T,7636,ハンズマン,Standard,小売業,,2026-10-02,2626.0,790.0,3972415.0,4995.0,4266000.0,False,True,True,True,True,False
3361.T,3361,トーエル,Standard,小売業,,2026-10-02,2626.0,905.0,3968530.0,4410.0,6425500.0,False,True,True,True,True,False
5189.T,5189,櫻護謨,Standard,ゴム製品,,2026-10-02,2626.0,3410.0,3964150.0,1135.0,1023000.0,False,True,True,True,True,False
9419.T,9419,ワイヤレスゲート,Standard,情報・通信業,,2026-10-02,2626.0,293.0,3936000.0,13275.0,3809000.0,False,True,True,True,True,False
1383.T,1383,ベルグアース,Standard,水産・農林業,,2026-10-02,2626.0,3060.0,3925475.0,1300.0,1224000.0,False,True,True,True,True,False
2185.T,2185,シイエム・シイ,Standard,サービス業,,2026-10-02,2626.0,1960.0,3884765.0,1950.0,980000.0,False,True,True,True,True,False
3169.T,3169,ミサワ,Standard,小売業,,2026-10-02,2626.0,693.0,3871835.0,5660.0,1039500.0,False,True,True,True,True,False
9439.T,9439,エム・エイチ・グループ,Standard,サービス業,,2026-10-02,2626.0,219.0,3861630.0,17640.0,1489200.0,False,True,True,True,True,False
4486.T,4486,ユナイトアンドグロウ,Growth,情報・通信業,,2026-10-02,1655.0,675.0,3858065.0,5680.0,4590000.0,False,True,True,True,True,False
9625.T,9625,セレスポ,Standard,サービス業,,2026-10-02,2626.0,917.0,3857110.0,4145.0,20449100.0,False,True,True,True,True,False
7524.T,7524,マルシェ,Standard,小売業,,2026-10-02,2626.0,177.0,3849675.0,21930.0,4283400.0,False,False,True,True,True,False
4728.T,4728,トーセ,Standard,情報・通信業,,2026-10-02,2626.0,647.0,3847200.0,5935.0,1811600.0,False,True,True,True,True,False
373A.T,373A,リップス,Growth,化学,,2026-10-02,307.0,1538.0,3845740.0,2585.0,8459000.0,False,True,True,True,True,False
3490.T,3490,アズ企画設計,Standard,不動産業,,2026-10-02,2086.0,3170.0,3842050.0,1255.0,6974000.0,False,True,True,True,True,False
9367.T,9367,大東港運,Standard,倉庫・運輸関連業,,2026-10-02,2626.0,2015.0,3828885.0,1890.0,806000.0,False,True,True,True,True,False
4421.T,4421,ディ・アイ・システム,Standard,情報・通信業,,2026-10-02,1939.0,897.0,3820160.0,4075.0,1614600.0,False,True,True,True,True,False
9878.T,9878,セキド,Standard,小売業,,2026-10-02,2626.0,381.0,3811135.0,9525.0,2705100.0,False,True,True,True,True,False
7500.T,7500,西川計測,Standard,卸売業,,2026-10-02,2626.0,10910.0,3795600.0,365.0,0.0,False,True,True,True,True,False
7058.T,7058,共栄セキュリティーサービス,Standard,サービス業,,2026-10-02,1839.0,3050.0,3793355.0,1245.0,1525000.0,False,True,True,True,True,False
6195.T,6195,ホープ,Growth,サービス業,,2026-10-02,2537.0,202.0,3787415.0,18745.0,3959200.0,False,True,True,True,True,False
9326.T,9326,関通,Growth,倉庫・運輸関連業,,2026-10-02,1597.0,480.0,3785775.0,7915.0,1248000.0,False,True,True,True,True,False
4623.T,4623,アサヒペン,Standard,化学,,2026-10-02,2626.0,1852.0,3783845.0,2040.0,4815200.0,False,True,True,True,True,False
7514.T,7514,ヒマラヤ,Standard,小売業,,2026-10-02,2626.0,854.0,3761650.0,4410.0,2049600.0,False,True,True,True,True,False
7425.T,7425,初穂商事,Standard,卸売業,,2026-10-02,2626.0,1108.0,3758315.0,3405.0,332400.0,False,True,True,True,True,False
7356.T,7356,Ｒｅｔｔｙ,Growth,サービス業,,2026-10-02,1447.0,114.0,3750570.0,32440.0,5437800.0,False,False,True,True,True,False
2769.T,2769,ヴィレッジヴァンガードコーポレーション,Standard,小売業,,2026-10-02,2626.0,932.0,3732910.0,4020.0,6990000.0,False,True,True,True,True,False
7833.T,7833,アイフィスジャパン,Standard,その他製品,,2026-10-02,2626.0,688.0,3721065.0,5455.0,1995200.0,False,True,True,True,True,False
8617.T,8617,光世証券,Standard,証券、商品先物取引業,,2026-10-02,2626.0,590.0,3708655.0,6080.0,5487000.0,False,True,True,True,True,False
323A.T,323A,フライヤー,Growth,情報・通信業,,2026-10-02,394.0,380.0,3706035.0,9850.0,10108000.0,False,True,True,True,True,False
6059.T,6059,ウチヤマホールディングス,Standard,サービス業,,2026-10-02,2626.0,372.0,3692810.0,10035.0,2380800.0,False,True,True,True,True,False
6307.T,6307,サンセイ,Standard,機械,,2026-10-02,2626.0,462.0,3687570.0,7685.0,1155000.0,False,True,True,True,True,False
1966.T,1966,高田工業所,Standard,建設業,,2026-10-02,2626.0,1740.0,3685670.0,2120.0,522000.0,False,True,True,True,True,False
3157.T,3157,ジオリーブグループ,Standard,卸売業,,2026-10-02,2626.0,1430.0,3682060.0,2550.0,1859000.0,False,True,True,True,True,False
7254.T,7254,ユニバンス,Standard,輸送用機器,,2026-10-02,2626.0,793.0,3645695.0,4485.0,3568500.0,False,True,True,True,True,False
5125.T,5125,ファインズ,Growth,情報・通信業,,2026-10-02,981.0,550.0,3635485.0,7075.0,2145000.0,False,True,True,True,True,False
7021.T,7021,ニッチツ,Standard,機械,,2026-10-02,2626.0,2425.0,3630420.0,1530.0,2425000.0,False,True,True,True,True,False
2903.T,2903,シノブフーズ,Standard,食料品,,2026-10-02,2626.0,1500.0,3626075.0,2280.0,1350000.0,False,True,True,True,True,False
3904.T,3904,カヤック,Growth,情報・通信業,,2026-10-02,2626.0,429.0,3625940.0,8545.0,4461600.0,False,True,True,True,True,False
3571.T,3571,ソトー,Standard,繊維製品,,2026-10-02,2626.0,697.0,3618345.0,5030.0,3345600.0,False,True,True,True,True,False
1981.T,1981,協和日成,Standard,建設業,,2026-10-02,2626.0,1370.0,3616530.0,2695.0,2329000.0,False,True,True,True,True,False
138A.T,138A,光フードサービス,Growth,小売業,,2026-10-02,633.0,3105.0,3615925.0,1160.0,1863000.0,False,True,True,True,True,False
6038.T,6038,イード,Growth,サービス業,,2026-10-02,2626.0,842.0,3614060.0,4360.0,2357600.0,False,True,True,True,True,False
3839.T,3839,ＯＤＫソリューションズ,Standard,情報・通信業,,2026-10-02,2626.0,626.0,3577390.0,5645.0,1064200.0,False,True,True,True,True,False
2341.T,2341,アルバイトタイムス,Standard,サービス業,,2026-10-02,2626.0,180.0,3576795.0,20565.0,7092000.0,False,False,True,True,True,False
6568.T,6568,神戸天然物化学,Growth,サービス業,,2026-10-02,2096.0,1234.0,3572465.0,2890.0,4936000.0,False,True,True,True,True,False
4437.T,4437,ｇｏｏｄｄａｙｓホールディングス,Growth,情報・通信業,,2026-10-02,1834.0,721.0,3566580.0,4865.0,1009400.0,False,True,True,True,True,False
5341.T,5341,ＡＳＡＨＩ　ＥＩＴＯホールディングス,Standard,ガラス・土石製品,,2026-10-02,2626.0,137.0,3565160.0,25490.0,4644300.0,False,False,True,True,True,False
3672.T,3672,オルトプラス,Standard,情報・通信業,,2026-10-02,2626.0,30.0,3557570.0,123325.0,1887000.0,False,False,True,True,True,False
3524.T,3524,日東製網,Standard,繊維製品,,2026-10-02,2626.0,1472.0,3556815.0,2400.0,2208000.0,False,True,True,True,True,False
4199.T,4199,ワンダープラネット,Growth,情報・通信業,,2026-10-02,1299.0,805.0,3547750.0,4395.0,644000.0,False,True,True,True,True,False
9036.T,9036,東部ネットワーク,Standard,陸運業,,2026-10-02,2626.0,1212.0,3538300.0,2910.0,2787600.0,False,True,True,True,True,False
9242.T,9242,メディア総研,Growth,サービス業,,2026-10-02,1242.0,1970.0,3528835.0,1805.0,1182000.0,False,True,True,True,True,False
5945.T,5945,天龍製鋸,Standard,金属製品,,2026-10-02,2626.0,2270.0,3526430.0,1550.0,1362000.0,False,True,True,True,True,False
5697.T,5697,サンユウ,Standard,鉄鋼,,2026-10-02,2626.0,812.0,3523425.0,4320.0,243600.0,False,True,True,True,True,False
6265.T,6265,コンバム,Standard,機械,,2026-10-02,2626.0,3185.0,3500775.0,1120.0,3503500.0,False,True,True,True,True,False
3181.T,3181,買取王国,Standard,小売業,,2026-10-02,2626.0,1067.0,3495825.0,3310.0,2240700.0,False,True,True,True,True,False
7046.T,7046,ＴＤＳＥ,Growth,サービス業,,2026-10-02,1898.0,1320.0,3453395.0,2595.0,132000.0,False,True,True,True,True,False
2813.T,2813,和弘食品,Standard,食料品,,2026-10-02,2626.0,3850.0,3451475.0,885.0,3080000.0,False,True,True,True,True,False
9976.T,9976,セキチュー,Standard,小売業,,2026-10-02,2626.0,1086.0,3444295.0,3085.0,2715000.0,False,True,True,True,True,False
6365.T,6365,電業社機械製作所,Standard,機械,,2026-10-02,2626.0,5600.0,3430350.0,610.0,3360000.0,False,True,True,True,True,False
6428.T,6428,オーイズミ,Standard,機械,,2026-10-02,2626.0,326.0,3412860.0,10440.0,1304000.0,False,True,True,True,True,False
7983.T,7983,ミロク,Standard,その他製品,,2026-10-02,2626.0,1155.0,3406835.0,2855.0,808500.0,False,True,True,False,True,False
9173.T,9173,東海汽船,Standard,海運業,,2026-10-02,2626.0,2824.0,3405995.0,1210.0,9884000.0,False,True,True,True,True,False
7079.T,7079,ＷＤＢココ,Growth,サービス業,,2026-10-02,1650.0,2622.0,3402505.0,1320.0,0.0,False,True,True,True,True,False
189A.T,189A,Ｄ＆Ｍカンパニー,Growth,サービス業,,2026-10-02,564.0,1099.0,3400920.0,3165.0,2307900.0,False,True,True,True,True,False
3396.T,3396,フェリシモ,Standard,小売業,,2026-10-02,2626.0,860.0,3398710.0,3950.0,13932000.0,False,True,True,True,True,False
386A.T,386A,みのや,Standard,小売業,,2026-10-02,293.0,1257.0,3381095.0,2700.0,1257000.0,False,True,True,True,True,False
1897.T,1897,金下建設,Standard,建設業,,2026-10-02,2626.0,3635.0,3364875.0,940.0,363500.0,False,True,True,True,True,False
3934.T,3934,ベネフィットジャパン,Standard,情報・通信業,,2026-10-02,2591.0,2320.0,3343060.0,1450.0,3016000.0,False,True,True,True,True,False
2293.T,2293,滝沢ハム,Standard,食料品,,2026-10-02,2626.0,2655.0,3318880.0,1240.0,1858500.0,False,True,True,True,True,False
9063.T,9063,岡山県貨物運送,Standard,陸運業,,2026-10-02,2626.0,4115.0,3316350.0,800.0,4115000.0,False,True,True,True,True,False
244A.T,244A,グロースエクスパートナーズ,Growth,情報・通信業,,2026-10-02,491.0,1263.0,3311215.0,2755.0,9851400.0,False,True,True,True,True,False
7521.T,7521,ムサシ,Standard,卸売業,,2026-10-02,2626.0,2721.0,3306235.0,1205.0,0.0,False,True,True,True,True,False
5906.T,5906,エムケー精工,Standard,金属製品,,2026-10-02,2626.0,775.0,3305550.0,4250.0,2635000.0,False,True,True,True,True,False
2806.T,2806,ユタカフーズ,Standard,食料品,,2026-10-02,2626.0,1990.0,3300090.0,1705.0,796000.0,False,True,True,True,True,False
3224.T,3224,ゼネラル・オイスター,Growth,小売業,,2026-10-02,2626.0,665.0,3282355.0,4815.0,1130500.0,False,True,True,True,True,False
5194.T,5194,相模ゴム工業,Standard,ゴム製品,,2026-10-02,2626.0,640.0,3278675.0,5130.0,1088000.0,False,True,True,True,True,False
3166.T,3166,ＯＣＨＩホールディングス,Standard,卸売業,,2026-10-02,2626.0,1431.0,3270840.0,2250.0,4436100.0,False,True,True,True,True,False
5279.T,5279,日本興業,Standard,ガラス・土石製品,,2026-10-02,2626.0,1211.0,3269620.0,2715.0,2058700.0,False,True,True,True,True,False
3172.T,3172,ティーライフ,Standard,小売業,,2026-10-02,2626.0,1125.0,3269075.0,2910.0,2587500.0,False,True,True,True,True,False
3758.T,3758,アエリア,Standard,情報・通信業,,2026-10-02,2626.0,247.0,3256375.0,13165.0,5928000.0,False,True,True,True,True,False
4918.T,4918,アイビー化粧品,Standard,化学,,2026-10-02,2626.0,299.0,3256065.0,10950.0,1106300.0,False,True,True,True,True,False
7096.T,7096,ステムセル研究所,Growth,サービス業,,2026-10-02,1288.0,742.0,3245220.0,4360.0,15285200.0,False,True,True,True,True,False
7126.T,7126,グローバルスタイル,Standard,小売業,,2026-10-02,1249.0,1458.0,3240405.0,2245.0,291600.0,False,True,True,True,True,False
3080.T,3080,ジェーソン,Standard,小売業,,2026-10-02,2626.0,836.0,3235615.0,3915.0,919600.0,False,True,True,True,True,False
9059.T,9059,カンダホールディングス,Standard,陸運業,,2026-10-02,2626.0,913.0,3232970.0,3505.0,6391000.0,False,True,True,True,True,False
241A.T,241A,ＲＯＸＸ,Growth,情報・通信業,,2026-10-02,492.0,428.0,3232115.0,7670.0,1840400.0,False,True,True,True,True,False
8945.T,8945,サンネクスタグループ,Standard,不動産業,,2026-10-02,2626.0,1091.0,3229415.0,2965.0,5782300.0,False,True,True,True,True,False
5952.T,5952,アマテイ,Standard,金属製品,,2026-10-02,2626.0,187.0,3214585.0,16935.0,3309900.0,False,False,True,True,True,False
6484.T,6484,ＫＶＫ,Standard,機械,,2026-10-02,2626.0,2215.0,3208550.0,1430.0,2215000.0,False,True,True,True,True,False
2499.T,2499,日本和装ホールディングス,Standard,サービス業,,2026-10-02,2626.0,310.0,3204340.0,10450.0,3472000.0,False,True,True,True,True,False
9206.T,9206,スターフライヤー,Standard,空運業,,2026-10-02,2626.0,1920.0,3202325.0,1635.0,1728000.0,False,True,True,True,True,False
7219.T,7219,エッチ・ケー・エス,Standard,輸送用機器,,2026-10-02,2626.0,2461.0,3196200.0,1300.0,2707100.0,False,True,True,True,True,False
2464.T,2464,Ａｏｂａ‐ＢＢＴ,Standard,サービス業,,2026-10-02,2626.0,372.0,3195115.0,8580.0,3496800.0,False,True,True,True,True,False
7997.T,7997,くろがね工作所,Standard,その他製品,,2026-10-02,2626.0,1131.0,3193980.0,2875.0,2035800.0,False,True,True,True,True,False
5533.T,5533,エリッツホールディングス,Standard,不動産業,,2026-10-02,798.0,2091.0,3189850.0,1465.0,418200.0,False,True,True,True,True,False
4242.T,4242,タカギセイコー,Standard,化学,,2026-10-02,2626.0,1735.0,3184020.0,1810.0,2602500.0,False,True,True,True,True,False
6552.T,6552,ＧａｍｅＷｉｔｈ,Standard,サービス業,,2026-10-02,2279.0,168.0,3178700.0,18600.0,10533600.0,False,False,True,True,True,False
7129.T,7129,ミアヘルサホールディングス,Standard,小売業,,2026-10-02,1223.0,1129.0,3167515.0,2720.0,1467700.0,False,True,True,True,True,False
6267.T,6267,ゼネラルパッカー,Standard,機械,,2026-10-02,2626.0,4195.0,3163425.0,775.0,2097500.0,False,True,True,True,True,False
9767.T,9767,日建工学,Standard,サービス業,,2026-10-02,2626.0,1774.0,3160100.0,1865.0,3370600.0,False,True,True,True,True,False
7975.T,7975,リヒトラブ,Standard,その他製品,,2026-10-02,2626.0,1161.0,3156570.0,2695.0,7546500.0,False,True,True,True,True,False
3646.T,3646,駅探,Growth,情報・通信業,,2026-10-02,2626.0,342.0,3140500.0,8930.0,923400.0,False,True,True,True,True,False
3779.T,3779,ジェイ・エスコムホールディングス,Standard,情報・通信業,,2026-10-02,2626.0,120.0,3139175.0,25210.0,4476000.0,False,False,True,True,True,False
2894.T,2894,石井食品,Standard,食料品,,2026-10-02,2626.0,365.0,3133610.0,8550.0,2007500.0,False,True,True,True,True,False
6964.T,6964,サンコー,Standard,電気機器,,2026-10-02,2626.0,694.0,3125630.0,4520.0,1665600.0,False,True,True,True,True,False
9057.T,9057,遠州トラック,Standard,陸運業,,2026-10-02,2626.0,3250.0,3125150.0,960.0,5200000.0,False,True,True,True,True,False
3981.T,3981,ビーグリー,Standard,情報・通信業,,2026-10-02,2350.0,1236.0,3119660.0,2550.0,865200.0,False,True,True,True,True,False
6218.T,6218,エンシュウ,Standard,機械,,2026-10-02,2626.0,680.0,3113610.0,4740.0,8092000.0,False,True,True,True,True,False
7372.T,7372,デコルテ・ホールディングス,Growth,サービス業,,2026-10-02,1291.0,438.0,3109845.0,7645.0,1971000.0,False,True,True,True,True,False
7093.T,7093,アディッシュ,Growth,サービス業,,2026-10-02,1593.0,615.0,3084230.0,5130.0,10270500.0,False,True,True,True,True,False
6347.T,6347,プラコー,Standard,機械,,2026-10-02,2626.0,244.0,3080545.0,12470.0,7759200.0,False,True,True,True,True,False
6867.T,6867,リーダー電子,Standard,電気機器,,2026-10-02,2626.0,409.0,3076545.0,7510.0,695300.0,False,True,True,True,True,False
3955.T,3955,イムラ,Standard,パルプ・紙,,2026-10-02,2626.0,867.0,3074115.0,3575.0,1907400.0,False,True,True,True,True,False
3386.T,3386,コスモ・バイオ,Standard,卸売業,,2026-10-02,2626.0,1254.0,3064200.0,2440.0,3887400.0,False,True,True,True,True,False
6926.T,6926,岡谷電機産業,Standard,電気機器,,2026-10-02,2626.0,198.0,3059065.0,15845.0,2514600.0,False,False,True,True,True,False
9171.T,9171,栗林商船,Standard,海運業,,2026-10-02,2626.0,1477.0,3058135.0,2045.0,590800.0,False,True,True,True,True,False
9539.T,9539,京葉瓦斯,Standard,電気・ガス業,,2026-10-02,2626.0,1328.0,3048150.0,2250.0,398400.0,False,True,True,True,True,False
2139.T,2139,中広,Standard,サービス業,,2026-10-02,2626.0,509.0,3046185.0,5815.0,458100.0,False,True,True,True,True,False
6233.T,6233,ＫＬＡＳＳ,Standard,機械,,2026-10-02,1956.0,395.0,3031835.0,7530.0,79000.0,False,True,True,True,True,False
7218.T,7218,田中精密工業,Standard,輸送用機器,,2026-10-02,2626.0,1160.0,3028050.0,2655.0,696000.0,False,True,True,True,True,False
7041.T,7041,ＣＲＧホールディングス,Growth,サービス業,,2026-10-02,1947.0,324.0,3018135.0,8860.0,3693600.0,False,True,True,True,True,False
3598.T,3598,山喜,Standard,繊維製品,,2026-10-02,2626.0,157.0,3013730.0,18365.0,1570000.0,False,False,True,True,True,False
5867.T,5867,エスネットワークス,Growth,サービス業,,2026-10-02,678.0,1372.0,3013425.0,2255.0,686000.0,False,True,True,True,True,False
3970.T,3970,イノベーション,Growth,情報・通信業,,2026-10-02,2408.0,811.0,3010670.0,3600.0,4947100.0,False,True,True,True,True,False
7073.T,7073,ジェイック,Growth,サービス業,,2026-10-02,1691.0,2390.0,3008215.0,1280.0,1195000.0,False,True,True,True,True,False
4391.T,4391,ロジザード,Growth,情報・通信業,,2026-10-02,2016.0,1124.0,3007265.0,2625.0,1798400.0,False,True,True,True,True,False
4351.T,4351,山田再生系債権回収総合事務所,Standard,その他金融業,,2026-10-02,2626.0,852.0,3003950.0,3530.0,511200.0,False,True,True,True,True,False
6155.T,6155,高松機械工業,Standard,機械,,2026-10-02,2626.0,542.0,2996570.0,5555.0,2059600.0,False,True,True,True,True,False
4766.T,4766,ピーエイ,Standard,サービス業,,2026-10-02,2626.0,219.0,2953560.0,14055.0,2890800.0,False,True,True,True,True,False
6292.T,6292,カワタ,Standard,機械,,2026-10-02,2626.0,836.0,2949160.0,3480.0,1003200.0,False,True,True,True,True,False
168A.T,168A,イタミアート,Growth,その他製品,,2026-10-02,607.0,1061.0,2947205.0,2770.0,1697600.0,False,True,True,True,True,False
8996.T,8996,ハウスフリーダム,Standard,不動産業,,2026-10-02,922.0,1104.0,2907910.0,2710.0,993600.0,False,True,True,True,True,False
9791.T,9791,ビケンテクノ,Standard,サービス業,,2026-10-02,2626.0,1162.0,2885260.0,2440.0,3950800.0,False,True,True,True,True,False
3326.T,3326,ランシステム,Standard,サービス業,,2026-10-02,2626.0,654.0,2881335.0,4330.0,130800.0,False,True,True,True,True,False
3815.T,3815,メディア工房,Growth,情報・通信業,,2026-10-02,2626.0,432.0,2876325.0,6675.0,3801600.0,False,True,True,True,True,False
7345.T,7345,アイ・パートナーズフィナンシャル,Growth,その他金融業,,2026-10-02,1289.0,940.0,2872525.0,3055.0,2914000.0,False,True,True,True,True,False
4642.T,4642,オリジナル設計,Standard,サービス業,,2026-10-02,2626.0,1396.0,2863690.0,2035.0,6561200.0,False,True,True,True,True,False
7523.T,7523,アールビバン,Standard,小売業,,2026-10-02,2626.0,1876.0,2862460.0,1525.0,750400.0,False,True,True,True,True,False
1446.T,1446,キャンディル,Standard,建設業,,2026-10-02,2016.0,537.0,2858180.0,5325.0,1557300.0,False,True,True,True,True,False
3469.T,3469,デュアルタップ,Standard,不動産業,,2026-10-02,2512.0,897.0,2856640.0,3230.0,1794000.0,False,True,True,True,True,False
5984.T,5984,兼房,Standard,金属製品,,2026-10-02,2626.0,780.0,2855535.0,3670.0,2340000.0,False,True,True,True,True,False
9253.T,9253,スローガン,Growth,サービス業,,2026-10-02,1186.0,751.0,2847930.0,3670.0,7510000.0,False,True,True,True,True,False
3892.T,3892,岡山製紙,Standard,パルプ・紙,,2026-10-02,2626.0,1584.0,2829005.0,1780.0,2534400.0,False,True,True,True,True,False
2055.T,2055,日和産業,Standard,食料品,,2026-10-02,2626.0,346.0,2826055.0,8140.0,3563800.0,False,True,True,True,True,False
9213.T,9213,セイファート,Standard,サービス業,,2026-10-02,1138.0,1050.0,2825405.0,2740.0,2205000.0,False,True,True,True,True,False
340A.T,340A,ジグザグ,Growth,情報・通信業,,2026-10-02,369.0,338.0,2818625.0,8730.0,3211000.0,False,True,True,True,True,False
4496.T,4496,コマースＯｎｅホールディングス,Growth,情報・通信業,,2026-10-02,1530.0,738.0,2811555.0,3650.0,590400.0,False,True,True,True,True,False
7673.T,7673,ダイコー通産,Standard,卸売業,,2026-10-02,1843.0,1720.0,2799015.0,1655.0,4128000.0,False,True,True,True,True,False
304A.T,304A,フォルシア,Growth,情報・通信業,,2026-10-02,428.0,2175.0,2795315.0,1350.0,3915000.0,False,True,True,True,True,False
4524.T,4524,森下仁丹,Standard,医薬品,,2026-10-02,2626.0,2230.0,2784815.0,1240.0,3122000.0,False,True,True,True,True,False
228A.T,228A,オプロ,Growth,情報・通信業,,2026-10-02,515.0,1744.0,2769300.0,1610.0,5406400.0,False,True,True,True,True,False
3241.T,3241,ウィル,Standard,不動産業,,2026-10-02,2626.0,595.0,2763195.0,4635.0,1011500.0,False,True,True,True,True,False
4172.T,4172,東和ハイシステム,Standard,情報・通信業,,2026-10-02,1409.0,2274.0,2762645.0,1190.0,2501400.0,False,True,True,True,True,False
9978.T,9978,文教堂グループホールディングス,Standard,小売業,,2026-10-02,2626.0,44.0,2758865.0,62385.0,16385600.0,False,False,True,True,True,False
7544.T,7544,スリーエフ,Standard,小売業,,2026-10-02,2626.0,550.0,2758495.0,4970.0,7535000.0,False,True,True,True,True,False
4068.T,4068,ベイシス,Growth,情報・通信業,,2026-10-02,1288.0,1843.0,2755835.0,1545.0,2948800.0,False,True,True,True,True,False
3550.T,3550,スタジオアタオ,Growth,小売業,,2026-10-02,2425.0,223.0,2747940.0,12650.0,4415400.0,False,True,True,True,True,False
5028.T,5028,セカンドサイトアナリティカ,Growth,情報・通信業,,2026-10-02,1099.0,350.0,2746505.0,7710.0,3920000.0,False,True,True,True,True,False
1795.T,1795,マサル,Standard,建設業,,2026-10-02,2626.0,5400.0,2745450.0,490.0,1080000.0,False,True,True,True,True,False
9647.T,9647,協和コンサルタンツ,Standard,サービス業,,2026-10-02,2626.0,6850.0,2744100.0,410.0,685000.0,False,True,True,True,True,False
7850.T,7850,総合商研,Standard,その他製品,,2026-10-02,2626.0,791.0,2734765.0,3410.0,3005800.0,False,True,True,True,True,False
8166.T,8166,タカキュー,Standard,小売業,,2026-10-02,2626.0,78.0,2731425.0,34930.0,3697200.0,False,False,True,True,True,False
2904.T,2904,一正蒲鉾,Standard,食料品,,2026-10-02,2626.0,756.0,2721325.0,3605.0,3250800.0,False,True,True,True,True,False
7687.T,7687,ミクリード,Growth,卸売業,,2026-10-02,1600.0,455.0,2704500.0,6005.0,2775500.0,False,True,True,True,True,False
9049.T,9049,京福電気鉄道,Standard,陸運業,,2026-10-02,2626.0,6410.0,2692650.0,410.0,12820000.0,False,True,True,True,True,False
5956.T,5956,トーソー,Standard,金属製品,,2026-10-02,2626.0,582.0,2689990.0,4655.0,2444400.0,False,True,True,True,True,False
3266.T,3266,ファンドクリエーショングループ,Standard,不動産業,,2026-10-02,2626.0,79.0,2688450.0,33665.0,3539200.0,False,False,True,True,True,False
3204.T,3204,トーア紡コーポレーション,Standard,繊維製品,,2026-10-02,2626.0,505.0,2679950.0,5325.0,2575500.0,False,True,True,True,True,False
4615.T,4615,神東塗料,Standard,化学,,2026-10-02,2626.0,132.0,2677470.0,20410.0,1280400.0,False,False,True,True,True,False
2978.T,2978,ツクルバ,Growth,不動産業,,2026-10-02,1750.0,313.0,2673775.0,8195.0,3317800.0,False,True,True,True,True,False
3557.T,3557,ユナイテッド＆コレクティブ,Growth,小売業,,2026-10-02,2366.0,500.0,2668900.0,5260.0,2400000.0,False,True,True,True,True,False
5355.T,5355,日本坩堝,Standard,ガラス・土石製品,,2026-10-02,2626.0,665.0,2666640.0,4015.0,731500.0,False,True,True,True,True,False
5997.T,5997,協立エアテック,Standard,金属製品,,2026-10-02,2626.0,900.0,2649005.0,2950.0,990000.0,False,True,True,True,True,False
8045.T,8045,横浜丸魚,Standard,卸売業,,2026-10-02,2626.0,2014.0,2643500.0,1280.0,604200.0,False,True,True,True,True,False
9537.T,9537,北陸瓦斯,Standard,電気・ガス業,,2026-10-02,2626.0,4260.0,2640825.0,615.0,3408000.0,False,True,True,True,True,False
4243.T,4243,ニックス,Standard,化学,,2026-10-02,2626.0,1046.0,2637065.0,2530.0,941400.0,False,True,True,True,True,False
6325.T,6325,タカキタ,Standard,機械,,2026-10-02,2626.0,416.0,2635830.0,6315.0,2537600.0,False,True,True,True,True,False
3024.T,3024,クリエイト,Standard,卸売業,,2026-10-02,2626.0,1195.0,2625775.0,2175.0,2270500.0,False,True,True,True,True,False
3943.T,3943,大石産業,Standard,パルプ・紙,,2026-10-02,1125.0,1312.0,2625540.0,1985.0,787200.0,False,True,True,True,True,False
3138.T,3138,富士山マガジンサービス,Growth,小売業,,2026-10-02,2626.0,1198.0,2621130.0,2275.0,2276200.0,False,True,True,True,True,False
9885.T,9885,シャルレ,Standard,卸売業,,2026-10-02,2626.0,331.0,2619265.0,7880.0,1952900.0,False,True,True,True,True,False
7625.T,7625,グローバルダイニング,Standard,小売業,,2026-10-02,2626.0,457.0,2614445.0,5625.0,502700.0,False,True,True,True,True,False
6578.T,6578,コレックホールディングス,Standard,サービス業,,2026-10-02,2065.0,480.0,2610200.0,5495.0,624000.0,False,True,True,True,True,False
2408.T,2408,ＫＧ情報,Standard,サービス業,,2026-10-02,2626.0,834.0,2608745.0,3140.0,6588600.0,False,True,True,True,True,False
7486.T,7486,サンリン,Standard,卸売業,,2026-10-02,2626.0,826.0,2606725.0,3215.0,1817200.0,False,True,True,True,True,False
3804.T,3804,システム　ディ,Standard,情報・通信業,,2026-10-02,2626.0,450.0,2599050.0,5750.0,450000.0,False,True,True,True,True,False
7793.T,7793,イメージ・マジック,Growth,その他製品,,2026-10-02,1121.0,1595.0,2594645.0,1670.0,1595000.0,False,True,True,True,True,False
6543.T,6543,日宣,Standard,サービス業,,2026-10-02,2371.0,1198.0,2580825.0,2155.0,1916800.0,False,True,True,True,True,False
3634.T,3634,ソケッツ,Standard,情報・通信業,,2026-10-02,2626.0,698.0,2574630.0,3945.0,31061000.0,False,True,True,True,True,False
9339.T,9339,コーチ・エィ,Standard,サービス業,,2026-10-02,923.0,1475.0,2574280.0,1775.0,2065000.0,False,True,True,True,True,False
4372.T,4372,ユミルリンク,Growth,情報・通信業,,2026-10-02,1229.0,1331.0,2562320.0,1935.0,133100.0,False,True,True,True,True,False
7992.T,7992,セーラー万年筆,Standard,その他製品,,2026-10-02,2626.0,102.0,2553970.0,24680.0,2774400.0,False,False,True,True,True,False
1382.T,1382,ホーブ,Standard,水産・農林業,,2026-10-02,2626.0,769.0,2547175.0,3075.0,2922200.0,False,True,True,True,True,False
3297.T,3297,東武住販,Standard,不動産業,,2026-10-02,2626.0,1187.0,2536855.0,2130.0,2374000.0,False,True,True,True,True,False
9972.T,9972,アルテック,Standard,卸売業,,2026-10-02,2626.0,286.0,2534865.0,9045.0,1258400.0,False,True,True,True,True,False
6190.T,6190,フェニックスバイオ,Growth,サービス業,,2026-10-02,2595.0,314.0,2523890.0,8030.0,942000.0,False,True,True,True,True,False
5250.T,5250,プライム・ストラテジー,Standard,情報・通信業,,2026-10-02,881.0,1068.0,2523030.0,2265.0,854400.0,False,True,True,True,True,False
9330.T,9330,揚羽,Growth,サービス業,,2026-10-02,739.0,880.0,2522140.0,2810.0,1320000.0,False,True,True,True,True,False
5162.T,5162,朝日ラバー,Standard,ゴム製品,,2026-10-02,2626.0,798.0,2500025.0,3135.0,4947600.0,False,True,True,True,True,False
8938.T,8938,グローム・ホールディングス,Growth,不動産業,,2026-10-02,2626.0,328.0,2491485.0,7625.0,17482400.0,False,True,True,True,True,False
3286.T,3286,トラストホールディングス,Standard,不動産業,,2026-10-02,2626.0,873.0,2489490.0,2820.0,1833300.0,False,True,True,True,True,False
7472.T,7472,鳥羽洋行,Standard,卸売業,,2026-10-02,2626.0,3795.0,2489300.0,640.0,6072000.0,False,True,True,True,True,False
3248.T,3248,アールエイジ,Standard,不動産業,,2026-10-02,2626.0,880.0,2474365.0,2775.0,1320000.0,False,True,True,True,True,False
3682.T,3682,エンカレッジ・テクノロジ,Standard,情報・通信業,,2026-10-02,2626.0,610.0,2450245.0,4180.0,3355000.0,False,True,True,True,True,False
9311.T,9311,アサガミ,Standard,倉庫・運輸関連業,,2026-10-02,2626.0,7450.0,2448450.0,315.0,1490000.0,False,True,True,True,True,False
7217.T,7217,テイン,Standard,輸送用機器,,2026-10-02,2626.0,455.0,2447920.0,5475.0,2184000.0,False,True,True,True,True,False
2435.T,2435,シダー,Standard,サービス業,,2026-10-02,2626.0,205.0,2443695.0,11835.0,840500.0,False,True,True,True,True,False
3261.T,3261,グランディーズ,Growth,不動産業,,2026-10-02,2626.0,448.0,2437380.0,5685.0,1971200.0,False,True,True,True,True,False
9446.T,9446,サカイホールディングス,Standard,情報・通信業,,2026-10-02,2626.0,679.0,2436525.0,3540.0,1086400.0,False,True,True,True,True,False
3293.T,3293,アズマハウス,Standard,不動産業,,2026-10-02,2626.0,751.0,2434400.0,3190.0,4956600.0,False,True,True,True,True,False
3986.T,3986,ビーブレイクシステムズ,Growth,情報・通信業,,2026-10-02,2290.0,488.0,2430180.0,5065.0,2098400.0,False,True,True,True,True,False
9930.T,9930,北沢産業,Standard,卸売業,,2026-10-02,2626.0,390.0,2420590.0,6065.0,897000.0,False,True,True,True,True,False
9051.T,9051,センコン物流,Standard,陸運業,,2026-10-02,2626.0,1195.0,2406685.0,1895.0,2987500.0,False,True,True,True,True,False
2136.T,2136,ヒップ,Standard,サービス業,,2026-10-02,2626.0,1422.0,2393800.0,1690.0,1137600.0,False,True,True,True,True,False
7314.T,7314,小田原機器,Standard,輸送用機器,,2026-10-02,2626.0,1350.0,2391430.0,1810.0,2835000.0,False,True,True,True,True,False
7813.T,7813,プラッツ,Standard,その他製品,,2026-10-02,2626.0,891.0,2389705.0,2650.0,356400.0,False,True,True,True,True,False
6772.T,6772,東京コスモス電機,Standard,電気機器,,2026-10-02,2626.0,1000.0,2384265.0,2320.0,1600000.0,False,True,True,True,True,False
3521.T,3521,テルマー湯ホールディングス,Standard,サービス業,,2026-10-02,2626.0,157.0,2373760.0,15130.0,2417800.0,False,False,True,True,True,False
4335.T,4335,ＩＰＳホールディングス,Standard,情報・通信業,,2026-10-02,2626.0,1070.0,2369880.0,2185.0,3424000.0,False,True,True,True,True,False
7042.T,7042,アクセスグループ・ホールディングス,Standard,サービス業,,2026-10-02,1927.0,678.0,2365650.0,3440.0,1830600.0,False,True,True,True,True,False
1724.T,1724,シンクレイヤ,Standard,建設業,,2026-10-02,2626.0,731.0,2364735.0,3285.0,804100.0,False,True,True,True,True,False
6662.T,6662,ユビテック,Standard,電気機器,,2026-10-02,2626.0,228.0,2358720.0,10375.0,4286400.0,False,True,True,True,True,False
4074.T,4074,ラキール,Growth,情報・通信業,,2026-10-02,1273.0,808.0,2353230.0,2975.0,4120800.0,False,True,True,True,True,False
3710.T,3710,ジョルダン,Standard,情報・通信業,,2026-10-02,2626.0,641.0,2346260.0,3650.0,961500.0,False,True,True,True,True,False
6185.T,6185,ＳＭＮ,Standard,サービス業,,2026-10-02,2626.0,363.0,2337375.0,6395.0,617100.0,False,True,True,True,True,False
9656.T,9656,グリーンランドリゾート,Standard,サービス業,,2026-10-02,2626.0,600.0,2326575.0,3880.0,360000.0,False,True,True,True,True,False
4444.T,4444,インフォネット,Growth,情報・通信業,,2026-10-02,1775.0,935.0,2296855.0,2400.0,0.0,False,True,True,True,True,False
303A.T,303A,ｖｉｓｕｍｏ,Growth,情報・通信業,,2026-10-02,428.0,613.0,2292590.0,3880.0,674300.0,False,True,True,True,True,False
9327.T,9327,イー・ロジット,Standard,倉庫・運輸関連業,,2026-10-02,1349.0,185.0,2272180.0,12155.0,407000.0,False,False,True,True,True,False
9360.T,9360,鈴与シンワート,Standard,情報・通信業,,2026-10-02,2626.0,2800.0,2270225.0,820.0,840000.0,False,True,True,True,True,False
2376.T,2376,サイネックス,Standard,サービス業,,2026-10-02,2626.0,783.0,2252325.0,2840.0,3680100.0,False,True,True,True,True,False
8147.T,8147,トミタ,Standard,卸売業,,2026-10-02,2626.0,1460.0,2252075.0,1565.0,1460000.0,False,True,True,True,True,False
9162.T,9162,ブリーチ,Growth,サービス業,,2026-10-02,792.0,226.0,2241155.0,9815.0,4316600.0,False,True,True,True,True,False
3908.T,3908,コラボス,Growth,情報・通信業,,2026-10-02,2626.0,363.0,2240260.0,6210.0,617100.0,False,True,True,True,True,False
3928.T,3928,マイネット,Standard,情報・通信業,,2026-10-02,2626.0,235.0,2225995.0,9365.0,12925000.0,False,True,True,True,True,False
8077.T,8077,トルク,Standard,卸売業,,2026-10-02,2626.0,211.0,2217985.0,10430.0,822900.0,False,True,True,True,True,False
3985.T,3985,テモナ,Standard,情報・通信業,,2026-10-02,2337.0,187.0,2216715.0,11525.0,5778300.0,False,False,True,True,True,False
5134.T,5134,ＰＯＰＥＲ,Growth,情報・通信業,,2026-10-02,949.0,451.0,2215735.0,4715.0,2164800.0,False,True,True,True,True,False
9867.T,9867,ソレキア,Standard,卸売業,,2026-10-02,2626.0,10500.0,2211100.0,210.0,1050000.0,False,True,True,True,True,False
7370.T,7370,Ｅｎｊｉｎ,Growth,サービス業,,2026-10-02,1293.0,711.0,2210780.0,3095.0,2630700.0,False,True,True,True,True,False
6230.T,6230,ＳＡＮＥＩ,Standard,機械,,2026-10-02,1409.0,2140.0,2209845.0,1020.0,3424000.0,False,True,True,True,True,False
3223.T,3223,エスエルディー,Standard,小売業,,2026-10-02,2626.0,994.0,2201480.0,2250.0,9840600.0,False,True,True,True,True,False
7444.T,7444,ハリマ共和物産,Standard,卸売業,,2026-10-02,2626.0,1975.0,2190635.0,1100.0,2172500.0,False,True,True,True,True,False
7368.T,7368,表示灯,Standard,サービス業,,2026-10-02,1341.0,1720.0,2185635.0,1275.0,1548000.0,False,True,True,True,True,False
1798.T,1798,守谷商会,Standard,建設業,,2026-10-02,2626.0,1110.0,2175255.0,1965.0,2553000.0,False,True,True,True,True,False
7114.T,7114,フーディソン,Growth,卸売業,,2026-10-02,927.0,812.0,2171480.0,2670.0,974400.0,False,True,True,True,True,False
4120.T,4120,スガイ化学工業,Standard,化学,,2026-10-02,2626.0,3035.0,2169640.0,725.0,0.0,False,True,True,True,True,False
7919.T,7919,野崎印刷紙業,Standard,その他製品,,2026-10-02,2626.0,219.0,2157750.0,9565.0,1598700.0,False,True,True,True,True,False
3065.T,3065,ライフフーズ,Standard,小売業,,2026-10-02,2626.0,1587.0,2151610.0,1355.0,476100.0,False,True,True,True,True,False
9342.T,9342,スマサポ,Growth,サービス業,,2026-10-02,917.0,885.0,2143220.0,2255.0,354000.0,False,True,True,True,True,False
3948.T,3948,光ビジネスフォーム,Standard,パルプ・紙,,2026-10-02,2626.0,1190.0,2131045.0,1805.0,1428000.0,False,True,True,True,True,False
7477.T,7477,ムラキ,Standard,卸売業,,2026-10-02,2626.0,1592.0,2116155.0,1320.0,159200.0,False,True,True,True,True,False
220A.T,220A,Ｆａｂｅｒ　Ｃｏｍｐａｎｙ,Standard,情報・通信業,,2026-10-02,529.0,930.0,2114035.0,2245.0,93000.0,False,True,True,True,True,False
6664.T,6664,オプトエレクトロニクス,Standard,電気機器,,2026-10-02,2626.0,236.0,2104610.0,8125.0,6183200.0,False,True,True,True,True,False
3848.T,3848,データ・アプリケーション,Standard,情報・通信業,,2026-10-02,2626.0,853.0,2101030.0,2505.0,3497300.0,False,True,True,True,True,False
298A.T,298A,ＧＶＡ　ＴＥＣＨ,Growth,情報・通信業,,2026-10-02,428.0,310.0,2099110.0,6165.0,744000.0,False,True,True,True,True,False
2993.T,2993,長栄,Standard,不動産業,,2026-10-02,1165.0,2220.0,2099085.0,945.0,888000.0,False,True,True,True,True,False
7284.T,7284,盟和産業,Standard,輸送用機器,,2026-10-02,2626.0,1163.0,2094515.0,1780.0,5931300.0,False,True,True,True,True,False
4990.T,4990,昭和化学工業,Standard,化学,,2026-10-02,2626.0,524.0,2088500.0,3890.0,733600.0,False,True,True,True,True,False
6408.T,6408,小倉クラッチ,Standard,機械,,2026-10-02,2626.0,4240.0,2084125.0,485.0,848000.0,False,True,True,True,True,False
7464.T,7464,セフテック,Standard,卸売業,,2026-10-02,2626.0,1511.0,2082410.0,1375.0,1057700.0,False,True,True,True,True,False
5580.T,5580,プロディライト,Growth,情報・通信業,,2026-10-02,797.0,1632.0,2078220.0,1320.0,1142400.0,False,True,True,True,True,False
331A.T,331A,メディックス,Standard,サービス業,,2026-10-02,376.0,477.0,2053875.0,4245.0,810900.0,False,True,True,True,True,False
9679.T,9679,ホウライ,Standard,サービス業,,2026-10-02,2626.0,2217.0,2048640.0,895.0,2882100.0,False,True,True,True,True,False
7872.T,7872,エステールホールディングス,Standard,その他製品,,2026-10-02,2626.0,617.0,2048010.0,3320.0,1665900.0,False,True,True,True,True,False
7782.T,7782,シンシア,Standard,精密機器,,2026-10-02,2411.0,508.0,2038320.0,4115.0,3149600.0,False,True,True,True,True,False
2351.T,2351,ＡＳＪ,Growth,情報・通信業,,2026-10-02,2626.0,330.0,2036865.0,6035.0,3102000.0,False,True,True,True,True,False
352A.T,352A,ＬＯＩＶＥ,Growth,サービス業,,2026-10-02,351.0,532.0,2035365.0,3790.0,2234400.0,False,True,True,True,True,False
9857.T,9857,英和,Standard,卸売業,,2026-10-02,2626.0,2643.0,2024110.0,775.0,264300.0,False,True,True,True,True,False
3352.T,3352,バッファロー,Standard,小売業,,2026-10-02,2626.0,1786.0,2017585.0,1115.0,1428800.0,False,True,True,True,True,False
9818.T,9818,大丸エナウィン,Standard,卸売業,,2026-10-02,2626.0,1551.0,2016385.0,1295.0,620400.0,False,True,True,True,True,False
7791.T,7791,ドリームベッド,Standard,その他製品,,2026-10-02,1290.0,812.0,2004720.0,2420.0,730800.0,False,True,True,True,True,False
9820.T,9820,エムティジェネックス,Standard,不動産業,,2026-10-02,2626.0,3935.0,1997975.0,520.0,0.0,False,True,True,True,True,False
3559.T,3559,ピーバンドットコム,Standard,卸売業,,2026-10-02,2357.0,443.0,1996925.0,4400.0,7309500.0,False,True,True,True,True,False
7208.T,7208,カネミツ,Standard,輸送用機器,,2026-10-02,2626.0,1295.0,1994005.0,1535.0,1036000.0,False,True,True,True,True,False
6090.T,6090,ヒューマン・メタボローム・テクノロジーズ,Standard,サービス業,,2026-10-02,2626.0,606.0,1986265.0,3245.0,1818000.0,False,True,True,True,True,False
4735.T,4735,京進,Standard,サービス業,,2026-10-02,2626.0,287.0,1979260.0,6820.0,803600.0,False,True,True,True,True,False
387A.T,387A,フラー,Growth,情報・通信業,,2026-10-02,289.0,927.0,1977805.0,2150.0,2132100.0,False,True,True,True,True,False
5283.T,5283,高見澤,Standard,卸売業,,2026-10-02,2626.0,3230.0,1976125.0,625.0,3230000.0,False,True,True,True,True,False
4657.T,4657,環境管理センター,Standard,サービス業,,2026-10-02,2626.0,459.0,1958240.0,4255.0,413100.0,False,True,True,True,True,False
4198.T,4198,テンダ,Standard,情報・通信業,,2026-10-02,1299.0,509.0,1946180.0,3840.0,4835500.0,False,True,True,True,True,False
3841.T,3841,ジーダット,Standard,情報・通信業,,2026-10-02,2626.0,1300.0,1939710.0,1430.0,1560000.0,False,True,True,True,True,False
7681.T,7681,レオクラン,Standard,卸売業,,2026-10-02,1708.0,984.0,1937490.0,1910.0,98400.0,False,True,True,True,True,False
9853.T,9853,銀座ルノアール,Standard,小売業,,2026-10-02,2626.0,907.0,1934305.0,2130.0,2448900.0,False,True,True,True,True,False
9996.T,9996,サトー商会,Standard,卸売業,,2026-10-02,2626.0,1993.0,1926205.0,950.0,0.0,False,True,True,True,True,False
2736.T,2736,フェスタリアホールディングス,Standard,小売業,,2026-10-02,2626.0,600.0,1921175.0,3180.0,900000.0,False,True,True,True,True,False
4558.T,4558,中京医薬品,Standard,医薬品,,2026-10-02,2626.0,199.0,1920880.0,9570.0,1194000.0,False,False,True,True,True,False
7634.T,7634,星医療酸器,Standard,卸売業,,2026-10-02,2626.0,5300.0,1919950.0,365.0,1590000.0,False,True,True,True,True,False
3954.T,3954,昭和パックス,Standard,パルプ・紙,,2026-10-02,2626.0,3115.0,1918935.0,615.0,1557500.0,False,True,True,True,True,False
9254.T,9254,ラバブルマーケティンググループ,Growth,サービス業,,2026-10-02,1167.0,1034.0,1917710.0,1775.0,5066600.0,False,True,True,True,True,False
4197.T,4197,アスマーク,Standard,情報・通信業,,2026-10-02,1142.0,2404.0,1911130.0,805.0,4567600.0,False,True,True,True,True,False
177A.T,177A,コージンバイオ,Growth,化学,,2026-10-02,594.0,823.0,1905880.0,2290.0,3292000.0,False,True,True,True,True,False
8118.T,8118,キング,Standard,繊維製品,,2026-10-02,2626.0,1176.0,1900385.0,1595.0,235200.0,False,True,True,True,True,False
3577.T,3577,東海染工,Standard,繊維製品,,2026-10-02,2626.0,927.0,1895595.0,2040.0,1297800.0,False,True,True,True,True,False
1807.T,1807,佐藤渡辺,Standard,建設業,,2026-10-02,2626.0,1929.0,1891340.0,980.0,3472200.0,False,True,True,True,True,False
4416.T,4416,Ｔｒｕｅ　Ｄａｔａ,Growth,情報・通信業,,2026-10-02,1171.0,400.0,1886110.0,4600.0,3760000.0,False,True,True,True,True,False
4240.T,4240,クラスターテクノロジー,Growth,化学,,2026-10-02,2626.0,306.0,1884960.0,6085.0,1071000.0,False,True,True,True,True,False
7886.T,7886,ヤマト　モビリティ　＆　Ｍｆｇ．,Standard,化学,,2026-10-02,2626.0,570.0,1882205.0,3170.0,741000.0,False,True,True,True,True,False
9698.T,9698,クレオ,Standard,情報・通信業,,2026-10-02,2626.0,1303.0,1848640.0,1435.0,1824200.0,False,True,True,True,True,False
7413.T,7413,創健社,Standard,卸売業,,2026-10-02,2626.0,2900.0,1845765.0,645.0,0.0,False,True,True,True,True,False
8115.T,8115,ムーンバット,Standard,卸売業,,2026-10-02,2626.0,1325.0,1845175.0,1395.0,662500.0,False,True,True,True,True,False
3011.T,3011,バナーズ,Standard,小売業,,2026-10-02,2626.0,141.0,1838295.0,12915.0,1057500.0,False,False,True,True,True,False
6612.T,6612,バルミューダ,Growth,電気機器,,2026-10-02,1416.0,586.0,1837795.0,3125.0,1054800.0,False,True,True,True,True,False
9362.T,9362,兵機海運,Standard,倉庫・運輸関連業,,2026-10-02,2626.0,3800.0,1834675.0,490.0,5320000.0,False,True,True,True,True,False
3768.T,3768,リスクモンスター,Standard,情報・通信業,,2026-10-02,2626.0,550.0,1822235.0,3240.0,3630000.0,False,True,True,True,True,False
2687.T,2687,シー・ヴイ・エス・ベイエリア,Standard,サービス業,,2026-10-02,2626.0,492.0,1820295.0,3675.0,442800.0,False,True,True,True,True,False
6248.T,6248,横田製作所,Standard,機械,,2026-10-02,2626.0,1773.0,1816540.0,1015.0,0.0,False,True,True,True,True,False
3991.T,3991,ウォンテッドリー,Growth,情報・通信業,,2026-10-02,2225.0,953.0,1810165.0,1885.0,1048300.0,False,True,True,True,True,False
5704.T,5704,ＪＭＣ,Growth,非鉄金属,,2026-10-02,2425.0,378.0,1808880.0,4670.0,1171800.0,False,True,True,True,True,False
6322.T,6322,タクミナ,Standard,機械,,2026-10-02,2626.0,1603.0,1796225.0,1125.0,480900.0,False,True,True,True,True,False
2708.T,2708,久世,Standard,卸売業,,2026-10-02,2626.0,1860.0,1790365.0,945.0,2790000.0,False,True,True,True,True,False
6894.T,6894,パルステック工業,Standard,電気機器,,2026-10-02,2626.0,2144.0,1788575.0,825.0,1286400.0,False,True,True,True,True,False
2916.T,2916,仙波糖化工業,Standard,食料品,,2026-10-02,2626.0,721.0,1782100.0,2415.0,1153600.0,False,True,True,True,True,False
4429.T,4429,リックソフト,Growth,情報・通信業,,2026-10-02,1852.0,718.0,1762255.0,2390.0,1364200.0,False,True,True,True,True,False
5742.T,5742,エヌアイシ・オートテック,Standard,非鉄金属,,2026-10-02,2626.0,727.0,1761370.0,2360.0,1599400.0,False,True,True,True,True,False
6467.T,6467,ニチダイ,Standard,機械,,2026-10-02,2626.0,347.0,1753835.0,5080.0,416400.0,False,True,True,True,True,False
7090.T,7090,リグア,Growth,サービス業,,2026-10-02,1601.0,912.0,1748850.0,1840.0,1003200.0,False,True,True,True,True,False
9215.T,9215,ＣａＳｙ,Growth,サービス業,,2026-10-02,1127.0,1011.0,1746770.0,1755.0,1516500.0,False,True,True,True,True,False
7446.T,7446,東北化学薬品,Standard,卸売業,,2026-10-02,2626.0,4350.0,1741125.0,390.0,435000.0,False,True,True,True,True,False
5966.T,5966,京都機械工具,Standard,金属製品,,2026-10-02,2626.0,2760.0,1737310.0,635.0,552000.0,False,True,True,True,True,False
6633.T,6633,ＣＧＳホールディングス,Standard,電気機器,,2026-10-02,2626.0,311.0,1734035.0,5500.0,808600.0,False,True,True,True,True,False
8013.T,8013,ナイガイ,Standard,繊維製品,,2026-10-02,2626.0,381.0,1732020.0,4640.0,304800.0,False,True,True,True,True,False
3931.T,3931,バリューゴルフ,Growth,情報・通信業,,2026-10-02,2606.0,1473.0,1723655.0,1150.0,883800.0,False,True,True,True,True,False
7443.T,7443,横浜魚類,Standard,卸売業,,2026-10-02,2626.0,682.0,1718970.0,2570.0,1500400.0,False,True,True,True,True,False
184A.T,184A,学びエイド,Growth,情報・通信業,,2026-10-02,574.0,334.0,1712425.0,5285.0,1937200.0,False,True,True,True,True,False
6054.T,6054,リブセンス,Standard,サービス業,,2026-10-02,2626.0,110.0,1694670.0,15225.0,561000.0,False,False,True,True,True,False
6042.T,6042,ニッキ,Standard,輸送用機器,,2026-10-02,2626.0,3800.0,1690300.0,440.0,380000.0,False,True,True,True,True,False
9214.T,9214,Ｒｅｃｏｖｅｒｙ　Ｉｎｔｅｒｎａｔｉｏｎａｌ,Growth,サービス業,,2026-10-02,1139.0,1271.0,1685535.0,1305.0,0.0,False,True,True,True,True,False
9017.T,9017,新潟交通,Standard,陸運業,,2026-10-02,2626.0,1981.0,1683390.0,845.0,4556300.0,False,True,True,True,True,False
1788.T,1788,三東工業社,Standard,建設業,,2026-10-02,2626.0,4190.0,1682275.0,410.0,838000.0,False,True,True,True,True,False
6546.T,6546,フルテック,Standard,サービス業,,2026-10-02,2349.0,1184.0,1679800.0,1425.0,710400.0,False,True,True,True,True,False
7367.T,7367,セルム,Standard,サービス業,,2026-10-02,1342.0,332.0,1675935.0,5055.0,199200.0,False,True,True,True,True,False
9417.T,9417,スマートバリュー,Standard,情報・通信業,,2026-10-02,2626.0,336.0,1675450.0,5035.0,1344000.0,False,True,True,True,True,False
3041.T,3041,ビューティカダンホールディングス,Standard,卸売業,,2026-10-02,2626.0,401.0,1667230.0,4100.0,1964900.0,False,True,True,True,True,False
9313.T,9313,丸八倉庫,Standard,倉庫・運輸関連業,,2026-10-02,2626.0,1070.0,1655735.0,1570.0,1926000.0,False,True,True,True,True,False
4929.T,4929,アジュバンホールディングス,Standard,化学,,2026-10-02,2626.0,736.0,1650565.0,2230.0,1913600.0,False,True,True,True,True,False
4736.T,4736,日本ラッド,Standard,情報・通信業,,2026-10-02,2626.0,612.0,1647940.0,2795.0,7894800.0,False,True,True,True,True,False
5950.T,5950,日本パワーファスニング,Standard,金属製品,,2026-10-02,2626.0,150.0,1641460.0,10790.0,705000.0,False,False,True,True,True,False
7062.T,7062,フレアス,Growth,サービス業,,2026-10-02,1832.0,692.0,1634765.0,2380.0,1453200.0,False,True,True,True,True,False
3111.T,3111,オーミケンシ,Standard,繊維製品,,2026-10-02,2626.0,172.0,1634460.0,9265.0,326800.0,False,False,True,True,True,False
3123.T,3123,サイボー,Standard,繊維製品,,2026-10-02,2626.0,643.0,1634045.0,2515.0,707300.0,False,True,True,True,True,False
7807.T,7807,幸和製作所,Standard,その他製品,,2026-10-02,2172.0,873.0,1630345.0,1890.0,1396800.0,False,True,True,True,True,False
5078.T,5078,セレコーポレーション,Standard,建設業,,2026-10-02,1115.0,4695.0,1625250.0,345.0,2347500.0,False,True,True,True,True,False
3416.T,3416,ピクスタ,Growth,小売業,,2026-10-02,2626.0,900.0,1623625.0,1805.0,450000.0,False,True,True,True,True,False
7264.T,7264,ムロコーポレーション,Standard,輸送用機器,,2026-10-02,2626.0,1348.0,1620325.0,1200.0,1348000.0,False,True,True,True,True,False
7297.T,7297,カーメイト,Standard,輸送用機器,,2026-10-02,2626.0,859.0,1612425.0,1860.0,773100.0,False,True,True,True,True,False
9087.T,9087,タカセ,Standard,陸運業,,2026-10-02,2626.0,2050.0,1611605.0,730.0,205000.0,False,True,True,True,True,False
5616.T,5616,雨風太陽,Growth,情報・通信業,,2026-10-02,680.0,641.0,1609430.0,2475.0,3012700.0,False,True,True,True,True,False
9238.T,9238,バリュークリエーション,Growth,サービス業,,2026-10-02,697.0,354.0,1608780.0,4355.0,247800.0,False,True,True,True,True,False
4017.T,4017,クリーマ,Growth,情報・通信業,,2026-10-02,1429.0,210.0,1608405.0,7560.0,987000.0,False,True,True,True,True,False
6198.T,6198,キャリア,Growth,サービス業,,2026-10-02,2529.0,199.0,1598255.0,7945.0,298500.0,False,False,True,True,True,False
4057.T,4057,インターファクトリー,Growth,情報・通信業,,2026-10-02,1490.0,343.0,1591435.0,4530.0,445900.0,False,True,True,True,True,False
9428.T,9428,クロップス,Standard,情報・通信業,,2026-10-02,2626.0,1439.0,1590640.0,1070.0,143900.0,False,True,True,True,True,False
3495.T,3495,香陵住販,Standard,不動産業,,2026-10-02,1966.0,2251.0,1581980.0,695.0,13055800.0,False,True,True,True,True,False
5247.T,5247,ＢＴＭ,Growth,情報・通信業,,2026-10-02,920.0,569.0,1577630.0,2820.0,2162200.0,False,True,True,True,True,False
7043.T,7043,アルー,Growth,サービス業,,2026-10-02,1903.0,944.0,1564355.0,1665.0,283200.0,False,True,True,True,True,False
7502.T,7502,プラザホールディングス,Standard,サービス業,,2026-10-02,2626.0,1682.0,1558775.0,920.0,1682000.0,False,True,True,True,True,False
3317.T,3317,フライングガーデン,Standard,小売業,,2026-10-02,2626.0,1490.0,1555820.0,1045.0,894000.0,False,True,True,True,True,False
3933.T,3933,チエル,Standard,情報・通信業,,2026-10-02,2593.0,534.0,1551060.0,2845.0,373800.0,False,True,True,True,True,False
2683.T,2683,魚喜,Standard,小売業,,2026-10-02,2626.0,995.0,1541890.0,1550.0,696500.0,False,True,True,True,True,False
6396.T,6396,宇野澤組鐵工所,Standard,機械,,2026-10-02,2626.0,4670.0,1540050.0,335.0,0.0,False,True,True,True,True,False
2722.T,2722,ＩＫホールディングス,Standard,小売業,,2026-10-02,2626.0,361.0,1532745.0,4250.0,1444000.0,False,True,True,True,True,False
4752.T,4752,昭和システムエンジニアリング,Standard,情報・通信業,,2026-10-02,2626.0,1608.0,1525825.0,955.0,482400.0,False,True,True,True,True,False
8025.T,8025,ツカモトコーポレーション,Standard,卸売業,,2026-10-02,2626.0,1400.0,1524495.0,1130.0,1960000.0,False,True,True,True,True,False
7815.T,7815,東京ボード工業,Standard,その他製品,,2026-10-02,2626.0,338.0,1516305.0,4405.0,1352000.0,False,True,True,True,True,False
6346.T,6346,キクカワエンタープライズ,Standard,機械,,2026-10-02,2626.0,5550.0,1514200.0,270.0,2220000.0,False,True,True,True,True,False
7399.T,7399,ナンシン,Standard,輸送用機器,,2026-10-02,2626.0,617.0,1499110.0,2425.0,493600.0,False,True,True,True,True,False
3998.T,3998,すららネット,Growth,情報・通信業,,2026-10-02,2158.0,282.0,1484880.0,5150.0,4201800.0,False,True,True,True,True,False
9241.T,9241,フューチャーリンクネットワーク,Growth,サービス業,,2026-10-02,1251.0,1236.0,1484645.0,1175.0,494400.0,False,True,True,True,True,False
2911.T,2911,旭松食品,Standard,食料品,,2026-10-02,2626.0,2246.0,1472270.0,650.0,1347600.0,False,True,True,True,True,False
8836.T,8836,ＲＩＳＥ,Standard,不動産業,,2026-10-02,2626.0,26.0,1471025.0,55900.0,2646800.0,False,False,True,True,True,False
5962.T,5962,浅香工業,Standard,その他製品,,2026-10-02,2626.0,2160.0,1470020.0,695.0,1512000.0,False,True,True,True,True,False
2425.T,2425,ケアサービス,Standard,サービス業,,2026-10-02,2626.0,682.0,1469385.0,2180.0,341000.0,False,True,True,True,True,False
9475.T,9475,昭文社ホールディングス,Standard,情報・通信業,,2026-10-02,2626.0,526.0,1469030.0,2775.0,1735800.0,False,True,True,True,True,False
9353.T,9353,櫻島埠頭,Standard,倉庫・運輸関連業,,2026-10-02,2626.0,2980.0,1467645.0,490.0,298000.0,False,True,True,True,True,False
7902.T,7902,ソノコム,Standard,その他製品,,2026-10-02,2626.0,1120.0,1462430.0,1320.0,560000.0,False,True,True,True,True,False
5571.T,5571,エキサイトホールディングス,Standard,情報・通信業,,2026-10-02,844.0,1025.0,1459550.0,1425.0,1640000.0,False,True,True,True,True,False
3622.T,3622,ネットイヤーグループ,Growth,情報・通信業,,2026-10-02,2626.0,490.0,1454245.0,2935.0,980000.0,False,True,True,True,True,False
7877.T,7877,永大化工,Standard,化学,,2026-10-02,2626.0,2199.0,1442220.0,660.0,219900.0,False,True,True,False,True,False
2961.T,2961,日本調理機,Standard,金属製品,,2026-10-02,1197.0,1477.0,1441865.0,950.0,738500.0,False,True,True,True,True,False
5900.T,5900,ダイケン,Standard,金属製品,,2026-10-02,2626.0,860.0,1440365.0,1640.0,86000.0,False,True,True,True,True,False
2877.T,2877,日東ベスト,Standard,食料品,,2026-10-02,2626.0,755.0,1438275.0,1910.0,226500.0,False,True,True,True,True,False
7928.T,7928,旭化学工業,Standard,化学,,2026-10-02,2626.0,617.0,1438175.0,2340.0,2653100.0,False,True,True,True,True,False
6566.T,6566,要興業,Standard,サービス業,,2026-10-02,2154.0,1250.0,1432730.0,1130.0,2750000.0,False,True,True,True,True,False
4754.T,4754,トスネット,Standard,サービス業,,2026-10-02,2626.0,1528.0,1428075.0,950.0,0.0,False,True,True,True,True,False
5928.T,5928,アルメタックス,Standard,金属製品,,2026-10-02,2626.0,286.0,1419815.0,4895.0,1430000.0,False,True,True,True,True,False
3909.T,3909,ショーケース,Standard,情報・通信業,,2026-10-02,2626.0,206.0,1418675.0,7265.0,1874600.0,False,True,True,True,True,False
6342.T,6342,太平製作所,Standard,機械,,2026-10-02,2626.0,2870.0,1412370.0,485.0,287000.0,False,True,True,True,True,False
9778.T,9778,昴,Standard,サービス業,,2026-10-02,2626.0,5530.0,1410550.0,255.0,1659000.0,False,True,True,True,True,False
2876.T,2876,デルソーレ,Standard,食料品,,2026-10-02,2626.0,475.0,1404940.0,2965.0,1282500.0,False,True,True,True,True,False
7865.T,7865,ピープル,Standard,その他製品,,2026-10-02,2626.0,335.0,1403995.0,4200.0,2211000.0,False,True,True,True,True,False
7506.T,7506,ハウス　オブ　ローゼ,Standard,小売業,,2026-10-02,2626.0,1370.0,1401385.0,1015.0,1918000.0,False,True,True,True,True,False
6334.T,6334,明治機械,Standard,機械,,2026-10-02,2626.0,495.0,1396785.0,2875.0,495000.0,False,True,True,True,True,False
7831.T,7831,ウイルコホールディングス,Standard,その他製品,,2026-10-02,2626.0,66.0,1391345.0,20950.0,330000.0,False,False,True,True,True,False
7538.T,7538,大水,Standard,卸売業,,2026-10-02,2626.0,386.0,1390870.0,3575.0,193000.0,False,True,True,True,True,False
9476.T,9476,中央経済社ホールディングス,Standard,情報・通信業,,2026-10-02,2626.0,985.0,1386155.0,1375.0,98500.0,False,True,True,True,True,False
3474.T,3474,Ｇ－ＦＡＣＴＯＲＹ,Growth,不動産業,,2026-10-02,2464.0,596.0,1379820.0,2300.0,476800.0,False,True,True,True,True,False
5484.T,5484,東北特殊鋼,Standard,鉄鋼,,2026-10-02,2626.0,4460.0,1378400.0,310.0,446000.0,False,True,True,True,True,False
6424.T,6424,高見沢サイバネティックス,Standard,機械,,2026-10-02,2626.0,886.0,1368755.0,1530.0,531600.0,False,True,True,True,True,False
3920.T,3920,アイビーシー,Standard,情報・通信業,,2026-10-02,2626.0,977.0,1362765.0,1370.0,195400.0,False,True,True,True,True,False
2481.T,2481,タウンニュース社,Standard,サービス業,,2026-10-02,2626.0,700.0,1359460.0,1905.0,1820000.0,False,True,True,True,True,False
9258.T,9258,ＣＳ－Ｃ,Growth,サービス業,,2026-10-02,1165.0,298.0,1353850.0,4440.0,298000.0,False,True,True,True,True,False
2179.T,2179,成学社,Standard,サービス業,,2026-10-02,2626.0,829.0,1351725.0,1635.0,1658000.0,False,True,True,True,True,False
7986.T,7986,日本アイ・エス・ケイ,Standard,その他製品,,2026-10-02,2626.0,1903.0,1348335.0,705.0,1522400.0,False,True,True,True,True,False
7215.T,7215,ファルテック,Standard,輸送用機器,,2026-10-02,2626.0,414.0,1335025.0,3170.0,3394800.0,False,True,True,True,True,False
5918.T,5918,瀧上工業,Standard,金属製品,,2026-10-02,2626.0,7780.0,1326550.0,170.0,778000.0,False,True,True,True,True,False
3059.T,3059,ヒラキ,Standard,小売業,,2026-10-02,2626.0,709.0,1323845.0,1865.0,850800.0,False,True,True,True,True,False
3944.T,3944,古林紙工,Standard,パルプ・紙,,2026-10-02,2626.0,3100.0,1317800.0,415.0,620000.0,False,True,True,True,True,False
8123.T,8123,川辺,Standard,卸売業,,2026-10-02,2626.0,1413.0,1315140.0,945.0,282600.0,False,True,True,True,True,False
137A.T,137A,Ｃｏｃｏｌｉｖｅ,Growth,情報・通信業,,2026-10-02,634.0,697.0,1307730.0,1850.0,627300.0,False,True,True,True,True,False
9849.T,9849,共同紙販ホールディングス,Standard,卸売業,,2026-10-02,2626.0,4460.0,1304750.0,290.0,1338000.0,False,True,True,True,True,False
1764.T,1764,工藤建設,Standard,建設業,,2026-10-02,2626.0,2670.0,1297340.0,480.0,267000.0,False,True,True,True,True,False
9635.T,9635,武蔵野興業,Standard,サービス業,,2026-10-02,2626.0,2523.0,1283245.0,500.0,504600.0,False,True,True,True,True,False
3816.T,3816,大和コンピューター,Standard,情報・通信業,,2026-10-02,2626.0,1098.0,1279550.0,1145.0,878400.0,False,True,True,True,True,False
1787.T,1787,ナカボーテック,Standard,建設業,,2026-10-02,2626.0,5620.0,1271300.0,225.0,1124000.0,False,True,True,True,True,False
9225.T,9225,ブリッジコンサルティンググループ,Growth,サービス業,,2026-10-02,1064.0,969.0,1268830.0,1310.0,2228700.0,False,True,True,True,True,False
2747.T,2747,北雄ラッキー,Standard,小売業,,2026-10-02,2626.0,3220.0,1267125.0,400.0,966000.0,False,True,True,True,True,False
9565.T,9565,ＧＬＯＥ,Growth,サービス業,,2026-10-02,938.0,659.0,1261025.0,1925.0,659000.0,False,True,True,True,True,False
9723.T,9723,京都ホテル,Standard,サービス業,,2026-10-02,2626.0,639.0,1259115.0,1990.0,766800.0,False,True,True,True,True,False
9903.T,9903,カンセキ,Standard,小売業,,2026-10-02,2626.0,901.0,1258850.0,1405.0,1621800.0,False,True,True,True,True,False
9421.T,9421,エヌジェイホールディングス,Standard,情報・通信業,,2026-10-02,2626.0,546.0,1256810.0,2385.0,546000.0,False,True,True,True,True,False
4487.T,4487,スペースマーケット,Growth,情報・通信業,,2026-10-02,1654.0,220.0,1254825.0,5630.0,2090000.0,False,True,True,True,True,False
2152.T,2152,幼児活動研究会,Standard,サービス業,,2026-10-02,2626.0,1503.0,1247820.0,810.0,751500.0,False,True,True,True,True,False
9835.T,9835,ジュンテンドー,Standard,小売業,,2026-10-02,2626.0,511.0,1245915.0,2445.0,1022000.0,False,True,True,True,True,False
4341.T,4341,西菱電機,Standard,サービス業,,2026-10-02,2626.0,910.0,1243445.0,1360.0,1001000.0,False,True,True,True,True,False
4020.T,4020,ビートレンド,Growth,情報・通信業,,2026-10-02,1414.0,870.0,1237970.0,1485.0,1392000.0,False,True,True,True,True,False
2300.T,2300,きょくとう,Standard,サービス業,,2026-10-02,2626.0,502.0,1221790.0,2450.0,351400.0,False,True,True,True,True,False
6063.T,6063,日本エマージェンシーアシスタンス,Standard,サービス業,,2026-10-02,2626.0,1003.0,1221540.0,1225.0,1504500.0,False,True,True,True,True,False
7585.T,7585,かんなん丸,Standard,小売業,,2026-10-02,2626.0,406.0,1210720.0,2975.0,1136800.0,False,True,True,True,True,False
9685.T,9685,ＫＹＣＯＭホールディングス,Standard,情報・通信業,,2026-10-02,2626.0,582.0,1206260.0,2095.0,232800.0,False,True,True,True,True,False
7461.T,7461,キムラ,Standard,卸売業,,2026-10-02,2626.0,469.0,1202780.0,2555.0,46900.0,False,True,True,True,True,False
5271.T,5271,トーヨーアサノ,Standard,ガラス・土石製品,,2026-10-02,2379.0,2285.0,1175990.0,530.0,228500.0,False,True,True,True,True,False
8040.T,8040,東京ソワール,Standard,繊維製品,,2026-10-02,2626.0,1050.0,1168140.0,1115.0,1365000.0,False,True,True,True,True,False
4678.T,4678,秀英予備校,Standard,サービス業,,2026-10-02,2626.0,329.0,1166745.0,3515.0,855400.0,False,True,True,True,True,False
6786.T,6786,ＲＶＨ,Standard,サービス業,,2026-10-02,2626.0,46.0,1164070.0,24225.0,455400.0,False,False,True,True,True,False
3536.T,3536,アクサスホールディングス,Standard,小売業,,2026-10-02,2626.0,128.0,1152280.0,9035.0,307200.0,False,False,True,True,True,False
3045.T,3045,カワサキ,Standard,卸売業,,2026-10-02,2626.0,1461.0,1142595.0,780.0,584400.0,False,True,True,True,True,False
3910.T,3910,エムケイシステム,Standard,情報・通信業,,2026-10-02,2626.0,294.0,1135520.0,3945.0,646800.0,False,True,True,True,True,False
9812.T,9812,テーオーホールディングス,Standard,卸売業,,2026-10-02,2626.0,237.0,1135515.0,4780.0,2986200.0,False,True,True,True,True,False
2789.T,2789,カルラ,Standard,小売業,,2026-10-02,2626.0,486.0,1133465.0,2350.0,631800.0,False,True,True,True,True,False
2291.T,2291,福留ハム,Standard,食料品,,2026-10-02,2626.0,507.0,1131505.0,2225.0,405600.0,False,True,True,True,True,False
7077.T,7077,ＡＬｉＮＫインターネット,Growth,サービス業,,2026-10-02,1661.0,996.0,1129730.0,1140.0,298800.0,False,True,True,True,True,False
4926.T,4926,シーボン,Standard,化学,,2026-10-02,2626.0,1235.0,1114985.0,895.0,1111500.0,False,True,True,True,True,False
5695.T,5695,パウダーテック,Standard,鉄鋼,,2026-10-02,2626.0,2800.0,1108330.0,375.0,1960000.0,False,True,True,True,True,False
9969.T,9969,ショクブン,Standard,小売業,,2026-10-02,2626.0,235.0,1107170.0,4680.0,658000.0,False,True,True,True,True,False
7036.T,7036,イーエムネットジャパン,Growth,サービス業,,2026-10-02,1960.0,650.0,1103500.0,1665.0,1105000.0,False,True,True,True,True,False
8119.T,8119,三栄コーポレーション,Standard,卸売業,,2026-10-02,2626.0,779.0,1095415.0,1390.0,2181200.0,False,True,True,True,True,False
248A.T,248A,キッズスター,Growth,情報・通信業,,2026-10-02,491.0,807.0,1091900.0,1345.0,242100.0,False,True,True,True,True,False
3802.T,3802,エコミック,Standard,情報・通信業,,2026-10-02,1570.0,481.0,1069695.0,2150.0,2501200.0,False,True,True,True,True,False
3375.T,3375,ＺＯＡ,Standard,小売業,,2026-10-02,2626.0,1751.0,1064975.0,600.0,1575900.0,False,True,True,True,True,False
9691.T,9691,両毛システムズ,Standard,情報・通信業,,2026-10-02,2626.0,5160.0,1056800.0,205.0,516000.0,False,True,True,True,True,False
3639.T,3639,ボルテージ,Standard,情報・通信業,,2026-10-02,2626.0,232.0,1043885.0,4445.0,69600.0,False,True,True,True,True,False
4679.T,4679,田谷,Standard,サービス業,,2026-10-02,2626.0,269.0,1042050.0,3945.0,941500.0,False,True,True,True,True,False
5905.T,5905,日本製罐,Standard,金属製品,,2026-10-02,2626.0,1368.0,1038945.0,760.0,1231200.0,False,True,True,True,True,False
5973.T,5973,トーアミ,Standard,金属製品,,2026-10-02,2626.0,610.0,1031120.0,1685.0,0.0,False,True,True,True,True,False
5035.T,5035,ＨＯＵＳＥＩ,Growth,情報・通信業,,2026-10-02,1022.0,364.0,1009410.0,2735.0,436800.0,False,True,True,True,True,False
9355.T,9355,リンコーコーポレーション,Standard,倉庫・運輸関連業,,2026-10-02,2626.0,2214.0,1004435.0,455.0,221400.0,False,True,True,True,True,False
9445.T,9445,フォーバルテレコム,Standard,情報・通信業,,2026-10-02,2626.0,536.0,1003885.0,1855.0,428800.0,False,True,True,True,True,False
9929.T,9929,平和紙業,Standard,卸売業,,2026-10-02,2626.0,475.0,998550.0,2115.0,142500.0,False,True,True,True,True,False
5990.T,5990,スーパーツール,Standard,金属製品,,2026-10-02,2626.0,1928.0,992950.0,510.0,0.0,False,True,True,True,True,False
7515.T,7515,マルヨシセンター,Standard,小売業,,2026-10-02,2626.0,4555.0,985975.0,215.0,455500.0,False,True,True,True,True,False
7426.T,7426,山大,Standard,卸売業,,2026-09-18,2619.0,593.0,983865.0,1620.0,830200.0,False,True,True,True,False,False
3583.T,3583,オーベクス,Standard,繊維製品,,2026-10-02,2626.0,1361.0,979030.0,720.0,0.0,False,True,True,True,True,False
5974.T,5974,中国工業,Standard,金属製品,,2026-10-02,2626.0,842.0,974155.0,1155.0,421000.0,False,True,True,True,True,False
7837.T,7837,アールシーコア,Standard,その他製品,,2026-10-02,2626.0,345.0,973770.0,2800.0,448500.0,False,True,True,True,True,False
4059.T,4059,まぐまぐ,Standard,情報・通信業,,2026-10-02,1471.0,363.0,972110.0,2515.0,943800.0,False,True,True,True,True,False
8138.T,8138,三京化成,Standard,卸売業,,2026-10-02,2626.0,4085.0,958250.0,230.0,817000.0,False,True,True,True,True,False
3426.T,3426,アトムリビンテック,Standard,金属製品,,2026-10-02,2626.0,1307.0,954360.0,735.0,1568400.0,False,True,True,True,True,False
7074.T,7074,トゥエンティーフォーセブンホールディングス,Growth,サービス業,,2026-10-02,1675.0,187.0,953180.0,5085.0,748000.0,False,False,True,True,True,False
4356.T,4356,応用技術,Standard,情報・通信業,,2026-10-02,2626.0,1648.0,952465.0,585.0,329600.0,False,True,True,True,True,False
4428.T,4428,シノプス,Growth,情報・通信業,,2026-10-02,1893.0,693.0,950340.0,1350.0,1316700.0,False,True,True,True,True,False
7360.T,7360,オンデック,Growth,サービス業,,2026-10-02,1406.0,611.0,939485.0,1490.0,672100.0,False,True,True,True,True,False
2668.T,2668,タビオ,Standard,卸売業,,2026-10-02,2626.0,1273.0,933990.0,735.0,509200.0,False,True,True,True,True,False
7031.T,7031,インバウンドテック,Growth,サービス業,,2026-10-02,1414.0,696.0,930030.0,1330.0,69600.0,False,True,True,True,True,False
7040.T,7040,サン・ライフホールディング,Standard,サービス業,,2026-10-02,1954.0,956.0,929715.0,960.0,1242800.0,False,True,True,True,True,False
4769.T,4769,ＩＣ,Standard,情報・通信業,,2026-10-02,2626.0,1122.0,923685.0,810.0,336600.0,False,True,True,True,True,False
7509.T,7509,アイエーグループ,Standard,小売業,,2026-10-02,2626.0,4700.0,921375.0,195.0,1410000.0,False,True,True,True,True,False
3437.T,3437,特殊電極,Standard,金属製品,,2026-10-02,2626.0,2622.0,920535.0,345.0,524400.0,False,True,True,True,True,False
3439.T,3439,三ツ知,Standard,金属製品,,2026-10-02,2626.0,684.0,917265.0,1350.0,2188800.0,False,True,True,True,True,False
9060.T,9060,日本ロジテム,Standard,陸運業,,2026-10-02,2626.0,4170.0,917150.0,220.0,417000.0,False,True,True,True,True,False
9250.T,9250,ＧＲＣＳ,Growth,サービス業,,2026-10-02,1190.0,1050.0,902490.0,885.0,840000.0,False,True,True,True,True,False
9895.T,9895,コンセック,Standard,卸売業,,2026-10-02,2626.0,1257.0,900540.0,705.0,251400.0,False,True,True,True,True,False
3190.T,3190,ホットマン,Standard,小売業,,2026-10-02,2626.0,572.0,898015.0,1545.0,400400.0,False,True,True,True,True,False
6558.T,6558,クックビズ,Growth,サービス業,,2026-10-02,2173.0,674.0,878220.0,1320.0,0.0,False,True,True,True,True,False
4720.T,4720,城南進学研究社,Standard,サービス業,,2026-10-02,2626.0,240.0,869350.0,3585.0,480000.0,False,True,True,True,True,False
7140.T,7140,ペットゴー,Growth,小売業,,2026-10-02,1082.0,798.0,860100.0,1075.0,319200.0,False,True,True,True,True,False
7555.T,7555,大田花き,Standard,卸売業,,2026-10-02,2626.0,734.0,858090.0,1155.0,1174400.0,False,True,True,True,True,False
7857.T,7857,セキ,Standard,その他製品,,2026-10-02,2626.0,1297.0,854615.0,665.0,778200.0,False,True,True,True,True,False
4650.T,4650,ＳＤエンターテイメント,Standard,サービス業,,2026-10-02,2626.0,272.0,852680.0,3155.0,217600.0,False,True,True,True,True,False
8225.T,8225,タカチホ,Standard,卸売業,,2026-10-02,2626.0,3650.0,821725.0,225.0,1825000.0,False,True,True,True,True,False
7362.T,7362,Ｔ．Ｓ．Ｉ,Growth,サービス業,,2026-10-02,1354.0,875.0,802655.0,920.0,1137500.0,False,True,True,True,True,False
9720.T,9720,ホテル、ニューグランド,Standard,サービス業,,2026-10-02,2626.0,6400.0,802650.0,125.0,0.0,False,True,True,True,True,False
6186.T,6186,一蔵,Standard,サービス業,,2026-10-02,2626.0,373.0,801865.0,2135.0,74600.0,False,True,True,True,True,False
4102.T,4102,丸尾カルシウム,Standard,化学,,2026-10-02,2626.0,1460.0,788455.0,545.0,146000.0,False,True,True,True,True,False
9073.T,9073,京極運輸商事,Standard,陸運業,,2026-10-02,2626.0,1257.0,785665.0,625.0,502800.0,False,True,True,True,True,False
3953.T,3953,大村紙業,Standard,パルプ・紙,,2026-10-02,2626.0,789.0,775955.0,980.0,473400.0,False,True,True,True,True,False
1992.T,1992,神田通信機,Standard,建設業,,2026-10-02,2626.0,2962.0,771340.0,260.0,296200.0,False,True,True,True,True,False
4705.T,4705,クリップコーポレーション,Standard,サービス業,,2026-10-02,2626.0,778.0,767885.0,975.0,311200.0,False,True,True,True,True,False
2795.T,2795,日本プリメックス,Standard,卸売業,,2026-10-02,2626.0,965.0,758065.0,785.0,0.0,False,True,True,True,True,False
3058.T,3058,三洋堂ホールディングス,Standard,小売業,,2026-10-02,2626.0,712.0,751925.0,1055.0,213600.0,False,True,True,True,True,False
143A.T,143A,イシン,Growth,サービス業,,2026-10-02,616.0,695.0,751820.0,1060.0,139000.0,False,True,True,True,True,False
3184.T,3184,ＩＣＤＡホールディングス,Standard,小売業,,2026-10-02,2626.0,4095.0,739500.0,180.0,0.0,False,True,True,True,True,False
7939.T,7939,研創,Standard,その他製品,,2026-10-02,2626.0,600.0,699275.0,1165.0,1560000.0,False,True,True,True,True,False
6579.T,6579,ログリー,Growth,サービス業,,2026-10-02,2026.0,336.0,698700.0,2030.0,806400.0,False,True,True,True,True,False
4920.T,4920,日本色材工業研究所,Standard,化学,,2026-10-02,2626.0,1198.0,694660.0,605.0,2396000.0,False,True,True,True,True,False
5126.T,5126,ポーターズ,Growth,情報・通信業,,2026-10-02,979.0,1450.0,686490.0,480.0,1885000.0,False,True,True,True,True,False
5199.T,5199,不二ラテックス,Standard,ゴム製品,,2026-10-02,2626.0,1965.0,676345.0,340.0,0.0,False,True,True,True,True,False
9365.T,9365,トレーディア,Standard,倉庫・運輸関連業,,2026-10-02,2626.0,1607.0,674260.0,410.0,0.0,False,True,True,True,True,False
1380.T,1380,秋川牧園,Standard,水産・農林業,,2026-10-02,2626.0,1000.0,669090.0,670.0,100000.0,False,True,True,True,True,False
9331.T,9331,キャスター,Growth,サービス業,,2026-10-02,729.0,670.0,635870.0,915.0,1139000.0,False,True,True,True,True,False
9345.T,9345,ビズメイツ,Growth,サービス業,,2026-10-02,858.0,583.0,635250.0,1075.0,524700.0,False,True,True,True,True,False
5025.T,5025,マーキュリー,Growth,情報・通信業,,2026-10-02,1125.0,587.0,623800.0,1055.0,587000.0,False,True,True,True,True,False
5618.T,5618,ナイル,Growth,情報・通信業,,2026-10-02,678.0,298.0,620755.0,2125.0,119200.0,False,True,True,True,True,False
5619.T,5619,マーソ,Growth,情報・通信業,,2026-10-02,677.0,837.0,604920.0,710.0,502200.0,False,True,True,True,True,False
7863.T,7863,平賀,Standard,その他製品,,2026-10-02,2626.0,948.0,580175.0,620.0,379200.0,False,True,True,True,True,False
4247.T,4247,ポバール興業,Standard,化学,,2026-10-02,1116.0,1424.0,567225.0,405.0,427200.0,False,True,True,True,True,False
7067.T,7067,ブランディングテクノロジー,Growth,サービス業,,2026-10-02,1776.0,1090.0,542020.0,515.0,218000.0,False,True,True,True,True,False
7677.T,7677,ヤシマキザイ,Standard,卸売業,,2026-10-02,1774.0,2800.0,523890.0,190.0,1400000.0,False,True,True,True,True,False
6555.T,6555,ＭＳ＆Ｃｏｎｓｕｌｔｉｎｇ,Standard,サービス業,,2026-10-02,2211.0,419.0,519830.0,1220.0,1424600.0,False,True,True,True,True,False
6982.T,6982,リード,Standard,輸送用機器,,2026-10-02,2626.0,577.0,489095.0,845.0,230800.0,False,True,True,True,True,False
4645.T,4645,市進ホールディングス,Standard,サービス業,,2026-10-02,2626.0,445.0,479080.0,1095.0,89000.0,False,True,True,True,True,False
9012.T,9012,秩父鉄道,Standard,陸運業,,2026-10-02,2626.0,2088.0,471690.0,225.0,0.0,False,True,True,True,True,False
5138.T,5138,Ｒｅｂａｓｅ,Growth,情報・通信業,,2026-10-02,927.0,455.0,465395.0,1025.0,1137500.0,False,True,True,True,True,False
9408.T,9408,ＢＳＮメディアホールディングス,Standard,情報・通信業,,2026-10-02,2626.0,2662.0,415370.0,155.0,1863400.0,False,True,True,True,True,False
7896.T,7896,セブン工業,Standard,その他製品,,2026-10-02,2626.0,501.0,405895.0,805.0,400800.0,False,True,True,True,True,False
7501.T,7501,ティムコ,Standard,卸売業,,2026-10-02,2626.0,1464.0,368345.0,255.0,292800.0,False,True,True,True,True,False
9361.T,9361,伏木海陸運送,Standard,倉庫・運輸関連業,,2026-10-02,2626.0,1990.0,293300.0,145.0,597000.0,False,True,True,True,True,False
7531.T,7531,清和中央ホールディングス,Standard,卸売業,,2026-10-02,2626.0,1309.0,267635.0,205.0,0.0,False,True,True,True,True,False
3600.T,3600,フジックス,Standard,繊維製品,,2026-10-02,2626.0,1760.0,246220.0,140.0,352000.0,False,True,True,True,True,False
5969.T,5969,ロブテックス,Standard,金属製品,,2026-10-02,2626.0,1203.0,223265.0,185.0,0.0,False,True,True,True,True,False
1909.T,1909,日本ドライケミカル,Standard,機械,,2026-09-14,2597.0,16280000512.0,0.0,0.0,0.0,False,True,True,False,False,False
165A.T,165A,ＳＢＩレオスひふみ,Growth,証券、商品先物取引業,,,,,,,,False,False,False,False,False,False
1712.T,1712,ダイセキ環境ソリューション,Standard,建設業,,,,,,,,False,False,False,False,False,False
1726.T,1726,ビーアールホールディングス,Prime,建設業,,,,,,,,False,False,False,False,False,False
1743.T,1743,コーアツ工業,Standard,建設業,,,,,,,,False,False,False,False,False,False
176A.T,176A,レジル,Growth,電気・ガス業,,,,,,,,False,False,False,False,False,False
1776.T,1776,三井住建道路,Standard,建設業,,,,,,,,False,False,False,False,False,False
1821.T,1821,三井住友建設,Prime,建設業,,,,,,,,False,False,False,False,False,False
1841.T,1841,サンユー建設,Standard,建設業,,,,,,,,False,False,False,False,False,False
1890.T,1890,東洋建設,Prime,建設業,,,,,,,,False,False,False,False,False,False
1949.T,1949,住友電設,Prime,建設業,,,,,,,,False,False,False,False,False,False
202A.T,202A,豆蔵,Growth,情報・通信業,,,,,,,,False,False,False,False,False,False
2150.T,2150,ケアネット,Prime,サービス業,,,,,,,,False,False,False,False,False,False
2196.T,2196,エスクリ,Standard,サービス業,,,,,,,,False,False,False,False,False,False
2344.T,2344,平安レイサービス,Standard,サービス業,,,,,,,,False,False,False,False,False,False
2374.T,2374,セントケア・ホールディング,Prime,サービス業,,,,,,,,False,False,False,False,False,False
2389.T,2389,デジタルホールディングス,Prime,サービス業,,,,,,,,False,False,False,False,False,False
2540.T,2540,養命酒製造,Prime,食料品,,,,,,,,False,False,False,False,False,False
2686.T,2686,ジーフット,Standard,小売業,,,,,,,,False,False,False,False,False,False
2692.T,2692,伊藤忠食品,Prime,卸売業,,,,,,,,False,False,False,False,False,False
2743.T,2743,ピクセルカンパニーズ,Standard,卸売業,,,,,,,,False,False,False,False,False,False
2763.T,2763,エフティグループ,Standard,卸売業,,,,,,,,False,False,False,False,False,False
3073.T,3073,ＤＤグループ,Prime,小売業,,,,,,,,False,False,False,False,False,False
3094.T,3094,スーパーバリュー,Standard,小売業,,,,,,,,False,False,False,False,False,False
3141.T,3141,ウエルシアホールディングス,Prime,小売業,,,,,,,,False,False,False,False,False,False
3198.T,3198,ＳＦＰホールディングス,Prime,小売業,,,,,,,,False,False,False,False,False,False
3271.T,3271,ＴＨＥグローバル社,Standard,不動産業,,,,,,,,False,False,False,False,False,False
3294.T,3294,イーグランド,Standard,不動産業,,,,,,,,False,False,False,False,False,False
3341.T,3341,日本調剤,Prime,小売業,,,,,,,,False,False,False,False,False,False
3526.T,3526,芦森工業,Standard,輸送用機器,,,,,,,,False,False,False,False,False,False
3540.T,3540,歯愛メディカル,Standard,卸売業,,,,,,,,False,False,False,False,False,False
3541.T,3541,農業総合研究所,Growth,卸売業,,,,,,,,False,False,False,False,False,False
3546.T,3546,アレンザホールディングス,Prime,小売業,,,,,,,,False,False,False,False,False,False
3593.T,3593,ホギメディカル,Prime,繊維製品,,,,,,,,False,False,False,False,False,False
3655.T,3655,ブレインパッド,Prime,情報・通信業,,,,,,,,False,False,False,False,False,False
3670.T,3670,協立情報通信,Standard,情報・通信業,,,,,,,,False,False,False,False,False,False
3681.T,3681,ブイキューブ,Prime,情報・通信業,,,,,,,,False,False,False,False,False,False
3688.T,3688,ＣＡＲＴＡ　ＨＯＬＤＩＮＧＳ,Prime,情報・通信業,,,,,,,,False,False,False,False,False,False
3847.T,3847,パシフィックシステム,Standard,情報・通信業,,,,,,,,False,False,False,False,False,False
3902.T,3902,メディカル・データ・ビジョン,Prime,情報・通信業,,,,,,,,False,False,False,False,False,False
3924.T,3924,ランドコンピュータ,Prime,情報・通信業,,,,,,,,False,False,False,False,False,False
3961.T,3961,シルバーエッグ・テクノロジー,Growth,情報・通信業,,,,,,,,False,False,False,False,False,False
4080.T,4080,田中化学研究所,Standard,化学,,,,,,,,False,False,False,False,False,False
4171.T,4171,グローバルインフォメーション,Standard,情報・通信業,,,,,,,,False,False,False,False,False,False
4319.T,4319,ＴＡＣ,Standard,サービス業,,,,,,,,False,False,False,False,False,False
4333.T,4333,東邦システムサイエンス,Prime,情報・通信業,,,,,,,,False,False,False,False,False,False
4367.T,4367,広栄化学,Standard,化学,,,,,,,,False,False,False,False,False,False
4384.T,4384,ラクスル,Prime,情報・通信業,,,,,,,,False,False,False,False,False,False
4449.T,4449,ギフティ,Prime,情報・通信業,,,,,,,,False,False,False,False,False,False
4494.T,4494,バリオセキュア,Standard,情報・通信業,,,,,,,,False,False,False,False,False,False
4530.T,4530,久光製薬,Prime,医薬品,,,,,,,,False,False,False,False,False,False
4556.T,4556,カイノス,Standard,医薬品,,,,,,,,False,False,False,False,False,False
4659.T,4659,エイジス,Standard,サービス業,,,,,,,,False,False,False,False,False,False
4690.T,4690,日本パレットプール,Standard,サービス業,,,,,,,,False,False,False,False,False,False
4745.T,4745,東京個別指導学院,Standard,サービス業,,,,,,,,False,False,False,False,False,False
4917.T,4917,マンダム,Prime,化学,,,,,,,,False,False,False,False,False,False
4957.T,4957,ヤスハラケミカル,Standard,化学,,,,,,,,False,False,False,False,False,False
4974.T,4974,タカラバイオ,Prime,化学,,,,,,,,False,False,False,False,False,False
5017.T,5017,富士石油,Prime,石油・石炭製品,,,,,,,,False,False,False,False,False,False
5070.T,5070,ドラフト,Growth,建設業,,,,,,,,False,False,False,False,False,False
5191.T,5191,住友理工,Prime,ゴム製品,,,,,,,,False,False,False,False,False,False
5259.T,5259,ＢＢＤイニシアティブ,Growth,情報・通信業,,,,,,,,False,False,False,False,False,False
5352.T,5352,黒崎播磨,Prime,ガラス・土石製品,,,,,,,,False,False,False,False,False,False
5386.T,5386,鶴弥,Standard,ガラス・土石製品,,,,,,,,False,False,False,False,False,False
5476.T,5476,日本高周波鋼業,Standard,鉄鋼,,,,,,,,False,False,False,False,False,False
5577.T,5577,アイデミー,Growth,情報・通信業,,,,,,,,False,False,False,False,False,False
5595.T,5595,ＱＰＳ研究所,Growth,情報・通信業,,,,,,,,False,False,False,False,False,False
5596.T,5596,アウトルックコンサルティング,Growth,情報・通信業,,,,,,,,False,False,False,False,False,False
5727.T,5727,東邦チタニウム,Prime,非鉄金属,,,,,,,,False,False,False,False,False,False
5856.T,5856,エルアイイーエイチ,Standard,小売業,,,,,,,,False,False,False,False,False,False
5903.T,5903,シンポ,Standard,金属製品,,,,,,,,False,False,False,False,False,False
6028.T,6028,テクノプロ・ホールディングス,Prime,サービス業,,,,,,,,False,False,False,False,False,False
6060.T,6060,こころネット,Standard,サービス業,,,,,,,,False,False,False,False,False,False
6096.T,6096,レアジョブ,Standard,サービス業,,,,,,,,False,False,False,False,False,False
6173.T,6173,アクアライン,Growth,サービス業,,,,,,,,False,False,False,False,False,False
6201.T,6201,豊田自動織機,Prime,輸送用機器,,,,,,,,False,False,False,False,False,False
6210.T,6210,ＴＯＹＯイノベックス,Standard,機械,,,,,,,,False,False,False,False,False,False
6293.T,6293,日精樹脂工業,Prime,機械,,,,,,,,False,False,False,False,False,False
6297.T,6297,鉱研工業,Standard,機械,,,,,,,,False,False,False,False,False,False
6312.T,6312,フロイント産業,Standard,機械,,,,,,,,False,False,False,False,False,False
6373.T,6373,大同工業,Standard,機械,,,,,,,,False,False,False,False,False,False
6403.T,6403,水道機工,Standard,機械,,,,,,,,False,False,False,False,False,False
6406.T,6406,フジテック,Prime,機械,,,,,,,,False,False,False,False,False,False
6416.T,6416,桂川電機,Standard,機械,,,,,,,,False,False,False,False,False,False
6489.T,6489,前澤工業,Standard,機械,,,,,,,,False,False,False,False,False,False
6542.T,6542,ＦＣホールディングス,Standard,サービス業,,,,,,,,False,False,False,False,False,False
6565.T,6565,ＡＢホテル,Standard,サービス業,,,,,,,,False,False,False,False,False,False
6670.T,6670,ＭＣＪ,Standard,電気機器,,,,,,,,False,False,False,False,False,False
6734.T,6734,ニューテック,Standard,電気機器,,,,,,,,False,False,False,False,False,False
6901.T,6901,澤藤電機,Standard,電気機器,,,,,,,,False,False,False,False,False,False
6930.T,6930,日本アンテナ,Standard,電気機器,,,,,,,,False,False,False,False,False,False
6937.T,6937,古河電池,Prime,電気機器,,,,,,,,False,False,False,False,False,False
6957.T,6957,芝浦電子,Standard,電気機器,,,,,,,,False,False,False,False,False,False
7088.T,7088,フォーラムエンジニアリング,Prime,サービス業,,,,,,,,False,False,False,False,False,False
7092.T,7092,Ｆａｓｔ　Ｆｉｔｎｅｓｓ　Ｊａｐａｎ,Prime,サービス業,,,,,,,,False,False,False,False,False,False
7105.T,7105,三菱ロジスネクスト,Standard,輸送用機器,,,,,,,,False,False,False,False,False,False
7116.T,7116,ダイワ通信,Standard,卸売業,,,,,,,,False,False,False,False,False,False
7205.T,7205,日野自動車,Prime,輸送用機器,,,,,,,,False,False,False,False,False,False
7229.T,7229,ユタカ技研,Standard,輸送用機器,,,,,,,,False,False,False,False,False,False
7250.T,7250,太平洋工業,Prime,輸送用機器,,,,,,,,False,False,False,False,False,False
7317.T,7317,松屋アールアンドディ,Growth,輸送用機器,,,,,,,,False,False,False,False,False,False
7420.T,7420,佐鳥電機,Prime,卸売業,,,,,,,,False,False,False,False,False,False
7445.T,7445,ライトオン,Standard,小売業,,,,,,,,False,False,False,False,False,False
7450.T,7450,サンデー,Standard,小売業,,,,,,,,False,False,False,False,False,False
7455.T,7455,パリミキホールディングス,Standard,小売業,,,,,,,,False,False,False,False,False,False
7467.T,7467,萩原電気ホールディングス,Prime,卸売業,,,,,,,,False,False,False,False,False,False
7635.T,7635,杉田エース,Standard,卸売業,,,,,,,,False,False,False,False,False,False
7718.T,7718,スター精密,Prime,機械,,,,,,,,False,False,False,False,False,False
7732.T,7732,トプコン,Prime,精密機器,,,,,,,,False,False,False,False,False,False
7739.T,7739,キヤノン電子,Prime,電気機器,,,,,,,,False,False,False,False,False,False
7817.T,7817,パラマウントベッドホールディングス,Prime,その他製品,,,,,,,,False,False,False,False,False,False
7851.T,7851,カワセコンピュータサプライ,Standard,その他製品,,,,,,,,False,False,False,False,False,False
7922.T,7922,三光産業,Standard,その他製品,,,,,,,,False,False,False,False,False,False
7923.T,7923,トーイン,Standard,その他製品,,,,,,,,False,False,False,False,False,False
7925.T,7925,前澤化成工業,Prime,化学,,,,,,,,False,False,False,False,False,False
7940.T,7940,ウェーブロックホールディングス,Standard,化学,,,,,,,,False,False,False,False,False,False
7985.T,7985,ネポン,Standard,金属製品,,,,,,,,False,False,False,False,False,False
7999.T,7999,ＭＵＴＯＨホールディングス,Standard,電気機器,,,,,,,,False,False,False,False,False,False
8209.T,8209,フレンドリー,Standard,小売業,,,,,,,,False,False,False,False,False,False
8289.T,8289,Ｏｌｙｍｐｉｃグループ,Standard,小売業,,,,,,,,False,False,False,False,False,False
8515.T,8515,アイフル,Prime,その他金融業,,,,,,,,False,False,False,False,False,False
8940.T,8940,インテリックス,Standard,不動産業,,,,,,,,False,False,False,False,False,False
9067.T,9067,丸運,Standard,陸運業,,,,,,,,False,False,False,False,False,False
9338.T,9338,ＩＮＦＯＲＩＣＨ,Growth,サービス業,,,,,,,,False,False,False,False,False,False
9386.T,9386,日本コンセプト,Prime,倉庫・運輸関連業,,,,,,,,False,False,False,False,False,False
9600.T,9600,アイネット,Prime,情報・通信業,,,,,,,,False,False,False,False,False,False
9719.T,9719,ＳＣＳＫ,Prime,情報・通信業,,,,,,,,False,False,False,False,False,False
9776.T,9776,札幌臨床検査センター,Standard,サービス業,,,,,,,,False,False,False,False,False,False
9914.T,9914,植松商会,Standard,卸売業,,,,,,,,False,False,False,False,False,False
9927.T,9927,ワットマン,Standard,小売業,,,,,,,,False,False,False,False,False,False
