ticker,code,name,market,sector33,size,last_date,bars,last_close,adv_jpy,adv_shares,turnover_last,ok_adv,ok_price,ok_history,ok_split,ok_fresh,passes
285A.T,285A,キオクシアホールディングス,プライム（内国株式）,電気機器,TOPIX Mid400,2026-08-25,409.0,51260.0,2306257761050.0,46712415.0,1563532520000.0,True,True,True,True,True,True
5803.T,5803,フジクラ,プライム（内国株式）,非鉄金属,TOPIX Large70,2026-08-25,2601.0,5292.0,336277538225.0,65585390.0,374941904400.0,True,True,True,True,True,True
6857.T,6857,アドバンテスト,プライム（内国株式）,電気機器,TOPIX Core30,2026-08-25,2601.0,34450.0,306456419825.0,9448870.0,306663565000.0,True,True,True,True,True,True
6976.T,6976,太陽誘電,プライム（内国株式）,電気機器,TOPIX Mid400,2026-08-25,2601.0,9270.0,235021242215.0,23743250.0,208958778000.0,True,True,True,True,True,True
9984.T,9984,ソフトバンクグループ,プライム（内国株式）,情報・通信業,TOPIX Core30,2026-08-25,2601.0,5087.0,233291146670.0,43646240.0,144767880800.0,True,True,True,True,True,True
8035.T,8035,東京エレクトロン,プライム（内国株式）,電気機器,TOPIX Core30,2026-08-25,2601.0,55410.0,226317939450.0,4087655.0,125764077000.0,True,True,True,True,True,True
6981.T,6981,村田製作所,プライム（内国株式）,電気機器,TOPIX Large70,2026-08-25,2601.0,7130.0,205523751100.0,28081115.0,133065764000.0,True,True,True,True,True,True
4062.T,4062,イビデン,プライム（内国株式）,電気機器,TOPIX Mid400,2026-08-25,2601.0,19980.0,152845184250.0,8235210.0,141915942000.0,True,True,True,True,True,True
8306.T,8306,三菱ＵＦＪフィナンシャル・グループ,プライム（内国株式）,銀行業,TOPIX Core30,2026-08-25,2601.0,3529.0,140851725930.0,39410910.0,71563532300.0,True,True,True,True,True,True
6920.T,6920,レーザーテック,プライム（内国株式）,電気機器,TOPIX Large70,2026-08-25,2601.0,34950.0,129531173150.0,3361080.0,74936295000.0,True,True,True,True,True,True
5801.T,5801,古河電気工業,プライム（内国株式）,非鉄金属,TOPIX Mid400,2026-08-25,2601.0,4000.0,129314598417.5,34006535.0,165868800000.0,True,True,True,True,True,True
7203.T,7203,トヨタ自動車,プライム（内国株式）,輸送用機器,TOPIX Core30,2026-08-25,2601.0,3082.0,105415860195.0,34722145.0,57334137800.0,True,True,True,True,True,True
6146.T,6146,ディスコ,プライム（内国株式）,機械,TOPIX Large70,2026-08-25,2601.0,60700.0,105050112550.0,1763040.0,118371070000.0,True,True,True,True,True,True
7974.T,7974,任天堂,プライム（内国株式）,その他製品,TOPIX Core30,2026-08-25,2601.0,8864.0,94380253235.0,11470575.0,59980028800.0,True,True,True,True,True,True
9983.T,9983,ファーストリテイリング,プライム（内国株式）,小売業,TOPIX Core30,2026-08-25,2601.0,72530.0,83398012850.0,1075360.0,40892414000.0,True,True,True,True,True,True
5016.T,5016,ＪＸ金属,プライム（内国株式）,非鉄金属,TOPIX Mid400,2026-08-25,351.0,3820.0,81216031895.0,21416805.0,55099298000.0,True,True,True,True,True,True
8316.T,8316,三井住友フィナンシャルグループ,プライム（内国株式）,銀行業,TOPIX Core30,2026-08-25,2601.0,6633.0,80235005355.0,11899300.0,45039396600.0,True,True,True,True,True,True
7011.T,7011,三菱重工業,プライム（内国株式）,機械,TOPIX Core30,2026-08-25,2601.0,3946.0,76987707630.0,19115275.0,33861415200.0,True,True,True,True,True,True
8411.T,8411,みずほフィナンシャルグループ,プライム（内国株式）,銀行業,TOPIX Core30,2026-08-25,2601.0,8208.0,76961736950.0,9293480.0,48235953600.0,True,True,True,True,True,True
6758.T,6758,ソニーグループ,プライム（内国株式）,電気機器,TOPIX Core30,2026-08-25,2601.0,3832.0,69365715045.0,18578385.0,38897482400.0,True,True,True,True,True,True
6501.T,6501,日立製作所,プライム（内国株式）,電気機器,TOPIX Core30,2026-08-25,2601.0,5300.0,67443655550.0,12555365.0,37856840000.0,True,True,True,True,True,True
6525.T,6525,ＫＯＫＵＳＡＩ　ＥＬＥＣＴＲＩＣ,プライム（内国株式）,電気機器,TOPIX Mid400,2026-08-25,691.0,8489.0,66356433810.0,8266290.0,44532445100.0,True,True,True,True,True,True
6098.T,6098,リクルートホールディングス,プライム（内国株式）,サービス業,TOPIX Core30,2026-08-25,2601.0,16605.0,63181596875.0,4280335.0,50020902000.0,True,True,True,True,True,True
6861.T,6861,キーエンス,プライム（内国株式）,電気機器,TOPIX Core30,2026-08-25,2601.0,82250.0,62198404850.0,758515.0,27899200000.0,True,True,True,True,True,True
5802.T,5802,住友電気工業,プライム（内国株式）,非鉄金属,TOPIX Large70,2026-08-25,2601.0,2199.5,59464194320.0,26821245.0,37491137350.0,True,True,True,True,True,True
5706.T,5706,三井金属,プライム（内国株式）,非鉄金属,TOPIX Mid400,2026-08-25,2601.0,28330.0,55243544900.0,1879530.0,39877308000.0,True,True,True,True,True,True
6723.T,6723,ルネサスエレクトロニクス,プライム（内国株式）,電気機器,TOPIX Large70,2026-08-25,2601.0,3402.0,54513693450.0,15087605.0,36591231600.0,True,True,True,True,True,True
3436.T,3436,ＳＵＭＣＯ,プライム（内国株式）,金属製品,TOPIX Mid400,2026-08-25,2601.0,3543.0,53986990347.5,15568620.0,40762569300.0,True,True,True,True,True,True
6954.T,6954,ファナック,プライム（内国株式）,電気機器,TOPIX Large70,2026-08-25,2601.0,6047.0,48931202330.0,7656960.0,25147658900.0,True,True,True,True,True,True
4063.T,4063,信越化学工業,プライム（内国株式）,化学,TOPIX Core30,2026-08-25,2601.0,6005.0,46750015485.0,7763695.0,33931853000.0,True,True,True,True,True,True
7735.T,7735,ＳＣＲＥＥＮホールディングス,プライム（内国株式）,電気機器,TOPIX Mid400,2026-08-25,2601.0,13305.0,46433568100.0,3555335.0,26178918000.0,True,True,True,True,True,True
4004.T,4004,レゾナック・ホールディングス,プライム（内国株式）,化学,TOPIX Mid400,2026-08-25,2601.0,16180.0,45903322650.0,3003335.0,25383184000.0,True,True,True,True,True,True
7013.T,7013,ＩＨＩ,プライム（内国株式）,機械,TOPIX Mid400,2026-08-25,2601.0,2696.0,41235960507.5,14786030.0,21326438400.0,True,True,True,True,True,True
6752.T,6752,パナソニック　ホールディングス,プライム（内国株式）,電気機器,TOPIX Large70,2026-08-25,2601.0,4311.0,40478540085.0,9504060.0,34181487900.0,True,True,True,True,True,True
5713.T,5713,住友金属鉱山,プライム（内国株式）,非鉄金属,TOPIX Mid400,2026-08-25,2601.0,11250.0,39191587935.0,4133585.0,39139875000.0,True,True,True,True,True,True
8136.T,8136,サンリオ,プライム（内国株式）,卸売業,TOPIX Mid400,2026-08-25,2601.0,1214.5,36970075512.5,29059695.0,17084128600.0,True,True,True,True,True,True
6701.T,6701,日本電気,プライム（内国株式）,電気機器,TOPIX Large70,2026-08-25,2601.0,4650.0,36958953050.0,7734860.0,26127885000.0,True,True,True,True,True,True
6503.T,6503,三菱電機,プライム（内国株式）,電気機器,TOPIX Core30,2026-08-25,2601.0,5614.0,36548869385.0,6410895.0,20332785200.0,True,True,True,True,True,True
8058.T,8058,三菱商事,プライム（内国株式）,卸売業,TOPIX Core30,2026-08-25,2601.0,4765.0,35735029715.0,7494825.0,21784150500.0,True,True,True,True,True,True
8766.T,8766,東京海上ホールディングス,プライム（内国株式）,保険業,TOPIX Core30,2026-08-25,2601.0,7408.0,35437679480.0,4592120.0,31248425600.0,True,True,True,True,True,True
6367.T,6367,ダイキン工業,プライム（内国株式）,機械,TOPIX Core30,2026-08-25,2601.0,20830.0,35092577625.0,1578525.0,17713832000.0,True,True,True,True,True,True
6762.T,6762,ＴＤＫ,プライム（内国株式）,電気機器,TOPIX Large70,2026-08-25,2601.0,3049.0,35072754617.5,11606490.0,20438361700.0,True,True,True,True,True,True
5401.T,5401,日本製鉄,プライム（内国株式）,鉄鋼,TOPIX Large70,2026-08-25,2601.0,672.2000122070312,33584863195.815735,50054760.0,19614325816.192627,True,True,True,True,True,True
7267.T,7267,本田技研工業,プライム（内国株式）,輸送用機器,TOPIX Core30,2026-08-25,2601.0,1696.0,32363897860.0,19432785.0,27321033600.0,True,True,True,True,True,True
7012.T,7012,川崎重工業,プライム（内国株式）,輸送用機器,TOPIX Mid400,2026-08-25,2601.0,2611.0,31975594270.0,11644070.0,20380682700.0,True,True,True,True,True,True
6702.T,6702,富士通,プライム（内国株式）,電気機器,TOPIX Large70,2026-08-25,2601.0,3728.0,31491497350.0,8540240.0,16195177600.0,True,True,True,True,True,True
2914.T,2914,日本たばこ産業,プライム（内国株式）,食料品,TOPIX Core30,2026-08-25,2601.0,6986.0,30675842160.0,4415495.0,18800024600.0,True,True,True,True,True,True
9433.T,9433,ＫＤＤＩ,プライム（内国株式）,情報・通信業,TOPIX Core30,2026-08-25,2601.0,2909.5,28066316300.0,9650835.0,16813418600.0,True,True,True,True,True,True
8031.T,8031,三井物産,プライム（内国株式）,卸売業,TOPIX Core30,2026-08-25,2601.0,4949.0,28001352670.0,5768335.0,19611897200.0,True,True,True,True,True,True
8001.T,8001,伊藤忠商事,プライム（内国株式）,卸売業,TOPIX Core30,2026-08-25,2601.0,2118.0,27764357067.5,13643655.0,25765470000.0,True,True,True,True,True,True
7936.T,7936,アシックス,プライム（内国株式）,その他製品,TOPIX Large70,2026-08-25,2601.0,4695.0,27161378600.0,5473665.0,16775235000.0,True,True,True,True,True,True
6506.T,6506,安川電機,プライム（内国株式）,電気機器,TOPIX Mid400,2026-08-25,2601.0,4966.0,25008251380.0,4967570.0,12942389200.0,True,True,True,True,True,True
7741.T,7741,ＨＯＹＡ,プライム（内国株式）,精密機器,TOPIX Core30,2026-08-25,2601.0,24995.0,24908317500.0,984955.0,11755148500.0,True,True,True,True,True,True
6273.T,6273,ＳＭＣ,プライム（内国株式）,機械,TOPIX Large70,2026-08-25,2601.0,72090.0,24534036550.0,335675.0,18721773000.0,True,True,True,True,True,True
3110.T,3110,日東紡績,プライム（内国株式）,ガラス・土石製品,TOPIX Small 1,2026-08-25,2601.0,2971.0,24521647665.0,8111910.0,24014593000.0,True,True,True,True,True,True
8002.T,8002,丸紅,プライム（内国株式）,卸売業,TOPIX Large70,2026-08-25,2601.0,4957.0,24378744110.0,4864475.0,11660351100.0,True,True,True,True,True,True
8308.T,8308,りそなホールディングス,プライム（内国株式）,銀行業,TOPIX Large70,2026-08-25,2601.0,2416.0,24360355627.5,10527590.0,15789043200.0,True,True,True,True,True,True
3103.T,3103,ユニチカ,スタンダード（内国株式）,繊維製品,TOPIX Small 2,2026-08-25,2601.0,1543.0,24047749635.0,17053845.0,35528037900.0,True,True,True,True,True,True
4502.T,4502,武田薬品工業,プライム（内国株式）,医薬品,TOPIX Core30,2026-08-25,2601.0,5813.0,23397308195.0,4163905.0,17584906300.0,True,True,True,True,True,True
4901.T,4901,富士フイルムホールディングス,プライム（内国株式）,化学,TOPIX Large70,2026-08-25,2601.0,3249.0,23207669655.0,6875515.0,13651323300.0,True,True,True,True,True,True
6301.T,6301,小松製作所,プライム（内国株式）,機械,TOPIX Large70,2026-08-25,2601.0,7440.0,23130766735.0,3235605.0,14873304000.0,True,True,True,True,True,True
9104.T,9104,商船三井,プライム（内国株式）,海運業,TOPIX Large70,2026-08-25,2601.0,7214.0,22506724575.0,3453950.0,34319162200.0,True,True,True,True,True,True
9101.T,9101,日本郵船,プライム（内国株式）,海運業,TOPIX Large70,2026-08-25,2601.0,7141.0,22435684635.0,3485570.0,40870799400.0,True,True,True,True,True,True
6361.T,6361,荏原製作所,プライム（内国株式）,機械,TOPIX Mid400,2026-08-25,2601.0,4931.0,21962211155.0,4097545.0,10242673200.0,True,True,True,True,True,True
8591.T,8591,オリックス,プライム（内国株式）,その他金融業,TOPIX Large70,2026-08-25,2601.0,6279.0,21833619035.0,3455940.0,13612872000.0,True,True,True,True,True,True
6871.T,6871,日本マイクロニクス,プライム（内国株式）,電気機器,TOPIX Small 1,2026-08-25,2601.0,13870.0,21752728450.0,1558870.0,12858877000.0,True,True,True,True,True,True
8015.T,8015,豊田通商,プライム（内国株式）,卸売業,TOPIX Large70,2026-08-25,2601.0,7484.0,21427595425.0,3062565.0,12776684800.0,True,True,True,True,True,True
7182.T,7182,ゆうちょ銀行,プライム（内国株式）,銀行業,TOPIX Large70,2026-08-25,2601.0,3187.0,21274903765.0,6691160.0,10351376000.0,True,True,True,True,True,True
2802.T,2802,味の素,プライム（内国株式）,食料品,TOPIX Large70,2026-08-25,2601.0,5497.0,21097671360.0,4031840.0,11598120300.0,True,True,True,True,True,True
4661.T,4661,オリエンタルランド,プライム（内国株式）,サービス業,TOPIX Large70,2026-08-25,2601.0,3000.0,20997143400.0,7008365.0,8513400000.0,True,True,True,True,True,True
6963.T,6963,ローム,プライム（内国株式）,電気機器,TOPIX Mid400,2026-08-25,2601.0,4718.0,20773135000.0,4582175.0,10320625000.0,True,True,True,True,True,True
8725.T,8725,ＭＳ＆ＡＤインシュアランスグループホールディングス,プライム（内国株式）,保険業,TOPIX Large70,2026-08-25,2601.0,5072.0,20295503500.0,4144835.0,16092948800.0,True,True,True,True,True,True
6971.T,6971,京セラ,プライム（内国株式）,電気機器,TOPIX Large70,2026-08-25,2601.0,3602.0,20078256245.0,5431775.0,10034811800.0,True,True,True,True,True,True
9501.T,9501,東京電力ホールディングス,プライム（内国株式）,電気・ガス業,TOPIX Mid400,2026-08-25,2601.0,517.7999877929688,19976320750.352478,38065980.0,23981388634.643555,True,True,True,True,True,True
5108.T,5108,ブリヂストン,プライム（内国株式）,ゴム製品,TOPIX Large70,2026-08-25,2601.0,4134.0,19528349920.0,4781495.0,8455270200.0,True,True,True,True,True,True
8053.T,8053,住友商事,プライム（内国株式）,卸売業,TOPIX Large70,2026-08-25,2601.0,1769.0,19495826660.0,11457175.0,10155121400.0,True,True,True,True,True,True
4578.T,4578,大塚ホールディングス,プライム（内国株式）,医薬品,TOPIX Large70,2026-08-25,2601.0,12090.0,19216073800.0,1619120.0,7195968000.0,True,True,True,True,True,True
9434.T,9434,ソフトバンク,プライム（内国株式）,情報・通信業,TOPIX Core30,2026-08-25,1872.0,239.3000030517578,19083345565.51735,82578880.0,18571235686.836243,True,True,True,True,True,True
7751.T,7751,キヤノン,プライム（内国株式）,電気機器,TOPIX Large70,2026-08-25,2601.0,4609.0,18880846150.0,4169605.0,10389607800.0,True,True,True,True,True,True
4568.T,4568,第一三共,プライム（内国株式）,医薬品,TOPIX Core30,2026-08-25,2601.0,2829.5,18650080872.5,6857530.0,11923795950.0,True,True,True,True,True,True
4519.T,4519,中外製薬,プライム（内国株式）,医薬品,TOPIX Large70,2026-08-25,2601.0,6950.0,18425686360.0,2658525.0,9047510000.0,True,True,True,True,True,True
7272.T,7272,ヤマハ発動機,プライム（内国株式）,輸送用機器,TOPIX Mid400,2026-08-25,2601.0,1963.0,18084198125.0,10420035.0,9507986800.0,True,True,True,True,True,True
9107.T,9107,川崎汽船,プライム（内国株式）,海運業,TOPIX Mid400,2026-08-25,2601.0,3421.0,17780392607.5,5846105.0,33997898000.0,True,True,True,True,True,True
6902.T,6902,デンソー,プライム（内国株式）,輸送用機器,TOPIX Large70,2026-08-25,2601.0,1921.5,17720422687.5,8954560.0,9366351750.0,True,True,True,True,True,True
3382.T,3382,セブン＆アイ・ホールディングス,プライム（内国株式）,小売業,TOPIX Core30,2026-08-25,2601.0,2033.0,17706491090.0,8472720.0,14641869300.0,True,True,True,True,True,True
6526.T,6526,ソシオネクスト,プライム（内国株式）,電気機器,TOPIX Mid400,2026-08-25,947.0,1962.0,17318243815.0,8670295.0,10331499600.0,True,True,True,True,True,True
7832.T,7832,バンダイナムコホールディングス,プライム（内国株式）,その他製品,TOPIX Large70,2026-08-25,2601.0,5576.0,17177115045.0,3360395.0,11929294400.0,True,True,True,True,True,True
8630.T,8630,ＳＯＭＰＯホールディングス,プライム（内国株式）,保険業,TOPIX Large70,2026-08-25,2601.0,6803.0,17109716450.0,2472540.0,11118142900.0,True,True,True,True,True,True
8750.T,8750,第一ライフグループ,プライム（内国株式）,保険業,TOPIX Large70,2026-08-25,2601.0,1802.0,16752145342.5,8971855.0,12173050600.0,True,True,True,True,True,True
1605.T,1605,ＩＮＰＥＸ,プライム（内国株式）,鉱業,TOPIX Mid400,2026-08-25,2601.0,3878.0,16672619345.0,4522010.0,13061879600.0,True,True,True,True,True,True
8309.T,8309,三井住友トラストグループ,プライム（内国株式）,銀行業,TOPIX Large70,2026-08-25,2601.0,1734.0,16097533035.0,9528040.0,9346433400.0,True,True,True,True,True,True
7269.T,7269,スズキ,プライム（内国株式）,輸送用機器,TOPIX Large70,2026-08-25,2601.0,2119.0,15952963855.0,7866825.0,9930693500.0,True,True,True,True,True,True
8802.T,8802,三菱地所,プライム（内国株式）,不動産業,TOPIX Large70,2026-08-25,2601.0,3710.0,15925907040.0,4239095.0,10953775000.0,True,True,True,True,True,True
8801.T,8801,三井不動産,プライム（内国株式）,不動産業,TOPIX Large70,2026-08-25,2601.0,1513.5,15778676832.5,10502505.0,9598011600.0,True,True,True,True,True,True
4307.T,4307,野村総合研究所,プライム（内国株式）,情報・通信業,TOPIX Large70,2026-08-25,2601.0,5113.0,15677915925.0,3156715.0,6928115000.0,True,True,True,True,True,True
8604.T,8604,野村ホールディングス,プライム（内国株式）,証券、商品先物取引業,TOPIX Large70,2026-08-25,2601.0,1571.5,15356427097.5,9985040.0,12370219400.0,True,True,True,True,True,True
4755.T,4755,楽天グループ,プライム（内国株式）,サービス業,TOPIX Mid400,2026-08-25,2601.0,768.9000244140625,15234137287.51831,19226655.0,8601915243.127441,True,True,True,True,True,True
6504.T,6504,富士電機,プライム（内国株式）,電気機器,TOPIX Mid400,2026-08-25,2601.0,14010.0,15147095875.0,1085585.0,6990990000.0,True,True,True,True,True,True
4503.T,4503,アステラス製薬,プライム（内国株式）,医薬品,TOPIX Large70,2026-08-25,2601.0,2415.0,15034892720.0,6542255.0,10203858000.0,True,True,True,True,True,True
4452.T,4452,花王,プライム（内国株式）,化学,TOPIX Large70,2026-08-25,2601.0,3614.0,15000782615.0,4277580.0,10757071000.0,True,True,True,True,True,True
9697.T,9697,カプコン,プライム（内国株式）,情報・通信業,TOPIX Mid400,2026-08-25,2601.0,4266.0,14610024820.0,3577395.0,7532902800.0,True,True,True,True,True,True
8267.T,8267,イオン,プライム（内国株式）,小売業,TOPIX Large70,2026-08-25,2601.0,1395.5,14581874705.0,10550270.0,14925012050.0,True,True,True,True,True,True
6305.T,6305,日立建機,プライム（内国株式）,機械,TOPIX Mid400,2026-08-25,2601.0,5936.0,14293091815.0,2559115.0,15500676800.0,True,True,True,True,True,True
6890.T,6890,フェローテック,スタンダード（内国株式）,電気機器,-,2026-08-25,2601.0,8840.0,14022214450.0,1645105.0,8845304000.0,True,True,True,True,True,True
7003.T,7003,三井Ｅ＆Ｓ,プライム（内国株式）,機械,TOPIX Mid400,2026-08-25,2601.0,4238.0,13761636280.0,3171225.0,5287752600.0,True,True,True,True,True,True
7270.T,7270,ＳＵＢＡＲＵ,プライム（内国株式）,輸送用機器,TOPIX Large70,2026-08-25,2601.0,2613.0,13740316660.0,5252130.0,8455668000.0,True,True,True,True,True,True
278A.T,278A,Ｔｅｒｒａ　Ｄｒｏｎｅ,グロース（内国株式）,精密機器,-,2026-08-25,422.0,14050.0,13686693750.0,1074630.0,17538615000.0,True,True,True,True,True,True
9766.T,9766,コナミグループ,プライム（内国株式）,情報・通信業,TOPIX Mid400,2026-08-25,2601.0,22190.0,13380015575.0,624235.0,7606732000.0,True,True,True,True,True,True
6326.T,6326,クボタ,プライム（内国株式）,機械,TOPIX Large70,2026-08-25,2601.0,2802.5,13356570125.0,4982495.0,6992237500.0,True,True,True,True,True,True
3563.T,3563,ＦＯＯＤ　＆　ＬＩＦＥ　ＣＯＭＰＡＮＩＥＳ,プライム（内国株式）,小売業,TOPIX Mid400,2026-08-25,2317.0,5695.0,13234134275.0,2310030.0,9456547500.0,True,True,True,True,True,True
6383.T,6383,ダイフク,プライム（内国株式）,機械,TOPIX Mid400,2026-08-25,2601.0,5861.0,13099695835.0,2170860.0,9222869600.0,True,True,True,True,True,True
2502.T,2502,アサヒグループホールディングス,プライム（内国株式）,食料品,TOPIX Large70,2026-08-25,2601.0,1688.0,13092119140.0,7747500.0,8220391200.0,True,True,True,True,True,True
4543.T,4543,テルモ,プライム（内国株式）,精密機器,TOPIX Large70,2026-08-25,2601.0,2596.5,12935167587.5,5206185.0,8065248300.0,True,True,True,True,True,True
7453.T,7453,良品計画,プライム（内国株式）,小売業,TOPIX Mid400,2026-08-25,2601.0,4289.0,12865040335.0,2972775.0,9648105500.0,True,True,True,True,True,True
4911.T,4911,資生堂,プライム（内国株式）,化学,TOPIX Mid400,2026-08-25,2601.0,3685.0,12814746265.0,3726725.0,6599835000.0,True,True,True,True,True,True
6315.T,6315,ＴＯＷＡ,プライム（内国株式）,機械,TOPIX Small 1,2026-08-25,2601.0,2337.0,12710213985.0,5037755.0,7906071000.0,True,True,True,True,True,True
2503.T,2503,キリンホールディングス,プライム（内国株式）,食料品,TOPIX Large70,2026-08-25,2601.0,3084.0,12604483755.0,4175100.0,9110444400.0,True,True,True,True,True,True
5411.T,5411,ＪＦＥホールディングス,プライム（内国株式）,鉄鋼,TOPIX Mid400,2026-08-25,2601.0,1834.0,12540221725.0,6857815.0,10374387800.0,True,True,True,True,True,True
9020.T,9020,東日本旅客鉄道,プライム（内国株式）,陸運業,TOPIX Large70,2026-08-25,2601.0,3625.0,12292485390.0,3468320.0,13659000000.0,True,True,True,True,True,True
1812.T,1812,鹿島建設,プライム（内国株式）,建設業,TOPIX Mid400,2026-08-25,2601.0,4835.0,12142007760.0,2413655.0,8339408000.0,True,True,True,True,True,True
6645.T,6645,オムロン,プライム（内国株式）,電気機器,TOPIX Mid400,2026-08-25,2601.0,6476.0,12140274805.0,1905200.0,8669421200.0,True,True,True,True,True,True
8473.T,8473,ＳＢＩホールディングス,プライム（内国株式）,証券、商品先物取引業,TOPIX Mid400,2026-08-25,2601.0,3232.0,12098656325.0,3987620.0,9719593600.0,True,True,True,True,True,True
7201.T,7201,日産自動車,プライム（内国株式）,輸送用機器,TOPIX Mid400,2026-08-25,2601.0,323.79998779296875,11995217548.908234,35773650.0,10017044042.364502,True,True,True,True,True,True
5711.T,5711,三菱マテリアル,プライム（内国株式）,非鉄金属,TOPIX Mid400,2026-08-25,2601.0,5628.0,11804763190.0,2320625.0,11684853600.0,True,True,True,True,True,True
6479.T,6479,ミネベアミツミ,プライム（内国株式）,電気機器,TOPIX Mid400,2026-08-25,2601.0,3346.0,11751068700.0,3214415.0,10391337600.0,True,True,True,True,True,True
9843.T,9843,ニトリホールディングス,プライム（内国株式）,小売業,TOPIX Mid400,2026-08-25,2601.0,3073.0,11480041480.0,4049780.0,6590355800.0,True,True,True,True,True,True
7532.T,7532,パン・パシフィック・インターナショナルホールディングス,プライム（内国株式）,小売業,TOPIX Mid400,2026-08-25,2601.0,814.0,11415731341.07788,13004700.0,12597301200.0,True,True,True,True,True,True
6988.T,6988,日東電工,プライム（内国株式）,化学,TOPIX Mid400,2026-08-25,2601.0,3381.0,11121438610.0,3219225.0,4809134400.0,True,True,True,True,True,True
6178.T,6178,日本郵政,プライム（内国株式）,サービス業,TOPIX Large70,2026-08-25,2601.0,2378.0,11074658705.0,4661140.0,7262887600.0,True,True,True,True,True,True
6787.T,6787,メイコー,プライム（内国株式）,電気機器,TOPIX Small 1,2026-08-25,2601.0,17990.0,10976999950.0,571950.0,8485883000.0,True,True,True,True,True,True
3659.T,3659,ネクソン,プライム（内国株式）,情報・通信業,TOPIX Mid400,2026-08-25,2601.0,3114.0,10827073832.5,3888050.0,8380708200.0,True,True,True,True,True,True
3407.T,3407,旭化成,プライム（内国株式）,化学,TOPIX Large70,2026-08-25,2601.0,1633.5,10592824517.5,6291880.0,6858739800.0,True,True,True,True,True,True
6594.T,6594,ニデック,プライム（内国株式）,電気機器,-,2026-08-25,2601.0,2606.0,10485910470.0,3959995.0,6901209200.0,True,True,True,True,True,True
3099.T,3099,三越伊勢丹ホールディングス,プライム（内国株式）,小売業,TOPIX Mid400,2026-08-25,2601.0,3511.0,10466778255.0,2912305.0,4646808500.0,True,True,True,True,True,True
2413.T,2413,エムスリー,プライム（内国株式）,サービス業,TOPIX Mid400,2026-08-25,2601.0,1750.0,10445920440.0,6132120.0,7898800000.0,True,True,True,True,True,True
9022.T,9022,東海旅客鉄道,プライム（内国株式）,陸運業,TOPIX Large70,2026-08-25,2601.0,3964.0,10412733165.0,2644535.0,7887963600.0,True,True,True,True,True,True
3905.T,3905,データセクション,グロース（内国株式）,情報・通信業,-,2026-08-25,2601.0,1614.0,10314684505.0,5667465.0,7291245000.0,True,True,True,True,True,True
9502.T,9502,中部電力,プライム（内国株式）,電気・ガス業,TOPIX Mid400,2026-08-25,2601.0,2910.5,10294607260.0,3692625.0,7819349300.0,True,True,True,True,True,True
6481.T,6481,ＴＨＫ,プライム（内国株式）,機械,TOPIX Mid400,2026-08-25,2601.0,6841.0,10266171685.0,1472310.0,4608097600.0,True,True,True,True,True,True
5201.T,5201,ＡＧＣ,プライム（内国株式）,ガラス・土石製品,TOPIX Mid400,2026-08-25,2601.0,5715.0,10163905865.0,1736875.0,5717857500.0,True,True,True,True,True,True
6323.T,6323,ローツェ,プライム（内国株式）,機械,TOPIX Mid400,2026-08-25,2601.0,4059.0,10102241470.0,2536120.0,5847395400.0,True,True,True,True,True,True
8830.T,8830,住友不動産,プライム（内国株式）,不動産業,TOPIX Large70,2026-08-25,2601.0,3402.0,10074202910.0,2912635.0,6943141800.0,True,True,True,True,True,True
4689.T,4689,ＬＩＮＥヤフー,プライム（内国株式）,情報・通信業,TOPIX Large70,2026-08-25,2601.0,540.2999877929688,10042190784.901886,20640270.0,10074109392.39502,True,True,True,True,True,True
4751.T,4751,サイバーエージェント,プライム（内国株式）,サービス業,TOPIX Mid400,2026-08-25,2601.0,1343.5,10037096910.0,7532175.0,4473317600.0,True,True,True,True,True,True
543A.T,543A,ＡＲＣＨＩＯＮ,プライム（内国株式）,輸送用機器,TOPIX Small 1,2026-08-25,2601.0,271.0,10017979025.0,36257460.0,5268185800.0,True,True,True,True,True,True
5334.T,5334,日本特殊陶業,プライム（内国株式）,ガラス・土石製品,TOPIX Mid400,2026-08-25,2601.0,8701.0,9970650680.0,1064760.0,7820458800.0,True,True,True,True,True,True
7733.T,7733,オリンパス,プライム（内国株式）,精密機器,TOPIX Large70,2026-08-25,2601.0,2166.0,9947432597.5,4946165.0,7631684400.0,True,True,True,True,True,True
6324.T,6324,ハーモニック・ドライブ・システムズ,プライム（内国株式）,機械,TOPIX Small 2,2026-08-25,2601.0,5780.0,9935427400.0,1593330.0,6198472000.0,True,True,True,True,True,True
7911.T,7911,ＴＯＰＰＡＮホールディングス,プライム（内国株式）,その他製品,TOPIX Mid400,2026-08-25,2601.0,4946.0,9902129460.0,2006915.0,7031233600.0,True,True,True,True,True,True
5101.T,5101,横浜ゴム,プライム（内国株式）,ゴム製品,TOPIX Mid400,2026-08-25,2601.0,7467.0,9852421810.0,1301495.0,7417717800.0,True,True,True,True,True,True
5333.T,5333,ＮＧＫ,プライム（内国株式）,ガラス・土石製品,TOPIX Mid400,2026-08-25,2601.0,5408.0,9798513605.0,1747650.0,7196966400.0,True,True,True,True,True,True
5020.T,5020,ＥＮＥＯＳホールディングス,プライム（内国株式）,石油・石炭製品,TOPIX Large70,2026-08-25,2601.0,1341.5,9749676377.5,7473500.0,10109544000.0,True,True,True,True,True,True
4385.T,4385,メルカリ,プライム（内国株式）,情報・通信業,TOPIX Mid400,2026-08-25,2003.0,4456.0,9641474510.0,2063260.0,7602827200.0,True,True,True,True,True,True
4186.T,4186,東京応化工業,プライム（内国株式）,化学,TOPIX Mid400,2026-08-25,2601.0,8729.0,9633019715.0,1073050.0,4337440100.0,True,True,True,True,True,True
6532.T,6532,ベイカレント,プライム（内国株式）,サービス業,TOPIX Mid400,2026-08-25,2457.0,7810.0,9547028690.0,1303350.0,6561962000.0,True,True,True,True,True,True
1925.T,1925,大和ハウス工業,プライム（内国株式）,建設業,TOPIX Large70,2026-08-25,2601.0,4709.0,9478359445.0,2037655.0,8631126100.0,True,True,True,True,True,True
7261.T,7261,マツダ,プライム（内国株式）,輸送用機器,TOPIX Mid400,2026-08-25,2601.0,1203.0,9389040072.5,8012910.0,6630214200.0,True,True,True,True,True,True
7729.T,7729,東京精密,プライム（内国株式）,精密機器,TOPIX Mid400,2026-08-25,2601.0,18010.0,9329844800.0,533225.0,5919887000.0,True,True,True,True,True,True
1803.T,1803,清水建設,プライム（内国株式）,建設業,TOPIX Mid400,2026-08-25,2601.0,2384.5,9297222772.5,3927205.0,4862949300.0,True,True,True,True,True,True
1928.T,1928,積水ハウス,プライム（内国株式）,建設業,TOPIX Large70,2026-08-25,2601.0,3460.0,9216756990.0,2649905.0,6343910000.0,True,True,True,True,True,True
6590.T,6590,芝浦メカトロニクス,プライム（内国株式）,電気機器,TOPIX Small 1,2026-08-25,2601.0,4095.0,9075112650.0,2054705.0,5020060500.0,True,True,True,True,True,True
9735.T,9735,セコム,プライム（内国株式）,サービス業,TOPIX Large70,2026-08-25,2601.0,6440.0,8848789400.0,1332885.0,4997440000.0,True,True,True,True,True,True
9503.T,9503,関西電力,プライム（内国株式）,電気・ガス業,TOPIX Mid400,2026-08-25,2601.0,2591.5,8826347417.5,3598015.0,8706144250.0,True,True,True,True,True,True
1801.T,1801,大成建設,プライム（内国株式）,建設業,TOPIX Mid400,2026-08-25,2601.0,12805.0,8698312250.0,672895.0,8462824500.0,True,True,True,True,True,True
6134.T,6134,ＦＵＪＩ,プライム（内国株式）,機械,TOPIX Mid400,2026-08-25,2601.0,7219.0,8548000850.0,1108975.0,5183242000.0,True,True,True,True,True,True
5344.T,5344,ＭＡＲＵＷＡ,プライム（内国株式）,ガラス・土石製品,TOPIX Mid400,2026-08-25,2601.0,53910.0,8507414800.0,151890.0,5444910000.0,True,True,True,True,True,True
8697.T,8697,日本取引所グループ,プライム（内国株式）,その他金融業,TOPIX Large70,2026-08-25,2601.0,2262.5,8425076735.0,3774825.0,4053947500.0,True,True,True,True,True,True
8601.T,8601,大和証券グループ本社,プライム（内国株式）,証券、商品先物取引業,TOPIX Mid400,2026-08-25,2601.0,1813.5,8291924517.5,4609545.0,7587321300.0,True,True,True,True,True,True
4005.T,4005,住友化学,プライム（内国株式）,化学,TOPIX Mid400,2026-08-25,2601.0,555.0999755859375,8170794687.830811,15843140.0,4149705377.4902344,True,True,True,True,True,True
5332.T,5332,ＴＯＴＯ,プライム（内国株式）,ガラス・土石製品,TOPIX Mid400,2026-08-25,2601.0,6457.0,8158401950.0,1249255.0,5170119900.0,True,True,True,True,True,True
1802.T,1802,大林組,プライム（内国株式）,建設業,TOPIX Mid400,2026-08-25,2601.0,3011.0,8095524472.5,2628455.0,4854334200.0,True,True,True,True,True,True
4182.T,4182,三菱瓦斯化学,プライム（内国株式）,化学,TOPIX Mid400,2026-08-25,2601.0,3831.0,8003137865.0,1987530.0,7644760500.0,True,True,True,True,True,True
6330.T,6330,東洋エンジニアリング,プライム（内国株式）,建設業,TOPIX Small 2,2026-08-25,2601.0,2630.0,7963029000.0,3432645.0,14739572000.0,True,True,True,True,True,True
4507.T,4507,塩野義製薬,プライム（内国株式）,医薬品,TOPIX Large70,2026-08-25,2601.0,2911.0,7905508390.0,2751490.0,4386585900.0,True,True,True,True,True,True
1942.T,1942,関電工,プライム（内国株式）,建設業,TOPIX Mid400,2026-08-25,2601.0,5400.0,7838264330.0,1430445.0,2688120000.0,True,True,True,True,True,True
6965.T,6965,浜松ホトニクス,プライム（内国株式）,電気機器,TOPIX Mid400,2026-08-25,2601.0,2352.0,7724268035.0,3246155.0,3337017600.0,True,True,True,True,True,True
3350.T,3350,メタプラネット,スタンダード（内国株式）,卸売業,-,2026-08-25,2601.0,330.0,7662300495.0,29040620.0,27117717000.0,True,True,True,True,True,True
1944.T,1944,きんでん,プライム（内国株式）,建設業,TOPIX Mid400,2026-08-25,2601.0,6861.0,7578273945.0,1074735.0,3632213400.0,True,True,True,True,True,True
4523.T,4523,エーザイ,プライム（内国株式）,医薬品,TOPIX Mid400,2026-08-25,2601.0,4861.0,7540682105.0,1556135.0,3539294100.0,True,True,True,True,True,True
9202.T,9202,ＡＮＡホールディングス,プライム（内国株式）,空運業,TOPIX Large70,2026-08-25,2601.0,3050.0,7509941460.0,2409685.0,4470385000.0,True,True,True,True,True,True
9147.T,9147,ＮＩＰＰＯＮ　ＥＸＰＲＥＳＳホールディングス,プライム（内国株式）,陸運業,TOPIX Mid400,2026-08-25,1135.0,5713.0,7485661395.0,1372925.0,5217111600.0,True,True,True,True,True,True
4684.T,4684,オービック,プライム（内国株式）,情報・通信業,TOPIX Mid400,2026-08-25,2601.0,4776.0,7450604355.0,1615410.0,6567000000.0,True,True,True,True,True,True
8795.T,8795,Ｔ＆Ｄホールディングス,プライム（内国株式）,保険業,TOPIX Mid400,2026-08-25,2601.0,4767.0,7401008490.0,1503830.0,5241793200.0,True,True,True,True,True,True
2801.T,2801,キッコーマン,プライム（内国株式）,食料品,TOPIX Mid400,2026-08-25,2601.0,1830.5,7375028882.5,4237875.0,4123384300.0,True,True,True,True,True,True
3402.T,3402,東レ,プライム（内国株式）,繊維製品,TOPIX Mid400,2026-08-25,2601.0,1270.5,7370749545.0,5764495.0,4505447100.0,True,True,True,True,True,True
7186.T,7186,横浜フィナンシャルグループ,プライム（内国株式）,銀行業,TOPIX Mid400,2026-08-25,2561.0,1907.5,7306082317.5,3901840.0,7520318750.0,True,True,True,True,True,True
5838.T,5838,楽天銀行,プライム（内国株式）,銀行業,TOPIX Mid400,2026-08-25,817.0,6457.0,7259414690.0,1247170.0,8011199900.0,True,True,True,True,True,True
6141.T,6141,ＤＭＧ森精機,プライム（内国株式）,機械,TOPIX Mid400,2026-08-25,2601.0,3037.0,7252424490.0,2138630.0,3037303700.0,True,True,True,True,True,True
6841.T,6841,横河電機,プライム（内国株式）,電気機器,TOPIX Mid400,2026-08-25,2601.0,5148.0,7246327840.0,1332055.0,4001025600.0,True,True,True,True,True,True
9201.T,9201,日本航空,プライム（内国株式）,空運業,TOPIX Mid400,2026-08-25,2601.0,3023.0,7210468595.0,2397035.0,4393023600.0,True,True,True,True,True,True
5805.T,5805,ＳＷＣＣ,プライム（内国株式）,非鉄金属,TOPIX Small 1,2026-08-25,2601.0,14210.0,7174770200.0,556650.0,5533374000.0,True,True,True,True,True,True
9021.T,9021,西日本旅客鉄道,プライム（内国株式）,陸運業,TOPIX Large70,2026-08-25,2601.0,2986.0,7157004472.5,2423440.0,4072605400.0,True,True,True,True,True,True
6269.T,6269,三井海洋開発,プライム（内国株式）,機械,TOPIX Mid400,2026-08-25,2601.0,9867.0,7096268235.0,703705.0,6460911600.0,True,True,True,True,True,True
4188.T,4188,三菱ケミカルグループ,プライム（内国株式）,化学,TOPIX Large70,2026-08-25,2601.0,1136.0,7094474902.5,6066140.0,5400544000.0,True,True,True,True,True,True
4203.T,4203,住友ベークライト,プライム（内国株式）,化学,TOPIX Mid400,2026-08-25,2601.0,7378.0,6941756085.0,955640.0,7566139000.0,True,True,True,True,True,True
4704.T,4704,トレンドマイクロ,プライム（内国株式）,情報・通信業,TOPIX Mid400,2026-08-25,2601.0,5554.0,6934537070.0,1141740.0,4196602400.0,True,True,True,True,True,True
9962.T,9962,ミスミグループ本社,プライム（内国株式）,卸売業,TOPIX Mid400,2026-08-25,2601.0,3664.0,6924094280.0,1839715.0,4236683200.0,True,True,True,True,True,True
6613.T,6613,ＱＤレーザ,グロース（内国株式）,電気機器,-,2026-08-25,1357.0,2452.0,6864545695.0,3636745.0,17097305600.0,True,True,True,True,True,True
7202.T,7202,いすゞ自動車,プライム（内国株式）,輸送用機器,TOPIX Mid400,2026-08-25,2601.0,2213.0,6858312702.5,2994850.0,4763703800.0,True,True,True,True,True,True
6728.T,6728,アルバック,プライム（内国株式）,電気機器,TOPIX Mid400,2026-08-25,2601.0,7597.0,6834585825.0,836720.0,6730942000.0,True,True,True,True,True,True
7550.T,7550,ゼンショーホールディングス,プライム（内国株式）,小売業,TOPIX Mid400,2026-08-25,2601.0,11685.0,6829907710.0,627645.0,5844837000.0,True,True,True,True,True,True
3778.T,3778,さくらインターネット,プライム（内国株式）,情報・通信業,TOPIX Small 1,2026-08-25,2601.0,3500.0,6783316835.0,1929135.0,2769200000.0,True,True,True,True,True,True
7014.T,7014,名村造船所,スタンダード（内国株式）,輸送用機器,TOPIX Small 1,2026-08-25,2601.0,4550.0,6782639800.0,1548470.0,5798065000.0,True,True,True,True,True,True
6113.T,6113,アマダ,プライム（内国株式）,機械,TOPIX Mid400,2026-08-25,2601.0,2586.0,6749749117.5,2484700.0,6328976400.0,True,True,True,True,True,True
6227.T,6227,ＡＩメカテック,スタンダード（内国株式）,機械,-,2026-08-25,1240.0,6740.0,6748383900.0,1047925.0,9861294000.0,True,True,True,True,True,True
7309.T,7309,シマノ,プライム（内国株式）,輸送用機器,TOPIX Large70,2026-08-25,2601.0,20075.0,6697681575.0,333190.0,4147495000.0,True,True,True,True,True,True
8593.T,8593,三菱ＨＣキャピタル,プライム（内国株式）,その他金融業,TOPIX Mid400,2026-08-25,2601.0,1394.0,6694230602.5,4700475.0,3754878400.0,True,True,True,True,True,True
2768.T,2768,双日,プライム（内国株式）,卸売業,TOPIX Mid400,2026-08-25,2601.0,5696.0,6693554450.0,1220935.0,5080832000.0,True,True,True,True,True,True
6856.T,6856,堀場製作所,プライム（内国株式）,電気機器,TOPIX Mid400,2026-08-25,2601.0,23325.0,6596140300.0,264610.0,3078900000.0,True,True,True,True,True,True
5831.T,5831,しずおかフィナンシャルグループ,プライム（内国株式）,銀行業,TOPIX Mid400,2026-08-25,953.0,3523.0,6573281155.0,1956875.0,4613368500.0,True,True,True,True,True,True
8303.T,8303,ＳＢＩ新生銀行,プライム（内国株式）,銀行業,TOPIX Mid400,2026-08-25,2069.0,1540.0,6464970020.0,4241685.0,3445596000.0,True,True,True,True,True,True
8331.T,8331,千葉銀行,プライム（内国株式）,銀行業,TOPIX Mid400,2026-08-25,2601.0,2796.5,6437245392.5,2378085.0,4447833250.0,True,True,True,True,True,True
9531.T,9531,東京瓦斯,プライム（内国株式）,電気・ガス業,TOPIX Mid400,2026-08-25,2601.0,6094.0,6431658385.0,1057445.0,5859990400.0,True,True,True,True,True,True
5105.T,5105,ＴＯＹＯ　ＴＩＲＥ,プライム（内国株式）,ゴム製品,TOPIX Mid400,2026-08-25,2601.0,3824.0,6402426190.0,1673445.0,4900838400.0,True,True,True,True,True,True
4980.T,4980,デクセリアルズ,プライム（内国株式）,化学,TOPIX Mid400,2026-08-25,2601.0,3021.0,6323579317.5,2011925.0,6307243800.0,True,True,True,True,True,True
4392.T,4392,ＦＩＧ,プライム（内国株式）,情報・通信業,-,2026-08-25,1994.0,1020.0,6286784360.0,5389610.0,6788916000.0,True,True,True,True,True,True
6834.T,6834,精工技研,スタンダード（内国株式）,電気機器,-,2026-08-25,2601.0,26840.0,6258903900.0,269745.0,6390604000.0,True,True,True,True,True,True
6302.T,6302,住友重機械工業,プライム（内国株式）,機械,TOPIX Mid400,2026-08-25,2601.0,5852.0,6135909855.0,1084545.0,4737779200.0,True,True,True,True,True,True
6806.T,6806,ヒロセ電機,プライム（内国株式）,電気機器,TOPIX Mid400,2026-08-25,2601.0,25605.0,6132648775.0,229865.0,3228790500.0,True,True,True,True,True,True
5714.T,5714,ＤＯＷＡホールディングス,プライム（内国株式）,非鉄金属,TOPIX Mid400,2026-08-25,2601.0,10095.0,6082136540.0,663630.0,4875885000.0,True,True,True,True,True,True
1878.T,1878,大東建託,プライム（内国株式）,不動産業,TOPIX Mid400,2026-08-25,2601.0,3331.0,6000918865.0,1814930.0,3700741000.0,True,True,True,True,True,True
9412.T,9412,スカパーＪＳＡＴ,プライム（内国株式）,情報・通信業,TOPIX Small 1,2026-08-25,2601.0,2209.0,5989362905.0,2624890.0,4502604700.0,True,True,True,True,True,True
9602.T,9602,東宝,プライム（内国株式）,情報・通信業,TOPIX Mid400,2026-08-25,2601.0,1570.0,5966075642.5,3915925.0,4523798000.0,True,True,True,True,True,True
6754.T,6754,アンリツ,プライム（内国株式）,電気機器,TOPIX Mid400,2026-08-25,2601.0,3433.0,5942989175.0,1675835.0,4274428300.0,True,True,True,True,True,True
5631.T,5631,日本製鋼所,プライム（内国株式）,機械,TOPIX Mid400,2026-08-25,2601.0,7674.0,5923314260.0,771565.0,3881509200.0,True,True,True,True,True,True
6869.T,6869,シスメックス,プライム（内国株式）,電気機器,TOPIX Mid400,2026-08-25,2601.0,1970.5,5908648302.5,3230255.0,5213943000.0,True,True,True,True,True,True
4021.T,4021,日産化学,プライム（内国株式）,化学,TOPIX Mid400,2026-08-25,2601.0,8185.0,5893539530.0,758940.0,4819328000.0,True,True,True,True,True,True
6278.T,6278,ユニオンツール,プライム（内国株式）,機械,TOPIX Small 1,2026-08-25,2601.0,14480.0,5892137750.0,365490.0,2809120000.0,True,True,True,True,True,True
2702.T,2702,日本マクドナルドホールディングス,スタンダード（内国株式）,小売業,-,2026-08-25,2601.0,8180.0,5871618200.0,734050.0,6133364000.0,True,True,True,True,True,True
4324.T,4324,電通グループ,プライム（内国株式）,サービス業,TOPIX Mid400,2026-08-25,2601.0,3641.0,5850133665.0,1603905.0,3316951000.0,True,True,True,True,True,True
2587.T,2587,サントリービバレッジ＆フード,プライム（内国株式）,食料品,TOPIX Mid400,2026-08-25,2601.0,4602.0,5813067560.0,1248340.0,4141339800.0,True,True,True,True,True,True
9024.T,9024,西武ホールディングス,プライム（内国株式）,陸運業,TOPIX Mid400,2026-08-25,2601.0,3402.0,5811520960.0,1704500.0,3627892800.0,True,True,True,True,True,True
6407.T,6407,ＣＫＤ,プライム（内国株式）,機械,TOPIX Small 1,2026-08-25,2601.0,5550.0,5778466100.0,969310.0,2353755000.0,True,True,True,True,True,True
6724.T,6724,セイコーエプソン,プライム（内国株式）,電気機器,TOPIX Mid400,2026-08-25,2601.0,3117.0,5765559327.5,1879535.0,3242303400.0,True,True,True,True,True,True
2269.T,2269,明治ホールディングス,プライム（内国株式）,食料品,TOPIX Mid400,2026-08-25,2601.0,4411.0,5762774950.0,1418220.0,7870547300.0,True,True,True,True,True,True
6586.T,6586,マキタ,プライム（内国株式）,機械,TOPIX Mid400,2026-08-25,2601.0,5309.0,5756975000.0,1074575.0,3137088100.0,True,True,True,True,True,True
7259.T,7259,アイシン,プライム（内国株式）,輸送用機器,TOPIX Mid400,2026-08-25,2601.0,2248.0,5729964722.5,2531175.0,4033811200.0,True,True,True,True,True,True
268A.T,268A,リガク・ホールディングス,プライム（内国株式）,精密機器,TOPIX Small 1,2026-08-25,446.0,1678.0,5726556120.0,2919065.0,5440076000.0,True,True,True,True,True,True
6855.T,6855,日本電子材料,スタンダード（内国株式）,電気機器,TOPIX Small 2,2026-08-25,2601.0,6620.0,5703368900.0,879715.0,3098822000.0,True,True,True,True,True,True
3697.T,3697,ＳＨＩＦＴ,プライム（内国株式）,情報・通信業,TOPIX Mid400,2026-08-25,2601.0,943.0,5683138263.477173,6201570.0,2641248700.0,True,True,True,True,True,True
6674.T,6674,ジーエス・ユアサ　コーポレーション,プライム（内国株式）,電気機器,TOPIX Mid400,2026-08-25,2601.0,5357.0,5654290980.0,1022840.0,2302438600.0,True,True,True,True,True,True
1911.T,1911,住友林業,プライム（内国株式）,建設業,TOPIX Mid400,2026-08-25,2601.0,1341.0,5623828172.5,4188895.0,3399300900.0,True,True,True,True,True,True
4768.T,4768,大塚商会,プライム（内国株式）,情報・通信業,TOPIX Mid400,2026-08-25,2601.0,3531.0,5609138865.0,1648665.0,3440253300.0,True,True,True,True,True,True
5110.T,5110,住友ゴム工業,プライム（内国株式）,ゴム製品,TOPIX Mid400,2026-08-25,2601.0,2290.5,5579426862.5,2388805.0,3242431800.0,True,True,True,True,True,True
8354.T,8354,ふくおかフィナンシャルグループ,プライム（内国株式）,銀行業,TOPIX Mid400,2026-08-25,2601.0,7649.0,5465425100.0,727785.0,2993053700.0,True,True,True,True,True,True
8113.T,8113,ユニ・チャーム,プライム（内国株式）,化学,TOPIX Large70,2026-08-25,2601.0,1000.0,5452056505.600281,5440745.0,2771400000.0,True,True,True,True,True,True
8304.T,8304,あおぞら銀行,プライム（内国株式）,銀行業,TOPIX Mid400,2026-08-25,2601.0,3356.0,5449003565.0,1674305.0,3612062800.0,True,True,True,True,True,True
8050.T,8050,セイコーグループ,プライム（内国株式）,精密機器,TOPIX Small 1,2026-08-25,2601.0,10900.0,5431612350.0,547005.0,4065700000.0,True,True,True,True,True,True
6370.T,6370,栗田工業,プライム（内国株式）,機械,TOPIX Mid400,2026-08-25,2601.0,8096.0,5424429750.0,641215.0,3298310400.0,True,True,True,True,True,True
186A.T,186A,アストロスケールホールディングス,グロース（内国株式）,サービス業,-,2026-08-25,543.0,1135.0,5386650810.0,4658530.0,5788046000.0,True,True,True,True,True,True
4612.T,4612,日本ペイントホールディングス,プライム（内国株式）,化学,TOPIX Mid400,2026-08-25,2601.0,1194.0,5340841437.5,4365270.0,2159468400.0,True,True,True,True,True,True
9532.T,9532,大阪瓦斯,プライム（内国株式）,電気・ガス業,TOPIX Mid400,2026-08-25,2601.0,5618.0,5288251250.0,964805.0,3167990200.0,True,True,True,True,True,True
6268.T,6268,ナブテスコ,プライム（内国株式）,機械,TOPIX Mid400,2026-08-25,2601.0,4555.0,5264979690.0,1120245.0,3062782000.0,True,True,True,True,True,True
2875.T,2875,東洋水産,プライム（内国株式）,食料品,TOPIX Mid400,2026-08-25,2601.0,10625.0,5246886775.0,495385.0,3054687500.0,True,True,True,True,True,True
7747.T,7747,朝日インテック,プライム（内国株式）,精密機器,TOPIX Mid400,2026-08-25,2601.0,4024.0,5238388545.0,1343125.0,4390184000.0,True,True,True,True,True,True
7762.T,7762,シチズン時計,プライム（内国株式）,精密機器,TOPIX Small 1,2026-08-25,2601.0,2705.0,5161597165.0,2042735.0,5021291500.0,True,True,True,True,True,True
3038.T,3038,神戸物産,プライム（内国株式）,卸売業,TOPIX Mid400,2026-08-25,2601.0,2848.5,5116105152.5,1818510.0,3790214100.0,True,True,True,True,True,True
6952.T,6952,カシオ計算機,プライム（内国株式）,電気機器,TOPIX Mid400,2026-08-25,2601.0,2339.0,5070665700.0,2261205.0,2105801700.0,True,True,True,True,True,True
2897.T,2897,日清食品ホールディングス,プライム（内国株式）,食料品,TOPIX Mid400,2026-08-25,2601.0,3026.0,5065352420.0,1721395.0,2418984400.0,True,True,True,True,True,True
5019.T,5019,出光興産,プライム（内国株式）,石油・石炭製品,TOPIX Mid400,2026-08-25,2601.0,1378.5,5042327812.5,3832005.0,4287548550.0,True,True,True,True,True,True
7752.T,7752,リコー,プライム（内国株式）,電気機器,TOPIX Mid400,2026-08-25,2601.0,1677.0,5025174575.0,3126250.0,4179419400.0,True,True,True,True,True,True
4506.T,4506,住友ファーマ,プライム（内国株式）,医薬品,TOPIX Mid400,2026-08-25,2601.0,1442.0,5013856757.5,3811190.0,3061221800.0,True,True,True,True,True,True
5076.T,5076,インフロニア・ホールディングス,プライム（内国株式）,建設業,TOPIX Mid400,2026-08-25,1198.0,2769.0,4974997630.0,1865735.0,2653255800.0,True,True,True,True,True,True
7581.T,7581,サイゼリヤ,プライム（内国株式）,小売業,TOPIX Small 1,2026-08-25,2601.0,7310.0,4932311750.0,635715.0,2146216000.0,True,True,True,True,True,True
7912.T,7912,大日本印刷,プライム（内国株式）,その他製品,TOPIX Mid400,2026-08-25,2601.0,3126.0,4923089405.0,1583380.0,4035040800.0,True,True,True,True,True,True
6448.T,6448,ブラザー工業,プライム（内国株式）,電気機器,TOPIX Mid400,2026-08-25,2601.0,4660.0,4903976080.0,1112680.0,4063054000.0,True,True,True,True,True,True
2737.T,2737,トーメンデバイス,プライム（内国株式）,卸売業,TOPIX Small 2,2026-08-25,2601.0,31950.0,4843085750.0,170710.0,3642300000.0,True,True,True,True,True,True
5844.T,5844,京都フィナンシャルグループ,プライム（内国株式）,銀行業,TOPIX Mid400,2026-08-25,2601.0,4839.0,4829424450.0,1020290.0,4502689500.0,True,True,True,True,True,True
3231.T,3231,野村不動産ホールディングス,プライム（内国株式）,不動産業,TOPIX Mid400,2026-08-25,2601.0,935.4000244140625,4790850462.446899,5213035.0,3406072108.898926,True,True,True,True,True,True
6368.T,6368,オルガノ,プライム（内国株式）,機械,TOPIX Mid400,2026-08-25,2601.0,13385.0,4776141225.0,338175.0,1835083500.0,True,True,True,True,True,True
4183.T,4183,三井化学,プライム（内国株式）,化学,TOPIX Mid400,2026-08-25,2601.0,2123.0,4757331380.0,2213435.0,2930376900.0,True,True,True,True,True,True
3197.T,3197,すかいらーくホールディングス,プライム（内国株式）,小売業,TOPIX Mid400,2026-08-25,2601.0,3395.0,4705137780.0,1453020.0,3762678500.0,True,True,True,True,True,True
4527.T,4527,ロート製薬,プライム（内国株式）,医薬品,TOPIX Mid400,2026-08-25,2601.0,2969.5,4701648812.5,1729290.0,5666993800.0,True,True,True,True,True,True
5406.T,5406,神戸製鋼所,プライム（内国株式）,鉄鋼,TOPIX Mid400,2026-08-25,2601.0,2025.0,4609384062.5,2281225.0,3445132500.0,True,True,True,True,True,True
9684.T,9684,スクウェア・エニックス・ホールディングス,プライム（内国株式）,情報・通信業,TOPIX Mid400,2026-08-25,2601.0,2953.0,4600956447.5,1604745.0,2267018100.0,True,True,True,True,True,True
7167.T,7167,めぶきフィナンシャルグループ,プライム（内国株式）,銀行業,TOPIX Mid400,2026-08-25,2601.0,1661.0,4589708702.5,2902350.0,3475974700.0,True,True,True,True,True,True
3003.T,3003,ヒューリック,プライム（内国株式）,不動産業,TOPIX Mid400,2026-08-25,2601.0,1803.5,4575237027.5,2583540.0,2482878450.0,True,True,True,True,True,True
3064.T,3064,ＭｏｎｏｔａＲＯ,プライム（内国株式）,小売業,TOPIX Mid400,2026-08-25,2601.0,1857.0,4506917372.5,2349185.0,2799613200.0,True,True,True,True,True,True
9005.T,9005,東急,プライム（内国株式）,陸運業,TOPIX Mid400,2026-08-25,2601.0,1678.0,4503662062.5,2663755.0,3150612800.0,True,True,True,True,True,True
9616.T,9616,共立メンテナンス,プライム（内国株式）,サービス業,TOPIX Mid400,2026-08-25,2601.0,3453.0,4473622000.0,1323720.0,2086993200.0,True,True,True,True,True,True
6622.T,6622,ダイヘン,プライム（内国株式）,電気機器,TOPIX Small 1,2026-08-25,2601.0,12930.0,4453036000.0,324325.0,1626594000.0,True,True,True,True,True,True
7181.T,7181,かんぽ生命保険,プライム（内国株式）,保険業,TOPIX Mid400,2026-08-25,2601.0,1663.5,4409232907.5,2600060.0,3292399200.0,True,True,True,True,True,True
2282.T,2282,日本ハム,プライム（内国株式）,食料品,TOPIX Mid400,2026-08-25,2601.0,6407.0,4406417920.0,710150.0,2198882400.0,True,True,True,True,True,True
3405.T,3405,クラレ,プライム（内国株式）,化学,TOPIX Mid400,2026-08-25,2601.0,1789.0,4338305712.5,2316880.0,3996268200.0,True,True,True,True,True,True
2579.T,2579,コカ・コーラ　ボトラーズジャパンホールディングス,プライム（内国株式）,食料品,TOPIX Mid400,2026-08-25,2601.0,3931.0,4335411955.0,1094180.0,2472992100.0,True,True,True,True,True,True
5938.T,5938,ＬＩＸＩＬ,プライム（内国株式）,金属製品,TOPIX Mid400,2026-08-25,2601.0,1771.0,4315734615.0,2432540.0,2352596400.0,True,True,True,True,True,True
9042.T,9042,阪急阪神ホールディングス,プライム（内国株式）,陸運業,TOPIX Mid400,2026-08-25,2601.0,4770.0,4289655790.0,908895.0,2387862000.0,True,True,True,True,True,True
4680.T,4680,ラウンドワン,プライム（内国株式）,サービス業,TOPIX Mid400,2026-08-25,2601.0,1347.5,4278392957.5,3279200.0,2081618000.0,True,True,True,True,True,True
2267.T,2267,ヤクルト本社,プライム（内国株式）,食料品,TOPIX Mid400,2026-08-25,2601.0,2919.0,4224046020.0,1475970.0,2951692800.0,True,True,True,True,True,True
4722.T,4722,フューチャー,プライム（内国株式）,情報・通信業,TOPIX Small 1,2026-08-25,2601.0,2448.0,4211082530.0,1723325.0,3708720000.0,True,True,True,True,True,True
4204.T,4204,積水化学工業,プライム（内国株式）,化学,TOPIX Mid400,2026-08-25,2601.0,2621.5,4208684775.0,1583245.0,2771711950.0,True,True,True,True,True,True
4971.T,4971,メック,プライム（内国株式）,化学,TOPIX Small 1,2026-08-25,2601.0,6730.0,4206162050.0,540340.0,2360211000.0,True,True,True,True,True,True
8377.T,8377,ほくほくフィナンシャルグループ,プライム（内国株式）,銀行業,TOPIX Mid400,2026-08-25,2601.0,8025.0,4197981190.0,532325.0,2066437500.0,True,True,True,True,True,True
7826.T,7826,フルヤ金属,プライム（内国株式）,その他製品,TOPIX Small 1,2026-08-25,2601.0,8900.0,4182554650.0,543680.0,4916360000.0,True,True,True,True,True,True
9435.T,9435,光通信,プライム（内国株式）,情報・通信業,TOPIX Mid400,2026-08-25,2601.0,40210.0,4166419000.0,106005.0,2762427000.0,True,True,True,True,True,True
5830.T,5830,いよぎんホールディングス,プライム（内国株式）,銀行業,TOPIX Mid400,2026-08-25,953.0,3875.0,4158906920.0,1103770.0,2641975000.0,True,True,True,True,True,True
8359.T,8359,八十二長野銀行,プライム（内国株式）,銀行業,TOPIX Mid400,2026-08-25,2601.0,2609.5,4085461607.5,1582950.0,2091253300.0,True,True,True,True,True,True
4588.T,4588,オンコリスバイオファーマ,グロース（内国株式）,医薬品,-,2026-08-25,2601.0,4025.0,4047163170.0,1243230.0,6867052500.0,True,True,True,True,True,True
4528.T,4528,小野薬品工業,プライム（内国株式）,医薬品,TOPIX Mid400,2026-08-25,2601.0,2459.0,4039159350.0,1675765.0,4358577500.0,True,True,True,True,True,True
6135.T,6135,牧野フライス製作所,プライム（内国株式）,機械,TOPIX Small 1,2026-08-25,2601.0,15330.0,4037421600.0,272220.0,2005164000.0,True,True,True,True,True,True
6508.T,6508,明電舎,プライム（内国株式）,電気機器,TOPIX Small 1,2026-08-25,2601.0,11580.0,4035814600.0,373850.0,3102282000.0,True,True,True,True,True,True
3088.T,3088,マツキヨココカラ＆カンパニー,プライム（内国株式）,小売業,TOPIX Mid400,2026-08-25,2601.0,2600.0,4002392977.5,1575260.0,4164160000.0,True,True,True,True,True,True
5214.T,5214,日本電気硝子,プライム（内国株式）,ガラス・土石製品,TOPIX Mid400,2026-08-25,2601.0,4768.0,3958610185.0,808255.0,2299606400.0,True,True,True,True,True,True
4631.T,4631,ＤＩＣ,プライム（内国株式）,化学,TOPIX Mid400,2026-08-25,2601.0,5095.0,3951139625.0,772190.0,2548009500.0,True,True,True,True,True,True
6941.T,6941,山一電機,プライム（内国株式）,電気機器,TOPIX Small 1,2026-08-25,2601.0,7950.0,3812696900.0,450470.0,1970805000.0,True,True,True,True,True,True
3289.T,3289,東急不動産ホールディングス,プライム（内国株式）,不動産業,TOPIX Mid400,2026-08-25,2601.0,1342.5,3776315500.0,2841680.0,2264529000.0,True,True,True,True,True,True
4368.T,4368,扶桑化学工業,プライム（内国株式）,化学,TOPIX Small 1,2026-08-25,2601.0,3055.0,3755975200.0,1093250.0,3593596500.0,True,True,True,True,True,True
7731.T,7731,ニコン,プライム（内国株式）,精密機器,TOPIX Mid400,2026-08-25,2601.0,1970.5,3749836647.5,1906090.0,3090729250.0,True,True,True,True,True,True
9506.T,9506,東北電力,プライム（内国株式）,電気・ガス業,TOPIX Mid400,2026-08-25,2601.0,1313.5,3746136252.5,3031525.0,2827046050.0,True,True,True,True,True,True
7701.T,7701,島津製作所,プライム（内国株式）,精密機器,TOPIX Mid400,2026-08-25,2601.0,4119.0,3722937115.0,903600.0,1564396200.0,True,True,True,True,True,True
4042.T,4042,東ソー,プライム（内国株式）,化学,TOPIX Mid400,2026-08-25,2601.0,2635.0,3707686197.5,1378800.0,2713523000.0,True,True,True,True,True,True
6770.T,6770,アルプスアルパイン,プライム（内国株式）,電気機器,TOPIX Mid400,2026-08-25,2601.0,2180.5,3684867075.0,1702925.0,2755279800.0,True,True,True,True,True,True
3132.T,3132,マクニカホールディングス,プライム（内国株式）,卸売業,TOPIX Mid400,2026-08-25,2601.0,3433.0,3682917305.0,1088670.0,3023786400.0,True,True,True,True,True,True
4043.T,4043,トクヤマ,プライム（内国株式）,化学,TOPIX Mid400,2026-08-25,2601.0,4023.0,3642887865.0,908240.0,1561728600.0,True,True,True,True,True,True
7951.T,7951,ヤマハ,プライム（内国株式）,その他製品,TOPIX Mid400,2026-08-25,2601.0,1314.5,3636628997.5,2762745.0,1754068800.0,True,True,True,True,True,True
4208.T,4208,ＵＢＥ,プライム（内国株式）,化学,TOPIX Mid400,2026-08-25,2601.0,3530.0,3632125455.0,1059840.0,2052342000.0,True,True,True,True,True,True
7211.T,7211,三菱自動車工業,プライム（内国株式）,輸送用機器,TOPIX Mid400,2026-08-25,2601.0,365.5,3612943749.1430664,10120075.0,4106684900.0,True,True,True,True,True,True
6254.T,6254,野村マイクロ・サイエンス,プライム（内国株式）,機械,TOPIX Small 1,2026-08-25,2601.0,3620.0,3610277450.0,927170.0,1455240000.0,True,True,True,True,True,True
3626.T,3626,ＴＩＳＩ,プライム（内国株式）,情報・通信業,TOPIX Mid400,2026-08-25,2601.0,3867.0,3557738865.0,940960.0,1770312600.0,True,True,True,True,True,True
3092.T,3092,ＺＯＺＯ,プライム（内国株式）,小売業,TOPIX Mid400,2026-08-25,2601.0,1148.5,3540361860.0,3077190.0,2132075400.0,True,True,True,True,True,True
2767.T,2767,円谷フィールズホールディングス,プライム（内国株式）,卸売業,TOPIX Small 1,2026-08-25,2601.0,2524.0,3496604165.0,1443320.0,1886437600.0,True,True,True,True,True,True
7220.T,7220,武蔵精密工業,プライム（内国株式）,輸送用機器,TOPIX Small 1,2026-08-25,2601.0,3210.0,3493701225.0,1052350.0,4592868000.0,True,True,True,True,True,True
5985.T,5985,サンコール,スタンダード（内国株式）,金属製品,TOPIX Small 2,2026-08-25,2601.0,2400.0,3483824175.0,1756015.0,5411760000.0,True,True,True,True,True,True
8233.T,8233,高島屋,プライム（内国株式）,小売業,TOPIX Mid400,2026-08-25,2601.0,2446.0,3470815157.5,1505030.0,5025062400.0,True,True,True,True,True,True
9508.T,9508,九州電力,プライム（内国株式）,電気・ガス業,TOPIX Mid400,2026-08-25,2601.0,1953.5,3420298272.5,1844150.0,2966975800.0,True,True,True,True,True,True
1893.T,1893,五洋建設,プライム（内国株式）,建設業,TOPIX Mid400,2026-08-25,2601.0,1433.5,3392215022.5,2336845.0,1832586400.0,True,True,True,True,True,True
2160.T,2160,ジーエヌアイグループ,グロース（内国株式）,医薬品,-,2026-08-25,2601.0,2726.0,3390798185.0,1259005.0,3228674400.0,True,True,True,True,True,True
5301.T,5301,東海カーボン,プライム（内国株式）,ガラス・土石製品,TOPIX Mid400,2026-08-25,2601.0,1646.5,3376580927.5,2010540.0,1535361250.0,True,True,True,True,True,True
1963.T,1963,日揮ホールディングス,プライム（内国株式）,建設業,TOPIX Mid400,2026-08-25,2601.0,2259.0,3370603105.0,1479455.0,1915857900.0,True,True,True,True,True,True
4061.T,4061,デンカ,プライム（内国株式）,化学,TOPIX Mid400,2026-08-25,2601.0,3411.0,3366194185.0,963460.0,1801008000.0,True,True,True,True,True,True
1969.T,1969,高砂熱学工業,プライム（内国株式）,建設業,TOPIX Mid400,2026-08-25,2601.0,4314.0,3353461795.0,789470.0,2447332200.0,True,True,True,True,True,True
4461.T,4461,第一工業製薬,プライム（内国株式）,化学,TOPIX Small 2,2026-08-25,2601.0,13500.0,3336871100.0,256205.0,1856250000.0,True,True,True,True,True,True
3994.T,3994,マネーフォワード,プライム（内国株式）,情報・通信業,TOPIX Mid400,2026-08-25,2190.0,6150.0,3334400295.0,571955.0,2923710000.0,True,True,True,True,True,True
2871.T,2871,ニチレイ,プライム（内国株式）,食料品,TOPIX Mid400,2026-08-25,2601.0,2174.0,3327825210.0,1511010.0,1607455600.0,True,True,True,True,True,True
3861.T,3861,王子ホールディングス,プライム（内国株式）,パルプ・紙,TOPIX Mid400,2026-08-25,2601.0,869.2000122070312,3302105233.9941406,3779850.0,2305379192.376709,True,True,True,True,True,True
8253.T,8253,クレディセゾン,プライム（内国株式）,その他金融業,TOPIX Mid400,2026-08-25,2601.0,4735.0,3273786830.0,703645.0,2341931000.0,True,True,True,True,True,True
6460.T,6460,セガサミーホールディングス,プライム（内国株式）,機械,TOPIX Mid400,2026-08-25,2601.0,3022.0,3271316127.5,1170775.0,6656861600.0,True,True,True,True,True,True
6777.T,6777,ｓａｎｔｅｃ　Ｈｏｌｄｉｎｇｓ,スタンダード（内国株式）,電気機器,-,2026-08-25,2601.0,19550.0,3237979450.0,173425.0,2281485000.0,True,True,True,True,True,True
6997.T,6997,日本ケミコン,プライム（内国株式）,電気機器,TOPIX Small 2,2026-08-25,2601.0,2698.0,3218863040.0,1086950.0,1276963400.0,True,True,True,True,True,True
6101.T,6101,ツガミ,プライム（内国株式）,機械,TOPIX Small 1,2026-08-25,2601.0,5480.0,3194031800.0,546375.0,1548100000.0,True,True,True,True,True,True
9831.T,9831,ヤマダホールディングス,プライム（内国株式）,小売業,TOPIX Mid400,2026-08-25,2601.0,701.4000244140625,3193160005.8496094,4564580.0,2037496930.9204102,True,True,True,True,True,True
6996.T,6996,ニチコン,プライム（内国株式）,電気機器,TOPIX Small 1,2026-08-25,2601.0,2672.0,3186185320.0,1108000.0,1448224000.0,True,True,True,True,True,True
2181.T,2181,パーソルホールディングス,プライム（内国株式）,サービス業,TOPIX Mid400,2026-08-25,2601.0,298.1000061035156,3164718115.0535583,11385590.0,3499604641.6534424,True,True,True,True,True,True
2501.T,2501,サッポロビール,プライム（内国株式）,食料品,TOPIX Mid400,2026-08-25,2601.0,1933.5,3161132975.0,1585270.0,1897536900.0,True,True,True,True,True,True
6951.T,6951,日本電子,プライム（内国株式）,電気機器,TOPIX Mid400,2026-08-25,2601.0,7140.0,3100937815.0,392660.0,1338750000.0,True,True,True,True,True,True
3769.T,3769,ＧＭＯペイメントゲートウェイ,プライム（内国株式）,情報・通信業,TOPIX Mid400,2026-08-25,2601.0,9497.0,3098681460.0,326170.0,1648679200.0,True,True,True,True,True,True
3086.T,3086,Ｊ．フロント　リテイリング,プライム（内国株式）,小売業,TOPIX Mid400,2026-08-25,2601.0,3097.0,3058506510.0,1029015.0,3698127700.0,True,True,True,True,True,True
8804.T,8804,東京建物,プライム（内国株式）,不動産業,TOPIX Mid400,2026-08-25,2601.0,3417.0,3057530535.0,902120.0,2810140800.0,True,True,True,True,True,True
5857.T,5857,ＡＲＥホールディングス,プライム（内国株式）,非鉄金属,TOPIX Small 1,2026-08-25,2601.0,4010.0,3054110690.0,867205.0,3819124000.0,True,True,True,True,True,True
8252.T,8252,丸井グループ,プライム（内国株式）,小売業,TOPIX Mid400,2026-08-25,2601.0,3022.0,3052147705.0,1029545.0,8699733600.0,True,True,True,True,True,True
7649.T,7649,スギホールディングス,プライム（内国株式）,小売業,TOPIX Mid400,2026-08-25,2601.0,2751.5,3033103715.0,1085230.0,1737572250.0,True,True,True,True,True,True
4022.T,4022,ラサ工業,プライム（内国株式）,化学,TOPIX Small 2,2026-08-25,2601.0,2086.0,3032980540.0,1454740.0,1332954000.0,True,True,True,True,True,True
5253.T,5253,カバー,グロース（内国株式）,情報・通信業,-,2026-08-25,836.0,1621.0,3021803760.0,1944515.0,2029167800.0,True,True,True,True,True,True
7282.T,7282,豊田合成,プライム（内国株式）,輸送用機器,TOPIX Mid400,2026-08-25,2601.0,5314.0,3007212300.0,571460.0,1984247600.0,True,True,True,True,True,True
141A.T,141A,トライアルホールディングス,グロース（内国株式）,小売業,-,2026-08-25,594.0,3935.0,2981365200.0,833380.0,2916228500.0,True,True,True,True,True,True
9023.T,9023,東京地下鉄,プライム（内国株式）,陸運業,TOPIX Mid400,2026-08-25,448.0,1485.5,2980688322.5,2029475.0,1921048600.0,True,True,True,True,True,True
4613.T,4613,関西ペイント,プライム（内国株式）,化学,TOPIX Mid400,2026-08-25,2601.0,2892.5,2976900305.0,1028125.0,1409226000.0,True,True,True,True,True,True
9064.T,9064,ヤマトホールディングス,プライム（内国株式）,陸運業,TOPIX Mid400,2026-08-25,2601.0,1949.0,2962498095.0,1496925.0,3359881100.0,True,True,True,True,True,True
3391.T,3391,ツルハホールディングス,プライム（内国株式）,小売業,TOPIX Mid400,2026-08-25,2601.0,2402.5,2961929515.0,1217815.0,2376312750.0,True,True,True,True,True,True
4902.T,4902,コニカミノルタ,プライム（内国株式）,電気機器,TOPIX Mid400,2026-08-25,2601.0,650.5999755859375,2957569666.8325806,4635495.0,1751935614.2578125,True,True,True,True,True,True
3288.T,3288,オープンハウスグループ,プライム（内国株式）,不動産業,TOPIX Mid400,2026-08-25,2601.0,8003.0,2910325525.0,353025.0,1787870200.0,True,True,True,True,True,True
3498.T,3498,霞ヶ関キャピタル,プライム（内国株式）,不動産業,TOPIX Small 1,2026-08-25,1887.0,7650.0,2910050350.0,376270.0,2315655000.0,True,True,True,True,True,True
6471.T,6471,日本精工,プライム（内国株式）,機械,TOPIX Mid400,2026-08-25,2601.0,1108.0,2905496215.0,2542285.0,1345666000.0,True,True,True,True,True,True
9142.T,9142,九州旅客鉄道,プライム（内国株式）,陸運業,TOPIX Mid400,2026-08-25,2423.0,3543.0,2888548700.0,818280.0,2048208300.0,True,True,True,True,True,True
6779.T,6779,日本電波工業,プライム（内国株式）,電気機器,TOPIX Small 2,2026-08-25,2601.0,2814.0,2881871950.0,1042740.0,1132916400.0,True,True,True,True,True,True
4151.T,4151,協和キリン,プライム（内国株式）,医薬品,TOPIX Mid400,2026-08-25,2601.0,2566.0,2878328005.0,1118390.0,2052286800.0,True,True,True,True,True,True
7966.T,7966,リンテック,プライム（内国株式）,その他製品,TOPIX Small 1,2026-08-25,2601.0,5470.0,2853935650.0,477895.0,4101406000.0,True,True,True,True,True,True
5471.T,5471,大同特殊鋼,プライム（内国株式）,鉄鋼,TOPIX Mid400,2026-08-25,2601.0,2276.0,2853020317.5,1237755.0,2036109600.0,True,True,True,True,True,True
4205.T,4205,日本ゼオン,プライム（内国株式）,化学,TOPIX Mid400,2026-08-25,2601.0,2406.0,2849247920.0,1216325.0,1571358600.0,True,True,True,True,True,True
4091.T,4091,日本酸素ホールディングス,プライム（内国株式）,化学,TOPIX Mid400,2026-08-25,2601.0,5653.0,2833161560.0,482930.0,2031688200.0,True,True,True,True,True,True
6522.T,6522,アスタリスク,グロース（内国株式）,電気機器,-,2026-08-25,1199.0,2048.0,2814616995.0,1494355.0,2514944000.0,True,True,True,True,True,True
6592.T,6592,マブチモーター,プライム（内国株式）,電気機器,TOPIX Mid400,2026-08-25,2601.0,1771.5,2787349897.5,1626750.0,2656718550.0,True,True,True,True,True,True
8056.T,8056,ＢＩＰＲＯＧＹ,プライム（内国株式）,情報・通信業,TOPIX Mid400,2026-08-25,2601.0,4629.0,2765299290.0,609745.0,1344724500.0,True,True,True,True,True,True
6961.T,6961,エンプラス,プライム（内国株式）,電気機器,TOPIX Small 2,2026-08-25,2601.0,10290.0,2763562750.0,253855.0,1413846000.0,True,True,True,True,True,True
8334.T,8334,群馬銀行,プライム（内国株式）,銀行業,TOPIX Mid400,2026-08-25,2601.0,2745.5,2762275610.0,1050735.0,1932282900.0,True,True,True,True,True,True
7564.T,7564,ワークマン,スタンダード（内国株式）,小売業,-,2026-08-25,2601.0,6290.0,2752849500.0,450375.0,2934914000.0,True,True,True,True,True,True
7276.T,7276,小糸製作所,プライム（内国株式）,電気機器,TOPIX Mid400,2026-08-25,2601.0,2682.0,2749330010.0,1024635.0,2028396600.0,True,True,True,True,True,True
4912.T,4912,ライオン,プライム（内国株式）,化学,TOPIX Mid400,2026-08-25,2601.0,1888.5,2728493280.0,1493650.0,2237494800.0,True,True,True,True,True,True
2432.T,2432,ディー・エヌ・エー,プライム（内国株式）,情報・通信業,TOPIX Mid400,2026-08-25,2601.0,2525.0,2711498645.0,1091200.0,1848300000.0,True,True,True,True,True,True
5991.T,5991,日本発條,プライム（内国株式）,金属製品,TOPIX Mid400,2026-08-25,2601.0,3457.0,2691187590.0,758005.0,2710979400.0,True,True,True,True,True,True
6103.T,6103,オークマ,プライム（内国株式）,機械,TOPIX Small 1,2026-08-25,2601.0,4905.0,2683366850.0,518475.0,1215949500.0,True,True,True,True,True,True
5741.T,5741,ＵＡＣＪ,プライム（内国株式）,非鉄金属,TOPIX Small 1,2026-08-25,2601.0,2361.0,2649565110.0,1132940.0,2924098500.0,True,True,True,True,True,True
4716.T,4716,日本オラクル,スタンダード（内国株式）,情報・通信業,TOPIX Mid400,2026-08-25,2601.0,9270.0,2646707565.0,291155.0,1510083000.0,True,True,True,True,True,True
9007.T,9007,小田急電鉄,プライム（内国株式）,陸運業,TOPIX Mid400,2026-08-25,2601.0,1788.5,2645759707.5,1521360.0,2038711150.0,True,True,True,True,True,True
4401.T,4401,ＡＤＥＫＡ,プライム（内国株式）,化学,TOPIX Mid400,2026-08-25,2601.0,4582.0,2645430465.0,600450.0,1114342400.0,True,True,True,True,True,True
5929.T,5929,三和ホールディングス,プライム（内国株式）,金属製品,TOPIX Mid400,2026-08-25,2601.0,3646.0,2626040675.0,723165.0,1320216600.0,True,True,True,True,True,True
8227.T,8227,しまむら,プライム（内国株式）,小売業,TOPIX Mid400,2026-08-25,2601.0,3323.0,2623883585.0,773730.0,2736490500.0,True,True,True,True,True,True
2212.T,2212,山崎製パン,プライム（内国株式）,食料品,TOPIX Mid400,2026-08-25,2601.0,3676.0,2608630915.0,744820.0,1953794000.0,True,True,True,True,True,True
4114.T,4114,日本触媒,プライム（内国株式）,化学,TOPIX Mid400,2026-08-25,2601.0,2639.0,2604104362.5,1045020.0,1585775100.0,True,True,True,True,True,True
6507.T,6507,シンフォニアテクノロジー,プライム（内国株式）,電気機器,TOPIX Small 1,2026-08-25,2601.0,12270.0,2598105250.0,199775.0,1402461000.0,True,True,True,True,True,True
6814.T,6814,古野電気,プライム（内国株式）,電気機器,TOPIX Small 1,2026-08-25,2601.0,7650.0,2597823900.0,344460.0,1122255000.0,True,True,True,True,True,True
6327.T,6327,北川精機,スタンダード（内国株式）,機械,-,2026-08-25,2601.0,3310.0,2593490880.0,777470.0,1038016000.0,True,True,True,True,True,True
8358.T,8358,スルガ銀行,プライム（内国株式）,銀行業,TOPIX Small 1,2026-08-25,2601.0,2914.0,2592188135.0,937195.0,1745194600.0,True,True,True,True,True,True
8341.T,8341,七十七銀行,プライム（内国株式）,銀行業,TOPIX Mid400,2026-08-25,2601.0,3790.0,2572078530.0,703005.0,1487575000.0,True,True,True,True,True,True
3349.T,3349,コスモス薬品,プライム（内国株式）,小売業,TOPIX Mid400,2026-08-25,2601.0,6621.0,2564167770.0,392485.0,2639130600.0,True,True,True,True,True,True
1721.T,1721,コムシスホールディングス,プライム（内国株式）,建設業,TOPIX Mid400,2026-08-25,2601.0,5355.0,2556534130.0,484590.0,1613997000.0,True,True,True,True,True,True
6703.T,6703,沖電気工業,プライム（内国株式）,電気機器,TOPIX Small 1,2026-08-25,2601.0,2751.0,2545123200.0,896790.0,1642347000.0,True,True,True,True,True,True
6473.T,6473,ジェイテクト,プライム（内国株式）,機械,TOPIX Mid400,2026-08-25,2601.0,2052.5,2540523887.5,1197985.0,2227783500.0,True,True,True,True,True,True
6845.T,6845,アズビル,プライム（内国株式）,電気機器,TOPIX Mid400,2026-08-25,2601.0,1517.0,2512489307.5,1585140.0,1868033800.0,True,True,True,True,True,True
464A.T,464A,ＱＰＳホールディングス,グロース（内国株式）,情報・通信業,-,2026-08-25,663.0,1785.0,2509387755.0,1510980.0,2347453500.0,True,True,True,True,True,True
4088.T,4088,エア・ウォーター,プライム（内国株式）,化学,-,2026-08-25,2601.0,2501.0,2499405650.0,980385.0,1072678900.0,True,True,True,True,True,True
8366.T,8366,滋賀銀行,プライム（内国株式）,銀行業,TOPIX Small 1,2026-08-25,2601.0,2698.0,2496420000.0,974540.0,1540558000.0,True,True,True,True,True,True
9513.T,9513,電源開発,プライム（内国株式）,電気・ガス業,TOPIX Mid400,2026-08-25,2601.0,4011.0,2481023800.0,640450.0,2012719800.0,True,True,True,True,True,True
1808.T,1808,長谷工コーポレーション,プライム（内国株式）,建設業,TOPIX Mid400,2026-08-25,2601.0,2867.0,2452891227.5,881790.0,1765785300.0,True,True,True,True,True,True
4443.T,4443,Ｓａｎｓａｎ,プライム（内国株式）,情報・通信業,TOPIX Small 1,2026-08-25,1754.0,2153.0,2446111475.0,1202770.0,2259788800.0,True,True,True,True,True,True
6753.T,6753,シャープ,プライム（内国株式）,電気機器,TOPIX Mid400,2026-08-25,2601.0,622.7000122070312,2442614040.6243896,3841005.0,1714355403.6071777,True,True,True,True,True,True
4099.T,4099,四国化成ホールディングス,プライム（内国株式）,化学,TOPIX Small 2,2026-08-25,2601.0,2492.0,2441700925.0,892895.0,1146569200.0,True,True,True,True,True,True
6480.T,6480,日本トムソン,プライム（内国株式）,機械,TOPIX Small 2,2026-08-25,2601.0,1797.0,2434106525.0,1337135.0,1837971600.0,True,True,True,True,True,True
5021.T,5021,コスモエネルギーホールディングス,プライム（内国株式）,石油・石炭製品,TOPIX Mid400,2026-08-25,2601.0,4221.0,2425930515.0,596920.0,2785015800.0,True,True,True,True,True,True
4676.T,4676,フジ・メディア・ホールディングス,プライム（内国株式）,情報・通信業,TOPIX Mid400,2026-08-25,2601.0,4173.0,2411160230.0,588235.0,2577662100.0,True,True,True,True,True,True
5444.T,5444,大和工業,プライム（内国株式）,鉄鋼,TOPIX Mid400,2026-08-25,2601.0,12440.0,2394170425.0,184205.0,1965520000.0,True,True,True,True,True,True
1662.T,1662,石油資源開発,プライム（内国株式）,鉱業,TOPIX Small 1,2026-08-25,2601.0,1869.0,2387990970.0,1341760.0,2296814100.0,True,True,True,True,True,True
6465.T,6465,ホシザキ,プライム（内国株式）,機械,TOPIX Mid400,2026-08-25,2601.0,5713.0,2347930320.0,410685.0,1167165900.0,True,True,True,True,True,True
7956.T,7956,ピジョン,プライム（内国株式）,その他製品,TOPIX Mid400,2026-08-25,2601.0,2149.0,2313780482.5,1112275.0,1720704300.0,True,True,True,True,True,True
6376.T,6376,日機装,プライム（内国株式）,精密機器,TOPIX Small 1,2026-08-25,2601.0,3450.0,2311217975.0,613305.0,1042935000.0,True,True,True,True,True,True
5233.T,5233,太平洋セメント,プライム（内国株式）,ガラス・土石製品,TOPIX Mid400,2026-08-25,2601.0,4188.0,2308347620.0,553225.0,1209913200.0,True,True,True,True,True,True
4403.T,4403,日油,プライム（内国株式）,化学,TOPIX Mid400,2026-08-25,2601.0,2772.5,2306235782.5,837780.0,1813492250.0,True,True,True,True,True,True
4516.T,4516,日本新薬,プライム（内国株式）,医薬品,TOPIX Mid400,2026-08-25,2601.0,3531.0,2306011975.0,652375.0,1927926000.0,True,True,True,True,True,True
7867.T,7867,タカラトミー,プライム（内国株式）,その他製品,TOPIX Mid400,2026-08-25,2601.0,3699.0,2300338855.0,640960.0,1597968000.0,True,True,True,True,True,True
1515.T,1515,日鉄鉱業,プライム（内国株式）,鉱業,TOPIX Small 1,2026-08-25,2601.0,3710.0,2293930680.0,695310.0,2178141000.0,True,True,True,True,True,True
6999.T,6999,ＫＯＡ,プライム（内国株式）,電気機器,TOPIX Small 1,2026-08-25,2601.0,2219.0,2292306470.0,988870.0,1490502300.0,True,True,True,True,True,True
3635.T,3635,コーエーテクモホールディングス,プライム（内国株式）,情報・通信業,TOPIX Mid400,2026-08-25,2601.0,1705.5,2287778955.0,1411850.0,1495211850.0,True,True,True,True,True,True
8410.T,8410,セブン銀行,プライム（内国株式）,銀行業,TOPIX Mid400,2026-08-25,2601.0,335.3999938964844,2283952502.669525,6966900.0,914401003.3599854,True,True,True,True,True,True
9009.T,9009,京成電鉄,プライム（内国株式）,陸運業,TOPIX Mid400,2026-08-25,2601.0,1341.0,2275472105.0,1756345.0,1837706400.0,True,True,True,True,True,True
9065.T,9065,山九,プライム（内国株式）,陸運業,TOPIX Mid400,2026-08-25,2601.0,8425.0,2274202985.0,258825.0,1240160000.0,True,True,True,True,True,True
7189.T,7189,西日本フィナンシャルホールディングス,プライム（内国株式）,銀行業,TOPIX Mid400,2026-08-25,2601.0,4653.0,2270531340.0,502165.0,1299117600.0,True,True,True,True,True,True
8524.T,8524,北洋銀行,プライム（内国株式）,銀行業,TOPIX Small 1,2026-08-25,2601.0,1251.0,2267176280.0,1846050.0,1418008500.0,True,True,True,True,True,True
1959.T,1959,クラフティア,プライム（内国株式）,建設業,TOPIX Mid400,2026-08-25,2601.0,8236.0,2255841710.0,270710.0,1291404800.0,True,True,True,True,True,True
9861.T,9861,吉野家ホールディングス,プライム（内国株式）,小売業,TOPIX Mid400,2026-08-25,2601.0,3858.0,2254442410.0,591440.0,1761177000.0,True,True,True,True,True,True
3923.T,3923,ラクス,プライム（内国株式）,情報・通信業,TOPIX Mid400,2026-08-25,2601.0,1101.0,2240914245.0,2054145.0,1445062500.0,True,True,True,True,True,True
6923.T,6923,スタンレー電気,プライム（内国株式）,電気機器,TOPIX Mid400,2026-08-25,2601.0,3610.0,2236174660.0,628980.0,2297765000.0,True,True,True,True,True,True
7721.T,7721,東京計器,プライム（内国株式）,精密機器,TOPIX Small 1,2026-08-25,2601.0,7190.0,2227617750.0,312035.0,2148372000.0,True,True,True,True,True,True
1980.T,1980,ダイダン,プライム（内国株式）,建設業,TOPIX Small 1,2026-08-25,2601.0,2728.0,2225580465.0,839680.0,1074013600.0,True,True,True,True,True,True
9143.T,9143,ＳＧホールディングス,プライム（内国株式）,陸運業,TOPIX Mid400,2026-08-25,2137.0,1552.5,2213854015.0,1392305.0,2651514750.0,True,True,True,True,True,True
4047.T,4047,関東電化工業,プライム（内国株式）,化学,TOPIX Small 1,2026-08-25,2601.0,2333.0,2211585465.0,843085.0,1237423200.0,True,True,True,True,True,True
4536.T,4536,参天製薬,プライム（内国株式）,医薬品,TOPIX Mid400,2026-08-25,2601.0,1875.0,2183296537.5,1138870.0,1924125000.0,True,True,True,True,True,True
9041.T,9041,近鉄グループホールディングス,プライム（内国株式）,陸運業,TOPIX Mid400,2026-08-25,2601.0,3584.0,2178159385.0,616175.0,1413171200.0,True,True,True,True,True,True
5393.T,5393,ニチアス,プライム（内国株式）,ガラス・土石製品,TOPIX Mid400,2026-08-25,2601.0,3361.0,2170202845.0,636840.0,2763078100.0,True,True,True,True,True,True
6627.T,6627,テラプローブ,スタンダード（内国株式）,電気機器,-,2026-08-25,2601.0,10750.0,2164798150.0,194150.0,1438350000.0,True,True,True,True,True,True
9449.T,9449,ＧＭＯインターネットグループ,プライム（内国株式）,情報・通信業,TOPIX Mid400,2026-08-25,2601.0,4068.0,2153499200.0,521420.0,742816800.0,True,True,True,True,True,True
4966.T,4966,上村工業,スタンダード（内国株式）,化学,-,2026-08-25,2601.0,19470.0,2152973150.0,100055.0,1506978000.0,True,True,True,True,True,True
3105.T,3105,日清紡ホールディングス,プライム（内国株式）,電気機器,TOPIX Mid400,2026-08-25,2601.0,2119.0,2141759350.0,943620.0,1122434300.0,True,True,True,True,True,True
4922.T,4922,コーセーホールディングス,プライム（内国株式）,化学,TOPIX Mid400,2026-08-25,2601.0,5955.0,2124560600.0,365185.0,1666804500.0,True,True,True,True,True,True
2264.T,2264,森永乳業,プライム（内国株式）,食料品,TOPIX Mid400,2026-08-25,2601.0,1185.5,2103453170.0,1744495.0,1597105600.0,True,True,True,True,True,True
9706.T,9706,日本空港ビルデング,プライム（内国株式）,不動産業,TOPIX Mid400,2026-08-25,2601.0,5848.0,2093350945.0,365195.0,9899494400.0,True,True,True,True,True,True
290A.T,290A,Ｓｙｎｓｐｅｃｔｉｖｅ,グロース（内国株式）,情報・通信業,-,2026-08-25,408.0,1429.0,2078296155.0,1592910.0,1941153600.0,True,True,True,True,True,True
5726.T,5726,大阪チタニウムテクノロジーズ,プライム（内国株式）,非鉄金属,TOPIX Small 1,2026-08-25,2601.0,2851.0,2073465835.0,710990.0,1597130200.0,True,True,True,True,True,True
8368.T,8368,百五銀行,プライム（内国株式）,銀行業,TOPIX Small 1,2026-08-25,2601.0,2258.0,2059200050.0,967620.0,1149322000.0,True,True,True,True,True,True
5232.T,5232,住友大阪セメント,プライム（内国株式）,ガラス・土石製品,TOPIX Mid400,2026-08-25,2601.0,5621.0,2058523535.0,365455.0,697566100.0,True,True,True,True,True,True
2002.T,2002,日清製粉グループ本社,プライム（内国株式）,食料品,TOPIX Mid400,2026-08-25,2601.0,2066.0,2054382122.5,1012995.0,1754653800.0,True,True,True,True,True,True
9509.T,9509,北海道電力,プライム（内国株式）,電気・ガス業,TOPIX Mid400,2026-08-25,2601.0,1076.0,2052082572.5,1971825.0,1842112000.0,True,True,True,True,True,True
6417.T,6417,ＳＡＮＫＹＯ,プライム（内国株式）,機械,TOPIX Mid400,2026-08-25,2601.0,1970.5,2049607220.0,1077015.0,2060748900.0,True,True,True,True,True,True
215A.T,215A,タイミー,グロース（内国株式）,サービス業,-,2026-08-25,507.0,1690.0,2047557115.0,1295245.0,2424305000.0,True,True,True,True,True,True
9989.T,9989,サンドラッグ,プライム（内国株式）,小売業,TOPIX Mid400,2026-08-25,2601.0,3752.0,2041636360.0,545220.0,1752559200.0,True,True,True,True,True,True
7173.T,7173,東京きらぼしフィナンシャルグループ,プライム（内国株式）,銀行業,TOPIX Small 1,2026-08-25,2601.0,1685.0,2037882840.0,1184575.0,1411356000.0,True,True,True,True,True,True
4732.T,4732,ユー・エス・エス,プライム（内国株式）,サービス業,TOPIX Mid400,2026-08-25,2601.0,1976.0,2030304092.5,1018990.0,1427462400.0,True,True,True,True,True,True
9401.T,9401,ＴＢＳホールディングス,プライム（内国株式）,情報・通信業,TOPIX Mid400,2026-08-25,2601.0,5896.0,2026747430.0,342120.0,2208052000.0,True,True,True,True,True,True
4478.T,4478,フリー,グロース（内国株式）,情報・通信業,-,2026-08-25,1632.0,3875.0,2010004320.0,634240.0,2767137500.0,True,True,True,True,True,True
1332.T,1332,ニッスイ,プライム（内国株式）,水産・農林業,TOPIX Mid400,2026-08-25,2601.0,1296.0,2006325515.0,1571355.0,1321272000.0,True,True,True,True,True,True
4180.T,4180,Ａｐｐｉｅｒ　Ｇｒｏｕｐ,プライム（内国株式）,情報・通信業,TOPIX Small 1,2026-08-25,1322.0,1282.0,2000986410.0,1704130.0,2074404200.0,True,True,True,True,True,True
3445.T,3445,ＲＳ　Ｔｅｃｈｎｏｌｏｇｉｅｓ,プライム（内国株式）,金属製品,TOPIX Small 1,2026-08-25,2601.0,5570.0,2000004000.0,322205.0,1868735000.0,True,True,True,True,True,True
7327.T,7327,第四北越フィナンシャルグループ,プライム（内国株式）,銀行業,TOPIX Small 1,2026-08-25,1929.0,2499.0,1998946140.0,838035.0,1234506000.0,True,True,True,True,True,True
2492.T,2492,インフォマート,プライム（内国株式）,サービス業,TOPIX Small 1,2026-08-25,2601.0,602.0,1997918315.0,3471905.0,1670730600.0,True,True,True,True,True,True
8088.T,8088,岩谷産業,プライム（内国株式）,卸売業,TOPIX Mid400,2026-08-25,2601.0,2171.0,1971182002.5,917710.0,1087236800.0,True,True,True,True,True,True
6925.T,6925,ウシオ電機,プライム（内国株式）,電気機器,TOPIX Mid400,2026-08-25,2601.0,3900.0,1964205875.0,492545.0,1335360000.0,True,True,True,True,True,True
3907.T,3907,シリコンスタジオ,スタンダード（内国株式）,情報・通信業,-,2026-08-25,2601.0,1755.0,1960100520.0,1351760.0,924709500.0,True,True,True,True,True,True
3046.T,3046,ジンズホールディングス,プライム（内国株式）,小売業,TOPIX Small 1,2026-08-25,2601.0,6350.0,1945398550.0,299425.0,1155065000.0,True,True,True,True,True,True
4202.T,4202,ダイセル,プライム（内国株式）,化学,TOPIX Mid400,2026-08-25,2601.0,1459.5,1943194965.0,1333750.0,1183800450.0,True,True,True,True,True,True
3774.T,3774,インターネットイニシアティブ,プライム（内国株式）,情報・通信業,TOPIX Mid400,2026-08-25,2601.0,3378.0,1942762860.0,557420.0,2911498200.0,True,True,True,True,True,True
1961.T,1961,三機工業,プライム（内国株式）,建設業,TOPIX Small 1,2026-08-25,2601.0,2409.0,1936450515.0,822465.0,876876000.0,True,True,True,True,True,True
7180.T,7180,九州フィナンシャルグループ,プライム（内国株式）,銀行業,TOPIX Mid400,2026-08-25,2601.0,1527.5,1933964917.5,1280130.0,1003567500.0,True,True,True,True,True,True
4733.T,4733,オービックビジネスコンサルタント,プライム（内国株式）,情報・通信業,TOPIX Mid400,2026-08-25,2601.0,8390.0,1933819280.0,238405.0,1470767000.0,True,True,True,True,True,True
9504.T,9504,中国電力,プライム（内国株式）,電気・ガス業,TOPIX Mid400,2026-08-25,2601.0,980.2999877929688,1930600543.4649658,2054105.0,2556720398.162842,True,True,True,True,True,True
4626.T,4626,太陽ホールディングス,プライム（内国株式）,化学,TOPIX Mid400,2026-08-25,2601.0,4754.0,1921572310.0,401840.0,1330644600.0,True,True,True,True,True,True
4194.T,4194,ビジョナル,プライム（内国株式）,情報・通信業,TOPIX Mid400,2026-08-25,1305.0,9377.0,1908355550.0,210455.0,1288399800.0,True,True,True,True,True,True
3116.T,3116,トヨタ紡織,プライム（内国株式）,輸送用機器,TOPIX Mid400,2026-08-25,2601.0,2234.5,1894959870.0,841975.0,1766372250.0,True,True,True,True,True,True
9301.T,9301,三菱倉庫,プライム（内国株式）,倉庫・運輸関連業,TOPIX Mid400,2026-08-25,2601.0,1525.5,1882726165.0,1238930.0,1320777900.0,True,True,True,True,True,True
9468.T,9468,ＫＡＤＯＫＡＷＡ,プライム（内国株式）,情報・通信業,TOPIX Mid400,2026-08-25,2601.0,3683.0,1882464695.0,531840.0,1293101300.0,True,True,True,True,True,True
8439.T,8439,東京センチュリー,プライム（内国株式）,その他金融業,TOPIX Mid400,2026-08-25,2601.0,2584.5,1881001737.5,737435.0,1777360650.0,True,True,True,True,True,True
9001.T,9001,東武鉄道,プライム（内国株式）,陸運業,TOPIX Mid400,2026-08-25,2601.0,3043.0,1858443927.5,615925.0,1838580600.0,True,True,True,True,True,True
3941.T,3941,レンゴー,プライム（内国株式）,パルプ・紙,TOPIX Mid400,2026-08-25,2601.0,1572.0,1779293597.5,1135315.0,913174800.0,True,True,True,True,True,True
6862.T,6862,ミナトホールディングス,スタンダード（内国株式）,電気機器,-,2026-08-25,2601.0,3545.0,1772606725.0,571080.0,606195000.0,True,True,True,True,True,True
6432.T,6432,竹内製作所,プライム（内国株式）,機械,TOPIX Small 1,2026-08-25,2601.0,7550.0,1768205600.0,234655.0,967155000.0,True,True,True,True,True,True
2146.T,2146,ＵＴグループ,プライム（内国株式）,サービス業,TOPIX Small 1,2026-08-25,2601.0,230.0,1761205520.0,8345690.0,1214423000.0,True,True,True,True,True,True
9507.T,9507,四国電力,プライム（内国株式）,電気・ガス業,TOPIX Mid400,2026-08-25,2601.0,1911.0,1756519890.0,999595.0,1601800200.0,True,True,True,True,True,True
4118.T,4118,カネカ,プライム（内国株式）,化学,TOPIX Mid400,2026-08-25,2601.0,6125.0,1749410855.0,289760.0,1086575000.0,True,True,True,True,True,True
6490.T,6490,ＰＩＬＬＡＲ,プライム（内国株式）,機械,TOPIX Small 1,2026-08-25,2601.0,10300.0,1748364300.0,174440.0,1362690000.0,True,True,True,True,True,True
1951.T,1951,エクシオグループ,プライム（内国株式）,建設業,TOPIX Mid400,2026-08-25,2601.0,2603.5,1718798967.5,657590.0,927887400.0,True,True,True,True,True,True
5384.T,5384,フジミインコーポレーテッド,プライム（内国株式）,ガラス・土石製品,TOPIX Small 1,2026-08-25,2601.0,3630.0,1716106675.0,441285.0,1237830000.0,True,True,True,True,True,True
4540.T,4540,ツムラ,プライム（内国株式）,医薬品,TOPIX Mid400,2026-08-25,2601.0,3783.0,1714335640.0,451400.0,1914198000.0,True,True,True,True,True,True
7337.T,7337,ひろぎんホールディングス,プライム（内国株式）,銀行業,TOPIX Mid400,2026-08-25,1442.0,2317.0,1695983867.5,749090.0,852656000.0,True,True,True,True,True,True
7717.T,7717,ブイ・テクノロジー,プライム（内国株式）,精密機器,TOPIX Small 2,2026-08-25,2601.0,5400.0,1686404825.0,305335.0,809460000.0,True,True,True,True,True,True
4369.T,4369,トリケミカル研究所,プライム（内国株式）,化学,TOPIX Small 1,2026-08-25,2601.0,3245.0,1680564050.0,517000.0,1111088000.0,True,True,True,True,True,True
9110.T,9110,ＮＳユナイテッド海運,プライム（内国株式）,海運業,TOPIX Small 1,2026-08-25,2601.0,10470.0,1679838400.0,166085.0,1432296000.0,True,True,True,True,True,True
6632.T,6632,ＪＶＣケンウッド,プライム（内国株式）,電気機器,TOPIX Mid400,2026-08-25,2601.0,1014.0,1674994072.481079,1679105.0,914222400.0,True,True,True,True,True,True
7389.T,7389,あいちフィナンシャルグループ,プライム（内国株式）,銀行業,TOPIX Small 1,2026-08-25,953.0,1806.0,1672694715.0,953615.0,983728200.0,True,True,True,True,True,True
9364.T,9364,上組,プライム（内国株式）,倉庫・運輸関連業,TOPIX Mid400,2026-08-25,2601.0,4865.0,1671428430.0,332055.0,1040137000.0,True,True,True,True,True,True
3397.T,3397,トリドールホールディングス,プライム（内国株式）,小売業,TOPIX Mid400,2026-08-25,2601.0,4308.0,1651154045.0,383340.0,866338800.0,True,True,True,True,True,True
6966.T,6966,三井ハイテック,プライム（内国株式）,電気機器,TOPIX Small 1,2026-08-25,2601.0,938.0,1650977075.0,1802445.0,1264142600.0,True,True,True,True,True,True
8418.T,8418,山口フィナンシャルグループ,プライム（内国株式）,銀行業,TOPIX Mid400,2026-08-25,2601.0,3127.0,1645323782.5,538075.0,811456500.0,True,True,True,True,True,True
6266.T,6266,タツモ,プライム（内国株式）,機械,TOPIX Small 2,2026-08-25,2601.0,3565.0,1642894250.0,435755.0,976097000.0,True,True,True,True,True,True
1861.T,1861,熊谷組,プライム（内国株式）,建設業,TOPIX Small 1,2026-08-25,2601.0,1300.0,1637618430.0,1236735.0,1528020000.0,True,True,True,True,True,True
2354.T,2354,ＹＥ　ＤＩＧＩＴＡＬ,スタンダード（内国株式）,情報・通信業,-,2026-08-25,2601.0,1382.0,1632742800.0,1250565.0,593154400.0,True,True,True,True,True,True
7906.T,7906,ヨネックス,スタンダード（内国株式）,その他製品,-,2026-08-25,2601.0,2864.0,1628637600.0,599745.0,951993600.0,True,True,True,True,True,True
6366.T,6366,千代田化工建設,スタンダード（内国株式）,建設業,-,2026-08-25,2601.0,718.0,1628495640.0,2377005.0,1155764600.0,True,True,True,True,True,True
3048.T,3048,ビックカメラ,プライム（内国株式）,小売業,TOPIX Mid400,2026-08-25,2601.0,1804.0,1623321880.0,926560.0,2188252000.0,True,True,True,True,True,True
9008.T,9008,京王電鉄,プライム（内国株式）,陸運業,TOPIX Mid400,2026-08-25,2601.0,787.7000122070312,1597548966.1401367,2038840.0,853315423.223877,True,True,True,True,True,True
4092.T,4092,日本化学工業,プライム（内国株式）,化学,TOPIX Small 2,2026-08-25,2601.0,5320.0,1584361400.0,285995.0,405916000.0,True,True,True,True,True,True
2809.T,2809,キユーピー,プライム（内国株式）,食料品,TOPIX Mid400,2026-08-25,2601.0,4748.0,1579321385.0,338785.0,964793600.0,True,True,True,True,True,True
6005.T,6005,三浦工業,プライム（内国株式）,機械,TOPIX Mid400,2026-08-25,2601.0,3232.0,1573288545.0,499160.0,1668681600.0,True,True,True,True,True,True
2331.T,2331,ＡＬＳＯＫ,プライム（内国株式）,サービス業,TOPIX Mid400,2026-08-25,2601.0,1192.5,1571352250.0,1342325.0,995141250.0,True,True,True,True,True,True
2127.T,2127,日本Ｍ＆Ａセンターホールディングス,プライム（内国株式）,サービス業,TOPIX Mid400,2026-08-25,2601.0,685.9000244140625,1569551078.1036377,2378840.0,1100526589.1723633,True,True,True,True,True,True
2782.T,2782,セリア,スタンダード（内国株式）,小売業,-,2026-08-25,2601.0,4435.0,1568529200.0,380840.0,2069814500.0,True,True,True,True,True,True
3891.T,3891,ニッポン高度紙工業,スタンダード（内国株式）,パルプ・紙,-,2026-08-25,2601.0,6430.0,1558853950.0,233800.0,864192000.0,True,True,True,True,True,True
3186.T,3186,ネクステージ,プライム（内国株式）,小売業,TOPIX Small 1,2026-08-25,2601.0,3390.0,1554932925.0,452875.0,1406850000.0,True,True,True,True,True,True
8508.T,8508,Ｊトラスト,スタンダード（内国株式）,その他金融業,-,2026-08-25,2601.0,824.0,1539018450.0,1813440.0,2029264800.0,True,True,True,True,True,True
2121.T,2121,ＭＩＸＩ,プライム（内国株式）,情報・通信業,TOPIX Small 1,2026-08-25,2601.0,3565.0,1537572770.0,465670.0,1037415000.0,True,True,True,True,True,True
6875.T,6875,メガチップス,プライム（内国株式）,電気機器,TOPIX Small 1,2026-08-25,2601.0,10700.0,1537139800.0,148680.0,785380000.0,True,True,True,True,True,True
4816.T,4816,東映アニメーション,スタンダード（内国株式）,情報・通信業,-,2026-08-25,2601.0,3015.0,1534848875.0,530970.0,1850908500.0,True,True,True,True,True,True
6235.T,6235,オプトラン,プライム（内国株式）,機械,TOPIX Small 1,2026-08-25,2132.0,2724.0,1517476810.0,516340.0,958848000.0,True,True,True,True,True,True
1860.T,1860,戸田建設,プライム（内国株式）,建設業,TOPIX Mid400,2026-08-25,2601.0,1515.0,1516639537.5,1017010.0,1333200000.0,True,True,True,True,True,True
3401.T,3401,帝人,プライム（内国株式）,繊維製品,TOPIX Mid400,2026-08-25,2601.0,1737.5,1514884620.0,888515.0,939640000.0,True,True,True,True,True,True
8361.T,8361,大垣共立銀行,プライム（内国株式）,銀行業,TOPIX Small 1,2026-08-25,2601.0,7940.0,1510868900.0,198215.0,1544330000.0,True,True,True,True,True,True
6055.T,6055,ジャパンマテリアル,プライム（内国株式）,サービス業,TOPIX Small 1,2026-08-25,2601.0,2062.0,1498614635.0,684775.0,618187600.0,True,True,True,True,True,True
8388.T,8388,阿波銀行,プライム（内国株式）,銀行業,TOPIX Small 1,2026-08-25,2601.0,9290.0,1488460500.0,167270.0,1867290000.0,True,True,True,True,True,True
6472.T,6472,ＮＴＮ,プライム（内国株式）,機械,TOPIX Mid400,2026-08-25,2601.0,372.8999938964844,1486401140.590973,3879580.0,756875117.6116943,True,True,True,True,True,True
7988.T,7988,ニフコ,プライム（内国株式）,化学,TOPIX Mid400,2026-08-25,2601.0,5041.0,1471527675.0,288835.0,875621700.0,True,True,True,True,True,True
9404.T,9404,日本テレビホールディングス,プライム（内国株式）,情報・通信業,TOPIX Mid400,2026-08-25,2601.0,3017.0,1468881930.0,503005.0,1269251900.0,True,True,True,True,True,True
5715.T,5715,古河機械金属,プライム（内国株式）,非鉄金属,TOPIX Small 1,2026-08-25,2601.0,4395.0,1467884500.0,370140.0,1943908500.0,True,True,True,True,True,True
9048.T,9048,名古屋鉄道,プライム（内国株式）,陸運業,TOPIX Mid400,2026-08-25,2601.0,1909.0,1467172032.5,776955.0,1022078600.0,True,True,True,True,True,True
4666.T,4666,パーク２４,プライム（内国株式）,不動産業,TOPIX Mid400,2026-08-25,2601.0,2020.5,1463490835.0,733115.0,1157948550.0,True,True,True,True,True,True
2607.T,2607,不二製油,プライム（内国株式）,食料品,TOPIX Mid400,2026-08-25,2601.0,4623.0,1462546640.0,339025.0,900560400.0,True,True,True,True,True,True
8282.T,8282,ケーズホールディングス,プライム（内国株式）,小売業,TOPIX Mid400,2026-08-25,2601.0,1973.5,1462375985.0,761225.0,1109304350.0,True,True,True,True,True,True
7685.T,7685,ＢｕｙＳｅｌｌ　Ｔｅｃｈｎｏｌｏｇｉｅｓ,グロース（内国株式）,卸売業,-,2026-08-25,1631.0,3300.0,1457786425.0,455640.0,779130000.0,True,True,True,True,True,True
2222.T,2222,寿スピリッツ,プライム（内国株式）,食料品,TOPIX Mid400,2026-08-25,2601.0,2725.5,1454522687.5,555595.0,765865500.0,True,True,True,True,True,True
6707.T,6707,サンケン電気,プライム（内国株式）,電気機器,TOPIX Mid400,2026-08-25,2601.0,7398.0,1451416775.0,178305.0,1523988000.0,True,True,True,True,True,True
6136.T,6136,オーエスジー,プライム（内国株式）,機械,TOPIX Mid400,2026-08-25,2601.0,3728.0,1445569930.0,384160.0,765731200.0,True,True,True,True,True,True
9166.T,9166,ＧＥＮＤＡ,グロース（内国株式）,サービス業,-,2026-08-25,751.0,770.0,1441558430.0,2048615.0,1177484000.0,True,True,True,True,True,True
4812.T,4812,電通総研,プライム（内国株式）,情報・通信業,TOPIX Small 1,2026-08-25,2601.0,2726.0,1428087915.0,527280.0,495586800.0,True,True,True,True,True,True
8338.T,8338,筑波銀行,プライム（内国株式）,銀行業,TOPIX Small 2,2026-08-25,2601.0,695.0,1423505725.0,2065020.0,760608000.0,True,True,True,True,True,True
6027.T,6027,弁護士ドットコム,プライム（内国株式）,サービス業,TOPIX Small 2,2026-08-25,2601.0,4345.0,1419773430.0,374935.0,1811865000.0,True,True,True,True,True,True
5947.T,5947,リンナイ,プライム（内国株式）,金属製品,TOPIX Mid400,2026-08-25,2601.0,3571.0,1409195780.0,390315.0,874537900.0,True,True,True,True,True,True
2670.T,2670,エービーシー・マート,プライム（内国株式）,小売業,TOPIX Mid400,2026-08-25,2601.0,2805.0,1405403905.0,503920.0,1492260000.0,True,True,True,True,True,True
6258.T,6258,平田機工,プライム（内国株式）,機械,TOPIX Small 1,2026-08-25,2601.0,3460.0,1402682530.0,416440.0,909980000.0,True,True,True,True,True,True
1414.T,1414,ショーボンドホールディングス,プライム（内国株式）,建設業,TOPIX Mid400,2026-08-25,2601.0,1273.0,1399527037.5,1080205.0,1123804400.0,True,True,True,True,True,True
3291.T,3291,飯田グループホールディングス,プライム（内国株式）,不動産業,TOPIX Mid400,2026-08-25,2601.0,2342.0,1395576540.0,609490.0,1072167600.0,True,True,True,True,True,True
6524.T,6524,湖北工業,スタンダード（内国株式）,電気機器,-,2026-08-25,1143.0,5000.0,1394161475.0,300465.0,1688000000.0,True,True,True,True,True,True
3863.T,3863,日本製紙,プライム（内国株式）,パルプ・紙,TOPIX Small 1,2026-08-25,2601.0,1365.0,1389493310.0,1000655.0,746791500.0,True,True,True,True,True,True
8698.T,8698,マネックスグループ,プライム（内国株式）,証券、商品先物取引業,TOPIX Small 1,2026-08-25,2601.0,738.0,1385674465.0,1962265.0,1273714200.0,True,True,True,True,True,True
4967.T,4967,小林製薬,プライム（内国株式）,化学,TOPIX Mid400,2026-08-25,2601.0,5680.0,1379813505.0,245715.0,994000000.0,True,True,True,True,True,True
8012.T,8012,長瀬産業,プライム（内国株式）,卸売業,TOPIX Mid400,2026-08-25,2601.0,1173.5,1376986210.0,1136660.0,1501375900.0,True,True,True,True,True,True
8714.T,8714,池田泉州ホールディングス,プライム（内国株式）,銀行業,TOPIX Small 1,2026-08-25,2601.0,1058.0,1376580950.0,1338525.0,508474800.0,True,True,True,True,True,True
1719.T,1719,安藤・間,プライム（内国株式）,建設業,TOPIX Mid400,2026-08-25,2601.0,1904.0,1376231205.0,742150.0,1223320000.0,True,True,True,True,True,True
4206.T,4206,アイカ工業,プライム（内国株式）,化学,TOPIX Mid400,2026-08-25,2601.0,4114.0,1375242885.0,346180.0,878339000.0,True,True,True,True,True,True
9006.T,9006,京浜急行電鉄,プライム（内国株式）,陸運業,TOPIX Mid400,2026-08-25,2601.0,1586.0,1371705990.0,883820.0,718458000.0,True,True,True,True,True,True
8544.T,8544,京葉銀行,プライム（内国株式）,銀行業,TOPIX Small 1,2026-08-25,2601.0,2712.0,1367867265.0,505785.0,541315200.0,True,True,True,True,True,True
4259.T,4259,エクサウィザーズ,グロース（内国株式）,情報・通信業,-,2026-08-25,1141.0,750.0,1362609030.0,1793960.0,858000000.0,True,True,True,True,True,True
5032.T,5032,ＡＮＹＣＯＬＯＲ,プライム（内国株式）,情報・通信業,TOPIX Small 1,2026-08-25,1031.0,2917.0,1350864505.0,492970.0,1019199800.0,True,True,True,True,True,True
2206.T,2206,江崎グリコ,プライム（内国株式）,食料品,TOPIX Mid400,2026-08-25,2601.0,5194.0,1348781120.0,264265.0,916741000.0,True,True,True,True,True,True
4023.T,4023,クレハ,プライム（内国株式）,化学,TOPIX Small 1,2026-08-25,2601.0,4510.0,1347290475.0,305740.0,1359765000.0,True,True,True,True,True,True
7380.T,7380,十六フィナンシャルグループ,プライム（内国株式）,銀行業,TOPIX Small 1,2026-08-25,1198.0,2515.0,1345100735.0,546280.0,1245931000.0,True,True,True,True,True,True
3387.T,3387,クリエイト・レストランツ・ホールディングス,プライム（内国株式）,小売業,TOPIX Small 1,2026-08-25,2601.0,785.0,1342713670.0,1741530.0,1363702000.0,True,True,True,True,True,True
3993.T,3993,ＰＫＳＨＡ　Ｔｅｃｈｎｏｌｏｇｙ,プライム（内国株式）,情報・通信業,TOPIX Small 1,2026-08-25,2195.0,3200.0,1339858085.0,443210.0,784640000.0,True,True,True,True,True,True
1979.T,1979,大氣社,プライム（内国株式）,建設業,TOPIX Small 1,2026-08-25,2601.0,3900.0,1339201300.0,326090.0,1726920000.0,True,True,True,True,True,True
8111.T,8111,ゴールドウイン,プライム（内国株式）,繊維製品,TOPIX Mid400,2026-08-25,2601.0,2185.0,1338768607.5,616295.0,1045741000.0,True,True,True,True,True,True
4970.T,4970,東洋合成工業,スタンダード（内国株式）,化学,-,2026-08-25,2601.0,11850.0,1336271600.0,107595.0,1096125000.0,True,True,True,True,True,True
3687.T,3687,フィックスターズ,プライム（内国株式）,情報・通信業,TOPIX Small 2,2026-08-25,2601.0,2172.0,1332177835.0,617245.0,709809600.0,True,True,True,True,True,True
8060.T,8060,キヤノンマーケティングジャパン,プライム（内国株式）,卸売業,TOPIX Mid400,2026-08-25,2601.0,3514.0,1330939055.0,371540.0,4265644600.0,True,True,True,True,True,True
6617.T,6617,東光高岳,プライム（内国株式）,電気機器,TOPIX Small 2,2026-08-25,2601.0,7150.0,1330363350.0,181540.0,630630000.0,True,True,True,True,True,True
6544.T,6544,ジャパンエレベーターサービスホールディングス,プライム（内国株式）,サービス業,TOPIX Mid400,2026-08-25,2325.0,1582.5,1329704005.0,854030.0,993968250.0,True,True,True,True,True,True
5074.T,5074,テスホールディングス,プライム（内国株式）,建設業,TOPIX Small 2,2026-08-25,1302.0,629.0,1328652355.0,1949205.0,717563200.0,True,True,True,True,True,True
7459.T,7459,メディパルホールディングス,プライム（内国株式）,卸売業,TOPIX Mid400,2026-08-25,2601.0,2909.0,1327330172.5,461905.0,869791000.0,True,True,True,True,True,True
6849.T,6849,日本光電工業,プライム（内国株式）,電気機器,TOPIX Mid400,2026-08-25,2601.0,1512.5,1316070305.0,867575.0,777727500.0,True,True,True,True,True,True
2175.T,2175,エス・エム・エス,プライム（内国株式）,サービス業,TOPIX Small 1,2026-08-25,2601.0,2382.0,1298931710.0,569650.0,951609000.0,True,True,True,True,True,True
8020.T,8020,兼松,プライム（内国株式）,卸売業,TOPIX Mid400,2026-08-25,2601.0,2181.0,1296199892.5,601800.0,1030958700.0,True,True,True,True,True,True
3097.T,3097,物語コーポレーション,プライム（内国株式）,小売業,TOPIX Small 1,2026-08-25,2601.0,5720.0,1283259400.0,231390.0,529672000.0,True,True,True,True,True,True
7806.T,7806,ＭＴＧ,グロース（内国株式）,その他製品,-,2026-08-25,1988.0,8980.0,1282172250.0,160790.0,1824736000.0,True,True,True,True,True,True
7164.T,7164,全国保証,プライム（内国株式）,その他金融業,TOPIX Mid400,2026-08-25,2601.0,3196.0,1279876985.0,408485.0,806350800.0,True,True,True,True,True,True
2433.T,2433,博報堂ＤＹホールディングス,プライム（内国株式）,サービス業,TOPIX Mid400,2026-08-25,2601.0,1338.5,1279804055.0,994570.0,1107207200.0,True,True,True,True,True,True
6264.T,6264,マルマエ,プライム（内国株式）,機械,TOPIX Small 2,2026-08-25,2601.0,2104.0,1277186090.0,628975.0,1183920800.0,True,True,True,True,True,True
5463.T,5463,丸一鋼管,プライム（内国株式）,鉄鋼,TOPIX Mid400,2026-08-25,2601.0,1753.5,1273161057.5,716905.0,690177600.0,True,True,True,True,True,True
4078.T,4078,堺化学工業,プライム（内国株式）,化学,TOPIX Small 1,2026-08-25,2601.0,3965.0,1269709900.0,318435.0,601490500.0,True,True,True,True,True,True
4784.T,4784,ＧＭＯインターネット,プライム（内国株式）,サービス業,TOPIX Small 2,2026-08-25,2601.0,569.0,1269182355.0,2262435.0,734692800.0,True,True,True,True,True,True
6016.T,6016,ジャパンエンジンコーポレーション,スタンダード（内国株式）,輸送用機器,-,2026-08-25,2601.0,10230.0,1264266250.0,131940.0,1203048000.0,True,True,True,True,True,True
8242.T,8242,エイチ・ツー・オー　リテイリング,プライム（内国株式）,小売業,TOPIX Mid400,2026-08-25,2601.0,3019.0,1258641165.0,438710.0,1115822400.0,True,True,True,True,True,True
2784.T,2784,アルフレッサ　ホールディングス,プライム（内国株式）,卸売業,TOPIX Mid400,2026-08-25,2601.0,2319.0,1258357892.5,555245.0,754138800.0,True,True,True,True,True,True
9076.T,9076,セイノーホールディングス,プライム（内国株式）,陸運業,TOPIX Mid400,2026-08-25,2601.0,2797.5,1248651110.0,459595.0,954786750.0,True,True,True,True,True,True
2371.T,2371,カカクコム,プライム（内国株式）,サービス業,TOPIX Mid400,2026-08-25,2601.0,3655.0,1246628660.0,337225.0,840284500.0,True,True,True,True,True,True
6436.T,6436,アマノ,プライム（内国株式）,機械,TOPIX Mid400,2026-08-25,2601.0,3943.0,1233642770.0,318365.0,653749400.0,True,True,True,True,True,True
4483.T,4483,ＪＭＤＣ,プライム（内国株式）,情報・通信業,TOPIX Small 1,2026-08-25,1633.0,3425.0,1233576575.0,367435.0,588415000.0,True,True,True,True,True,True
4272.T,4272,日本化薬,プライム（内国株式）,化学,TOPIX Mid400,2026-08-25,2601.0,2068.0,1230982007.5,612140.0,813344400.0,True,True,True,True,True,True
3101.T,3101,東洋紡,プライム（内国株式）,化学,TOPIX Small 1,2026-08-25,2601.0,1650.0,1221999555.0,767200.0,773190000.0,True,True,True,True,True,True
247A.T,247A,Ａｉロボティクス,グロース（内国株式）,化学,-,2026-08-25,465.0,935.0,1218037915.0,1320600.0,1487865500.0,True,True,True,True,True,True
7599.T,7599,ＩＤＯＭ,プライム（内国株式）,卸売業,TOPIX Small 1,2026-08-25,2601.0,1279.0,1210795630.0,942320.0,2458493800.0,True,True,True,True,True,True
1407.T,1407,ウエストホールディングス,スタンダード（内国株式）,建設業,-,2026-08-25,2601.0,2662.0,1196273140.0,447315.0,2032969400.0,True,True,True,True,True,True
9072.T,9072,ニッコンホールディングス,プライム（内国株式）,陸運業,TOPIX Mid400,2026-08-25,2601.0,5434.0,1190776275.0,222910.0,552637800.0,True,True,True,True,True,True
4373.T,4373,シンプレクス・ホールディングス,プライム（内国株式）,情報・通信業,TOPIX Small 1,2026-08-25,1204.0,1175.0,1184200210.0,1043935.0,661172500.0,True,True,True,True,True,True
2585.T,2585,ライフドリンク　カンパニー,プライム（内国株式）,食料品,TOPIX Small 1,2026-08-25,1143.0,1650.0,1180366155.0,738065.0,976305000.0,True,True,True,True,True,True
8022.T,8022,美津濃,プライム（内国株式）,その他製品,TOPIX Small 1,2026-08-25,2601.0,4110.0,1178155750.0,290295.0,1103946000.0,True,True,True,True,True,True
6946.T,6946,日本アビオニクス,スタンダード（内国株式）,電気機器,-,2026-08-25,2601.0,5820.0,1176968550.0,213735.0,636126000.0,True,True,True,True,True,True
5331.T,5331,ノリタケ,プライム（内国株式）,ガラス・土石製品,TOPIX Small 1,2026-08-25,2601.0,3610.0,1176870125.0,327185.0,473993000.0,True,True,True,True,True,True
7278.T,7278,エクセディ,プライム（内国株式）,輸送用機器,TOPIX Small 1,2026-08-25,2601.0,6200.0,1174932950.0,193410.0,1367100000.0,True,True,True,True,True,True
8522.T,8522,名古屋銀行,プライム（内国株式）,銀行業,TOPIX Small 1,2026-08-25,2601.0,6830.0,1172697000.0,175985.0,1028598000.0,True,True,True,True,True,True
8381.T,8381,山陰合同銀行,プライム（内国株式）,銀行業,TOPIX Small 1,2026-08-25,2601.0,2549.0,1164637030.0,468955.0,923757600.0,True,True,True,True,True,True
4587.T,4587,ペプチドリーム,プライム（内国株式）,医薬品,TOPIX Mid400,2026-08-25,2601.0,1114.0,1144810768.227539,1131040.0,1174044600.0,True,True,True,True,True,True
7004.T,7004,カナデビア,プライム（内国株式）,機械,TOPIX Small 1,2026-08-25,2601.0,1204.0,1141968160.0,944540.0,1006784800.0,True,True,True,True,True,True
7419.T,7419,ノジマ,プライム（内国株式）,小売業,TOPIX Small 1,2026-08-25,2601.0,1279.0,1141930650.0,859825.0,881103100.0,True,True,True,True,True,True
6457.T,6457,グローリー,プライム（内国株式）,機械,TOPIX Mid400,2026-08-25,2601.0,4869.0,1140092850.0,241620.0,816044400.0,True,True,True,True,True,True
8343.T,8343,秋田銀行,プライム（内国株式）,銀行業,TOPIX Small 2,2026-08-25,2601.0,8490.0,1133401300.0,139835.0,933900000.0,True,True,True,True,True,True
1518.T,1518,三井松島ホールディングス,プライム（内国株式）,その他製品,TOPIX Small 1,2026-08-25,2601.0,2279.0,1131716115.0,492120.0,590944700.0,True,True,True,True,True,True
8086.T,8086,ニプロ,プライム（内国株式）,精密機器,TOPIX Mid400,2026-08-25,2601.0,1576.5,1129147797.5,701385.0,704537850.0,True,True,True,True,True,True
4681.T,4681,リゾートトラスト,プライム（内国株式）,サービス業,TOPIX Mid400,2026-08-25,2601.0,1866.5,1126859360.0,614155.0,967966900.0,True,True,True,True,True,True
2229.T,2229,カルビー,プライム（内国株式）,食料品,TOPIX Mid400,2026-08-25,2601.0,3090.0,1126616187.5,375280.0,576285000.0,True,True,True,True,True,True
2726.T,2726,パルグループホールディングス,プライム（内国株式）,小売業,TOPIX Small 1,2026-08-25,2601.0,1549.0,1119621930.0,742920.0,1074541300.0,True,True,True,True,True,True
2593.T,2593,伊藤園,プライム（内国株式）,食料品,TOPIX Mid400,2026-08-25,2601.0,3044.0,1108878257.5,368935.0,1269652400.0,True,True,True,True,True,True
9533.T,9533,東邦瓦斯,プライム（内国株式）,電気・ガス業,TOPIX Mid400,2026-08-25,2601.0,1222.5,1108361732.5,946575.0,935701500.0,True,True,True,True,True,True
6387.T,6387,サムコ,プライム（内国株式）,機械,TOPIX Small 2,2026-08-25,2601.0,8880.0,1108003250.0,123215.0,720168000.0,True,True,True,True,True,True
6237.T,6237,イワキポンプ,プライム（内国株式）,機械,TOPIX Small 2,2026-08-25,2570.0,4200.0,1103386775.0,223820.0,427560000.0,True,True,True,True,True,True
9418.T,9418,Ｕ－ＮＥＸＴ　ＨＯＬＤＩＮＧＳ,プライム（内国株式）,情報・通信業,TOPIX Small 1,2026-08-25,2601.0,1789.0,1102279625.0,635130.0,1067854100.0,True,True,True,True,True,True
9744.T,9744,メイテックグループホールディングス,プライム（内国株式）,サービス業,TOPIX Mid400,2026-08-25,2601.0,3366.0,1101863220.0,331475.0,699454800.0,True,True,True,True,True,True
8386.T,8386,百十四銀行,プライム（内国株式）,銀行業,TOPIX Small 1,2026-08-25,2601.0,2978.0,1101083280.0,376675.0,510429200.0,True,True,True,True,True,True
9627.T,9627,アインホールディングス,プライム（内国株式）,小売業,TOPIX Mid400,2026-08-25,2601.0,6180.0,1096603450.0,183350.0,495018000.0,True,True,True,True,True,True
5832.T,5832,ちゅうぎんフィナンシャルグループ,プライム（内国株式）,銀行業,TOPIX Mid400,2026-08-25,953.0,3431.0,1080130880.0,319895.0,616207600.0,True,True,True,True,True,True
8367.T,8367,南都銀行,プライム（内国株式）,銀行業,TOPIX Small 1,2026-08-25,2601.0,1865.0,1069291285.0,593250.0,558754000.0,True,True,True,True,True,True
3433.T,3433,トーカロ,プライム（内国株式）,金属製品,TOPIX Small 1,2026-08-25,2601.0,2776.0,1062438330.0,369245.0,1064873600.0,True,True,True,True,True,True
4419.T,4419,Ｆｉｎａｔｅｘｔホールディングス,グロース（内国株式）,情報・通信業,-,2026-08-25,1142.0,1358.0,1061063690.0,755505.0,486978800.0,True,True,True,True,True,True
5901.T,5901,東洋製罐グループホールディングス,プライム（内国株式）,金属製品,TOPIX Mid400,2026-08-25,2601.0,4444.0,1060124470.0,247770.0,1307424800.0,True,True,True,True,True,True
5703.T,5703,日本軽金属ホールディングス,プライム（内国株式）,非鉄金属,TOPIX Small 1,2026-08-25,2601.0,3025.0,1053097580.0,368365.0,462220000.0,True,True,True,True,True,True
6516.T,6516,山洋電気,プライム（内国株式）,電気機器,TOPIX Small 1,2026-08-25,2601.0,5450.0,1051670650.0,189545.0,527015000.0,True,True,True,True,True,True
4413.T,4413,ボードルア,プライム（内国株式）,情報・通信業,TOPIX Small 2,2026-08-25,1158.0,2969.0,1046046445.0,354880.0,2151931200.0,True,True,True,True,True,True
4565.T,4565,ネクセラファーマ,プライム（内国株式）,医薬品,TOPIX Small 1,2026-08-25,2601.0,1108.0,1040018105.0,1024805.0,605189600.0,True,True,True,True,True,True
9045.T,9045,京阪ホールディングス,プライム（内国株式）,陸運業,TOPIX Mid400,2026-08-25,2601.0,3271.0,1027713505.0,319740.0,986533600.0,True,True,True,True,True,True
2760.T,2760,東京エレクトロン　デバイス,プライム（内国株式）,卸売業,TOPIX Small 1,2026-08-25,2601.0,3990.0,1025553425.0,250710.0,429723000.0,True,True,True,True,True,True
2811.T,2811,カゴメ,プライム（内国株式）,食料品,TOPIX Mid400,2026-08-25,2601.0,2714.5,1024058402.5,384990.0,498925100.0,True,True,True,True,True,True
6523.T,6523,ＰＨＣホールディングス,プライム（内国株式）,電気機器,TOPIX Small 1,2026-08-25,1189.0,1501.0,1013950270.0,752000.0,945179700.0,True,True,True,True,True,True
8346.T,8346,東邦銀行,プライム（内国株式）,銀行業,TOPIX Small 1,2026-08-25,2601.0,943.0,1012667085.0,1091450.0,810602800.0,True,True,True,True,True,True
4927.T,4927,ポーラ・オルビスホールディングス,プライム（内国株式）,化学,TOPIX Mid400,2026-08-25,2601.0,1400.0,1007263125.0,728385.0,525980000.0,True,True,True,True,True,True
1417.T,1417,ミライト・ワン,プライム（内国株式）,建設業,TOPIX Mid400,2026-08-25,2601.0,3592.0,1007008185.0,287125.0,762222400.0,True,True,True,True,True,True
2685.T,2685,アンドエスティＨＤ,プライム（内国株式）,小売業,TOPIX Small 1,2026-08-25,2601.0,3530.0,1006163375.0,289720.0,1234088000.0,True,True,True,True,True,True
8360.T,8360,山梨中央銀行,プライム（内国株式）,銀行業,TOPIX Small 1,2026-08-25,2601.0,7110.0,1001655400.0,143515.0,644166000.0,True,True,True,True,True,True
3107.T,3107,ダイワボウホールディングス,プライム（内国株式）,卸売業,TOPIX Mid400,2026-08-25,2601.0,3681.0,998500835.0,273660.0,676199700.0,True,True,True,True,True,True
7740.T,7740,タムロン,プライム（内国株式）,精密機器,TOPIX Small 1,2026-08-25,2601.0,1383.0,990942365.0,705860.0,772128900.0,True,True,True,True,True,True
9069.T,9069,センコーグループホールディングス,プライム（内国株式）,陸運業,TOPIX Mid400,2026-08-25,2601.0,2278.0,990814975.0,438280.0,661986800.0,True,True,True,True,True,True
4471.T,4471,三洋化成工業,プライム（内国株式）,化学,TOPIX Small 1,2026-08-25,2601.0,6380.0,984244275.0,165000.0,776446000.0,True,True,True,True,True,True
2327.T,2327,日鉄ソリューションズ,プライム（内国株式）,情報・通信業,TOPIX Mid400,2026-08-25,2601.0,3902.0,981526500.0,255485.0,518966000.0,True,True,True,True,True,True
4480.T,4480,メドレー,プライム（内国株式）,情報・通信業,TOPIX Small 1,2026-08-25,1635.0,2739.0,974619945.0,372885.0,692145300.0,True,True,True,True,True,True
7456.T,7456,松田産業,プライム（内国株式）,卸売業,TOPIX Small 1,2026-08-25,2601.0,7130.0,974106050.0,152070.0,1028146000.0,True,True,True,True,True,True
2810.T,2810,ハウス食品グループ本社,プライム（内国株式）,食料品,TOPIX Mid400,2026-08-25,2601.0,3751.0,973008635.0,257535.0,590032300.0,True,True,True,True,True,True
7148.T,7148,ＦＰＧ,プライム（内国株式）,証券、商品先物取引業,TOPIX Small 1,2026-08-25,2601.0,1673.0,971890275.0,590740.0,698310200.0,True,True,True,True,True,True
6232.T,6232,ＡＣＳＬ,グロース（内国株式）,機械,-,2026-08-25,1870.0,1455.0,970618485.0,601800.0,4965042000.0,True,True,True,True,True,True
7609.T,7609,ダイトロン,プライム（内国株式）,卸売業,TOPIX Small 2,2026-08-25,2601.0,3970.0,970414050.0,237585.0,443052000.0,True,True,True,True,True,True
8276.T,8276,平和堂,プライム（内国株式）,小売業,TOPIX Small 1,2026-08-25,2601.0,2721.0,962318705.0,355355.0,331962000.0,True,True,True,True,True,True
1885.T,1885,東亜建設工業,プライム（内国株式）,建設業,TOPIX Small 1,2026-08-25,2601.0,2081.0,961274315.0,468255.0,721274600.0,True,True,True,True,True,True
6143.T,6143,ソディック,プライム（内国株式）,機械,TOPIX Small 1,2026-08-25,2601.0,1684.0,961176900.0,556920.0,658949200.0,True,True,True,True,True,True
7616.T,7616,コロワイド,プライム（内国株式）,小売業,TOPIX Mid400,2026-08-25,2601.0,2096.5,958444912.5,464970.0,596034950.0,True,True,True,True,True,True
7545.T,7545,西松屋チェーン,プライム（内国株式）,小売業,TOPIX Small 1,2026-08-25,2601.0,2028.0,957326360.0,476370.0,463600800.0,True,True,True,True,True,True
7552.T,7552,ハピネット,プライム（内国株式）,卸売業,TOPIX Small 1,2026-08-25,2601.0,3760.0,951998050.0,277425.0,541064000.0,True,True,True,True,True,True
8876.T,8876,リログループ,プライム（内国株式）,サービス業,TOPIX Mid400,2026-08-25,2601.0,2189.0,946826905.0,453415.0,786726600.0,True,True,True,True,True,True
5707.T,5707,東邦亜鉛,プライム（内国株式）,非鉄金属,TOPIX Small 2,2026-08-25,2601.0,1153.0,942226855.0,886500.0,2660201600.0,True,True,True,True,True,True
3543.T,3543,コメダホールディングス,プライム（内国株式）,卸売業,TOPIX Small 1,2026-08-25,2502.0,3000.0,937815120.0,322095.0,1301700000.0,True,True,True,True,True,True
3549.T,3549,クスリのアオキホールディングス,スタンダード（内国株式）,小売業,TOPIX Mid400,2026-08-25,2601.0,4211.0,933402105.0,230120.0,1211925800.0,True,True,True,True,True,True
8370.T,8370,紀陽銀行,プライム（内国株式）,銀行業,TOPIX Small 1,2026-08-25,2601.0,4950.0,928594200.0,193195.0,648450000.0,True,True,True,True,True,True
7716.T,7716,ナカニシ,スタンダード（内国株式）,精密機器,-,2026-08-25,2601.0,3205.0,928361980.0,293125.0,861183500.0,True,True,True,True,True,True
4887.T,4887,サワイグループホールディングス,プライム（内国株式）,医薬品,TOPIX Mid400,2026-08-25,1320.0,1617.0,925997875.0,568275.0,564656400.0,True,True,True,True,True,True
4544.T,4544,Ｈ．Ｕ．グループホールディングス,プライム（内国株式）,サービス業,TOPIX Mid400,2026-08-25,2601.0,3690.0,924093305.0,260660.0,628776000.0,True,True,True,True,True,True
6800.T,6800,ヨコオ,プライム（内国株式）,電気機器,TOPIX Small 2,2026-08-25,2601.0,3795.0,919439025.0,226365.0,533197500.0,True,True,True,True,True,True
4634.T,4634,ａｒｔｉｅｎｃｅ,プライム（内国株式）,化学,TOPIX Small 1,2026-08-25,2601.0,5050.0,916446700.0,190995.0,778205000.0,True,True,True,True,True,True
8570.T,8570,イオンフィナンシャルサービス,プライム（内国株式）,その他金融業,TOPIX Mid400,2026-08-25,2601.0,1724.0,915880647.5,562745.0,775800000.0,True,True,True,True,True,True
7984.T,7984,コクヨ,プライム（内国株式）,その他製品,TOPIX Mid400,2026-08-25,2601.0,893.7999877929688,915530350.826416,1036160.0,607515851.7028809,True,True,True,True,True,True
2531.T,2531,宝ホールディングス,プライム（内国株式）,食料品,TOPIX Mid400,2026-08-25,2601.0,2182.0,911396590.0,435040.0,555537200.0,True,True,True,True,True,True
8154.T,8154,加賀電子,プライム（内国株式）,卸売業,TOPIX Small 1,2026-08-25,2601.0,4895.0,908386950.0,186595.0,522296500.0,True,True,True,True,True,True
9505.T,9505,北陸電力,プライム（内国株式）,電気・ガス業,TOPIX Mid400,2026-08-25,2601.0,983.5,905689595.7693481,944520.0,716578100.0,True,True,True,True,True,True
8237.T,8237,松屋,プライム（内国株式）,小売業,TOPIX Small 1,2026-08-25,2601.0,2864.0,902142055.0,408285.0,1976160000.0,True,True,True,True,True,True
319A.T,319A,技術承継機構,グロース（内国株式）,金属製品,-,2026-08-25,379.0,21030.0,900776950.0,47375.0,1301757000.0,True,True,True,True,True,True
9302.T,9302,三井倉庫ホールディングス,プライム（内国株式）,倉庫・運輸関連業,TOPIX Mid400,2026-08-25,2601.0,3314.0,897702770.0,268735.0,690969000.0,True,True,True,True,True,True
9003.T,9003,相鉄ホールディングス,プライム（内国株式）,陸運業,TOPIX Mid400,2026-08-25,2601.0,2640.5,896197645.0,347830.0,546847550.0,True,True,True,True,True,True
3660.T,3660,アイスタイル,プライム（内国株式）,情報・通信業,TOPIX Small 1,2026-08-25,2601.0,521.0,896113000.0,1756200.0,798797200.0,True,True,True,True,True,True
7240.T,7240,ＮＯＫ,プライム（内国株式）,輸送用機器,TOPIX Mid400,2026-08-25,2601.0,2997.5,891999095.0,295425.0,641165250.0,True,True,True,True,True,True
6140.T,6140,旭ダイヤモンド工業,プライム（内国株式）,機械,TOPIX Small 1,2026-08-25,2601.0,1232.0,888634405.0,736015.0,930160000.0,True,True,True,True,True,True
9722.T,9722,藤田観光,プライム（内国株式）,サービス業,TOPIX Small 1,2026-08-25,2601.0,2726.0,884769660.0,381505.0,1157459600.0,True,True,True,True,True,True
4617.T,4617,中国塗料,プライム（内国株式）,化学,TOPIX Small 1,2026-08-25,2601.0,3560.0,881899725.0,244175.0,402992000.0,True,True,True,True,True,True
2980.T,2980,ＳＲＥホールディングス,プライム（内国株式）,不動産業,TOPIX Small 2,2026-08-25,1630.0,2414.0,878804905.0,343695.0,418587600.0,True,True,True,True,True,True
2124.T,2124,ジェイエイシーリクルートメント,プライム（内国株式）,サービス業,TOPIX Small 1,2026-08-25,2601.0,1003.0,877166995.0,888785.0,640014300.0,True,True,True,True,True,True
7744.T,7744,ノーリツ鋼機,プライム（内国株式）,精密機器,TOPIX Small 1,2026-08-25,2601.0,2038.0,875315870.0,433295.0,635652200.0,True,True,True,True,True,True
4028.T,4028,石原産業,プライム（内国株式）,化学,TOPIX Small 1,2026-08-25,2601.0,3170.0,875069465.0,287965.0,428901000.0,True,True,True,True,True,True
8425.T,8425,みずほリース,プライム（内国株式）,その他金融業,TOPIX Small 1,2026-08-25,2601.0,1376.0,874665375.0,646590.0,548886400.0,True,True,True,True,True,True
4776.T,4776,サイボウズ,プライム（内国株式）,情報・通信業,TOPIX Small 1,2026-08-25,2601.0,3020.0,874228265.0,306820.0,587692000.0,True,True,True,True,True,True
8628.T,8628,松井証券,プライム（内国株式）,証券、商品先物取引業,TOPIX Small 1,2026-08-25,2601.0,1118.0,869394275.0,803825.0,643185400.0,True,True,True,True,True,True
9759.T,9759,ＮＳＤ,プライム（内国株式）,情報・通信業,TOPIX Mid400,2026-08-25,2601.0,2881.0,861928500.0,305595.0,464417200.0,True,True,True,True,True,True
4475.T,4475,ＨＥＮＮＧＥ,グロース（内国株式）,情報・通信業,-,2026-08-25,1679.0,1539.0,860218180.0,587330.0,838139400.0,True,True,True,True,True,True
2201.T,2201,森永製菓,プライム（内国株式）,食料品,TOPIX Mid400,2026-08-25,2601.0,2589.5,859107552.5,331055.0,541205500.0,True,True,True,True,True,True
8424.T,8424,芙蓉総合リース,プライム（内国株式）,その他金融業,TOPIX Mid400,2026-08-25,2601.0,4430.0,855787515.0,192495.0,742468000.0,True,True,True,True,True,True
547A.T,547A,ムニノバホールディングス,プライム（内国株式）,その他金融業,TOPIX Small 1,2026-08-25,2601.0,455.0,849065045.0,1864315.0,696787000.0,True,True,True,True,True,True
9956.T,9956,バローホールディングス,プライム（内国株式）,小売業,TOPIX Small 1,2026-08-25,2601.0,3310.0,846555475.0,259690.0,642471000.0,True,True,True,True,True,True
8550.T,8550,栃木銀行,プライム（内国株式）,銀行業,TOPIX Small 2,2026-08-25,2601.0,1023.0,841622325.0,826300.0,318459900.0,True,True,True,True,True,True
166A.T,166A,タスキホールディングス,プライム（内国株式）,不動産業,TOPIX Small 2,2026-08-25,587.0,1198.0,839705870.0,744390.0,360358400.0,True,True,True,True,True,True
9987.T,9987,スズケン,プライム（内国株式）,卸売業,TOPIX Mid400,2026-08-25,2601.0,5071.0,831779460.0,164955.0,381339200.0,True,True,True,True,True,True
3964.T,3964,オークネット,プライム（内国株式）,情報・通信業,TOPIX Small 2,2026-08-25,2319.0,1449.0,830284065.0,573560.0,1166300100.0,True,True,True,True,True,True
6104.T,6104,芝浦機械,プライム（内国株式）,機械,TOPIX Small 1,2026-08-25,2601.0,4385.0,830018875.0,197900.0,654680500.0,True,True,True,True,True,True
8336.T,8336,武蔵野銀行,プライム（内国株式）,銀行業,TOPIX Small 1,2026-08-25,2601.0,2699.0,828921420.0,312045.0,616721500.0,True,True,True,True,True,True
4107.T,4107,伊勢化学工業,スタンダード（内国株式）,化学,-,2026-08-25,2601.0,4010.0,828296300.0,224165.0,1279591000.0,True,True,True,True,True,True
8541.T,8541,愛媛銀行,プライム（内国株式）,銀行業,TOPIX Small 2,2026-08-25,2601.0,3065.0,825560925.0,281625.0,578672000.0,True,True,True,True,True,True
4968.T,4968,荒川化学工業,プライム（内国株式）,化学,TOPIX Small 2,2026-08-25,2601.0,2200.0,824915140.0,368405.0,518320000.0,True,True,True,True,True,True
8078.T,8078,阪和興業,プライム（内国株式）,卸売業,TOPIX Small 1,2026-08-25,2601.0,1868.0,821527135.0,461395.0,612890800.0,True,True,True,True,True,True
3002.T,3002,グンゼ,プライム（内国株式）,繊維製品,TOPIX Small 1,2026-08-25,2601.0,4205.0,819062550.0,198280.0,520158500.0,True,True,True,True,True,True
8919.T,8919,カチタス,プライム（内国株式）,不動産業,TOPIX Small 1,2026-08-25,2601.0,3700.0,812763675.0,231635.0,681910000.0,True,True,True,True,True,True
9044.T,9044,ＮＡＮＫＡＩ,プライム（内国株式）,陸運業,TOPIX Mid400,2026-08-25,2601.0,3050.0,810486632.5,270600.0,586820000.0,True,True,True,True,True,True
3569.T,3569,セーレン,プライム（内国株式）,繊維製品,TOPIX Small 1,2026-08-25,2601.0,3395.0,807184600.0,236565.0,334747000.0,True,True,True,True,True,True
7944.T,7944,ローランド,プライム（内国株式）,その他製品,TOPIX Small 1,2026-08-25,2601.0,3855.0,803629700.0,191670.0,451806000.0,True,True,True,True,True,True
1952.T,1952,新日本空調,プライム（内国株式）,建設業,TOPIX Small 1,2026-08-25,2601.0,3085.0,796422450.0,254280.0,322999500.0,True,True,True,True,True,True
6498.T,6498,キッツ,プライム（内国株式）,機械,TOPIX Small 1,2026-08-25,2601.0,1942.0,790610250.0,377995.0,513853200.0,True,True,True,True,True,True
5310.T,5310,東洋炭素,プライム（内国株式）,ガラス・土石製品,TOPIX Small 1,2026-08-25,2601.0,6850.0,790345200.0,114465.0,353460000.0,True,True,True,True,True,True
3449.T,3449,テクノフレックス,スタンダード（内国株式）,金属製品,-,2026-08-25,1637.0,3840.0,787249800.0,187640.0,385920000.0,True,True,True,True,True,True
4187.T,4187,大阪有機化学工業,プライム（内国株式）,化学,TOPIX Small 1,2026-08-25,2601.0,4615.0,782254925.0,167695.0,283361000.0,True,True,True,True,True,True
7611.T,7611,ハイデイ日高,プライム（内国株式）,小売業,TOPIX Small 1,2026-08-25,2601.0,2992.0,779344230.0,268910.0,567283200.0,True,True,True,True,True,True
7322.T,7322,三十三フィナンシャルグループ,プライム（内国株式）,銀行業,TOPIX Small 2,2026-08-25,2059.0,2016.0,772802900.0,398520.0,333648000.0,True,True,True,True,True,True
2730.T,2730,エディオン,プライム（内国株式）,小売業,TOPIX Small 1,2026-08-25,2601.0,2545.0,766390120.0,305355.0,534704500.0,True,True,True,True,True,True
8595.T,8595,ジャフコ　グループ,プライム（内国株式）,証券、商品先物取引業,TOPIX Mid400,2026-08-25,2601.0,2327.5,764158307.5,336745.0,404985000.0,True,True,True,True,True,True
9743.T,9743,丹青社,プライム（内国株式）,サービス業,TOPIX Small 1,2026-08-25,2601.0,1505.0,758948210.0,528170.0,423808000.0,True,True,True,True,True,True
6804.T,6804,ホシデン,プライム（内国株式）,電気機器,TOPIX Small 1,2026-08-25,2601.0,2715.0,757998945.0,264320.0,577480500.0,True,True,True,True,True,True
3156.T,3156,レスター,プライム（内国株式）,卸売業,TOPIX Small 2,2026-08-25,2601.0,4785.0,756698025.0,164065.0,228244500.0,True,True,True,True,True,True
2270.T,2270,雪印メグミルク,プライム（内国株式）,食料品,TOPIX Small 1,2026-08-25,2601.0,3705.0,753697200.0,203960.0,437190000.0,True,True,True,True,True,True
6807.T,6807,日本航空電子工業,プライム（内国株式）,電気機器,TOPIX Small 1,2026-08-25,2601.0,2421.0,747490175.0,316130.0,510588900.0,True,True,True,True,True,True
6412.T,6412,平和,プライム（内国株式）,機械,TOPIX Small 1,2026-08-25,2601.0,2241.0,747383925.0,346255.0,771128100.0,True,True,True,True,True,True
9936.T,9936,王将フードサービス,プライム（内国株式）,小売業,TOPIX Small 1,2026-08-25,2601.0,2974.0,744530070.0,254265.0,477624400.0,True,True,True,True,True,True
4975.T,4975,ＪＣＵ,プライム（内国株式）,化学,TOPIX Small 1,2026-08-25,2601.0,5410.0,743185100.0,129585.0,276451000.0,True,True,True,True,True,True
4046.T,4046,大阪ソーダ,プライム（内国株式）,化学,TOPIX Small 1,2026-08-25,2601.0,2052.0,742733915.0,384500.0,622576800.0,True,True,True,True,True,True
8848.T,8848,レオパレス２１,プライム（内国株式）,不動産業,TOPIX Small 1,2026-08-25,2601.0,643.0,741808330.0,1141915.0,589052300.0,True,True,True,True,True,True
4189.T,4189,ＫＨネオケム,プライム（内国株式）,化学,TOPIX Small 1,2026-08-25,2432.0,3470.0,740428925.0,222230.0,380312000.0,True,True,True,True,True,True
9682.T,9682,ＤＴＳ,プライム（内国株式）,情報・通信業,TOPIX Small 1,2026-08-25,2601.0,1120.0,737978305.0,668635.0,248640000.0,True,True,True,True,True,True
2157.T,2157,コシダカホールディングス,プライム（内国株式）,サービス業,TOPIX Small 1,2026-08-25,2601.0,1062.0,736782195.0,709340.0,816678000.0,True,True,True,True,True,True
3036.T,3036,アルコニックス,プライム（内国株式）,卸売業,TOPIX Small 1,2026-08-25,2601.0,3460.0,736188160.0,220145.0,490628000.0,True,True,True,True,True,True
6023.T,6023,ダイハツインフィニアース,スタンダード（内国株式）,輸送用機器,-,2026-08-25,2601.0,2992.0,735960835.0,251115.0,312065600.0,True,True,True,True,True,True
1333.T,1333,Ｕｍｉｏｓ,プライム（内国株式）,水産・農林業,TOPIX Mid400,2026-08-25,2601.0,1304.0,733656132.5,565135.0,841340800.0,True,True,True,True,True,True
2296.T,2296,伊藤ハム米久ホールディングス,プライム（内国株式）,食料品,TOPIX Small 1,2026-08-25,2561.0,5130.0,732445800.0,146305.0,377055000.0,True,True,True,True,True,True
5702.T,5702,大紀アルミニウム工業所,プライム（内国株式）,非鉄金属,TOPIX Small 1,2026-08-25,2601.0,1906.0,729166645.0,419405.0,458393000.0,True,True,True,True,True,True
2326.T,2326,デジタルアーツ,プライム（内国株式）,情報・通信業,TOPIX Small 1,2026-08-25,2601.0,4445.0,729098225.0,164640.0,409829000.0,True,True,True,True,True,True
3276.T,3276,ＪＰＭＣ,プライム（内国株式）,不動産業,TOPIX Small 2,2026-08-25,2601.0,2247.0,723142255.0,326525.0,1616267100.0,True,True,True,True,True,True
2353.T,2353,日本駐車場開発,プライム（内国株式）,不動産業,TOPIX Small 1,2026-08-25,2601.0,271.0,722472505.0,2791730.0,364115600.0,True,True,True,True,True,True
8129.T,8129,東邦ホールディングス,プライム（内国株式）,卸売業,TOPIX Mid400,2026-08-25,2601.0,3953.0,721464335.0,183210.0,367629000.0,True,True,True,True,True,True
6768.T,6768,タムラ製作所,プライム（内国株式）,電気機器,TOPIX Small 1,2026-08-25,2601.0,746.0,721403650.0,896645.0,325778200.0,True,True,True,True,True,True
7245.T,7245,大同メタル工業,プライム（内国株式）,輸送用機器,TOPIX Small 2,2026-08-25,2601.0,1252.0,721125715.0,532635.0,504180400.0,True,True,True,True,True,True
3612.T,3612,ワールド,プライム（内国株式）,繊維製品,TOPIX Small 1,2026-08-25,1930.0,1705.0,718610430.0,437995.0,1241581000.0,True,True,True,True,True,True
8392.T,8392,大分銀行,プライム（内国株式）,銀行業,TOPIX Small 2,2026-08-25,2601.0,2767.0,715444940.0,263970.0,632259500.0,True,True,True,True,True,True
7995.T,7995,バルカー,プライム（内国株式）,化学,TOPIX Small 1,2026-08-25,2601.0,6680.0,713510850.0,107210.0,406812000.0,True,True,True,True,True,True
9519.T,9519,レノバ,プライム（内国株式）,電気・ガス業,TOPIX Small 1,2026-08-25,2341.0,947.0,713231585.0,765230.0,758357600.0,True,True,True,True,True,True
5243.T,5243,ｎｏｔｅ,グロース（内国株式）,情報・通信業,-,2026-08-25,899.0,2551.0,705074560.0,301085.0,448976000.0,True,True,True,True,True,True
1833.T,1833,奥村組,プライム（内国株式）,建設業,TOPIX Small 1,2026-08-25,2601.0,5790.0,704901100.0,123025.0,590001000.0,True,True,True,True,True,True
2780.T,2780,コメ兵ホールディングス,スタンダード（内国株式）,小売業,-,2026-08-25,2601.0,5050.0,703580100.0,133955.0,399960000.0,True,True,True,True,True,True
8616.T,8616,東海東京フィナンシャル・ホールディングス,プライム（内国株式）,証券、商品先物取引業,TOPIX Small 1,2026-08-25,2601.0,864.0,702380300.0,857095.0,536976000.0,True,True,True,True,True,True
5208.T,5208,有沢製作所,プライム（内国株式）,化学,TOPIX Small 1,2026-08-25,2601.0,2544.0,701800990.0,267440.0,381600000.0,True,True,True,True,True,True
8174.T,8174,日本瓦斯,プライム（内国株式）,小売業,TOPIX Mid400,2026-08-25,2601.0,2975.5,700727782.5,243450.0,363606100.0,True,True,True,True,True,True
6810.T,6810,マクセル,プライム（内国株式）,電気機器,TOPIX Small 1,2026-08-25,2601.0,2397.0,699259405.0,290575.0,399100500.0,True,True,True,True,True,True
1820.T,1820,西松建設,プライム（内国株式）,建設業,TOPIX Mid400,2026-08-25,2601.0,5537.0,698451335.0,129040.0,502759600.0,True,True,True,True,True,True
6072.T,6072,地盤ネットホールディングス,スタンダード（内国株式）,サービス業,-,2026-08-25,2601.0,1061.0,694436970.0,661320.0,476707300.0,True,True,True,True,True,True
7433.T,7433,伯東,プライム（内国株式）,卸売業,TOPIX Small 1,2026-08-25,2601.0,5290.0,691582475.0,135495.0,428490000.0,True,True,True,True,True,True
402A.T,402A,アクセルスペースホールディングス,グロース（内国株式）,輸送用機器,-,2026-08-25,252.0,516.0,688761640.0,1381460.0,762544800.0,True,True,True,True,True,True
6474.T,6474,不二越,プライム（内国株式）,機械,TOPIX Small 1,2026-08-25,2601.0,5690.0,688606400.0,124945.0,353349000.0,True,True,True,True,True,True
8345.T,8345,岩手銀行,プライム（内国株式）,銀行業,TOPIX Small 2,2026-08-25,2601.0,2355.0,688122840.0,298375.0,544240500.0,True,True,True,True,True,True
5541.T,5541,大平洋金属,プライム（内国株式）,鉄鋼,TOPIX Small 2,2026-08-25,2601.0,2670.0,686820445.0,268745.0,367659000.0,True,True,True,True,True,True
2292.T,2292,Ｓ　Ｆｏｏｄｓ,プライム（内国株式）,食料品,TOPIX Small 1,2026-08-25,2601.0,2937.0,685433170.0,244525.0,891673200.0,True,True,True,True,True,True
7184.T,7184,富山第一銀行,プライム（内国株式）,銀行業,TOPIX Small 1,2026-08-25,2573.0,3250.0,685410990.0,221870.0,751075000.0,True,True,True,True,True,True
3360.T,3360,シップヘルスケアホールディングス,プライム（内国株式）,卸売業,TOPIX Mid400,2026-08-25,2601.0,2392.0,683445717.5,280335.0,437975200.0,True,True,True,True,True,True
9075.T,9075,福山通運,プライム（内国株式）,陸運業,TOPIX Small 1,2026-08-25,2601.0,6400.0,683416100.0,111225.0,602880000.0,True,True,True,True,True,True
4928.T,4928,ノエビアホールディングス,プライム（内国株式）,化学,TOPIX Small 1,2026-08-25,2601.0,4875.0,682607475.0,140400.0,350025000.0,True,True,True,True,True,True
4071.T,4071,プラスアルファ・コンサルティング,プライム（内国株式）,情報・通信業,TOPIX Small 1,2026-08-25,1260.0,2253.0,682183655.0,304615.0,273964800.0,True,True,True,True,True,True
8600.T,8600,トモニホールディングス,プライム（内国株式）,銀行業,TOPIX Small 1,2026-08-25,2601.0,1079.0,681911190.0,643540.0,372902400.0,True,True,True,True,True,True
3762.T,3762,テクマトリックス,プライム（内国株式）,情報・通信業,TOPIX Small 1,2026-08-25,2601.0,2366.0,680256550.0,299885.0,242278400.0,True,True,True,True,True,True
8511.T,8511,日本証券金融,プライム（内国株式）,その他金融業,TOPIX Small 1,2026-08-25,2601.0,2468.0,679786575.0,276010.0,319606000.0,True,True,True,True,True,True
7296.T,7296,エフ・シー・シー,プライム（内国株式）,輸送用機器,TOPIX Small 1,2026-08-25,2601.0,4165.0,676116900.0,167770.0,349443500.0,True,True,True,True,True,True
9880.T,9880,イノテック,プライム（内国株式）,電気機器,TOPIX Small 2,2026-08-25,2601.0,3650.0,668148350.0,188590.0,343100000.0,True,True,True,True,True,True
8393.T,8393,宮崎銀行,プライム（内国株式）,銀行業,TOPIX Small 2,2026-08-25,2601.0,2415.0,667714300.0,276660.0,352348500.0,True,True,True,True,True,True
6521.T,6521,オキサイド,グロース（内国株式）,電気機器,-,2026-08-25,1318.0,3390.0,664464215.0,211875.0,494601000.0,True,True,True,True,True,True
6395.T,6395,タダノ,プライム（内国株式）,機械,TOPIX Small 1,2026-08-25,2601.0,1371.0,663162790.0,482450.0,366879600.0,True,True,True,True,True,True
4521.T,4521,科研製薬,プライム（内国株式）,医薬品,TOPIX Small 1,2026-08-25,2601.0,3985.0,662065025.0,168880.0,494937000.0,True,True,True,True,True,True
7994.T,7994,オカムラ,プライム（内国株式）,その他製品,TOPIX Small 1,2026-08-25,2601.0,2365.0,660527680.0,282780.0,302483500.0,True,True,True,True,True,True
4432.T,4432,ウイングアーク１ｓｔ,プライム（内国株式）,情報・通信業,TOPIX Small 1,2026-08-25,1332.0,3310.0,658117800.0,206825.0,658690000.0,True,True,True,True,True,True
7350.T,7350,おきなわフィナンシャルグループ,プライム（内国株式）,銀行業,TOPIX Small 1,2026-08-25,1198.0,7570.0,656964150.0,86140.0,538227000.0,True,True,True,True,True,True
6840.T,6840,ＡＫＩＢＡホールディングス,スタンダード（内国株式）,電気機器,-,2026-08-25,2601.0,783.0,656793700.0,909520.0,332853300.0,True,True,True,True,True,True
6226.T,6226,守谷輸送機工業,スタンダード（内国株式）,機械,-,2026-08-25,1086.0,2281.0,652972420.0,294420.0,352186400.0,True,True,True,True,True,True
219A.T,219A,Ｈｅａｒｔｓｅｅｄ,グロース（内国株式）,医薬品,-,2026-08-25,505.0,2385.0,652900630.0,321995.0,1416451500.0,True,True,True,True,True,True
6013.T,6013,タクマ,プライム（内国株式）,機械,TOPIX Small 1,2026-08-25,2601.0,3070.0,652189800.0,199900.0,349673000.0,True,True,True,True,True,True
4592.T,4592,サンバイオ,グロース（内国株式）,医薬品,-,2026-08-25,2601.0,1018.0,651321370.0,666930.0,744463400.0,True,True,True,True,True,True
6379.T,6379,レイズネクスト,プライム（内国株式）,建設業,TOPIX Small 2,2026-08-25,2601.0,3050.0,651111835.0,224510.0,716750000.0,True,True,True,True,True,True
167A.T,167A,リョーサン菱洋ホールディングス,プライム（内国株式）,卸売業,TOPIX Small 1,2026-08-25,2601.0,3120.0,650344230.0,213575.0,313872000.0,True,True,True,True,True,True
9409.T,9409,テレビ朝日ホールディングス,プライム（内国株式）,情報・通信業,TOPIX Small 1,2026-08-25,2601.0,3145.0,647808725.0,209695.0,493136000.0,True,True,True,True,True,True
7172.T,7172,ジャパンインベストメントアドバイザー,プライム（内国株式）,証券、商品先物取引業,TOPIX Small 1,2026-08-25,2601.0,2093.0,645201065.0,313300.0,294903700.0,True,True,True,True,True,True
9601.T,9601,松竹,プライム（内国株式）,情報・通信業,TOPIX Small 1,2026-08-25,2601.0,11050.0,643821800.0,58075.0,748085000.0,True,True,True,True,True,True
9934.T,9934,因幡電機産業,プライム（内国株式）,卸売業,TOPIX Mid400,2026-08-25,2601.0,2980.5,642511477.5,218390.0,471813150.0,True,True,True,True,True,True
4746.T,4746,東計電算,スタンダード（内国株式）,情報・通信業,TOPIX Small 2,2026-08-25,2601.0,6660.0,640851775.0,100705.0,279054000.0,True,True,True,True,True,True
4889.T,4889,レナサイエンス,グロース（内国株式）,医薬品,-,2026-08-25,1203.0,1356.0,640377270.0,494305.0,314727600.0,True,True,True,True,True,True
5602.T,5602,栗本鐵工所,プライム（内国株式）,鉄鋼,TOPIX Small 1,2026-08-25,2601.0,1731.0,639865825.0,382950.0,486930300.0,True,True,True,True,True,True
6958.T,6958,日本シイエムケイ,プライム（内国株式）,電気機器,TOPIX Small 2,2026-08-25,2601.0,750.0,638583055.0,924325.0,643275000.0,True,True,True,True,True,True
9031.T,9031,西日本鉄道,プライム（内国株式）,陸運業,TOPIX Mid400,2026-08-25,2601.0,3108.0,638323020.0,207415.0,489820800.0,True,True,True,True,True,True
6866.T,6866,日置電機,プライム（内国株式）,電気機器,TOPIX Small 1,2026-08-25,2601.0,10860.0,637037450.0,55100.0,230232000.0,True,True,True,True,True,True
3480.T,3480,ジェイ・エス・ビー,プライム（内国株式）,不動産業,TOPIX Small 2,2026-08-25,2240.0,8940.0,636579600.0,71095.0,613284000.0,True,True,True,True,True,True
6058.T,6058,ベクトル,プライム（内国株式）,サービス業,TOPIX Small 2,2026-08-25,2601.0,2027.0,634328235.0,345740.0,1217821600.0,True,True,True,True,True,True
4819.T,4819,デジタルガレージ,プライム（内国株式）,情報・通信業,TOPIX Small 1,2026-08-25,2601.0,2307.0,631562190.0,272620.0,632118000.0,True,True,True,True,True,True
8572.T,8572,アコム,スタンダード（内国株式）,その他金融業,TOPIX Mid400,2026-08-25,2601.0,490.79998779296875,630161139.8852539,1305400.0,522701986.9995117,True,True,True,True,True,True
9842.T,9842,アークランズ,プライム（内国株式）,小売業,TOPIX Small 1,2026-08-25,2601.0,1921.0,628835945.0,329405.0,512522800.0,True,True,True,True,True,True
6331.T,6331,三菱化工機,プライム（内国株式）,機械,TOPIX Small 1,2026-08-25,2601.0,3225.0,628490575.0,197580.0,338625000.0,True,True,True,True,True,True
8061.T,8061,西華産業,プライム（内国株式）,卸売業,TOPIX Small 1,2026-08-25,2601.0,3055.0,627305040.0,217110.0,447252000.0,True,True,True,True,True,True
3465.T,3465,ケイアイスター不動産,プライム（内国株式）,不動産業,TOPIX Small 1,2026-08-25,2601.0,3895.0,626225525.0,166235.0,549974000.0,True,True,True,True,True,True
2334.T,2334,イオレ,グロース（内国株式）,サービス業,-,2026-08-25,2134.0,549.0,624253070.0,1213590.0,1220317200.0,True,True,True,True,True,True
3104.T,3104,富士紡ホールディングス,プライム（内国株式）,繊維製品,TOPIX Small 2,2026-08-25,2601.0,3490.0,624009750.0,175350.0,770941000.0,True,True,True,True,True,True
7972.T,7972,イトーキ,プライム（内国株式）,その他製品,TOPIX Small 1,2026-08-25,2601.0,2587.0,620128595.0,230535.0,263615300.0,True,True,True,True,True,True
1926.T,1926,ライト工業,プライム（内国株式）,建設業,TOPIX Small 1,2026-08-25,2601.0,3770.0,617350725.0,163290.0,302354000.0,True,True,True,True,True,True
3765.T,3765,ガンホー・オンライン・エンターテイメント,プライム（内国株式）,情報・通信業,TOPIX Small 1,2026-08-25,2601.0,2433.0,616802785.0,252910.0,493899000.0,True,True,True,True,True,True
3946.T,3946,トーモク,プライム（内国株式）,パルプ・紙,TOPIX Small 2,2026-08-25,2601.0,4625.0,614915625.0,133685.0,617437500.0,True,True,True,True,True,True
6914.T,6914,オプテックスグループ,プライム（内国株式）,電気機器,TOPIX Small 1,2026-08-25,2601.0,3230.0,613902675.0,178315.0,274550000.0,True,True,True,True,True,True
6960.T,6960,フクダ電子,スタンダード（内国株式）,電気機器,-,2026-08-25,2601.0,11840.0,611343050.0,52265.0,484256000.0,True,True,True,True,True,True
7085.T,7085,カーブスホールディングス,プライム（内国株式）,サービス業,TOPIX Small 1,2026-08-25,1585.0,974.0,608830245.0,635995.0,637385600.0,True,True,True,True,True,True
9605.T,9605,東映,プライム（内国株式）,情報・通信業,TOPIX Small 1,2026-08-25,2601.0,6100.0,608775350.0,100055.0,206790000.0,True,True,True,True,True,True
8273.T,8273,イズミ,プライム（内国株式）,小売業,TOPIX Small 1,2026-08-25,2601.0,1083.0,608567735.0,591170.0,1690346400.0,True,True,True,True,True,True
2379.T,2379,ディップ,プライム（内国株式）,サービス業,TOPIX Small 1,2026-08-25,2601.0,1890.0,608421535.0,327460.0,612738000.0,True,True,True,True,True,True
9603.T,9603,エイチ・アイ・エス,プライム（内国株式）,サービス業,TOPIX Small 1,2026-08-25,2601.0,1180.0,608226160.0,551990.0,541620000.0,True,True,True,True,True,True
6737.T,6737,ＥＩＺＯ,プライム（内国株式）,電気機器,TOPIX Small 1,2026-08-25,2601.0,3030.0,607259650.0,207105.0,579639000.0,True,True,True,True,True,True
7381.T,7381,ＣＣＩグループ,プライム（内国株式）,銀行業,TOPIX Small 1,2026-08-25,1198.0,1211.0,607214510.0,515965.0,295605100.0,True,True,True,True,True,True
287A.T,287A,黒田グループ,スタンダード（内国株式）,卸売業,-,2026-08-25,410.0,1192.0,602485685.0,522470.0,238638400.0,True,True,True,True,True,True
6794.T,6794,フォスター電機,プライム（内国株式）,電気機器,TOPIX Small 2,2026-08-25,2601.0,3085.0,601579870.0,204655.0,445474000.0,True,True,True,True,True,True
7236.T,7236,ティラド,プライム（内国株式）,輸送用機器,TOPIX Small 2,2026-08-25,2601.0,1560.0,599760445.0,396445.0,328224000.0,True,True,True,True,True,True
6454.T,6454,マックス,プライム（内国株式）,機械,TOPIX Small 1,2026-08-25,2601.0,1817.0,599408485.0,328230.0,582893600.0,True,True,True,True,True,True
8173.T,8173,Ｊｏｓｈｉｎ,プライム（内国株式）,小売業,TOPIX Small 1,2026-08-25,2601.0,4365.0,597491200.0,146005.0,529911000.0,True,True,True,True,True,True
4549.T,4549,栄研化学,プライム（内国株式）,医薬品,TOPIX Small 1,2026-08-25,2601.0,2339.0,595223925.0,264035.0,199282800.0,True,True,True,True,True,True
4220.T,4220,リケンテクノス,プライム（内国株式）,化学,TOPIX Small 2,2026-08-25,2601.0,2628.0,595103330.0,226930.0,416800800.0,True,True,True,True,True,True
8344.T,8344,山形銀行,プライム（内国株式）,銀行業,TOPIX Small 2,2026-08-25,2601.0,4300.0,594516275.0,142040.0,398610000.0,True,True,True,True,True,True
4109.T,4109,ステラ　ケミファ,プライム（内国株式）,化学,TOPIX Small 1,2026-08-25,2601.0,5460.0,594065200.0,111330.0,298662000.0,True,True,True,True,True,True
3222.T,3222,ユナイテッド・スーパーマーケット・ホールディングス,スタンダード（内国株式）,小売業,TOPIX Small 1,2026-08-25,2601.0,841.0,592469875.0,722055.0,677677800.0,True,True,True,True,True,True
8218.T,8218,コメリ,プライム（内国株式）,小売業,TOPIX Small 1,2026-08-25,2601.0,3870.0,590988875.0,151245.0,337464000.0,True,True,True,True,True,True
7715.T,7715,長野計器,プライム（内国株式）,精密機器,TOPIX Small 2,2026-08-25,2601.0,3855.0,584672975.0,145840.0,401691000.0,True,True,True,True,True,True
6363.T,6363,酉島製作所,プライム（内国株式）,機械,TOPIX Small 1,2026-08-25,2601.0,3105.0,582478750.0,190705.0,356143500.0,True,True,True,True,True,True
3191.T,3191,ジョイフル本田,プライム（内国株式）,小売業,TOPIX Small 1,2026-08-25,2601.0,2280.0,581936950.0,247510.0,247836000.0,True,True,True,True,True,True
4919.T,4919,ミルボン,プライム（内国株式）,化学,TOPIX Small 1,2026-08-25,2601.0,3305.0,579575950.0,188365.0,517893500.0,True,True,True,True,True,True
6652.T,6652,ＩＤＥＣ,プライム（内国株式）,電気機器,TOPIX Small 1,2026-08-25,2601.0,3610.0,578328975.0,160535.0,346560000.0,True,True,True,True,True,True
9336.T,9336,大栄環境,プライム（内国株式）,サービス業,TOPIX Small 1,2026-08-25,904.0,3815.0,577295150.0,153505.0,409731000.0,True,True,True,True,True,True
8609.T,8609,岡三証券グループ,プライム（内国株式）,証券、商品先物取引業,TOPIX Small 1,2026-08-25,2601.0,1182.0,574522030.0,515550.0,582253200.0,True,True,True,True,True,True
2317.T,2317,システナ,プライム（内国株式）,情報・通信業,TOPIX Small 1,2026-08-25,2601.0,444.0,573052840.0,1320515.0,267820800.0,True,True,True,True,True,True
2001.T,2001,ニップン,プライム（内国株式）,食料品,TOPIX Small 1,2026-08-25,2601.0,2945.0,572957905.0,200555.0,307752500.0,True,True,True,True,True,True
1882.T,1882,東亜道路工業,プライム（内国株式）,建設業,TOPIX Small 1,2026-08-25,2601.0,1620.0,572743905.0,355090.0,610416000.0,True,True,True,True,True,True
5423.T,5423,東京製鐵,プライム（内国株式）,鉄鋼,TOPIX Small 1,2026-08-25,2601.0,1704.0,571302685.0,329050.0,255259200.0,True,True,True,True,True,True
6727.T,6727,ワコム,プライム（内国株式）,電気機器,TOPIX Small 1,2026-08-25,2601.0,794.0,567012635.0,714540.0,320934800.0,True,True,True,True,True,True
4665.T,4665,ダスキン,プライム（内国株式）,サービス業,TOPIX Mid400,2026-08-25,2601.0,4682.0,565795325.0,124540.0,414357000.0,True,True,True,True,True,True
6349.T,6349,小森コーポレーション,プライム（内国株式）,機械,TOPIX Small 1,2026-08-25,2601.0,2002.0,563650100.0,295610.0,370770400.0,True,True,True,True,True,True
9436.T,9436,沖縄セルラー電話,スタンダード（内国株式）,情報・通信業,-,2026-08-25,2601.0,4060.0,562064275.0,141315.0,629706000.0,True,True,True,True,True,True
7730.T,7730,マニー,プライム（内国株式）,精密機器,TOPIX Small 1,2026-08-25,2601.0,1614.0,561723320.0,361285.0,335873400.0,True,True,True,True,True,True
7606.T,7606,ユナイテッドアローズ,プライム（内国株式）,小売業,TOPIX Small 1,2026-08-25,2601.0,2514.0,561270120.0,221750.0,370563600.0,True,True,True,True,True,True
5482.T,5482,愛知製鋼,プライム（内国株式）,鉄鋼,TOPIX Small 1,2026-08-25,2601.0,3205.0,557743915.0,177520.0,357037000.0,True,True,True,True,True,True
4894.T,4894,クオリプス,グロース（内国株式）,医薬品,-,2026-08-25,773.0,5490.0,553334700.0,111390.0,477630000.0,True,True,True,True,True,True
7313.T,7313,テイ・エス　テック,プライム（内国株式）,輸送用機器,TOPIX Mid400,2026-08-25,2601.0,1846.0,551577365.0,301095.0,549738800.0,True,True,True,True,True,True
5202.T,5202,日本板硝子,プライム（内国株式）,ガラス・土石製品,TOPIX Small 1,2026-08-25,2601.0,492.0,550420980.0,1135555.0,356650800.0,True,True,True,True,True,True
7803.T,7803,ブシロード,グロース（内国株式）,その他製品,-,2026-08-25,1727.0,404.0,550164000.0,1399660.0,259529600.0,True,True,True,True,True,True
7947.T,7947,エフピコ,プライム（内国株式）,化学,TOPIX Small 1,2026-08-25,2601.0,2777.0,549851805.0,206105.0,344625700.0,True,True,True,True,True,True
7780.T,7780,メニコン,プライム（内国株式）,精密機器,TOPIX Small 1,2026-08-25,2601.0,1909.0,549305670.0,286525.0,249124500.0,True,True,True,True,True,True
1965.T,1965,テクノ菱和,スタンダード（内国株式）,建設業,-,2026-08-25,2601.0,6540.0,548288050.0,90335.0,549360000.0,True,True,True,True,True,True
2962.T,2962,テクニスコ,スタンダード（内国株式）,金属製品,-,2026-08-25,753.0,1618.0,548169300.0,344955.0,475692000.0,True,True,True,True,True,True
6371.T,6371,椿本チエイン,プライム（内国株式）,機械,TOPIX Small 1,2026-08-25,2601.0,2689.0,547059015.0,206225.0,331284800.0,True,True,True,True,True,True
5367.T,5367,ニッカトー,スタンダード（内国株式）,ガラス・土石製品,-,2026-08-25,2601.0,1225.0,545833155.0,445400.0,116375000.0,True,True,True,True,True,True
7777.T,7777,スリー・ディー・マトリックス,グロース（内国株式）,精密機器,-,2026-08-25,2601.0,366.0,543329070.0,1553965.0,247525800.0,True,True,True,True,True,True
8194.T,8194,ライフコーポレーション,プライム（内国株式）,小売業,TOPIX Small 1,2026-08-25,2601.0,2720.0,539958370.0,208250.0,419152000.0,True,True,True,True,True,True
2170.T,2170,リンクアンドモチベーション,プライム（内国株式）,サービス業,TOPIX Small 2,2026-08-25,2601.0,692.0,539783190.0,835350.0,364061200.0,True,True,True,True,True,True
7409.T,7409,ＡｅｒｏＥｄｇｅ,グロース（内国株式）,輸送用機器,-,2026-08-25,767.0,1547.0,539572525.0,353825.0,557384100.0,True,True,True,True,True,True
6080.T,6080,Ｍ＆Ａキャピタルパートナーズ,プライム（内国株式）,サービス業,TOPIX Small 1,2026-08-25,2601.0,4235.0,539404850.0,135450.0,397243000.0,True,True,True,True,True,True
6196.T,6196,ストライクグループ,プライム（内国株式）,サービス業,TOPIX Small 1,2026-08-25,2507.0,1360.0,539249750.0,403740.0,620296000.0,True,True,True,True,True,True
255A.T,255A,ジーエルテクノホールディングス,スタンダード（内国株式）,精密機器,-,2026-08-25,2601.0,5140.0,539020950.0,97815.0,311998000.0,True,True,True,True,True,True
6340.T,6340,澁谷工業,プライム（内国株式）,機械,TOPIX Small 2,2026-08-25,2601.0,5090.0,538375350.0,107715.0,240248000.0,True,True,True,True,True,True
6736.T,6736,サン電子,スタンダード（内国株式）,電気機器,-,2026-08-25,2601.0,8410.0,537896950.0,63645.0,583654000.0,True,True,True,True,True,True
417A.T,417A,ブルーゾーンホールディングス,プライム（内国株式）,小売業,TOPIX Mid400,2026-08-25,2601.0,1869.0,536368377.5,298325.0,340718700.0,True,True,True,True,True,True
2986.T,2986,ＬＡホールディングス,グロース（内国株式）,不動産業,-,2026-08-25,1503.0,2830.0,535369555.0,195025.0,178573000.0,True,True,True,True,True,True
1723.T,1723,日本電技,スタンダード（内国株式）,建設業,-,2026-08-25,2601.0,2159.0,531114185.0,247945.0,639711700.0,True,True,True,True,True,True
4593.T,4593,ヘリオス,グロース（内国株式）,医薬品,-,2026-08-25,2601.0,277.0,530638700.0,2067230.0,391401000.0,True,True,True,True,True,True
9304.T,9304,澁澤倉庫,プライム（内国株式）,倉庫・運輸関連業,TOPIX Small 2,2026-08-25,2601.0,2064.0,530531960.0,281355.0,517651200.0,True,True,True,True,True,True
8387.T,8387,四国銀行,プライム（内国株式）,銀行業,TOPIX Small 2,2026-08-25,2601.0,3380.0,529847700.0,154560.0,559728000.0,True,True,True,True,True,True
8707.T,8707,岩井コスモホールディングス,プライム（内国株式）,証券、商品先物取引業,TOPIX Small 1,2026-08-25,2601.0,4580.0,526524600.0,121970.0,651734000.0,True,True,True,True,True,True
8016.T,8016,オンワードホールディングス,プライム（内国株式）,繊維製品,TOPIX Small 1,2026-08-25,2601.0,778.0,526109020.0,687085.0,597504000.0,True,True,True,True,True,True
6588.T,6588,東芝テック,プライム（内国株式）,電気機器,TOPIX Small 1,2026-08-25,2601.0,3140.0,525889625.0,165915.0,444624000.0,True,True,True,True,True,True
1852.T,1852,淺沼組,プライム（内国株式）,建設業,TOPIX Small 1,2026-08-25,2601.0,926.0,525030545.0,579255.0,439387000.0,True,True,True,True,True,True
9247.T,9247,ＴＲＥホールディングス,プライム（内国株式）,サービス業,TOPIX Small 1,2026-08-25,1198.0,1950.0,524517275.0,263435.0,464100000.0,True,True,True,True,True,True
2602.T,2602,日清オイリオグループ,プライム（内国株式）,食料品,TOPIX Small 1,2026-08-25,2601.0,2051.0,524501375.0,268390.0,284473700.0,True,True,True,True,True,True
4044.T,4044,セントラル硝子,プライム（内国株式）,化学,TOPIX Small 1,2026-08-25,2601.0,4495.0,523213475.0,119055.0,292175000.0,True,True,True,True,True,True
4633.T,4633,サカタインクス,プライム（内国株式）,化学,TOPIX Small 1,2026-08-25,2601.0,2659.0,522006700.0,201765.0,371196400.0,True,True,True,True,True,True
3661.T,3661,エムアップホールディングス,プライム（内国株式）,情報・通信業,TOPIX Small 1,2026-08-25,2601.0,864.0,520883880.0,639120.0,383616000.0,True,True,True,True,True,True
262A.T,262A,インターメスティック,プライム（内国株式）,小売業,TOPIX Small 2,2026-08-25,451.0,1851.0,518472810.0,271250.0,191023200.0,True,True,True,True,True,True
3692.T,3692,ＦＦＲＩセキュリティ,グロース（内国株式）,情報・通信業,-,2026-08-25,2601.0,4950.0,518350575.0,104385.0,394515000.0,True,True,True,True,True,True
1950.T,1950,日本電設工業,プライム（内国株式）,建設業,TOPIX Small 1,2026-08-25,2601.0,3915.0,515757825.0,131700.0,384061500.0,True,True,True,True,True,True
4082.T,4082,第一稀元素化学工業,プライム（内国株式）,化学,TOPIX Small 2,2026-08-25,2601.0,2091.0,515334285.0,266640.0,701321400.0,True,True,True,True,True,True
4275.T,4275,カーリット,プライム（内国株式）,化学,TOPIX Small 2,2026-08-25,2601.0,2140.0,515267475.0,237400.0,378566000.0,True,True,True,True,True,True
6929.T,6929,日本セラミック,プライム（内国株式）,電気機器,TOPIX Small 1,2026-08-25,2601.0,3705.0,514771700.0,137520.0,474240000.0,True,True,True,True,True,True
8897.T,8897,ＭＩＲＡＲＴＨホールディングス,プライム（内国株式）,不動産業,TOPIX Small 1,2026-08-25,2601.0,462.0,512995435.0,1159945.0,422452800.0,True,True,True,True,True,True
8130.T,8130,サンゲツ,プライム（内国株式）,卸売業,TOPIX Small 1,2026-08-25,2601.0,3180.0,512875100.0,164285.0,232776000.0,True,True,True,True,True,True
6209.T,6209,リケンＮＰＲ,プライム（内国株式）,機械,TOPIX Small 1,2026-08-25,707.0,3960.0,512359650.0,128530.0,513216000.0,True,True,True,True,True,True
7157.T,7157,ライフネット生命保険,プライム（内国株式）,保険業,TOPIX Small 1,2026-08-25,2601.0,1510.0,511410065.0,328005.0,595695000.0,True,True,True,True,True,True
4169.T,4169,ＥＮＥＣＨＡＮＧＥ,グロース（内国株式）,情報・通信業,-,2026-08-25,1385.0,290.0,507531005.0,1720635.0,208046000.0,True,True,True,True,True,True
4813.T,4813,ＡＣＣＥＳＳ,プライム（内国株式）,情報・通信業,-,2026-08-25,2601.0,450.0,507361840.0,1275775.0,201015000.0,True,True,True,True,True,True
6337.T,6337,テセック,スタンダード（内国株式）,機械,-,2026-08-25,2601.0,3275.0,506651555.0,171890.0,154580000.0,True,True,True,True,True,True
2678.T,2678,アスクル,プライム（内国株式）,小売業,TOPIX Small 1,2026-08-25,2601.0,1278.0,504870715.0,399145.0,311959800.0,True,True,True,True,True,True
3076.T,3076,あい　ホールディングス,プライム（内国株式）,卸売業,TOPIX Small 1,2026-08-25,2601.0,2962.0,504455330.0,172810.0,465626400.0,True,True,True,True,True,True
8715.T,8715,アニコム　ホールディングス,プライム（内国株式）,保険業,TOPIX Small 1,2026-08-25,2601.0,1119.0,503640900.0,433890.0,264867300.0,True,True,True,True,True,True
6584.T,6584,三櫻工業,プライム（内国株式）,輸送用機器,TOPIX Small 2,2026-08-25,2601.0,800.0,503537475.0,623370.0,448800000.0,True,True,True,True,True,True
7846.T,7846,パイロットコーポレーション,プライム（内国株式）,その他製品,TOPIX Mid400,2026-08-25,2601.0,2025.0,502529900.0,261085.0,494505000.0,True,True,True,True,True,True
8179.T,8179,ロイヤルホールディングス,プライム（内国株式）,小売業,TOPIX Small 1,2026-08-25,2601.0,1370.0,501778465.0,377075.0,472787000.0,True,True,True,True,True,True
9303.T,9303,住友倉庫,プライム（内国株式）,倉庫・運輸関連業,TOPIX Small 1,2026-08-25,2601.0,4160.0,501464875.0,122465.0,280800000.0,True,True,True,True,True,True
4045.T,4045,東亞合成,プライム（内国株式）,化学,TOPIX Mid400,2026-08-25,2601.0,1861.5,499595522.5,272870.0,416231400.0,True,True,True,True,True,True
6287.T,6287,サトー,プライム（内国株式）,機械,TOPIX Small 1,2026-08-25,2601.0,2824.0,499551745.0,185130.0,525264000.0,True,True,True,True,True,True
9678.T,9678,カナモト,プライム（内国株式）,サービス業,TOPIX Small 1,2026-08-25,2601.0,5510.0,499543400.0,93735.0,327294000.0,True,True,True,True,True,True
3673.T,3673,ブロードリーフ,プライム（内国株式）,情報・通信業,TOPIX Small 1,2026-08-25,2601.0,461.0,497587820.0,1118190.0,254564200.0,True,True,True,True,True,True
8362.T,8362,福井銀行,プライム（内国株式）,銀行業,TOPIX Small 2,2026-08-25,2601.0,6740.0,493784950.0,78915.0,452928000.0,True,True,True,True,True,True
7513.T,7513,コジマ,プライム（内国株式）,小売業,TOPIX Small 1,2026-08-25,2601.0,1487.0,492931830.0,354355.0,417698300.0,True,True,True,True,True,True
1968.T,1968,太平電業,プライム（内国株式）,建設業,TOPIX Small 1,2026-08-25,2601.0,2479.0,492857980.0,204260.0,493568900.0,True,True,True,True,True,True
9279.T,9279,ギフトホールディングス,プライム（内国株式）,小売業,TOPIX Small 2,2026-08-25,1915.0,5040.0,491841625.0,94900.0,500976000.0,True,True,True,True,True,True
7047.T,7047,ポート,グロース（内国株式）,サービス業,-,2026-08-25,1868.0,2297.0,490979790.0,211920.0,323417600.0,True,True,True,True,True,True
2681.T,2681,ゲオホールディングス,プライム（内国株式）,小売業,TOPIX Small 1,2026-08-25,2601.0,2372.0,489164935.0,217550.0,267561600.0,True,True,True,True,True,True
5975.T,5975,東プレ,プライム（内国株式）,金属製品,TOPIX Small 1,2026-08-25,2601.0,3160.0,486605610.0,158240.0,481268000.0,True,True,True,True,True,True
7981.T,7981,タカラスタンダード,プライム（内国株式）,その他製品,TOPIX Small 1,2026-08-25,2601.0,3115.0,486410485.0,159570.0,285022500.0,True,True,True,True,True,True
1815.T,1815,鉄建建設,プライム（内国株式）,建設業,TOPIX Small 2,2026-08-25,2601.0,4450.0,485862650.0,111870.0,322625000.0,True,True,True,True,True,True
8395.T,8395,佐賀銀行,プライム（内国株式）,銀行業,TOPIX Small 2,2026-08-25,2601.0,6350.0,484925850.0,79815.0,282575000.0,True,True,True,True,True,True
3087.T,3087,ドトール・日レスホールディングス,プライム（内国株式）,小売業,TOPIX Small 1,2026-08-25,2601.0,3375.0,484466825.0,150690.0,459000000.0,True,True,True,True,True,True
9090.T,9090,ＡＺ－ＣＯＭ丸和ホールディングス,プライム（内国株式）,陸運業,TOPIX Small 1,2026-08-25,2601.0,885.0,483861455.0,551395.0,272314500.0,True,True,True,True,True,True
3591.T,3591,ワコールホールディングス,プライム（内国株式）,繊維製品,TOPIX Mid400,2026-08-25,2601.0,4283.0,483852440.0,111495.0,295527000.0,True,True,True,True,True,True
5480.T,5480,日本冶金工業,プライム（内国株式）,鉄鋼,TOPIX Small 1,2026-08-25,2601.0,5440.0,483164500.0,89090.0,549984000.0,True,True,True,True,True,True
3034.T,3034,クオールホールディングス,プライム（内国株式）,小売業,TOPIX Small 1,2026-08-25,2601.0,2620.0,482964205.0,202790.0,445662000.0,True,True,True,True,True,True
3131.T,3131,シンデン・ハイテックス,スタンダード（内国株式）,卸売業,-,2026-08-25,2601.0,6200.0,482489100.0,87065.0,313720000.0,True,True,True,True,True,True
9551.T,9551,メタウォーター,プライム（内国株式）,電気・ガス業,TOPIX Small 1,2026-08-25,2601.0,3145.0,481643650.0,153520.0,221408000.0,True,True,True,True,True,True
6998.T,6998,日本タングステン,スタンダード（内国株式）,電気機器,-,2026-08-25,2601.0,3150.0,477372110.0,154430.0,224280000.0,True,True,True,True,True,True
8219.T,8219,青山商事,プライム（内国株式）,小売業,TOPIX Small 1,2026-08-25,2601.0,776.0,477191885.0,636780.0,430602400.0,True,True,True,True,True,True
6250.T,6250,やまびこ,プライム（内国株式）,機械,TOPIX Small 1,2026-08-25,2601.0,4160.0,476963050.0,116190.0,415584000.0,True,True,True,True,True,True
2815.T,2815,アリアケジャパン,プライム（内国株式）,食料品,TOPIX Small 1,2026-08-25,2601.0,5440.0,475998000.0,88695.0,258400000.0,True,True,True,True,True,True
3106.T,3106,倉敷紡績,プライム（内国株式）,繊維製品,TOPIX Small 1,2026-08-25,2601.0,10660.0,475925750.0,46935.0,229190000.0,True,True,True,True,True,True
1941.T,1941,中電工,プライム（内国株式）,建設業,TOPIX Small 1,2026-08-25,2601.0,5120.0,475562275.0,94080.0,353792000.0,True,True,True,True,True,True
1377.T,1377,サカタのタネ,プライム（内国株式）,水産・農林業,TOPIX Small 1,2026-08-25,2601.0,4485.0,472989600.0,107285.0,367770000.0,True,True,True,True,True,True
4674.T,4674,クレスコ,プライム（内国株式）,情報・通信業,TOPIX Small 2,2026-08-25,2601.0,1998.0,471279895.0,251020.0,674524800.0,True,True,True,True,True,True
8399.T,8399,琉球銀行,プライム（内国株式）,銀行業,TOPIX Small 1,2026-08-25,2601.0,3105.0,469447005.0,151665.0,274171500.0,True,True,True,True,True,True
6668.T,6668,アドテック　プラズマ　テクノロジー,スタンダード（内国株式）,電気機器,-,2026-08-25,2601.0,3600.0,468979595.0,140425.0,245160000.0,True,True,True,True,True,True
256A.T,256A,飛島ホールディングス,プライム（内国株式）,建設業,TOPIX Small 2,2026-08-25,2601.0,2154.0,468764375.0,225080.0,491112000.0,True,True,True,True,True,True
8995.T,8995,誠建設工業,スタンダード（内国株式）,不動産業,-,2026-08-25,2601.0,1532.0,467416235.0,313310.0,851792000.0,True,True,True,True,True,True
6741.T,6741,日本信号,プライム（内国株式）,電気機器,TOPIX Small 2,2026-08-25,2601.0,1867.0,467266165.0,265710.0,365185200.0,True,True,True,True,True,True
3663.T,3663,セルシス,プライム（内国株式）,情報・通信業,TOPIX Small 2,2026-08-25,2601.0,1864.0,465359655.0,254660.0,223493600.0,True,True,True,True,True,True
9119.T,9119,飯野海運,プライム（内国株式）,海運業,TOPIX Small 1,2026-08-25,2601.0,1738.0,463899840.0,290210.0,650359600.0,True,True,True,True,True,True
8151.T,8151,東陽テクニカ,プライム（内国株式）,卸売業,TOPIX Small 2,2026-08-25,2601.0,1972.0,463461040.0,228650.0,768882800.0,True,True,True,True,True,True
3825.T,3825,リミックスポイント,スタンダード（内国株式）,小売業,-,2026-08-25,2601.0,240.0,463178490.0,2105560.0,555720000.0,True,True,True,True,True,True
4553.T,4553,東和薬品,プライム（内国株式）,医薬品,TOPIX Small 1,2026-08-25,2601.0,3885.0,462432825.0,118735.0,347707500.0,True,True,True,True,True,True
3810.T,3810,サイバーステップホールディングス,スタンダード（内国株式）,情報・通信業,-,2026-08-25,2601.0,221.0,462004650.0,2112450.0,321510800.0,True,True,True,True,True,True
2874.T,2874,横浜冷凍,プライム（内国株式）,卸売業,TOPIX Small 1,2026-08-25,2601.0,2113.0,461928635.0,218020.0,212990400.0,True,True,True,True,True,True
7199.T,7199,プレミアグループ,プライム（内国株式）,その他金融業,TOPIX Small 1,2026-08-25,2131.0,2119.0,461402315.0,218100.0,285005500.0,True,True,True,True,True,True
6750.T,6750,エレコム,プライム（内国株式）,電気機器,TOPIX Small 1,2026-08-25,2601.0,1985.0,461007400.0,241005.0,289413000.0,True,True,True,True,True,True
9889.T,9889,ＪＢＣＣホールディングス,プライム（内国株式）,情報・通信業,TOPIX Small 1,2026-08-25,2601.0,1720.0,460789820.0,273395.0,255076000.0,True,True,True,True,True,True
8005.T,8005,スクロール,プライム（内国株式）,小売業,TOPIX Small 2,2026-08-25,2601.0,1853.0,459414710.0,251110.0,284064900.0,True,True,True,True,True,True
1934.T,1934,ユアテック,プライム（内国株式）,建設業,TOPIX Small 1,2026-08-25,2601.0,2519.0,459013070.0,188180.0,304799000.0,True,True,True,True,True,True
6644.T,6644,大崎電気工業,プライム（内国株式）,電気機器,TOPIX Small 2,2026-08-25,2601.0,1530.0,458911780.0,301120.0,311661000.0,True,True,True,True,True,True
9757.T,9757,船井総研ホールディングス,プライム（内国株式）,サービス業,TOPIX Small 1,2026-08-25,2601.0,1172.0,458379335.0,406015.0,266512800.0,True,True,True,True,True,True
150A.T,150A,ＪＳＨ,グロース（内国株式）,サービス業,-,2026-08-25,591.0,724.0,457889230.0,742345.0,223064400.0,True,True,True,True,True,True
5161.T,5161,西川ゴム工業,スタンダード（内国株式）,ゴム製品,-,2026-08-25,2601.0,3620.0,455416100.0,133345.0,317836000.0,True,True,True,True,True,True
7504.T,7504,高速,プライム（内国株式）,卸売業,TOPIX Small 2,2026-08-25,2601.0,4970.0,455203725.0,98420.0,586957000.0,True,True,True,True,True,True
7226.T,7226,極東開発工業,プライム（内国株式）,輸送用機器,TOPIX Small 1,2026-08-25,2601.0,2351.0,453946925.0,194670.0,349358600.0,True,True,True,True,True,True
6995.T,6995,東海理化電機製作所,プライム（内国株式）,輸送用機器,TOPIX Small 1,2026-08-25,2601.0,3100.0,453531845.0,145270.0,268460000.0,True,True,True,True,True,True
4222.T,4222,児玉化学工業,スタンダード（内国株式）,化学,-,2026-08-25,2601.0,704.0,453204255.0,672230.0,220140800.0,True,True,True,True,True,True
3853.T,3853,アステリア,プライム（内国株式）,情報・通信業,TOPIX Small 2,2026-08-25,2601.0,1196.0,451809125.0,398080.0,489283600.0,True,True,True,True,True,True
9793.T,9793,ダイセキ,プライム（内国株式）,サービス業,TOPIX Small 1,2026-08-25,2601.0,3855.0,450718800.0,118495.0,282571500.0,True,True,True,True,True,True
4290.T,4290,プレステージ・インターナショナル,プライム（内国株式）,サービス業,TOPIX Small 1,2026-08-25,2601.0,740.0,450188835.0,628110.0,529766000.0,True,True,True,True,True,True
7458.T,7458,第一興商,プライム（内国株式）,卸売業,TOPIX Mid400,2026-08-25,2601.0,1891.0,449101477.5,245745.0,574296700.0,True,True,True,True,True,True
2659.T,2659,サンエー,プライム（内国株式）,小売業,TOPIX Small 1,2026-08-25,2601.0,3380.0,448520325.0,135290.0,292370000.0,True,True,True,True,True,True
2695.T,2695,くら寿司,プライム（内国株式）,小売業,TOPIX Small 1,2026-08-25,2601.0,1746.0,447716245.0,265435.0,421135200.0,True,True,True,True,True,True
7242.T,7242,カヤバ,プライム（内国株式）,輸送用機器,TOPIX Small 1,2026-08-25,2601.0,4705.0,446609450.0,98065.0,334525500.0,True,True,True,True,True,True
7864.T,7864,フジシールインターナショナル,プライム（内国株式）,その他製品,TOPIX Small 1,2026-08-25,2601.0,3330.0,445180100.0,140015.0,241092000.0,True,True,True,True,True,True
6183.T,6183,ベルシステム２４ホールディングス,プライム（内国株式）,サービス業,TOPIX Small 2,2026-08-25,2601.0,1442.0,444503400.0,322505.0,623088200.0,True,True,True,True,True,True
8614.T,8614,東洋証券,プライム（内国株式）,証券、商品先物取引業,TOPIX Small 2,2026-08-25,2601.0,714.0,444043435.0,651225.0,480736200.0,True,True,True,True,True,True
1879.T,1879,新日本建設,プライム（内国株式）,建設業,TOPIX Small 2,2026-08-25,2601.0,2314.0,443785035.0,198740.0,295960600.0,True,True,True,True,True,True
8803.T,8803,平和不動産,プライム（内国株式）,不動産業,TOPIX Small 1,2026-08-25,2601.0,2402.0,443166160.0,188850.0,474395000.0,True,True,True,True,True,True
6844.T,6844,新電元工業,プライム（内国株式）,電気機器,TOPIX Small 2,2026-08-25,2601.0,3045.0,441392725.0,132190.0,297496500.0,True,True,True,True,True,True
3696.T,3696,セレス,プライム（内国株式）,情報・通信業,TOPIX Small 2,2026-08-25,2601.0,2299.0,440386610.0,206800.0,297950400.0,True,True,True,True,True,True
9887.T,9887,松屋フーズホールディングス,プライム（内国株式）,小売業,TOPIX Small 1,2026-08-25,2601.0,5230.0,440304750.0,88090.0,485867000.0,True,True,True,True,True,True
6036.T,6036,ＫｅｅＰｅｒ技研,プライム（内国株式）,サービス業,TOPIX Small 1,2026-08-25,2601.0,3285.0,438132105.0,143815.0,245389500.0,True,True,True,True,True,True
7384.T,7384,プロクレアホールディングス,プライム（内国株式）,銀行業,TOPIX Small 2,2026-08-25,1076.0,4480.0,437403250.0,100350.0,295680000.0,True,True,True,True,True,True
5563.T,5563,新日本電工,プライム（内国株式）,鉄鋼,TOPIX Small 1,2026-08-25,2601.0,443.0,437217915.0,1023455.0,180832600.0,True,True,True,True,True,True
3176.T,3176,三洋貿易,プライム（内国株式）,卸売業,TOPIX Small 2,2026-08-25,2601.0,1102.0,436234975.0,416190.0,305805000.0,True,True,True,True,True,True
9824.T,9824,泉州電業,プライム（内国株式）,卸売業,TOPIX Small 1,2026-08-25,2601.0,7040.0,436204750.0,67815.0,197824000.0,True,True,True,True,True,True
6859.T,6859,エスペック,プライム（内国株式）,電気機器,TOPIX Small 1,2026-08-25,2601.0,4000.0,436098850.0,109045.0,278000000.0,True,True,True,True,True,True
4973.T,4973,日本高純度化学,プライム（内国株式）,化学,TOPIX Small 2,2026-08-25,2601.0,4750.0,435974275.0,97180.0,163875000.0,True,True,True,True,True,True
7287.T,7287,日本精機,スタンダード（内国株式）,輸送用機器,-,2026-08-25,2601.0,2594.0,435502190.0,171205.0,273148200.0,True,True,True,True,True,True
7970.T,7970,信越ポリマー,プライム（内国株式）,化学,TOPIX Small 1,2026-08-25,2601.0,2232.0,435347495.0,196225.0,217620000.0,True,True,True,True,True,True
4008.T,4008,住友精化,プライム（内国株式）,化学,TOPIX Small 1,2026-08-25,2601.0,1551.0,432629505.0,298015.0,252502800.0,True,True,True,True,True,True
7839.T,7839,ＳＨＯＥＩ,プライム（内国株式）,その他製品,TOPIX Small 1,2026-08-25,2601.0,2073.0,432085170.0,213995.0,296853600.0,True,True,True,True,True,True
6744.T,6744,能美防災,プライム（内国株式）,電気機器,TOPIX Small 1,2026-08-25,2601.0,4310.0,429506650.0,96595.0,314630000.0,True,True,True,True,True,True
7613.T,7613,シークス,プライム（内国株式）,卸売業,TOPIX Small 1,2026-08-25,2601.0,1573.0,428641560.0,273290.0,340082600.0,True,True,True,True,True,True
2281.T,2281,プリマハム,プライム（内国株式）,食料品,TOPIX Small 1,2026-08-25,2601.0,2433.0,428005290.0,176790.0,206805000.0,True,True,True,True,True,True
1946.T,1946,トーエネック,プライム（内国株式）,建設業,TOPIX Small 2,2026-08-25,2601.0,2163.0,427903995.0,206460.0,273835800.0,True,True,True,True,True,True
1720.T,1720,東急建設,プライム（内国株式）,建設業,TOPIX Small 1,2026-08-25,2601.0,1162.0,427296865.0,373235.0,477349600.0,True,True,True,True,True,True
6200.T,6200,インソース,プライム（内国株式）,サービス業,TOPIX Small 1,2026-08-25,2487.0,736.0,425376185.0,576835.0,235078400.0,True,True,True,True,True,True
7734.T,7734,理研計器,プライム（内国株式）,精密機器,TOPIX Small 1,2026-08-25,2601.0,3330.0,424148250.0,124165.0,255411000.0,True,True,True,True,True,True
1975.T,1975,朝日工業社,プライム（内国株式）,建設業,TOPIX Small 1,2026-08-25,2601.0,3865.0,424105250.0,110940.0,270550000.0,True,True,True,True,True,True
1663.T,1663,Ｋ＆Ｏエナジーグループ,プライム（内国株式）,鉱業,TOPIX Small 1,2026-08-25,2601.0,1919.0,423867070.0,227560.0,273073700.0,True,True,True,True,True,True
7976.T,7976,三菱鉛筆,プライム（内国株式）,その他製品,TOPIX Small 1,2026-08-25,2601.0,2992.0,422476935.0,150895.0,261500800.0,True,True,True,True,True,True
9278.T,9278,ブックオフグループホールディングス,プライム（内国株式）,小売業,TOPIX Small 2,2026-08-25,1929.0,2966.0,421478245.0,147070.0,272872000.0,True,True,True,True,True,True
9010.T,9010,富士急行,プライム（内国株式）,陸運業,TOPIX Small 1,2026-08-25,2601.0,2776.0,421353535.0,153350.0,290092000.0,True,True,True,True,True,True
1899.T,1899,福田組,プライム（内国株式）,建設業,TOPIX Small 2,2026-08-25,2601.0,4840.0,421298300.0,95440.0,255068000.0,True,True,True,True,True,True
9227.T,9227,マイクロ波化学,グロース（内国株式）,サービス業,-,2026-08-25,1020.0,914.0,419473750.0,463190.0,81528800.0,True,True,True,True,True,True
5192.T,5192,三ツ星ベルト,プライム（内国株式）,ゴム製品,TOPIX Small 1,2026-08-25,2601.0,4380.0,418304850.0,95610.0,238710000.0,True,True,True,True,True,True
3443.T,3443,川田テクノロジーズ,プライム（内国株式）,金属製品,TOPIX Small 2,2026-08-25,2601.0,1399.0,416091085.0,308475.0,295748600.0,True,True,True,True,True,True
7128.T,7128,ユニソルホールディングス,プライム（内国株式）,卸売業,TOPIX Small 1,2026-08-25,1198.0,2821.0,416016290.0,143735.0,360523800.0,True,True,True,True,True,True
8584.T,8584,ジャックス,プライム（内国株式）,その他金融業,TOPIX Small 1,2026-08-25,2601.0,3835.0,412191775.0,110030.0,396922500.0,True,True,True,True,True,True
3676.T,3676,デジタルハーツホールディングス,プライム（内国株式）,情報・通信業,TOPIX Small 2,2026-08-25,2601.0,1058.0,411903260.0,403845.0,289363000.0,True,True,True,True,True,True
2805.T,2805,ヱスビー食品,スタンダード（内国株式）,食料品,-,2026-08-25,2601.0,6730.0,411809900.0,62125.0,197862000.0,True,True,True,True,True,True
325A.T,325A,ＴＥＮＴＩＡＬ,グロース（内国株式）,繊維製品,-,2026-08-25,364.0,1786.0,411604710.0,247760.0,506152400.0,True,True,True,True,True,True
5851.T,5851,リョービ,プライム（内国株式）,非鉄金属,TOPIX Small 1,2026-08-25,2601.0,2779.0,411474035.0,152695.0,367105900.0,True,True,True,True,True,True
590A.T,590A,ギフティグループ,プライム（内国株式）,情報・通信業,TOPIX Small 2,2026-08-25,1690.0,1319.0,410556220.0,326530.0,567301900.0,True,True,True,True,True,True
8923.T,8923,トーセイ,プライム（内国株式）,不動産業,TOPIX Small 1,2026-08-25,2601.0,1826.0,408022045.0,226980.0,208346600.0,True,True,True,True,True,True
8585.T,8585,オリエントコーポレーション,プライム（内国株式）,その他金融業,TOPIX Small 1,2026-08-25,2601.0,886.0,407209940.0,466295.0,249852000.0,True,True,True,True,True,True
1945.T,1945,東京エネシス,プライム（内国株式）,建設業,TOPIX Small 2,2026-08-25,2601.0,2059.0,407127855.0,201635.0,163690500.0,True,True,True,True,True,True
7283.T,7283,愛三工業,プライム（内国株式）,輸送用機器,TOPIX Small 1,2026-08-25,2601.0,2288.0,406082005.0,175240.0,258544000.0,True,True,True,True,True,True
9746.T,9746,ＴＫＣ,プライム（内国株式）,情報・通信業,TOPIX Small 1,2026-08-25,2601.0,4100.0,405480550.0,102910.0,281670000.0,True,True,True,True,True,True
2384.T,2384,ＳＢＳホールディングス,プライム（内国株式）,陸運業,TOPIX Small 1,2026-08-25,2601.0,5110.0,403182450.0,85580.0,223818000.0,True,True,True,True,True,True
4052.T,4052,フィーチャ,グロース（内国株式）,情報・通信業,-,2026-08-25,1506.0,510.0,403133405.0,824860.0,66249000.0,True,True,True,True,True,True
7630.T,7630,壱番屋,プライム（内国株式）,小売業,TOPIX Small 1,2026-08-25,2601.0,941.0,402912430.0,431285.0,346099800.0,True,True,True,True,True,True
8098.T,8098,稲畑産業,プライム（内国株式）,卸売業,TOPIX Small 1,2026-08-25,2601.0,4235.0,402451000.0,98435.0,407407000.0,True,True,True,True,True,True
5186.T,5186,ニッタ,プライム（内国株式）,ゴム製品,TOPIX Small 2,2026-08-25,2601.0,6770.0,401912200.0,60135.0,434634000.0,True,True,True,True,True,True
8153.T,8153,モスフードサービス,プライム（内国株式）,卸売業,TOPIX Small 1,2026-08-25,2601.0,3975.0,401900825.0,104840.0,255195000.0,True,True,True,True,True,True
7383.T,7383,ネットプロテクションズホールディングス,プライム（内国株式）,その他金融業,TOPIX Small 1,2026-08-25,1147.0,463.0,401662910.0,908565.0,255390800.0,True,True,True,True,True,True
4849.T,4849,エン,プライム（内国株式）,サービス業,TOPIX Small 1,2026-08-25,2601.0,1671.0,401459855.0,276295.0,559283700.0,True,True,True,True,True,True
4825.T,4825,ウェザーニューズ,プライム（内国株式）,情報・通信業,TOPIX Small 1,2026-08-25,2601.0,2122.0,400910470.0,198560.0,338034600.0,True,True,True,True,True,True
9511.T,9511,沖縄電力,プライム（内国株式）,電気・ガス業,TOPIX Small 1,2026-08-25,2601.0,1176.0,399794545.0,368515.0,209798400.0,True,True,True,True,True,True
5451.T,5451,ヨドコウ,プライム（内国株式）,鉄鋼,TOPIX Small 1,2026-08-25,2601.0,1419.0,399461330.0,281685.0,288908400.0,True,True,True,True,True,True
8818.T,8818,京阪神ビルディング,プライム（内国株式）,不動産業,TOPIX Small 2,2026-08-25,2601.0,1109.0,399060845.0,363990.0,301758900.0,True,True,True,True,True,True
6817.T,6817,スミダコーポレーション,プライム（内国株式）,電気機器,TOPIX Small 2,2026-08-25,2601.0,1230.0,395644440.0,323920.0,145017000.0,True,True,True,True,True,True
3050.T,3050,ＤＣＭホールディングス,プライム（内国株式）,小売業,TOPIX Small 1,2026-08-25,2601.0,1615.0,392232010.0,250435.0,366120500.0,True,True,True,True,True,True
9348.T,9348,ｉｓｐａｃｅ,グロース（内国株式）,サービス業,-,2026-08-25,823.0,428.0,391583465.0,939890.0,193969600.0,True,True,True,True,True,True
3844.T,3844,コムチュア,プライム（内国株式）,情報・通信業,TOPIX Small 1,2026-08-25,2601.0,1373.0,390368510.0,280000.0,351076100.0,True,True,True,True,True,True
7018.T,7018,内海造船,スタンダード（内国株式）,輸送用機器,-,2026-08-25,2601.0,12480.0,390169750.0,34185.0,339456000.0,True,True,True,True,True,True
6994.T,6994,指月電機製作所,スタンダード（内国株式）,電気機器,-,2026-08-25,2601.0,1150.0,389657160.0,339150.0,150420000.0,True,True,True,True,True,True
5246.T,5246,ＥＬＥＭＥＮＴＳ,グロース（内国株式）,情報・通信業,-,2026-08-25,895.0,828.0,389140345.0,481630.0,245088000.0,True,True,True,True,True,True
4390.T,4390,ＩＰＳ,プライム（内国株式）,情報・通信業,TOPIX Small 2,2026-08-25,1997.0,3910.0,388652425.0,103280.0,217396000.0,True,True,True,True,True,True
7745.T,7745,Ａ＆Ｄホロンホールディングス,プライム（内国株式）,精密機器,TOPIX Small 1,2026-08-25,2601.0,2865.0,387469025.0,130180.0,193387500.0,True,True,True,True,True,True
6145.T,6145,ＮＩＴＴＯＫＵ,スタンダード（内国株式）,機械,-,2026-08-25,2601.0,2493.0,387338445.0,157660.0,306639000.0,True,True,True,True,True,True
2395.T,2395,新日本科学,プライム（内国株式）,サービス業,TOPIX Small 2,2026-08-25,2601.0,1386.0,387304475.0,275920.0,166042800.0,True,True,True,True,True,True
4216.T,4216,旭有機材,プライム（内国株式）,化学,TOPIX Small 1,2026-08-25,2601.0,5900.0,386744550.0,64630.0,130980000.0,True,True,True,True,True,True
3252.T,3252,地主,プライム（内国株式）,不動産業,TOPIX Small 2,2026-08-25,2601.0,2981.0,386177125.0,131965.0,297503800.0,True,True,True,True,True,True
5574.T,5574,ＡＢＥＪＡ,グロース（内国株式）,情報・通信業,-,2026-08-25,782.0,2740.0,384904195.0,138480.0,200020000.0,True,True,True,True,True,True
8051.T,8051,山善,プライム（内国株式）,卸売業,TOPIX Small 1,2026-08-25,2601.0,1926.0,384030355.0,205665.0,323568000.0,True,True,True,True,True,True
7516.T,7516,コーナン商事,プライム（内国株式）,小売業,TOPIX Small 1,2026-08-25,2601.0,4470.0,383267150.0,89360.0,240039000.0,True,True,True,True,True,True
9960.T,9960,東テク,プライム（内国株式）,卸売業,TOPIX Small 1,2026-08-25,2601.0,3765.0,383180175.0,100240.0,225147000.0,True,True,True,True,True,True
6364.T,6364,ＡＩＲＭＡＮ,プライム（内国株式）,機械,TOPIX Small 2,2026-08-25,2601.0,2534.0,382859340.0,150245.0,134048600.0,True,True,True,True,True,True
7480.T,7480,スズデン,スタンダード（内国株式）,卸売業,TOPIX Small 2,2026-08-25,2601.0,3490.0,381288095.0,118275.0,225454000.0,True,True,True,True,True,True
3245.T,3245,ディア・ライフ,プライム（内国株式）,不動産業,TOPIX Small 2,2026-08-25,2601.0,1155.0,379698635.0,339030.0,232617000.0,True,True,True,True,True,True
7476.T,7476,アズワン,プライム（内国株式）,卸売業,TOPIX Mid400,2026-08-25,2601.0,2461.0,379514842.5,156850.0,287937000.0,True,True,True,True,True,True
7821.T,7821,前田工繊,プライム（内国株式）,その他製品,TOPIX Small 1,2026-08-25,2601.0,2020.0,378441985.0,189630.0,351076000.0,True,True,True,True,True,True
9552.T,9552,クオンツ総研ホールディングス,プライム（内国株式）,サービス業,TOPIX Small 1,2026-08-25,1018.0,1088.0,377941255.0,371275.0,300614400.0,True,True,True,True,True,True
9830.T,9830,トラスコ中山,プライム（内国株式）,卸売業,TOPIX Small 1,2026-08-25,2601.0,2364.0,377800145.0,157705.0,210632400.0,True,True,True,True,True,True
6677.T,6677,エスケーエレクトロニクス,スタンダード（内国株式）,電気機器,-,2026-08-25,2601.0,3215.0,375504800.0,110030.0,248198000.0,True,True,True,True,True,True
1814.T,1814,大末建設,プライム（内国株式）,建設業,-,2026-08-25,2601.0,3655.0,373501050.0,102670.0,151317000.0,True,True,True,True,True,True
7915.T,7915,ＮＩＳＳＨＡ,プライム（内国株式）,その他製品,TOPIX Small 1,2026-08-25,2601.0,1302.0,372991805.0,287790.0,220819200.0,True,True,True,True,True,True
3399.T,3399,丸千代山岡家,スタンダード（内国株式）,小売業,-,2026-08-25,2601.0,3900.0,372910775.0,101050.0,214890000.0,True,True,True,True,True,True
8059.T,8059,第一実業,プライム（内国株式）,卸売業,TOPIX Small 2,2026-08-25,2601.0,3625.0,372427975.0,106890.0,332050000.0,True,True,True,True,True,True
6745.T,6745,ホーチキ,プライム（内国株式）,電気機器,TOPIX Small 2,2026-08-25,2601.0,2034.0,371612380.0,185760.0,262386000.0,True,True,True,True,True,True
7246.T,7246,プレス工業,プライム（内国株式）,輸送用機器,TOPIX Small 1,2026-08-25,2601.0,984.0,371380810.0,398495.0,179973600.0,True,True,True,True,True,True
9715.T,9715,トランス・コスモス,プライム（内国株式）,サービス業,TOPIX Small 1,2026-08-25,2601.0,3735.0,369522025.0,99885.0,308511000.0,True,True,True,True,True,True
212A.T,212A,フィットイージー,プライム（内国株式）,サービス業,TOPIX Small 2,2026-08-25,510.0,3055.0,368798570.0,126685.0,110591000.0,True,True,True,True,True,True
4095.T,4095,日本パーカライジング,プライム（内国株式）,化学,TOPIX Small 1,2026-08-25,2601.0,1737.0,368776155.0,216580.0,349310700.0,True,True,True,True,True,True
4686.T,4686,ジャストシステム,プライム（内国株式）,情報・通信業,TOPIX Small 1,2026-08-25,2601.0,4100.0,367476475.0,91185.0,365310000.0,True,True,True,True,True,True
3539.T,3539,ＪＭホールディングス,プライム（内国株式）,小売業,TOPIX Small 2,2026-08-25,2547.0,1502.0,366090385.0,258995.0,168224000.0,True,True,True,True,True,True
1982.T,1982,日比谷総合設備,プライム（内国株式）,建設業,TOPIX Small 2,2026-08-25,2601.0,2978.0,365698950.0,126125.0,218883000.0,True,True,True,True,True,True
8622.T,8622,水戸証券,プライム（内国株式）,証券、商品先物取引業,TOPIX Small 2,2026-08-25,2601.0,915.0,364782190.0,426455.0,361882500.0,True,True,True,True,True,True
5911.T,5911,横河ブリッジホールディングス,プライム（内国株式）,金属製品,TOPIX Small 1,2026-08-25,2601.0,2991.0,364592345.0,123460.0,219838500.0,True,True,True,True,True,True
8551.T,8551,北日本銀行,プライム（内国株式）,銀行業,TOPIX Small 2,2026-08-25,2601.0,7350.0,361975450.0,50940.0,209475000.0,True,True,True,True,True,True
6651.T,6651,日東工業,プライム（内国株式）,電気機器,TOPIX Small 1,2026-08-25,2601.0,4360.0,361592850.0,81775.0,173092000.0,True,True,True,True,True,True
2664.T,2664,カワチ薬品,プライム（内国株式）,小売業,TOPIX Small 1,2026-08-25,2601.0,3765.0,361295225.0,99335.0,371229000.0,True,True,True,True,True,True
1909.T,1909,日本ドライケミカル,スタンダード（内国株式）,機械,-,2026-08-25,2601.0,3705.0,360998500.0,97565.0,399028500.0,True,True,True,True,True,True
2154.T,2154,オープンアップグループ,プライム（内国株式）,サービス業,TOPIX Small 1,2026-08-25,2601.0,2034.0,360954500.0,179195.0,167805000.0,True,True,True,True,True,True
6328.T,6328,荏原実業,プライム（内国株式）,機械,TOPIX Small 2,2026-08-25,2601.0,2417.0,360491790.0,153690.0,116499400.0,True,True,True,True,True,True
9267.T,9267,Ｇｅｎｋｙ　ＤｒｕｇＳｔｏｒｅｓ,プライム（内国株式）,小売業,TOPIX Small 1,2026-08-25,2601.0,3700.0,359634600.0,95680.0,173900000.0,True,True,True,True,True,True
4041.T,4041,日本曹達,プライム（内国株式）,化学,TOPIX Small 1,2026-08-25,2601.0,3950.0,359306625.0,92385.0,192760000.0,True,True,True,True,True,True
6125.T,6125,岡本工作機械製作所,スタンダード（内国株式）,機械,-,2026-08-25,2601.0,4775.0,358443725.0,70325.0,186225000.0,True,True,True,True,True,True
8337.T,8337,千葉興業銀行,プライム（内国株式）,銀行業,TOPIX Small 1,2026-08-25,2601.0,2719.0,358184330.0,134315.0,236553000.0,True,True,True,True,True,True
7575.T,7575,日本ライフライン,プライム（内国株式）,卸売業,TOPIX Small 1,2026-08-25,2601.0,1565.0,357964445.0,233950.0,234906500.0,True,True,True,True,True,True
7794.T,7794,イーディーピー,グロース（内国株式）,その他製品,-,2026-08-25,1019.0,1006.0,357926970.0,392085.0,669191200.0,True,True,True,True,True,True
7280.T,7280,ミツバ,プライム（内国株式）,電気機器,TOPIX Small 1,2026-08-25,2601.0,1313.0,357274930.0,291115.0,229512400.0,True,True,True,True,True,True
8214.T,8214,ＡＯＫＩホールディングス,プライム（内国株式）,小売業,TOPIX Small 1,2026-08-25,2601.0,1770.0,357189805.0,207100.0,249747000.0,True,True,True,True,True,True
9416.T,9416,ビジョン,プライム（内国株式）,情報・通信業,TOPIX Small 1,2026-08-25,2601.0,1054.0,355050560.0,341555.0,249798000.0,True,True,True,True,True,True
9672.T,9672,東京都競馬,プライム（内国株式）,サービス業,TOPIX Small 1,2026-08-25,2601.0,5090.0,354935625.0,70535.0,175605000.0,True,True,True,True,True,True
7224.T,7224,新明和工業,プライム（内国株式）,輸送用機器,TOPIX Small 1,2026-08-25,2601.0,1989.0,354789685.0,178640.0,275874300.0,True,True,True,True,True,True
4972.T,4972,綜研化学,スタンダード（内国株式）,化学,-,2026-08-25,2601.0,3380.0,354210295.0,109835.0,100048000.0,True,True,True,True,True,True
3932.T,3932,アカツキ,プライム（内国株式）,情報・通信業,TOPIX Small 2,2026-08-25,2571.0,3795.0,353500960.0,103555.0,580635000.0,True,True,True,True,True,True
8084.T,8084,ＲＹＯＤＥＮ,プライム（内国株式）,卸売業,TOPIX Small 2,2026-08-25,2601.0,4720.0,352718275.0,78445.0,212872000.0,True,True,True,True,True,True
7760.T,7760,ＩＭＶ,スタンダード（内国株式）,精密機器,-,2026-08-25,2601.0,2000.0,351808575.0,164970.0,104200000.0,True,True,True,True,True,True
4985.T,4985,アース製薬,プライム（内国株式）,化学,TOPIX Small 1,2026-08-25,2601.0,4915.0,351790050.0,73675.0,181855000.0,True,True,True,True,True,True
5842.T,5842,インテグラル,グロース（内国株式）,証券、商品先物取引業,-,2026-08-25,715.0,3115.0,350249880.0,116280.0,902415500.0,True,True,True,True,True,True
1835.T,1835,東鉄工業,プライム（内国株式）,建設業,TOPIX Small 1,2026-08-25,2601.0,3985.0,350088100.0,86845.0,277356000.0,True,True,True,True,True,True
6284.T,6284,日精エー・エス・ビー機械,プライム（内国株式）,機械,TOPIX Small 1,2026-08-25,2601.0,8810.0,348729400.0,37920.0,167390000.0,True,True,True,True,True,True
8613.T,8613,丸三証券,プライム（内国株式）,証券、商品先物取引業,TOPIX Small 1,2026-08-25,2601.0,1261.0,347056400.0,287135.0,244760100.0,True,True,True,True,True,True
3167.T,3167,ＴＯＫＡＩホールディングス,プライム（内国株式）,卸売業,TOPIX Small 1,2026-08-25,2601.0,1286.0,346884280.0,287250.0,329730400.0,True,True,True,True,True,True
4221.T,4221,大倉工業,プライム（内国株式）,化学,TOPIX Small 2,2026-08-25,2601.0,5570.0,344372700.0,63785.0,139807000.0,True,True,True,True,True,True
1870.T,1870,矢作建設工業,プライム（内国株式）,建設業,TOPIX Small 1,2026-08-25,2601.0,2153.0,344256655.0,170745.0,307017800.0,True,True,True,True,True,True
9413.T,9413,テレビ東京ホールディングス,プライム（内国株式）,情報・通信業,TOPIX Small 1,2026-08-25,2601.0,3460.0,343376100.0,100470.0,148088000.0,True,True,True,True,True,True
6492.T,6492,岡野バルブ製造,スタンダード（内国株式）,機械,-,2026-08-25,2601.0,14060.0,343337000.0,24890.0,104044000.0,True,True,True,True,True,True
9716.T,9716,乃村工藝社,プライム（内国株式）,サービス業,TOPIX Small 1,2026-08-25,2601.0,1261.0,342503860.0,285640.0,346901100.0,True,True,True,True,True,True
5302.T,5302,日本カーボン,プライム（内国株式）,ガラス・土石製品,TOPIX Small 1,2026-08-25,2601.0,4905.0,341398800.0,69540.0,552793500.0,True,True,True,True,True,True
4847.T,4847,インテリジェント　ウェイブ,プライム（内国株式）,情報・通信業,-,2026-08-25,2601.0,1330.0,341277270.0,275165.0,130739000.0,True,True,True,True,True,True
3989.T,3989,シェアリングテクノロジー,グロース（内国株式）,情報・通信業,-,2026-08-25,2230.0,1570.0,341071395.0,235235.0,344144000.0,True,True,True,True,True,True
5724.T,5724,アサカ理研,スタンダード（内国株式）,非鉄金属,-,2026-08-25,2601.0,3410.0,340536830.0,118530.0,1456752000.0,True,True,True,True,True,True
4165.T,4165,プレイド,グロース（内国株式）,情報・通信業,-,2026-08-25,1389.0,688.0,339717375.0,507550.0,441145600.0,True,True,True,True,True,True
6908.T,6908,イリソ電子工業,プライム（内国株式）,電気機器,TOPIX Small 1,2026-08-25,2601.0,2779.0,338681585.0,122295.0,348208700.0,True,True,True,True,True,True
3482.T,3482,ロードスターキャピタル,プライム（内国株式）,不動産業,TOPIX Small 2,2026-08-25,2191.0,2643.0,338346815.0,127935.0,154351200.0,True,True,True,True,True,True
4116.T,4116,大日精化工業,プライム（内国株式）,化学,TOPIX Small 2,2026-08-25,2601.0,1383.0,336492305.0,264910.0,356814000.0,True,True,True,True,True,True
9308.T,9308,乾汽船,スタンダード（内国株式）,海運業,TOPIX Small 2,2026-08-25,2601.0,2067.0,334723125.0,167035.0,318111300.0,True,True,True,True,True,True
6088.T,6088,シグマクシス・ホールディングス,プライム（内国株式）,サービス業,TOPIX Small 1,2026-08-25,2601.0,561.0,334431420.0,607235.0,156014100.0,True,True,True,True,True,True
3040.T,3040,ソリトンシステムズ,プライム（内国株式）,情報・通信業,TOPIX Small 2,2026-08-25,2601.0,2296.0,333841850.0,144620.0,195848800.0,True,True,True,True,True,True
6310.T,6310,井関農機,プライム（内国株式）,機械,TOPIX Small 2,2026-08-25,2601.0,1814.0,333175905.0,183275.0,111198200.0,True,True,True,True,True,True
6742.T,6742,京三製作所,プライム（内国株式）,電気機器,TOPIX Small 2,2026-08-25,2601.0,1032.0,331644160.0,339255.0,138597600.0,True,True,True,True,True,True
7595.T,7595,アルゴグラフィックス,プライム（内国株式）,情報・通信業,TOPIX Small 1,2026-08-25,2601.0,1329.0,331631535.0,248995.0,229651200.0,True,True,True,True,True,True
8057.T,8057,内田洋行,プライム（内国株式）,卸売業,TOPIX Small 1,2026-08-25,2601.0,2229.0,331389645.0,154230.0,152909400.0,True,True,True,True,True,True
7818.T,7818,トランザクション,プライム（内国株式）,その他製品,TOPIX Small 2,2026-08-25,2601.0,1258.0,330982460.0,273215.0,287327200.0,True,True,True,True,True,True
9948.T,9948,アークス,プライム（内国株式）,小売業,TOPIX Small 1,2026-08-25,2601.0,3755.0,330730350.0,90930.0,408168500.0,True,True,True,True,True,True
3091.T,3091,ブロンコビリー,プライム（内国株式）,小売業,TOPIX Small 1,2026-08-25,2601.0,2780.0,329590630.0,121780.0,118428000.0,True,True,True,True,True,True
8706.T,8706,極東証券,プライム（内国株式）,証券、商品先物取引業,TOPIX Small 1,2026-08-25,2601.0,1899.0,329340160.0,180695.0,244021500.0,True,True,True,True,True,True
4552.T,4552,ＪＣＲファーマ,プライム（内国株式）,医薬品,TOPIX Small 1,2026-08-25,2601.0,520.0,328406695.0,650135.0,147160000.0,True,True,True,True,True,True
8125.T,8125,ワキタ,プライム（内国株式）,卸売業,TOPIX Small 1,2026-08-25,2601.0,1969.0,326733880.0,168635.0,270343700.0,True,True,True,True,True,True
6071.T,6071,ＩＢＪ,プライム（内国株式）,サービス業,TOPIX Small 2,2026-08-25,2601.0,933.0,325234570.0,356070.0,203114100.0,True,True,True,True,True,True
4547.T,4547,キッセイ薬品工業,プライム（内国株式）,医薬品,TOPIX Small 1,2026-08-25,2601.0,4075.0,324816450.0,79715.0,164222500.0,True,True,True,True,True,True
6838.T,6838,多摩川ホールディングス,スタンダード（内国株式）,電気機器,-,2026-08-25,2601.0,1395.0,324246590.0,230015.0,360607500.0,True,True,True,True,True,True
3299.T,3299,ムゲンエステート,スタンダード（内国株式）,不動産業,-,2026-08-25,2601.0,1737.0,324243720.0,183675.0,208961100.0,True,True,True,True,True,True
9832.T,9832,オートバックスセブン,プライム（内国株式）,卸売業,TOPIX Small 1,2026-08-25,2601.0,1552.0,323193755.0,210945.0,205950400.0,True,True,True,True,True,True
6962.T,6962,大真空,プライム（内国株式）,電気機器,TOPIX Small 2,2026-08-25,2601.0,792.0,321609060.0,417370.0,162993600.0,True,True,True,True,True,True
5989.T,5989,エイチワン,プライム（内国株式）,金属製品,TOPIX Small 2,2026-08-25,2601.0,1549.0,320236440.0,215020.0,129186600.0,True,True,True,True,True,True
3148.T,3148,クリエイトＳＤホールディングス,プライム（内国株式）,小売業,TOPIX Small 1,2026-08-25,2601.0,3415.0,320228050.0,95170.0,188849500.0,True,True,True,True,True,True
5930.T,5930,文化シヤッター,プライム（内国株式）,金属製品,TOPIX Small 1,2026-08-25,2601.0,1897.0,319403740.0,172350.0,208100900.0,True,True,True,True,True,True
4246.T,4246,ダイキョーニシカワ,プライム（内国株式）,化学,TOPIX Small 2,2026-08-25,2601.0,1119.0,316911840.0,293320.0,202874700.0,True,True,True,True,True,True
6203.T,6203,豊和工業,スタンダード（内国株式）,機械,-,2026-08-25,2601.0,1505.0,315090050.0,218695.0,183610000.0,True,True,True,True,True,True
6458.T,6458,新晃工業,プライム（内国株式）,機械,TOPIX Small 1,2026-08-25,2601.0,1259.0,314717300.0,256480.0,289695900.0,True,True,True,True,True,True
4425.T,4425,Ｋｕｄａｎ,グロース（内国株式）,情報・通信業,-,2026-08-25,1871.0,1404.0,314329520.0,205370.0,478342800.0,True,True,True,True,True,True
7711.T,7711,助川電気工業,スタンダード（内国株式）,精密機器,-,2026-08-25,2601.0,4965.0,314264575.0,69015.0,148453500.0,True,True,True,True,True,True
8739.T,8739,スパークス・グループ,プライム（内国株式）,証券、商品先物取引業,TOPIX Small 2,2026-08-25,2601.0,2510.0,314212655.0,129355.0,185238000.0,True,True,True,True,True,True
6486.T,6486,イーグル工業,プライム（内国株式）,機械,TOPIX Small 1,2026-08-25,2601.0,2995.0,313376300.0,104315.0,198568500.0,True,True,True,True,True,True
1938.T,1938,日本リーテック,プライム（内国株式）,建設業,TOPIX Small 2,2026-08-25,2601.0,2541.0,312674920.0,127670.0,186255300.0,True,True,True,True,True,True
6928.T,6928,エノモト,スタンダード（内国株式）,電気機器,-,2026-08-25,2601.0,2952.0,311454945.0,107950.0,117784800.0,True,True,True,True,True,True
5027.T,5027,ＡｎｙＭｉｎｄ　Ｇｒｏｕｐ,グロース（内国株式）,情報・通信業,-,2026-08-25,834.0,784.0,310831230.0,446700.0,296195200.0,True,True,True,True,True,True
9882.T,9882,イエローハット,プライム（内国株式）,卸売業,TOPIX Small 1,2026-08-25,2601.0,1791.0,310766430.0,174600.0,181249200.0,True,True,True,True,True,True
3395.T,3395,サンマルクホールディングス,プライム（内国株式）,小売業,TOPIX Small 1,2026-08-25,2601.0,2528.0,310477055.0,126995.0,190864000.0,True,True,True,True,True,True
8558.T,8558,東和銀行,プライム（内国株式）,銀行業,TOPIX Small 2,2026-08-25,2601.0,1444.0,308900345.0,219140.0,151042400.0,True,True,True,True,True,True
4481.T,4481,ベース,プライム（内国株式）,情報・通信業,TOPIX Small 2,2026-08-25,1633.0,3270.0,307947075.0,95125.0,208626000.0,True,True,True,True,True,True
8167.T,8167,リテールパートナーズ,プライム（内国株式）,小売業,TOPIX Small 2,2026-08-25,2601.0,1428.0,306450165.0,215865.0,253755600.0,True,True,True,True,True,True
5240.T,5240,ｍｏｎｏＡＩ　ｔｅｃｈｎｏｌｏｇｙ,グロース（内国株式）,情報・通信業,-,2026-08-25,900.0,206.0,306422310.0,1396680.0,87611800.0,True,True,True,True,True,True
8137.T,8137,サンワテクノス,プライム（内国株式）,卸売業,TOPIX Small 2,2026-08-25,2601.0,4015.0,305405175.0,79750.0,122859000.0,True,True,True,True,True,True
9025.T,9025,鴻池運輸,プライム（内国株式）,陸運業,TOPIX Small 1,2026-08-25,2601.0,2927.0,304710995.0,104375.0,157179900.0,True,True,True,True,True,True
2931.T,2931,ユーグレナ,プライム（内国株式）,食料品,TOPIX Small 1,2026-08-25,2601.0,358.0,304452465.0,871155.0,219847800.0,True,True,True,True,True,True
8032.T,8032,日本紙パルプ商事,プライム（内国株式）,卸売業,TOPIX Small 2,2026-08-25,2601.0,1195.0,303591465.0,253415.0,356946500.0,True,True,True,True,True,True
9692.T,9692,シーイーシー,プライム（内国株式）,情報・通信業,TOPIX Small 1,2026-08-25,2601.0,2473.0,303328840.0,129295.0,273761100.0,True,True,True,True,True,True
8163.T,8163,ＳＲＳホールディングス,プライム（内国株式）,小売業,TOPIX Small 2,2026-08-25,2601.0,1565.0,302720870.0,202945.0,162447000.0,True,True,True,True,True,True
6877.T,6877,ＯＢＡＲＡ　ＧＲＯＵＰ,スタンダード（内国株式）,電気機器,TOPIX Small 2,2026-08-25,2601.0,5780.0,301708150.0,52145.0,142766000.0,True,True,True,True,True,True
8850.T,8850,スターツコーポレーション,プライム（内国株式）,不動産業,TOPIX Small 1,2026-08-25,2601.0,4705.0,300824300.0,64030.0,111979000.0,True,True,True,True,True,True
1766.T,1766,東建コーポレーション,プライム（内国株式）,建設業,TOPIX Small 1,2026-08-25,2601.0,13610.0,300452250.0,22620.0,174208000.0,True,True,True,True,True,True
7241.T,7241,フタバ産業,プライム（内国株式）,輸送用機器,TOPIX Small 1,2026-08-25,2601.0,1108.0,300360725.0,282770.0,199994000.0,True,True,True,True,True,True
7990.T,7990,グローブライド,プライム（内国株式）,その他製品,TOPIX Small 1,2026-08-25,2601.0,2523.0,300168370.0,119735.0,133466700.0,True,True,True,True,True,True
6332.T,6332,月島ホールディングス,プライム（内国株式）,機械,TOPIX Small 1,2026-08-25,2601.0,2803.0,299885075.0,109655.0,349814400.0,True,True,True,True,True,True
2337.T,2337,いちご,プライム（内国株式）,不動産業,TOPIX Small 1,2026-08-25,2601.0,412.0,298554575.0,731545.0,157507600.0,True,True,True,True,True,True
5122.T,5122,オカモト,プライム（内国株式）,ゴム製品,TOPIX Small 2,2026-08-25,2601.0,6310.0,297587950.0,47955.0,171632000.0,True,True,True,True,True,True
6298.T,6298,ワイエイシイホールディングス,プライム（内国株式）,機械,TOPIX Small 2,2026-08-25,2601.0,1328.0,297086960.0,237645.0,129612800.0,True,True,True,True,True,True
2918.T,2918,わらべや日洋ホールディングス,プライム（内国株式）,食料品,TOPIX Small 1,2026-08-25,2601.0,2876.0,296809840.0,105890.0,322687200.0,True,True,True,True,True,True
6653.T,6653,正興電機製作所,プライム（内国株式）,電気機器,-,2026-08-25,2148.0,2178.0,295078965.0,136900.0,156598200.0,True,True,True,True,True,True
9256.T,9256,サクシード,グロース（内国株式）,サービス業,-,2026-08-25,1142.0,1147.0,294666620.0,217075.0,25807500.0,True,True,True,True,True,True
3636.T,3636,三菱総合研究所,プライム（内国株式）,情報・通信業,TOPIX Small 1,2026-08-25,2601.0,5020.0,294623650.0,61095.0,164154000.0,True,True,True,True,True,True
3608.T,3608,ＴＳＩホールディングス,プライム（内国株式）,繊維製品,TOPIX Small 1,2026-08-25,2601.0,1280.0,293929045.0,236220.0,275072000.0,True,True,True,True,True,True
5410.T,5410,合同製鐵,プライム（内国株式）,鉄鋼,TOPIX Small 1,2026-08-25,2601.0,3010.0,293832825.0,100750.0,153209000.0,True,True,True,True,True,True
1514.T,1514,住石ホールディングス,スタンダード（内国株式）,鉱業,TOPIX Small 2,2026-08-25,2601.0,716.0,293802780.0,453980.0,431676400.0,True,True,True,True,True,True
5121.T,5121,藤倉コンポジット,プライム（内国株式）,ゴム製品,TOPIX Small 2,2026-08-25,2601.0,2653.0,292172790.0,109680.0,208260500.0,True,True,True,True,True,True
4064.T,4064,日本カーバイド工業,プライム（内国株式）,化学,TOPIX Small 2,2026-08-25,2601.0,3385.0,291571675.0,88045.0,106289000.0,True,True,True,True,True,True
4996.T,4996,クミアイ化学工業,プライム（内国株式）,化学,TOPIX Small 1,2026-08-25,2601.0,782.0,289724730.0,381615.0,304198000.0,True,True,True,True,True,True
7318.T,7318,セレンディップ・ホールディングス,グロース（内国株式）,輸送用機器,-,2026-08-25,1264.0,1498.0,289710325.0,178470.0,117593000.0,True,True,True,True,True,True
7537.T,7537,丸文,プライム（内国株式）,卸売業,TOPIX Small 2,2026-08-25,2601.0,1824.0,289433730.0,166755.0,142454400.0,True,True,True,True,True,True
2220.T,2220,亀田製菓,プライム（内国株式）,食料品,TOPIX Small 1,2026-08-25,2601.0,1387.0,288602720.0,221735.0,233986900.0,True,True,True,True,True,True
3093.T,3093,トレジャー・ファクトリー,プライム（内国株式）,小売業,TOPIX Small 2,2026-08-25,2601.0,2139.0,288427225.0,136565.0,185237400.0,True,True,True,True,True,True
5288.T,5288,アジアパイルホールディングス,プライム（内国株式）,ガラス・土石製品,TOPIX Small 2,2026-08-25,2601.0,1562.0,287920250.0,189125.0,121679800.0,True,True,True,True,True,True
8713.T,8713,フィデアホールディングス,プライム（内国株式）,銀行業,TOPIX Small 2,2026-08-25,2601.0,2704.0,287661465.0,115585.0,141148800.0,True,True,True,True,True,True
8255.T,8255,アクシアル　リテイリング,プライム（内国株式）,小売業,TOPIX Small 2,2026-08-25,2601.0,1280.0,287452235.0,232955.0,363392000.0,True,True,True,True,True,True
1419.T,1419,タマホーム,プライム（内国株式）,建設業,TOPIX Small 1,2026-08-25,2601.0,3065.0,286783080.0,95420.0,327648500.0,True,True,True,True,True,True
6517.T,6517,デンヨー,プライム（内国株式）,電気機器,TOPIX Small 2,2026-08-25,2601.0,4095.0,285635000.0,69140.0,121212000.0,True,True,True,True,True,True
3491.T,3491,ＧＡ　ｔｅｃｈｎｏｌｏｇｉｅｓ,グロース（内国株式）,不動産業,-,2026-08-25,1977.0,1568.0,284885490.0,190945.0,207603200.0,True,True,True,True,True,True
7779.T,7779,ＣＹＢＥＲＤＹＮＥ,グロース（内国株式）,精密機器,-,2026-08-25,2601.0,233.0,284720760.0,1222475.0,168109500.0,True,True,True,True,True,True
8200.T,8200,リンガーハット,プライム（内国株式）,小売業,TOPIX Small 1,2026-08-25,2601.0,2360.0,284609990.0,122210.0,311756000.0,True,True,True,True,True,True
9621.T,9621,建設技術研究所,プライム（内国株式）,サービス業,TOPIX Small 1,2026-08-25,2601.0,3175.0,284036500.0,89820.0,157480000.0,True,True,True,True,True,True
5262.T,5262,日本ヒューム,プライム（内国株式）,ガラス・土石製品,TOPIX Small 1,2026-08-25,2601.0,1143.0,283673855.0,257010.0,139446000.0,True,True,True,True,True,True
9997.T,9997,ベルーナ,プライム（内国株式）,小売業,TOPIX Small 1,2026-08-25,2601.0,1085.0,283200640.0,275625.0,203763000.0,True,True,True,True,True,True
5821.T,5821,平河ヒューテック,プライム（内国株式）,非鉄金属,TOPIX Small 2,2026-08-25,2601.0,3175.0,282164540.0,85950.0,155575000.0,True,True,True,True,True,True
8278.T,8278,フジ,プライム（内国株式）,小売業,TOPIX Small 1,2026-08-25,2601.0,2123.0,281770125.0,138410.0,313142500.0,True,True,True,True,True,True
1898.T,1898,世紀東急工業,プライム（内国株式）,建設業,TOPIX Small 1,2026-08-25,2601.0,1502.0,281109285.0,190160.0,152302800.0,True,True,True,True,True,True
4424.T,4424,Ａｍａｚｉａ,グロース（内国株式）,情報・通信業,-,2026-08-25,1871.0,332.0,281030130.0,756975.0,127753600.0,True,True,True,True,True,True
8160.T,8160,木曽路,プライム（内国株式）,小売業,TOPIX Small 1,2026-08-25,2601.0,2459.0,280720580.0,115065.0,225244400.0,True,True,True,True,True,True
8159.T,8159,立花エレテック,プライム（内国株式）,卸売業,TOPIX Small 2,2026-08-25,2601.0,4070.0,280614375.0,71120.0,155881000.0,True,True,True,True,True,True
6785.T,6785,鈴木,プライム（内国株式）,電気機器,TOPIX Small 2,2026-08-25,2601.0,2871.0,280546190.0,93900.0,203266800.0,True,True,True,True,True,True
4431.T,4431,スマレジ,グロース（内国株式）,情報・通信業,-,2026-08-25,1826.0,3415.0,280456250.0,85535.0,432339000.0,True,True,True,True,True,True
3496.T,3496,アズーム,プライム（内国株式）,不動産業,TOPIX Small 2,2026-08-25,1936.0,4920.0,280256525.0,59600.0,194832000.0,True,True,True,True,True,True
4569.T,4569,杏林製薬,プライム（内国株式）,医薬品,TOPIX Small 1,2026-08-25,2601.0,1171.0,280098105.0,247995.0,319800100.0,True,True,True,True,True,True
7942.T,7942,ＪＳＰ,プライム（内国株式）,化学,TOPIX Small 2,2026-08-25,2601.0,3085.0,279799010.0,97005.0,140059000.0,True,True,True,True,True,True
9900.T,9900,サガミホールディングス,プライム（内国株式）,小売業,TOPIX Small 1,2026-08-25,2601.0,2150.0,278892020.0,129240.0,222525000.0,True,True,True,True,True,True
4418.T,4418,ＪＤＳＣ,グロース（内国株式）,情報・通信業,-,2026-08-25,1144.0,1010.0,278481480.0,298905.0,227654000.0,True,True,True,True,True,True
4320.T,4320,ＣＥホールディングス,スタンダード（内国株式）,情報・通信業,-,2026-08-25,2601.0,1656.0,278416035.0,168105.0,122875200.0,True,True,True,True,True,True
4499.T,4499,Ｓｐｅｅｅ,スタンダード（内国株式）,情報・通信業,-,2026-08-25,1496.0,2733.0,278120075.0,111975.0,379613700.0,True,True,True,True,True,True
9037.T,9037,ハマキョウレックス,プライム（内国株式）,陸運業,TOPIX Small 1,2026-08-25,2601.0,1855.0,277176315.0,150525.0,204421000.0,True,True,True,True,True,True
9699.T,9699,ニシオホールディングス,プライム（内国株式）,サービス業,TOPIX Small 1,2026-08-25,2601.0,4640.0,277142375.0,62090.0,234320000.0,True,True,True,True,True,True
5970.T,5970,ジーテクト,プライム（内国株式）,金属製品,TOPIX Small 1,2026-08-25,2601.0,2338.0,276483030.0,122710.0,253673000.0,True,True,True,True,True,True
3193.T,3193,エターナルホスピタリティグループ,プライム（内国株式）,小売業,TOPIX Small 2,2026-08-25,2601.0,1463.0,276257770.0,191595.0,88218900.0,True,True,True,True,True,True
5537.T,5537,ＡｌｂａＬｉｎｋ,グロース（内国株式）,不動産業,-,2026-08-25,668.0,3030.0,275715700.0,93800.0,446016000.0,True,True,True,True,True,True
3028.T,3028,アルペン,プライム（内国株式）,小売業,TOPIX Small 1,2026-08-25,2601.0,2370.0,274977375.0,119320.0,173721000.0,True,True,True,True,True,True
3284.T,3284,フージャースホールディングス,プライム（内国株式）,不動産業,TOPIX Small 2,2026-08-25,2601.0,1321.0,274512500.0,215060.0,205547600.0,True,True,True,True,True,True
3962.T,3962,チェンジホールディングス,プライム（内国株式）,情報・通信業,TOPIX Small 1,2026-08-25,2441.0,1009.0,273807165.0,281735.0,136921300.0,True,True,True,True,True,True
6597.T,6597,ＨＰＣシステムズ,グロース（内国株式）,電気機器,-,2026-08-25,1687.0,3435.0,273661075.0,78660.0,171063000.0,True,True,True,True,True,True
2168.T,2168,パソナグループ,プライム（内国株式）,サービス業,TOPIX Small 1,2026-08-25,2601.0,1681.0,271836675.0,168355.0,303756700.0,True,True,True,True,True,True
3854.T,3854,アイル,プライム（内国株式）,情報・通信業,TOPIX Small 2,2026-08-25,2601.0,2400.0,271634090.0,115885.0,166080000.0,True,True,True,True,True,True
7868.T,7868,広済堂ホールディングス,プライム（内国株式）,その他製品,TOPIX Small 2,2026-08-25,2601.0,555.0,271303735.0,504810.0,336996000.0,True,True,True,True,True,True
5351.T,5351,品川リフラ,プライム（内国株式）,ガラス・土石製品,TOPIX Small 1,2026-08-25,2601.0,2094.0,270348550.0,130710.0,169823400.0,True,True,True,True,True,True
8566.T,8566,リコーリース,プライム（内国株式）,その他金融業,TOPIX Small 1,2026-08-25,2601.0,6770.0,270125400.0,40420.0,180759000.0,True,True,True,True,True,True
6440.T,6440,ＪＵＫＩ,プライム（内国株式）,機械,TOPIX Small 2,2026-08-25,2601.0,641.0,267847805.0,434540.0,295052300.0,True,True,True,True,True,True
8934.T,8934,サンフロンティア不動産,プライム（内国株式）,不動産業,TOPIX Small 1,2026-08-25,2601.0,2527.0,266836830.0,107250.0,174363000.0,True,True,True,True,True,True
7366.T,7366,ＬＩＴＡＬＩＣＯ,プライム（内国株式）,サービス業,TOPIX Small 2,2026-08-25,1320.0,1927.0,266826410.0,152505.0,423554600.0,True,True,True,True,True,True
3632.T,3632,グリーホールディングス,プライム（内国株式）,情報・通信業,TOPIX Small 2,2026-08-25,2601.0,417.0,266117730.0,643130.0,206540100.0,True,True,True,True,True,True
277A.T,277A,グロービング,プライム（内国株式）,サービス業,TOPIX Small 2,2026-08-25,422.0,1854.0,265271770.0,155630.0,194855400.0,True,True,True,True,True,True
3915.T,3915,テラスカイ,プライム（内国株式）,情報・通信業,TOPIX Small 2,2026-08-25,2601.0,2276.0,263425410.0,119050.0,145436400.0,True,True,True,True,True,True
8133.T,8133,伊藤忠エネクス,プライム（内国株式）,卸売業,TOPIX Small 1,2026-08-25,2601.0,2249.0,262880545.0,122570.0,328129100.0,True,True,True,True,True,True
2590.T,2590,ダイドーグループホールディングス,プライム（内国株式）,食料品,TOPIX Small 1,2026-08-25,2601.0,3090.0,261212755.0,87730.0,294786000.0,True,True,True,True,True,True
1786.T,1786,オリエンタル白石,プライム（内国株式）,建設業,TOPIX Small 2,2026-08-25,1320.0,359.0,261143870.0,723405.0,187541600.0,True,True,True,True,True,True
9274.T,9274,ＫＰＰグループホールディングス,プライム（内国株式）,卸売業,TOPIX Small 1,2026-08-25,1997.0,1096.0,261076515.0,237235.0,235311200.0,True,True,True,True,True,True
6535.T,6535,アイモバイル,プライム（内国株式）,サービス業,TOPIX Small 2,2026-08-25,2421.0,514.0,260819635.0,517430.0,145410600.0,True,True,True,True,True,True
9211.T,9211,エフ・コード,グロース（内国株式）,サービス業,-,2026-08-25,1139.0,1491.0,260556370.0,177425.0,135979200.0,True,True,True,True,True,True
4694.T,4694,ビー・エム・エル,プライム（内国株式）,サービス業,TOPIX Small 1,2026-08-25,2601.0,3655.0,260510375.0,72820.0,263160000.0,True,True,True,True,True,True
6918.T,6918,アバールデータ,スタンダード（内国株式）,電気機器,-,2026-08-25,2601.0,3655.0,259996420.0,72915.0,192618500.0,True,True,True,True,True,True
8708.T,8708,アイザワ証券グループ,プライム（内国株式）,証券、商品先物取引業,TOPIX Small 2,2026-08-25,2601.0,1745.0,259606310.0,152680.0,187762000.0,True,True,True,True,True,True
7746.T,7746,岡本硝子,スタンダード（内国株式）,精密機器,-,2026-08-25,2601.0,767.0,259281285.0,349335.0,488195500.0,True,True,True,True,True,True
9828.T,9828,Ｇｅｎｋｉ　Ｇｌｏｂａｌ　Ｄｉｎｉｎｇ　Ｃｏｎｃｅｐｔｓ,スタンダード（内国株式）,小売業,TOPIX Small 1,2026-08-25,2601.0,3535.0,258956650.0,76145.0,114180500.0,True,True,True,True,True,True
3668.T,3668,コロプラ,プライム（内国株式）,情報・通信業,TOPIX Small 1,2026-08-25,2601.0,436.0,258785885.0,628585.0,207230800.0,True,True,True,True,True,True
6947.T,6947,図研,プライム（内国株式）,電気機器,TOPIX Small 1,2026-08-25,2601.0,4930.0,258587050.0,52985.0,279038000.0,True,True,True,True,True,True
5440.T,5440,共英製鋼,プライム（内国株式）,鉄鋼,TOPIX Small 1,2026-08-25,2601.0,2025.0,258176775.0,132415.0,228217500.0,True,True,True,True,True,True
2288.T,2288,丸大食品,プライム（内国株式）,食料品,TOPIX Small 2,2026-08-25,2601.0,2259.0,258004835.0,116475.0,127181700.0,True,True,True,True,True,True
4765.T,4765,ＳＢＩグローバルアセットマネジメント,プライム（内国株式）,サービス業,TOPIX Small 2,2026-08-25,2601.0,614.0,257651200.0,423400.0,121633400.0,True,True,True,True,True,True
3741.T,3741,セック,プライム（内国株式）,情報・通信業,TOPIX Small 2,2026-08-25,2601.0,3120.0,257160070.0,82365.0,113880000.0,True,True,True,True,True,True
4377.T,4377,ワンキャリア,グロース（内国株式）,情報・通信業,-,2026-08-25,1194.0,2475.0,256392645.0,110115.0,190327500.0,True,True,True,True,True,True
5889.T,5889,Ｊａｐａｎ　Ｅｙｅｗｅａｒ　Ｈｏｌｄｉｎｇｓ,プライム（内国株式）,小売業,TOPIX Small 2,2026-08-25,676.0,2587.0,256224020.0,101210.0,155220000.0,True,True,True,True,True,True
3374.T,3374,内外テック,スタンダード（内国株式）,卸売業,-,2026-08-25,2601.0,4230.0,256060410.0,66170.0,85446000.0,True,True,True,True,True,True
2674.T,2674,ハードオフコーポレーション,プライム（内国株式）,小売業,TOPIX Small 2,2026-08-25,2601.0,2723.0,256016880.0,90055.0,129342500.0,True,True,True,True,True,True
6369.T,6369,トーヨーカネツ,プライム（内国株式）,機械,TOPIX Small 2,2026-08-25,2601.0,2472.0,254995765.0,104025.0,125824800.0,True,True,True,True,True,True
5632.T,5632,三菱製鋼,プライム（内国株式）,鉄鋼,TOPIX Small 2,2026-08-25,2601.0,2417.0,254933450.0,108840.0,156621600.0,True,True,True,True,True,True
2791.T,2791,大黒天物産,プライム（内国株式）,小売業,TOPIX Small 1,2026-08-25,2601.0,4615.0,254501600.0,55985.0,136142500.0,True,True,True,True,True,True
1813.T,1813,不動テトラ,プライム（内国株式）,建設業,TOPIX Small 2,2026-08-25,2601.0,2869.0,252913120.0,92225.0,93529400.0,True,True,True,True,True,True
7130.T,7130,ヤマエグループホールディングス,プライム（内国株式）,卸売業,TOPIX Small 1,2026-08-25,1198.0,2918.0,252580495.0,87700.0,196965000.0,True,True,True,True,True,True
6638.T,6638,ミマキエンジニアリング,プライム（内国株式）,電気機器,TOPIX Small 2,2026-08-25,2601.0,1981.0,252332115.0,125470.0,125595400.0,True,True,True,True,True,True
4417.T,4417,グローバルセキュリティエキスパート,グロース（内国株式）,情報・通信業,-,2026-08-25,1144.0,4550.0,251561150.0,55445.0,90090000.0,True,True,True,True,True,True
3968.T,3968,セグエグループ,プライム（内国株式）,情報・通信業,-,2026-08-25,2383.0,638.0,251267265.0,406570.0,113117400.0,True,True,True,True,True,True
8065.T,8065,佐藤商事,プライム（内国株式）,卸売業,TOPIX Small 2,2026-08-25,2601.0,3685.0,250987520.0,70345.0,155138500.0,True,True,True,True,True,True
4258.T,4258,網屋,グロース（内国株式）,情報・通信業,-,2026-08-25,1142.0,4195.0,250615550.0,55490.0,418661000.0,True,True,True,True,True,True
7593.T,7593,ＶＴホールディングス,プライム（内国株式）,小売業,TOPIX Small 1,2026-08-25,2601.0,531.0,250039440.0,489630.0,172840500.0,True,True,True,True,True,True
4228.T,4228,積水化成品工業,プライム（内国株式）,化学,TOPIX Small 2,2026-08-25,2601.0,595.0,249562770.0,425140.0,151308500.0,True,True,True,True,True,True
4997.T,4997,日本農薬,プライム（内国株式）,化学,TOPIX Small 2,2026-08-25,2601.0,1225.0,247855440.0,217470.0,256147500.0,True,True,True,True,True,True
2120.T,2120,ＬＩＦＵＬＬ,プライム（内国株式）,サービス業,TOPIX Small 2,2026-08-25,2601.0,237.0,247376100.0,1095365.0,205336800.0,True,True,True,True,True,True
9039.T,9039,サカイ引越センター,プライム（内国株式）,陸運業,TOPIX Small 1,2026-08-25,2601.0,3010.0,245867165.0,82880.0,219128000.0,True,True,True,True,True,True
8117.T,8117,中央自動車工業,スタンダード（内国株式）,卸売業,-,2026-08-25,2601.0,2170.0,245554425.0,114975.0,157542000.0,True,True,True,True,True,True
8624.T,8624,いちよし証券,プライム（内国株式）,証券、商品先物取引業,TOPIX Small 2,2026-08-25,2601.0,1693.0,245411975.0,154245.0,253780700.0,True,True,True,True,True,True
8075.T,8075,神鋼商事,プライム（内国株式）,卸売業,TOPIX Small 2,2026-08-25,2601.0,3055.0,245398705.0,85345.0,106925000.0,True,True,True,True,True,True
6616.T,6616,トレックス・セミコンダクター,プライム（内国株式）,電気機器,TOPIX Small 2,2026-08-25,2601.0,2008.0,244987055.0,126215.0,169274400.0,True,True,True,True,True,True
4886.T,4886,あすか製薬ホールディングス,プライム（内国株式）,医薬品,TOPIX Small 2,2026-08-25,1320.0,2136.0,242751635.0,115285.0,83944800.0,True,True,True,True,True,True
3864.T,3864,三菱製紙,プライム（内国株式）,パルプ・紙,-,2026-08-25,2601.0,1182.0,242154775.0,210590.0,137466600.0,True,True,True,True,True,True
6570.T,6570,共和コーポレーション,スタンダード（内国株式）,サービス業,-,2026-08-25,2069.0,4230.0,241249750.0,68410.0,673416000.0,True,True,True,True,True,True
4935.T,4935,リベルタ,スタンダード（内国株式）,化学,-,2026-08-25,1390.0,216.0,240913525.0,1017690.0,72813600.0,True,True,True,True,True,True
5698.T,5698,エンビプロ・ホールディングス,スタンダード（内国株式）,鉄鋼,TOPIX Small 2,2026-08-25,2601.0,807.0,240843105.0,297185.0,115320300.0,True,True,True,True,True,True
7917.T,7917,ＺＡＣＲＯＳ,プライム（内国株式）,化学,TOPIX Small 2,2026-08-25,2601.0,1262.0,240241160.0,182275.0,142858400.0,True,True,True,True,True,True
7725.T,7725,インターアクション,プライム（内国株式）,精密機器,TOPIX Small 2,2026-08-25,2601.0,1883.0,240205695.0,132765.0,81533900.0,True,True,True,True,True,True
7600.T,7600,日本エム・ディ・エム,プライム（内国株式）,精密機器,TOPIX Small 2,2026-08-25,2601.0,813.0,239964725.0,277365.0,194876100.0,True,True,True,True,True,True
7177.T,7177,ＧＭＯフィナンシャルホールディングス,スタンダード（内国株式）,証券、商品先物取引業,-,2026-08-25,2601.0,1150.0,239383155.0,218270.0,230920000.0,True,True,True,True,True,True
4381.T,4381,ビープラッツ,グロース（内国株式）,情報・通信業,-,2026-08-25,2056.0,309.0,239265440.0,609295.0,98045700.0,True,True,True,True,True,True
9324.T,9324,安田倉庫,プライム（内国株式）,倉庫・運輸関連業,TOPIX Small 2,2026-08-25,2601.0,2533.0,239233255.0,95305.0,174017100.0,True,True,True,True,True,True
6905.T,6905,コーセル,プライム（内国株式）,電気機器,TOPIX Small 2,2026-08-25,2601.0,1314.0,238956580.0,183190.0,168192000.0,True,True,True,True,True,True
8043.T,8043,スターゼン,プライム（内国株式）,卸売業,TOPIX Small 2,2026-08-25,2601.0,1527.0,238669110.0,166930.0,180796800.0,True,True,True,True,True,True
3880.T,3880,大王製紙,プライム（内国株式）,パルプ・紙,TOPIX Small 1,2026-08-25,2601.0,984.0,238551425.0,242750.0,181449600.0,True,True,True,True,True,True
3302.T,3302,帝国繊維,プライム（内国株式）,繊維製品,TOPIX Small 2,2026-08-25,2601.0,3365.0,238140325.0,71355.0,143685500.0,True,True,True,True,True,True
1301.T,1301,極洋,プライム（内国株式）,水産・農林業,TOPIX Small 1,2026-08-25,2601.0,4750.0,238115325.0,51650.0,111150000.0,True,True,True,True,True,True
4025.T,4025,多木化学,プライム（内国株式）,化学,TOPIX Small 2,2026-08-25,2601.0,6140.0,237829200.0,42370.0,185428000.0,True,True,True,True,True,True
9543.T,9543,静岡ガス,プライム（内国株式）,電気・ガス業,TOPIX Small 1,2026-08-25,2601.0,1279.0,237760965.0,189510.0,167932700.0,True,True,True,True,True,True
9869.T,9869,加藤産業,プライム（内国株式）,卸売業,TOPIX Small 1,2026-08-25,2601.0,6600.0,237012550.0,36705.0,143880000.0,True,True,True,True,True,True
6464.T,6464,ツバキ・ナカシマ,プライム（内国株式）,機械,TOPIX Small 2,2026-08-25,2601.0,342.0,236516250.0,675585.0,98667000.0,True,True,True,True,True,True
1379.T,1379,ホクト,プライム（内国株式）,水産・農林業,TOPIX Small 2,2026-08-25,2601.0,2111.0,236438840.0,118230.0,202022700.0,True,True,True,True,True,True
6986.T,6986,双葉電子工業,プライム（内国株式）,電気機器,TOPIX Small 2,2026-08-25,2601.0,685.0,235435070.0,360850.0,280987000.0,True,True,True,True,True,True
7412.T,7412,アトム,スタンダード（内国株式）,小売業,-,2026-08-25,2601.0,383.0,235267825.0,631200.0,377140100.0,True,True,True,True,True,True
4559.T,4559,ゼリア新薬工業,プライム（内国株式）,医薬品,TOPIX Small 1,2026-08-25,2601.0,2070.0,234538690.0,112045.0,349830000.0,True,True,True,True,True,True
7860.T,7860,エイベックス,プライム（内国株式）,情報・通信業,TOPIX Small 1,2026-08-25,2601.0,1281.0,234514045.0,184150.0,115418100.0,True,True,True,True,True,True
7979.T,7979,松風,プライム（内国株式）,精密機器,TOPIX Small 2,2026-08-25,2601.0,2340.0,234440320.0,103400.0,157248000.0,True,True,True,True,True,True
5445.T,5445,東京鐵鋼,プライム（内国株式）,鉄鋼,TOPIX Small 1,2026-08-25,2601.0,2021.0,234404520.0,118440.0,142278400.0,True,True,True,True,True,True
5381.T,5381,マイポックス,スタンダード（内国株式）,ガラス・土石製品,-,2026-08-25,2601.0,980.0,233995670.0,265275.0,247254000.0,True,True,True,True,True,True
5834.T,5834,ＳＢＩリーシングサービス,グロース（内国株式）,証券、商品先物取引業,-,2026-08-25,942.0,2713.0,233214965.0,83325.0,150571500.0,True,True,True,True,True,True
4992.T,4992,北興化学工業,スタンダード（内国株式）,化学,TOPIX Small 2,2026-08-25,2601.0,2007.0,232782675.0,120985.0,127845900.0,True,True,True,True,True,True
2733.T,2733,あらた,プライム（内国株式）,卸売業,TOPIX Small 1,2026-08-25,2601.0,2710.0,232303825.0,88905.0,180757000.0,True,True,True,True,True,True
4914.T,4914,高砂香料工業,プライム（内国株式）,化学,TOPIX Small 1,2026-08-25,2601.0,1312.0,231564495.0,185950.0,132512000.0,True,True,True,True,True,True
8892.T,8892,エスコン,プライム（内国株式）,不動産業,TOPIX Small 1,2026-08-25,2601.0,1141.0,230961405.0,210075.0,173317900.0,True,True,True,True,True,True
6419.T,6419,マースグループホールディングス,プライム（内国株式）,機械,TOPIX Small 1,2026-08-25,2601.0,3175.0,230247750.0,73000.0,188912500.0,True,True,True,True,True,True
146A.T,146A,コロンビア・ワークス,スタンダード（内国株式）,不動産業,-,2026-08-25,590.0,3685.0,229802075.0,63545.0,145926000.0,True,True,True,True,True,True
4212.T,4212,積水樹脂,プライム（内国株式）,化学,TOPIX Small 1,2026-08-25,2601.0,2868.0,229741080.0,80565.0,97225200.0,True,True,True,True,True,True
2975.T,2975,スター・マイカ・ホールディングス,プライム（内国株式）,不動産業,TOPIX Small 2,2026-08-25,1766.0,1597.0,228690660.0,147905.0,181419200.0,True,True,True,True,True,True
8014.T,8014,蝶理,プライム（内国株式）,卸売業,TOPIX Small 2,2026-08-25,2601.0,4355.0,228512700.0,55525.0,261300000.0,True,True,True,True,True,True
7965.T,7965,象印マホービン,プライム（内国株式）,電気機器,TOPIX Small 1,2026-08-25,2601.0,1485.0,228292205.0,157435.0,194386500.0,True,True,True,True,True,True
7279.T,7279,ハイレックスコーポレーション,スタンダード（内国株式）,輸送用機器,-,2026-08-25,2601.0,2504.0,228105685.0,92245.0,96404000.0,True,True,True,True,True,True
3865.T,3865,北越コーポレーション,プライム（内国株式）,パルプ・紙,TOPIX Small 1,2026-08-25,2601.0,920.0,227490060.0,248875.0,196788000.0,True,True,True,True,True,True
4343.T,4343,イオンファンタジー,プライム（内国株式）,サービス業,TOPIX Small 2,2026-08-25,2601.0,2869.0,227015015.0,81150.0,138859600.0,True,True,True,True,True,True
8037.T,8037,カメイ,プライム（内国株式）,卸売業,TOPIX Small 2,2026-08-25,2601.0,4390.0,226833650.0,55540.0,148382000.0,True,True,True,True,True,True
299A.T,299A,クラシル,グロース（内国株式）,サービス業,-,2026-08-25,408.0,1300.0,226811815.0,190020.0,344110000.0,True,True,True,True,True,True
4477.T,4477,ＢＡＳＥ,グロース（内国株式）,情報・通信業,-,2026-08-25,1668.0,311.0,225468655.0,757455.0,115163300.0,True,True,True,True,True,True
5981.T,5981,東京製綱,プライム（内国株式）,金属製品,TOPIX Small 2,2026-08-25,2601.0,1925.0,224800145.0,114190.0,499537500.0,True,True,True,True,True,True
9902.T,9902,日伝,プライム（内国株式）,卸売業,TOPIX Small 2,2026-08-25,2601.0,3025.0,224185170.0,73795.0,137032500.0,True,True,True,True,True,True
8142.T,8142,トーホー,プライム（内国株式）,卸売業,TOPIX Small 2,2026-08-25,2601.0,1432.0,223065765.0,160205.0,137472000.0,True,True,True,True,True,True
6823.T,6823,リオン,プライム（内国株式）,電気機器,TOPIX Small 2,2026-08-25,2601.0,3325.0,222674650.0,65875.0,149957500.0,True,True,True,True,True,True
5949.T,5949,ユニプレス,プライム（内国株式）,輸送用機器,TOPIX Small 1,2026-08-25,2601.0,1348.0,220946620.0,167580.0,254098000.0,True,True,True,True,True,True
8011.T,8011,三陽商会,プライム（内国株式）,繊維製品,TOPIX Small 2,2026-08-25,2601.0,5520.0,218735575.0,42475.0,271584000.0,True,True,True,True,True,True
8771.T,8771,イー・ギャランティ,プライム（内国株式）,その他金融業,TOPIX Small 1,2026-08-25,2601.0,1829.0,218280800.0,118370.0,255328400.0,True,True,True,True,True,True
9467.T,9467,アルファポリス,グロース（内国株式）,情報・通信業,-,2026-08-25,2601.0,1212.0,217908800.0,193225.0,136834800.0,True,True,True,True,True,True
6469.T,6469,放電精密加工研究所,スタンダード（内国株式）,機械,-,2026-08-25,2601.0,2999.0,217471420.0,78705.0,112762400.0,True,True,True,True,True,True
7637.T,7637,白銅,プライム（内国株式）,卸売業,TOPIX Small 2,2026-08-25,2601.0,3750.0,217341450.0,58815.0,112125000.0,True,True,True,True,True,True
1976.T,1976,明星工業,プライム（内国株式）,建設業,TOPIX Small 2,2026-08-25,2601.0,1749.0,217334265.0,116055.0,120855900.0,True,True,True,True,True,True
9474.T,9474,ゼンリン,プライム（内国株式）,情報・通信業,TOPIX Small 2,2026-08-25,2601.0,904.0,217004640.0,240850.0,172573600.0,True,True,True,True,True,True
8841.T,8841,テーオーシー,スタンダード（内国株式）,不動産業,TOPIX Small 2,2026-08-25,2601.0,1031.0,216913180.0,218385.0,130215300.0,True,True,True,True,True,True
9068.T,9068,丸全昭和運輸,プライム（内国株式）,陸運業,TOPIX Small 1,2026-08-25,2601.0,7400.0,216784100.0,28915.0,155400000.0,True,True,True,True,True,True
8157.T,8157,都築電気,プライム（内国株式）,情報・通信業,TOPIX Small 2,2026-08-25,2601.0,4165.0,216781825.0,54105.0,179511500.0,True,True,True,True,True,True
5992.T,5992,中央発條,スタンダード（内国株式）,金属製品,TOPIX Small 2,2026-08-25,2601.0,3700.0,216653200.0,58465.0,113220000.0,True,True,True,True,True,True
6418.T,6418,日本金銭機械,プライム（内国株式）,機械,TOPIX Small 2,2026-08-25,2601.0,1242.0,216642020.0,179045.0,181456200.0,True,True,True,True,True,True
135A.T,135A,ＶＲＡＩＮ　Ｓｏｌｕｔｉｏｎ,グロース（内国株式）,情報・通信業,-,2026-08-25,612.0,4115.0,216175725.0,53955.0,253484000.0,True,True,True,True,True,True
6345.T,6345,アイチ　コーポレーション,プライム（内国株式）,機械,TOPIX Small 2,2026-08-25,2601.0,1458.0,216122550.0,151980.0,208931400.0,True,True,True,True,True,True
7483.T,7483,ドウシシャ,プライム（内国株式）,卸売業,TOPIX Small 2,2026-08-25,2601.0,3010.0,215939465.0,72445.0,170667000.0,True,True,True,True,True,True
9517.T,9517,イーレックス,プライム（内国株式）,電気・ガス業,TOPIX Small 2,2026-08-25,2601.0,871.0,215749145.0,251250.0,115581700.0,True,True,True,True,True,True
6282.T,6282,オイレス工業,プライム（内国株式）,機械,TOPIX Small 1,2026-08-25,2601.0,2912.0,215528155.0,74380.0,199472000.0,True,True,True,True,True,True
6463.T,6463,ＴＰＲ,プライム（内国株式）,機械,TOPIX Small 1,2026-08-25,2601.0,1552.0,215176080.0,142310.0,146353600.0,True,True,True,True,True,True
8097.T,8097,三愛オブリ,プライム（内国株式）,卸売業,TOPIX Small 1,2026-08-25,2601.0,2415.0,214917645.0,91770.0,181849500.0,True,True,True,True,True,True
3984.T,3984,ユーザーローカル,プライム（内国株式）,情報・通信業,TOPIX Small 2,2026-08-25,2317.0,1541.0,214582685.0,134795.0,156873800.0,True,True,True,True,True,True
3196.T,3196,ホットランドホールディングス,プライム（内国株式）,小売業,TOPIX Small 2,2026-08-25,2601.0,1667.0,214317080.0,130760.0,90684800.0,True,True,True,True,True,True
4848.T,4848,フルキャストホールディングス,プライム（内国株式）,サービス業,TOPIX Small 2,2026-08-25,2601.0,1877.0,214251370.0,120155.0,131014600.0,True,True,True,True,True,True
6459.T,6459,だいわ,プライム（内国株式）,機械,TOPIX Small 2,2026-08-25,2601.0,1691.0,213425340.0,123885.0,135280000.0,True,True,True,True,True,True
5142.T,5142,アキレス,プライム（内国株式）,化学,TOPIX Small 2,2026-08-25,2601.0,1998.0,213046730.0,120995.0,175424400.0,True,True,True,True,True,True
7256.T,7256,河西工業,スタンダード（内国株式）,輸送用機器,-,2026-08-25,2601.0,420.0,212555055.0,476675.0,68418000.0,True,True,True,True,True,True
368A.T,368A,北里,プライム（内国株式）,精密機器,TOPIX Small 2,2026-08-25,285.0,1500.0,212271420.0,142430.0,72450000.0,True,True,True,True,True,True
4393.T,4393,バンク・オブ・イノベーション,グロース（内国株式）,情報・通信業,-,2026-08-25,1978.0,5500.0,211729650.0,40765.0,169950000.0,True,True,True,True,True,True
4051.T,4051,ＧＭＯフィナンシャルゲート,プライム（内国株式）,情報・通信業,TOPIX Small 2,2026-08-25,1492.0,6570.0,210753850.0,31670.0,157680000.0,True,True,True,True,True,True
7239.T,7239,タチエス,プライム（内国株式）,輸送用機器,TOPIX Small 1,2026-08-25,2601.0,2354.0,209572175.0,91555.0,204798000.0,True,True,True,True,True,True
6309.T,6309,巴工業,プライム（内国株式）,機械,TOPIX Small 2,2026-08-25,2601.0,2021.0,208312400.0,107320.0,143895200.0,True,True,True,True,True,True
3201.T,3201,日本毛織,プライム（内国株式）,繊維製品,TOPIX Small 1,2026-08-25,2601.0,1960.0,208271905.0,107405.0,100744000.0,True,True,True,True,True,True
5461.T,5461,中部鋼鈑,プライム（内国株式）,鉄鋼,TOPIX Small 1,2026-08-25,894.0,2094.0,207479375.0,99715.0,73918200.0,True,True,True,True,True,True
1871.T,1871,ピーエス・コンストラクション,プライム（内国株式）,建設業,TOPIX Small 2,2026-08-25,2601.0,2378.0,206712910.0,90085.0,201178800.0,True,True,True,True,True,True
5943.T,5943,ノーリツ,プライム（内国株式）,金属製品,TOPIX Small 1,2026-08-25,2601.0,2434.0,206409140.0,86320.0,225145000.0,True,True,True,True,True,True
4293.T,4293,セプテーニ・ホールディングス,スタンダード（内国株式）,サービス業,-,2026-08-25,2601.0,509.0,206188865.0,402795.0,143945200.0,True,True,True,True,True,True
7943.T,7943,ニチハ,プライム（内国株式）,ガラス・土石製品,TOPIX Small 1,2026-08-25,2601.0,3105.0,206085050.0,65355.0,134446500.0,True,True,True,True,True,True
3153.T,3153,八洲電機,プライム（内国株式）,卸売業,TOPIX Small 2,2026-08-25,2601.0,2898.0,205633510.0,70245.0,139393800.0,True,True,True,True,True,True
6637.T,6637,寺崎電気産業,スタンダード（内国株式）,電気機器,-,2026-08-25,2601.0,4345.0,205093000.0,49925.0,139474500.0,True,True,True,True,True,True
8103.T,8103,明和産業,プライム（内国株式）,卸売業,TOPIX Small 2,2026-08-25,2601.0,965.0,204696355.0,218680.0,68225500.0,True,True,True,True,True,True
8008.T,8008,ヨンドシーホールディングス,プライム（内国株式）,小売業,TOPIX Small 1,2026-08-25,2601.0,2189.0,204571420.0,97605.0,257864200.0,True,True,True,True,True,True
9310.T,9310,日本トランスシティ,プライム（内国株式）,倉庫・運輸関連業,TOPIX Small 2,2026-08-25,2601.0,1366.0,204495305.0,146635.0,200119000.0,True,True,True,True,True,True
1930.T,1930,北陸電気工事,プライム（内国株式）,建設業,TOPIX Small 2,2026-08-25,2601.0,1515.0,203774500.0,137050.0,46813500.0,True,True,True,True,True,True
9974.T,9974,ベルク,プライム（内国株式）,小売業,TOPIX Small 1,2026-08-25,2601.0,6850.0,202410100.0,30365.0,238380000.0,True,True,True,True,True,True
6420.T,6420,ガリレイホールディングス,プライム（内国株式）,機械,TOPIX Small 1,2026-08-25,2601.0,3540.0,201736900.0,58025.0,120360000.0,True,True,True,True,True,True
1939.T,1939,四電工,プライム（内国株式）,建設業,TOPIX Small 2,2026-08-25,2601.0,2140.0,201388840.0,96835.0,155364000.0,True,True,True,True,True,True
4554.T,4554,富士製薬工業,プライム（内国株式）,医薬品,TOPIX Small 2,2026-08-25,2601.0,1845.0,200670715.0,109265.0,136714500.0,True,True,True,True,True,True
9432.T,9432,ＮＴＴ,プライム（内国株式）,情報・通信業,TOPIX Core30,2026-08-25,2601.0,169.1999969482422,42752727229.328,269227925.0,31446259352.822876,True,False,True,True,True,False
8729.T,8729,ソニーフィナンシャルグループ,プライム（内国株式）,保険業,TOPIX Core30,2026-08-25,221.0,162.10000610351562,8851424853.286057,56480785.0,12518918631.37207,True,False,False,True,True,False
485A.T,485A,パワーエックス,グロース（内国株式）,電気機器,-,2026-08-25,165.0,1947.0,6765651545.0,3905740.0,11167213200.0,True,True,False,True,True,False
429A.T,429A,テクセンドフォトマスク,プライム（内国株式）,その他製品,TOPIX Small 2,2026-08-25,209.0,3740.0,4156433325.0,1091840.0,2310198000.0,True,True,False,True,True,False
4564.T,4564,オンコセラピー・サイエンス,グロース（内国株式）,医薬品,-,2026-08-25,2601.0,21.0,3912281615.0,194103550.0,3930147900.0,True,False,True,True,True,False
8918.T,8918,ランド,スタンダード（内国株式）,不動産業,TOPIX Small 2,2026-08-25,2601.0,10.0,3280248110.0,320082325.0,3540983000.0,True,False,True,True,True,False
4597.T,4597,ソレイジア・ファーマ,グロース（内国株式）,医薬品,-,2026-08-25,2321.0,29.0,2168918845.0,70937145.0,2631880500.0,True,False,True,True,True,False
8283.T,8283,ＰＡＬＴＡＣ,プライム（内国株式）,卸売業,-,2026-08-10,2591.0,6630.0,1133696995.0,171530.0,0.0,True,True,True,True,False,False
6085.T,6085,アーキテクツ・スタジオ・ジャパン,グロース（内国株式）,サービス業,-,2026-08-25,2601.0,185.0,939172410.0,7630305.0,6424069500.0,True,False,True,True,True,False
3656.T,3656,ＫＬａｂ,プライム（内国株式）,情報・通信業,TOPIX Small 2,2026-08-25,2601.0,193.0,757928610.0,3491090.0,129271400.0,True,False,True,True,True,False
546A.T,546A,ＭＩＲＡＩＮＩホールディングス,プライム（内国株式）,卸売業,TOPIX Small 2,2026-08-25,98.0,2322.0,725142730.0,294085.0,238237200.0,True,True,False,True,True,False
446A.T,446A,ノースサンド,グロース（内国株式）,サービス業,-,2026-08-25,184.0,1958.0,676357825.0,385650.0,658475400.0,True,True,False,True,True,False
3664.T,3664,ＷＩＺＥ,グロース（内国株式）,情報・通信業,-,2026-08-25,2601.0,30.0,624734345.0,26789905.0,281505000.0,True,False,True,True,True,False
456A.T,456A,ＨＵＭＡＮ　ＭＡＤＥ,グロース（内国株式）,小売業,-,2026-08-25,181.0,1721.0,620138195.0,412900.0,906794900.0,True,True,False,True,True,False
3315.T,3315,日本コークス工業,プライム（内国株式）,石油・石炭製品,TOPIX Small 2,2026-08-25,2601.0,104.0,612642765.0,6106460.0,1102888800.0,True,False,True,True,True,False
6993.T,6993,大黒屋ホールディングス,スタンダード（内国株式）,小売業,-,2026-08-25,2601.0,88.0,605248005.0,6351610.0,244147200.0,True,False,True,True,True,False
6740.T,6740,ジャパンディスプレイ,プライム（内国株式）,電気機器,TOPIX Small 2,2026-08-25,2601.0,47.0,568639385.0,11864995.0,760079300.0,True,False,True,True,True,False
421A.T,421A,ムービン・ストラテジック・キャリア,グロース（内国株式）,サービス業,-,2026-08-25,216.0,3880.0,368087375.0,98420.0,237844000.0,True,True,False,True,True,False
6619.T,6619,ダブル・スコープ,プライム（内国株式）,電気機器,TOPIX Small 2,2026-08-25,2601.0,154.0,344918445.0,2261805.0,233079000.0,True,False,True,True,True,False
7138.T,7138,ＴＯＲＩＣＯ,グロース（内国株式）,小売業,-,2026-08-25,1083.0,199.0,317860060.0,1756455.0,1149085700.0,True,False,True,True,True,False
471A.T,471A,ＮＳグループ,プライム（内国株式）,その他金融業,TOPIX Small 2,2026-08-25,168.0,1614.0,290998905.0,187225.0,239033400.0,True,True,False,True,True,False
409A.T,409A,オリオンビール,プライム（内国株式）,食料品,TOPIX Small 2,2026-08-25,223.0,1201.0,268273675.0,219450.0,160573700.0,True,True,False,True,True,False
3323.T,3323,レカム,スタンダード（内国株式）,卸売業,-,2026-08-25,2601.0,92.0,262794075.0,2746020.0,79120000.0,True,False,True,True,True,False
7238.T,7238,曙ブレーキ工業,プライム（内国株式）,輸送用機器,TOPIX Small 2,2026-08-25,2601.0,108.0,261987870.0,2408125.0,417852000.0,True,False,True,True,True,False
2315.T,2315,ＣＡＩＣＡ　ＤＩＧＩＴＡＬ,スタンダード（内国株式）,情報・通信業,-,2026-08-25,2601.0,66.0,259734720.0,4164660.0,293950800.0,True,False,True,True,True,False
9424.T,9424,日本通信,プライム（内国株式）,情報・通信業,TOPIX Small 2,2026-08-25,2601.0,117.0,250507620.0,2212560.0,281572200.0,True,False,True,True,True,False
8789.T,8789,フィンテック　グローバル,スタンダード（内国株式）,その他金融業,-,2026-08-25,2601.0,170.0,249418745.0,1600675.0,148614000.0,True,False,True,True,True,False
6574.T,6574,コンヴァノ,グロース（内国株式）,サービス業,-,2026-08-25,2052.0,119.0,236064710.0,2101035.0,370923000.0,True,False,True,True,True,False
4833.T,4833,Ｄｅｆ　ｃｏｎｓｕｌｔｉｎｇ,グロース（内国株式）,サービス業,-,2026-08-25,2601.0,70.0,220125325.0,3444960.0,660898000.0,True,False,True,True,True,False
6425.T,6425,ユニバーサルエンターテインメント,スタンダード（内国株式）,機械,-,2026-08-25,2601.0,730.0,199835160.0,278530.0,78840000.0,False,True,True,True,True,False
8150.T,8150,三信電気,プライム（内国株式）,卸売業,TOPIX Small 2,2026-08-25,2601.0,3090.0,199758020.0,65645.0,80958000.0,False,True,True,True,True,False
6277.T,6277,ホソカワミクロン,プライム（内国株式）,機械,TOPIX Small 1,2026-08-25,2601.0,5310.0,199361125.0,38820.0,157707000.0,False,True,True,True,True,False
6381.T,6381,アネスト岩田,プライム（内国株式）,機械,TOPIX Small 2,2026-08-25,2601.0,1961.0,199359135.0,105595.0,120013200.0,False,True,True,True,True,False
8074.T,8074,ＹＵＡＳＡ,プライム（内国株式）,卸売業,TOPIX Small 1,2026-08-25,2601.0,6130.0,199065450.0,33485.0,167962000.0,False,True,True,True,True,False
4534.T,4534,持田製薬,プライム（内国株式）,医薬品,TOPIX Small 2,2026-08-25,2601.0,3310.0,198501275.0,62165.0,172120000.0,False,True,True,True,True,False
9755.T,9755,応用地質,プライム（内国株式）,サービス業,TOPIX Small 2,2026-08-25,2601.0,2881.0,198469815.0,69925.0,198500900.0,False,True,True,True,True,False
7102.T,7102,日本車輌製造,プライム（内国株式）,輸送用機器,TOPIX Small 2,2026-08-25,2601.0,3740.0,198416150.0,56120.0,133518000.0,False,True,True,True,True,False
4493.T,4493,サイバーセキュリティクラウド,グロース（内国株式）,情報・通信業,-,2026-08-25,1568.0,1910.0,198236045.0,104730.0,169417000.0,False,True,True,True,True,False
8132.T,8132,シナネンホールディングス,プライム（内国株式）,卸売業,TOPIX Small 2,2026-08-25,2601.0,8010.0,197783950.0,25135.0,159399000.0,False,True,True,True,True,False
3479.T,3479,ＴＫＰ,グロース（内国株式）,不動産業,-,2026-08-25,2320.0,1885.0,196409405.0,103810.0,53534000.0,False,True,True,True,True,False
9536.T,9536,西部ガスホールディングス,プライム（内国株式）,電気・ガス業,TOPIX Small 2,2026-08-25,2601.0,2501.0,195297645.0,81390.0,229341700.0,False,True,True,True,True,False
2004.T,2004,昭和産業,プライム（内国株式）,食料品,TOPIX Small 2,2026-08-25,2601.0,3775.0,194840600.0,54290.0,160437500.0,False,True,True,True,True,False
6240.T,6240,ヤマシンフィルタ,プライム（内国株式）,機械,TOPIX Small 2,2026-08-25,2601.0,533.0,193951385.0,359490.0,110704100.0,False,True,True,True,True,False
5592.T,5592,くすりの窓口,グロース（内国株式）,情報・通信業,-,2026-08-25,705.0,2708.0,193309100.0,73465.0,80698400.0,False,True,True,True,True,False
7033.T,7033,マネジメントソリューションズ,プライム（内国株式）,サービス業,TOPIX Small 2,2026-08-25,1979.0,1677.0,192730790.0,124115.0,153613200.0,False,True,True,True,True,False
3817.T,3817,ＳＲＡホールディングス,プライム（内国株式）,情報・通信業,TOPIX Small 2,2026-08-25,2601.0,4835.0,192247325.0,40340.0,89931000.0,False,True,True,True,True,False
2489.T,2489,アドウェイズ,スタンダード（内国株式）,サービス業,TOPIX Small 2,2026-08-25,2601.0,394.0,191595130.0,532170.0,129271400.0,False,True,True,True,True,False
4958.T,4958,長谷川香料,プライム（内国株式）,化学,TOPIX Small 1,2026-08-25,2601.0,3355.0,191098350.0,57890.0,63409500.0,False,True,True,True,True,False
4396.T,4396,システムサポートホールディングス,プライム（内国株式）,情報・通信業,TOPIX Small 2,2026-08-25,1971.0,1368.0,190030635.0,146460.0,83037600.0,False,True,True,True,True,False
3950.T,3950,ザ・パック,プライム（内国株式）,パルプ・紙,TOPIX Small 2,2026-08-25,2601.0,1522.0,189829460.0,129465.0,148547200.0,False,True,True,True,True,False
8871.T,8871,ゴールドクレスト,スタンダード（内国株式）,不動産業,TOPIX Small 1,2026-08-25,2601.0,3345.0,189502950.0,57545.0,119082000.0,False,True,True,True,True,False
6351.T,6351,鶴見製作所,プライム（内国株式）,機械,TOPIX Small 2,2026-08-25,2601.0,2399.0,188893045.0,80150.0,94760500.0,False,True,True,True,True,False
2749.T,2749,ＪＰホールディングス,プライム（内国株式）,サービス業,TOPIX Small 1,2026-08-25,2601.0,655.0,187096020.0,292130.0,119275500.0,False,True,True,True,True,False
6455.T,6455,モリタホールディングス,プライム（内国株式）,輸送用機器,TOPIX Small 2,2026-08-25,2601.0,2487.0,186087165.0,76825.0,214628100.0,False,True,True,True,True,False
2734.T,2734,サーラコーポレーション,プライム（内国株式）,小売業,TOPIX Small 2,2026-08-25,2601.0,1226.0,186018800.0,157010.0,292523600.0,False,True,True,True,True,False
5408.T,5408,中山製鋼所,プライム（内国株式）,鉄鋼,TOPIX Small 2,2026-08-25,2601.0,635.0,186015950.0,289420.0,80772000.0,False,True,True,True,True,False
1887.T,1887,日本国土開発,プライム（内国株式）,建設業,TOPIX Small 2,2026-08-25,1823.0,551.0,185788285.0,350865.0,104910400.0,False,True,True,True,True,False
6629.T,6629,テクノホライゾン,スタンダード（内国株式）,電気機器,-,2026-08-25,2601.0,983.0,184582565.0,192275.0,135948900.0,False,True,True,True,True,False
4828.T,4828,ビジネスエンジニアリング,プライム（内国株式）,情報・通信業,TOPIX Small 2,2026-08-25,2601.0,1408.0,184533800.0,139520.0,173465600.0,False,True,True,True,True,False
2108.T,2108,日本甜菜製糖,プライム（内国株式）,食料品,TOPIX Small 2,2026-08-25,2601.0,5760.0,182713850.0,33685.0,280512000.0,False,True,True,True,True,False
350A.T,350A,デジタルグリッド,グロース（内国株式）,電気・ガス業,-,2026-08-25,328.0,794.0,182014070.0,241500.0,143317000.0,False,True,True,True,True,False
7447.T,7447,ナガイレーベン,プライム（内国株式）,卸売業,TOPIX Small 2,2026-08-25,2601.0,1793.0,181789685.0,101870.0,289210900.0,False,True,True,True,True,False
6231.T,6231,木村工機,スタンダード（内国株式）,機械,-,2026-08-25,1576.0,13240.0,181696100.0,14295.0,120484000.0,False,True,True,True,True,False
4526.T,4526,理研ビタミン,プライム（内国株式）,食料品,TOPIX Small 2,2026-08-25,2601.0,3340.0,181688250.0,56315.0,123246000.0,False,True,True,True,True,False
3333.T,3333,あさひ,プライム（内国株式）,小売業,TOPIX Small 2,2026-08-25,2601.0,1360.0,180977710.0,133690.0,93296000.0,False,True,True,True,True,False
1964.T,1964,中外炉工業,プライム（内国株式）,建設業,TOPIX Small 2,2026-08-25,2601.0,4055.0,180804000.0,45705.0,68935000.0,False,True,True,True,True,False
8105.T,8105,Ｂｉｔｃｏｉｎ　Ｊａｐａｎ,スタンダード（内国株式）,卸売業,-,2026-08-25,2601.0,92.0,180624925.0,1949125.0,291879200.0,False,False,True,True,True,False
218A.T,218A,Ｌｉｂｅｒａｗａｒｅ,グロース（内国株式）,精密機器,-,2026-08-25,506.0,1081.0,178858805.0,168935.0,323867600.0,False,True,True,True,True,False
2109.T,2109,ＤＭ三井製糖,プライム（内国株式）,食料品,TOPIX Small 1,2026-08-25,2601.0,3700.0,178429200.0,50475.0,134310000.0,False,True,True,True,True,False
5892.T,5892,ｙｕｔｏｒｉ,グロース（内国株式）,小売業,-,2026-08-25,648.0,2420.0,178401815.0,73950.0,116644000.0,False,True,True,True,True,False
1762.T,1762,高松コンストラクショングループ,プライム（内国株式）,建設業,TOPIX Small 2,2026-08-25,2601.0,3995.0,178010675.0,46145.0,143820000.0,False,True,True,True,True,False
6547.T,6547,グリーンズ,スタンダード（内国株式）,サービス業,-,2026-08-25,2323.0,2102.0,177359920.0,85355.0,94379800.0,False,True,True,True,True,False
2207.T,2207,ｍｅｉｔｏ,プライム（内国株式）,食料品,TOPIX Small 2,2026-08-25,2601.0,3445.0,177103825.0,51445.0,173972500.0,False,True,True,True,True,False
4575.T,4575,キャンバス,グロース（内国株式）,医薬品,-,2026-08-25,2601.0,787.0,176605525.0,231305.0,112147500.0,False,True,True,True,True,False
7231.T,7231,トピー工業,プライム（内国株式）,輸送用機器,TOPIX Small 2,2026-08-25,2601.0,3045.0,176532505.0,59795.0,105661500.0,False,True,True,True,True,False
3662.T,3662,エイチームホールディングス,プライム（内国株式）,情報・通信業,TOPIX Small 2,2026-08-25,2601.0,966.0,175560080.0,186930.0,64722000.0,False,True,True,True,True,False
544A.T,544A,ＧＭＳグループ,プライム（内国株式）,機械,TOPIX Small 2,2026-08-25,98.0,363.0,174727330.0,493560.0,67699500.0,False,True,False,True,True,False
3901.T,3901,マークラインズ,プライム（内国株式）,情報・通信業,TOPIX Small 2,2026-08-25,2601.0,1566.0,173852065.0,114365.0,112752000.0,False,True,True,True,True,False
8081.T,8081,カナデン,プライム（内国株式）,卸売業,TOPIX Small 2,2026-08-25,2601.0,2560.0,173796345.0,71220.0,84992000.0,False,True,True,True,True,False
3856.T,3856,Ａｂａｌａｎｃｅ,スタンダード（内国株式）,電気機器,-,2026-08-25,2601.0,399.0,173728795.0,437915.0,63281400.0,False,True,True,True,True,False
336A.T,336A,ダイナミックマッププラットフォーム,グロース（内国株式）,情報・通信業,-,2026-08-25,346.0,846.0,172937545.0,218760.0,177067800.0,False,True,True,True,True,False
4691.T,4691,ワシントンホテル,スタンダード（内国株式）,サービス業,-,2026-08-25,1672.0,2350.0,172318570.0,78510.0,296335000.0,False,True,True,True,True,False
3182.T,3182,オイシックス,プライム（内国株式）,小売業,TOPIX Small 1,2026-08-25,2601.0,1764.0,171846365.0,102105.0,129124800.0,False,True,True,True,True,False
3001.T,3001,片倉工業,スタンダード（内国株式）,繊維製品,TOPIX Small 2,2026-08-25,2601.0,2953.0,169631650.0,58690.0,48429200.0,False,True,True,True,True,False
9347.T,9347,日本管財ホールディングス,プライム（内国株式）,サービス業,TOPIX Small 2,2026-08-25,2601.0,2914.0,167944815.0,59740.0,152693600.0,False,True,True,True,True,False
8537.T,8537,大光銀行,スタンダード（内国株式）,銀行業,-,2026-08-25,2601.0,2955.0,167894285.0,59455.0,46393500.0,False,True,True,True,True,False
3179.T,3179,シュッピン,プライム（内国株式）,小売業,TOPIX Small 2,2026-08-25,2601.0,1235.0,167723395.0,130360.0,103246000.0,False,True,True,True,True,False
5210.T,5210,日本山村硝子,スタンダード（内国株式）,ガラス・土石製品,-,2026-08-25,2601.0,2962.0,167706410.0,58035.0,163206200.0,False,True,True,True,True,False
3415.T,3415,ＴＯＫＹＯ　ＢＡＳＥ,プライム（内国株式）,小売業,TOPIX Small 2,2026-08-25,2601.0,374.0,167606110.0,431880.0,82654000.0,False,True,True,True,True,False
8281.T,8281,ゼビオホールディングス,プライム（内国株式）,小売業,TOPIX Small 1,2026-08-25,2601.0,1186.0,167206125.0,143110.0,123344000.0,False,True,True,True,True,False
6333.T,6333,ＴＥＩＫＯＫＵ,プライム（内国株式）,機械,TOPIX Small 2,2026-08-25,2601.0,3375.0,166573675.0,50225.0,114750000.0,False,True,True,True,True,False
7949.T,7949,小松ウオール工業,プライム（内国株式）,その他製品,TOPIX Small 2,2026-08-25,2601.0,2823.0,166523365.0,60040.0,99934200.0,False,True,True,True,True,False
7094.T,7094,ＮｅｘＴｏｎｅ,グロース（内国株式）,サービス業,-,2026-08-25,1566.0,1739.0,166228285.0,97585.0,77211600.0,False,True,True,True,True,False
1847.T,1847,イチケン,スタンダード（内国株式）,建設業,-,2026-08-25,2601.0,3430.0,165853935.0,51625.0,72030000.0,False,True,True,True,True,False
6222.T,6222,島精機製作所,プライム（内国株式）,機械,TOPIX Small 1,2026-08-25,2601.0,976.0,164940030.0,176915.0,115558400.0,False,True,True,True,True,False
2301.T,2301,学情,プライム（内国株式）,サービス業,TOPIX Small 2,2026-08-25,2601.0,1729.0,163297910.0,98465.0,146792100.0,False,True,True,True,True,False
6378.T,6378,木村化工機,スタンダード（内国株式）,機械,TOPIX Small 2,2026-08-25,2601.0,1218.0,162691265.0,130580.0,152737200.0,False,True,True,True,True,False
2705.T,2705,大戸屋ホールディングス,スタンダード（内国株式）,小売業,-,2026-08-25,2601.0,9490.0,162424150.0,18510.0,179361000.0,False,True,True,True,True,False
2752.T,2752,フジオフードグループ本社,プライム（内国株式）,小売業,TOPIX Small 1,2026-08-25,2601.0,1145.0,162121700.0,144920.0,110607000.0,False,True,True,True,True,False
3763.T,3763,プロシップ,プライム（内国株式）,情報・通信業,TOPIX Small 2,2026-08-25,2601.0,2329.0,162036775.0,73850.0,126231800.0,False,True,True,True,True,False
5036.T,5036,日本ビジネスシステムズ,プライム（内国株式）,情報・通信業,TOPIX Small 2,2026-08-25,994.0,1582.0,161963160.0,100905.0,161047600.0,False,True,True,True,True,False
6659.T,6659,メディアリンクス,スタンダード（内国株式）,電気機器,-,2026-08-25,2601.0,49.0,161318615.0,3476955.0,155952300.0,False,False,True,True,True,False
6118.T,6118,アイダエンジニアリング,プライム（内国株式）,機械,TOPIX Small 1,2026-08-25,2601.0,1267.0,161230520.0,131175.0,121505300.0,False,True,True,True,True,False
4595.T,4595,ミズホメディー,スタンダード（内国株式）,医薬品,-,2026-08-25,2601.0,1734.0,161159470.0,95070.0,159354600.0,False,True,True,True,True,False
4743.T,4743,アイティフォー,プライム（内国株式）,情報・通信業,TOPIX Small 2,2026-08-25,2601.0,1684.0,160735270.0,94575.0,68202000.0,False,True,True,True,True,False
6648.T,6648,かわでん,スタンダード（内国株式）,電気機器,-,2026-08-25,2601.0,1746.0,160689570.0,93130.0,54649800.0,False,True,True,True,True,False
8185.T,8185,チヨダ,プライム（内国株式）,小売業,TOPIX Small 2,2026-08-25,2601.0,1072.0,160589820.0,156625.0,181596800.0,False,True,True,True,True,False
197A.T,197A,タウンズ,スタンダード（内国株式）,医薬品,-,2026-08-25,532.0,502.0,160318765.0,330985.0,68723800.0,False,True,True,True,True,False
9268.T,9268,オプティマスグループ,スタンダード（内国株式）,卸売業,-,2026-08-25,2128.0,421.0,160188035.0,377285.0,61171300.0,False,True,True,True,True,False
4434.T,4434,サーバーワークス,スタンダード（内国株式）,情報・通信業,TOPIX Small 2,2026-08-25,1816.0,2400.0,160056495.0,66935.0,73440000.0,False,True,True,True,True,False
7421.T,7421,カッパ・クリエイト,プライム（内国株式）,小売業,TOPIX Small 1,2026-08-25,2601.0,1620.0,160009050.0,100090.0,87156000.0,False,True,True,True,True,False
3837.T,3837,アドソル日進,プライム（内国株式）,情報・通信業,TOPIX Small 2,2026-08-25,2601.0,1461.0,159190285.0,108140.0,156911400.0,False,True,True,True,True,False
6255.T,6255,エヌ・ピー・シー,グロース（内国株式）,機械,-,2026-08-25,2601.0,691.0,159187815.0,236290.0,80086900.0,False,True,True,True,True,False
6809.T,6809,ＴＯＡ,プライム（内国株式）,電気機器,TOPIX Small 2,2026-08-25,2601.0,1690.0,158987915.0,94920.0,78923000.0,False,True,True,True,True,False
3558.T,3558,ジェイドグループ,グロース（内国株式）,小売業,-,2026-08-25,2334.0,1815.0,158549150.0,91710.0,192753000.0,False,True,True,True,True,False
2594.T,2594,キーコーヒー,プライム（内国株式）,食料品,TOPIX Small 2,2026-08-25,2601.0,2037.0,158287095.0,78955.0,122831100.0,False,True,True,True,True,False
7059.T,7059,コプロ・ホールディングス,プライム（内国株式）,サービス業,-,2026-08-25,1813.0,919.0,157774880.0,178220.0,148878000.0,False,True,True,True,True,False
8079.T,8079,正栄食品工業,プライム（内国株式）,卸売業,TOPIX Small 1,2026-08-25,2601.0,4540.0,157483500.0,35440.0,106236000.0,False,True,True,True,True,False
2325.T,2325,ＮＪＳ,プライム（内国株式）,サービス業,TOPIX Small 2,2026-08-25,2601.0,4830.0,157345450.0,34165.0,88389000.0,False,True,True,True,True,False
4956.T,4956,コニシ,プライム（内国株式）,化学,TOPIX Small 2,2026-08-25,2601.0,1446.0,157205400.0,109260.0,85747800.0,False,True,True,True,True,False
5195.T,5195,バンドー化学,プライム（内国株式）,ゴム製品,TOPIX Small 2,2026-08-25,2601.0,2457.0,157128970.0,64385.0,76904100.0,False,True,True,True,True,False
3300.T,3300,アンビション　ＤＸ　ホールディングス,グロース（内国株式）,不動産業,-,2026-08-25,2601.0,1955.0,157031625.0,77765.0,90516500.0,False,True,True,True,True,False
5988.T,5988,パイオラックス,プライム（内国株式）,金属製品,TOPIX Small 1,2026-08-25,2601.0,1718.0,156696410.0,90825.0,95692600.0,False,True,True,True,True,False
367A.T,367A,プリモグローバルホールディングス,スタンダード（内国株式）,小売業,-,2026-08-25,286.0,2791.0,156111260.0,56620.0,85962800.0,False,True,True,True,True,False
9305.T,9305,ヤマタネ,プライム（内国株式）,卸売業,TOPIX Small 2,2026-08-25,2601.0,2099.0,155969590.0,74770.0,88577800.0,False,True,True,True,True,False
2613.T,2613,Ｊ－オイルミルズ,プライム（内国株式）,食料品,TOPIX Small 2,2026-08-25,2601.0,2230.0,155217295.0,72855.0,124211000.0,False,True,True,True,True,False
8877.T,8877,エスリード,プライム（内国株式）,不動産業,TOPIX Small 2,2026-08-25,2601.0,5390.0,154509000.0,29510.0,180565000.0,False,True,True,True,True,False
6062.T,6062,チャーム・ケア・コーポレーション,プライム（内国株式）,サービス業,TOPIX Small 2,2026-08-25,2601.0,1395.0,154409115.0,109815.0,71842500.0,False,True,True,True,True,False
4027.T,4027,テイカ,プライム（内国株式）,化学,TOPIX Small 2,2026-08-25,2601.0,2360.0,154014035.0,66505.0,49796000.0,False,True,True,True,True,False
2429.T,2429,ワールドホールディングス,プライム（内国株式）,サービス業,TOPIX Small 2,2026-08-25,2601.0,2813.0,153930915.0,56530.0,62729900.0,False,True,True,True,True,False
6245.T,6245,ヒラノテクシード,スタンダード（内国株式）,機械,-,2026-08-25,2601.0,1812.0,153738330.0,90950.0,71574000.0,False,True,True,True,True,False
3371.T,3371,ソフトクリエイトホールディングス,プライム（内国株式）,情報・通信業,TOPIX Small 2,2026-08-25,2601.0,2123.0,152506620.0,76780.0,74729600.0,False,True,True,True,True,False
8139.T,8139,ナガホリ,スタンダード（内国株式）,卸売業,-,2026-08-25,2601.0,2288.0,152091055.0,68355.0,84884800.0,False,True,True,True,True,False
6238.T,6238,フリュー,プライム（内国株式）,機械,TOPIX Small 2,2026-08-25,2601.0,1415.0,151915240.0,109375.0,115888500.0,False,True,True,True,True,False
4658.T,4658,日本空調サービス,プライム（内国株式）,サービス業,TOPIX Small 2,2026-08-25,2601.0,1546.0,151713775.0,98785.0,101417600.0,False,True,True,True,True,False
6656.T,6656,インスペック,スタンダード（内国株式）,電気機器,-,2026-08-25,2601.0,821.0,151091635.0,169790.0,30705400.0,False,True,True,True,True,False
8364.T,8364,清水銀行,プライム（内国株式）,銀行業,TOPIX Small 2,2026-08-25,2601.0,3045.0,150987375.0,52820.0,147378000.0,False,True,True,True,True,False
5218.T,5218,オハラ,スタンダード（内国株式）,ガラス・土石製品,TOPIX Small 2,2026-08-25,2601.0,1580.0,150459530.0,97720.0,65412000.0,False,True,True,True,True,False
5013.T,5013,ユシロ,スタンダード（内国株式）,石油・石炭製品,TOPIX Small 2,2026-08-25,2601.0,2938.0,149655520.0,50570.0,486532800.0,False,True,True,True,True,False
9708.T,9708,帝国ホテル,スタンダード（内国株式）,サービス業,-,2026-08-25,2601.0,996.0,149450265.0,150460.0,100894800.0,False,True,True,True,True,False
5185.T,5185,フコク,プライム（内国株式）,ゴム製品,TOPIX Small 2,2026-08-25,2601.0,2054.0,148511750.0,74500.0,74971000.0,False,True,True,True,True,False
3168.T,3168,ＭＥＲＦ,スタンダード（内国株式）,卸売業,-,2026-08-25,2601.0,1446.0,147219840.0,101410.0,86326200.0,False,True,True,True,True,False
4462.T,4462,石原ケミカル,プライム（内国株式）,化学,TOPIX Small 2,2026-08-25,2601.0,2970.0,146230060.0,48455.0,75735000.0,False,True,True,True,True,False
2060.T,2060,フィード・ワン,プライム（内国株式）,食料品,TOPIX Small 2,2026-08-25,2601.0,1404.0,145729575.0,107470.0,176202000.0,False,True,True,True,True,False
8914.T,8914,エリアリンク,スタンダード（内国株式）,不動産業,-,2026-08-25,2601.0,965.0,145547305.0,152860.0,91771500.0,False,True,True,True,True,False
5976.T,5976,高周波熱錬,プライム（内国株式）,金属製品,TOPIX Small 2,2026-08-25,2601.0,1542.0,145149185.0,99080.0,139551000.0,False,True,True,True,True,False
7512.T,7512,イオン北海道,スタンダード（内国株式）,小売業,TOPIX Small 1,2026-08-25,2601.0,863.0,145148340.0,171895.0,110636600.0,False,True,True,True,True,False
4251.T,4251,恵和,プライム（内国株式）,化学,TOPIX Small 2,2026-08-25,1665.0,1184.0,145012120.0,119455.0,103008000.0,False,True,True,True,True,False
2742.T,2742,ハローズ,プライム（内国株式）,小売業,TOPIX Small 2,2026-08-25,2601.0,4020.0,143766900.0,37065.0,181704000.0,False,True,True,True,True,False
5011.T,5011,ニチレキグループ,プライム（内国株式）,石油・石炭製品,TOPIX Small 2,2026-08-25,2601.0,2324.0,143592665.0,62465.0,293056400.0,False,True,True,True,True,False
6356.T,6356,日本ギア工業,スタンダード（内国株式）,機械,-,2026-08-25,2601.0,1328.0,143005980.0,108710.0,54979200.0,False,True,True,True,True,False
7727.T,7727,オーバル,スタンダード（内国株式）,精密機器,-,2026-08-25,2601.0,846.0,141584320.0,173015.0,143397000.0,False,True,True,True,True,False
9425.T,9425,ＲｅＹｕｕ　Ｊａｐａｎ,スタンダード（内国株式）,情報・通信業,-,2026-08-25,2601.0,216.0,141386270.0,638760.0,64648800.0,False,True,True,True,True,False
3708.T,3708,特種東海製紙,プライム（内国株式）,パルプ・紙,TOPIX Small 2,2026-08-25,2601.0,2161.0,141209015.0,66940.0,58995300.0,False,True,True,True,True,False
4611.T,4611,大日本塗料,プライム（内国株式）,化学,TOPIX Small 2,2026-08-25,2601.0,1557.0,140904610.0,96020.0,216890100.0,False,True,True,True,True,False
7914.T,7914,共同印刷,プライム（内国株式）,その他製品,TOPIX Small 2,2026-08-25,2601.0,1759.0,140126305.0,82670.0,144413900.0,False,True,True,True,True,False
4826.T,4826,ＣＩＪ,プライム（内国株式）,情報・通信業,TOPIX Small 2,2026-08-25,2601.0,537.0,140057815.0,266815.0,120932400.0,False,True,True,True,True,False
9790.T,9790,福井コンピュータホールディングス,プライム（内国株式）,情報・通信業,TOPIX Small 2,2026-08-25,2601.0,3105.0,139667040.0,44830.0,83835000.0,False,True,True,True,True,False
6194.T,6194,アトラエ,プライム（内国株式）,サービス業,TOPIX Small 2,2026-08-25,2512.0,891.0,139542025.0,157840.0,147906000.0,False,True,True,True,True,False
6217.T,6217,津田駒工業,スタンダード（内国株式）,機械,-,2026-08-25,2601.0,858.0,138904945.0,169580.0,152724000.0,False,True,True,True,True,False
472A.T,472A,ミラティブ,グロース（内国株式）,情報・通信業,-,2026-08-25,166.0,576.0,138435875.0,252760.0,109555200.0,False,True,False,True,True,False
9369.T,9369,キユーソー流通システム,スタンダード（内国株式）,倉庫・運輸関連業,TOPIX Small 2,2026-08-25,2601.0,3170.0,137993505.0,46230.0,127434000.0,False,True,True,True,True,False
7921.T,7921,ＴＡＫＡＲＡ　＆　ＣＯＭＰＡＮＹ,プライム（内国株式）,その他製品,TOPIX Small 2,2026-08-25,2601.0,4360.0,137825550.0,32210.0,112924000.0,False,True,True,True,True,False
9270.T,9270,バリュエンスホールディングス,グロース（内国株式）,卸売業,-,2026-08-25,2066.0,2088.0,137480120.0,69230.0,160567200.0,False,True,True,True,True,False
3151.T,3151,バイタルケーエスケー・ホールディングス,プライム（内国株式）,卸売業,TOPIX Small 2,2026-08-25,2601.0,1671.0,137448030.0,84175.0,138358800.0,False,True,True,True,True,False
6564.T,6564,ミダックホールディングス,プライム（内国株式）,サービス業,TOPIX Small 2,2026-08-25,2125.0,2050.0,136689495.0,63310.0,62115000.0,False,True,True,True,True,False
7888.T,7888,三光合成,プライム（内国株式）,化学,TOPIX Small 2,2026-08-25,2601.0,903.0,136344790.0,145980.0,63571200.0,False,True,True,True,True,False
5010.T,5010,日本精蝋,スタンダード（内国株式）,石油・石炭製品,-,2026-08-25,2601.0,300.0,136144045.0,435825.0,48420000.0,False,True,True,True,True,False
3431.T,3431,宮地エンジニアリンググループ,プライム（内国株式）,金属製品,TOPIX Small 1,2026-08-25,2601.0,1642.0,136037285.0,84985.0,88175400.0,False,True,True,True,True,False
6306.T,6306,日工,プライム（内国株式）,機械,TOPIX Small 2,2026-08-25,2601.0,1033.0,135904665.0,135900.0,117762000.0,False,True,True,True,True,False
3139.T,3139,ラクト・ジャパン,プライム（内国株式）,卸売業,TOPIX Small 2,2026-08-25,2601.0,3425.0,135787700.0,40490.0,140082500.0,False,True,True,True,True,False
8935.T,8935,ＦＪネクストホールディングス,プライム（内国株式）,不動産業,TOPIX Small 2,2026-08-25,2601.0,1989.0,135456450.0,69165.0,107604900.0,False,True,True,True,True,False
3232.T,3232,三重交通グループホールディングス,プライム（内国株式）,不動産業,TOPIX Small 2,2026-08-25,2601.0,596.0,135047480.0,239970.0,385552400.0,False,True,True,True,True,False
2471.T,2471,エスプール,プライム（内国株式）,サービス業,TOPIX Small 2,2026-08-25,2601.0,294.0,134979545.0,475715.0,47069400.0,False,True,True,True,True,False
4620.T,4620,藤倉化成,スタンダード（内国株式）,化学,TOPIX Small 2,2026-08-25,2601.0,957.0,134315185.0,147825.0,109767900.0,False,True,True,True,True,False
3903.T,3903,ｇｕｍｉ,プライム（内国株式）,情報・通信業,TOPIX Small 2,2026-08-25,2601.0,281.0,134312845.0,511810.0,146148100.0,False,True,True,True,True,False
4375.T,4375,セーフィー,グロース（内国株式）,情報・通信業,-,2026-08-25,1200.0,680.0,133923840.0,206145.0,191488000.0,False,True,True,True,True,False
5946.T,5946,長府製作所,プライム（内国株式）,金属製品,TOPIX Small 2,2026-08-25,2601.0,2059.0,133876695.0,64785.0,69388300.0,False,True,True,True,True,False
6339.T,6339,新東工業,プライム（内国株式）,機械,TOPIX Small 2,2026-08-25,2601.0,1208.0,133859355.0,111090.0,106183200.0,False,True,True,True,True,False
3798.T,3798,ＵＬＳグループ,スタンダード（内国株式）,情報・通信業,-,2026-08-25,2601.0,536.0,133783045.0,248255.0,64856000.0,False,True,True,True,True,False
3733.T,3733,ソフトウェア・サービス,スタンダード（内国株式）,情報・通信業,-,2026-08-25,2601.0,12410.0,133627600.0,11610.0,47158000.0,False,True,True,True,True,False
6433.T,6433,ヒーハイスト,スタンダード（内国株式）,機械,-,2026-08-25,2601.0,1058.0,133613735.0,135340.0,84534200.0,False,True,True,True,True,False
2982.T,2982,ＡＤワークスグループ,プライム（内国株式）,不動産業,-,2026-08-25,1564.0,423.0,133390130.0,322800.0,70260300.0,False,True,True,True,True,False
2053.T,2053,中部飼料,プライム（内国株式）,食料品,TOPIX Small 2,2026-08-25,2601.0,2032.0,132553975.0,67745.0,86766400.0,False,True,True,True,True,False
4628.T,4628,エスケー化研,スタンダード（内国株式）,化学,-,2026-08-25,2601.0,9100.0,132364500.0,14760.0,142870000.0,False,True,True,True,True,False
5285.T,5285,ヤマックス,スタンダード（内国株式）,ガラス・土石製品,-,2026-08-25,2601.0,1420.0,132061895.0,90920.0,27264000.0,False,True,True,True,True,False
4725.T,4725,ＣＡＣ　Ｈｏｌｄｉｎｇｓ,プライム（内国株式）,情報・通信業,TOPIX Small 2,2026-08-25,2601.0,1931.0,131885000.0,69615.0,53874900.0,False,True,True,True,True,False
8141.T,8141,新光商事,プライム（内国株式）,卸売業,TOPIX Small 2,2026-08-25,2601.0,1566.0,131135665.0,83755.0,79396200.0,False,True,True,True,True,False
9888.T,9888,ＵＥＸ,スタンダード（内国株式）,卸売業,-,2026-08-25,2601.0,1200.0,130776500.0,111610.0,44520000.0,False,True,True,True,True,False
3836.T,3836,アバントグループ,プライム（内国株式）,情報・通信業,TOPIX Small 2,2026-08-25,2601.0,1187.0,130674565.0,108385.0,105643000.0,False,True,True,True,True,False
558A.T,558A,ＳＱＵＥＥＺＥ,グロース（内国株式）,サービス業,-,2026-08-25,84.0,5680.0,130002825.0,25335.0,49416000.0,False,True,False,True,True,False
7071.T,7071,アンビスホールディングス,プライム（内国株式）,サービス業,TOPIX Small 2,2026-08-25,1678.0,426.0,129827250.0,323815.0,93677400.0,False,True,True,True,True,False
3679.T,3679,じげん,プライム（内国株式）,情報・通信業,TOPIX Small 2,2026-08-25,2601.0,454.0,129433775.0,295015.0,83172800.0,False,True,True,True,True,False
3441.T,3441,山王,スタンダード（内国株式）,金属製品,-,2026-08-25,2601.0,2758.0,127588665.0,48635.0,80533600.0,False,True,True,True,True,False
3936.T,3936,グローバルウェイ,グロース（内国株式）,情報・通信業,-,2026-08-25,2548.0,157.0,126939540.0,747890.0,51401800.0,False,False,True,True,True,False
5273.T,5273,三谷セキサン,スタンダード（内国株式）,ガラス・土石製品,TOPIX Small 2,2026-08-25,2601.0,2047.0,126860030.0,66370.0,95185500.0,False,True,True,True,True,False
6505.T,6505,東洋電機製造,スタンダード（内国株式）,電気機器,-,2026-08-25,2601.0,2444.0,126744705.0,53190.0,55967600.0,False,True,True,True,True,False
6289.T,6289,技研製作所,プライム（内国株式）,機械,TOPIX Small 2,2026-08-25,2601.0,1975.0,126688955.0,65740.0,122055000.0,False,True,True,True,True,False
3895.T,3895,ハビックス,スタンダード（内国株式）,パルプ・紙,-,2026-08-25,2601.0,497.0,126570715.0,250675.0,32354700.0,False,True,True,True,True,False
4058.T,4058,トヨクモ,グロース（内国株式）,情報・通信業,-,2026-08-25,1446.0,2397.0,126515085.0,53265.0,100674000.0,False,True,True,True,True,False
4635.T,4635,東京インキ,スタンダード（内国株式）,化学,-,2026-08-25,2601.0,2070.0,126179525.0,65080.0,31464000.0,False,True,True,True,True,False
5885.T,5885,ジーデップ・アドバンス,スタンダード（内国株式）,卸売業,-,2026-08-25,770.0,3180.0,126081585.0,42300.0,88086000.0,False,True,True,True,True,False
9534.T,9534,北海道瓦斯,プライム（内国株式）,電気・ガス業,TOPIX Small 2,2026-08-25,2601.0,819.0,125374000.0,159445.0,105814800.0,False,True,True,True,True,False
6176.T,6176,ブランジスタ,スタンダード（内国株式）,サービス業,-,2026-08-25,2601.0,1005.0,124893585.0,129680.0,111153000.0,False,True,True,True,True,False
3771.T,3771,システムリサーチ,プライム（内国株式）,情報・通信業,TOPIX Small 2,2026-08-25,2601.0,1945.0,124740920.0,66485.0,120979000.0,False,True,True,True,True,False
4570.T,4570,免疫生物研究所,グロース（内国株式）,医薬品,-,2026-08-25,2601.0,1064.0,124736825.0,122395.0,111720000.0,False,True,True,True,True,False
4323.T,4323,日本システム技術,プライム（内国株式）,情報・通信業,TOPIX Small 2,2026-08-25,2601.0,1915.0,124694990.0,65355.0,130794500.0,False,True,True,True,True,False
7354.T,7354,ダイレクトマーケティングミックス,スタンダード（内国株式）,サービス業,TOPIX Small 2,2026-08-25,1441.0,362.0,124637770.0,349290.0,83115200.0,False,True,True,True,True,False
4344.T,4344,ソースネクスト,プライム（内国株式）,情報・通信業,TOPIX Small 2,2026-08-25,2601.0,118.0,124227975.0,1096330.0,165152800.0,False,False,True,True,True,False
4687.T,4687,ＴＤＣソフト,プライム（内国株式）,情報・通信業,TOPIX Small 2,2026-08-25,2601.0,1027.0,124175980.0,121880.0,109683600.0,False,True,True,True,True,False
1888.T,1888,若築建設,プライム（内国株式）,建設業,TOPIX Small 2,2026-08-25,2601.0,3860.0,123917700.0,33130.0,62918000.0,False,True,True,True,True,False
6676.T,6676,ＢＵＦＦＡＬＯ,スタンダード（内国株式）,電気機器,TOPIX Small 2,2026-08-25,2601.0,2952.0,123814320.0,43985.0,126640800.0,False,True,True,True,True,False
3150.T,3150,グリムス,プライム（内国株式）,電気・ガス業,TOPIX Small 2,2026-08-25,2601.0,2520.0,123755315.0,49090.0,75096000.0,False,True,True,True,True,False
4072.T,4072,電算システムホールディングス,プライム（内国株式）,情報・通信業,TOPIX Small 2,2026-08-25,1259.0,3035.0,123728820.0,40865.0,38848000.0,False,True,True,True,True,False
7198.T,7198,ＳＢＩアルヒ,プライム（内国株式）,その他金融業,TOPIX Small 2,2026-08-25,2136.0,838.0,123291355.0,149155.0,100057200.0,False,True,True,True,True,False
4229.T,4229,群栄化学工業,プライム（内国株式）,化学,TOPIX Small 2,2026-08-25,2601.0,4365.0,123100175.0,28275.0,88173000.0,False,True,True,True,True,False
3475.T,3475,グッドコムアセット,プライム（内国株式）,不動産業,TOPIX Small 2,2026-08-25,2393.0,1586.0,122744500.0,79035.0,96587400.0,False,True,True,True,True,False
1822.T,1822,大豊建設,スタンダード（内国株式）,建設業,TOPIX Small 2,2026-08-25,2601.0,812.0,122544280.0,154675.0,104585600.0,False,True,True,True,True,False
438A.T,438A,インフキュリオン,グロース（内国株式）,情報・通信業,-,2026-08-25,203.0,968.0,122344595.0,131675.0,60887200.0,False,True,False,True,True,False
7510.T,7510,たけびし,プライム（内国株式）,卸売業,TOPIX Small 2,2026-08-25,2601.0,2760.0,121907565.0,43925.0,97980000.0,False,True,True,True,True,False
3850.T,3850,エヌ・ティ・ティ・データ・イントラマート,スタンダード（内国株式）,情報・通信業,-,2026-08-25,2601.0,3355.0,121692190.0,37360.0,137890500.0,False,True,True,True,True,False
2158.T,2158,ＦＲＯＮＴＥＯ,グロース（内国株式）,サービス業,-,2026-08-25,2601.0,642.0,121637175.0,190665.0,144835200.0,False,True,True,True,True,False
6191.T,6191,エアトリ,プライム（内国株式）,サービス業,TOPIX Small 2,2026-08-25,2562.0,845.0,121562620.0,139360.0,61938500.0,False,True,True,True,True,False
7774.T,7774,ジャパン・ティッシュエンジニアリング,グロース（内国株式）,精密機器,-,2026-08-25,2601.0,881.0,121282620.0,153920.0,86426100.0,False,True,True,True,True,False
3922.T,3922,ＰＲ　ＴＩＭＥＳ,プライム（内国株式）,情報・通信業,TOPIX Small 2,2026-08-25,2562.0,2176.0,121006760.0,57615.0,78771200.0,False,True,True,True,True,False
479A.T,479A,ＰＲＯＮＩ,グロース（内国株式）,情報・通信業,-,2026-08-25,162.0,1942.0,120744660.0,70880.0,131085000.0,False,True,False,True,True,False
9619.T,9619,イチネンホールディングス,プライム（内国株式）,サービス業,TOPIX Small 2,2026-08-25,2601.0,2719.0,120621170.0,47315.0,114741800.0,False,True,True,True,True,False
7971.T,7971,東リ,スタンダード（内国株式）,化学,-,2026-08-25,2601.0,705.0,120263130.0,176095.0,63732000.0,False,True,True,True,True,False
8070.T,8070,東京産業,プライム（内国株式）,卸売業,TOPIX Small 2,2026-08-25,2601.0,946.0,120086725.0,132295.0,172928800.0,False,True,True,True,True,False
6167.T,6167,冨士ダイス,プライム（内国株式）,機械,TOPIX Small 2,2026-08-25,2601.0,1028.0,120058980.0,114625.0,50063600.0,False,True,True,True,True,False
9782.T,9782,ディーエムエス,スタンダード（内国株式）,サービス業,-,2026-08-25,2601.0,3480.0,120037800.0,34755.0,104400000.0,False,True,True,True,True,False
9470.T,9470,学研ホールディングス,プライム（内国株式）,情報・通信業,TOPIX Small 2,2026-08-25,2601.0,1052.0,119801135.0,116855.0,83002800.0,False,True,True,True,True,False
9130.T,9130,共栄タンカー,スタンダード（内国株式）,海運業,-,2026-08-25,2601.0,1658.0,119646610.0,77965.0,259477000.0,False,True,True,True,True,False
2820.T,2820,やまみ,スタンダード（内国株式）,食料品,-,2026-08-25,2510.0,6280.0,118912725.0,21135.0,98596000.0,False,True,True,True,True,False
8052.T,8052,椿本興業,プライム（内国株式）,卸売業,TOPIX Small 2,2026-08-25,2601.0,2838.0,118502560.0,42965.0,109263000.0,False,True,True,True,True,False
7063.T,7063,Ｂｉｒｄｍａｎ,グロース（内国株式）,サービス業,-,2026-08-25,1805.0,88.0,118207695.0,1165885.0,52659200.0,False,False,True,True,True,False
6969.T,6969,松尾電機,スタンダード（内国株式）,電気機器,-,2026-08-25,2601.0,998.0,117812740.0,111525.0,29640600.0,False,True,True,True,True,False
5532.T,5532,リアルゲイト,グロース（内国株式）,不動産業,-,2026-08-25,776.0,3355.0,117724375.0,34595.0,45963500.0,False,True,True,True,True,False
4406.T,4406,新日本理化,スタンダード（内国株式）,化学,-,2026-08-25,2601.0,251.0,117261845.0,478690.0,66816200.0,False,True,True,True,True,False
6706.T,6706,電気興業,プライム（内国株式）,電気機器,TOPIX Small 2,2026-08-25,2601.0,3325.0,117230705.0,36270.0,59850000.0,False,True,True,True,True,False
8562.T,8562,福島銀行,スタンダード（内国株式）,銀行業,-,2026-08-25,2601.0,365.0,116956625.0,328095.0,88950500.0,False,True,True,True,True,False
3851.T,3851,日本一ソフトウェア,スタンダード（内国株式）,情報・通信業,-,2026-08-25,2601.0,1266.0,116908780.0,108350.0,53425200.0,False,True,True,True,True,False
2216.T,2216,カンロ,スタンダード（内国株式）,食料品,-,2026-08-25,2601.0,1097.0,116839935.0,105690.0,81397400.0,False,True,True,True,True,False
2586.T,2586,フルッタフルッタ,グロース（内国株式）,食料品,-,2026-08-25,2601.0,78.0,116640570.0,1330310.0,61846200.0,False,False,True,True,True,False
6932.T,6932,遠藤照明,スタンダード（内国株式）,電気機器,-,2026-08-25,2601.0,2556.0,116418110.0,44110.0,49075200.0,False,True,True,True,True,False
7931.T,7931,未来工業,プライム（内国株式）,化学,TOPIX Small 2,2026-08-25,1873.0,3670.0,116337025.0,32670.0,98356000.0,False,True,True,True,True,False
8704.T,8704,トレイダーズホールディングス,スタンダード（内国株式）,証券、商品先物取引業,-,2026-08-25,2601.0,1373.0,116317615.0,88950.0,74965800.0,False,True,True,True,True,False
9991.T,9991,ジェコス,プライム（内国株式）,卸売業,TOPIX Small 2,2026-08-25,2601.0,1773.0,116294900.0,66990.0,54431100.0,False,True,True,True,True,False
7244.T,7244,市光工業,プライム（内国株式）,電気機器,TOPIX Small 2,2026-08-25,2601.0,570.0,116033390.0,206050.0,60135000.0,False,True,True,True,True,False
7989.T,7989,立川ブラインド工業,プライム（内国株式）,金属製品,TOPIX Small 2,2026-08-25,2601.0,2700.0,115785780.0,43765.0,129600000.0,False,True,True,True,True,False
2533.T,2533,オエノンホールディングス,プライム（内国株式）,食料品,TOPIX Small 2,2026-08-25,2601.0,477.0,115132815.0,242565.0,75986100.0,False,True,True,True,True,False
5449.T,5449,大阪製鐵,スタンダード（内国株式）,鉄鋼,TOPIX Small 2,2026-08-25,2601.0,2655.0,114844875.0,43300.0,40090500.0,False,True,True,True,True,False
3221.T,3221,ヨシックスホールディングス,プライム（内国株式）,小売業,TOPIX Small 2,2026-08-25,2601.0,3365.0,114076075.0,35100.0,58551000.0,False,True,True,True,True,False
7932.T,7932,ニッピ,スタンダード（内国株式）,その他製品,-,2026-08-25,2601.0,11880.0,114033900.0,9825.0,61776000.0,False,True,True,True,True,False
2652.T,2652,まんだらけ,スタンダード（内国株式）,小売業,-,2026-08-25,2601.0,444.0,113995945.0,258215.0,60384000.0,False,True,True,True,True,False
3788.T,3788,ＧＭＯグローバルサイン・ホールディングス,プライム（内国株式）,情報・通信業,TOPIX Small 2,2026-08-25,2601.0,2098.0,113728180.0,51205.0,46575600.0,False,True,True,True,True,False
3054.T,3054,ハイパー,スタンダード（内国株式）,卸売業,-,2026-08-25,2601.0,358.0,113047715.0,373785.0,20012200.0,False,True,True,True,True,False
2130.T,2130,メンバーズ,プライム（内国株式）,サービス業,TOPIX Small 2,2026-08-25,2547.0,945.0,112478350.0,122360.0,51408000.0,False,True,True,True,True,False
5644.T,5644,メタルアート,スタンダード（内国株式）,鉄鋼,-,2026-08-25,2601.0,7390.0,111965450.0,15430.0,25865000.0,False,True,True,True,True,False
4933.T,4933,Ｉ－ｎｅ,プライム（内国株式）,化学,TOPIX Small 2,2026-08-25,1446.0,1477.0,111543250.0,81920.0,92903300.0,False,True,True,True,True,False
7373.T,7373,アイドマ・ホールディングス,グロース（内国株式）,サービス業,-,2026-08-25,1265.0,966.0,111267715.0,117105.0,87326400.0,False,True,True,True,True,False
6430.T,6430,ダイコク電機,プライム（内国株式）,機械,TOPIX Small 2,2026-08-25,2601.0,2502.0,111116610.0,45450.0,134857800.0,False,True,True,True,True,False
3457.T,3457,Ａｎｄ　Ｄｏホールディングス,プライム（内国株式）,不動産業,TOPIX Small 2,2026-08-25,2601.0,928.0,111044395.0,119680.0,67836800.0,False,True,True,True,True,False
5137.T,5137,スマートドライブ,グロース（内国株式）,情報・通信業,-,2026-08-25,903.0,285.0,110991330.0,421825.0,125628000.0,False,True,True,True,True,False
9946.T,9946,ミニストップ,プライム（内国株式）,小売業,TOPIX Small 2,2026-08-25,2601.0,1873.0,110279045.0,59695.0,143097200.0,False,True,True,True,True,False
6272.T,6272,レオン自動機,プライム（内国株式）,機械,TOPIX Small 2,2026-08-25,2601.0,1555.0,109172680.0,71790.0,89879000.0,False,True,True,True,True,False
3486.T,3486,グローバル・リンク・マネジメント,プライム（内国株式）,不動産業,-,2026-08-25,2137.0,1972.0,108869410.0,56240.0,69808800.0,False,True,True,True,True,False
4112.T,4112,保土谷化学工業,プライム（内国株式）,化学,TOPIX Small 2,2026-08-25,2601.0,2232.0,108664755.0,50040.0,57139200.0,False,True,True,True,True,False
3983.T,3983,オロ,プライム（内国株式）,情報・通信業,TOPIX Small 2,2026-08-25,2322.0,2116.0,108621785.0,49460.0,80831200.0,False,True,True,True,True,False
4685.T,4685,菱友システムズ,スタンダード（内国株式）,情報・通信業,-,2026-08-25,2601.0,2703.0,108601655.0,40800.0,34868700.0,False,True,True,True,True,False
4718.T,4718,早稲田アカデミー,プライム（内国株式）,サービス業,TOPIX Small 2,2026-08-25,2601.0,2513.0,108446715.0,44885.0,69107500.0,False,True,True,True,True,False
3791.T,3791,ＩＧポート,スタンダード（内国株式）,情報・通信業,-,2026-08-25,2601.0,1117.0,108371215.0,99805.0,65791300.0,False,True,True,True,True,False
4599.T,4599,ステムリム,グロース（内国株式）,医薬品,-,2026-08-25,1718.0,353.0,108344540.0,322105.0,115748700.0,False,True,True,True,True,False
8158.T,8158,ソーダニッカ,プライム（内国株式）,卸売業,TOPIX Small 2,2026-08-25,2601.0,1310.0,108173310.0,85010.0,65631000.0,False,True,True,True,True,False
6336.T,6336,石井表記,スタンダード（内国株式）,機械,-,2026-08-25,2601.0,1696.0,107758165.0,67555.0,43756800.0,False,True,True,True,True,False
3916.T,3916,デジタル・インフォメーション・テクノロジー,プライム（内国株式）,情報・通信業,TOPIX Small 2,2026-08-25,2601.0,961.0,107278755.0,112145.0,59389800.0,False,True,True,True,True,False
6357.T,6357,三精テクノロジーズ,スタンダード（内国株式）,機械,-,2026-08-25,2601.0,2625.0,107231635.0,42895.0,120750000.0,False,True,True,True,True,False
4641.T,4641,アルプス技研,プライム（内国株式）,サービス業,TOPIX Small 2,2026-08-25,2601.0,864.0,107119400.0,129120.0,96163200.0,False,True,True,True,True,False
2908.T,2908,フジッコ,プライム（内国株式）,食料品,TOPIX Small 2,2026-08-25,2601.0,1630.0,106891470.0,67380.0,118175000.0,False,True,True,True,True,False
7856.T,7856,萩原工業,プライム（内国株式）,その他製品,TOPIX Small 2,2026-08-25,2601.0,1892.0,106758985.0,58055.0,99708400.0,False,True,True,True,True,False
4548.T,4548,生化学工業,プライム（内国株式）,医薬品,TOPIX Small 2,2026-08-25,2601.0,713.0,106116345.0,148315.0,50836900.0,False,True,True,True,True,False
3776.T,3776,ブロードバンドタワー,スタンダード（内国株式）,情報・通信業,-,2026-08-25,2601.0,254.0,105920830.0,441210.0,55194200.0,False,True,True,True,True,False
7508.T,7508,Ｇ‐７ホールディングス,プライム（内国株式）,小売業,TOPIX Small 2,2026-08-25,2601.0,1452.0,105506680.0,73920.0,47916000.0,False,True,True,True,True,False
6832.T,6832,アオイ電子,スタンダード（内国株式）,電気機器,-,2026-08-25,2601.0,2269.0,105429350.0,46390.0,66254800.0,False,True,True,True,True,False
6223.T,6223,西部技研,スタンダード（内国株式）,機械,-,2026-08-25,706.0,1961.0,104998225.0,53035.0,114718500.0,False,True,True,True,True,False
8131.T,8131,ミツウロコグループホールディングス,スタンダード（内国株式）,卸売業,TOPIX Small 2,2026-08-25,2601.0,2224.0,104973970.0,49605.0,90072000.0,False,True,True,True,True,False
3452.T,3452,ビーロット,スタンダード（内国株式）,不動産業,-,2026-08-25,2601.0,1480.0,104946860.0,70505.0,38924000.0,False,True,True,True,True,False
8844.T,8844,コスモスイニシア,スタンダード（内国株式）,不動産業,-,2026-08-25,2601.0,1287.0,104886120.0,82760.0,29086200.0,False,True,True,True,True,False
5659.T,5659,日本精線,プライム（内国株式）,鉄鋼,TOPIX Small 2,2026-08-25,2601.0,1417.0,104089615.0,76510.0,52854100.0,False,True,True,True,True,False
8101.T,8101,ＧＳＩクレオス,プライム（内国株式）,卸売業,TOPIX Small 2,2026-08-25,2601.0,2715.0,103766840.0,38475.0,92310000.0,False,True,True,True,True,False
4596.T,4596,窪田製薬ホールディングス,グロース（内国株式）,医薬品,-,2026-08-25,2395.0,65.0,103618840.0,1626885.0,68445000.0,False,False,True,True,True,False
4714.T,4714,リソー教育グループ,プライム（内国株式）,サービス業,TOPIX Small 2,2026-08-25,2601.0,208.0,103023815.0,505330.0,55515200.0,False,True,True,True,True,False
9663.T,9663,ナガワ,プライム（内国株式）,サービス業,TOPIX Small 2,2026-08-25,2601.0,5110.0,102550200.0,19870.0,80738000.0,False,True,True,True,True,False
6882.T,6882,三社電機製作所,スタンダード（内国株式）,電気機器,-,2026-08-25,2601.0,1185.0,101500255.0,87475.0,25596000.0,False,True,True,True,True,False
7388.T,7388,ＦＰパートナー,プライム（内国株式）,保険業,TOPIX Small 2,2026-08-25,959.0,2265.0,100946185.0,45835.0,73159500.0,False,True,True,True,True,False
9837.T,9837,モリト,プライム（内国株式）,卸売業,TOPIX Small 2,2026-08-25,2601.0,1829.0,100929025.0,55605.0,62003100.0,False,True,True,True,True,False
3561.T,3561,力の源ホールディングス,プライム（内国株式）,小売業,TOPIX Small 2,2026-08-25,2324.0,1669.0,100578925.0,61860.0,52907300.0,False,True,True,True,True,False
1929.T,1929,日特建設,プライム（内国株式）,建設業,TOPIX Small 2,2026-08-25,2601.0,1183.0,100411765.0,86800.0,66839500.0,False,True,True,True,True,False
6157.T,6157,日進工具,スタンダード（内国株式）,機械,TOPIX Small 2,2026-08-21,2599.0,854.0,99956300.0,115795.0,55339200.0,False,True,True,True,True,False
6247.T,6247,日阪製作所,プライム（内国株式）,機械,TOPIX Small 2,2026-08-21,2599.0,1715.0,99930800.0,59190.0,63969500.0,False,True,True,True,True,False
4011.T,4011,ヘッドウォータース,グロース（内国株式）,情報・通信業,-,2026-08-21,1440.0,2418.0,99658230.0,45835.0,129121200.0,False,True,True,True,True,False
7522.T,7522,ワタミ,プライム（内国株式）,小売業,TOPIX Small 2,2026-08-21,2599.0,973.0,99646155.0,103310.0,55169100.0,False,True,True,True,True,False
5254.T,5254,Ａｒｅｎｔ,グロース（内国株式）,情報・通信業,-,2026-08-21,833.0,4260.0,99435575.0,23065.0,34932000.0,False,True,True,True,True,False
7271.T,7271,安永,スタンダード（内国株式）,輸送用機器,-,2026-08-21,2599.0,821.0,98902690.0,119150.0,50327300.0,False,True,True,True,True,False
5852.T,5852,アーレスティ,プライム（内国株式）,非鉄金属,-,2026-08-21,2599.0,683.0,98637895.0,144790.0,67002300.0,False,True,True,True,True,False
5959.T,5959,岡部,プライム（内国株式）,金属製品,TOPIX Small 2,2026-08-21,2599.0,948.0,98512505.0,106430.0,78020400.0,False,True,True,True,True,False
3997.T,3997,トレードワークス,スタンダード（内国株式）,情報・通信業,-,2026-08-21,2144.0,381.0,98426710.0,253435.0,42481500.0,False,True,True,True,True,False
3911.T,3911,Ａｉｍｉｎｇ,グロース（内国株式）,情報・通信業,-,2026-08-21,2599.0,176.0,98378285.0,530390.0,34531200.0,False,False,True,True,True,False
2491.T,2491,バリューコマース,プライム（内国株式）,サービス業,TOPIX Small 2,2026-08-21,2599.0,483.0,98241970.0,211150.0,56945700.0,False,True,True,True,True,False
4978.T,4978,リプロセル,グロース（内国株式）,化学,-,2026-08-21,2599.0,150.0,98144365.0,715985.0,84675000.0,False,False,True,True,True,False
5957.T,5957,日東精工,プライム（内国株式）,金属製品,TOPIX Small 2,2026-08-25,2601.0,770.0,98105625.0,126115.0,39963000.0,False,True,True,True,True,False
5269.T,5269,日本コンクリート工業,プライム（内国株式）,ガラス・土石製品,TOPIX Small 2,2026-08-21,2599.0,384.0,98051495.0,268855.0,80294400.0,False,True,True,True,True,False
4619.T,4619,日本特殊塗料,スタンダード（内国株式）,化学,-,2026-08-21,2599.0,2712.0,98027020.0,37770.0,59392800.0,False,True,True,True,True,False
4345.T,4345,シーティーエス,プライム（内国株式）,サービス業,TOPIX Small 2,2026-08-25,2601.0,839.0,97992725.0,116260.0,76181200.0,False,True,True,True,True,False
6864.T,6864,エヌエフホールディングス,スタンダード（内国株式）,電気機器,-,2026-08-21,2599.0,1548.0,97329530.0,63890.0,25851600.0,False,True,True,True,True,False
3877.T,3877,中越パルプ工業,プライム（内国株式）,パルプ・紙,-,2026-08-21,2599.0,2262.0,97153610.0,44430.0,112647600.0,False,True,True,True,True,False
4318.T,4318,クイック,プライム（内国株式）,サービス業,TOPIX Small 2,2026-08-21,2599.0,856.0,96907200.0,120735.0,81662400.0,False,True,True,True,True,False
3565.T,3565,アセンテック,スタンダード（内国株式）,卸売業,TOPIX Small 2,2026-08-21,2297.0,451.0,96784395.0,223560.0,30532700.0,False,True,True,True,True,False
332A.T,332A,ミーク,グロース（内国株式）,情報・通信業,-,2026-08-21,348.0,1111.0,96539410.0,94470.0,105433900.0,False,True,True,True,True,False
6083.T,6083,ＥＲＩホールディングス,スタンダード（内国株式）,サービス業,-,2026-08-21,2599.0,1650.0,96514700.0,59210.0,51975000.0,False,True,True,True,True,False
4586.T,4586,メドレックス,グロース（内国株式）,医薬品,-,2026-08-21,2599.0,66.0,96475775.0,1462265.0,48345000.0,False,False,True,True,True,False
6166.T,6166,中村超硬,グロース（内国株式）,機械,-,2026-08-21,2599.0,635.0,96446605.0,153690.0,54292500.0,False,True,True,True,True,False
6666.T,6666,リバーエレテック,スタンダード（内国株式）,電気機器,-,2026-08-25,2601.0,786.0,96096795.0,124030.0,40164600.0,False,True,True,True,True,False
3421.T,3421,稲葉製作所,スタンダード（内国株式）,金属製品,TOPIX Small 2,2026-08-21,2599.0,1745.0,95879015.0,55495.0,80444500.0,False,True,True,True,True,False
9702.T,9702,アイ・エス・ビー,プライム（内国株式）,情報・通信業,TOPIX Small 2,2026-08-21,2599.0,2480.0,95628150.0,39690.0,87544000.0,False,True,True,True,True,False
3444.T,3444,菊池製作所,スタンダード（内国株式）,金属製品,-,2026-08-21,2599.0,1001.0,95530720.0,97310.0,64764700.0,False,True,True,True,True,False
6625.T,6625,ＪＡＬＣＯホールディングス,スタンダード（内国株式）,不動産業,-,2026-08-21,2599.0,385.0,95501550.0,265730.0,46700500.0,False,True,True,True,True,False
7610.T,7610,テイツー,スタンダード（内国株式）,小売業,-,2026-08-21,2599.0,141.0,95427405.0,665795.0,53791500.0,False,False,True,True,True,False
8254.T,8254,さいか屋,スタンダード（内国株式）,小売業,-,2026-08-21,2599.0,316.0,95413410.0,279230.0,133573200.0,False,True,True,True,True,False
2656.T,2656,ベクターホールディングス,スタンダード（内国株式）,小売業,-,2026-08-21,2599.0,189.0,95384125.0,518640.0,106860600.0,False,False,True,True,True,False
4125.T,4125,三和油化工業,スタンダード（内国株式）,化学,-,2026-08-21,1139.0,3820.0,95273600.0,25965.0,81366000.0,False,True,True,True,True,False
7844.T,7844,マーベラス,プライム（内国株式）,情報・通信業,TOPIX Small 2,2026-08-21,2599.0,503.0,94672455.0,196460.0,65943300.0,False,True,True,True,True,False
2153.T,2153,Ｅ・Ｊホールディングス,プライム（内国株式）,サービス業,TOPIX Small 2,2026-08-21,2599.0,1826.0,94315500.0,53430.0,247240400.0,False,True,True,True,True,False
3159.T,3159,丸善ＣＨＩホールディングス,スタンダード（内国株式）,小売業,-,2026-08-21,2599.0,400.0,94241480.0,241860.0,19960000.0,False,True,True,True,True,False
9612.T,9612,ラックランド,プライム（内国株式）,サービス業,TOPIX Small 2,2026-08-21,2599.0,1252.0,94150325.0,74090.0,62850400.0,False,True,True,True,True,False
5242.T,5242,アイズ,グロース（内国株式）,情報・通信業,-,2026-08-24,898.0,1915.0,94146580.0,40050.0,1532000.0,False,True,True,True,True,False
8929.T,8929,青山財産ネットワークス,スタンダード（内国株式）,不動産業,-,2026-08-21,2599.0,1338.0,94096765.0,74140.0,44287800.0,False,True,True,True,True,False
6276.T,6276,シリウスビジョン,スタンダード（内国株式）,電気機器,-,2026-08-21,2599.0,366.0,93982495.0,239025.0,150023400.0,False,True,True,True,True,False
4662.T,4662,フォーカスシステムズ,プライム（内国株式）,情報・通信業,TOPIX Small 2,2026-08-21,2599.0,1727.0,93913805.0,54770.0,75988000.0,False,True,True,True,True,False
6675.T,6675,サクサ,スタンダード（内国株式）,電気機器,-,2026-08-21,2599.0,2160.0,93864180.0,45300.0,66528000.0,False,True,True,True,True,False
264A.T,264A,Ｓｃｈｏｏ,グロース（内国株式）,サービス業,-,2026-08-21,447.0,333.0,93822475.0,289635.0,95371200.0,False,True,True,True,True,False
7723.T,7723,愛知時計電機,プライム（内国株式）,精密機器,TOPIX Small 2,2026-08-21,2599.0,2870.0,93607220.0,33050.0,45633000.0,False,True,True,True,True,False
4238.T,4238,ミライアル,スタンダード（内国株式）,化学,-,2026-08-25,2601.0,1773.0,93384015.0,57425.0,57799800.0,False,True,True,True,True,False
8217.T,8217,オークワ,プライム（内国株式）,小売業,TOPIX Small 2,2026-08-21,2599.0,813.0,93277195.0,115580.0,97966500.0,False,True,True,True,True,False
6850.T,6850,チノー,プライム（内国株式）,電気機器,TOPIX Small 2,2026-08-21,2599.0,1671.0,93261635.0,56380.0,60657300.0,False,True,True,True,True,False
6197.T,6197,ソラスト,プライム（内国株式）,サービス業,-,2026-08-05,2489.0,1118.0,92855095.0,83520.0,315276000.0,False,True,True,True,False,False
9658.T,9658,ビジネスブレイン太田昭和,プライム（内国株式）,情報・通信業,TOPIX Small 2,2026-08-21,2599.0,1066.0,92757415.0,88130.0,78777400.0,False,True,True,True,True,False
8864.T,8864,空港施設,スタンダード（内国株式）,不動産業,TOPIX Small 2,2026-08-21,2599.0,964.0,92656000.0,97240.0,40680800.0,False,True,True,True,True,False
6070.T,6070,キャリアリンク,プライム（内国株式）,サービス業,TOPIX Small 2,2026-08-21,2599.0,2655.0,92572140.0,37210.0,136201500.0,False,True,True,True,True,False
4479.T,4479,マクアケ,グロース（内国株式）,情報・通信業,-,2026-08-21,1634.0,920.0,92362015.0,102660.0,33120000.0,False,True,True,True,True,False
8007.T,8007,高島,プライム（内国株式）,卸売業,-,2026-08-21,2599.0,814.0,92288420.0,115435.0,68538800.0,False,True,True,True,True,False
8244.T,8244,近鉄百貨店,スタンダード（内国株式）,小売業,TOPIX Small 2,2026-08-21,2599.0,1921.0,92202795.0,49500.0,117565200.0,False,True,True,True,True,False
1434.T,1434,ＪＥＳＣＯホールディングス,スタンダード（内国株式）,建設業,-,2026-08-21,2599.0,1664.0,92133925.0,54455.0,70387200.0,False,True,True,True,True,False
4337.T,4337,ぴあ,プライム（内国株式）,サービス業,TOPIX Small 2,2026-08-21,2599.0,2822.0,91702725.0,33075.0,76476200.0,False,True,True,True,True,False
6039.T,6039,日本動物高度医療センター,グロース（内国株式）,サービス業,-,2026-08-21,2599.0,1065.0,91587815.0,85830.0,62196000.0,False,True,True,True,True,False
5845.T,5845,全保連,スタンダード（内国株式）,その他金融業,-,2026-08-21,689.0,1249.0,91518465.0,77755.0,65697400.0,False,True,True,True,True,False
4651.T,4651,サニックスホールディングス,スタンダード（内国株式）,サービス業,TOPIX Small 2,2026-08-21,2599.0,280.0,91516470.0,342425.0,118412000.0,False,True,True,True,True,False
9823.T,9823,マミーマートホールディングス,スタンダード（内国株式）,小売業,-,2026-08-21,2599.0,1028.0,91419520.0,87525.0,49344000.0,False,True,True,True,True,False
4410.T,4410,ハリマ化成グループ,プライム（内国株式）,化学,TOPIX Small 2,2026-08-21,2599.0,1166.0,91413285.0,83015.0,73341400.0,False,True,True,True,True,False
2418.T,2418,ツカダ・グローバルホールディング,スタンダード（内国株式）,サービス業,-,2026-08-21,2599.0,604.0,91124785.0,151390.0,37931200.0,False,True,True,True,True,False
8066.T,8066,三谷商事,スタンダード（内国株式）,卸売業,-,2026-08-21,2599.0,3115.0,91064595.0,29250.0,90335000.0,False,True,True,True,True,False
194A.T,194A,ＷＯＬＶＥＳ　ＨＡＮＤ,グロース（内国株式）,サービス業,-,2026-08-21,530.0,1983.0,91028985.0,49540.0,46402200.0,False,True,True,True,True,False
2929.T,2929,ファーマフーズ,プライム（内国株式）,食料品,TOPIX Small 2,2026-08-21,2599.0,608.0,90873270.0,154985.0,50038400.0,False,True,True,True,True,False
2484.T,2484,出前館,スタンダード（内国株式）,情報・通信業,-,2026-08-24,2600.0,155.0,90511965.0,623455.0,85389500.0,False,False,True,True,True,False
5357.T,5357,ヨータイ,プライム（内国株式）,ガラス・土石製品,TOPIX Small 2,2026-08-21,2599.0,1762.0,90460810.0,51360.0,58674600.0,False,True,True,True,True,False
1967.T,1967,ヤマト,スタンダード（内国株式）,建設業,-,2026-08-21,2599.0,2087.0,90375035.0,44445.0,23791800.0,False,True,True,True,True,False
3719.T,3719,ＡＩストーム,スタンダード（内国株式）,情報・通信業,-,2026-08-21,2599.0,123.0,89643635.0,681655.0,30873000.0,False,False,True,True,True,False
2998.T,2998,クリアル,グロース（内国株式）,不動産業,-,2026-08-21,1055.0,544.0,89516670.0,177640.0,47001600.0,False,True,True,True,True,False
7607.T,7607,進和,プライム（内国株式）,卸売業,TOPIX Small 2,2026-08-21,2599.0,3135.0,89235625.0,28455.0,83391000.0,False,True,True,True,True,False
280A.T,280A,ＴＭＨ,グロース（内国株式）,卸売業,-,2026-08-21,417.0,1144.0,89183330.0,85640.0,55941600.0,False,True,True,True,True,False
4100.T,4100,戸田工業,スタンダード（内国株式）,化学,TOPIX Small 2,2026-08-21,2599.0,1545.0,89009370.0,60630.0,55465500.0,False,True,True,True,True,False
4310.T,4310,ドリームインキュベータ,プライム（内国株式）,サービス業,TOPIX Small 2,2026-08-21,2599.0,2544.0,88936770.0,35850.0,24931200.0,False,True,True,True,True,False
2211.T,2211,不二家,プライム（内国株式）,食料品,TOPIX Small 2,2026-08-21,2599.0,2504.0,88812475.0,36220.0,119190400.0,False,True,True,True,True,False
8881.T,8881,日神グループホールディングス,プライム（内国株式）,不動産業,TOPIX Small 2,2026-08-21,2599.0,683.0,88435335.0,132575.0,68983000.0,False,True,True,True,True,False
5290.T,5290,ベルテクスコーポレーション,スタンダード（内国株式）,ガラス・土石製品,-,2026-08-21,1927.0,1161.0,88149845.0,72235.0,74420100.0,False,True,True,True,True,False
5590.T,5590,ネットスターズ,グロース（内国株式）,情報・通信業,-,2026-08-21,709.0,699.0,88119215.0,129720.0,60253800.0,False,True,True,True,True,False
7769.T,7769,リズム,プライム（内国株式）,精密機器,-,2026-08-21,2599.0,4005.0,88081700.0,22340.0,42052500.0,False,True,True,True,True,False
3939.T,3939,カナミックネットワーク,プライム（内国株式）,情報・通信業,TOPIX Small 2,2026-08-21,2446.0,535.0,87977645.0,171270.0,208061500.0,False,True,True,True,True,False
6630.T,6630,ヤーマン,プライム（内国株式）,電気機器,TOPIX Small 1,2026-08-21,2599.0,833.0,87970630.0,112115.0,149523500.0,False,True,True,True,True,False
205A.T,205A,ロゴスホールディングス,グロース（内国株式）,建設業,-,2026-08-21,524.0,1677.0,87819020.0,50925.0,42763500.0,False,True,True,True,True,False
8783.T,8783,ａｂｃ,スタンダード（内国株式）,その他金融業,-,2026-08-21,2599.0,66.0,87394615.0,1333485.0,45249600.0,False,False,True,True,True,False
3652.T,3652,ディジタルメディアプロフェッショナル,グロース（内国株式）,情報・通信業,-,2026-08-21,2599.0,2412.0,87246170.0,37230.0,23637600.0,False,True,True,True,True,False
2393.T,2393,日本ケアサプライ,スタンダード（内国株式）,サービス業,-,2026-08-21,2599.0,4420.0,86957775.0,20760.0,50830000.0,False,True,True,True,True,False
2792.T,2792,ハニーズホールディングス,プライム（内国株式）,小売業,TOPIX Small 2,2026-08-21,2599.0,1449.0,86952255.0,60730.0,79405200.0,False,True,True,True,True,False
7952.T,7952,河合楽器製作所,プライム（内国株式）,その他製品,TOPIX Small 2,2026-08-21,2599.0,3570.0,86690425.0,24900.0,54621000.0,False,True,True,True,True,False
4668.T,4668,明光ネットワークジャパン,プライム（内国株式）,サービス業,TOPIX Small 2,2026-08-21,2599.0,776.0,86502830.0,111170.0,99948800.0,False,True,True,True,True,False
7713.T,7713,シグマ光機,スタンダード（内国株式）,精密機器,-,2026-08-21,2599.0,2155.0,86489275.0,41490.0,19610500.0,False,True,True,True,True,False
8198.T,8198,マックスバリュ東海,スタンダード（内国株式）,小売業,-,2026-08-21,2599.0,3230.0,86040225.0,26815.0,110143000.0,False,True,True,True,True,False
3422.T,3422,Ｊ－ＭＡＸ,スタンダード（内国株式）,金属製品,-,2026-08-21,1332.0,627.0,85740760.0,130360.0,31161900.0,False,True,True,True,True,False
3649.T,3649,ファインデックス,プライム（内国株式）,情報・通信業,TOPIX Small 2,2026-08-21,2599.0,870.0,85636485.0,100430.0,39846000.0,False,True,True,True,True,False
6835.T,6835,アライドテレシスホールディングス,スタンダード（内国株式）,電気機器,-,2026-08-21,2599.0,247.0,85621740.0,346840.0,74692800.0,False,True,True,True,True,False
5955.T,5955,ワイズホールディングス,スタンダード（内国株式）,金属製品,-,2026-08-21,2599.0,85.0,85610485.0,1031910.0,59236500.0,False,False,True,True,True,False
7414.T,7414,小野建,プライム（内国株式）,卸売業,TOPIX Small 2,2026-08-21,2599.0,1456.0,85563780.0,59645.0,65811200.0,False,True,True,True,True,False
9553.T,9553,マイクロアド,グロース（内国株式）,サービス業,-,2026-08-21,1015.0,592.0,85507940.0,140935.0,49136000.0,False,True,True,True,True,False
6470.T,6470,大豊工業,スタンダード（内国株式）,機械,TOPIX Small 2,2026-08-21,2599.0,1164.0,85454420.0,76480.0,49935600.0,False,True,True,True,True,False
5038.T,5038,ｅＷｅＬＬ,グロース（内国株式）,情報・通信業,-,2026-08-21,959.0,2256.0,85423440.0,39000.0,131073600.0,False,True,True,True,True,False
6718.T,6718,アイホン,プライム（内国株式）,電気機器,TOPIX Small 2,2026-08-21,2599.0,2864.0,85262625.0,30280.0,64440000.0,False,True,True,True,True,False
7719.T,7719,東京衡機,スタンダード（内国株式）,精密機器,-,2026-08-21,2599.0,467.0,85224975.0,190390.0,880762000.0,False,True,True,True,True,False
3624.T,3624,アクセルマーク,グロース（内国株式）,情報・通信業,-,2026-08-21,2599.0,89.0,84818375.0,1118930.0,68147300.0,False,False,True,True,True,False
4420.T,4420,イーソル,スタンダード（内国株式）,情報・通信業,TOPIX Small 2,2026-08-21,1917.0,702.0,84616070.0,117515.0,17058600.0,False,True,True,True,True,False
338A.T,338A,ＺｅｎｍｕＴｅｃｈ,グロース（内国株式）,情報・通信業,-,2026-08-21,343.0,1982.0,84330135.0,40450.0,42414800.0,False,True,True,True,True,False
4767.T,4767,テー・オー・ダブリュー,スタンダード（内国株式）,サービス業,TOPIX Small 2,2026-08-21,2599.0,401.0,84113535.0,228980.0,180730700.0,False,True,True,True,True,False
9742.T,9742,アイネス,プライム（内国株式）,情報・通信業,TOPIX Small 2,2026-08-21,2599.0,2447.0,83974690.0,37155.0,181812100.0,False,True,True,True,True,False
8093.T,8093,極東貿易,プライム（内国株式）,卸売業,TOPIX Small 2,2026-08-21,2599.0,1859.0,83940950.0,46270.0,56327700.0,False,True,True,True,True,False
4026.T,4026,神島化学工業,スタンダード（内国株式）,ガラス・土石製品,-,2026-08-21,2599.0,1623.0,83895670.0,52490.0,52909800.0,False,True,True,True,True,False
4577.T,4577,ダイト,プライム（内国株式）,医薬品,TOPIX Small 2,2026-08-21,2599.0,1363.0,83595250.0,65005.0,86005300.0,False,True,True,True,True,False
7678.T,7678,あさくま,スタンダード（内国株式）,小売業,-,2026-08-21,1746.0,3035.0,83281805.0,26800.0,26101000.0,False,True,True,True,True,False
7222.T,7222,日産車体,スタンダード（内国株式）,輸送用機器,TOPIX Small 2,2026-08-21,2599.0,977.0,83131860.0,87040.0,58620000.0,False,True,True,True,True,False
9629.T,9629,ピー・シー・エー,プライム（内国株式）,情報・通信業,TOPIX Small 2,2026-08-21,2599.0,1593.0,83120755.0,56290.0,108164700.0,False,True,True,True,True,False
9729.T,9729,トーカイ,プライム（内国株式）,サービス業,TOPIX Small 2,2026-08-21,2599.0,2552.0,82779805.0,33410.0,58951200.0,False,True,True,True,True,False
3388.T,3388,明治電機工業,プライム（内国株式）,卸売業,TOPIX Small 2,2026-08-21,2599.0,2100.0,82598495.0,39225.0,64050000.0,False,True,True,True,True,False
8793.T,8793,ＮＥＣキャピタルソリューション,プライム（内国株式）,その他金融業,TOPIX Small 2,2026-08-21,2599.0,4210.0,82535025.0,19975.0,145666000.0,False,True,True,True,True,False
147A.T,147A,ソラコム,グロース（内国株式）,情報・通信業,-,2026-08-21,589.0,1049.0,82431160.0,77495.0,89269900.0,False,True,True,True,True,False
6099.T,6099,エラン,プライム（内国株式）,サービス業,TOPIX Small 2,2026-08-21,2599.0,762.0,82177040.0,107475.0,49149000.0,False,True,True,True,True,False
2910.T,2910,ロック・フィールド,プライム（内国株式）,食料品,TOPIX Small 2,2026-08-21,2599.0,1415.0,81799225.0,58905.0,78532500.0,False,True,True,True,True,False
8699.T,8699,ＨＳホールディングス,スタンダード（内国株式）,証券、商品先物取引業,-,2026-08-21,2599.0,1130.0,81760905.0,71570.0,61020000.0,False,True,True,True,True,False
9556.T,9556,ＩＮＴＬＯＯＰ,グロース（内国株式）,サービス業,-,2026-08-21,1008.0,2242.0,81693460.0,40190.0,88559000.0,False,True,True,True,True,False
9052.T,9052,山陽電気鉄道,プライム（内国株式）,陸運業,TOPIX Small 2,2026-08-21,2599.0,2031.0,81573560.0,40905.0,132015000.0,False,True,True,True,True,False
6184.T,6184,鎌倉新書,プライム（内国株式）,サービス業,TOPIX Small 2,2026-08-21,2599.0,601.0,80927410.0,144750.0,75665900.0,False,True,True,True,True,False
9221.T,9221,フルハシＥＰＯ,スタンダード（内国株式）,サービス業,-,2026-08-21,1060.0,1133.0,80891140.0,71335.0,109787700.0,False,True,True,True,True,False
3205.T,3205,ダイドーリミテッド,スタンダード（内国株式）,繊維製品,-,2026-08-21,2599.0,739.0,80883245.0,109765.0,61706500.0,False,True,True,True,True,False
7187.T,7187,ジェイリース,プライム（内国株式）,その他金融業,TOPIX Small 2,2026-08-21,2505.0,1398.0,80865995.0,59280.0,76330800.0,False,True,True,True,True,False
7679.T,7679,薬王堂ホールディングス,プライム（内国株式）,小売業,TOPIX Small 2,2026-08-21,1701.0,1742.0,80804645.0,46300.0,96855200.0,False,True,True,True,True,False
2410.T,2410,キャリアデザインセンター,プライム（内国株式）,サービス業,-,2026-08-21,2599.0,2922.0,80801340.0,28065.0,27759000.0,False,True,True,True,True,False
153A.T,153A,カウリス,グロース（内国株式）,情報・通信業,-,2026-08-21,587.0,1324.0,80627520.0,60400.0,28598400.0,False,True,True,True,True,False
4097.T,4097,高圧ガス工業,プライム（内国株式）,化学,TOPIX Small 2,2026-08-21,2599.0,1177.0,80554885.0,70920.0,33426800.0,False,True,True,True,True,False
6380.T,6380,オリエンタルチエン工業,スタンダード（内国株式）,機械,-,2026-08-21,2599.0,3915.0,80546625.0,20950.0,60291000.0,False,True,True,True,True,False
4820.T,4820,イーエムシステムズ,プライム（内国株式）,情報・通信業,TOPIX Small 2,2026-08-21,2599.0,609.0,80542340.0,141695.0,92324400.0,False,True,True,True,True,False
556A.T,556A,犬猫生活,グロース（内国株式）,小売業,-,2026-08-21,81.0,2288.0,80415285.0,39285.0,54454400.0,False,True,False,True,True,False
4579.T,4579,ラクオリア創薬,グロース（内国株式）,医薬品,-,2026-08-21,2599.0,565.0,80298855.0,154885.0,114186500.0,False,True,True,True,True,False
1436.T,1436,グリーンエナジー＆カンパニー,グロース（内国株式）,建設業,-,2026-08-21,2572.0,1552.0,80182120.0,55785.0,41904000.0,False,True,True,True,True,False
276A.T,276A,ククレブ・アドバイザーズ,グロース（内国株式）,不動産業,-,2026-08-21,421.0,3575.0,80060925.0,23350.0,41827500.0,False,True,True,True,True,False
7095.T,7095,Ｍａｃｂｅｅ　Ｐｌａｎｅｔ,プライム（内国株式）,サービス業,TOPIX Small 2,2026-08-21,1563.0,1261.0,79710780.0,65110.0,60023600.0,False,True,True,True,True,False
4839.T,4839,ＷＯＷＯＷ,プライム（内国株式）,情報・通信業,TOPIX Small 2,2026-08-21,2599.0,1018.0,79442920.0,79200.0,102003600.0,False,True,True,True,True,False
4709.T,4709,ＩＤホールディングス,プライム（内国株式）,情報・通信業,TOPIX Small 2,2026-08-21,2599.0,1076.0,79377245.0,74715.0,44869200.0,False,True,True,True,True,False
8291.T,8291,日産東京販売ホールディングス,スタンダード（内国株式）,小売業,-,2026-08-21,2599.0,559.0,79360080.0,144355.0,74961900.0,False,True,True,True,True,False
9739.T,9739,ＮＳＷ,プライム（内国株式）,情報・通信業,TOPIX Small 2,2026-08-21,2599.0,2714.0,79166130.0,30320.0,87119400.0,False,True,True,True,True,False
1960.T,1960,サンテック,スタンダード（内国株式）,建設業,-,2026-08-21,2599.0,1680.0,79159690.0,48735.0,19656000.0,False,True,True,True,True,False
1429.T,1429,日本アクア,プライム（内国株式）,建設業,-,2026-08-21,2599.0,786.0,79084915.0,101690.0,39693000.0,False,True,True,True,True,False
4362.T,4362,日本精化,プライム（内国株式）,化学,TOPIX Small 2,2026-08-21,2599.0,2724.0,78722940.0,29955.0,70551600.0,False,True,True,True,True,False
2329.T,2329,東北新社,スタンダード（内国株式）,情報・通信業,-,2026-08-21,2599.0,488.0,78581485.0,160485.0,49190400.0,False,True,True,True,True,False
5304.T,5304,ＳＥＣカーボン,スタンダード（内国株式）,ガラス・土石製品,-,2026-08-21,2599.0,2535.0,78498535.0,30440.0,34222500.0,False,True,True,True,True,False
2117.T,2117,ウェルネオシュガー,プライム（内国株式）,食料品,TOPIX Small 2,2026-08-21,2599.0,2858.0,78412115.0,28120.0,75737000.0,False,True,True,True,True,False
6138.T,6138,ダイジェット工業,スタンダード（内国株式）,機械,-,2026-08-21,2599.0,2083.0,78340370.0,42580.0,109357500.0,False,True,True,True,True,False
8383.T,8383,鳥取銀行,スタンダード（内国株式）,銀行業,-,2026-08-21,2599.0,1909.0,78192860.0,42350.0,39516300.0,False,True,True,True,True,False
7089.T,7089,フォースタートアップス,グロース（内国株式）,サービス業,-,2026-08-21,1574.0,1506.0,78101275.0,48440.0,121082400.0,False,True,True,True,True,False
4888.T,4888,ステラファーマ,グロース（内国株式）,医薬品,-,2026-08-21,1303.0,347.0,77842125.0,241575.0,63154000.0,False,True,True,True,True,False
1948.T,1948,弘電社,スタンダード（内国株式）,建設業,-,2026-08-21,2599.0,11410.0,77603850.0,6805.0,3423000.0,False,True,True,True,True,False
4249.T,4249,森六,プライム（内国株式）,化学,TOPIX Small 2,2026-08-21,2130.0,2909.0,76665440.0,27760.0,68070600.0,False,True,True,True,True,False
6858.T,6858,小野測器,スタンダード（内国株式）,電気機器,-,2026-08-24,2600.0,820.0,76206805.0,93895.0,18122000.0,False,True,True,True,True,False
6788.T,6788,日本トリム,プライム（内国株式）,電気機器,TOPIX Small 2,2026-08-21,2599.0,5000.0,75833675.0,15740.0,60000000.0,False,True,True,True,True,False
5721.T,5721,エスクリプトエナジー,スタンダード（内国株式）,非鉄金属,-,2026-08-21,2599.0,57.0,75807395.0,1353080.0,282417900.0,False,False,True,True,True,False
4055.T,4055,ティアンドエスグループ,グロース（内国株式）,情報・通信業,-,2026-08-21,1475.0,1585.0,75768645.0,49340.0,21873000.0,False,True,True,True,True,False
4563.T,4563,アンジェス,グロース（内国株式）,医薬品,-,2026-08-21,2599.0,39.0,75714120.0,1728475.0,390167700.0,False,False,True,True,True,False
4667.T,4667,アイサンテクノロジー,スタンダード（内国株式）,情報・通信業,-,2026-08-21,2599.0,2105.0,75210150.0,39810.0,99777000.0,False,True,True,True,True,False
3544.T,3544,サツドラホールディングス,スタンダード（内国株式）,小売業,-,2026-08-21,2599.0,1248.0,74735680.0,59695.0,14601600.0,False,True,True,True,True,False
2653.T,2653,イオン九州,スタンダード（内国株式）,小売業,-,2026-08-21,2599.0,2823.0,74372325.0,26225.0,49684800.0,False,True,True,True,True,False
6208.T,6208,石川製作所,スタンダード（内国株式）,機械,-,2026-08-21,2599.0,1626.0,74339165.0,45110.0,51869400.0,False,True,True,True,True,False
5816.T,5816,オーナンバ,スタンダード（内国株式）,非鉄金属,-,2026-08-21,2599.0,1433.0,74245865.0,49275.0,69787100.0,False,True,True,True,True,False
2915.T,2915,ケンコーマヨネーズ,プライム（内国株式）,食料品,TOPIX Small 2,2026-08-21,2599.0,2069.0,74229860.0,36675.0,68483900.0,False,True,True,True,True,False
3393.T,3393,スターティアホールディングス,プライム（内国株式）,卸売業,-,2026-08-21,2599.0,3015.0,73990410.0,24300.0,33466500.0,False,True,True,True,True,False
296A.T,296A,令和アカウンティング・ホールディングス,グロース（内国株式）,サービス業,-,2026-08-21,404.0,1087.0,73941190.0,76015.0,636982000.0,False,True,True,True,True,False
3753.T,3753,フライトソリューションズ,スタンダード（内国株式）,情報・通信業,-,2026-08-21,2599.0,254.0,73936410.0,326455.0,110693200.0,False,True,True,True,True,False
6413.T,6413,理想科学工業,プライム（内国株式）,機械,TOPIX Small 2,2026-08-21,2599.0,1142.0,73719520.0,68030.0,119224800.0,False,True,True,True,True,False
9928.T,9928,ミロク情報サービス,プライム（内国株式）,情報・通信業,TOPIX Small 2,2026-08-21,2599.0,1955.0,73691095.0,39685.0,59041000.0,False,True,True,True,True,False
3937.T,3937,Ｕｂｉｃｏｍホールディングス,スタンダード（内国株式）,情報・通信業,TOPIX Small 2,2026-08-21,2505.0,1293.0,73674850.0,63250.0,152315400.0,False,True,True,True,True,False
4498.T,4498,サイバートラスト,グロース（内国株式）,情報・通信業,-,2026-08-21,1307.0,1313.0,73646540.0,59595.0,33218900.0,False,True,True,True,True,False
6294.T,6294,オカダアイヨン,プライム（内国株式）,機械,-,2026-08-21,2599.0,1951.0,73634425.0,37490.0,61456500.0,False,True,True,True,True,False
1435.T,1435,ｒｏｂｏｔ　ｈｏｍｅ,スタンダード（内国株式）,不動産業,TOPIX Small 2,2026-08-21,2599.0,185.0,73632800.0,425835.0,94017000.0,False,False,True,True,True,False
9337.T,9337,トリドリ,グロース（内国株式）,サービス業,-,2026-08-21,899.0,1467.0,73206215.0,50155.0,44596800.0,False,True,True,True,True,False
254A.T,254A,ＡＩフュージョンキャピタルグループ,スタンダード（内国株式）,証券、商品先物取引業,-,2026-08-21,2599.0,1164.0,72987955.0,60580.0,248979600.0,False,True,True,True,True,False
3843.T,3843,フリービット,プライム（内国株式）,情報・通信業,TOPIX Small 2,2026-08-21,2599.0,1697.0,72936725.0,44685.0,87565200.0,False,True,True,True,True,False
7460.T,7460,ヤギ,スタンダード（内国株式）,卸売業,-,2026-08-21,2599.0,1668.0,72449150.0,43220.0,30024000.0,False,True,True,True,True,False
9381.T,9381,エーアイテイー,プライム（内国株式）,倉庫・運輸関連業,TOPIX Small 2,2026-08-21,2599.0,2369.0,72393885.0,31035.0,60883300.0,False,True,True,True,True,False
8542.T,8542,トマト銀行,スタンダード（内国株式）,銀行業,-,2026-08-21,2599.0,1934.0,72293010.0,40660.0,37326200.0,False,True,True,True,True,False
6769.T,6769,ザインエレクトロニクス,スタンダード（内国株式）,電気機器,-,2026-08-21,2599.0,1057.0,72114915.0,69825.0,28221900.0,False,True,True,True,True,False
341A.T,341A,トヨコー,グロース（内国株式）,建設業,-,2026-08-21,343.0,2010.0,71697125.0,36320.0,39798000.0,False,True,True,True,True,False
4763.T,4763,クリーク・アンド・リバー社,プライム（内国株式）,サービス業,TOPIX Small 2,2026-08-21,2599.0,1512.0,71513850.0,48850.0,50047200.0,False,True,True,True,True,False
3611.T,3611,マツオカコーポレーション,スタンダード（内国株式）,繊維製品,-,2026-08-21,2135.0,2483.0,71511690.0,28975.0,45190600.0,False,True,True,True,True,False
2938.T,2938,オカムラ食品工業,スタンダード（内国株式）,食料品,-,2026-08-21,708.0,1280.0,71502955.0,56495.0,66176000.0,False,True,True,True,True,False
6560.T,6560,エル・ティー・エス,プライム（内国株式）,サービス業,TOPIX Small 2,2026-08-21,2133.0,1695.0,71378630.0,42285.0,70851000.0,False,True,True,True,True,False
3321.T,3321,ミタチ産業,スタンダード（内国株式）,卸売業,-,2026-08-21,2599.0,1654.0,70892525.0,44310.0,37711200.0,False,True,True,True,True,False
281A.T,281A,インフォメティス,グロース（内国株式）,情報・通信業,-,2026-08-21,414.0,436.0,70690295.0,157100.0,30520000.0,False,True,True,True,True,False
9158.T,9158,シーユーシー,グロース（内国株式）,サービス業,-,2026-08-21,775.0,729.0,70679390.0,93080.0,10716300.0,False,True,True,True,True,False
6390.T,6390,加藤製作所,プライム（内国株式）,機械,-,2026-08-21,2599.0,1345.0,70399350.0,52630.0,92132500.0,False,True,True,True,True,False
6445.T,6445,ジャノメ,プライム（内国株式）,機械,TOPIX Small 2,2026-08-21,2599.0,1436.0,70153560.0,50775.0,41931200.0,False,True,True,True,True,False
4073.T,4073,ジィ・シィ企画,グロース（内国株式）,情報・通信業,-,2026-08-21,1199.0,482.0,69630540.0,118885.0,19954800.0,False,True,True,True,True,False
4168.T,4168,ヤプリ,グロース（内国株式）,情報・通信業,-,2026-08-21,1385.0,748.0,69467095.0,88945.0,23412400.0,False,True,True,True,True,False
4326.T,4326,インテージホールディングス,プライム（内国株式）,情報・通信業,TOPIX Small 2,2026-08-21,2599.0,1925.0,69458180.0,35980.0,42157500.0,False,True,True,True,True,False
300A.T,300A,ＭＩＣ,スタンダード（内国株式）,サービス業,-,2026-08-21,402.0,3320.0,69414455.0,22175.0,22244000.0,False,True,True,True,True,False
3900.T,3900,クラウドワークス,グロース（内国株式）,情報・通信業,-,2026-08-21,2599.0,677.0,69312380.0,100505.0,110283300.0,False,True,True,True,True,False
2266.T,2266,六甲バター,プライム（内国株式）,食料品,TOPIX Small 2,2026-08-21,2599.0,1073.0,69274700.0,64890.0,43134600.0,False,True,True,True,True,False
3547.T,3547,ユニシアホールディングス,スタンダード（内国株式）,小売業,TOPIX Small 2,2026-08-21,2447.0,1812.0,69118945.0,38350.0,59071200.0,False,True,True,True,True,False
9740.T,9740,セントラル警備保障,プライム（内国株式）,サービス業,TOPIX Small 2,2026-08-21,2599.0,2805.0,69061560.0,25080.0,58063500.0,False,True,True,True,True,False
4931.T,4931,新日本製薬,プライム（内国株式）,化学,TOPIX Small 2,2026-08-21,1746.0,2085.0,68596220.0,33600.0,90697500.0,False,True,True,True,True,False
5817.T,5817,ＪＭＡＣＳ,スタンダード（内国株式）,非鉄金属,-,2026-08-21,2599.0,993.0,68043025.0,70245.0,49550700.0,False,True,True,True,True,False
6824.T,6824,新コスモス電機,スタンダード（内国株式）,電気機器,-,2026-08-21,2599.0,4235.0,67727775.0,14870.0,35997500.0,False,True,True,True,True,False
7035.T,7035,ａｎｄ　ｆａｃｔｏｒｙ,スタンダード（内国株式）,サービス業,-,2026-08-21,1944.0,272.0,67408505.0,234010.0,48252800.0,False,True,True,True,True,False
3355.T,3355,クリヤマホールディングス,スタンダード（内国株式）,卸売業,-,2026-08-21,2599.0,1811.0,67368815.0,38340.0,23905200.0,False,True,True,True,True,False
3694.T,3694,オプティム,プライム（内国株式）,情報・通信業,TOPIX Small 2,2026-08-21,2599.0,452.0,67284385.0,157520.0,60025600.0,False,True,True,True,True,False
9628.T,9628,燦ホールディングス,プライム（内国株式）,サービス業,TOPIX Small 2,2026-08-21,2599.0,1382.0,67165880.0,47560.0,84716600.0,False,True,True,True,True,False
8920.T,8920,東祥,スタンダード（内国株式）,サービス業,TOPIX Small 2,2026-08-21,2599.0,722.0,67032440.0,92970.0,52056200.0,False,True,True,True,True,False
4979.T,4979,ＯＡＴアグリオ,スタンダード（内国株式）,化学,TOPIX Small 2,2026-08-21,2599.0,2766.0,66869950.0,26260.0,95980200.0,False,True,True,True,True,False
7320.T,7320,Ｓｏｌｖｖｙ,グロース（内国株式）,その他金融業,-,2026-08-21,2057.0,1455.0,66665830.0,45865.0,52089000.0,False,True,True,True,True,False
2673.T,2673,夢みつけ隊,スタンダード（内国株式）,小売業,-,2026-08-21,2599.0,118.0,66286255.0,607025.0,5923600.0,False,False,True,True,True,False
6798.T,6798,ＳＭＫ,プライム（内国株式）,電気機器,TOPIX Small 2,2026-08-21,2599.0,3285.0,66167080.0,21015.0,19381500.0,False,True,True,True,True,False
2148.T,2148,アイティメディア,プライム（内国株式）,サービス業,TOPIX Small 2,2026-08-21,2599.0,1256.0,66003430.0,54235.0,45341600.0,False,True,True,True,True,False
9332.T,9332,ＮＩＳＳＯホールディングス,プライム（内国株式）,サービス業,TOPIX Small 2,2026-08-21,2068.0,663.0,65998900.0,103835.0,84996600.0,False,True,True,True,True,False
3556.T,3556,リネットジャパングループ,グロース（内国株式）,小売業,-,2026-08-21,2383.0,874.0,65971290.0,78035.0,27793200.0,False,True,True,True,True,False
3633.T,3633,ＧＭＯペパボ,スタンダード（内国株式）,情報・通信業,TOPIX Small 2,2026-08-21,2599.0,2404.0,65942990.0,29455.0,112747600.0,False,True,True,True,True,False
6863.T,6863,ニレコ,スタンダード（内国株式）,電気機器,-,2026-08-21,2599.0,942.0,65857505.04241943,70880.0,18180600.0,False,True,True,True,True,False
9726.T,9726,ＫＮＴ－ＣＴホールディングス,スタンダード（内国株式）,サービス業,TOPIX Small 2,2026-08-21,2599.0,1942.0,65682225.0,34440.0,33790800.0,False,True,True,True,True,False
3657.T,3657,ポールトゥウィンホールディングス,プライム（内国株式）,情報・通信業,TOPIX Small 2,2026-08-21,2599.0,365.0,65677290.0,190870.0,67306000.0,False,True,True,True,True,False
2437.T,2437,Ｓｈｉｎｗａ　Ｗｉｓｅ　Ｈｏｌｄｉｎｇｓ,スタンダード（内国株式）,サービス業,-,2026-08-21,2599.0,610.0,65665515.0,101790.0,16714000.0,False,True,True,True,True,False
7527.T,7527,システムソフト,スタンダード（内国株式）,情報・通信業,TOPIX Small 2,2026-08-21,2599.0,54.0,65551275.0,1271955.0,71890200.0,False,False,True,True,True,False
3023.T,3023,ラサ商事,スタンダード（内国株式）,卸売業,TOPIX Small 2,2026-08-21,2599.0,2103.0,65548495.0,32785.0,54467700.0,False,True,True,True,True,False
6513.T,6513,オリジン,スタンダード（内国株式）,電気機器,-,2026-08-21,2599.0,1294.0,65538665.0,49935.0,27691600.0,False,True,True,True,True,False
3133.T,3133,海帆,グロース（内国株式）,小売業,-,2026-08-21,2599.0,75.0,65342880.0,779155.0,33877500.0,False,False,True,True,True,False
9115.T,9115,明海グループ,スタンダード（内国株式）,海運業,-,2026-08-21,2599.0,1129.0,65263920.0,66785.0,295346400.0,False,True,True,True,True,False
9932.T,9932,杉本商事,プライム（内国株式）,卸売業,TOPIX Small 2,2026-08-21,2599.0,1333.0,65199145.0,49665.0,34791300.0,False,True,True,True,True,False
9768.T,9768,いであ,スタンダード（内国株式）,サービス業,-,2026-08-21,2599.0,3740.0,64934975.0,17975.0,42636000.0,False,True,True,True,True,False
7438.T,7438,コンドーテック,プライム（内国株式）,卸売業,TOPIX Small 2,2026-08-21,2599.0,1608.0,64793630.0,41220.0,76701600.0,False,True,True,True,True,False
3665.T,3665,エニグモ,プライム（内国株式）,情報・通信業,TOPIX Small 2,2026-08-21,2599.0,415.0,64721625.0,158420.0,42081000.0,False,True,True,True,True,False
1799.T,1799,第一建設工業,スタンダード（内国株式）,建設業,-,2026-08-21,2599.0,3270.0,64592075.0,19315.0,55590000.0,False,True,True,True,True,False
4331.T,4331,テイクアンドギヴ・ニーズ,プライム（内国株式）,サービス業,TOPIX Small 2,2026-08-21,2599.0,752.0,64238360.0,90675.0,45796800.0,False,True,True,True,True,False
5018.T,5018,ＭＯＲＥＳＣＯ,スタンダード（内国株式）,石油・石炭製品,-,2026-08-21,2599.0,2255.0,64144945.0,29425.0,40815500.0,False,True,True,True,True,False
3925.T,3925,ダブルスタンダード,プライム（内国株式）,情報・通信業,TOPIX Small 2,2026-08-21,2599.0,1373.0,63815795.0,49140.0,52723200.0,False,True,True,True,True,False
3053.T,3053,ペッパーフードサービス,スタンダード（内国株式）,小売業,TOPIX Small 2,2026-08-21,2599.0,210.0,63671080.0,315160.0,45507000.0,False,True,True,True,True,False
6089.T,6089,ウィルグループ,プライム（内国株式）,サービス業,TOPIX Small 2,2026-08-21,2599.0,1177.0,63481160.0,56285.0,76269600.0,False,True,True,True,True,False
6635.T,6635,大日光・エンジニアリング,スタンダード（内国株式）,電気機器,-,2026-08-21,2599.0,660.0,63383130.0,98250.0,27654000.0,False,True,True,True,True,False
1810.T,1810,松井建設,スタンダード（内国株式）,建設業,TOPIX Small 2,2026-08-21,2599.0,1491.0,62823590.0,43120.0,46668300.0,False,True,True,True,True,False
414A.T,414A,オーバーラップホールディングス,グロース（内国株式）,情報・通信業,-,2026-08-21,215.0,902.0,62816790.0,71890.0,71889400.0,False,True,False,True,True,False
4350.T,4350,メディカルシステムネットワーク,スタンダード（内国株式）,小売業,TOPIX Small 2,2026-08-21,2599.0,486.0,62766770.0,128895.0,56084400.0,False,True,True,True,True,False
6572.T,6572,オープングループ,プライム（内国株式）,サービス業,TOPIX Small 2,2026-08-21,2060.0,270.0,62724750.0,251255.0,73926000.0,False,True,True,True,True,False
3489.T,3489,フェイスネットワーク,スタンダード（内国株式）,不動産業,-,2026-08-21,2068.0,871.0,62660955.0,76845.0,45292000.0,False,True,True,True,True,False
4346.T,4346,ＮＥＸＹＺ．Ｇｒｏｕｐ,スタンダード（内国株式）,その他金融業,-,2026-08-21,2599.0,868.0,62239130.0,74560.0,169433600.0,False,True,True,True,True,False
3277.T,3277,サンセイランディック,スタンダード（内国株式）,不動産業,-,2026-08-21,2599.0,814.0,62075510.0,78865.0,21245400.0,False,True,True,True,True,False
4664.T,4664,アール・エス・シー,スタンダード（内国株式）,サービス業,-,2026-08-21,2599.0,948.0,62056485.0,64665.0,34222800.0,False,True,True,True,True,False
4263.T,4263,サスメド,グロース（内国株式）,情報・通信業,-,2026-08-21,1138.0,576.0,61996090.0,106390.0,30988800.0,False,True,True,True,True,False
4404.T,4404,ミヨシ油脂,スタンダード（内国株式）,食料品,-,2026-08-21,2599.0,2128.0,61612470.0,29830.0,44049600.0,False,True,True,True,True,False
7874.T,7874,レック,プライム（内国株式）,化学,TOPIX Small 2,2026-08-21,2599.0,966.0,61585880.0,64025.0,39895800.0,False,True,True,True,True,False
6927.T,6927,ヘリオス　テクノ　ホールディング,スタンダード（内国株式）,電気機器,-,2026-08-21,2599.0,964.0,61530110.0,65120.0,27763200.0,False,True,True,True,True,False
9554.T,9554,ＡＶｉＣ,グロース（内国株式）,サービス業,-,2026-08-21,1014.0,1800.0,61471250.0,36590.0,66600000.0,False,True,True,True,True,False
7554.T,7554,幸楽苑,プライム（内国株式）,小売業,TOPIX Small 2,2026-08-21,2599.0,1170.0,61118225.0,53635.0,55809000.0,False,True,True,True,True,False
7608.T,7608,エスケイジャパン,スタンダード（内国株式）,卸売業,-,2026-08-21,2599.0,842.0,60963340.0,75815.0,55066800.0,False,True,True,True,True,False
4572.T,4572,カルナバイオサイエンス,グロース（内国株式）,医薬品,-,2026-08-21,2599.0,403.0,60941715.0,173400.0,36673000.0,False,True,True,True,True,False
4884.T,4884,クリングルファーマ,グロース（内国株式）,医薬品,-,2026-08-21,1381.0,430.0,60932455.0,153865.0,68112000.0,False,True,True,True,True,False
250A.T,250A,シマダヤ,スタンダード（内国株式）,食料品,TOPIX Small 2,2026-08-21,461.0,1620.0,60696135.0,37080.0,44874000.0,False,True,True,True,True,False
2477.T,2477,手間いらず,スタンダード（内国株式）,情報・通信業,TOPIX Small 2,2026-08-21,2599.0,3090.0,60533585.0,22015.0,28737000.0,False,True,True,True,True,False
2003.T,2003,日東富士製粉,スタンダード（内国株式）,食料品,TOPIX Small 2,2026-08-21,2599.0,1821.0,60417580.0,34010.0,44432400.0,False,True,True,True,True,False
3199.T,3199,綿半ホールディングス,プライム（内国株式）,小売業,TOPIX Small 2,2026-08-21,2599.0,1328.0,59939075.0,45420.0,36254400.0,False,True,True,True,True,False
6466.T,6466,ＴＶＥ,スタンダード（内国株式）,機械,-,2026-08-21,2599.0,3780.0,59690225.0,14930.0,45360000.0,False,True,True,True,True,False
8416.T,8416,高知銀行,スタンダード（内国株式）,銀行業,-,2026-08-21,2599.0,1158.0,59653730.0,52565.0,14938200.0,False,True,True,True,True,False
3070.T,3070,ジェリービーンズグループ,グロース（内国株式）,卸売業,-,2026-08-21,2599.0,71.0,59536130.0,834065.0,47328600.0,False,False,True,True,True,False
3109.T,3109,シキボウ,プライム（内国株式）,繊維製品,TOPIX Small 2,2026-08-21,2599.0,1089.0,59518575.0,56565.0,43233300.0,False,True,True,True,True,False
5184.T,5184,ニチリン,スタンダード（内国株式）,ゴム製品,-,2026-08-21,2599.0,4140.0,59420725.0,14425.0,44298000.0,False,True,True,True,True,False
6033.T,6033,エクストリーム,グロース（内国株式）,サービス業,-,2026-08-21,2599.0,1662.0,59353895.0,35200.0,19611600.0,False,True,True,True,True,False
504A.T,504A,イノバセル,グロース（内国株式）,医薬品,-,2026-08-21,122.0,633.0,59158750.0,110030.0,76149900.0,False,True,False,True,True,False
8563.T,8563,大東銀行,スタンダード（内国株式）,銀行業,-,2026-08-21,2599.0,1107.0,58374840.0,54555.0,30885300.0,False,True,True,True,True,False
3878.T,3878,巴川コーポレーション,スタンダード（内国株式）,化学,-,2026-08-21,2599.0,873.0,58252410.0,67980.0,20079000.0,False,True,True,True,True,False
3083.T,3083,スターシーズ,スタンダード（内国株式）,小売業,-,2026-08-21,2599.0,958.0,58236710.0,60755.0,15711200.0,False,True,True,True,True,False
7375.T,7375,リファインバースグループ,グロース（内国株式）,サービス業,-,2026-08-21,1257.0,1174.0,58233490.0,49015.0,27471600.0,False,True,True,True,True,False
4594.T,4594,ブライトパス・バイオ,グロース（内国株式）,医薬品,-,2026-08-21,2599.0,53.0,57859505.0,1137455.0,66711100.0,False,False,True,True,True,False
7820.T,7820,ニホンフラッシュ,プライム（内国株式）,その他製品,TOPIX Small 2,2026-08-21,2599.0,718.0,57533360.0,80665.0,36833400.0,False,True,True,True,True,False
5132.T,5132,ｐｌｕｓｚｅｒｏ,グロース（内国株式）,情報・通信業,-,2026-08-21,932.0,2023.0,57524700.0,30440.0,33379500.0,False,True,True,True,True,False
7955.T,7955,クリナップ,プライム（内国株式）,その他製品,TOPIX Small 2,2026-08-21,2599.0,1001.0,57245710.0,60765.0,59859800.0,False,True,True,True,True,False
2305.T,2305,スタジオアリス,スタンダード（内国株式）,サービス業,TOPIX Small 2,2026-08-21,2599.0,1928.0,57154080.0,29280.0,64973600.0,False,True,True,True,True,False
5597.T,5597,ブルーイノベーション,グロース（内国株式）,情報・通信業,-,2026-08-21,657.0,1363.0,57076220.0,45155.0,34756500.0,False,True,True,True,True,False
9622.T,9622,スペース,プライム（内国株式）,サービス業,TOPIX Small 2,2026-08-21,2599.0,1460.0,56901020.0,39425.0,64970000.0,False,True,True,True,True,False
7683.T,7683,ダブルエー,プライム（内国株式）,小売業,TOPIX Small 2,2026-08-21,1661.0,1407.0,56650675.0,40840.0,27014400.0,False,True,True,True,True,False
7039.T,7039,ブリッジインターナショナルグループ,グロース（内国株式）,サービス業,-,2026-08-21,1924.0,1353.0,56543965.0,39555.0,41266500.0,False,True,True,True,True,False
5902.T,5902,ホッカンホールディングス,プライム（内国株式）,金属製品,TOPIX Small 2,2026-08-21,2599.0,2744.0,56471515.0,22425.0,66130400.0,False,True,True,True,True,False
4255.T,4255,ＴＨＥＣＯＯ,グロース（内国株式）,情報・通信業,-,2026-08-21,1140.0,3530.0,56446375.0,15600.0,23651000.0,False,True,True,True,True,False
7525.T,7525,リックス,プライム（内国株式）,卸売業,TOPIX Small 2,2026-08-21,2599.0,3690.0,56075775.0,15370.0,36162000.0,False,True,True,True,True,False
8869.T,8869,明和地所,スタンダード（内国株式）,不動産業,TOPIX Small 2,2026-08-21,2599.0,844.0,56033320.0,67280.0,35954400.0,False,True,True,True,True,False
9450.T,9450,ファイバーゲート,スタンダード（内国株式）,情報・通信業,TOPIX Small 2,2026-08-21,2062.0,770.0,55982410.0,72600.0,40040000.0,False,True,True,True,True,False
5034.T,5034,ｕｎｅｒｒｙ,グロース（内国株式）,情報・通信業,-,2026-08-21,995.0,2113.0,55934150.0,26135.0,24722100.0,False,True,True,True,True,False
5572.T,5572,Ｒｉｄｇｅ－ｉ,グロース（内国株式）,情報・通信業,-,2026-08-21,811.0,2806.0,55816615.0,22145.0,76603800.0,False,True,True,True,True,False
7235.T,7235,東京ラヂエーター製造,スタンダード（内国株式）,輸送用機器,-,2026-08-21,2599.0,1581.0,55743725.0,35625.0,30829500.0,False,True,True,True,True,False
2209.T,2209,井村屋グループ,プライム（内国株式）,食料品,TOPIX Small 2,2026-08-21,2599.0,2417.0,55658050.0,23405.0,41089000.0,False,True,True,True,True,False
1375.T,1375,ユキグニファクトリー,プライム（内国株式）,水産・農林業,TOPIX Small 2,2026-08-21,1448.0,1167.0,55448250.0,47940.0,42245400.0,False,True,True,True,True,False
4301.T,4301,アミューズ,プライム（内国株式）,サービス業,TOPIX Small 2,2026-08-21,2599.0,1933.0,55444150.0,28590.0,43685800.0,False,True,True,True,True,False
3723.T,3723,日本ファルコム,グロース（内国株式）,情報・通信業,-,2026-08-21,2599.0,2871.0,55368345.0,20105.0,24403500.0,False,True,True,True,True,False
7893.T,7893,プロネクサス,プライム（内国株式）,その他製品,TOPIX Small 2,2026-08-21,2599.0,1158.0,55045790.0,47760.0,56626200.0,False,True,True,True,True,False
7326.T,7326,ＳＢＩインシュアランスグループ,グロース（内国株式）,保険業,-,2026-08-21,1929.0,2098.0,54855085.0,26135.0,76157400.0,False,True,True,True,True,False
6763.T,6763,帝国通信工業,プライム（内国株式）,電気機器,TOPIX Small 2,2026-08-21,2599.0,2907.0,54664285.0,19150.0,53488800.0,False,True,True,True,True,False
3683.T,3683,サイバーリンクス,スタンダード（内国株式）,情報・通信業,-,2026-08-21,2599.0,1121.0,54537220.0,50240.0,26567700.0,False,True,True,True,True,False
8226.T,8226,理経,スタンダード（内国株式）,卸売業,-,2026-08-21,2599.0,397.0,54263090.0,145605.0,30648400.0,False,True,True,True,True,False
3914.T,3914,ＪＩＧ－ＳＡＷ,グロース（内国株式）,情報・通信業,-,2026-08-21,2599.0,2342.0,54204610.0,23015.0,37940400.0,False,True,True,True,True,False
4040.T,4040,南海化学,スタンダード（内国株式）,化学,-,2026-08-21,816.0,3860.0,54075150.0,14420.0,23932000.0,False,True,True,True,True,False
6620.T,6620,宮越ホールディングス,プライム（内国株式）,不動産業,TOPIX Small 2,2026-08-21,2599.0,710.0,54044815.0,79345.0,29891000.0,False,True,True,True,True,False
5998.T,5998,アドバネクス,スタンダード（内国株式）,金属製品,-,2026-08-21,2599.0,2334.0,53725035.0,21480.0,9802800.0,False,True,True,True,True,False
9990.T,9990,サックスバー　ホールディングス,プライム（内国株式）,小売業,TOPIX Small 2,2026-08-21,2599.0,757.0,53491155.0,70345.0,48523700.0,False,True,True,True,True,False
5958.T,5958,三洋工業,スタンダード（内国株式）,金属製品,-,2026-08-21,2599.0,4605.0,53441350.0,11430.0,6907500.0,False,True,True,True,True,False
2804.T,2804,ブルドックソース,プライム（内国株式）,食料品,TOPIX Small 2,2026-08-21,2599.0,1845.0,53384360.0,29250.0,80626500.0,False,True,True,True,True,False
6822.T,6822,大井電気,スタンダード（内国株式）,電気機器,-,2026-08-21,2599.0,4950.0,53300775.0,10535.0,45045000.0,False,True,True,True,True,False
4053.T,4053,Ｓｕｎ　Ａｓｔｅｒｉｓｋ,プライム（内国株式）,情報・通信業,TOPIX Small 2,2026-08-21,1481.0,467.0,53262780.0,117090.0,35678800.0,False,True,True,True,True,False
6539.T,6539,ＭＳ－Ｊａｐａｎ,プライム（内国株式）,サービス業,TOPIX Small 2,2026-08-21,2386.0,1014.0,52959365.0,53140.0,32143800.0,False,True,True,True,True,False
1780.T,1780,ヤマウラ,プライム（内国株式）,建設業,TOPIX Small 2,2026-08-21,2599.0,1478.0,52885140.0,35780.0,39758200.0,False,True,True,True,True,False
6291.T,6291,日本エアーテック,スタンダード（内国株式）,機械,TOPIX Small 2,2026-08-21,2599.0,1352.0,52527520.0,39295.0,23524800.0,False,True,True,True,True,False
4591.T,4591,リボミック,グロース（内国株式）,医薬品,-,2026-08-21,2599.0,81.0,52410010.0,691445.0,49069800.0,False,False,True,True,True,False
8596.T,8596,九州リースサービス,スタンダード（内国株式）,その他金融業,-,2026-08-21,2400.0,1626.0,52372520.0,32815.0,22601400.0,False,True,True,True,True,False
3678.T,3678,メディアドゥ,プライム（内国株式）,情報・通信業,TOPIX Small 2,2026-08-21,2599.0,1289.0,52369785.0,40895.0,24104300.0,False,True,True,True,True,False
4366.T,4366,ダイトーケミックス,スタンダード（内国株式）,化学,-,2026-08-21,2599.0,438.0,52306020.0,120695.0,14629200.0,False,True,True,True,True,False
5258.T,5258,トランザクション・メディア・ネットワークス,グロース（内国株式）,情報・通信業,-,2026-08-21,828.0,441.0,52210980.0,120120.0,26283600.0,False,True,True,True,True,False
6047.T,6047,Ｇｕｎｏｓｙ,スタンダード（内国株式）,サービス業,TOPIX Small 2,2026-08-21,2599.0,414.0,52062685.0,138280.0,34610400.0,False,True,True,True,True,False
253A.T,253A,ＥＴＳグループ,スタンダード（内国株式）,建設業,-,2026-08-21,2599.0,1037.0,51982215.0,49235.0,12547700.0,False,True,True,True,True,False
3580.T,3580,小松マテーレ,プライム（内国株式）,繊維製品,TOPIX Small 2,2026-08-21,2599.0,761.0,51924085.0,70625.0,41246200.0,False,True,True,True,True,False
2469.T,2469,ヒビノ,スタンダード（内国株式）,サービス業,-,2026-08-21,2599.0,2786.0,51440320.0,19030.0,48476400.0,False,True,True,True,True,False
3010.T,3010,ポラリス・ホールディングス,スタンダード（内国株式）,サービス業,-,2026-08-21,2599.0,190.0,51352780.0,264325.0,18829000.0,False,False,True,True,True,False
2217.T,2217,モロゾフ,プライム（内国株式）,食料品,TOPIX Small 2,2026-08-21,2599.0,1514.0,51250570.0,33490.0,34822000.0,False,True,True,True,True,False
6317.T,6317,北川鉄工所,スタンダード（内国株式）,機械,TOPIX Small 2,2026-08-21,2599.0,1881.0,51185750.0,28830.0,39124800.0,False,True,True,True,True,False
8095.T,8095,アステナホールディングス,プライム（内国株式）,卸売業,TOPIX Small 2,2026-08-21,2599.0,538.0,51027250.0,97895.0,74405400.0,False,True,True,True,True,False
7161.T,7161,じもとホールディングス,スタンダード（内国株式）,銀行業,-,2026-08-21,2599.0,558.0,51000415.0,95225.0,42687000.0,False,True,True,True,True,False
2461.T,2461,ファンコミュニケーションズ,プライム（内国株式）,サービス業,TOPIX Small 2,2026-08-21,2599.0,397.0,50871575.0,128220.0,30370500.0,False,True,True,True,True,False
5244.T,5244,ｊｉｇ．ｊｐ,グロース（内国株式）,情報・通信業,-,2026-08-21,896.0,181.0,50781445.0,288780.0,35421700.0,False,False,True,True,True,False
7466.T,7466,ＳＰＫ,プライム（内国株式）,卸売業,TOPIX Small 2,2026-08-21,2599.0,1470.0,50756645.0,36565.0,86877000.0,False,True,True,True,True,False
4463.T,4463,日華化学,スタンダード（内国株式）,化学,-,2026-08-21,2599.0,2000.0,50737755.0,25370.0,57000000.0,False,True,True,True,True,False
6482.T,6482,ＹＵＳＨＩＮ,スタンダード（内国株式）,機械,TOPIX Small 2,2026-08-21,2599.0,733.0,50680045.0,72430.0,32911700.0,False,True,True,True,True,False
478A.T,478A,フツパー,グロース（内国株式）,情報・通信業,-,2026-08-21,160.0,795.0,50526480.0,66250.0,30130500.0,False,True,False,True,True,False
3976.T,3976,シャノン,グロース（内国株式）,情報・通信業,-,2026-08-21,2358.0,717.0,50414670.0,76740.0,88119300.0,False,True,True,True,True,False
261A.T,261A,日水コン,スタンダード（内国株式）,サービス業,-,2026-08-21,451.0,1962.0,50325885.0,25425.0,14715000.0,False,True,True,True,True,False
2884.T,2884,ヨシムラ・フード・ホールディングス,プライム（内国株式）,食料品,TOPIX Small 2,2026-08-21,2578.0,677.0,50290550.0,79305.0,66752200.0,False,True,True,True,True,False
3189.T,3189,ＡＮＡＰホールディングス,スタンダード（内国株式）,小売業,-,2026-08-21,2599.0,163.0,50035500.0,372530.0,558747700.0,False,False,True,True,True,False
4994.T,4994,大成ラミックグループ,スタンダード（内国株式）,化学,TOPIX Small 2,2026-08-21,2599.0,2809.0,50005875.0,18875.0,89888000.0,False,True,True,True,True,False
2698.T,2698,キャンドゥ,スタンダード（内国株式）,小売業,TOPIX Small 2,2026-08-21,2599.0,3675.0,49885525.0,13770.0,142957500.0,False,True,True,True,True,False
7061.T,7061,日本ホスピスホールディングス,グロース（内国株式）,サービス業,-,2026-08-21,1806.0,486.0,49734940.0,96440.0,49766400.0,False,True,True,True,True,False
4571.T,4571,ＮＡＮＯホールディングス,グロース（内国株式）,医薬品,-,2026-08-21,2599.0,108.0,49728305.0,479230.0,50230800.0,False,False,True,True,True,False
378A.T,378A,ヒット,グロース（内国株式）,サービス業,-,2026-08-21,276.0,1030.0,49559670.0,46340.0,44805000.0,False,True,True,True,True,False
3551.T,3551,ダイニック,スタンダード（内国株式）,繊維製品,-,2026-08-21,2599.0,1628.0,49529910.0,32940.0,20512800.0,False,True,True,True,True,False
3031.T,3031,ラクーンホールディングス,プライム（内国株式）,情報・通信業,TOPIX Small 2,2026-08-21,2599.0,653.0,49438835.0,77105.0,43751000.0,False,True,True,True,True,False
6699.T,6699,ダイヤモンドエレクトリックホールディングス,スタンダード（内国株式）,電気機器,TOPIX Small 2,2026-08-21,1927.0,527.0,49387850.0,98570.0,38471000.0,False,True,True,True,True,False
6358.T,6358,酒井重工業,プライム（内国株式）,機械,TOPIX Small 2,2026-08-21,2599.0,2172.0,49153540.0,22730.0,41919600.0,False,True,True,True,True,False
9081.T,9081,神奈川中央交通,プライム（内国株式）,陸運業,TOPIX Small 2,2026-08-21,2599.0,3950.0,49143150.0,12650.0,47795000.0,False,True,True,True,True,False
4977.T,4977,新田ゼラチン,スタンダード（内国株式）,化学,-,2026-08-21,2599.0,1202.0,49117315.0,38985.0,32333800.0,False,True,True,True,True,False
1904.T,1904,大成温調,スタンダード（内国株式）,建設業,-,2026-08-21,2599.0,5130.0,49114350.0,9620.0,21033000.0,False,True,True,True,True,False
9733.T,9733,ナガセ,スタンダード（内国株式）,サービス業,-,2026-08-21,2599.0,2308.0,49052220.0,21295.0,22156800.0,False,True,True,True,True,False
2997.T,2997,ストレージ王,グロース（内国株式）,不動産業,-,2026-08-21,1056.0,1324.0,49049565.0,36735.0,25420800.0,False,True,True,True,True,False
5136.T,5136,ｔｒｉｐｌａ,グロース（内国株式）,情報・通信業,-,2026-08-21,915.0,1987.0,49043650.0,27130.0,44111400.0,False,True,True,True,True,False
6137.T,6137,小池酸素工業,スタンダード（内国株式）,機械,-,2026-08-21,2599.0,1469.0,48989425.0,32480.0,37753300.0,False,True,True,True,True,False
8927.T,8927,明豊エンタープライズ,スタンダード（内国株式）,不動産業,-,2026-08-21,2599.0,478.0,48976295.0,105555.0,21462200.0,False,True,True,True,True,False
2753.T,2753,あみやき亭,プライム（内国株式）,小売業,TOPIX Small 2,2026-08-21,2599.0,1391.0,48974590.0,35880.0,31158400.0,False,True,True,True,True,False
3035.T,3035,ケイティケイ,スタンダード（内国株式）,卸売業,-,2026-08-21,2599.0,769.0,48915810.0,61540.0,31144500.0,False,True,True,True,True,False
431A.T,431A,ユーソナー,グロース（内国株式）,情報・通信業,-,2026-08-21,206.0,2175.0,48907845.0,23680.0,35670000.0,False,True,False,True,True,False
3777.T,3777,環境フレンドリーホールディングス,グロース（内国株式）,情報・通信業,-,2026-08-21,2599.0,49.0,48586800.0,1048595.0,24176600.0,False,False,True,True,True,False
3548.T,3548,バロックジャパンリミテッド,プライム（内国株式）,小売業,TOPIX Small 2,2026-08-21,2417.0,730.0,48544500.0,66225.0,34967000.0,False,True,True,True,True,False
2359.T,2359,コア,プライム（内国株式）,情報・通信業,TOPIX Small 2,2026-08-21,2599.0,2118.0,48429940.0,23525.0,23509800.0,False,True,True,True,True,False
1433.T,1433,ベステラ,プライム（内国株式）,建設業,-,2026-08-21,2599.0,1195.0,48392385.0,42245.0,14937500.0,False,True,True,True,True,False
2933.T,2933,紀文食品,プライム（内国株式）,食料品,TOPIX Small 2,2026-08-21,1310.0,1133.0,48318620.0,43530.0,42487500.0,False,True,True,True,True,False
4951.T,4951,エステー,プライム（内国株式）,化学,TOPIX Small 2,2026-08-21,2599.0,1538.0,48247875.0,31705.0,95048400.0,False,True,True,True,True,False
7927.T,7927,ムトー精工,スタンダード（内国株式）,化学,-,2026-08-21,2599.0,2260.0,48242145.0,21440.0,23052000.0,False,True,True,True,True,False
6730.T,6730,アクセル,スタンダード（内国株式）,電気機器,TOPIX Small 2,2026-08-21,2599.0,1199.0,48228510.0,42855.0,38008300.0,False,True,True,True,True,False
2922.T,2922,なとり,プライム（内国株式）,食料品,TOPIX Small 2,2026-08-21,2599.0,2006.0,48224990.0,24325.0,48344600.0,False,True,True,True,True,False
7520.T,7520,エコス,プライム（内国株式）,小売業,TOPIX Small 2,2026-08-21,2599.0,2637.0,48128115.0,19200.0,70144200.0,False,True,True,True,True,False
9341.T,9341,ＧＥＮＯＶＡ,プライム（内国株式）,サービス業,TOPIX Small 2,2026-08-21,895.0,625.0,48003775.0,77190.0,16187500.0,False,True,True,True,True,False
7603.T,7603,ジーイエット,スタンダード（内国株式）,小売業,-,2026-08-21,2599.0,48.0,47927825.0,1005460.0,421742400.0,False,False,True,True,True,False
5757.T,5757,ＣＫサンエツ,プライム（内国株式）,非鉄金属,TOPIX Small 2,2026-08-21,2323.0,5350.0,47919250.0,9290.0,38520000.0,False,True,True,True,True,False
9319.T,9319,中央倉庫,プライム（内国株式）,倉庫・運輸関連業,TOPIX Small 2,2026-08-21,2599.0,1836.0,47824825.0,26625.0,27540000.0,False,True,True,True,True,False
5621.T,5621,ヒューマンテクノロジーズ,グロース（内国株式）,情報・通信業,-,2026-08-21,649.0,1630.0,47387245.0,28790.0,45477000.0,False,True,True,True,True,False
4446.T,4446,Ｌｉｎｋ－Ｕグループ,スタンダード（内国株式）,情報・通信業,-,2026-08-21,1732.0,855.0,47340350.0,57145.0,16929000.0,False,True,True,True,True,False
9644.T,9644,タナベコンサルティンググループ,プライム（内国株式）,サービス業,TOPIX Small 2,2026-08-21,2599.0,776.0,47051850.0,62130.0,25530400.0,False,True,True,True,True,False
545A.T,545A,トランヴィア,プライム（内国株式）,情報・通信業,TOPIX Small 2,2026-08-21,96.0,984.0,46980200.0,50150.0,57072000.0,False,True,False,True,True,False
7819.T,7819,粧美堂,スタンダード（内国株式）,その他製品,-,2026-08-21,2599.0,964.0,46845855.0,48615.0,31233600.0,False,True,True,True,True,False
9908.T,9908,日本電計,スタンダード（内国株式）,卸売業,-,2026-08-21,2599.0,2711.0,46809180.0,17560.0,24127900.0,False,True,True,True,True,False
7771.T,7771,日本精密,スタンダード（内国株式）,精密機器,-,2026-08-21,2599.0,293.0,46567080.0,159180.0,30735700.0,False,True,True,True,True,False
155A.T,155A,情報戦略テクノロジー,グロース（内国株式）,情報・通信業,-,2026-08-21,587.0,820.0,46464095.0,55730.0,16646000.0,False,True,True,True,True,False
8203.T,8203,ＭｒＭａｘＨＤ,プライム（内国株式）,小売業,TOPIX Small 2,2026-08-21,2599.0,794.0,46443185.0,59180.0,54786000.0,False,True,True,True,True,False
5932.T,5932,三協立山,プライム（内国株式）,金属製品,TOPIX Small 2,2026-08-21,2599.0,677.0,46425240.0,70475.0,39672200.0,False,True,True,True,True,False
5586.T,5586,Ｌａｂｏｒｏ．ＡＩ,グロース（内国株式）,情報・通信業,-,2026-08-21,748.0,895.0,46421435.0,53400.0,40006500.0,False,True,True,True,True,False
6562.T,6562,ジーニー,グロース（内国株式）,サービス業,-,2026-08-21,2132.0,863.0,46411500.0,48740.0,74994700.0,False,True,True,True,True,False
5284.T,5284,ヤマウホールディングス,スタンダード（内国株式）,ガラス・土石製品,-,2026-08-21,2599.0,2258.0,46195265.0,20130.0,16031800.0,False,True,True,True,True,False
4395.T,4395,アクリート,グロース（内国株式）,情報・通信業,-,2026-08-21,1974.0,693.0,46165300.0,67335.0,11642400.0,False,True,True,True,True,False
4019.T,4019,スタメン,グロース（内国株式）,情報・通信業,-,2026-08-21,1390.0,642.0,46152805.0,72930.0,51873600.0,False,True,True,True,True,False
7840.T,7840,フランスベッドホールディングス,プライム（内国株式）,その他製品,TOPIX Small 2,2026-08-21,2599.0,1292.0,45994060.0,36260.0,73644000.0,False,True,True,True,True,False
4584.T,4584,キッズウェル・バイオ,グロース（内国株式）,医薬品,-,2026-08-21,2599.0,170.0,45588350.0,292395.0,46223000.0,False,False,True,True,True,False
4574.T,4574,大幸薬品,プライム（内国株式）,医薬品,TOPIX Small 2,2026-08-21,2599.0,268.0,45568485.0,176900.0,22699600.0,False,True,True,True,True,False
4937.T,4937,Ｗａｑｏｏ,グロース（内国株式）,化学,-,2026-08-21,1259.0,2457.0,45554405.0,21255.0,35135100.0,False,True,True,True,True,False
6820.T,6820,アイコム,プライム（内国株式）,電気機器,TOPIX Small 2,2026-08-21,2599.0,3530.0,45525650.0,13475.0,33535000.0,False,True,True,True,True,False
3773.T,3773,アドバンスト・メディア,グロース（内国株式）,情報・通信業,-,2026-08-21,2599.0,1029.0,45501110.0,42405.0,42806400.0,False,True,True,True,True,False
1716.T,1716,第一カッター興業,スタンダード（内国株式）,建設業,TOPIX Small 2,2026-08-21,2599.0,1435.0,45359415.0,31720.0,31139500.0,False,True,True,True,True,False
9273.T,9273,コーア商事ホールディングス,プライム（内国株式）,卸売業,TOPIX Small 2,2026-08-21,1999.0,767.0,45347605.0,58545.0,26078000.0,False,True,True,True,True,False
9204.T,9204,スカイマーク,グロース（内国株式）,空運業,-,2026-08-21,2599.0,427.0,45304160.0,109290.0,68490800.0,False,True,True,True,True,False
6955.T,6955,ＦＤＫ,スタンダード（内国株式）,電気機器,-,2026-08-21,2599.0,403.0,45278580.0,113445.0,13460200.0,False,True,True,True,True,False
5729.T,5729,日本精鉱,スタンダード（内国株式）,非鉄金属,-,2026-08-21,2599.0,1786.0,45065365.0,27620.0,26075600.0,False,True,True,True,True,False
3930.T,3930,はてな,グロース（内国株式）,情報・通信業,-,2026-08-21,2584.0,753.0,44929570.0,51820.0,12650400.0,False,True,True,True,True,False
3242.T,3242,アーバネットコーポレーション,スタンダード（内国株式）,不動産業,-,2026-08-21,2599.0,523.0,44911130.0,88405.0,29444900.0,False,True,True,True,True,False
7305.T,7305,新家工業,スタンダード（内国株式）,鉄鋼,-,2026-08-21,2599.0,2697.0,44875745.0,16800.0,35600400.0,False,True,True,True,True,False
9856.T,9856,ケーユーホールディングス,スタンダード（内国株式）,小売業,TOPIX Small 2,2026-08-21,2599.0,1243.0,44856065.0,37095.0,24984300.0,False,True,True,True,True,False
7082.T,7082,ジモティー,グロース（内国株式）,サービス業,-,2026-08-21,1596.0,1406.0,44803745.0,31885.0,124993400.0,False,True,True,True,True,False
2693.T,2693,ＹＫＴ,スタンダード（内国株式）,卸売業,-,2026-08-21,2599.0,300.0,44409645.0,137240.0,14190000.0,False,True,True,True,True,False
4792.T,4792,山田コンサルティンググループ,プライム（内国株式）,サービス業,TOPIX Small 2,2026-08-21,2599.0,1741.0,44267630.0,26240.0,33601300.0,False,True,True,True,True,False
6078.T,6078,バリューＨＲ,プライム（内国株式）,サービス業,TOPIX Small 2,2026-08-21,2599.0,1590.0,44056415.0,28930.0,36729000.0,False,True,True,True,True,False
7800.T,7800,アミファ,スタンダード（内国株式）,その他製品,-,2026-08-21,1689.0,1016.0,44050510.0,43860.0,4673600.0,False,True,True,True,True,False
2378.T,2378,ルネサンス,プライム（内国株式）,サービス業,TOPIX Small 2,2026-08-21,2599.0,1068.0,43846580.0,41340.0,46458000.0,False,True,True,True,True,False
2198.T,2198,アイ・ケイ・ケイホールディングス,プライム（内国株式）,サービス業,-,2026-08-21,2599.0,795.0,43772195.0,55585.0,20829000.0,False,True,True,True,True,False
8860.T,8860,フジ住宅,プライム（内国株式）,不動産業,TOPIX Small 2,2026-08-21,2599.0,771.0,43737305.0,57785.0,38550000.0,False,True,True,True,True,False
7823.T,7823,アートネイチャー,スタンダード（内国株式）,その他製品,TOPIX Small 2,2026-08-21,2599.0,863.0,43658815.0,51010.0,49363600.0,False,True,True,True,True,False
9535.T,9535,広島ガス,プライム（内国株式）,電気・ガス業,TOPIX Small 2,2026-08-21,2599.0,424.0,43635235.0,104255.0,73648800.0,False,True,True,True,True,False
4771.T,4771,エフアンドエム,スタンダード（内国株式）,サービス業,-,2026-08-21,2599.0,2750.0,43595025.0,16875.0,42075000.0,False,True,True,True,True,False
9769.T,9769,学究社,プライム（内国株式）,サービス業,TOPIX Small 2,2026-08-21,2599.0,2624.0,43575100.0,16375.0,27027200.0,False,True,True,True,True,False
4179.T,4179,ジーネクスト,グロース（内国株式）,情報・通信業,-,2026-08-21,1323.0,360.0,43560285.0,121795.0,12096000.0,False,True,True,True,True,False
6493.T,6493,ＮＩＴＴＡＮ,スタンダード（内国株式）,輸送用機器,-,2026-08-21,2599.0,512.0,43523305.0,88810.0,20428800.0,False,True,True,True,True,False
7358.T,7358,ポピンズ,スタンダード（内国株式）,サービス業,TOPIX Small 2,2026-08-21,1386.0,1818.0,43304260.0,26245.0,57812400.0,False,True,True,True,True,False
3529.T,3529,アツギ,スタンダード（内国株式）,繊維製品,-,2026-08-21,2599.0,1059.0,43238280.0,40830.0,34523400.0,False,True,True,True,True,False
9216.T,9216,ビーウィズ,プライム（内国株式）,サービス業,TOPIX Small 2,2026-08-21,1095.0,1690.0,43198940.0,26500.0,15379000.0,False,True,True,True,True,False
7957.T,7957,フジコピアン,スタンダード（内国株式）,その他製品,-,2026-08-21,2599.0,2456.0,42794495.0,17415.0,16700800.0,False,True,True,True,True,False
6224.T,6224,ＪＲＣ,グロース（内国株式）,機械,-,2026-08-21,741.0,1133.0,42785680.0,38240.0,25492500.0,False,True,True,True,True,False
4719.T,4719,アルファシステムズ,プライム（内国株式）,情報・通信業,TOPIX Small 2,2026-08-21,2599.0,3415.0,42656850.0,12680.0,30735000.0,False,True,True,True,True,False
5255.T,5255,モンスターラボ,グロース（内国株式）,情報・通信業,-,2026-08-21,833.0,90.0,42572360.0,450655.0,12429000.0,False,False,True,True,True,False
3691.T,3691,デジタルプラス,グロース（内国株式）,情報・通信業,-,2026-08-21,2599.0,1856.0,42440875.0,25100.0,25056000.0,False,True,True,True,True,False
8737.T,8737,あかつき本社,スタンダード（内国株式）,証券、商品先物取引業,-,2026-08-21,2599.0,641.0,42432085.0,68265.0,16409600.0,False,True,True,True,True,False
1384.T,1384,ホクリヨウ,スタンダード（内国株式）,水産・農林業,-,2026-08-21,2599.0,2213.0,42393875.0,20040.0,32309800.0,False,True,True,True,True,False
2676.T,2676,高千穂交易,プライム（内国株式）,卸売業,TOPIX Small 2,2026-08-21,2599.0,2080.0,42375080.0,20485.0,19760000.0,False,True,True,True,True,False
2294.T,2294,柿安本店,プライム（内国株式）,食料品,TOPIX Small 2,2026-08-21,2599.0,2641.0,42273525.0,16270.0,39350900.0,False,True,True,True,True,False
4583.T,4583,カイオム・バイオサイエンス,グロース（内国株式）,医薬品,-,2026-08-21,2599.0,84.0,42164000.0,546975.0,34960800.0,False,False,True,True,True,False
8705.T,8705,日産証券グループ,スタンダード（内国株式）,証券、商品先物取引業,-,2026-08-21,2599.0,217.0,42082385.0,193440.0,10047100.0,False,True,True,True,True,False
5582.T,5582,グリッド,グロース（内国株式）,情報・通信業,-,2026-08-21,762.0,1985.0,42054465.0,21270.0,27393000.0,False,True,True,True,True,False
3446.T,3446,ジェイテックコーポレーション,スタンダード（内国株式）,金属製品,-,2026-08-21,2079.0,1610.0,42017805.0,27170.0,21574000.0,False,True,True,True,True,False
2163.T,2163,アルトナー,プライム（内国株式）,サービス業,-,2026-08-21,2599.0,974.0,41993685.0,43325.0,19772200.0,False,True,True,True,True,False
4582.T,4582,シンバイオ製薬,グロース（内国株式）,医薬品,-,2026-08-21,2599.0,65.0,41862840.0,614120.0,48314500.0,False,False,True,True,True,False
3640.T,3640,電算,スタンダード（内国株式）,情報・通信業,-,2026-08-21,2599.0,2778.0,41598830.0,15740.0,13890000.0,False,True,True,True,True,False
3793.T,3793,ドリコム,グロース（内国株式）,情報・通信業,-,2026-08-21,2599.0,491.0,41481360.0,92360.0,45172000.0,False,True,True,True,True,False
3418.T,3418,バルニバービ,グロース（内国株式）,小売業,-,2026-08-21,2599.0,1048.0,41355315.0,38655.0,28505600.0,False,True,True,True,True,False
6912.T,6912,菊水ホールディングス,スタンダード（内国株式）,電気機器,-,2026-08-21,2599.0,2412.0,41329545.0,18120.0,25567200.0,False,True,True,True,True,False
6658.T,6658,シライ電子工業,スタンダード（内国株式）,電気機器,-,2026-08-21,2599.0,449.0,41284260.0,93595.0,20339700.0,False,True,True,True,True,False
6643.T,6643,戸上電機製作所,スタンダード（内国株式）,電気機器,-,2026-08-21,2599.0,5690.0,41280250.0,7355.0,9673000.0,False,True,True,True,True,False
1972.T,1972,三晃金属工業,スタンダード（内国株式）,建設業,-,2026-08-21,2599.0,1325.0,41256025.0,31775.0,51542500.0,False,True,True,True,True,False
8285.T,8285,三谷産業,スタンダード（内国株式）,卸売業,TOPIX Small 2,2026-08-21,2599.0,786.0,41225905.0,55690.0,26645400.0,False,True,True,True,True,False
4923.T,4923,コタ,プライム（内国株式）,化学,TOPIX Small 2,2026-08-21,2599.0,1253.0,41188830.0,33690.0,30949100.0,False,True,True,True,True,False
4448.T,4448,ｋｕｂｅｌｌ,グロース（内国株式）,情報・通信業,-,2026-08-21,1687.0,365.0,41115115.0,127300.0,23104500.0,False,True,True,True,True,False
2323.T,2323,ｆｏｎｆｕｎ,スタンダード（内国株式）,情報・通信業,-,2026-08-21,2599.0,323.0,41010970.0,124850.0,16666800.0,False,True,True,True,True,False
7482.T,7482,シモジマ,プライム（内国株式）,卸売業,TOPIX Small 2,2026-08-21,2599.0,1498.0,40915255.0,28450.0,47187000.0,False,True,True,True,True,False
9941.T,9941,太洋物産,スタンダード（内国株式）,卸売業,-,2026-08-21,2599.0,1169.0,40633530.0,33530.0,8884400.0,False,True,True,True,True,False
2882.T,2882,イートアンドホールディングス,プライム（内国株式）,食料品,TOPIX Small 2,2026-08-21,2599.0,2057.0,40609440.0,19710.0,30649300.0,False,True,True,True,True,False
7937.T,7937,ツツミ,スタンダード（内国株式）,その他製品,TOPIX Small 2,2026-08-21,2599.0,2603.0,40583835.0,15750.0,64814700.0,False,True,True,True,True,False
9979.T,9979,大庄,スタンダード（内国株式）,小売業,TOPIX Small 2,2026-08-21,2599.0,1100.0,40495375.0,36595.0,44330000.0,False,True,True,True,True,False
9028.T,9028,ゼロ,スタンダード（内国株式）,陸運業,-,2026-08-21,2599.0,3570.0,40490100.0,11425.0,3213000.0,False,True,True,True,True,False
2735.T,2735,ワッツ,スタンダード（内国株式）,小売業,-,2026-08-21,2599.0,717.0,40385675.0,58335.0,41155800.0,False,True,True,True,True,False
5535.T,5535,ミガロホールディングス,プライム（内国株式）,不動産業,-,2026-08-21,705.0,279.0,40261320.0,145865.0,35154000.0,False,True,True,True,True,False
5933.T,5933,アルインコ,プライム（内国株式）,金属製品,TOPIX Small 2,2026-08-21,2599.0,1143.0,40074295.0,36155.0,32004000.0,False,True,True,True,True,False
6626.T,6626,ＳＥＭＩＴＥＣ,スタンダード（内国株式）,電気機器,-,2026-08-21,2599.0,2178.0,39989440.0,19005.0,25482600.0,False,True,True,True,True,False
7707.T,7707,プレシジョン・システム・サイエンス,グロース（内国株式）,精密機器,-,2026-08-21,2599.0,214.0,39932665.0,186805.0,56346200.0,False,True,True,True,True,False
505A.T,505A,ギークリー,スタンダード（内国株式）,サービス業,-,2026-08-21,119.0,1334.0,39902710.0,29875.0,69768200.0,False,True,False,True,True,False
335A.T,335A,ミライロ,グロース（内国株式）,情報・通信業,-,2026-08-21,346.0,366.0,39857460.0,102310.0,60316800.0,False,True,True,True,True,False
6496.T,6496,中北製作所,スタンダード（内国株式）,機械,-,2026-08-21,2599.0,5590.0,39785325.0,7525.0,22360000.0,False,True,True,True,True,False
9795.T,9795,ステップ,プライム（内国株式）,サービス業,TOPIX Small 2,2026-08-21,2599.0,2299.0,39764855.0,17755.0,42301600.0,False,True,True,True,True,False
4809.T,4809,パラカ,プライム（内国株式）,不動産業,TOPIX Small 2,2026-08-21,2599.0,2074.0,39695090.0,19380.0,56620200.0,False,True,True,True,True,False
8029.T,8029,ルックホールディングス,スタンダード（内国株式）,繊維製品,TOPIX Small 2,2026-08-21,2599.0,2656.0,39602065.0,15225.0,20716800.0,False,True,True,True,True,False
4192.T,4192,スパイダープラス,グロース（内国株式）,情報・通信業,-,2026-08-21,1320.0,281.0,39554210.0,140665.0,25402400.0,False,True,True,True,True,False
4371.T,4371,コアコンセプト・テクノロジー,グロース（内国株式）,情報・通信業,-,2026-08-21,1202.0,1308.0,39392230.0,27835.0,22366800.0,False,True,True,True,True,False
6548.T,6548,旅工房,グロース（内国株式）,サービス業,-,2026-08-21,2302.0,113.0,39225305.0,352220.0,2610300.0,False,False,True,True,True,False
9343.T,9343,アイビス,グロース（内国株式）,サービス業,-,2026-08-21,835.0,766.0,39180965.0,50565.0,34393400.0,False,True,True,True,True,False
9632.T,9632,スバル興業,スタンダード（内国株式）,サービス業,TOPIX Small 2,2026-08-21,2599.0,3700.0,39078150.0,10705.0,24050000.0,False,True,True,True,True,False
6495.T,6495,宮入バルブ製作所,スタンダード（内国株式）,機械,-,2026-08-21,2599.0,123.0,39019685.0,305670.0,24329400.0,False,False,True,True,True,False
6571.T,6571,キュービーネットホールディングス,プライム（内国株式）,サービス業,TOPIX Small 2,2026-08-21,2063.0,1309.0,38988940.0,29990.0,24085600.0,False,True,True,True,True,False
9651.T,9651,日本プロセス,スタンダード（内国株式）,情報・通信業,-,2026-08-21,2599.0,1980.0,38970660.0,19430.0,16830000.0,False,True,True,True,True,False
1491.T,1491,中外鉱業,スタンダード（内国株式）,非鉄金属,-,2026-08-21,2599.0,712.0,38744455.0,52035.0,27127200.0,False,True,True,True,True,False
6485.T,6485,前澤給装工業,スタンダード（内国株式）,機械,TOPIX Small 2,2026-08-21,2599.0,1674.0,38616875.0,23965.0,30132000.0,False,True,True,True,True,False
8349.T,8349,東北銀行,スタンダード（内国株式）,銀行業,-,2026-08-21,2599.0,1608.0,38502795.0,25375.0,40039200.0,False,True,True,True,True,False
7776.T,7776,セルシード,グロース（内国株式）,精密機器,-,2026-08-21,2599.0,233.0,38473105.0,171745.0,19805000.0,False,True,True,True,True,False
4538.T,4538,扶桑薬品工業,プライム（内国株式）,医薬品,TOPIX Small 2,2026-08-21,2599.0,2303.0,38465335.0,17230.0,23720900.0,False,True,True,True,True,False
8999.T,8999,グランディハウス,プライム（内国株式）,不動産業,TOPIX Small 2,2026-08-21,2599.0,579.0,38447420.0,69240.0,39024600.0,False,True,True,True,True,False
7294.T,7294,ヨロズ,プライム（内国株式）,輸送用機器,TOPIX Small 2,2026-08-21,2599.0,938.0,38444815.0,42335.0,47744200.0,False,True,True,True,True,False
5660.T,5660,神鋼鋼線工業,スタンダード（内国株式）,鉄鋼,-,2026-08-21,2599.0,1900.0,38382465.0,20320.0,9880000.0,False,True,True,True,True,False
9405.T,9405,朝日放送グループホールディングス,プライム（内国株式）,情報・通信業,TOPIX Small 2,2026-08-21,2599.0,833.0,38080960.0,46170.0,34986000.0,False,True,True,True,True,False
2332.T,2332,クエスト,スタンダード（内国株式）,情報・通信業,-,2026-08-21,2599.0,1666.0,37948600.0,22280.0,13827800.0,False,True,True,True,True,False
3929.T,3929,ソーシャルワイヤー,グロース（内国株式）,情報・通信業,-,2026-08-21,2599.0,244.0,37906000.0,150140.0,17616800.0,False,True,True,True,True,False
9163.T,9163,ナレルグループ,グロース（内国株式）,サービス業,-,2026-08-21,754.0,2354.0,37735070.0,16190.0,26600200.0,False,True,True,True,True,False
2193.T,2193,クックパッド,スタンダード（内国株式）,サービス業,TOPIX Small 2,2026-08-21,2599.0,134.0,37719150.0,296885.0,35121400.0,False,False,True,True,True,False
2307.T,2307,クロスキャット,プライム（内国株式）,情報・通信業,TOPIX Small 2,2026-08-21,2599.0,1087.0,37478775.0,36315.0,24892300.0,False,True,True,True,True,False
4218.T,4218,ニチバン,プライム（内国株式）,化学,TOPIX Small 2,2026-08-21,2599.0,1958.0,37426930.0,19280.0,21733800.0,False,True,True,True,True,False
4671.T,4671,ファルコホールディングス,スタンダード（内国株式）,サービス業,TOPIX Small 2,2026-08-21,2599.0,2824.0,37389450.0,13640.0,56197600.0,False,True,True,True,True,False
2462.T,2462,ライク,プライム（内国株式）,サービス業,TOPIX Small 2,2026-08-21,2599.0,1545.0,37389005.0,24525.0,21784500.0,False,True,True,True,True,False
2342.T,2342,トランスジェニックグループ,スタンダード（内国株式）,サービス業,-,2026-08-21,2599.0,257.0,37302895.0,147515.0,12464500.0,False,True,True,True,True,False
3553.T,3553,共和レザー,スタンダード（内国株式）,化学,-,2026-08-21,2599.0,925.0,37285480.0,41215.0,27287500.0,False,True,True,True,True,False
7722.T,7722,国際計測器,スタンダード（内国株式）,精密機器,-,2026-08-21,2599.0,790.0,37275040.0,47605.0,20303000.0,False,True,True,True,True,False
9625.T,9625,セレスポ,スタンダード（内国株式）,サービス業,-,2026-08-21,2599.0,946.0,37223810.0,41780.0,6338200.0,False,True,True,True,True,False
9168.T,9168,ライズ・コンサルティング・グループ,グロース（内国株式）,サービス業,-,2026-08-21,718.0,413.0,37172225.0,92665.0,20484800.0,False,True,True,True,True,False
4094.T,4094,日本化学産業,スタンダード（内国株式）,化学,-,2026-08-21,2599.0,2294.0,37146685.0,17290.0,12617000.0,False,True,True,True,True,False
3063.T,3063,ジェイグループホールディングス,グロース（内国株式）,小売業,-,2026-08-21,2599.0,1202.0,37044190.0,30565.0,56133400.0,False,True,True,True,True,False
9441.T,9441,ベルパーク,スタンダード（内国株式）,情報・通信業,-,2026-08-21,2599.0,3030.0,37018455.0,13100.0,29694000.0,False,True,True,True,True,False
1921.T,1921,巴コーポレーション,スタンダード（内国株式）,建設業,-,2026-08-21,2599.0,1892.0,36883860.0,19970.0,12108800.0,False,True,True,True,True,False
4832.T,4832,ＪＦＥシステムズ,スタンダード（内国株式）,情報・通信業,-,2026-08-21,2599.0,1980.0,36862855.0,18790.0,19206000.0,False,True,True,True,True,False
9514.T,9514,エフオン,スタンダード（内国株式）,電気・ガス業,TOPIX Small 2,2026-08-21,2599.0,354.0,36807850.0,109360.0,45949200.0,False,True,True,True,True,False
2983.T,2983,アールプランナー,グロース（内国株式）,不動産業,-,2026-08-21,1352.0,1646.0,36785085.0,23930.0,23208600.0,False,True,True,True,True,False
4286.T,4286,ＣＬホールディングス,スタンダード（内国株式）,サービス業,TOPIX Small 2,2026-08-21,2599.0,1332.0,36782425.0,30340.0,98967600.0,False,True,True,True,True,False
7359.T,7359,東京通信グループ,グロース（内国株式）,サービス業,-,2026-08-21,1383.0,257.0,36683880.0,143960.0,8789400.0,False,True,True,True,True,False
1447.T,1447,ＳＡＡＦホールディングス,グロース（内国株式）,建設業,-,2026-08-21,1927.0,398.0,36647230.0,96340.0,24278000.0,False,True,True,True,True,False
3623.T,3623,ビリングシステム,グロース（内国株式）,情報・通信業,-,2026-08-21,2599.0,1222.0,36625245.0,33715.0,108880200.0,False,True,True,True,True,False
9251.T,9251,ＡＢ＆Ｃｏｍｐａｎｙ,グロース（内国株式）,サービス業,-,2026-08-21,1162.0,1500.0,36521330.0,25950.0,55800000.0,False,True,True,True,True,False
480A.T,480A,リブ・コンサルティング,グロース（内国株式）,サービス業,-,2026-08-21,159.0,886.0,36461880.0,39875.0,37034800.0,False,True,False,True,True,False
156A.T,156A,マテリアルグループ,グロース（内国株式）,サービス業,-,2026-08-21,586.0,854.0,36122085.0,43245.0,14176400.0,False,True,True,True,True,False
3417.T,3417,大木ヘルスケアホールディングス,スタンダード（内国株式）,卸売業,-,2026-08-21,2599.0,1055.0,35852050.0,33945.0,3798000.0,False,True,True,True,True,False
6229.T,6229,オーケーエム,スタンダード（内国株式）,機械,-,2026-08-21,1388.0,1519.0,35714175.0,23225.0,20506500.0,False,True,True,True,True,False
7505.T,7505,扶桑電通,スタンダード（内国株式）,卸売業,-,2026-08-21,2599.0,2102.0,35503225.0,16830.0,14083400.0,False,True,True,True,True,False
6165.T,6165,パンチ工業,スタンダード（内国株式）,機械,-,2026-08-21,2599.0,526.0,35365160.0,68755.0,24459000.0,False,True,True,True,True,False
9444.T,9444,トーシンホールディングス,スタンダード（内国株式）,情報・通信業,-,2026-08-21,2599.0,268.0,35313410.0,112330.0,2385200.0,False,True,True,True,True,False
6382.T,6382,トリニティ工業,スタンダード（内国株式）,機械,-,2026-08-21,2599.0,1234.0,35170860.0,28760.0,44424000.0,False,True,True,True,True,False
366A.T,366A,ウェルネス・コミュニケーションズ,グロース（内国株式）,サービス業,-,2026-08-21,285.0,1133.0,35152970.0,32650.0,20733900.0,False,True,True,True,True,False
4176.T,4176,ココナラ,グロース（内国株式）,情報・通信業,-,2026-08-21,1327.0,291.0,34886315.0,129375.0,67453800.0,False,True,True,True,True,False
8018.T,8018,三共生興,スタンダード（内国株式）,卸売業,TOPIX Small 2,2026-08-21,2599.0,886.0,34880690.0,41795.0,43679800.0,False,True,True,True,True,False
8091.T,8091,ニチモウ,プライム（内国株式）,卸売業,-,2026-08-21,2599.0,2425.0,34854530.0,14650.0,11640000.0,False,True,True,True,True,False
3173.T,3173,Ｃｏｍｉｎｉｘ,スタンダード（内国株式）,卸売業,-,2026-08-21,2599.0,1546.0,34799585.0,24725.0,74826400.0,False,True,True,True,True,False
4113.T,4113,田岡化学工業,スタンダード（内国株式）,化学,-,2026-08-21,2599.0,750.0,34792575.0,46570.0,44475000.0,False,True,True,True,True,False
1827.T,1827,ナカノフドー建設,スタンダード（内国株式）,建設業,-,2026-08-21,2599.0,1287.0,34607600.0,25380.0,6177600.0,False,True,True,True,True,False
3921.T,3921,ネオジャパン,プライム（内国株式）,情報・通信業,TOPIX Small 2,2026-08-21,2599.0,1623.0,34556470.0,21075.0,34569900.0,False,True,True,True,True,False
7811.T,7811,中本パックス,スタンダード（内国株式）,その他製品,-,2026-08-21,2579.0,1953.0,34453465.0,17975.0,29099700.0,False,True,True,True,True,False
5189.T,5189,櫻護謨,スタンダード（内国株式）,ゴム製品,-,2026-08-21,2599.0,3480.0,34399750.0,10035.0,10788000.0,False,True,True,True,True,False
4800.T,4800,オリコン,スタンダード（内国株式）,情報・通信業,-,2026-08-21,2599.0,1358.0,34177780.0,25185.0,27024200.0,False,True,True,True,True,False
9229.T,9229,サンウェルズ,プライム（内国株式）,サービス業,TOPIX Small 2,2026-08-21,1017.0,114.0,34106905.0,289470.0,13737000.0,False,False,True,True,True,False
9639.T,9639,三協フロンテア,スタンダード（内国株式）,サービス業,-,2026-08-21,2599.0,2326.0,34059530.0,14685.0,21399200.0,False,True,True,True,True,False
211A.T,211A,カドス・コーポレーション,スタンダード（内国株式）,建設業,-,2026-08-21,511.0,3370.0,34049050.0,9995.0,8088000.0,False,True,True,True,True,False
4441.T,4441,トビラシステムズ,スタンダード（内国株式）,情報・通信業,-,2026-08-21,1784.0,1456.0,34046680.0,21415.0,24752000.0,False,True,True,True,True,False
4234.T,4234,サンエー化研,スタンダード（内国株式）,化学,-,2026-08-21,2599.0,975.0,34024790.0,36890.0,19207500.0,False,True,True,True,True,False
6338.T,6338,タカトリ,スタンダード（内国株式）,機械,-,2026-08-21,2599.0,1688.0,33887060.0,21480.0,14010400.0,False,True,True,True,True,False
5363.T,5363,東京窯業,スタンダード（内国株式）,ガラス・土石製品,-,2026-08-21,2599.0,694.0,33863795.0,48930.0,34283600.0,False,True,True,True,True,False
6335.T,6335,東京機械製作所,スタンダード（内国株式）,機械,-,2026-08-21,2599.0,583.0,33853965.0,54370.0,11135300.0,False,True,True,True,True,False
7376.T,7376,ＢＣＣ,グロース（内国株式）,サービス業,-,2026-08-21,1253.0,850.0,33839105.0,32295.0,97070000.0,False,True,True,True,True,False
6257.T,6257,藤商事,スタンダード（内国株式）,機械,-,2026-08-21,2599.0,1007.0,33802005.0,33200.0,13896600.0,False,True,True,True,True,False
5951.T,5951,ダイニチ工業,スタンダード（内国株式）,金属製品,-,2026-08-21,2599.0,1252.0,33793090.0,27215.0,67232400.0,False,True,True,True,True,False
4382.T,4382,ＨＥＲＯＺ,スタンダード（内国株式）,情報・通信業,TOPIX Small 2,2026-08-21,2041.0,766.0,33691245.0,46090.0,23363000.0,False,True,True,True,True,False
1418.T,1418,インターライフホールディングス,スタンダード（内国株式）,建設業,-,2026-08-21,2599.0,600.0,33614900.0,56150.0,34680000.0,False,True,True,True,True,False
365A.T,365A,伊澤タオル,スタンダード（内国株式）,繊維製品,-,2026-08-21,286.0,800.0,33556430.0,42270.0,38160000.0,False,True,True,True,True,False
8747.T,8747,豊トラスティ証券,スタンダード（内国株式）,証券、商品先物取引業,-,2026-08-21,2599.0,2257.0,33473520.0,15530.0,28212500.0,False,True,True,True,True,False
5491.T,5491,日本金属,スタンダード（内国株式）,鉄鋼,-,2026-08-21,2599.0,928.0,33316840.0,36130.0,9465600.0,False,True,True,True,True,False
6149.T,6149,小田原エンジニアリング,スタンダード（内国株式）,機械,-,2026-08-21,2599.0,2250.0,33253490.0,15055.0,36675000.0,False,True,True,True,True,False
6444.T,6444,サンデン,スタンダード（内国株式）,機械,-,2026-08-21,2599.0,202.0,33231755.0,180230.0,22644200.0,False,True,True,True,True,False
1718.T,1718,美樹工業,スタンダード（内国株式）,建設業,-,2026-08-21,2599.0,6780.0,33148900.0,4835.0,2712000.0,False,True,True,True,True,False
7962.T,7962,キングジム,プライム（内国株式）,その他製品,TOPIX Small 2,2026-08-21,2599.0,811.0,33055680.0,41090.0,11597300.0,False,True,True,True,True,False
4013.T,4013,勤次郎,グロース（内国株式）,情報・通信業,-,2026-08-21,1433.0,669.0,33012725.0,47245.0,15453900.0,False,True,True,True,True,False
3447.T,3447,信和,スタンダード（内国株式）,金属製品,-,2026-08-21,2066.0,1030.0,32997200.0,32335.0,16171000.0,False,True,True,True,True,False
4772.T,4772,ＳＭ　ＥＮＴＥＲＴＡＩＮＭＥＮＴ　ＪＡＰＡＮ,グロース（内国株式）,情報・通信業,-,2026-08-21,2599.0,71.0,32986870.0,456080.0,5779400.0,False,False,True,True,True,False
7048.T,7048,ベルトラ,グロース（内国株式）,サービス業,-,2026-08-21,1866.0,156.0,32967280.0,213100.0,31808400.0,False,False,True,True,True,False
2901.T,2901,ウェルディッシュ,スタンダード（内国株式）,食料品,-,2026-08-21,2599.0,160.0,32951085.0,202120.0,20848000.0,False,False,True,True,True,False
1914.T,1914,日本基礎技術,スタンダード（内国株式）,建設業,-,2026-08-21,2599.0,745.0,32927925.0,45285.0,8642000.0,False,True,True,True,True,False
2819.T,2819,エバラ食品工業,スタンダード（内国株式）,食料品,TOPIX Small 2,2026-08-21,2599.0,2602.0,32821735.0,13030.0,30703600.0,False,True,True,True,True,False
3845.T,3845,アイフリークモバイル,スタンダード（内国株式）,情報・通信業,-,2026-08-21,2599.0,257.0,32706150.0,138590.0,9354800.0,False,True,True,True,True,False
7859.T,7859,アルメディオ,スタンダード（内国株式）,その他製品,-,2026-08-21,2599.0,248.0,32605600.0,145400.0,30752000.0,False,True,True,True,True,False
6045.T,6045,レントラックス,グロース（内国株式）,サービス業,-,2026-08-21,2599.0,2076.0,32572475.0,16945.0,53353200.0,False,True,True,True,True,False
6151.T,6151,日東工器,プライム（内国株式）,機械,TOPIX Small 2,2026-08-21,2599.0,1763.0,32505580.0,18795.0,36670400.0,False,True,True,True,True,False
3306.T,3306,日本製麻,スタンダード（内国株式）,卸売業,-,2026-08-21,2599.0,589.0,32386820.0,46880.0,27741900.0,False,True,True,True,True,False
208A.T,208A,構造計画研究所ホールディングス,スタンダード（内国株式）,情報・通信業,-,2026-08-21,2599.0,3015.0,32330745.0,10760.0,5427000.0,False,True,True,True,True,False
7273.T,7273,イクヨ,スタンダード（内国株式）,輸送用機器,-,2026-08-21,2599.0,583.0,32286975.0,53825.0,30665800.0,False,True,True,True,True,False
6092.T,6092,エンバイオ・ホールディングス,スタンダード（内国株式）,サービス業,-,2026-08-21,2598.0,862.0,32228055.0,38350.0,10861200.0,False,True,True,True,True,False
2694.T,2694,焼肉坂井ホールディングス,スタンダード（内国株式）,小売業,-,2026-08-21,2599.0,72.0,32200615.0,449010.0,32414400.0,False,False,True,True,True,False
5843.T,5843,ニッポンインシュア,スタンダード（内国株式）,その他金融業,-,2026-08-21,704.0,2439.0,32147540.0,13205.0,9999900.0,False,True,True,True,True,False
6721.T,6721,ウインテスト,スタンダード（内国株式）,電気機器,-,2026-08-21,2599.0,72.0,32124790.0,428775.0,38484000.0,False,False,True,True,True,False
9788.T,9788,ナック,プライム（内国株式）,サービス業,TOPIX Small 2,2026-08-21,2599.0,526.0,31958260.0,60060.0,35873200.0,False,True,True,True,True,False
2445.T,2445,タカミヤ,スタンダード（内国株式）,サービス業,TOPIX Small 2,2026-08-21,2599.0,419.0,31944735.0,76120.0,13072800.0,False,True,True,True,True,False
6050.T,6050,イー・ガーディアン,プライム（内国株式）,サービス業,TOPIX Small 2,2026-08-21,2599.0,1766.0,31929875.0,18380.0,30728400.0,False,True,True,True,True,False
5248.T,5248,テクノロジーズ,グロース（内国株式）,情報・通信業,-,2026-08-21,873.0,498.0,31928260.0,64455.0,67827600.0,False,True,True,True,True,False
9438.T,9438,エムティーアイ,プライム（内国株式）,情報・通信業,TOPIX Small 2,2026-08-21,2599.0,601.0,31713980.0,53705.0,15445700.0,False,True,True,True,True,False
1850.T,1850,南海辰村建設,スタンダード（内国株式）,建設業,-,2026-08-21,2599.0,420.0,31709790.0,75410.0,5292000.0,False,True,True,True,True,False
3358.T,3358,Ｔｒａｉｌｈｅａｄ　Ｇｌｏｂａｌ　Ｈｏｌｄｉｎｇｓ,スタンダード（内国株式）,小売業,-,2026-08-21,2599.0,100.0,31571195.0,330660.0,9100000.0,False,False,True,True,True,False
7987.T,7987,ナカバヤシ,スタンダード（内国株式）,その他製品,TOPIX Small 2,2026-08-21,2599.0,575.0,31330310.0,54435.0,22540000.0,False,True,True,True,True,False
2930.T,2930,北の達人コーポレーション,プライム（内国株式）,化学,TOPIX Small 2,2026-08-21,2599.0,127.0,31311935.0,256540.0,23964900.0,False,False,True,True,True,False
4433.T,4433,ヒト・コミュニケーションズ・ホールディングス,プライム（内国株式）,サービス業,TOPIX Small 2,2026-08-21,2599.0,910.0,31135455.0,34695.0,25298000.0,False,True,True,True,True,False
3625.T,3625,テックファームホールディングス,グロース（内国株式）,情報・通信業,-,2026-08-21,2599.0,672.0,31005115.0,51780.0,18748800.0,False,True,True,True,True,False
5280.T,5280,ヨシコン,スタンダード（内国株式）,不動産業,-,2026-08-21,2599.0,2194.0,31000320.0,14175.0,4388000.0,False,True,True,True,True,False
6518.T,6518,三相電機,スタンダード（内国株式）,電気機器,-,2026-08-21,2599.0,1751.0,30970935.0,16320.0,34319600.0,False,True,True,True,True,False
3187.T,3187,ミラタップ,グロース（内国株式）,小売業,-,2026-08-21,2599.0,371.0,30928620.0,86505.0,31460800.0,False,True,True,True,True,False
4397.T,4397,チームスピリット,グロース（内国株式）,情報・通信業,-,2026-08-21,1955.0,417.0,30871705.0,76965.0,10508400.0,False,True,True,True,True,False
1844.T,1844,大盛工業,スタンダード（内国株式）,建設業,-,2026-08-21,2599.0,476.0,30843435.0,64035.0,15089200.0,False,True,True,True,True,False
3180.T,3180,ビューティガレージ,プライム（内国株式）,卸売業,TOPIX Small 2,2026-08-21,2599.0,1541.0,30753665.0,20825.0,22036300.0,False,True,True,True,True,False
5940.T,5940,不二サッシ,スタンダード（内国株式）,金属製品,-,2026-08-21,2599.0,747.0,30747555.0,41145.0,7470000.0,False,True,True,True,True,False
6228.T,6228,ジェイ・イー・ティ,スタンダード（内国株式）,機械,-,2026-08-21,1321.0,497.0,30744415.0,59460.0,9790900.0,False,True,True,True,True,False
7726.T,7726,黒田精工,スタンダード（内国株式）,機械,-,2026-08-21,2599.0,1325.0,30735260.0,23430.0,5962500.0,False,True,True,True,True,False
6199.T,6199,セラク,スタンダード（内国株式）,情報・通信業,TOPIX Small 2,2026-08-21,2497.0,1388.0,30731405.0,22560.0,13047200.0,False,True,True,True,True,False
5261.T,5261,リソルホールディングス,プライム（内国株式）,サービス業,-,2026-08-21,2599.0,7720.0,30691700.0,3985.0,12352000.0,False,True,True,True,True,False
6061.T,6061,ユニバーサル園芸社,スタンダード（内国株式）,サービス業,-,2026-08-21,2599.0,3160.0,30636035.0,10310.0,38552000.0,False,True,True,True,True,False
3913.T,3913,ＧｒｅｅｎＢｅｅ,スタンダード（内国株式）,情報・通信業,-,2026-08-21,2599.0,1175.0,30598885.0,28825.0,8695000.0,False,True,True,True,True,False
6870.T,6870,日本フェンオール,スタンダード（内国株式）,電気機器,-,2026-08-21,2599.0,2198.0,30553800.0,12955.0,1099000.0,False,True,True,True,True,False
2926.T,2926,篠崎屋,スタンダード（内国株式）,食料品,-,2026-08-21,2599.0,125.0,30551085.0,253440.0,26025000.0,False,False,True,True,True,False
3562.T,3562,Ｎｏ．１,スタンダード（内国株式）,卸売業,-,2026-08-21,2316.0,1591.0,30518190.0,19285.0,27206100.0,False,True,True,True,True,False
3542.T,3542,ベガコーポレーション,グロース（内国株式）,小売業,-,2026-08-21,2501.0,1465.0,30491780.0,22115.0,12159500.0,False,True,True,True,True,False
7292.T,7292,村上開明堂,スタンダード（内国株式）,輸送用機器,-,2026-08-21,2599.0,6670.0,30421850.0,4580.0,38019000.0,False,True,True,True,True,False
372A.T,372A,レント,スタンダード（内国株式）,サービス業,-,2026-08-21,280.0,5610.0,30357800.0,5490.0,8976000.0,False,True,True,True,True,False
2459.T,2459,アウンコンサルティング,スタンダード（内国株式）,サービス業,-,2026-08-21,2599.0,174.0,30312370.0,169260.0,2975400.0,False,False,True,True,True,False
2475.T,2475,ＷＤＢホールディングス,プライム（内国株式）,サービス業,TOPIX Small 2,2026-08-21,2599.0,1839.0,30286620.0,16760.0,22803600.0,False,True,True,True,True,False
4415.T,4415,ブロードエンタープライズ,グロース（内国株式）,情報・通信業,-,2026-08-21,1144.0,1335.0,30248110.0,21805.0,37647000.0,False,True,True,True,True,False
7628.T,7628,オーハシテクニカ,プライム（内国株式）,卸売業,TOPIX Small 2,2026-08-21,2599.0,1207.0,30223495.0,25735.0,23053700.0,False,True,True,True,True,False
6494.T,6494,ＮＦＫホールディングス,スタンダード（内国株式）,機械,-,2026-08-21,2599.0,97.0,30218700.0,306220.0,24657400.0,False,False,True,True,True,False
2134.T,2134,北浜キャピタルパートナーズ,スタンダード（内国株式）,サービス業,-,2026-08-21,2599.0,21.0,30082170.0,1330980.0,49872900.0,False,False,True,True,True,False
2666.T,2666,オートウェーブ,スタンダード（内国株式）,小売業,-,2026-08-21,2599.0,180.0,29974480.0,161930.0,22428000.0,False,False,True,True,True,False
6915.T,6915,千代田インテグレ,スタンダード（内国株式）,電気機器,TOPIX Small 2,2026-08-21,2599.0,3505.0,29890975.0,8885.0,35751000.0,False,True,True,True,True,False
3935.T,3935,エディア,スタンダード（内国株式）,情報・通信業,-,2026-08-21,2549.0,676.0,29801210.0,43630.0,13858000.0,False,True,True,True,True,False
5820.T,5820,三ッ星,スタンダード（内国株式）,非鉄金属,-,2026-08-21,2599.0,802.0,29762450.0,39395.0,19809400.0,False,True,True,True,True,False
2700.T,2700,木徳神糧,スタンダード（内国株式）,卸売業,-,2026-08-21,2599.0,1790.0,29758580.0,17155.0,12351000.0,False,True,True,True,True,False
8887.T,8887,シーラホールディングス,スタンダード（内国株式）,不動産業,-,2026-08-21,2599.0,383.0,29718925.0,78515.0,13060300.0,False,True,True,True,True,False
6836.T,6836,ぷらっとホーム,スタンダード（内国株式）,電気機器,-,2026-08-21,2599.0,845.0,29689215.0,36610.0,7689500.0,False,True,True,True,True,False
9564.T,9564,ＦＣＥ,スタンダード（内国株式）,サービス業,-,2026-08-21,934.0,602.0,29688365.0,52350.0,21190400.0,False,True,True,True,True,False
4891.T,4891,ティムス,グロース（内国株式）,医薬品,-,2026-08-21,917.0,110.0,29669540.0,287725.0,21351000.0,False,False,True,True,True,False
1828.T,1828,田辺工業,スタンダード（内国株式）,建設業,-,2026-08-21,2599.0,2315.0,29463295.0,12720.0,17594000.0,False,True,True,True,True,False
7068.T,7068,フィードフォースグループ,グロース（内国株式）,サービス業,-,2026-08-21,1739.0,606.0,29441810.0,52170.0,27815400.0,False,True,True,True,True,False
4414.T,4414,フレクト,グロース（内国株式）,情報・通信業,-,2026-08-21,1148.0,1133.0,29417035.0,25850.0,136526500.0,False,True,True,True,True,False
2721.T,2721,ジェイホールディングス,スタンダード（内国株式）,卸売業,-,2026-08-21,2599.0,112.0,29402940.0,220055.0,10864000.0,False,False,True,True,True,False
4193.T,4193,ファブリカホールディングス,スタンダード（内国株式）,情報・通信業,-,2026-08-21,1314.0,2164.0,29383780.0,13645.0,10170800.0,False,True,True,True,True,False
6654.T,6654,不二電機工業,スタンダード（内国株式）,電気機器,-,2026-08-21,2599.0,1090.0,29375690.0,26590.0,1853000.0,False,True,True,True,True,False
7638.T,7638,ＮＥＷ　ＡＲＴ　ＨＯＬＤＩＮＧＳ,スタンダード（内国株式）,小売業,-,2026-08-21,2599.0,1415.0,29348550.0,21100.0,12593500.0,False,True,True,True,True,False
5599.T,5599,Ｓ＆Ｊ,グロース（内国株式）,情報・通信業,-,2026-08-21,654.0,990.0,29293985.0,28545.0,11385000.0,False,True,True,True,True,False
7022.T,7022,サノヤスホールディングス,スタンダード（内国株式）,機械,-,2026-08-21,2599.0,316.0,29247680.0,94220.0,19149600.0,False,True,True,True,True,False
8152.T,8152,ソマール,スタンダード（内国株式）,卸売業,-,2026-08-21,2599.0,7350.0,29154550.0,3895.0,26460000.0,False,True,True,True,True,False
6316.T,6316,丸山製作所,スタンダード（内国株式）,機械,-,2026-08-21,2599.0,2871.0,29143165.0,10350.0,16938900.0,False,True,True,True,True,False
6557.T,6557,ＡＩＡＩグループ,グロース（内国株式）,サービス業,-,2026-08-21,2166.0,785.0,29023380.0,38985.0,13423500.0,False,True,True,True,True,False
3237.T,3237,イントランス,グロース（内国株式）,不動産業,-,2026-08-21,2599.0,106.0,28942055.0,288925.0,11532800.0,False,False,True,True,True,False
9312.T,9312,ケイヒン,スタンダード（内国株式）,倉庫・運輸関連業,-,2026-08-21,2599.0,2879.0,28890745.0,10155.0,28214200.0,False,True,True,True,True,False
7212.T,7212,エフテック,スタンダード（内国株式）,輸送用機器,-,2026-08-21,2599.0,727.0,28890605.0,41195.0,1381300.0,False,True,True,True,True,False
2428.T,2428,ウェルネット,スタンダード（内国株式）,サービス業,-,2026-08-21,2599.0,635.0,28836690.0,45215.0,38989000.0,False,True,True,True,True,False
9560.T,9560,プログリット,グロース（内国株式）,サービス業,-,2026-08-21,953.0,884.0,28807860.0,34370.0,32000800.0,False,True,True,True,True,False
9127.T,9127,玉井商船,スタンダード（内国株式）,海運業,-,2026-08-21,2599.0,3290.0,28797000.0,9725.0,24675000.0,False,True,True,True,True,False
3675.T,3675,クロス・マーケティンググループ,スタンダード（内国株式）,情報・通信業,-,2026-08-21,2599.0,609.0,28684065.0,47650.0,42934500.0,False,True,True,True,True,False
6035.T,6035,アイ・アールジャパンホールディングス,スタンダード（内国株式）,サービス業,TOPIX Small 2,2026-08-21,2599.0,738.0,28682460.0,39570.0,13431600.0,False,True,True,True,True,False
6405.T,6405,鈴茂器工,スタンダード（内国株式）,機械,-,2026-08-21,2599.0,1162.0,28581615.0,26200.0,28004200.0,False,True,True,True,True,False
7266.T,7266,今仙電機製作所,スタンダード（内国株式）,輸送用機器,-,2026-08-21,2599.0,987.0,28566835.0,30455.0,30893100.0,False,True,True,True,True,False
269A.T,269A,Ｓａｐｅｅｔ,グロース（内国株式）,情報・通信業,-,2026-08-21,442.0,2685.0,28550085.0,11275.0,37858500.0,False,True,True,True,True,False
6040.T,6040,日本スキー場開発,グロース（内国株式）,サービス業,-,2026-08-21,2599.0,463.0,28523550.0,59255.0,7269100.0,False,True,True,True,True,False
8275.T,8275,フォーバル,スタンダード（内国株式）,卸売業,TOPIX Small 2,2026-08-21,2599.0,995.0,28519850.0,28545.0,12238500.0,False,True,True,True,True,False
160A.T,160A,アズパートナーズ,スタンダード（内国株式）,サービス業,-,2026-08-21,582.0,2022.0,28402710.0,13870.0,17995800.0,False,True,True,True,True,False
3834.T,3834,朝日ネット,プライム（内国株式）,情報・通信業,TOPIX Small 2,2026-08-21,2599.0,626.0,28326605.0,45125.0,21346600.0,False,True,True,True,True,False
4801.T,4801,セントラルスポーツ,プライム（内国株式）,サービス業,TOPIX Small 2,2026-08-21,2599.0,2478.0,28323580.0,11625.0,20319600.0,False,True,True,True,True,False
6743.T,6743,大同信号,スタンダード（内国株式）,電気機器,-,2026-08-21,2599.0,1080.0,28250700.0,27960.0,40176000.0,False,True,True,True,True,False
4476.T,4476,ＡＩ　ＣＲＯＳＳ,グロース（内国株式）,情報・通信業,-,2026-08-21,1677.0,1097.0,28246840.0,25810.0,26218300.0,False,True,True,True,True,False
6069.T,6069,トレンダーズ,グロース（内国株式）,サービス業,-,2026-08-21,2599.0,700.0,28222855.0,41625.0,39130000.0,False,True,True,True,True,False
2488.T,2488,ＪＴＰ,スタンダード（内国株式）,サービス業,-,2026-08-21,2599.0,1451.0,28070290.0,19785.0,5078500.0,False,True,True,True,True,False
2204.T,2204,中村屋,スタンダード（内国株式）,食料品,TOPIX Small 2,2026-08-21,2599.0,3190.0,28068025.0,8705.0,23287000.0,False,True,True,True,True,False
3963.T,3963,シンクロ・フード,プライム（内国株式）,情報・通信業,-,2026-08-21,2438.0,344.0,27790185.0,79410.0,36429600.0,False,True,True,True,True,False
6037.T,6037,楽待,スタンダード（内国株式）,サービス業,-,2026-08-21,2599.0,1037.0,27762480.0,26910.0,18562300.0,False,True,True,True,True,False
9850.T,9850,グルメ杵屋,プライム（内国株式）,小売業,TOPIX Small 2,2026-08-21,2599.0,989.0,27706230.0,28245.0,32538100.0,False,True,True,True,True,False
4882.T,4882,ペルセウスプロテオミクス,グロース（内国株式）,医薬品,-,2026-08-21,1264.0,147.0,27705790.0,192700.0,36147300.0,False,False,True,True,True,False
7475.T,7475,アルビス,プライム（内国株式）,小売業,TOPIX Small 2,2026-08-21,2599.0,2551.0,27617185.0,10890.0,22959000.0,False,True,True,True,True,False
4998.T,4998,フマキラー,スタンダード（内国株式）,化学,-,2026-08-21,2599.0,1188.0,27595675.0,23025.0,17938800.0,False,True,True,True,True,False
7435.T,7435,ナ・デックス,スタンダード（内国株式）,卸売業,-,2026-08-21,2599.0,1350.0,27590815.0,21790.0,44415000.0,False,True,True,True,True,False
2927.T,2927,ＡＦＣ－ＨＤアムスライフサイエンス,スタンダード（内国株式）,食料品,-,2026-08-21,2599.0,901.0,27512285.0,31330.0,30724100.0,False,True,True,True,True,False
559A.T,559A,梅乃宿酒造,スタンダード（内国株式）,食料品,-,2026-08-21,80.0,1140.0,27429955.0,24485.0,9120000.0,False,True,False,True,True,False
6853.T,6853,共和電業,スタンダード（内国株式）,電気機器,-,2026-08-21,2599.0,762.0,27357150.0,35400.0,27736800.0,False,True,True,True,True,False
9245.T,9245,リベロ,グロース（内国株式）,サービス業,-,2026-08-21,1199.0,1938.0,27327155.0,13750.0,195350400.0,False,True,True,True,True,False
4422.T,4422,ＶＡＬＵＥＮＥＸ,グロース（内国株式）,情報・通信業,-,2026-08-21,1906.0,571.0,27210515.0,50300.0,13018800.0,False,True,True,True,True,False
7596.T,7596,魚力,プライム（内国株式）,小売業,TOPIX Small 2,2026-08-21,2599.0,2372.0,27164400.0,11705.0,24431600.0,False,True,True,True,True,False
6907.T,6907,ジオマテック,スタンダード（内国株式）,電気機器,-,2026-08-21,2599.0,756.0,27161610.0,37265.0,10054800.0,False,True,True,True,True,False
6384.T,6384,昭和真空,スタンダード（内国株式）,機械,-,2026-08-21,2599.0,1651.0,27138240.0,16560.0,7429500.0,False,True,True,True,True,False
7097.T,7097,さくらさくプラス,グロース（内国株式）,サービス業,-,2026-08-21,1422.0,2729.0,27055765.0,9670.0,7641200.0,False,True,True,True,True,False
1376.T,1376,カネコ種苗,スタンダード（内国株式）,水産・農林業,TOPIX Small 2,2026-08-21,2599.0,1638.0,27053410.0,17230.0,21294000.0,False,True,True,True,True,False
5542.T,5542,新報国マテリアル,スタンダード（内国株式）,鉄鋼,-,2026-08-21,2599.0,950.0,26739820.0,29090.0,8550000.0,False,True,True,True,True,False
549A.T,549A,ヒトトヒトホールディングス,スタンダード（内国株式）,サービス業,-,2026-08-21,93.0,514.0,26737800.0,54860.0,14803200.0,False,True,False,True,True,False
2935.T,2935,ピックルスホールディングス,プライム（内国株式）,食料品,TOPIX Small 2,2026-08-21,971.0,1180.0,26722800.0,23120.0,24426000.0,False,True,True,True,True,False
428A.T,428A,サイプレス・ホールディングス,スタンダード（内国株式）,小売業,-,2026-08-21,212.0,1436.0,26643225.0,19115.0,17232000.0,False,True,False,True,True,False
9896.T,9896,ＪＫホールディングス,スタンダード（内国株式）,卸売業,TOPIX Small 2,2026-08-21,2599.0,1411.0,26608795.0,18995.0,26103500.0,False,True,True,True,True,False
4224.T,4224,ロンシール工業,スタンダード（内国株式）,化学,-,2026-08-21,2599.0,2154.0,26572300.0,12415.0,18524400.0,False,True,True,True,True,False
4838.T,4838,スペースシャワーＳＫＩＹＡＫＩホールディングス,スタンダード（内国株式）,情報・通信業,-,2026-08-21,2599.0,691.0,26571980.0,39650.0,39387000.0,False,True,True,True,True,False
6262.T,6262,ＰＥＧＡＳＵＳ,スタンダード（内国株式）,機械,TOPIX Small 2,2026-08-21,2599.0,535.0,26569415.0,49895.0,11609500.0,False,True,True,True,True,False
7875.T,7875,竹田ｉＰホールディングス,スタンダード（内国株式）,その他製品,-,2026-08-21,2103.0,821.0,26473170.0,32485.0,6403800.0,False,True,True,True,True,False
5216.T,5216,倉元製作所,スタンダード（内国株式）,ガラス・土石製品,-,2026-08-21,2599.0,154.0,26454095.0,169520.0,16970800.0,False,False,True,True,True,False
6837.T,6837,京写,スタンダード（内国株式）,電気機器,-,2026-08-21,2599.0,373.0,26273780.0,73280.0,8579000.0,False,True,True,True,True,False
3940.T,3940,ノムラシステムコーポレーション,スタンダード（内国株式）,情報・通信業,-,2026-08-21,2445.0,128.0,26264585.0,214565.0,41664000.0,False,False,True,True,True,False
6803.T,6803,ティアック,スタンダード（内国株式）,電気機器,-,2026-08-21,2599.0,100.0,26139640.0,267880.0,23860000.0,False,False,True,True,True,False
4531.T,4531,有機合成薬品工業,スタンダード（内国株式）,化学,-,2026-08-21,2599.0,360.0,26027655.0,75825.0,9288000.0,False,True,True,True,True,False
5578.T,5578,ＡＲアドバンストテクノロジ,グロース（内国株式）,情報・通信業,-,2026-08-21,772.0,854.0,26027560.0,31445.0,17507000.0,False,True,True,True,True,False
9271.T,9271,和心,グロース（内国株式）,小売業,-,2026-08-21,2058.0,1001.0,25965465.0,24890.0,12112100.0,False,True,True,True,True,False
3236.T,3236,プロパスト,スタンダード（内国株式）,不動産業,-,2026-08-21,2599.0,290.0,25917000.0,92630.0,23200000.0,False,True,True,True,True,False
7120.T,7120,ＳＨＩＮＫＯ,スタンダード（内国株式）,卸売業,-,2026-08-21,837.0,1002.0,25865895.0,25885.0,13426800.0,False,True,True,True,True,False
4883.T,4883,モダリス,グロース（内国株式）,医薬品,-,2026-08-21,1480.0,33.0,25842765.0,813040.0,15180000.0,False,False,True,True,True,False
436A.T,436A,サイバーソリューションズ,グロース（内国株式）,情報・通信業,-,2026-08-21,202.0,1163.0,25633735.0,23710.0,28493500.0,False,True,False,True,True,False
4231.T,4231,タイガースポリマー,スタンダード（内国株式）,化学,-,2026-08-21,2599.0,1019.0,25613690.0,25545.0,10903300.0,False,True,True,True,True,False
6580.T,6580,ライトアップ,グロース（内国株式）,サービス業,-,2026-08-21,1998.0,895.0,25599170.0,32085.0,32578000.0,False,True,True,True,True,False
4031.T,4031,片倉コープアグリ,スタンダード（内国株式）,化学,-,2026-08-21,2599.0,1106.0,25598340.0,24030.0,13603800.0,False,True,True,True,True,False
2788.T,2788,アップルインターナショナル,スタンダード（内国株式）,卸売業,-,2026-08-21,2599.0,413.0,25525185.0,63795.0,10572800.0,False,True,True,True,True,False
3992.T,3992,ニーズウェル,プライム（内国株式）,情報・通信業,-,2026-08-21,2195.0,463.0,25488300.0,56820.0,10047100.0,False,True,True,True,True,False
1873.T,1873,日本ハウスホールディングス,プライム（内国株式）,建設業,TOPIX Small 2,2026-08-21,2599.0,326.0,25261435.0,80655.0,31817600.0,False,True,True,True,True,False
2268.T,2268,Ｂ－Ｒ　サーティワン　アイスクリーム,スタンダード（内国株式）,食料品,-,2026-08-21,2599.0,4055.0,25249325.0,6205.0,15409000.0,False,True,True,True,True,False
4783.T,4783,ＮＣＤ,スタンダード（内国株式）,情報・通信業,-,2026-08-21,2599.0,2652.0,25225675.0,9995.0,20950800.0,False,True,True,True,True,False
2751.T,2751,テンポスホールディングス,スタンダード（内国株式）,卸売業,-,2026-08-21,2599.0,3750.0,25067950.0,6600.0,8625000.0,False,True,True,True,True,False
8046.T,8046,丸藤シートパイル,スタンダード（内国株式）,卸売業,-,2026-08-21,2599.0,991.0,25045290.0,26125.0,6045100.0,False,True,True,True,True,False
9399.T,9399,ビート・ホールディングス・リミテッド,スタンダード（外国株式）,情報・通信業,-,2026-08-21,2599.0,17.0,25025634.4,1871887.0,129490802.0,False,False,True,True,True,False
5587.T,5587,インバウンドプラットフォーム,グロース（内国株式）,情報・通信業,-,2026-08-21,727.0,840.0,24980155.0,28655.0,19740000.0,False,True,True,True,True,False
5575.T,5575,Ｇｌｏｂｅｅ,グロース（内国株式）,情報・通信業,-,2026-08-21,780.0,1295.0,24911935.0,22645.0,52836000.0,False,True,True,True,True,False
9344.T,9344,アクシスコンサルティング,グロース（内国株式）,サービス業,-,2026-08-21,833.0,1280.0,24827300.0,19340.0,9984000.0,False,True,True,True,True,False
2338.T,2338,クオンタムソリューションズ,スタンダード（内国株式）,情報・通信業,-,2026-08-21,2599.0,133.0,24664260.0,186885.0,75663700.0,False,False,True,True,True,False
2764.T,2764,ひらまつ,スタンダード（内国株式）,小売業,-,2026-08-21,2599.0,151.0,24584190.0,166270.0,17757600.0,False,False,True,True,True,False
7463.T,7463,アドヴァングループ,スタンダード（内国株式）,小売業,TOPIX Small 2,2026-08-21,2599.0,950.0,24565090.0,26305.0,25080000.0,False,True,True,True,True,False
3835.T,3835,ｅＢＡＳＥ,プライム（内国株式）,情報・通信業,TOPIX Small 2,2026-08-21,2599.0,429.0,24455430.0,57330.0,16387800.0,False,True,True,True,True,False
4347.T,4347,ブロードメディア,スタンダード（内国株式）,サービス業,-,2026-08-21,2599.0,1640.0,24406535.0,14360.0,27552000.0,False,True,True,True,True,False
6989.T,6989,北陸電気工業,スタンダード（内国株式）,電気機器,-,2026-08-21,2599.0,2516.0,24394440.0,10015.0,5283600.0,False,True,True,True,True,False
190A.T,190A,Ｃｈｏｒｄｉａ　Ｔｈｅｒａｐｅｕｔｉｃｓ,グロース（内国株式）,医薬品,-,2026-08-21,534.0,82.0,24344270.0,313515.0,13833400.0,False,False,True,True,True,False
2112.T,2112,塩水港精糖,スタンダード（内国株式）,食料品,-,2026-08-21,2599.0,469.0,24337395.0,53205.0,12850600.0,False,True,True,True,True,False
3927.T,3927,フーバーブレイン,スタンダード（内国株式）,情報・通信業,-,2026-08-21,2599.0,923.0,24309835.0,25725.0,16983200.0,False,True,True,True,True,False
9235.T,9235,売れるネット広告社グループ,グロース（内国株式）,サービス業,-,2026-08-21,691.0,498.0,24262275.0,48695.0,8017800.0,False,True,True,True,True,False
7352.T,7352,ＴＷＯＳＴＯＮＥ＆Ｓｏｎｓ,グロース（内国株式）,サービス業,-,2026-08-21,1495.0,356.0,24252510.0,70770.0,14204400.0,False,True,True,True,True,False
6678.T,6678,テクノメディカ,スタンダード（内国株式）,電気機器,TOPIX Small 2,2026-08-21,2599.0,2122.0,24225375.0,11690.0,16976000.0,False,True,True,True,True,False
3154.T,3154,メディアスホールディングス,プライム（内国株式）,卸売業,TOPIX Small 2,2026-08-21,2599.0,808.0,24180450.0,30590.0,17695200.0,False,True,True,True,True,False
4374.T,4374,ＲＯＢＯＴ　ＰＡＹＭＥＮＴ,グロース（内国株式）,情報・通信業,-,2026-08-21,1199.0,2475.0,24168935.0,9995.0,2722500.0,False,True,True,True,True,False
9248.T,9248,人・夢・技術グループ,スタンダード（内国株式）,サービス業,TOPIX Small 2,2026-08-21,1196.0,1704.0,24109680.0,14815.0,21129600.0,False,True,True,True,True,False
7908.T,7908,きもと,スタンダード（内国株式）,化学,-,2026-08-21,2599.0,238.0,24017575.0,101155.0,8710800.0,False,True,True,True,True,False
4881.T,4881,ファンペップ,グロース（内国株式）,医薬品,-,2026-08-21,1382.0,51.0,23926225.0,477240.0,12372600.0,False,False,True,True,True,False
462A.T,462A,ＦＵＮＤＩＮＮＯ,グロース（内国株式）,証券、商品先物取引業,-,2026-08-21,173.0,237.0,23862355.0,105465.0,30027900.0,False,True,False,True,True,False
369A.T,369A,エータイ,グロース（内国株式）,サービス業,-,2026-08-21,282.0,2524.0,23816955.0,9895.0,13124800.0,False,True,True,True,True,False
1866.T,1866,北野建設,スタンダード（内国株式）,建設業,-,2026-08-21,2599.0,1200.0,23753890.0,20450.0,19320000.0,False,True,True,True,True,False
5139.T,5139,オープンワーク,グロース（内国株式）,情報・通信業,-,2026-08-21,900.0,957.0,23676885.0,25445.0,6986100.0,False,True,True,True,True,False
7291.T,7291,日本プラスト,スタンダード（内国株式）,輸送用機器,-,2026-08-21,2599.0,453.0,23606055.0,51715.0,16579800.0,False,True,True,True,True,False
8365.T,8365,富山銀行,スタンダード（内国株式）,銀行業,-,2026-08-21,2599.0,2324.0,23526900.0,10055.0,18592000.0,False,True,True,True,True,False
8928.T,8928,穴吹興産,スタンダード（内国株式）,不動産業,-,2026-08-21,2599.0,2338.0,23525995.0,10215.0,22444800.0,False,True,True,True,True,False
8769.T,8769,アドバンテッジリスクマネジメント,スタンダード（内国株式）,サービス業,-,2026-08-21,2599.0,501.0,23521190.0,45915.0,1953900.0,False,True,True,True,True,False
4265.T,4265,Ｉｎｓｔｉｔｕｔｉｏｎ　ｆｏｒ　ａ　Ｇｌｏｂａｌ　Ｓｏｃｉｅｔｙ,グロース（内国株式）,情報・通信業,-,2026-08-21,1135.0,294.0,23441505.0,81075.0,5409600.0,False,True,True,True,True,False
7792.T,7792,コラントッテ,グロース（内国株式）,その他製品,-,2026-08-21,1252.0,1445.0,23409485.0,16115.0,15317000.0,False,True,True,True,True,False
2485.T,2485,ティア,スタンダード（内国株式）,サービス業,-,2026-08-21,2599.0,451.0,23332420.0,50975.0,23001000.0,False,True,True,True,True,False
2934.T,2934,ジェイフロンティア,グロース（内国株式）,食料品,-,2026-08-21,1219.0,2004.0,23259890.0,12015.0,1603200.0,False,True,True,True,True,False
2498.T,2498,オリエンタルコンサルタンツホールディングス,スタンダード（内国株式）,サービス業,-,2026-08-21,2599.0,3310.0,22973450.0,7115.0,67193000.0,False,True,True,True,True,False
9845.T,9845,パーカーコーポレーション,スタンダード（内国株式）,化学,-,2026-08-21,2599.0,1393.0,22957860.0,15670.0,13372800.0,False,True,True,True,True,False
7175.T,7175,今村証券,スタンダード（内国株式）,証券、商品先物取引業,-,2026-08-21,2599.0,1859.0,22891815.0,13180.0,42942900.0,False,True,True,True,True,False
5942.T,5942,日本フイルコン,スタンダード（内国株式）,金属製品,-,2026-08-21,2599.0,644.0,22877305.0,35645.0,5731600.0,False,True,True,True,True,False
6874.T,6874,協立電機,スタンダード（内国株式）,電気機器,-,2026-08-21,2599.0,2350.0,22779570.0,9500.0,4935000.0,False,True,True,True,True,False
3004.T,3004,神栄,スタンダード（内国株式）,卸売業,-,2026-08-21,2599.0,2116.0,22752065.0,10970.0,7406000.0,False,True,True,True,True,False
3021.T,3021,パシフィックネット,スタンダード（内国株式）,サービス業,-,2026-08-21,2599.0,1628.0,22672510.0,14215.0,20350000.0,False,True,True,True,True,False
2892.T,2892,日本食品化工,スタンダード（内国株式）,食料品,-,2026-08-21,2599.0,4510.0,22557775.0,5070.0,8118000.0,False,True,True,True,True,False
4175.T,4175,ｃｏｌｙ,グロース（内国株式）,情報・通信業,-,2026-08-21,1342.0,2770.0,22529405.0,8060.0,1385000.0,False,True,True,True,True,False
3926.T,3926,オープンドア,スタンダード（内国株式）,情報・通信業,TOPIX Small 2,2026-08-21,2599.0,410.0,22503670.0,56620.0,5740000.0,False,True,True,True,True,False
2440.T,2440,ぐるなび,スタンダード（内国株式）,サービス業,TOPIX Small 2,2026-08-21,2599.0,131.0,22495600.0,180045.0,9563000.0,False,False,True,True,True,False
8835.T,8835,太平洋興発,スタンダード（内国株式）,卸売業,-,2026-08-21,2599.0,795.0,22458190.0,28455.0,10414500.0,False,True,True,True,True,False
6144.T,6144,西部電機,スタンダード（内国株式）,機械,-,2026-08-21,2599.0,2982.0,22449690.0,7480.0,12822600.0,False,True,True,True,True,False
6156.T,6156,エーワン精密,スタンダード（内国株式）,機械,-,2026-08-21,2599.0,1872.0,22343225.0,12075.0,30139200.0,False,True,True,True,True,False
6044.T,6044,三機サービス,スタンダード（内国株式）,サービス業,-,2026-08-21,2599.0,1932.0,22286735.0,11605.0,5216400.0,False,True,True,True,True,False
1867.T,1867,植木組,スタンダード（内国株式）,建設業,-,2026-08-21,2599.0,2679.0,22178030.0,8085.0,20092500.0,False,True,True,True,True,False
6091.T,6091,ウエスコホールディングス,スタンダード（内国株式）,サービス業,-,2026-08-21,2599.0,900.0,22078485.0,24630.0,5400000.0,False,True,True,True,True,False
3744.T,3744,サイオス,スタンダード（内国株式）,情報・通信業,-,2026-08-21,2599.0,462.0,22033380.0,46315.0,7761600.0,False,True,True,True,True,False
9264.T,9264,ポエック,スタンダード（内国株式）,卸売業,-,2026-08-21,2145.0,1758.0,21998790.0,12665.0,27249000.0,False,True,True,True,True,False
7196.T,7196,Ｃａｓａ,スタンダード（内国株式）,その他金融業,-,2026-08-21,2166.0,748.0,21979240.0,29125.0,8078400.0,False,True,True,True,True,False
4829.T,4829,日本エンタープライズ,スタンダード（内国株式）,情報・通信業,-,2026-08-21,2599.0,110.0,21974280.0,205530.0,14487000.0,False,False,True,True,True,False
9763.T,9763,丸建リース,スタンダード（内国株式）,卸売業,-,2026-08-21,2599.0,1301.0,21914460.0,17045.0,8716700.0,False,True,True,True,True,False
9994.T,9994,やまや,スタンダード（内国株式）,小売業,-,2026-08-21,2599.0,2083.0,21820085.0,10445.0,6249000.0,False,True,True,True,True,False
5204.T,5204,石塚硝子,スタンダード（内国株式）,ガラス・土石製品,-,2026-08-21,2599.0,2999.0,21782090.0,7235.0,6897700.0,False,True,True,True,True,False
7034.T,7034,プロレド・パートナーズ,プライム（内国株式）,サービス業,TOPIX Small 2,2026-08-21,1973.0,367.0,21720750.0,54985.0,21506200.0,False,True,True,True,True,False
3174.T,3174,ハピネス・アンド・ディ,スタンダード（内国株式）,小売業,-,2026-08-21,2599.0,404.0,21517895.0,49550.0,6746800.0,False,True,True,True,True,False
4430.T,4430,東海ソフト,スタンダード（内国株式）,情報・通信業,-,2026-08-21,1825.0,1663.0,21487900.0,12925.0,17128900.0,False,True,True,True,True,False
6265.T,6265,コンバム,スタンダード（内国株式）,機械,-,2026-08-21,2599.0,3210.0,21462550.0,6290.0,2568000.0,False,True,True,True,True,False
3183.T,3183,ウイン・パートナーズ,プライム（内国株式）,卸売業,TOPIX Small 2,2026-08-21,2599.0,1289.0,21276305.0,16475.0,19463900.0,False,True,True,True,True,False
7069.T,7069,サイバー・バズ,グロース（内国株式）,サービス業,-,2026-08-21,1689.0,550.0,21260930.0,35885.0,9735000.0,False,True,True,True,True,False
9325.T,9325,ファイズホールディングス,スタンダード（内国株式）,倉庫・運輸関連業,-,2026-08-21,2325.0,1075.0,21170915.0,19535.0,6772500.0,False,True,True,True,True,False
5391.T,5391,エーアンドエーマテリアル,スタンダード（内国株式）,ガラス・土石製品,-,2026-08-21,2599.0,1509.0,21061395.0,14135.0,28972800.0,False,True,True,True,True,False
5884.T,5884,クラダシ,グロース（内国株式）,小売業,-,2026-08-21,768.0,616.0,21012205.0,33640.0,8316000.0,False,True,True,True,True,False
1848.T,1848,富士ピー・エス,スタンダード（内国株式）,建設業,-,2026-08-21,2599.0,703.0,21006705.0,30205.0,2671400.0,False,True,True,True,True,False
2436.T,2436,共同ピーアール,スタンダード（内国株式）,サービス業,-,2026-08-21,2599.0,649.0,20945950.0,33055.0,39394300.0,False,True,True,True,True,False
6073.T,6073,アサンテ,プライム（内国株式）,サービス業,TOPIX Small 2,2026-08-21,2599.0,1526.0,20795785.0,13785.0,17549000.0,False,True,True,True,True,False
5446.T,5446,北越メタル,スタンダード（内国株式）,鉄鋼,-,2026-08-21,2599.0,1082.0,20790490.0,18005.0,11469200.0,False,True,True,True,True,False
246A.T,246A,アスア,グロース（内国株式）,サービス業,-,2026-08-21,464.0,914.0,20726275.0,21725.0,1828000.0,False,True,True,True,True,False
554A.T,554A,バトンズ,グロース（内国株式）,情報・通信業,-,2026-08-21,82.0,1606.0,20683405.0,13990.0,19753800.0,False,True,False,True,True,False
9913.T,9913,日邦産業,スタンダード（内国株式）,卸売業,-,2026-08-21,2599.0,3260.0,20439600.0,6460.0,12714000.0,False,True,True,True,True,False
4274.T,4274,細谷火工,スタンダード（内国株式）,化学,-,2026-08-21,2599.0,1103.0,20288170.0,18885.0,9154900.0,False,True,True,True,True,False
3467.T,3467,アグレ都市デザイン,スタンダード（内国株式）,不動産業,-,2026-08-21,2568.0,2845.0,20248095.0,7260.0,7681500.0,False,True,True,True,True,False
4412.T,4412,サイエンスアーツ,グロース（内国株式）,情報・通信業,-,2026-08-21,1159.0,1236.0,20180415.0,17350.0,32012400.0,False,True,True,True,True,False
3501.T,3501,ＳＵＭＩＮＯＥ,プライム（内国株式）,繊維製品,-,2026-08-21,2599.0,1192.0,20164935.0,17310.0,9893600.0,False,True,True,True,True,False
5464.T,5464,モリ工業,スタンダード（内国株式）,鉄鋼,TOPIX Small 2,2026-08-21,2599.0,945.0,20130835.0,21215.0,13608000.0,False,True,True,True,True,False
7191.T,7191,イントラスト,スタンダード（内国株式）,その他金融業,-,2026-08-21,2391.0,1179.0,20083195.0,17595.0,9078300.0,False,True,True,True,True,False
3392.T,3392,デリカフーズホールディングス,スタンダード（内国株式）,卸売業,-,2026-08-21,2599.0,800.0,20075700.0,24700.0,9040000.0,False,True,True,True,True,False
1736.T,1736,オーテック,スタンダード（内国株式）,建設業,-,2026-08-21,2599.0,2369.0,19980030.0,8325.0,4027300.0,False,True,True,True,True,False
6904.T,6904,原田工業,スタンダード（内国株式）,電気機器,-,2026-08-21,2599.0,572.0,19906360.0,36205.0,9952800.0,False,True,True,True,True,False
6086.T,6086,シンメンテホールディングス,グロース（内国株式）,サービス業,-,2026-08-21,2599.0,1042.0,19884110.0,18955.0,8023400.0,False,True,True,True,True,False
7150.T,7150,島根銀行,スタンダード（内国株式）,銀行業,-,2026-08-21,2599.0,519.0,19801065.0,39130.0,10483800.0,False,True,True,True,True,False
2335.T,2335,キューブシステム,プライム（内国株式）,情報・通信業,TOPIX Small 2,2026-08-21,2599.0,1090.0,19797045.0,18355.0,22127000.0,False,True,True,True,True,False
5870.T,5870,ナルネットコミュニケーションズ,グロース（内国株式）,サービス業,-,2026-08-21,648.0,902.0,19725010.0,22930.0,4510000.0,False,True,True,True,True,False
3195.T,3195,ジェネレーションパス,スタンダード（内国株式）,小売業,-,2026-08-21,2599.0,650.0,19696040.0,33300.0,16900000.0,False,True,True,True,True,False
7561.T,7561,ハークスレイホールディングス,スタンダード（内国株式）,小売業,-,2026-08-21,2599.0,687.0,19693880.0,28640.0,10236300.0,False,True,True,True,True,False
2286.T,2286,林兼産業,スタンダード（内国株式）,食料品,-,2026-08-21,2599.0,919.0,19657475.0,22195.0,17552900.0,False,True,True,True,True,False
2573.T,2573,北海道コカ・コーラボトリング,スタンダード（内国株式）,食料品,-,2026-08-21,2599.0,4010.0,19620150.0,4910.0,16842000.0,False,True,True,True,True,False
7247.T,7247,ミクニ,スタンダード（内国株式）,輸送用機器,-,2026-08-21,2599.0,371.0,19609040.0,53680.0,16435300.0,False,True,True,True,True,False
5103.T,5103,昭和ホールディングス,スタンダード（内国株式）,ゴム製品,-,2026-08-21,2599.0,1.0,19608925.0,2956935.0,5433200.0,False,False,True,True,True,False
7162.T,7162,アストマックス,スタンダード（内国株式）,電気・ガス業,-,2026-08-21,2599.0,267.0,19560530.0,76540.0,640800.0,False,True,True,True,True,False
6778.T,6778,アルチザネットワークス,スタンダード（内国株式）,電気機器,-,2026-08-21,2599.0,636.0,19522680.0,31135.0,18889200.0,False,True,True,True,True,False
7781.T,7781,平山ホールディングス,スタンダード（内国株式）,精密機器,-,2026-08-21,2599.0,890.0,19481565.0,23475.0,24386000.0,False,True,True,True,True,False
4196.T,4196,ネオマーケティング,スタンダード（内国株式）,情報・通信業,-,2026-08-21,1303.0,1999.0,19444275.0,10145.0,15992000.0,False,True,True,True,True,False
4261.T,4261,アジアクエスト,グロース（内国株式）,情報・通信業,-,2026-08-21,1137.0,2915.0,19420845.0,6515.0,8162000.0,False,True,True,True,True,False
5588.T,5588,ファーストアカウンティング,グロース（内国株式）,情報・通信業,-,2026-08-21,711.0,809.0,19403555.0,23780.0,6310200.0,False,True,True,True,True,False
4436.T,4436,ミンカブ・ジ・インフォノイド,グロース（内国株式）,情報・通信業,-,2026-08-21,1811.0,422.0,19332350.0,43570.0,26797000.0,False,True,True,True,True,False
7030.T,7030,スプリックス,スタンダード（内国株式）,サービス業,-,2026-08-21,1993.0,979.0,19310335.0,18565.0,17230400.0,False,True,True,True,True,False
6573.T,6573,ＣＲＡＶＩＡ,グロース（内国株式）,サービス業,-,2026-08-21,2058.0,28.0,19289490.0,719400.0,12602800.0,False,False,True,True,True,False
9029.T,9029,ヒガシホールディングス,スタンダード（内国株式）,陸運業,-,2026-08-21,2599.0,1919.0,19233775.0,9635.0,4221800.0,False,True,True,True,True,False
4119.T,4119,日本ピグメントホールディングス,スタンダード（内国株式）,化学,-,2026-08-21,2599.0,5920.0,19206550.0,3230.0,8880000.0,False,True,True,True,True,False
7378.T,7378,アシロ,グロース（内国株式）,サービス業,-,2026-08-21,1244.0,1525.0,19180725.0,12645.0,4422500.0,False,True,True,True,True,False
2303.T,2303,ドーン,スタンダード（内国株式）,情報・通信業,-,2026-08-21,2599.0,1335.0,19152540.0,14685.0,11614500.0,False,True,True,True,True,False
407A.T,407A,ＵＮＩＣＯＮホールディングス,スタンダード（内国株式）,建設業,-,2026-08-21,220.0,920.0,19123895.0,21540.0,23644000.0,False,True,False,True,True,False
6082.T,6082,ライドオンエクスプレスホールディングス,スタンダード（内国株式）,サービス業,TOPIX Small 2,2026-08-21,2599.0,1023.0,19092045.0,18780.0,19641600.0,False,True,True,True,True,False
7709.T,7709,クボテック,スタンダード（内国株式）,精密機器,-,2026-08-21,2599.0,38.0,19039710.0,458660.0,2101400.0,False,False,True,True,True,False
157A.T,157A,グリーンモンスター,グロース（内国株式）,サービス業,-,2026-08-21,586.0,731.0,19032025.0,24965.0,11915300.0,False,True,True,True,True,False
5287.T,5287,イトーヨーギョー,スタンダード（内国株式）,ガラス・土石製品,-,2026-08-21,2599.0,841.0,19017500.0,21945.0,5887000.0,False,True,True,True,True,False
5922.T,5922,那須電機鉄工,スタンダード（内国株式）,金属製品,-,2026-08-21,2599.0,20230.0,19006400.0,955.0,6069000.0,False,True,True,True,True,False
4379.T,4379,Ｐｈｏｔｏｓｙｎｔｈ,グロース（内国株式）,情報・通信業,-,2026-08-21,1172.0,431.0,18955250.0,44090.0,23877400.0,False,True,True,True,True,False
6540.T,6540,船場,スタンダード（内国株式）,サービス業,-,2026-08-21,2383.0,1542.0,18880240.0,12515.0,20046000.0,False,True,True,True,True,False
9414.T,9414,日本ＢＳ放送,スタンダード（内国株式）,情報・通信業,-,2026-08-21,2599.0,925.0,18866355.0,20485.0,12117500.0,False,True,True,True,True,False
5282.T,5282,ジオスター,スタンダード（内国株式）,ガラス・土石製品,-,2026-08-21,2599.0,399.0,18789815.0,44955.0,6942600.0,False,True,True,True,True,False
5658.T,5658,日亜鋼業,スタンダード（内国株式）,鉄鋼,-,2026-08-21,2599.0,402.0,18648680.0,48375.0,9969600.0,False,True,True,True,True,False
2483.T,2483,翻訳センター,スタンダード（内国株式）,サービス業,-,2026-08-21,2599.0,2205.0,18463210.0,8370.0,5512500.0,False,True,True,True,True,False
4845.T,4845,スカラ,スタンダード（内国株式）,情報・通信業,TOPIX Small 2,2026-08-21,2599.0,359.0,18424105.0,53225.0,12780400.0,False,True,True,True,True,False
9272.T,9272,ブティックス,グロース（内国株式）,サービス業,-,2026-08-21,2055.0,1407.0,18372795.0,12845.0,4502400.0,False,True,True,True,True,False
7567.T,7567,栄電子,スタンダード（内国株式）,卸売業,-,2026-08-21,2599.0,612.0,18316470.0,29970.0,5875200.0,False,True,True,True,True,False
330A.T,330A,ＴａｌｅｎｔＸ,グロース（内国株式）,情報・通信業,-,2026-08-21,350.0,502.0,18284705.0,36585.0,5722800.0,False,True,True,True,True,False
1811.T,1811,錢高組,スタンダード（内国株式）,建設業,-,2026-08-21,2599.0,7870.0,18255450.0,2240.0,19675000.0,False,True,True,True,True,False
1443.T,1443,技研ホールディングス,スタンダード（内国株式）,建設業,-,2026-08-21,2116.0,276.0,18242705.0,68660.0,5934000.0,False,True,True,True,True,False
3597.T,3597,自重堂,スタンダード（内国株式）,繊維製品,-,2026-08-21,2599.0,9150.0,18224800.0,2015.0,34770000.0,False,True,True,True,True,False
3823.T,3823,ＴＨＥ　ＷＨＹ　ＨＯＷ　ＤＯ　ＣＯＭＰＡＮＹ,スタンダード（内国株式）,情報・通信業,-,2026-08-21,2599.0,31.0,18220995.0,594815.0,11085600.0,False,False,True,True,True,False
548A.T,548A,システムエグゼ,スタンダード（内国株式）,情報・通信業,-,2026-08-21,94.0,941.0,18102520.0,19120.0,3575800.0,False,True,False,True,True,False
4936.T,4936,アクシージア,スタンダード（内国株式）,化学,TOPIX Small 2,2026-08-21,1347.0,321.0,18100060.0,54675.0,8057100.0,False,True,True,True,True,False
4074.T,4074,ラキール,グロース（内国株式）,情報・通信業,-,2026-08-21,1246.0,741.0,18063350.0,21050.0,2371200.0,False,True,True,True,True,False
2669.T,2669,カネ美食品,スタンダード（内国株式）,小売業,-,2026-08-21,2599.0,4000.0,18059850.0,4525.0,39200000.0,False,True,True,True,True,False
7571.T,7571,ヤマノホールディングス,スタンダード（内国株式）,小売業,-,2026-08-21,2599.0,87.0,18048130.0,216640.0,28544700.0,False,False,True,True,True,False
3772.T,3772,ウェルス・マネジメント,スタンダード（内国株式）,不動産業,-,2026-08-21,2599.0,1082.0,18045790.0,17030.0,20125200.0,False,True,True,True,True,False
3695.T,3695,ＧＭＯプロダクトプラットフォーム,グロース（内国株式）,情報・通信業,-,2026-08-21,2599.0,1437.0,18017610.0,12555.0,23854200.0,False,True,True,True,True,False
9046.T,9046,神戸電鉄,スタンダード（内国株式）,陸運業,TOPIX Small 2,2026-08-21,2599.0,2475.0,17995655.0,7305.0,22770000.0,False,True,True,True,True,False
7374.T,7374,コンフィデンス・インターワークス,グロース（内国株式）,サービス業,-,2026-08-21,1260.0,1526.0,17975225.0,11815.0,6409200.0,False,True,True,True,True,False
1826.T,1826,佐田建設,スタンダード（内国株式）,建設業,-,2026-08-21,2599.0,1090.0,17969135.0,16510.0,3379000.0,False,True,True,True,True,False
6279.T,6279,瑞光,プライム（内国株式）,機械,TOPIX Small 2,2026-08-21,2599.0,925.0,17959570.0,19355.0,12210000.0,False,True,True,True,True,False
3069.T,3069,ＪＦＬＡホールディングス,スタンダード（内国株式）,食料品,-,2026-08-21,2599.0,167.0,17950625.0,109310.0,10688000.0,False,False,True,True,True,False
1381.T,1381,アクシーズ,スタンダード（内国株式）,水産・農林業,-,2026-08-21,2599.0,3410.0,17945875.0,5205.0,6820000.0,False,True,True,True,True,False
3440.T,3440,日創グループ,スタンダード（内国株式）,金属製品,-,2026-08-21,1733.0,943.0,17867055.0,19780.0,9618600.0,False,True,True,True,True,False
3917.T,3917,アイリッジ,グロース（内国株式）,情報・通信業,-,2026-08-21,2599.0,487.0,17832150.0,38560.0,5795300.0,False,True,True,True,True,False
6030.T,6030,アドベンチャー,グロース（内国株式）,サービス業,-,2026-08-21,2599.0,1500.0,17773995.0,11750.0,6450000.0,False,True,True,True,True,False
4840.T,4840,トライアイズ,スタンダード（内国株式）,サービス業,-,2026-08-21,2599.0,534.0,17732280.0,32680.0,2776800.0,False,True,True,True,True,False
2321.T,2321,ソフトフロントホールディングス,グロース（内国株式）,情報・通信業,-,2026-08-21,2599.0,131.0,17720970.0,137505.0,3877600.0,False,False,True,True,True,False
2208.T,2208,ブルボン,スタンダード（内国株式）,食料品,-,2026-08-21,2599.0,3100.0,17704900.0,5665.0,17360000.0,False,True,True,True,True,False
4235.T,4235,ウルトラファブリックス・ホールディングス,スタンダード（内国株式）,化学,-,2026-08-21,2599.0,691.0,17699690.0,25120.0,6564500.0,False,True,True,True,True,False
4365.T,4365,松本油脂製薬,スタンダード（内国株式）,化学,-,2026-08-21,2599.0,20910.0,17591650.0,880.0,12546000.0,False,True,True,True,True,False
4488.T,4488,ＡＩ　ｉｎｓｉｄｅ,グロース（内国株式）,情報・通信業,-,2026-08-21,1623.0,2156.0,17558795.0,8170.0,16170000.0,False,True,True,True,True,False
6533.T,6533,Ｏｒｃｈｅｓｔｒａ　Ｈｏｌｄｉｎｇｓ,プライム（内国株式）,サービス業,TOPIX Small 2,2026-08-21,2447.0,1229.0,17557420.0,14380.0,10692300.0,False,True,True,True,True,False
6897.T,6897,ツインバード,スタンダード（内国株式）,電気機器,-,2026-08-21,2599.0,677.0,17489090.0,25770.0,11035100.0,False,True,True,True,True,False
7841.T,7841,遠藤製作所,スタンダード（内国株式）,その他製品,-,2026-08-21,2599.0,1116.0,17478325.0,15910.0,5914800.0,False,True,True,True,True,False
3648.T,3648,ＡＧＳ,スタンダード（内国株式）,情報・通信業,-,2026-08-21,2599.0,1045.0,17469090.0,16610.0,6479000.0,False,True,True,True,True,False
9854.T,9854,愛眼,スタンダード（内国株式）,小売業,-,2026-08-21,2599.0,284.0,17440195.0,63030.0,4174800.0,False,True,True,True,True,False
3951.T,3951,朝日印刷,スタンダード（内国株式）,パルプ・紙,-,2026-08-21,2599.0,899.0,17422280.0,19540.0,15552700.0,False,True,True,True,True,False
2936.T,2936,ベースフード,グロース（内国株式）,食料品,-,2026-08-21,922.0,269.0,17421100.0,64090.0,11836000.0,False,True,True,True,True,False
9982.T,9982,タキヒヨー,スタンダード（内国株式）,卸売業,-,2026-08-21,2599.0,2576.0,17412420.0,7160.0,4636800.0,False,True,True,True,True,False
6748.T,6748,星和電機,スタンダード（内国株式）,電気機器,-,2026-08-21,2599.0,786.0,17397605.0,22530.0,3537000.0,False,True,True,True,True,False
7213.T,7213,レシップホールディングス,スタンダード（内国株式）,輸送用機器,-,2026-08-21,2599.0,664.0,17333460.0,26935.0,9694400.0,False,True,True,True,True,False
9478.T,9478,ＳＥホールディングス・アンド・インキュベーションズ,スタンダード（内国株式）,情報・通信業,-,2026-08-21,2599.0,511.0,17306105.0,32795.0,2248400.0,False,True,True,True,True,False
7363.T,7363,ベビーカレンダー,グロース（内国株式）,サービス業,-,2026-08-21,1323.0,1275.0,17300475.0,13005.0,1530000.0,False,True,True,True,True,False
6577.T,6577,ベストワンドットコム,グロース（内国株式）,サービス業,-,2026-08-21,2039.0,1929.0,17287240.0,8530.0,2700600.0,False,True,True,True,True,False
6249.T,6249,ゲームカードホールディングス,スタンダード（内国株式）,機械,-,2026-08-21,2599.0,2757.0,17282730.0,6490.0,8271000.0,False,True,True,True,True,False
5983.T,5983,イワブチ,スタンダード（内国株式）,金属製品,-,2026-08-21,2599.0,12960.0,17234200.0,1220.0,10368000.0,False,True,True,True,True,False
8041.T,8041,ＯＵＧホールディングス,スタンダード（内国株式）,卸売業,-,2026-08-21,2599.0,4480.0,17163650.0,3840.0,17920000.0,False,True,True,True,True,False
6031.T,6031,ＺＥＴＡ,グロース（内国株式）,サービス業,-,2026-08-21,2599.0,262.0,17147890.0,70405.0,5816400.0,False,True,True,True,True,False
7822.T,7822,永大産業,スタンダード（内国株式）,その他製品,-,2026-08-21,2599.0,255.0,17124190.0,68645.0,3901500.0,False,True,True,True,True,False
1783.T,1783,ｆａｎｔａｓｉｓｔａ,スタンダード（内国株式）,不動産業,-,2026-08-21,2599.0,50.0,16981675.0,348670.0,23710000.0,False,False,True,True,True,False
5612.T,5612,日本鋳鉄管,スタンダード（内国株式）,鉄鋼,-,2026-08-21,2599.0,1613.0,16951260.0,10675.0,4032500.0,False,True,True,True,True,False
3807.T,3807,フィスコ,グロース（内国株式）,情報・通信業,-,2026-08-21,2599.0,90.0,16941320.0,195845.0,57510000.0,False,False,True,True,True,False
4629.T,4629,大伸化学,スタンダード（内国株式）,化学,-,2026-08-21,2599.0,2104.0,16918610.0,8210.0,210400.0,False,True,True,True,True,False
2667.T,2667,イメージ　ワン,スタンダード（内国株式）,卸売業,-,2026-08-21,2599.0,102.0,16912425.0,152095.0,18992400.0,False,False,True,True,True,False
4673.T,4673,川崎地質,スタンダード（内国株式）,サービス業,-,2026-08-21,2599.0,4760.0,16898800.0,3555.0,9996000.0,False,True,True,True,True,False
7551.T,7551,ウェッズ,スタンダード（内国株式）,輸送用機器,-,2026-08-21,2599.0,730.0,16871150.0,23095.0,2847000.0,False,True,True,True,True,False
500A.T,500A,ＴＯブックス,スタンダード（内国株式）,情報・通信業,-,2026-08-21,128.0,3245.0,16707965.0,5475.0,2596000.0,False,True,False,True,True,False
8165.T,8165,千趣会,スタンダード（内国株式）,小売業,TOPIX Small 2,2026-08-21,2599.0,106.0,16615975.0,151820.0,11596400.0,False,False,True,True,True,False
9661.T,9661,歌舞伎座,スタンダード（内国株式）,サービス業,-,2026-08-21,2599.0,4455.0,16602950.0,3715.0,33412500.0,False,True,True,True,True,False
4576.T,4576,デ・ウエスタン・セラピテクス研究所,グロース（内国株式）,医薬品,-,2026-08-21,2599.0,88.0,16549570.0,203480.0,32806400.0,False,False,True,True,True,False
4264.T,4264,セキュア,グロース（内国株式）,情報・通信業,-,2026-08-21,1136.0,1501.0,16544690.0,10690.0,16811200.0,False,True,True,True,True,False
3134.T,3134,Ｈａｍｅｅ,スタンダード（内国株式）,小売業,TOPIX Small 2,2026-08-21,2599.0,304.0,16521055.0,56415.0,9667200.0,False,True,True,True,True,False
5982.T,5982,マルゼン,スタンダード（内国株式）,金属製品,-,2026-08-21,2599.0,4150.0,16511025.0,4070.0,12450000.0,False,True,True,True,True,False
196A.T,196A,ＭＦＳ,グロース（内国株式）,その他金融業,-,2026-08-21,529.0,333.0,16448435.0,54135.0,44821800.0,False,True,True,True,True,False
2762.T,2762,ＳＡＮＫＯ　ＭＡＲＫＥＴＩＮＧ　ＦＯＯＤＳ,スタンダード（内国株式）,小売業,-,2026-08-21,2599.0,71.0,16413390.0,216195.0,45113400.0,False,False,True,True,True,False
3320.T,3320,クロスプラス,スタンダード（内国株式）,卸売業,-,2026-08-21,2599.0,1315.0,16330115.0,12505.0,1841000.0,False,True,True,True,True,False
3538.T,3538,ウイルプラスホールディングス,スタンダード（内国株式）,小売業,-,2026-08-21,2565.0,1026.0,16285815.0,16425.0,4206600.0,False,True,True,True,True,False
5133.T,5133,テリロジーホールディングス,スタンダード（内国株式）,情報・通信業,-,2026-08-21,931.0,312.0,16273990.0,52630.0,20748000.0,False,True,True,True,True,False
6551.T,6551,ツナググループ・ホールディングス,スタンダード（内国株式）,サービス業,-,2026-08-21,2253.0,621.0,16251040.0,27110.0,4533300.0,False,True,True,True,True,False
2138.T,2138,クルーズ,スタンダード（内国株式）,情報・通信業,-,2026-08-21,2599.0,455.0,16249130.0,35615.0,2502500.0,False,True,True,True,True,False
3077.T,3077,ホリイフードサービス,スタンダード（内国株式）,小売業,-,2026-08-21,2599.0,1021.0,16178035.0,17610.0,30630000.0,False,True,True,True,True,False
9252.T,9252,ラストワンマイル,グロース（内国株式）,サービス業,-,2026-08-21,1160.0,3865.0,16172700.0,4255.0,6184000.0,False,True,True,True,True,False
9165.T,9165,クオルテック,グロース（内国株式）,サービス業,-,2026-08-21,749.0,1688.0,16101505.0,9400.0,8946400.0,False,True,True,True,True,False
286A.T,286A,ユカリア,グロース（内国株式）,サービス業,-,2026-08-21,411.0,820.0,15947705.0,19675.0,24518000.0,False,True,True,True,True,False
4890.T,4890,坪田ラボ,グロース（内国株式）,医薬品,-,2026-08-21,1019.0,277.0,15878580.0,61895.0,10941500.0,False,True,True,True,True,False
2345.T,2345,ＨＯＤＬ１,スタンダード（内国株式）,情報・通信業,-,2026-08-21,2599.0,108.0,15859600.0,161675.0,29257200.0,False,False,True,True,True,False
206A.T,206A,ＰＲＩＳＭ　ＢｉｏＬａｂ,グロース（内国株式）,医薬品,-,2026-08-21,522.0,170.0,15849275.0,98315.0,11951000.0,False,False,True,True,True,False
7065.T,7065,ユーピーアール,スタンダード（内国株式）,サービス業,-,2026-08-21,1757.0,1002.0,15840270.0,15785.0,14729400.0,False,True,True,True,True,False
4892.T,4892,サイフューズ,グロース（内国株式）,医薬品,-,2026-08-21,911.0,565.0,15803560.0,29650.0,8814000.0,False,True,True,True,True,False
1430.T,1430,ファーストコーポレーション,スタンダード（内国株式）,建設業,-,2026-08-21,2599.0,1038.0,15801945.0,15540.0,17127000.0,False,True,True,True,True,False
7192.T,7192,日本モーゲージサービス,スタンダード（内国株式）,その他金融業,-,2026-08-21,2383.0,630.0,15789675.0,25425.0,10395000.0,False,True,True,True,True,False
7417.T,7417,南陽,スタンダード（内国株式）,卸売業,-,2026-08-21,2136.0,1915.0,15716470.0,8315.0,10341000.0,False,True,True,True,True,False
9765.T,9765,オオバ,プライム（内国株式）,サービス業,-,2026-08-21,2599.0,1165.0,15695165.0,13795.0,10135500.0,False,True,True,True,True,False
4598.T,4598,Ｄｅｌｔａ－Ｆｌｙ　Ｐｈａｒｍａ,グロース（内国株式）,医薬品,-,2026-08-21,1918.0,109.0,15594660.0,150855.0,18704400.0,False,False,True,True,True,False
3760.T,3760,ケイブ,スタンダード（内国株式）,情報・通信業,-,2026-08-21,2599.0,732.0,15581350.0,20710.0,6295200.0,False,True,True,True,True,False
5888.T,5888,ＤＡＩＷＡ　ＣＹＣＬＥ,グロース（内国株式）,小売業,-,2026-08-21,680.0,2800.0,15566335.0,5685.0,560000.0,False,True,True,True,True,False
7885.T,7885,タカノ,スタンダード（内国株式）,その他製品,-,2026-08-21,2599.0,1141.0,15425805.0,14075.0,3651200.0,False,True,True,True,True,False
5915.T,5915,駒井ハルテック,スタンダード（内国株式）,金属製品,-,2026-08-21,2599.0,2350.0,15377075.0,6710.0,8460000.0,False,True,True,True,True,False
5591.T,5591,ＡＶＩＬＥＮ,グロース（内国株式）,情報・通信業,-,2026-08-21,708.0,859.0,15362110.0,19000.0,23536600.0,False,True,True,True,True,False
3918.T,3918,ＰＣＩホールディングス,スタンダード（内国株式）,情報・通信業,-,2026-08-21,2599.0,1161.0,15284240.0,13095.0,4760100.0,False,True,True,True,True,False
2497.T,2497,ユナイテッド,グロース（内国株式）,サービス業,-,2026-08-21,2599.0,529.0,15214920.0,29155.0,18620800.0,False,True,True,True,True,False
4174.T,4174,アピリッツ,スタンダード（内国株式）,情報・通信業,-,2026-08-21,1342.0,824.0,15125910.0,19685.0,20352800.0,False,True,True,True,True,False
2226.T,2226,湖池屋,スタンダード（内国株式）,食料品,-,2026-08-21,2599.0,4840.0,15030625.0,3130.0,8228000.0,False,True,True,True,True,False
7570.T,7570,橋本総業ホールディングス,スタンダード（内国株式）,卸売業,TOPIX Small 2,2026-08-21,2599.0,1409.0,15026715.0,10675.0,23389400.0,False,True,True,True,True,False
2340.T,2340,極楽湯ホールディングス,スタンダード（内国株式）,サービス業,-,2026-08-21,2599.0,515.0,15015785.0,29120.0,11124000.0,False,True,True,True,True,False
5909.T,5909,コロナ,スタンダード（内国株式）,金属製品,TOPIX Small 2,2026-08-21,2599.0,995.0,14902805.0,15020.0,31840000.0,False,True,True,True,True,False
7523.T,7523,アールビバン,スタンダード（内国株式）,小売業,-,2026-08-21,2599.0,1900.0,14769015.0,7780.0,9500000.0,False,True,True,True,True,False
3747.T,3747,インタートレード,スタンダード（内国株式）,情報・通信業,-,2026-08-21,2599.0,448.0,14732405.0,34265.0,158144000.0,False,True,True,True,True,False
2588.T,2588,プレミアムウォーターホールディングス,スタンダード（内国株式）,食料品,-,2026-08-21,2599.0,3755.0,14634200.0,3905.0,15395500.0,False,True,True,True,True,False
9262.T,9262,シルバーライフ,スタンダード（内国株式）,小売業,TOPIX Small 2,2026-08-21,2170.0,685.0,14595895.0,22050.0,11371000.0,False,True,True,True,True,False
8904.T,8904,ＡＶＡＮＴＩＡ,スタンダード（内国株式）,不動産業,-,2026-08-21,2599.0,871.0,14588380.0,16895.0,9581000.0,False,True,True,True,True,False
2009.T,2009,鳥越製粉,スタンダード（内国株式）,食料品,-,2026-08-21,2599.0,1085.0,14586665.0,13435.0,16275000.0,False,True,True,True,True,False
3912.T,3912,モバイルファクトリー,スタンダード（内国株式）,情報・通信業,-,2026-08-21,2599.0,1132.0,14573540.0,13655.0,4641200.0,False,True,True,True,True,False
7795.T,7795,ＫＹＯＲＩＴＳＵ,スタンダード（内国株式）,その他製品,-,2026-08-21,951.0,228.0,14571200.0,68830.0,23392800.0,False,True,True,True,True,False
4012.T,4012,アクシス,スタンダード（内国株式）,情報・通信業,-,2026-08-21,1440.0,1733.0,14559580.0,8345.0,8145100.0,False,True,True,True,True,False
184A.T,184A,学びエイド,グロース（内国株式）,情報・通信業,-,2026-08-21,547.0,316.0,14519305.0,41315.0,379200.0,False,True,True,True,True,False
8894.T,8894,ＲＥＶＯＬＵＴＩＯＮ,スタンダード（内国株式）,不動産業,-,2026-08-21,2599.0,23.0,14511350.0,650605.0,14294500.0,False,False,True,True,True,False
1431.T,1431,Ｌｉｂ　Ｗｏｒｋ,グロース（内国株式）,建設業,-,2026-08-21,1753.0,648.0,14504485.0,22265.0,10821600.0,False,True,True,True,True,False
7991.T,7991,マミヤ・オーピー,スタンダード（内国株式）,機械,-,2026-08-21,2599.0,1056.0,14475570.0,13445.0,6124800.0,False,True,True,True,True,False
7115.T,7115,アルファパーチェス,スタンダード（内国株式）,卸売業,-,2026-08-21,894.0,1494.0,14436235.0,9330.0,8515800.0,False,True,True,True,True,False
6549.T,6549,ディーエムソリューションズ,スタンダード（内国株式）,サービス業,-,2026-08-21,2260.0,1049.0,14435640.0,13000.0,12588000.0,False,True,True,True,True,False
9563.T,9563,Ａｔｌａｓ　Ｔｅｃｈｎｏｌｏｇｉｅｓ,グロース（内国株式）,サービス業,-,2026-08-21,935.0,372.0,14381845.0,39855.0,8704800.0,False,True,True,True,True,False
6182.T,6182,メタリアル,グロース（内国株式）,サービス業,-,2026-08-21,2599.0,478.0,14328050.0,31670.0,8890800.0,False,True,True,True,True,False
6599.T,6599,エブレン,スタンダード（内国株式）,電気機器,-,2026-08-21,1502.0,3185.0,14305785.0,4360.0,318500.0,False,True,True,True,True,False
2981.T,2981,ランディックス,グロース（内国株式）,不動産業,-,2026-08-21,1628.0,2157.0,14304400.0,6715.0,9922200.0,False,True,True,True,True,False
8085.T,8085,ナラサキ産業,スタンダード（内国株式）,卸売業,-,2026-08-21,2599.0,4120.0,14301700.0,3350.0,6592000.0,False,True,True,True,True,False
6246.T,6246,テクノスマート,スタンダード（内国株式）,機械,-,2026-08-21,2599.0,1836.0,14290785.0,7785.0,7527600.0,False,True,True,True,True,False
460A.T,460A,ＢＲＡＮＵ,グロース（内国株式）,情報・通信業,-,2026-08-21,177.0,1068.0,14246010.0,14170.0,17301600.0,False,True,False,True,True,False
6538.T,6538,ディスラプターズ,スタンダード（内国株式）,サービス業,-,2026-08-21,2387.0,241.0,14232305.0,57180.0,8145800.0,False,True,True,True,True,False
7849.T,7849,スターツ出版,スタンダード（内国株式）,情報・通信業,-,2026-08-21,2599.0,2989.0,14131135.0,4645.0,5380200.0,False,True,True,True,True,False
198A.T,198A,ＰｏｓｔＰｒｉｍｅ,グロース（内国株式）,情報・通信業,-,2026-08-21,530.0,156.0,14013920.0,89400.0,13275600.0,False,False,True,True,True,False
3238.T,3238,セントラル総合開発,スタンダード（内国株式）,不動産業,-,2026-08-21,2599.0,388.0,13999360.0,36160.0,8846400.0,False,True,True,True,True,False
3178.T,3178,チムニー,スタンダード（内国株式）,小売業,-,2026-08-21,2599.0,1185.0,13996210.0,12060.0,10783500.0,False,True,True,True,True,False
9761.T,9761,東海リース,スタンダード（内国株式）,サービス業,-,2026-08-21,2599.0,2425.0,13994900.0,5825.0,10185000.0,False,True,True,True,True,False
7815.T,7815,東京ボード工業,スタンダード（内国株式）,その他製品,-,2026-08-21,2599.0,363.0,13952160.0,38880.0,7586700.0,False,True,True,True,True,False
3267.T,3267,フィル・カンパニー,スタンダード（内国株式）,建設業,TOPIX Small 2,2026-08-21,2402.0,640.0,13914595.0,22340.0,15552000.0,False,True,True,True,True,False
9160.T,9160,オンザページ,スタンダード（内国株式）,サービス業,-,2026-08-21,768.0,328.0,13910155.0,43495.0,11972000.0,False,True,True,True,True,False
5571.T,5571,エキサイトホールディングス,スタンダード（内国株式）,情報・通信業,-,2026-08-21,817.0,1002.0,13900555.0,14515.0,12725400.0,False,True,True,True,True,False
4960.T,4960,ケミプロ化成,スタンダード（内国株式）,化学,-,2026-08-21,2599.0,503.0,13872170.0,26510.0,6740200.0,False,True,True,True,True,False
4015.T,4015,ペイクラウドホールディングス,グロース（内国株式）,情報・通信業,-,2026-08-21,1406.0,557.0,13865880.0,25415.0,13869300.0,False,True,True,True,True,False
6554.T,6554,エスユーエス,グロース（内国株式）,サービス業,-,2026-08-21,2200.0,1070.0,13842580.0,13050.0,13803000.0,False,True,True,True,True,False
3686.T,3686,ディー・エル・イー,スタンダード（内国株式）,情報・通信業,-,2026-08-21,2599.0,58.0,13835880.0,230340.0,8920400.0,False,False,True,True,True,False
7185.T,7185,ヒロセ通商,スタンダード（内国株式）,証券、商品先物取引業,-,2026-08-21,2568.0,3910.0,13811575.0,3530.0,12903000.0,False,True,True,True,True,False
5699.T,5699,イボキン,スタンダード（内国株式）,鉄鋼,-,2026-08-21,1969.0,1593.0,13755095.0,8905.0,12744000.0,False,True,True,True,True,False
4440.T,4440,ヴィッツ,スタンダード（内国株式）,情報・通信業,-,2026-08-21,1797.0,1170.0,13732885.0,11890.0,10062000.0,False,True,True,True,True,False
3359.T,3359,ｃｏｔｔａ,グロース（内国株式）,卸売業,-,2026-08-21,2599.0,521.0,13701205.0,26335.0,6981400.0,False,True,True,True,True,False
6919.T,6919,ケル,スタンダード（内国株式）,電気機器,-,2026-08-21,2599.0,1440.0,13692670.0,9660.0,14256000.0,False,True,True,True,True,False
5994.T,5994,ファインシンター,スタンダード（内国株式）,金属製品,-,2026-08-21,2599.0,997.0,13652290.0,13955.0,12562200.0,False,True,True,True,True,False
3671.T,3671,ソフトマックス,スタンダード（内国株式）,情報・通信業,-,2026-08-21,2599.0,310.0,13641475.0,42880.0,3224000.0,False,True,True,True,True,False
5986.T,5986,モリテック　スチール,スタンダード（内国株式）,金属製品,-,2026-08-21,2599.0,257.0,13577445.0,54280.0,4214800.0,False,True,True,True,True,False
9368.T,9368,キムラユニティー,スタンダード（内国株式）,倉庫・運輸関連業,-,2026-08-21,2599.0,922.0,13522210.0,14665.0,8851200.0,False,True,True,True,True,False
7692.T,7692,アースインフィニティ,スタンダード（内国株式）,電気・ガス業,-,2026-08-21,1429.0,79.0,13507675.0,171325.0,6722900.0,False,False,True,True,True,False
4495.T,4495,アイキューブドシステムズ,グロース（内国株式）,情報・通信業,-,2026-08-21,1490.0,1918.0,13498475.0,7030.0,6329400.0,False,True,True,True,True,False
2750.T,2750,石光商事,スタンダード（内国株式）,卸売業,-,2026-08-21,2599.0,1350.0,13469380.0,10315.0,11475000.0,False,True,True,True,True,False
2385.T,2385,総医研ホールディングス,グロース（内国株式）,サービス業,-,2026-08-21,2599.0,220.0,13410090.0,61485.0,5038000.0,False,True,True,True,True,False
6402.T,6402,兼松エンジニアリング,スタンダード（内国株式）,機械,-,2026-08-21,2599.0,1598.0,13389695.0,8535.0,10067400.0,False,True,True,True,True,False
520A.T,520A,ジェイファーマ,グロース（内国株式）,医薬品,-,2026-08-21,102.0,275.0,13386455.0,48340.0,11550000.0,False,True,False,True,True,False
2923.T,2923,サトウ食品,スタンダード（内国株式）,食料品,-,2026-08-21,2599.0,8360.0,13368700.0,1575.0,13376000.0,False,True,True,True,True,False
3075.T,3075,銚子丸,スタンダード（内国株式）,小売業,-,2026-08-21,2599.0,1701.0,13285865.0,7765.0,18030600.0,False,True,True,True,True,False
130A.T,130A,Ｖｅｒｉｔａｓ　Ｉｎ　Ｓｉｌｉｃｏ,グロース（内国株式）,医薬品,-,2026-08-21,619.0,448.0,13208075.0,32080.0,13126400.0,False,True,True,True,True,False
7080.T,7080,スポーツフィールド,グロース（内国株式）,サービス業,-,2026-08-21,1622.0,851.0,13191445.0,15830.0,5020900.0,False,True,True,True,True,False
2776.T,2776,新都ホールディングス,スタンダード（内国株式）,卸売業,-,2026-08-21,2599.0,95.0,13153555.0,141410.0,17052500.0,False,False,True,True,True,False
1966.T,1966,高田工業所,スタンダード（内国株式）,建設業,-,2026-08-21,2599.0,1742.0,13135120.0,7605.0,7490600.0,False,True,True,True,True,False
7814.T,7814,日本創発グループ,スタンダード（内国株式）,その他製品,-,2026-08-21,2599.0,624.0,13133295.0,20245.0,7737600.0,False,True,True,True,True,False
2370.T,2370,メディネット,グロース（内国株式）,サービス業,-,2026-08-21,2599.0,26.0,13121145.0,519955.0,18059600.0,False,False,True,True,True,False
4880.T,4880,セルソース,スタンダード（内国株式）,医薬品,TOPIX Small 2,2026-08-21,1664.0,356.0,13050265.0,39430.0,10893600.0,False,True,True,True,True,False
416A.T,416A,富士ユナイトホールディングス,スタンダード（内国株式）,卸売業,-,2026-08-21,2599.0,1267.0,12985685.0,10470.0,4814600.0,False,True,True,True,True,False
7371.T,7371,Ｚｅｎｋｅｎ,グロース（内国株式）,サービス業,-,2026-08-21,1268.0,751.0,12953840.0,17310.0,7284700.0,False,True,True,True,True,False
3667.T,3667,ｅｎｉｓｈ,スタンダード（内国株式）,情報・通信業,-,2026-08-21,2599.0,28.0,12910385.0,474295.0,17586800.0,False,False,True,True,True,False
3931.T,3931,バリューゴルフ,グロース（内国株式）,情報・通信業,-,2026-08-21,2579.0,1523.0,12903480.0,8045.0,1827600.0,False,True,True,True,True,False
7126.T,7126,グローバルスタイル,スタンダード（内国株式）,小売業,-,2026-08-21,1222.0,1427.0,12896955.0,8785.0,4851800.0,False,True,True,True,True,False
339A.T,339A,プログレス・テクノロジーズ　グループ,グロース（内国株式）,サービス業,-,2026-08-21,343.0,934.0,12880685.0,14365.0,6071000.0,False,True,True,True,True,False
7897.T,7897,ホクシン,スタンダード（内国株式）,その他製品,-,2026-08-21,2599.0,106.0,12868430.0,125290.0,10653000.0,False,False,True,True,True,False
195A.T,195A,ＭＵＳＣＡＴ　ＧＲＯＵＰ,グロース（内国株式）,サービス業,-,2026-08-21,531.0,606.0,12846910.0,19500.0,7150800.0,False,True,True,True,True,False
7134.T,7134,アップガレージグループ,スタンダード（内国株式）,小売業,-,2026-08-21,1139.0,1389.0,12804320.0,9055.0,6528300.0,False,True,True,True,True,False
3512.T,3512,日本フエルト,スタンダード（内国株式）,繊維製品,-,2026-08-21,2599.0,1030.0,12668515.0,13020.0,44805000.0,False,True,True,True,True,False
7299.T,7299,フジオーゼックス,スタンダード（内国株式）,輸送用機器,-,2026-08-21,2599.0,1854.0,12662885.0,6800.0,4449600.0,False,True,True,True,True,False
5026.T,5026,トリプルアイズ,グロース（内国株式）,情報・通信業,-,2026-08-21,1035.0,603.0,12661780.0,22050.0,7236000.0,False,True,True,True,True,False
2790.T,2790,ナフコ,スタンダード（内国株式）,小売業,-,2026-08-21,2599.0,2149.0,12624165.0,5765.0,2363900.0,False,True,True,True,True,False
2999.T,2999,ホームポジション,スタンダード（内国株式）,不動産業,-,2026-08-21,1019.0,617.0,12603550.0,19855.0,10057100.0,False,True,True,True,True,False
5337.T,5337,ダントーホールディングス,スタンダード（内国株式）,ガラス・土石製品,-,2026-08-21,2599.0,828.0,12602545.0,15185.0,14158800.0,False,True,True,True,True,False
3135.T,3135,マーケットエンタープライズ,スタンダード（内国株式）,小売業,-,2026-08-21,2599.0,1169.0,12598075.0,11310.0,17885700.0,False,True,True,True,True,False
4245.T,4245,ダイキアクシス,スタンダード（内国株式）,化学,-,2026-08-21,2599.0,712.0,12566660.0,17900.0,4272000.0,False,True,True,True,True,False
4512.T,4512,わかもと製薬,スタンダード（内国株式）,医薬品,-,2026-08-21,2599.0,297.0,12544790.0,45535.0,48143700.0,False,True,True,True,True,False
4237.T,4237,フジプレアム,スタンダード（内国株式）,化学,-,2026-08-21,2599.0,337.0,12534080.0,37085.0,3100400.0,False,True,True,True,True,False
4416.T,4416,Ｔｒｕｅ　Ｄａｔａ,グロース（内国株式）,情報・通信業,-,2026-08-21,1144.0,400.0,12533985.0,29945.0,20480000.0,False,True,True,True,True,False
410A.T,410A,ＧＭＯコマース,グロース（内国株式）,サービス業,-,2026-08-21,221.0,1126.0,12500780.0,11080.0,16101800.0,False,True,False,True,True,False
1853.T,1853,森組,スタンダード（内国株式）,建設業,-,2026-08-21,2599.0,333.0,12455610.0,37455.0,3496500.0,False,True,True,True,True,False
9218.T,9218,メンタルヘルステクノロジーズ,グロース（内国株式）,サービス業,-,2026-08-21,1078.0,772.0,12392165.0,16500.0,9727200.0,False,True,True,True,True,False
7695.T,7695,交換できるくん,グロース（内国株式）,小売業,-,2026-08-21,1384.0,855.0,12377455.0,15275.0,6327000.0,False,True,True,True,True,False
2221.T,2221,岩塚製菓,スタンダード（内国株式）,食料品,-,2026-08-21,2599.0,3050.0,12372075.0,4025.0,22570000.0,False,True,True,True,True,False
7702.T,7702,ＪＭＳ,スタンダード（内国株式）,精密機器,TOPIX Small 2,2026-08-21,2599.0,462.0,12333605.0,27170.0,9655800.0,False,True,True,True,True,False
3172.T,3172,ティーライフ,スタンダード（内国株式）,小売業,-,2026-08-21,2599.0,1125.0,12273450.0,10805.0,1462500.0,False,True,True,True,True,False
4308.T,4308,Ｊストリーム,グロース（内国株式）,情報・通信業,-,2026-08-21,2599.0,356.0,12272450.0,34535.0,6728400.0,False,True,True,True,True,False
6731.T,6731,ピクセラ,スタンダード（内国株式）,電気機器,-,2026-08-21,2599.0,109.0,12243030.0,113350.0,6016800.0,False,False,True,True,True,False
6177.T,6177,ＡｐｐＢａｎｋ,グロース（内国株式）,サービス業,-,2026-08-21,2599.0,83.0,12194095.0,153335.0,6432500.0,False,False,True,True,True,False
6343.T,6343,フリージア・マクロス,スタンダード（内国株式）,機械,-,2026-08-21,2599.0,152.0,12182275.0,82515.0,7524000.0,False,False,True,True,True,False
8944.T,8944,ランドビジネス,スタンダード（内国株式）,不動産業,-,2026-08-21,2599.0,244.0,12172710.0,49730.0,14469200.0,False,True,True,True,True,False
5527.T,5527,ｐｒｏｐｅｒｔｙ　ｔｅｃｈｎｏｌｏｇｉｅｓ,グロース（内国株式）,不動産業,-,2026-08-21,903.0,704.0,12154050.0,17680.0,15276800.0,False,True,True,True,True,False
6977.T,6977,日本抵抗器製作所,スタンダード（内国株式）,電気機器,-,2026-08-21,2599.0,1490.0,12108105.0,8105.0,1788000.0,False,True,True,True,True,False
7682.T,7682,浜木綿,スタンダード（内国株式）,小売業,-,2026-08-21,1670.0,3910.0,12096200.0,3035.0,3128000.0,False,True,True,True,True,False
5079.T,5079,ノバック,スタンダード（内国株式）,建設業,-,2026-08-21,1075.0,2615.0,12095095.0,4665.0,12552000.0,False,True,True,True,True,False
5015.T,5015,ビーピー・カストロール,スタンダード（内国株式）,石油・石炭製品,-,2026-08-21,2599.0,1004.0,12085840.0,12110.0,2610400.0,False,True,True,True,True,False
1994.T,1994,高橋カーテンウォール工業,スタンダード（内国株式）,建設業,-,2026-08-21,2599.0,595.0,12079565.0,21485.0,10591000.0,False,True,True,True,True,False
5936.T,5936,東洋シヤッター,スタンダード（内国株式）,金属製品,-,2026-08-21,2599.0,887.0,12064820.0,13495.0,6120300.0,False,True,True,True,True,False
7810.T,7810,クロスフォー,スタンダード（内国株式）,その他製品,-,2026-08-21,2238.0,146.0,12032660.0,80430.0,7358400.0,False,False,True,True,True,False
7674.T,7674,ＮＡＴＴＹ　ＳＷＡＮＫＹホールディングス,グロース（内国株式）,小売業,-,2026-08-21,1805.0,2583.0,12017760.0,4565.0,5424300.0,False,True,True,True,True,False
9306.T,9306,東陽倉庫,スタンダード（内国株式）,倉庫・運輸関連業,-,2026-08-21,2599.0,2021.0,12004685.0,5970.0,10509200.0,False,True,True,True,True,False
9145.T,9145,ビーイングホールディングス,スタンダード（内国株式）,陸運業,-,2026-08-21,1390.0,572.0,12000310.0,21045.0,10010000.0,False,True,True,True,True,False
9346.T,9346,ココルポート,グロース（内国株式）,サービス業,-,2026-08-21,830.0,1779.0,11928465.0,6745.0,3202200.0,False,True,True,True,True,False
6094.T,6094,フリークアウト・ホールディングス,グロース（内国株式）,サービス業,-,2026-08-21,2599.0,579.0,11928430.0,20910.0,3995100.0,False,True,True,True,True,False
9385.T,9385,ショーエイコーポレーション,スタンダード（内国株式）,化学,-,2026-08-21,2599.0,752.0,11924110.0,15740.0,6617600.0,False,True,True,True,True,False
7743.T,7743,シード,スタンダード（内国株式）,精密機器,-,2026-08-21,2599.0,534.0,11920975.0,22550.0,10893600.0,False,True,True,True,True,False
4284.T,4284,ソルクシーズ,スタンダード（内国株式）,情報・通信業,-,2026-08-21,2599.0,442.0,11920845.0,27435.0,7602400.0,False,True,True,True,True,False
7602.T,7602,レダックス,スタンダード（内国株式）,卸売業,-,2026-08-21,2599.0,162.0,11897990.0,71015.0,6172200.0,False,False,True,True,True,False
1717.T,1717,明豊ファシリティワークス,スタンダード（内国株式）,サービス業,-,2026-08-21,2599.0,956.0,11897845.0,12500.0,9177600.0,False,True,True,True,True,False
6899.T,6899,ＡＳＴＩ,スタンダード（内国株式）,電気機器,-,2026-08-21,2599.0,2273.0,11859785.0,5095.0,5000600.0,False,True,True,True,True,False
9906.T,9906,藤井産業,スタンダード（内国株式）,卸売業,-,2026-08-21,2599.0,4250.0,11853100.0,2835.0,22525000.0,False,True,True,True,True,False
3560.T,3560,ほぼ日,スタンダード（内国株式）,小売業,-,2026-08-21,2324.0,4350.0,11830650.0,2745.0,25230000.0,False,True,True,True,True,False
463A.T,463A,インテリックスホールディングス,スタンダード（内国株式）,不動産業,-,2026-08-21,2599.0,974.0,11818815.0,12480.0,16655400.0,False,True,True,True,True,False
1444.T,1444,ニッソウ,グロース（内国株式）,建設業,-,2026-08-21,876.0,2650.0,11805315.0,4440.0,3180000.0,False,True,True,True,True,False
142A.T,142A,ジンジブ,グロース（内国株式）,サービス業,-,2026-08-21,590.0,861.0,11771040.0,14885.0,24538500.0,False,True,True,True,True,False
9753.T,9753,アイエックス・ナレッジ,スタンダード（内国株式）,情報・通信業,-,2026-08-21,2599.0,1342.0,11741045.0,8935.0,21337800.0,False,True,True,True,True,False
7980.T,7980,重松製作所,スタンダード（内国株式）,その他製品,-,2026-08-21,2599.0,848.0,11734650.0,13860.0,3900800.0,False,True,True,True,True,False
5256.T,5256,Ｆｕｓｉｃ,グロース（内国株式）,情報・通信業,-,2026-08-21,829.0,2470.0,11734575.0,4820.0,5681000.0,False,True,True,True,True,False
2404.T,2404,鉄人化ホールディングス,スタンダード（内国株式）,サービス業,-,2026-08-21,2599.0,559.0,11697485.0,20420.0,18782400.0,False,True,True,True,True,False
7049.T,7049,識学,グロース（内国株式）,サービス業,-,2026-08-21,1827.0,873.0,11663035.0,13585.0,19380600.0,False,True,True,True,True,False
4811.T,4811,ドリーム・アーツ,グロース（内国株式）,情報・通信業,-,2026-08-21,687.0,850.0,11660260.0,14180.0,5865000.0,False,True,True,True,True,False
274A.T,274A,ガーデン,スタンダード（内国株式）,小売業,-,2026-08-21,425.0,2368.0,11633020.0,4985.0,15155200.0,False,True,True,True,True,False
8023.T,8023,ＤＡＩＫＯ　ＸＴＥＣＨ,スタンダード（内国株式）,情報・通信業,-,2026-08-21,2599.0,1037.0,11600030.0,11620.0,8918200.0,False,True,True,True,True,False
8917.T,8917,ファースト住建,スタンダード（内国株式）,不動産業,-,2026-08-21,2599.0,1143.0,11585065.0,10100.0,4800600.0,False,True,True,True,True,False
6392.T,6392,ヤマダコーポレーション,スタンダード（内国株式）,機械,-,2026-08-21,2599.0,7650.0,11578450.0,1530.0,3060000.0,False,True,True,True,True,False
6775.T,6775,ＴＢグループ,スタンダード（内国株式）,電気機器,-,2026-08-21,2599.0,117.0,11572825.0,98930.0,8201700.0,False,False,True,True,True,False
7694.T,7694,いつも,グロース（内国株式）,小売業,-,2026-08-21,1385.0,508.0,11568270.0,22455.0,26111200.0,False,True,True,True,True,False
5033.T,5033,ヌーラボ,グロース（内国株式）,情報・通信業,-,2026-08-21,1016.0,858.0,11564065.0,13720.0,4204200.0,False,True,True,True,True,False
2330.T,2330,フォーサイド,スタンダード（内国株式）,情報・通信業,-,2026-08-21,2599.0,77.0,11533955.0,154265.0,15323000.0,False,False,True,True,True,False
4199.T,4199,ワンダープラネット,グロース（内国株式）,情報・通信業,-,2026-08-21,1272.0,808.0,11529945.0,14265.0,3232000.0,False,True,True,True,True,False
8931.T,8931,和田興産,スタンダード（内国株式）,不動産業,-,2026-08-21,2599.0,1414.0,11509365.0,8125.0,9615200.0,False,True,True,True,True,False
7110.T,7110,クラシコム,グロース（内国株式）,小売業,-,2026-08-21,989.0,2026.0,11488520.0,5645.0,2228600.0,False,True,True,True,True,False
542A.T,542A,ビタブリッドジャパン,グロース（内国株式）,化学,-,2026-08-21,96.0,1110.0,11487875.0,10540.0,8658000.0,False,True,False,True,True,False
4644.T,4644,イマジニア,スタンダード（内国株式）,情報・通信業,-,2026-08-21,2599.0,1053.0,11478890.0,10890.0,6107400.0,False,True,True,True,True,False
6634.T,6634,ＪＮグループ,スタンダード（内国株式）,電気機器,-,2026-08-21,2599.0,75.0,11377830.0,162455.0,40552500.0,False,False,True,True,True,False
6391.T,6391,加地テック,スタンダード（内国株式）,機械,-,2026-08-21,2599.0,4550.0,11366725.0,2470.0,12740000.0,False,True,True,True,True,False
3566.T,3566,ユニフォームネクスト,グロース（内国株式）,小売業,-,2026-08-21,2239.0,756.0,11357460.0,14155.0,2797200.0,False,True,True,True,True,False
4932.T,4932,アルマード,スタンダード（内国株式）,化学,-,2026-08-21,1262.0,766.0,11299150.0,15305.0,9192000.0,False,True,True,True,True,False
9633.T,9633,東京テアトル,スタンダード（内国株式）,不動産業,-,2026-08-21,2599.0,1836.0,11295580.0,6525.0,28641600.0,False,True,True,True,True,False
6615.T,6615,ユー・エム・シー・エレクトロニクス,プライム（内国株式）,電気機器,TOPIX Small 2,2026-08-21,2571.0,245.0,11272140.0,47480.0,5512500.0,False,True,True,True,True,False
9557.T,9557,エアークローゼット,グロース（内国株式）,サービス業,-,2026-08-21,994.0,210.0,11261420.0,50745.0,1827000.0,False,True,True,True,True,False
9233.T,9233,アジア航測,スタンダード（内国株式）,空運業,-,2026-08-21,2599.0,1155.0,11239410.0,9920.0,4042500.0,False,True,True,True,True,False
145A.T,145A,Ｌ　ｉｓ　Ｂ,グロース（内国株式）,情報・通信業,-,2026-08-21,589.0,889.0,11217550.0,12720.0,3733800.0,False,True,True,True,True,False
9709.T,9709,ＮＣＳ＆Ａ,スタンダード（内国株式）,情報・通信業,-,2026-08-21,2599.0,1365.0,11206765.0,8285.0,2184000.0,False,True,True,True,True,False
3987.T,3987,エコモット,グロース（内国株式）,情報・通信業,-,2026-08-21,2260.0,665.0,11206580.0,17160.0,9044000.0,False,True,True,True,True,False
7038.T,7038,フロンティア・マネジメント,プライム（内国株式）,サービス業,TOPIX Small 2,2026-08-21,1928.0,575.0,11203485.0,19830.0,6095000.0,False,True,True,True,True,False
9033.T,9033,広島電鉄,スタンダード（内国株式）,陸運業,-,2026-08-21,2599.0,626.0,11196060.0,17865.0,23850600.0,False,True,True,True,True,False
3185.T,3185,夢展望,グロース（内国株式）,小売業,-,2026-08-21,2599.0,143.0,11186450.0,73995.0,2245100.0,False,False,True,True,True,False
7670.T,7670,オーウエル,スタンダード（内国株式）,卸売業,-,2026-08-21,1874.0,1191.0,11159235.0,9405.0,7860600.0,False,True,True,True,True,False
3727.T,3727,アプリックス,グロース（内国株式）,情報・通信業,-,2026-08-21,2599.0,155.0,11121350.0,76225.0,13004500.0,False,False,True,True,True,False
4465.T,4465,ニイタカ,スタンダード（内国株式）,化学,-,2026-08-21,2599.0,2383.0,11091770.0,4805.0,14298000.0,False,True,True,True,True,False
7050.T,7050,フロンティアインターナショナル,グロース（内国株式）,サービス業,-,2026-08-21,1824.0,1410.0,11040005.0,8025.0,8037000.0,False,True,True,True,True,False
1420.T,1420,サンヨーホームズ,スタンダード（内国株式）,建設業,-,2026-08-21,2599.0,632.0,11002265.0,17315.0,5119200.0,False,True,True,True,True,False
2438.T,2438,アスカネット,グロース（内国株式）,サービス業,-,2026-08-21,2599.0,352.0,10983415.0,32710.0,3203200.0,False,True,True,True,True,False
6038.T,6038,イード,グロース（内国株式）,サービス業,-,2026-08-21,2599.0,826.0,10948720.0,13375.0,908600.0,False,True,True,True,True,False
2924.T,2924,イフジ産業,スタンダード（内国株式）,食料品,-,2026-08-21,2599.0,1927.0,10881075.0,5530.0,5202900.0,False,True,True,True,True,False
9237.T,9237,笑美面,グロース（内国株式）,サービス業,-,2026-08-21,688.0,899.0,10834305.0,12810.0,10608200.0,False,True,True,True,True,False
2173.T,2173,博展,グロース（内国株式）,サービス業,-,2026-08-21,2599.0,709.0,10826250.0,15360.0,15385300.0,False,True,True,True,True,False
3121.T,3121,マーチャント・バンカーズ,スタンダード（内国株式）,サービス業,-,2026-08-21,2599.0,253.0,10800770.0,45765.0,13636700.0,False,True,True,True,True,False
1758.T,1758,太洋基礎工業,スタンダード（内国株式）,建設業,-,2026-08-21,2599.0,2437.0,10785870.0,4440.0,1218500.0,False,True,True,True,True,False
9259.T,9259,タカヨシホールディングス,グロース（内国株式）,サービス業,-,2026-08-21,1138.0,851.0,10778575.0,12600.0,2467900.0,False,True,True,True,True,False
9159.T,9159,Ｗ　ＴＯＫＹＯ,グロース（内国株式）,サービス業,-,2026-08-21,769.0,1941.0,10768220.0,5735.0,21933300.0,False,True,True,True,True,False
2932.T,2932,ＳＴＩフードホールディングス,スタンダード（内国株式）,食料品,-,2026-08-21,1444.0,1106.0,10761925.0,9810.0,7852600.0,False,True,True,True,True,False
4075.T,4075,ブレインズテクノロジー,グロース（内国株式）,情報・通信業,-,2026-08-21,1240.0,911.0,10761190.0,12240.0,17217900.0,False,True,True,True,True,False
4093.T,4093,東邦アセチレン,スタンダード（内国株式）,化学,-,2026-08-21,2599.0,422.0,10757000.0,25525.0,9030800.0,False,True,True,True,True,False
7918.T,7918,ヴィア・ホールディングス,スタンダード（内国株式）,小売業,-,2026-08-21,2599.0,107.0,10725865.0,102675.0,8260400.0,False,False,True,True,True,False
4409.T,4409,東邦化学工業,スタンダード（内国株式）,化学,-,2026-08-21,2599.0,779.0,10702660.0,14365.0,2337000.0,False,True,True,True,True,False
6663.T,6663,太洋テクノレックス,スタンダード（内国株式）,電気機器,-,2026-08-21,2599.0,305.0,10689260.0,35355.0,3324500.0,False,True,True,True,True,False
2970.T,2970,ＧＬＣ　ＧＲＯＵＰ,スタンダード（内国株式）,不動産業,-,2026-08-21,1872.0,1096.0,10684135.0,10715.0,6466400.0,False,True,True,True,True,False
3113.T,3113,ＵＮＩＶＡ・Ｏａｋホールディングス,スタンダード（内国株式）,証券、商品先物取引業,-,2026-08-21,2599.0,78.0,10648635.0,140570.0,7121400.0,False,False,True,True,True,False
9890.T,9890,マキヤ,スタンダード（内国株式）,小売業,-,2026-08-21,2599.0,1359.0,10608725.0,7850.0,7746300.0,False,True,True,True,True,False
3672.T,3672,オルトプラス,スタンダード（内国株式）,情報・通信業,-,2026-08-21,2599.0,29.0,10602265.0,369795.0,73604900.0,False,False,True,True,True,False
3826.T,3826,システムインテグレータ,スタンダード（内国株式）,情報・通信業,-,2026-08-21,2599.0,499.0,10586105.0,21670.0,7335300.0,False,True,True,True,True,False
423A.T,423A,ライオン事務器,スタンダード（内国株式）,卸売業,-,2026-08-21,208.0,318.0,10572275.0,33545.0,7695600.0,False,True,False,True,True,False
7377.T,7377,ＤＮホールディングス,スタンダード（内国株式）,サービス業,-,2026-08-21,1248.0,1684.0,10515205.0,6190.0,3704800.0,False,True,True,True,True,False
343A.T,343A,ＩＡＣＥトラベル,スタンダード（内国株式）,サービス業,-,2026-08-21,337.0,1335.0,10496315.0,7610.0,7743000.0,False,True,True,True,True,False
5965.T,5965,フジマック,スタンダード（内国株式）,金属製品,-,2026-08-21,2599.0,1194.0,10494100.0,8950.0,5611800.0,False,True,True,True,True,False
6171.T,6171,土木管理総合試験所,スタンダード（内国株式）,サービス業,-,2026-08-21,2599.0,372.0,10421300.0,27470.0,10155600.0,False,True,True,True,True,False
3647.T,3647,アスリナ,スタンダード（内国株式）,情報・通信業,-,2026-08-21,2599.0,116.0,10389755.0,92255.0,8920400.0,False,False,True,True,True,False
3030.T,3030,ハブ,スタンダード（内国株式）,小売業,-,2026-08-21,2599.0,849.0,10374960.0,12485.0,5518500.0,False,True,True,True,True,False
9238.T,9238,バリュークリエーション,グロース（内国株式）,サービス業,-,2026-08-21,670.0,391.0,10339720.0,24925.0,2228700.0,False,True,True,True,True,False
9731.T,9731,白洋舎,スタンダード（内国株式）,サービス業,-,2026-08-21,2599.0,3405.0,10324675.0,2995.0,3064500.0,False,True,True,True,True,False
4712.T,4712,ＫｅｙＨｏｌｄｅｒ,スタンダード（内国株式）,サービス業,-,2026-08-21,2599.0,795.0,10297855.0,13540.0,11289000.0,False,True,True,True,True,False
8746.T,8746,ｕｎｂａｎｋｅｄ,スタンダード（内国株式）,証券、商品先物取引業,-,2026-08-21,2599.0,97.0,10292110.0,104200.0,19875300.0,False,False,True,True,True,False
4060.T,4060,ｒａｋｕｍｏ,グロース（内国株式）,情報・通信業,-,2026-08-21,1442.0,1166.0,10290085.0,8970.0,7229200.0,False,True,True,True,True,False
7058.T,7058,共栄セキュリティーサービス,スタンダード（内国株式）,サービス業,-,2026-08-21,1812.0,2928.0,10209055.0,3370.0,585600.0,False,True,True,True,True,False
9640.T,9640,セゾンテクノロジー,スタンダード（内国株式）,情報・通信業,-,2026-08-21,2599.0,2002.0,10205305.0,5010.0,4404400.0,False,True,True,True,True,False
7775.T,7775,大研医器,スタンダード（内国株式）,精密機器,-,2026-08-21,2599.0,426.0,10160660.0,23820.0,11629800.0,False,True,True,True,True,False
5341.T,5341,ＡＳＡＨＩ　ＥＩＴＯホールディングス,スタンダード（内国株式）,ガラス・土石製品,-,2026-08-21,2599.0,147.0,10133390.0,69515.0,1925700.0,False,False,True,True,True,False
3140.T,3140,ＢＲＵＮＯ,グロース（内国株式）,卸売業,-,2026-08-21,2599.0,1028.0,10127575.0,10010.0,9868800.0,False,True,True,True,True,False
9558.T,9558,ジャパニアス,グロース（内国株式）,サービス業,-,2026-08-21,963.0,1972.0,10116510.0,5160.0,10648800.0,False,True,True,True,True,False
9193.T,9193,東京汽船,スタンダード（内国株式）,倉庫・運輸関連業,-,2026-08-21,2599.0,857.0,10059270.0,11515.0,6341800.0,False,True,True,True,True,False
7615.T,7615,京都きもの友禅ホールディングス,スタンダード（内国株式）,小売業,-,2026-08-21,2599.0,92.0,10051385.0,105415.0,6541200.0,False,False,True,True,True,False
9322.T,9322,川西倉庫,スタンダード（内国株式）,倉庫・運輸関連業,-,2026-08-21,2599.0,2475.0,10008295.0,4110.0,6187500.0,False,True,True,True,True,False
4054.T,4054,日本情報クリエイト,グロース（内国株式）,情報・通信業,-,2026-08-21,1481.0,530.0,9976280.0,18595.0,5618000.0,False,True,True,True,True,False
7590.T,7590,タカショー,スタンダード（内国株式）,卸売業,TOPIX Small 2,2026-08-21,2599.0,403.0,9948735.0,25160.0,12331800.0,False,True,True,True,True,False
6081.T,6081,アライドアーキテクツ,グロース（内国株式）,サービス業,-,2026-08-21,2599.0,167.0,9947125.0,62380.0,32848900.0,False,False,True,True,True,False
3803.T,3803,イメージ情報開発,グロース（内国株式）,情報・通信業,-,2026-08-21,2599.0,555.0,9938765.0,18780.0,12376500.0,False,True,True,True,True,False
477A.T,477A,スタートライン,グロース（内国株式）,サービス業,-,2026-08-21,162.0,682.0,9929430.0,15325.0,15140400.0,False,True,False,True,True,False
5257.T,5257,ノバシステム,スタンダード（内国株式）,情報・通信業,-,2026-08-21,831.0,2705.0,9892940.0,3655.0,0.0,False,True,True,True,True,False
8076.T,8076,カノークス,スタンダード（内国株式）,卸売業,-,2026-08-21,897.0,2080.0,9886335.0,4740.0,14976000.0,False,True,True,True,True,False
7347.T,7347,マーキュリアホールディングス,プライム（内国株式）,証券、商品先物取引業,-,2026-08-21,1257.0,770.0,9883800.0,12675.0,9702000.0,False,True,True,True,True,False
2180.T,2180,サニーサイドアップグループ,スタンダード（内国株式）,サービス業,-,2026-08-21,2599.0,1307.0,9870850.0,7550.0,2875400.0,False,True,True,True,True,False
5819.T,5819,カナレ電気,スタンダード（内国株式）,非鉄金属,-,2026-08-21,2599.0,1728.0,9862925.0,5645.0,6739200.0,False,True,True,True,True,False
6614.T,6614,シキノハイテック,スタンダード（内国株式）,電気機器,-,2026-08-21,1323.0,862.0,9848900.0,11235.0,1724000.0,False,True,True,True,True,False
324A.T,324A,ブッキングリゾート,グロース（内国株式）,サービス業,-,2026-08-21,366.0,739.0,9820455.0,13375.0,7759500.0,False,True,True,True,True,False
9799.T,9799,旭情報サービス,スタンダード（内国株式）,情報・通信業,-,2026-08-21,2599.0,959.0,9818860.0,10340.0,3836000.0,False,True,True,True,True,False
9973.T,9973,ＫＯＺＯホールディングス,スタンダード（内国株式）,小売業,-,2026-08-21,2599.0,20.0,9801550.0,488575.0,9832000.0,False,False,True,True,True,False
6545.T,6545,インターネットインフィニティー,グロース（内国株式）,サービス業,-,2026-08-21,2322.0,813.0,9798665.0,11520.0,6016200.0,False,True,True,True,True,False
4248.T,4248,竹本容器,スタンダード（内国株式）,化学,-,2026-08-21,2599.0,885.0,9752055.0,11125.0,1770000.0,False,True,True,True,True,False
6694.T,6694,ズーム,スタンダード（内国株式）,電気機器,-,2026-08-21,2316.0,725.0,9659535.0,13150.0,2755000.0,False,True,True,True,True,False
4896.T,4896,ケイファーマ,グロース（内国株式）,医薬品,-,2026-08-21,695.0,761.0,9638120.0,12920.0,12176000.0,False,True,True,True,True,False
6189.T,6189,グローバルキッズＣＯＭＰＡＮＹ,スタンダード（内国株式）,サービス業,-,2026-08-21,2568.0,1031.0,9632420.0,9500.0,3814700.0,False,True,True,True,True,False
3969.T,3969,エイトレッド,スタンダード（内国株式）,情報・通信業,-,2026-08-21,2380.0,1414.0,9597935.0,6810.0,1131200.0,False,True,True,True,True,False
7805.T,7805,プリントネット,スタンダード（内国株式）,その他製品,-,2026-08-21,1914.0,742.0,9574330.0,12770.0,15953000.0,False,True,True,True,True,False
9780.T,9780,ハリマビステム,スタンダード（内国株式）,サービス業,-,2026-08-21,2599.0,1100.0,9564355.0,9445.0,6270000.0,False,True,True,True,True,False
7614.T,7614,オーエムツーネットワーク,スタンダード（内国株式）,小売業,-,2026-08-21,2599.0,1532.0,9552155.0,6215.0,2604400.0,False,True,True,True,True,False
241A.T,241A,ＲＯＸＸ,グロース（内国株式）,情報・通信業,-,2026-08-21,465.0,406.0,9550610.0,23000.0,3288600.0,False,True,True,True,True,False
5906.T,5906,エムケー精工,スタンダード（内国株式）,金属製品,-,2026-08-21,2599.0,751.0,9532205.0,12605.0,1577100.0,False,True,True,True,True,False
7072.T,7072,インティメート・マージャー,グロース（内国株式）,サービス業,-,2026-08-21,1666.0,1172.0,9518040.0,8365.0,4688000.0,False,True,True,True,True,False
3068.T,3068,ＷＤＩ,スタンダード（内国株式）,小売業,-,2026-08-21,2599.0,3025.0,9463345.0,3135.0,5445000.0,False,True,True,True,True,False
8700.T,8700,丸八証券,スタンダード（内国株式）,証券、商品先物取引業,-,2026-08-21,2599.0,1950.0,9454135.0,4800.0,4680000.0,False,True,True,True,True,False
6307.T,6307,サンセイ,スタンダード（内国株式）,機械,-,2026-08-21,2599.0,478.0,9426600.0,19855.0,7217800.0,False,True,True,True,True,False
6771.T,6771,池上通信機,スタンダード（内国株式）,電気機器,-,2026-08-21,2599.0,683.0,9424555.0,14190.0,5805500.0,False,True,True,True,True,False
7091.T,7091,リビングプラットフォーム,グロース（内国株式）,サービス業,-,2026-08-21,1572.0,1269.0,9412400.0,7670.0,3680100.0,False,True,True,True,True,False
7357.T,7357,ジオコード,スタンダード（内国株式）,サービス業,-,2026-08-21,1402.0,1805.0,9356380.0,5530.0,18952500.0,False,True,True,True,True,False
9827.T,9827,リリカラ,スタンダード（内国株式）,卸売業,-,2026-08-21,2599.0,632.0,9338150.0,14835.0,8974400.0,False,True,True,True,True,False
8891.T,8891,ＡＭＧホールディングス,スタンダード（内国株式）,不動産業,-,2026-08-21,2599.0,2122.0,9306620.0,4455.0,1485400.0,False,True,True,True,True,False
6018.T,6018,阪神内燃機工業,スタンダード（内国株式）,輸送用機器,-,2026-08-21,2599.0,5890.0,9298900.0,1480.0,1178000.0,False,True,True,True,True,False
3698.T,3698,ＣＲＩ・ミドルウェア,スタンダード（内国株式）,情報・通信業,-,2026-08-21,2599.0,1178.0,9276490.0,7975.0,8363800.0,False,True,True,True,True,False
3157.T,3157,ジオリーブグループ,スタンダード（内国株式）,卸売業,-,2026-08-21,2599.0,1411.0,9251715.0,6675.0,7196100.0,False,True,True,True,True,False
3799.T,3799,キーウェアソリューションズ,スタンダード（内国株式）,情報・通信業,-,2026-08-21,2599.0,1108.0,9249220.0,8275.0,1662000.0,False,True,True,True,True,False
9704.T,9704,アゴーラ　ホスピタリティー　グループ,スタンダード（内国株式）,サービス業,-,2026-08-21,2599.0,30.0,9246545.0,298870.0,3366000.0,False,False,True,True,True,False
4623.T,4623,アサヒペン,スタンダード（内国株式）,化学,-,2026-08-21,2599.0,1870.0,9219315.0,5085.0,12529000.0,False,True,True,True,True,False
4316.T,4316,ビーマップ,グロース（内国株式）,情報・通信業,-,2026-08-21,2599.0,81.0,9214375.0,106455.0,4730400.0,False,False,True,True,True,False
9034.T,9034,南総通運,スタンダード（内国株式）,陸運業,-,2026-08-21,2599.0,1617.0,9198665.0,5665.0,3395700.0,False,True,True,True,True,False
3904.T,3904,カヤック,グロース（内国株式）,情報・通信業,-,2026-08-21,2599.0,429.0,9164135.0,21880.0,6306300.0,False,True,True,True,True,False
6543.T,6543,日宣,スタンダード（内国株式）,サービス業,-,2026-08-21,2344.0,1303.0,9148865.0,7200.0,131863600.0,False,True,True,True,True,False
2215.T,2215,第一屋製パン,スタンダード（内国株式）,食料品,-,2026-08-21,2599.0,607.0,9138905.0,14810.0,3459900.0,False,True,True,True,True,False
7060.T,7060,ギークス,スタンダード（内国株式）,サービス業,-,2026-08-21,1810.0,588.0,9129520.0,15330.0,3175200.0,False,True,True,True,True,False
2872.T,2872,セイヒョー,スタンダード（内国株式）,食料品,-,2026-08-21,2599.0,2004.0,9114325.0,4570.0,4408800.0,False,True,True,True,True,False
4299.T,4299,ハイマックス,スタンダード（内国株式）,情報・通信業,TOPIX Small 2,2026-08-21,2599.0,1213.0,9091330.0,7465.0,6307600.0,False,True,True,True,True,False
4098.T,4098,チタン工業,スタンダード（内国株式）,化学,-,2026-08-21,2599.0,1018.0,9026825.0,8760.0,7431400.0,False,True,True,True,True,False
5031.T,5031,モイ,グロース（内国株式）,情報・通信業,-,2026-08-21,1056.0,331.0,8986810.0,27540.0,6454500.0,False,True,True,True,True,False
3970.T,3970,イノベーション,スタンダード（内国株式）,情報・通信業,-,2026-08-21,2381.0,872.0,8985255.0,10355.0,3226400.0,False,True,True,True,True,False
5368.T,5368,日本インシュレーション,スタンダード（内国株式）,ガラス・土石製品,-,2026-08-21,1570.0,1016.0,8985005.0,8860.0,6197600.0,False,True,True,True,True,False
6161.T,6161,エスティック,スタンダード（内国株式）,機械,-,2026-08-21,2599.0,1079.0,8974200.0,8380.0,5395000.0,False,True,True,True,True,False
5356.T,5356,美濃窯業,スタンダード（内国株式）,ガラス・土石製品,-,2026-08-21,594.0,1300.0,8967190.0,7000.0,4810000.0,False,True,True,True,True,False
1905.T,1905,テノックス,スタンダード（内国株式）,建設業,-,2026-08-21,2599.0,1458.0,8963885.0,6095.0,1603800.0,False,True,True,True,True,False
2179.T,2179,成学社,スタンダード（内国株式）,サービス業,-,2026-08-21,2599.0,862.0,8948260.0,10445.0,3103200.0,False,True,True,True,True,False
7214.T,7214,ＧＭＢ,スタンダード（内国株式）,輸送用機器,-,2026-08-21,2599.0,1110.0,8924175.0,8115.0,6549000.0,False,True,True,True,True,False
7075.T,7075,ＱＬＳホールディングス,グロース（内国株式）,サービス業,-,2026-08-21,1294.0,857.0,8921620.0,10590.0,1799700.0,False,True,True,True,True,False
302A.T,302A,ビースタイルホールディングス,グロース（内国株式）,サービス業,-,2026-08-21,400.0,625.0,8913805.0,14140.0,1250000.0,False,True,True,True,True,False
8202.T,8202,ラオックスホールディングス,スタンダード（内国株式）,小売業,-,2026-08-21,2599.0,147.0,8902670.0,60745.0,4351200.0,False,False,True,True,True,False
3386.T,3386,コスモ・バイオ,スタンダード（内国株式）,卸売業,-,2026-08-21,2599.0,1254.0,8879045.0,7095.0,3887400.0,False,True,True,True,True,False
4262.T,4262,ニフティライフスタイル,グロース（内国株式）,情報・通信業,-,2026-08-21,1138.0,1373.0,8875925.0,6625.0,6453100.0,False,True,True,True,True,False
7361.T,7361,ヒューマンクリエイションホールディングス,グロース（内国株式）,サービス業,-,2026-08-21,1330.0,1200.0,8873580.0,7425.0,5520000.0,False,True,True,True,True,False
1997.T,1997,暁飯島工業,スタンダード（内国株式）,建設業,-,2026-08-21,2599.0,4145.0,8836825.0,2255.0,17823500.0,False,True,True,True,True,False
550A.T,550A,ソフトテックス,スタンダード（内国株式）,情報・通信業,-,2026-08-21,91.0,2205.0,8834685.0,4025.0,1543500.0,False,True,False,True,True,False
3420.T,3420,ケー・エフ・シー,スタンダード（内国株式）,金属製品,-,2026-08-21,2599.0,1608.0,8811150.0,5415.0,2251200.0,False,True,True,True,True,False
4482.T,4482,ウィルズ,グロース（内国株式）,情報・通信業,-,2026-08-21,1629.0,728.0,8760640.0,12070.0,1164800.0,False,True,True,True,True,False
4490.T,4490,ビザスク,グロース（内国株式）,情報・通信業,-,2026-08-21,1577.0,665.0,8749775.0,13140.0,16492000.0,False,True,True,True,True,False
3513.T,3513,イチカワ,スタンダード（内国株式）,繊維製品,-,2026-08-21,2599.0,3370.0,8743750.0,2555.0,17187000.0,False,True,True,True,True,False
6484.T,6484,ＫＶＫ,スタンダード（内国株式）,機械,-,2026-08-21,2599.0,2221.0,8740295.0,3830.0,3775700.0,False,True,True,True,True,False
2991.T,2991,ランドネット,スタンダード（内国株式）,不動産業,-,2026-08-21,1243.0,540.0,8716550.0,15680.0,7452000.0,False,True,True,True,True,False
3947.T,3947,ダイナパック,スタンダード（内国株式）,パルプ・紙,-,2026-08-21,2599.0,2421.0,8713785.0,3645.0,968400.0,False,True,True,True,True,False
5609.T,5609,日本鋳造,スタンダード（内国株式）,鉄鋼,-,2026-08-21,2599.0,921.0,8674380.0,9240.0,1473600.0,False,True,True,True,True,False
2479.T,2479,ジェイテック,スタンダード（内国株式）,サービス業,-,2026-08-21,2599.0,245.0,8672675.0,35780.0,18522000.0,False,True,True,True,True,False
1768.T,1768,ソネック,スタンダード（内国株式）,建設業,-,2026-08-21,2599.0,1020.0,8667655.0,8295.0,6936000.0,False,True,True,True,True,False
3928.T,3928,マイネット,スタンダード（内国株式）,情報・通信業,-,2026-08-21,2599.0,234.0,8634825.0,35925.0,1474200.0,False,True,True,True,True,False
6239.T,6239,ナガオカ,スタンダード（内国株式）,機械,-,2026-08-21,2599.0,1380.0,8615620.0,6200.0,2070000.0,False,True,True,True,True,False
2415.T,2415,ヒューマンホールディングス,スタンダード（内国株式）,サービス業,-,2026-08-21,2599.0,1588.0,8606040.0,5370.0,3176000.0,False,True,True,True,True,False
7135.T,7135,ジャパンクラフトホールディングス,スタンダード（内国株式）,小売業,-,2026-08-21,1133.0,181.0,8603455.0,46165.0,6497900.0,False,False,True,True,True,False
2311.T,2311,エプコ,スタンダード（内国株式）,サービス業,-,2026-08-21,2599.0,785.0,8595555.0,10985.0,5181000.0,False,True,True,True,True,False
3909.T,3909,ショーケース,スタンダード（内国株式）,情報・通信業,-,2026-08-21,2599.0,185.0,8546405.0,42340.0,9786500.0,False,False,True,True,True,False
6561.T,6561,ＨＡＮＡＴＯＵＲ　ＪＡＰＡＮ,グロース（内国株式）,サービス業,-,2026-08-21,2133.0,817.0,8542505.0,10465.0,19199500.0,False,True,True,True,True,False
8135.T,8135,ゼット,スタンダード（内国株式）,卸売業,-,2026-08-21,2599.0,448.0,8540860.0,19575.0,18368000.0,False,True,True,True,True,False
9980.T,9980,ＭＲＫホールディングス,スタンダード（内国株式）,小売業,-,2026-08-21,2599.0,95.0,8480065.0,88520.0,5120500.0,False,False,True,True,True,False
4288.T,4288,アズジェント,スタンダード（内国株式）,情報・通信業,-,2026-08-21,2599.0,469.0,8424520.0,18835.0,8207500.0,False,True,True,True,True,False
5753.T,5753,日本伸銅,スタンダード（内国株式）,非鉄金属,-,2026-08-21,2599.0,2536.0,8413825.0,3425.0,12680000.0,False,True,True,True,True,False
6093.T,6093,ミトラグループ,スタンダード（内国株式）,サービス業,-,2026-08-21,2599.0,165.0,8408645.0,52105.0,10411500.0,False,False,True,True,True,False
4762.T,4762,エックスネット,スタンダード（内国株式）,情報・通信業,-,2026-08-21,2599.0,2047.0,8403795.0,4195.0,1228200.0,False,True,True,True,True,False
4893.T,4893,ノイルイミューン・バイオテック,グロース（内国株式）,医薬品,-,2026-08-21,770.0,144.0,8391100.0,60380.0,10008000.0,False,False,True,True,True,False
5589.T,5589,オートサーバー,スタンダード（内国株式）,情報・通信業,-,2026-08-21,709.0,2836.0,8384890.0,3020.0,5955600.0,False,True,True,True,True,False
3020.T,3020,アプライド,スタンダード（内国株式）,小売業,-,2026-08-21,2599.0,4360.0,8384225.0,1980.0,6976000.0,False,True,True,True,True,False
7624.T,7624,ＮａＩＴＯ,スタンダード（内国株式）,卸売業,-,2026-08-21,2599.0,152.0,8357900.0,57130.0,21568800.0,False,False,True,True,True,False
4486.T,4486,ユナイトアンドグロウ,グロース（内国株式）,情報・通信業,-,2026-08-21,1628.0,678.0,8353125.0,12420.0,3525600.0,False,True,True,True,True,False
9326.T,9326,関通ホールディングス,グロース（内国株式）,倉庫・運輸関連業,-,2026-08-21,1570.0,500.0,8291815.0,16750.0,7850000.0,False,True,True,True,True,False
265A.T,265A,Ｈｍｃｏｍｍ,グロース（内国株式）,情報・通信業,-,2026-08-21,443.0,709.0,8257040.0,12160.0,6948200.0,False,True,True,True,True,False
7562.T,7562,安楽亭,スタンダード（内国株式）,小売業,-,2026-08-21,2599.0,3815.0,8254225.0,2175.0,7630000.0,False,True,True,True,True,False
151A.T,151A,ダイブグループ,グロース（内国株式）,サービス業,-,2026-08-21,588.0,644.0,8239700.0,12785.0,6375600.0,False,True,True,True,True,False
4442.T,4442,バルテス・ホールディングス,グロース（内国株式）,情報・通信業,-,2026-08-21,1765.0,404.0,8231870.0,20330.0,3878400.0,False,True,True,True,True,False
297A.T,297A,アルピコホールディングス,スタンダード（内国株式）,小売業,-,2026-08-21,402.0,215.0,8218385.0,38100.0,2644500.0,False,True,True,True,True,False
7963.T,7963,興研,スタンダード（内国株式）,その他製品,-,2026-08-21,2599.0,1803.0,8216645.0,4555.0,4327200.0,False,True,True,True,True,False
4657.T,4657,環境管理センター,スタンダード（内国株式）,サービス業,-,2026-08-21,2599.0,475.0,8185245.0,17195.0,3467500.0,False,True,True,True,True,False
6488.T,6488,ヨシタケ,スタンダード（内国株式）,機械,-,2026-08-21,2599.0,1034.0,8160835.0,8005.0,4756400.0,False,True,True,True,True,False
3377.T,3377,バイク王＆カンパニー,スタンダード（内国株式）,卸売業,-,2026-08-21,2599.0,397.0,8149655.0,21125.0,4009700.0,False,True,True,True,True,False
9686.T,9686,東洋テック,スタンダード（内国株式）,サービス業,-,2026-08-21,2599.0,1659.0,8132570.0,4925.0,12608400.0,False,True,True,True,True,False
352A.T,352A,ＬＯＩＶＥ,グロース（内国株式）,サービス業,-,2026-08-21,324.0,539.0,8121465.0,15780.0,2156000.0,False,True,True,True,True,False
7619.T,7619,田中商事,スタンダード（内国株式）,卸売業,-,2026-08-21,2599.0,960.0,8119590.0,8495.0,480000.0,False,True,True,True,True,False
4627.T,4627,ナトコ,スタンダード（内国株式）,化学,-,2026-08-21,2599.0,1853.0,8112195.0,4500.0,22606600.0,False,True,True,True,True,False
5029.T,5029,サークレイス,グロース（内国株式）,情報・通信業,-,2026-08-21,1066.0,763.0,8105695.0,10450.0,5798800.0,False,True,True,True,True,False
9351.T,9351,東洋埠頭,スタンダード（内国株式）,倉庫・運輸関連業,-,2026-08-21,2599.0,1905.0,8093190.0,4385.0,7048500.0,False,True,True,True,True,False
9610.T,9610,ウィルソン・ラーニング　ワールドワイド,スタンダード（内国株式）,サービス業,-,2026-08-21,2599.0,100.0,8072065.0,79525.0,10920000.0,False,False,True,True,True,False
8518.T,8518,日本アジア投資,スタンダード（内国株式）,証券、商品先物取引業,-,2026-08-21,2599.0,139.0,8071210.0,60715.0,1932100.0,False,False,True,True,True,False
8115.T,8115,ムーンバット,スタンダード（内国株式）,卸売業,-,2026-08-21,2599.0,1315.0,8066480.0,5595.0,3419000.0,False,True,True,True,True,False
3653.T,3653,モルフォ,グロース（内国株式）,情報・通信業,-,2026-08-21,2599.0,747.0,8064890.0,11850.0,9935100.0,False,True,True,True,True,False
7277.T,7277,ＴＢＫ,スタンダード（内国株式）,輸送用機器,-,2026-08-21,2599.0,357.0,8062625.0,23515.0,2677500.0,False,True,True,True,True,False
5891.T,5891,ＳＡＫＩＧＡＫＥホールディングス,スタンダード（内国株式）,小売業,-,2026-08-21,654.0,1664.0,8053560.0,4900.0,4160000.0,False,True,True,True,True,False
3434.T,3434,アルファＣｏ,スタンダード（内国株式）,金属製品,-,2026-08-21,2599.0,1259.0,8051895.0,6545.0,5161900.0,False,True,True,True,True,False
5869.T,5869,早稲田学習研究会,スタンダード（内国株式）,サービス業,-,2026-08-21,649.0,1261.0,8038285.0,6495.0,5674500.0,False,True,True,True,True,False
7636.T,7636,ハンズマン,スタンダード（内国株式）,小売業,-,2026-08-21,2599.0,790.0,8018530.0,10135.0,10270000.0,False,True,True,True,True,False
4761.T,4761,さくらケーシーエス,スタンダード（内国株式）,情報・通信業,-,2026-08-21,2599.0,1434.0,7992495.0,5490.0,3154800.0,False,True,True,True,True,False
7836.T,7836,アビックス,スタンダード（内国株式）,その他製品,-,2026-08-21,2599.0,79.0,7988300.0,100295.0,876900.0,False,False,True,True,True,False
3996.T,3996,サインポスト,スタンダード（内国株式）,情報・通信業,-,2026-08-21,2150.0,193.0,7960625.0,40550.0,5404000.0,False,False,True,True,True,False
3896.T,3896,阿波製紙,スタンダード（内国株式）,パルプ・紙,-,2026-08-21,2599.0,398.0,7953615.0,20610.0,2109400.0,False,True,True,True,True,False
5858.T,5858,ＳＴＧ,グロース（内国株式）,非鉄金属,-,2026-08-21,1747.0,1150.0,7928995.0,6535.0,1495000.0,False,True,True,True,True,False
7084.T,7084,Ｓｍｉｌｅ　Ｈｏｌｄｉｎｇｓ,グロース（内国株式）,サービス業,-,2026-08-21,1581.0,2777.0,7924245.0,2880.0,13607300.0,False,True,True,True,True,False
8030.T,8030,中央魚類,スタンダード（内国株式）,卸売業,-,2026-08-21,2599.0,3735.0,7918950.0,2165.0,747000.0,False,True,True,True,True,False
9561.T,9561,グラッドキューブ,グロース（内国株式）,サービス業,-,2026-08-21,954.0,408.0,7909300.0,19315.0,13586400.0,False,True,True,True,True,False
3241.T,3241,ウィル,スタンダード（内国株式）,不動産業,-,2026-08-21,2599.0,594.0,7845925.0,13235.0,1069200.0,False,True,True,True,True,False
4976.T,4976,東洋ドライルーブ,スタンダード（内国株式）,化学,-,2026-08-21,2599.0,1471.0,7830980.0,5515.0,8531800.0,False,True,True,True,True,False
2612.T,2612,かどや製油,スタンダード（内国株式）,食料品,-,2026-08-21,2599.0,1751.0,7829020.0,4440.0,1400800.0,False,True,True,True,True,False
5187.T,5187,クリエートメディック,スタンダード（内国株式）,精密機器,-,2026-08-21,2599.0,1138.0,7805025.0,6865.0,1138000.0,False,True,True,True,True,False
4360.T,4360,マナック・ケミカル・パートナーズ,スタンダード（内国株式）,化学,-,2026-08-21,1196.0,894.0,7803035.0,9025.0,8940000.0,False,True,True,True,True,False
1793.T,1793,大本組,スタンダード（内国株式）,建設業,-,2026-08-21,2599.0,2035.0,7784005.0,3815.0,2442000.0,False,True,True,True,True,False
4270.T,4270,ＢｅｅＸ,グロース（内国株式）,情報・通信業,-,2026-08-21,1099.0,1886.0,7753580.0,4235.0,1320200.0,False,True,True,True,True,False
3933.T,3933,チエル,スタンダード（内国株式）,情報・通信業,-,2026-08-21,2566.0,541.0,7716910.0,14100.0,6816600.0,False,True,True,True,True,False
3712.T,3712,情報企画,スタンダード（内国株式）,情報・通信業,-,2026-08-21,2599.0,993.0,7674950.0,7365.0,6156600.0,False,True,True,True,True,False
5984.T,5984,兼房,スタンダード（内国株式）,金属製品,-,2026-08-21,2599.0,771.0,7669645.0,10175.0,4394700.0,False,True,True,True,True,False
9380.T,9380,東海運,スタンダード（内国株式）,倉庫・運輸関連業,-,2026-08-21,2599.0,438.0,7662085.0,17900.0,5475000.0,False,True,True,True,True,False
4167.T,4167,ココペリ,グロース（内国株式）,情報・通信業,-,2026-08-21,1386.0,323.0,7653895.0,24565.0,9980700.0,False,True,True,True,True,False
9173.T,9173,東海汽船,スタンダード（内国株式）,海運業,-,2026-08-21,2599.0,2822.0,7629760.0,2710.0,5079600.0,False,True,True,True,True,False
441A.T,441A,ＮＥ,グロース（内国株式）,情報・通信業,TOPIX Small 2,2026-08-21,195.0,276.0,7624590.0,28660.0,4609200.0,False,True,False,True,True,False
4885.T,4885,室町ケミカル,スタンダード（内国株式）,医薬品,-,2026-08-21,1342.0,900.0,7624110.0,8560.0,2250000.0,False,True,True,True,True,False
9647.T,9647,協和コンサルタンツ,スタンダード（内国株式）,サービス業,-,2026-08-21,2599.0,6780.0,7596150.0,1215.0,6780000.0,False,True,True,True,True,False
6365.T,6365,電業社機械製作所,スタンダード（内国株式）,機械,-,2026-08-21,2599.0,5570.0,7570100.0,1390.0,5570000.0,False,True,True,True,True,False
7119.T,7119,ハルメクホールディングス,グロース（内国株式）,小売業,-,2026-08-21,836.0,1724.0,7567495.0,4425.0,5689200.0,False,True,True,True,True,False
6292.T,6292,カワタ,スタンダード（内国株式）,機械,-,2026-08-21,2599.0,860.0,7558930.0,9070.0,1806000.0,False,True,True,True,True,False
8798.T,8798,アドバンスクリエイト,プライム（内国株式）,保険業,TOPIX Small 2,2026-08-21,2599.0,140.0,7554505.0,56045.0,7546000.0,False,False,True,True,True,False
5967.T,5967,ＴＯＮＥ,スタンダード（内国株式）,金属製品,-,2026-08-21,2599.0,454.0,7532140.0,15765.0,20157600.0,False,True,True,True,True,False
5697.T,5697,サンユウ,スタンダード（内国株式）,鉄鋼,-,2026-08-21,2599.0,821.0,7503965.0,9385.0,9031000.0,False,True,True,True,True,False
9212.T,9212,Ｇｒｅｅｎ　Ｅａｒｔｈ　Ｉｎｓｔｉｔｕｔｅ,グロース（内国株式）,サービス業,-,2026-08-21,1138.0,270.0,7493420.0,28170.0,7128000.0,False,True,True,True,True,False
6497.T,6497,ハマイ,スタンダード（内国株式）,機械,-,2026-08-21,2599.0,1425.0,7463175.0,5315.0,1710000.0,False,True,True,True,True,False
3628.T,3628,データホライゾン,グロース（内国株式）,情報・通信業,-,2026-08-21,2599.0,592.0,7446990.0,12480.0,1480000.0,False,True,True,True,True,False
173A.T,173A,ハンモック,グロース（内国株式）,情報・通信業,-,2026-08-21,577.0,1574.0,7445765.0,4840.0,5509000.0,False,True,True,True,True,False
6400.T,6400,不二精機,スタンダード（内国株式）,機械,-,2026-08-21,2599.0,291.0,7440580.0,26340.0,3492000.0,False,True,True,True,True,False
3841.T,3841,ジーダット,スタンダード（内国株式）,情報・通信業,-,2026-08-21,2599.0,1280.0,7433760.0,5795.0,896000.0,False,True,True,True,True,False
7539.T,7539,アイナボホールディングス,スタンダード（内国株式）,卸売業,-,2026-08-21,2599.0,793.0,7432745.0,9455.0,4361500.0,False,True,True,True,True,False
9698.T,9698,クレオ,スタンダード（内国株式）,情報・通信業,-,2026-08-21,2599.0,1341.0,7430260.0,5780.0,4425300.0,False,True,True,True,True,False
3204.T,3204,トーア紡コーポレーション,スタンダード（内国株式）,繊維製品,-,2026-08-21,2599.0,498.0,7417185.0,14960.0,2241000.0,False,True,True,True,True,False
7871.T,7871,フクビ化学工業,スタンダード（内国株式）,化学,-,2026-08-21,2599.0,1007.0,7387575.0,7455.0,201400.0,False,True,True,True,True,False
6286.T,6286,靜甲,スタンダード（内国株式）,機械,-,2026-08-21,2599.0,1441.0,7368100.0,5160.0,2737900.0,False,True,True,True,True,False
7919.T,7919,野崎印刷紙業,スタンダード（内国株式）,その他製品,-,2026-08-21,2599.0,224.0,7362835.0,35270.0,1120000.0,False,True,True,True,True,False
4014.T,4014,カラダノート,グロース（内国株式）,情報・通信業,-,2026-08-21,1422.0,509.0,7347810.0,14370.0,2341400.0,False,True,True,True,True,False
2162.T,2162,ｎｍｓ　ホールディングス,スタンダード（内国株式）,サービス業,-,2026-08-21,2599.0,536.0,7312580.0,13640.0,2787200.0,False,True,True,True,True,False
291A.T,291A,リスキル,グロース（内国株式）,サービス業,-,2026-08-21,408.0,1990.0,7307945.0,3795.0,2388000.0,False,True,True,True,True,False
1798.T,1798,守谷商会,スタンダード（内国株式）,建設業,-,2026-08-21,2599.0,1009.0,7297085.0,7150.0,2825200.0,False,True,True,True,True,False
5871.T,5871,ＳＯＬＩＺＥ　Ｈｏｌｄｉｎｇｓ,スタンダード（内国株式）,サービス業,-,2026-08-21,620.0,1374.0,7270610.0,5425.0,4809000.0,False,True,True,True,True,False
4427.T,4427,ＥｄｕＬａｂ,グロース（内国株式）,情報・通信業,-,2026-08-21,1868.0,218.0,7250460.0,34425.0,5864200.0,False,True,True,True,True,False
4241.T,4241,アテクト,スタンダード（内国株式）,化学,-,2026-08-21,2599.0,661.0,7229060.0,11125.0,8659100.0,False,True,True,True,True,False
4389.T,4389,プロパティデータバンク,グロース（内国株式）,情報・通信業,-,2026-08-21,1995.0,1044.0,7209800.0,6900.0,3027600.0,False,True,True,True,True,False
4170.T,4170,Ｋａｉｚｅｎ　Ｐｌａｔｆｏｒｍ,グロース（内国株式）,情報・通信業,-,2026-08-21,1385.0,122.0,7195730.0,61020.0,16177200.0,False,False,True,True,True,False
3858.T,3858,ユビキタスＡＩ,スタンダード（内国株式）,情報・通信業,-,2026-08-21,2599.0,300.0,7194790.0,24665.0,3360000.0,False,True,True,True,True,False
9082.T,9082,大和自動車交通,スタンダード（内国株式）,陸運業,-,2026-08-21,2599.0,1872.0,7185935.0,3740.0,748800.0,False,True,True,True,True,False
3484.T,3484,イノベーションホールディングス,スタンダード（内国株式）,不動産業,-,2026-08-21,2170.0,1073.0,7168455.0,6635.0,5150400.0,False,True,True,True,True,False
7462.T,7462,ＣＡＰＩＴＡ,スタンダード（内国株式）,小売業,-,2026-08-21,2599.0,387.0,7159845.0,18005.0,5456700.0,False,True,True,True,True,False
7487.T,7487,小津産業,スタンダード（内国株式）,卸売業,-,2026-08-21,2599.0,1790.0,7146255.0,4005.0,5907000.0,False,True,True,True,True,False
2183.T,2183,リニカル,スタンダード（内国株式）,サービス業,-,2026-08-21,2599.0,207.0,7110550.0,34220.0,2359800.0,False,True,True,True,True,False
2375.T,2375,ギグワークス,スタンダード（内国株式）,サービス業,-,2026-08-21,2599.0,205.0,7110090.0,34995.0,5350500.0,False,True,True,True,True,False
7228.T,7228,デイトナ,スタンダード（内国株式）,輸送用機器,-,2026-08-21,2599.0,4000.0,7103675.0,1800.0,3200000.0,False,True,True,True,True,False
3944.T,3944,古林紙工,スタンダード（内国株式）,パルプ・紙,-,2026-08-21,2599.0,3135.0,7066030.0,2445.0,1254000.0,False,True,True,True,True,False
2349.T,2349,エヌアイデイ,スタンダード（内国株式）,情報・通信業,-,2026-08-21,2599.0,2543.0,7045685.0,2790.0,2797300.0,False,True,True,True,True,False
7646.T,7646,ＰＬＡＮＴ,スタンダード（内国株式）,小売業,-,2026-08-21,2599.0,1859.0,7033270.0,3865.0,5019300.0,False,True,True,True,True,False
3800.T,3800,ユニリタ,スタンダード（内国株式）,情報・通信業,-,2026-08-21,2599.0,1965.0,7023060.0,3545.0,8842500.0,False,True,True,True,True,False
7083.T,7083,ＡＨＣグループ,グロース（内国株式）,サービス業,-,2026-08-21,1587.0,1089.0,7006605.0,6585.0,4029300.0,False,True,True,True,True,False
6347.T,6347,プラコー,スタンダード（内国株式）,機械,-,2026-08-21,2599.0,253.0,6995345.0,26745.0,3668500.0,False,True,True,True,True,False
3280.T,3280,エストラスト,スタンダード（内国株式）,不動産業,-,2026-08-21,2599.0,936.0,6978350.0,7600.0,3369600.0,False,True,True,True,True,False
4056.T,4056,ニューラルグループ,グロース（内国株式）,情報・通信業,-,2026-08-21,1466.0,218.0,6973130.0,32870.0,3422600.0,False,True,True,True,True,False
4918.T,4918,アイビー化粧品,スタンダード（内国株式）,化学,-,2026-08-21,2599.0,301.0,6969435.0,22605.0,3491600.0,False,True,True,True,True,False
2195.T,2195,アミタホールディングス,グロース（内国株式）,サービス業,-,2026-08-21,2599.0,350.0,6960330.0,20700.0,2905000.0,False,True,True,True,True,False
5071.T,5071,ヴィス,スタンダード（内国株式）,サービス業,-,2026-08-21,1567.0,1365.0,6935540.0,4995.0,1638000.0,False,True,True,True,True,False
2114.T,2114,フジ日本,スタンダード（内国株式）,食料品,-,2026-08-21,2599.0,649.0,6925185.0,10870.0,4802600.0,False,True,True,True,True,False
6155.T,6155,高松機械工業,スタンダード（内国株式）,機械,-,2026-08-21,2599.0,535.0,6920255.0,13105.0,2621500.0,False,True,True,True,True,False
8946.T,8946,ＡＳＩＡＮ　ＳＴＡＲ,スタンダード（内国株式）,不動産業,-,2026-08-21,2599.0,76.0,6916915.0,89195.0,5745600.0,False,False,True,True,True,False
3945.T,3945,スーパーバッグ,スタンダード（内国株式）,パルプ・紙,-,2026-08-21,2599.0,2155.0,6889255.0,3110.0,3017000.0,False,True,True,True,True,False
9366.T,9366,サンリツ,スタンダード（内国株式）,倉庫・運輸関連業,-,2026-08-21,2599.0,1102.0,6863895.0,6405.0,5950800.0,False,True,True,True,True,False
6195.T,6195,ホープ,グロース（内国株式）,サービス業,-,2026-08-21,2510.0,200.0,6849590.0,33265.0,6400000.0,False,True,True,True,True,False
3979.T,3979,うるる,グロース（内国株式）,情報・通信業,-,2026-08-21,2325.0,431.0,6847230.0,16600.0,22455100.0,False,True,True,True,True,False
2449.T,2449,プラップジャパン,スタンダード（内国株式）,サービス業,-,2026-08-21,2599.0,1092.0,6818915.0,6275.0,3385200.0,False,True,True,True,True,False
4492.T,4492,ゼネテック,スタンダード（内国株式）,情報・通信業,-,2026-08-21,1570.0,373.0,6814200.0,17595.0,2573700.0,False,True,True,True,True,False
7131.T,7131,のむら産業,スタンダード（内国株式）,卸売業,-,2026-08-21,1154.0,3605.0,6805700.0,1910.0,8652000.0,False,True,True,True,True,False
9307.T,9307,杉村倉庫,スタンダード（内国株式）,倉庫・運輸関連業,-,2026-08-21,2599.0,978.0,6777610.0,6705.0,1760400.0,False,True,True,True,True,False
6393.T,6393,油研工業,スタンダード（内国株式）,機械,-,2026-08-21,2599.0,3035.0,6765000.0,2220.0,3642000.0,False,True,True,True,True,False
4317.T,4317,レイ,スタンダード（内国株式）,サービス業,-,2026-08-21,2599.0,558.0,6752970.0,12600.0,4910400.0,False,True,True,True,True,False
6029.T,6029,アトラグループ,スタンダード（内国株式）,サービス業,-,2026-08-21,2599.0,189.0,6746945.0,34670.0,1360800.0,False,False,True,True,True,False
2391.T,2391,プラネット,スタンダード（内国株式）,サービス業,-,2026-08-21,2599.0,1175.0,6742875.0,5685.0,2937500.0,False,True,True,True,True,False
2798.T,2798,ワイズテーブルコーポレーション,スタンダード（内国株式）,小売業,-,2026-08-21,2599.0,3055.0,6687900.0,2195.0,10998000.0,False,True,True,True,True,False
9713.T,9713,ロイヤルホテル,スタンダード（内国株式）,サービス業,-,2026-08-21,2599.0,900.0,6680170.0,7400.0,6480000.0,False,True,True,True,True,False
4439.T,4439,東名,スタンダード（内国株式）,情報・通信業,-,2026-08-21,1801.0,772.0,6670565.0,8525.0,2238800.0,False,True,True,True,True,False
3175.T,3175,エー・ピーホールディングス,スタンダード（内国株式）,小売業,-,2026-08-21,2599.0,942.0,6664720.0,7045.0,9891000.0,False,True,True,True,True,False
9446.T,9446,サカイホールディングス,スタンダード（内国株式）,情報・通信業,-,2026-08-21,2599.0,688.0,6661940.0,9745.0,4059200.0,False,True,True,True,True,False
3181.T,3181,買取王国,スタンダード（内国株式）,小売業,-,2026-08-21,2599.0,1069.0,6646645.0,6185.0,5665700.0,False,True,True,True,True,False
9636.T,9636,きんえい,スタンダード（内国株式）,サービス業,-,2026-08-21,2599.0,4160.0,6644275.0,1580.0,832000.0,False,True,True,True,True,False
6181.T,6181,タメニー,グロース（内国株式）,サービス業,-,2026-08-21,2599.0,83.0,6632180.0,81965.0,15637200.0,False,False,True,True,True,False
8617.T,8617,光世証券,スタンダード（内国株式）,証券、商品先物取引業,-,2026-08-21,2599.0,591.0,6631500.0,11620.0,1773000.0,False,True,True,True,True,False
3892.T,3892,岡山製紙,スタンダード（内国株式）,パルプ・紙,-,2026-08-21,2599.0,1545.0,6627745.0,4220.0,2317500.0,False,True,True,True,True,False
5388.T,5388,クニミネ工業,スタンダード（内国株式）,ガラス・土石製品,-,2026-08-21,2599.0,1329.0,6571145.0,5165.0,19669200.0,False,True,True,True,True,False
3710.T,3710,ジョルダン,スタンダード（内国株式）,情報・通信業,-,2026-08-21,2599.0,646.0,6562985.0,10095.0,1098200.0,False,True,True,True,True,False
2304.T,2304,ＣＳＳホールディングス,スタンダード（内国株式）,サービス業,-,2026-08-21,2599.0,910.0,6534350.0,7030.0,4823000.0,False,True,True,True,True,False
4398.T,4398,ブロードバンドセキュリティ,スタンダード（内国株式）,情報・通信業,-,2026-08-21,1929.0,1290.0,6532355.0,5120.0,2193000.0,False,True,True,True,True,False
9439.T,9439,エム・エイチ・グループ,スタンダード（内国株式）,サービス業,-,2026-08-21,2599.0,232.0,6528975.0,28595.0,2853600.0,False,True,True,True,True,False
8104.T,8104,クワザワホールディングス,スタンダード（内国株式）,卸売業,-,2026-08-21,2066.0,693.0,6506325.0,9450.0,4365900.0,False,True,True,True,True,False
3840.T,3840,パス,スタンダード（内国株式）,情報・通信業,-,2026-08-21,2599.0,56.0,6487225.0,115020.0,5174400.0,False,False,True,True,True,False
9687.T,9687,ＫＳＫ,スタンダード（内国株式）,情報・通信業,-,2026-08-21,2599.0,4390.0,6464725.0,1435.0,6146000.0,False,True,True,True,True,False
3758.T,3758,アエリア,スタンダード（内国株式）,情報・通信業,-,2026-08-21,2599.0,239.0,6461255.0,26515.0,10946200.0,False,True,True,True,True,False
4496.T,4496,コマースＯｎｅホールディングス,グロース（内国株式）,情報・通信業,-,2026-08-21,1503.0,778.0,6456545.0,8200.0,13770600.0,False,True,True,True,True,False
4934.T,4934,プレミアアンチエイジング,グロース（内国株式）,化学,-,2026-08-21,1422.0,598.0,6429355.0,10560.0,3049800.0,False,True,True,True,True,False
5576.T,5576,オービーシステム,スタンダード（内国株式）,情報・通信業,-,2026-08-21,775.0,2950.0,6423675.0,2200.0,1475000.0,False,True,True,True,True,False
9904.T,9904,ベリテ,スタンダード（内国株式）,小売業,-,2026-08-21,2599.0,242.0,6419885.0,26010.0,4694800.0,False,True,True,True,True,False
3082.T,3082,きちりホールディングス,スタンダード（内国株式）,小売業,-,2026-08-21,2599.0,973.0,6384265.0,6650.0,3989300.0,False,True,True,True,True,False
519A.T,519A,ベーシック,グロース（内国株式）,情報・通信業,-,2026-08-21,102.0,497.0,6368680.0,12520.0,15456700.0,False,True,False,True,True,False
7879.T,7879,ノダ,スタンダード（内国株式）,その他製品,-,2026-08-21,2599.0,671.0,6363210.0,9775.0,12816100.0,False,True,True,True,True,False
9249.T,9249,日本エコシステム,スタンダード（内国株式）,サービス業,-,2026-08-21,1191.0,1663.0,6319050.0,3855.0,2660800.0,False,True,True,True,True,False
3042.T,3042,セキュアヴェイル,スタンダード（内国株式）,情報・通信業,-,2026-08-21,2599.0,302.0,6297630.0,21180.0,8516400.0,False,True,True,True,True,False
6696.T,6696,トラース・オン・プロダクト,グロース（内国株式）,電気機器,-,2026-08-21,2224.0,325.0,6289635.0,20985.0,26975000.0,False,True,True,True,True,False
8772.T,8772,アサックス,スタンダード（内国株式）,その他金融業,-,2026-08-21,2599.0,872.0,6278640.0,7240.0,3139200.0,False,True,True,True,True,False
4378.T,4378,ＣＩＮＣ,グロース（内国株式）,情報・通信業,-,2026-08-21,1179.0,500.0,6274300.0,13050.0,3350000.0,False,True,True,True,True,False
7494.T,7494,コナカ,スタンダード（内国株式）,小売業,-,2026-08-21,2599.0,242.0,6268115.0,26470.0,4283400.0,False,True,True,True,True,False
7521.T,7521,ムサシ,スタンダード（内国株式）,卸売業,-,2026-08-21,2599.0,2755.0,6257195.0,2245.0,275500.0,False,True,True,True,True,False
7122.T,7122,近畿車輛,スタンダード（内国株式）,輸送用機器,-,2026-08-21,2599.0,2373.0,6249925.0,2660.0,1186500.0,False,True,True,True,True,False
7953.T,7953,菊水化学工業,スタンダード（内国株式）,その他製品,-,2026-08-21,2599.0,401.0,6249480.0,15860.0,8902200.0,False,True,True,True,True,False
6185.T,6185,ＳＭＮ,スタンダード（内国株式）,サービス業,-,2026-08-21,2599.0,368.0,6205045.0,16610.0,2944000.0,False,True,True,True,True,False
9242.T,9242,メディア総研,グロース（内国株式）,サービス業,-,2026-08-21,1215.0,1917.0,6191015.0,3300.0,1341900.0,False,True,True,True,True,False
1450.T,1450,ＴＡＮＡＫＥＮ,スタンダード（内国株式）,建設業,-,2026-08-21,1871.0,1457.0,6185860.0,4225.0,1165600.0,False,True,True,True,True,False
9423.T,9423,フォーバル・リアルストレート,スタンダード（内国株式）,情報・通信業,-,2026-08-21,2599.0,104.0,6151755.0,59015.0,4576000.0,False,False,True,True,True,False
6888.T,6888,アクモス,スタンダード（内国株式）,情報・通信業,-,2026-08-21,2599.0,501.0,6145160.0,12650.0,1903800.0,False,True,True,True,True,False
6087.T,6087,アビスト,スタンダード（内国株式）,サービス業,-,2026-08-21,2599.0,3525.0,6129825.0,1760.0,4582500.0,False,True,True,True,True,False
7514.T,7514,ヒマラヤ,スタンダード（内国株式）,小売業,-,2026-08-21,2599.0,881.0,6128490.0,6985.0,2554900.0,False,True,True,True,True,False
7604.T,7604,梅の花グループ,スタンダード（内国株式）,小売業,-,2026-08-21,2599.0,896.0,6101590.0,6810.0,2956800.0,False,True,True,True,True,False
2597.T,2597,ユニカフェ,スタンダード（内国株式）,食料品,-,2026-08-21,2599.0,1192.0,6100245.0,5220.0,8582400.0,False,True,True,True,True,False
5945.T,5945,天龍製鋸,スタンダード（内国株式）,金属製品,-,2026-08-21,2599.0,2398.0,6092410.0,2460.0,1918400.0,False,True,True,True,True,False
7481.T,7481,尾家産業,スタンダード（内国株式）,卸売業,-,2026-08-21,2599.0,2614.0,6091325.0,2410.0,3136800.0,False,True,True,True,True,False
4491.T,4491,コンピューターマネージメント,スタンダード（内国株式）,情報・通信業,-,2026-08-21,1576.0,3250.0,6072100.0,1900.0,5850000.0,False,True,True,True,True,False
6022.T,6022,赤阪鐵工所,スタンダード（内国株式）,機械,-,2026-08-21,2599.0,2645.0,6037090.0,2290.0,3174000.0,False,True,True,True,True,False
3627.T,3627,テクミラホールディングス,スタンダード（内国株式）,情報・通信業,-,2026-08-21,2599.0,262.0,6016380.0,22580.0,7729000.0,False,True,True,True,True,False
7208.T,7208,カネミツ,スタンダード（内国株式）,輸送用機器,-,2026-08-21,2599.0,1280.0,6002680.0,4590.0,8960000.0,False,True,True,True,True,False
3089.T,3089,テクノアルファ,スタンダード（内国株式）,卸売業,-,2026-08-21,2599.0,1050.0,5978690.0,5785.0,1155000.0,False,True,True,True,True,False
9360.T,9360,鈴与シンワート,スタンダード（内国株式）,情報・通信業,-,2026-08-21,2599.0,2745.0,5962055.0,2130.0,823500.0,False,True,True,True,True,False
7218.T,7218,田中精密工業,スタンダード（内国株式）,輸送用機器,-,2026-08-21,2599.0,1096.0,5959780.0,5555.0,9206400.0,False,True,True,True,True,False
1382.T,1382,ホーブ,スタンダード（内国株式）,水産・農林業,-,2026-08-21,2599.0,877.0,5952630.0,6530.0,1315500.0,False,True,True,True,True,False
7809.T,7809,壽屋,スタンダード（内国株式）,その他製品,-,2026-08-21,2191.0,1325.0,5901610.0,4465.0,3577500.0,False,True,True,True,True,False
5570.T,5570,ジェノバ,グロース（内国株式）,情報・通信業,-,2026-08-21,817.0,608.0,5880895.0,9630.0,2918400.0,False,True,True,True,True,False
3815.T,3815,メディア工房,グロース（内国株式）,情報・通信業,-,2026-08-21,2599.0,458.0,5868790.0,13000.0,8198200.0,False,True,True,True,True,False
9353.T,9353,櫻島埠頭,スタンダード（内国株式）,倉庫・運輸関連業,-,2026-08-21,2599.0,2850.0,5855660.0,1985.0,1140000.0,False,True,True,True,True,False
2122.T,2122,インタースペース,スタンダード（内国株式）,サービス業,-,2026-08-21,2599.0,1422.0,5845845.0,4145.0,3981600.0,False,True,True,True,True,False
9857.T,9857,英和,スタンダード（内国株式）,卸売業,-,2026-08-21,2599.0,2590.0,5825240.0,2255.0,1295000.0,False,True,True,True,True,False
476A.T,476A,辻・本郷ＩＴコンサルティング,スタンダード（内国株式）,情報・通信業,-,2026-08-21,163.0,1598.0,5820840.0,3680.0,3675400.0,False,True,False,True,True,False
8207.T,8207,テンアライド,スタンダード（内国株式）,小売業,-,2026-08-21,2599.0,296.0,5792855.0,19700.0,5446400.0,False,True,True,True,True,False
2351.T,2351,ＡＳＪ,スタンダード（内国株式）,情報・通信業,-,2026-08-21,2599.0,332.0,5774205.0,17655.0,58398800.0,False,True,True,True,True,False
3177.T,3177,ありがとうサービス,スタンダード（内国株式）,小売業,-,2026-08-21,2599.0,4310.0,5760625.0,1370.0,4741000.0,False,True,True,True,True,False
2984.T,2984,ヤマイチエステート,スタンダード（内国株式）,不動産業,-,2026-08-21,1022.0,764.0,5747610.0,7630.0,3361600.0,False,True,True,True,True,False
1711.T,1711,ＳＤＳホールディングス,スタンダード（内国株式）,建設業,-,2026-08-21,2599.0,241.0,5738470.0,24010.0,3687300.0,False,True,True,True,True,False
8127.T,8127,ヤマトインターナショナル,スタンダード（内国株式）,繊維製品,-,2026-08-21,2599.0,579.0,5723040.0,9785.0,6311100.0,False,True,True,True,True,False
9057.T,9057,遠州トラック,スタンダード（内国株式）,陸運業,-,2026-08-21,2599.0,3205.0,5720175.0,1785.0,3205000.0,False,True,True,True,True,False
3967.T,3967,エルテス,グロース（内国株式）,情報・通信業,-,2026-08-21,2397.0,605.0,5701525.0,9585.0,3751000.0,False,True,True,True,True,False
2937.T,2937,サンクゼール,グロース（内国株式）,食料品,-,2026-08-21,897.0,1741.0,5682730.0,3270.0,4700700.0,False,True,True,True,True,False
2814.T,2814,佐藤食品工業,スタンダード（内国株式）,食料品,-,2026-08-21,2599.0,3455.0,5676400.0,1755.0,6564500.0,False,True,True,True,True,False
9171.T,9171,栗林商船,スタンダード（内国株式）,海運業,-,2026-08-21,2599.0,1510.0,5670380.0,3535.0,11778000.0,False,True,True,True,True,False
4814.T,4814,ネクストウェア,スタンダード（内国株式）,情報・通信業,-,2026-08-21,2599.0,160.0,5669315.0,36095.0,5520000.0,False,False,True,True,True,False
5603.T,5603,虹技,スタンダード（内国株式）,鉄鋼,-,2026-08-21,2599.0,1318.0,5666480.0,4335.0,1581600.0,False,True,True,True,True,False
7749.T,7749,メディキット,スタンダード（内国株式）,精密機器,-,2026-08-21,2599.0,2861.0,5651595.0,2000.0,3147100.0,False,True,True,True,True,False
6180.T,6180,ＧＭＯメディア,グロース（内国株式）,サービス業,-,2026-08-21,2599.0,3780.0,5646050.0,1490.0,5292000.0,False,True,True,True,True,False
3192.T,3192,白鳩,スタンダード（内国株式）,小売業,-,2026-08-21,2599.0,300.0,5615710.0,19130.0,5610000.0,False,True,True,True,True,False
2464.T,2464,Ａｏｂａ‐ＢＢＴ,スタンダード（内国株式）,サービス業,-,2026-08-21,2599.0,363.0,5607715.0,16325.0,4719000.0,False,True,True,True,True,False
9986.T,9986,蔵王産業,スタンダード（内国株式）,卸売業,-,2026-08-21,2599.0,2507.0,5606665.0,2250.0,4512600.0,False,True,True,True,True,False
8089.T,8089,ナイス,スタンダード（内国株式）,卸売業,-,2026-08-21,2599.0,1952.0,5567645.0,2880.0,5075200.0,False,True,True,True,True,False
6537.T,6537,ＷＡＳＨハウス,グロース（内国株式）,サービス業,-,2026-08-21,2401.0,295.0,5565615.0,18400.0,7021000.0,False,True,True,True,True,False
7887.T,7887,南海プライウッド,スタンダード（内国株式）,その他製品,-,2026-08-21,2599.0,1524.0,5556435.0,3575.0,4114800.0,False,True,True,True,True,False
2831.T,2831,はごろもフーズ,スタンダード（内国株式）,食料品,-,2026-08-21,2599.0,3675.0,5543275.0,1515.0,5880000.0,False,True,True,True,True,False
2689.T,2689,オルバヘルスケアホールディングス,スタンダード（内国株式）,卸売業,-,2026-08-21,2599.0,1873.0,5524045.0,2915.0,11238000.0,False,True,True,True,True,False
5458.T,5458,高砂鐵工,スタンダード（内国株式）,鉄鋼,-,2026-08-21,2599.0,1364.0,5518920.0,4060.0,7911200.0,False,True,True,True,True,False
6193.T,6193,バーチャレクス・ホールディングス,グロース（内国株式）,サービス業,-,2026-08-21,2504.0,1134.0,5498915.0,5130.0,8278200.0,False,True,True,True,True,False
5971.T,5971,共和工業所,スタンダード（内国株式）,金属製品,-,2026-08-21,2599.0,7820.0,5464000.0,675.0,7038000.0,False,True,True,True,True,False
4242.T,4242,タカギセイコー,スタンダード（内国株式）,化学,-,2026-08-21,2599.0,1797.0,5445905.0,2970.0,2875200.0,False,True,True,True,True,False
2813.T,2813,和弘食品,スタンダード（内国株式）,食料品,-,2026-08-21,2599.0,3970.0,5439200.0,1370.0,3573000.0,False,True,True,True,True,False
2169.T,2169,ＣＤＳ,スタンダード（内国株式）,サービス業,-,2026-08-21,2599.0,1725.0,5437965.0,3175.0,2242500.0,False,True,True,True,True,False
2408.T,2408,ＫＧ情報,スタンダード（内国株式）,サービス業,-,2026-08-21,2599.0,857.0,5430300.0,6390.0,3085200.0,False,True,True,True,True,False
3981.T,3981,ビーグリー,スタンダード（内国株式）,情報・通信業,-,2026-08-21,2323.0,1200.0,5401475.0,4445.0,7800000.0,False,True,True,True,True,False
4625.T,4625,アトミクス,スタンダード（内国株式）,化学,-,2026-08-21,2599.0,782.0,5391095.0,6910.0,2033200.0,False,True,True,True,True,False
7183.T,7183,あんしん保証,スタンダード（内国株式）,その他金融業,-,2026-08-21,2599.0,254.0,5368820.0,21135.0,1803400.0,False,True,True,True,True,False
4447.T,4447,ピー・ビーシステムズ,グロース（内国株式）,情報・通信業,-,2026-08-21,948.0,500.0,5367905.0,11265.0,2300000.0,False,True,True,True,True,False
9367.T,9367,大東港運,スタンダード（内国株式）,倉庫・運輸関連業,-,2026-08-21,2599.0,2022.0,5345980.0,2760.0,3639600.0,False,True,True,True,True,False
7369.T,7369,メイホーホールディングス,グロース（内国株式）,サービス業,-,2026-08-21,1278.0,347.0,5295845.0,14725.0,1457400.0,False,True,True,True,True,False
4256.T,4256,サインド,グロース（内国株式）,情報・通信業,-,2026-08-21,1140.0,959.0,5285865.0,5405.0,12754700.0,False,True,True,True,True,False
8077.T,8077,トルク,スタンダード（内国株式）,卸売業,-,2026-08-21,2599.0,213.0,5257075.0,24620.0,2321700.0,False,True,True,True,True,False
9244.T,9244,デジタリフト,グロース（内国株式）,サービス業,-,2026-08-21,1199.0,1267.0,5257000.0,4255.0,1393700.0,False,True,True,True,True,False
5997.T,5997,協立エアテック,スタンダード（内国株式）,金属製品,-,2026-08-21,2599.0,945.0,5230360.0,5590.0,13230000.0,False,True,True,True,True,False
4386.T,4386,ＳＩＧグループ,スタンダード（内国株式）,情報・通信業,-,2026-08-21,1998.0,903.0,5225210.0,5915.0,1806000.0,False,True,True,True,True,False
3787.T,3787,テクノマセマティカル,スタンダード（内国株式）,情報・通信業,-,2026-08-21,2599.0,320.0,5211085.0,17785.0,4448000.0,False,True,True,True,True,False
9074.T,9074,日本石油輸送,スタンダード（内国株式）,陸運業,-,2026-08-21,2599.0,4990.0,5206925.0,1010.0,998000.0,False,True,True,True,True,False
3943.T,3943,大石産業,スタンダード（内国株式）,パルプ・紙,-,2026-08-21,1098.0,1332.0,5179310.0,3955.0,3063600.0,False,True,True,True,True,False
1770.T,1770,藤田エンジニアリング,スタンダード（内国株式）,建設業,-,2026-08-21,2599.0,2092.0,5172555.0,2455.0,1046000.0,False,True,True,True,True,False
9083.T,9083,神姫バス,スタンダード（内国株式）,陸運業,-,2026-08-21,2599.0,1966.0,5168585.0,2625.0,3735400.0,False,True,True,True,True,False
6046.T,6046,リンクバル,スタンダード（内国株式）,サービス業,-,2026-08-21,2599.0,142.0,5166730.0,37730.0,4018600.0,False,False,True,True,True,False
9363.T,9363,大運,スタンダード（内国株式）,倉庫・運輸関連業,-,2026-08-21,2599.0,538.0,5151470.0,9595.0,1936800.0,False,True,True,True,True,False
3137.T,3137,ファンデリー,スタンダード（内国株式）,小売業,-,2026-08-21,2599.0,208.0,5140270.0,24300.0,3556800.0,False,True,True,True,True,False
8039.T,8039,築地魚市場,スタンダード（内国株式）,卸売業,-,2026-08-21,2599.0,3580.0,5107125.0,1445.0,3580000.0,False,True,True,True,True,False
4380.T,4380,Ｍマート,グロース（内国株式）,情報・通信業,-,2026-08-21,2082.0,665.0,5106980.0,8040.0,1529500.0,False,True,True,True,True,False
2185.T,2185,シイエム・シイ,スタンダード（内国株式）,サービス業,-,2026-08-21,2599.0,1900.0,5076555.0,2665.0,2850000.0,False,True,True,True,True,False
5868.T,5868,ロココ,スタンダード（内国株式）,サービス業,-,2026-08-21,651.0,1000.0,5060865.0,5110.0,8700000.0,False,True,True,True,True,False
1438.T,1438,岐阜造園,スタンダード（内国株式）,建設業,-,2026-08-21,954.0,2322.0,5017190.0,2325.0,3947400.0,False,True,True,True,True,False
3726.T,3726,フォーシーズＨＤ,スタンダード（内国株式）,小売業,-,2026-08-21,2599.0,405.0,5003770.0,12685.0,2956500.0,False,True,True,True,True,False
9996.T,9996,サトー商会,スタンダード（内国株式）,卸売業,-,2026-08-21,2599.0,2087.0,4978385.0,2330.0,1252200.0,False,True,True,True,True,False
3096.T,3096,オーシャンシステム,スタンダード（内国株式）,小売業,-,2026-08-21,2599.0,1609.0,4975825.0,3065.0,8688600.0,False,True,True,True,True,False
228A.T,228A,オプロ,グロース（内国株式）,情報・通信業,-,2026-08-21,488.0,1636.0,4962885.0,3075.0,2944800.0,False,True,True,True,True,False
3934.T,3934,ベネフィットジャパン,スタンダード（内国株式）,情報・通信業,-,2026-08-21,2564.0,2276.0,4962185.0,2160.0,0.0,False,True,True,True,True,False
415A.T,415A,ＧＭＯ　ＴＥＣＨホールディングス,グロース（内国株式）,サービス業,-,2026-08-21,2599.0,5130.0,4948525.0,1000.0,10773000.0,False,True,True,True,True,False
2907.T,2907,あじかん,スタンダード（内国株式）,食料品,-,2026-08-21,2599.0,1519.0,4947205.0,3245.0,3341800.0,False,True,True,True,True,False
4875.T,4875,メディシノバ・インク,スタンダード（外国株式）,医薬品,-,2026-08-21,2599.0,216.0,4946760.0,23460.0,4946400.0,False,True,True,True,True,False
3842.T,3842,ネクストジェン,スタンダード（内国株式）,情報・通信業,-,2026-08-21,2599.0,1035.0,4935725.0,4870.0,1035000.0,False,True,True,True,True,False
5129.T,5129,ＦＩＸＥＲ,グロース（内国株式）,情報・通信業,-,2026-08-21,948.0,251.0,4927725.0,20450.0,6726800.0,False,True,True,True,True,False
9219.T,9219,ギックス,グロース（内国株式）,サービス業,-,2026-08-21,1076.0,887.0,4924680.0,5595.0,6563800.0,False,True,True,True,True,False
5941.T,5941,中西製作所,スタンダード（内国株式）,金属製品,-,2026-08-21,2599.0,2755.0,4905520.0,1815.0,1653000.0,False,True,True,True,True,False
5028.T,5028,セカンドサイトアナリティカ,グロース（内国株式）,情報・通信業,-,2026-08-21,1072.0,354.0,4899965.0,13470.0,7504800.0,False,True,True,True,True,False
7442.T,7442,中山福,スタンダード（内国株式）,卸売業,-,2026-08-21,2599.0,485.0,4889515.0,9985.0,24250000.0,False,True,True,True,True,False
1981.T,1981,協和日成,スタンダード（内国株式）,建設業,-,2026-08-21,2599.0,1317.0,4887755.0,3680.0,1053600.0,False,True,True,True,True,False
3559.T,3559,ピーバンドットコム,スタンダード（内国株式）,卸売業,-,2026-08-21,2330.0,421.0,4882365.0,11525.0,799900.0,False,True,True,True,True,False
7067.T,7067,ブランディングテクノロジー,グロース（内国株式）,サービス業,-,2026-08-21,1749.0,1049.0,4868325.0,4665.0,83710200.0,False,True,True,True,True,False
4615.T,4615,神東塗料,スタンダード（内国株式）,化学,-,2026-08-21,2599.0,132.0,4849050.0,36945.0,2534400.0,False,False,True,True,True,False
373A.T,373A,リップス,グロース（内国株式）,化学,-,2026-08-21,280.0,1462.0,4846570.0,3280.0,5848000.0,False,True,True,True,True,False
5194.T,5194,相模ゴム工業,スタンダード（内国株式）,ゴム製品,-,2026-08-21,2599.0,630.0,4831585.0,7480.0,7182000.0,False,True,True,True,True,False
6218.T,6218,エンシュウ,スタンダード（内国株式）,機械,-,2026-08-21,2599.0,633.0,4828205.0,7510.0,1076100.0,False,True,True,True,True,False
3166.T,3166,ＯＣＨＩホールディングス,スタンダード（内国株式）,卸売業,-,2026-08-21,2599.0,1442.0,4827770.0,3325.0,3893400.0,False,True,True,True,True,False
6158.T,6158,和井田製作所,スタンダード（内国株式）,機械,-,2026-08-21,2599.0,987.0,4823675.0,4910.0,4244100.0,False,True,True,True,True,False
6054.T,6054,リブセンス,スタンダード（内国株式）,サービス業,-,2026-08-21,2599.0,113.0,4810720.0,40920.0,1141300.0,False,False,True,True,True,False
4777.T,4777,ガーラ,スタンダード（内国株式）,情報・通信業,-,2026-08-21,2599.0,200.0,4809020.0,23910.0,10520000.0,False,True,True,True,True,False
3607.T,3607,クラウディアホールディングス,スタンダード（内国株式）,繊維製品,-,2026-08-21,2599.0,362.0,4787015.0,13275.0,6660800.0,False,True,True,True,True,False
4361.T,4361,川口化学工業,スタンダード（内国株式）,化学,-,2026-08-21,2599.0,1535.0,4777365.0,3140.0,3223500.0,False,True,True,True,True,False
6647.T,6647,森尾電機,スタンダード（内国株式）,電気機器,-,2026-08-21,2599.0,3270.0,4758645.0,1545.0,2616000.0,False,True,True,True,True,False
8908.T,8908,毎日コムネット,スタンダード（内国株式）,不動産業,-,2026-08-21,2599.0,869.0,4752960.0,5495.0,1216600.0,False,True,True,True,True,False
2876.T,2876,デルソーレ,スタンダード（内国株式）,食料品,-,2026-08-21,2599.0,462.0,4705970.0,9875.0,1755600.0,False,True,True,True,True,False
7066.T,7066,ピアズ,グロース（内国株式）,サービス業,-,2026-08-21,1751.0,433.0,4704575.0,10355.0,5888800.0,False,True,True,True,True,False
3490.T,3490,アズ企画設計,スタンダード（内国株式）,不動産業,-,2026-08-21,2059.0,3190.0,4689525.0,1495.0,5104000.0,False,True,True,True,True,False
7073.T,7073,ジェイック,グロース（内国株式）,サービス業,-,2026-08-21,1664.0,2265.0,4684660.0,2015.0,1812000.0,False,True,True,True,True,False
9419.T,9419,ワイヤレスゲート,スタンダード（内国株式）,情報・通信業,-,2026-08-21,2599.0,296.0,4660705.0,16095.0,2072000.0,False,True,True,True,True,False
8247.T,8247,大和,スタンダード（内国株式）,小売業,-,2026-08-21,2599.0,318.0,4654195.0,15445.0,3116400.0,False,True,True,True,True,False
1807.T,1807,佐藤渡辺,スタンダード（内国株式）,建設業,-,2026-08-21,2599.0,1886.0,4649885.0,2450.0,1131600.0,False,True,True,True,True,False
9417.T,9417,スマートバリュー,スタンダード（内国株式）,情報・通信業,-,2026-08-21,2599.0,333.0,4641285.0,13585.0,1065600.0,False,True,True,True,True,False
340A.T,340A,ジグザグ,グロース（内国株式）,情報・通信業,-,2026-08-21,342.0,324.0,4639690.0,14975.0,3207600.0,False,True,True,True,True,False
9236.T,9236,ジャパンＭ＆Ａソリューション,グロース（内国株式）,サービス業,-,2026-08-21,690.0,1299.0,4622590.0,3810.0,2468100.0,False,True,True,True,True,False
3524.T,3524,日東製網,スタンダード（内国株式）,繊維製品,-,2026-08-21,2599.0,1488.0,4616300.0,3115.0,5654400.0,False,True,True,True,True,False
4243.T,4243,ニックス,スタンダード（内国株式）,化学,-,2026-08-21,2599.0,1030.0,4608520.0,4770.0,4738000.0,False,True,True,True,True,False
6943.T,6943,ＮＫＫスイッチズ,スタンダード（内国株式）,電気機器,-,2026-08-21,2599.0,5480.0,4596500.0,850.0,2192000.0,False,True,True,True,True,False
3435.T,3435,サンコーテクノ,スタンダード（内国株式）,金属製品,-,2026-08-21,2599.0,1453.0,4594445.0,3160.0,3487200.0,False,True,True,True,True,False
3370.T,3370,フジタコーポレーション,スタンダード（内国株式）,小売業,-,2026-08-21,2599.0,469.0,4582815.0,9720.0,11725000.0,False,True,True,True,True,False
7021.T,7021,ニッチツ,スタンダード（内国株式）,機械,-,2026-08-21,2599.0,2186.0,4555170.0,2185.0,8088200.0,False,True,True,True,True,False
8144.T,8144,デンキョーグループホールディングス,スタンダード（内国株式）,卸売業,-,2026-08-21,2599.0,1241.0,4539385.0,3605.0,5832700.0,False,True,True,True,True,False
7353.T,7353,ＫＩＹＯラーニング,グロース（内国株式）,サービス業,-,2026-08-21,1491.0,540.0,4538715.0,8205.0,5832000.0,False,True,True,True,True,False
7578.T,7578,ニチリョク,スタンダード（内国株式）,小売業,-,2026-08-21,2599.0,73.0,4511345.0,66335.0,10015600.0,False,False,True,True,True,False
6819.T,6819,伊豆シャボテンリゾート,スタンダード（内国株式）,サービス業,-,2026-08-21,2599.0,474.0,4490045.0,9420.0,3886800.0,False,True,True,True,True,False
3202.T,3202,ダイトウボウ,スタンダード（内国株式）,繊維製品,-,2026-08-21,2599.0,127.0,4482590.0,35435.0,4546600.0,False,False,True,True,True,False
7621.T,7621,うかい,スタンダード（内国株式）,小売業,-,2026-08-21,2599.0,3435.0,4480550.0,1315.0,2061000.0,False,True,True,True,True,False
5918.T,5918,瀧上工業,スタンダード（内国株式）,金属製品,-,2026-08-21,2599.0,7580.0,4474800.0,590.0,5306000.0,False,True,True,True,True,False
4391.T,4391,ロジザード,グロース（内国株式）,情報・通信業,-,2026-08-21,1989.0,1129.0,4472730.0,3915.0,5757900.0,False,True,True,True,True,False
5268.T,5268,旭コンクリート工業,スタンダード（内国株式）,ガラス・土石製品,-,2026-08-21,2599.0,830.0,4459210.0,5305.0,1660000.0,False,True,True,True,True,False
9562.T,9562,ビジネスコーチ,グロース（内国株式）,サービス業,-,2026-08-21,939.0,615.0,4456600.0,8150.0,2583000.0,False,True,True,True,True,False
7351.T,7351,グッドパッチ,グロース（内国株式）,サービス業,-,2026-08-21,1501.0,475.0,4455745.0,9970.0,6412500.0,False,True,True,True,True,False
387A.T,387A,フラー,グロース（内国株式）,情報・通信業,-,2026-08-21,262.0,917.0,4455105.0,4565.0,4309900.0,False,True,True,True,True,False
9876.T,9876,コックス,スタンダード（内国株式）,小売業,-,2026-08-21,2599.0,219.0,4453655.0,19910.0,4818000.0,False,True,True,True,True,False
7827.T,7827,オービス,スタンダード（内国株式）,その他製品,-,2026-08-21,2599.0,1739.0,4447070.0,2665.0,1912900.0,False,True,True,True,True,False
475A.T,475A,ギミック,スタンダード（内国株式）,サービス業,-,2026-08-21,163.0,579.0,4446570.0,7575.0,3184500.0,False,True,False,True,True,False
3079.T,3079,ディーブイエックス,スタンダード（内国株式）,卸売業,-,2026-08-21,2599.0,932.0,4444690.0,4715.0,6617200.0,False,True,True,True,True,False
5237.T,5237,ノザワ,スタンダード（内国株式）,ガラス・土石製品,-,2026-08-21,2599.0,1194.0,4441880.0,3650.0,4537200.0,False,True,True,True,True,False
3557.T,3557,ユナイテッド＆コレクティブ,グロース（内国株式）,小売業,-,2026-08-21,2339.0,567.0,4435845.0,7885.0,5783400.0,False,True,True,True,True,False
7133.T,7133,ＨＹＵＧＡ　ＰＲＩＭＡＲＹ　ＣＡＲＥ,グロース（内国株式）,小売業,-,2026-08-21,1142.0,1314.0,4431505.0,3485.0,4467600.0,False,True,True,True,True,False
4120.T,4120,スガイ化学工業,スタンダード（内国株式）,化学,-,2026-08-21,2599.0,2960.0,4430600.0,1460.0,1776000.0,False,True,True,True,True,False
483A.T,483A,テラテクノロジー,スタンダード（内国株式）,情報・通信業,-,2026-08-21,161.0,2174.0,4429880.0,2020.0,1739200.0,False,True,False,True,True,False
3454.T,3454,ファーストブラザーズ,スタンダード（内国株式）,不動産業,-,2026-08-21,2599.0,1280.0,4429515.0,3505.0,3712000.0,False,True,True,True,True,False
7446.T,7446,東北化学薬品,スタンダード（内国株式）,卸売業,-,2026-08-21,2599.0,4485.0,4422250.0,980.0,3588000.0,False,True,True,True,True,False
2903.T,2903,シノブフーズ,スタンダード（内国株式）,食料品,-,2026-08-21,2599.0,1583.0,4422185.0,2745.0,3007700.0,False,True,True,True,True,False
7850.T,7850,総合商研,スタンダード（内国株式）,その他製品,-,2026-08-21,2599.0,826.0,4409190.0,5275.0,2478000.0,False,True,True,True,True,False
7078.T,7078,ＩＮＣＬＵＳＩＶＥ　Ｈｏｌｄｉｎｇｓ,グロース（内国株式）,サービス業,-,2026-08-21,1627.0,351.0,4383465.0,12795.0,8915400.0,False,True,True,True,True,False
3954.T,3954,昭和パックス,スタンダード（内国株式）,パルプ・紙,-,2026-08-21,2599.0,3255.0,4381530.0,1415.0,1302000.0,False,True,True,True,True,False
7219.T,7219,エッチ・ケー・エス,スタンダード（内国株式）,輸送用機器,-,2026-08-21,2599.0,2667.0,4379655.0,1660.0,1866900.0,False,True,True,True,True,False
7087.T,7087,ウイルテック,スタンダード（内国株式）,サービス業,-,2026-08-21,1579.0,1390.0,4369775.0,3170.0,3753000.0,False,True,True,True,True,False
9955.T,9955,ヨンキュウ,スタンダード（内国株式）,卸売業,-,2026-08-21,2599.0,2821.0,4368585.0,1550.0,3385200.0,False,True,True,True,True,False
3423.T,3423,エスイー,スタンダード（内国株式）,金属製品,-,2026-08-21,2599.0,278.0,4356715.0,15795.0,2112800.0,False,True,True,True,True,False
4642.T,4642,オリジナル設計,スタンダード（内国株式）,サービス業,-,2026-08-21,2599.0,1403.0,4345765.0,3080.0,3507500.0,False,True,True,True,True,False
3494.T,3494,マリオン,スタンダード（内国株式）,不動産業,-,2026-08-21,1939.0,443.0,4333965.0,9835.0,2702300.0,False,True,True,True,True,False
7343.T,7343,ブロードマインド,グロース（内国株式）,保険業,-,2026-08-21,1322.0,1250.0,4300815.0,3435.0,9125000.0,False,True,True,True,True,False
1383.T,1383,ベルグアース,スタンダード（内国株式）,水産・農林業,-,2026-08-21,2599.0,3010.0,4294925.0,1425.0,3311000.0,False,True,True,True,True,False
9846.T,9846,天満屋ストア,スタンダード（内国株式）,小売業,-,2026-08-21,2599.0,999.0,4292840.0,4285.0,8991000.0,False,True,True,True,True,False
9036.T,9036,東部ネットワーク,スタンダード（内国株式）,陸運業,-,2026-08-21,2599.0,1249.0,4289470.0,3270.0,20108900.0,False,True,True,True,True,False
386A.T,386A,みのや,スタンダード（内国株式）,小売業,-,2026-08-21,266.0,1266.0,4283390.0,3365.0,2278800.0,False,True,True,True,True,False
8107.T,8107,キムラタン,スタンダード（内国株式）,繊維製品,-,2026-08-21,2599.0,31.0,4273220.0,137715.0,2170000.0,False,False,True,True,True,False
1401.T,1401,エムビーエス,グロース（内国株式）,建設業,-,2026-08-21,2599.0,1293.0,4255635.0,3325.0,1293000.0,False,True,True,True,True,False
4166.T,4166,かっこ,グロース（内国株式）,情報・通信業,-,2026-08-21,1387.0,632.0,4248345.0,6650.0,1137600.0,False,True,True,True,True,False
3796.T,3796,いい生活,スタンダード（内国株式）,情報・通信業,-,2026-08-21,2599.0,309.0,4246280.0,14250.0,15573600.0,False,True,True,True,True,False
5921.T,5921,川岸工業,スタンダード（内国株式）,金属製品,-,2026-08-21,2599.0,4280.0,4242075.0,1005.0,428000.0,False,True,True,True,True,False
6552.T,6552,ＧａｍｅＷｉｔｈ,スタンダード（内国株式）,サービス業,-,2026-08-21,2252.0,177.0,4233005.0,24675.0,1062000.0,False,False,True,True,True,False
4240.T,4240,クラスターテクノロジー,スタンダード（内国株式）,化学,-,2026-08-21,2599.0,331.0,4232670.0,13185.0,2548700.0,False,True,True,True,True,False
7325.T,7325,アイリックコーポレーション,グロース（内国株式）,保険業,-,2026-08-21,1931.0,697.0,4231255.0,5975.0,766700.0,False,True,True,True,True,False
2224.T,2224,コモ,スタンダード（内国株式）,食料品,-,2026-08-21,2599.0,3700.0,4229925.0,1145.0,5180000.0,False,True,True,True,True,False
7127.T,7127,一家ホールディングス,スタンダード（内国株式）,小売業,-,2026-08-21,1196.0,703.0,4229240.0,6055.0,2741700.0,False,True,True,True,True,False
3266.T,3266,ファンドクリエーショングループ,スタンダード（内国株式）,不動産業,-,2026-08-21,2599.0,79.0,4228340.0,53570.0,410800.0,False,False,True,True,True,False
8045.T,8045,横浜丸魚,スタンダード（内国株式）,卸売業,-,2026-08-21,2599.0,1965.0,4223600.0,2070.0,7270500.0,False,True,True,True,True,False
6566.T,6566,要興業,スタンダード（内国株式）,サービス業,-,2026-08-21,2127.0,1333.0,4221490.0,3140.0,399900.0,False,True,True,True,True,False
7079.T,7079,ＷＤＢココ,グロース（内国株式）,サービス業,-,2026-08-21,1623.0,2582.0,4208395.0,1620.0,1032800.0,False,True,True,True,True,False
7878.T,7878,光・彩,スタンダード（内国株式）,その他製品,-,2026-08-21,2599.0,1366.0,4204470.0,3145.0,4098000.0,False,True,True,True,True,False
6797.T,6797,名古屋電機工業,スタンダード（内国株式）,電気機器,-,2026-08-21,542.0,1171.0,4196455.0,3555.0,819700.0,False,True,True,True,True,False
6428.T,6428,オーイズミ,スタンダード（内国株式）,機械,-,2026-08-21,2599.0,326.0,4186815.0,12995.0,1956000.0,False,True,True,True,True,False
2164.T,2164,地域新聞社,スタンダード（内国株式）,サービス業,-,2026-08-21,2599.0,149.0,4169210.0,26575.0,5393800.0,False,False,True,True,True,False
7372.T,7372,デコルテ・ホールディングス,グロース（内国株式）,サービス業,-,2026-08-21,1264.0,390.0,4161470.0,10560.0,819000.0,False,True,True,True,True,False
9959.T,9959,アシードホールディングス,スタンダード（内国株式）,小売業,-,2026-08-21,2599.0,1100.0,4159625.0,3925.0,2200000.0,False,True,True,True,True,False
7044.T,7044,ピアラ,スタンダード（内国株式）,サービス業,-,2026-08-21,1876.0,516.0,4158210.0,8200.0,2992800.0,False,True,True,True,True,False
6942.T,6942,ソフィアホールディングス,スタンダード（内国株式）,情報・通信業,-,2026-08-21,2599.0,1383.0,4154220.0,3020.0,2766000.0,False,True,True,True,True,False
7037.T,7037,テノ．ホールディングス,スタンダード（内国株式）,サービス業,-,2026-08-21,1868.0,826.0,4152410.0,4915.0,5369000.0,False,True,True,True,True,False
9466.T,9466,アイドママーケティングコミュニケーション,スタンダード（内国株式）,情報・通信業,-,2026-08-21,2568.0,241.0,4151800.0,17875.0,8410900.0,False,True,True,True,True,False
5939.T,5939,大谷工業,スタンダード（内国株式）,金属製品,-,2026-08-21,2599.0,4795.0,4149725.0,860.0,479500.0,False,True,True,True,True,False
2708.T,2708,久世,スタンダード（内国株式）,卸売業,-,2026-08-21,2599.0,1888.0,4141790.0,2130.0,2643200.0,False,True,True,True,True,False
3682.T,3682,エンカレッジ・テクノロジ,スタンダード（内国株式）,情報・通信業,-,2026-08-21,2599.0,580.0,4139430.0,7020.0,928000.0,False,True,True,True,True,False
7111.T,7111,ＩＮＥＳＴ,スタンダード（内国株式）,卸売業,-,2026-08-21,951.0,496.0,4135715.0,8340.0,694400.0,False,True,True,True,True,False
3680.T,3680,ホットリンク,グロース（内国株式）,情報・通信業,-,2026-08-21,2599.0,212.0,4131910.0,19505.0,6063200.0,False,True,True,True,True,False
7096.T,7096,ステムセル研究所,グロース（内国株式）,サービス業,-,2026-08-21,1261.0,775.0,4110495.0,5515.0,11547500.0,False,True,True,True,True,False
7901.T,7901,マツモト,スタンダード（内国株式）,その他製品,-,2026-08-21,2599.0,870.0,4103805.0,4925.0,2088000.0,False,True,True,True,True,False
3750.T,3750,ＡＤＲバイオメディカルホールディングス,スタンダード（内国株式）,情報・通信業,-,2026-08-21,2599.0,764.0,4101670.0,5280.0,17342800.0,False,True,True,True,True,False
9539.T,9539,京葉瓦斯,スタンダード（内国株式）,電気・ガス業,-,2026-08-21,2599.0,1377.0,4099930.0,2910.0,4406400.0,False,True,True,True,True,False
4287.T,4287,ジャストプランニング,スタンダード（内国株式）,情報・通信業,-,2026-08-21,2599.0,490.0,4098165.0,8390.0,196000.0,False,True,True,True,True,False
5355.T,5355,日本坩堝,スタンダード（内国株式）,ガラス・土石製品,-,2026-08-21,2599.0,676.0,4085095.0,6030.0,6286800.0,False,True,True,True,True,False
7698.T,7698,アイスコ,スタンダード（内国株式）,卸売業,-,2026-08-21,1313.0,2640.0,4079735.0,1550.0,2376000.0,False,True,True,True,True,False
8898.T,8898,センチュリー２１・ジャパン,スタンダード（内国株式）,不動産業,-,2026-08-21,2599.0,1135.0,4077565.0,3610.0,1362000.0,False,True,True,True,True,False
2411.T,2411,ゲンダイエージェンシー,スタンダード（内国株式）,情報・通信業,-,2026-08-21,2599.0,465.0,4067465.0,8780.0,744000.0,False,True,True,True,True,False
3353.T,3353,メディカル一光グループ,スタンダード（内国株式）,小売業,-,2026-08-21,2599.0,2880.0,4064405.0,1425.0,2592000.0,False,True,True,True,True,False
9993.T,9993,ヤマザワ,スタンダード（内国株式）,小売業,-,2026-08-21,2599.0,1187.0,4046900.0,3415.0,7003300.0,False,True,True,True,True,False
288A.T,288A,ラクサス・テクノロジーズ,グロース（内国株式）,サービス業,-,2026-08-21,410.0,96.0,4042545.0,42230.0,1372800.0,False,False,True,True,True,False
5987.T,5987,オーネックス,スタンダード（内国株式）,金属製品,-,2026-08-21,2599.0,1685.0,4014325.0,2190.0,337000.0,False,True,True,True,True,False
3577.T,3577,東海染工,スタンダード（内国株式）,繊維製品,-,2026-08-21,2599.0,947.0,4008385.0,4320.0,94700.0,False,True,True,True,True,False
4124.T,4124,大阪油化工業,スタンダード（内国株式）,化学,-,2026-08-21,2184.0,2886.0,4006965.0,1435.0,1443000.0,False,True,True,True,True,False
7938.T,7938,リーガルコーポレーション,スタンダード（内国株式）,その他製品,-,2026-08-21,2599.0,2193.0,4004855.0,1810.0,1754400.0,False,True,True,True,True,False
3246.T,3246,コーセーアールイー,スタンダード（内国株式）,不動産業,-,2026-08-21,2599.0,676.0,4000540.0,5985.0,1825200.0,False,True,True,True,True,False
3641.T,3641,パピレス,スタンダード（内国株式）,情報・通信業,-,2026-08-21,2599.0,979.0,3983025.0,4115.0,8027800.0,False,True,True,True,True,False
7264.T,7264,ムロコーポレーション,スタンダード（内国株式）,輸送用機器,-,2026-08-21,2599.0,1321.0,3979730.0,2980.0,1717300.0,False,True,True,True,True,False
6467.T,6467,ニチダイ,スタンダード（内国株式）,機械,-,2026-08-21,2599.0,345.0,3971690.0,11910.0,793500.0,False,True,True,True,True,False
9701.T,9701,東京會舘,スタンダード（内国株式）,サービス業,-,2026-08-21,2599.0,4320.0,3964175.0,935.0,1728000.0,False,True,True,True,True,False
7686.T,7686,ひとまいる,スタンダード（内国株式）,小売業,-,2026-08-21,1626.0,445.0,3956250.0,9165.0,9211500.0,False,True,True,True,True,False
3143.T,3143,オーウイル,スタンダード（内国株式）,卸売業,-,2026-08-21,2599.0,693.0,3938600.0,5675.0,2286900.0,False,True,True,True,True,False
6230.T,6230,ＳＡＮＥＩ,スタンダード（内国株式）,機械,-,2026-08-21,1382.0,2130.0,3938405.0,1845.0,2769000.0,False,True,True,True,True,False
149A.T,149A,シンカ,グロース（内国株式）,情報・通信業,-,2026-08-21,588.0,772.0,3931640.0,5205.0,1698400.0,False,True,True,True,True,False
7477.T,7477,ムラキ,スタンダード（内国株式）,卸売業,-,2026-08-21,2599.0,1630.0,3921620.0,2550.0,2934000.0,False,True,True,True,True,False
137A.T,137A,Ｃｏｃｏｌｉｖｅ,グロース（内国株式）,情報・通信業,-,2026-08-21,607.0,710.0,3920690.0,5520.0,781000.0,False,True,True,True,True,False
2341.T,2341,アルバイトタイムス,スタンダード（内国株式）,サービス業,-,2026-08-21,2599.0,172.0,3912730.0,23515.0,2838000.0,False,False,True,True,True,False
4376.T,4376,くふうカンパニーホールディングス,グロース（内国株式）,情報・通信業,-,2026-08-21,1196.0,162.0,3907665.0,24070.0,1846800.0,False,False,True,True,True,False
6090.T,6090,ヒューマン・メタボローム・テクノロジーズ,スタンダード（内国株式）,サービス業,-,2026-08-21,2599.0,612.0,3896375.0,6515.0,10342800.0,False,True,True,True,True,False
6342.T,6342,太平製作所,スタンダード（内国株式）,機械,-,2026-08-21,2599.0,3055.0,3888720.0,1305.0,9776000.0,False,True,True,True,True,False
4624.T,4624,イサム塗料,スタンダード（内国株式）,化学,-,2026-08-21,2599.0,3945.0,3886750.0,1035.0,9468000.0,False,True,True,True,True,False
7804.T,7804,ビーアンドピー,スタンダード（内国株式）,その他製品,-,2026-08-21,1728.0,2318.0,3886705.0,1705.0,2086200.0,False,True,True,True,True,False
2883.T,2883,大冷,スタンダード（内国株式）,食料品,-,2026-08-21,2599.0,2020.0,3876955.0,1935.0,4848000.0,False,True,True,True,True,False
6772.T,6772,東京コスモス電機,スタンダード（内国株式）,電気機器,-,2026-08-21,2599.0,1068.0,3874235.0,3585.0,0.0,False,True,True,True,True,False
9930.T,9930,北沢産業,スタンダード（内国株式）,卸売業,-,2026-08-21,2599.0,402.0,3862750.0,9855.0,2733600.0,False,True,True,True,True,False
4394.T,4394,エクスモーション,グロース（内国株式）,情報・通信業,-,2026-08-21,1974.0,556.0,3856810.0,7045.0,2835600.0,False,True,True,True,True,False
6757.T,6757,ＯＳＧコーポレーション,スタンダード（内国株式）,電気機器,-,2026-08-21,2599.0,885.0,3846000.0,4380.0,1681500.0,False,True,True,True,True,False
9950.T,9950,ハチバン,スタンダード（内国株式）,小売業,-,2026-08-21,2599.0,3415.0,3841850.0,1125.0,3073500.0,False,True,True,True,True,False
3965.T,3965,キャピタル・アセット・プランニング,スタンダード（内国株式）,情報・通信業,-,2026-08-21,2431.0,880.0,3830445.0,4385.0,1672000.0,False,True,True,True,True,False
9257.T,9257,ＹＣＰホールディングス（グローバル）リミテッド　ＪＤＲ,グロース（外国株式）,サービス業,-,2026-08-21,1141.0,536.0,3786765.0,7945.0,857600.0,False,True,True,True,True,False
6360.T,6360,東京自働機械製作所,スタンダード（内国株式）,機械,-,2026-08-21,2599.0,4625.0,3785725.0,805.0,925000.0,False,True,True,True,True,False
1724.T,1724,シンクレイヤ,スタンダード（内国株式）,建設業,-,2026-08-21,2599.0,716.0,3779960.0,5385.0,1646800.0,False,True,True,True,True,False
5279.T,5279,日本興業,スタンダード（内国株式）,ガラス・土石製品,-,2026-08-21,2599.0,1189.0,3770915.0,3175.0,3448100.0,False,True,True,True,True,False
3537.T,3537,昭栄薬品,スタンダード（内国株式）,卸売業,-,2026-08-21,2570.0,1716.0,3768025.0,2210.0,2574000.0,False,True,True,True,True,False
4736.T,4736,日本ラッド,スタンダード（内国株式）,情報・通信業,-,2026-08-21,2599.0,587.0,3764570.0,6260.0,469600.0,False,True,True,True,True,False
6776.T,6776,天昇電気工業,スタンダード（内国株式）,化学,-,2026-08-21,2599.0,276.0,3730000.0,13850.0,2290800.0,False,True,True,True,True,False
469A.T,469A,フィットクルー,グロース（内国株式）,サービス業,-,2026-08-21,168.0,1628.0,3725680.0,2480.0,3744400.0,False,True,False,True,True,False
304A.T,304A,フォルシア,グロース（内国株式）,情報・通信業,-,2026-08-21,401.0,1900.0,3707280.0,1905.0,1900000.0,False,True,True,True,True,False
9791.T,9791,ビケンテクノ,スタンダード（内国株式）,サービス業,-,2026-08-21,2599.0,1160.0,3703185.0,3130.0,812000.0,False,True,True,True,True,False
6334.T,6334,明治機械,スタンダード（内国株式）,機械,-,2026-08-21,2599.0,500.0,3695895.0,7420.0,1350000.0,False,True,True,True,True,False
3690.T,3690,イルグルム,スタンダード（内国株式）,情報・通信業,-,2026-08-21,2599.0,566.0,3689490.0,6725.0,1981000.0,False,True,True,True,True,False
9059.T,9059,カンダホールディングス,スタンダード（内国株式）,陸運業,-,2026-08-21,2599.0,910.0,3681780.0,4100.0,3276000.0,False,True,True,True,True,False
7812.T,7812,クレステック,スタンダード（内国株式）,その他製品,-,2026-08-21,2599.0,2130.0,3666000.0,1705.0,3195000.0,False,True,True,True,True,False
7565.T,7565,萬世電機,スタンダード（内国株式）,卸売業,-,2026-08-21,2599.0,8000.0,3654050.0,475.0,3200000.0,False,True,True,True,True,False
3329.T,3329,東和フードサービス,スタンダード（内国株式）,小売業,-,2026-08-21,2599.0,2125.0,3644305.0,1720.0,2975000.0,False,True,True,True,True,False
7640.T,7640,トップカルチャー,スタンダード（内国株式）,小売業,-,2026-08-21,2599.0,180.0,3627210.0,20535.0,4626000.0,False,False,True,True,True,False
5695.T,5695,パウダーテック,スタンダード（内国株式）,鉄鋼,-,2026-08-21,2599.0,2977.0,3620820.0,1205.0,0.0,False,True,True,True,True,False
4450.T,4450,パワーソリューションズ,グロース（内国株式）,情報・通信業,-,2026-08-21,1681.0,2245.0,3601935.0,1665.0,4041000.0,False,True,True,True,True,False
9340.T,9340,アソインターナショナル,スタンダード（内国株式）,サービス業,-,2026-08-21,895.0,703.0,3595230.0,5050.0,2179300.0,False,True,True,True,True,False
9428.T,9428,クロップス,スタンダード（内国株式）,情報・通信業,-,2026-08-21,2599.0,1500.0,3593460.0,2540.0,0.0,False,True,True,True,True,False
4990.T,4990,昭和化学工業,スタンダード（内国株式）,化学,-,2026-08-21,2599.0,505.0,3575670.0,7195.0,1111000.0,False,True,True,True,True,False
323A.T,323A,フライヤー,グロース（内国株式）,情報・通信業,-,2026-08-21,367.0,369.0,3569460.0,9655.0,1623600.0,False,True,True,True,True,False
2904.T,2904,一正蒲鉾,スタンダード（内国株式）,食料品,-,2026-08-21,2599.0,751.0,3567965.0,4725.0,13367800.0,False,True,True,True,True,False
9063.T,9063,岡山県貨物運送,スタンダード（内国株式）,陸運業,-,2026-08-21,2599.0,4220.0,3567700.0,860.0,3376000.0,False,True,True,True,True,False
2186.T,2186,ソーバル,スタンダード（内国株式）,サービス業,-,2026-08-21,2599.0,918.0,3563810.0,3885.0,6609600.0,False,True,True,True,True,False
7898.T,7898,ウッドワン,スタンダード（内国株式）,その他製品,-,2026-08-21,2599.0,932.0,3522490.0,3870.0,1957200.0,False,True,True,True,True,False
2769.T,2769,ヴィレッジヴァンガードコーポレーション,スタンダード（内国株式）,小売業,-,2026-08-21,2599.0,905.0,3512415.0,3920.0,4615500.0,False,True,True,True,True,False
3409.T,3409,北紡,スタンダード（内国株式）,繊維製品,-,2026-08-21,2599.0,95.0,3511855.0,38055.0,3942500.0,False,False,True,True,True,False
8230.T,8230,はせがわ,スタンダード（内国株式）,小売業,-,2026-08-21,2599.0,312.0,3503635.0,11140.0,1747200.0,False,True,True,True,True,False
8181.T,8181,東天紅,スタンダード（内国株式）,小売業,-,2026-08-21,2599.0,990.0,3490995.0,3485.0,7623000.0,False,True,True,True,True,False
4428.T,4428,シノプス,グロース（内国株式）,情報・通信業,-,2026-08-21,1866.0,697.0,3438010.0,4885.0,1672800.0,False,True,True,True,True,False
245A.T,245A,ＩＮＧＳ,グロース（内国株式）,小売業,-,2026-08-21,464.0,2466.0,3432350.0,1385.0,4438800.0,False,True,True,True,True,False
8260.T,8260,井筒屋,スタンダード（内国株式）,小売業,-,2026-08-21,2599.0,377.0,3431645.0,9170.0,5655000.0,False,True,True,True,True,False
3161.T,3161,アゼアス,スタンダード（内国株式）,卸売業,-,2026-08-21,2599.0,683.0,3430460.0,5155.0,8674100.0,False,True,True,True,True,False
7916.T,7916,光村印刷,スタンダード（内国株式）,その他製品,-,2026-08-21,2599.0,1887.0,3429315.0,1815.0,1509600.0,False,True,True,True,True,False
5162.T,5162,朝日ラバー,スタンダード（内国株式）,ゴム製品,-,2026-08-21,2599.0,790.0,3411390.0,4320.0,1343000.0,False,True,True,True,True,False
7813.T,7813,プラッツ,スタンダード（内国株式）,その他製品,-,2026-08-21,2599.0,820.0,3407750.0,4205.0,1640000.0,False,True,True,True,True,False
7427.T,7427,エコートレーディング,スタンダード（内国株式）,卸売業,-,2026-08-21,2599.0,831.0,3400340.0,4110.0,2742300.0,False,True,True,True,True,False
7043.T,7043,アルー,グロース（内国株式）,サービス業,-,2026-08-21,1876.0,955.0,3399615.0,3765.0,95500.0,False,True,True,True,True,False
4388.T,4388,エーアイ,スタンダード（内国株式）,情報・通信業,-,2026-08-21,1994.0,370.0,3387615.0,9375.0,1110000.0,False,True,True,True,True,False
1764.T,1764,工藤建設,スタンダード（内国株式）,建設業,-,2026-08-21,2599.0,2711.0,3371955.0,1240.0,542200.0,False,True,True,True,True,False
3396.T,3396,フェリシモ,スタンダード（内国株式）,小売業,-,2026-08-21,2599.0,875.0,3370950.0,3875.0,2537500.0,False,True,True,True,True,False
148A.T,148A,ハッチ・ワーク,グロース（内国株式）,情報・通信業,-,2026-08-21,589.0,1722.0,3356095.0,1955.0,1033200.0,False,True,True,True,True,False
7255.T,7255,桜井製作所,スタンダード（内国株式）,輸送用機器,-,2026-08-21,2599.0,516.0,3348360.0,6205.0,3715200.0,False,True,True,True,True,False
2388.T,2388,ウェッジホールディングス,グロース（内国株式）,その他金融業,-,2026-08-21,2599.0,36.0,3347695.0,92260.0,4867200.0,False,False,True,True,True,False
4760.T,4760,アルファ,スタンダード（内国株式）,サービス業,-,2026-08-21,2599.0,1699.0,3316670.0,2005.0,3907700.0,False,True,True,True,True,False
9820.T,9820,エムティジェネックス,スタンダード（内国株式）,不動産業,-,2026-08-21,2599.0,3675.0,3316100.0,885.0,6247500.0,False,True,True,True,True,False
2736.T,2736,フェスタリアホールディングス,スタンダード（内国株式）,小売業,-,2026-08-21,2599.0,670.0,3310795.0,4960.0,4891000.0,False,True,True,True,True,False
9867.T,9867,ソレキア,スタンダード（内国株式）,卸売業,-,2026-08-21,2599.0,10770.0,3305050.0,320.0,3231000.0,False,True,True,True,True,False
6267.T,6267,ゼネラルパッカー,スタンダード（内国株式）,機械,-,2026-08-21,2599.0,3990.0,3304375.0,825.0,798000.0,False,True,True,True,True,False
5247.T,5247,ＢＴＭ,グロース（内国株式）,情報・通信業,-,2026-08-21,893.0,578.0,3298890.0,5870.0,1618400.0,False,True,True,True,True,False
6568.T,6568,神戸天然物化学,グロース（内国株式）,サービス業,-,2026-08-21,2069.0,1251.0,3294360.0,2615.0,4253400.0,False,True,True,True,True,False
6563.T,6563,みらいワークス,グロース（内国株式）,サービス業,-,2026-08-21,2130.0,472.0,3288290.0,6645.0,1038400.0,False,True,True,True,True,False
9240.T,9240,デリバリーコンサルティング,グロース（内国株式）,サービス業,-,2026-08-21,1239.0,451.0,3284430.0,8010.0,4013900.0,False,True,True,True,True,False
5131.T,5131,リンカーズ,グロース（内国株式）,情報・通信業,-,2026-08-21,935.0,120.0,3275280.0,28150.0,576000.0,False,False,True,True,True,False
9872.T,9872,北恵,スタンダード（内国株式）,卸売業,-,2026-08-21,2599.0,949.0,3275080.0,3455.0,2752100.0,False,True,True,True,True,False
3998.T,3998,すららネット,グロース（内国株式）,情報・通信業,-,2026-08-21,2131.0,289.0,3272135.0,10765.0,404600.0,False,True,True,True,True,False
3080.T,3080,ジェーソン,スタンダード（内国株式）,小売業,-,2026-08-21,2599.0,813.0,3267085.0,4100.0,2439000.0,False,True,True,True,True,False
2778.T,2778,パレモ・ホールディングス,スタンダード（内国株式）,小売業,-,2026-08-21,2599.0,113.0,3260615.0,29475.0,3593400.0,False,False,True,True,True,False
7986.T,7986,日本アイ・エス・ケイ,スタンダード（内国株式）,その他製品,-,2026-08-21,2599.0,1914.0,3260040.0,1705.0,2488200.0,False,True,True,True,True,False
3041.T,3041,ビューティカダンホールディングス,スタンダード（内国株式）,卸売業,-,2026-08-21,2599.0,401.0,3256115.0,8030.0,1443600.0,False,True,True,True,True,False
5283.T,5283,高見澤,スタンダード（内国株式）,卸売業,-,2026-08-21,2599.0,3145.0,3248210.0,1060.0,314500.0,False,True,True,True,True,False
2916.T,2916,仙波糖化工業,スタンダード（内国株式）,食料品,-,2026-08-21,2599.0,741.0,3225780.0,4375.0,1778400.0,False,True,True,True,True,False
3948.T,3948,光ビジネスフォーム,スタンダード（内国株式）,パルプ・紙,-,2026-08-21,2599.0,1159.0,3185525.0,2780.0,695400.0,False,True,True,True,True,False
3317.T,3317,フライングガーデン,スタンダード（内国株式）,小売業,-,2026-08-21,2599.0,1433.0,3181085.0,2190.0,32815700.0,False,True,True,True,True,False
8166.T,8166,タカキュー,スタンダード（内国株式）,小売業,-,2026-08-21,2599.0,78.0,3179955.0,40825.0,3439800.0,False,False,True,True,True,False
7928.T,7928,旭化学工業,スタンダード（内国株式）,化学,-,2026-08-21,2599.0,654.0,3175760.0,4950.0,2877600.0,False,True,True,True,True,False
7472.T,7472,鳥羽洋行,スタンダード（内国株式）,卸売業,-,2026-08-21,2599.0,3875.0,3174350.0,820.0,387500.0,False,True,True,True,True,False
3286.T,3286,トラストホールディングス,スタンダード（内国株式）,不動産業,-,2026-08-21,2599.0,891.0,3171125.0,3600.0,1425600.0,False,True,True,True,True,False
7490.T,7490,日新商事,スタンダード（内国株式）,卸売業,-,2026-08-21,2599.0,2189.0,3152080.0,1440.0,6129200.0,False,True,True,True,True,False
5252.T,5252,日本ナレッジ,グロース（内国株式）,情報・通信業,-,2026-08-21,835.0,789.0,3135385.0,3870.0,710100.0,False,True,True,True,True,False
4076.T,4076,シイエヌエス,グロース（内国株式）,情報・通信業,-,2026-08-21,1224.0,1980.0,3134210.0,1675.0,1584000.0,False,True,True,True,True,False
5952.T,5952,アマテイ,スタンダード（内国株式）,金属製品,-,2026-08-21,2599.0,185.0,3133750.0,16905.0,4273500.0,False,False,True,True,True,False
7643.T,7643,ダイイチ,スタンダード（内国株式）,小売業,-,2026-08-21,2599.0,1753.0,3132900.0,1820.0,2278900.0,False,True,True,True,True,False
4445.T,4445,リビン・テクノロジーズ,グロース（内国株式）,情報・通信業,-,2026-08-21,1745.0,1880.0,3131575.0,1725.0,1880000.0,False,True,True,True,True,False
7062.T,7062,フレアス,グロース（内国株式）,サービス業,-,2026-08-21,1805.0,712.0,3094170.0,4250.0,5980800.0,False,True,True,True,True,False
7368.T,7368,表示灯,スタンダード（内国株式）,サービス業,-,2026-08-21,1314.0,1710.0,3086290.0,1825.0,2565000.0,False,True,True,True,True,False
6662.T,6662,ユビテック,スタンダード（内国株式）,電気機器,-,2026-08-21,2599.0,225.0,3080130.0,13990.0,6232500.0,False,True,True,True,True,False
2424.T,2424,ブラス,スタンダード（内国株式）,サービス業,-,2026-08-21,2575.0,600.0,3079580.0,5065.0,1140000.0,False,True,True,True,True,False
2818.T,2818,ピエトロ,スタンダード（内国株式）,食料品,-,2026-08-21,2599.0,1760.0,3075600.0,1750.0,2816000.0,False,True,True,True,True,False
4484.T,4484,ランサーズ,グロース（内国株式）,情報・通信業,-,2026-08-21,1631.0,290.0,3070690.0,10630.0,1943000.0,False,True,True,True,True,False
4016.T,4016,ＭＩＴホールディングス,スタンダード（内国株式）,情報・通信業,-,2026-08-21,1402.0,948.0,3068000.0,3255.0,1706400.0,False,True,True,True,True,False
4068.T,4068,ベイシス,グロース（内国株式）,情報・通信業,-,2026-08-21,1261.0,1685.0,3067670.0,1805.0,1179500.0,False,True,True,True,True,False
8912.T,8912,エリアクエスト,スタンダード（内国株式）,不動産業,-,2026-08-21,2599.0,154.0,3066025.0,20125.0,2248400.0,False,False,True,True,True,False
7883.T,7883,サンメッセ,スタンダード（内国株式）,その他製品,-,2026-08-21,2599.0,399.0,3053880.0,7620.0,917700.0,False,True,True,True,True,False
7081.T,7081,コーユーレンティア,スタンダード（内国株式）,サービス業,-,2026-08-21,1597.0,1312.0,3051530.0,2325.0,262400.0,False,True,True,True,True,False
8945.T,8945,サンネクスタグループ,スタンダード（内国株式）,不動産業,-,2026-08-21,2599.0,1090.0,3049080.0,2780.0,2834000.0,False,True,True,True,True,False
9878.T,9878,セキド,スタンダード（内国株式）,小売業,-,2026-08-21,2599.0,413.0,3020430.0,7290.0,4790800.0,False,True,True,True,True,False
9767.T,9767,日建工学,スタンダード（内国株式）,サービス業,-,2026-08-21,2599.0,1587.0,3013115.0,1945.0,2380500.0,False,True,True,True,True,False
4539.T,4539,日本ケミファ,スタンダード（内国株式）,医薬品,-,2026-08-21,2599.0,1568.0,3002015.0,1890.0,18659200.0,False,True,True,True,True,False
3160.T,3160,大光,スタンダード（内国株式）,卸売業,-,2026-08-21,2599.0,580.0,3000720.0,5180.0,3538000.0,False,True,True,True,True,False
3477.T,3477,フォーライフ,グロース（内国株式）,不動産業,-,2026-08-21,2380.0,888.0,2999650.0,3410.0,1687200.0,False,True,True,True,True,False
7074.T,7074,トゥエンティーフォーセブンホールディングス,グロース（内国株式）,サービス業,-,2026-08-21,1648.0,188.0,2987580.0,15290.0,13141200.0,False,False,True,True,True,False
5704.T,5704,ＪＭＣ,グロース（内国株式）,非鉄金属,-,2026-08-21,2398.0,385.0,2982005.0,7595.0,423500.0,False,True,True,True,True,False
6578.T,6578,コレックホールディングス,スタンダード（内国株式）,サービス業,-,2026-08-21,2038.0,501.0,2977380.0,5965.0,2655300.0,False,True,True,True,True,False
7254.T,7254,ユニバンス,スタンダード（内国株式）,輸送用機器,-,2026-08-21,2599.0,804.0,2968020.0,3650.0,1286400.0,False,True,True,True,True,False
7847.T,7847,グラファイトデザイン,スタンダード（内国株式）,その他製品,-,2026-08-21,2599.0,667.0,2967770.0,4510.0,1800900.0,False,True,True,True,True,False
6612.T,6612,バルミューダ,グロース（内国株式）,電気機器,-,2026-08-21,1389.0,594.0,2957265.0,4825.0,2613600.0,False,True,True,True,True,False
4444.T,4444,インフォネット,グロース（内国株式）,情報・通信業,-,2026-08-21,1748.0,951.0,2955455.0,3070.0,1616700.0,False,True,True,True,True,False
4069.T,4069,ＢｌｕｅＭｅｍｅ,グロース（内国株式）,情報・通信業,-,2026-08-21,1259.0,676.0,2951310.0,4465.0,1622400.0,False,True,True,True,True,False
2055.T,2055,日和産業,スタンダード（内国株式）,食料品,-,2026-08-21,2599.0,351.0,2945980.0,8575.0,1614600.0,False,True,True,True,True,False
3571.T,3571,ソトー,スタンダード（内国株式）,繊維製品,-,2026-08-21,2599.0,721.0,2932415.0,4115.0,1297800.0,False,True,True,True,True,False
7793.T,7793,イメージ・マジック,グロース（内国株式）,その他製品,-,2026-08-21,1094.0,1528.0,2925115.0,2025.0,305600.0,False,True,True,True,True,False
8006.T,8006,ユアサ・フナショク,スタンダード（内国株式）,卸売業,-,2026-08-21,2599.0,1509.0,2913670.0,1845.0,3168900.0,False,True,True,True,True,False
9537.T,9537,北陸瓦斯,スタンダード（内国株式）,電気・ガス業,-,2026-08-21,2599.0,4465.0,2907275.0,655.0,2679000.0,False,True,True,True,True,False
4707.T,4707,キタック,スタンダード（内国株式）,サービス業,-,2026-08-21,2599.0,334.0,2897840.0,8820.0,8851000.0,False,True,True,True,True,False
3779.T,3779,ジェイ・エスコムホールディングス,スタンダード（内国株式）,情報・通信業,-,2026-08-21,2599.0,131.0,2886870.0,22145.0,3026100.0,False,False,True,True,True,False
6059.T,6059,ウチヤマホールディングス,スタンダード（内国株式）,サービス業,-,2026-08-21,2599.0,360.0,2885070.0,8170.0,396000.0,False,True,True,True,True,False
1446.T,1446,キャンディル,スタンダード（内国株式）,建設業,-,2026-08-21,1989.0,544.0,2868460.0,5290.0,1523200.0,False,True,True,True,True,False
3974.T,3974,ＳＣＡＴ,スタンダード（内国株式）,情報・通信業,-,2026-08-21,2378.0,669.0,2866560.0,4375.0,669000.0,False,True,True,True,True,False
138A.T,138A,光フードサービス,グロース（内国株式）,小売業,-,2026-08-21,606.0,3110.0,2862230.0,950.0,2177000.0,False,True,True,True,True,False
6926.T,6926,岡谷電機産業,スタンダード（内国株式）,電気機器,-,2026-08-21,2599.0,188.0,2858390.0,15305.0,864800.0,False,False,True,True,True,False
3352.T,3352,バッファロー,スタンダード（内国株式）,小売業,-,2026-08-21,2599.0,1753.0,2858350.0,1620.0,876500.0,False,True,True,True,True,False
7217.T,7217,テイン,スタンダード（内国株式）,輸送用機器,-,2026-08-21,2599.0,460.0,2853400.0,6330.0,874000.0,False,True,True,True,True,False
6063.T,6063,日本エマージェンシーアシスタンス,スタンダード（内国株式）,サービス業,-,2026-08-21,2599.0,1005.0,2846490.0,2820.0,100500.0,False,True,True,True,True,False
9835.T,9835,ジュンテンドー,スタンダード（内国株式）,小売業,-,2026-08-21,2599.0,514.0,2839570.0,5545.0,4266200.0,False,True,True,True,True,False
7625.T,7625,グローバルダイニング,スタンダード（内国株式）,小売業,-,2026-08-21,2599.0,472.0,2838265.0,5940.0,944000.0,False,True,True,True,True,False
4524.T,4524,森下仁丹,スタンダード（内国株式）,医薬品,-,2026-08-21,2599.0,2238.0,2826455.0,1270.0,1342800.0,False,True,True,True,True,False
5580.T,5580,プロディライト,グロース（内国株式）,情報・通信業,-,2026-08-21,770.0,1707.0,2822880.0,1695.0,2731200.0,False,True,True,True,True,False
8013.T,8013,ナイガイ,スタンダード（内国株式）,繊維製品,-,2026-08-21,2599.0,349.0,2820845.0,7850.0,1361100.0,False,True,True,True,True,False
3469.T,3469,デュアルタップ,スタンダード（内国株式）,不動産業,-,2026-08-21,2485.0,898.0,2808480.0,3120.0,1796000.0,False,True,True,True,True,False
1787.T,1787,ナカボーテック,スタンダード（内国株式）,建設業,-,2026-08-21,2599.0,5920.0,2796500.0,475.0,2368000.0,False,True,True,True,True,False
2816.T,2816,ダイショー,スタンダード（内国株式）,食料品,-,2026-08-21,2599.0,1409.0,2786635.0,1975.0,5354200.0,False,True,True,True,True,False
6894.T,6894,パルステック工業,スタンダード（内国株式）,電気機器,-,2026-08-21,2599.0,2141.0,2770075.0,1290.0,856400.0,False,True,True,True,True,False
7992.T,7992,セーラー万年筆,スタンダード（内国株式）,その他製品,-,2026-08-21,2599.0,103.0,2767840.0,26845.0,1040300.0,False,False,True,True,True,False
8996.T,8996,ハウスフリーダム,スタンダード（内国株式）,不動産業,-,2026-08-21,895.0,1100.0,2759985.0,2590.0,2530000.0,False,True,True,True,True,False
8836.T,8836,ＲＩＳＥ,スタンダード（内国株式）,不動産業,-,2026-08-21,2599.0,28.0,2748020.0,102240.0,2825200.0,False,False,True,True,True,False
6322.T,6322,タクミナ,スタンダード（内国株式）,機械,-,2026-08-21,2599.0,1587.0,2747775.0,1730.0,952200.0,False,True,True,True,True,False
4752.T,4752,昭和システムエンジニアリング,スタンダード（内国株式）,情報・通信業,-,2026-08-21,2599.0,1596.0,2745145.0,1765.0,478800.0,False,True,True,True,True,False
2373.T,2373,ケア２１,スタンダード（内国株式）,サービス業,-,2026-08-21,2599.0,409.0,2740330.0,6750.0,2699400.0,False,True,True,True,True,False
3138.T,3138,富士山マガジンサービス,スタンダード（内国株式）,小売業,-,2026-08-21,2599.0,1130.0,2716250.0,2405.0,1582000.0,False,True,True,True,True,False
5126.T,5126,ポーターズ,グロース（内国株式）,情報・通信業,-,2026-08-21,952.0,1427.0,2714530.0,1795.0,856200.0,False,True,True,True,True,False
9206.T,9206,スターフライヤー,スタンダード（内国株式）,空運業,-,2026-08-21,2599.0,1941.0,2698145.0,1400.0,10093200.0,False,True,True,True,True,False
5923.T,5923,高田機工,スタンダード（内国株式）,金属製品,-,2026-08-21,2599.0,1163.0,2690640.0,2325.0,1628200.0,False,True,True,True,True,False
2435.T,2435,シダー,スタンダード（内国株式）,サービス業,-,2026-08-21,2599.0,216.0,2668890.0,12390.0,518400.0,False,True,True,True,True,False
6964.T,6964,サンコー,スタンダード（内国株式）,電気機器,-,2026-08-21,2599.0,703.0,2665825.0,3835.0,913900.0,False,True,True,True,True,False
7422.T,7422,東邦レマック,スタンダード（内国株式）,卸売業,-,2026-08-21,2599.0,359.0,2660755.0,7425.0,430800.0,False,True,True,True,True,False
6848.T,6848,東亜ディーケーケー,スタンダード（内国株式）,電気機器,-,2026-08-21,2599.0,865.0,2657090.0,3090.0,1816500.0,False,True,True,True,True,False
4341.T,4341,西菱電機,スタンダード（内国株式）,サービス業,-,2026-08-21,2599.0,906.0,2655120.0,3015.0,3895800.0,False,True,True,True,True,False
4356.T,4356,応用技術,スタンダード（内国株式）,情報・通信業,-,2026-08-21,2599.0,1650.0,2654805.0,1600.0,1320000.0,False,True,True,True,True,False
4198.T,4198,テンダ,スタンダード（内国株式）,情報・通信業,-,2026-08-21,1272.0,500.0,2653390.0,5385.0,8000000.0,False,True,True,True,True,False
2493.T,2493,イーサポートリンク,スタンダード（内国株式）,サービス業,-,2026-08-21,2599.0,949.0,2644835.0,2805.0,2182700.0,False,True,True,True,True,False
3224.T,3224,ゼネラル・オイスター,グロース（内国株式）,小売業,-,2026-08-21,2599.0,694.0,2632465.0,3800.0,485800.0,False,True,True,True,True,False
4177.T,4177,ｉ‐ｐｌｕｇ,グロース（内国株式）,情報・通信業,-,2026-08-21,1327.0,1492.0,2630000.0,1720.0,447600.0,False,True,True,True,True,False
189A.T,189A,Ｄ＆Ｍカンパニー,グロース（内国株式）,サービス業,-,2026-08-21,537.0,981.0,2609350.0,2645.0,882900.0,False,True,True,True,True,False
442A.T,442A,クラシコ,グロース（内国株式）,繊維製品,-,2026-08-21,194.0,984.0,2600570.0,2695.0,885600.0,False,True,False,True,True,False
3766.T,3766,システムズ・デザイン,スタンダード（内国株式）,情報・通信業,-,2026-08-21,2599.0,1420.0,2596540.0,1835.0,2840000.0,False,True,True,True,True,False
9760.T,9760,進学会ホールディングス,スタンダード（内国株式）,サービス業,-,2026-08-21,2599.0,120.0,2595540.0,21750.0,2760000.0,False,False,True,True,True,False
3123.T,3123,サイボー,スタンダード（内国株式）,繊維製品,-,2026-08-21,2599.0,650.0,2593370.0,4030.0,2925000.0,False,True,True,True,True,False
4351.T,4351,山田再生系債権回収総合事務所,スタンダード（内国株式）,その他金融業,-,2026-08-21,2599.0,824.0,2584410.0,3095.0,3296000.0,False,True,True,True,True,False
3071.T,3071,ストリーム,スタンダード（内国株式）,小売業,-,2026-08-21,2599.0,104.0,2565250.0,24935.0,1924000.0,False,False,True,True,True,False
5950.T,5950,日本パワーファスニング,スタンダード（内国株式）,金属製品,-,2026-08-21,2599.0,154.0,2558845.0,17210.0,1740200.0,False,False,True,True,True,False
2687.T,2687,シー・ヴイ・エス・ベイエリア,スタンダード（内国株式）,サービス業,-,2026-08-21,2599.0,505.0,2552780.0,5075.0,4090500.0,False,True,True,True,True,False
2917.T,2917,大森屋,スタンダード（内国株式）,食料品,-,2026-08-21,2599.0,931.0,2541990.0,2710.0,2048200.0,False,True,True,True,True,False
3461.T,3461,パルマ,スタンダード（内国株式）,不動産業,-,2026-08-21,2599.0,608.0,2538280.0,4245.0,2918400.0,False,True,True,True,True,False
7544.T,7544,スリーエフ,スタンダード（内国株式）,小売業,-,2026-08-21,2599.0,561.0,2525910.0,4495.0,2468400.0,False,True,True,True,True,False
9475.T,9475,昭文社ホールディングス,スタンダード（内国株式）,情報・通信業,-,2026-08-21,2599.0,525.0,2524900.0,4870.0,525000.0,False,True,True,True,True,False
5867.T,5867,エスネットワークス,グロース（内国株式）,サービス業,-,2026-08-21,651.0,1208.0,2524065.0,2095.0,483200.0,False,True,True,True,True,False
9376.T,9376,ユーラシア旅行社,スタンダード（内国株式）,サービス業,-,2026-08-21,2599.0,818.0,2513000.0,3110.0,2699400.0,False,True,True,True,True,False
1840.T,1840,土屋ホールディングス,スタンダード（内国株式）,建設業,-,2026-08-21,2599.0,250.0,2508330.0,10160.0,2750000.0,False,True,True,True,True,False
244A.T,244A,グロースエクスパートナーズ,グロース（内国株式）,情報・通信業,-,2026-08-21,464.0,1159.0,2508235.0,2150.0,1043100.0,False,True,True,True,True,False
7042.T,7042,アクセスグループ・ホールディングス,スタンダード（内国株式）,サービス業,-,2026-08-21,1900.0,700.0,2506345.0,3660.0,2940000.0,False,True,True,True,True,False
1795.T,1795,マサル,スタンダード（内国株式）,建設業,-,2026-08-21,2599.0,5580.0,2499650.0,455.0,0.0,False,True,True,True,True,False
4260.T,4260,ハイブリッドテクノロジーズ,グロース（内国株式）,情報・通信業,-,2026-08-21,1139.0,207.0,2496405.0,11905.0,807300.0,False,True,True,True,True,False
7265.T,7265,エイケン工業,スタンダード（内国株式）,輸送用機器,-,2026-08-21,2599.0,3885.0,2485900.0,645.0,1942500.0,False,True,True,True,True,False
3645.T,3645,メディカルネット,グロース（内国株式）,情報・通信業,-,2026-08-21,2599.0,242.0,2481915.0,10195.0,1500400.0,False,True,True,True,True,False
2993.T,2993,長栄,スタンダード（内国株式）,不動産業,-,2026-08-21,1138.0,2235.0,2479705.0,1125.0,3129000.0,False,True,True,True,True,False
2654.T,2654,アスモ,スタンダード（内国株式）,小売業,-,2026-08-21,2599.0,426.0,2458505.0,5950.0,2641200.0,False,True,True,True,True,False
4334.T,4334,ユークス,スタンダード（内国株式）,情報・通信業,-,2026-08-21,2599.0,378.0,2458360.0,6450.0,6312600.0,False,True,True,True,True,False
7872.T,7872,エステールホールディングス,スタンダード（内国株式）,その他製品,-,2026-08-21,2599.0,615.0,2443885.0,4015.0,1660500.0,False,True,True,True,True,False
7524.T,7524,マルシェ,スタンダード（内国株式）,小売業,-,2026-08-21,2599.0,179.0,2438165.0,13515.0,429600.0,False,False,True,True,True,False
8742.T,8742,小林洋行,スタンダード（内国株式）,証券、商品先物取引業,-,2026-08-21,2599.0,558.0,2435185.0,4400.0,669600.0,False,True,True,True,True,False
4437.T,4437,ｇｏｏｄｄａｙｓホールディングス,グロース（内国株式）,情報・通信業,-,2026-08-21,1807.0,786.0,2425460.0,3070.0,1807800.0,False,True,True,True,True,False
2683.T,2683,魚喜,スタンダード（内国株式）,小売業,-,2026-08-21,2599.0,1010.0,2421410.0,2395.0,1515000.0,False,True,True,True,True,False
175A.T,175A,Ｗｉｌｌ　Ｓｍａｒｔ,グロース（内国株式）,情報・通信業,-,2026-08-21,574.0,620.0,2420805.0,3980.0,1674000.0,False,True,True,True,True,False
1773.T,1773,ワイ・ティー・エル・コーポレーション・バーハッド,プライム（外国株式）,建設業,-,2026-08-21,2599.0,95.0,2416150.0,27700.0,6935000.0,False,False,True,True,True,False
7114.T,7114,フーディソン,グロース（内国株式）,卸売業,-,2026-08-21,900.0,787.0,2402335.0,3065.0,1101800.0,False,True,True,True,True,False
7057.T,7057,エヌ・シー・エヌ,スタンダード（内国株式）,サービス業,-,2026-08-21,1814.0,900.0,2400545.0,2660.0,810000.0,False,True,True,True,True,False
7681.T,7681,レオクラン,スタンダード（内国株式）,卸売業,-,2026-08-21,1681.0,1043.0,2398830.0,2305.0,312900.0,False,True,True,True,True,False
4372.T,4372,ユミルリンク,グロース（内国株式）,情報・通信業,-,2026-08-21,1202.0,1289.0,2393840.0,1820.0,902300.0,False,True,True,True,True,False
7093.T,7093,アディッシュ,グロース（内国株式）,サービス業,-,2026-08-21,1566.0,574.0,2379500.0,4285.0,344400.0,False,True,True,True,True,False
5973.T,5973,トーアミ,スタンダード（内国株式）,金属製品,-,2026-08-21,2599.0,613.0,2367975.0,3910.0,1042100.0,False,True,True,True,True,False
3920.T,3920,アイビーシー,スタンダード（内国株式）,情報・通信業,-,2026-08-21,2599.0,978.0,2365470.0,2390.0,489000.0,False,True,True,True,True,False
9220.T,9220,エフビー介護サービス,スタンダード（内国株式）,サービス業,-,2026-08-21,1070.0,1244.0,2364150.0,1920.0,497600.0,False,True,True,True,True,False
2454.T,2454,オールアバウト,スタンダード（内国株式）,サービス業,-,2026-08-21,2599.0,345.0,2363220.0,6865.0,1035000.0,False,True,True,True,True,False
7370.T,7370,Ｅｎｊｉｎ,グロース（内国株式）,サービス業,-,2026-08-21,1266.0,716.0,2357645.0,3325.0,716000.0,False,True,True,True,True,False
4925.T,4925,ハーバー研究所,スタンダード（内国株式）,化学,-,2026-08-21,2599.0,1717.0,2353305.0,1350.0,3090600.0,False,True,True,True,True,False
4017.T,4017,クリーマ,グロース（内国株式）,情報・通信業,-,2026-08-21,1402.0,207.0,2333945.0,10920.0,952200.0,False,True,True,True,True,False
6042.T,6042,ニッキ,スタンダード（内国株式）,輸送用機器,-,2026-08-21,2599.0,3955.0,2326825.0,585.0,6328000.0,False,True,True,True,True,False
9972.T,9972,アルテック,スタンダード（内国株式）,卸売業,-,2026-08-21,2599.0,281.0,2315770.0,8360.0,1910800.0,False,True,True,True,True,False
4438.T,4438,Ｗｅｌｂｙ,グロース（内国株式）,情報・通信業,-,2026-08-21,1803.0,260.0,2307295.0,9140.0,1612000.0,False,True,True,True,True,False
4335.T,4335,ＩＰＳホールディングス,スタンダード（内国株式）,情報・通信業,-,2026-08-21,2599.0,1100.0,2304790.0,2100.0,1100000.0,False,True,True,True,True,False
303A.T,303A,ｖｉｓｕｍｏ,グロース（内国株式）,情報・通信業,-,2026-08-21,401.0,602.0,2279435.0,3795.0,361200.0,False,True,True,True,True,False
9223.T,9223,ＡＳＮＯＶＡ,グロース（内国株式）,サービス業,-,2026-08-21,648.0,446.0,2275170.0,5180.0,535200.0,False,True,True,True,True,False
9060.T,9060,日本ロジテム,スタンダード（内国株式）,陸運業,-,2026-08-21,2599.0,4190.0,2269250.0,540.0,2095000.0,False,True,True,True,True,False
9342.T,9342,スマサポ,グロース（内国株式）,サービス業,-,2026-08-21,890.0,935.0,2267265.0,2485.0,4768500.0,False,True,True,True,True,False
9339.T,9339,コーチ・エィ,スタンダード（内国株式）,サービス業,-,2026-08-21,896.0,1400.0,2264540.0,1620.0,2380000.0,False,True,True,True,True,False
5956.T,5956,トーソー,スタンダード（内国株式）,金属製品,-,2026-08-21,2599.0,572.0,2260580.0,3880.0,2974400.0,False,True,True,True,True,False
3768.T,3768,リスクモンスター,スタンダード（内国株式）,情報・通信業,-,2026-08-21,2599.0,559.0,2244735.0,4005.0,1732900.0,False,True,True,True,True,False
6633.T,6633,ＣＧＳホールディングス,スタンダード（内国株式）,電気機器,-,2026-08-21,2599.0,318.0,2240930.0,6945.0,3275400.0,False,True,True,True,True,False
3065.T,3065,ライフフーズ,スタンダード（内国株式）,小売業,-,2026-08-21,2599.0,1618.0,2240780.0,1385.0,4045000.0,False,True,True,True,True,False
4929.T,4929,アジュバンホールディングス,スタンダード（内国株式）,化学,-,2026-08-21,2599.0,738.0,2238835.0,3035.0,1402200.0,False,True,True,True,True,False
7500.T,7500,西川計測,スタンダード（内国株式）,卸売業,-,2026-08-21,2599.0,9620.0,2234500.0,230.0,0.0,False,True,True,True,True,False
3521.T,3521,テルマー湯ホールディングス,スタンダード（内国株式）,サービス業,-,2026-08-21,2599.0,157.0,2233455.0,14455.0,1695600.0,False,False,True,True,True,False
9049.T,9049,京福電気鉄道,スタンダード（内国株式）,陸運業,-,2026-08-21,2599.0,6640.0,2223800.0,335.0,0.0,False,True,True,True,True,False
6786.T,6786,ＲＶＨ,スタンダード（内国株式）,サービス業,-,2026-08-21,2599.0,50.0,2223075.0,45445.0,6945000.0,False,False,True,True,True,False
9818.T,9818,大丸エナウィン,スタンダード（内国株式）,卸売業,-,2026-08-21,2599.0,1515.0,2215075.0,1465.0,1969500.0,False,True,True,True,True,False
7501.T,7501,ティムコ,スタンダード（内国株式）,卸売業,-,2026-08-21,2599.0,1450.0,2209400.0,1490.0,1305000.0,False,True,True,True,True,False
4387.T,4387,ＺＵＵ,グロース（内国株式）,情報・通信業,-,2026-08-21,1998.0,496.0,2208920.0,4480.0,1884800.0,False,True,True,True,True,False
6325.T,6325,タカキタ,スタンダード（内国株式）,機械,-,2026-08-21,2599.0,418.0,2207605.0,5420.0,4347200.0,False,True,True,True,True,False
9246.T,9246,プロジェクトホールディングス,グロース（内国株式）,サービス業,-,2026-08-21,1198.0,1085.0,2191530.0,2030.0,6184500.0,False,True,True,True,True,False
3261.T,3261,グランディーズ,グロース（内国株式）,不動産業,-,2026-08-21,2599.0,408.0,2191300.0,5480.0,1224000.0,False,True,True,True,True,False
2894.T,2894,石井食品,スタンダード（内国株式）,食料品,-,2026-08-21,2599.0,353.0,2184475.0,6400.0,1800300.0,False,True,True,True,True,False
4754.T,4754,トスネット,スタンダード（内国株式）,サービス業,-,2026-08-21,2599.0,1501.0,2182270.0,1435.0,1951300.0,False,True,True,True,True,False
8025.T,8025,ツカモトコーポレーション,スタンダード（内国株式）,卸売業,-,2026-08-21,2599.0,1327.0,2170615.0,1645.0,2255900.0,False,True,True,True,True,False
3059.T,3059,ヒラキ,スタンダード（内国株式）,小売業,-,2026-08-21,2599.0,708.0,2169325.0,3055.0,2053200.0,False,True,True,True,True,False
3416.T,3416,ピクスタ,スタンダード（内国株式）,小売業,-,2026-08-21,2599.0,888.0,2165610.0,2535.0,710400.0,False,True,True,True,True,False
9853.T,9853,銀座ルノアール,スタンダード（内国株式）,小売業,-,2026-08-21,2599.0,908.0,2162920.0,2380.0,908000.0,False,True,True,True,True,False
1788.T,1788,三東工業社,スタンダード（内国株式）,建設業,-,2026-08-21,2599.0,4310.0,2158450.0,505.0,0.0,False,True,True,True,True,False
9073.T,9073,京極運輸商事,スタンダード（内国株式）,陸運業,-,2026-08-21,2599.0,1221.0,2158295.0,1735.0,1221000.0,False,True,True,True,True,False
7040.T,7040,サン・ライフホールディング,スタンダード（内国株式）,サービス業,-,2026-08-21,1927.0,967.0,2157920.0,2210.0,2417500.0,False,True,True,True,True,False
2293.T,2293,滝沢ハム,スタンダード（内国株式）,食料品,-,2026-08-21,2599.0,2717.0,2152350.0,790.0,815100.0,False,True,True,True,True,False
2978.T,2978,ツクルバ,グロース（内国株式）,不動産業,-,2026-08-21,1723.0,341.0,2146240.0,6260.0,613800.0,False,True,True,True,True,False
298A.T,298A,ＧＶＡ　ＴＥＣＨ,グロース（内国株式）,情報・通信業,-,2026-08-21,401.0,322.0,2145940.0,6655.0,418600.0,False,True,True,True,True,False
4421.T,4421,ディ・アイ・システム,スタンダード（内国株式）,情報・通信業,-,2026-08-21,1912.0,938.0,2136055.0,2315.0,469000.0,False,True,True,True,True,False
3583.T,3583,オーベクス,スタンダード（内国株式）,繊維製品,-,2026-08-21,2599.0,1308.0,2127860.0,1635.0,261600.0,False,True,True,True,True,False
9656.T,9656,グリーンランドリゾート,スタンダード（内国株式）,サービス業,-,2026-08-21,2599.0,600.0,2119290.0,3535.0,1500000.0,False,True,True,True,True,False
7416.T,7416,はるやまホールディングス,スタンダード（内国株式）,小売業,-,2026-08-21,2599.0,681.0,2112805.0,3035.0,817200.0,False,True,True,True,True,False
7886.T,7886,ヤマト　モビリティ　＆　Ｍｆｇ．,スタンダード（内国株式）,化学,-,2026-08-21,2599.0,711.0,2103665.0,2935.0,4052700.0,False,True,True,True,True,False
3058.T,3058,三洋堂ホールディングス,スタンダード（内国株式）,小売業,-,2026-08-21,2599.0,704.0,2100185.0,2990.0,1126400.0,False,True,True,True,True,False
192A.T,192A,インテグループ,グロース（内国株式）,サービス業,-,2026-08-21,532.0,1229.0,2100035.0,1725.0,1351900.0,False,True,True,True,True,False
7314.T,7314,小田原機器,スタンダード（内国株式）,輸送用機器,-,2026-08-21,2599.0,1302.0,2098605.0,1635.0,911400.0,False,True,True,True,True,False
9327.T,9327,イー・ロジット,スタンダード（内国株式）,倉庫・運輸関連業,-,2026-08-21,1322.0,194.0,2089075.0,10990.0,2541400.0,False,False,True,True,True,False
5928.T,5928,アルメタックス,スタンダード（内国株式）,金属製品,-,2026-08-21,2599.0,285.0,2087780.0,7360.0,3505500.0,False,True,True,True,True,False
4558.T,4558,中京医薬品,スタンダード（内国株式）,医薬品,-,2026-08-21,2599.0,200.0,2082105.0,10410.0,3220000.0,False,True,True,True,True,False
3361.T,3361,トーエル,スタンダード（内国株式）,小売業,-,2026-08-21,2599.0,890.0,2072320.0,2355.0,3649000.0,False,True,True,True,True,False
7297.T,7297,カーメイト,スタンダード（内国株式）,輸送用機器,-,2026-08-21,2599.0,863.0,2064045.0,2385.0,345200.0,False,True,True,True,True,False
7367.T,7367,セルム,スタンダード（内国株式）,サービス業,-,2026-08-21,1315.0,335.0,2057490.0,6110.0,1742000.0,False,True,True,True,True,False
7902.T,7902,ソノコム,スタンダード（内国株式）,その他製品,-,2026-08-21,2599.0,1100.0,2052585.0,1855.0,2640000.0,False,True,True,True,True,False
5962.T,5962,浅香工業,スタンダード（内国株式）,その他製品,-,2026-08-21,2599.0,1995.0,2040870.0,1010.0,598500.0,False,True,True,True,True,False
9978.T,9978,文教堂グループホールディングス,スタンダード（内国株式）,小売業,-,2026-08-21,2599.0,45.0,2036535.0,45245.0,432000.0,False,False,True,True,True,False
7345.T,7345,アイ・パートナーズフィナンシャル,グロース（内国株式）,その他金融業,-,2026-08-21,1262.0,948.0,2033215.0,2135.0,474000.0,False,True,True,True,True,False
6898.T,6898,トミタ電機,スタンダード（内国株式）,電気機器,-,2026-08-21,2599.0,3740.0,2030225.0,560.0,0.0,False,True,True,True,True,False
3804.T,3804,システム　ディ,スタンダード（内国株式）,情報・通信業,-,2026-08-21,2599.0,446.0,2022305.0,4530.0,1382600.0,False,True,True,True,True,False
3848.T,3848,データ・アプリケーション,スタンダード（内国株式）,情報・通信業,-,2026-08-21,2599.0,844.0,2006930.0,2430.0,928400.0,False,True,True,True,True,False
2877.T,2877,日東ベスト,スタンダード（内国株式）,食料品,-,2026-08-21,2599.0,746.0,1998230.0,2690.0,969800.0,False,True,True,True,True,False
3326.T,3326,ランシステム,スタンダード（内国株式）,サービス業,-,2026-08-21,2599.0,655.0,1997875.0,3075.0,917000.0,False,True,True,True,True,False
7434.T,7434,オータケ,スタンダード（内国株式）,卸売業,-,2026-08-21,2599.0,1823.0,1986275.0,1105.0,4192900.0,False,True,True,True,True,False
3646.T,3646,駅探,スタンダード（内国株式）,情報・通信業,-,2026-08-21,2599.0,342.0,1985180.0,5895.0,991800.0,False,True,True,True,True,False
5618.T,5618,ナイル,グロース（内国株式）,情報・通信業,-,2026-08-21,651.0,277.0,1983780.0,6725.0,2105200.0,False,True,True,True,True,False
7140.T,7140,ペットゴー,グロース（内国株式）,小売業,-,2026-08-21,1055.0,802.0,1979670.0,2460.0,2245600.0,False,True,True,True,True,False
6248.T,6248,横田製作所,スタンダード（内国株式）,機械,-,2026-08-21,2599.0,1745.0,1978240.0,1110.0,1396000.0,False,True,True,True,True,False
3372.T,3372,関門海,スタンダード（内国株式）,小売業,-,2026-08-21,2599.0,220.0,1977275.0,8980.0,1826000.0,False,True,True,True,True,False
7215.T,7215,ファルテック,スタンダード（内国株式）,輸送用機器,-,2026-08-21,2599.0,452.0,1964480.0,4500.0,8362000.0,False,True,True,True,True,False
3991.T,3991,ウォンテッドリー,グロース（内国株式）,情報・通信業,-,2026-08-21,2198.0,946.0,1964275.0,2095.0,1040600.0,False,True,True,True,True,False
3011.T,3011,バナーズ,スタンダード（内国株式）,小売業,-,2026-08-21,2599.0,144.0,1960915.0,13570.0,604800.0,False,False,True,True,True,False
7833.T,7833,アイフィスジャパン,スタンダード（内国株式）,その他製品,-,2026-08-21,2599.0,649.0,1959600.0,3045.0,2531100.0,False,True,True,True,True,False
3634.T,3634,ソケッツ,スタンダード（内国株式）,情報・通信業,-,2026-08-21,2599.0,590.0,1958975.0,3360.0,1298000.0,False,True,True,True,True,False
6867.T,6867,リーダー電子,スタンダード（内国株式）,電気機器,-,2026-08-21,2599.0,411.0,1950590.0,4705.0,616500.0,False,True,True,True,True,False
2499.T,2499,日本和装ホールディングス,スタンダード（内国株式）,サービス業,-,2026-08-21,2599.0,292.0,1948640.0,6660.0,2774000.0,False,True,True,True,True,False
8147.T,8147,トミタ,スタンダード（内国株式）,卸売業,-,2026-08-21,2599.0,1410.0,1946000.0,1380.0,423000.0,False,True,True,True,True,False
7486.T,7486,サンリン,スタンダード（内国株式）,卸売業,-,2026-08-21,2599.0,813.0,1944125.0,2420.0,3414600.0,False,True,True,True,True,False
8119.T,8119,三栄コーポレーション,スタンダード（内国株式）,卸売業,-,2026-08-21,2599.0,775.0,1939740.0,2500.0,542500.0,False,True,True,True,True,False
7877.T,7877,永大化工,スタンダード（内国株式）,化学,-,2026-08-21,2599.0,2199.0,1939620.0,895.0,219900.0,False,True,True,True,True,False
6424.T,6424,高見沢サイバネティックス,スタンダード（内国株式）,機械,-,2026-08-21,2599.0,898.0,1934450.0,2155.0,1077600.0,False,True,True,True,True,False
334A.T,334A,ビジュアル・プロセッシング・ジャパン,グロース（内国株式）,情報・通信業,-,2026-08-21,346.0,927.0,1925310.0,2080.0,185400.0,False,True,True,True,True,False
9365.T,9365,トレーディア,スタンダード（内国株式）,倉庫・運輸関連業,-,2026-08-21,2599.0,1635.0,1918085.0,1165.0,163500.0,False,True,True,True,True,False
6396.T,6396,宇野澤組鐵工所,スタンダード（内国株式）,機械,-,2026-08-21,2599.0,4500.0,1914125.0,420.0,0.0,False,True,True,True,True,False
6034.T,6034,ＭＲＴ,グロース（内国株式）,サービス業,-,2026-08-21,2599.0,634.0,1909165.0,2995.0,1458200.0,False,True,True,True,True,False
5134.T,5134,ＰＯＰＥＲ,グロース（内国株式）,情報・通信業,-,2026-08-21,922.0,494.0,1897910.0,3860.0,2618200.0,False,True,True,True,True,False
9265.T,9265,ヤマシタヘルスケアホールディングス,スタンダード（内国株式）,卸売業,-,2026-08-21,2143.0,3755.0,1892625.0,525.0,0.0,False,True,True,True,True,False
4172.T,4172,Ｈｉクラテス,スタンダード（内国株式）,情報・通信業,-,2026-08-21,1382.0,2291.0,1889375.0,835.0,687300.0,False,True,True,True,True,False
9241.T,9241,フューチャーリンクネットワーク,グロース（内国株式）,サービス業,-,2026-08-21,1224.0,1548.0,1886870.0,1275.0,928800.0,False,True,True,True,True,False
3067.T,3067,東京一番フーズ,スタンダード（内国株式）,小売業,-,2026-08-21,2599.0,459.0,1882205.0,4130.0,2249100.0,False,True,True,True,True,False
2911.T,2911,旭松食品,スタンダード（内国株式）,食料品,-,2026-08-21,2599.0,2263.0,1877760.0,825.0,905200.0,False,True,True,True,True,False
2480.T,2480,システム・ロケーション,スタンダード（内国株式）,情報・通信業,-,2026-08-21,2599.0,1725.0,1875165.0,1095.0,345000.0,False,True,True,True,True,False
6159.T,6159,ミクロン精密,スタンダード（内国株式）,機械,-,2026-08-21,2599.0,1888.0,1874870.0,990.0,755200.0,False,True,True,True,True,False
3986.T,3986,ビーブレイクシステムズ,スタンダード（内国株式）,情報・通信業,-,2026-08-21,2263.0,476.0,1870740.0,3830.0,2237200.0,False,True,True,True,True,False
7687.T,7687,ミクリード,グロース（内国株式）,卸売業,-,2026-08-21,1573.0,442.0,1869570.0,4320.0,6585800.0,False,True,True,True,True,False
3297.T,3297,東武住販,スタンダード（内国株式）,不動産業,-,2026-08-21,2599.0,1190.0,1864230.0,1585.0,1071000.0,False,True,True,True,True,False
9778.T,9778,昴,スタンダード（内国株式）,サービス業,-,2026-08-21,2599.0,5790.0,1857200.0,325.0,1737000.0,False,True,True,True,True,False
7362.T,7362,Ｔ．Ｓ．Ｉ,グロース（内国株式）,サービス業,-,2026-08-21,1327.0,860.0,1855685.0,2155.0,1204000.0,False,True,True,True,True,False
8225.T,8225,タカチホ,スタンダード（内国株式）,卸売業,-,2026-08-21,2599.0,3450.0,1852625.0,515.0,2070000.0,False,True,True,True,True,False
7673.T,7673,ダイコー通産,スタンダード（内国株式）,卸売業,-,2026-08-21,1816.0,1636.0,1842555.0,1125.0,818000.0,False,True,True,True,True,False
3024.T,3024,クリエイト,スタンダード（内国株式）,卸売業,-,2026-08-21,2599.0,1157.0,1834275.0,1605.0,1388400.0,False,True,True,True,True,False
7064.T,7064,ハウテレビジョン,スタンダード（内国株式）,サービス業,-,2026-08-21,1785.0,870.0,1829505.0,2110.0,1827000.0,False,True,True,True,True,False
7426.T,7426,山大,スタンダード（内国株式）,卸売業,-,2026-08-21,2599.0,640.0,1823150.0,2900.0,1472000.0,False,True,True,True,True,False
4370.T,4370,モビルス,グロース（内国株式）,情報・通信業,-,2026-08-21,1215.0,300.0,1822395.0,5790.0,2760000.0,False,True,True,True,True,False
7041.T,7041,ＣＲＧホールディングス,グロース（内国株式）,サービス業,-,2026-08-21,1920.0,346.0,1819050.0,5250.0,380600.0,False,True,True,True,True,False
9476.T,9476,中央経済社ホールディングス,スタンダード（内国株式）,情報・通信業,-,2026-08-21,2599.0,987.0,1813555.0,1835.0,0.0,False,True,True,True,True,False
8118.T,8118,キング,スタンダード（内国株式）,繊維製品,-,2026-08-21,2599.0,1205.0,1805305.0,1485.0,1084500.0,False,True,True,True,True,False
5199.T,5199,不二ラテックス,スタンダード（内国株式）,ゴム製品,-,2026-08-21,2599.0,1999.0,1797415.0,900.0,599700.0,False,True,True,True,True,False
4766.T,4766,ピーエイ,スタンダード（内国株式）,サービス業,-,2026-08-21,2599.0,202.0,1787830.0,9155.0,1313000.0,False,True,True,True,True,False
9258.T,9258,ＣＳ－Ｃ,グロース（内国株式）,サービス業,-,2026-08-21,1138.0,299.0,1787530.0,5940.0,119600.0,False,True,True,True,True,False
8938.T,8938,グローム・ホールディングス,グロース（内国株式）,不動産業,-,2026-08-21,2599.0,338.0,1774465.0,5275.0,1487200.0,False,True,True,True,True,False
3955.T,3955,イムラ,スタンダード（内国株式）,パルプ・紙,-,2026-08-21,2599.0,839.0,1758340.0,2090.0,1006800.0,False,True,True,True,True,False
3958.T,3958,笹徳印刷,スタンダード（内国株式）,パルプ・紙,-,2026-08-21,711.0,549.0,1756845.0,3200.0,1098000.0,False,True,True,True,True,False
4728.T,4728,トーセ,スタンダード（内国株式）,情報・通信業,-,2026-08-21,2599.0,654.0,1744650.0,2690.0,850200.0,False,True,True,True,True,False
4178.T,4178,Ｓｈａｒｉｎｇ　Ｉｎｎｏｖａｔｉｏｎｓ,グロース（内国株式）,情報・通信業,-,2026-08-21,1324.0,510.0,1738710.0,3495.0,714000.0,False,True,True,True,True,False
7046.T,7046,ＴＤＳＥ,グロース（内国株式）,サービス業,-,2026-08-21,1871.0,1319.0,1734490.0,1340.0,263800.0,False,True,True,True,True,False
2961.T,2961,日本調理機,スタンダード（内国株式）,金属製品,-,2026-08-21,1170.0,1443.0,1733550.0,1120.0,1875900.0,False,True,True,True,True,False
3045.T,3045,カワサキ,スタンダード（内国株式）,卸売業,-,2026-08-21,2599.0,1487.0,1730170.0,1160.0,4609700.0,False,True,True,True,True,False
7506.T,7506,ハウス　オブ　ローゼ,スタンダード（内国株式）,小売業,-,2026-08-21,2599.0,1380.0,1730065.0,1250.0,552000.0,False,True,True,True,True,False
7791.T,7791,ドリームベッド,スタンダード（内国株式）,その他製品,-,2026-08-21,1263.0,823.0,1730005.0,2130.0,246900.0,False,True,True,True,True,False
3169.T,3169,ミサワ,スタンダード（内国株式）,小売業,-,2026-08-21,2599.0,661.0,1728975.0,2635.0,1850800.0,False,True,True,True,True,False
4616.T,4616,川上塗料,スタンダード（内国株式）,化学,-,2026-08-21,2599.0,2041.0,1715390.0,830.0,1020500.0,False,True,True,True,True,False
7975.T,7975,リヒトラブ,スタンダード（内国株式）,その他製品,-,2026-08-21,2599.0,1141.0,1711620.0,1530.0,1825600.0,False,True,True,True,True,False
7129.T,7129,ミアヘルサホールディングス,スタンダード（内国株式）,小売業,-,2026-08-21,1196.0,1159.0,1709830.0,1485.0,1043100.0,False,True,True,True,True,False
2796.T,2796,ファーマライズホールディングス,スタンダード（内国株式）,小売業,-,2026-08-21,2599.0,500.0,1701715.0,3450.0,2150000.0,False,True,True,True,True,False
7444.T,7444,ハリマ共和物産,スタンダード（内国株式）,卸売業,-,2026-08-21,2599.0,1982.0,1700735.0,855.0,2774800.0,False,True,True,True,True,False
3622.T,3622,ネットイヤーグループ,スタンダード（内国株式）,情報・通信業,-,2026-08-21,2599.0,488.0,1698105.0,3415.0,927200.0,False,True,True,True,True,False
9362.T,9362,兵機海運,スタンダード（内国株式）,倉庫・運輸関連業,-,2026-08-21,2599.0,3695.0,1697900.0,470.0,5173000.0,False,True,True,True,True,False
3536.T,3536,アクサスホールディングス,スタンダード（内国株式）,小売業,-,2026-08-21,2599.0,130.0,1695030.0,13015.0,1053000.0,False,False,True,True,True,False
7443.T,7443,横浜魚類,スタンダード（内国株式）,卸売業,-,2026-08-21,2599.0,664.0,1689920.0,2595.0,863200.0,False,True,True,True,True,False
6664.T,6664,オプトエレクトロニクス,スタンダード（内国株式）,電気機器,-,2026-08-21,2599.0,241.0,1687940.0,7050.0,1952100.0,False,True,True,True,True,False
6190.T,6190,フェニックスバイオ,グロース（内国株式）,サービス業,-,2026-08-21,2568.0,346.0,1682515.0,4870.0,1314800.0,False,True,True,True,True,False
2136.T,2136,ヒップ,スタンダード（内国株式）,サービス業,-,2026-08-21,2599.0,1419.0,1681245.0,1180.0,1277100.0,False,True,True,True,True,False
7461.T,7461,キムラ,スタンダード（内国株式）,卸売業,-,2026-08-21,2599.0,477.0,1679300.0,3530.0,1955700.0,False,True,True,True,True,False
6150.T,6150,タケダ機械,スタンダード（内国株式）,機械,-,2026-08-21,2599.0,2775.0,1678910.0,600.0,555000.0,False,True,True,True,True,False
6049.T,6049,イトクロ,グロース（内国株式）,サービス業,-,2026-08-21,2599.0,245.0,1671290.0,6860.0,2450000.0,False,True,True,True,True,False
7464.T,7464,セフテック,スタンダード（内国株式）,卸売業,-,2026-08-21,2599.0,1537.0,1666950.0,1080.0,1998100.0,False,True,True,True,True,False
2152.T,2152,幼児活動研究会,スタンダード（内国株式）,サービス業,-,2026-08-21,2599.0,1534.0,1666475.0,1075.0,767000.0,False,True,True,True,True,False
8040.T,8040,東京ソワール,スタンダード（内国株式）,繊維製品,-,2026-08-21,2599.0,1036.0,1662475.0,1605.0,725200.0,False,True,True,True,True,False
5125.T,5125,ファインズ,グロース（内国株式）,情報・通信業,-,2026-08-21,954.0,475.0,1657970.0,3475.0,855000.0,False,True,True,True,True,False
5533.T,5533,エリッツホールディングス,スタンダード（内国株式）,不動産業,-,2026-08-21,771.0,1960.0,1655630.0,835.0,196000.0,False,True,True,True,True,False
5974.T,5974,中国工業,スタンダード（内国株式）,金属製品,-,2026-08-21,2599.0,857.0,1655175.0,1950.0,1199800.0,False,True,True,True,True,False
2747.T,2747,北雄ラッキー,スタンダード（内国株式）,小売業,-,2026-08-21,2599.0,3165.0,1651650.0,525.0,2215500.0,False,True,True,True,True,False
5078.T,5078,セレコーポレーション,スタンダード（内国株式）,建設業,-,2026-08-21,1088.0,4765.0,1651000.0,345.0,1906000.0,False,True,True,True,True,False
5250.T,5250,ＧＭＯプライム・ストラテジー,スタンダード（内国株式）,情報・通信業,-,2026-08-21,854.0,1031.0,1639300.0,1600.0,1340300.0,False,True,True,True,True,False
4487.T,4487,スペースマーケット,グロース（内国株式）,情報・通信業,-,2026-08-21,1627.0,225.0,1637090.0,7235.0,720000.0,False,True,True,True,True,False
7831.T,7831,ウイルコホールディングス,スタンダード（内国株式）,その他製品,-,2026-08-21,2599.0,68.0,1633840.0,24080.0,816000.0,False,False,True,True,True,False
9720.T,9720,ホテル、ニューグランド,スタンダード（内国株式）,サービス業,-,2026-08-21,2599.0,6390.0,1628200.0,260.0,1917000.0,False,True,True,True,True,False
6074.T,6074,ジェイエスエス,スタンダード（内国株式）,サービス業,-,2026-08-21,2599.0,519.0,1607190.0,3095.0,51900.0,False,True,True,True,True,False
7112.T,7112,キューブ,グロース（内国株式）,小売業,-,2026-08-21,947.0,698.0,1604625.0,2275.0,767800.0,False,True,True,True,True,False
7425.T,7425,初穂商事,スタンダード（内国株式）,卸売業,-,2026-08-21,2599.0,1179.0,1595100.0,1320.0,943200.0,False,True,True,True,True,False
3639.T,3639,ボルテージ,スタンダード（内国株式）,情報・通信業,-,2026-08-21,2599.0,224.0,1591700.0,7080.0,224000.0,False,True,True,True,True,False
6408.T,6408,小倉クラッチ,スタンダード（内国株式）,機械,-,2026-08-21,2599.0,4230.0,1591000.0,360.0,1692000.0,False,True,True,True,True,False
2376.T,2376,サイネックス,スタンダード（内国株式）,サービス業,-,2026-08-21,2599.0,784.0,1582655.0,2055.0,940800.0,False,True,True,True,True,False
3184.T,3184,ＩＣＤＡホールディングス,スタンダード（内国株式）,小売業,-,2026-08-21,2599.0,4195.0,1575050.0,370.0,4195000.0,False,True,True,True,True,False
7538.T,7538,大水,スタンダード（内国株式）,卸売業,-,2026-08-21,2599.0,397.0,1572735.0,4090.0,1389500.0,False,True,True,True,True,False
7077.T,7077,ＡＬｉＮＫインターネット,グロース（内国株式）,サービス業,-,2026-08-21,1634.0,1005.0,1548795.0,1530.0,2613000.0,False,True,True,True,True,False
7502.T,7502,プラザホールディングス,スタンダード（内国株式）,サービス業,-,2026-08-21,2599.0,1670.0,1547300.0,930.0,2505000.0,False,True,True,True,True,False
4926.T,4926,シーボン,スタンダード（内国株式）,化学,-,2026-08-21,2599.0,1244.0,1546975.0,1245.0,497600.0,False,True,True,True,True,False
6198.T,6198,キャリア,グロース（内国株式）,サービス業,-,2026-08-21,2502.0,206.0,1540350.0,7350.0,226600.0,False,True,True,True,True,False
3598.T,3598,山喜,スタンダード（内国株式）,繊維製品,-,2026-08-21,2599.0,163.0,1537995.0,9470.0,1157300.0,False,False,True,True,True,False
1897.T,1897,金下建設,スタンダード（内国株式）,建設業,-,2026-08-21,2599.0,3310.0,1527925.0,455.0,331000.0,False,True,True,True,True,False
9812.T,9812,テーオーホールディングス,スタンダード（内国株式）,小売業,-,2026-08-21,2599.0,243.0,1525805.0,6345.0,1166400.0,False,True,True,True,True,False
4464.T,4464,ソフト９９コーポレーション,スタンダード（内国株式）,化学,-,2026-08-21,2599.0,3560.0,1522325.0,425.0,1424000.0,False,True,True,True,True,False
3674.T,3674,オークファン,グロース（内国株式）,情報・通信業,-,2026-08-21,2599.0,338.0,1518005.0,4660.0,1554800.0,False,True,True,True,True,False
7983.T,7983,ミロク,スタンダード（内国株式）,その他製品,-,2026-08-21,2599.0,1099.0,1515010.0,1435.0,1538600.0,False,True,True,True,True,False
3985.T,3985,テモナ,スタンダード（内国株式）,情報・通信業,-,2026-08-21,2310.0,184.0,1513735.0,8400.0,1122400.0,False,False,True,True,True,False
177A.T,177A,コージンバイオ,グロース（内国株式）,化学,-,2026-08-21,567.0,846.0,1512170.0,1740.0,3384000.0,False,True,True,True,True,False
5271.T,5271,トーヨーアサノ,スタンダード（内国株式）,ガラス・土石製品,-,2026-08-21,2352.0,2320.0,1496325.0,655.0,3480000.0,False,True,True,True,True,False
331A.T,331A,メディックス,スタンダード（内国株式）,サービス業,-,2026-08-21,349.0,492.0,1494780.0,3005.0,1574400.0,False,True,True,True,True,False
2722.T,2722,ＩＫホールディングス,スタンダード（内国株式）,小売業,-,2026-08-21,2599.0,359.0,1492085.0,4170.0,1328300.0,False,True,True,True,True,False
168A.T,168A,イタミアート,グロース（内国株式）,その他製品,-,2026-08-21,580.0,1065.0,1489765.0,1395.0,852000.0,False,True,True,True,True,False
7782.T,7782,シンシア,スタンダード（内国株式）,精密機器,-,2026-08-21,2384.0,458.0,1462890.0,3130.0,4213600.0,False,True,True,True,True,False
7807.T,7807,幸和製作所,スタンダード（内国株式）,その他製品,-,2026-08-21,2145.0,875.0,1445550.0,1665.0,962500.0,False,True,True,True,True,False
4429.T,4429,リックソフト,グロース（内国株式）,情報・通信業,-,2026-08-21,1825.0,716.0,1443440.0,2045.0,358000.0,False,True,True,True,True,False
5380.T,5380,新東,スタンダード（内国株式）,ガラス・土石製品,-,2026-08-21,2599.0,1285.0,1435060.0,1260.0,1285000.0,False,True,True,True,True,False
2806.T,2806,ユタカフーズ,スタンダード（内国株式）,食料品,-,2026-08-21,2599.0,1888.0,1431085.0,760.0,377600.0,False,True,True,True,True,False
9903.T,9903,カンセキ,スタンダード（内国株式）,小売業,-,2026-08-21,2599.0,905.0,1424690.0,1600.0,633500.0,False,True,True,True,True,False
3190.T,3190,ホットマン,スタンダード（内国株式）,小売業,-,2026-08-21,2599.0,586.0,1423595.0,2440.0,410200.0,False,True,True,True,True,False
3988.T,3988,ＳＹＳホールディングス,スタンダード（内国株式）,情報・通信業,-,2026-08-21,2253.0,557.0,1415485.0,2540.0,1114000.0,False,True,True,True,True,False
3802.T,3802,エコミック,スタンダード（内国株式）,情報・通信業,-,2026-08-21,1543.0,498.0,1414645.0,2870.0,647400.0,False,True,True,True,True,False
5742.T,5742,エヌアイシ・オートテック,スタンダード（内国株式）,非鉄金属,-,2026-08-21,2599.0,751.0,1402375.0,1900.0,525700.0,False,True,True,True,True,False
4020.T,4020,ビートレンド,グロース（内国株式）,情報・通信業,-,2026-08-21,1387.0,795.0,1402355.0,1835.0,556500.0,False,True,True,True,True,False
5616.T,5616,雨風太陽,グロース（内国株式）,情報・通信業,-,2026-08-21,653.0,630.0,1396325.0,2230.0,126000.0,False,True,True,True,True,False
9162.T,9162,ブリーチ,グロース（内国株式）,サービス業,-,2026-08-21,765.0,231.0,1391955.0,6040.0,1570800.0,False,True,True,True,True,False
4750.T,4750,ダイサン,スタンダード（内国株式）,サービス業,-,2026-08-21,2599.0,569.0,1390870.0,2465.0,1138000.0,False,True,True,True,True,False
3375.T,3375,ＺＯＡ,スタンダード（内国株式）,小売業,-,2026-08-21,2599.0,1730.0,1378665.0,785.0,0.0,False,True,True,True,True,False
1380.T,1380,秋川牧園,スタンダード（内国株式）,水産・農林業,-,2026-08-21,2599.0,998.0,1362430.0,1365.0,898200.0,False,True,True,True,True,False
7837.T,7837,アールシーコア,スタンダード（内国株式）,その他製品,-,2026-08-21,2599.0,334.0,1360435.0,3995.0,501000.0,False,True,True,True,True,False
3439.T,3439,三ツ知,スタンダード（内国株式）,金属製品,-,2026-08-21,2599.0,680.0,1360415.0,2010.0,2244000.0,False,True,True,True,True,False
7997.T,7997,くろがね工作所,スタンダード（内国株式）,その他製品,-,2026-08-21,2599.0,1073.0,1360260.0,1295.0,2146000.0,False,True,True,True,True,False
3293.T,3293,アズマハウス,スタンダード（内国株式）,不動産業,-,2026-08-21,2599.0,771.0,1356405.0,1760.0,4857300.0,False,True,True,True,True,False
6546.T,6546,フルテック,スタンダード（内国株式）,サービス業,-,2026-08-21,2322.0,1150.0,1355940.0,1200.0,1265000.0,False,True,True,True,True,False
7399.T,7399,ナンシン,スタンダード（内国株式）,輸送用機器,-,2026-08-21,2599.0,599.0,1348485.0,2260.0,1018300.0,False,True,True,True,True,False
248A.T,248A,キッズスター,グロース（内国株式）,情報・通信業,-,2026-08-21,464.0,814.0,1341925.0,1625.0,895400.0,False,True,True,True,True,False
9885.T,9885,シャルレ,スタンダード（内国株式）,卸売業,-,2026-08-21,2599.0,334.0,1325390.0,3955.0,400800.0,False,True,True,True,True,False
3223.T,3223,エスエルディー,スタンダード（内国株式）,小売業,-,2026-08-21,2599.0,931.0,1321295.0,1440.0,651700.0,False,True,True,True,True,False
7036.T,7036,イーエムネットジャパン,グロース（内国株式）,サービス業,-,2026-08-21,1933.0,666.0,1309915.0,2035.0,666000.0,False,True,True,True,True,False
3908.T,3908,コラボス,スタンダード（内国株式）,情報・通信業,-,2026-08-21,2599.0,354.0,1297290.0,3740.0,495600.0,False,True,True,True,True,False
6579.T,6579,ログリー,グロース（内国株式）,サービス業,-,2026-08-21,1999.0,356.0,1293630.0,3650.0,427200.0,False,True,True,True,True,False
9017.T,9017,新潟交通,スタンダード（内国株式）,陸運業,-,2026-08-21,2599.0,1988.0,1287500.0,645.0,2385600.0,False,True,True,True,True,False
9685.T,9685,ＫＹＣＯＭホールディングス,スタンダード（内国株式）,情報・通信業,-,2026-08-21,2599.0,564.0,1284495.0,2240.0,2086800.0,False,True,True,True,True,False
3910.T,3910,エムケイシステム,スタンダード（内国株式）,情報・通信業,-,2026-08-21,2599.0,283.0,1271145.0,4585.0,735800.0,False,True,True,True,True,False
9565.T,9565,ＧＬＯＥ,グロース（内国株式）,サービス業,-,2026-08-21,911.0,670.0,1268030.0,1870.0,2077000.0,False,True,True,True,True,False
9225.T,9225,ブリッジコンサルティンググループ,グロース（内国株式）,サービス業,-,2026-08-21,1037.0,977.0,1263840.0,1300.0,195400.0,False,True,True,True,True,False
9421.T,9421,エヌジェイホールディングス,スタンダード（内国株式）,情報・通信業,-,2026-08-21,2599.0,506.0,1259570.0,2510.0,506000.0,False,True,True,True,True,False
3839.T,3839,ＯＤＫソリューションズ,スタンダード（内国株式）,情報・通信業,-,2026-08-21,2599.0,635.0,1258360.0,1970.0,1397000.0,False,True,True,True,True,False
3953.T,3953,大村紙業,スタンダード（内国株式）,パルプ・紙,-,2026-08-21,2599.0,789.0,1251835.0,1580.0,946800.0,False,True,True,True,True,False
2425.T,2425,ケアサービス,スタンダード（内国株式）,サービス業,-,2026-08-21,2599.0,661.0,1246610.0,1845.0,2445700.0,False,True,True,True,True,False
2481.T,2481,タウンニュース社,スタンダード（内国株式）,サービス業,-,2026-08-21,2599.0,662.0,1243190.0,1895.0,794400.0,False,True,True,True,True,False
7509.T,7509,アイエーグループ,スタンダード（内国株式）,小売業,-,2026-08-21,2599.0,4920.0,1230575.0,255.0,0.0,False,True,True,True,True,False
9331.T,9331,キャスター,グロース（内国株式）,サービス業,-,2026-08-21,702.0,726.0,1230360.0,1675.0,1161600.0,False,True,True,True,True,False
9816.T,9816,ストライダーズ,スタンダード（内国株式）,不動産業,-,2026-08-21,2599.0,255.0,1212800.0,4940.0,102000.0,False,True,True,True,True,False
7634.T,7634,星医療酸器,スタンダード（内国株式）,卸売業,-,2026-08-21,2599.0,5300.0,1212050.0,230.0,2650000.0,False,True,True,True,True,False
9254.T,9254,ラバブルマーケティンググループ,グロース（内国株式）,サービス業,-,2026-08-21,1140.0,1108.0,1211610.0,1070.0,1994400.0,False,True,True,True,True,False
4247.T,4247,ポバール興業,スタンダード（内国株式）,化学,-,2026-08-21,1089.0,1372.0,1210185.0,880.0,686000.0,False,True,True,True,True,False
7356.T,7356,Ｒｅｔｔｙ,グロース（内国株式）,サービス業,-,2026-08-21,1420.0,119.0,1208995.0,10235.0,2344300.0,False,False,True,True,True,False
7585.T,7585,かんなん丸,スタンダード（内国株式）,小売業,-,2026-08-21,2599.0,406.0,1203155.0,2955.0,1380400.0,False,True,True,True,True,False
2156.T,2156,セーラー広告,スタンダード（内国株式）,サービス業,-,2026-08-21,2599.0,274.0,1195185.0,4400.0,1233000.0,False,True,True,True,True,False
3426.T,3426,アトムリビンテック,スタンダード（内国株式）,金属製品,-,2026-08-21,2599.0,1291.0,1192935.0,920.0,387300.0,False,True,True,True,True,False
9087.T,9087,タカセ,スタンダード（内国株式）,陸運業,-,2026-08-21,2599.0,2060.0,1191650.0,590.0,618000.0,False,True,True,True,True,False
4678.T,4678,秀英予備校,スタンダード（内国株式）,サービス業,-,2026-08-21,2599.0,330.0,1183965.0,3670.0,1452000.0,False,True,True,True,True,False
3474.T,3474,Ｇ－ＦＡＣＴＯＲＹ,グロース（内国株式）,不動産業,-,2026-08-21,2437.0,585.0,1181560.0,2035.0,1404000.0,False,True,True,True,True,False
4735.T,4735,京進,スタンダード（内国株式）,サービス業,-,2026-08-21,2599.0,301.0,1177325.0,3900.0,1143800.0,False,True,True,True,True,False
9345.T,9345,ビズメイツ,グロース（内国株式）,サービス業,-,2026-08-21,831.0,596.0,1174500.0,1895.0,178800.0,False,True,True,True,True,False
9330.T,9330,揚羽,グロース（内国株式）,サービス業,-,2026-08-21,712.0,870.0,1172230.0,1345.0,435000.0,False,True,True,True,True,False
3437.T,3437,特殊電極,スタンダード（内国株式）,金属製品,-,2026-08-21,2599.0,2744.0,1165865.0,430.0,548800.0,False,True,True,True,True,False
220A.T,220A,Ｆａｂｅｒ　Ｃｏｍｐａｎｙ,スタンダード（内国株式）,情報・通信業,-,2026-08-21,502.0,938.0,1165395.0,1235.0,375200.0,False,True,True,True,True,False
8138.T,8138,三京化成,スタンダード（内国株式）,卸売業,-,2026-08-21,2599.0,4360.0,1145025.0,275.0,0.0,False,True,True,True,True,False
2789.T,2789,カルラ,スタンダード（内国株式）,小売業,-,2026-08-21,2599.0,474.0,1142265.0,2410.0,568800.0,False,True,True,True,True,False
3550.T,3550,スタジオアタオ,グロース（内国株式）,小売業,-,2026-08-21,2398.0,218.0,1140895.0,5220.0,1940200.0,False,True,True,True,True,False
5484.T,5484,東北特殊鋼,スタンダード（内国株式）,鉄鋼,-,2026-08-21,2599.0,4450.0,1135750.0,255.0,0.0,False,True,True,True,True,False
9215.T,9215,ＣａＳｙ,グロース（内国株式）,サービス業,-,2026-08-21,1100.0,958.0,1132070.0,1205.0,862200.0,False,True,True,True,True,False
7865.T,7865,ピープル,スタンダード（内国株式）,その他製品,-,2026-08-21,2599.0,340.0,1125695.0,3335.0,510000.0,False,True,True,True,True,False
6147.T,6147,ヤマザキ,スタンダード（内国株式）,機械,-,2026-08-21,2599.0,195.0,1116200.0,5875.0,507000.0,False,False,True,True,True,False
3111.T,3111,オーミケンシ,スタンダード（内国株式）,繊維製品,-,2026-08-21,2599.0,172.0,1112120.0,6340.0,1238400.0,False,False,True,True,True,False
4197.T,4197,アスマーク,スタンダード（内国株式）,情報・通信業,-,2026-08-21,1115.0,2350.0,1105865.0,475.0,705000.0,False,True,True,True,True,False
7515.T,7515,マルヨシセンター,スタンダード（内国株式）,小売業,-,2026-08-21,2599.0,4640.0,1103450.0,240.0,928000.0,False,True,True,True,True,False
143A.T,143A,イシン,グロース（内国株式）,サービス業,-,2026-08-21,589.0,701.0,1090725.0,1610.0,1752500.0,False,True,True,True,True,False
2300.T,2300,きょくとう,スタンダード（内国株式）,サービス業,-,2026-08-21,2599.0,497.0,1077525.0,2165.0,596400.0,False,True,True,True,True,False
2291.T,2291,福留ハム,スタンダード（内国株式）,食料品,-,2026-08-21,2599.0,513.0,1072810.0,2070.0,102600.0,False,True,True,True,True,False
1992.T,1992,神田通信機,スタンダード（内国株式）,建設業,-,2026-08-21,2599.0,2950.0,1071805.0,350.0,0.0,False,True,True,True,True,False
2139.T,2139,中広,スタンダード（内国株式）,サービス業,-,2026-08-21,2599.0,523.0,1068460.0,2025.0,679900.0,False,True,True,True,True,False
5905.T,5905,日本製罐,スタンダード（内国株式）,金属製品,-,2026-08-21,2599.0,1370.0,1059020.0,775.0,0.0,False,True,True,True,True,False
5900.T,5900,ダイケン,スタンダード（内国株式）,金属製品,-,2026-08-21,2599.0,877.0,1041065.0,1210.0,1490900.0,False,True,True,True,True,False
7699.T,7699,オムニ・プラス・システム・リミテッド　ＪＤＲ,グロース（外国株式）,卸売業,-,2026-08-21,1259.0,700.0,1040055.0,1495.0,2310000.0,False,True,True,True,True,False
5035.T,5035,ＨＯＵＳＥＩ,グロース（内国株式）,情報・通信業,-,2026-08-21,995.0,360.0,1031285.0,2900.0,252000.0,False,True,True,True,True,False
7090.T,7090,リグア,グロース（内国株式）,サービス業,-,2026-08-21,1574.0,868.0,1029955.0,1240.0,86800.0,False,True,True,True,True,False
3495.T,3495,香陵住販,スタンダード（内国株式）,不動産業,-,2026-08-21,1939.0,2366.0,1017200.0,430.0,709800.0,False,True,True,True,True,False
9969.T,9969,ショクブン,スタンダード（内国株式）,小売業,-,2026-08-21,2599.0,233.0,1014170.0,4305.0,1071800.0,False,True,True,True,True,False
9679.T,9679,ホウライ,スタンダード（内国株式）,サービス業,-,2026-08-21,2599.0,2348.0,1002985.0,425.0,234800.0,False,True,True,True,True,False
7808.T,7808,シー・エス・ランバー,スタンダード（内国株式）,その他製品,-,2026-08-21,2155.0,2750.0,994040.0,370.0,1375000.0,False,True,True,True,True,False
9723.T,9723,京都ホテル,スタンダード（内国株式）,サービス業,-,2026-08-21,2599.0,634.0,991665.0,1560.0,253600.0,False,True,True,True,True,False
3248.T,3248,アールエイジ,スタンダード（内国株式）,不動産業,-,2026-08-21,2599.0,889.0,988930.0,1115.0,0.0,False,True,True,True,True,False
6233.T,6233,ＫＬＡＳＳ,スタンダード（内国株式）,機械,-,2026-08-21,1929.0,394.0,987665.0,2520.0,2127600.0,False,True,True,True,True,False
7284.T,7284,盟和産業,スタンダード（内国株式）,輸送用機器,-,2026-08-21,2599.0,1194.0,985825.0,835.0,1074600.0,False,True,True,True,True,False
3816.T,3816,大和コンピューター,スタンダード（内国株式）,情報・通信業,-,2026-08-21,2599.0,1125.0,985550.0,875.0,337500.0,False,True,True,True,True,False
9691.T,9691,両毛システムズ,スタンダード（内国株式）,情報・通信業,-,2026-08-21,2599.0,5150.0,978800.0,190.0,515000.0,False,True,True,True,True,False
4059.T,4059,まぐまぐ,スタンダード（内国株式）,情報・通信業,-,2026-08-21,1444.0,393.0,967795.0,2410.0,353700.0,False,True,True,True,True,False
5966.T,5966,京都機械工具,スタンダード（内国株式）,金属製品,-,2026-08-21,2599.0,2565.0,967580.0,370.0,256500.0,False,True,True,True,True,False
2668.T,2668,タビオ,スタンダード（内国株式）,卸売業,-,2026-08-21,2599.0,1272.0,961445.0,760.0,508800.0,False,True,True,True,True,False
8123.T,8123,川辺,スタンダード（内国株式）,卸売業,-,2026-08-21,2599.0,1399.0,952455.0,690.0,1538900.0,False,True,True,True,True,False
9849.T,9849,共同紙販ホールディングス,スタンダード（内国株式）,卸売業,-,2026-08-21,2599.0,4495.0,946850.0,210.0,0.0,False,True,True,True,True,False
9895.T,9895,コンセック,スタンダード（内国株式）,卸売業,-,2026-08-21,2599.0,1265.0,943525.0,745.0,1012000.0,False,True,True,True,True,False
7555.T,7555,大田花き,スタンダード（内国株式）,卸売業,-,2026-08-21,2599.0,745.0,929990.0,1255.0,149000.0,False,True,True,True,True,False
4769.T,4769,ＩＣ,スタンダード（内国株式）,情報・通信業,-,2026-08-21,2599.0,1155.0,917640.0,810.0,0.0,False,True,True,True,True,False
7946.T,7946,光陽社,スタンダード（内国株式）,その他製品,-,2026-08-21,2599.0,318.0,915760.0,2780.0,540600.0,False,True,True,True,True,False
7601.T,7601,ポプラ,スタンダード（内国株式）,小売業,-,2026-08-21,2599.0,166.0,906670.0,5450.0,1427600.0,False,False,True,True,True,False
5969.T,5969,ロブテックス,スタンダード（内国株式）,金属製品,-,2026-08-21,2599.0,1175.0,904110.0,750.0,0.0,False,True,True,True,True,False
7939.T,7939,研創,スタンダード（内国株式）,その他製品,-,2026-08-21,2599.0,609.0,895160.0,1475.0,548100.0,False,True,True,True,True,False
4057.T,4057,インターファクトリー,グロース（内国株式）,情報・通信業,-,2026-08-21,1463.0,353.0,875745.0,2495.0,458900.0,False,True,True,True,True,False
5138.T,5138,Ｒｅｂａｓｅ,グロース（内国株式）,情報・通信業,-,2026-08-21,900.0,449.0,875220.0,2010.0,179600.0,False,True,True,True,True,False
7413.T,7413,創健社,スタンダード（内国株式）,卸売業,-,2026-08-21,2599.0,2640.0,868255.0,330.0,0.0,False,True,True,True,True,False
9250.T,9250,ＧＲＣＳ,グロース（内国株式）,サービス業,-,2026-08-21,1163.0,910.0,860005.0,975.0,91000.0,False,True,True,True,True,False
6186.T,6186,一蔵,スタンダード（内国株式）,サービス業,-,2026-08-21,2599.0,384.0,828585.0,2175.0,422400.0,False,True,True,True,True,False
9929.T,9929,平和紙業,スタンダード（内国株式）,卸売業,-,2026-08-21,2599.0,474.0,807120.0,1725.0,1137600.0,False,True,True,True,True,False
9213.T,9213,セイファート,スタンダード（内国株式）,サービス業,-,2026-08-21,1111.0,1050.0,795920.0,760.0,0.0,False,True,True,True,True,False
5990.T,5990,スーパーツール,スタンダード（内国株式）,金属製品,-,2026-08-21,2599.0,1946.0,795040.0,405.0,0.0,False,True,True,True,True,False
4720.T,4720,城南進学研究社,スタンダード（内国株式）,サービス業,-,2026-08-21,2599.0,240.0,778055.0,3210.0,936000.0,False,True,True,True,True,False
6346.T,6346,キクカワエンタープライズ,スタンダード（内国株式）,機械,-,2026-08-21,2599.0,5800.0,755300.0,130.0,580000.0,False,True,True,True,True,False
7677.T,7677,ヤシマキザイ,スタンダード（内国株式）,卸売業,-,2026-08-21,1747.0,2700.0,751325.0,275.0,270000.0,False,True,True,True,True,False
4920.T,4920,日本色材工業研究所,スタンダード（内国株式）,化学,-,2026-08-21,2599.0,1138.0,739575.0,660.0,227600.0,False,True,True,True,True,False
4650.T,4650,ＳＤエンターテイメント,スタンダード（内国株式）,サービス業,-,2026-08-21,2599.0,273.0,728940.0,2695.0,1119300.0,False,True,True,True,True,False
4705.T,4705,クリップコーポレーション,スタンダード（内国株式）,サービス業,-,2026-08-21,2599.0,782.0,717115.0,915.0,0.0,False,True,True,True,True,False
9051.T,9051,センコン物流,スタンダード（内国株式）,陸運業,-,2026-08-21,2599.0,1352.0,712725.0,540.0,270400.0,False,True,True,True,True,False
4679.T,4679,田谷,スタンダード（内国株式）,サービス業,-,2026-08-21,2599.0,261.0,679240.0,2645.0,234900.0,False,True,True,True,True,False
9311.T,9311,アサガミ,スタンダード（内国株式）,倉庫・運輸関連業,-,2026-08-21,2599.0,7740.0,678000.0,85.0,0.0,False,True,True,True,True,False
9313.T,9313,丸八倉庫,スタンダード（内国株式）,倉庫・運輸関連業,-,2026-08-21,2599.0,1034.0,633855.0,605.0,413600.0,False,True,True,True,True,False
9355.T,9355,リンコーコーポレーション,スタンダード（内国株式）,倉庫・運輸関連業,-,2026-08-21,2599.0,2248.0,628685.0,280.0,674400.0,False,True,True,True,True,False
3600.T,3600,フジックス,スタンダード（内国株式）,繊維製品,-,2026-08-21,2599.0,1793.0,626405.0,365.0,0.0,False,True,True,True,True,False
6558.T,6558,クックビズ,グロース（内国株式）,サービス業,-,2026-08-21,2146.0,665.0,622360.0,905.0,465500.0,False,True,True,True,True,False
8143.T,8143,ラピーヌ,スタンダード（内国株式）,繊維製品,-,2026-08-21,2599.0,141.0,614745.0,4270.0,690900.0,False,False,True,True,True,False
9012.T,9012,秩父鉄道,スタンダード（内国株式）,陸運業,-,2026-08-21,2599.0,2102.0,609670.0,290.0,0.0,False,True,True,True,True,False
9976.T,9976,セキチュー,スタンダード（内国株式）,小売業,-,2026-08-21,2599.0,1060.0,595165.0,565.0,212000.0,False,True,True,True,True,False
9214.T,9214,Ｒｅｃｏｖｅｒｙ　Ｉｎｔｅｒｎａｔｉｏｎａｌ,グロース（内国株式）,サービス業,-,2026-08-21,1112.0,1284.0,580580.0,455.0,0.0,False,True,True,True,True,False
7360.T,7360,オンデック,グロース（内国株式）,サービス業,-,2026-08-21,1379.0,649.0,575085.0,900.0,129800.0,False,True,True,True,True,False
4102.T,4102,丸尾カルシウム,スタンダード（内国株式）,化学,-,2026-08-21,2599.0,1444.0,564830.0,390.0,0.0,False,True,True,True,True,False
5619.T,5619,マーソ,グロース（内国株式）,情報・通信業,-,2026-08-21,650.0,849.0,550735.0,635.0,1273500.0,False,True,True,True,True,False
9361.T,9361,伏木海陸運送,スタンダード（内国株式）,倉庫・運輸関連業,-,2026-08-21,2599.0,2060.0,538855.0,260.0,412000.0,False,True,True,True,True,False
5025.T,5025,マーキュリー,グロース（内国株式）,情報・通信業,-,2026-08-21,1098.0,575.0,538495.0,960.0,115000.0,False,True,True,True,True,False
7896.T,7896,セブン工業,スタンダード（内国株式）,その他製品,-,2026-08-21,2599.0,515.0,531360.0,1045.0,103000.0,False,True,True,True,True,False
6982.T,6982,リード,スタンダード（内国株式）,輸送用機器,-,2026-08-21,2599.0,574.0,511540.0,870.0,459200.0,False,True,True,True,True,False
9445.T,9445,フォーバルテレコム,スタンダード（内国株式）,情報・通信業,-,2026-08-21,2599.0,539.0,468230.0,870.0,808500.0,False,True,True,True,True,False
7689.T,7689,コパ・コーポレーション,グロース（内国株式）,卸売業,-,2026-08-21,1505.0,307.0,414250.0,1340.0,307000.0,False,True,True,True,True,False
9635.T,9635,武蔵野興業,スタンダード（内国株式）,サービス業,-,2026-08-21,2599.0,2549.0,395055.0,155.0,509800.0,False,True,True,True,True,False
6555.T,6555,ＭＳ＆Ｃｏｎｓｕｌｔｉｎｇ,スタンダード（内国株式）,サービス業,-,2026-08-21,2184.0,423.0,391345.0,930.0,592200.0,False,True,True,True,True,False
4645.T,4645,市進ホールディングス,スタンダード（内国株式）,サービス業,-,2026-08-21,2599.0,434.0,383190.0,885.0,434000.0,False,True,True,True,True,False
7863.T,7863,平賀,スタンダード（内国株式）,その他製品,-,2026-08-21,2599.0,939.0,381640.0,405.0,563400.0,False,True,True,True,True,False
7031.T,7031,インバウンドテック,グロース（内国株式）,サービス業,-,2026-08-21,1387.0,688.0,381580.0,535.0,344000.0,False,True,True,True,True,False
7857.T,7857,セキ,スタンダード（内国株式）,その他製品,-,2026-08-21,2599.0,1297.0,373880.0,290.0,129700.0,False,True,True,True,True,False
2795.T,2795,日本プリメックス,スタンダード（内国株式）,卸売業,-,2026-08-21,2599.0,973.0,360960.0,375.0,0.0,False,True,True,True,True,False
9253.T,9253,スローガン,グロース（内国株式）,サービス業,-,2026-08-21,1159.0,735.0,332365.0,460.0,514500.0,False,True,True,True,True,False
7531.T,7531,清和中央ホールディングス,スタンダード（内国株式）,卸売業,-,2026-08-21,2599.0,1295.0,294750.0,225.0,259000.0,False,True,True,True,True,False
9408.T,9408,ＢＳＮメディアホールディングス,スタンダード（内国株式）,情報・通信業,-,2026-08-21,2599.0,2551.0,294285.0,115.0,1020400.0,False,True,True,True,True,False
3670.T,3670,協立情報通信,スタンダード（内国株式）,情報・通信業,-,,,,,,,False,False,False,False,False,False
4171.T,4171,グローバルインフォメーション,スタンダード（内国株式）,情報・通信業,-,,,,,,,False,False,False,False,False,False
523A.T,523A,セイワホールディングス,グロース（内国株式）,金属製品,-,,,,,,,False,False,False,False,False,False
575A.T,575A,前澤ホールディングス,プライム（内国株式）,機械,TOPIX Small 2,,,,,,,False,False,False,False,False,False
581A.T,581A,ＧＯ,グロース（内国株式）,情報・通信業,-,,,,,,,False,False,False,False,False,False
584A.T,584A,ＬｉＮＫＸ,グロース（内国株式）,情報・通信業,-,,,,,,,False,False,False,False,False,False
589A.T,589A,ネイス,グロース（内国株式）,サービス業,-,,,,,,,False,False,False,False,False,False
593A.T,593A,ティアフォー,グロース（内国株式）,情報・通信業,-,,,,,,,False,False,False,False,False,False
598A.T,598A,チャットプラス,グロース（内国株式）,情報・通信業,-,,,,,,,False,False,False,False,False,False
603A.T,603A,アイ・グリッド・ソリューションズ,グロース（内国株式）,電気・ガス業,-,,,,,,,False,False,False,False,False,False
604A.T,604A,ビーエイブル,スタンダード（内国株式）,建設業,-,,,,,,,False,False,False,False,False,False
7851.T,7851,カワセコンピュータサプライ,スタンダード（内国株式）,その他製品,-,,,,,,,False,False,False,False,False,False
7985.T,7985,ネポン,スタンダード（内国株式）,金属製品,-,,,,,,,False,False,False,False,False,False
9914.T,9914,植松商会,スタンダード（内国株式）,卸売業,-,,,,,,,False,False,False,False,False,False
