ticker,code,name,market,sector33,size,last_date,bars,last_close,adv_jpy,adv_shares,turnover_last,ok_adv,ok_price,ok_history,ok_split,ok_fresh,passes
285A.T,285A,キオクシアホールディングス,プライム（内国株式）,電気機器,TOPIX Mid400,2026-09-01,414.0,51000.0,2104266115050.0,40377560.0,1512359100000.0,True,True,True,True,True,True
5803.T,5803,フジクラ,プライム（内国株式）,非鉄金属,TOPIX Large70,2026-09-01,2606.0,5298.0,350067371325.0,64862645.0,224784073800.0,True,True,True,True,True,True
6857.T,6857,アドバンテスト,プライム（内国株式）,電気機器,TOPIX Core30,2026-09-01,2606.0,33380.0,285151896900.0,8238620.0,213792224000.0,True,True,True,True,True,True
6976.T,6976,太陽誘電,プライム（内国株式）,電気機器,TOPIX Mid400,2026-09-01,2606.0,9283.0,246162414380.0,25098205.0,190359982900.0,True,True,True,True,True,True
9984.T,9984,ソフトバンクグループ,プライム（内国株式）,情報・通信業,TOPIX Core30,2026-09-01,2606.0,5262.0,199788968970.0,36665260.0,141012654600.0,True,True,True,True,True,True
6981.T,6981,村田製作所,プライム（内国株式）,電気機器,TOPIX Large70,2026-09-01,2606.0,7290.0,189364454250.0,25203210.0,141138045000.0,True,True,True,True,True,True
8035.T,8035,東京エレクトロン,プライム（内国株式）,電気機器,TOPIX Core30,2026-09-01,2606.0,54980.0,164909789950.0,2921460.0,151783286000.0,True,True,True,True,True,True
4062.T,4062,イビデン,プライム（内国株式）,電気機器,TOPIX Mid400,2026-09-01,2606.0,20545.0,161819427275.0,8138575.0,135066939000.0,True,True,True,True,True,True
5801.T,5801,古河電気工業,プライム（内国株式）,非鉄金属,TOPIX Mid400,2026-09-01,2606.0,3858.0,135963156195.0,34316955.0,80931966600.0,True,True,True,True,True,True
8306.T,8306,三菱ＵＦＪフィナンシャル・グループ,プライム（内国株式）,銀行業,TOPIX Core30,2026-09-01,2606.0,3700.0,126589447685.0,35309160.0,155764450000.0,True,True,True,True,True,True
6920.T,6920,レーザーテック,プライム（内国株式）,電気機器,TOPIX Large70,2026-09-01,2606.0,33080.0,107960408900.0,2825510.0,71829912000.0,True,True,True,True,True,True
6146.T,6146,ディスコ,プライム（内国株式）,機械,TOPIX Large70,2026-09-01,2606.0,56590.0,85665394150.0,1396590.0,66419683000.0,True,True,True,True,True,True
7974.T,7974,任天堂,プライム（内国株式）,その他製品,TOPIX Core30,2026-09-01,2606.0,9103.0,84753113570.0,9935510.0,63698242500.0,True,True,True,True,True,True
7203.T,7203,トヨタ自動車,プライム（内国株式）,輸送用機器,TOPIX Core30,2026-09-01,2606.0,3243.0,82272643290.0,27173575.0,92791634700.0,True,True,True,True,True,True
7011.T,7011,三菱重工業,プライム（内国株式）,機械,TOPIX Core30,2026-09-01,2606.0,3856.0,75627168335.0,18584545.0,64952777600.0,True,True,True,True,True,True
5016.T,5016,ＪＸ金属,プライム（内国株式）,非鉄金属,TOPIX Mid400,2026-09-01,356.0,3842.0,73318635430.0,18946145.0,50321747600.0,True,True,True,True,True,True
8316.T,8316,三井住友フィナンシャルグループ,プライム（内国株式）,銀行業,TOPIX Core30,2026-09-01,2606.0,7009.0,71362840555.0,10537620.0,75103537700.0,True,True,True,True,True,True
9983.T,9983,ファーストリテイリング,プライム（内国株式）,小売業,TOPIX Core30,2026-09-01,2606.0,71260.0,70564801700.0,935000.0,52782282000.0,True,True,True,True,True,True
6525.T,6525,ＫＯＫＵＳＡＩ　ＥＬＥＣＴＲＩＣ,プライム（内国株式）,電気機器,TOPIX Mid400,2026-09-01,696.0,8559.0,69949780735.0,8184895.0,70851402000.0,True,True,True,True,True,True
8411.T,8411,みずほフィナンシャルグループ,プライム（内国株式）,銀行業,TOPIX Core30,2026-09-01,2606.0,8697.0,69450037785.0,8254960.0,69321177900.0,True,True,True,True,True,True
6098.T,6098,リクルートホールディングス,プライム（内国株式）,サービス業,TOPIX Core30,2026-09-01,2606.0,17495.0,67612260075.0,4201350.0,53749888500.0,True,True,True,True,True,True
6501.T,6501,日立製作所,プライム（内国株式）,電気機器,TOPIX Core30,2026-09-01,2606.0,5541.0,60110848195.0,10979650.0,48974682600.0,True,True,True,True,True,True
6758.T,6758,ソニーグループ,プライム（内国株式）,電気機器,TOPIX Core30,2026-09-01,2606.0,4046.0,57672244170.0,15217145.0,58039465400.0,True,True,True,True,True,True
5706.T,5706,三井金属,プライム（内国株式）,非鉄金属,TOPIX Mid400,2026-09-01,2606.0,28825.0,53036477350.0,1798040.0,30107712500.0,True,True,True,True,True,True
5802.T,5802,住友電気工業,プライム（内国株式）,非鉄金属,TOPIX Large70,2026-09-01,2606.0,2209.0,50297725297.5,22334150.0,30137166100.0,True,True,True,True,True,True
6861.T,6861,キーエンス,プライム（内国株式）,電気機器,TOPIX Core30,2026-09-01,2606.0,82280.0,47787904300.0,567925.0,29258768000.0,True,True,True,True,True,True
3436.T,3436,ＳＵＭＣＯ,プライム（内国株式）,金属製品,TOPIX Mid400,2026-09-01,2606.0,3317.0,47650880100.0,13298600.0,40929126400.0,True,True,True,True,True,True
278A.T,278A,Ｔｅｒｒａ　Ｄｒｏｎｅ,グロース（内国株式）,精密機器,-,2026-09-01,427.0,17770.0,46648073200.0,2733085.0,125027943000.0,True,True,True,True,True,True
5713.T,5713,住友金属鉱山,プライム（内国株式）,非鉄金属,TOPIX Mid400,2026-09-01,2606.0,11345.0,41984495050.0,4110595.0,24018499500.0,True,True,True,True,True,True
4004.T,4004,レゾナック・ホールディングス,プライム（内国株式）,化学,TOPIX Mid400,2026-09-01,2606.0,16020.0,41763105375.0,2570575.0,27075402000.0,True,True,True,True,True,True
6723.T,6723,ルネサスエレクトロニクス,プライム（内国株式）,電気機器,TOPIX Large70,2026-09-01,2606.0,3314.0,41686884335.0,11510320.0,30117963400.0,True,True,True,True,True,True
7013.T,7013,ＩＨＩ,プライム（内国株式）,機械,TOPIX Mid400,2026-09-01,2606.0,2736.0,40583529592.5,14628115.0,34431192000.0,True,True,True,True,True,True
6954.T,6954,ファナック,プライム（内国株式）,電気機器,TOPIX Large70,2026-09-01,2606.0,5989.0,37436396975.0,5944415.0,20771648700.0,True,True,True,True,True,True
6752.T,6752,パナソニック　ホールディングス,プライム（内国株式）,電気機器,TOPIX Large70,2026-09-01,2606.0,4459.0,36724445950.0,8247560.0,30286419800.0,True,True,True,True,True,True
8766.T,8766,東京海上ホールディングス,プライム（内国株式）,保険業,TOPIX Core30,2026-09-01,2606.0,7806.0,36329172820.0,4791230.0,34579018800.0,True,True,True,True,True,True
4063.T,4063,信越化学工業,プライム（内国株式）,化学,TOPIX Core30,2026-09-01,2606.0,5968.0,35608599615.0,5797455.0,29444918400.0,True,True,True,True,True,True
7735.T,7735,ＳＣＲＥＥＮホールディングス,プライム（内国株式）,電気機器,TOPIX Mid400,2026-09-01,2606.0,13480.0,34305619900.0,2537775.0,17847520000.0,True,True,True,True,True,True
8136.T,8136,サンリオ,プライム（内国株式）,卸売業,TOPIX Mid400,2026-09-01,2606.0,1317.5,33418395772.5,26517450.0,30488399250.0,True,True,True,True,True,True
6701.T,6701,日本電気,プライム（内国株式）,電気機器,TOPIX Large70,2026-09-01,2606.0,5005.0,32106687145.0,6689350.0,33328795500.0,True,True,True,True,True,True
6367.T,6367,ダイキン工業,プライム（内国株式）,機械,TOPIX Core30,2026-09-01,2606.0,20940.0,32032961275.0,1480215.0,20634276000.0,True,True,True,True,True,True
3103.T,3103,ユニチカ,スタンダード（内国株式）,繊維製品,TOPIX Small 2,2026-09-01,2606.0,1494.0,32003546875.0,21703690.0,28378679400.0,True,True,True,True,True,True
8058.T,8058,三菱商事,プライム（内国株式）,卸売業,TOPIX Core30,2026-09-01,2606.0,4956.0,31991977705.0,6703090.0,41099116800.0,True,True,True,True,True,True
7012.T,7012,川崎重工業,プライム（内国株式）,輸送用機器,TOPIX Mid400,2026-09-01,2606.0,2523.0,31990652357.5,11775540.0,39897208200.0,True,True,True,True,True,True
6503.T,6503,三菱電機,プライム（内国株式）,電気機器,TOPIX Core30,2026-09-01,2606.0,5521.0,31308262460.0,5430430.0,29983998900.0,True,True,True,True,True,True
7267.T,7267,本田技研工業,プライム（内国株式）,輸送用機器,TOPIX Core30,2026-09-01,2606.0,1733.0,29534316677.5,17567835.0,24102044100.0,True,True,True,True,True,True
5401.T,5401,日本製鉄,プライム（内国株式）,鉄鋼,TOPIX Large70,2026-09-01,2606.0,700.2999877929688,29045219920.941162,42824325.0,47589585970.458984,True,True,True,True,True,True
7936.T,7936,アシックス,プライム（内国株式）,その他製品,TOPIX Large70,2026-09-01,2606.0,4371.0,28915047640.0,5931695.0,20302857900.0,True,True,True,True,True,True
8031.T,8031,三井物産,プライム（内国株式）,卸売業,TOPIX Core30,2026-09-01,2606.0,5198.0,27813556440.0,5696785.0,36696840400.0,True,True,True,True,True,True
9433.T,9433,ＫＤＤＩ,プライム（内国株式）,情報・通信業,TOPIX Core30,2026-09-01,2606.0,3007.0,26401577850.0,9145800.0,18836449400.0,True,True,True,True,True,True
6762.T,6762,ＴＤＫ,プライム（内国株式）,電気機器,TOPIX Large70,2026-09-01,2606.0,3079.0,26305477435.0,8521835.0,17702094700.0,True,True,True,True,True,True
8001.T,8001,伊藤忠商事,プライム（内国株式）,卸売業,TOPIX Core30,2026-09-01,2606.0,2148.5,25572258082.5,12392280.0,30051499200.0,True,True,True,True,True,True
9104.T,9104,商船三井,プライム（内国株式）,海運業,TOPIX Large70,2026-09-01,2606.0,7047.0,24605049460.0,3649960.0,20421501300.0,True,True,True,True,True,True
7741.T,7741,ＨＯＹＡ,プライム（内国株式）,精密機器,TOPIX Core30,2026-09-01,2606.0,24890.0,24084644600.0,947830.0,27680169000.0,True,True,True,True,True,True
3110.T,3110,日東紡績,プライム（内国株式）,ガラス・土石製品,TOPIX Small 1,2026-09-01,2606.0,3145.0,23957848520.0,7760545.0,11440566500.0,True,True,True,True,True,True
9101.T,9101,日本郵船,プライム（内国株式）,海運業,TOPIX Large70,2026-09-01,2606.0,7092.0,23822211415.0,3585895.0,15735020400.0,True,True,True,True,True,True
6702.T,6702,富士通,プライム（内国株式）,電気機器,TOPIX Large70,2026-09-01,2606.0,3947.0,23725632630.0,6411640.0,23014562300.0,True,True,True,True,True,True
2914.T,2914,日本たばこ産業,プライム（内国株式）,食料品,TOPIX Core30,2026-09-01,2606.0,7050.0,23660705510.0,3391990.0,24308400000.0,True,True,True,True,True,True
6273.T,6273,ＳＭＣ,プライム（内国株式）,機械,TOPIX Large70,2026-09-01,2606.0,69850.0,23499059550.0,317805.0,14368145000.0,True,True,True,True,True,True
4901.T,4901,富士フイルムホールディングス,プライム（内国株式）,化学,TOPIX Large70,2026-09-01,2606.0,3458.0,22348065105.0,6774410.0,12952976400.0,True,True,True,True,True,True
8002.T,8002,丸紅,プライム（内国株式）,卸売業,TOPIX Large70,2026-09-01,2606.0,5122.0,21798677010.0,4415075.0,25489120800.0,True,True,True,True,True,True
8308.T,8308,りそなホールディングス,プライム（内国株式）,銀行業,TOPIX Large70,2026-09-01,2606.0,2535.0,21608236735.0,9010655.0,22264905000.0,True,True,True,True,True,True
4502.T,4502,武田薬品工業,プライム（内国株式）,医薬品,TOPIX Core30,2026-09-01,2606.0,5845.0,21512948110.0,3800770.0,20473866000.0,True,True,True,True,True,True
8591.T,8591,オリックス,プライム（内国株式）,その他金融業,TOPIX Large70,2026-09-01,2606.0,6361.0,20424694700.0,3248875.0,18013715900.0,True,True,True,True,True,True
6506.T,6506,安川電機,プライム（内国株式）,電気機器,TOPIX Mid400,2026-09-01,2606.0,4700.0,20416427035.0,3982355.0,16312290000.0,True,True,True,True,True,True
6871.T,6871,日本マイクロニクス,プライム（内国株式）,電気機器,TOPIX Small 1,2026-09-01,2606.0,12360.0,20195772500.0,1429815.0,13741848000.0,True,True,True,True,True,True
8725.T,8725,ＭＳ＆ＡＤインシュアランスグループホールディングス,プライム（内国株式）,保険業,TOPIX Large70,2026-09-01,2606.0,5187.0,19431962475.0,3941445.0,24527766900.0,True,True,True,True,True,True
6301.T,6301,小松製作所,プライム（内国株式）,機械,TOPIX Large70,2026-09-01,2606.0,7507.0,19233158885.0,2638400.0,18651141500.0,True,True,True,True,True,True
7272.T,7272,ヤマハ発動機,プライム（内国株式）,輸送用機器,TOPIX Mid400,2026-09-01,2606.0,1951.0,19225310595.0,10467525.0,10653630600.0,True,True,True,True,True,True
9501.T,9501,東京電力ホールディングス,プライム（内国株式）,電気・ガス業,TOPIX Mid400,2026-09-01,2606.0,572.2999877929688,19065802900.985413,35951920.0,31832469921.020508,True,True,True,True,True,True
6361.T,6361,荏原製作所,プライム（内国株式）,機械,TOPIX Mid400,2026-09-01,2606.0,4570.0,19047368390.0,3589430.0,13449510000.0,True,True,True,True,True,True
7182.T,7182,ゆうちょ銀行,プライム（内国株式）,銀行業,TOPIX Large70,2026-09-01,2606.0,3413.0,18986377475.0,5876745.0,18313134100.0,True,True,True,True,True,True
9107.T,9107,川崎汽船,プライム（内国株式）,海運業,TOPIX Mid400,2026-09-01,2606.0,3383.0,18685626462.5,5965085.0,10605366700.0,True,True,True,True,True,True
2802.T,2802,味の素,プライム（内国株式）,食料品,TOPIX Large70,2026-09-01,2606.0,5336.0,18465328490.0,3431945.0,11652223200.0,True,True,True,True,True,True
3382.T,3382,セブン＆アイ・ホールディングス,プライム（内国株式）,小売業,TOPIX Core30,2026-09-01,2606.0,2034.0,18451170960.0,9077150.0,16134298200.0,True,True,True,True,True,True
9434.T,9434,ソフトバンク,プライム（内国株式）,情報・通信業,TOPIX Core30,2026-09-01,1877.0,241.10000610351562,17669777468.644943,75766050.0,14691332431.915283,True,True,True,True,True,True
1605.T,1605,ＩＮＰＥＸ,プライム（内国株式）,鉱業,TOPIX Mid400,2026-09-01,2606.0,4112.0,17405295615.0,4620015.0,21406660800.0,True,True,True,True,True,True
6963.T,6963,ローム,プライム（内国株式）,電気機器,TOPIX Mid400,2026-09-01,2606.0,4904.0,17184333970.0,3585085.0,12930867200.0,True,True,True,True,True,True
7832.T,7832,バンダイナムコホールディングス,プライム（内国株式）,その他製品,TOPIX Large70,2026-09-01,2606.0,5780.0,16998828290.0,3184175.0,16701310000.0,True,True,True,True,True,True
8053.T,8053,住友商事,プライム（内国株式）,卸売業,TOPIX Large70,2026-09-01,2606.0,1849.5,16671520542.5,9503730.0,19218894300.0,True,True,True,True,True,True
8015.T,8015,豊田通商,プライム（内国株式）,卸売業,TOPIX Large70,2026-09-01,2606.0,7707.0,16503549960.0,2253550.0,15472573200.0,True,True,True,True,True,True
4568.T,4568,第一三共,プライム（内国株式）,医薬品,TOPIX Core30,2026-09-01,2606.0,2850.5,16363215912.5,5914535.0,13611137500.0,True,True,True,True,True,True
5108.T,5108,ブリヂストン,プライム（内国株式）,ゴム製品,TOPIX Large70,2026-09-01,2606.0,4166.0,16358808990.0,3968670.0,9658037800.0,True,True,True,True,True,True
4519.T,4519,中外製薬,プライム（内国株式）,医薬品,TOPIX Large70,2026-09-01,2606.0,6934.0,16266958050.0,2345850.0,11254575400.0,True,True,True,True,True,True
6971.T,6971,京セラ,プライム（内国株式）,電気機器,TOPIX Large70,2026-09-01,2606.0,3648.0,16122978250.0,4325750.0,13461849600.0,True,True,True,True,True,True
5411.T,5411,ＪＦＥホールディングス,プライム（内国株式）,鉄鋼,TOPIX Mid400,2026-09-01,2606.0,1936.0,16115838097.5,8752155.0,21782710400.0,True,True,True,True,True,True
5711.T,5711,三菱マテリアル,プライム（内国株式）,非鉄金属,TOPIX Mid400,2026-09-01,2606.0,5926.0,15976466160.0,2925970.0,19140980000.0,True,True,True,True,True,True
8750.T,8750,第一ライフグループ,プライム（内国株式）,保険業,TOPIX Large70,2026-09-01,2606.0,1868.5,15776892677.5,8547350.0,18976299150.0,True,True,True,True,True,True
4755.T,4755,楽天グループ,プライム（内国株式）,サービス業,TOPIX Mid400,2026-09-01,2606.0,756.4000244140625,15708918109.445496,20102970.0,17654452209.82666,True,True,True,True,True,True
4578.T,4578,大塚ホールディングス,プライム（内国株式）,医薬品,TOPIX Large70,2026-09-01,2606.0,12390.0,15347905875.0,1256605.0,11843601000.0,True,True,True,True,True,True
8802.T,8802,三菱地所,プライム（内国株式）,不動産業,TOPIX Large70,2026-09-01,2606.0,3841.0,15274457115.0,4098450.0,11769592200.0,True,True,True,True,True,True
8630.T,8630,ＳＯＭＰＯホールディングス,プライム（内国株式）,保険業,TOPIX Large70,2026-09-01,2606.0,6913.0,15210688765.0,2225080.0,12177249500.0,True,True,True,True,True,True
7751.T,7751,キヤノン,プライム（内国株式）,電気機器,TOPIX Large70,2026-09-01,2606.0,4750.0,15074049445.0,3287365.0,16713350000.0,True,True,True,True,True,True
4503.T,4503,アステラス製薬,プライム（内国株式）,医薬品,TOPIX Large70,2026-09-01,2606.0,2414.5,14987733667.5,6398290.0,13827358600.0,True,True,True,True,True,True
6326.T,6326,クボタ,プライム（内国株式）,機械,TOPIX Large70,2026-09-01,2606.0,3004.0,14688904242.5,5394160.0,19739884800.0,True,True,True,True,True,True
7269.T,7269,スズキ,プライム（内国株式）,輸送用機器,TOPIX Large70,2026-09-01,2606.0,2255.0,14563748910.0,7093025.0,14647352500.0,True,True,True,True,True,True
4452.T,4452,花王,プライム（内国株式）,化学,TOPIX Large70,2026-09-01,2606.0,3614.0,14456357070.0,4047190.0,7629515400.0,True,True,True,True,True,True
8801.T,8801,三井不動産,プライム（内国株式）,不動産業,TOPIX Large70,2026-09-01,2606.0,1555.0,14416431842.5,9692425.0,15701923500.0,True,True,True,True,True,True
8309.T,8309,三井住友トラストグループ,プライム（内国株式）,銀行業,TOPIX Large70,2026-09-01,2606.0,1809.5,14393376142.5,8363615.0,16040131800.0,True,True,True,True,True,True
6526.T,6526,ソシオネクスト,プライム（内国株式）,電気機器,TOPIX Mid400,2026-09-01,952.0,1996.0,14150939327.5,7040120.0,7297575600.0,True,True,True,True,True,True
6305.T,6305,日立建機,プライム（内国株式）,機械,TOPIX Mid400,2026-09-01,2606.0,5934.0,14075841560.0,2485445.0,9154975200.0,True,True,True,True,True,True
4661.T,4661,オリエンタルランド,プライム（内国株式）,サービス業,TOPIX Large70,2026-09-01,2606.0,3026.0,14005012115.0,4723030.0,10212144800.0,True,True,True,True,True,True
6902.T,6902,デンソー,プライム（内国株式）,輸送用機器,TOPIX Large70,2026-09-01,2606.0,1981.0,13647689702.5,7086140.0,17087511700.0,True,True,True,True,True,True
8604.T,8604,野村ホールディングス,プライム（内国株式）,証券、商品先物取引業,TOPIX Large70,2026-09-01,2606.0,1640.5,13544561220.0,8622310.0,11262524650.0,True,True,True,True,True,True
6330.T,6330,東洋エンジニアリング,プライム（内国株式）,建設業,TOPIX Small 2,2026-09-01,2606.0,2609.0,13464539860.0,5354960.0,22075792600.0,True,True,True,True,True,True
8267.T,8267,イオン,プライム（内国株式）,小売業,TOPIX Large70,2026-09-01,2606.0,1360.0,13436777212.5,9821025.0,10572368000.0,True,True,True,True,True,True
3563.T,3563,ＦＯＯＤ　＆　ＬＩＦＥ　ＣＯＭＰＡＮＩＥＳ,プライム（内国株式）,小売業,TOPIX Mid400,2026-09-01,2322.0,6040.0,13017151410.0,2255355.0,10960788000.0,True,True,True,True,True,True
4307.T,4307,野村総合研究所,プライム（内国株式）,情報・通信業,TOPIX Large70,2026-09-01,2606.0,5344.0,12818334170.0,2588290.0,9067699200.0,True,True,True,True,True,True
6890.T,6890,フェローテック,スタンダード（内国株式）,電気機器,-,2026-09-01,2606.0,9160.0,12758480850.0,1405830.0,8889780000.0,True,True,True,True,True,True
6383.T,6383,ダイフク,プライム（内国株式）,機械,TOPIX Mid400,2026-09-01,2606.0,5768.0,12579171575.0,2084825.0,10096884000.0,True,True,True,True,True,True
6645.T,6645,オムロン,プライム（内国株式）,電気機器,TOPIX Mid400,2026-09-01,2606.0,6553.0,12419930310.0,1877465.0,6246319600.0,True,True,True,True,True,True
4543.T,4543,テルモ,プライム（内国株式）,精密機器,TOPIX Large70,2026-09-01,2606.0,2544.5,12304746392.5,4861020.0,7174981100.0,True,True,True,True,True,True
7270.T,7270,ＳＵＢＡＲＵ,プライム（内国株式）,輸送用機器,TOPIX Large70,2026-09-01,2606.0,2735.5,12143566730.0,4703640.0,9193194850.0,True,True,True,True,True,True
1812.T,1812,鹿島建設,プライム（内国株式）,建設業,TOPIX Mid400,2026-09-01,2606.0,5016.0,12131935035.0,2458955.0,12911184000.0,True,True,True,True,True,True
8473.T,8473,ＳＢＩホールディングス,プライム（内国株式）,証券、商品先物取引業,TOPIX Mid400,2026-09-01,2606.0,3299.0,12034503675.0,3774685.0,14214731200.0,True,True,True,True,True,True
6178.T,6178,日本郵政,プライム（内国株式）,サービス業,TOPIX Large70,2026-09-01,2606.0,2554.0,12011774290.0,5003150.0,16736106600.0,True,True,True,True,True,True
7532.T,7532,パン・パシフィック・インターナショナルホールディングス,プライム（内国株式）,小売業,TOPIX Mid400,2026-09-01,2606.0,776.5999755859375,11831463922.97821,14072460.0,24785343540.820312,True,True,True,True,True,True
7201.T,7201,日産自動車,プライム（内国株式）,輸送用機器,TOPIX Mid400,2026-09-01,2606.0,338.8999938964844,11758999926.525116,35693325.0,15516637890.548706,True,True,True,True,True,True
2502.T,2502,アサヒグループホールディングス,プライム（内国株式）,食料品,TOPIX Large70,2026-09-01,2606.0,1693.0,11711273292.5,6987960.0,6808568800.0,True,True,True,True,True,True
3905.T,3905,データセクション,グロース（内国株式）,情報・通信業,-,2026-09-01,2606.0,1635.0,11412674875.0,6467970.0,5276635500.0,True,True,True,True,True,True
6787.T,6787,メイコー,プライム（内国株式）,電気機器,TOPIX Small 1,2026-09-01,2606.0,18550.0,11244504700.0,590710.0,13159370000.0,True,True,True,True,True,True
6315.T,6315,ＴＯＷＡ,プライム（内国株式）,機械,TOPIX Small 1,2026-09-01,2606.0,2274.0,11093426750.0,4471045.0,7802321400.0,True,True,True,True,True,True
7453.T,7453,良品計画,プライム（内国株式）,小売業,TOPIX Mid400,2026-09-01,2606.0,4350.0,11064679025.0,2543015.0,10701870000.0,True,True,True,True,True,True
6504.T,6504,富士電機,プライム（内国株式）,電気機器,TOPIX Mid400,2026-09-01,2606.0,13670.0,11051270000.0,773600.0,6665492000.0,True,True,True,True,True,True
4911.T,4911,資生堂,プライム（内国株式）,化学,TOPIX Mid400,2026-09-01,2606.0,3620.0,10860982715.0,3060565.0,9474626000.0,True,True,True,True,True,True
4689.T,4689,ＬＩＮＥヤフー,プライム（内国株式）,情報・通信業,TOPIX Large70,2026-09-01,2606.0,560.5999755859375,10808425197.703094,21102495.0,12048246495.300293,True,True,True,True,True,True
7003.T,7003,三井Ｅ＆Ｓ,プライム（内国株式）,機械,TOPIX Mid400,2026-09-01,2606.0,4256.0,10807490745.0,2552795.0,9261056000.0,True,True,True,True,True,True
3659.T,3659,ネクソン,プライム（内国株式）,情報・通信業,TOPIX Mid400,2026-09-01,2606.0,3205.0,10705657137.5,3645555.0,10821041500.0,True,True,True,True,True,True
6479.T,6479,ミネベアミツミ,プライム（内国株式）,電気機器,TOPIX Mid400,2026-09-01,2606.0,3410.0,10650392795.0,2955040.0,7666021000.0,True,True,True,True,True,True
9020.T,9020,東日本旅客鉄道,プライム（内国株式）,陸運業,TOPIX Large70,2026-09-01,2606.0,3607.0,10537817450.0,3014145.0,8391324800.0,True,True,True,True,True,True
7733.T,7733,オリンパス,プライム（内国株式）,精密機器,TOPIX Large70,2026-09-01,2606.0,2129.5,10475996022.5,5032590.0,10754826800.0,True,True,True,True,True,True
3350.T,3350,メタプラネット,スタンダード（内国株式）,卸売業,-,2026-09-01,2606.0,326.0,10364874190.0,35905290.0,11999277600.0,True,True,True,True,True,True
9843.T,9843,ニトリホールディングス,プライム（内国株式）,小売業,TOPIX Mid400,2026-09-01,2606.0,3030.0,10283334377.5,3507270.0,5053434000.0,True,True,True,True,True,True
3099.T,3099,三越伊勢丹ホールディングス,プライム（内国株式）,小売業,TOPIX Mid400,2026-09-01,2606.0,3516.0,10108623895.0,2818170.0,6103424400.0,True,True,True,True,True,True
2413.T,2413,エムスリー,プライム（内国株式）,サービス業,TOPIX Mid400,2026-09-01,2606.0,1830.0,10068800790.0,5960895.0,5727351000.0,True,True,True,True,True,True
8830.T,8830,住友不動産,プライム（内国株式）,不動産業,TOPIX Large70,2026-09-01,2606.0,3393.0,9874908455.0,2910590.0,10765989000.0,True,True,True,True,True,True
4751.T,4751,サイバーエージェント,プライム（内国株式）,サービス業,TOPIX Mid400,2026-09-01,2606.0,1330.5,9855534225.0,7565100.0,7075599000.0,True,True,True,True,True,True
4385.T,4385,メルカリ,プライム（内国株式）,情報・通信業,TOPIX Mid400,2026-09-01,2008.0,4619.0,9816904515.0,2086675.0,7544212700.0,True,True,True,True,True,True
9766.T,9766,コナミグループ,プライム（内国株式）,情報・通信業,TOPIX Mid400,2026-09-01,2606.0,21985.0,9812387800.0,455185.0,7734323000.0,True,True,True,True,True,True
9503.T,9503,関西電力,プライム（内国株式）,電気・ガス業,TOPIX Mid400,2026-09-01,2606.0,2955.0,9802092287.5,3815065.0,20999116500.0,True,True,True,True,True,True
5020.T,5020,ＥＮＥＯＳホールディングス,プライム（内国株式）,石油・石炭製品,TOPIX Large70,2026-09-01,2606.0,1389.0,9475676145.0,7221320.0,10304157600.0,True,True,True,True,True,True
7911.T,7911,ＴＯＰＰＡＮホールディングス,プライム（内国株式）,その他製品,TOPIX Mid400,2026-09-01,2606.0,4942.0,9431106875.0,1847870.0,7171336200.0,True,True,True,True,True,True
2503.T,2503,キリンホールディングス,プライム（内国株式）,食料品,TOPIX Large70,2026-09-01,2606.0,3061.0,9390063695.0,3112200.0,6197606700.0,True,True,True,True,True,True
5101.T,5101,横浜ゴム,プライム（内国株式）,ゴム製品,TOPIX Mid400,2026-09-01,2606.0,7436.0,9331550480.0,1237425.0,5044582400.0,True,True,True,True,True,True
9697.T,9697,カプコン,プライム（内国株式）,情報・通信業,TOPIX Mid400,2026-09-01,2606.0,4336.0,9308698070.0,2250020.0,11333003200.0,True,True,True,True,True,True
3407.T,3407,旭化成,プライム（内国株式）,化学,TOPIX Large70,2026-09-01,2606.0,1688.5,9284963010.0,5618835.0,7846121800.0,True,True,True,True,True,True
6988.T,6988,日東電工,プライム（内国株式）,化学,TOPIX Mid400,2026-09-01,2606.0,3580.0,8830807025.0,2540695.0,7935070000.0,True,True,True,True,True,True
6481.T,6481,ＴＨＫ,プライム（内国株式）,機械,TOPIX Mid400,2026-09-01,2606.0,6573.0,8821090920.0,1232815.0,7110671400.0,True,True,True,True,True,True
5201.T,5201,ＡＧＣ,プライム（内国株式）,ガラス・土石製品,TOPIX Mid400,2026-09-01,2606.0,5855.0,8739324970.0,1514570.0,7517234500.0,True,True,True,True,True,True
9022.T,9022,東海旅客鉄道,プライム（内国株式）,陸運業,TOPIX Large70,2026-09-01,2606.0,4003.0,8667007025.0,2231205.0,9319784600.0,True,True,True,True,True,True
1925.T,1925,大和ハウス工業,プライム（内国株式）,建設業,TOPIX Large70,2026-09-01,2606.0,4744.0,8656219715.0,1869745.0,7666304000.0,True,True,True,True,True,True
1801.T,1801,大成建設,プライム（内国株式）,建設業,TOPIX Mid400,2026-09-01,2606.0,12995.0,8610933275.0,670045.0,10091917000.0,True,True,True,True,True,True
7261.T,7261,マツダ,プライム（内国株式）,輸送用機器,TOPIX Mid400,2026-09-01,2606.0,1272.0,8453092055.0,7181060.0,9437349600.0,True,True,True,True,True,True
6324.T,6324,ハーモニック・ドライブ・システムズ,プライム（内国株式）,機械,TOPIX Small 2,2026-09-01,2606.0,5630.0,8304364900.0,1315355.0,4725259000.0,True,True,True,True,True,True
5334.T,5334,日本特殊陶業,プライム（内国株式）,ガラス・土石製品,TOPIX Mid400,2026-09-01,2606.0,8353.0,8289843310.0,910350.0,11568069700.0,True,True,True,True,True,True
6532.T,6532,ベイカレント,プライム（内国株式）,サービス業,TOPIX Mid400,2026-09-01,2462.0,8143.0,8236734690.0,1091575.0,9179603900.0,True,True,True,True,True,True
7729.T,7729,東京精密,プライム（内国株式）,精密機器,TOPIX Mid400,2026-09-01,2606.0,17360.0,8210062150.0,453560.0,5374656000.0,True,True,True,True,True,True
4005.T,4005,住友化学,プライム（内国株式）,化学,TOPIX Mid400,2026-09-01,2606.0,620.0999755859375,8195532175.612488,15490465.0,16894189764.855957,True,True,True,True,True,True
9735.T,9735,セコム,プライム（内国株式）,サービス業,TOPIX Large70,2026-09-01,2606.0,6496.0,8179594415.0,1260035.0,7182627200.0,True,True,True,True,True,True
4392.T,4392,ＦＩＧ,プライム（内国株式）,情報・通信業,-,2026-09-01,1999.0,1146.0,8178055710.0,6979365.0,5346204600.0,True,True,True,True,True,True
9502.T,9502,中部電力,プライム（内国株式）,電気・ガス業,TOPIX Mid400,2026-09-01,2606.0,2999.0,8176523050.0,2890430.0,8729489200.0,True,True,True,True,True,True
6590.T,6590,芝浦メカトロニクス,プライム（内国株式）,電気機器,TOPIX Small 1,2026-09-01,2606.0,4030.0,8124400675.0,1853330.0,4553900000.0,True,True,True,True,True,True
4182.T,4182,三菱瓦斯化学,プライム（内国株式）,化学,TOPIX Mid400,2026-09-01,2606.0,3896.0,8113404130.0,2029130.0,9791037600.0,True,True,True,True,True,True
8601.T,8601,大和証券グループ本社,プライム（内国株式）,証券、商品先物取引業,TOPIX Mid400,2026-09-01,2606.0,1860.5,8103949945.0,4488385.0,6419283150.0,True,True,True,True,True,True
6594.T,6594,ニデック,プライム（内国株式）,電気機器,-,2026-09-01,2606.0,2571.0,8038226760.0,2998435.0,6044163900.0,True,True,True,True,True,True
1802.T,1802,大林組,プライム（内国株式）,建設業,TOPIX Mid400,2026-09-01,2606.0,3065.0,7995833060.0,2644820.0,8943976500.0,True,True,True,True,True,True
5333.T,5333,ＮＧＫ,プライム（内国株式）,ガラス・土石製品,TOPIX Mid400,2026-09-01,2606.0,5360.0,7893500695.0,1399270.0,7560280000.0,True,True,True,True,True,True
8795.T,8795,Ｔ＆Ｄホールディングス,プライム（内国株式）,保険業,TOPIX Mid400,2026-09-01,2606.0,4950.0,7758554175.0,1591100.0,7365105000.0,True,True,True,True,True,True
4186.T,4186,東京応化工業,プライム（内国株式）,化学,TOPIX Mid400,2026-09-01,2606.0,8535.0,7734342570.0,853775.0,6047901000.0,True,True,True,True,True,True
6134.T,6134,ＦＵＪＩ,プライム（内国株式）,機械,TOPIX Mid400,2026-09-01,2606.0,7030.0,7544039205.0,961265.0,4126610000.0,True,True,True,True,True,True
6613.T,6613,ＱＤレーザ,グロース（内国株式）,電気機器,-,2026-09-01,1362.0,2027.0,7475639560.0,3625920.0,4602506200.0,True,True,True,True,True,True
6323.T,6323,ローツェ,プライム（内国株式）,機械,TOPIX Mid400,2026-09-01,2606.0,3931.0,7438079010.0,1795410.0,4056792000.0,True,True,True,True,True,True
5838.T,5838,楽天銀行,プライム（内国株式）,銀行業,TOPIX Mid400,2026-09-01,822.0,6416.0,7422443870.0,1232780.0,4631068800.0,True,True,True,True,True,True
6141.T,6141,ＤＭＧ森精機,プライム（内国株式）,機械,TOPIX Mid400,2026-09-01,2606.0,2980.0,7400633170.0,2258230.0,4646416000.0,True,True,True,True,True,True
4684.T,4684,オービック,プライム（内国株式）,情報・通信業,TOPIX Mid400,2026-09-01,2606.0,5062.0,7382545365.0,1557585.0,10385199200.0,True,True,True,True,True,True
9024.T,9024,西武ホールディングス,プライム（内国株式）,陸運業,TOPIX Mid400,2026-09-01,2606.0,3469.0,7321643725.0,2172625.0,4952344400.0,True,True,True,True,True,True
3402.T,3402,東レ,プライム（内国株式）,繊維製品,TOPIX Mid400,2026-09-01,2606.0,1316.5,7320460250.0,5607060.0,5141854050.0,True,True,True,True,True,True
1928.T,1928,積水ハウス,プライム（内国株式）,建設業,TOPIX Large70,2026-09-01,2606.0,3470.0,7273671115.0,2124365.0,7487219000.0,True,True,True,True,True,True
4507.T,4507,塩野義製薬,プライム（内国株式）,医薬品,TOPIX Large70,2026-09-01,2606.0,2950.0,7156692555.0,2509005.0,6681160000.0,True,True,True,True,True,True
6269.T,6269,三井海洋開発,プライム（内国株式）,機械,TOPIX Mid400,2026-09-01,2606.0,9840.0,7101319885.0,708795.0,4979040000.0,True,True,True,True,True,True
9147.T,9147,ＮＩＰＰＯＮ　ＥＸＰＲＥＳＳホールディングス,プライム（内国株式）,陸運業,TOPIX Mid400,2026-09-01,1140.0,5866.0,7089932835.0,1271240.0,6735341200.0,True,True,True,True,True,True
7014.T,7014,名村造船所,スタンダード（内国株式）,輸送用機器,TOPIX Small 1,2026-09-01,2606.0,4565.0,6991248600.0,1548925.0,8463053500.0,True,True,True,True,True,True
2801.T,2801,キッコーマン,プライム（内国株式）,食料品,TOPIX Mid400,2026-09-01,2606.0,1827.0,6924490157.5,3909040.0,4220187300.0,True,True,True,True,True,True
8697.T,8697,日本取引所グループ,プライム（内国株式）,その他金融業,TOPIX Large70,2026-09-01,2606.0,2216.5,6910253535.0,3075205.0,7068196850.0,True,True,True,True,True,True
543A.T,543A,ＡＲＣＨＩＯＮ,プライム（内国株式）,輸送用機器,TOPIX Small 1,2026-09-01,2606.0,289.0,6905849640.0,25008685.0,8701067500.0,True,True,True,True,True,True
7186.T,7186,横浜フィナンシャルグループ,プライム（内国株式）,銀行業,TOPIX Mid400,2026-09-01,2566.0,1956.0,6902784132.5,3653140.0,6931672800.0,True,True,True,True,True,True
1803.T,1803,清水建設,プライム（内国株式）,建設業,TOPIX Mid400,2026-09-01,2606.0,2454.0,6849997402.5,2871800.0,6441013800.0,True,True,True,True,True,True
6965.T,6965,浜松ホトニクス,プライム（内国株式）,電気機器,TOPIX Mid400,2026-09-01,2606.0,2348.5,6837129012.5,2817355.0,4435611950.0,True,True,True,True,True,True
5805.T,5805,ＳＷＣＣ,プライム（内国株式）,非鉄金属,TOPIX Small 1,2026-09-01,2606.0,14360.0,6835623700.0,498835.0,4886708000.0,True,True,True,True,True,True
5105.T,5105,ＴＯＹＯ　ＴＩＲＥ,プライム（内国株式）,ゴム製品,TOPIX Mid400,2026-09-01,2606.0,3837.0,6799247070.0,1804310.0,7740380100.0,True,True,True,True,True,True
6841.T,6841,横河電機,プライム（内国株式）,電気機器,TOPIX Mid400,2026-09-01,2606.0,5100.0,6743122865.0,1263655.0,3966270000.0,True,True,True,True,True,True
4188.T,4188,三菱ケミカルグループ,プライム（内国株式）,化学,TOPIX Large70,2026-09-01,2606.0,1266.5,6684150512.5,5654070.0,9156795000.0,True,True,True,True,True,True
8331.T,8331,千葉銀行,プライム（内国株式）,銀行業,TOPIX Mid400,2026-09-01,2606.0,2855.0,6576366452.5,2386975.0,6954780000.0,True,True,True,True,True,True
9021.T,9021,西日本旅客鉄道,プライム（内国株式）,陸運業,TOPIX Large70,2026-09-01,2606.0,3031.0,6522642170.0,2230345.0,5165430200.0,True,True,True,True,True,True
7550.T,7550,ゼンショーホールディングス,プライム（内国株式）,小売業,TOPIX Mid400,2026-09-01,2606.0,11590.0,6492528005.0,574510.0,6277144000.0,True,True,True,True,True,True
5714.T,5714,ＤＯＷＡホールディングス,プライム（内国株式）,非鉄金属,TOPIX Mid400,2026-09-01,2606.0,10200.0,6403827795.0,665400.0,6234240000.0,True,True,True,True,True,True
5831.T,5831,しずおかフィナンシャルグループ,プライム（内国株式）,銀行業,TOPIX Mid400,2026-09-01,958.0,3686.0,6389986675.0,1842740.0,6353189600.0,True,True,True,True,True,True
4704.T,4704,トレンドマイクロ,プライム（内国株式）,情報・通信業,TOPIX Mid400,2026-09-01,2606.0,6045.0,6341787250.0,1077110.0,4528914000.0,True,True,True,True,True,True
6227.T,6227,ＡＩメカテック,スタンダード（内国株式）,機械,-,2026-09-01,1245.0,6450.0,6276902450.0,960530.0,3559110000.0,True,True,True,True,True,True
6728.T,6728,アルバック,プライム（内国株式）,電気機器,TOPIX Mid400,2026-09-01,2606.0,7385.0,6224875790.0,774855.0,2873503500.0,True,True,True,True,True,True
2768.T,2768,双日,プライム（内国株式）,卸売業,TOPIX Mid400,2026-09-01,2606.0,5813.0,6218611470.0,1112220.0,9239182200.0,True,True,True,True,True,True
5332.T,5332,ＴＯＴＯ,プライム（内国株式）,ガラス・土石製品,TOPIX Mid400,2026-09-01,2606.0,6240.0,6216270465.0,964520.0,8357232000.0,True,True,True,True,True,True
5344.T,5344,ＭＡＲＵＷＡ,プライム（内国株式）,ガラス・土石製品,TOPIX Mid400,2026-09-01,2606.0,52270.0,6165596200.0,107640.0,4066606000.0,True,True,True,True,True,True
7202.T,7202,いすゞ自動車,プライム（内国株式）,輸送用機器,TOPIX Mid400,2026-09-01,2606.0,2320.0,6094445925.0,2713305.0,7204528000.0,True,True,True,True,True,True
4203.T,4203,住友ベークライト,プライム（内国株式）,化学,TOPIX Mid400,2026-09-01,2606.0,7530.0,6054227190.0,807640.0,4127946000.0,True,True,True,True,True,True
9531.T,9531,東京瓦斯,プライム（内国株式）,電気・ガス業,TOPIX Mid400,2026-09-01,2606.0,6369.0,6043046655.0,997500.0,6062014200.0,True,True,True,True,True,True
9412.T,9412,スカパーＪＳＡＴ,プライム（内国株式）,情報・通信業,TOPIX Small 1,2026-09-01,2606.0,2060.0,6018930935.0,2632165.0,4434356000.0,True,True,True,True,True,True
8050.T,8050,セイコーグループ,プライム（内国株式）,精密機器,TOPIX Small 1,2026-09-01,2606.0,11550.0,5987913450.0,557530.0,5200965000.0,True,True,True,True,True,True
6113.T,6113,アマダ,プライム（内国株式）,機械,TOPIX Mid400,2026-09-01,2606.0,2579.0,5944240820.0,2201965.0,3436775400.0,True,True,True,True,True,True
4523.T,4523,エーザイ,プライム（内国株式）,医薬品,TOPIX Mid400,2026-09-01,2606.0,4756.0,5887870985.0,1226970.0,5178808400.0,True,True,True,True,True,True
6869.T,6869,シスメックス,プライム（内国株式）,電気機器,TOPIX Mid400,2026-09-01,2606.0,1967.0,5870290147.5,3100820.0,4096277500.0,True,True,True,True,True,True
9201.T,9201,日本航空,プライム（内国株式）,空運業,TOPIX Mid400,2026-09-01,2606.0,3025.0,5862465992.5,1940195.0,4636417500.0,True,True,True,True,True,True
8593.T,8593,三菱ＨＣキャピタル,プライム（内国株式）,その他金融業,TOPIX Mid400,2026-09-01,2606.0,1415.0,5843618807.5,4172825.0,5020420000.0,True,True,True,True,True,True
4588.T,4588,オンコリスバイオファーマ,グロース（内国株式）,医薬品,-,2026-09-01,2606.0,4155.0,5815110560.0,1590005.0,8779099500.0,True,True,True,True,True,True
9202.T,9202,ＡＮＡホールディングス,プライム（内国株式）,空運業,TOPIX Large70,2026-09-01,2606.0,3037.0,5790487390.0,1880280.0,4953650700.0,True,True,True,True,True,True
3778.T,3778,さくらインターネット,プライム（内国株式）,情報・通信業,TOPIX Small 1,2026-09-01,2606.0,3790.0,5749897325.0,1535090.0,2375572000.0,True,True,True,True,True,True
4980.T,4980,デクセリアルズ,プライム（内国株式）,化学,TOPIX Mid400,2026-09-01,2606.0,3046.0,5737330082.5,1851600.0,4114232200.0,True,True,True,True,True,True
9962.T,9962,ミスミグループ本社,プライム（内国株式）,卸売業,TOPIX Mid400,2026-09-01,2606.0,3778.0,5698611860.0,1511555.0,3759487800.0,True,True,True,True,True,True
6302.T,6302,住友重機械工業,プライム（内国株式）,機械,TOPIX Mid400,2026-09-01,2606.0,5779.0,5608204810.0,962970.0,3705494800.0,True,True,True,True,True,True
6856.T,6856,堀場製作所,プライム（内国株式）,電気機器,TOPIX Mid400,2026-09-01,2606.0,23440.0,5590353725.0,225850.0,3035480000.0,True,True,True,True,True,True
5631.T,5631,日本製鋼所,プライム（内国株式）,機械,TOPIX Mid400,2026-09-01,2606.0,7398.0,5557231610.0,719190.0,6445137600.0,True,True,True,True,True,True
2269.T,2269,明治ホールディングス,プライム（内国株式）,食料品,TOPIX Mid400,2026-09-01,2606.0,4544.0,5446051225.0,1298310.0,3527507200.0,True,True,True,True,True,True
6806.T,6806,ヒロセ電機,プライム（内国株式）,電気機器,TOPIX Mid400,2026-09-01,2606.0,25930.0,5416313300.0,204355.0,2709685000.0,True,True,True,True,True,True
5019.T,5019,出光興産,プライム（内国株式）,石油・石炭製品,TOPIX Mid400,2026-09-01,2606.0,1482.5,5398174615.0,4012505.0,9025015250.0,True,True,True,True,True,True
268A.T,268A,リガク・ホールディングス,プライム（内国株式）,精密機器,TOPIX Small 1,2026-09-01,451.0,1578.0,5365704305.0,2832035.0,3737177400.0,True,True,True,True,True,True
4021.T,4021,日産化学,プライム（内国株式）,化学,TOPIX Mid400,2026-09-01,2606.0,8325.0,5365131415.0,675395.0,3233430000.0,True,True,True,True,True,True
9602.T,9602,東宝,プライム（内国株式）,情報・通信業,TOPIX Mid400,2026-09-01,2606.0,1588.0,5361668127.5,3517865.0,5370457200.0,True,True,True,True,True,True
8113.T,8113,ユニ・チャーム,プライム（内国株式）,化学,TOPIX Large70,2026-09-01,2606.0,987.7000122070312,5338924605.668945,5366770.0,5334864075.933838,True,True,True,True,True,True
7762.T,7762,シチズン時計,プライム（内国株式）,精密機器,TOPIX Small 1,2026-09-01,2606.0,2843.0,5330424900.0,2016250.0,4642619000.0,True,True,True,True,True,True
1944.T,1944,きんでん,プライム（内国株式）,建設業,TOPIX Mid400,2026-09-01,2606.0,7268.0,5325193835.0,769925.0,6477968400.0,True,True,True,True,True,True
186A.T,186A,アストロスケールホールディングス,グロース（内国株式）,サービス業,-,2026-09-01,548.0,1122.0,5302758470.0,4407390.0,3903886800.0,True,True,True,True,True,True
6724.T,6724,セイコーエプソン,プライム（内国株式）,電気機器,TOPIX Mid400,2026-09-01,2606.0,3317.0,5238465395.0,1672175.0,5313170600.0,True,True,True,True,True,True
1911.T,1911,住友林業,プライム（内国株式）,建設業,TOPIX Mid400,2026-09-01,2606.0,1340.0,5213983247.5,3899895.0,3827442000.0,True,True,True,True,True,True
6855.T,6855,日本電子材料,スタンダード（内国株式）,電気機器,TOPIX Small 2,2026-09-01,2606.0,6280.0,5209871750.0,770665.0,2712332000.0,True,True,True,True,True,True
1942.T,1942,関電工,プライム（内国株式）,建設業,TOPIX Mid400,2026-09-01,2606.0,5797.0,5205783925.0,943265.0,8444489900.0,True,True,True,True,True,True
6674.T,6674,ジーエス・ユアサ　コーポレーション,プライム（内国株式）,電気機器,TOPIX Mid400,2026-09-01,2606.0,5283.0,5186504755.0,936615.0,3485195100.0,True,True,True,True,True,True
6952.T,6952,カシオ計算機,プライム（内国株式）,電気機器,TOPIX Mid400,2026-09-01,2606.0,2520.0,5181686792.5,2202310.0,5408676000.0,True,True,True,True,True,True
2737.T,2737,トーメンデバイス,プライム（内国株式）,卸売業,TOPIX Small 2,2026-09-01,2606.0,35000.0,5177445700.0,164665.0,3790500000.0,True,True,True,True,True,True
6278.T,6278,ユニオンツール,プライム（内国株式）,機械,TOPIX Small 1,2026-09-01,2606.0,13810.0,5145712450.0,315895.0,2506515000.0,True,True,True,True,True,True
8303.T,8303,ＳＢＩ新生銀行,プライム（内国株式）,銀行業,TOPIX Mid400,2026-09-01,2074.0,1580.0,5145545362.5,3298375.0,3827866000.0,True,True,True,True,True,True
2702.T,2702,日本マクドナルドホールディングス,スタンダード（内国株式）,小売業,-,2026-09-01,2606.0,8190.0,5120931850.0,641430.0,3650283000.0,True,True,True,True,True,True
6370.T,6370,栗田工業,プライム（内国株式）,機械,TOPIX Mid400,2026-09-01,2606.0,8006.0,5107642330.0,608080.0,3669950400.0,True,True,True,True,True,True
7747.T,7747,朝日インテック,プライム（内国株式）,精密機器,TOPIX Mid400,2026-09-01,2606.0,3797.0,5098202960.0,1289440.0,3475773800.0,True,True,True,True,True,True
4768.T,4768,大塚商会,プライム（内国株式）,情報・通信業,TOPIX Mid400,2026-09-01,2606.0,3675.0,5061806415.0,1457915.0,4849897500.0,True,True,True,True,True,True
4506.T,4506,住友ファーマ,プライム（内国株式）,医薬品,TOPIX Mid400,2026-09-01,2606.0,1590.0,5023014737.5,3641865.0,5603319000.0,True,True,True,True,True,True
1878.T,1878,大東建託,プライム（内国株式）,不動産業,TOPIX Mid400,2026-09-01,2606.0,3365.0,5013892745.0,1536000.0,5032694000.0,True,True,True,True,True,True
7309.T,7309,シマノ,プライム（内国株式）,輸送用機器,TOPIX Large70,2026-09-01,2606.0,19830.0,5009776550.0,251885.0,5312457000.0,True,True,True,True,True,True
6448.T,6448,ブラザー工業,プライム（内国株式）,電気機器,TOPIX Mid400,2026-09-01,2606.0,5052.0,5007246330.0,1084390.0,5775951600.0,True,True,True,True,True,True
6407.T,6407,ＣＫＤ,プライム（内国株式）,機械,TOPIX Small 1,2026-09-01,2606.0,5330.0,4973694050.0,827260.0,3259295000.0,True,True,True,True,True,True
8304.T,8304,あおぞら銀行,プライム（内国株式）,銀行業,TOPIX Mid400,2026-09-01,2606.0,3467.0,4938158820.0,1480130.0,3794284800.0,True,True,True,True,True,True
9684.T,9684,スクウェア・エニックス・ホールディングス,プライム（内国株式）,情報・通信業,TOPIX Mid400,2026-09-01,2606.0,3161.0,4883352837.5,1662555.0,18382795500.0,True,True,True,True,True,True
2897.T,2897,日清食品ホールディングス,プライム（内国株式）,食料品,TOPIX Mid400,2026-09-01,2606.0,3021.0,4875822492.5,1657395.0,3131870700.0,True,True,True,True,True,True
8354.T,8354,ふくおかフィナンシャルグループ,プライム（内国株式）,銀行業,TOPIX Mid400,2026-09-01,2606.0,7941.0,4835899180.0,636415.0,3542480100.0,True,True,True,True,True,True
4183.T,4183,三井化学,プライム（内国株式）,化学,TOPIX Mid400,2026-09-01,2606.0,2320.0,4777620235.0,2196625.0,9562112000.0,True,True,True,True,True,True
7259.T,7259,アイシン,プライム（内国株式）,輸送用機器,TOPIX Mid400,2026-09-01,2606.0,2317.0,4748381245.0,2118255.0,5846022700.0,True,True,True,True,True,True
4527.T,4527,ロート製薬,プライム（内国株式）,医薬品,TOPIX Mid400,2026-09-01,2606.0,3047.0,4737194105.0,1669530.0,2446436300.0,True,True,True,True,True,True
9532.T,9532,大阪瓦斯,プライム（内国株式）,電気・ガス業,TOPIX Mid400,2026-09-01,2606.0,5879.0,4707484365.0,850235.0,5671471300.0,True,True,True,True,True,True
5110.T,5110,住友ゴム工業,プライム（内国株式）,ゴム製品,TOPIX Mid400,2026-09-01,2606.0,2292.5,4690717810.0,2005660.0,3773225750.0,True,True,True,True,True,True
2587.T,2587,サントリービバレッジ＆フード,プライム（内国株式）,食料品,TOPIX Mid400,2026-09-01,2606.0,4527.0,4655927890.0,1018900.0,3191082300.0,True,True,True,True,True,True
7752.T,7752,リコー,プライム（内国株式）,電気機器,TOPIX Mid400,2026-09-01,2606.0,1745.5,4615013412.5,2842720.0,3091280500.0,True,True,True,True,True,True
5076.T,5076,インフロニア・ホールディングス,プライム（内国株式）,建設業,TOPIX Mid400,2026-09-01,1203.0,2922.0,4597183950.0,1693670.0,3800645400.0,True,True,True,True,True,True
7912.T,7912,大日本印刷,プライム（内国株式）,その他製品,TOPIX Mid400,2026-09-01,2606.0,3100.0,4559169005.0,1443770.0,3570890000.0,True,True,True,True,True,True
4324.T,4324,電通グループ,プライム（内国株式）,サービス業,TOPIX Mid400,2026-09-01,2606.0,3726.0,4455690335.0,1231995.0,3669737400.0,True,True,True,True,True,True
6586.T,6586,マキタ,プライム（内国株式）,機械,TOPIX Mid400,2026-09-01,2606.0,5363.0,4449682520.0,835910.0,3650594100.0,True,True,True,True,True,True
7167.T,7167,めぶきフィナンシャルグループ,プライム（内国株式）,銀行業,TOPIX Mid400,2026-09-01,2606.0,1716.0,4403764525.0,2696600.0,4180690800.0,True,True,True,True,True,True
6754.T,6754,アンリツ,プライム（内国株式）,電気機器,TOPIX Mid400,2026-09-01,2606.0,3379.0,4365468480.0,1236430.0,1579344600.0,True,True,True,True,True,True
4612.T,4612,日本ペイントホールディングス,プライム（内国株式）,化学,TOPIX Mid400,2026-09-01,2606.0,1200.5,4362307762.5,3575795.0,3103772700.0,True,True,True,True,True,True
6268.T,6268,ナブテスコ,プライム（内国株式）,機械,TOPIX Mid400,2026-09-01,2606.0,4586.0,4316759960.0,906295.0,2553484800.0,True,True,True,True,True,True
7181.T,7181,かんぽ生命保険,プライム（内国株式）,保険業,TOPIX Mid400,2026-09-01,2606.0,1722.0,4282189740.0,2553920.0,4176366600.0,True,True,True,True,True,True
5844.T,5844,京都フィナンシャルグループ,プライム（内国株式）,銀行業,TOPIX Mid400,2026-09-01,2606.0,4991.0,4264051550.0,878235.0,3238160800.0,True,True,True,True,True,True
3697.T,3697,ＳＨＩＦＴ,プライム（内国株式）,情報・通信業,TOPIX Mid400,2026-09-01,2606.0,938.4000244140625,4198835202.3706055,4564730.0,6191469521.081543,True,True,True,True,True,True
7826.T,7826,フルヤ金属,プライム（内国株式）,その他製品,TOPIX Small 1,2026-09-01,2606.0,9810.0,4184736250.0,497110.0,6413778000.0,True,True,True,True,True,True
3197.T,3197,すかいらーくホールディングス,プライム（内国株式）,小売業,TOPIX Mid400,2026-09-01,2606.0,3386.0,4103762480.0,1259445.0,3400559800.0,True,True,True,True,True,True
4631.T,4631,ＤＩＣ,プライム（内国株式）,化学,TOPIX Mid400,2026-09-01,2606.0,5295.0,4090570190.0,773525.0,6523440000.0,True,True,True,True,True,True
3231.T,3231,野村不動産ホールディングス,プライム（内国株式）,不動産業,TOPIX Mid400,2026-09-01,2606.0,948.2999877929688,4090400968.9349365,4460310.0,4549943341.430664,True,True,True,True,True,True
5406.T,5406,神戸製鋼所,プライム（内国株式）,鉄鋼,TOPIX Mid400,2026-09-01,2606.0,2064.0,4062972912.5,2020365.0,5122228800.0,True,True,True,True,True,True
9005.T,9005,東急,プライム（内国株式）,陸運業,TOPIX Mid400,2026-09-01,2606.0,1662.5,3968834637.5,2396600.0,2991835000.0,True,True,True,True,True,True
4680.T,4680,ラウンドワン,プライム（内国株式）,サービス業,TOPIX Mid400,2026-09-01,2606.0,1336.5,3967188070.0,2993825.0,2210170050.0,True,True,True,True,True,True
3038.T,3038,神戸物産,プライム（内国株式）,卸売業,TOPIX Mid400,2026-09-01,2606.0,2816.0,3964637980.0,1411980.0,2720256000.0,True,True,True,True,True,True
9435.T,9435,光通信,プライム（内国株式）,情報・通信業,TOPIX Mid400,2026-09-01,2606.0,40210.0,3962766000.0,100455.0,2456831000.0,True,True,True,True,True,True
4971.T,4971,メック,プライム（内国株式）,化学,TOPIX Small 1,2026-09-01,2606.0,6590.0,3923831100.0,515425.0,1931529000.0,True,True,True,True,True,True
2875.T,2875,東洋水産,プライム（内国株式）,食料品,TOPIX Mid400,2026-09-01,2606.0,10610.0,3919628100.0,373460.0,3436579000.0,True,True,True,True,True,True
2282.T,2282,日本ハム,プライム（内国株式）,食料品,TOPIX Mid400,2026-09-01,2606.0,6373.0,3910639835.0,634295.0,2121571700.0,True,True,True,True,True,True
6522.T,6522,アスタリスク,グロース（内国株式）,電気機器,-,2026-09-01,1204.0,1656.0,3901506200.0,1878670.0,111117600.0,True,True,True,True,True,True
6508.T,6508,明電舎,プライム（内国株式）,電気機器,TOPIX Small 1,2026-09-01,2606.0,11260.0,3880288450.0,335420.0,3885826000.0,True,True,True,True,True,True
3405.T,3405,クラレ,プライム（内国株式）,化学,TOPIX Mid400,2026-09-01,2606.0,1905.0,3861659470.0,2061655.0,3261741000.0,True,True,True,True,True,True
5985.T,5985,サンコール,スタンダード（内国株式）,金属製品,TOPIX Small 2,2026-09-01,2606.0,2074.0,3859294800.0,1813270.0,2180188800.0,True,True,True,True,True,True
9616.T,9616,共立メンテナンス,プライム（内国株式）,サービス業,TOPIX Mid400,2026-09-01,2606.0,3310.0,3852050435.0,1142505.0,3727722000.0,True,True,True,True,True,True
8233.T,8233,高島屋,プライム（内国株式）,小売業,TOPIX Mid400,2026-09-01,2606.0,2320.5,3824666985.0,1627930.0,3543403500.0,True,True,True,True,True,True
3064.T,3064,ＭｏｎｏｔａＲＯ,プライム（内国株式）,小売業,TOPIX Mid400,2026-09-01,2606.0,1902.0,3793495992.5,2021745.0,2338318800.0,True,True,True,True,True,True
6368.T,6368,オルガノ,プライム（内国株式）,機械,TOPIX Mid400,2026-09-01,2606.0,13015.0,3773394625.0,268045.0,2536623500.0,True,True,True,True,True,True
3088.T,3088,マツキヨココカラ＆カンパニー,プライム（内国株式）,小売業,TOPIX Mid400,2026-09-01,2606.0,2605.5,3748894547.5,1477010.0,3466617750.0,True,True,True,True,True,True
7211.T,7211,三菱自動車工業,プライム（内国株式）,輸送用機器,TOPIX Mid400,2026-09-01,2606.0,399.8999938964844,3727594642.575226,10329445.0,5330027078.649902,True,True,True,True,True,True
5830.T,5830,いよぎんホールディングス,プライム（内国株式）,銀行業,TOPIX Mid400,2026-09-01,958.0,4004.0,3688363490.0,955515.0,3576773200.0,True,True,True,True,True,True
4204.T,4204,積水化学工業,プライム（内国株式）,化学,TOPIX Mid400,2026-09-01,2606.0,2679.5,3680031665.0,1390045.0,3742457650.0,True,True,True,True,True,True
6622.T,6622,ダイヘン,プライム（内国株式）,電気機器,TOPIX Small 1,2026-09-01,2606.0,12540.0,3667280150.0,263875.0,1493514000.0,True,True,True,True,True,True
9506.T,9506,東北電力,プライム（内国株式）,電気・ガス業,TOPIX Mid400,2026-09-01,2606.0,1384.5,3660053175.0,2854225.0,7423827450.0,True,True,True,True,True,True
6941.T,6941,山一電機,プライム（内国株式）,電気機器,TOPIX Small 1,2026-09-01,2606.0,7870.0,3658523550.0,432700.0,1748714000.0,True,True,True,True,True,True
9042.T,9042,阪急阪神ホールディングス,プライム（内国株式）,陸運業,TOPIX Mid400,2026-09-01,2606.0,4684.0,3609594790.0,777620.0,4747234000.0,True,True,True,True,True,True
4082.T,4082,第一稀元素化学工業,プライム（内国株式）,化学,TOPIX Small 2,2026-09-01,2606.0,2726.0,3587601325.0,1312385.0,8303941200.0,True,True,True,True,True,True
4528.T,4528,小野薬品工業,プライム（内国株式）,医薬品,TOPIX Mid400,2026-09-01,2606.0,2485.5,3577395567.5,1477485.0,2558076600.0,True,True,True,True,True,True
7701.T,7701,島津製作所,プライム（内国株式）,精密機器,TOPIX Mid400,2026-09-01,2606.0,4056.0,3545612135.0,860440.0,3367696800.0,True,True,True,True,True,True
3003.T,3003,ヒューリック,プライム（内国株式）,不動産業,TOPIX Mid400,2026-09-01,2606.0,1798.5,3543075087.5,2016645.0,3187121850.0,True,True,True,True,True,True
2267.T,2267,ヤクルト本社,プライム（内国株式）,食料品,TOPIX Mid400,2026-09-01,2606.0,2870.0,3521318827.5,1228890.0,2811739000.0,True,True,True,True,True,True
8359.T,8359,八十二長野銀行,プライム（内国株式）,銀行業,TOPIX Mid400,2026-09-01,2606.0,2736.0,3503476147.5,1338720.0,2609596800.0,True,True,True,True,True,True
5857.T,5857,ＡＲＥホールディングス,プライム（内国株式）,非鉄金属,TOPIX Small 1,2026-09-01,2606.0,4090.0,3478255175.0,929395.0,2876497000.0,True,True,True,True,True,True
3086.T,3086,Ｊ．フロント　リテイリング,プライム（内国株式）,小売業,TOPIX Mid400,2026-09-01,2606.0,2933.0,3467080375.0,1162480.0,5609655800.0,True,True,True,True,True,True
4368.T,4368,扶桑化学工業,プライム（内国株式）,化学,TOPIX Small 1,2026-09-01,2606.0,2950.0,3453252550.0,1037050.0,2158810000.0,True,True,True,True,True,True
7951.T,7951,ヤマハ,プライム（内国株式）,その他製品,TOPIX Mid400,2026-09-01,2606.0,1353.0,3449240407.5,2583150.0,2060077800.0,True,True,True,True,True,True
8377.T,8377,ほくほくフィナンシャルグループ,プライム（内国株式）,銀行業,TOPIX Mid400,2026-09-01,2606.0,8406.0,3445829670.0,423370.0,2737834200.0,True,True,True,True,True,True
5938.T,5938,ＬＩＸＩＬ,プライム（内国株式）,金属製品,TOPIX Mid400,2026-09-01,2606.0,1794.0,3433303077.5,1948660.0,3964381200.0,True,True,True,True,True,True
7966.T,7966,リンテック,プライム（内国株式）,その他製品,TOPIX Small 1,2026-09-01,2606.0,5500.0,3432356800.0,591850.0,12327150000.0,True,True,True,True,True,True
3994.T,3994,マネーフォワード,プライム（内国株式）,情報・通信業,TOPIX Mid400,2026-09-01,2195.0,6287.0,3427413760.0,560875.0,2490280700.0,True,True,True,True,True,True
3289.T,3289,東急不動産ホールディングス,プライム（内国株式）,不動産業,TOPIX Mid400,2026-09-01,2606.0,1355.5,3400180960.0,2572630.0,3702819350.0,True,True,True,True,True,True
7581.T,7581,サイゼリヤ,プライム（内国株式）,小売業,TOPIX Small 1,2026-09-01,2606.0,7020.0,3359162750.0,446970.0,1745874000.0,True,True,True,True,True,True
7731.T,7731,ニコン,プライム（内国株式）,精密機器,TOPIX Mid400,2026-09-01,2606.0,1956.0,3349584522.5,1687500.0,2943388800.0,True,True,True,True,True,True
9508.T,9508,九州電力,プライム（内国株式）,電気・ガス業,TOPIX Mid400,2026-09-01,2606.0,2192.5,3347984200.0,1728070.0,9310670500.0,True,True,True,True,True,True
4042.T,4042,東ソー,プライム（内国株式）,化学,TOPIX Mid400,2026-09-01,2606.0,2726.0,3338332712.5,1245920.0,2574979600.0,True,True,True,True,True,True
2160.T,2160,ジーエヌアイグループ,グロース（内国株式）,医薬品,-,2026-09-01,2606.0,2829.0,3337789925.0,1191950.0,2084973000.0,True,True,True,True,True,True
4208.T,4208,ＵＢＥ,プライム（内国株式）,化学,TOPIX Mid400,2026-09-01,2606.0,3620.0,3337034110.0,947900.0,2391010000.0,True,True,True,True,True,True
2181.T,2181,パーソルホールディングス,プライム（内国株式）,サービス業,TOPIX Mid400,2026-09-01,2606.0,304.29998779296875,3327224893.67157,11659080.0,4053610567.388916,True,True,True,True,True,True
1893.T,1893,五洋建設,プライム（内国株式）,建設業,TOPIX Mid400,2026-09-01,2606.0,1498.0,3286622705.0,2269190.0,4366819800.0,True,True,True,True,True,True
5214.T,5214,日本電気硝子,プライム（内国株式）,ガラス・土石製品,TOPIX Mid400,2026-09-01,2606.0,4860.0,3268513820.0,669585.0,3522042000.0,True,True,True,True,True,True
2579.T,2579,コカ・コーラ　ボトラーズジャパンホールディングス,プライム（内国株式）,食料品,TOPIX Mid400,2026-09-01,2606.0,3993.0,3246077535.0,835305.0,2913692100.0,True,True,True,True,True,True
141A.T,141A,トライアルホールディングス,グロース（内国株式）,小売業,-,2026-09-01,599.0,3970.0,3200307875.0,859640.0,2084647000.0,True,True,True,True,True,True
3132.T,3132,マクニカホールディングス,プライム（内国株式）,卸売業,TOPIX Mid400,2026-09-01,2606.0,3746.0,3180660445.0,886295.0,3979001200.0,True,True,True,True,True,True
5301.T,5301,東海カーボン,プライム（内国株式）,ガラス・土石製品,TOPIX Mid400,2026-09-01,2606.0,1907.0,3179711095.0,1814755.0,6049004000.0,True,True,True,True,True,True
1963.T,1963,日揮ホールディングス,プライム（内国株式）,建設業,TOPIX Mid400,2026-09-01,2606.0,2379.0,3169767730.0,1378285.0,4083077700.0,True,True,True,True,True,True
4061.T,4061,デンカ,プライム（内国株式）,化学,TOPIX Mid400,2026-09-01,2606.0,3375.0,3132985455.0,892660.0,2719575000.0,True,True,True,True,True,True
6770.T,6770,アルプスアルパイン,プライム（内国株式）,電気機器,TOPIX Mid400,2026-09-01,2606.0,2331.5,3127409020.0,1436485.0,5285277350.0,True,True,True,True,True,True
6777.T,6777,ｓａｎｔｅｃ　Ｈｏｌｄｉｎｇｓ,スタンダード（内国株式）,電気機器,-,2026-09-01,2606.0,19610.0,3103171000.0,160800.0,1686460000.0,True,True,True,True,True,True
6460.T,6460,セガサミーホールディングス,プライム（内国株式）,機械,TOPIX Mid400,2026-09-01,2606.0,3150.0,3057812692.5,1070055.0,3111570000.0,True,True,True,True,True,True
3769.T,3769,ＧＭＯペイメントゲートウェイ,プライム（内国株式）,情報・通信業,TOPIX Mid400,2026-09-01,2606.0,9260.0,3040228495.0,323455.0,2911344000.0,True,True,True,True,True,True
3861.T,3861,王子ホールディングス,プライム（内国株式）,パルプ・紙,TOPIX Mid400,2026-09-01,2606.0,891.5999755859375,3020617495.713501,3464565.0,2325916856.311035,True,True,True,True,True,True
9831.T,9831,ヤマダホールディングス,プライム（内国株式）,小売業,TOPIX Mid400,2026-09-01,2606.0,716.0,2999268921.0580444,4317945.0,2682136000.0,True,True,True,True,True,True
3626.T,3626,ＴＩＳＩ,プライム（内国株式）,情報・通信業,TOPIX Mid400,2026-09-01,2606.0,4034.0,2989253600.0,786580.0,4005358600.0,True,True,True,True,True,True
3498.T,3498,霞ヶ関キャピタル,プライム（内国株式）,不動産業,TOPIX Small 1,2026-09-01,1892.0,7460.0,2981903200.0,378870.0,2857180000.0,True,True,True,True,True,True
1969.T,1969,高砂熱学工業,プライム（内国株式）,建設業,TOPIX Mid400,2026-09-01,2606.0,4401.0,2967270175.0,695685.0,1863383400.0,True,True,True,True,True,True
8334.T,8334,群馬銀行,プライム（内国株式）,銀行業,TOPIX Mid400,2026-09-01,2606.0,2863.0,2962309610.0,1091725.0,2933429800.0,True,True,True,True,True,True
8253.T,8253,クレディセゾン,プライム（内国株式）,その他金融業,TOPIX Mid400,2026-09-01,2606.0,4739.0,2957174575.0,628800.0,3696893900.0,True,True,True,True,True,True
8252.T,8252,丸井グループ,プライム（内国株式）,小売業,TOPIX Mid400,2026-09-01,2606.0,2935.5,2935389120.0,994945.0,3091081500.0,True,True,True,True,True,True
4151.T,4151,協和キリン,プライム（内国株式）,医薬品,TOPIX Mid400,2026-09-01,2606.0,2687.0,2931630600.0,1136635.0,3251001300.0,True,True,True,True,True,True
6254.T,6254,野村マイクロ・サイエンス,プライム（内国株式）,機械,TOPIX Small 1,2026-09-01,2606.0,3485.0,2929412300.0,751255.0,1519808500.0,True,True,True,True,True,True
3288.T,3288,オープンハウスグループ,プライム（内国株式）,不動産業,TOPIX Mid400,2026-09-01,2606.0,8016.0,2916241165.0,359050.0,2239670400.0,True,True,True,True,True,True
2432.T,2432,ディー・エヌ・エー,プライム（内国株式）,情報・通信業,TOPIX Mid400,2026-09-01,2606.0,2606.5,2902744157.5,1160325.0,3242486000.0,True,True,True,True,True,True
7220.T,7220,武蔵精密工業,プライム（内国株式）,輸送用機器,TOPIX Small 1,2026-09-01,2606.0,3095.0,2898058700.0,856125.0,3176089000.0,True,True,True,True,True,True
2871.T,2871,ニチレイ,プライム（内国株式）,食料品,TOPIX Mid400,2026-09-01,2606.0,2157.5,2894480057.5,1335485.0,1782310750.0,True,True,True,True,True,True
3092.T,3092,ＺＯＺＯ,プライム（内国株式）,小売業,TOPIX Mid400,2026-09-01,2606.0,1171.5,2882933900.0,2530705.0,4338064500.0,True,True,True,True,True,True
4114.T,4114,日本触媒,プライム（内国株式）,化学,TOPIX Mid400,2026-09-01,2606.0,2733.5,2864138887.5,1114240.0,3261338850.0,True,True,True,True,True,True
3391.T,3391,ツルハホールディングス,プライム（内国株式）,小売業,TOPIX Mid400,2026-09-01,2606.0,2253.0,2854031702.5,1204560.0,5912773200.0,True,True,True,True,True,True
4461.T,4461,第一工業製薬,プライム（内国株式）,化学,TOPIX Small 2,2026-09-01,2606.0,13890.0,2842118850.0,202000.0,2008494000.0,True,True,True,True,True,True
6135.T,6135,牧野フライス製作所,プライム（内国株式）,機械,TOPIX Small 1,2026-09-01,2606.0,15880.0,2760360550.0,180200.0,4571852000.0,True,True,True,True,True,True
4722.T,4722,フューチャー,プライム（内国株式）,情報・通信業,TOPIX Small 1,2026-09-01,2606.0,2447.0,2748278390.0,1123435.0,1636308900.0,True,True,True,True,True,True
5741.T,5741,ＵＡＣＪ,プライム（内国株式）,非鉄金属,TOPIX Small 1,2026-09-01,2606.0,2365.0,2742854825.0,1164145.0,1900277500.0,True,True,True,True,True,True
4478.T,4478,フリー,グロース（内国株式）,情報・通信業,-,2026-09-01,1637.0,4185.0,2732842315.0,753885.0,4459954500.0,True,True,True,True,True,True
4912.T,4912,ライオン,プライム（内国株式）,化学,TOPIX Mid400,2026-09-01,2606.0,1902.5,2715744257.5,1457765.0,1522761000.0,True,True,True,True,True,True
6376.T,6376,日機装,プライム（内国株式）,精密機器,TOPIX Small 1,2026-09-01,2606.0,3775.0,2705545750.0,714570.0,1958092500.0,True,True,True,True,True,True
6951.T,6951,日本電子,プライム（内国株式）,電気機器,TOPIX Mid400,2026-09-01,2606.0,7110.0,2696676295.0,346295.0,1727019000.0,True,True,True,True,True,True
6996.T,6996,ニチコン,プライム（内国株式）,電気機器,TOPIX Small 1,2026-09-01,2606.0,2729.0,2687816445.0,933595.0,1747105800.0,True,True,True,True,True,True
9142.T,9142,九州旅客鉄道,プライム（内国株式）,陸運業,TOPIX Mid400,2026-09-01,2428.0,3632.0,2676623700.0,764220.0,2398209600.0,True,True,True,True,True,True
6592.T,6592,マブチモーター,プライム（内国株式）,電気機器,TOPIX Mid400,2026-09-01,2606.0,1785.5,2675328345.0,1541370.0,2746634650.0,True,True,True,True,True,True
6997.T,6997,日本ケミコン,プライム（内国株式）,電気機器,TOPIX Small 2,2026-09-01,2606.0,2936.0,2663648700.0,897975.0,2924549600.0,True,True,True,True,True,True
2501.T,2501,サッポロビール,プライム（内国株式）,食料品,TOPIX Mid400,2026-09-01,2606.0,1861.5,2650162825.0,1359910.0,2026242750.0,True,True,True,True,True,True
464A.T,464A,ＱＰＳホールディングス,グロース（内国株式）,情報・通信業,-,2026-09-01,668.0,1820.0,2645121750.0,1491625.0,2256072000.0,True,True,True,True,True,True
7564.T,7564,ワークマン,スタンダード（内国株式）,小売業,-,2026-09-01,2606.0,6240.0,2644922050.0,425965.0,2011152000.0,True,True,True,True,True,True
9861.T,9861,吉野家ホールディングス,プライム（内国株式）,小売業,TOPIX Mid400,2026-09-01,2606.0,3876.0,2643713740.0,697580.0,1858929600.0,True,True,True,True,True,True
8056.T,8056,ＢＩＰＲＯＧＹ,プライム（内国株式）,情報・通信業,TOPIX Mid400,2026-09-01,2606.0,4818.0,2643660415.0,589025.0,1384211400.0,True,True,True,True,True,True
9064.T,9064,ヤマトホールディングス,プライム（内国株式）,陸運業,TOPIX Mid400,2026-09-01,2606.0,1967.5,2642652630.0,1367195.0,1693230500.0,True,True,True,True,True,True
4022.T,4022,ラサ工業,プライム（内国株式）,化学,TOPIX Small 2,2026-09-01,2606.0,2070.0,2640928835.0,1183645.0,1562436000.0,True,True,True,True,True,True
4043.T,4043,トクヤマ,プライム（内国株式）,化学,TOPIX Mid400,2026-09-01,2606.0,4132.0,2638576125.0,647220.0,3018839200.0,True,True,True,True,True,True
6507.T,6507,シンフォニアテクノロジー,プライム（内国株式）,電気機器,TOPIX Small 1,2026-09-01,2606.0,11970.0,2589088600.0,200700.0,2642976000.0,True,True,True,True,True,True
1515.T,1515,日鉄鉱業,プライム（内国株式）,鉱業,TOPIX Small 1,2026-09-01,2606.0,3975.0,2576348775.0,720655.0,3137467500.0,True,True,True,True,True,True
9706.T,9706,日本空港ビルデング,プライム（内国株式）,不動産業,TOPIX Mid400,2026-09-01,2606.0,5865.0,2555782695.0,440470.0,4298458500.0,True,True,True,True,True,True
8804.T,8804,東京建物,プライム（内国株式）,不動産業,TOPIX Mid400,2026-09-01,2606.0,3472.0,2555765650.0,756340.0,3183129600.0,True,True,True,True,True,True
8358.T,8358,スルガ銀行,プライム（内国株式）,銀行業,TOPIX Small 1,2026-09-01,2606.0,2995.0,2525797230.0,886650.0,2479860000.0,True,True,True,True,True,True
6103.T,6103,オークマ,プライム（内国株式）,機械,TOPIX Small 1,2026-09-01,2606.0,4770.0,2505790150.0,482240.0,1994337000.0,True,True,True,True,True,True
5253.T,5253,カバー,グロース（内国株式）,情報・通信業,-,2026-09-01,841.0,1615.0,2496023375.0,1569555.0,2023110500.0,True,True,True,True,True,True
8341.T,8341,七十七銀行,プライム（内国株式）,銀行業,TOPIX Mid400,2026-09-01,2606.0,4012.0,2482620720.0,657995.0,2116731200.0,True,True,True,True,True,True
8227.T,8227,しまむら,プライム（内国株式）,小売業,TOPIX Mid400,2026-09-01,2600.0,3288.0,2470219880.0,737405.0,1762039200.0,True,True,True,True,True,True
4091.T,4091,日本酸素ホールディングス,プライム（内国株式）,化学,TOPIX Mid400,2026-09-01,2606.0,5700.0,2452072020.0,419965.0,3241020000.0,True,True,True,True,True,True
5991.T,5991,日本発條,プライム（内国株式）,金属製品,TOPIX Mid400,2026-09-01,2606.0,3392.0,2441506825.0,689540.0,2133228800.0,True,True,True,True,True,True
4902.T,4902,コニカミノルタ,プライム（内国株式）,電気機器,TOPIX Mid400,2026-09-01,2606.0,696.0,2427166244.1937256,3742170.0,3013749600.0,True,True,True,True,True,True
2212.T,2212,山崎製パン,プライム（内国株式）,食料品,TOPIX Mid400,2026-09-01,2606.0,3805.0,2404789810.0,674800.0,3396723500.0,True,True,True,True,True,True
6779.T,6779,日本電波工業,プライム（内国株式）,電気機器,TOPIX Small 2,2026-09-01,2606.0,2757.0,2399371945.0,826935.0,1284486300.0,True,True,True,True,True,True
4443.T,4443,Ｓａｎｓａｎ,プライム（内国株式）,情報・通信業,TOPIX Small 1,2026-09-01,1759.0,2256.0,2399230845.0,1137465.0,2424523200.0,True,True,True,True,True,True
4403.T,4403,日油,プライム（内国株式）,化学,TOPIX Mid400,2026-09-01,2606.0,2751.5,2379135130.0,866705.0,2455163450.0,True,True,True,True,True,True
1662.T,1662,石油資源開発,プライム（内国株式）,鉱業,TOPIX Small 1,2026-09-01,2606.0,1980.0,2377806750.0,1311240.0,2997522000.0,True,True,True,True,True,True
4180.T,4180,Ａｐｐｉｅｒ　Ｇｒｏｕｐ,プライム（内国株式）,情報・通信業,TOPIX Small 1,2026-09-01,1327.0,1419.0,2376711355.0,1877875.0,3159545400.0,True,True,True,True,True,True
6845.T,6845,アズビル,プライム（内国株式）,電気機器,TOPIX Mid400,2026-09-01,2606.0,1523.0,2373127090.0,1522480.0,1658242400.0,True,True,True,True,True,True
1808.T,1808,長谷工コーポレーション,プライム（内国株式）,建設業,TOPIX Mid400,2026-09-01,2606.0,2963.0,2363455460.0,842390.0,3828788600.0,True,True,True,True,True,True
4613.T,4613,関西ペイント,プライム（内国株式）,化学,TOPIX Mid400,2026-09-01,2606.0,2873.0,2352896200.0,805955.0,1817747100.0,True,True,True,True,True,True
5471.T,5471,大同特殊鋼,プライム（内国株式）,鉄鋼,TOPIX Mid400,2026-09-01,2606.0,2313.5,2343784845.0,1003310.0,1999326700.0,True,True,True,True,True,True
3907.T,3907,シリコンスタジオ,スタンダード（内国株式）,情報・通信業,-,2026-09-01,2606.0,2101.0,2337088440.0,1343465.0,1550958200.0,True,True,True,True,True,True
4812.T,4812,電通総研,プライム（内国株式）,情報・通信業,TOPIX Small 1,2026-09-01,2606.0,2853.0,2336295335.0,828440.0,4413591000.0,True,True,True,True,True,True
4401.T,4401,ＡＤＥＫＡ,プライム（内国株式）,化学,TOPIX Mid400,2026-09-01,2606.0,4775.0,2329681425.0,506370.0,1426770000.0,True,True,True,True,True,True
5021.T,5021,コスモエネルギーホールディングス,プライム（内国株式）,石油・石炭製品,TOPIX Mid400,2026-09-01,2606.0,4353.0,2328526510.0,563160.0,2398938300.0,True,True,True,True,True,True
6753.T,6753,シャープ,プライム（内国株式）,電気機器,TOPIX Mid400,2026-09-01,2606.0,673.2999877929688,2319968270.389099,3610085.0,1927927185.0463867,True,True,True,True,True,True
1721.T,1721,コムシスホールディングス,プライム（内国株式）,建設業,TOPIX Mid400,2026-09-01,2606.0,5550.0,2309619315.0,434140.0,1784325000.0,True,True,True,True,True,True
6480.T,6480,日本トムソン,プライム（内国株式）,機械,TOPIX Small 2,2026-09-01,2606.0,1805.0,2301726440.0,1245360.0,1482266000.0,True,True,True,True,True,True
4676.T,4676,フジ・メディア・ホールディングス,プライム（内国株式）,情報・通信業,TOPIX Mid400,2026-09-01,2606.0,4189.0,2300771135.0,559230.0,2195454900.0,True,True,True,True,True,True
7282.T,7282,豊田合成,プライム（内国株式）,輸送用機器,TOPIX Mid400,2026-09-01,2606.0,5581.0,2299953705.0,436455.0,2183845300.0,True,True,True,True,True,True
4536.T,4536,参天製薬,プライム（内国株式）,医薬品,TOPIX Mid400,2026-09-01,2606.0,1906.5,2297187160.0,1211920.0,2236705800.0,True,True,True,True,True,True
9143.T,9143,ＳＧホールディングス,プライム（内国株式）,陸運業,TOPIX Mid400,2026-09-01,2142.0,1518.5,2288902382.5,1464350.0,2506436100.0,True,True,True,True,True,True
215A.T,215A,タイミー,グロース（内国株式）,サービス業,-,2026-09-01,512.0,1732.0,2282417115.0,1369965.0,2389640400.0,True,True,True,True,True,True
7276.T,7276,小糸製作所,プライム（内国株式）,電気機器,TOPIX Mid400,2026-09-01,2606.0,2758.0,2270004267.5,842760.0,1780840600.0,True,True,True,True,True,True
4047.T,4047,関東電化工業,プライム（内国株式）,化学,TOPIX Small 1,2026-09-01,2606.0,2316.0,2269067020.0,886790.0,1076708400.0,True,True,True,True,True,True
9023.T,9023,東京地下鉄,プライム（内国株式）,陸運業,TOPIX Mid400,2026-09-01,453.0,1470.5,2253819050.0,1543605.0,2282068950.0,True,True,True,True,True,True
4088.T,4088,エア・ウォーター,プライム（内国株式）,化学,-,2026-09-01,2606.0,2703.0,2252862660.0,880600.0,3697704000.0,True,True,True,True,True,True
9509.T,9509,北海道電力,プライム（内国株式）,電気・ガス業,TOPIX Mid400,2026-09-01,2606.0,1171.0,2241823410.0,2087470.0,7421329600.0,True,True,True,True,True,True
6814.T,6814,古野電気,プライム（内国株式）,電気機器,TOPIX Small 1,2026-09-01,2606.0,7690.0,2228208250.0,287770.0,1667192000.0,True,True,True,True,True,True
6101.T,6101,ツガミ,プライム（内国株式）,機械,TOPIX Small 1,2026-09-01,2606.0,5250.0,2211550550.0,383240.0,1620150000.0,True,True,True,True,True,True
290A.T,290A,Ｓｙｎｓｐｅｃｔｉｖｅ,グロース（内国株式）,情報・通信業,-,2026-09-01,413.0,1514.0,2209140500.0,1552230.0,1845868800.0,True,True,True,True,True,True
3349.T,3349,コスモス薬品,プライム（内国株式）,小売業,TOPIX Mid400,2026-09-01,2606.0,6481.0,2195310275.0,339750.0,2839974200.0,True,True,True,True,True,True
4205.T,4205,日本ゼオン,プライム（内国株式）,化学,TOPIX Mid400,2026-09-01,2606.0,2618.0,2188787110.0,899590.0,3749761400.0,True,True,True,True,True,True
6027.T,6027,弁護士ドットコム,プライム（内国株式）,サービス業,TOPIX Small 2,2026-09-01,2606.0,5270.0,2180912590.0,511670.0,2701402000.0,True,True,True,True,True,True
7956.T,7956,ピジョン,プライム（内国株式）,その他製品,TOPIX Mid400,2026-09-01,2606.0,2120.0,2173169140.0,1034130.0,1816840000.0,True,True,True,True,True,True
6471.T,6471,日本精工,プライム（内国株式）,機械,TOPIX Mid400,2026-09-01,2606.0,1138.5,2171599217.5,1899440.0,2167704000.0,True,True,True,True,True,True
9007.T,9007,小田急電鉄,プライム（内国株式）,陸運業,TOPIX Mid400,2026-09-01,2606.0,1809.0,2169192407.5,1256695.0,2275541100.0,True,True,True,True,True,True
6473.T,6473,ジェイテクト,プライム（内国株式）,機械,TOPIX Mid400,2026-09-01,2606.0,2186.0,2168704065.0,1025375.0,2490728400.0,True,True,True,True,True,True
6327.T,6327,北川精機,スタンダード（内国株式）,機械,-,2026-09-01,2606.0,3125.0,2155262175.0,616340.0,522500000.0,True,True,True,True,True,True
3923.T,3923,ラクス,プライム（内国株式）,情報・通信業,TOPIX Mid400,2026-09-01,2606.0,1140.5,2143681835.0,1930230.0,1757738600.0,True,True,True,True,True,True
3048.T,3048,ビックカメラ,プライム（内国株式）,小売業,TOPIX Mid400,2026-09-01,2606.0,1796.0,2126102940.0,1206155.0,1058382800.0,True,True,True,True,True,True
5444.T,5444,大和工業,プライム（内国株式）,鉄鋼,TOPIX Mid400,2026-09-01,2606.0,12640.0,2125778600.0,167830.0,1840384000.0,True,True,True,True,True,True
4099.T,4099,四国化成ホールディングス,プライム（内国株式）,化学,TOPIX Small 2,2026-09-01,2606.0,2391.0,2120268060.0,768030.0,922208700.0,True,True,True,True,True,True
1980.T,1980,ダイダン,プライム（内国株式）,建設業,TOPIX Small 1,2026-09-01,2606.0,2845.0,2111652680.0,772915.0,1170717500.0,True,True,True,True,True,True
5726.T,5726,大阪チタニウムテクノロジーズ,プライム（内国株式）,非鉄金属,TOPIX Small 1,2026-09-01,2606.0,2700.0,2107414350.0,727775.0,1278990000.0,True,True,True,True,True,True
3046.T,3046,ジンズホールディングス,プライム（内国株式）,小売業,TOPIX Small 1,2026-09-01,2606.0,5790.0,2101432900.0,333300.0,2073978000.0,True,True,True,True,True,True
7189.T,7189,西日本フィナンシャルホールディングス,プライム（内国株式）,銀行業,TOPIX Mid400,2026-09-01,2606.0,4912.0,2095950760.0,450115.0,2145070400.0,True,True,True,True,True,True
8524.T,8524,北洋銀行,プライム（内国株式）,銀行業,TOPIX Small 1,2026-09-01,2606.0,1323.0,2095785790.0,1664880.0,1625173200.0,True,True,True,True,True,True
4716.T,4716,日本オラクル,スタンダード（内国株式）,情報・通信業,TOPIX Mid400,2026-09-01,2606.0,9454.0,2092140210.0,226860.0,1344358800.0,True,True,True,True,True,True
2492.T,2492,インフォマート,プライム（内国株式）,サービス業,TOPIX Small 1,2026-09-01,2606.0,636.0,2086995305.0,3483935.0,2377495200.0,True,True,True,True,True,True
7721.T,7721,東京計器,プライム（内国株式）,精密機器,TOPIX Small 1,2026-09-01,2606.0,6940.0,2083783800.0,285355.0,2017458000.0,True,True,True,True,True,True
5929.T,5929,三和ホールディングス,プライム（内国株式）,金属製品,TOPIX Mid400,2026-09-01,2606.0,3682.0,2069167235.0,572145.0,2036882400.0,True,True,True,True,True,True
6627.T,6627,テラプローブ,スタンダード（内国株式）,電気機器,-,2026-09-01,2606.0,11130.0,2064957150.0,178590.0,583212000.0,True,True,True,True,True,True
8508.T,8508,Ｊトラスト,スタンダード（内国株式）,その他金融業,-,2026-09-01,2606.0,766.0,2056872800.0,2523635.0,3888445800.0,True,True,True,True,True,True
7867.T,7867,タカラトミー,プライム（内国株式）,その他製品,TOPIX Mid400,2026-09-01,2606.0,3765.0,2053154990.0,572170.0,1763526000.0,True,True,True,True,True,True
3774.T,3774,インターネットイニシアティブ,プライム（内国株式）,情報・通信業,TOPIX Mid400,2026-09-01,2606.0,3404.0,2043542085.0,596255.0,1490611600.0,True,True,True,True,True,True
5393.T,5393,ニチアス,プライム（内国株式）,ガラス・土石製品,TOPIX Mid400,2026-09-01,2606.0,3440.0,2040523900.0,592145.0,1396984000.0,True,True,True,True,True,True
5233.T,5233,太平洋セメント,プライム（内国株式）,ガラス・土石製品,TOPIX Mid400,2026-09-01,2606.0,4318.0,2033751495.0,484190.0,1738858600.0,True,True,True,True,True,True
9009.T,9009,京成電鉄,プライム（内国株式）,陸運業,TOPIX Mid400,2026-09-01,2606.0,1357.0,2023387077.5,1545660.0,2534876000.0,True,True,True,True,True,True
6961.T,6961,エンプラス,プライム（内国株式）,電気機器,TOPIX Small 2,2026-09-01,2606.0,9980.0,2018621800.0,188205.0,1691610000.0,True,True,True,True,True,True
9513.T,9513,電源開発,プライム（内国株式）,電気・ガス業,TOPIX Mid400,2026-09-01,2606.0,4232.0,2017877365.0,510715.0,2600564000.0,True,True,True,True,True,True
9041.T,9041,近鉄グループホールディングス,プライム（内国株式）,陸運業,TOPIX Mid400,2026-09-01,2606.0,3489.0,2015749265.0,571580.0,1853356800.0,True,True,True,True,True,True
9504.T,9504,中国電力,プライム（内国株式）,電気・ガス業,TOPIX Mid400,2026-09-01,2606.0,1055.0,2009843659.0011597,2086835.0,4095615500.0,True,True,True,True,True,True
2264.T,2264,森永乳業,プライム（内国株式）,食料品,TOPIX Mid400,2026-09-01,2606.0,1149.5,2001125260.0,1685580.0,1209274000.0,True,True,True,True,True,True
2767.T,2767,円谷フィールズホールディングス,プライム（内国株式）,卸売業,TOPIX Small 1,2026-09-01,2606.0,2562.0,1996470385.0,807345.0,1237446000.0,True,True,True,True,True,True
9401.T,9401,ＴＢＳホールディングス,プライム（内国株式）,情報・通信業,TOPIX Mid400,2026-09-01,2606.0,6065.0,1990483630.0,339020.0,1329448000.0,True,True,True,True,True,True
6085.T,6085,アーキテクツ・スタジオ・ジャパン,グロース（内国株式）,サービス業,-,2026-09-01,2606.0,216.0,1980513625.0,11648075.0,2626516800.0,True,True,True,True,True,True
8366.T,8366,滋賀銀行,プライム（内国株式）,銀行業,TOPIX Small 1,2026-09-01,2606.0,2858.0,1970699605.0,738315.0,1915145800.0,True,True,True,True,True,True
4732.T,4732,ユー・エス・エス,プライム（内国株式）,サービス業,TOPIX Mid400,2026-09-01,2606.0,2019.0,1962841455.0,990290.0,1560485100.0,True,True,True,True,True,True
6417.T,6417,ＳＡＮＫＹＯ,プライム（内国株式）,機械,TOPIX Mid400,2026-09-01,2606.0,2031.0,1949547892.5,1006705.0,2378097900.0,True,True,True,True,True,True
6703.T,6703,沖電気工業,プライム（内国株式）,電気機器,TOPIX Small 1,2026-09-01,2606.0,2894.0,1948638800.0,687945.0,1362784600.0,True,True,True,True,True,True
4922.T,4922,コーセーホールディングス,プライム（内国株式）,化学,TOPIX Mid400,2026-09-01,2606.0,5863.0,1944288530.0,334205.0,2373928700.0,True,True,True,True,True,True
9989.T,9989,サンドラッグ,プライム（内国株式）,小売業,TOPIX Mid400,2026-09-01,2606.0,3709.0,1938680015.0,522770.0,2028452100.0,True,True,True,True,True,True
8368.T,8368,百五銀行,プライム（内国株式）,銀行業,TOPIX Small 1,2026-09-01,2606.0,2450.0,1935092445.0,856210.0,1590295000.0,True,True,True,True,True,True
6925.T,6925,ウシオ電機,プライム（内国株式）,電気機器,TOPIX Mid400,2026-09-01,2606.0,3857.0,1924134640.0,477050.0,1598726500.0,True,True,True,True,True,True
7327.T,7327,第四北越フィナンシャルグループ,プライム（内国株式）,銀行業,TOPIX Small 1,2026-09-01,1934.0,2618.0,1923993110.0,780135.0,1923182800.0,True,True,True,True,True,True
9110.T,9110,ＮＳユナイテッド海運,プライム（内国株式）,海運業,TOPIX Small 1,2026-09-01,2606.0,10490.0,1914690650.0,183315.0,1635391000.0,True,True,True,True,True,True
3105.T,3105,日清紡ホールディングス,プライム（内国株式）,電気機器,TOPIX Mid400,2026-09-01,2606.0,2277.0,1903237170.0,823455.0,1597543200.0,True,True,True,True,True,True
2002.T,2002,日清製粉グループ本社,プライム（内国株式）,食料品,TOPIX Mid400,2026-09-01,2606.0,2062.0,1899354082.5,941025.0,1685272600.0,True,True,True,True,True,True
1332.T,1332,ニッスイ,プライム（内国株式）,水産・農林業,TOPIX Mid400,2026-09-01,2606.0,1282.5,1863712127.5,1463625.0,1491675750.0,True,True,True,True,True,True
5232.T,5232,住友大阪セメント,プライム（内国株式）,ガラス・土石製品,TOPIX Mid400,2026-09-01,2606.0,5738.0,1854206440.0,326230.0,757989800.0,True,True,True,True,True,True
7173.T,7173,東京きらぼしフィナンシャルグループ,プライム（内国株式）,銀行業,TOPIX Small 1,2026-09-01,2606.0,1734.0,1845514185.0,1070120.0,1642965000.0,True,True,True,True,True,True
9507.T,9507,四国電力,プライム（内国株式）,電気・ガス業,TOPIX Mid400,2026-09-01,2606.0,2077.0,1840668440.0,992190.0,3697267700.0,True,True,True,True,True,True
8410.T,8410,セブン銀行,プライム（内国株式）,銀行業,TOPIX Mid400,2026-09-01,2606.0,340.1000061035156,1835147409.897766,5533085.0,1471000546.3989258,True,True,True,True,True,True
9001.T,9001,東武鉄道,プライム（内国株式）,陸運業,TOPIX Mid400,2026-09-01,2606.0,3003.0,1832558742.5,615960.0,1735734000.0,True,True,True,True,True,True
8088.T,8088,岩谷産業,プライム（内国株式）,卸売業,TOPIX Mid400,2026-09-01,2606.0,2291.5,1829716265.0,833430.0,1832970850.0,True,True,True,True,True,True
4966.T,4966,上村工業,スタンダード（内国株式）,化学,-,2026-09-01,2606.0,19680.0,1821773600.0,85740.0,732096000.0,True,True,True,True,True,True
3445.T,3445,ＲＳ　Ｔｅｃｈｎｏｌｏｇｉｅｓ,プライム（内国株式）,金属製品,TOPIX Small 1,2026-09-01,2606.0,5650.0,1818430550.0,295935.0,1356000000.0,True,True,True,True,True,True
4194.T,4194,ビジョナル,プライム（内国株式）,情報・通信業,TOPIX Mid400,2026-09-01,1310.0,9303.0,1813708170.0,198080.0,1881066600.0,True,True,True,True,True,True
2146.T,2146,ＵＴグループ,プライム（内国株式）,サービス業,TOPIX Small 1,2026-09-01,2606.0,234.0,1806298920.0,8190340.0,1629014400.0,True,True,True,True,True,True
6465.T,6465,ホシザキ,プライム（内国株式）,機械,TOPIX Mid400,2026-09-01,2606.0,5650.0,1805560710.0,317485.0,1075760000.0,True,True,True,True,True,True
8439.T,8439,東京センチュリー,プライム（内国株式）,その他金融業,TOPIX Mid400,2026-09-01,2606.0,2757.0,1798460712.5,701150.0,2398038600.0,True,True,True,True,True,True
9065.T,9065,山九,プライム（内国株式）,陸運業,TOPIX Mid400,2026-09-01,2606.0,8388.0,1786910175.0,210075.0,1190257200.0,True,True,True,True,True,True
4118.T,4118,カネカ,プライム（内国株式）,化学,TOPIX Mid400,2026-09-01,2606.0,6343.0,1777977040.0,289000.0,2776965400.0,True,True,True,True,True,True
6923.T,6923,スタンレー電気,プライム（内国株式）,電気機器,TOPIX Mid400,2026-09-01,2606.0,3689.0,1770713560.0,494145.0,1544953200.0,True,True,True,True,True,True
4369.T,4369,トリケミカル研究所,プライム（内国株式）,化学,TOPIX Small 1,2026-09-01,2606.0,3075.0,1745416350.0,534620.0,5965192500.0,True,True,True,True,True,True
7389.T,7389,あいちフィナンシャルグループ,プライム（内国株式）,銀行業,TOPIX Small 1,2026-09-01,958.0,1900.0,1745383880.0,969425.0,2105200000.0,True,True,True,True,True,True
6862.T,6862,ミナトホールディングス,スタンダード（内国株式）,電気機器,-,2026-09-01,2606.0,3525.0,1744347620.0,502370.0,694072500.0,True,True,True,True,True,True
6632.T,6632,ＪＶＣケンウッド,プライム（内国株式）,電気機器,TOPIX Mid400,2026-09-01,2606.0,1057.0,1722905402.481079,1743475.0,1161537300.0,True,True,True,True,True,True
6999.T,6999,ＫＯＡ,プライム（内国株式）,電気機器,TOPIX Small 1,2026-09-01,2606.0,2309.0,1698893350.0,708775.0,919443800.0,True,True,True,True,True,True
4666.T,4666,パーク２４,プライム（内国株式）,不動産業,TOPIX Mid400,2026-09-01,2606.0,2076.0,1678583980.0,835520.0,6165720000.0,True,True,True,True,True,True
4733.T,4733,オービックビジネスコンサルタント,プライム（内国株式）,情報・通信業,TOPIX Mid400,2026-09-01,2606.0,8719.0,1677474565.0,203960.0,1612143100.0,True,True,True,True,True,True
7180.T,7180,九州フィナンシャルグループ,プライム（内国株式）,銀行業,TOPIX Mid400,2026-09-01,2606.0,1595.0,1675843092.5,1099180.0,1499140500.0,True,True,True,True,True,True
9449.T,9449,ＧＭＯインターネットグループ,プライム（内国株式）,情報・通信業,TOPIX Mid400,2026-09-01,2606.0,4202.0,1661557235.0,404555.0,1167315600.0,True,True,True,True,True,True
1961.T,1961,三機工業,プライム（内国株式）,建設業,TOPIX Small 1,2026-09-01,2606.0,2468.0,1659666740.0,689320.0,719422000.0,True,True,True,True,True,True
8388.T,8388,阿波銀行,プライム（内国株式）,銀行業,TOPIX Small 1,2026-09-01,2606.0,9770.0,1652832950.0,176665.0,1470385000.0,True,True,True,True,True,True
9301.T,9301,三菱倉庫,プライム（内国株式）,倉庫・運輸関連業,TOPIX Mid400,2026-09-01,2606.0,1538.0,1649656425.0,1092000.0,1155653200.0,True,True,True,True,True,True
1861.T,1861,熊谷組,プライム（内国株式）,建設業,TOPIX Small 1,2026-09-01,2606.0,1306.0,1627922525.0,1249300.0,1601678400.0,True,True,True,True,True,True
3941.T,3941,レンゴー,プライム（内国株式）,パルプ・紙,TOPIX Mid400,2026-09-01,2606.0,1632.0,1626545152.5,1022430.0,1254192000.0,True,True,True,True,True,True
3387.T,3387,クリエイト・レストランツ・ホールディングス,プライム（内国株式）,小売業,TOPIX Small 1,2026-09-01,2606.0,764.0,1620530510.0,2121730.0,1484681200.0,True,True,True,True,True,True
6490.T,6490,ＰＩＬＬＡＲ,プライム（内国株式）,機械,TOPIX Small 1,2026-09-01,2606.0,9800.0,1619722400.0,157610.0,1153460000.0,True,True,True,True,True,True
5715.T,5715,古河機械金属,プライム（内国株式）,非鉄金属,TOPIX Small 1,2026-09-01,2606.0,4525.0,1605946225.0,384470.0,1183740000.0,True,True,True,True,True,True
8060.T,8060,キヤノンマーケティングジャパン,プライム（内国株式）,卸売業,TOPIX Mid400,2026-09-01,2606.0,3780.0,1598710485.0,444645.0,1151010000.0,True,True,True,True,True,True
4540.T,4540,ツムラ,プライム（内国株式）,医薬品,TOPIX Mid400,2026-09-01,2606.0,3800.0,1594667490.0,423680.0,1507460000.0,True,True,True,True,True,True
6432.T,6432,竹内製作所,プライム（内国株式）,機械,TOPIX Small 1,2026-09-01,2606.0,7650.0,1589757450.0,208845.0,1497870000.0,True,True,True,True,True,True
3635.T,3635,コーエーテクモホールディングス,プライム（内国株式）,情報・通信業,TOPIX Mid400,2026-09-01,2606.0,1738.0,1588900622.5,958140.0,1865221600.0,True,True,True,True,True,True
9468.T,9468,ＫＡＤＯＫＡＷＡ,プライム（内国株式）,情報・通信業,TOPIX Mid400,2026-09-01,2606.0,3756.0,1580043775.0,441025.0,1583154000.0,True,True,True,True,True,True
1959.T,1959,クラフティア,プライム（内国株式）,建設業,TOPIX Mid400,2026-09-01,2606.0,8405.0,1575627745.0,191045.0,1543998500.0,True,True,True,True,True,True
247A.T,247A,Ａｉロボティクス,グロース（内国株式）,化学,-,2026-09-01,470.0,1015.0,1574370725.0,1621235.0,1432571000.0,True,True,True,True,True,True
7906.T,7906,ヨネックス,スタンダード（内国株式）,その他製品,-,2026-09-01,2606.0,2687.0,1567339700.0,571785.0,1230377300.0,True,True,True,True,True,True
1951.T,1951,エクシオグループ,プライム（内国株式）,建設業,TOPIX Mid400,2026-09-01,2606.0,2687.0,1523569670.0,582445.0,1187385300.0,True,True,True,True,True,True
2331.T,2331,ＡＬＳＯＫ,プライム（内国株式）,サービス業,TOPIX Mid400,2026-09-01,2606.0,1220.0,1523509120.0,1299405.0,1297836000.0,True,True,True,True,True,True
7337.T,7337,ひろぎんホールディングス,プライム（内国株式）,銀行業,TOPIX Mid400,2026-09-01,1447.0,2421.0,1517403415.0,659335.0,1528135200.0,True,True,True,True,True,True
2127.T,2127,日本Ｍ＆Ａセンターホールディングス,プライム（内国株式）,サービス業,TOPIX Mid400,2026-09-01,2606.0,678.5,1515048729.0090942,2260195.0,2713253650.0,True,True,True,True,True,True
3993.T,3993,ＰＫＳＨＡ　Ｔｅｃｈｎｏｌｏｇｙ,プライム（内国株式）,情報・通信業,TOPIX Small 1,2026-09-01,2200.0,3295.0,1514868505.0,483445.0,761145000.0,True,True,True,True,True,True
8338.T,8338,筑波銀行,プライム（内国株式）,銀行業,TOPIX Small 2,2026-09-01,2606.0,746.0,1511103295.0,2109190.0,2004949600.0,True,True,True,True,True,True
6266.T,6266,タツモ,プライム（内国株式）,機械,TOPIX Small 2,2026-09-01,2606.0,3445.0,1510910275.0,406825.0,763412000.0,True,True,True,True,True,True
5384.T,5384,フジミインコーポレーテッド,プライム（内国株式）,ガラス・土石製品,TOPIX Small 1,2026-09-01,2606.0,3485.0,1496416900.0,384215.0,1071637500.0,True,True,True,True,True,True
2121.T,2121,ＭＩＸＩ,プライム（内国株式）,情報・通信業,TOPIX Small 1,2026-09-01,2606.0,3740.0,1467187950.0,425045.0,3805076000.0,True,True,True,True,True,True
9166.T,9166,ＧＥＮＤＡ,グロース（内国株式）,サービス業,-,2026-09-01,756.0,734.0,1466814540.0,1993595.0,903480600.0,True,True,True,True,True,True
7599.T,7599,ＩＤＯＭ,プライム（内国株式）,卸売業,TOPIX Small 1,2026-09-01,2606.0,1271.0,1462133520.0,1144380.0,1351073000.0,True,True,True,True,True,True
2607.T,2607,不二製油,プライム（内国株式）,食料品,TOPIX Mid400,2026-09-01,2606.0,4730.0,1459289500.0,329595.0,1531574000.0,True,True,True,True,True,True
4626.T,4626,太陽ホールディングス,プライム（内国株式）,化学,TOPIX Mid400,2026-09-01,2606.0,4750.0,1450406810.0,301410.0,1157100000.0,True,True,True,True,True,True
8237.T,8237,松屋,プライム（内国株式）,小売業,TOPIX Small 1,2026-09-01,2606.0,2276.0,1447598970.0,595320.0,2447382800.0,True,True,True,True,True,True
6005.T,6005,三浦工業,プライム（内国株式）,機械,TOPIX Mid400,2026-09-01,2606.0,3239.0,1446646935.0,458055.0,1039071200.0,True,True,True,True,True,True
7685.T,7685,ＢｕｙＳｅｌｌ　Ｔｅｃｈｎｏｌｏｇｉｅｓ,グロース（内国株式）,卸売業,-,2026-09-01,1636.0,3085.0,1436655250.0,443735.0,1154098500.0,True,True,True,True,True,True
4202.T,4202,ダイセル,プライム（内国株式）,化学,TOPIX Mid400,2026-09-01,2606.0,1520.0,1434791475.0,977710.0,1556328000.0,True,True,True,True,True,True
6707.T,6707,サンケン電気,プライム（内国株式）,電気機器,TOPIX Mid400,2026-09-01,2606.0,7097.0,1433674245.0,181440.0,1285266700.0,True,True,True,True,True,True
1860.T,1860,戸田建設,プライム（内国株式）,建設業,TOPIX Mid400,2026-09-01,2606.0,1568.0,1426672307.5,951015.0,1573644800.0,True,True,True,True,True,True
8418.T,8418,山口フィナンシャルグループ,プライム（内国株式）,銀行業,TOPIX Mid400,2026-09-01,2606.0,3255.0,1423627795.0,455295.0,1124928000.0,True,True,True,True,True,True
8012.T,8012,長瀬産業,プライム（内国株式）,卸売業,TOPIX Mid400,2026-09-01,2606.0,1186.0,1417962547.5,1165955.0,1107842600.0,True,True,True,True,True,True
2782.T,2782,セリア,スタンダード（内国株式）,小売業,-,2026-09-01,2606.0,4375.0,1415458150.0,336000.0,1288875000.0,True,True,True,True,True,True
9364.T,9364,上組,プライム（内国株式）,倉庫・運輸関連業,TOPIX Mid400,2026-09-01,2606.0,4898.0,1413582180.0,286200.0,1187765000.0,True,True,True,True,True,True
6875.T,6875,メガチップス,プライム（内国株式）,電気機器,TOPIX Small 1,2026-09-01,2606.0,10840.0,1413383300.0,130280.0,1059068000.0,True,True,True,True,True,True
6366.T,6366,千代田化工建設,スタンダード（内国株式）,建設業,-,2026-09-01,2606.0,734.0,1413055615.0,1998630.0,1205815200.0,True,True,True,True,True,True
3401.T,3401,帝人,プライム（内国株式）,繊維製品,TOPIX Mid400,2026-09-01,2606.0,1825.0,1411935177.5,815925.0,1524057500.0,True,True,True,True,True,True
7806.T,7806,ＭＴＧ,グロース（内国株式）,その他製品,-,2026-09-01,1993.0,9080.0,1411821700.0,169920.0,921620000.0,True,True,True,True,True,True
1719.T,1719,安藤・間,プライム（内国株式）,建設業,TOPIX Mid400,2026-09-01,2606.0,1959.0,1406379955.0,747825.0,1563086100.0,True,True,True,True,True,True
5463.T,5463,丸一鋼管,プライム（内国株式）,鉄鋼,TOPIX Mid400,2026-09-01,2606.0,1792.5,1405058927.5,792875.0,2379543750.0,True,True,True,True,True,True
8111.T,8111,ゴールドウイン,プライム（内国株式）,繊維製品,TOPIX Mid400,2026-09-01,2606.0,2127.0,1404228105.0,656015.0,1026490200.0,True,True,True,True,True,True
6235.T,6235,オプトラン,プライム（内国株式）,機械,TOPIX Small 1,2026-09-01,2137.0,2657.0,1395680500.0,479760.0,867244800.0,True,True,True,True,True,True
6258.T,6258,平田機工,プライム（内国株式）,機械,TOPIX Small 1,2026-09-01,2606.0,3505.0,1384893300.0,390975.0,1011543000.0,True,True,True,True,True,True
5032.T,5032,ＡＮＹＣＯＬＯＲ,プライム（内国株式）,情報・通信業,TOPIX Small 1,2026-09-01,1036.0,2990.0,1384294980.0,486510.0,1458522000.0,True,True,True,True,True,True
7988.T,7988,ニフコ,プライム（内国株式）,化学,TOPIX Mid400,2026-09-01,2606.0,5176.0,1383925760.0,272250.0,2692555200.0,True,True,True,True,True,True
2809.T,2809,キユーピー,プライム（内国株式）,食料品,TOPIX Mid400,2026-09-01,2606.0,4769.0,1381213010.0,295830.0,1253770100.0,True,True,True,True,True,True
9418.T,9418,Ｕ－ＮＥＸＴ　ＨＯＬＤＩＮＧＳ,プライム（内国株式）,情報・通信業,TOPIX Small 1,2026-09-01,2606.0,1722.0,1379741020.0,795875.0,993594000.0,True,True,True,True,True,True
4259.T,4259,エクサウィザーズ,グロース（内国株式）,情報・通信業,-,2026-09-01,1146.0,837.0,1376936795.0,1787420.0,777907800.0,True,True,True,True,True,True
6524.T,6524,湖北工業,スタンダード（内国株式）,電気機器,-,2026-09-01,1148.0,5140.0,1375393675.0,281845.0,1416070000.0,True,True,True,True,True,True
8361.T,8361,大垣共立銀行,プライム（内国株式）,銀行業,TOPIX Small 1,2026-09-01,2606.0,8200.0,1372534550.0,174520.0,1011880000.0,True,True,True,True,True,True
2670.T,2670,エービーシー・マート,プライム（内国株式）,小売業,TOPIX Mid400,2026-09-01,2606.0,2700.0,1368996062.5,492910.0,1516320000.0,True,True,True,True,True,True
8282.T,8282,ケーズホールディングス,プライム（内国株式）,小売業,TOPIX Mid400,2026-09-01,2606.0,1964.5,1360240877.5,706720.0,1246278800.0,True,True,True,True,True,True
3116.T,3116,トヨタ紡織,プライム（内国株式）,輸送用機器,TOPIX Mid400,2026-09-01,2606.0,2348.0,1359911895.0,608980.0,1612841200.0,True,True,True,True,True,True
6016.T,6016,ジャパンエンジンコーポレーション,スタンダード（内国株式）,輸送用機器,-,2026-09-01,2606.0,10670.0,1358024150.0,134455.0,2046506000.0,True,True,True,True,True,True
6055.T,6055,ジャパンマテリアル,プライム（内国株式）,サービス業,TOPIX Small 1,2026-09-01,2606.0,2126.0,1357504275.0,617410.0,897384600.0,True,True,True,True,True,True
4206.T,4206,アイカ工業,プライム（内国株式）,化学,TOPIX Mid400,2026-09-01,2606.0,4198.0,1351654610.0,331950.0,945389600.0,True,True,True,True,True,True
7459.T,7459,メディパルホールディングス,プライム（内国株式）,卸売業,TOPIX Mid400,2026-09-01,2606.0,2932.5,1347581280.0,472325.0,1165082250.0,True,True,True,True,True,True
5707.T,5707,東邦亜鉛,プライム（内国株式）,非鉄金属,TOPIX Small 2,2026-09-01,2606.0,1097.0,1346069665.0,1195645.0,914788300.0,True,True,True,True,True,True
4516.T,4516,日本新薬,プライム（内国株式）,医薬品,TOPIX Mid400,2026-09-01,2606.0,3549.0,1342015745.0,374770.0,1766692200.0,True,True,True,True,True,True
4373.T,4373,シンプレクス・ホールディングス,プライム（内国株式）,情報・通信業,TOPIX Small 1,2026-09-01,1209.0,1244.0,1338406170.0,1138720.0,2192550000.0,True,True,True,True,True,True
6849.T,6849,日本光電工業,プライム（内国株式）,電気機器,TOPIX Mid400,2026-09-01,2606.0,1530.5,1335368507.5,894500.0,1004467150.0,True,True,True,True,True,True
4970.T,4970,東洋合成工業,スタンダード（内国株式）,化学,-,2026-09-01,2606.0,11120.0,1334993550.0,108985.0,835112000.0,True,True,True,True,True,True
4816.T,4816,東映アニメーション,スタンダード（内国株式）,情報・通信業,-,2026-09-01,2606.0,3040.0,1334915525.0,461195.0,601920000.0,True,True,True,True,True,True
3397.T,3397,トリドールホールディングス,プライム（内国株式）,小売業,TOPIX Mid400,2026-09-01,2606.0,4338.0,1331599130.0,313085.0,1256718600.0,True,True,True,True,True,True
8698.T,8698,マネックスグループ,プライム（内国株式）,証券、商品先物取引業,TOPIX Small 1,2026-09-01,2606.0,743.0,1326562960.0,1855200.0,1190508900.0,True,True,True,True,True,True
8020.T,8020,兼松,プライム（内国株式）,卸売業,TOPIX Mid400,2026-09-01,2606.0,2309.5,1323611510.0,604215.0,1489858450.0,True,True,True,True,True,True
9008.T,9008,京王電鉄,プライム（内国株式）,陸運業,TOPIX Mid400,2026-09-01,2606.0,786.4000244140625,1321841744.0979004,1719540.0,1283326199.8413086,True,True,True,True,True,True
9404.T,9404,日本テレビホールディングス,プライム（内国株式）,情報・通信業,TOPIX Mid400,2026-09-01,2606.0,3078.0,1321796300.0,450880.0,998503200.0,True,True,True,True,True,True
3291.T,3291,飯田グループホールディングス,プライム（内国株式）,不動産業,TOPIX Mid400,2026-09-01,2606.0,2389.5,1320425042.5,572665.0,1391644800.0,True,True,True,True,True,True
5947.T,5947,リンナイ,プライム（内国株式）,金属製品,TOPIX Mid400,2026-09-01,2606.0,3688.0,1320110290.0,367100.0,1479625600.0,True,True,True,True,True,True
2354.T,2354,ＹＥ　ＤＩＧＩＴＡＬ,スタンダード（内国株式）,情報・通信業,-,2026-09-01,2606.0,1407.0,1315755890.0,948835.0,1527579900.0,True,True,True,True,True,True
6232.T,6232,ＡＣＳＬ,グロース（内国株式）,機械,-,2026-09-01,1875.0,1522.0,1314769775.0,827195.0,910308200.0,True,True,True,True,True,True
6966.T,6966,三井ハイテック,プライム（内国株式）,電気機器,TOPIX Small 1,2026-09-01,2606.0,945.0,1310379570.0,1387870.0,1097806500.0,True,True,True,True,True,True
6544.T,6544,ジャパンエレベーターサービスホールディングス,プライム（内国株式）,サービス業,TOPIX Mid400,2026-09-01,2330.0,1504.0,1299315072.5,848125.0,927065600.0,True,True,True,True,True,True
7717.T,7717,ブイ・テクノロジー,プライム（内国株式）,精密機器,TOPIX Small 2,2026-09-01,2606.0,5650.0,1298302050.0,228805.0,844675000.0,True,True,True,True,True,True
4483.T,4483,ＪＭＤＣ,プライム（内国株式）,情報・通信業,TOPIX Small 1,2026-09-01,1638.0,3465.0,1291120425.0,377040.0,1230768000.0,True,True,True,True,True,True
4784.T,4784,ＧＭＯインターネット,プライム（内国株式）,サービス業,TOPIX Small 2,2026-09-01,2606.0,565.0,1287267535.0,2275260.0,1227067000.0,True,True,True,True,True,True
8242.T,8242,エイチ・ツー・オー　リテイリング,プライム（内国株式）,小売業,TOPIX Mid400,2026-09-01,2606.0,3015.0,1279308975.0,440445.0,963594000.0,True,True,True,True,True,True
7380.T,7380,十六フィナンシャルグループ,プライム（内国株式）,銀行業,TOPIX Small 1,2026-09-01,1203.0,2660.0,1266781795.0,503105.0,950684000.0,True,True,True,True,True,True
6136.T,6136,オーエスジー,プライム（内国株式）,機械,TOPIX Mid400,2026-09-01,2606.0,3700.0,1265595850.0,333005.0,1239130000.0,True,True,True,True,True,True
6523.T,6523,ＰＨＣホールディングス,プライム（内国株式）,電気機器,TOPIX Small 1,2026-09-01,1194.0,1590.0,1263621405.0,896680.0,1188843000.0,True,True,True,True,True,True
2222.T,2222,寿スピリッツ,プライム（内国株式）,食料品,TOPIX Mid400,2026-09-01,2606.0,2738.5,1255540675.0,471355.0,968333600.0,True,True,True,True,True,True
6472.T,6472,ＮＴＮ,プライム（内国株式）,機械,TOPIX Mid400,2026-09-01,2606.0,384.79998779296875,1253256006.6052246,3267370.0,1117074364.5629883,True,True,True,True,True,True
4413.T,4413,ボードルア,プライム（内国株式）,情報・通信業,TOPIX Small 2,2026-09-01,1163.0,2962.0,1253022175.0,424300.0,1066320000.0,True,True,True,True,True,True
4565.T,4565,ネクセラファーマ,プライム（内国株式）,医薬品,TOPIX Small 1,2026-09-01,2606.0,1125.0,1252875725.0,1163130.0,877725000.0,True,True,True,True,True,True
4092.T,4092,日本化学工業,プライム（内国株式）,化学,TOPIX Small 2,2026-09-01,2606.0,5350.0,1242332550.0,225770.0,438165000.0,True,True,True,True,True,True
1979.T,1979,大氣社,プライム（内国株式）,建設業,TOPIX Small 1,2026-09-01,2606.0,4070.0,1241920625.0,307510.0,1420430000.0,True,True,True,True,True,True
3964.T,3964,オークネット,プライム（内国株式）,情報・通信業,TOPIX Small 2,2026-09-01,2324.0,1403.0,1238114240.0,855340.0,3195613100.0,True,True,True,True,True,True
2685.T,2685,アンドエスティＨＤ,プライム（内国株式）,小売業,TOPIX Small 1,2026-09-01,2606.0,3365.0,1237675625.0,356385.0,766883500.0,True,True,True,True,True,True
8022.T,8022,美津濃,プライム（内国株式）,その他製品,TOPIX Small 1,2026-09-01,2606.0,4100.0,1235069350.0,300905.0,576050000.0,True,True,True,True,True,True
5074.T,5074,テスホールディングス,プライム（内国株式）,建設業,TOPIX Small 2,2026-09-01,1307.0,637.0,1201009420.0,1757915.0,607634300.0,True,True,True,True,True,True
2433.T,2433,博報堂ＤＹホールディングス,プライム（内国株式）,サービス業,TOPIX Mid400,2026-09-01,2606.0,1377.5,1195270150.0,929245.0,1202282000.0,True,True,True,True,True,True
3186.T,3186,ネクステージ,プライム（内国株式）,小売業,TOPIX Small 1,2026-09-01,2606.0,3350.0,1188349150.0,343055.0,864300000.0,True,True,True,True,True,True
4471.T,4471,三洋化成工業,プライム（内国株式）,化学,TOPIX Small 1,2026-09-01,2606.0,6660.0,1183705300.0,191610.0,1270728000.0,True,True,True,True,True,True
4023.T,4023,クレハ,プライム（内国株式）,化学,TOPIX Small 1,2026-09-01,2606.0,4670.0,1182281550.0,263395.0,1334686000.0,True,True,True,True,True,True
4967.T,4967,小林製薬,プライム（内国株式）,化学,TOPIX Mid400,2026-09-01,2606.0,5735.0,1180430685.0,210885.0,1057534000.0,True,True,True,True,True,True
3891.T,3891,ニッポン高度紙工業,スタンダード（内国株式）,パルプ・紙,-,2026-09-01,2606.0,6700.0,1173646200.0,172065.0,824770000.0,True,True,True,True,True,True
2585.T,2585,ライフドリンク　カンパニー,プライム（内国株式）,食料品,TOPIX Small 1,2026-09-01,1148.0,1575.0,1173225955.0,724930.0,868927500.0,True,True,True,True,True,True
6264.T,6264,マルマエ,プライム（内国株式）,機械,TOPIX Small 2,2026-09-01,2606.0,1953.0,1173063270.0,560785.0,1003256100.0,True,True,True,True,True,True
3097.T,3097,物語コーポレーション,プライム（内国株式）,小売業,TOPIX Small 1,2026-09-01,2606.0,5750.0,1167774100.0,206890.0,635950000.0,True,True,True,True,True,True
3543.T,3543,コメダホールディングス,プライム（内国株式）,卸売業,TOPIX Small 1,2026-09-01,2507.0,2931.0,1163518200.0,396855.0,619613400.0,True,True,True,True,True,True
2784.T,2784,アルフレッサ　ホールディングス,プライム（内国株式）,卸売業,TOPIX Mid400,2026-09-01,2606.0,2332.0,1162549050.0,516895.0,940728800.0,True,True,True,True,True,True
1407.T,1407,ウエストホールディングス,スタンダード（内国株式）,建設業,-,2026-09-01,2606.0,2662.0,1159224480.0,427355.0,859027400.0,True,True,True,True,True,True
3101.T,3101,東洋紡,プライム（内国株式）,化学,TOPIX Small 1,2026-09-01,2606.0,1773.0,1157205265.0,705570.0,1887358500.0,True,True,True,True,True,True
9072.T,9072,ニッコンホールディングス,プライム（内国株式）,陸運業,TOPIX Mid400,2026-09-01,2606.0,5492.0,1156384720.0,212100.0,925402000.0,True,True,True,True,True,True
7004.T,7004,カナデビア,プライム（内国株式）,機械,TOPIX Small 1,2026-09-01,2606.0,1201.0,1153597550.0,952185.0,1165810700.0,True,True,True,True,True,True
2157.T,2157,コシダカホールディングス,プライム（内国株式）,サービス業,TOPIX Small 1,2026-09-01,2606.0,1021.0,1151668055.0,1119845.0,1151483800.0,True,True,True,True,True,True
8343.T,8343,秋田銀行,プライム（内国株式）,銀行業,TOPIX Small 2,2026-09-01,2606.0,8840.0,1147956350.0,135835.0,983008000.0,True,True,True,True,True,True
9076.T,9076,セイノーホールディングス,プライム（内国株式）,陸運業,TOPIX Mid400,2026-09-01,2606.0,2820.0,1147400565.0,418185.0,855870000.0,True,True,True,True,True,True
1414.T,1414,ショーボンドホールディングス,プライム（内国株式）,建設業,TOPIX Mid400,2026-09-01,2606.0,1289.0,1142842347.5,894530.0,976417500.0,True,True,True,True,True,True
8086.T,8086,ニプロ,プライム（内国株式）,精密機器,TOPIX Mid400,2026-09-01,2606.0,1553.0,1141705775.0,720595.0,963170600.0,True,True,True,True,True,True
5901.T,5901,東洋製罐グループホールディングス,プライム（内国株式）,金属製品,TOPIX Mid400,2026-09-01,2606.0,4570.0,1134966165.0,258760.0,1194598000.0,True,True,True,True,True,True
4475.T,4475,ＨＥＮＮＧＥ,グロース（内国株式）,情報・通信業,-,2026-09-01,1684.0,1703.0,1134200725.0,730440.0,779974000.0,True,True,True,True,True,True
4480.T,4480,メドレー,プライム（内国株式）,情報・通信業,TOPIX Small 1,2026-09-01,1640.0,2617.0,1133177260.0,420455.0,1426003300.0,True,True,True,True,True,True
3687.T,3687,フィックスターズ,プライム（内国株式）,情報・通信業,TOPIX Small 2,2026-09-01,2606.0,2194.0,1131926265.0,508860.0,1535361200.0,True,True,True,True,True,True
336A.T,336A,ダイナミックマッププラットフォーム,グロース（内国株式）,情報・通信業,-,2026-09-01,351.0,1179.0,1128741260.0,988150.0,10503239400.0,True,True,True,True,True,True
2206.T,2206,江崎グリコ,プライム（内国株式）,食料品,TOPIX Mid400,2026-09-01,2606.0,5198.0,1127923145.0,221060.0,887818400.0,True,True,True,True,True,True
6457.T,6457,グローリー,プライム（内国株式）,機械,TOPIX Mid400,2026-09-01,2606.0,4819.0,1126013325.0,234670.0,1190293000.0,True,True,True,True,True,True
3863.T,3863,日本製紙,プライム（内国株式）,パルプ・紙,TOPIX Small 1,2026-09-01,2606.0,1400.0,1120460735.0,814545.0,807380000.0,True,True,True,True,True,True
4587.T,4587,ペプチドリーム,プライム（内国株式）,医薬品,TOPIX Mid400,2026-09-01,2606.0,1098.0,1118903813.869934,1065005.0,586551600.0,True,True,True,True,True,True
9006.T,9006,京浜急行電鉄,プライム（内国株式）,陸運業,TOPIX Mid400,2026-09-01,2606.0,1565.0,1116645847.5,727495.0,1134938000.0,True,True,True,True,True,True
9744.T,9744,メイテックグループホールディングス,プライム（内国株式）,サービス業,TOPIX Mid400,2026-09-01,2606.0,3415.0,1116021730.0,333975.0,1273795000.0,True,True,True,True,True,True
2175.T,2175,エス・エム・エス,プライム（内国株式）,サービス業,TOPIX Small 1,2026-09-01,2606.0,2477.0,1115674515.0,477210.0,1251628100.0,True,True,True,True,True,True
8522.T,8522,名古屋銀行,プライム（内国株式）,銀行業,TOPIX Small 1,2026-09-01,2606.0,7260.0,1114310800.0,163625.0,839256000.0,True,True,True,True,True,True
4681.T,4681,リゾートトラスト,プライム（内国株式）,サービス業,TOPIX Mid400,2026-09-01,2606.0,1890.0,1104835082.5,596590.0,782838000.0,True,True,True,True,True,True
4107.T,4107,伊勢化学工業,スタンダード（内国株式）,化学,-,2026-09-01,2606.0,4260.0,1100958425.0,274935.0,1610706000.0,True,True,True,True,True,True
7278.T,7278,エクセディ,プライム（内国株式）,輸送用機器,TOPIX Small 1,2026-09-01,2606.0,6280.0,1099343400.0,179525.0,1156776000.0,True,True,True,True,True,True
2810.T,2810,ハウス食品グループ本社,プライム（内国株式）,食料品,TOPIX Mid400,2026-09-01,2606.0,4002.0,1092129430.0,288275.0,1651225200.0,True,True,True,True,True,True
7456.T,7456,松田産業,プライム（内国株式）,卸売業,TOPIX Small 1,2026-09-01,2606.0,7130.0,1088473150.0,161275.0,683054000.0,True,True,True,True,True,True
9722.T,9722,藤田観光,プライム（内国株式）,サービス業,TOPIX Small 1,2026-09-01,2606.0,3020.0,1082408740.0,428550.0,1391616000.0,True,True,True,True,True,True
8544.T,8544,京葉銀行,プライム（内国株式）,銀行業,TOPIX Small 1,2026-09-01,2606.0,2833.0,1078642065.0,396225.0,858115700.0,True,True,True,True,True,True
4419.T,4419,Ｆｉｎａｔｅｘｔホールディングス,グロース（内国株式）,情報・通信業,-,2026-09-01,1147.0,1399.0,1076688605.0,775095.0,798689100.0,True,True,True,True,True,True
9048.T,9048,名古屋鉄道,プライム（内国株式）,陸運業,TOPIX Mid400,2026-09-01,2606.0,1891.5,1075312582.5,575580.0,1009115250.0,True,True,True,True,True,True
8570.T,8570,イオンフィナンシャルサービス,プライム（内国株式）,その他金融業,TOPIX Mid400,2026-09-01,2606.0,1674.5,1062360160.0,639950.0,1876779600.0,True,True,True,True,True,True
4272.T,4272,日本化薬,プライム（内国株式）,化学,TOPIX Mid400,2026-09-01,2606.0,2115.0,1054734825.0,512255.0,907969500.0,True,True,True,True,True,True
7716.T,7716,ナカニシ,スタンダード（内国株式）,精密機器,-,2026-09-01,2606.0,3190.0,1034846350.0,323805.0,776127000.0,True,True,True,True,True,True
5331.T,5331,ノリタケ,プライム（内国株式）,ガラス・土石製品,TOPIX Small 1,2026-09-01,2606.0,3655.0,1034036025.0,277790.0,567987000.0,True,True,True,True,True,True
9533.T,9533,東邦瓦斯,プライム（内国株式）,電気・ガス業,TOPIX Mid400,2026-09-01,2606.0,1266.5,1033369570.0,873510.0,1911021850.0,True,True,True,True,True,True
7164.T,7164,全国保証,プライム（内国株式）,その他金融業,TOPIX Mid400,2026-09-01,2606.0,3223.0,1027311970.0,326965.0,1152867100.0,True,True,True,True,True,True
4078.T,4078,堺化学工業,プライム（内国株式）,化学,TOPIX Small 1,2026-09-01,2606.0,3915.0,1022384050.0,254110.0,578245500.0,True,True,True,True,True,True
8381.T,8381,山陰合同銀行,プライム（内国株式）,銀行業,TOPIX Small 1,2026-09-01,2606.0,2643.0,1017170185.0,399600.0,813515400.0,True,True,True,True,True,True
1885.T,1885,東亜建設工業,プライム（内国株式）,建設業,TOPIX Small 1,2026-09-01,2606.0,2156.0,1012010785.0,486410.0,1108615200.0,True,True,True,True,True,True
219A.T,219A,Ｈｅａｒｔｓｅｅｄ,グロース（内国株式）,医薬品,-,2026-09-01,510.0,2455.0,1010032370.0,451890.0,2353117500.0,True,True,True,True,True,True
3660.T,3660,アイスタイル,プライム（内国株式）,情報・通信業,TOPIX Small 1,2026-09-01,2606.0,533.0,1005484505.0,1926550.0,585820300.0,True,True,True,True,True,True
6237.T,6237,イワキポンプ,プライム（内国株式）,機械,TOPIX Small 2,2026-09-01,2575.0,4110.0,985398575.0,204500.0,531012000.0,True,True,True,True,True,True
6946.T,6946,日本アビオニクス,スタンダード（内国株式）,電気機器,-,2026-09-01,2606.0,5660.0,980526200.0,170480.0,662786000.0,True,True,True,True,True,True
8876.T,8876,リログループ,プライム（内国株式）,サービス業,TOPIX Mid400,2026-09-01,2606.0,2262.5,972195227.5,453145.0,2616807500.0,True,True,True,True,True,True
2593.T,2593,伊藤園,プライム（内国株式）,食料品,TOPIX Mid400,2026-09-01,2606.0,3011.0,969867472.5,326595.0,1427515100.0,True,True,True,True,True,True
6498.T,6498,キッツ,プライム（内国株式）,機械,TOPIX Small 1,2026-09-01,2606.0,1904.0,968017240.0,478755.0,840425600.0,True,True,True,True,True,True
8628.T,8628,松井証券,プライム（内国株式）,証券、商品先物取引業,TOPIX Small 1,2026-09-01,2606.0,1212.0,967735860.0,851975.0,1563480000.0,True,True,True,True,True,True
6387.T,6387,サムコ,プライム（内国株式）,機械,TOPIX Small 2,2026-09-01,2606.0,8500.0,966583750.0,104145.0,681700000.0,True,True,True,True,True,True
8714.T,8714,池田泉州ホールディングス,プライム（内国株式）,銀行業,TOPIX Small 1,2026-09-01,2606.0,1103.0,965466935.0,908445.0,663123600.0,True,True,True,True,True,True
9069.T,9069,センコーグループホールディングス,プライム（内国株式）,陸運業,TOPIX Mid400,2026-09-01,2606.0,2256.5,961686345.0,424355.0,577212700.0,True,True,True,True,True,True
6143.T,6143,ソディック,プライム（内国株式）,機械,TOPIX Small 1,2026-09-01,2606.0,1741.0,953938950.0,538140.0,661754100.0,True,True,True,True,True,True
2371.T,2371,カカクコム,プライム（内国株式）,サービス業,TOPIX Mid400,2026-09-01,2606.0,3694.0,950140885.0,256965.0,500537000.0,True,True,True,True,True,True
5832.T,5832,ちゅうぎんフィナンシャルグループ,プライム（内国株式）,銀行業,TOPIX Mid400,2026-09-01,958.0,3566.0,948383025.0,275145.0,973161400.0,True,True,True,True,True,True
3612.T,3612,ワールド,プライム（内国株式）,繊維製品,TOPIX Small 1,2026-09-01,1935.0,1639.0,945504480.0,571820.0,433187700.0,True,True,True,True,True,True
9045.T,9045,京阪ホールディングス,プライム（内国株式）,陸運業,TOPIX Mid400,2026-09-01,2606.0,3221.0,944623605.0,297440.0,755646600.0,True,True,True,True,True,True
7611.T,7611,ハイデイ日高,プライム（内国株式）,小売業,TOPIX Small 1,2026-09-01,2606.0,3035.0,941909625.0,321615.0,554798000.0,True,True,True,True,True,True
8386.T,8386,百十四銀行,プライム（内国株式）,銀行業,TOPIX Small 1,2026-09-01,2606.0,3165.0,939662905.0,313015.0,682057500.0,True,True,True,True,True,True
9627.T,9627,アインホールディングス,プライム（内国株式）,小売業,TOPIX Mid400,2026-09-01,2606.0,6210.0,938651905.0,156340.0,756999000.0,True,True,True,True,True,True
4776.T,4776,サイボウズ,プライム（内国株式）,情報・通信業,TOPIX Small 1,2026-09-01,2606.0,3165.0,935873850.0,311075.0,731431500.0,True,True,True,True,True,True
3107.T,3107,ダイワボウホールディングス,プライム（内国株式）,卸売業,TOPIX Mid400,2026-09-01,2606.0,3862.0,933573970.0,252970.0,747297000.0,True,True,True,True,True,True
8276.T,8276,平和堂,プライム（内国株式）,小売業,TOPIX Small 1,2026-09-01,2606.0,2668.0,930149285.0,343625.0,306553200.0,True,True,True,True,True,True
5243.T,5243,ｎｏｔｅ,グロース（内国株式）,情報・通信業,-,2026-09-01,904.0,2890.0,929530510.0,356175.0,1148197000.0,True,True,True,True,True,True
8360.T,8360,山梨中央銀行,プライム（内国株式）,銀行業,TOPIX Small 1,2026-09-01,2606.0,7310.0,929074450.0,128370.0,1057757000.0,True,True,True,True,True,True
9302.T,9302,三井倉庫ホールディングス,プライム（内国株式）,倉庫・運輸関連業,TOPIX Mid400,2026-09-01,2606.0,3359.0,922003265.0,280330.0,593535300.0,True,True,True,True,True,True
7552.T,7552,ハピネット,プライム（内国株式）,卸売業,TOPIX Small 1,2026-09-01,2606.0,3880.0,921949125.0,261750.0,984356000.0,True,True,True,True,True,True
2531.T,2531,宝ホールディングス,プライム（内国株式）,食料品,TOPIX Mid400,2026-09-01,2606.0,2186.0,921120307.5,438260.0,702799000.0,True,True,True,True,True,True
7419.T,7419,ノジマ,プライム（内国株式）,小売業,TOPIX Small 1,2026-09-01,2606.0,1278.0,917931540.0,710405.0,739450800.0,True,True,True,True,True,True
319A.T,319A,技術承継機構,グロース（内国株式）,金属製品,-,2026-09-01,384.0,20900.0,911949500.0,46045.0,821370000.0,True,True,True,True,True,True
2726.T,2726,パルグループホールディングス,プライム（内国株式）,小売業,TOPIX Small 1,2026-09-01,2606.0,1510.0,910237250.0,605480.0,975460000.0,True,True,True,True,True,True
6617.T,6617,東光高岳,プライム（内国株式）,電気機器,TOPIX Small 2,2026-09-01,2606.0,6940.0,904956400.0,119695.0,610026000.0,True,True,True,True,True,True
7350.T,7350,おきなわフィナンシャルグループ,プライム（内国株式）,銀行業,TOPIX Small 1,2026-09-01,1203.0,7840.0,901856650.0,117410.0,1259104000.0,True,True,True,True,True,True
1417.T,1417,ミライト・ワン,プライム（内国株式）,建設業,TOPIX Mid400,2026-09-01,2606.0,3696.0,901331820.0,255965.0,708523200.0,True,True,True,True,True,True
7609.T,7609,ダイトロン,プライム（内国株式）,卸売業,TOPIX Small 2,2026-09-01,2606.0,4005.0,899456600.0,210790.0,334017000.0,True,True,True,True,True,True
9505.T,9505,北陸電力,プライム（内国株式）,電気・ガス業,TOPIX Mid400,2026-09-01,2606.0,1070.0,893944772.5146484,918510.0,1398383000.0,True,True,True,True,True,True
2292.T,2292,Ｓ　Ｆｏｏｄｓ,プライム（内国株式）,食料品,TOPIX Small 1,2026-09-01,2606.0,2937.0,890510100.0,313000.0,650545500.0,True,True,True,True,True,True
4887.T,4887,サワイグループホールディングス,プライム（内国株式）,医薬品,TOPIX Mid400,2026-09-01,1325.0,1610.0,889745055.0,550725.0,774249000.0,True,True,True,True,True,True
9842.T,9842,アークランズ,プライム（内国株式）,小売業,TOPIX Small 1,2026-09-01,2606.0,1868.0,886669515.0,471990.0,520611600.0,True,True,True,True,True,True
8346.T,8346,東邦銀行,プライム（内国株式）,銀行業,TOPIX Small 1,2026-09-01,2606.0,989.0,886590360.0,923465.0,720684300.0,True,True,True,True,True,True
6140.T,6140,旭ダイヤモンド工業,プライム（内国株式）,機械,TOPIX Small 1,2026-09-01,2606.0,1198.0,880123770.0,709435.0,454281600.0,True,True,True,True,True,True
6058.T,6058,ベクトル,プライム（内国株式）,サービス業,TOPIX Small 2,2026-09-01,2606.0,2017.0,876187960.0,449325.0,3453104000.0,True,True,True,True,True,True
8273.T,8273,イズミ,プライム（内国株式）,小売業,TOPIX Small 1,2026-09-01,2606.0,1042.0,870516315.0,832000.0,435764400.0,True,True,True,True,True,True
2980.T,2980,ＳＲＥホールディングス,プライム（内国株式）,不動産業,TOPIX Small 2,2026-09-01,1635.0,2459.0,869911745.0,345350.0,722454200.0,True,True,True,True,True,True
6800.T,6800,ヨコオ,プライム（内国株式）,電気機器,TOPIX Small 2,2026-09-01,2606.0,3900.0,864853325.0,210710.0,595920000.0,True,True,True,True,True,True
1518.T,1518,三井松島ホールディングス,プライム（内国株式）,その他製品,TOPIX Small 1,2026-09-01,2606.0,2374.0,859365615.0,373680.0,589226800.0,True,True,True,True,True,True
547A.T,547A,ムニノバホールディングス,プライム（内国株式）,その他金融業,TOPIX Small 1,2026-09-01,2606.0,447.0,856309515.0,1877165.0,548111400.0,True,True,True,True,True,True
6436.T,6436,アマノ,プライム（内国株式）,機械,TOPIX Mid400,2026-09-01,2606.0,4027.0,854815510.0,218795.0,1129170800.0,True,True,True,True,True,True
8078.T,8078,阪和興業,プライム（内国株式）,卸売業,TOPIX Small 1,2026-09-01,2606.0,1949.0,852588920.0,466080.0,1444598800.0,True,True,True,True,True,True
7240.T,7240,ＮＯＫ,プライム（内国株式）,輸送用機器,TOPIX Mid400,2026-09-01,2606.0,3103.0,850819840.0,279785.0,1434827200.0,True,True,True,True,True,True
3549.T,3549,クスリのアオキホールディングス,スタンダード（内国株式）,小売業,TOPIX Mid400,2026-09-01,2606.0,4071.0,841867070.0,206790.0,1067009100.0,True,True,True,True,True,True
8919.T,8919,カチタス,プライム（内国株式）,不動産業,TOPIX Small 1,2026-09-01,2606.0,3805.0,836592825.0,231645.0,667016500.0,True,True,True,True,True,True
7545.T,7545,西松屋チェーン,プライム（内国株式）,小売業,TOPIX Small 1,2026-09-01,2606.0,2022.0,834576025.0,415570.0,438369600.0,True,True,True,True,True,True
2201.T,2201,森永製菓,プライム（内国株式）,食料品,TOPIX Mid400,2026-09-01,2606.0,2545.0,834243545.0,326765.0,1278353500.0,True,True,True,True,True,True
4544.T,4544,Ｈ．Ｕ．グループホールディングス,プライム（内国株式）,サービス業,TOPIX Mid400,2026-09-01,2606.0,3651.0,831150405.0,231535.0,586715700.0,True,True,True,True,True,True
6768.T,6768,タムラ製作所,プライム（内国株式）,電気機器,TOPIX Small 1,2026-09-01,2606.0,821.0,826867855.0,1013845.0,848257200.0,True,True,True,True,True,True
4592.T,4592,サンバイオ,グロース（内国株式）,医薬品,-,2026-09-01,2606.0,946.0,826538805.0,832630.0,1070966600.0,True,True,True,True,True,True
9987.T,9987,スズケン,プライム（内国株式）,卸売業,TOPIX Mid400,2026-09-01,2606.0,5231.0,826222930.0,164300.0,994936200.0,True,True,True,True,True,True
2124.T,2124,ジェイエイシーリクルートメント,プライム（内国株式）,サービス業,TOPIX Small 1,2026-09-01,2606.0,1027.0,825476320.0,828960.0,535888600.0,True,True,True,True,True,True
3765.T,3765,ガンホー・オンライン・エンターテイメント,プライム（内国株式）,情報・通信業,TOPIX Small 1,2026-09-01,2606.0,2627.0,824487180.0,327270.0,2368765900.0,True,True,True,True,True,True
2811.T,2811,カゴメ,プライム（内国株式）,食料品,TOPIX Mid400,2026-09-01,2606.0,2751.0,824224680.0,310145.0,758450700.0,True,True,True,True,True,True
8425.T,8425,みずほリース,プライム（内国株式）,その他金融業,TOPIX Small 1,2026-09-01,2606.0,1388.0,820187900.0,603215.0,990754400.0,True,True,True,True,True,True
7148.T,7148,ＦＰＧ,プライム（内国株式）,証券、商品先物取引業,TOPIX Small 1,2026-09-01,2606.0,1730.0,819659085.0,498090.0,1193527000.0,True,True,True,True,True,True
2229.T,2229,カルビー,プライム（内国株式）,食料品,TOPIX Mid400,2026-09-01,2606.0,3094.0,818932520.0,272460.0,758648800.0,True,True,True,True,True,True
4634.T,4634,ａｒｔｉｅｎｃｅ,プライム（内国株式）,化学,TOPIX Small 1,2026-09-01,2606.0,5200.0,814924800.0,164230.0,563160000.0,True,True,True,True,True,True
5703.T,5703,日本軽金属ホールディングス,プライム（内国株式）,非鉄金属,TOPIX Small 1,2026-09-01,2606.0,3135.0,811246655.0,272735.0,731709000.0,True,True,True,True,True,True
2760.T,2760,東京エレクトロン　デバイス,プライム（内国株式）,卸売業,TOPIX Small 1,2026-09-01,2606.0,4295.0,810096525.0,189975.0,761074000.0,True,True,True,True,True,True
4968.T,4968,荒川化学工業,プライム（内国株式）,化学,TOPIX Small 2,2026-09-01,2606.0,2197.0,809776655.0,349515.0,403588900.0,True,True,True,True,True,True
3276.T,3276,ＪＰＭＣ,プライム（内国株式）,不動産業,TOPIX Small 2,2026-09-01,2606.0,2247.0,807833155.0,358795.0,462207900.0,True,True,True,True,True,True
2327.T,2327,日鉄ソリューションズ,プライム（内国株式）,情報・通信業,TOPIX Mid400,2026-09-01,2606.0,4078.0,807748350.0,209425.0,926113800.0,True,True,True,True,True,True
8154.T,8154,加賀電子,プライム（内国株式）,卸売業,TOPIX Small 1,2026-09-01,2606.0,5100.0,805290200.0,160830.0,519180000.0,True,True,True,True,True,True
6810.T,6810,マクセル,プライム（内国株式）,電気機器,TOPIX Small 1,2026-09-01,2606.0,2603.0,797346110.0,320755.0,840248400.0,True,True,True,True,True,True
4028.T,4028,石原産業,プライム（内国株式）,化学,TOPIX Small 1,2026-09-01,2606.0,3220.0,788876900.0,253960.0,520674000.0,True,True,True,True,True,True
4927.T,4927,ポーラ・オルビスホールディングス,プライム（内国株式）,化学,TOPIX Mid400,2026-09-01,2606.0,1386.5,787178895.0,566790.0,562503050.0,True,True,True,True,True,True
7616.T,7616,コロワイド,プライム（内国株式）,小売業,TOPIX Mid400,2026-09-01,2606.0,2140.5,785497857.5,381420.0,660130200.0,True,True,True,True,True,True
9519.T,9519,レノバ,プライム（内国株式）,電気・ガス業,TOPIX Small 1,2026-09-01,2346.0,924.0,782121040.0,841260.0,808869600.0,True,True,True,True,True,True
8392.T,8392,大分銀行,プライム（内国株式）,銀行業,TOPIX Small 2,2026-09-01,2606.0,2930.0,780586540.0,276155.0,1343991000.0,True,True,True,True,True,True
2780.T,2780,コメ兵ホールディングス,スタンダード（内国株式）,小売業,-,2026-09-01,2606.0,5280.0,778203150.0,147885.0,449328000.0,True,True,True,True,True,True
7744.T,7744,ノーリツ鋼機,プライム（内国株式）,精密機器,TOPIX Small 1,2026-09-01,2606.0,2121.0,773352250.0,376505.0,731745000.0,True,True,True,True,True,True
8367.T,8367,南都銀行,プライム（内国株式）,銀行業,TOPIX Small 1,2026-09-01,2606.0,2002.0,770944380.0,409215.0,912711800.0,True,True,True,True,True,True
3036.T,3036,アルコニックス,プライム（内国株式）,卸売業,TOPIX Small 1,2026-09-01,2606.0,3405.0,769716835.0,221655.0,406216500.0,True,True,True,True,True,True
9003.T,9003,相鉄ホールディングス,プライム（内国株式）,陸運業,TOPIX Mid400,2026-09-01,2606.0,2614.0,767845362.5,301120.0,688789000.0,True,True,True,True,True,True
9601.T,9601,松竹,プライム（内国株式）,情報・通信業,TOPIX Small 1,2026-09-01,2606.0,10620.0,765546400.0,70500.0,610650000.0,True,True,True,True,True,True
3569.T,3569,セーレン,プライム（内国株式）,繊維製品,TOPIX Small 1,2026-09-01,2606.0,3550.0,756843075.0,218720.0,629060000.0,True,True,True,True,True,True
4432.T,4432,ウイングアーク１ｓｔ,プライム（内国株式）,情報・通信業,TOPIX Small 1,2026-09-01,1337.0,3440.0,751873250.0,227470.0,457864000.0,True,True,True,True,True,True
2962.T,2962,テクニスコ,スタンダード（内国株式）,金属製品,-,2026-09-01,758.0,1524.0,749947515.0,455410.0,455066400.0,True,True,True,True,True,True
7322.T,7322,三十三フィナンシャルグループ,プライム（内国株式）,銀行業,TOPIX Small 2,2026-09-01,2064.0,2132.0,746906555.0,368400.0,1507537200.0,True,True,True,True,True,True
1833.T,1833,奥村組,プライム（内国株式）,建設業,TOPIX Small 1,2026-09-01,2606.0,5910.0,746217550.0,129775.0,1013565000.0,True,True,True,True,True,True
4052.T,4052,フィーチャ,グロース（内国株式）,情報・通信業,-,2026-09-01,1511.0,641.0,743261230.0,1275780.0,3887857300.0,True,True,True,True,True,True
3156.T,3156,レスター,プライム（内国株式）,卸売業,TOPIX Small 2,2026-09-01,2606.0,5590.0,742384875.0,148460.0,883220000.0,True,True,True,True,True,True
6958.T,6958,日本シイエムケイ,プライム（内国株式）,電気機器,TOPIX Small 2,2026-09-01,2606.0,787.0,741838740.0,1003155.0,740252200.0,True,True,True,True,True,True
3433.T,3433,トーカロ,プライム（内国株式）,金属製品,TOPIX Small 1,2026-09-01,2606.0,2750.0,738475025.0,254110.0,604175000.0,True,True,True,True,True,True
3002.T,3002,グンゼ,プライム（内国株式）,繊維製品,TOPIX Small 1,2026-09-01,2606.0,4210.0,736758175.0,176180.0,905992000.0,True,True,True,True,True,True
7984.T,7984,コクヨ,プライム（内国株式）,その他製品,TOPIX Mid400,2026-09-01,2606.0,924.2999877929688,733585796.71875,828930.0,698493500.7751465,True,True,True,True,True,True
5702.T,5702,大紀アルミニウム工業所,プライム（内国株式）,非鉄金属,TOPIX Small 1,2026-09-01,2606.0,1964.0,733186440.0,400060.0,610214800.0,True,True,True,True,True,True
8424.T,8424,芙蓉総合リース,プライム（内国株式）,その他金融業,TOPIX Mid400,2026-09-01,2606.0,4487.0,731102730.0,165690.0,812147000.0,True,True,True,True,True,True
4919.T,4919,ミルボン,プライム（内国株式）,化学,TOPIX Small 1,2026-09-01,2606.0,3280.0,730844060.0,229140.0,706512000.0,True,True,True,True,True,True
4046.T,4046,大阪ソーダ,プライム（内国株式）,化学,TOPIX Small 1,2026-09-01,2606.0,2106.0,730041135.0,360120.0,451737000.0,True,True,True,True,True,True
8550.T,8550,栃木銀行,プライム（内国株式）,銀行業,TOPIX Small 2,2026-09-01,2606.0,1081.0,721094590.0,682815.0,645573200.0,True,True,True,True,True,True
3222.T,3222,ユナイテッド・スーパーマーケット・ホールディングス,スタンダード（内国株式）,小売業,TOPIX Small 1,2026-09-01,2606.0,818.0,719638930.0,873970.0,395339400.0,True,True,True,True,True,True
4746.T,4746,東計電算,スタンダード（内国株式）,情報・通信業,TOPIX Small 2,2026-09-01,2606.0,7160.0,718588150.0,108850.0,526260000.0,True,True,True,True,True,True
5310.T,5310,東洋炭素,プライム（内国株式）,ガラス・土石製品,TOPIX Small 1,2026-09-01,2606.0,6880.0,717797450.0,100790.0,945312000.0,True,True,True,True,True,True
8345.T,8345,岩手銀行,プライム（内国株式）,銀行業,TOPIX Small 2,2026-09-01,2606.0,2538.0,715846755.0,295005.0,1004032800.0,True,True,True,True,True,True
1820.T,1820,西松建設,プライム（内国株式）,建設業,TOPIX Mid400,2026-09-01,2606.0,5684.0,711488250.0,129775.0,912282000.0,True,True,True,True,True,True
3465.T,3465,ケイアイスター不動産,プライム（内国株式）,不動産業,TOPIX Small 1,2026-09-01,2606.0,3570.0,711050425.0,188625.0,556920000.0,True,True,True,True,True,True
1952.T,1952,新日本空調,プライム（内国株式）,建設業,TOPIX Small 1,2026-09-01,2606.0,3220.0,704566100.0,226235.0,537740000.0,True,True,True,True,True,True
8848.T,8848,レオパレス２１,プライム（内国株式）,不動産業,TOPIX Small 1,2026-09-01,2606.0,654.0,704056510.0,1105385.0,647263800.0,True,True,True,True,True,True
4889.T,4889,レナサイエンス,グロース（内国株式）,医薬品,-,2026-09-01,1208.0,1230.0,703832650.0,549650.0,474534000.0,True,True,True,True,True,True
8336.T,8336,武蔵野銀行,プライム（内国株式）,銀行業,TOPIX Small 1,2026-09-01,2606.0,2862.0,700776335.0,257835.0,803935800.0,True,True,True,True,True,True
6072.T,6072,地盤ネットホールディングス,スタンダード（内国株式）,サービス業,-,2026-09-01,2606.0,1070.0,700414135.0,641220.0,462989000.0,True,True,True,True,True,True
3692.T,3692,ＦＦＲＩセキュリティ,グロース（内国株式）,情報・通信業,-,2026-09-01,2606.0,5720.0,697542600.0,133340.0,1018732000.0,True,True,True,True,True,True
8173.T,8173,Ｊｏｓｈｉｎ,プライム（内国株式）,小売業,TOPIX Small 1,2026-09-01,2606.0,4565.0,696733725.0,164250.0,1065471000.0,True,True,True,True,True,True
5724.T,5724,アサカ理研,スタンダード（内国株式）,非鉄金属,-,2026-09-01,2606.0,3275.0,695963620.0,218060.0,241695000.0,True,True,True,True,True,True
2270.T,2270,雪印メグミルク,プライム（内国株式）,食料品,TOPIX Small 1,2026-09-01,2606.0,3785.0,693080325.0,189395.0,532171000.0,True,True,True,True,True,True
2730.T,2730,エディオン,プライム（内国株式）,小売業,TOPIX Small 1,2026-09-01,2606.0,2531.0,692230530.0,275190.0,491773300.0,True,True,True,True,True,True
6804.T,6804,ホシデン,プライム（内国株式）,電気機器,TOPIX Small 1,2026-09-01,2606.0,2686.0,691799110.0,244210.0,846090000.0,True,True,True,True,True,True
1333.T,1333,Ｕｍｉｏｓ,プライム（内国株式）,水産・農林業,TOPIX Mid400,2026-09-01,2606.0,1308.0,691228110.0,536320.0,555638400.0,True,True,True,True,True,True
8393.T,8393,宮崎銀行,プライム（内国株式）,銀行業,TOPIX Small 2,2026-09-01,2606.0,2576.0,689772775.0,278435.0,774345600.0,True,True,True,True,True,True
4975.T,4975,ＪＣＵ,プライム（内国株式）,化学,TOPIX Small 1,2026-09-01,2606.0,5530.0,689020750.0,121445.0,913556000.0,True,True,True,True,True,True
7740.T,7740,タムロン,プライム（内国株式）,精密機器,TOPIX Small 1,2026-09-01,2606.0,1368.0,686654675.0,490720.0,810266400.0,True,True,True,True,True,True
7846.T,7846,パイロットコーポレーション,プライム（内国株式）,その他製品,TOPIX Mid400,2026-09-01,2606.0,2134.5,686004967.5,342420.0,807908250.0,True,True,True,True,True,True
9934.T,9934,因幡電機産業,プライム（内国株式）,卸売業,TOPIX Mid400,2026-09-01,2606.0,3161.0,685659865.0,226925.0,1021635200.0,True,True,True,True,True,True
4071.T,4071,プラスアルファ・コンサルティング,プライム（内国株式）,情報・通信業,TOPIX Small 1,2026-09-01,1265.0,2180.0,684536700.0,308375.0,659668000.0,True,True,True,True,True,True
2334.T,2334,イオレ,グロース（内国株式）,サービス業,-,2026-09-01,2139.0,555.0,683658220.0,1274285.0,1004439000.0,True,True,True,True,True,True
5541.T,5541,大平洋金属,プライム（内国株式）,鉄鋼,TOPIX Small 2,2026-09-01,2606.0,2662.0,682632315.0,259175.0,411279000.0,True,True,True,True,True,True
5202.T,5202,日本板硝子,プライム（内国株式）,ガラス・土石製品,TOPIX Small 1,2026-09-01,2606.0,492.0,681345510.0,1395525.0,1925737200.0,True,True,True,True,True,True
5602.T,5602,栗本鐵工所,プライム（内国株式）,鉄鋼,TOPIX Small 1,2026-09-01,2606.0,1776.0,676447175.0,394885.0,488932800.0,True,True,True,True,True,True
9936.T,9936,王将フードサービス,プライム（内国株式）,小売業,TOPIX Small 1,2026-09-01,2606.0,2957.0,676439205.0,232770.0,708792900.0,True,True,True,True,True,True
7630.T,7630,壱番屋,プライム（内国株式）,小売業,TOPIX Small 1,2026-09-01,2606.0,1117.0,675745135.0,670960.0,5430854000.0,True,True,True,True,True,True
9880.T,9880,イノテック,プライム（内国株式）,電気機器,TOPIX Small 2,2026-09-01,2606.0,3570.0,675012525.0,186210.0,473739000.0,True,True,True,True,True,True
7085.T,7085,カーブスホールディングス,プライム（内国株式）,サービス業,TOPIX Small 1,2026-09-01,1590.0,948.0,674692725.0,708890.0,381190800.0,True,True,True,True,True,True
2326.T,2326,デジタルアーツ,プライム（内国株式）,情報・通信業,TOPIX Small 1,2026-09-01,2606.0,4615.0,673719150.0,148455.0,523341000.0,True,True,True,True,True,True
3449.T,3449,テクノフレックス,スタンダード（内国株式）,金属製品,-,2026-09-01,1642.0,3915.0,671933925.0,163020.0,385236000.0,True,True,True,True,True,True
9956.T,9956,バローホールディングス,プライム（内国株式）,小売業,TOPIX Small 1,2026-09-01,2606.0,3310.0,668741775.0,207300.0,532910000.0,True,True,True,True,True,True
5208.T,5208,有沢製作所,プライム（内国株式）,化学,TOPIX Small 1,2026-09-01,2606.0,2678.0,668006625.0,246865.0,542295000.0,True,True,True,True,True,True
9075.T,9075,福山通運,プライム（内国株式）,陸運業,TOPIX Small 1,2026-09-01,2606.0,6400.0,666195500.0,107115.0,768640000.0,True,True,True,True,True,True
8616.T,8616,東海東京フィナンシャル・ホールディングス,プライム（内国株式）,証券、商品先物取引業,TOPIX Small 1,2026-09-01,2606.0,918.0,664394440.0,772250.0,1122714000.0,True,True,True,True,True,True
7296.T,7296,エフ・シー・シー,プライム（内国株式）,輸送用機器,TOPIX Small 1,2026-09-01,2606.0,4230.0,661939475.0,160975.0,424692000.0,True,True,True,True,True,True
8370.T,8370,紀陽銀行,プライム（内国株式）,銀行業,TOPIX Small 1,2026-09-01,2606.0,5110.0,651625875.0,132845.0,405223000.0,True,True,True,True,True,True
6013.T,6013,タクマ,プライム（内国株式）,機械,TOPIX Small 1,2026-09-01,2606.0,3045.0,651306000.0,204400.0,557235000.0,True,True,True,True,True,True
9759.T,9759,ＮＳＤ,プライム（内国株式）,情報・通信業,TOPIX Mid400,2026-09-01,2606.0,2976.5,650841607.5,230465.0,681320850.0,True,True,True,True,True,True
8595.T,8595,ジャフコ　グループ,プライム（内国株式）,証券、商品先物取引業,TOPIX Mid400,2026-09-01,2606.0,2324.5,650453075.0,283905.0,666899050.0,True,True,True,True,True,True
402A.T,402A,アクセルスペースホールディングス,グロース（内国株式）,輸送用機器,-,2026-09-01,257.0,530.0,649732465.0,1246465.0,502069000.0,True,True,True,True,True,True
6960.T,6960,フクダ電子,スタンダード（内国株式）,電気機器,-,2026-09-01,2606.0,12480.0,646604100.0,54395.0,529152000.0,True,True,True,True,True,True
3825.T,3825,リミックスポイント,スタンダード（内国株式）,小売業,-,2026-09-01,2606.0,240.0,640899290.0,2770285.0,395160000.0,True,True,True,True,True,True
7513.T,7513,コジマ,プライム（内国株式）,小売業,TOPIX Small 1,2026-09-01,2606.0,1431.0,639743460.0,456010.0,686307600.0,True,True,True,True,True,True
7184.T,7184,富山第一銀行,プライム（内国株式）,銀行業,TOPIX Small 1,2026-09-01,2578.0,3380.0,636452180.0,198935.0,500916000.0,True,True,True,True,True,True
6516.T,6516,山洋電気,プライム（内国株式）,電気機器,TOPIX Small 1,2026-09-01,2606.0,5390.0,635703450.0,111155.0,526064000.0,True,True,True,True,True,True
3360.T,3360,シップヘルスケアホールディングス,プライム（内国株式）,卸売業,TOPIX Mid400,2026-09-01,2606.0,2416.0,634634277.5,266495.0,531036800.0,True,True,True,True,True,True
6807.T,6807,日本航空電子工業,プライム（内国株式）,電気機器,TOPIX Small 1,2026-09-01,2606.0,2503.0,634017915.0,266885.0,605726000.0,True,True,True,True,True,True
8600.T,8600,トモニホールディングス,プライム（内国株式）,銀行業,TOPIX Small 1,2026-09-01,2606.0,1139.0,633779280.0,583515.0,531001800.0,True,True,True,True,True,True
8541.T,8541,愛媛銀行,プライム（内国株式）,銀行業,TOPIX Small 2,2026-09-01,2606.0,3115.0,632202930.0,208095.0,501826500.0,True,True,True,True,True,True
7245.T,7245,大同メタル工業,プライム（内国株式）,輸送用機器,TOPIX Small 2,2026-09-01,2606.0,1233.0,628534875.0,467680.0,393080400.0,True,True,True,True,True,True
8344.T,8344,山形銀行,プライム（内国株式）,銀行業,TOPIX Small 2,2026-09-01,2606.0,4515.0,628241475.0,142865.0,625779000.0,True,True,True,True,True,True
9044.T,9044,ＮＡＮＫＡＩ,プライム（内国株式）,陸運業,TOPIX Mid400,2026-09-01,2606.0,3099.0,626167905.0,210460.0,636844500.0,True,True,True,True,True,True
2379.T,2379,ディップ,プライム（内国株式）,サービス業,TOPIX Small 1,2026-09-01,2606.0,1817.0,624949215.0,337355.0,607968200.0,True,True,True,True,True,True
3946.T,3946,トーモク,プライム（内国株式）,パルプ・紙,TOPIX Small 2,2026-09-01,2606.0,4520.0,622908500.0,135285.0,366572000.0,True,True,True,True,True,True
4894.T,4894,クオリプス,グロース（内国株式）,医薬品,-,2026-09-01,778.0,5690.0,622694525.0,116365.0,634435000.0,True,True,True,True,True,True
9409.T,9409,テレビ朝日ホールディングス,プライム（内国株式）,情報・通信業,TOPIX Small 1,2026-09-01,2606.0,3165.0,622012250.0,202190.0,394675500.0,True,True,True,True,True,True
4187.T,4187,大阪有機化学工業,プライム（内国株式）,化学,TOPIX Small 1,2026-09-01,2606.0,4495.0,618482825.0,130025.0,538051500.0,True,True,True,True,True,True
8174.T,8174,日本瓦斯,プライム（内国株式）,小売業,TOPIX Mid400,2026-09-01,2606.0,3049.0,617899632.5,212760.0,808594800.0,True,True,True,True,True,True
8897.T,8897,ＭＩＲＡＲＴＨホールディングス,プライム（内国株式）,不動産業,TOPIX Small 1,2026-09-01,2606.0,468.0,616638160.0,1368700.0,553269600.0,True,True,True,True,True,True
9031.T,9031,西日本鉄道,プライム（内国株式）,陸運業,TOPIX Mid400,2026-09-01,2606.0,3122.0,607708790.0,198765.0,500768800.0,True,True,True,True,True,True
8511.T,8511,日本証券金融,プライム（内国株式）,その他金融業,TOPIX Small 1,2026-09-01,2606.0,2539.0,607573820.0,243700.0,519479400.0,True,True,True,True,True,True
8061.T,8061,西華産業,プライム（内国株式）,卸売業,TOPIX Small 1,2026-09-01,2606.0,3290.0,604017730.0,197970.0,632338000.0,True,True,True,True,True,True
4819.T,4819,デジタルガレージ,プライム（内国株式）,情報・通信業,TOPIX Small 1,2026-09-01,2606.0,2258.0,603312605.0,263940.0,568338600.0,True,True,True,True,True,True
7715.T,7715,長野計器,プライム（内国株式）,精密機器,TOPIX Small 2,2026-09-01,2606.0,4135.0,602286400.0,147055.0,546647000.0,True,True,True,True,True,True
6104.T,6104,芝浦機械,プライム（内国株式）,機械,TOPIX Small 1,2026-09-01,2606.0,4495.0,601863575.0,141560.0,417585500.0,True,True,True,True,True,True
6395.T,6395,タダノ,プライム（内国株式）,機械,TOPIX Small 1,2026-09-01,2606.0,1448.0,600547115.0,430100.0,788146400.0,True,True,True,True,True,True
6340.T,6340,澁谷工業,プライム（内国株式）,機械,TOPIX Small 2,2026-09-01,2606.0,5390.0,600164850.0,116820.0,339570000.0,True,True,True,True,True,True
8016.T,8016,オンワードホールディングス,プライム（内国株式）,繊維製品,TOPIX Small 1,2026-09-01,2606.0,758.0,597513650.0,780445.0,532949800.0,True,True,True,True,True,True
6412.T,6412,平和,プライム（内国株式）,機械,TOPIX Small 1,2026-09-01,2606.0,2232.0,593261130.0,272290.0,460461600.0,True,True,True,True,True,True
7803.T,7803,ブシロード,グロース（内国株式）,その他製品,-,2026-09-01,1732.0,444.0,591428250.0,1464910.0,587367600.0,True,True,True,True,True,True
9336.T,9336,大栄環境,プライム（内国株式）,サービス業,TOPIX Small 1,2026-09-01,909.0,3895.0,591278050.0,155550.0,471684500.0,True,True,True,True,True,True
9682.T,9682,ＤＴＳ,プライム（内国株式）,情報・通信業,TOPIX Small 1,2026-09-01,2606.0,1156.0,590888840.0,540060.0,478815200.0,True,True,True,True,True,True
6379.T,6379,レイズネクスト,プライム（内国株式）,建設業,TOPIX Small 2,2026-09-01,2606.0,3110.0,590594295.0,198060.0,331526000.0,True,True,True,True,True,True
6023.T,6023,ダイハツインフィニアース,スタンダード（内国株式）,輸送用機器,-,2026-09-01,2606.0,3115.0,588762080.0,195730.0,515844000.0,True,True,True,True,True,True
6226.T,6226,守谷輸送機工業,スタンダード（内国株式）,機械,-,2026-09-01,1091.0,2230.0,587862945.0,267770.0,209174000.0,True,True,True,True,True,True
6521.T,6521,オキサイド,グロース（内国株式）,電気機器,-,2026-09-01,1323.0,3200.0,586859525.0,178770.0,491840000.0,True,True,True,True,True,True
4617.T,4617,中国塗料,プライム（内国株式）,化学,TOPIX Small 1,2026-09-01,2606.0,3560.0,584004775.0,161025.0,526524000.0,True,True,True,True,True,True
6363.T,6363,酉島製作所,プライム（内国株式）,機械,TOPIX Small 1,2026-09-01,2606.0,2972.0,583371535.0,186515.0,789660400.0,True,True,True,True,True,True
4189.T,4189,ＫＨネオケム,プライム（内国株式）,化学,TOPIX Small 1,2026-09-01,2437.0,3470.0,580761375.0,169765.0,275865000.0,True,True,True,True,True,True
1882.T,1882,東亜道路工業,プライム（内国株式）,建設業,TOPIX Small 1,2026-09-01,2606.0,1628.0,579892050.0,359345.0,862188800.0,True,True,True,True,True,True
6794.T,6794,フォスター電機,プライム（内国株式）,電気機器,TOPIX Small 2,2026-09-01,2606.0,3010.0,576219490.0,192710.0,307321000.0,True,True,True,True,True,True
7944.T,7944,ローランド,プライム（内国株式）,その他製品,TOPIX Small 1,2026-09-01,2606.0,3880.0,575437675.0,139725.0,342604000.0,True,True,True,True,True,True
1965.T,1965,テクノ菱和,スタンダード（内国株式）,建設業,-,2026-09-01,2606.0,6970.0,575388350.0,89795.0,397987000.0,True,True,True,True,True,True
7972.T,7972,イトーキ,プライム（内国株式）,その他製品,TOPIX Small 1,2026-09-01,2606.0,2625.0,573949425.0,218415.0,481425000.0,True,True,True,True,True,True
6736.T,6736,サン電子,スタンダード（内国株式）,電気機器,-,2026-09-01,2606.0,9380.0,571588950.0,67895.0,611576000.0,True,True,True,True,True,True
4593.T,4593,ヘリオス,グロース（内国株式）,医薬品,-,2026-09-01,2606.0,295.0,571243035.0,2082290.0,774493000.0,True,True,True,True,True,True
2296.T,2296,伊藤ハム米久ホールディングス,プライム（内国株式）,食料品,TOPIX Small 1,2026-09-01,2566.0,5140.0,570795450.0,113500.0,567970000.0,True,True,True,True,True,True
8609.T,8609,岡三証券グループ,プライム（内国株式）,証券、商品先物取引業,TOPIX Small 1,2026-09-01,2606.0,1228.0,568925700.0,490520.0,686943200.0,True,True,True,True,True,True
6914.T,6914,オプテックスグループ,プライム（内国株式）,電気機器,TOPIX Small 1,2026-09-01,2606.0,3220.0,568487150.0,166915.0,449512000.0,True,True,True,True,True,True
6840.T,6840,ＡＫＩＢＡホールディングス,スタンダード（内国株式）,電気機器,-,2026-09-01,2606.0,754.0,567170160.0,749570.0,182845000.0,True,True,True,True,True,True
6196.T,6196,ストライクグループ,プライム（内国株式）,サービス業,TOPIX Small 1,2026-09-01,2512.0,1426.0,566387310.0,413960.0,1235058600.0,True,True,True,True,True,True
3176.T,3176,三洋貿易,プライム（内国株式）,卸売業,TOPIX Small 2,2026-09-01,2606.0,1189.0,566111240.0,507215.0,1061063600.0,True,True,True,True,True,True
287A.T,287A,黒田グループ,スタンダード（内国株式）,卸売業,-,2026-09-01,415.0,1207.0,563290825.0,478460.0,362824200.0,True,True,True,True,True,True
6737.T,6737,ＥＩＺＯ,プライム（内国株式）,電気機器,TOPIX Small 1,2026-09-01,2606.0,3210.0,561513415.0,185500.0,592566000.0,True,True,True,True,True,True
3480.T,3480,ジェイ・エス・ビー,プライム（内国株式）,不動産業,TOPIX Small 2,2026-09-01,2245.0,8940.0,560454050.0,62865.0,387996000.0,True,True,True,True,True,True
1926.T,1926,ライト工業,プライム（内国株式）,建設業,TOPIX Small 1,2026-09-01,2606.0,3890.0,554693375.0,146585.0,432568000.0,True,True,True,True,True,True
7606.T,7606,ユナイテッドアローズ,プライム（内国株式）,小売業,TOPIX Small 1,2026-09-01,2606.0,2473.0,554459435.0,218810.0,557661500.0,True,True,True,True,True,True
6998.T,6998,日本タングステン,スタンダード（内国株式）,電気機器,-,2026-09-01,2606.0,3600.0,553728785.0,172590.0,429120000.0,True,True,True,True,True,True
8129.T,8129,東邦ホールディングス,プライム（内国株式）,卸売業,TOPIX Mid400,2026-09-01,2606.0,4012.0,552424305.0,143120.0,630686400.0,True,True,True,True,True,True
167A.T,167A,リョーサン菱洋ホールディングス,プライム（内国株式）,卸売業,TOPIX Small 1,2026-09-01,2606.0,3275.0,551554195.0,174950.0,479132500.0,True,True,True,True,True,True
7433.T,7433,伯東,プライム（内国株式）,卸売業,TOPIX Small 1,2026-09-01,2606.0,5440.0,551330000.0,105015.0,564128000.0,True,True,True,True,True,True
7409.T,7409,ＡｅｒｏＥｄｇｅ,グロース（内国株式）,輸送用機器,-,2026-09-01,772.0,1526.0,551053955.0,356945.0,158093600.0,True,True,True,True,True,True
6866.T,6866,日置電機,プライム（内国株式）,電気機器,TOPIX Small 1,2026-09-01,2606.0,10690.0,550778900.0,47080.0,279009000.0,True,True,True,True,True,True
7995.T,7995,バルカー,プライム（内国株式）,化学,TOPIX Small 1,2026-09-01,2606.0,6750.0,549436950.0,79760.0,390150000.0,True,True,True,True,True,True
8387.T,8387,四国銀行,プライム（内国株式）,銀行業,TOPIX Small 2,2026-09-01,2606.0,3685.0,543963800.0,155585.0,472048500.0,True,True,True,True,True,True
8572.T,8572,アコム,スタンダード（内国株式）,その他金融業,TOPIX Mid400,2026-09-01,2606.0,487.8999938964844,543343980.7765198,1123675.0,554547133.0627441,True,True,True,True,True,True
9119.T,9119,飯野海運,プライム（内国株式）,海運業,TOPIX Small 1,2026-09-01,2606.0,1780.0,540468260.0,326695.0,450162000.0,True,True,True,True,True,True
3762.T,3762,テクマトリックス,プライム（内国株式）,情報・通信業,TOPIX Small 1,2026-09-01,2606.0,2485.0,537706615.0,229340.0,496254500.0,True,True,True,True,True,True
7730.T,7730,マニー,プライム（内国株式）,精密機器,TOPIX Small 1,2026-09-01,2606.0,1559.0,535935050.0,339630.0,509325300.0,True,True,True,True,True,True
4521.T,4521,科研製薬,プライム（内国株式）,医薬品,TOPIX Small 1,2026-09-01,2606.0,4010.0,535434900.0,135310.0,432278000.0,True,True,True,True,True,True
166A.T,166A,タスキホールディングス,プライム（内国株式）,不動産業,TOPIX Small 2,2026-09-01,592.0,1205.0,534904635.0,462185.0,469468000.0,True,True,True,True,True,True
4665.T,4665,ダスキン,プライム（内国株式）,サービス業,TOPIX Mid400,2026-09-01,2606.0,4694.0,533705510.0,116830.0,475502200.0,True,True,True,True,True,True
5423.T,5423,東京製鐵,プライム（内国株式）,鉄鋼,TOPIX Small 1,2026-09-01,2606.0,1819.0,533426075.0,307720.0,1032282500.0,True,True,True,True,True,True
7780.T,7780,メニコン,プライム（内国株式）,精密機器,TOPIX Small 1,2026-09-01,2606.0,1937.0,531618835.0,272210.0,345367100.0,True,True,True,True,True,True
4109.T,4109,ステラ　ケミファ,プライム（内国株式）,化学,TOPIX Small 1,2026-09-01,2606.0,5400.0,530931550.0,97880.0,267300000.0,True,True,True,True,True,True
8707.T,8707,岩井コスモホールディングス,プライム（内国株式）,証券、商品先物取引業,TOPIX Small 1,2026-09-01,2606.0,4700.0,527361775.0,116970.0,691840000.0,True,True,True,True,True,True
4813.T,4813,ＡＣＣＥＳＳ,プライム（内国株式）,情報・通信業,-,2026-09-01,2606.0,449.0,527106820.0,1276315.0,323100400.0,True,True,True,True,True,True
9436.T,9436,沖縄セルラー電話,スタンダード（内国株式）,情報・通信業,-,2026-09-01,2606.0,4170.0,525663100.0,129545.0,369462000.0,True,True,True,True,True,True
7381.T,7381,ＣＣＩグループ,プライム（内国株式）,銀行業,TOPIX Small 1,2026-09-01,1203.0,1272.0,524482405.0,426780.0,528516000.0,True,True,True,True,True,True
6250.T,6250,やまびこ,プライム（内国株式）,機械,TOPIX Small 1,2026-09-01,2606.0,4425.0,522353675.0,122995.0,407985000.0,True,True,True,True,True,True
4220.T,4220,リケンテクノス,プライム（内国株式）,化学,TOPIX Small 2,2026-09-01,2606.0,2601.0,522317005.0,192345.0,362319300.0,True,True,True,True,True,True
2170.T,2170,リンクアンドモチベーション,プライム（内国株式）,サービス業,TOPIX Small 2,2026-09-01,2606.0,710.0,520917175.0,786460.0,304306000.0,True,True,True,True,True,True
8151.T,8151,東陽テクニカ,プライム（内国株式）,卸売業,TOPIX Small 2,2026-09-01,2606.0,1926.0,520749150.0,257600.0,317982600.0,True,True,True,True,True,True
8194.T,8194,ライフコーポレーション,プライム（内国株式）,小売業,TOPIX Small 1,2026-09-01,2606.0,2683.0,520211640.0,198030.0,515672600.0,True,True,True,True,True,True
7236.T,7236,ティラド,プライム（内国株式）,輸送用機器,TOPIX Small 2,2026-09-01,2606.0,1573.0,518035040.0,338455.0,223366000.0,True,True,True,True,True,True
9743.T,9743,丹青社,プライム（内国株式）,サービス業,TOPIX Small 1,2026-09-01,2606.0,1541.0,517439135.0,351845.0,578029100.0,True,True,True,True,True,True
4549.T,4549,栄研化学,プライム（内国株式）,医薬品,TOPIX Small 1,2026-09-01,2606.0,2342.0,516805705.0,226750.0,461608200.0,True,True,True,True,True,True
2805.T,2805,ヱスビー食品,スタンダード（内国株式）,食料品,-,2026-09-01,2606.0,7200.0,516349200.0,75280.0,464400000.0,True,True,True,True,True,True
2353.T,2353,日本駐車場開発,プライム（内国株式）,不動産業,TOPIX Small 1,2026-09-01,2606.0,271.0,516302430.0,1970405.0,520591000.0,True,True,True,True,True,True
4169.T,4169,ＥＮＥＣＨＡＮＧＥ,グロース（内国株式）,情報・通信業,-,2026-09-01,1390.0,281.0,513790520.0,1713155.0,173967100.0,True,True,True,True,True,True
7777.T,7777,スリー・ディー・マトリックス,グロース（内国株式）,精密機器,-,2026-09-01,2606.0,376.0,511300390.0,1403705.0,523166400.0,True,True,True,True,True,True
8362.T,8362,福井銀行,プライム（内国株式）,銀行業,TOPIX Small 2,2026-09-01,2606.0,7020.0,510815950.0,76930.0,404352000.0,True,True,True,True,True,True
6474.T,6474,不二越,プライム（内国株式）,機械,TOPIX Small 1,2026-09-01,2606.0,5560.0,510567400.0,89645.0,262988000.0,True,True,True,True,True,True
5975.T,5975,東プレ,プライム（内国株式）,金属製品,TOPIX Small 1,2026-09-01,2606.0,3360.0,510266160.0,161820.0,316512000.0,True,True,True,True,True,True
4674.T,4674,クレスコ,プライム（内国株式）,情報・通信業,TOPIX Small 2,2026-09-01,2606.0,2017.0,510262520.0,263815.0,307794200.0,True,True,True,True,True,True
7157.T,7157,ライフネット生命保険,プライム（内国株式）,保険業,TOPIX Small 1,2026-09-01,2606.0,1443.0,506125920.0,332235.0,358729800.0,True,True,True,True,True,True
5480.T,5480,日本冶金工業,プライム（内国株式）,鉄鋼,TOPIX Small 1,2026-09-01,2606.0,5560.0,504611700.0,91630.0,373076000.0,True,True,True,True,True,True
9090.T,9090,ＡＺ－ＣＯＭ丸和ホールディングス,プライム（内国株式）,陸運業,TOPIX Small 1,2026-09-01,2606.0,905.0,503906845.0,578025.0,399648000.0,True,True,True,True,True,True
9279.T,9279,ギフトホールディングス,プライム（内国株式）,小売業,TOPIX Small 2,2026-09-01,1920.0,2440.0,503829565.0,195995.0,548512000.0,True,True,True,True,True,True
4222.T,4222,児玉化学工業,スタンダード（内国株式）,化学,-,2026-09-01,2606.0,699.0,503676945.0,733125.0,449037600.0,True,True,True,True,True,True
1852.T,1852,淺沼組,プライム（内国株式）,建設業,TOPIX Small 1,2026-09-01,2606.0,924.0,497392810.0,542220.0,350565600.0,True,True,True,True,True,True
7047.T,7047,ポート,グロース（内国株式）,サービス業,-,2026-09-01,1873.0,2223.0,496171975.0,215145.0,248531400.0,True,True,True,True,True,True
8337.T,8337,千葉興業銀行,プライム（内国株式）,銀行業,TOPIX Small 1,2026-09-01,2606.0,2769.0,495625045.0,184530.0,944782800.0,True,True,True,True,True,True
1723.T,1723,日本電技,スタンダード（内国株式）,建設業,-,2026-09-01,2606.0,2404.0,495181110.0,225400.0,384159200.0,True,True,True,True,True,True
9304.T,9304,澁澤倉庫,プライム（内国株式）,倉庫・運輸関連業,TOPIX Small 2,2026-09-01,2606.0,2133.0,494343870.0,247555.0,473739300.0,True,True,True,True,True,True
6287.T,6287,サトー,プライム（内国株式）,機械,TOPIX Small 1,2026-09-01,2606.0,2882.0,494205130.0,178675.0,421636600.0,True,True,True,True,True,True
1879.T,1879,新日本建設,プライム（内国株式）,建設業,TOPIX Small 2,2026-09-01,2606.0,2362.0,493512110.0,215785.0,508774800.0,True,True,True,True,True,True
2681.T,2681,ゲオホールディングス,プライム（内国株式）,小売業,TOPIX Small 1,2026-09-01,2606.0,2459.0,493222695.0,214345.0,383112200.0,True,True,True,True,True,True
9247.T,9247,ＴＲＥホールディングス,プライム（内国株式）,サービス業,TOPIX Small 1,2026-09-01,1203.0,1935.0,493137475.0,250070.0,563859000.0,True,True,True,True,True,True
3673.T,3673,ブロードリーフ,プライム（内国株式）,情報・通信業,TOPIX Small 1,2026-09-01,2606.0,480.0,492929700.0,1087615.0,485040000.0,True,True,True,True,True,True
7313.T,7313,テイ・エス　テック,プライム（内国株式）,輸送用機器,TOPIX Mid400,2026-09-01,2606.0,1873.0,491062600.0,268315.0,606664700.0,True,True,True,True,True,True
3661.T,3661,エムアップホールディングス,プライム（内国株式）,情報・通信業,TOPIX Small 1,2026-09-01,2606.0,841.0,487794645.0,590405.0,486182100.0,True,True,True,True,True,True
7287.T,7287,日本精機,スタンダード（内国株式）,輸送用機器,-,2026-09-01,2606.0,2806.0,487524795.0,184890.0,678490800.0,True,True,True,True,True,True
8614.T,8614,東洋証券,プライム（内国株式）,証券、商品先物取引業,TOPIX Small 2,2026-09-01,2606.0,751.0,487434910.0,688870.0,623555300.0,True,True,True,True,True,True
4275.T,4275,カーリット,プライム（内国株式）,化学,TOPIX Small 2,2026-09-01,2606.0,2112.0,486704745.0,226805.0,329472000.0,True,True,True,True,True,True
8005.T,8005,スクロール,プライム（内国株式）,小売業,TOPIX Small 2,2026-09-01,2606.0,1797.0,484350865.0,262740.0,826440300.0,True,True,True,True,True,True
6036.T,6036,ＫｅｅＰｅｒ技研,プライム（内国株式）,サービス業,TOPIX Small 1,2026-09-01,2606.0,3365.0,483098530.0,154080.0,490280500.0,True,True,True,True,True,True
8995.T,8995,誠建設工業,スタンダード（内国株式）,不動産業,-,2026-09-01,2606.0,1540.0,481548145.0,303675.0,844844000.0,True,True,True,True,True,True
2986.T,2986,ＬＡホールディングス,グロース（内国株式）,不動産業,-,2026-09-01,1508.0,2842.0,479419075.0,172640.0,241001600.0,True,True,True,True,True,True
6454.T,6454,マックス,プライム（内国株式）,機械,TOPIX Small 1,2026-09-01,2606.0,1832.0,479412845.0,259240.0,444443200.0,True,True,True,True,True,True
262A.T,262A,インターメスティック,プライム（内国株式）,小売業,TOPIX Small 2,2026-09-01,456.0,1791.0,478674630.0,254180.0,548046000.0,True,True,True,True,True,True
7947.T,7947,エフピコ,プライム（内国株式）,化学,TOPIX Small 1,2026-09-01,2606.0,2838.0,477774865.0,174800.0,642523200.0,True,True,True,True,True,True
2602.T,2602,日清オイリオグループ,プライム（内国株式）,食料品,TOPIX Small 1,2026-09-01,2606.0,2085.0,477352605.0,241305.0,610696500.0,True,True,True,True,True,True
3676.T,3676,デジタルハーツホールディングス,プライム（内国株式）,情報・通信業,TOPIX Small 2,2026-09-01,2606.0,1058.0,476944330.0,454235.0,259527400.0,True,True,True,True,True,True
7226.T,7226,極東開発工業,プライム（内国株式）,輸送用機器,TOPIX Small 1,2026-09-01,2606.0,2344.0,475881965.0,204340.0,700387200.0,True,True,True,True,True,True
417A.T,417A,ブルーゾーンホールディングス,プライム（内国株式）,小売業,TOPIX Mid400,2026-09-01,2606.0,1861.5,475185972.5,263465.0,408040800.0,True,True,True,True,True,True
6652.T,6652,ＩＤＥＣ,プライム（内国株式）,電気機器,TOPIX Small 1,2026-09-01,2606.0,3710.0,474823650.0,128515.0,520884000.0,True,True,True,True,True,True
3853.T,3853,アステリア,プライム（内国株式）,情報・通信業,TOPIX Small 2,2026-09-01,2606.0,1170.0,474414125.0,407715.0,213174000.0,True,True,True,True,True,True
9603.T,9603,エイチ・アイ・エス,プライム（内国株式）,サービス業,TOPIX Small 1,2026-09-01,2606.0,1168.0,472219550.0,416105.0,400040000.0,True,True,True,True,True,True
3131.T,3131,シンデン・ハイテックス,スタンダード（内国株式）,卸売業,-,2026-09-01,2606.0,6430.0,470668225.0,79155.0,290636000.0,True,True,True,True,True,True
4849.T,4849,エン,プライム（内国株式）,サービス業,TOPIX Small 1,2026-09-01,2606.0,1672.0,470054125.0,305870.0,547078400.0,True,True,True,True,True,True
5161.T,5161,西川ゴム工業,スタンダード（内国株式）,ゴム製品,-,2026-09-01,2606.0,3800.0,469799050.0,133180.0,529720000.0,True,True,True,True,True,True
8179.T,8179,ロイヤルホールディングス,プライム（内国株式）,小売業,TOPIX Small 1,2026-09-01,2606.0,1383.0,469797820.0,351445.0,411580800.0,True,True,True,True,True,True
2317.T,2317,システナ,プライム（内国株式）,情報・通信業,TOPIX Small 1,2026-09-01,2606.0,467.0,467373585.0,1069750.0,611349700.0,True,True,True,True,True,True
1419.T,1419,タマホーム,プライム（内国株式）,建設業,TOPIX Small 1,2026-09-01,2606.0,2909.0,466600320.0,158560.0,838373800.0,True,True,True,True,True,True
6183.T,6183,ベルシステム２４ホールディングス,プライム（内国株式）,サービス業,TOPIX Small 2,2026-09-01,2606.0,1390.0,464989305.0,335095.0,514300000.0,True,True,True,True,True,True
325A.T,325A,ＴＥＮＴＩＡＬ,グロース（内国株式）,繊維製品,-,2026-09-01,369.0,1827.0,464737735.0,268050.0,529099200.0,True,True,True,True,True,True
7613.T,7613,シークス,プライム（内国株式）,卸売業,TOPIX Small 1,2026-09-01,2606.0,1624.0,464719415.0,289040.0,363451200.0,True,True,True,True,True,True
1663.T,1663,Ｋ＆Ｏエナジーグループ,プライム（内国株式）,鉱業,TOPIX Small 1,2026-09-01,2606.0,2018.0,464401845.0,242765.0,676635400.0,True,True,True,True,True,True
2001.T,2001,ニップン,プライム（内国株式）,食料品,TOPIX Small 1,2026-09-01,2606.0,2969.0,464085610.0,162100.0,459304300.0,True,True,True,True,True,True
6588.T,6588,東芝テック,プライム（内国株式）,電気機器,TOPIX Small 1,2026-09-01,2606.0,3155.0,463633275.0,145745.0,414567000.0,True,True,True,True,True,True
7199.T,7199,プレミアグループ,プライム（内国株式）,その他金融業,TOPIX Small 1,2026-09-01,2136.0,2100.0,463049080.0,217315.0,314160000.0,True,True,True,True,True,True
3104.T,3104,富士紡ホールディングス,プライム（内国株式）,繊維製品,TOPIX Small 2,2026-09-01,2606.0,3370.0,462296100.0,129360.0,272633000.0,True,True,True,True,True,True
6331.T,6331,三菱化工機,プライム（内国株式）,機械,TOPIX Small 1,2026-09-01,2606.0,3320.0,461660400.0,142560.0,330008000.0,True,True,True,True,True,True
4667.T,4667,アイサンテクノロジー,スタンダード（内国株式）,情報・通信業,-,2026-09-01,2606.0,2643.0,461298905.0,174595.0,3303485700.0,True,True,True,True,True,True
1968.T,1968,太平電業,プライム（内国株式）,建設業,TOPIX Small 1,2026-09-01,2606.0,2513.0,460677025.0,189620.0,304826900.0,True,True,True,True,True,True
3591.T,3591,ワコールホールディングス,プライム（内国株式）,繊維製品,TOPIX Mid400,2026-09-01,2606.0,4242.0,459336815.0,106860.0,332997000.0,True,True,True,True,True,True
9887.T,9887,松屋フーズホールディングス,プライム（内国株式）,小売業,TOPIX Small 1,2026-09-01,2606.0,5370.0,459297550.0,90855.0,512298000.0,True,True,True,True,True,True
3034.T,3034,クオールホールディングス,プライム（内国株式）,小売業,TOPIX Small 1,2026-09-01,2606.0,2391.0,458272175.0,187090.0,228101400.0,True,True,True,True,True,True
6929.T,6929,日本セラミック,プライム（内国株式）,電気機器,TOPIX Small 1,2026-09-01,2606.0,3810.0,457431775.0,121795.0,260985000.0,True,True,True,True,True,True
9552.T,9552,クオンツ総研ホールディングス,プライム（内国株式）,サービス業,TOPIX Small 1,2026-09-01,1023.0,1223.0,457421605.0,427225.0,557932600.0,True,True,True,True,True,True
1815.T,1815,鉄建建設,プライム（内国株式）,建設業,TOPIX Small 2,2026-09-01,2606.0,4605.0,457368025.0,104590.0,358269000.0,True,True,True,True,True,True
9010.T,9010,富士急行,プライム（内国株式）,陸運業,TOPIX Small 1,2026-09-01,2606.0,2729.0,457062310.0,166000.0,583733100.0,True,True,True,True,True,True
8715.T,8715,アニコム　ホールディングス,プライム（内国株式）,保険業,TOPIX Small 1,2026-09-01,2606.0,1080.0,456634220.0,399850.0,490860000.0,True,True,True,True,True,True
5574.T,5574,ＡＢＥＪＡ,グロース（内国株式）,情報・通信業,-,2026-09-01,787.0,3060.0,454350640.0,154420.0,1130670000.0,True,True,True,True,True,True
6209.T,6209,リケンＮＰＲ,プライム（内国株式）,機械,TOPIX Small 1,2026-09-01,712.0,4030.0,453883550.0,114280.0,206739000.0,True,True,True,True,True,True
4044.T,4044,セントラル硝子,プライム（内国株式）,化学,TOPIX Small 1,2026-09-01,2606.0,4630.0,453546400.0,99885.0,296783000.0,True,True,True,True,True,True
256A.T,256A,飛島ホールディングス,プライム（内国株式）,建設業,TOPIX Small 2,2026-09-01,2606.0,2182.0,453012470.0,214885.0,437709200.0,True,True,True,True,True,True
1941.T,1941,中電工,プライム（内国株式）,建設業,TOPIX Small 1,2026-09-01,2606.0,5190.0,452964300.0,88980.0,567267000.0,True,True,True,True,True,True
4633.T,4633,サカタインクス,プライム（内国株式）,化学,TOPIX Small 1,2026-09-01,2606.0,2697.0,452114740.0,171775.0,285612300.0,True,True,True,True,True,True
7504.T,7504,高速,プライム（内国株式）,卸売業,TOPIX Small 2,2026-09-01,2606.0,4890.0,451168550.0,94520.0,275307000.0,True,True,True,True,True,True
8399.T,8399,琉球銀行,プライム（内国株式）,銀行業,TOPIX Small 1,2026-09-01,2606.0,3270.0,449551085.0,141345.0,382263000.0,True,True,True,True,True,True
6371.T,6371,椿本チエイン,プライム（内国株式）,機械,TOPIX Small 1,2026-09-01,2606.0,2737.0,449482985.0,167260.0,449141700.0,True,True,True,True,True,True
6644.T,6644,大崎電気工業,プライム（内国株式）,電気機器,TOPIX Small 2,2026-09-01,2606.0,1527.0,448866030.0,291880.0,439623300.0,True,True,True,True,True,True
2678.T,2678,アスクル,プライム（内国株式）,小売業,TOPIX Small 1,2026-09-01,2606.0,1314.0,445435820.0,350330.0,361875600.0,True,True,True,True,True,True
6584.T,6584,三櫻工業,プライム（内国株式）,輸送用機器,TOPIX Small 2,2026-09-01,2606.0,782.0,444725735.0,549270.0,307013200.0,True,True,True,True,True,True
8219.T,8219,青山商事,プライム（内国株式）,小売業,TOPIX Small 1,2026-09-01,2606.0,781.0,444061170.0,587940.0,446575800.0,True,True,True,True,True,True
5482.T,5482,愛知製鋼,プライム（内国株式）,鉄鋼,TOPIX Small 1,2026-09-01,2606.0,3365.0,442277950.0,137615.0,915953000.0,True,True,True,True,True,True
8395.T,8395,佐賀銀行,プライム（内国株式）,銀行業,TOPIX Small 2,2026-09-01,2606.0,6520.0,441336450.0,70190.0,274492000.0,True,True,True,True,True,True
2815.T,2815,アリアケジャパン,プライム（内国株式）,食料品,TOPIX Small 1,2026-09-01,2606.0,5450.0,440891050.0,82380.0,671440000.0,True,True,True,True,True,True
9303.T,9303,住友倉庫,プライム（内国株式）,倉庫・運輸関連業,TOPIX Small 1,2026-09-01,2606.0,4275.0,439968625.0,106825.0,373635000.0,True,True,True,True,True,True
7383.T,7383,ネットプロテクションズホールディングス,プライム（内国株式）,その他金融業,TOPIX Small 1,2026-09-01,1152.0,410.0,438037905.0,991615.0,812948000.0,True,True,True,True,True,True
6668.T,6668,アドテック　プラズマ　テクノロジー,スタンダード（内国株式）,電気機器,-,2026-09-01,2606.0,4100.0,437292525.0,115185.0,272240000.0,True,True,True,True,True,True
590A.T,590A,ギフティグループ,プライム（内国株式）,情報・通信業,TOPIX Small 2,2026-09-01,1695.0,1332.0,435214520.0,333820.0,239493600.0,True,True,True,True,True,True
4553.T,4553,東和薬品,プライム（内国株式）,医薬品,TOPIX Small 1,2026-09-01,2606.0,3815.0,434889800.0,113310.0,468482000.0,True,True,True,True,True,True
255A.T,255A,ジーエルテクノホールディングス,スタンダード（内国株式）,精密機器,-,2026-09-01,2606.0,5220.0,434071100.0,78555.0,169650000.0,True,True,True,True,True,True
5842.T,5842,インテグラル,グロース（内国株式）,証券、商品先物取引業,-,2026-09-01,720.0,2995.0,432726550.0,143560.0,242295500.0,True,True,True,True,True,True
4008.T,4008,住友精化,プライム（内国株式）,化学,TOPIX Small 1,2026-09-01,2606.0,1535.0,430890740.0,286990.0,254042500.0,True,True,True,True,True,True
9793.T,9793,ダイセキ,プライム（内国株式）,サービス業,TOPIX Small 1,2026-09-01,2606.0,3790.0,429682950.0,112810.0,449494000.0,True,True,True,True,True,True
8130.T,8130,サンゲツ,プライム（内国株式）,卸売業,TOPIX Small 1,2026-09-01,2606.0,3245.0,428995750.0,136340.0,326447000.0,True,True,True,True,True,True
6741.T,6741,日本信号,プライム（内国株式）,電気機器,TOPIX Small 2,2026-09-01,2606.0,1870.0,427491970.0,235275.0,186252000.0,True,True,True,True,True,True
8098.T,8098,稲畑産業,プライム（内国株式）,卸売業,TOPIX Small 1,2026-09-01,2606.0,4560.0,426810275.0,101390.0,616968000.0,True,True,True,True,True,True
7994.T,7994,オカムラ,プライム（内国株式）,その他製品,TOPIX Small 1,2026-09-01,2606.0,2420.0,425041700.0,181720.0,521994000.0,True,True,True,True,True,True
3087.T,3087,ドトール・日レスホールディングス,プライム（内国株式）,小売業,TOPIX Small 1,2026-09-01,2606.0,3425.0,424258300.0,130915.0,342500000.0,True,True,True,True,True,True
7242.T,7242,カヤバ,プライム（内国株式）,輸送用機器,TOPIX Small 1,2026-09-01,2606.0,4835.0,423757825.0,91550.0,544421000.0,True,True,True,True,True,True
1899.T,1899,福田組,プライム（内国株式）,建設業,TOPIX Small 2,2026-09-01,2606.0,4795.0,423528200.0,89565.0,557179000.0,True,True,True,True,True,True
8059.T,8059,第一実業,プライム（内国株式）,卸売業,TOPIX Small 2,2026-09-01,2606.0,3815.0,422604000.0,116735.0,527233000.0,True,True,True,True,True,True
5246.T,5246,ＥＬＥＭＥＮＴＳ,グロース（内国株式）,情報・通信業,-,2026-09-01,900.0,872.0,422021905.0,496815.0,470095200.0,True,True,True,True,True,True
8051.T,8051,山善,プライム（内国株式）,卸売業,TOPIX Small 1,2026-09-01,2606.0,1999.0,420327865.0,219140.0,663268200.0,True,True,True,True,True,True
2874.T,2874,横浜冷凍,プライム（内国株式）,卸売業,TOPIX Small 1,2026-09-01,2606.0,2173.0,419595125.0,197165.0,349418400.0,True,True,True,True,True,True
4825.T,4825,ウェザーニューズ,プライム（内国株式）,情報・通信業,TOPIX Small 1,2026-09-01,2606.0,2070.0,419368120.0,204345.0,382536000.0,True,True,True,True,True,True
6750.T,6750,エレコム,プライム（内国株式）,電気機器,TOPIX Small 1,2026-09-01,2606.0,2030.0,418788190.0,216375.0,264103000.0,True,True,True,True,True,True
9948.T,9948,アークス,プライム（内国株式）,小売業,TOPIX Small 1,2026-09-01,2606.0,3695.0,418233800.0,113490.0,347699500.0,True,True,True,True,True,True
7128.T,7128,ユニソルホールディングス,プライム（内国株式）,卸売業,TOPIX Small 1,2026-09-01,1203.0,2732.0,418082200.0,144980.0,284674400.0,True,True,True,True,True,True
7018.T,7018,内海造船,スタンダード（内国株式）,輸送用機器,-,2026-09-01,2606.0,12570.0,418029000.0,34785.0,432408000.0,True,True,True,True,True,True
7458.T,7458,第一興商,プライム（内国株式）,卸売業,TOPIX Mid400,2026-09-01,2606.0,1901.5,417689597.5,226435.0,731507050.0,True,True,True,True,True,True
6744.T,6744,能美防災,プライム（内国株式）,電気機器,TOPIX Small 1,2026-09-01,2606.0,4285.0,416127450.0,94245.0,257528500.0,True,True,True,True,True,True
4928.T,4928,ノエビアホールディングス,プライム（内国株式）,化学,TOPIX Small 1,2026-09-01,2606.0,4895.0,415697575.0,86405.0,474325500.0,True,True,True,True,True,True
4390.T,4390,ＩＰＳ,プライム（内国株式）,情報・通信業,TOPIX Small 2,2026-09-01,2002.0,4130.0,414186825.0,106410.0,176351000.0,True,True,True,True,True,True
7384.T,7384,プロクレアホールディングス,プライム（内国株式）,銀行業,TOPIX Small 2,2026-09-01,1081.0,4545.0,413789950.0,92135.0,372690000.0,True,True,True,True,True,True
3932.T,3932,アカツキ,プライム（内国株式）,情報・通信業,TOPIX Small 2,2026-09-01,2576.0,3985.0,413048775.0,115280.0,362635000.0,True,True,True,True,True,True
3191.T,3191,ジョイフル本田,プライム（内国株式）,小売業,TOPIX Small 1,2026-09-01,2606.0,2222.0,412245405.0,182515.0,346632000.0,True,True,True,True,True,True
7516.T,7516,コーナン商事,プライム（内国株式）,小売業,TOPIX Small 1,2026-09-01,2606.0,4495.0,412011275.0,94550.0,310155000.0,True,True,True,True,True,True
6080.T,6080,Ｍ＆Ａキャピタルパートナーズ,プライム（内国株式）,サービス業,TOPIX Small 1,2026-09-01,2606.0,4230.0,411088450.0,99850.0,439497000.0,True,True,True,True,True,True
150A.T,150A,ＪＳＨ,グロース（内国株式）,サービス業,-,2026-09-01,596.0,797.0,408588825.0,582400.0,416193400.0,True,True,True,True,True,True
8622.T,8622,水戸証券,プライム（内国株式）,証券、商品先物取引業,TOPIX Small 2,2026-09-01,2606.0,980.0,407963475.0,449995.0,445900000.0,True,True,True,True,True,True
7172.T,7172,ジャパンインベストメントアドバイザー,プライム（内国株式）,証券、商品先物取引業,TOPIX Small 1,2026-09-01,2606.0,2113.0,406987925.0,197550.0,360055200.0,True,True,True,True,True,True
3663.T,3663,セルシス,プライム（内国株式）,情報・通信業,TOPIX Small 2,2026-09-01,2606.0,1990.0,405642225.0,215610.0,441581000.0,True,True,True,True,True,True
8584.T,8584,ジャックス,プライム（内国株式）,その他金融業,TOPIX Small 1,2026-09-01,2606.0,3835.0,405447275.0,107290.0,268450000.0,True,True,True,True,True,True
2659.T,2659,サンエー,プライム（内国株式）,小売業,TOPIX Small 1,2026-09-01,2606.0,3410.0,405144875.0,121415.0,675521000.0,True,True,True,True,True,True
3443.T,3443,川田テクノロジーズ,プライム（内国株式）,金属製品,TOPIX Small 2,2026-09-01,2606.0,1390.0,404276045.0,293600.0,341662000.0,True,True,True,True,True,True
6458.T,6458,新晃工業,プライム（内国株式）,機械,TOPIX Small 1,2026-09-01,2606.0,1263.0,403776840.0,325690.0,314487000.0,True,True,True,True,True,True
3076.T,3076,あい　ホールディングス,プライム（内国株式）,卸売業,TOPIX Small 1,2026-09-01,2606.0,3015.0,403283510.0,137395.0,267430500.0,True,True,True,True,True,True
6727.T,6727,ワコム,プライム（内国株式）,電気機器,TOPIX Small 1,2026-09-01,2606.0,856.0,402488135.0,499675.0,457360800.0,True,True,True,True,True,True
4425.T,4425,Ｋｕｄａｎ,グロース（内国株式）,情報・通信業,-,2026-09-01,1876.0,1499.0,400661550.0,264305.0,1028314000.0,True,True,True,True,True,True
1720.T,1720,東急建設,プライム（内国株式）,建設業,TOPIX Small 1,2026-09-01,2606.0,1202.0,400391165.0,348725.0,352065800.0,True,True,True,True,True,True
8153.T,8153,モスフードサービス,プライム（内国株式）,卸売業,TOPIX Small 1,2026-09-01,2606.0,3930.0,400318875.0,104385.0,479460000.0,True,True,True,True,True,True
7480.T,7480,スズデン,スタンダード（内国株式）,卸売業,TOPIX Small 2,2026-09-01,2606.0,3545.0,398504485.0,116810.0,315859500.0,True,True,True,True,True,True
7734.T,7734,理研計器,プライム（内国株式）,精密機器,TOPIX Small 1,2026-09-01,2606.0,3420.0,396792550.0,116230.0,388170000.0,True,True,True,True,True,True
4477.T,4477,ＢＡＳＥ,グロース（内国株式）,情報・通信業,-,2026-09-01,1673.0,365.0,396363865.0,1204720.0,743286000.0,True,True,True,True,True,True
8218.T,8218,コメリ,プライム（内国株式）,小売業,TOPIX Small 1,2026-09-01,2606.0,3860.0,395984025.0,102715.0,399896000.0,True,True,True,True,True,True
8803.T,8803,平和不動産,プライム（内国株式）,不動産業,TOPIX Small 1,2026-09-01,2606.0,2412.0,395718000.0,168220.0,435124800.0,True,True,True,True,True,True
2384.T,2384,ＳＢＳホールディングス,プライム（内国株式）,陸運業,TOPIX Small 1,2026-09-01,2606.0,5240.0,395459900.0,81115.0,427584000.0,True,True,True,True,True,True
1950.T,1950,日本電設工業,プライム（内国株式）,建設業,TOPIX Small 1,2026-09-01,2606.0,4065.0,395104300.0,101050.0,421540500.0,True,True,True,True,True,True
9278.T,9278,ブックオフグループホールディングス,プライム（内国株式）,小売業,TOPIX Small 2,2026-09-01,1934.0,3090.0,394487965.0,135085.0,349788000.0,True,True,True,True,True,True
9605.T,9605,東映,プライム（内国株式）,情報・通信業,TOPIX Small 1,2026-09-01,2606.0,5910.0,394406950.0,65950.0,341598000.0,True,True,True,True,True,True
1377.T,1377,サカタのタネ,プライム（内国株式）,水産・農林業,TOPIX Small 1,2026-09-01,2606.0,4415.0,393604525.0,89320.0,574391500.0,True,True,True,True,True,True
5192.T,5192,三ツ星ベルト,プライム（内国株式）,ゴム製品,TOPIX Small 1,2026-09-01,2606.0,4475.0,393482675.0,88655.0,208535000.0,True,True,True,True,True,True
8818.T,8818,京阪神ビルディング,プライム（内国株式）,不動産業,TOPIX Small 2,2026-09-01,2606.0,1116.0,393418800.0,358765.0,517154400.0,True,True,True,True,True,True
5027.T,5027,ＡｎｙＭｉｎｄ　Ｇｒｏｕｐ,グロース（内国株式）,情報・通信業,-,2026-09-01,839.0,766.0,391566870.0,534835.0,331371600.0,True,True,True,True,True,True
5451.T,5451,ヨドコウ,プライム（内国株式）,鉄鋼,TOPIX Small 1,2026-09-01,2606.0,1456.0,388749510.0,272245.0,556628800.0,True,True,True,True,True,True
2695.T,2695,くら寿司,プライム（内国株式）,小売業,TOPIX Small 1,2026-09-01,2606.0,1748.0,388586690.0,227390.0,361136800.0,True,True,True,True,True,True
2664.T,2664,カワチ薬品,プライム（内国株式）,小売業,TOPIX Small 1,2026-09-01,2606.0,3640.0,387531925.0,104660.0,383292000.0,True,True,True,True,True,True
6844.T,6844,新電元工業,プライム（内国株式）,電気機器,TOPIX Small 2,2026-09-01,2606.0,3140.0,387206100.0,116810.0,262818000.0,True,True,True,True,True,True
9757.T,9757,船井総研ホールディングス,プライム（内国株式）,サービス業,TOPIX Small 1,2026-09-01,2606.0,1178.0,385910520.0,338730.0,264107600.0,True,True,True,True,True,True
1934.T,1934,ユアテック,プライム（内国株式）,建設業,TOPIX Small 1,2026-09-01,2606.0,2666.0,384654690.0,154050.0,510272400.0,True,True,True,True,True,True
6349.T,6349,小森コーポレーション,プライム（内国株式）,機械,TOPIX Small 1,2026-09-01,2606.0,2039.0,383702725.0,196515.0,346630000.0,True,True,True,True,True,True
9678.T,9678,カナモト,プライム（内国株式）,サービス業,TOPIX Small 1,2026-09-01,2606.0,5750.0,381881700.0,69830.0,749800000.0,True,True,True,True,True,True
7746.T,7746,岡本硝子,スタンダード（内国株式）,精密機器,-,2026-09-01,2606.0,776.0,380851750.0,499800.0,479956000.0,True,True,True,True,True,True
7864.T,7864,フジシールインターナショナル,プライム（内国株式）,その他製品,TOPIX Small 1,2026-09-01,2606.0,3355.0,379860450.0,117105.0,277458500.0,True,True,True,True,True,True
4165.T,4165,プレイド,グロース（内国株式）,情報・通信業,-,2026-09-01,1394.0,712.0,379374360.0,551265.0,320186400.0,True,True,True,True,True,True
6994.T,6994,指月電機製作所,スタンダード（内国株式）,電気機器,-,2026-09-01,2606.0,1208.0,379299635.0,315795.0,158972800.0,True,True,True,True,True,True
3050.T,3050,ＤＣＭホールディングス,プライム（内国株式）,小売業,TOPIX Small 1,2026-09-01,2606.0,1591.0,379060055.0,240685.0,338723900.0,True,True,True,True,True,True
1975.T,1975,朝日工業社,プライム（内国株式）,建設業,TOPIX Small 1,2026-09-01,2606.0,4020.0,378442325.0,97825.0,299892000.0,True,True,True,True,True,True
7794.T,7794,イーディーピー,グロース（内国株式）,その他製品,-,2026-09-01,1024.0,982.0,378011740.0,395470.0,175876200.0,True,True,True,True,True,True
3696.T,3696,セレス,プライム（内国株式）,情報・通信業,TOPIX Small 2,2026-09-01,2606.0,2223.0,377945125.0,175940.0,212963400.0,True,True,True,True,True,True
7818.T,7818,トランザクション,プライム（内国株式）,その他製品,TOPIX Small 2,2026-09-01,2606.0,1169.0,377802335.0,311770.0,216849500.0,True,True,True,True,True,True
9824.T,9824,泉州電業,プライム（内国株式）,卸売業,TOPIX Small 1,2026-09-01,2606.0,7570.0,377255750.0,54150.0,362603000.0,True,True,True,True,True,True
3245.T,3245,ディア・ライフ,プライム（内国株式）,不動産業,TOPIX Small 2,2026-09-01,2606.0,1147.0,376308300.0,331285.0,546086700.0,True,True,True,True,True,True
5302.T,5302,日本カーボン,プライム（内国株式）,ガラス・土石製品,TOPIX Small 1,2026-09-01,2606.0,5280.0,376119300.0,75010.0,488400000.0,True,True,True,True,True,True
3106.T,3106,倉敷紡績,プライム（内国株式）,繊維製品,TOPIX Small 1,2026-09-01,2606.0,11390.0,374200050.0,35360.0,392955000.0,True,True,True,True,True,True
4431.T,4431,スマレジ,グロース（内国株式）,情報・通信業,-,2026-09-01,1831.0,3640.0,373380100.0,107745.0,539812000.0,True,True,True,True,True,True
4290.T,4290,プレステージ・インターナショナル,プライム（内国株式）,サービス業,TOPIX Small 1,2026-09-01,2606.0,712.0,373181140.0,519800.0,478250400.0,True,True,True,True,True,True
6677.T,6677,エスケーエレクトロニクス,スタンダード（内国株式）,電気機器,-,2026-09-01,2606.0,3295.0,372763400.0,110170.0,342350500.0,True,True,True,True,True,True
5563.T,5563,新日本電工,プライム（内国株式）,鉄鋼,TOPIX Small 1,2026-09-01,2606.0,461.0,371631610.0,849185.0,508298600.0,True,True,True,True,True,True
7839.T,7839,ＳＨＯＥＩ,プライム（内国株式）,その他製品,TOPIX Small 1,2026-09-01,2606.0,2093.0,370982155.0,180975.0,521157000.0,True,True,True,True,True,True
2395.T,2395,新日本科学,プライム（内国株式）,サービス業,TOPIX Small 2,2026-09-01,2606.0,1390.0,370753575.0,260425.0,139973000.0,True,True,True,True,True,True
9889.T,9889,ＪＢＣＣホールディングス,プライム（内国株式）,情報・通信業,TOPIX Small 1,2026-09-01,2606.0,1733.0,368400645.0,214955.0,242793300.0,True,True,True,True,True,True
4569.T,4569,杏林製薬,プライム（内国株式）,医薬品,TOPIX Small 1,2026-09-01,2606.0,1184.0,367519560.0,321610.0,356739200.0,True,True,True,True,True,True
7246.T,7246,プレス工業,プライム（内国株式）,輸送用機器,TOPIX Small 1,2026-09-01,2606.0,1020.0,366189065.0,379810.0,368220000.0,True,True,True,True,True,True
4045.T,4045,東亞合成,プライム（内国株式）,化学,TOPIX Mid400,2026-09-01,2606.0,1903.0,366160320.0,196750.0,382503000.0,True,True,True,True,True,True
2281.T,2281,プリマハム,プライム（内国株式）,食料品,TOPIX Small 1,2026-09-01,2606.0,2464.0,365449905.0,153100.0,304796800.0,True,True,True,True,True,True
4440.T,4440,ヴィッツ,スタンダード（内国株式）,情報・通信業,-,2026-09-01,1804.0,1542.0,363926815.0,224430.0,2798730000.0,True,True,True,True,True,True
3252.T,3252,地主,プライム（内国株式）,不動産業,TOPIX Small 2,2026-09-01,2606.0,2988.0,363557275.0,123615.0,379774800.0,True,True,True,True,True,True
2220.T,2220,亀田製菓,プライム（内国株式）,食料品,TOPIX Small 1,2026-09-01,2606.0,1380.0,363286990.0,268070.0,546618000.0,True,True,True,True,True,True
1870.T,1870,矢作建設工業,プライム（内国株式）,建設業,TOPIX Small 1,2026-09-01,2606.0,2248.0,362410205.0,174175.0,427569600.0,True,True,True,True,True,True
8551.T,8551,北日本銀行,プライム（内国株式）,銀行業,TOPIX Small 2,2026-09-01,2606.0,7870.0,362168950.0,49060.0,313226000.0,True,True,True,True,True,True
6859.T,6859,エスペック,プライム（内国株式）,電気機器,TOPIX Small 1,2026-09-01,2606.0,3925.0,360167825.0,88895.0,194680000.0,True,True,True,True,True,True
4686.T,4686,ジャストシステム,プライム（内国株式）,情報・通信業,TOPIX Small 1,2026-09-01,2606.0,4285.0,359893800.0,88315.0,387364000.0,True,True,True,True,True,True
5186.T,5186,ニッタ,プライム（内国株式）,ゴム製品,TOPIX Small 2,2026-09-01,2606.0,6750.0,358492400.0,52645.0,248400000.0,True,True,True,True,True,True
6570.T,6570,共和コーポレーション,スタンダード（内国株式）,サービス業,-,2026-09-01,2074.0,4280.0,357773665.0,97135.0,1052452000.0,True,True,True,True,True,True
6071.T,6071,ＩＢＪ,プライム（内国株式）,サービス業,TOPIX Small 2,2026-09-01,2606.0,948.0,357124865.0,385575.0,235009200.0,True,True,True,True,True,True
8585.T,8585,オリエントコーポレーション,プライム（内国株式）,その他金融業,TOPIX Small 1,2026-09-01,2606.0,867.0,357031225.0,412335.0,354429600.0,True,True,True,True,True,True
9716.T,9716,乃村工藝社,プライム（内国株式）,サービス業,TOPIX Small 1,2026-09-01,2606.0,1295.0,356731380.0,290885.0,529655000.0,True,True,True,True,True,True
4847.T,4847,インテリジェント　ウェイブ,プライム（内国株式）,情報・通信業,-,2026-09-01,2606.0,1384.0,355161210.0,282425.0,49824000.0,True,True,True,True,True,True
7981.T,7981,タカラスタンダード,プライム（内国株式）,その他製品,TOPIX Small 1,2026-09-01,2606.0,3180.0,355109635.0,115920.0,210198000.0,True,True,True,True,True,True
3844.T,3844,コムチュア,プライム（内国株式）,情報・通信業,TOPIX Small 1,2026-09-01,2606.0,1365.0,354047925.0,256810.0,243516000.0,True,True,True,True,True,True
1945.T,1945,東京エネシス,プライム（内国株式）,建設業,TOPIX Small 2,2026-09-01,2606.0,2100.0,353491765.0,171980.0,309120000.0,True,True,True,True,True,True
4499.T,4499,Ｓｐｅｅｅ,スタンダード（内国株式）,情報・通信業,-,2026-09-01,1501.0,2444.0,351842245.0,136650.0,156660400.0,True,True,True,True,True,True
1982.T,1982,日比谷総合設備,プライム（内国株式）,建設業,TOPIX Small 2,2026-09-01,2606.0,3040.0,351303095.0,119210.0,449920000.0,True,True,True,True,True,True
8125.T,8125,ワキタ,プライム（内国株式）,卸売業,TOPIX Small 1,2026-09-01,2606.0,1970.0,351053835.0,180275.0,439113000.0,True,True,True,True,True,True
4095.T,4095,日本パーカライジング,プライム（内国株式）,化学,TOPIX Small 1,2026-09-01,2606.0,1784.0,350855235.0,202830.0,502017600.0,True,True,True,True,True,True
9960.T,9960,東テク,プライム（内国株式）,卸売業,TOPIX Small 1,2026-09-01,2606.0,3875.0,350566875.0,91760.0,262725000.0,True,True,True,True,True,True
8117.T,8117,中央自動車工業,スタンダード（内国株式）,卸売業,-,2026-09-01,2606.0,2245.0,350523405.0,159155.0,706501500.0,True,True,True,True,True,True
1814.T,1814,大末建設,プライム（内国株式）,建設業,-,2026-09-01,2606.0,3715.0,350349200.0,95200.0,287169500.0,True,True,True,True,True,True
7976.T,7976,三菱鉛筆,プライム（内国株式）,その他製品,TOPIX Small 1,2026-09-01,2606.0,3135.0,350265190.0,118890.0,279642000.0,True,True,True,True,True,True
5851.T,5851,リョービ,プライム（内国株式）,非鉄金属,TOPIX Small 1,2026-09-01,2606.0,2842.0,350042995.0,126285.0,381680600.0,True,True,True,True,True,True
1946.T,1946,トーエネック,プライム（内国株式）,建設業,TOPIX Small 2,2026-09-01,2606.0,2315.0,349563815.0,163520.0,655376500.0,True,True,True,True,True,True
2590.T,2590,ダイドーグループホールディングス,プライム（内国株式）,食料品,TOPIX Small 1,2026-09-01,2606.0,2987.0,348996185.0,116050.0,377258100.0,True,True,True,True,True,True
3040.T,3040,ソリトンシステムズ,プライム（内国株式）,情報・通信業,TOPIX Small 2,2026-09-01,2606.0,2369.0,348729820.0,148095.0,200891200.0,True,True,True,True,True,True
6328.T,6328,荏原実業,プライム（内国株式）,機械,TOPIX Small 2,2026-09-01,2606.0,2428.0,348014880.0,148380.0,300829200.0,True,True,True,True,True,True
6597.T,6597,ＨＰＣシステムズ,グロース（内国株式）,電気機器,-,2026-09-01,1692.0,3495.0,346427250.0,97060.0,1002715500.0,True,True,True,True,True,True
4041.T,4041,日本曹達,プライム（内国株式）,化学,TOPIX Small 1,2026-09-01,2606.0,4080.0,346361900.0,87785.0,492864000.0,True,True,True,True,True,True
8167.T,8167,リテールパートナーズ,プライム（内国株式）,小売業,TOPIX Small 2,2026-09-01,2606.0,1396.0,346100350.0,243080.0,185668000.0,True,True,True,True,True,True
3167.T,3167,ＴＯＫＡＩホールディングス,プライム（内国株式）,卸売業,TOPIX Small 1,2026-09-01,2606.0,1324.0,345547165.0,278665.0,388064400.0,True,True,True,True,True,True
1909.T,1909,日本ドライケミカル,スタンダード（内国株式）,機械,-,2026-09-01,2606.0,3700.0,345373350.0,93310.0,37000000.0,True,True,True,True,True,True
9551.T,9551,メタウォーター,プライム（内国株式）,電気・ガス業,TOPIX Small 1,2026-09-01,2606.0,3160.0,344548075.0,108425.0,321688000.0,True,True,True,True,True,True
9425.T,9425,ＲｅＹｕｕ　Ｊａｐａｎ,スタンダード（内国株式）,情報・通信業,-,2026-09-01,2606.0,281.0,344432835.0,1368950.0,781685800.0,True,True,True,True,True,True
6745.T,6745,ホーチキ,プライム（内国株式）,電気機器,TOPIX Small 2,2026-09-01,2606.0,1957.0,344134275.0,169770.0,291593000.0,True,True,True,True,True,True
4320.T,4320,ＣＥホールディングス,スタンダード（内国株式）,情報・通信業,-,2026-09-01,2606.0,1647.0,343282675.0,207570.0,734232600.0,True,True,True,True,True,True
7915.T,7915,ＮＩＳＳＨＡ,プライム（内国株式）,その他製品,TOPIX Small 1,2026-09-01,2606.0,1296.0,343178450.0,266580.0,273456000.0,True,True,True,True,True,True
6440.T,6440,ＪＵＫＩ,プライム（内国株式）,機械,TOPIX Small 2,2026-09-01,2606.0,763.0,341846090.0,517700.0,388595900.0,True,True,True,True,True,True
5537.T,5537,ＡｌｂａＬｉｎｋ,グロース（内国株式）,不動産業,-,2026-09-01,673.0,3565.0,340795165.0,108830.0,561844000.0,True,True,True,True,True,True
6310.T,6310,井関農機,プライム（内国株式）,機械,TOPIX Small 2,2026-09-01,2606.0,1960.0,339767255.0,186235.0,437276000.0,True,True,True,True,True,True
6145.T,6145,ＮＩＴＴＯＫＵ,スタンダード（内国株式）,機械,-,2026-09-01,2606.0,2491.0,339243045.0,138785.0,145972600.0,True,True,True,True,True,True
7711.T,7711,助川電気工業,スタンダード（内国株式）,精密機器,-,2026-09-01,2606.0,5210.0,338980975.0,70070.0,171930000.0,True,True,True,True,True,True
1514.T,1514,住石ホールディングス,スタンダード（内国株式）,鉱業,TOPIX Small 2,2026-09-01,2606.0,658.0,336996945.0,507950.0,258791400.0,True,True,True,True,True,True
7476.T,7476,アズワン,プライム（内国株式）,卸売業,TOPIX Mid400,2026-09-01,2606.0,2521.0,333692962.5,138290.0,332519900.0,True,True,True,True,True,True
8200.T,8200,リンガーハット,プライム（内国株式）,小売業,TOPIX Small 1,2026-09-01,2606.0,2340.0,333133950.0,143875.0,400842000.0,True,True,True,True,True,True
6995.T,6995,東海理化電機製作所,プライム（内国株式）,輸送用機器,TOPIX Small 1,2026-09-01,2606.0,3265.0,333027345.0,107775.0,396697500.0,True,True,True,True,True,True
6125.T,6125,岡本工作機械製作所,スタンダード（内国株式）,機械,-,2026-09-01,2606.0,4640.0,332962200.0,65035.0,320624000.0,True,True,True,True,True,True
9746.T,9746,ＴＫＣ,プライム（内国株式）,情報・通信業,TOPIX Small 1,2026-09-01,2606.0,4165.0,331710350.0,83345.0,345695000.0,True,True,True,True,True,True
7970.T,7970,信越ポリマー,プライム（内国株式）,化学,TOPIX Small 1,2026-09-01,2606.0,2260.0,330082360.0,145370.0,252894000.0,True,True,True,True,True,True
1835.T,1835,東鉄工業,プライム（内国株式）,建設業,TOPIX Small 1,2026-09-01,2606.0,4055.0,329949225.0,82620.0,207210500.0,True,True,True,True,True,True
9416.T,9416,ビジョン,プライム（内国株式）,情報・通信業,TOPIX Small 1,2026-09-01,2606.0,1060.0,329600295.0,315835.0,290228000.0,True,True,True,True,True,True
7745.T,7745,Ａ＆Ｄホロンホールディングス,プライム（内国株式）,精密機器,TOPIX Small 1,2026-09-01,2606.0,2893.0,328140945.0,110065.0,186019900.0,True,True,True,True,True,True
6200.T,6200,インソース,プライム（内国株式）,サービス業,TOPIX Small 1,2026-09-01,2492.0,733.0,327853405.0,451350.0,264686300.0,True,True,True,True,True,True
4116.T,4116,大日精化工業,プライム（内国株式）,化学,TOPIX Small 2,2026-09-01,2606.0,1380.0,326322250.0,246900.0,117162000.0,True,True,True,True,True,True
7821.T,7821,前田工繊,プライム（内国株式）,その他製品,TOPIX Small 1,2026-09-01,2606.0,2036.0,325623970.0,161295.0,285447200.0,True,True,True,True,True,True
2918.T,2918,わらべや日洋ホールディングス,プライム（内国株式）,食料品,TOPIX Small 1,2026-09-01,2606.0,2803.0,323703445.0,115055.0,382048900.0,True,True,True,True,True,True
3608.T,3608,ＴＳＩホールディングス,プライム（内国株式）,繊維製品,TOPIX Small 1,2026-09-01,2606.0,1275.0,321238925.0,256730.0,362737500.0,True,True,True,True,True,True
3299.T,3299,ムゲンエステート,スタンダード（内国株式）,不動産業,-,2026-09-01,2606.0,1728.0,320876520.0,185190.0,200793600.0,True,True,True,True,True,True
8278.T,8278,フジ,プライム（内国株式）,小売業,TOPIX Small 1,2026-09-01,2606.0,2020.0,320318955.0,156470.0,311484000.0,True,True,True,True,True,True
7575.T,7575,日本ライフライン,プライム（内国株式）,卸売業,TOPIX Small 1,2026-09-01,2606.0,1611.0,319814305.0,206595.0,317689200.0,True,True,True,True,True,True
212A.T,212A,フィットイージー,プライム（内国株式）,サービス業,TOPIX Small 2,2026-09-01,515.0,2961.0,318957600.0,106170.0,307944000.0,True,True,True,True,True,True
6742.T,6742,京三製作所,プライム（内国株式）,電気機器,TOPIX Small 2,2026-09-01,2606.0,1026.0,316715630.0,311075.0,260398800.0,True,True,True,True,True,True
4418.T,4418,ＪＤＳＣ,グロース（内国株式）,情報・通信業,-,2026-09-01,1149.0,1119.0,316610250.0,321480.0,253453500.0,True,True,True,True,True,True
2154.T,2154,オープンアップグループ,プライム（内国株式）,サービス業,TOPIX Small 1,2026-09-01,2606.0,2060.0,316305875.0,156705.0,255852000.0,True,True,True,True,True,True
3989.T,3989,シェアリングテクノロジー,グロース（内国株式）,情報・通信業,-,2026-09-01,2235.0,1576.0,315545085.0,209800.0,248850400.0,True,True,True,True,True,True
7280.T,7280,ミツバ,プライム（内国株式）,電気機器,TOPIX Small 1,2026-09-01,2606.0,1360.0,315364470.0,247580.0,269824000.0,True,True,True,True,True,True
5989.T,5989,エイチワン,プライム（内国株式）,金属製品,TOPIX Small 2,2026-09-01,2606.0,1538.0,315231750.0,211975.0,228239200.0,True,True,True,True,True,True
4481.T,4481,ベース,プライム（内国株式）,情報・通信業,TOPIX Small 2,2026-09-01,1638.0,3400.0,315225375.0,96235.0,204340000.0,True,True,True,True,True,True
6651.T,6651,日東工業,プライム（内国株式）,電気機器,TOPIX Small 1,2026-09-01,2606.0,4415.0,314532100.0,70390.0,354524500.0,True,True,True,True,True,True
6088.T,6088,シグマクシス・ホールディングス,プライム（内国株式）,サービス業,TOPIX Small 1,2026-09-01,2606.0,557.0,314422620.0,581305.0,221351800.0,True,True,True,True,True,True
5367.T,5367,ニッカトー,スタンダード（内国株式）,ガラス・土石製品,-,2026-09-01,2606.0,1317.0,313790930.0,247540.0,237323400.0,True,True,True,True,True,True
4985.T,4985,アース製薬,プライム（内国株式）,化学,TOPIX Small 1,2026-09-01,2606.0,4915.0,313322675.0,65280.0,264427000.0,True,True,True,True,True,True
7224.T,7224,新明和工業,プライム（内国株式）,輸送用機器,TOPIX Small 1,2026-09-01,2606.0,2004.0,313315195.0,156945.0,452102400.0,True,True,True,True,True,True
9830.T,9830,トラスコ中山,プライム（内国株式）,卸売業,TOPIX Small 1,2026-09-01,2606.0,2450.0,312420305.0,130415.0,279300000.0,True,True,True,True,True,True
6284.T,6284,日精エー・エス・ビー機械,プライム（内国株式）,機械,TOPIX Small 1,2026-09-01,2606.0,8800.0,310311100.0,33610.0,205040000.0,True,True,True,True,True,True
9536.T,9536,西部ガスホールディングス,プライム（内国株式）,電気・ガス業,TOPIX Small 2,2026-09-01,2606.0,2586.0,308498245.0,124725.0,538922400.0,True,True,True,True,True,True
8032.T,8032,日本紙パルプ商事,プライム（内国株式）,卸売業,TOPIX Small 2,2026-09-01,2606.0,1231.0,308456665.0,252615.0,290023600.0,True,True,True,True,True,True
5240.T,5240,ｍｏｎｏＡＩ　ｔｅｃｈｎｏｌｏｇｙ,グロース（内国株式）,情報・通信業,-,2026-09-01,905.0,221.0,308000605.0,1387075.0,57437900.0,True,True,True,True,True,True
6928.T,6928,エノモト,スタンダード（内国株式）,電気機器,-,2026-09-01,2606.0,3060.0,307714960.0,102705.0,94248000.0,True,True,True,True,True,True
9308.T,9308,乾汽船,スタンダード（内国株式）,海運業,TOPIX Small 2,2026-09-01,2606.0,2170.0,307146520.0,148930.0,218736000.0,True,True,True,True,True,True
4972.T,4972,綜研化学,スタンダード（内国株式）,化学,-,2026-09-01,2606.0,4175.0,306073425.0,88735.0,718100000.0,True,True,True,True,True,True
3093.T,3093,トレジャー・ファクトリー,プライム（内国株式）,小売業,TOPIX Small 2,2026-09-01,2606.0,1970.0,305485445.0,145745.0,440295000.0,True,True,True,True,True,True
7283.T,7283,愛三工業,プライム（内国株式）,輸送用機器,TOPIX Small 1,2026-09-01,2606.0,2363.0,305101935.0,132965.0,431011200.0,True,True,True,True,True,True
4493.T,4493,サイバーセキュリティクラウド,グロース（内国株式）,情報・通信業,-,2026-09-01,1573.0,1856.0,304974120.0,158205.0,443584000.0,True,True,True,True,True,True
3395.T,3395,サンマルクホールディングス,プライム（内国株式）,小売業,TOPIX Small 1,2026-09-01,2606.0,2500.0,304306860.0,125220.0,249750000.0,True,True,True,True,True,True
5930.T,5930,文化シヤッター,プライム（内国株式）,金属製品,TOPIX Small 1,2026-09-01,2606.0,1924.0,303916415.0,164675.0,243386000.0,True,True,True,True,True,True
9348.T,9348,ｉｓｐａｃｅ,グロース（内国株式）,サービス業,-,2026-09-01,828.0,427.0,301529400.0,709155.0,226822400.0,True,True,True,True,True,True
1938.T,1938,日本リーテック,プライム（内国株式）,建設業,TOPIX Small 2,2026-09-01,2606.0,2553.0,301509205.0,121735.0,183816000.0,True,True,True,True,True,True
7990.T,7990,グローブライド,プライム（内国株式）,その他製品,TOPIX Small 1,2026-09-01,2606.0,2487.0,301472880.0,120880.0,188763300.0,True,True,True,True,True,True
7779.T,7779,ＣＹＢＥＲＤＹＮＥ,グロース（内国株式）,精密機器,-,2026-09-01,2606.0,227.0,300252635.0,1275545.0,339478500.0,True,True,True,True,True,True
3399.T,3399,丸千代山岡家,スタンダード（内国株式）,小売業,-,2026-09-01,2606.0,4035.0,300196000.0,78405.0,332484000.0,True,True,True,True,True,True
8214.T,8214,ＡＯＫＩホールディングス,プライム（内国株式）,小売業,TOPIX Small 1,2026-09-01,2606.0,1777.0,300092460.0,173740.0,289295600.0,True,True,True,True,True,True
8713.T,8713,フィデアホールディングス,プライム（内国株式）,銀行業,TOPIX Small 2,2026-09-01,2606.0,2860.0,299885635.0,115010.0,184470000.0,True,True,True,True,True,True
9511.T,9511,沖縄電力,プライム（内国株式）,電気・ガス業,TOPIX Small 1,2026-09-01,2606.0,1200.0,298807665.0,264805.0,342240000.0,True,True,True,True,True,True
4973.T,4973,日本高純度化学,プライム（内国株式）,化学,TOPIX Small 2,2026-09-01,2606.0,4840.0,298726900.0,63525.0,263780000.0,True,True,True,True,True,True
8613.T,8613,丸三証券,プライム（内国株式）,証券、商品先物取引業,TOPIX Small 1,2026-09-01,2606.0,1310.0,298556100.0,239450.0,318068000.0,True,True,True,True,True,True
6486.T,6486,イーグル工業,プライム（内国株式）,機械,TOPIX Small 1,2026-09-01,2606.0,3080.0,297617700.0,98330.0,437052000.0,True,True,True,True,True,True
4246.T,4246,ダイキョーニシカワ,プライム（内国株式）,化学,TOPIX Small 2,2026-09-01,2606.0,1162.0,296667675.0,268970.0,260288000.0,True,True,True,True,True,True
9715.T,9715,トランス・コスモス,プライム（内国株式）,サービス業,TOPIX Small 1,2026-09-01,2606.0,3740.0,296315075.0,80960.0,359040000.0,True,True,True,True,True,True
5440.T,5440,共英製鋼,プライム（内国株式）,鉄鋼,TOPIX Small 1,2026-09-01,2606.0,2138.0,294317150.0,147170.0,467580600.0,True,True,True,True,True,True
7760.T,7760,ＩＭＶ,スタンダード（内国株式）,精密機器,-,2026-09-01,2606.0,2076.0,294308985.0,140550.0,89060400.0,True,True,True,True,True,True
4552.T,4552,ＪＣＲファーマ,プライム（内国株式）,医薬品,TOPIX Small 1,2026-09-01,2606.0,538.0,294071240.0,569770.0,251837800.0,True,True,True,True,True,True
2337.T,2337,いちご,プライム（内国株式）,不動産業,TOPIX Small 1,2026-09-01,2606.0,399.0,293780510.0,728685.0,320596500.0,True,True,True,True,True,True
5632.T,5632,三菱製鋼,プライム（内国株式）,鉄鋼,TOPIX Small 2,2026-09-01,2606.0,2460.0,293395530.0,121005.0,258792000.0,True,True,True,True,True,True
8923.T,8923,トーセイ,プライム（内国株式）,不動産業,TOPIX Small 1,2026-09-01,2606.0,1844.0,292932300.0,163300.0,217960800.0,True,True,True,True,True,True
6838.T,6838,多摩川ホールディングス,スタンダード（内国株式）,電気機器,-,2026-09-01,2606.0,1504.0,292084000.0,197060.0,363366400.0,True,True,True,True,True,True
6986.T,6986,双葉電子工業,プライム（内国株式）,電気機器,TOPIX Small 2,2026-09-01,2606.0,775.0,291580650.0,411475.0,278225000.0,True,True,True,True,True,True
4996.T,4996,クミアイ化学工業,プライム（内国株式）,化学,TOPIX Small 1,2026-09-01,2606.0,791.0,290903770.0,377140.0,421444800.0,True,True,True,True,True,True
6908.T,6908,イリソ電子工業,プライム（内国株式）,電気機器,TOPIX Small 1,2026-09-01,2606.0,2836.0,290220715.0,104275.0,315646800.0,True,True,True,True,True,True
8739.T,8739,スパークス・グループ,プライム（内国株式）,証券、商品先物取引業,TOPIX Small 2,2026-09-01,2606.0,2602.0,288600870.0,114900.0,334877400.0,True,True,True,True,True,True
2931.T,2931,ユーグレナ,プライム（内国株式）,食料品,TOPIX Small 1,2026-09-01,2606.0,349.0,288065930.0,817810.0,261121800.0,True,True,True,True,True,True
6345.T,6345,アイチ　コーポレーション,プライム（内国株式）,機械,TOPIX Small 2,2026-09-01,2606.0,1479.0,288020190.0,200080.0,398738400.0,True,True,True,True,True,True
6817.T,6817,スミダコーポレーション,プライム（内国株式）,電気機器,TOPIX Small 2,2026-09-01,2606.0,1213.0,287492930.0,237070.0,245875100.0,True,True,True,True,True,True
6332.T,6332,月島ホールディングス,プライム（内国株式）,機械,TOPIX Small 1,2026-09-01,2606.0,2860.0,286955300.0,103890.0,264264000.0,True,True,True,True,True,True
4393.T,4393,バンク・オブ・イノベーション,グロース（内国株式）,情報・通信業,-,2026-09-01,1983.0,5650.0,285774800.0,52440.0,335610000.0,True,True,True,True,True,True
8706.T,8706,極東証券,プライム（内国株式）,証券、商品先物取引業,TOPIX Small 1,2026-09-01,2606.0,1951.0,284352280.0,151830.0,287967600.0,True,True,True,True,True,True
9692.T,9692,シーイーシー,プライム（内国株式）,情報・通信業,TOPIX Small 1,2026-09-01,2606.0,2541.0,283776105.0,118165.0,236821200.0,True,True,True,True,True,True
4216.T,4216,旭有機材,プライム（内国株式）,化学,TOPIX Small 1,2026-09-01,2606.0,5960.0,283478200.0,47055.0,255684000.0,True,True,True,True,True,True
3632.T,3632,グリーホールディングス,プライム（内国株式）,情報・通信業,TOPIX Small 2,2026-09-01,2606.0,425.0,283063855.0,675725.0,232135000.0,True,True,True,True,True,True
6962.T,6962,大真空,プライム（内国株式）,電気機器,TOPIX Small 2,2026-09-01,2606.0,767.0,283062670.0,357230.0,333031400.0,True,True,True,True,True,True
5288.T,5288,アジアパイルホールディングス,プライム（内国株式）,ガラス・土石製品,TOPIX Small 2,2026-09-01,2606.0,1575.0,282019170.0,183120.0,221445000.0,True,True,True,True,True,True
3482.T,3482,ロードスターキャピタル,プライム（内国株式）,不動産業,TOPIX Small 2,2026-09-01,2196.0,2616.0,281832635.0,107330.0,158268000.0,True,True,True,True,True,True
8558.T,8558,東和銀行,プライム（内国株式）,銀行業,TOPIX Small 2,2026-09-01,2606.0,1462.0,281202350.0,195440.0,240499000.0,True,True,True,True,True,True
5262.T,5262,日本ヒューム,プライム（内国株式）,ガラス・土石製品,TOPIX Small 1,2026-09-01,2606.0,1160.0,280354855.0,249175.0,190124000.0,True,True,True,True,True,True
4377.T,4377,ワンキャリア,グロース（内国株式）,情報・通信業,-,2026-09-01,1199.0,2495.0,280154075.0,115475.0,185129000.0,True,True,True,True,True,True
4258.T,4258,網屋,グロース（内国株式）,情報・通信業,-,2026-09-01,1147.0,4550.0,279938300.0,61820.0,146055000.0,True,True,True,True,True,True
8160.T,8160,木曽路,プライム（内国株式）,小売業,TOPIX Small 1,2026-09-01,2606.0,2463.0,279856715.0,115005.0,236940600.0,True,True,True,True,True,True
6203.T,6203,豊和工業,スタンダード（内国株式）,機械,-,2026-09-01,2606.0,1553.0,279674370.0,187500.0,200026400.0,True,True,True,True,True,True
3968.T,3968,セグエグループ,プライム（内国株式）,情報・通信業,-,2026-09-01,2388.0,651.0,279396910.0,444055.0,224790300.0,True,True,True,True,True,True
6918.T,6918,アバールデータ,スタンダード（内国株式）,電気機器,-,2026-09-01,2606.0,3510.0,279392250.0,76540.0,265005000.0,True,True,True,True,True,True
8159.T,8159,立花エレテック,プライム（内国株式）,卸売業,TOPIX Small 2,2026-09-01,2606.0,4135.0,279078675.0,68825.0,237762500.0,True,True,True,True,True,True
7412.T,7412,アトム,スタンダード（内国株式）,小売業,-,2026-09-01,2606.0,386.0,278409710.0,744000.0,129078400.0,True,True,True,True,True,True
8850.T,8850,スターツコーポレーション,プライム（内国株式）,不動産業,TOPIX Small 1,2026-09-01,2606.0,4700.0,277366625.0,59300.0,225130000.0,True,True,True,True,True,True
277A.T,277A,グロービング,プライム（内国株式）,サービス業,TOPIX Small 2,2026-09-01,427.0,1907.0,276708570.0,154455.0,232272600.0,True,True,True,True,True,True
7177.T,7177,ＧＭＯフィナンシャルホールディングス,スタンダード（内国株式）,証券、商品先物取引業,-,2026-09-01,2606.0,1212.0,276610220.0,243830.0,451227600.0,True,True,True,True,True,True
2120.T,2120,ＬＩＦＵＬＬ,プライム（内国株式）,サービス業,TOPIX Small 2,2026-09-01,2606.0,236.0,275949845.0,1193130.0,226182400.0,True,True,True,True,True,True
9832.T,9832,オートバックスセブン,プライム（内国株式）,卸売業,TOPIX Small 1,2026-09-01,2606.0,1584.0,275784755.0,179345.0,302702400.0,True,True,True,True,True,True
4997.T,4997,日本農薬,プライム（内国株式）,化学,TOPIX Small 2,2026-09-01,2606.0,1323.0,275603625.0,230660.0,512133300.0,True,True,True,True,True,True
9699.T,9699,ニシオホールディングス,プライム（内国株式）,サービス業,TOPIX Small 1,2026-09-01,2606.0,4755.0,274857600.0,60185.0,448396500.0,True,True,True,True,True,True
4547.T,4547,キッセイ薬品工業,プライム（内国株式）,医薬品,TOPIX Small 1,2026-09-01,2606.0,4100.0,274223875.0,67445.0,250920000.0,True,True,True,True,True,True
4559.T,4559,ゼリア新薬工業,プライム（内国株式）,医薬品,TOPIX Small 1,2026-09-01,2606.0,2013.0,274216175.0,132675.0,355495800.0,True,True,True,True,True,True
7595.T,7595,アルゴグラフィックス,プライム（内国株式）,情報・通信業,TOPIX Small 1,2026-09-01,2606.0,1336.0,274105465.0,207485.0,243285600.0,True,True,True,True,True,True
5122.T,5122,オカモト,プライム（内国株式）,ゴム製品,TOPIX Small 2,2026-09-01,2606.0,6460.0,273446800.0,43270.0,214472000.0,True,True,True,True,True,True
3856.T,3856,Ａｂａｌａｎｃｅ,スタンダード（内国株式）,電気機器,-,2026-09-01,2606.0,250.0,272265200.0,940435.0,396450000.0,True,True,True,True,True,True
4343.T,4343,イオンファンタジー,プライム（内国株式）,サービス業,TOPIX Small 2,2026-09-01,2606.0,2827.0,271861255.0,96055.0,385320100.0,True,True,True,True,True,True
6459.T,6459,だいわ,プライム（内国株式）,機械,TOPIX Small 2,2026-09-01,2606.0,1728.0,271198395.0,157390.0,275270400.0,True,True,True,True,True,True
7318.T,7318,セレンディップ・ホールディングス,グロース（内国株式）,輸送用機器,-,2026-09-01,1269.0,1450.0,270754890.0,174595.0,94830000.0,True,True,True,True,True,True
3851.T,3851,日本一ソフトウェア,スタンダード（内国株式）,情報・通信業,-,2026-09-01,2606.0,1466.0,270728720.0,199315.0,870804000.0,True,True,True,True,True,True
6785.T,6785,鈴木,プライム（内国株式）,電気機器,TOPIX Small 2,2026-09-01,2606.0,3070.0,270582220.0,89430.0,296562000.0,True,True,True,True,True,True
3148.T,3148,クリエイトＳＤホールディングス,プライム（内国株式）,小売業,TOPIX Small 1,2026-09-01,2606.0,3395.0,270437575.0,80790.0,276013500.0,True,True,True,True,True,True
6298.T,6298,ワイエイシイホールディングス,プライム（内国株式）,機械,TOPIX Small 2,2026-09-01,2606.0,1316.0,270416555.0,207780.0,153182400.0,True,True,True,True,True,True
8084.T,8084,ＲＹＯＤＥＮ,プライム（内国株式）,卸売業,TOPIX Small 2,2026-09-01,2606.0,4865.0,270217850.0,57905.0,280224000.0,True,True,True,True,True,True
8057.T,8057,内田洋行,プライム（内国株式）,卸売業,TOPIX Small 1,2026-09-01,2606.0,2344.0,268714260.0,122780.0,328394400.0,True,True,True,True,True,True
8934.T,8934,サンフロンティア不動産,プライム（内国株式）,不動産業,TOPIX Small 1,2026-09-01,2606.0,2520.0,268347950.0,108040.0,233604000.0,True,True,True,True,True,True
5970.T,5970,ジーテクト,プライム（内国株式）,金属製品,TOPIX Small 1,2026-09-01,2606.0,2363.0,268238625.0,116995.0,222830900.0,True,True,True,True,True,True
7366.T,7366,ＬＩＴＡＬＩＣＯ,プライム（内国株式）,サービス業,TOPIX Small 2,2026-09-01,1325.0,1860.0,267841130.0,147525.0,171678000.0,True,True,True,True,True,True
8133.T,8133,伊藤忠エネクス,プライム（内国株式）,卸売業,TOPIX Small 1,2026-09-01,2606.0,2355.0,267458935.0,121900.0,466996500.0,True,True,True,True,True,True
1898.T,1898,世紀東急工業,プライム（内国株式）,建設業,TOPIX Small 1,2026-09-01,2606.0,1511.0,266930070.0,180615.0,303106600.0,True,True,True,True,True,True
9882.T,9882,イエローハット,プライム（内国株式）,卸売業,TOPIX Small 1,2026-09-01,2606.0,1787.0,266847470.0,151380.0,283418200.0,True,True,True,True,True,True
9413.T,9413,テレビ東京ホールディングス,プライム（内国株式）,情報・通信業,TOPIX Small 1,2026-09-01,2606.0,3465.0,265085500.0,78370.0,154192500.0,True,True,True,True,True,True
3491.T,3491,ＧＡ　ｔｅｃｈｎｏｌｏｇｉｅｓ,グロース（内国株式）,不動産業,-,2026-09-01,1982.0,1570.0,264611310.0,172090.0,259835000.0,True,True,True,True,True,True
3915.T,3915,テラスカイ,プライム（内国株式）,情報・通信業,TOPIX Small 2,2026-09-01,2606.0,2438.0,264390580.0,113290.0,390080000.0,True,True,True,True,True,True
3284.T,3284,フージャースホールディングス,プライム（内国株式）,不動産業,TOPIX Small 2,2026-09-01,2606.0,1339.0,264382895.0,203915.0,229370700.0,True,True,True,True,True,True
4064.T,4064,日本カーバイド工業,プライム（内国株式）,化学,TOPIX Small 2,2026-09-01,2606.0,3445.0,263986550.0,78485.0,176039500.0,True,True,True,True,True,True
9039.T,9039,サカイ引越センター,プライム（内国株式）,陸運業,TOPIX Small 1,2026-09-01,2606.0,3025.0,263124670.0,88665.0,272855000.0,True,True,True,True,True,True
3854.T,3854,アイル,プライム（内国株式）,情報・通信業,TOPIX Small 2,2026-09-01,2606.0,2507.0,262614825.0,109860.0,300338600.0,True,True,True,True,True,True
9025.T,9025,鴻池運輸,プライム（内国株式）,陸運業,TOPIX Small 1,2026-09-01,2606.0,2941.0,262324035.0,90485.0,282041900.0,True,True,True,True,True,True
7241.T,7241,フタバ産業,プライム（内国株式）,輸送用機器,TOPIX Small 1,2026-09-01,2606.0,1140.0,262278180.0,240785.0,363432000.0,True,True,True,True,True,True
5121.T,5121,藤倉コンポジット,プライム（内国株式）,ゴム製品,TOPIX Small 2,2026-09-01,2606.0,2767.0,261508225.0,96005.0,156612200.0,True,True,True,True,True,True
2288.T,2288,丸大食品,プライム（内国株式）,食料品,TOPIX Small 2,2026-09-01,2606.0,2268.0,260911680.0,118445.0,268304400.0,True,True,True,True,True,True
9621.T,9621,建設技術研究所,プライム（内国株式）,サービス業,TOPIX Small 1,2026-09-01,2606.0,3195.0,260695550.0,81730.0,288189000.0,True,True,True,True,True,True
3668.T,3668,コロプラ,プライム（内国株式）,情報・通信業,TOPIX Small 1,2026-09-01,2606.0,439.0,259998720.0,617995.0,269063100.0,True,True,True,True,True,True
9211.T,9211,エフ・コード,グロース（内国株式）,サービス業,-,2026-09-01,1144.0,1444.0,259439265.0,173525.0,176023600.0,True,True,True,True,True,True
1786.T,1786,オリエンタル白石,プライム（内国株式）,建設業,TOPIX Small 2,2026-09-01,1325.0,358.0,258808320.0,721255.0,216196200.0,True,True,True,True,True,True
5911.T,5911,横河ブリッジホールディングス,プライム（内国株式）,金属製品,TOPIX Small 1,2026-09-01,2606.0,3005.0,258628800.0,87370.0,289381500.0,True,True,True,True,True,True
6364.T,6364,ＡＩＲＭＡＮ,プライム（内国株式）,機械,TOPIX Small 2,2026-09-01,2606.0,2587.0,258112430.0,98890.0,198164200.0,True,True,True,True,True,True
2168.T,2168,パソナグループ,プライム（内国株式）,サービス業,TOPIX Small 1,2026-09-01,2606.0,1756.0,256263250.0,154430.0,356468000.0,True,True,True,True,True,True
5889.T,5889,Ｊａｐａｎ　Ｅｙｅｗｅａｒ　Ｈｏｌｄｉｎｇｓ,プライム（内国株式）,小売業,TOPIX Small 2,2026-09-01,681.0,2699.0,255593300.0,98860.0,386226900.0,True,True,True,True,True,True
8708.T,8708,アイザワ証券グループ,プライム（内国株式）,証券、商品先物取引業,TOPIX Small 2,2026-09-01,2606.0,1834.0,255363400.0,144290.0,400729000.0,True,True,True,True,True,True
5351.T,5351,品川リフラ,プライム（内国株式）,ガラス・土石製品,TOPIX Small 1,2026-09-01,2606.0,2090.0,254735070.0,122950.0,291555000.0,True,True,True,True,True,True
9672.T,9672,東京都競馬,プライム（内国株式）,サービス業,TOPIX Small 1,2026-09-01,2606.0,5080.0,254367225.0,50540.0,184912000.0,True,True,True,True,True,True
6492.T,6492,岡野バルブ製造,スタンダード（内国株式）,機械,-,2026-09-01,2606.0,14130.0,253944400.0,17640.0,93258000.0,True,True,True,True,True,True
1766.T,1766,東建コーポレーション,プライム（内国株式）,建設業,TOPIX Small 1,2026-09-01,2606.0,13880.0,253794450.0,19035.0,262332000.0,True,True,True,True,True,True
6616.T,6616,トレックス・セミコンダクター,プライム（内国株式）,電気機器,TOPIX Small 2,2026-09-01,2606.0,1963.0,253120790.0,126465.0,250478800.0,True,True,True,True,True,True
9037.T,9037,ハマキョウレックス,プライム（内国株式）,陸運業,TOPIX Small 1,2026-09-01,2606.0,1876.0,251860715.0,136125.0,148579200.0,True,True,True,True,True,True
9267.T,9267,Ｇｅｎｋｙ　ＤｒｕｇＳｔｏｒｅｓ,プライム（内国株式）,小売業,TOPIX Small 1,2026-09-01,2606.0,3530.0,251515575.0,69435.0,401361000.0,True,True,True,True,True,True
6947.T,6947,図研,プライム（内国株式）,電気機器,TOPIX Small 1,2026-09-01,2606.0,5070.0,250406975.0,50565.0,227136000.0,True,True,True,True,True,True
5142.T,5142,アキレス,プライム（内国株式）,化学,TOPIX Small 2,2026-09-01,2606.0,1912.0,250372300.0,135950.0,189670400.0,True,True,True,True,True,True
6118.T,6118,アイダエンジニアリング,プライム（内国株式）,機械,TOPIX Small 1,2026-09-01,2606.0,1224.0,249393165.0,202130.0,718610400.0,True,True,True,True,True,True
6638.T,6638,ミマキエンジニアリング,プライム（内国株式）,電気機器,TOPIX Small 2,2026-09-01,2606.0,1988.0,248323075.0,124995.0,145919200.0,True,True,True,True,True,True
8255.T,8255,アクシアル　リテイリング,プライム（内国株式）,小売業,TOPIX Small 2,2026-09-01,2606.0,1292.0,247615775.0,201295.0,272224400.0,True,True,True,True,True,True
8008.T,8008,ヨンドシーホールディングス,プライム（内国株式）,小売業,TOPIX Small 1,2026-09-01,2606.0,2164.0,247336660.0,116405.0,362037200.0,True,True,True,True,True,True
9274.T,9274,ＫＰＰグループホールディングス,プライム（内国株式）,卸売業,TOPIX Small 1,2026-09-01,2002.0,1098.0,247068890.0,224775.0,290860200.0,True,True,True,True,True,True
7600.T,7600,日本エム・ディ・エム,プライム（内国株式）,精密機器,TOPIX Small 2,2026-09-01,2606.0,717.0,246878460.0,301580.0,308238300.0,True,True,True,True,True,True
5410.T,5410,合同製鐵,プライム（内国株式）,鉄鋼,TOPIX Small 1,2026-09-01,2606.0,3160.0,246678885.0,83235.0,298620000.0,True,True,True,True,True,True
3374.T,3374,内外テック,スタンダード（内国株式）,卸売業,-,2026-09-01,2606.0,4240.0,245566350.0,59515.0,110664000.0,True,True,True,True,True,True
3028.T,3028,アルペン,プライム（内国株式）,小売業,TOPIX Small 1,2026-09-01,2606.0,2382.0,245102135.0,105115.0,252730200.0,True,True,True,True,True,True
8043.T,8043,スターゼン,プライム（内国株式）,卸売業,TOPIX Small 2,2026-09-01,2606.0,1585.0,244092810.0,164295.0,300674500.0,True,True,True,True,True,True
8011.T,8011,三陽商会,プライム（内国株式）,繊維製品,TOPIX Small 2,2026-09-01,2606.0,1530.0,243998115.28442383,141445.0,309672000.0,True,True,True,True,True,True
1379.T,1379,ホクト,プライム（内国株式）,水産・農林業,TOPIX Small 2,2026-09-01,2606.0,2177.0,242977105.0,118845.0,244912500.0,True,True,True,True,True,True
8075.T,8075,神鋼商事,プライム（内国株式）,卸売業,TOPIX Small 2,2026-09-01,2606.0,3175.0,242635240.0,81690.0,193675000.0,True,True,True,True,True,True
8037.T,8037,カメイ,プライム（内国株式）,卸売業,TOPIX Small 2,2026-09-01,2606.0,4695.0,242523500.0,56225.0,278413500.0,True,True,True,True,True,True
9997.T,9997,ベルーナ,プライム（内国株式）,小売業,TOPIX Small 1,2026-09-01,2606.0,1081.0,241784650.0,234290.0,256088900.0,True,True,True,True,True,True
3962.T,3962,チェンジホールディングス,プライム（内国株式）,情報・通信業,TOPIX Small 1,2026-09-01,2446.0,1025.0,241566455.0,244720.0,229497500.0,True,True,True,True,True,True
7593.T,7593,ＶＴホールディングス,プライム（内国株式）,小売業,TOPIX Small 1,2026-09-01,2606.0,543.0,240957175.0,464480.0,212041500.0,True,True,True,True,True,True
8065.T,8065,佐藤商事,プライム（内国株式）,卸売業,TOPIX Small 2,2026-09-01,2606.0,3720.0,240109700.0,64590.0,215388000.0,True,True,True,True,True,True
7942.T,7942,ＪＳＰ,プライム（内国株式）,化学,TOPIX Small 2,2026-09-01,2606.0,3195.0,239919100.0,79135.0,180198000.0,True,True,True,True,True,True
6877.T,6877,ＯＢＡＲＡ　ＧＲＯＵＰ,スタンダード（内国株式）,電気機器,TOPIX Small 2,2026-09-01,2606.0,5620.0,239897500.0,40975.0,183774000.0,True,True,True,True,True,True
9324.T,9324,安田倉庫,プライム（内国株式）,倉庫・運輸関連業,TOPIX Small 2,2026-09-01,2606.0,2543.0,239854890.0,95535.0,236244700.0,True,True,True,True,True,True
7868.T,7868,広済堂ホールディングス,プライム（内国株式）,その他製品,TOPIX Small 2,2026-09-01,2606.0,562.0,239265505.0,433540.0,616120600.0,True,True,True,True,True,True
7130.T,7130,ヤマエグループホールディングス,プライム（内国株式）,卸売業,TOPIX Small 1,2026-09-01,1203.0,2864.0,239226495.0,82920.0,207926400.0,True,True,True,True,True,True
8771.T,8771,イー・ギャランティ,プライム（内国株式）,その他金融業,TOPIX Small 1,2026-09-01,2606.0,1745.0,238336645.0,130795.0,331375500.0,True,True,True,True,True,True
3741.T,3741,セック,プライム（内国株式）,情報・通信業,TOPIX Small 2,2026-09-01,2606.0,3295.0,237704550.0,74145.0,202642500.0,True,True,True,True,True,True
7537.T,7537,丸文,プライム（内国株式）,卸売業,TOPIX Small 2,2026-09-01,2606.0,1888.0,236678075.0,130885.0,158969600.0,True,True,True,True,True,True
6517.T,6517,デンヨー,プライム（内国株式）,電気機器,TOPIX Small 2,2026-09-01,2606.0,4230.0,236378525.0,56390.0,237726000.0,True,True,True,True,True,True
4417.T,4417,グローバルセキュリティエキスパート,グロース（内国株式）,情報・通信業,-,2026-09-01,1149.0,4750.0,235449475.0,50615.0,160550000.0,True,True,True,True,True,True
6337.T,6337,テセック,スタンダード（内国株式）,機械,-,2026-09-01,2606.0,3450.0,235288150.0,70825.0,149730000.0,True,True,True,True,True,True
3302.T,3302,帝国繊維,プライム（内国株式）,繊維製品,TOPIX Small 2,2026-09-01,2606.0,3140.0,234323025.0,70810.0,442740000.0,True,True,True,True,True,True
5381.T,5381,マイポックス,スタンダード（内国株式）,ガラス・土石製品,-,2026-09-01,2606.0,990.0,233880800.0,249780.0,183348000.0,True,True,True,True,True,True
7094.T,7094,ＮｅｘＴｏｎｅ,グロース（内国株式）,サービス業,-,2026-09-01,1571.0,1898.0,233704095.0,129710.0,234592800.0,True,True,True,True,True,True
6282.T,6282,オイレス工業,プライム（内国株式）,機械,TOPIX Small 1,2026-09-01,2606.0,2990.0,233221255.0,79675.0,403949000.0,True,True,True,True,True,True
9467.T,9467,アルファポリス,グロース（内国株式）,情報・通信業,-,2026-09-01,2606.0,1149.0,232768320.0,203805.0,253354500.0,True,True,True,True,True,True
6369.T,6369,トーヨーカネツ,プライム（内国株式）,機械,TOPIX Small 2,2026-09-01,2606.0,2472.0,232490770.0,94215.0,166118400.0,True,True,True,True,True,True
4694.T,4694,ビー・エム・エル,プライム（内国株式）,サービス業,TOPIX Small 1,2026-09-01,2606.0,3700.0,232188550.0,64885.0,208680000.0,True,True,True,True,True,True
7279.T,7279,ハイレックスコーポレーション,スタンダード（内国株式）,輸送用機器,-,2026-09-01,2606.0,2679.0,231988375.0,90015.0,320408400.0,True,True,True,True,True,True
7719.T,7719,東京衡機,スタンダード（内国株式）,精密機器,-,2026-09-01,2606.0,500.0,231760625.0,465210.0,162050000.0,True,True,True,True,True,True
146A.T,146A,コロンビア・ワークス,スタンダード（内国株式）,不動産業,-,2026-09-01,595.0,3505.0,231674500.0,62805.0,111108500.0,True,True,True,True,True,True
299A.T,299A,クラシル,グロース（内国株式）,サービス業,-,2026-09-01,413.0,1315.0,230627955.0,182945.0,348606500.0,True,True,True,True,True,True
8163.T,8163,ＳＲＳホールディングス,プライム（内国株式）,小売業,TOPIX Small 2,2026-09-01,2606.0,1602.0,230170250.0,151175.0,186472800.0,True,True,True,True,True,True
5981.T,5981,東京製綱,プライム（内国株式）,金属製品,TOPIX Small 2,2026-09-01,2606.0,1978.0,230163905.0,116540.0,116702000.0,True,True,True,True,True,True
3984.T,3984,ユーザーローカル,プライム（内国株式）,情報・通信業,TOPIX Small 2,2026-09-01,2322.0,1527.0,229695350.0,146970.0,193623600.0,True,True,True,True,True,True
135A.T,135A,ＶＲＡＩＮ　Ｓｏｌｕｔｉｏｎ,グロース（内国株式）,情報・通信業,-,2026-09-01,617.0,4070.0,229290500.0,55420.0,377696000.0,True,True,True,True,True,True
8137.T,8137,サンワテクノス,プライム（内国株式）,卸売業,TOPIX Small 2,2026-09-01,2606.0,4275.0,229016300.0,56630.0,171000000.0,True,True,True,True,True,True
5698.T,5698,エンビプロ・ホールディングス,スタンダード（内国株式）,鉄鋼,TOPIX Small 2,2026-09-01,2606.0,793.0,228024700.0,279935.0,113081800.0,True,True,True,True,True,True
218A.T,218A,Ｌｉｂｅｒａｗａｒｅ,グロース（内国株式）,精密機器,-,2026-09-01,511.0,1209.0,227559315.0,201665.0,384945600.0,True,True,True,True,True,True
8624.T,8624,いちよし証券,プライム（内国株式）,証券、商品先物取引業,TOPIX Small 2,2026-09-01,2606.0,1744.0,227406160.0,136405.0,317233600.0,True,True,True,True,True,True
4554.T,4554,富士製薬工業,プライム（内国株式）,医薬品,TOPIX Small 2,2026-09-01,2606.0,1799.0,226741295.0,124010.0,175402500.0,True,True,True,True,True,True
4228.T,4228,積水化成品工業,プライム（内国株式）,化学,TOPIX Small 2,2026-09-01,2606.0,636.0,226473420.0,368770.0,255481200.0,True,True,True,True,True,True
6464.T,6464,ツバキ・ナカシマ,プライム（内国株式）,機械,TOPIX Small 2,2026-09-01,2606.0,343.0,226336350.0,651515.0,192868900.0,True,True,True,True,True,True
8074.T,8074,ＹＵＡＳＡ,プライム（内国株式）,卸売業,TOPIX Small 1,2026-09-01,2606.0,6460.0,226046350.0,36925.0,229330000.0,True,True,True,True,True,True
4914.T,4914,高砂香料工業,プライム（内国株式）,化学,TOPIX Small 1,2026-09-01,2606.0,1352.0,225779725.0,176155.0,198879200.0,True,True,True,True,True,True
3864.T,3864,三菱製紙,プライム（内国株式）,パルプ・紙,-,2026-09-01,2606.0,1225.0,225349845.0,192395.0,196245000.0,True,True,True,True,True,True
3636.T,3636,三菱総合研究所,プライム（内国株式）,情報・通信業,TOPIX Small 1,2026-09-01,2606.0,5220.0,224519400.0,46035.0,204624000.0,True,True,True,True,True,True
2674.T,2674,ハードオフコーポレーション,プライム（内国株式）,小売業,TOPIX Small 2,2026-09-01,2606.0,2699.0,224416980.0,81000.0,218079200.0,True,True,True,True,True,True
8566.T,8566,リコーリース,プライム（内国株式）,その他金融業,TOPIX Small 1,2026-09-01,2606.0,6880.0,222559050.0,33305.0,238736000.0,True,True,True,True,True,True
8014.T,8014,蝶理,プライム（内国株式）,卸売業,TOPIX Small 2,2026-09-01,2606.0,4320.0,222469000.0,53010.0,188352000.0,True,True,True,True,True,True
8150.T,8150,三信電気,プライム（内国株式）,卸売業,TOPIX Small 2,2026-09-01,2606.0,3410.0,222211075.0,70725.0,270072000.0,True,True,True,True,True,True
4025.T,4025,多木化学,プライム（内国株式）,化学,TOPIX Small 2,2026-09-01,2606.0,5850.0,222160200.0,37950.0,117585000.0,True,True,True,True,True,True
3091.T,3091,ブロンコビリー,プライム（内国株式）,小売業,TOPIX Small 1,2026-09-01,2606.0,2925.0,220922765.0,82050.0,255352500.0,True,True,True,True,True,True
3496.T,3496,アズーム,プライム（内国株式）,不動産業,TOPIX Small 2,2026-09-01,1941.0,4820.0,219319000.0,46035.0,172556000.0,True,True,True,True,True,True
5461.T,5461,中部鋼鈑,プライム（内国株式）,鉄鋼,TOPIX Small 1,2026-09-01,899.0,2229.0,219305725.0,104725.0,444685500.0,True,True,True,True,True,True
7979.T,7979,松風,プライム（内国株式）,精密機器,TOPIX Small 2,2026-09-01,2606.0,2313.0,217618820.0,94130.0,164685600.0,True,True,True,True,True,True
4051.T,4051,ＧＭＯフィナンシャルゲート,プライム（内国株式）,情報・通信業,TOPIX Small 2,2026-09-01,1497.0,6310.0,217395500.0,32480.0,285843000.0,True,True,True,True,True,True
6418.T,6418,日本金銭機械,プライム（内国株式）,機械,TOPIX Small 2,2026-09-01,2606.0,1262.0,217323145.0,175305.0,132636200.0,True,True,True,True,True,True
7743.T,7743,シード,スタンダード（内国株式）,精密機器,-,2026-09-01,2606.0,792.0,216655410.0,285875.0,621403200.0,True,True,True,True,True,True
8185.T,8185,チヨダ,プライム（内国株式）,小売業,TOPIX Small 2,2026-09-01,2606.0,983.0,216061920.0,210735.0,425933900.0,True,True,True,True,True,True
2489.T,2489,アドウェイズ,スタンダード（内国株式）,サービス業,TOPIX Small 2,2026-09-01,2606.0,436.0,215957140.0,580600.0,98536000.0,True,True,True,True,True,True
6653.T,6653,正興電機製作所,プライム（内国株式）,電気機器,-,2026-09-01,2153.0,2210.0,215036245.0,96365.0,142545000.0,True,True,True,True,True,True
7917.T,7917,ＺＡＣＲＯＳ,プライム（内国株式）,化学,TOPIX Small 2,2026-09-01,2606.0,1295.0,214709295.0,164945.0,145428500.0,True,True,True,True,True,True
8097.T,8097,三愛オブリ,プライム（内国株式）,卸売業,TOPIX Small 1,2026-09-01,2606.0,2495.0,214273525.0,90395.0,305138500.0,True,True,True,True,True,True
3539.T,3539,ＪＭホールディングス,プライム（内国株式）,小売業,TOPIX Small 2,2026-09-01,2552.0,1457.0,214268055.0,149785.0,180959400.0,True,True,True,True,True,True
2975.T,2975,スター・マイカ・ホールディングス,プライム（内国株式）,不動産業,TOPIX Small 2,2026-09-01,1771.0,1578.0,213706400.0,135840.0,195829800.0,True,True,True,True,True,True
4381.T,4381,ビープラッツ,グロース（内国株式）,情報・通信業,-,2026-09-01,2061.0,291.0,213530790.0,537680.0,35676600.0,True,True,True,True,True,True
5949.T,5949,ユニプレス,プライム（内国株式）,輸送用機器,TOPIX Small 1,2026-09-01,2606.0,1387.0,213348605.0,161140.0,326499800.0,True,True,True,True,True,True
7637.T,7637,白銅,プライム（内国株式）,卸売業,TOPIX Small 2,2026-09-01,2606.0,3775.0,212827575.0,56645.0,127595000.0,True,True,True,True,True,True
9869.T,9869,加藤産業,プライム（内国株式）,卸売業,TOPIX Small 1,2026-09-01,2606.0,6700.0,212792750.0,32765.0,247900000.0,True,True,True,True,True,True
4886.T,4886,あすか製薬ホールディングス,プライム（内国株式）,医薬品,TOPIX Small 2,2026-09-01,1325.0,2110.0,212449775.0,101680.0,127233000.0,True,True,True,True,True,True
3232.T,3232,三重交通グループホールディングス,プライム（内国株式）,不動産業,TOPIX Small 2,2026-09-01,2606.0,617.0,211594230.0,360490.0,279809500.0,True,True,True,True,True,True
3880.T,3880,大王製紙,プライム（内国株式）,パルプ・紙,TOPIX Small 1,2026-09-01,2606.0,988.0,211399510.0,216290.0,187522400.0,True,True,True,True,True,True
3865.T,3865,北越コーポレーション,プライム（内国株式）,パルプ・紙,TOPIX Small 1,2026-09-01,2606.0,906.0,210778060.0,231545.0,172955400.0,True,True,True,True,True,True
9828.T,9828,Ｇｅｎｋｉ　Ｇｌｏｂａｌ　Ｄｉｎｉｎｇ　Ｃｏｎｃｅｐｔｓ,スタンダード（内国株式）,小売業,TOPIX Small 1,2026-09-01,2606.0,3465.0,210383525.0,62340.0,252598500.0,True,True,True,True,True,True
7447.T,7447,ナガイレーベン,プライム（内国株式）,卸売業,TOPIX Small 2,2026-09-01,2606.0,1708.0,209954400.0,119110.0,278916400.0,True,True,True,True,True,True
9543.T,9543,静岡ガス,プライム（内国株式）,電気・ガス業,TOPIX Small 1,2026-09-01,2606.0,1340.0,209772725.0,165955.0,296542000.0,True,True,True,True,True,True
2733.T,2733,あらた,プライム（内国株式）,卸売業,TOPIX Small 1,2026-09-01,2606.0,2717.0,209677190.0,79810.0,238009200.0,True,True,True,True,True,True
7256.T,7256,河西工業,スタンダード（内国株式）,輸送用機器,-,2026-09-01,2606.0,420.0,208051245.0,465285.0,28224000.0,True,True,True,True,True,True
1301.T,1301,極洋,プライム（内国株式）,水産・農林業,TOPIX Small 1,2026-09-01,2606.0,4730.0,207571775.0,44625.0,211431000.0,True,True,True,True,True,True
8841.T,8841,テーオーシー,スタンダード（内国株式）,不動産業,TOPIX Small 2,2026-09-01,2606.0,1045.0,207555490.0,205385.0,69179000.0,True,True,True,True,True,True
9068.T,9068,丸全昭和運輸,プライム（内国株式）,陸運業,TOPIX Small 1,2026-09-01,2606.0,7440.0,207413350.0,27945.0,213528000.0,True,True,True,True,True,True
2108.T,2108,日本甜菜製糖,プライム（内国株式）,食料品,TOPIX Small 2,2026-09-01,2606.0,5450.0,207409750.0,37675.0,324820000.0,True,True,True,True,True,True
5943.T,5943,ノーリツ,プライム（内国株式）,金属製品,TOPIX Small 1,2026-09-01,2606.0,2425.0,206862470.0,86175.0,301912500.0,True,True,True,True,True,True
1939.T,1939,四電工,プライム（内国株式）,建設業,TOPIX Small 2,2026-09-01,2606.0,2294.0,205347645.0,95640.0,352817200.0,True,True,True,True,True,True
7725.T,7725,インターアクション,プライム（内国株式）,精密機器,TOPIX Small 2,2026-09-01,2606.0,1779.0,205169445.0,109405.0,134670300.0,True,True,True,True,True,True
4828.T,4828,ビジネスエンジニアリング,プライム（内国株式）,情報・通信業,TOPIX Small 2,2026-09-01,2606.0,1443.0,204834445.0,149665.0,229869900.0,True,True,True,True,True,True
2742.T,2742,ハローズ,プライム（内国株式）,小売業,TOPIX Small 2,2026-09-01,2606.0,3960.0,204772400.0,51680.0,287892000.0,True,True,True,True,True,True
4396.T,4396,システムサポートホールディングス,プライム（内国株式）,情報・通信業,TOPIX Small 2,2026-09-01,1976.0,1432.0,203902000.0,152485.0,164250400.0,True,True,True,True,True,True
4765.T,4765,ＳＢＩグローバルアセットマネジメント,プライム（内国株式）,サービス業,TOPIX Small 2,2026-09-01,2606.0,645.0,202983130.0,326410.0,218784000.0,True,True,True,True,True,True
8132.T,8132,シナネンホールディングス,プライム（内国株式）,卸売業,TOPIX Small 2,2026-09-01,2606.0,7850.0,202052600.0,25400.0,87135000.0,True,True,True,True,True,True
5445.T,5445,東京鐵鋼,プライム（内国株式）,鉄鋼,TOPIX Small 1,2026-09-01,2606.0,2102.0,200928205.0,100075.0,251609400.0,True,True,True,True,True,True
5821.T,5821,平河ヒューテック,プライム（内国株式）,非鉄金属,TOPIX Small 2,2026-09-01,2606.0,3190.0,200272675.0,59845.0,121858000.0,True,True,True,True,True,True
9432.T,9432,ＮＴＴ,プライム（内国株式）,情報・通信業,TOPIX Core30,2026-09-01,2606.0,175.60000610351562,39494580208.67485,243007125.0,45367051776.87073,True,False,True,True,True,False
8729.T,8729,ソニーフィナンシャルグループ,プライム（内国株式）,保険業,TOPIX Core30,2026-09-01,226.0,161.5,9437253005.431671,59722010.0,11019031950.0,True,False,False,True,True,False
485A.T,485A,パワーエックス,グロース（内国株式）,電気機器,-,2026-09-01,170.0,1784.0,7497337295.0,4076375.0,6237399200.0,True,True,False,True,True,False
6834.T,6834,精工技研,スタンダード（内国株式）,電気機器,-,2026-09-01,2606.0,5630.0,7393799850.0,1480300.0,6628762000.0,True,True,True,False,True,False
4564.T,4564,オンコセラピー・サイエンス,グロース（内国株式）,医薬品,-,2026-09-01,2606.0,22.0,3952748905.0,191436860.0,3440670200.0,True,False,True,True,True,False
429A.T,429A,テクセンドフォトマスク,プライム（内国株式）,その他製品,TOPIX Small 2,2026-09-01,214.0,3725.0,3466252975.0,910070.0,2489790000.0,True,True,False,True,True,False
8918.T,8918,ランド,スタンダード（内国株式）,不動産業,TOPIX Small 2,2026-09-01,2606.0,11.0,3409184580.0,327660830.0,3986666200.0,True,False,True,True,True,False
7649.T,7649,スギホールディングス,プライム（内国株式）,小売業,TOPIX Mid400,2026-09-01,2606.0,1317.5,2873455625.0,2102035.0,2849225500.0,True,True,True,False,True,False
4597.T,4597,ソレイジア・ファーマ,グロース（内国株式）,医薬品,-,2026-09-01,2326.0,30.0,2145140540.0,69288860.0,2222580000.0,True,False,True,True,True,False
8283.T,8283,ＰＡＬＴＡＣ,プライム（内国株式）,卸売業,-,2026-08-10,2591.0,6630.0,1133696995.0,171530.0,0.0,True,True,True,True,False,False
446A.T,446A,ノースサンド,グロース（内国株式）,サービス業,-,2026-09-01,189.0,2186.0,741648895.0,386780.0,957030800.0,True,True,False,True,True,False
546A.T,546A,ＭＩＲＡＩＮＩホールディングス,プライム（内国株式）,卸売業,TOPIX Small 2,2026-09-01,103.0,2512.0,688660390.0,275030.0,871412800.0,True,True,False,True,True,False
3656.T,3656,ＫＬａｂ,プライム（内国株式）,情報・通信業,TOPIX Small 2,2026-09-01,2606.0,198.0,685739005.0,3217185.0,289040400.0,True,False,True,True,True,False
3315.T,3315,日本コークス工業,プライム（内国株式）,石油・石炭製品,TOPIX Small 2,2026-09-01,2606.0,105.0,684083670.0,6679370.0,1270573500.0,True,False,True,True,True,False
3664.T,3664,ＷＩＺＥ,グロース（内国株式）,情報・通信業,-,2026-09-01,2606.0,27.0,683984780.0,28007265.0,923667300.0,True,False,True,True,True,False
456A.T,456A,ＨＵＭＡＮ　ＭＡＤＥ,グロース（内国株式）,小売業,-,2026-09-01,186.0,1614.0,660840860.0,419515.0,711128400.0,True,True,False,True,True,False
462A.T,462A,ＦＵＮＤＩＮＮＯ,グロース（内国株式）,証券、商品先物取引業,-,2026-09-01,180.0,305.0,569108020.0,1710345.0,659806500.0,True,True,False,True,True,False
3810.T,3810,サイバーステップホールディングス,スタンダード（内国株式）,情報・通信業,-,2026-09-01,2606.0,174.0,567570120.0,2660590.0,368914800.0,True,False,True,True,True,False
4170.T,4170,Ｋａｉｚｅｎ　Ｐｌａｔｆｏｒｍ,グロース（内国株式）,情報・通信業,-,2026-09-01,1392.0,138.0,517379105.0,2841930.0,78687600.0,True,False,True,True,True,False
6740.T,6740,ジャパンディスプレイ,プライム（内国株式）,電気機器,TOPIX Small 2,2026-09-01,2606.0,49.0,474238990.0,9805725.0,167202700.0,True,False,True,True,True,False
6993.T,6993,大黒屋ホールディングス,スタンダード（内国株式）,小売業,-,2026-09-01,2606.0,87.0,429993295.0,4429995.0,109002300.0,True,False,True,True,True,False
421A.T,421A,ムービン・ストラテジック・キャリア,グロース（内国株式）,サービス業,-,2026-09-01,221.0,4145.0,408653000.0,105865.0,481234500.0,True,True,False,True,True,False
7138.T,7138,ＴＯＲＩＣＯ,グロース（内国株式）,小売業,-,2026-09-01,1088.0,174.0,402171170.0,2216925.0,126741600.0,True,False,True,True,True,False
7810.T,7810,クロスフォー,スタンダード（内国株式）,その他製品,-,2026-09-01,2245.0,164.0,346127885.0,1932000.0,112586000.0,True,False,True,True,True,False
8789.T,8789,フィンテック　グローバル,スタンダード（内国株式）,その他金融業,-,2026-09-01,2606.0,167.0,320522485.0,1983465.0,270289500.0,True,False,True,True,True,False
6619.T,6619,ダブル・スコープ,プライム（内国株式）,電気機器,TOPIX Small 2,2026-09-01,2606.0,160.0,311996575.0,1990420.0,304512000.0,True,False,True,True,True,False
471A.T,471A,ＮＳグループ,プライム（内国株式）,その他金融業,TOPIX Small 2,2026-09-01,173.0,1602.0,299999470.0,189275.0,438627600.0,True,True,False,True,True,False
9900.T,9900,サガミホールディングス,プライム（内国株式）,小売業,TOPIX Small 1,2026-09-01,2606.0,1163.0,299968605.0,272475.0,693148000.0,True,True,True,False,True,False
2315.T,2315,ＣＡＩＣＡ　ＤＩＧＩＴＡＬ,スタンダード（内国株式）,情報・通信業,-,2026-09-01,2606.0,68.0,294214245.0,4512880.0,366900800.0,True,False,True,True,True,False
4833.T,4833,Ｄｅｆ　ｃｏｎｓｕｌｔｉｎｇ,グロース（内国株式）,サービス業,-,2026-09-01,2606.0,57.0,288323205.0,4556150.0,136281300.0,True,False,True,True,True,False
3323.T,3323,レカム,スタンダード（内国株式）,卸売業,-,2026-09-01,2606.0,97.0,279881475.0,2907665.0,55076600.0,True,False,True,True,True,False
9424.T,9424,日本通信,プライム（内国株式）,情報・通信業,TOPIX Small 2,2026-09-01,2606.0,117.0,262900235.0,2307350.0,273241800.0,True,False,True,True,True,False
6574.T,6574,コンヴァノ,グロース（内国株式）,サービス業,-,2026-09-01,2057.0,120.0,256668650.0,2240870.0,107064000.0,True,False,True,True,True,False
7238.T,7238,曙ブレーキ工業,プライム（内国株式）,輸送用機器,TOPIX Small 2,2026-09-01,2606.0,109.0,253785055.0,2332410.0,262199500.0,True,False,True,True,True,False
409A.T,409A,オリオンビール,プライム（内国株式）,食料品,TOPIX Small 2,2026-09-01,228.0,1185.0,242647735.0,201665.0,166492500.0,True,True,False,True,True,False
5892.T,5892,ｙｕｔｏｒｉ,グロース（内国株式）,小売業,-,2026-09-01,653.0,2520.0,198205995.0,80230.0,122976000.0,False,True,True,True,True,False
6463.T,6463,ＴＰＲ,プライム（内国株式）,機械,TOPIX Small 1,2026-09-01,2606.0,1643.0,197183475.0,127640.0,181880100.0,False,True,True,True,True,False
4293.T,4293,セプテーニ・ホールディングス,スタンダード（内国株式）,サービス業,-,2026-09-01,2606.0,530.0,196332855.0,382805.0,225250000.0,False,True,True,True,True,False
4420.T,4420,イーソル,スタンダード（内国株式）,情報・通信業,TOPIX Small 2,2026-09-01,1924.0,910.0,195985445.0,236430.0,1348893000.0,False,True,True,True,True,False
7239.T,7239,タチエス,プライム（内国株式）,輸送用機器,TOPIX Small 1,2026-09-01,2606.0,2397.0,195822170.0,84405.0,182891100.0,False,True,True,True,True,False
6905.T,6905,コーセル,プライム（内国株式）,電気機器,TOPIX Small 2,2026-09-01,2606.0,1322.0,195367360.0,145945.0,159433200.0,False,True,True,True,True,False
4221.T,4221,大倉工業,プライム（内国株式）,化学,TOPIX Small 2,2026-09-01,2606.0,5700.0,194975850.0,34575.0,340290000.0,False,True,True,True,True,False
1871.T,1871,ピーエス・コンストラクション,プライム（内国株式）,建設業,TOPIX Small 2,2026-09-01,2606.0,2331.0,194769125.0,83985.0,212587200.0,False,True,True,True,True,False
3153.T,3153,八洲電機,プライム（内国株式）,卸売業,TOPIX Small 2,2026-09-01,2606.0,3130.0,194024510.0,65340.0,193747000.0,False,True,True,True,True,False
7483.T,7483,ドウシシャ,プライム（内国株式）,卸売業,TOPIX Small 2,2026-09-01,2606.0,3070.0,193360395.0,64535.0,190647000.0,False,True,True,True,True,False
7860.T,7860,エイベックス,プライム（内国株式）,情報・通信業,TOPIX Small 1,2026-09-01,2606.0,1291.0,193316980.0,153710.0,142397300.0,False,True,True,True,True,False
9517.T,9517,イーレックス,プライム（内国株式）,電気・ガス業,TOPIX Small 2,2026-09-01,2606.0,880.0,192929765.0,223480.0,100320000.0,False,True,True,True,True,False
9974.T,9974,ベルク,プライム（内国株式）,小売業,TOPIX Small 1,2026-09-01,2606.0,6820.0,191986200.0,28670.0,174592000.0,False,True,True,True,True,False
2791.T,2791,大黒天物産,プライム（内国株式）,小売業,TOPIX Small 1,2026-09-01,2606.0,4545.0,190744250.0,42350.0,171346500.0,False,True,True,True,True,False
9474.T,9474,ゼンリン,プライム（内国株式）,情報・通信業,TOPIX Small 2,2026-09-01,2606.0,928.0,190489560.0,211985.0,203046400.0,False,True,True,True,True,False
3901.T,3901,マークラインズ,プライム（内国株式）,情報・通信業,TOPIX Small 2,2026-09-01,2606.0,1544.0,189944600.0,122900.0,148841600.0,False,True,True,True,True,False
9310.T,9310,日本トランスシティ,プライム（内国株式）,倉庫・運輸関連業,TOPIX Small 2,2026-09-01,2606.0,1449.0,189893365.0,134895.0,90997200.0,False,True,True,True,True,False
2613.T,2613,Ｊ－オイルミルズ,プライム（内国株式）,食料品,TOPIX Small 2,2026-09-01,2606.0,2346.0,189868135.0,86625.0,219820200.0,False,True,True,True,True,False
9755.T,9755,応用地質,プライム（内国株式）,サービス業,TOPIX Small 2,2026-09-01,2606.0,2837.0,189686355.0,66630.0,245967900.0,False,True,True,True,True,False
8105.T,8105,Ｂｉｔｃｏｉｎ　Ｊａｐａｎ,スタンダード（内国株式）,卸売業,-,2026-09-01,2606.0,88.0,189473600.0,2051270.0,114188800.0,False,False,True,True,True,False
7965.T,7965,象印マホービン,プライム（内国株式）,電気機器,TOPIX Small 1,2026-09-01,2606.0,1477.0,189100970.0,129800.0,179455500.0,False,True,True,True,True,False
9347.T,9347,日本管財ホールディングス,プライム（内国株式）,サービス業,TOPIX Small 2,2026-09-01,2606.0,2896.0,188457750.0,66395.0,311320000.0,False,True,True,True,True,False
2749.T,2749,ＪＰホールディングス,プライム（内国株式）,サービス業,TOPIX Small 1,2026-09-01,2606.0,670.0,188221210.0,291130.0,167902000.0,False,True,True,True,True,False
6351.T,6351,鶴見製作所,プライム（内国株式）,機械,TOPIX Small 2,2026-09-01,2606.0,2594.0,187343445.0,77320.0,145004600.0,False,True,True,True,True,False
4575.T,4575,キャンバス,グロース（内国株式）,医薬品,-,2026-09-01,2606.0,856.0,187228280.0,233075.0,74557600.0,False,True,True,True,True,False
2207.T,2207,ｍｅｉｔｏ,プライム（内国株式）,食料品,TOPIX Small 2,2026-09-01,2606.0,3480.0,186763875.0,53430.0,188964000.0,False,True,True,True,True,False
1976.T,1976,明星工業,プライム（内国株式）,建設業,TOPIX Small 2,2026-09-01,2606.0,1745.0,186699510.0,104000.0,261924500.0,False,True,True,True,True,False
7033.T,7033,マネジメントソリューションズ,プライム（内国株式）,サービス業,TOPIX Small 2,2026-09-01,1984.0,1635.0,186679065.0,116575.0,152709000.0,False,True,True,True,True,False
8103.T,8103,明和産業,プライム（内国株式）,卸売業,TOPIX Small 2,2026-09-01,2606.0,982.0,186678755.0,195940.0,123044600.0,False,True,True,True,True,False
1813.T,1813,不動テトラ,プライム（内国株式）,建設業,TOPIX Small 2,2026-09-01,2606.0,2868.0,186116920.0,66285.0,147415200.0,False,True,True,True,True,False
6277.T,6277,ホソカワミクロン,プライム（内国株式）,機械,TOPIX Small 1,2026-09-01,2606.0,5530.0,186009250.0,35225.0,204057000.0,False,True,True,True,True,False
3300.T,3300,アンビション　ＤＸ　ホールディングス,グロース（内国株式）,不動産業,-,2026-09-01,2606.0,1889.0,185919650.0,93225.0,197967200.0,False,True,True,True,True,False
6547.T,6547,グリーンズ,スタンダード（内国株式）,サービス業,-,2026-09-01,2328.0,2170.0,185799675.0,89535.0,84847000.0,False,True,True,True,True,False
6419.T,6419,マースグループホールディングス,プライム（内国株式）,機械,TOPIX Small 1,2026-09-01,2606.0,3200.0,184758725.0,58495.0,226240000.0,False,True,True,True,True,False
6433.T,6433,ヒーハイスト,スタンダード（内国株式）,機械,-,2026-09-01,2606.0,1136.0,184303935.0,173095.0,146998400.0,False,True,True,True,True,False
6420.T,6420,ガリレイホールディングス,プライム（内国株式）,機械,TOPIX Small 1,2026-09-01,2606.0,3515.0,184219775.0,52475.0,204573000.0,False,True,True,True,True,False
4424.T,4424,Ａｍａｚｉａ,グロース（内国株式）,情報・通信業,-,2026-09-01,1876.0,355.0,183702000.0,509075.0,69296000.0,False,True,True,True,True,False
544A.T,544A,ＧＭＳグループ,プライム（内国株式）,機械,TOPIX Small 2,2026-09-01,103.0,347.0,183505575.0,520310.0,79532400.0,False,True,False,True,True,False
5137.T,5137,スマートドライブ,グロース（内国株式）,情報・通信業,-,2026-09-01,908.0,297.0,183138405.0,639575.0,260082900.0,False,True,True,True,True,False
3193.T,3193,エターナルホスピタリティグループ,プライム（内国株式）,小売業,TOPIX Small 2,2026-09-01,2606.0,1420.0,183056870.0,126470.0,189570000.0,False,True,True,True,True,False
6381.T,6381,アネスト岩田,プライム（内国株式）,機械,TOPIX Small 2,2026-09-01,2606.0,1980.0,182842775.0,94950.0,161370000.0,False,True,True,True,True,False
350A.T,350A,デジタルグリッド,グロース（内国株式）,電気・ガス業,-,2026-09-01,333.0,797.0,182659450.0,235810.0,252808400.0,False,True,True,True,True,False
8892.T,8892,エスコン,プライム（内国株式）,不動産業,TOPIX Small 1,2026-09-01,2606.0,1116.0,182637665.0,164550.0,208803600.0,False,True,True,True,True,False
2705.T,2705,大戸屋ホールディングス,スタンダード（内国株式）,小売業,-,2026-09-01,2606.0,10090.0,182033500.0,20010.0,370303000.0,False,True,True,True,True,False
4848.T,4848,フルキャストホールディングス,プライム（内国株式）,サービス業,TOPIX Small 2,2026-09-01,2606.0,1900.0,181371590.0,99740.0,137180000.0,False,True,True,True,True,False
9902.T,9902,日伝,プライム（内国株式）,卸売業,TOPIX Small 2,2026-09-01,2606.0,3100.0,181324475.0,58780.0,167710000.0,False,True,True,True,True,False
5408.T,5408,中山製鋼所,プライム（内国株式）,鉄鋼,TOPIX Small 2,2026-09-01,2606.0,658.0,181082875.0,282565.0,193649400.0,False,True,True,True,True,False
6637.T,6637,寺崎電気産業,スタンダード（内国株式）,電気機器,-,2026-09-01,2606.0,4125.0,180930025.0,42980.0,142312500.0,False,True,True,True,True,False
4992.T,4992,北興化学工業,スタンダード（内国株式）,化学,TOPIX Small 2,2026-09-01,2606.0,2066.0,180346070.0,90205.0,143587000.0,False,True,True,True,True,False
2004.T,2004,昭和産業,プライム（内国株式）,食料品,TOPIX Small 2,2026-09-01,2606.0,3835.0,180146600.0,49445.0,214760000.0,False,True,True,True,True,False
6425.T,6425,ユニバーサルエンターテインメント,スタンダード（内国株式）,機械,-,2026-09-01,2606.0,730.0,179393655.0,244320.0,109500000.0,False,True,True,True,True,False
7943.T,7943,ニチハ,プライム（内国株式）,ガラス・土石製品,TOPIX Small 1,2026-09-01,2606.0,3115.0,179113000.0,57225.0,156684500.0,False,True,True,True,True,False
3653.T,3653,モルフォ,グロース（内国株式）,情報・通信業,-,2026-09-01,2606.0,865.0,178546055.0,192865.0,800557500.0,False,True,True,True,True,False
6240.T,6240,ヤマシンフィルタ,プライム（内国株式）,機械,TOPIX Small 2,2026-09-01,2606.0,538.0,177284095.0,327920.0,121480400.0,False,True,True,True,True,False
367A.T,367A,プリモグローバルホールディングス,スタンダード（内国株式）,小売業,-,2026-09-01,291.0,2947.0,177220400.0,62550.0,212478700.0,False,True,True,True,True,False
3168.T,3168,ＭＥＲＦ,スタンダード（内国株式）,卸売業,-,2026-09-01,2606.0,1407.0,177036610.0,120510.0,139293000.0,False,True,True,True,True,False
558A.T,558A,ＳＱＵＥＥＺＥ,グロース（内国株式）,サービス業,-,2026-09-01,89.0,6350.0,176982700.0,32220.0,309245000.0,False,True,False,True,True,False
5592.T,5592,くすりの窓口,グロース（内国株式）,情報・通信業,-,2026-09-01,710.0,2720.0,176958225.0,65155.0,111520000.0,False,True,True,True,True,False
7231.T,7231,トピー工業,プライム（内国株式）,輸送用機器,TOPIX Small 2,2026-09-01,2606.0,3195.0,176731110.0,58930.0,278284500.0,False,True,True,True,True,False
4526.T,4526,理研ビタミン,プライム（内国株式）,食料品,TOPIX Small 2,2026-09-01,2606.0,3395.0,176596025.0,53770.0,248514000.0,False,True,True,True,True,False
3196.T,3196,ホットランドホールディングス,プライム（内国株式）,小売業,TOPIX Small 2,2026-09-01,2606.0,1634.0,176525355.0,108420.0,160785600.0,False,True,True,True,True,False
3817.T,3817,ＳＲＡホールディングス,プライム（内国株式）,情報・通信業,TOPIX Small 2,2026-09-01,2606.0,4950.0,176453200.0,36495.0,150975000.0,False,True,True,True,True,False
6231.T,6231,木村工機,スタンダード（内国株式）,機械,-,2026-09-01,1581.0,12820.0,175814750.0,13545.0,66664000.0,False,True,True,True,True,False
4595.T,4595,ミズホメディー,スタンダード（内国株式）,医薬品,-,2026-09-01,2606.0,1754.0,174778370.0,102210.0,118395000.0,False,True,True,True,True,False
6309.T,6309,巴工業,プライム（内国株式）,機械,TOPIX Small 2,2026-09-01,2606.0,2070.0,174754520.0,87720.0,231426000.0,False,True,True,True,True,False
4958.T,4958,長谷川香料,プライム（内国株式）,化学,TOPIX Small 1,2026-09-01,2606.0,3380.0,174608175.0,52465.0,130468000.0,False,True,True,True,True,False
6469.T,6469,放電精密加工研究所,スタンダード（内国株式）,機械,-,2026-09-01,2606.0,2902.0,174083565.0,59580.0,117240800.0,False,True,True,True,True,False
6535.T,6535,アイモバイル,プライム（内国株式）,サービス業,TOPIX Small 2,2026-09-01,2426.0,526.0,173980500.0,344550.0,278359200.0,False,True,True,True,True,False
6455.T,6455,モリタホールディングス,プライム（内国株式）,輸送用機器,TOPIX Small 2,2026-09-01,2606.0,2517.0,173843770.0,71760.0,178455300.0,False,True,True,True,True,False
4534.T,4534,持田製薬,プライム（内国株式）,医薬品,TOPIX Small 2,2026-09-01,2606.0,3310.0,172734000.0,53700.0,103934000.0,False,True,True,True,True,False
8281.T,8281,ゼビオホールディングス,プライム（内国株式）,小売業,TOPIX Small 1,2026-09-01,2606.0,1167.0,172529870.0,146435.0,167114400.0,False,True,True,True,True,False
2734.T,2734,サーラコーポレーション,プライム（内国株式）,小売業,TOPIX Small 2,2026-09-01,2606.0,1228.0,172471835.0,143555.0,148710800.0,False,True,True,True,True,False
5885.T,5885,ジーデップ・アドバンス,スタンダード（内国株式）,卸売業,-,2026-09-01,775.0,3295.0,171330995.0,54005.0,148275000.0,False,True,True,True,True,False
3189.T,3189,ＡＮＡＰホールディングス,スタンダード（内国株式）,小売業,-,2026-09-01,2606.0,118.0,171272970.0,1228685.0,80015800.0,False,False,True,True,True,False
5036.T,5036,日本ビジネスシステムズ,プライム（内国株式）,情報・通信業,TOPIX Small 2,2026-09-01,999.0,1640.0,169612405.0,105105.0,89216000.0,False,True,True,True,True,False
4691.T,4691,ワシントンホテル,スタンダード（内国株式）,サービス業,-,2026-09-01,1677.0,2254.0,169461535.0,75745.0,158456200.0,False,True,True,True,True,False
3950.T,3950,ザ・パック,プライム（内国株式）,パルプ・紙,TOPIX Small 2,2026-09-01,2606.0,1522.0,169187870.0,114310.0,176247600.0,False,True,True,True,True,False
9227.T,9227,マイクロ波化学,グロース（内国株式）,サービス業,-,2026-09-01,1025.0,891.0,169114355.0,183570.0,254647800.0,False,True,True,True,True,False
8141.T,8141,新光商事,プライム（内国株式）,卸売業,TOPIX Small 2,2026-09-01,2606.0,1567.0,168646100.0,107605.0,345836900.0,False,True,True,True,True,False
1762.T,1762,高松コンストラクショングループ,プライム（内国株式）,建設業,TOPIX Small 2,2026-09-01,2606.0,4320.0,168560200.0,42360.0,250560000.0,False,True,True,True,True,False
368A.T,368A,北里,プライム（内国株式）,精密機器,TOPIX Small 2,2026-09-01,290.0,1501.0,168483800.0,111050.0,87808500.0,False,True,True,True,True,False
8871.T,8871,ゴールドクレスト,スタンダード（内国株式）,不動産業,TOPIX Small 1,2026-09-01,2606.0,3300.0,167795800.0,50870.0,217140000.0,False,True,True,True,True,False
4628.T,4628,エスケー化研,スタンダード（内国株式）,化学,-,2026-09-01,2606.0,9510.0,167065950.0,18445.0,186396000.0,False,True,True,True,True,False
3763.T,3763,プロシップ,プライム（内国株式）,情報・通信業,TOPIX Small 2,2026-09-01,2606.0,2212.0,165366315.0,73310.0,113918000.0,False,True,True,True,True,False
6823.T,6823,リオン,プライム（内国株式）,電気機器,TOPIX Small 2,2026-09-01,2606.0,3330.0,165168375.0,48325.0,104229000.0,False,True,True,True,True,False
2109.T,2109,ＤＭ三井製糖,プライム（内国株式）,食料品,TOPIX Small 1,2026-09-01,2606.0,3775.0,165008325.0,46025.0,240845000.0,False,True,True,True,True,False
575A.T,575A,前澤ホールディングス,プライム（内国株式）,機械,TOPIX Small 2,2026-09-01,65.0,1919.0,161887230.0,86305.0,179810300.0,False,True,False,True,True,False
6809.T,6809,ＴＯＡ,プライム（内国株式）,電気機器,TOPIX Small 2,2026-09-01,2606.0,1784.0,161381635.0,94770.0,282050400.0,False,True,True,True,True,False
2484.T,2484,出前館,スタンダード（内国株式）,情報・通信業,-,2026-09-01,2606.0,178.0,160975205.0,995375.0,210218000.0,False,False,True,True,True,False
3182.T,3182,オイシックス,プライム（内国株式）,小売業,TOPIX Small 1,2026-09-01,2606.0,1718.0,160373665.0,94250.0,246876600.0,False,True,True,True,True,False
1847.T,1847,イチケン,スタンダード（内国株式）,建設業,-,2026-09-01,2606.0,3480.0,160099150.0,48125.0,85260000.0,False,True,True,True,True,False
2060.T,2060,フィード・ワン,プライム（内国株式）,食料品,TOPIX Small 2,2026-09-01,2606.0,1472.0,160043560.0,114995.0,234048000.0,False,True,True,True,True,False
9268.T,9268,オプティマスグループ,スタンダード（内国株式）,卸売業,-,2026-09-01,2133.0,427.0,159617145.0,374775.0,89627300.0,False,True,True,True,True,False
3558.T,3558,ジェイドグループ,グロース（内国株式）,小売業,-,2026-09-01,2339.0,1830.0,159612160.0,90215.0,108153000.0,False,True,True,True,True,False
4212.T,4212,積水樹脂,プライム（内国株式）,化学,TOPIX Small 1,2026-09-01,2606.0,2978.0,158975990.0,55280.0,188805200.0,False,True,True,True,True,False
3837.T,3837,アドソル日進,プライム（内国株式）,情報・通信業,TOPIX Small 2,2026-09-01,2606.0,1400.0,158767645.0,109195.0,168000000.0,False,True,True,True,True,False
8157.T,8157,都築電気,プライム（内国株式）,情報・通信業,TOPIX Small 2,2026-09-01,2606.0,4310.0,157629750.0,38520.0,172831000.0,False,True,True,True,True,False
7059.T,7059,コプロ・ホールディングス,プライム（内国株式）,サービス業,-,2026-09-01,1818.0,935.0,157421315.0,174490.0,87422500.0,False,True,True,True,True,False
8877.T,8877,エスリード,プライム（内国株式）,不動産業,TOPIX Small 2,2026-09-01,2606.0,5350.0,157237600.0,29780.0,108605000.0,False,True,True,True,True,False
472A.T,472A,ミラティブ,グロース（内国株式）,情報・通信業,-,2026-09-01,171.0,543.0,157066830.0,282265.0,126519000.0,False,True,False,True,True,False
8244.T,8244,近鉄百貨店,スタンダード（内国株式）,小売業,TOPIX Small 2,2026-09-01,2606.0,1973.0,156589065.0,81075.0,115025900.0,False,True,True,True,True,False
2301.T,2301,学情,プライム（内国株式）,サービス業,TOPIX Small 2,2026-09-01,2606.0,1746.0,156201325.0,93090.0,147013200.0,False,True,True,True,True,False
2325.T,2325,ＮＪＳ,プライム（内国株式）,サービス業,TOPIX Small 2,2026-09-01,2606.0,4790.0,156185325.0,33250.0,142263000.0,False,True,True,True,True,False
4570.T,4570,免疫生物研究所,グロース（内国株式）,医薬品,-,2026-09-01,2606.0,1066.0,155638370.0,148135.0,121524000.0,False,True,True,True,True,False
6659.T,6659,メディアリンクス,スタンダード（内国株式）,電気機器,-,2026-09-01,2606.0,53.0,154874895.0,3166770.0,235585000.0,False,False,True,True,True,False
6730.T,6730,アクセル,スタンダード（内国株式）,電気機器,TOPIX Small 2,2026-09-01,2606.0,1207.0,154601285.0,128430.0,389861000.0,False,True,True,True,True,False
4375.T,4375,セーフィー,グロース（内国株式）,情報・通信業,-,2026-09-01,1205.0,674.0,154509725.0,234395.0,191348600.0,False,True,True,True,True,False
3679.T,3679,じげん,プライム（内国株式）,情報・通信業,TOPIX Small 2,2026-09-01,2606.0,457.0,154268280.0,344885.0,227677400.0,False,True,True,True,True,False
6629.T,6629,テクノホライゾン,スタンダード（内国株式）,電気機器,-,2026-09-01,2606.0,987.0,154066160.0,156310.0,111234900.0,False,True,True,True,True,False
5011.T,5011,ニチレキグループ,プライム（内国株式）,石油・石炭製品,TOPIX Small 2,2026-09-01,2606.0,2297.0,153691285.0,66675.0,238198900.0,False,True,True,True,True,False
6062.T,6062,チャーム・ケア・コーポレーション,プライム（内国株式）,サービス業,TOPIX Small 2,2026-09-01,2606.0,1431.0,152477995.0,107795.0,152687700.0,False,True,True,True,True,False
8142.T,8142,トーホー,プライム（内国株式）,卸売業,TOPIX Small 2,2026-09-01,2606.0,1446.0,151359845.0,107900.0,129561600.0,False,True,True,True,True,False
4611.T,4611,大日本塗料,プライム（内国株式）,化学,TOPIX Small 2,2026-09-01,2606.0,1640.0,151219490.0,100040.0,206804000.0,False,True,True,True,True,False
1887.T,1887,日本国土開発,プライム（内国株式）,建設業,TOPIX Small 2,2026-09-01,1828.0,554.0,151087450.0,280200.0,151352800.0,False,True,True,True,True,False
8364.T,8364,清水銀行,プライム（内国株式）,銀行業,TOPIX Small 2,2026-09-01,2606.0,3195.0,150912415.0,51025.0,118854000.0,False,True,True,True,True,False
4743.T,4743,アイティフォー,プライム（内国株式）,情報・通信業,TOPIX Small 2,2026-09-01,2606.0,1666.0,150240085.0,89185.0,111622000.0,False,True,True,True,True,False
6378.T,6378,木村化工機,スタンダード（内国株式）,機械,TOPIX Small 2,2026-09-01,2606.0,1224.0,149784825.0,119385.0,126684000.0,False,True,True,True,True,False
6176.T,6176,ブランジスタ,スタンダード（内国株式）,サービス業,-,2026-09-01,2606.0,1013.0,149765685.0,151725.0,165321600.0,False,True,True,True,True,False
6333.T,6333,ＴＥＩＫＯＫＵ,プライム（内国株式）,機械,TOPIX Small 2,2026-09-01,2606.0,3400.0,149655025.0,44865.0,87380000.0,False,True,True,True,True,False
6564.T,6564,ミダックホールディングス,プライム（内国株式）,サービス業,TOPIX Small 2,2026-09-01,2130.0,2001.0,149333265.0,70135.0,139869900.0,False,True,True,True,True,False
6222.T,6222,島精機製作所,プライム（内国株式）,機械,TOPIX Small 1,2026-09-01,2606.0,938.0,148990200.0,155580.0,195854400.0,False,True,True,True,True,False
5834.T,5834,ＳＢＩリーシングサービス,グロース（内国株式）,証券、商品先物取引業,-,2026-09-01,947.0,2747.0,148797570.0,54220.0,126911400.0,False,True,True,True,True,False
8139.T,8139,ナガホリ,スタンダード（内国株式）,卸売業,-,2026-09-01,2606.0,2295.0,148469545.0,65785.0,72063000.0,False,True,True,True,True,False
5195.T,5195,バンドー化学,プライム（内国株式）,ゴム製品,TOPIX Small 2,2026-09-01,2606.0,2516.0,148304025.0,60180.0,91582400.0,False,True,True,True,True,False
8081.T,8081,カナデン,プライム（内国株式）,卸売業,TOPIX Small 2,2026-09-01,2606.0,2563.0,148195180.0,59605.0,130969300.0,False,True,True,True,True,False
3333.T,3333,あさひ,プライム（内国株式）,小売業,TOPIX Small 2,2026-09-01,2606.0,1321.0,147624970.0,109680.0,90224300.0,False,True,True,True,True,False
2594.T,2594,キーコーヒー,プライム（内国株式）,食料品,TOPIX Small 2,2026-09-01,2606.0,2035.0,147481950.0,73200.0,82824500.0,False,True,True,True,True,False
9305.T,9305,ヤマタネ,プライム（内国株式）,卸売業,TOPIX Small 2,2026-09-01,2606.0,2061.0,147165550.0,70885.0,174566700.0,False,True,True,True,True,False
6238.T,6238,フリュー,プライム（内国株式）,機械,TOPIX Small 2,2026-09-01,2606.0,1427.0,147164005.0,105580.0,89330200.0,False,True,True,True,True,False
4826.T,4826,ＣＩＪ,プライム（内国株式）,情報・通信業,TOPIX Small 2,2026-09-01,2606.0,558.0,147132380.0,275865.0,242451000.0,False,True,True,True,True,False
7727.T,7727,オーバル,スタンダード（内国株式）,精密機器,-,2026-09-01,2606.0,843.0,146818515.0,175990.0,71486400.0,False,True,True,True,True,False
8079.T,8079,正栄食品工業,プライム（内国株式）,卸売業,TOPIX Small 1,2026-09-01,2606.0,4485.0,146429625.0,32920.0,239499000.0,False,True,True,True,True,False
5185.T,5185,フコク,プライム（内国株式）,ゴム製品,TOPIX Small 2,2026-09-01,2606.0,2062.0,146112985.0,72035.0,151350800.0,False,True,True,True,True,False
9946.T,9946,ミニストップ,プライム（内国株式）,小売業,TOPIX Small 2,2026-09-01,2606.0,1788.0,145399195.0,79240.0,236731200.0,False,True,True,True,True,False
5210.T,5210,日本山村硝子,スタンダード（内国株式）,ガラス・土石製品,-,2026-09-01,2606.0,2959.0,144804635.0,49400.0,56221000.0,False,True,True,True,True,False
3201.T,3201,日本毛織,プライム（内国株式）,繊維製品,TOPIX Small 1,2026-09-01,2606.0,1991.0,144237820.0,73390.0,138971800.0,False,True,True,True,True,False
5976.T,5976,高周波熱錬,プライム（内国株式）,金属製品,TOPIX Small 2,2026-09-01,2606.0,1527.0,144122455.0,96270.0,124297800.0,False,True,True,True,True,False
5992.T,5992,中央発條,スタンダード（内国株式）,金属製品,TOPIX Small 2,2026-09-01,2606.0,3715.0,143888425.0,38775.0,123338000.0,False,True,True,True,True,False
4548.T,4548,生化学工業,プライム（内国株式）,医薬品,TOPIX Small 2,2026-09-01,2606.0,719.0,143631870.0,201985.0,98574900.0,False,True,True,True,True,False
6289.T,6289,技研製作所,プライム（内国株式）,機械,TOPIX Small 2,2026-09-01,2606.0,1898.0,143503540.0,73645.0,144627600.0,False,True,True,True,True,False
2429.T,2429,ワールドホールディングス,プライム（内国株式）,サービス業,TOPIX Small 2,2026-09-01,2606.0,2941.0,143459980.0,51875.0,147638200.0,False,True,True,True,True,False
8198.T,8198,マックスバリュ東海,スタンダード（内国株式）,小売業,-,2026-09-01,2606.0,3355.0,143391275.0,43445.0,163388500.0,False,True,True,True,True,False
4434.T,4434,サーバーワークス,スタンダード（内国株式）,情報・通信業,TOPIX Small 2,2026-09-01,1821.0,2555.0,142920060.0,57425.0,176550500.0,False,True,True,True,True,False
7102.T,7102,日本車輌製造,プライム（内国株式）,輸送用機器,TOPIX Small 2,2026-09-01,2606.0,3705.0,142517575.0,39385.0,145606500.0,False,True,True,True,True,False
7914.T,7914,共同印刷,プライム（内国株式）,その他製品,TOPIX Small 2,2026-09-01,2606.0,1769.0,141983125.0,82625.0,124891400.0,False,True,True,True,True,False
197A.T,197A,タウンズ,スタンダード（内国株式）,医薬品,-,2026-09-01,537.0,509.0,141942705.0,289340.0,77724300.0,False,True,True,True,True,False
4027.T,4027,テイカ,プライム（内国株式）,化学,TOPIX Small 2,2026-09-01,2606.0,2511.0,141304330.0,59160.0,191840400.0,False,True,True,True,True,False
9888.T,9888,ＵＥＸ,スタンダード（内国株式）,卸売業,-,2026-09-01,2606.0,1320.0,141149360.0,116775.0,79596000.0,False,True,True,True,True,False
479A.T,479A,ＰＲＯＮＩ,グロース（内国株式）,情報・通信業,-,2026-09-01,167.0,1880.0,141116090.0,79475.0,137992000.0,False,True,False,True,True,False
3179.T,3179,シュッピン,プライム（内国株式）,小売業,TOPIX Small 2,2026-09-01,2606.0,1207.0,140430710.0,111830.0,82558800.0,False,True,True,True,True,False
5010.T,5010,日本精蝋,スタンダード（内国株式）,石油・石炭製品,-,2026-09-01,2606.0,294.0,140393135.0,445195.0,31810800.0,False,True,True,True,True,False
8131.T,8131,ミツウロコグループホールディングス,スタンダード（内国株式）,卸売業,TOPIX Small 2,2026-09-01,2606.0,2425.0,140274350.0,63750.0,314765000.0,False,True,True,True,True,False
4251.T,4251,恵和,プライム（内国株式）,化学,TOPIX Small 2,2026-09-01,1670.0,1183.0,140038900.0,115800.0,104340600.0,False,True,True,True,True,False
3798.T,3798,ＵＬＳグループ,スタンダード（内国株式）,情報・通信業,-,2026-09-01,2606.0,544.0,139640840.0,260930.0,95145600.0,False,True,True,True,True,False
3151.T,3151,バイタルケーエスケー・ホールディングス,プライム（内国株式）,卸売業,TOPIX Small 2,2026-09-01,2606.0,1685.0,139255800.0,85410.0,211636000.0,False,True,True,True,True,False
8070.T,8070,東京産業,プライム（内国株式）,卸売業,TOPIX Small 2,2026-09-01,2606.0,1000.0,138903235.0,148910.0,107700000.0,False,True,True,True,True,False
4635.T,4635,東京インキ,スタンダード（内国株式）,化学,-,2026-09-01,2606.0,2200.0,138132570.0,68535.0,108460000.0,False,True,True,True,True,False
7354.T,7354,ダイレクトマーケティングミックス,スタンダード（内国株式）,サービス業,TOPIX Small 2,2026-09-01,1446.0,394.0,138039505.0,377500.0,225210400.0,False,True,True,True,True,False
3903.T,3903,ｇｕｍｉ,プライム（内国株式）,情報・通信業,TOPIX Small 2,2026-09-01,2606.0,290.0,137957955.0,511165.0,141752000.0,False,True,True,True,True,False
6648.T,6648,かわでん,スタンダード（内国株式）,電気機器,-,2026-09-01,2606.0,1701.0,137439460.0,79340.0,37592100.0,False,True,True,True,True,False
6194.T,6194,アトラエ,プライム（内国株式）,サービス業,TOPIX Small 2,2026-09-01,2517.0,885.0,137394540.0,153935.0,100713000.0,False,True,True,True,True,False
5218.T,5218,オハラ,スタンダード（内国株式）,ガラス・土石製品,TOPIX Small 2,2026-09-01,2606.0,1691.0,137206765.0,85315.0,201567200.0,False,True,True,True,True,False
7607.T,7607,進和,プライム（内国株式）,卸売業,TOPIX Small 2,2026-09-01,2606.0,3110.0,136718050.0,43810.0,94855000.0,False,True,True,True,True,False
9256.T,9256,サクシード,グロース（内国株式）,サービス業,-,2026-09-01,1147.0,1168.0,136188855.0,107825.0,62371200.0,False,True,True,True,True,False
3371.T,3371,ソフトクリエイトホールディングス,プライム（内国株式）,情報・通信業,TOPIX Small 2,2026-09-01,2606.0,2176.0,136125465.0,68415.0,138176000.0,False,True,True,True,True,False
7949.T,7949,小松ウオール工業,プライム（内国株式）,その他製品,TOPIX Small 2,2026-09-01,2606.0,2827.0,135874810.0,48735.0,193932200.0,False,True,True,True,True,False
4935.T,4935,リベルタ,スタンダード（内国株式）,化学,-,2026-09-01,1395.0,206.0,135806555.0,601450.0,64045400.0,False,True,True,True,True,False
6255.T,6255,エヌ・ピー・シー,グロース（内国株式）,機械,-,2026-09-01,2606.0,681.0,134606990.0,193000.0,162146100.0,False,True,True,True,True,False
7512.T,7512,イオン北海道,スタンダード（内国株式）,小売業,TOPIX Small 1,2026-09-01,2606.0,857.0,134558975.0,159250.0,139091100.0,False,True,True,True,True,False
6217.T,6217,津田駒工業,スタンダード（内国株式）,機械,-,2026-09-01,2606.0,820.0,133764090.0,158440.0,43132000.0,False,True,True,True,True,False
3936.T,3936,グローバルウェイ,グロース（内国株式）,情報・通信業,-,2026-09-01,2553.0,149.0,133326955.0,789725.0,30589700.0,False,False,True,True,True,False
4011.T,4011,ヘッドウォータース,グロース（内国株式）,情報・通信業,-,2026-09-01,1447.0,2388.0,133219150.0,57795.0,144235200.0,False,True,True,True,True,False
6339.T,6339,新東工業,プライム（内国株式）,機械,TOPIX Small 2,2026-09-01,2606.0,1209.0,132979480.0,108815.0,162489600.0,False,True,True,True,True,False
3431.T,3431,宮地エンジニアリンググループ,プライム（内国株式）,金属製品,TOPIX Small 1,2026-09-01,2606.0,1614.0,132878080.0,82485.0,168824400.0,False,True,True,True,True,False
4344.T,4344,ソースネクスト,プライム（内国株式）,情報・通信業,TOPIX Small 2,2026-09-01,2606.0,115.0,132721065.0,1161310.0,120002500.0,False,False,True,True,True,False
4668.T,4668,明光ネットワークジャパン,プライム（内国株式）,サービス業,TOPIX Small 2,2026-09-01,2606.0,770.0,132295295.0,169580.0,104335000.0,False,True,True,True,True,False
3895.T,3895,ハビックス,スタンダード（内国株式）,パルプ・紙,-,2026-09-01,2606.0,481.0,131953650.0,261710.0,14381900.0,False,True,True,True,True,False
3150.T,3150,グリムス,プライム（内国株式）,電気・ガス業,TOPIX Small 2,2026-09-01,2606.0,2462.0,131911660.0,52735.0,126793000.0,False,True,True,True,True,False
9270.T,9270,バリュエンスホールディングス,グロース（内国株式）,卸売業,-,2026-09-01,2071.0,2112.0,131806450.0,64260.0,146572800.0,False,True,True,True,True,False
8052.T,8052,椿本興業,プライム（内国株式）,卸売業,TOPIX Small 2,2026-09-01,2606.0,2932.0,131727345.0,46745.0,178852000.0,False,True,True,True,True,False
8537.T,8537,大光銀行,スタンダード（内国株式）,銀行業,-,2026-09-01,2606.0,3090.0,131625230.0,44590.0,83121000.0,False,True,True,True,True,False
2820.T,2820,やまみ,スタンダード（内国株式）,食料品,-,2026-09-01,2515.0,6080.0,131557150.0,22660.0,77216000.0,False,True,True,True,True,False
6656.T,6656,インスペック,スタンダード（内国株式）,電気機器,-,2026-09-01,2606.0,826.0,131356040.0,149295.0,45182200.0,False,True,True,True,True,False
7071.T,7071,アンビスホールディングス,プライム（内国株式）,サービス業,TOPIX Small 2,2026-09-01,1683.0,407.0,131328875.0,321690.0,132112200.0,False,True,True,True,True,False
5988.T,5988,パイオラックス,プライム（内国株式）,金属製品,TOPIX Small 1,2026-09-01,2606.0,1725.0,130988130.0,76175.0,167842500.0,False,True,True,True,True,False
3771.T,3771,システムリサーチ,プライム（内国株式）,情報・通信業,TOPIX Small 2,2026-09-01,2606.0,1951.0,130804490.0,68545.0,248752500.0,False,True,True,True,True,False
4658.T,4658,日本空調サービス,プライム（内国株式）,サービス業,TOPIX Small 2,2026-09-01,2606.0,1580.0,130054620.0,83960.0,277448000.0,False,True,True,True,True,False
6306.T,6306,日工,プライム（内国株式）,機械,TOPIX Small 2,2026-09-01,2606.0,1021.0,129454625.0,128275.0,106694500.0,False,True,True,True,True,False
4058.T,4058,トヨクモ,グロース（内国株式）,情報・通信業,-,2026-09-01,1451.0,2562.0,128984035.0,53480.0,83265000.0,False,True,True,True,True,False
4620.T,4620,藤倉化成,スタンダード（内国株式）,化学,TOPIX Small 2,2026-09-01,2606.0,986.0,128340340.0,136605.0,129363200.0,False,True,True,True,True,False
5129.T,5129,ＦＩＸＥＲ,グロース（内国株式）,情報・通信業,-,2026-09-01,955.0,344.0,128063050.0,332755.0,422879200.0,False,True,True,True,True,False
2982.T,2982,ＡＤワークスグループ,プライム（内国株式）,不動産業,-,2026-09-01,1569.0,437.0,127689160.0,305545.0,101777300.0,False,True,True,True,True,False
6245.T,6245,ヒラノテクシード,スタンダード（内国株式）,機械,-,2026-09-01,2606.0,1871.0,127538385.0,72545.0,114505200.0,False,True,True,True,True,False
3850.T,3850,エヌ・ティ・ティ・データ・イントラマート,スタンダード（内国株式）,情報・通信業,-,2026-09-01,2606.0,3780.0,126952150.0,37015.0,309582000.0,False,True,True,True,True,False
2752.T,2752,フジオフードグループ本社,プライム（内国株式）,小売業,TOPIX Small 1,2026-09-01,2606.0,1151.0,126868650.0,114215.0,81145500.0,False,True,True,True,True,False
7421.T,7421,カッパ・クリエイト,プライム（内国株式）,小売業,TOPIX Small 1,2026-09-01,2606.0,1633.0,126682410.0,79655.0,152522200.0,False,True,True,True,True,False
6676.T,6676,ＢＵＦＦＡＬＯ,スタンダード（内国株式）,電気機器,TOPIX Small 2,2026-09-01,2606.0,3165.0,126435250.0,43405.0,145273500.0,False,True,True,True,True,False
1822.T,1822,大豊建設,スタンダード（内国株式）,建設業,TOPIX Small 2,2026-09-01,2606.0,836.0,126178315.0,156345.0,234247200.0,False,True,True,True,True,False
9052.T,9052,山陽電気鉄道,プライム（内国株式）,陸運業,TOPIX Small 2,2026-09-01,2606.0,2027.0,125723170.0,62475.0,114525500.0,False,True,True,True,True,False
4599.T,4599,ステムリム,グロース（内国株式）,医薬品,-,2026-09-01,1723.0,341.0,125491505.0,366110.0,109392800.0,False,True,True,True,True,False
5013.T,5013,ユシロ,スタンダード（内国株式）,石油・石炭製品,TOPIX Small 2,2026-09-01,2606.0,3030.0,125347020.0,41795.0,56661000.0,False,True,True,True,True,False
3479.T,3479,ＴＫＰ,グロース（内国株式）,不動産業,-,2026-09-01,2325.0,1860.0,125181450.0,67055.0,100254000.0,False,True,True,True,True,False
5946.T,5946,長府製作所,プライム（内国株式）,金属製品,TOPIX Small 2,2026-09-01,2606.0,2150.0,124935390.0,60565.0,96535000.0,False,True,True,True,True,False
3415.T,3415,ＴＯＫＹＯ　ＢＡＳＥ,プライム（内国株式）,小売業,TOPIX Small 2,2026-09-01,2606.0,369.0,124826875.0,329810.0,158042700.0,False,True,True,True,True,False
2158.T,2158,ＦＲＯＮＴＥＯ,グロース（内国株式）,サービス業,-,2026-09-01,2606.0,629.0,124626005.0,194155.0,121522800.0,False,True,True,True,True,False
8066.T,8066,三谷商事,スタンダード（内国株式）,卸売業,-,2026-09-01,2606.0,3515.0,124191270.0,38475.0,112128500.0,False,True,True,True,True,False
4406.T,4406,新日本理化,スタンダード（内国株式）,化学,-,2026-09-01,2606.0,255.0,123868125.0,496630.0,52836000.0,False,True,True,True,True,False
5273.T,5273,三谷セキサン,スタンダード（内国株式）,ガラス・土石製品,TOPIX Small 2,2026-09-01,2606.0,2113.0,123809835.0,63275.0,108396900.0,False,True,True,True,True,False
6357.T,6357,三精テクノロジーズ,スタンダード（内国株式）,機械,-,2026-09-01,2606.0,2786.0,123609945.0,47200.0,56834400.0,False,True,True,True,True,False
3939.T,3939,カナミックネットワーク,プライム（内国株式）,情報・通信業,TOPIX Small 2,2026-09-01,2453.0,526.0,123496680.0,234400.0,108145600.0,False,True,True,True,True,False
3708.T,3708,特種東海製紙,プライム（内国株式）,パルプ・紙,TOPIX Small 2,2026-09-01,2606.0,2179.0,123233995.0,57960.0,209619800.0,False,True,True,True,True,False
7244.T,7244,市光工業,プライム（内国株式）,電気機器,TOPIX Small 2,2026-09-01,2606.0,573.0,122988025.0,216735.0,83543400.0,False,True,True,True,True,False
296A.T,296A,令和アカウンティング・ホールディングス,グロース（内国株式）,サービス業,-,2026-09-01,411.0,1091.0,122717990.0,113855.0,170632400.0,False,True,True,True,True,False
9130.T,9130,共栄タンカー,スタンダード（内国株式）,海運業,-,2026-09-01,2606.0,1628.0,121741080.0,76985.0,73585600.0,False,True,True,True,True,False
9115.T,9115,明海グループ,スタンダード（内国株式）,海運業,-,2026-09-01,2606.0,1068.0,121539360.0,108565.0,63332400.0,False,True,True,True,True,False
8929.T,8929,青山財産ネットワークス,スタンダード（内国株式）,不動産業,-,2026-09-01,2606.0,1404.0,121502905.0,91125.0,377956800.0,False,True,True,True,True,False
7510.T,7510,たけびし,プライム（内国株式）,卸売業,TOPIX Small 2,2026-09-01,2606.0,2807.0,121388585.0,43070.0,164209500.0,False,True,True,True,True,False
4725.T,4725,ＣＡＣ　Ｈｏｌｄｉｎｇｓ,プライム（内国株式）,情報・通信業,TOPIX Small 2,2026-09-01,2606.0,1983.0,121041720.0,63085.0,117591900.0,False,True,True,True,True,False
9534.T,9534,北海道瓦斯,プライム（内国株式）,電気・ガス業,TOPIX Small 2,2026-09-01,2606.0,888.0,120851525.0,149415.0,264801600.0,False,True,True,True,True,False
4072.T,4072,電算システムホールディングス,プライム（内国株式）,情報・通信業,TOPIX Small 2,2026-09-01,1264.0,3115.0,120003400.0,39210.0,84105000.0,False,True,True,True,True,False
4323.T,4323,日本システム技術,プライム（内国株式）,情報・通信業,TOPIX Small 2,2026-09-01,2606.0,1957.0,119836095.0,62390.0,70060600.0,False,True,True,True,True,False
3836.T,3836,アバントグループ,プライム（内国株式）,情報・通信業,TOPIX Small 2,2026-09-01,2606.0,1196.0,119756615.0,101365.0,116131600.0,False,True,True,True,True,False
9470.T,9470,学研ホールディングス,プライム（内国株式）,情報・通信業,TOPIX Small 2,2026-09-01,2606.0,1041.0,119729500.0,116125.0,128459400.0,False,True,True,True,True,False
6167.T,6167,冨士ダイス,プライム（内国株式）,機械,TOPIX Small 2,2026-09-01,2606.0,1040.0,119411405.0,112055.0,57928000.0,False,True,True,True,True,False
3139.T,3139,ラクト・ジャパン,プライム（内国株式）,卸売業,TOPIX Small 2,2026-09-01,2606.0,3480.0,119386575.0,35580.0,100224000.0,False,True,True,True,True,False
7932.T,7932,ニッピ,スタンダード（内国株式）,その他製品,-,2026-09-01,2606.0,11860.0,118501750.0,10235.0,79462000.0,False,True,True,True,True,False
9790.T,9790,福井コンピュータホールディングス,プライム（内国株式）,情報・通信業,TOPIX Small 2,2026-09-01,2606.0,3110.0,117844540.0,38180.0,70597000.0,False,True,True,True,True,False
5532.T,5532,リアルゲイト,グロース（内国株式）,不動産業,-,2026-09-01,781.0,3570.0,117757475.0,34390.0,85323000.0,False,True,True,True,True,False
9619.T,9619,イチネンホールディングス,プライム（内国株式）,サービス業,TOPIX Small 2,2026-09-01,2606.0,2747.0,117445440.0,44880.0,89552200.0,False,True,True,True,True,False
438A.T,438A,インフキュリオン,グロース（内国株式）,情報・通信業,-,2026-09-01,208.0,997.0,116700530.0,122440.0,49850000.0,False,True,False,True,True,False
9369.T,9369,キユーソー流通システム,スタンダード（内国株式）,倉庫・運輸関連業,TOPIX Small 2,2026-09-01,2606.0,3170.0,116622845.0,37990.0,138212000.0,False,True,True,True,True,False
7989.T,7989,立川ブラインド工業,プライム（内国株式）,金属製品,TOPIX Small 2,2026-09-01,2606.0,2686.0,116083250.0,43670.0,146387000.0,False,True,True,True,True,False
3441.T,3441,山王,スタンダード（内国株式）,金属製品,-,2026-09-01,2606.0,2820.0,115845200.0,42230.0,108570000.0,False,True,True,True,True,False
8935.T,8935,ＦＪネクストホールディングス,プライム（内国株式）,不動産業,TOPIX Small 2,2026-09-01,2606.0,2057.0,115586165.0,57705.0,103672800.0,False,True,True,True,True,False
1964.T,1964,中外炉工業,プライム（内国株式）,建設業,TOPIX Small 2,2026-09-01,2606.0,4030.0,115336850.0,28430.0,69719000.0,False,True,True,True,True,False
6166.T,6166,中村超硬,グロース（内国株式）,機械,-,2026-09-01,2606.0,683.0,115218585.0,176225.0,122120400.0,False,True,True,True,True,False
5038.T,5038,ｅＷｅＬＬ,グロース（内国株式）,情報・通信業,-,2026-09-01,966.0,2191.0,114851130.0,51755.0,127297100.0,False,True,True,True,True,False
4956.T,4956,コニシ,プライム（内国株式）,化学,TOPIX Small 2,2026-09-01,2606.0,1505.0,114779215.0,78520.0,158476500.0,False,True,True,True,True,False
4462.T,4462,石原ケミカル,プライム（内国株式）,化学,TOPIX Small 2,2026-09-01,2606.0,2972.0,114768870.0,36990.0,110261200.0,False,True,True,True,True,False
7774.T,7774,ジャパン・ティッシュエンジニアリング,グロース（内国株式）,精密機器,-,2026-09-01,2606.0,878.0,114661820.0,137445.0,86746400.0,False,True,True,True,True,False
6276.T,6276,シリウスビジョン,スタンダード（内国株式）,電気機器,-,2026-09-01,2606.0,354.0,114564915.0,293410.0,27966000.0,False,True,True,True,True,False
2053.T,2053,中部飼料,プライム（内国株式）,食料品,TOPIX Small 2,2026-09-01,2606.0,2052.0,114088150.0,57710.0,131122800.0,False,True,True,True,True,False
3475.T,3475,グッドコムアセット,プライム（内国株式）,不動産業,TOPIX Small 2,2026-09-01,2398.0,1537.0,113331890.0,72780.0,169070000.0,False,True,True,True,True,False
8562.T,8562,福島銀行,スタンダード（内国株式）,銀行業,-,2026-09-01,2606.0,390.0,113228270.0,308580.0,114231000.0,False,True,True,True,True,False
6769.T,6769,ザインエレクトロニクス,スタンダード（内国株式）,電気機器,-,2026-09-01,2606.0,1150.0,113064305.0,99780.0,103155000.0,False,True,True,True,True,False
2652.T,2652,まんだらけ,スタンダード（内国株式）,小売業,-,2026-09-01,2606.0,439.0,112769985.0,250270.0,127134400.0,False,True,True,True,True,False
3457.T,3457,Ａｎｄ　Ｄｏホールディングス,プライム（内国株式）,不動産業,TOPIX Small 2,2026-09-01,2606.0,941.0,111372565.0,120145.0,62106000.0,False,True,True,True,True,False
7931.T,7931,未来工業,プライム（内国株式）,化学,TOPIX Small 2,2026-09-01,1878.0,3710.0,110976275.0,30615.0,72716000.0,False,True,True,True,True,False
4718.T,4718,早稲田アカデミー,プライム（内国株式）,サービス業,TOPIX Small 2,2026-09-01,2606.0,2531.0,110973075.0,45800.0,73145900.0,False,True,True,True,True,False
3001.T,3001,片倉工業,スタンダード（内国株式）,繊維製品,TOPIX Small 2,2026-09-01,2606.0,3040.0,110733260.0,37635.0,112176000.0,False,True,True,True,True,False
6272.T,6272,レオン自動機,プライム（内国株式）,機械,TOPIX Small 2,2026-09-01,2606.0,1573.0,110717820.0,72260.0,91548600.0,False,True,True,True,True,False
6630.T,6630,ヤーマン,プライム（内国株式）,電気機器,TOPIX Small 1,2026-09-01,2606.0,814.0,110537280.0,138085.0,112413400.0,False,True,True,True,True,False
3922.T,3922,ＰＲ　ＴＩＭＥＳ,プライム（内国株式）,情報・通信業,TOPIX Small 2,2026-09-01,2567.0,2174.0,110242930.0,51620.0,130657400.0,False,True,True,True,True,False
7373.T,7373,アイドマ・ホールディングス,グロース（内国株式）,サービス業,-,2026-09-01,1270.0,959.0,110190020.0,115560.0,52553200.0,False,True,True,True,True,False
4931.T,4931,新日本製薬,プライム（内国株式）,化学,TOPIX Small 2,2026-09-01,1753.0,2081.0,109599460.0,52955.0,219961700.0,False,True,True,True,True,False
7198.T,7198,ＳＢＩアルヒ,プライム（内国株式）,その他金融業,TOPIX Small 2,2026-09-01,2141.0,842.0,109050900.0,130620.0,133709600.0,False,True,True,True,True,False
4687.T,4687,ＴＤＣソフト,プライム（内国株式）,情報・通信業,TOPIX Small 2,2026-09-01,2606.0,1049.0,108751810.0,108660.0,105844100.0,False,True,True,True,True,False
3788.T,3788,ＧＭＯグローバルサイン・ホールディングス,プライム（内国株式）,情報・通信業,TOPIX Small 2,2026-09-01,2606.0,2085.0,107836395.0,49050.0,81106500.0,False,True,True,True,True,False
6191.T,6191,エアトリ,プライム（内国株式）,サービス業,TOPIX Small 2,2026-09-01,2567.0,805.0,107728395.0,125480.0,90401500.0,False,True,True,True,True,False
2471.T,2471,エスプール,プライム（内国株式）,サービス業,TOPIX Small 2,2026-09-01,2606.0,287.0,107589415.0,371515.0,93849000.0,False,True,True,True,True,False
2153.T,2153,Ｅ・Ｊホールディングス,プライム（内国株式）,サービス業,TOPIX Small 2,2026-09-01,2606.0,1904.0,107186845.0,59375.0,138801600.0,False,True,True,True,True,False
4933.T,4933,Ｉ－ｎｅ,プライム（内国株式）,化学,TOPIX Small 2,2026-09-01,1451.0,1451.0,106793555.0,75180.0,72404900.0,False,True,True,True,True,False
3983.T,3983,オロ,プライム（内国株式）,情報・通信業,TOPIX Small 2,2026-09-01,2327.0,2065.0,106702265.0,49385.0,64015000.0,False,True,True,True,True,False
9708.T,9708,帝国ホテル,スタンダード（内国株式）,サービス業,-,2026-09-01,2606.0,993.0,106470395.0,107200.0,75170100.0,False,True,True,True,True,False
2305.T,2305,スタジオアリス,スタンダード（内国株式）,サービス業,TOPIX Small 2,2026-09-01,2606.0,1894.0,105932610.0,55230.0,94131800.0,False,True,True,True,True,False
4112.T,4112,保土谷化学工業,プライム（内国株式）,化学,TOPIX Small 2,2026-09-01,2606.0,2202.0,105145310.0,47290.0,118247400.0,False,True,True,True,True,False
6430.T,6430,ダイコク電機,プライム（内国株式）,機械,TOPIX Small 2,2026-09-01,2606.0,2548.0,104892815.0,42530.0,86886800.0,False,True,True,True,True,False
3733.T,3733,ソフトウェア・サービス,スタンダード（内国株式）,情報・通信業,-,2026-09-01,2606.0,12580.0,104551700.0,8770.0,95608000.0,False,True,True,True,True,False
6356.T,6356,日本ギア工業,スタンダード（内国株式）,機械,-,2026-09-01,2606.0,1350.0,104361800.0,77335.0,108675000.0,False,True,True,True,True,False
5269.T,5269,日本コンクリート工業,プライム（内国株式）,ガラス・土石製品,TOPIX Small 2,2026-09-01,2606.0,379.0,104343135.0,278495.0,67196700.0,False,True,True,True,True,False
6706.T,6706,電気興業,プライム（内国株式）,電気機器,TOPIX Small 2,2026-09-01,2606.0,3340.0,104333475.0,31430.0,71810000.0,False,True,True,True,True,False
6070.T,6070,キャリアリンク,プライム（内国株式）,サービス業,TOPIX Small 2,2026-09-01,2606.0,2642.0,104227480.0,40860.0,91941600.0,False,True,True,True,True,False
3486.T,3486,グローバル・リンク・マネジメント,プライム（内国株式）,不動産業,-,2026-09-01,2142.0,1977.0,104068900.0,53495.0,38353800.0,False,True,True,True,True,False
4714.T,4714,リソー教育グループ,プライム（内国株式）,サービス業,TOPIX Small 2,2026-09-01,2606.0,211.0,103969330.0,505220.0,191292600.0,False,True,True,True,True,False
8914.T,8914,エリアリンク,スタンダード（内国株式）,不動産業,-,2026-09-01,2606.0,925.0,103666430.0,111360.0,50505000.0,False,True,True,True,True,False
7921.T,7921,ＴＡＫＡＲＡ　＆　ＣＯＭＰＡＮＹ,プライム（内国株式）,その他製品,TOPIX Small 2,2026-09-01,2606.0,4300.0,103500175.0,24430.0,79550000.0,False,True,True,True,True,False
1930.T,1930,北陸電気工事,プライム（内国株式）,建設業,TOPIX Small 2,2026-09-01,2606.0,1568.0,103354280.0,68030.0,85142400.0,False,True,True,True,True,False
6969.T,6969,松尾電機,スタンダード（内国株式）,電気機器,-,2026-09-01,2606.0,1014.0,103072995.0,96510.0,15412800.0,False,True,True,True,True,False
8101.T,8101,ＧＳＩクレオス,プライム（内国株式）,卸売業,TOPIX Small 2,2026-09-01,2606.0,2720.0,102779590.0,37980.0,112608000.0,False,True,True,True,True,False
3877.T,3877,中越パルプ工業,プライム（内国株式）,パルプ・紙,-,2026-09-01,2606.0,2259.0,102630220.0,46250.0,100977300.0,False,True,True,True,True,False
3221.T,3221,ヨシックスホールディングス,プライム（内国株式）,小売業,TOPIX Small 2,2026-09-01,2606.0,3270.0,102508600.0,31390.0,93522000.0,False,True,True,True,True,False
4662.T,4662,フォーカスシステムズ,プライム（内国株式）,情報・通信業,TOPIX Small 2,2026-09-01,2606.0,1710.0,102456640.0,60305.0,64467000.0,False,True,True,True,True,False
8704.T,8704,トレイダーズホールディングス,スタンダード（内国株式）,証券、商品先物取引業,-,2026-09-01,2606.0,1380.0,102211905.0,75600.0,98256000.0,False,True,True,True,True,False
6505.T,6505,東洋電機製造,スタンダード（内国株式）,電気機器,-,2026-09-01,2606.0,2454.0,102198110.0,42305.0,65521800.0,False,True,True,True,True,False
3662.T,3662,エイチームホールディングス,プライム（内国株式）,情報・通信業,TOPIX Small 2,2026-09-01,2606.0,989.0,101751645.0,107965.0,49746700.0,False,True,True,True,True,False
153A.T,153A,カウリス,グロース（内国株式）,情報・通信業,-,2026-09-01,594.0,1455.0,101470015.0,73210.0,43359000.0,False,True,True,True,True,False
4651.T,4651,サニックスホールディングス,スタンダード（内国株式）,サービス業,TOPIX Small 2,2026-08-31,2605.0,275.0,99736225.0,368560.0,36602500.0,False,True,True,True,True,False
7522.T,7522,ワタミ,プライム（内国株式）,小売業,TOPIX Small 2,2026-08-31,2605.0,972.0,99187315.0,102550.0,70761600.0,False,True,True,True,True,False
7271.T,7271,安永,スタンダード（内国株式）,輸送用機器,-,2026-08-31,2605.0,823.0,99141440.0,121815.0,44112800.0,False,True,True,True,True,False
4596.T,4596,窪田製薬ホールディングス,グロース（内国株式）,医薬品,-,2026-08-31,2399.0,68.0,99028490.0,1488325.0,74840800.0,False,False,True,True,True,False
3452.T,3452,ビーロット,スタンダード（内国株式）,不動産業,-,2026-08-31,2605.0,1503.0,98903345.0,66100.0,88226100.0,False,True,True,True,True,False
7888.T,7888,三光合成,プライム（内国株式）,化学,TOPIX Small 2,2026-09-01,2606.0,910.0,98845115.0,107070.0,84357000.0,False,True,True,True,True,False
9658.T,9658,ビジネスブレイン太田昭和,プライム（内国株式）,情報・通信業,TOPIX Small 2,2026-08-31,2605.0,1116.0,98749580.0,92775.0,180568800.0,False,True,True,True,True,False
9739.T,9739,ＮＳＷ,プライム（内国株式）,情報・通信業,TOPIX Small 2,2026-08-31,2605.0,2819.0,98611705.0,36745.0,61172300.0,False,True,True,True,True,False
4619.T,4619,日本特殊塗料,スタンダード（内国株式）,化学,-,2026-08-31,2605.0,2717.0,98037940.0,37030.0,58687200.0,False,True,True,True,True,False
3916.T,3916,デジタル・インフォメーション・テクノロジー,プライム（内国株式）,情報・通信業,TOPIX Small 2,2026-09-01,2606.0,975.0,98027570.0,102105.0,57330000.0,False,True,True,True,True,False
9663.T,9663,ナガワ,プライム（内国株式）,サービス業,TOPIX Small 2,2026-08-31,2605.0,5210.0,97469100.0,19025.0,147964000.0,False,True,True,True,True,False
7844.T,7844,マーベラス,プライム（内国株式）,情報・通信業,TOPIX Small 2,2026-08-31,2605.0,524.0,96222025.0,194925.0,84835600.0,False,True,True,True,True,False
2329.T,2329,東北新社,スタンダード（内国株式）,情報・通信業,-,2026-08-31,2605.0,516.0,96169210.0,194960.0,99639600.0,False,True,True,True,True,False
2533.T,2533,オエノンホールディングス,プライム（内国株式）,食料品,TOPIX Small 2,2026-08-31,2605.0,470.0,95514990.0,206180.0,71346000.0,False,True,True,True,True,False
2418.T,2418,ツカダ・グローバルホールディング,スタンダード（内国株式）,サービス業,-,2026-08-31,2605.0,620.0,95424800.0,157950.0,78430000.0,False,True,True,True,True,False
8783.T,8783,ａｂｃ,スタンダード（内国株式）,その他金融業,-,2026-08-31,2605.0,59.0,95396775.0,1444900.0,49914000.0,False,False,True,True,True,False
1434.T,1434,ＪＥＳＣＯホールディングス,スタンダード（内国株式）,建設業,-,2026-09-01,2606.0,1657.0,95354510.0,56650.0,71251000.0,False,True,True,True,True,False
4337.T,4337,ぴあ,プライム（内国株式）,サービス業,TOPIX Small 2,2026-08-31,2605.0,2783.0,95031680.0,34455.0,49537400.0,False,True,True,True,True,False
9729.T,9729,トーカイ,プライム（内国株式）,サービス業,TOPIX Small 2,2026-08-31,2605.0,2549.0,94767200.0,37840.0,103999200.0,False,True,True,True,True,False
4641.T,4641,アルプス技研,プライム（内国株式）,サービス業,TOPIX Small 2,2026-08-31,2605.0,888.0,94682700.0,113505.0,100432800.0,False,True,True,True,True,False
9628.T,9628,燦ホールディングス,プライム（内国株式）,サービス業,TOPIX Small 2,2026-08-31,2605.0,1356.0,94661885.0,68590.0,195670800.0,False,True,True,True,True,False
2656.T,2656,ベクターホールディングス,スタンダード（内国株式）,小売業,-,2026-08-31,2605.0,176.0,94536245.0,493915.0,24428800.0,False,False,True,True,True,False
4318.T,4318,クイック,プライム（内国株式）,サービス業,TOPIX Small 2,2026-08-31,2605.0,863.0,93969915.0,114185.0,47723900.0,False,True,True,True,True,False
194A.T,194A,ＷＯＬＶＥＳ　ＨＡＮＤ,グロース（内国株式）,サービス業,-,2026-08-31,536.0,2035.0,93824065.0,48275.0,97069500.0,False,True,True,True,True,False
6247.T,6247,日阪製作所,プライム（内国株式）,機械,TOPIX Small 2,2026-08-31,2605.0,1828.0,93747025.0,53955.0,50452800.0,False,True,True,True,True,False
7388.T,7388,ＦＰパートナー,プライム（内国株式）,保険業,TOPIX Small 2,2026-08-31,963.0,2355.0,93648825.0,41910.0,122931000.0,False,True,True,True,True,False
5449.T,5449,大阪製鐵,スタンダード（内国株式）,鉄鋼,TOPIX Small 2,2026-08-31,2605.0,2778.0,93648435.0,35005.0,44725800.0,False,True,True,True,True,False
6039.T,6039,日本動物高度医療センター,グロース（内国株式）,サービス業,-,2026-08-31,2605.0,1048.0,93583480.0,86890.0,38776000.0,False,True,True,True,True,False
3937.T,3937,Ｕｂｉｃｏｍホールディングス,スタンダード（内国株式）,情報・通信業,TOPIX Small 2,2026-08-31,2511.0,1239.0,93570510.0,78045.0,81154500.0,False,True,True,True,True,False
3422.T,3422,Ｊ－ＭＡＸ,スタンダード（内国株式）,金属製品,-,2026-08-31,1338.0,623.0,93550190.0,142185.0,17755500.0,False,True,True,True,True,False
6157.T,6157,日進工具,スタンダード（内国株式）,機械,TOPIX Small 2,2026-08-31,2605.0,846.0,93505450.0,110785.0,74955600.0,False,True,True,True,True,False
5254.T,5254,Ａｒｅｎｔ,グロース（内国株式）,情報・通信業,-,2026-08-31,839.0,4160.0,93487350.0,21890.0,23296000.0,False,True,True,True,True,False
4840.T,4840,トライアイズ,スタンダード（内国株式）,サービス業,-,2026-08-31,2605.0,828.0,93377975.0,120360.0,1610542800.0,False,True,True,True,True,False
4978.T,4978,リプロセル,グロース（内国株式）,化学,-,2026-08-31,2605.0,150.0,93310515.0,651015.0,56430000.0,False,False,True,True,True,False
341A.T,341A,トヨコー,グロース（内国株式）,建設業,-,2026-08-31,349.0,2188.0,93121110.0,45900.0,378742800.0,False,True,True,True,True,False
9221.T,9221,フルハシＥＰＯ,スタンダード（内国株式）,サービス業,-,2026-08-31,1066.0,1177.0,93033830.0,82115.0,44255200.0,False,True,True,True,True,False
8844.T,8844,コスモスイニシア,スタンダード（内国株式）,不動産業,-,2026-08-31,2605.0,1267.0,92930685.0,74035.0,31675000.0,False,True,True,True,True,False
6197.T,6197,ソラスト,プライム（内国株式）,サービス業,-,2026-08-05,2489.0,1118.0,92855095.0,83520.0,315276000.0,False,True,True,True,False,False
9612.T,9612,ラックランド,プライム（内国株式）,サービス業,TOPIX Small 2,2026-08-31,2605.0,1236.0,92759510.0,73325.0,61552800.0,False,True,True,True,True,False
7856.T,7856,萩原工業,プライム（内国株式）,その他製品,TOPIX Small 2,2026-08-31,2605.0,1886.0,92741005.0,49910.0,115611800.0,False,True,True,True,True,False
6336.T,6336,石井表記,スタンダード（内国株式）,機械,-,2026-08-31,2605.0,1840.0,92593830.0,55380.0,123280000.0,False,True,True,True,True,False
3561.T,3561,力の源ホールディングス,プライム（内国株式）,小売業,TOPIX Small 2,2026-08-31,2328.0,1618.0,92168920.0,57200.0,65367200.0,False,True,True,True,True,False
3083.T,3083,スターシーズ,スタンダード（内国株式）,小売業,-,2026-08-31,2605.0,1135.0,91664590.0,88630.0,166731500.0,False,True,True,True,True,False
3444.T,3444,菊池製作所,スタンダード（内国株式）,金属製品,-,2026-08-31,2605.0,1034.0,91630880.0,90125.0,56249600.0,False,True,True,True,True,False
5852.T,5852,アーレスティ,プライム（内国株式）,非鉄金属,-,2026-08-31,2605.0,706.0,91570120.0,135225.0,132022000.0,False,True,True,True,True,False
2216.T,2216,カンロ,スタンダード（内国株式）,食料品,-,2026-08-31,2605.0,1083.0,91336350.0,84320.0,60756300.0,False,True,True,True,True,False
205A.T,205A,ロゴスホールディングス,グロース（内国株式）,建設業,-,2026-08-31,530.0,1666.0,91149705.0,53620.0,78968400.0,False,True,True,True,True,False
2130.T,2130,メンバーズ,プライム（内国株式）,サービス業,TOPIX Small 2,2026-08-31,2551.0,939.0,90941465.0,99600.0,85073400.0,False,True,True,True,True,False
8158.T,8158,ソーダニッカ,プライム（内国株式）,卸売業,TOPIX Small 2,2026-09-01,2606.0,1367.0,90314965.0,68570.0,106899400.0,False,True,True,True,True,False
6850.T,6850,チノー,プライム（内国株式）,電気機器,TOPIX Small 2,2026-08-31,2605.0,1693.0,90231930.0,53635.0,42663600.0,False,True,True,True,True,False
1888.T,1888,若築建設,プライム（内国株式）,建設業,TOPIX Small 2,2026-08-31,2605.0,3820.0,90005375.0,23800.0,54244000.0,False,True,True,True,True,False
6932.T,6932,遠藤照明,スタンダード（内国株式）,電気機器,-,2026-09-01,2606.0,2561.0,89989765.0,34225.0,70939700.0,False,True,True,True,True,False
3719.T,3719,ＡＩストーム,スタンダード（内国株式）,情報・通信業,-,2026-08-31,2605.0,117.0,89850665.0,715675.0,36819900.0,False,False,True,True,True,False
7723.T,7723,愛知時計電機,プライム（内国株式）,精密機器,TOPIX Small 2,2026-08-31,2605.0,2959.0,89823425.0,31745.0,101789600.0,False,True,True,True,True,False
264A.T,264A,Ｓｃｈｏｏ,グロース（内国株式）,サービス業,-,2026-08-31,453.0,311.0,89637440.0,271050.0,6468800.0,False,True,True,True,True,False
332A.T,332A,ミーク,グロース（内国株式）,情報・通信業,-,2026-08-31,354.0,1106.0,89373220.0,84500.0,69014400.0,False,True,True,True,True,False
4125.T,4125,三和油化工業,スタンダード（内国株式）,化学,-,2026-08-31,1145.0,3730.0,89263875.0,23600.0,32078000.0,False,True,True,True,True,False
7508.T,7508,Ｇ‐７ホールディングス,プライム（内国株式）,小売業,TOPIX Small 2,2026-08-31,2605.0,1449.0,89259585.0,63055.0,48106800.0,False,True,True,True,True,False
9381.T,9381,エーアイテイー,プライム（内国株式）,倉庫・運輸関連業,TOPIX Small 2,2026-08-31,2605.0,2361.0,89209505.0,38120.0,97981500.0,False,True,True,True,True,False
8217.T,8217,オークワ,プライム（内国株式）,小売業,TOPIX Small 2,2026-08-31,2605.0,802.0,89154480.0,110725.0,32882000.0,False,True,True,True,True,False
7971.T,7971,東リ,スタンダード（内国株式）,化学,-,2026-08-31,2605.0,713.0,89124190.0,129720.0,79143000.0,False,True,True,True,True,False
5290.T,5290,ベルテクスコーポレーション,スタンダード（内国株式）,ガラス・土石製品,-,2026-08-31,1933.0,1188.0,89067455.0,74580.0,56192400.0,False,True,True,True,True,False
9928.T,9928,ミロク情報サービス,プライム（内国株式）,情報・通信業,TOPIX Small 2,2026-08-31,2605.0,2083.0,88642235.0,46225.0,64573000.0,False,True,True,True,True,False
9556.T,9556,ＩＮＴＬＯＯＰ,グロース（内国株式）,サービス業,-,2026-08-31,1014.0,2331.0,88577440.0,40840.0,62004600.0,False,True,True,True,True,False
6835.T,6835,アライドテレシスホールディングス,スタンダード（内国株式）,電気機器,-,2026-08-31,2605.0,264.0,87959145.0,347780.0,52720800.0,False,True,True,True,True,False
4563.T,4563,アンジェス,グロース（内国株式）,医薬品,-,2026-08-31,2605.0,39.0,87870750.0,2080175.0,26282100.0,False,False,True,True,True,False
9782.T,9782,ディーエムエス,スタンダード（内国株式）,サービス業,-,2026-08-31,2605.0,3555.0,87802900.0,25525.0,95629500.0,False,True,True,True,True,False
3791.T,3791,ＩＧポート,スタンダード（内国株式）,情報・通信業,-,2026-08-31,2605.0,1078.0,87640590.0,79040.0,67159400.0,False,True,True,True,True,False
6413.T,6413,理想科学工業,プライム（内国株式）,機械,TOPIX Small 2,2026-08-31,2605.0,1147.0,87613055.0,78240.0,89236600.0,False,True,True,True,True,False
4579.T,4579,ラクオリア創薬,グロース（内国株式）,医薬品,-,2026-08-31,2605.0,566.0,87569475.0,160115.0,98427400.0,False,True,True,True,True,False
6138.T,6138,ダイジェット工業,スタンダード（内国株式）,機械,-,2026-08-31,2605.0,2089.0,87546085.0,46500.0,45331300.0,False,True,True,True,True,False
147A.T,147A,ソラコム,グロース（内国株式）,情報・通信業,-,2026-08-31,595.0,1005.0,87410860.0,82440.0,101404500.0,False,True,True,True,True,False
3753.T,3753,フライトソリューションズ,スタンダード（内国株式）,情報・通信業,-,2026-08-31,2605.0,243.0,87350820.0,376165.0,39949200.0,False,True,True,True,True,False
5590.T,5590,ネットスターズ,グロース（内国株式）,情報・通信業,-,2026-08-31,715.0,707.0,87000390.0,126470.0,74022900.0,False,True,True,True,True,False
4767.T,4767,テー・オー・ダブリュー,スタンダード（内国株式）,サービス業,TOPIX Small 2,2026-08-31,2605.0,396.0,86815545.0,231095.0,40471200.0,False,True,True,True,True,False
5959.T,5959,岡部,プライム（内国株式）,金属製品,TOPIX Small 2,2026-08-31,2605.0,963.0,86706210.0,92960.0,82432800.0,False,True,True,True,True,False
8007.T,8007,高島,プライム（内国株式）,卸売業,-,2026-08-31,2605.0,825.0,86574445.0,107825.0,104775000.0,False,True,True,True,True,False
6675.T,6675,サクサ,スタンダード（内国株式）,電気機器,-,2026-08-31,2605.0,2208.0,86465755.0,40890.0,88320000.0,False,True,True,True,True,False
1435.T,1435,ｒｏｂｏｔ　ｈｏｍｅ,スタンダード（内国株式）,不動産業,TOPIX Small 2,2026-08-31,2605.0,177.0,86430295.0,489980.0,189956400.0,False,False,True,True,True,False
338A.T,338A,ＺｅｎｍｕＴｅｃｈ,グロース（内国株式）,情報・通信業,-,2026-08-31,349.0,2300.0,86300240.0,41265.0,213440000.0,False,True,True,True,True,False
9742.T,9742,アイネス,プライム（内国株式）,情報・通信業,TOPIX Small 2,2026-08-31,2605.0,2373.0,86223350.0,37060.0,23255400.0,False,True,True,True,True,False
6625.T,6625,ＪＡＬＣＯホールディングス,スタンダード（内国株式）,不動産業,-,2026-08-31,2605.0,396.0,85963345.0,230720.0,109058400.0,False,True,True,True,True,False
4263.T,4263,サスメド,グロース（内国株式）,情報・通信業,-,2026-08-31,1144.0,446.0,85849000.0,164825.0,154316000.0,False,True,True,True,True,False
5721.T,5721,エスクリプトエナジー,スタンダード（内国株式）,非鉄金属,-,2026-08-31,2605.0,61.0,85674225.0,1497815.0,96056700.0,False,False,True,True,True,False
4229.T,4229,群栄化学工業,プライム（内国株式）,化学,TOPIX Small 2,2026-08-31,2605.0,4415.0,85612175.0,19130.0,67108000.0,False,True,True,True,True,False
9553.T,9553,マイクロアド,グロース（内国株式）,サービス業,-,2026-08-31,1021.0,604.0,85595675.0,141075.0,59554400.0,False,True,True,True,True,False
5357.T,5357,ヨータイ,プライム（内国株式）,ガラス・土石製品,TOPIX Small 2,2026-08-31,2605.0,1795.0,85461890.0,48415.0,55106500.0,False,True,True,True,True,False
6223.T,6223,西部技研,スタンダード（内国株式）,機械,-,2026-08-31,710.0,1936.0,85333530.0,42920.0,57499200.0,False,True,True,True,True,False
2491.T,2491,バリューコマース,プライム（内国株式）,サービス業,TOPIX Small 2,2026-08-31,2605.0,497.0,85183335.0,179880.0,47562900.0,False,True,True,True,True,False
6882.T,6882,三社電機製作所,スタンダード（内国株式）,電気機器,-,2026-08-31,2605.0,1182.0,84675095.0,71165.0,43261200.0,False,True,True,True,True,False
1929.T,1929,日特建設,プライム（内国株式）,建設業,TOPIX Small 2,2026-08-31,2605.0,1206.0,84087515.0,72330.0,153041400.0,False,True,True,True,True,False
7679.T,7679,薬王堂ホールディングス,プライム（内国株式）,小売業,TOPIX Small 2,2026-08-31,1707.0,1661.0,83797365.0,48820.0,75409400.0,False,True,True,True,True,False
7438.T,7438,コンドーテック,プライム（内国株式）,卸売業,TOPIX Small 2,2026-08-31,2605.0,1703.0,83786245.0,51785.0,64543700.0,False,True,True,True,True,False
4100.T,4100,戸田工業,スタンダード（内国株式）,化学,TOPIX Small 2,2026-08-31,2605.0,1650.0,83617760.0,54175.0,117150000.0,False,True,True,True,True,False
4249.T,4249,森六,プライム（内国株式）,化学,TOPIX Small 2,2026-08-31,2136.0,2958.0,83595870.0,29380.0,100867800.0,False,True,True,True,True,False
2908.T,2908,フジッコ,プライム（内国株式）,食料品,TOPIX Small 2,2026-08-31,2605.0,1635.0,83516530.0,52605.0,40711500.0,False,True,True,True,True,False
8881.T,8881,日神グループホールディングス,プライム（内国株式）,不動産業,TOPIX Small 2,2026-08-31,2605.0,678.0,83379105.0,125160.0,62986200.0,False,True,True,True,True,False
4238.T,4238,ミライアル,スタンダード（内国株式）,化学,-,2026-08-31,2605.0,1918.0,83378685.0,47850.0,111244000.0,False,True,True,True,True,False
3633.T,3633,ＧＭＯペパボ,スタンダード（内国株式）,情報・通信業,TOPIX Small 2,2026-08-31,2605.0,2722.0,83343250.0,35550.0,115957200.0,False,True,True,True,True,False
4685.T,4685,菱友システムズ,スタンダード（内国株式）,情報・通信業,-,2026-09-01,2606.0,2740.0,82892425.0,31105.0,76720000.0,False,True,True,True,True,False
4888.T,4888,ステラファーマ,グロース（内国株式）,医薬品,-,2026-08-31,1309.0,358.0,82823905.0,245145.0,60537800.0,False,True,True,True,True,False
6184.T,6184,鎌倉新書,プライム（内国株式）,サービス業,TOPIX Small 2,2026-08-31,2605.0,601.0,82561610.0,142965.0,97482200.0,False,True,True,True,True,False
7769.T,7769,リズム,プライム（内国株式）,精密機器,-,2026-08-31,2605.0,4015.0,82528750.0,20810.0,40953000.0,False,True,True,True,True,False
6560.T,6560,エル・ティー・エス,プライム（内国株式）,サービス業,TOPIX Small 2,2026-08-31,2139.0,1777.0,82498285.0,48650.0,131853400.0,False,True,True,True,True,False
2586.T,2586,フルッタフルッタ,グロース（内国株式）,食料品,-,2026-08-31,2605.0,78.0,82479660.0,978345.0,32385600.0,False,False,True,True,True,False
6083.T,6083,ＥＲＩホールディングス,スタンダード（内国株式）,サービス業,-,2026-08-31,2605.0,1693.0,82336330.0,49445.0,50790000.0,False,True,True,True,True,False
7222.T,7222,日産車体,スタンダード（内国株式）,輸送用機器,TOPIX Small 2,2026-08-31,2605.0,950.0,82313625.0,86820.0,42370000.0,False,True,True,True,True,False
7713.T,7713,シグマ光機,スタンダード（内国株式）,精密機器,-,2026-08-31,2605.0,2480.0,82264680.0,36885.0,162440000.0,False,True,True,True,True,False
7414.T,7414,小野建,プライム（内国株式）,卸売業,TOPIX Small 2,2026-08-31,2605.0,1455.0,81873630.0,57055.0,45687000.0,False,True,True,True,True,False
2653.T,2653,イオン九州,スタンダード（内国株式）,小売業,-,2026-08-31,2605.0,2797.0,81822610.0,28985.0,85308500.0,False,True,True,True,True,False
4577.T,4577,ダイト,プライム（内国株式）,医薬品,TOPIX Small 2,2026-08-31,2605.0,1338.0,81483830.0,62305.0,83223600.0,False,True,True,True,True,False
3649.T,3649,ファインデックス,プライム（内国株式）,情報・通信業,TOPIX Small 2,2026-08-31,2605.0,850.0,81287710.0,95055.0,42925000.0,False,True,True,True,True,False
7610.T,7610,テイツー,スタンダード（内国株式）,小売業,-,2026-08-31,2605.0,145.0,80812800.0,571415.0,85579000.0,False,False,True,True,True,False
414A.T,414A,オーバーラップホールディングス,グロース（内国株式）,情報・通信業,-,2026-08-31,221.0,855.0,80680810.0,91655.0,112347000.0,False,True,False,True,True,False
4055.T,4055,ティアンドエスグループ,グロース（内国株式）,情報・通信業,-,2026-08-31,1481.0,1719.0,80499130.0,50320.0,112938300.0,False,True,True,True,True,False
7035.T,7035,ａｎｄ　ｆａｃｔｏｒｙ,スタンダード（内国株式）,サービス業,-,2026-08-31,1950.0,236.0,80197665.0,283725.0,19139600.0,False,True,True,True,True,False
4345.T,4345,シーティーエス,プライム（内国株式）,サービス業,TOPIX Small 2,2026-08-31,2605.0,838.0,80183300.0,96120.0,37542400.0,False,True,True,True,True,False
1429.T,1429,日本アクア,プライム（内国株式）,建設業,-,2026-08-31,2605.0,803.0,80025400.0,101740.0,64400600.0,False,True,True,True,True,False
9837.T,9837,モリト,プライム（内国株式）,卸売業,TOPIX Small 2,2026-08-31,2605.0,1838.0,79911345.0,43765.0,114691200.0,False,True,True,True,True,False
7089.T,7089,フォースタートアップス,グロース（内国株式）,サービス業,-,2026-08-31,1580.0,1558.0,79740540.0,49800.0,39105800.0,False,True,True,True,True,False
3843.T,3843,フリービット,プライム（内国株式）,情報・通信業,TOPIX Small 2,2026-08-31,2605.0,1816.0,79570570.0,47000.0,64286400.0,False,True,True,True,True,False
6718.T,6718,アイホン,プライム（内国株式）,電気機器,TOPIX Small 2,2026-08-31,2605.0,2875.0,79516575.0,28210.0,42550000.0,False,True,True,True,True,False
276A.T,276A,ククレブ・アドバイザーズ,グロース（内国株式）,不動産業,-,2026-08-31,427.0,3750.0,79400575.0,22510.0,73875000.0,False,True,True,True,True,False
6294.T,6294,オカダアイヨン,プライム（内国株式）,機械,-,2026-08-31,2605.0,1975.0,79248480.0,40465.0,57867500.0,False,True,True,True,True,False
7952.T,7952,河合楽器製作所,プライム（内国株式）,その他製品,TOPIX Small 2,2026-08-31,2605.0,3470.0,79042300.0,22375.0,29148000.0,False,True,True,True,True,False
9554.T,9554,ＡＶｉＣ,グロース（内国株式）,サービス業,-,2026-08-31,1020.0,1878.0,78561080.0,45420.0,139911000.0,False,True,True,True,True,False
3205.T,3205,ダイドーリミテッド,スタンダード（内国株式）,繊維製品,-,2026-08-31,2605.0,755.0,78536940.0,106370.0,97848000.0,False,True,True,True,True,False
4410.T,4410,ハリマ化成グループ,プライム（内国株式）,化学,TOPIX Small 2,2026-08-31,2605.0,1134.0,78179485.0,69020.0,83802600.0,False,True,True,True,True,False
4310.T,4310,ドリームインキュベータ,プライム（内国株式）,サービス業,TOPIX Small 2,2026-08-31,2605.0,2585.0,78159975.0,31850.0,24040500.0,False,True,True,True,True,False
5659.T,5659,日本精線,プライム（内国株式）,鉄鋼,TOPIX Small 2,2026-08-31,2605.0,1441.0,78122490.0,56080.0,62971700.0,False,True,True,True,True,False
7187.T,7187,ジェイリース,プライム（内国株式）,その他金融業,TOPIX Small 2,2026-08-31,2511.0,1396.0,78041035.0,56975.0,72312800.0,False,True,True,True,True,False
2915.T,2915,ケンコーマヨネーズ,プライム（内国株式）,食料品,TOPIX Small 2,2026-08-31,2605.0,2036.0,77996795.0,38795.0,80218400.0,False,True,True,True,True,False
3388.T,3388,明治電機工業,プライム（内国株式）,卸売業,TOPIX Small 2,2026-08-31,2605.0,2157.0,77505980.0,37135.0,59101800.0,False,True,True,True,True,False
6470.T,6470,大豊工業,スタンダード（内国株式）,機械,TOPIX Small 2,2026-08-31,2605.0,1140.0,77493810.0,67985.0,36138000.0,False,True,True,True,True,False
9702.T,9702,アイ・エス・ビー,プライム（内国株式）,情報・通信業,TOPIX Small 2,2026-08-31,2605.0,2480.0,77489225.0,31680.0,22072000.0,False,True,True,True,True,False
4839.T,4839,ＷＯＷＯＷ,プライム（内国株式）,情報・通信業,TOPIX Small 2,2026-08-31,2605.0,1012.0,77471135.0,77385.0,51004800.0,False,True,True,True,True,False
5572.T,5572,Ｒｉｄｇｅ－ｉ,グロース（内国株式）,情報・通信業,-,2026-08-31,817.0,3025.0,77433445.0,27700.0,148527500.0,False,True,True,True,True,False
1960.T,1960,サンテック,スタンダード（内国株式）,建設業,-,2026-08-31,2605.0,1643.0,77400480.0,47025.0,39924900.0,False,True,True,True,True,False
3776.T,3776,ブロードバンドタワー,スタンダード（内国株式）,情報・通信業,-,2026-08-31,2605.0,251.0,77266070.0,312825.0,27861000.0,False,True,True,True,True,False
6046.T,6046,リンクバル,スタンダード（内国株式）,サービス業,-,2026-08-31,2605.0,160.0,77106810.0,460815.0,66224000.0,False,False,True,True,True,False
4346.T,4346,ＮＥＸＹＺ．Ｇｒｏｕｐ,スタンダード（内国株式）,その他金融業,-,2026-08-31,2605.0,1023.0,76775370.0,86690.0,72326100.0,False,True,True,True,True,False
5304.T,5304,ＳＥＣカーボン,スタンダード（内国株式）,ガラス・土石製品,-,2026-08-31,2605.0,2663.0,76436150.0,29420.0,65776100.0,False,True,True,True,True,False
8093.T,8093,極東貿易,プライム（内国株式）,卸売業,TOPIX Small 2,2026-08-31,2605.0,1830.0,76265605.0,41615.0,66429000.0,False,True,True,True,True,False
4097.T,4097,高圧ガス工業,プライム（内国株式）,化学,TOPIX Small 2,2026-08-31,2605.0,1248.0,76218340.0,65405.0,78249600.0,False,True,True,True,True,False
9991.T,9991,ジェコス,プライム（内国株式）,卸売業,TOPIX Small 2,2026-08-31,2605.0,1768.0,76129835.0,43405.0,56752800.0,False,True,True,True,True,False
2211.T,2211,不二家,プライム（内国株式）,食料品,TOPIX Small 2,2026-08-31,2605.0,2517.0,76040710.0,31040.0,46564500.0,False,True,True,True,True,False
280A.T,280A,ＴＭＨ,グロース（内国株式）,卸売業,-,2026-08-31,423.0,1085.0,76000645.0,67930.0,66076500.0,False,True,True,True,True,False
4422.T,4422,ＶＡＬＵＥＮＥＸ,グロース（内国株式）,情報・通信業,-,2026-08-31,1912.0,635.0,75828805.0,127445.0,249555000.0,False,True,True,True,True,False
3694.T,3694,オプティム,プライム（内国株式）,情報・通信業,TOPIX Small 2,2026-08-31,2605.0,458.0,75346460.0,172110.0,60868200.0,False,True,True,True,True,False
2792.T,2792,ハニーズホールディングス,プライム（内国株式）,小売業,TOPIX Small 2,2026-08-31,2605.0,1462.0,75249530.0,52505.0,38596800.0,False,True,True,True,True,False
3393.T,3393,スターティアホールディングス,プライム（内国株式）,卸売業,-,2026-08-31,2605.0,3055.0,74938185.0,24785.0,100815000.0,False,True,True,True,True,False
6832.T,6832,アオイ電子,スタンダード（内国株式）,電気機器,-,2026-08-31,2605.0,2298.0,74922295.0,32670.0,65493000.0,False,True,True,True,True,False
9332.T,9332,ＮＩＳＳＯホールディングス,プライム（内国株式）,サービス業,TOPIX Small 2,2026-08-31,2074.0,690.0,74735730.0,114915.0,47748000.0,False,True,True,True,True,False
2410.T,2410,キャリアデザインセンター,プライム（内国株式）,サービス業,-,2026-08-31,2605.0,2956.0,74717590.0,25920.0,67988000.0,False,True,True,True,True,False
3997.T,3997,トレードワークス,スタンダード（内国株式）,情報・通信業,-,2026-08-31,2150.0,392.0,74643700.0,193635.0,59780000.0,False,True,True,True,True,False
8291.T,8291,日産東京販売ホールディングス,スタンダード（内国株式）,小売業,-,2026-08-31,2605.0,554.0,74404280.0,135475.0,25262400.0,False,True,True,True,True,False
6513.T,6513,オリジン,スタンダード（内国株式）,電気機器,-,2026-08-31,2605.0,1240.0,74353980.0,56635.0,17112000.0,False,True,True,True,True,False
8864.T,8864,空港施設,スタンダード（内国株式）,不動産業,TOPIX Small 2,2026-08-31,2605.0,969.0,74076335.0,78530.0,76938600.0,False,True,True,True,True,False
4979.T,4979,ＯＡＴアグリオ,スタンダード（内国株式）,化学,TOPIX Small 2,2026-08-31,2605.0,2809.0,74068725.0,28315.0,91011600.0,False,True,True,True,True,False
5957.T,5957,日東精工,プライム（内国株式）,金属製品,TOPIX Small 2,2026-08-31,2605.0,785.0,74033150.0,94865.0,57383500.0,False,True,True,True,True,False
6089.T,6089,ウィルグループ,プライム（内国株式）,サービス業,TOPIX Small 2,2026-08-31,2605.0,1204.0,73833740.0,64090.0,92346800.0,False,True,True,True,True,False
5955.T,5955,ワイズホールディングス,スタンダード（内国株式）,金属製品,-,2026-08-31,2605.0,84.0,73731145.0,877075.0,41613600.0,False,False,True,True,True,False
9823.T,9823,マミーマートホールディングス,スタンダード（内国株式）,小売業,-,2026-08-31,2605.0,1031.0,73684805.0,71540.0,45054700.0,False,True,True,True,True,False
6045.T,6045,レントラックス,グロース（内国株式）,サービス業,-,2026-08-31,2605.0,2430.0,73432810.0,33330.0,79704000.0,False,True,True,True,True,False
431A.T,431A,ユーソナー,グロース（内国株式）,情報・通信業,-,2026-08-31,212.0,2621.0,73302520.0,32345.0,236676300.0,False,True,False,True,True,False
2910.T,2910,ロック・フィールド,プライム（内国株式）,食料品,TOPIX Small 2,2026-08-31,2605.0,1424.0,73249105.0,52410.0,54681600.0,False,True,True,True,True,False
7320.T,7320,Ｓｏｌｖｖｙ,グロース（内国株式）,その他金融業,-,2026-08-31,2063.0,1455.0,73228205.0,50415.0,65184000.0,False,True,True,True,True,False
7063.T,7063,Ｂｉｒｄｍａｎ,グロース（内国株式）,サービス業,-,2026-08-31,1809.0,89.0,73086575.0,769595.0,58330600.0,False,False,True,True,True,False
4073.T,4073,ジィ・シィ企画,グロース（内国株式）,情報・通信業,-,2026-08-31,1205.0,508.0,73042400.0,125615.0,7670800.0,False,True,True,True,True,False
3652.T,3652,ディジタルメディアプロフェッショナル,グロース（内国株式）,情報・通信業,-,2026-08-31,2605.0,2646.0,73037340.0,29425.0,97637400.0,False,True,True,True,True,False
3556.T,3556,リネットジャパングループ,グロース（内国株式）,小売業,-,2026-08-31,2389.0,803.0,73020300.0,85685.0,80380300.0,False,True,True,True,True,False
8793.T,8793,ＮＥＣキャピタルソリューション,プライム（内国株式）,その他金融業,TOPIX Small 2,2026-08-31,2605.0,4245.0,72895825.0,17570.0,63250500.0,False,True,True,True,True,False
9629.T,9629,ピー・シー・エー,プライム（内国株式）,情報・通信業,TOPIX Small 2,2026-08-31,2605.0,1678.0,72655495.0,47155.0,30204000.0,False,True,True,True,True,False
2998.T,2998,クリアル,グロース（内国株式）,不動産業,-,2026-08-31,1061.0,571.0,71993710.0,140050.0,41340400.0,False,True,True,True,True,False
4586.T,4586,メドレックス,グロース（内国株式）,医薬品,-,2026-08-31,2605.0,66.0,71488595.0,1073610.0,72501000.0,False,False,True,True,True,False
2117.T,2117,ウェルネオシュガー,プライム（内国株式）,食料品,TOPIX Small 2,2026-08-31,2605.0,2836.0,71350475.0,25455.0,78273600.0,False,True,True,True,True,False
2393.T,2393,日本ケアサプライ,スタンダード（内国株式）,サービス業,-,2026-08-31,2605.0,4320.0,71093100.0,16515.0,24192000.0,False,True,True,True,True,False
7095.T,7095,Ｍａｃｂｅｅ　Ｐｌａｎｅｔ,プライム（内国株式）,サービス業,TOPIX Small 2,2026-08-31,1569.0,1285.0,71024210.0,57105.0,46260000.0,False,True,True,True,True,False
9337.T,9337,トリドリ,グロース（内国株式）,サービス業,-,2026-08-31,905.0,1481.0,71000975.0,49425.0,49909700.0,False,True,True,True,True,False
4884.T,4884,クリングルファーマ,グロース（内国株式）,医薬品,-,2026-08-31,1387.0,444.0,70185060.0,169005.0,52525200.0,False,True,True,True,True,False
6775.T,6775,ＴＢグループ,スタンダード（内国株式）,電気機器,-,2026-08-31,2605.0,128.0,70146330.0,552005.0,34828800.0,False,False,True,True,True,False
7527.T,7527,システムソフト,スタンダード（内国株式）,情報・通信業,TOPIX Small 2,2026-08-31,2605.0,53.0,70043990.0,1329980.0,35700800.0,False,False,True,True,True,False
3355.T,3355,クリヤマホールディングス,スタンダード（内国株式）,卸売業,-,2026-08-31,2605.0,1834.0,69993930.0,39260.0,20174000.0,False,True,True,True,True,False
2266.T,2266,六甲バター,プライム（内国株式）,食料品,TOPIX Small 2,2026-08-31,2605.0,1077.0,69747335.0,65415.0,56004000.0,False,True,True,True,True,False
3611.T,3611,マツオカコーポレーション,スタンダード（内国株式）,繊維製品,-,2026-08-31,2141.0,2506.0,69703540.0,28120.0,45859800.0,False,True,True,True,True,False
2938.T,2938,オカムラ食品工業,スタンダード（内国株式）,食料品,-,2026-08-31,714.0,1285.0,69643045.0,54480.0,62322500.0,False,True,True,True,True,False
3565.T,3565,アセンテック,スタンダード（内国株式）,卸売業,TOPIX Small 2,2026-08-31,2303.0,484.0,69563380.0,157160.0,67905200.0,False,True,True,True,True,False
5816.T,5816,オーナンバ,スタンダード（内国株式）,非鉄金属,-,2026-08-31,2605.0,1483.0,69526060.0,46635.0,20020500.0,False,True,True,True,True,False
4168.T,4168,ヤプリ,グロース（内国株式）,情報・通信業,-,2026-08-31,1391.0,804.0,69424865.0,89225.0,86751600.0,False,True,True,True,True,False
6666.T,6666,リバーエレテック,スタンダード（内国株式）,電気機器,-,2026-08-31,2605.0,826.0,69406880.0,84610.0,30314200.0,False,True,True,True,True,False
9726.T,9726,ＫＮＴ－ＣＴホールディングス,スタンダード（内国株式）,サービス業,TOPIX Small 2,2026-08-31,2605.0,1983.0,69367165.0,36180.0,31926300.0,False,True,True,True,True,False
3624.T,3624,アクセルマーク,グロース（内国株式）,情報・通信業,-,2026-08-31,2605.0,88.0,69335200.0,845365.0,46895200.0,False,False,True,True,True,False
4404.T,4404,ミヨシ油脂,スタンダード（内国株式）,食料品,-,2026-08-31,2605.0,2185.0,69232180.0,33040.0,55499000.0,False,True,True,True,True,False
9740.T,9740,セントラル警備保障,プライム（内国株式）,サービス業,TOPIX Small 2,2026-08-31,2605.0,2793.0,69225770.0,25175.0,86024400.0,False,True,True,True,True,False
2882.T,2882,イートアンドホールディングス,プライム（内国株式）,食料品,TOPIX Small 2,2026-08-31,2605.0,2066.0,69145250.0,33765.0,60740400.0,False,True,True,True,True,False
1967.T,1967,ヤマト,スタンダード（内国株式）,建設業,-,2026-08-31,2605.0,2084.0,69022865.0,33545.0,34386000.0,False,True,True,True,True,False
6445.T,6445,ジャノメ,プライム（内国株式）,機械,TOPIX Small 2,2026-08-31,2605.0,1419.0,68750210.0,48865.0,49665000.0,False,True,True,True,True,False
3159.T,3159,丸善ＣＨＩホールディングス,スタンダード（内国株式）,小売業,-,2026-08-31,2605.0,402.0,68572320.0,169365.0,20944200.0,False,True,True,True,True,False
4763.T,4763,クリーク・アンド・リバー社,プライム（内国株式）,サービス業,TOPIX Small 2,2026-08-31,2605.0,1542.0,68228350.0,46280.0,91749000.0,False,True,True,True,True,False
4820.T,4820,イーエムシステムズ,プライム（内国株式）,情報・通信業,TOPIX Small 2,2026-08-31,2605.0,607.0,68010710.0,117295.0,38908700.0,False,True,True,True,True,False
5131.T,5131,リンカーズ,グロース（内国株式）,情報・通信業,-,2026-08-31,941.0,126.0,67958220.0,507365.0,20827800.0,False,False,True,True,True,False
8383.T,8383,鳥取銀行,スタンダード（内国株式）,銀行業,-,2026-08-31,2605.0,1980.0,67872580.0,35530.0,48312000.0,False,True,True,True,True,False
9979.T,9979,大庄,スタンダード（内国株式）,小売業,TOPIX Small 2,2026-08-31,2605.0,1060.0,67793180.0,61760.0,95400000.0,False,True,True,True,True,False
2698.T,2698,キャンドゥ,スタンダード（内国株式）,小売業,TOPIX Small 2,2026-08-31,2605.0,3430.0,67521875.0,18780.0,46648000.0,False,True,True,True,True,False
6099.T,6099,エラン,プライム（内国株式）,サービス業,TOPIX Small 2,2026-08-31,2605.0,753.0,67434220.0,89230.0,44050500.0,False,True,True,True,True,False
9768.T,9768,いであ,スタンダード（内国株式）,サービス業,-,2026-08-31,2605.0,3885.0,67361100.0,18130.0,37684500.0,False,True,True,True,True,False
5998.T,5998,アドバネクス,スタンダード（内国株式）,金属製品,-,2026-08-31,2605.0,2662.0,67087485.0,26400.0,47117400.0,False,True,True,True,True,False
4572.T,4572,カルナバイオサイエンス,グロース（内国株式）,医薬品,-,2026-08-31,2605.0,421.0,67060935.0,176785.0,63823600.0,False,True,True,True,True,False
4591.T,4591,リボミック,グロース（内国株式）,医薬品,-,2026-08-31,2605.0,94.0,66982595.0,807875.0,130932600.0,False,False,True,True,True,False
3054.T,3054,ハイパー,スタンダード（内国株式）,卸売業,-,2026-08-31,2605.0,379.0,66861635.0,196290.0,18874200.0,False,True,True,True,True,False
3053.T,3053,ペッパーフードサービス,スタンダード（内国株式）,小売業,TOPIX Small 2,2026-08-31,2605.0,208.0,66852625.0,324515.0,46529600.0,False,True,True,True,True,False
7823.T,7823,アートネイチャー,スタンダード（内国株式）,その他製品,TOPIX Small 2,2026-08-31,2605.0,882.0,66781115.0,77605.0,71177400.0,False,True,True,True,True,False
7554.T,7554,幸楽苑,プライム（内国株式）,小売業,TOPIX Small 2,2026-08-31,2605.0,1217.0,66773600.0,57670.0,96629800.0,False,True,True,True,True,False
5902.T,5902,ホッカンホールディングス,プライム（内国株式）,金属製品,TOPIX Small 2,2026-08-31,2605.0,2766.0,66683765.0,25280.0,50341200.0,False,True,True,True,True,False
4362.T,4362,日本精化,プライム（内国株式）,化学,TOPIX Small 2,2026-08-31,2605.0,2762.0,66651360.0,25080.0,49439800.0,False,True,True,True,True,False
3900.T,3900,クラウドワークス,グロース（内国株式）,情報・通信業,-,2026-08-31,2605.0,691.0,66482950.0,96680.0,33997200.0,False,True,True,True,True,False
8920.T,8920,東祥,スタンダード（内国株式）,サービス業,TOPIX Small 2,2026-08-31,2605.0,740.0,66350800.0,93345.0,50024000.0,False,True,True,True,True,False
6390.T,6390,加藤製作所,プライム（内国株式）,機械,-,2026-08-31,2605.0,1366.0,66337240.0,49215.0,78408400.0,False,True,True,True,True,False
3063.T,3063,ジェイグループホールディングス,グロース（内国株式）,小売業,-,2026-08-31,2605.0,1117.0,66148480.0,56200.0,57748900.0,False,True,True,True,True,False
6788.T,6788,日本トリム,プライム（内国株式）,電気機器,TOPIX Small 2,2026-08-31,2605.0,4970.0,66091675.0,13585.0,27832000.0,False,True,True,True,True,False
3925.T,3925,ダブルスタンダード,プライム（内国株式）,情報・通信業,TOPIX Small 2,2026-08-31,2605.0,1390.0,65456125.0,49450.0,88821000.0,False,True,True,True,True,False
4709.T,4709,ＩＤホールディングス,プライム（内国株式）,情報・通信業,TOPIX Small 2,2026-08-31,2605.0,1098.0,65308285.0,61755.0,39857400.0,False,True,True,True,True,False
8542.T,8542,トマト銀行,スタンダード（内国株式）,銀行業,-,2026-08-31,2605.0,1956.0,65278625.0,35400.0,41662800.0,False,True,True,True,True,False
2929.T,2929,ファーマフーズ,プライム（内国株式）,食料品,TOPIX Small 2,2026-08-31,2605.0,614.0,65161770.0,109240.0,97994400.0,False,True,True,True,True,False
6208.T,6208,石川製作所,スタンダード（内国株式）,機械,-,2026-08-31,2605.0,1661.0,65018135.0,38955.0,46674100.0,False,True,True,True,True,False
4326.T,4326,インテージホールディングス,プライム（内国株式）,情報・通信業,TOPIX Small 2,2026-08-31,2605.0,2051.0,64745095.0,33730.0,37533300.0,False,True,True,True,True,False
378A.T,378A,ヒット,グロース（内国株式）,サービス業,-,2026-08-31,282.0,1011.0,64714060.0,61320.0,47112600.0,False,True,True,True,True,False
7874.T,7874,レック,プライム（内国株式）,化学,TOPIX Small 2,2026-08-31,2605.0,968.0,64698510.0,67460.0,60596800.0,False,True,True,True,True,False
6864.T,6864,エヌエフホールディングス,スタンダード（内国株式）,電気機器,-,2026-08-31,2605.0,1617.0,64643985.0,40805.0,92654100.0,False,True,True,True,True,False
3023.T,3023,ラサ商事,スタンダード（内国株式）,卸売業,TOPIX Small 2,2026-08-31,2605.0,2082.0,64638690.0,31400.0,37476000.0,False,True,True,True,True,False
2477.T,2477,手間いらず,スタンダード（内国株式）,情報・通信業,TOPIX Small 2,2026-08-31,2605.0,3210.0,64231615.0,22395.0,30174000.0,False,True,True,True,True,False
4026.T,4026,神島化学工業,スタンダード（内国株式）,ガラス・土石製品,-,2026-08-31,2605.0,1667.0,64074625.0,39065.0,38507700.0,False,True,True,True,True,False
3277.T,3277,サンセイランディック,スタンダード（内国株式）,不動産業,-,2026-08-31,2605.0,809.0,63994530.0,80445.0,10517000.0,False,True,True,True,True,False
556A.T,556A,犬猫生活,グロース（内国株式）,小売業,-,2026-08-31,87.0,2315.0,63726465.0,29345.0,71070500.0,False,True,False,True,True,False
7460.T,7460,ヤギ,スタンダード（内国株式）,卸売業,-,2026-08-31,2605.0,1710.0,63459785.0,38540.0,12483000.0,False,True,True,True,True,False
7520.T,7520,エコス,プライム（内国株式）,小売業,TOPIX Small 2,2026-08-31,2605.0,2599.0,63359210.0,24795.0,25990000.0,False,True,True,True,True,False
4498.T,4498,サイバートラスト,グロース（内国株式）,情報・通信業,-,2026-08-31,1313.0,1375.0,63073085.0,48760.0,85387500.0,False,True,True,True,True,False
5285.T,5285,ヤマックス,スタンダード（内国株式）,ガラス・土石製品,-,2026-08-31,2605.0,1392.0,62976410.0,44275.0,49694400.0,False,True,True,True,True,False
300A.T,300A,ＭＩＣ,スタンダード（内国株式）,サービス業,-,2026-08-31,408.0,3340.0,62871730.0,19695.0,14696000.0,False,True,True,True,True,False
261A.T,261A,日水コン,スタンダード（内国株式）,サービス業,-,2026-08-31,457.0,2004.0,62831345.0,31900.0,89178000.0,False,True,True,True,True,False
3548.T,3548,バロックジャパンリミテッド,プライム（内国株式）,小売業,TOPIX Small 2,2026-08-31,2423.0,716.0,62696315.0,86140.0,71242000.0,False,True,True,True,True,False
7709.T,7709,クボテック,スタンダード（内国株式）,精密機器,-,2026-08-31,2605.0,62.0,62396340.0,1210825.0,255768600.0,False,False,True,True,True,False
1799.T,1799,第一建設工業,スタンダード（内国株式）,建設業,-,2026-08-31,2605.0,3370.0,62221750.0,18750.0,41451000.0,False,True,True,True,True,False
4350.T,4350,メディカルシステムネットワーク,スタンダード（内国株式）,小売業,TOPIX Small 2,2026-08-31,2605.0,511.0,62000610.0,126570.0,43537200.0,False,True,True,True,True,False
3489.T,3489,フェイスネットワーク,スタンダード（内国株式）,不動産業,-,2026-08-31,2074.0,866.0,61955310.0,74665.0,23468600.0,False,True,True,True,True,False
5597.T,5597,ブルーイノベーション,グロース（内国株式）,情報・通信業,-,2026-08-31,663.0,1410.0,61930525.0,45970.0,99123000.0,False,True,True,True,True,False
5845.T,5845,全保連,スタンダード（内国株式）,その他金融業,-,2026-08-31,695.0,1221.0,61636620.0,50705.0,30402900.0,False,True,True,True,True,False
2148.T,2148,アイティメディア,プライム（内国株式）,サービス業,TOPIX Small 2,2026-08-31,2605.0,1233.0,61251855.0,49630.0,62759700.0,False,True,True,True,True,False
4994.T,4994,大成ラミックグループ,スタンダード（内国株式）,化学,TOPIX Small 2,2026-08-31,2605.0,2875.0,61236915.0,22290.0,43412500.0,False,True,True,True,True,False
3976.T,3976,シャノン,グロース（内国株式）,情報・通信業,-,2026-08-31,2364.0,664.0,61084915.0,92305.0,37980800.0,False,True,True,True,True,False
4255.T,4255,ＴＨＥＣＯＯ,グロース（内国株式）,情報・通信業,-,2026-08-31,1146.0,3585.0,61051455.0,16840.0,6453000.0,False,True,True,True,True,False
9908.T,9908,日本電計,スタンダード（内国株式）,卸売業,-,2026-08-31,2605.0,2934.0,61041635.0,22295.0,145526400.0,False,True,True,True,True,False
6572.T,6572,オープングループ,プライム（内国株式）,サービス業,TOPIX Small 2,2026-08-31,2066.0,297.0,60970930.0,231715.0,104841000.0,False,True,True,True,True,False
1436.T,1436,グリーンエナジー＆カンパニー,グロース（内国株式）,建設業,-,2026-08-31,2578.0,1643.0,60244395.0,39100.0,39596300.0,False,True,True,True,True,False
4664.T,4664,アール・エス・シー,スタンダード（内国株式）,サービス業,-,2026-08-31,2605.0,1021.0,60038365.0,61795.0,38083300.0,False,True,True,True,True,False
6033.T,6033,エクストリーム,グロース（内国株式）,サービス業,-,2026-08-31,2605.0,1687.0,59765025.0,35560.0,35258300.0,False,True,True,True,True,False
6562.T,6562,ジーニー,グロース（内国株式）,サービス業,-,2026-08-31,2138.0,955.0,59354490.0,63225.0,109729500.0,False,True,True,True,True,False
7039.T,7039,ブリッジインターナショナルグループ,グロース（内国株式）,サービス業,-,2026-08-31,1930.0,1380.0,59209885.0,42165.0,30498000.0,False,True,True,True,True,False
5018.T,5018,ＭＯＲＥＳＣＯ,スタンダード（内国株式）,石油・石炭製品,-,2026-08-31,2605.0,2420.0,59135780.0,26270.0,98978000.0,False,True,True,True,True,False
2735.T,2735,ワッツ,スタンダード（内国株式）,小売業,-,2026-08-31,2605.0,701.0,58967845.0,84235.0,62879700.0,False,True,True,True,True,False
3665.T,3665,エニグモ,プライム（内国株式）,情報・通信業,TOPIX Small 2,2026-08-31,2605.0,434.0,58729985.0,141435.0,65100000.0,False,True,True,True,True,False
3911.T,3911,Ａｉｍｉｎｇ,グロース（内国株式）,情報・通信業,-,2026-08-31,2605.0,185.0,58610680.0,334650.0,16890500.0,False,False,True,True,True,False
7603.T,7603,ジーイエット,スタンダード（内国株式）,小売業,-,2026-08-31,2605.0,42.0,58471010.0,1275270.0,45675000.0,False,False,True,True,True,False
8699.T,8699,ＨＳホールディングス,スタンダード（内国株式）,証券、商品先物取引業,-,2026-08-31,2605.0,1144.0,58199830.0,51640.0,47933600.0,False,True,True,True,True,False
8254.T,8254,さいか屋,スタンダード（内国株式）,小売業,-,2026-08-31,2605.0,287.0,58153270.0,169215.0,20176100.0,False,True,True,True,True,False
504A.T,504A,イノバセル,グロース（内国株式）,医薬品,-,2026-08-31,128.0,577.0,58122165.0,102440.0,77548800.0,False,True,False,True,True,False
6635.T,6635,大日光・エンジニアリング,スタンダード（内国株式）,電気機器,-,2026-08-31,2605.0,670.0,57993065.0,89285.0,12730000.0,False,True,True,True,True,False
1810.T,1810,松井建設,スタンダード（内国株式）,建設業,TOPIX Small 2,2026-08-31,2605.0,1480.0,57980835.0,39545.0,30340000.0,False,True,True,True,True,False
5817.T,5817,ＪＭＡＣＳ,スタンダード（内国株式）,非鉄金属,-,2026-08-31,2605.0,1059.0,57859395.0,57095.0,33358500.0,False,True,True,True,True,False
4040.T,4040,南海化学,スタンダード（内国株式）,化学,-,2026-08-31,822.0,3950.0,57685475.0,15170.0,45425000.0,False,True,True,True,True,False
4286.T,4286,ＣＬホールディングス,スタンダード（内国株式）,サービス業,TOPIX Small 2,2026-08-31,2605.0,1358.0,57463595.0,44730.0,39789400.0,False,True,True,True,True,False
4301.T,4301,アミューズ,プライム（内国株式）,サービス業,TOPIX Small 2,2026-08-31,2605.0,1915.0,57322995.0,29770.0,21065000.0,False,True,True,True,True,False
4019.T,4019,スタメン,グロース（内国株式）,情報・通信業,-,2026-08-31,1396.0,663.0,57004545.0,89245.0,19425900.0,False,True,True,True,True,False
4584.T,4584,キッズウェル・バイオ,グロース（内国株式）,医薬品,-,2026-08-31,2605.0,174.0,56934210.0,342250.0,69965400.0,False,False,True,True,True,False
3723.T,3723,日本ファルコム,グロース（内国株式）,情報・通信業,-,2026-08-31,2605.0,2790.0,56933680.0,20425.0,35712000.0,False,True,True,True,True,False
4331.T,4331,テイクアンドギヴ・ニーズ,プライム（内国株式）,サービス業,TOPIX Small 2,2026-08-31,2605.0,747.0,56658715.0,78090.0,30104100.0,False,True,True,True,True,False
7376.T,7376,ＢＣＣ,グロース（内国株式）,サービス業,-,2026-08-31,1259.0,912.0,56502715.0,64375.0,212040000.0,False,True,True,True,True,False
7161.T,7161,じもとホールディングス,スタンダード（内国株式）,銀行業,-,2026-08-31,2605.0,595.0,56410310.0,101700.0,86691500.0,False,True,True,True,True,False
9644.T,9644,タナベコンサルティンググループ,プライム（内国株式）,サービス業,TOPIX Small 2,2026-08-31,2605.0,781.0,56136545.0,73805.0,79271500.0,False,True,True,True,True,False
8563.T,8563,大東銀行,スタンダード（内国株式）,銀行業,-,2026-08-31,2605.0,1155.0,55855430.0,51000.0,54862500.0,False,True,True,True,True,False
7615.T,7615,京都きもの友禅ホールディングス,スタンダード（内国株式）,小売業,-,2026-08-31,2605.0,100.0,55422900.0,554120.0,25090000.0,False,False,True,True,True,False
1447.T,1447,ＳＡＡＦホールディングス,グロース（内国株式）,建設業,-,2026-08-31,1933.0,411.0,55225315.0,137475.0,88406100.0,False,True,True,True,True,False
4571.T,4571,ＮＡＮＯホールディングス,グロース（内国株式）,医薬品,-,2026-08-31,2605.0,103.0,54938320.0,521275.0,42817100.0,False,False,True,True,True,False
6763.T,6763,帝国通信工業,プライム（内国株式）,電気機器,TOPIX Small 2,2026-08-31,2605.0,2853.0,54916900.0,19160.0,32524200.0,False,True,True,True,True,False
3683.T,3683,サイバーリンクス,スタンダード（内国株式）,情報・通信業,-,2026-08-31,2605.0,1154.0,54848125.0,50225.0,21926000.0,False,True,True,True,True,False
6824.T,6824,新コスモス電機,スタンダード（内国株式）,電気機器,-,2026-08-31,2605.0,4330.0,54825925.0,12350.0,34207000.0,False,True,True,True,True,False
7608.T,7608,エスケイジャパン,スタンダード（内国株式）,卸売業,-,2026-08-31,2605.0,841.0,54661025.0,66175.0,28509900.0,False,True,True,True,True,False
6863.T,6863,ニレコ,スタンダード（内国株式）,電気機器,-,2026-08-31,2605.0,997.0,54637570.0,57325.0,64007400.0,False,True,True,True,True,False
6380.T,6380,オリエンタルチエン工業,スタンダード（内国株式）,機械,-,2026-08-31,2605.0,3885.0,54600325.0,14290.0,32245500.0,False,True,True,True,True,False
3657.T,3657,ポールトゥウィンホールディングス,プライム（内国株式）,情報・通信業,TOPIX Small 2,2026-08-31,2605.0,373.0,54559250.0,154585.0,94779300.0,False,True,True,True,True,False
5244.T,5244,ｊｉｇ．ｊｐ,グロース（内国株式）,情報・通信業,-,2026-08-31,902.0,186.0,54555180.0,303960.0,64858200.0,False,False,True,True,True,False
7466.T,7466,ＳＰＫ,プライム（内国株式）,卸売業,TOPIX Small 2,2026-08-31,2605.0,1479.0,54550355.0,38560.0,60934800.0,False,True,True,True,True,False
7061.T,7061,日本ホスピスホールディングス,グロース（内国株式）,サービス業,-,2026-08-31,1812.0,476.0,54502530.0,108025.0,75779200.0,False,True,True,True,True,False
6820.T,6820,アイコム,プライム（内国株式）,電気機器,TOPIX Small 2,2026-08-31,2605.0,3715.0,54251100.0,15390.0,54239000.0,False,True,True,True,True,False
4415.T,4415,ブロードエンタープライズ,グロース（内国株式）,情報・通信業,-,2026-08-31,1150.0,1415.0,54226030.0,39935.0,15848000.0,False,True,True,True,True,False
7820.T,7820,ニホンフラッシュ,プライム（内国株式）,その他製品,TOPIX Small 2,2026-08-31,2605.0,711.0,54196415.0,76155.0,49414500.0,False,True,True,True,True,False
6466.T,6466,ＴＶＥ,スタンダード（内国株式）,機械,-,2026-08-31,2605.0,3850.0,54176275.0,13635.0,63140000.0,False,True,True,True,True,False
9622.T,9622,スペース,プライム（内国株式）,サービス業,TOPIX Small 2,2026-08-31,2605.0,1464.0,53887890.0,37290.0,39674400.0,False,True,True,True,True,False
3547.T,3547,ユニシアホールディングス,スタンダード（内国株式）,小売業,TOPIX Small 2,2026-08-31,2453.0,1883.0,53875510.0,29565.0,42555800.0,False,True,True,True,True,False
1433.T,1433,ベステラ,プライム（内国株式）,建設業,-,2026-08-31,2605.0,1311.0,53784015.0,44305.0,114581400.0,False,True,True,True,True,False
250A.T,250A,シマダヤ,スタンダード（内国株式）,食料品,TOPIX Small 2,2026-08-31,467.0,1620.0,53610445.0,32995.0,32400000.0,False,True,True,True,True,False
5586.T,5586,Ｌａｂｏｒｏ．ＡＩ,グロース（内国株式）,情報・通信業,-,2026-08-31,754.0,927.0,53589005.0,60415.0,105956100.0,False,True,True,True,True,False
9343.T,9343,アイビス,グロース（内国株式）,サービス業,-,2026-08-31,841.0,822.0,53577555.0,67885.0,46443000.0,False,True,True,True,True,False
8869.T,8869,明和地所,スタンダード（内国株式）,不動産業,TOPIX Small 2,2026-08-31,2605.0,846.0,53521630.0,64215.0,35532000.0,False,True,True,True,True,False
2933.T,2933,紀文食品,プライム（内国株式）,食料品,TOPIX Small 2,2026-08-31,1316.0,1140.0,53424710.0,47615.0,82194000.0,False,True,True,True,True,False
3914.T,3914,ＪＩＧ－ＳＡＷ,グロース（内国株式）,情報・通信業,-,2026-08-31,2605.0,2380.0,53312170.0,22745.0,8330000.0,False,True,True,True,True,False
9341.T,9341,ＧＥＮＯＶＡ,プライム（内国株式）,サービス業,TOPIX Small 2,2026-08-31,901.0,665.0,53290050.0,84365.0,72618000.0,False,True,True,True,True,False
3109.T,3109,シキボウ,プライム（内国株式）,繊維製品,TOPIX Small 2,2026-08-31,2605.0,1087.0,53271970.0,49970.0,49458500.0,False,True,True,True,True,False
3321.T,3321,ミタチ産業,スタンダード（内国株式）,卸売業,-,2026-08-31,2605.0,1725.0,53217390.0,32095.0,67792500.0,False,True,True,True,True,False
7955.T,7955,クリナップ,プライム（内国株式）,その他製品,TOPIX Small 2,2026-08-31,2605.0,999.0,53204840.0,55655.0,46753200.0,False,True,True,True,True,False
7525.T,7525,リックス,プライム（内国株式）,卸売業,TOPIX Small 2,2026-08-31,2605.0,3655.0,53048750.0,14445.0,54094000.0,False,True,True,True,True,False
5258.T,5258,トランザクション・メディア・ネットワークス,グロース（内国株式）,情報・通信業,-,2026-08-31,834.0,440.0,53046450.0,121420.0,31988000.0,False,True,True,True,True,False
4594.T,4594,ブライトパス・バイオ,グロース（内国株式）,医薬品,-,2026-08-31,2605.0,53.0,52851445.0,1014460.0,26409900.0,False,False,True,True,True,False
2437.T,2437,Ｓｈｉｎｗａ　Ｗｉｓｅ　Ｈｏｌｄｉｎｇｓ,スタンダード（内国株式）,サービス業,-,2026-08-31,2605.0,656.0,52828485.0,84170.0,69208000.0,False,True,True,True,True,False
6291.T,6291,日本エアーテック,スタンダード（内国株式）,機械,TOPIX Small 2,2026-08-31,2605.0,1375.0,52784760.0,38875.0,24475000.0,False,True,True,True,True,False
6927.T,6927,ヘリオス　テクノ　ホールディング,スタンダード（内国株式）,電気機器,-,2026-08-31,2605.0,993.0,52621400.0,55015.0,42599700.0,False,True,True,True,True,False
545A.T,545A,トランヴィア,プライム（内国株式）,情報・通信業,TOPIX Small 2,2026-08-31,102.0,1014.0,52617255.0,54840.0,76050000.0,False,True,False,True,True,False
6317.T,6317,北川鉄工所,スタンダード（内国株式）,機械,TOPIX Small 2,2026-08-31,2605.0,1816.0,52613575.0,28950.0,28511200.0,False,True,True,True,True,False
3199.T,3199,綿半ホールディングス,プライム（内国株式）,小売業,TOPIX Small 2,2026-08-31,2605.0,1345.0,52596535.0,39960.0,32011000.0,False,True,True,True,True,False
478A.T,478A,フツパー,グロース（内国株式）,情報・通信業,-,2026-08-31,166.0,814.0,52523515.0,68000.0,60887200.0,False,True,False,True,True,False
4316.T,4316,ビーマップ,グロース（内国株式）,情報・通信業,-,2026-08-31,2605.0,133.0,52339790.0,487575.0,395874500.0,False,False,True,False,True,False
4792.T,4792,山田コンサルティンググループ,プライム（内国株式）,サービス業,TOPIX Small 2,2026-08-31,2605.0,1813.0,52322790.0,30540.0,40973800.0,False,True,True,True,True,False
7375.T,7375,リファインバースグループ,グロース（内国株式）,サービス業,-,2026-08-31,1263.0,1203.0,52194855.0,43195.0,44029800.0,False,True,True,True,True,False
3035.T,3035,ケイティケイ,スタンダード（内国株式）,卸売業,-,2026-08-31,2605.0,774.0,52019920.0,65850.0,7120800.0,False,True,True,True,True,False
6358.T,6358,酒井重工業,プライム（内国株式）,機械,TOPIX Small 2,2026-08-31,2605.0,2159.0,51950445.0,24095.0,69303900.0,False,True,True,True,True,False
7326.T,7326,ＳＢＩインシュアランスグループ,グロース（内国株式）,保険業,-,2026-08-31,1935.0,2120.0,51925760.0,24785.0,31800000.0,False,True,True,True,True,False
2461.T,2461,ファンコミュニケーションズ,プライム（内国株式）,サービス業,TOPIX Small 2,2026-08-31,2605.0,396.0,51917850.0,131425.0,36471600.0,False,True,True,True,True,False
3551.T,3551,ダイニック,スタンダード（内国株式）,繊維製品,-,2026-08-31,2605.0,1613.0,51766255.0,33465.0,27421000.0,False,True,True,True,True,False
2209.T,2209,井村屋グループ,プライム（内国株式）,食料品,TOPIX Small 2,2026-08-31,2605.0,2422.0,51676530.0,21800.0,38025400.0,False,True,True,True,True,False
5184.T,5184,ニチリン,スタンダード（内国株式）,ゴム製品,-,2026-08-31,2605.0,4180.0,51620575.0,12510.0,58938000.0,False,True,True,True,True,False
9856.T,9856,ケーユーホールディングス,スタンダード（内国株式）,小売業,TOPIX Small 2,2026-08-31,2605.0,1273.0,51620205.0,41985.0,82108500.0,False,True,True,True,True,False
4977.T,4977,新田ゼラチン,スタンダード（内国株式）,化学,-,2026-08-31,2605.0,1210.0,51598460.0,41560.0,58927000.0,False,True,True,True,True,False
4937.T,4937,Ｗａｑｏｏ,グロース（内国株式）,化学,-,2026-08-31,1265.0,2358.0,51575010.0,23745.0,10139400.0,False,True,True,True,True,False
9450.T,9450,ファイバーゲート,スタンダード（内国株式）,情報・通信業,TOPIX Small 2,2026-08-31,2068.0,803.0,51248665.0,66450.0,25053600.0,False,True,True,True,True,False
7358.T,7358,ポピンズ,スタンダード（内国株式）,サービス業,TOPIX Small 2,2026-08-31,1392.0,1863.0,51123705.0,28915.0,80295300.0,False,True,True,True,True,False
3421.T,3421,稲葉製作所,スタンダード（内国株式）,金属製品,TOPIX Small 2,2026-08-31,2605.0,1740.0,50954200.0,29695.0,16530000.0,False,True,True,True,True,False
2003.T,2003,日東富士製粉,スタンダード（内国株式）,食料品,TOPIX Small 2,2026-08-31,2605.0,1814.0,50753220.0,28910.0,16870200.0,False,True,True,True,True,False
3133.T,3133,海帆,グロース（内国株式）,小売業,-,2026-08-31,2605.0,68.0,50669825.0,642550.0,24867600.0,False,False,True,True,True,False
1948.T,1948,弘電社,スタンダード（内国株式）,建設業,-,2026-08-31,2605.0,11430.0,50560050.0,4430.0,35433000.0,False,True,True,True,True,False
5034.T,5034,ｕｎｅｒｒｙ,グロース（内国株式）,情報・通信業,-,2026-08-31,1001.0,2361.0,50458745.0,24015.0,38012100.0,False,True,True,True,True,False
8095.T,8095,アステナホールディングス,プライム（内国株式）,卸売業,TOPIX Small 2,2026-08-31,2605.0,551.0,50409120.0,94485.0,123313800.0,False,True,True,True,True,False
253A.T,253A,ＥＴＳグループ,スタンダード（内国株式）,建設業,-,2026-08-31,2605.0,1045.0,50371555.0,48050.0,7942000.0,False,True,True,True,True,False
6699.T,6699,ダイヤモンドエレクトリックホールディングス,スタンダード（内国株式）,電気機器,TOPIX Small 2,2026-08-31,1933.0,531.0,50305890.0,98275.0,53949600.0,False,True,True,True,True,False
3623.T,3623,ビリングシステム,グロース（内国株式）,情報・通信業,-,2026-08-31,2605.0,1307.0,50135375.0,43235.0,48097600.0,False,True,True,True,True,False
4053.T,4053,Ｓｕｎ　Ａｓｔｅｒｉｓｋ,プライム（内国株式）,情報・通信業,TOPIX Small 2,2026-08-31,1487.0,475.0,49773890.0,109305.0,54292500.0,False,True,True,True,True,False
7893.T,7893,プロネクサス,プライム（内国株式）,その他製品,TOPIX Small 2,2026-08-31,2605.0,1136.0,49676700.0,43745.0,42940800.0,False,True,True,True,True,False
4192.T,4192,スパイダープラス,グロース（内国株式）,情報・通信業,-,2026-08-31,1326.0,304.0,49661045.0,173565.0,234718400.0,False,True,True,True,True,False
2469.T,2469,ヒビノ,スタンダード（内国株式）,サービス業,-,2026-08-31,2605.0,2848.0,49376930.0,18135.0,28764800.0,False,True,True,True,True,False
2378.T,2378,ルネサンス,プライム（内国株式）,サービス業,TOPIX Small 2,2026-08-31,2605.0,1063.0,49165990.0,46380.0,77386400.0,False,True,True,True,True,False
1375.T,1375,ユキグニファクトリー,プライム（内国株式）,水産・農林業,TOPIX Small 2,2026-08-31,1454.0,1186.0,48995145.0,42625.0,36054400.0,False,True,True,True,True,False
4414.T,4414,フレクト,グロース（内国株式）,情報・通信業,-,2026-08-31,1154.0,1172.0,48870740.0,42180.0,34339600.0,False,True,True,True,True,False
1780.T,1780,ヤマウラ,プライム（内国株式）,建設業,TOPIX Small 2,2026-08-31,2605.0,1496.0,48769735.0,33330.0,33809600.0,False,True,True,True,True,False
5644.T,5644,メタルアート,スタンダード（内国株式）,鉄鋼,-,2026-08-31,2605.0,7560.0,48715800.0,6735.0,35532000.0,False,True,True,True,True,False
9264.T,9264,ポエック,スタンダード（内国株式）,卸売業,-,2026-08-31,2151.0,1649.0,48147630.0,28115.0,54581900.0,False,True,True,True,True,False
3773.T,3773,アドバンスト・メディア,グロース（内国株式）,情報・通信業,-,2026-08-31,2605.0,1068.0,48116030.0,45245.0,50409600.0,False,True,True,True,True,False
6047.T,6047,Ｇｕｎｏｓｙ,スタンダード（内国株式）,サービス業,TOPIX Small 2,2026-08-31,2605.0,428.0,48047880.0,120520.0,87397600.0,False,True,True,True,True,False
155A.T,155A,情報戦略テクノロジー,グロース（内国株式）,情報・通信業,-,2026-08-31,593.0,849.0,47887445.0,57380.0,21055200.0,False,True,True,True,True,False
3580.T,3580,小松マテーレ,プライム（内国株式）,繊維製品,TOPIX Small 2,2026-08-31,2605.0,768.0,47466775.0,63410.0,20812800.0,False,True,True,True,True,False
5757.T,5757,ＣＫサンエツ,プライム（内国株式）,非鉄金属,TOPIX Small 2,2026-08-31,2329.0,5360.0,47456800.0,9055.0,34304000.0,False,True,True,True,True,False
2286.T,2286,林兼産業,スタンダード（内国株式）,食料品,-,2026-08-31,2605.0,946.0,47449715.0,51630.0,38123800.0,False,True,True,True,True,False
6482.T,6482,ＹＵＳＨＩＮ,スタンダード（内国株式）,機械,TOPIX Small 2,2026-08-31,2605.0,742.0,47352765.0,66170.0,81100600.0,False,True,True,True,True,False
5136.T,5136,ｔｒｉｐｌａ,グロース（内国株式）,情報・通信業,-,2026-08-31,921.0,2045.0,47260025.0,24715.0,98978000.0,False,True,True,True,True,False
8416.T,8416,高知銀行,スタンダード（内国株式）,銀行業,-,2026-08-31,2605.0,1189.0,47199980.0,41330.0,26871400.0,False,True,True,True,True,False
6137.T,6137,小池酸素工業,スタンダード（内国株式）,機械,-,2026-08-31,2605.0,1531.0,46996845.0,31420.0,41490100.0,False,True,True,True,True,False
7840.T,7840,フランスベッドホールディングス,プライム（内国株式）,その他製品,TOPIX Small 2,2026-08-31,2605.0,1322.0,46938245.0,36865.0,36883800.0,False,True,True,True,True,False
1904.T,1904,大成温調,スタンダード（内国株式）,建設業,-,2026-08-31,2605.0,5120.0,46899800.0,9175.0,43520000.0,False,True,True,True,True,False
7482.T,7482,シモジマ,プライム（内国株式）,卸売業,TOPIX Small 2,2026-08-31,2605.0,1562.0,46824520.0,31685.0,42642600.0,False,True,True,True,True,False
365A.T,365A,伊澤タオル,スタンダード（内国株式）,繊維製品,-,2026-08-31,292.0,791.0,46533010.0,58685.0,67551400.0,False,True,True,True,True,False
8596.T,8596,九州リースサービス,スタンダード（内国株式）,その他金融業,-,2026-08-31,2406.0,1626.0,46532950.0,28775.0,33658200.0,False,True,True,True,True,False
9251.T,9251,ＡＢ＆Ｃｏｍｐａｎｙ,グロース（内国株式）,サービス業,-,2026-08-31,1168.0,1589.0,46466110.0,31425.0,68327000.0,False,True,True,True,True,False
2753.T,2753,あみやき亭,プライム（内国株式）,小売業,TOPIX Small 2,2026-08-31,2605.0,1412.0,46399455.0,33695.0,48290400.0,False,True,True,True,True,False
6078.T,6078,バリューＨＲ,プライム（内国株式）,サービス業,TOPIX Small 2,2026-08-31,2605.0,1656.0,46361870.0,29920.0,41068800.0,False,True,True,True,True,False
9932.T,9932,杉本商事,プライム（内国株式）,卸売業,TOPIX Small 2,2026-08-31,2605.0,1349.0,46340585.0,35340.0,54364700.0,False,True,True,True,True,False
5729.T,5729,日本精鉱,スタンダード（内国株式）,非鉄金属,-,2026-08-31,2605.0,1862.0,46306880.0,26935.0,43384600.0,False,True,True,True,True,False
3691.T,3691,デジタルプラス,グロース（内国株式）,情報・通信業,-,2026-08-31,2605.0,1921.0,46271545.0,25430.0,27086100.0,False,True,True,True,True,False
7359.T,7359,東京通信グループ,グロース（内国株式）,サービス業,-,2026-08-31,1389.0,294.0,46231610.0,176465.0,150733800.0,False,True,True,True,True,False
9028.T,9028,ゼロ,スタンダード（内国株式）,陸運業,-,2026-08-31,2605.0,3525.0,46161000.0,13160.0,41947500.0,False,True,True,True,True,False
7957.T,7957,フジコピアン,スタンダード（内国株式）,その他製品,-,2026-08-31,2605.0,2621.0,46100070.0,18420.0,31452000.0,False,True,True,True,True,False
3678.T,3678,メディアドゥ,プライム（内国株式）,情報・通信業,TOPIX Small 2,2026-08-31,2605.0,1302.0,45980825.0,36060.0,58459800.0,False,True,True,True,True,False
4448.T,4448,ｋｕｂｅｌｌ,グロース（内国株式）,情報・通信業,-,2026-08-31,1693.0,373.0,45927280.0,135470.0,64081400.0,False,True,True,True,True,False
7937.T,7937,ツツミ,スタンダード（内国株式）,その他製品,TOPIX Small 2,2026-08-31,2605.0,2685.0,45853300.0,17620.0,28729500.0,False,True,True,True,True,False
6539.T,6539,ＭＳ－Ｊａｐａｎ,プライム（内国株式）,サービス業,TOPIX Small 2,2026-08-31,2392.0,1013.0,45807020.0,45825.0,24514600.0,False,True,True,True,True,False
4582.T,4582,シンバイオ製薬,グロース（内国株式）,医薬品,-,2026-08-31,2605.0,63.0,45599490.0,686105.0,17973900.0,False,False,True,True,True,False
2884.T,2884,ヨシムラ・フード・ホールディングス,プライム（内国株式）,食料品,TOPIX Small 2,2026-08-31,2584.0,646.0,45589480.0,69990.0,26809000.0,False,True,True,True,True,False
5621.T,5621,ヒューマンテクノロジーズ,グロース（内国株式）,情報・通信業,-,2026-08-31,655.0,1675.0,45220305.0,27565.0,28140000.0,False,True,True,True,True,False
9204.T,9204,スカイマーク,グロース（内国株式）,空運業,-,2026-08-31,2605.0,425.0,45083785.0,108060.0,36082500.0,False,True,True,True,True,False
7235.T,7235,東京ラヂエーター製造,スタンダード（内国株式）,輸送用機器,-,2026-08-31,2605.0,1588.0,44940635.0,28535.0,19532400.0,False,True,True,True,True,False
3878.T,3878,巴川コーポレーション,スタンダード（内国株式）,化学,-,2026-08-31,2605.0,882.0,44911825.0,50990.0,29458800.0,False,True,True,True,True,False
6822.T,6822,大井電気,スタンダード（内国株式）,電気機器,-,2026-08-31,2605.0,4925.0,44700625.0,8815.0,2955000.0,False,True,True,True,True,False
9319.T,9319,中央倉庫,プライム（内国株式）,倉庫・運輸関連業,TOPIX Small 2,2026-08-31,2605.0,1822.0,44553075.0,24910.0,32249400.0,False,True,True,True,True,False
2323.T,2323,ｆｏｎｆｕｎ,スタンダード（内国株式）,情報・通信業,-,2026-08-31,2605.0,319.0,44544695.0,134315.0,7783600.0,False,True,True,True,True,False
3031.T,3031,ラクーンホールディングス,プライム（内国株式）,情報・通信業,TOPIX Small 2,2026-08-31,2605.0,653.0,44529665.0,69070.0,74507300.0,False,True,True,True,True,False
2359.T,2359,コア,プライム（内国株式）,情報・通信業,TOPIX Small 2,2026-08-31,2605.0,2200.0,44471080.0,21175.0,104940000.0,False,True,True,True,True,False
9444.T,9444,トーシンホールディングス,スタンダード（内国株式）,情報・通信業,-,2026-08-31,2605.0,286.0,44440165.0,140610.0,2745600.0,False,True,True,True,True,False
9081.T,9081,神奈川中央交通,プライム（内国株式）,陸運業,TOPIX Small 2,2026-08-31,2605.0,4025.0,44253375.0,11395.0,46287500.0,False,True,True,True,True,False
2997.T,2997,ストレージ王,グロース（内国株式）,不動産業,-,2026-08-31,1062.0,1324.0,44190815.0,33140.0,6487600.0,False,True,True,True,True,False
2669.T,2669,カネ美食品,スタンダード（内国株式）,小売業,-,2026-08-31,2605.0,3920.0,44072450.0,11110.0,60760000.0,False,True,True,True,True,False
5132.T,5132,ｐｌｕｓｚｅｒｏ,グロース（内国株式）,情報・通信業,-,2026-08-31,938.0,2122.0,44069010.0,22250.0,55384200.0,False,True,True,True,True,False
8226.T,8226,理経,スタンダード（内国株式）,卸売業,-,2026-08-31,2605.0,405.0,44012670.0,112535.0,121743000.0,False,True,True,True,True,False
7771.T,7771,日本精密,スタンダード（内国株式）,精密機器,-,2026-08-31,2605.0,279.0,43998545.0,149645.0,48294900.0,False,True,True,True,True,False
5535.T,5535,ミガロホールディングス,プライム（内国株式）,不動産業,-,2026-08-31,711.0,298.0,43915435.0,157190.0,55457800.0,False,True,True,True,True,False
8203.T,8203,ＭｒＭａｘＨＤ,プライム（内国株式）,小売業,TOPIX Small 2,2026-08-31,2605.0,793.0,43756810.0,55945.0,32830200.0,False,True,True,True,True,False
4583.T,4583,カイオム・バイオサイエンス,グロース（内国株式）,医薬品,-,2026-08-31,2605.0,85.0,43732625.0,544040.0,26052500.0,False,False,True,True,True,False
5255.T,5255,モンスターラボ,グロース（内国株式）,情報・通信業,-,2026-08-31,839.0,95.0,43538030.0,456800.0,50939000.0,False,False,True,True,True,False
6224.T,6224,ＪＲＣ,グロース（内国株式）,機械,-,2026-08-31,747.0,1248.0,43468965.0,37855.0,93225600.0,False,True,True,True,True,False
9273.T,9273,コーア商事ホールディングス,プライム（内国株式）,卸売業,TOPIX Small 2,2026-08-31,2005.0,764.0,43382650.0,56260.0,17266400.0,False,True,True,True,True,False
6620.T,6620,宮越ホールディングス,プライム（内国株式）,不動産業,TOPIX Small 2,2026-08-31,2605.0,708.0,43340815.0,62040.0,24850800.0,False,True,True,True,True,False
6580.T,6580,ライトアップ,グロース（内国株式）,サービス業,-,2026-08-31,2004.0,921.0,43290570.0,49985.0,12894000.0,False,True,True,True,True,False
6165.T,6165,パンチ工業,スタンダード（内国株式）,機械,-,2026-08-31,2605.0,554.0,43277610.0,80520.0,45594200.0,False,True,True,True,True,False
9990.T,9990,サックスバー　ホールディングス,プライム（内国株式）,小売業,TOPIX Small 2,2026-08-31,2605.0,765.0,43107780.0,57255.0,16677000.0,False,True,True,True,True,False
6495.T,6495,宮入バルブ製作所,スタンダード（内国株式）,機械,-,2026-08-31,2605.0,117.0,43060935.0,340210.0,39733200.0,False,False,True,True,True,False
3070.T,3070,ジェリービーンズグループ,グロース（内国株式）,卸売業,-,2026-08-31,2605.0,70.0,42952005.0,613830.0,32186000.0,False,False,True,True,True,False
4056.T,4056,ニューラルグループ,グロース（内国株式）,情報・通信業,-,2026-08-31,1472.0,299.0,42897810.0,154165.0,690062100.0,False,True,True,True,True,False
7819.T,7819,粧美堂,スタンダード（内国株式）,その他製品,-,2026-08-31,2605.0,1036.0,42855745.0,43990.0,44237200.0,False,True,True,True,True,False
3793.T,3793,ドリコム,グロース（内国株式）,情報・通信業,-,2026-08-31,2605.0,532.0,42845790.0,89380.0,60275600.0,False,True,True,True,True,False
480A.T,480A,リブ・コンサルティング,グロース（内国株式）,サービス業,-,2026-08-31,165.0,921.0,42826655.0,47265.0,80587500.0,False,True,False,True,True,False
9610.T,9610,ウィルソン・ラーニング　ワールドワイド,スタンダード（内国株式）,サービス業,-,2026-08-31,2605.0,104.0,42805190.0,376900.0,10181600.0,False,False,True,True,True,False
1384.T,1384,ホクリヨウ,スタンダード（内国株式）,水産・農林業,-,2026-08-31,2605.0,2224.0,42763985.0,19880.0,30246400.0,False,True,True,True,True,False
5242.T,5242,アイズ,グロース（内国株式）,情報・通信業,-,2026-08-31,903.0,2377.0,42744045.0,18275.0,19491400.0,False,True,True,True,True,False
7707.T,7707,プレシジョン・システム・サイエンス,グロース（内国株式）,精密機器,-,2026-08-31,2605.0,220.0,42723365.0,196355.0,25190000.0,False,True,True,True,True,False
9405.T,9405,朝日放送グループホールディングス,プライム（内国株式）,情報・通信業,TOPIX Small 2,2026-08-31,2605.0,872.0,42699005.0,51560.0,59557600.0,False,True,True,True,True,False
4234.T,4234,サンエー化研,スタンダード（内国株式）,化学,-,2026-08-31,2605.0,975.0,42671560.0,45370.0,16672500.0,False,True,True,True,True,False
7927.T,7927,ムトー精工,スタンダード（内国株式）,化学,-,2026-08-31,2605.0,2285.0,42410930.0,18960.0,29248000.0,False,True,True,True,True,False
254A.T,254A,ＡＩフュージョンキャピタルグループ,スタンダード（内国株式）,証券、商品先物取引業,-,2026-08-31,2605.0,1225.0,42394985.0,36045.0,20090000.0,False,True,True,True,True,False
1716.T,1716,第一カッター興業,スタンダード（内国株式）,建設業,TOPIX Small 2,2026-08-31,2605.0,1405.0,42369380.0,29525.0,14190500.0,False,True,True,True,True,False
366A.T,366A,ウェルネス・コミュニケーションズ,グロース（内国株式）,サービス業,-,2026-08-31,291.0,1188.0,42252100.0,37945.0,53697600.0,False,True,True,True,True,False
4719.T,4719,アルファシステムズ,プライム（内国株式）,情報・通信業,TOPIX Small 2,2026-08-31,2605.0,3460.0,42244925.0,12530.0,47748000.0,False,True,True,True,True,False
5582.T,5582,グリッド,グロース（内国株式）,情報・通信業,-,2026-08-31,768.0,2036.0,42096965.0,21090.0,50085600.0,False,True,True,True,True,False
335A.T,335A,ミライロ,グロース（内国株式）,情報・通信業,-,2026-08-31,352.0,354.0,41910895.0,107940.0,3433800.0,False,True,True,True,True,False
505A.T,505A,ギークリー,スタンダード（内国株式）,サービス業,-,2026-08-31,125.0,1478.0,41859005.0,30635.0,51730000.0,False,True,False,True,True,False
4446.T,4446,Ｌｉｎｋ－Ｕグループ,スタンダード（内国株式）,情報・通信業,-,2026-08-31,1738.0,870.0,41792285.0,49790.0,13485000.0,False,True,True,True,True,False
2922.T,2922,なとり,プライム（内国株式）,食料品,TOPIX Small 2,2026-08-31,2605.0,2020.0,41781660.0,21090.0,36562000.0,False,True,True,True,True,False
6798.T,6798,ＳＭＫ,プライム（内国株式）,電気機器,TOPIX Small 2,2026-08-31,2605.0,3445.0,41761775.0,12680.0,34450000.0,False,True,True,True,True,False
8349.T,8349,東北銀行,スタンダード（内国株式）,銀行業,-,2026-08-31,2605.0,1665.0,41707960.0,26640.0,49783500.0,False,True,True,True,True,False
4463.T,4463,日華化学,スタンダード（内国株式）,化学,-,2026-08-31,2605.0,2048.0,41681430.0,20460.0,43827200.0,False,True,True,True,True,False
7596.T,7596,魚力,プライム（内国株式）,小売業,TOPIX Small 2,2026-08-31,2605.0,2380.0,41677410.0,17740.0,97818000.0,False,True,True,True,True,False
7305.T,7305,新家工業,スタンダード（内国株式）,鉄鋼,-,2026-08-31,2605.0,2762.0,41668710.0,15475.0,35077400.0,False,True,True,True,True,False
4671.T,4671,ファルコホールディングス,スタンダード（内国株式）,サービス業,TOPIX Small 2,2026-08-31,2605.0,2929.0,41610850.0,14885.0,27532600.0,False,True,True,True,True,False
196A.T,196A,ＭＦＳ,グロース（内国株式）,その他金融業,-,2026-08-31,535.0,355.0,41511095.0,123065.0,31737000.0,False,True,True,True,True,False
4951.T,4951,エステー,プライム（内国株式）,化学,TOPIX Small 2,2026-08-31,2605.0,1540.0,41337960.0,27275.0,27412000.0,False,True,True,True,True,False
7294.T,7294,ヨロズ,プライム（内国株式）,輸送用機器,TOPIX Small 2,2026-08-31,2605.0,918.0,41291000.0,44955.0,20287800.0,False,True,True,True,True,False
5933.T,5933,アルインコ,プライム（内国株式）,金属製品,TOPIX Small 2,2026-08-31,2605.0,1138.0,41158280.0,36805.0,25946400.0,False,True,True,True,True,False
9651.T,9651,日本プロセス,スタンダード（内国株式）,情報・通信業,-,2026-08-31,2605.0,2068.0,41153325.0,20245.0,45496000.0,False,True,True,True,True,False
3647.T,3647,アスリナ,スタンダード（内国株式）,情報・通信業,-,2026-08-31,2605.0,125.0,40704375.0,320600.0,52762500.0,False,False,True,True,True,False
9163.T,9163,ナレルグループ,グロース（内国株式）,サービス業,-,2026-08-31,760.0,2418.0,40592945.0,17215.0,45700200.0,False,True,True,True,True,False
9795.T,9795,ステップ,プライム（内国株式）,サービス業,TOPIX Small 2,2026-08-31,2605.0,2331.0,40539065.0,17975.0,44988300.0,False,True,True,True,True,False
3562.T,3562,Ｎｏ．１,スタンダード（内国株式）,卸売業,-,2026-08-31,2322.0,1596.0,40444925.0,25580.0,81874800.0,False,True,True,True,True,False
4371.T,4371,コアコンセプト・テクノロジー,グロース（内国株式）,情報・通信業,-,2026-08-31,1208.0,1488.0,40251210.0,28490.0,19344000.0,False,True,True,True,True,False
4771.T,4771,エフアンドエム,スタンダード（内国株式）,サービス業,-,2026-08-31,2605.0,2693.0,40197730.0,15095.0,10772000.0,False,True,True,True,True,False
5932.T,5932,三協立山,プライム（内国株式）,金属製品,TOPIX Small 2,2026-08-31,2605.0,672.0,40190265.0,60485.0,18883200.0,False,True,True,True,True,False
3544.T,3544,サツドラホールディングス,スタンダード（内国株式）,小売業,-,2026-08-31,2605.0,1249.0,40131330.0,32160.0,6120100.0,False,True,True,True,True,False
1491.T,1491,中外鉱業,スタンダード（内国株式）,非鉄金属,-,2026-08-31,2605.0,730.0,39925040.0,53445.0,11607000.0,False,True,True,True,True,False
6571.T,6571,キュービーネットホールディングス,プライム（内国株式）,サービス業,TOPIX Small 2,2026-08-31,2069.0,1303.0,39834360.0,30645.0,37396100.0,False,True,True,True,True,False
3010.T,3010,ポラリス・ホールディングス,スタンダード（内国株式）,サービス業,-,2026-08-31,2605.0,193.0,39750985.0,206305.0,22407300.0,False,False,True,True,True,False
156A.T,156A,マテリアルグループ,グロース（内国株式）,サービス業,-,2026-08-31,592.0,870.0,39718145.0,47025.0,75951000.0,False,True,True,True,True,False
9535.T,9535,広島ガス,プライム（内国株式）,電気・ガス業,TOPIX Small 2,2026-08-31,2605.0,428.0,39343330.0,94075.0,21228800.0,False,True,True,True,True,False
9216.T,9216,ビーウィズ,プライム（内国株式）,サービス業,TOPIX Small 2,2026-08-31,1101.0,1722.0,39163510.0,23695.0,22041600.0,False,True,True,True,True,False
6912.T,6912,菊水ホールディングス,スタンダード（内国株式）,電気機器,-,2026-08-31,2605.0,2466.0,39090125.0,16330.0,20714400.0,False,True,True,True,True,False
9625.T,9625,セレスポ,スタンダード（内国株式）,サービス業,-,2026-08-31,2605.0,950.0,39083985.0,44095.0,7600000.0,False,True,True,True,True,False
9168.T,9168,ライズ・コンサルティング・グループ,グロース（内国株式）,サービス業,-,2026-08-31,724.0,430.0,39048075.0,94730.0,48289000.0,False,True,True,True,True,False
2342.T,2342,トランスジェニックグループ,スタンダード（内国株式）,サービス業,-,2026-08-31,2605.0,255.0,38948615.0,152675.0,4692000.0,False,True,True,True,True,False
3845.T,3845,アイフリークモバイル,スタンダード（内国株式）,情報・通信業,-,2026-08-31,2605.0,301.0,38805770.0,156030.0,28504700.0,False,True,True,True,True,False
9158.T,9158,シーユーシー,グロース（内国株式）,サービス業,-,2026-08-31,781.0,747.0,38683445.0,53135.0,22335300.0,False,True,True,True,True,False
8860.T,8860,フジ住宅,プライム（内国株式）,不動産業,TOPIX Small 2,2026-08-31,2605.0,770.0,38671510.0,50910.0,46277000.0,False,True,True,True,True,False
7800.T,7800,アミファ,スタンダード（内国株式）,その他製品,-,2026-08-31,1695.0,1003.0,38480480.0,38045.0,3510500.0,False,True,True,True,True,False
6493.T,6493,ＮＩＴＴＡＮ,スタンダード（内国株式）,輸送用機器,-,2026-08-31,2605.0,512.0,38417245.0,76435.0,24883200.0,False,True,True,True,True,False
8285.T,8285,三谷産業,スタンダード（内国株式）,卸売業,TOPIX Small 2,2026-08-31,2605.0,802.0,38299010.0,49670.0,31518600.0,False,True,True,True,True,False
2804.T,2804,ブルドックソース,プライム（内国株式）,食料品,TOPIX Small 2,2026-08-31,2605.0,1872.0,38245715.0,20980.0,21715200.0,False,True,True,True,True,False
281A.T,281A,インフォメティス,グロース（内国株式）,情報・通信業,-,2026-08-31,420.0,441.0,38242535.0,83930.0,26063100.0,False,True,True,True,True,False
9514.T,9514,エフオン,スタンダード（内国株式）,電気・ガス業,TOPIX Small 2,2026-08-31,2605.0,351.0,38238460.0,112310.0,29413800.0,False,True,True,True,True,False
8737.T,8737,あかつき本社,スタンダード（内国株式）,証券、商品先物取引業,-,2026-08-31,2605.0,636.0,38165340.0,60705.0,19270800.0,False,True,True,True,True,False
2307.T,2307,クロスキャット,プライム（内国株式）,情報・通信業,TOPIX Small 2,2026-08-31,2605.0,1077.0,38098055.0,36375.0,33494700.0,False,True,True,True,True,False
3446.T,3446,ジェイテックコーポレーション,スタンダード（内国株式）,金属製品,-,2026-08-31,2085.0,1571.0,38062950.0,24060.0,28278000.0,False,True,True,True,True,False
9539.T,9539,京葉瓦斯,スタンダード（内国株式）,電気・ガス業,-,2026-08-31,2605.0,1351.0,38029920.0,28085.0,4458300.0,False,True,True,True,True,False
2930.T,2930,北の達人コーポレーション,プライム（内国株式）,化学,TOPIX Small 2,2026-08-31,2605.0,133.0,37986675.0,301230.0,30031400.0,False,False,True,True,True,False
4809.T,4809,パラカ,プライム（内国株式）,不動産業,TOPIX Small 2,2026-08-31,2605.0,2054.0,37843275.0,18530.0,19923800.0,False,True,True,True,True,False
4395.T,4395,アクリート,グロース（内国株式）,情報・通信業,-,2026-08-31,1980.0,732.0,37809345.0,55825.0,22399200.0,False,True,True,True,True,False
2217.T,2217,モロゾフ,プライム（内国株式）,食料品,TOPIX Small 2,2026-08-31,2605.0,1519.0,37760755.0,25090.0,23392600.0,False,True,True,True,True,False
3173.T,3173,Ｃｏｍｉｎｉｘ,スタンダード（内国株式）,卸売業,-,2026-08-31,2605.0,1554.0,37698120.0,26095.0,7303800.0,False,True,True,True,True,False
2294.T,2294,柿安本店,プライム（内国株式）,食料品,TOPIX Small 2,2026-08-31,2605.0,2600.0,37656135.0,14560.0,23400000.0,False,True,True,True,True,False
1418.T,1418,インターライフホールディングス,スタンダード（内国株式）,建設業,-,2026-08-31,2605.0,595.0,37559765.0,62585.0,45874500.0,False,True,True,True,True,False
5951.T,5951,ダイニチ工業,スタンダード（内国株式）,金属製品,-,2026-08-31,2605.0,1232.0,37557950.0,29950.0,11827200.0,False,True,True,True,True,False
3777.T,3777,環境フレンドリーホールディングス,グロース（内国株式）,情報・通信業,-,2026-08-31,2605.0,47.0,37544625.0,798365.0,10485700.0,False,False,True,True,True,False
9769.T,9769,学究社,プライム（内国株式）,サービス業,TOPIX Small 2,2026-08-31,2605.0,2666.0,37318035.0,14135.0,17595600.0,False,True,True,True,True,False
7505.T,7505,扶桑電通,スタンダード（内国株式）,卸売業,-,2026-08-31,2605.0,2204.0,37276475.0,17700.0,16530000.0,False,True,True,True,True,False
7811.T,7811,中本パックス,スタンダード（内国株式）,その他製品,-,2026-08-31,2585.0,1966.0,37225765.0,19255.0,22019200.0,False,True,True,True,True,False
3242.T,3242,アーバネットコーポレーション,スタンダード（内国株式）,不動産業,-,2026-08-31,2605.0,531.0,37222725.0,72200.0,37063800.0,False,True,True,True,True,False
4433.T,4433,ヒト・コミュニケーションズ・ホールディングス,プライム（内国株式）,サービス業,TOPIX Small 2,2026-08-31,2605.0,875.0,37115980.0,41510.0,79100000.0,False,True,True,True,True,False
1972.T,1972,三晃金属工業,スタンダード（内国株式）,建設業,-,2026-08-31,2605.0,1348.0,36832430.0,28070.0,26825200.0,False,True,True,True,True,False
2676.T,2676,高千穂交易,プライム（内国株式）,卸売業,TOPIX Small 2,2026-08-31,2605.0,2100.0,36746610.0,17725.0,26040000.0,False,True,True,True,True,False
4574.T,4574,大幸薬品,プライム（内国株式）,医薬品,TOPIX Small 2,2026-08-31,2605.0,264.0,36597220.0,140515.0,22862400.0,False,True,True,True,True,False
3180.T,3180,ビューティガレージ,プライム（内国株式）,卸売業,TOPIX Small 2,2026-08-31,2605.0,1610.0,36563590.0,23840.0,77763000.0,False,True,True,True,True,False
2901.T,2901,ウェルディッシュ,スタンダード（内国株式）,食料品,-,2026-08-31,2605.0,152.0,36548105.0,228740.0,18893600.0,False,False,True,True,True,False
2498.T,2498,オリエンタルコンサルタンツホールディングス,スタンダード（内国株式）,サービス業,-,2026-08-31,2605.0,3265.0,36486975.0,11310.0,20896000.0,False,True,True,True,True,False
428A.T,428A,サイプレス・ホールディングス,スタンダード（内国株式）,小売業,-,2026-08-31,218.0,1440.0,36476455.0,26140.0,48960000.0,False,True,False,True,True,False
6858.T,6858,小野測器,スタンダード（内国株式）,電気機器,-,2026-08-31,2605.0,831.0,36438805.0,43705.0,54430500.0,False,True,True,True,True,False
6643.T,6643,戸上電機製作所,スタンダード（内国株式）,電気機器,-,2026-08-31,2605.0,5830.0,36438100.0,6265.0,42559000.0,False,True,True,True,True,False
7776.T,7776,セルシード,グロース（内国株式）,精密機器,-,2026-08-31,2605.0,233.0,36411685.0,157285.0,29847300.0,False,True,True,True,True,False
2193.T,2193,クックパッド,スタンダード（内国株式）,サービス業,TOPIX Small 2,2026-08-31,2605.0,133.0,36322735.0,279080.0,21745500.0,False,False,True,True,True,False
3529.T,3529,アツギ,スタンダード（内国株式）,繊維製品,-,2026-08-31,2605.0,1064.0,36136075.0,34525.0,33303200.0,False,True,True,True,True,False
4113.T,4113,田岡化学工業,スタンダード（内国株式）,化学,-,2026-08-31,2605.0,800.0,36132460.0,47325.0,45440000.0,False,True,True,True,True,False
208A.T,208A,構造計画研究所ホールディングス,スタンダード（内国株式）,情報・通信業,-,2026-08-31,2605.0,3005.0,36123385.0,12005.0,24040000.0,False,True,True,True,True,False
9733.T,9733,ナガセ,スタンダード（内国株式）,サービス業,-,2026-08-31,2605.0,2366.0,36102355.0,15610.0,75712000.0,False,True,True,True,True,False
2927.T,2927,ＡＦＣ－ＨＤアムスライフサイエンス,スタンダード（内国株式）,食料品,-,2026-08-31,2605.0,872.0,36065805.0,40805.0,25724000.0,False,True,True,True,True,False
6092.T,6092,エンバイオ・ホールディングス,スタンダード（内国株式）,サービス業,-,2026-08-31,2604.0,870.0,35971530.0,41810.0,46545000.0,False,True,True,True,True,False
6485.T,6485,前澤給装工業,スタンダード（内国株式）,機械,TOPIX Small 2,2026-08-31,2605.0,1705.0,35915250.0,21820.0,13810500.0,False,True,True,True,True,False
3306.T,3306,日本製麻,スタンダード（内国株式）,卸売業,-,2026-08-31,2605.0,669.0,35834385.0,56890.0,167584500.0,False,True,True,True,True,False
4538.T,4538,扶桑薬品工業,プライム（内国株式）,医薬品,TOPIX Small 2,2026-08-31,2605.0,2300.0,35748695.0,15890.0,17020000.0,False,True,True,True,True,False
9788.T,9788,ナック,プライム（内国株式）,サービス業,TOPIX Small 2,2026-08-31,2605.0,526.0,35525575.0,67325.0,41922200.0,False,True,True,True,True,False
6257.T,6257,藤商事,スタンダード（内国株式）,機械,-,2026-08-31,2605.0,1025.0,35474140.0,34930.0,11992500.0,False,True,True,True,True,False
6061.T,6061,ユニバーサル園芸社,スタンダード（内国株式）,サービス業,-,2026-08-31,2605.0,3290.0,35378615.0,11520.0,11844000.0,False,True,True,True,True,False
2134.T,2134,北浜キャピタルパートナーズ,スタンダード（内国株式）,サービス業,-,2026-08-31,2605.0,21.0,35376530.0,1626745.0,12072900.0,False,False,True,True,True,False
4479.T,4479,マクアケ,グロース（内国株式）,情報・通信業,-,2026-08-31,1640.0,966.0,35361115.0,39785.0,49652400.0,False,True,True,True,True,False
7683.T,7683,ダブルエー,プライム（内国株式）,小売業,TOPIX Small 2,2026-08-31,1667.0,1424.0,35224400.0,25370.0,49555200.0,False,True,True,True,True,False
4218.T,4218,ニチバン,プライム（内国株式）,化学,TOPIX Small 2,2026-08-31,2605.0,1976.0,35185365.0,18095.0,39322400.0,False,True,True,True,True,False
5660.T,5660,神鋼鋼線工業,スタンダード（内国株式）,鉄鋼,-,2026-08-28,2604.0,1900.0,35168790.0,18620.0,0.0,False,True,True,True,True,False
6149.T,6149,小田原エンジニアリング,スタンダード（内国株式）,機械,-,2026-08-31,2605.0,2337.0,34975365.0,15560.0,48142200.0,False,True,True,True,True,False
4179.T,4179,ジーネクスト,グロース（内国株式）,情報・通信業,-,2026-08-31,1329.0,378.0,34926330.0,96000.0,13267800.0,False,True,True,True,True,False
3417.T,3417,大木ヘルスケアホールディングス,スタンダード（内国株式）,卸売業,-,2026-08-31,2605.0,1032.0,34813590.0,33080.0,8152800.0,False,True,True,True,True,False
9941.T,9941,太洋物産,スタンダード（内国株式）,卸売業,-,2026-08-31,2605.0,1209.0,34781090.0,29055.0,27323400.0,False,True,True,True,True,False
8999.T,8999,グランディハウス,プライム（内国株式）,不動産業,TOPIX Small 2,2026-08-31,2605.0,575.0,34722040.0,61570.0,31855000.0,False,True,True,True,True,False
4176.T,4176,ココナラ,グロース（内国株式）,情報・通信業,-,2026-08-31,1333.0,288.0,34680930.0,126160.0,8755200.0,False,True,True,True,True,False
9399.T,9399,ビート・ホールディングス・リミテッド,スタンダード（外国株式）,情報・通信業,-,2026-08-31,2605.0,14.0,34589216.65,2529178.8,34150676.0,False,False,True,True,True,False
8927.T,8927,明豊エンタープライズ,スタンダード（内国株式）,不動産業,-,2026-08-31,2605.0,484.0,34570330.0,73480.0,37316400.0,False,True,True,True,True,False
1921.T,1921,巴コーポレーション,スタンダード（内国株式）,建設業,-,2026-08-31,2605.0,1978.0,34466550.0,18155.0,9098800.0,False,True,True,True,True,False
436A.T,436A,サイバーソリューションズ,グロース（内国株式）,情報・通信業,-,2026-08-31,208.0,1198.0,34456760.0,30280.0,102309200.0,False,True,False,True,True,False
3935.T,3935,エディア,スタンダード（内国株式）,情報・通信業,-,2026-08-31,2555.0,725.0,34426900.0,50590.0,34655000.0,False,True,True,True,True,False
9229.T,9229,サンウェルズ,プライム（内国株式）,サービス業,TOPIX Small 2,2026-08-31,1023.0,116.0,34170270.0,292425.0,6194400.0,False,False,True,True,True,False
8018.T,8018,三共生興,スタンダード（内国株式）,卸売業,TOPIX Small 2,2026-08-31,2605.0,885.0,34132645.0,39905.0,24514500.0,False,True,True,True,True,False
6626.T,6626,ＳＥＭＩＴＥＣ,スタンダード（内国株式）,電気機器,-,2026-08-31,2605.0,2280.0,34065815.0,15665.0,37620000.0,False,True,True,True,True,False
4382.T,4382,ＨＥＲＯＺ,スタンダード（内国株式）,情報・通信業,TOPIX Small 2,2026-08-31,2047.0,792.0,34042755.0,45315.0,73260000.0,False,True,True,True,True,False
6444.T,6444,サンデン,スタンダード（内国株式）,機械,-,2026-08-31,2605.0,194.0,34004955.0,179200.0,17518200.0,False,False,True,True,True,False
7082.T,7082,ジモティー,グロース（内国株式）,サービス業,-,2026-08-31,1602.0,1406.0,33990845.0,24185.0,8154800.0,False,True,True,True,True,False
4923.T,4923,コタ,プライム（内国株式）,化学,TOPIX Small 2,2026-08-31,2605.0,1255.0,33957540.0,27680.0,17444500.0,False,True,True,True,True,False
5363.T,5363,東京窯業,スタンダード（内国株式）,ガラス・土石製品,-,2026-08-31,2605.0,697.0,33815485.0,48895.0,16867400.0,False,True,True,True,True,False
4800.T,4800,オリコン,スタンダード（内国株式）,情報・通信業,-,2026-08-31,2605.0,1358.0,33771070.0,24880.0,5703600.0,False,True,True,True,True,False
9632.T,9632,スバル興業,スタンダード（内国株式）,サービス業,TOPIX Small 2,2026-08-31,2605.0,3775.0,33730650.0,9105.0,24915000.0,False,True,True,True,True,False
7678.T,7678,あさくま,スタンダード（内国株式）,小売業,-,2026-08-31,1752.0,3265.0,33700530.0,10840.0,43424500.0,False,True,True,True,True,False
8029.T,8029,ルックホールディングス,スタンダード（内国株式）,繊維製品,TOPIX Small 2,2026-08-31,2605.0,2683.0,33580610.0,12915.0,18244400.0,False,True,True,True,True,False
269A.T,269A,Ｓａｐｅｅｔ,グロース（内国株式）,情報・通信業,-,2026-08-31,448.0,2874.0,33569300.0,13010.0,45121800.0,False,True,True,True,True,False
7722.T,7722,国際計測器,スタンダード（内国株式）,精密機器,-,2026-08-31,2605.0,786.0,33354970.0,42760.0,22086600.0,False,True,True,True,True,False
2819.T,2819,エバラ食品工業,スタンダード（内国株式）,食料品,TOPIX Small 2,2026-08-31,2605.0,2578.0,33291720.0,13095.0,22686400.0,False,True,True,True,True,False
2983.T,2983,アールプランナー,グロース（内国株式）,不動産業,-,2026-08-31,1358.0,1702.0,33232930.0,20505.0,103651800.0,False,True,True,True,True,False
2700.T,2700,木徳神糧,スタンダード（内国株式）,卸売業,-,2026-08-31,2605.0,1811.0,33180415.0,18810.0,30968100.0,False,True,True,True,True,False
4891.T,4891,ティムス,グロース（内国株式）,医薬品,-,2026-08-31,923.0,109.0,33169225.0,310495.0,23729300.0,False,False,True,True,True,False
1873.T,1873,日本ハウスホールディングス,プライム（内国株式）,建設業,TOPIX Small 2,2026-08-31,2605.0,330.0,33117740.0,103460.0,24453000.0,False,True,True,True,True,False
4094.T,4094,日本化学産業,スタンダード（内国株式）,化学,-,2026-08-31,2605.0,2317.0,33076080.0,15095.0,27804000.0,False,True,True,True,True,False
2764.T,2764,ひらまつ,スタンダード（内国株式）,小売業,-,2026-08-31,2605.0,164.0,33019375.0,215860.0,61122800.0,False,False,True,True,True,False
9564.T,9564,ＦＣＥ,スタンダード（内国株式）,サービス業,-,2026-08-31,940.0,599.0,32998480.0,57130.0,23241200.0,False,True,True,True,True,False
7266.T,7266,今仙電機製作所,スタンダード（内国株式）,輸送用機器,-,2026-08-31,2605.0,1031.0,32977800.0,34045.0,28146300.0,False,True,True,True,True,False
3358.T,3358,Ｔｒａｉｌｈｅａｄ　Ｇｌｏｂａｌ　Ｈｏｌｄｉｎｇｓ,スタンダード（内国株式）,小売業,-,2026-08-31,2605.0,99.0,32964985.0,344090.0,5227200.0,False,False,True,True,True,False
3929.T,3929,ソーシャルワイヤー,グロース（内国株式）,情報・通信業,-,2026-08-31,2605.0,243.0,32925480.0,130435.0,7824600.0,False,True,True,True,True,False
5280.T,5280,ヨシコン,スタンダード（内国株式）,不動産業,-,2026-08-31,2605.0,2254.0,32889370.0,15115.0,36740200.0,False,True,True,True,True,False
4193.T,4193,ファブリカホールディングス,スタンダード（内国株式）,情報・通信業,-,2026-08-31,1320.0,2178.0,32870515.0,15335.0,15246000.0,False,True,True,True,True,False
4370.T,4370,モビルス,グロース（内国株式）,情報・通信業,-,2026-08-31,1221.0,376.0,32866310.0,89500.0,133028800.0,False,True,True,True,True,False
9560.T,9560,プログリット,グロース（内国株式）,サービス業,-,2026-08-31,959.0,931.0,32734750.0,37750.0,76993700.0,False,True,True,True,True,False
2436.T,2436,共同ピーアール,スタンダード（内国株式）,サービス業,-,2026-08-31,2605.0,631.0,32620665.0,51365.0,26628200.0,False,True,True,True,True,False
2462.T,2462,ライク,プライム（内国株式）,サービス業,TOPIX Small 2,2026-08-31,2605.0,1550.0,32582825.0,21330.0,20150000.0,False,True,True,True,True,False
9438.T,9438,エムティーアイ,プライム（内国株式）,情報・通信業,TOPIX Small 2,2026-08-31,2605.0,634.0,32519995.0,55195.0,31826800.0,False,True,True,True,True,False
2428.T,2428,ウェルネット,スタンダード（内国株式）,サービス業,-,2026-08-31,2605.0,640.0,32466480.0,51110.0,11008000.0,False,True,True,True,True,False
8747.T,8747,豊トラスティ証券,スタンダード（内国株式）,証券、商品先物取引業,-,2026-08-31,2605.0,2286.0,32440050.0,15195.0,21717000.0,False,True,True,True,True,False
6229.T,6229,オーケーエム,スタンダード（内国株式）,機械,-,2026-08-31,1394.0,1531.0,32425905.0,21145.0,23118100.0,False,True,True,True,True,False
2475.T,2475,ＷＤＢホールディングス,プライム（内国株式）,サービス業,TOPIX Small 2,2026-08-31,2605.0,1853.0,32396695.0,17895.0,10747400.0,False,True,True,True,True,False
5491.T,5491,日本金属,スタンダード（内国株式）,鉄鋼,-,2026-08-31,2605.0,940.0,32171450.0,34630.0,14100000.0,False,True,True,True,True,False
3640.T,3640,電算,スタンダード（内国株式）,情報・通信業,-,2026-08-31,2605.0,2888.0,32129635.0,11870.0,18483200.0,False,True,True,True,True,False
3447.T,3447,信和,スタンダード（内国株式）,金属製品,-,2026-08-31,2072.0,1031.0,32100100.0,31230.0,16702200.0,False,True,True,True,True,False
6335.T,6335,東京機械製作所,スタンダード（内国株式）,機械,-,2026-08-31,2605.0,594.0,32037305.0,52780.0,10751400.0,False,True,True,True,True,False
5578.T,5578,ＡＲアドバンストテクノロジ,グロース（内国株式）,情報・通信業,-,2026-08-31,778.0,853.0,31936910.0,37775.0,72590300.0,False,True,True,True,True,False
6050.T,6050,イー・ガーディアン,プライム（内国株式）,サービス業,TOPIX Small 2,2026-08-31,2605.0,1818.0,31739515.0,18105.0,45813600.0,False,True,True,True,True,False
5843.T,5843,ニッポンインシュア,スタンダード（内国株式）,その他金融業,-,2026-08-31,710.0,2413.0,31701860.0,12985.0,20269200.0,False,True,True,True,True,False
4430.T,4430,東海ソフト,スタンダード（内国株式）,情報・通信業,-,2026-08-31,1831.0,1801.0,31619410.0,18345.0,227646400.0,False,True,True,True,True,False
6955.T,6955,ＦＤＫ,スタンダード（内国株式）,電気機器,-,2026-08-31,2605.0,422.0,31300495.0,76555.0,41102800.0,False,True,True,True,True,False
4013.T,4013,勤次郎,グロース（内国株式）,情報・通信業,-,2026-08-31,1439.0,676.0,31269015.0,45505.0,18049200.0,False,True,True,True,True,False
2332.T,2332,クエスト,スタンダード（内国株式）,情報・通信業,-,2026-08-31,2605.0,1695.0,31176700.0,18280.0,10678500.0,False,True,True,True,True,False
3542.T,3542,ベガコーポレーション,グロース（内国株式）,小売業,-,2026-08-31,2507.0,1471.0,31165185.0,21880.0,28243200.0,False,True,True,True,True,False
3553.T,3553,共和レザー,スタンダード（内国株式）,化学,-,2026-08-31,2605.0,935.0,31160810.0,33915.0,24777500.0,False,True,True,True,True,False
6658.T,6658,シライ電子工業,スタンダード（内国株式）,電気機器,-,2026-08-31,2605.0,460.0,31145340.0,69880.0,19780000.0,False,True,True,True,True,False
6496.T,6496,中北製作所,スタンダード（内国株式）,機械,-,2026-08-31,2605.0,5650.0,31118300.0,5660.0,57630000.0,False,True,True,True,True,False
6151.T,6151,日東工器,プライム（内国株式）,機械,TOPIX Small 2,2026-08-31,2605.0,1745.0,30999630.0,17795.0,13436500.0,False,True,True,True,True,False
8705.T,8705,日産証券グループ,スタンダード（内国株式）,証券、商品先物取引業,-,2026-08-31,2605.0,223.0,30919465.0,143090.0,18308300.0,False,True,True,True,True,False
2935.T,2935,ピックルスホールディングス,プライム（内国株式）,食料品,TOPIX Small 2,2026-08-31,977.0,1207.0,30893240.0,26475.0,29812900.0,False,True,True,True,True,False
6721.T,6721,ウインテスト,スタンダード（内国株式）,電気機器,-,2026-08-31,2605.0,74.0,30800385.0,415955.0,9538600.0,False,False,True,True,True,False
6316.T,6316,丸山製作所,スタンダード（内国株式）,機械,-,2026-08-31,2605.0,3015.0,30692640.0,10635.0,13567500.0,False,True,True,True,True,False
9344.T,9344,アクシスコンサルティング,グロース（内国株式）,サービス業,-,2026-08-31,839.0,1303.0,30673580.0,23650.0,9642200.0,False,True,True,True,True,False
4476.T,4476,ＡＩ　ＣＲＯＳＳ,グロース（内国株式）,情報・通信業,-,2026-08-31,1683.0,1204.0,30622885.0,27220.0,26006400.0,False,True,True,True,True,False
2926.T,2926,篠崎屋,スタンダード（内国株式）,食料品,-,2026-08-31,2605.0,129.0,30517690.0,246460.0,25993500.0,False,False,True,True,True,False
6518.T,6518,三相電機,スタンダード（内国株式）,電気機器,-,2026-08-31,2605.0,1797.0,30484000.0,16160.0,22282800.0,False,True,True,True,True,False
9127.T,9127,玉井商船,スタンダード（内国株式）,海運業,-,2026-08-31,2605.0,3430.0,30440365.0,10080.0,19894000.0,False,True,True,True,True,False
3963.T,3963,シンクロ・フード,プライム（内国株式）,情報・通信業,-,2026-08-31,2444.0,356.0,30285985.0,86195.0,22606000.0,False,True,True,True,True,False
7273.T,7273,イクヨ,スタンダード（内国株式）,輸送用機器,-,2026-08-31,2605.0,597.0,30253515.0,50665.0,3820800.0,False,True,True,True,True,False
9414.T,9414,日本ＢＳ放送,スタンダード（内国株式）,情報・通信業,-,2026-08-31,2605.0,907.0,30252960.0,32940.0,36914900.0,False,True,True,True,True,False
1844.T,1844,大盛工業,スタンダード（内国株式）,建設業,-,2026-08-31,2605.0,490.0,30220255.0,62740.0,41895000.0,False,True,True,True,True,False
5958.T,5958,三洋工業,スタンダード（内国株式）,金属製品,-,2026-08-31,2605.0,4575.0,30146325.0,6530.0,8692500.0,False,True,True,True,True,False
9245.T,9245,リベロ,グロース（内国株式）,サービス業,-,2026-08-31,1205.0,1960.0,30040795.0,15195.0,20972000.0,False,True,True,True,True,False
6405.T,6405,鈴茂器工,スタンダード（内国株式）,機械,-,2026-08-31,2605.0,1230.0,29757255.0,25765.0,30504000.0,False,True,True,True,True,False
2445.T,2445,タカミヤ,スタンダード（内国株式）,サービス業,TOPIX Small 2,2026-08-31,2605.0,404.0,29728915.0,71595.0,21533200.0,False,True,True,True,True,False
7435.T,7435,ナ・デックス,スタンダード（内国株式）,卸売業,-,2026-08-31,2605.0,1332.0,29508860.0,22415.0,41292000.0,False,True,True,True,True,False
2404.T,2404,鉄人化ホールディングス,スタンダード（内国株式）,サービス業,-,2026-08-31,2605.0,542.0,29498785.0,52920.0,11707200.0,False,True,True,True,True,False
7628.T,7628,オーハシテクニカ,プライム（内国株式）,卸売業,TOPIX Small 2,2026-08-31,2605.0,1217.0,29485880.0,24840.0,27017400.0,False,True,True,True,True,False
2204.T,2204,中村屋,スタンダード（内国株式）,食料品,TOPIX Small 2,2026-08-31,2605.0,3185.0,29207700.0,9140.0,21021000.0,False,True,True,True,True,False
2788.T,2788,アップルインターナショナル,スタンダード（内国株式）,卸売業,-,2026-08-31,2605.0,427.0,29064030.0,70395.0,14219100.0,False,True,True,True,True,False
6382.T,6382,トリニティ工業,スタンダード（内国株式）,機械,-,2026-08-31,2605.0,1252.0,29057055.0,23615.0,18279200.0,False,True,True,True,True,False
3992.T,3992,ニーズウェル,プライム（内国株式）,情報・通信業,-,2026-08-31,2201.0,484.0,28986345.0,63385.0,56579600.0,False,True,True,True,True,False
1914.T,1914,日本基礎技術,スタンダード（内国株式）,建設業,-,2026-08-31,2605.0,805.0,28796920.0,38760.0,23264500.0,False,True,True,True,True,False
6069.T,6069,トレンダーズ,グロース（内国株式）,サービス業,-,2026-08-31,2605.0,702.0,28788205.0,42030.0,19164600.0,False,True,True,True,True,False
5940.T,5940,不二サッシ,スタンダード（内国株式）,金属製品,-,2026-08-31,2605.0,767.0,28765150.0,38265.0,13729300.0,False,True,True,True,True,False
2163.T,2163,アルトナー,プライム（内国株式）,サービス業,-,2026-08-31,2605.0,977.0,28686215.0,29705.0,20419300.0,False,True,True,True,True,False
1828.T,1828,田辺工業,スタンダード（内国株式）,建設業,-,2026-08-31,2605.0,2420.0,28673590.0,12305.0,38236000.0,False,True,True,True,True,False
9896.T,9896,ＪＫホールディングス,スタンダード（内国株式）,卸売業,TOPIX Small 2,2026-08-31,2605.0,1440.0,28640360.0,20350.0,24336000.0,False,True,True,True,True,False
3940.T,3940,ノムラシステムコーポレーション,スタンダード（内国株式）,情報・通信業,-,2026-08-31,2451.0,130.0,28564345.0,227520.0,23933000.0,False,False,True,True,True,False
2338.T,2338,クオンタムソリューションズ,スタンダード（内国株式）,情報・通信業,-,2026-08-31,2605.0,128.0,28432925.0,220210.0,36915200.0,False,False,True,True,True,False
5029.T,5029,サークレイス,グロース（内国株式）,情報・通信業,-,2026-08-31,1072.0,901.0,28379725.0,32200.0,34868700.0,False,True,True,True,True,False
5189.T,5189,櫻護謨,スタンダード（内国株式）,ゴム製品,-,2026-08-31,2605.0,3495.0,28346550.0,8200.0,1398000.0,False,True,True,True,True,False
5261.T,5261,リソルホールディングス,プライム（内国株式）,サービス業,-,2026-08-31,2605.0,7830.0,28344400.0,3705.0,7830000.0,False,True,True,True,True,False
7638.T,7638,ＮＥＷ　ＡＲＴ　ＨＯＬＤＩＮＧＳ,スタンダード（内国株式）,小売業,-,2026-08-31,2605.0,1412.0,28271335.0,20180.0,13555200.0,False,True,True,True,True,False
3834.T,3834,朝日ネット,プライム（内国株式）,情報・通信業,TOPIX Small 2,2026-08-31,2605.0,623.0,28258375.0,45390.0,43423100.0,False,True,True,True,True,False
5542.T,5542,新報国マテリアル,スタンダード（内国株式）,鉄鋼,-,2026-08-31,2605.0,943.0,28221090.0,30370.0,11410300.0,False,True,True,True,True,False
3237.T,3237,イントランス,グロース（内国株式）,不動産業,-,2026-08-31,2605.0,99.0,28195445.0,276595.0,10563300.0,False,False,True,True,True,False
4031.T,4031,片倉コープアグリ,スタンダード（内国株式）,化学,-,2026-08-31,2605.0,1145.0,28114840.0,25985.0,30228000.0,False,True,True,True,True,False
5282.T,5282,ジオスター,スタンダード（内国株式）,ガラス・土石製品,-,2026-08-31,2605.0,430.0,28109360.0,66770.0,14018000.0,False,True,True,True,True,False
6494.T,6494,ＮＦＫホールディングス,スタンダード（内国株式）,機械,-,2026-08-31,2605.0,97.0,28092140.0,285295.0,21097500.0,False,False,True,True,True,False
3913.T,3913,ＧｒｅｅｎＢｅｅ,スタンダード（内国株式）,情報・通信業,-,2026-08-31,2605.0,1145.0,28091510.0,25755.0,11221000.0,False,True,True,True,True,False
8152.T,8152,ソマール,スタンダード（内国株式）,卸売業,-,2026-08-31,2605.0,7390.0,28031500.0,3760.0,19953000.0,False,True,True,True,True,False
9248.T,9248,人・夢・技術グループ,スタンダード（内国株式）,サービス業,TOPIX Small 2,2026-08-31,1202.0,1745.0,28002465.0,16705.0,20242000.0,False,True,True,True,True,False
6907.T,6907,ジオマテック,スタンダード（内国株式）,電気機器,-,2026-08-31,2605.0,785.0,27959250.0,37155.0,8242500.0,False,True,True,True,True,False
6915.T,6915,千代田インテグレ,スタンダード（内国株式）,電気機器,TOPIX Small 2,2026-08-31,2605.0,3510.0,27923075.0,8205.0,21411000.0,False,True,True,True,True,False
9850.T,9850,グルメ杵屋,プライム（内国株式）,小売業,TOPIX Small 2,2026-08-31,2605.0,995.0,27829775.0,28310.0,32835000.0,False,True,True,True,True,False
6037.T,6037,楽待,スタンダード（内国株式）,サービス業,-,2026-08-31,2605.0,1082.0,27637950.0,26345.0,17636600.0,False,True,True,True,True,False
5599.T,5599,Ｓ＆Ｊ,グロース（内国株式）,情報・通信業,-,2026-08-31,660.0,1027.0,27593725.0,27270.0,24545300.0,False,True,True,True,True,False
7463.T,7463,アドヴァングループ,スタンダード（内国株式）,小売業,TOPIX Small 2,2026-08-31,2605.0,970.0,27511880.0,29180.0,25899000.0,False,True,True,True,True,False
7792.T,7792,コラントッテ,グロース（内国株式）,その他製品,-,2026-08-31,1258.0,1494.0,27447820.0,18840.0,11653200.0,False,True,True,True,True,False
3440.T,3440,日創グループ,スタンダード（内国株式）,金属製品,-,2026-08-31,1739.0,885.0,27348985.0,29880.0,36196500.0,False,True,True,True,True,False
6743.T,6743,大同信号,スタンダード（内国株式）,電気機器,-,2026-08-31,2605.0,1050.0,27261680.0,26030.0,12495000.0,False,True,True,True,True,False
4224.T,4224,ロンシール工業,スタンダード（内国株式）,化学,-,2026-08-31,2605.0,2136.0,27214765.0,12715.0,9184800.0,False,True,True,True,True,False
7048.T,7048,ベルトラ,グロース（内国株式）,サービス業,-,2026-08-31,1872.0,156.0,27206520.0,176025.0,14040000.0,False,False,True,True,True,False
8091.T,8091,ニチモウ,プライム（内国株式）,卸売業,-,2026-08-31,2605.0,2453.0,27186455.0,11355.0,16189800.0,False,True,True,True,True,False
9661.T,9661,歌舞伎座,スタンダード（内国株式）,サービス業,-,2026-08-31,2605.0,4375.0,27082950.0,6120.0,24500000.0,False,True,True,True,True,False
1827.T,1827,ナカノフドー建設,スタンダード（内国株式）,建設業,-,2026-08-31,2605.0,1402.0,27006630.0,19560.0,25376200.0,False,True,True,True,True,False
4772.T,4772,ＳＭ　ＥＮＴＥＲＴＡＩＮＭＥＮＴ　ＪＡＰＡＮ,グロース（内国株式）,情報・通信業,-,2026-08-31,2605.0,72.0,26893335.0,382190.0,5112000.0,False,False,True,True,True,False
4397.T,4397,チームスピリット,グロース（内国株式）,情報・通信業,-,2026-08-31,1961.0,437.0,26889835.0,65515.0,24035000.0,False,True,True,True,True,False
2776.T,2776,新都ホールディングス,スタンダード（内国株式）,卸売業,-,2026-08-31,2605.0,104.0,26824425.0,272770.0,19697600.0,False,False,True,True,True,False
7859.T,7859,アルメディオ,スタンダード（内国株式）,その他製品,-,2026-08-31,2605.0,258.0,26796460.0,112135.0,17853600.0,False,True,True,True,True,False
6035.T,6035,アイ・アールジャパンホールディングス,スタンダード（内国株式）,サービス業,TOPIX Small 2,2026-08-31,2605.0,752.0,26721110.0,36395.0,50008000.0,False,True,True,True,True,False
6803.T,6803,ティアック,スタンダード（内国株式）,電気機器,-,2026-08-31,2605.0,99.0,26673755.0,271505.0,28066500.0,False,False,True,True,True,False
6199.T,6199,セラク,スタンダード（内国株式）,情報・通信業,TOPIX Small 2,2026-08-31,2503.0,1405.0,26602185.0,19170.0,22761000.0,False,True,True,True,True,False
7475.T,7475,アルビス,プライム（内国株式）,小売業,TOPIX Small 2,2026-08-31,2605.0,2530.0,26602095.0,10595.0,32890000.0,False,True,True,True,True,False
2335.T,2335,キューブシステム,プライム（内国株式）,情報・通信業,TOPIX Small 2,2026-08-31,2605.0,1113.0,26569425.0,24415.0,63774900.0,False,True,True,True,True,False
4366.T,4366,ダイトーケミックス,スタンダード（内国株式）,化学,-,2026-08-31,2605.0,432.0,26494645.0,60485.0,22982400.0,False,True,True,True,True,False
9312.T,9312,ケイヒン,スタンダード（内国株式）,倉庫・運輸関連業,-,2026-08-31,2605.0,2887.0,26363225.0,9265.0,16167200.0,False,True,True,True,True,False
4801.T,4801,セントラルスポーツ,プライム（内国株式）,サービス業,TOPIX Small 2,2026-08-31,2605.0,2465.0,26334520.0,10780.0,22924500.0,False,True,True,True,True,False
2666.T,2666,オートウェーブ,スタンダード（内国株式）,小売業,-,2026-08-31,2605.0,184.0,26328475.0,143695.0,9623200.0,False,False,True,True,True,False
6533.T,6533,Ｏｒｃｈｅｓｔｒａ　Ｈｏｌｄｉｎｇｓ,プライム（内国株式）,サービス業,TOPIX Small 2,2026-08-31,2453.0,1180.0,26271965.0,21775.0,65844000.0,False,True,True,True,True,False
190A.T,190A,Ｃｈｏｒｄｉａ　Ｔｈｅｒａｐｅｕｔｉｃｓ,グロース（内国株式）,医薬品,-,2026-08-31,540.0,73.0,26259140.0,342710.0,22184700.0,False,False,True,True,True,False
7292.T,7292,村上開明堂,スタンダード（内国株式）,輸送用機器,-,2026-08-31,2605.0,6790.0,26234200.0,3930.0,31234000.0,False,True,True,True,True,False
6836.T,6836,ぷらっとホーム,スタンダード（内国株式）,電気機器,-,2026-08-31,2605.0,827.0,26203050.0,31825.0,3556100.0,False,True,True,True,True,False
7120.T,7120,ＳＨＩＮＫＯ,スタンダード（内国株式）,卸売業,-,2026-08-31,843.0,1002.0,26175475.0,26325.0,21442800.0,False,True,True,True,True,False
5284.T,5284,ヤマウホールディングス,スタンダード（内国株式）,ガラス・土石製品,-,2026-08-31,2605.0,2267.0,26122735.0,11575.0,5440800.0,False,True,True,True,True,False
4838.T,4838,スペースシャワーＳＫＩＹＡＫＩホールディングス,スタンダード（内国株式）,情報・通信業,-,2026-08-31,2605.0,713.0,26076130.0,38495.0,21461300.0,False,True,True,True,True,False
9271.T,9271,和心,グロース（内国株式）,小売業,-,2026-08-31,2064.0,983.0,26037180.0,24940.0,10911300.0,False,True,True,True,True,False
7983.T,7983,ミロク,スタンダード（内国株式）,その他製品,-,2026-08-31,2605.0,1235.0,26025395.0,19995.0,3458000.0,False,True,True,False,True,False
7352.T,7352,ＴＷＯＳＴＯＮＥ＆Ｓｏｎｓ,グロース（内国株式）,サービス業,-,2026-08-31,1501.0,336.0,26014960.0,73320.0,15220800.0,False,True,True,True,True,False
6338.T,6338,タカトリ,スタンダード（内国株式）,機械,-,2026-08-31,2605.0,1677.0,25949000.0,15685.0,18111600.0,False,True,True,True,True,False
1718.T,1718,美樹工業,スタンダード（内国株式）,建設業,-,2026-08-31,2605.0,6850.0,25874150.0,3810.0,2740000.0,False,True,True,True,True,False
2694.T,2694,焼肉坂井ホールディングス,スタンダード（内国株式）,小売業,-,2026-08-31,2605.0,72.0,25786005.0,359155.0,7740000.0,False,False,True,True,True,False
1376.T,1376,カネコ種苗,スタンダード（内国株式）,水産・農林業,TOPIX Small 2,2026-08-31,2605.0,1647.0,25782320.0,16160.0,10046700.0,False,True,True,True,True,False
5820.T,5820,三ッ星,スタンダード（内国株式）,非鉄金属,-,2026-08-31,2605.0,819.0,25768830.0,32945.0,11629800.0,False,True,True,True,True,False
2673.T,2673,夢みつけ隊,スタンダード（内国株式）,小売業,-,2026-08-31,2605.0,120.0,25722980.0,217475.0,4524000.0,False,False,True,True,True,False
549A.T,549A,ヒトトヒトホールディングス,スタンダード（内国株式）,サービス業,-,2026-08-31,99.0,520.0,25691240.0,51135.0,16588000.0,False,True,False,True,True,False
7068.T,7068,フィードフォースグループ,グロース（内国株式）,サービス業,-,2026-08-31,1745.0,628.0,25646830.0,43740.0,26878400.0,False,True,True,True,True,False
4196.T,4196,ネオマーケティング,スタンダード（内国株式）,情報・通信業,-,2026-08-31,1309.0,2159.0,25517725.0,12590.0,53543200.0,False,True,True,True,True,False
2112.T,2112,塩水港精糖,スタンダード（内国株式）,食料品,-,2026-08-31,2605.0,484.0,25505930.0,55060.0,15052400.0,False,True,True,True,True,False
4231.T,4231,タイガースポリマー,スタンダード（内国株式）,化学,-,2026-08-31,2605.0,1052.0,25418030.0,25175.0,14307200.0,False,True,True,True,True,False
2485.T,2485,ティア,スタンダード（内国株式）,サービス業,-,2026-08-31,2605.0,451.0,25371940.0,55780.0,21151900.0,False,True,True,True,True,False
3927.T,3927,フーバーブレイン,スタンダード（内国株式）,情報・通信業,-,2026-08-31,2605.0,893.0,25353170.0,26955.0,24378900.0,False,True,True,True,True,False
9994.T,9994,やまや,スタンダード（内国株式）,小売業,-,2026-08-31,2605.0,2060.0,25289735.0,12150.0,10918000.0,False,True,True,True,True,False
4783.T,4783,ＮＣＤ,スタンダード（内国株式）,情報・通信業,-,2026-08-31,2605.0,2690.0,25273220.0,9870.0,14526000.0,False,True,True,True,True,False
6557.T,6557,ＡＩＡＩグループ,グロース（内国株式）,サービス業,-,2026-08-31,2172.0,783.0,25251895.0,33145.0,6655500.0,False,True,True,True,True,False
160A.T,160A,アズパートナーズ,スタンダード（内国株式）,サービス業,-,2026-08-31,588.0,1999.0,25185455.0,12345.0,8395800.0,False,True,True,True,True,False
3747.T,3747,インタートレード,スタンダード（内国株式）,情報・通信業,-,2026-08-31,2605.0,438.0,25130500.0,56180.0,14322600.0,False,True,True,True,True,False
4374.T,4374,ＲＯＢＯＴ　ＰＡＹＭＥＮＴ,グロース（内国株式）,情報・通信業,-,2026-08-31,1205.0,2528.0,25112670.0,10315.0,4550400.0,False,True,True,True,True,False
7987.T,7987,ナカバヤシ,スタンダード（内国株式）,その他製品,TOPIX Small 2,2026-08-31,2605.0,570.0,25095270.0,44085.0,31350000.0,False,True,True,True,True,False
3187.T,3187,ミラタップ,グロース（内国株式）,小売業,-,2026-08-31,2605.0,359.0,25089040.0,68720.0,5636300.0,False,True,True,True,True,False
4199.T,4199,ワンダープラネット,グロース（内国株式）,情報・通信業,-,2026-08-31,1278.0,845.0,25049795.0,28905.0,10393500.0,False,True,True,True,True,False
6837.T,6837,京写,スタンダード（内国株式）,電気機器,-,2026-08-31,2605.0,376.0,24927375.0,68180.0,17032800.0,False,True,True,True,True,False
6678.T,6678,テクノメディカ,スタンダード（内国株式）,電気機器,TOPIX Small 2,2026-08-31,2605.0,2051.0,24862655.0,11945.0,14357000.0,False,True,True,True,True,False
5983.T,5983,イワブチ,スタンダード（内国株式）,金属製品,-,2026-08-31,2605.0,13640.0,24836350.0,1825.0,55924000.0,False,True,True,True,True,False
4882.T,4882,ペルセウスプロテオミクス,グロース（内国株式）,医薬品,-,2026-08-31,1270.0,144.0,24776815.0,171535.0,25934400.0,False,False,True,True,True,False
2198.T,2198,アイ・ケイ・ケイホールディングス,プライム（内国株式）,サービス業,-,2026-08-31,2605.0,792.0,24478510.0,31440.0,14335200.0,False,True,True,True,True,False
9639.T,9639,三協フロンテア,スタンダード（内国株式）,サービス業,-,2026-08-31,2605.0,2366.0,24338185.0,10380.0,16798600.0,False,True,True,True,True,False
6265.T,6265,コンバム,スタンダード（内国株式）,機械,-,2026-08-31,2605.0,3105.0,24281650.0,7210.0,4347000.0,False,True,True,True,True,False
372A.T,372A,レント,スタンダード（内国株式）,サービス業,-,2026-08-31,286.0,5650.0,24219750.0,4355.0,24860000.0,False,True,True,True,True,False
559A.T,559A,梅乃宿酒造,スタンダード（内国株式）,食料品,-,2026-08-31,86.0,1205.0,24198580.0,21405.0,25184500.0,False,True,False,True,True,False
4441.T,4441,トビラシステムズ,スタンダード（内国株式）,情報・通信業,-,2026-08-31,1790.0,1536.0,24144765.0,16010.0,15052800.0,False,True,True,True,True,False
369A.T,369A,エータイ,グロース（内国株式）,サービス業,-,2026-08-31,288.0,2515.0,24135040.0,9765.0,22132000.0,False,True,True,True,True,False
3921.T,3921,ネオジャパン,プライム（内国株式）,情報・通信業,TOPIX Small 2,2026-08-31,2605.0,1668.0,24042885.0,14880.0,19182000.0,False,True,True,True,True,False
3418.T,3418,バルニバービ,グロース（内国株式）,小売業,-,2026-08-31,2605.0,1059.0,23999625.0,22945.0,25733700.0,False,True,True,True,True,False
1867.T,1867,植木組,スタンダード（内国株式）,建設業,-,2026-08-31,2605.0,2742.0,23940155.0,8750.0,9048600.0,False,True,True,True,True,False
6262.T,6262,ＰＥＧＡＳＵＳ,スタンダード（内国株式）,機械,TOPIX Small 2,2026-08-31,2605.0,540.0,23921565.0,44985.0,14202000.0,False,True,True,True,True,False
3675.T,3675,クロス・マーケティンググループ,スタンダード（内国株式）,情報・通信業,-,2026-08-31,2605.0,611.0,23899085.0,39400.0,5804500.0,False,True,True,True,True,False
8928.T,8928,穴吹興産,スタンダード（内国株式）,不動産業,-,2026-08-31,2605.0,2349.0,23876510.0,10280.0,13389300.0,False,True,True,True,True,False
7291.T,7291,日本プラスト,スタンダード（内国株式）,輸送用機器,-,2026-08-31,2605.0,467.0,23864105.0,52695.0,13309500.0,False,True,True,True,True,False
7726.T,7726,黒田精工,スタンダード（内国株式）,機械,-,2026-08-31,2605.0,1373.0,23863060.0,17635.0,8512600.0,False,True,True,True,True,False
3077.T,3077,ホリイフードサービス,スタンダード（内国株式）,小売業,-,2026-08-31,2605.0,1228.0,23848135.0,23395.0,49488400.0,False,True,True,True,True,False
7962.T,7962,キングジム,プライム（内国株式）,その他製品,TOPIX Small 2,2026-08-31,2605.0,811.0,23763775.0,29400.0,12570500.0,False,True,True,True,True,False
6384.T,6384,昭和真空,スタンダード（内国株式）,機械,-,2026-08-31,2605.0,1710.0,23750020.0,14280.0,22401000.0,False,True,True,True,True,False
4998.T,4998,フマキラー,スタンダード（内国株式）,化学,-,2026-08-31,2605.0,1204.0,23669555.0,19870.0,28294000.0,False,True,True,True,True,False
4832.T,4832,ＪＦＥシステムズ,スタンダード（内国株式）,情報・通信業,-,2026-08-31,2605.0,1992.0,23624715.0,12165.0,20119200.0,False,True,True,True,True,False
6874.T,6874,協立電機,スタンダード（内国株式）,電気機器,-,2026-08-31,2605.0,2362.0,23624130.0,9920.0,5196400.0,False,True,True,True,True,False
5587.T,5587,インバウンドプラットフォーム,グロース（内国株式）,情報・通信業,-,2026-08-31,733.0,821.0,23513275.0,27270.0,7471100.0,False,True,True,True,True,False
3236.T,3236,プロパスト,スタンダード（内国株式）,不動産業,-,2026-08-31,2605.0,293.0,23443770.0,82175.0,28186600.0,False,True,True,True,True,False
6082.T,6082,ライドオンエクスプレスホールディングス,スタンダード（内国株式）,サービス業,TOPIX Small 2,2026-08-31,2605.0,1020.0,23370300.0,22870.0,11016000.0,False,True,True,True,True,False
2440.T,2440,ぐるなび,スタンダード（内国株式）,サービス業,TOPIX Small 2,2026-08-31,2605.0,132.0,23236540.0,182790.0,19773600.0,False,False,True,True,True,False
3392.T,3392,デリカフーズホールディングス,スタンダード（内国株式）,卸売業,-,2026-08-31,2605.0,804.0,23119135.0,28665.0,32401200.0,False,True,True,True,True,False
7908.T,7908,きもと,スタンダード（内国株式）,化学,-,2026-08-31,2605.0,241.0,23105435.0,96260.0,18846200.0,False,True,True,True,True,False
3744.T,3744,サイオス,スタンダード（内国株式）,情報・通信業,-,2026-08-31,2605.0,464.0,22937505.0,48755.0,10718400.0,False,True,True,True,True,False
4488.T,4488,ＡＩ　ｉｎｓｉｄｅ,グロース（内国株式）,情報・通信業,-,2026-08-31,1629.0,2347.0,22706195.0,10355.0,69705900.0,False,True,True,True,True,False
2999.T,2999,ホームポジション,スタンダード（内国株式）,不動産業,-,2026-08-31,1025.0,543.0,22653510.0,38050.0,23294700.0,False,True,True,True,True,False
4175.T,4175,ｃｏｌｙ,グロース（内国株式）,情報・通信業,-,2026-08-31,1348.0,2949.0,22618625.0,8020.0,13860300.0,False,True,True,True,True,False
9913.T,9913,日邦産業,スタンダード（内国株式）,卸売業,-,2026-08-31,2605.0,3645.0,22542900.0,6905.0,47749500.0,False,True,True,True,True,False
7694.T,7694,いつも,グロース（内国株式）,小売業,-,2026-08-31,1391.0,627.0,22473390.0,40245.0,172487700.0,False,True,True,True,True,False
6904.T,6904,原田工業,スタンダード（内国株式）,電気機器,-,2026-08-31,2605.0,556.0,22435470.0,40525.0,4170000.0,False,True,True,True,True,False
6030.T,6030,アドベンチャー,グロース（内国株式）,サービス業,-,2026-08-31,2605.0,1638.0,22417370.0,14600.0,10974600.0,False,True,True,True,True,False
3807.T,3807,フィスコ,グロース（内国株式）,情報・通信業,-,2026-08-31,2605.0,89.0,22353415.0,254695.0,23326900.0,False,False,True,True,True,False
6853.T,6853,共和電業,スタンダード（内国株式）,電気機器,-,2026-08-31,2605.0,773.0,22300670.0,28860.0,22339700.0,False,True,True,True,True,False
3154.T,3154,メディアスホールディングス,プライム（内国株式）,卸売業,TOPIX Small 2,2026-08-31,2605.0,809.0,22266020.0,28010.0,9303500.0,False,True,True,True,True,False
6573.T,6573,ＣＲＡＶＩＡ,グロース（内国株式）,サービス業,-,2026-08-31,2064.0,30.0,22221380.0,793010.0,31275000.0,False,False,True,True,True,False
2488.T,2488,ＪＴＰ,スタンダード（内国株式）,サービス業,-,2026-08-31,2605.0,1502.0,22204250.0,15275.0,5557400.0,False,True,True,True,True,False
9633.T,9633,東京テアトル,スタンダード（内国株式）,不動産業,-,2026-08-31,2605.0,1970.0,22193125.0,12025.0,107956000.0,False,True,True,True,True,False
3183.T,3183,ウイン・パートナーズ,プライム（内国株式）,卸売業,TOPIX Small 2,2026-08-31,2605.0,1277.0,22190640.0,17390.0,19665800.0,False,True,True,True,True,False
6989.T,6989,北陸電気工業,スタンダード（内国株式）,電気機器,-,2026-08-31,2605.0,2462.0,22046000.0,8970.0,7386000.0,False,True,True,True,True,False
9845.T,9845,パーカーコーポレーション,スタンダード（内国株式）,化学,-,2026-08-31,2605.0,1421.0,21927105.0,15275.0,21883400.0,False,True,True,True,True,False
5391.T,5391,エーアンドエーマテリアル,スタンダード（内国株式）,ガラス・土石製品,-,2026-08-31,2605.0,1513.0,21868315.0,14695.0,12709200.0,False,True,True,True,True,False
6228.T,6228,ジェイ・イー・ティ,スタンダード（内国株式）,機械,-,2026-08-31,1327.0,489.0,21832095.0,42920.0,21760500.0,False,True,True,True,True,False
8887.T,8887,シーラホールディングス,スタンダード（内国株式）,不動産業,-,2026-08-31,2605.0,383.0,21824560.0,57115.0,11528300.0,False,True,True,True,True,False
2693.T,2693,ＹＫＴ,スタンダード（内国株式）,卸売業,-,2026-08-31,2605.0,284.0,21795030.0,71240.0,15421200.0,False,True,True,True,True,False
8275.T,8275,フォーバル,スタンダード（内国株式）,卸売業,TOPIX Small 2,2026-08-31,2605.0,1010.0,21738635.0,21730.0,34542000.0,False,True,True,True,True,False
7425.T,7425,初穂商事,スタンダード（内国株式）,卸売業,-,2026-08-31,2605.0,1126.0,21730060.0,19145.0,2815000.0,False,True,True,True,True,False
5884.T,5884,クラダシ,グロース（内国株式）,小売業,-,2026-08-31,774.0,645.0,21691485.0,34160.0,7224000.0,False,True,True,True,True,False
4883.T,4883,モダリス,グロース（内国株式）,医薬品,-,2026-08-31,1486.0,34.0,21653215.0,667820.0,38811000.0,False,False,True,True,True,False
9235.T,9235,売れるネット広告社グループ,グロース（内国株式）,サービス業,-,2026-08-31,697.0,495.0,21633605.0,43400.0,12771000.0,False,True,True,True,True,False
4264.T,4264,セキュア,グロース（内国株式）,情報・通信業,-,2026-08-31,1142.0,1486.0,21594835.0,14180.0,18426400.0,False,True,True,True,True,False
7212.T,7212,エフテック,スタンダード（内国株式）,輸送用機器,-,2026-08-31,2605.0,760.0,21576810.0,29835.0,16644000.0,False,True,True,True,True,False
9252.T,9252,ラストワンマイル,グロース（内国株式）,サービス業,-,2026-08-31,1166.0,3905.0,21464925.0,5595.0,71461500.0,False,True,True,True,True,False
3835.T,3835,ｅＢＡＳＥ,プライム（内国株式）,情報・通信業,TOPIX Small 2,2026-08-31,2605.0,441.0,21458350.0,50020.0,48069000.0,False,True,True,True,True,False
407A.T,407A,ＵＮＩＣＯＮホールディングス,スタンダード（内国株式）,建設業,-,2026-08-31,226.0,950.0,21449220.0,23620.0,9785000.0,False,True,False,True,True,False
4436.T,4436,ミンカブ・ジ・インフォノイド,グロース（内国株式）,情報・通信業,-,2026-08-31,1817.0,421.0,21447480.0,49800.0,17261000.0,False,True,True,True,True,False
5870.T,5870,ナルネットコミュニケーションズ,グロース（内国株式）,サービス業,-,2026-08-31,654.0,904.0,21444755.0,24445.0,5604800.0,False,True,True,True,True,False
2303.T,2303,ドーン,スタンダード（内国株式）,情報・通信業,-,2026-08-31,2605.0,1380.0,21378940.0,16005.0,55200000.0,False,True,True,True,True,False
1866.T,1866,北野建設,スタンダード（内国株式）,建設業,-,2026-08-31,2605.0,1190.0,21343935.0,18125.0,5831000.0,False,True,True,True,True,False
3930.T,3930,はてな,グロース（内国株式）,情報・通信業,-,2026-08-31,2590.0,777.0,21322870.0,28395.0,6915300.0,False,True,True,True,True,False
211A.T,211A,カドス・コーポレーション,スタンダード（内国株式）,建設業,-,2026-08-31,517.0,3355.0,21220500.0,6395.0,5032500.0,False,True,True,True,True,False
7069.T,7069,サイバー・バズ,グロース（内国株式）,サービス業,-,2026-08-31,1695.0,551.0,21167420.0,36505.0,4959000.0,False,True,True,True,True,False
5216.T,5216,倉元製作所,スタンダード（内国株式）,ガラス・土石製品,-,2026-08-31,2605.0,157.0,21127150.0,136640.0,26674300.0,False,False,True,True,True,False
7356.T,7356,Ｒｅｔｔｙ,グロース（内国株式）,サービス業,-,2026-08-31,1426.0,118.0,21066640.0,170460.0,2029600.0,False,False,True,True,True,False
246A.T,246A,アスア,グロース（内国株式）,サービス業,-,2026-08-31,470.0,930.0,20903455.0,22010.0,3069000.0,False,True,True,True,True,False
7875.T,7875,竹田ｉＰホールディングス,スタンダード（内国株式）,その他製品,-,2026-08-31,2109.0,814.0,20884450.0,25250.0,7814400.0,False,True,True,True,True,False
3467.T,3467,アグレ都市デザイン,スタンダード（内国株式）,不動産業,-,2026-08-31,2574.0,2999.0,20867255.0,7305.0,14995000.0,False,True,True,True,True,False
3195.T,3195,ジェネレーションパス,スタンダード（内国株式）,小売業,-,2026-08-31,2605.0,725.0,20854795.0,32685.0,51910000.0,False,True,True,True,True,False
2923.T,2923,サトウ食品,スタンダード（内国株式）,食料品,-,2026-08-31,2605.0,7960.0,20814000.0,2550.0,30248000.0,False,True,True,True,True,False
8904.T,8904,ＡＶＡＮＴＩＡ,スタンダード（内国株式）,不動産業,-,2026-08-31,2605.0,834.0,20423720.0,23740.0,21517200.0,False,True,True,True,True,False
4394.T,4394,エクスモーション,グロース（内国株式）,情報・通信業,-,2026-08-31,1980.0,686.0,20281425.0,31435.0,234817800.0,False,True,True,True,True,False
7805.T,7805,プリントネット,スタンダード（内国株式）,その他製品,-,2026-08-31,1920.0,711.0,20261160.0,27590.0,19268100.0,False,True,True,True,True,False
4261.T,4261,アジアクエスト,グロース（内国株式）,情報・通信業,-,2026-08-31,1143.0,3000.0,20230300.0,6840.0,15000000.0,False,True,True,True,True,False
3695.T,3695,ＧＭＯプロダクトプラットフォーム,グロース（内国株式）,情報・通信業,-,2026-08-31,2605.0,1436.0,20222420.0,14100.0,9334000.0,False,True,True,True,True,False
554A.T,554A,バトンズ,グロース（内国株式）,情報・通信業,-,2026-08-31,88.0,1562.0,20217720.0,13300.0,5310800.0,False,True,False,True,True,False
5033.T,5033,ヌーラボ,グロース（内国株式）,情報・通信業,-,2026-08-31,1022.0,955.0,20217585.0,22670.0,25880500.0,False,True,True,True,True,False
5575.T,5575,Ｇｌｏｂｅｅ,グロース（内国株式）,情報・通信業,-,2026-08-31,786.0,1142.0,20179945.0,17025.0,33118000.0,False,True,True,True,True,False
5139.T,5139,オープンワーク,グロース（内国株式）,情報・通信業,-,2026-08-31,906.0,964.0,20136490.0,21240.0,16484400.0,False,True,True,True,True,False
7571.T,7571,ヤマノホールディングス,スタンダード（内国株式）,小売業,-,2026-08-31,2605.0,91.0,20047075.0,232790.0,27154400.0,False,False,True,True,True,False
6156.T,6156,エーワン精密,スタンダード（内国株式）,機械,-,2026-08-31,2605.0,1887.0,20043960.0,10685.0,22832700.0,False,True,True,True,True,False
5588.T,5588,ファーストアカウンティング,グロース（内国株式）,情報・通信業,-,2026-08-31,717.0,875.0,20013130.0,24275.0,19862500.0,False,True,True,True,True,False
7030.T,7030,スプリックス,スタンダード（内国株式）,サービス業,-,2026-08-31,1999.0,985.0,19952755.0,20065.0,5614500.0,False,True,True,True,True,False
9325.T,9325,ファイズホールディングス,スタンダード（内国株式）,倉庫・運輸関連業,-,2026-08-31,2331.0,1100.0,19920700.0,18510.0,11770000.0,False,True,True,True,True,False
7378.T,7378,アシロ,グロース（内国株式）,サービス業,-,2026-08-31,1250.0,1629.0,19849525.0,12790.0,95785200.0,False,True,True,True,True,False
7049.T,7049,識学,グロース（内国株式）,サービス業,-,2026-08-31,1833.0,815.0,19847270.0,23300.0,17767000.0,False,True,True,True,True,False
3004.T,3004,神栄,スタンダード（内国株式）,卸売業,-,2026-08-31,2605.0,2090.0,19760035.0,9585.0,13794000.0,False,True,True,True,True,False
8046.T,8046,丸藤シートパイル,スタンダード（内国株式）,卸売業,-,2026-08-31,2605.0,1010.0,19724845.0,19910.0,9999000.0,False,True,True,True,True,False
7561.T,7561,ハークスレイホールディングス,スタンダード（内国株式）,小売業,-,2026-08-31,2605.0,729.0,19598280.0,28095.0,12757500.0,False,True,True,True,True,False
2934.T,2934,ジェイフロンティア,グロース（内国株式）,食料品,-,2026-08-31,1225.0,2016.0,19569585.0,9840.0,9878400.0,False,True,True,True,True,False
4379.T,4379,Ｐｈｏｔｏｓｙｎｔｈ,グロース（内国株式）,情報・通信業,-,2026-08-31,1178.0,445.0,19457555.0,44545.0,8054500.0,False,True,True,True,True,False
5446.T,5446,北越メタル,スタンダード（内国株式）,鉄鋼,-,2026-08-31,2605.0,1080.0,19430040.0,16770.0,864000.0,False,True,True,True,True,False
4347.T,4347,ブロードメディア,スタンダード（内国株式）,サービス業,-,2026-08-31,2605.0,1679.0,19422040.0,11645.0,3022200.0,False,True,True,True,True,False
7374.T,7374,コンフィデンス・インターワークス,グロース（内国株式）,サービス業,-,2026-08-31,1266.0,1538.0,19365965.0,12720.0,31221400.0,False,True,True,True,True,False
1381.T,1381,アクシーズ,スタンダード（内国株式）,水産・農林業,-,2026-08-31,2605.0,3600.0,19333350.0,5590.0,16560000.0,False,True,True,True,True,False
2751.T,2751,テンポスホールディングス,スタンダード（内国株式）,卸売業,-,2026-08-31,2605.0,3765.0,19240950.0,5120.0,11671500.0,False,True,True,True,True,False
1443.T,1443,技研ホールディングス,スタンダード（内国株式）,建設業,-,2026-08-31,2122.0,284.0,19175160.0,69915.0,5026800.0,False,True,True,True,True,False
3501.T,3501,ＳＵＭＩＮＯＥ,プライム（内国株式）,繊維製品,-,2026-08-31,2605.0,1197.0,19165995.0,16295.0,19271700.0,False,True,True,True,True,False
6748.T,6748,星和電機,スタンダード（内国株式）,電気機器,-,2026-08-31,2605.0,792.0,19068685.0,24510.0,4039200.0,False,True,True,True,True,False
3021.T,3021,パシフィックネット,スタンダード（内国株式）,サービス業,-,2026-08-31,2605.0,1627.0,19050205.0,11770.0,12039800.0,False,True,True,True,True,False
4119.T,4119,日本ピグメントホールディングス,スタンダード（内国株式）,化学,-,2026-08-31,2605.0,5860.0,19020650.0,3185.0,7032000.0,False,True,True,True,True,False
2208.T,2208,ブルボン,スタンダード（内国株式）,食料品,-,2026-08-31,2605.0,3090.0,18995050.0,6135.0,8034000.0,False,True,True,True,True,False
8835.T,8835,太平洋興発,スタンダード（内国株式）,卸売業,-,2026-08-31,2605.0,807.0,18934745.0,24025.0,7182300.0,False,True,True,True,True,False
7150.T,7150,島根銀行,スタンダード（内国株式）,銀行業,-,2026-08-31,2605.0,533.0,18933115.0,36695.0,21106800.0,False,True,True,True,True,False
4829.T,4829,日本エンタープライズ,スタンダード（内国株式）,情報・通信業,-,2026-08-31,2605.0,110.0,18827545.0,173470.0,15895000.0,False,False,True,True,True,False
7022.T,7022,サノヤスホールディングス,スタンダード（内国株式）,機械,-,2026-08-31,2605.0,315.0,18803090.0,60190.0,8284500.0,False,True,True,True,True,False
8365.T,8365,富山銀行,スタンダード（内国株式）,銀行業,-,2026-08-31,2605.0,2379.0,18720380.0,8010.0,10229700.0,False,True,True,True,True,False
3926.T,3926,オープンドア,スタンダード（内国株式）,情報・通信業,TOPIX Small 2,2026-08-31,2605.0,416.0,18705465.0,46105.0,17180800.0,False,True,True,True,True,False
3918.T,3918,ＰＣＩホールディングス,スタンダード（内国株式）,情報・通信業,-,2026-08-31,2605.0,1244.0,18675900.0,15930.0,54114000.0,False,True,True,True,True,False
5103.T,5103,昭和ホールディングス,スタンダード（内国株式）,ゴム製品,-,2026-08-24,2600.0,1.0,18653805.0,3575175.0,14331500.0,False,False,True,False,False,False
7781.T,7781,平山ホールディングス,スタンダード（内国株式）,精密機器,-,2026-08-31,2605.0,886.0,18645840.0,22080.0,5316000.0,False,True,True,True,True,False
5464.T,5464,モリ工業,スタンダード（内国株式）,鉄鋼,TOPIX Small 2,2026-08-31,2605.0,947.0,18486590.0,19550.0,13636800.0,False,True,True,True,True,False
274A.T,274A,ガーデン,スタンダード（内国株式）,小売業,-,2026-08-31,431.0,2310.0,18476515.0,7900.0,19404000.0,False,True,True,True,True,False
7175.T,7175,今村証券,スタンダード（内国株式）,証券、商品先物取引業,-,2026-08-31,2605.0,1978.0,18465805.0,10030.0,23538200.0,False,True,True,True,True,False
7567.T,7567,栄電子,スタンダード（内国株式）,卸売業,-,2026-08-31,2605.0,614.0,18450030.0,29835.0,4482200.0,False,True,True,True,True,False
7213.T,7213,レシップホールディングス,スタンダード（内国株式）,輸送用機器,-,2026-08-31,2605.0,688.0,18429505.0,28150.0,13209600.0,False,True,True,True,True,False
2330.T,2330,フォーサイド,スタンダード（内国株式）,情報・通信業,-,2026-08-31,2605.0,81.0,18428475.0,230945.0,15681600.0,False,False,True,True,True,False
2195.T,2195,アミタホールディングス,グロース（内国株式）,サービス業,-,2026-08-31,2605.0,395.0,18406010.0,49070.0,205400000.0,False,True,True,True,True,False
3121.T,3121,マーチャント・バンカーズ,スタンダード（内国株式）,サービス業,-,2026-08-31,2605.0,276.0,18377360.0,72655.0,16642800.0,False,True,True,True,True,False
5591.T,5591,ＡＶＩＬＥＮ,グロース（内国株式）,情報・通信業,-,2026-08-31,714.0,899.0,18370230.0,21950.0,34701400.0,False,True,True,True,True,False
4845.T,4845,スカラ,スタンダード（内国株式）,情報・通信業,TOPIX Small 2,2026-08-31,2605.0,358.0,18302760.0,52170.0,12243600.0,False,True,True,True,True,False
8041.T,8041,ＯＵＧホールディングス,スタンダード（内国株式）,卸売業,-,2026-08-31,2605.0,4710.0,18228925.0,4050.0,18840000.0,False,True,True,True,True,False
6086.T,6086,シンメンテホールディングス,グロース（内国株式）,サービス業,-,2026-08-31,2605.0,1040.0,18225010.0,17375.0,11544000.0,False,True,True,True,True,False
3772.T,3772,ウェルス・マネジメント,スタンダード（内国株式）,不動産業,-,2026-08-31,2605.0,1106.0,18209170.0,16900.0,25438000.0,False,True,True,True,True,False
548A.T,548A,システムエグゼ,スタンダード（内国株式）,情報・通信業,-,2026-08-31,100.0,971.0,18157715.0,19280.0,25343100.0,False,True,False,True,True,False
206A.T,206A,ＰＲＩＳＭ　ＢｉｏＬａｂ,グロース（内国株式）,医薬品,-,2026-08-31,528.0,177.0,18147855.0,107270.0,13558200.0,False,False,True,True,True,False
4412.T,4412,サイエンスアーツ,グロース（内国株式）,情報・通信業,-,2026-08-31,1165.0,1317.0,18147540.0,14925.0,32529900.0,False,True,True,True,True,False
4274.T,4274,細谷火工,スタンダード（内国株式）,化学,-,2026-08-31,2605.0,1099.0,18063600.0,16670.0,14506800.0,False,True,True,True,True,False
5942.T,5942,日本フイルコン,スタンダード（内国株式）,金属製品,-,2026-08-31,2605.0,645.0,18058745.0,27975.0,24897000.0,False,True,True,True,True,False
6870.T,6870,日本フェンオール,スタンダード（内国株式）,電気機器,-,2026-08-31,2605.0,2206.0,17976075.0,8100.0,5294400.0,False,True,True,True,True,False
8931.T,8931,和田興産,スタンダード（内国株式）,不動産業,-,2026-08-31,2605.0,1347.0,17853695.0,12785.0,15625200.0,False,True,True,True,True,False
3597.T,3597,自重堂,スタンダード（内国株式）,繊維製品,-,2026-08-31,2605.0,9110.0,17792000.0,1960.0,21864000.0,False,True,True,True,True,False
4235.T,4235,ウルトラファブリックス・ホールディングス,スタンダード（内国株式）,化学,-,2026-08-31,2605.0,693.0,17689495.0,25155.0,10256400.0,False,True,True,True,True,False
3951.T,3951,朝日印刷,スタンダード（内国株式）,パルプ・紙,-,2026-08-31,2605.0,904.0,17544810.0,19605.0,15729600.0,False,True,True,True,True,False
8769.T,8769,アドバンテッジリスクマネジメント,スタンダード（内国株式）,サービス業,-,2026-08-31,2605.0,508.0,17536410.0,34505.0,8178800.0,False,True,True,True,True,False
6919.T,6919,ケル,スタンダード（内国株式）,電気機器,-,2026-08-31,2605.0,1439.0,17524960.0,12355.0,18275300.0,False,True,True,True,True,False
6279.T,6279,瑞光,プライム（内国株式）,機械,TOPIX Small 2,2026-08-31,2605.0,932.0,17498665.0,18840.0,16403200.0,False,True,True,True,True,False
2164.T,2164,地域新聞社,スタンダード（内国株式）,サービス業,-,2026-08-31,2605.0,145.0,17464095.0,113125.0,40977000.0,False,False,True,True,True,False
3069.T,3069,ＪＦＬＡホールディングス,スタンダード（内国株式）,食料品,-,2026-08-31,2605.0,169.0,17456550.0,104890.0,13317200.0,False,False,True,True,True,False
460A.T,460A,ＢＲＡＮＵ,グロース（内国株式）,情報・通信業,-,2026-08-31,183.0,1065.0,17455230.0,16905.0,7348500.0,False,True,False,True,True,False
9441.T,9441,ベルパーク,スタンダード（内国株式）,情報・通信業,-,2026-08-31,2605.0,3080.0,17413005.0,5965.0,3388000.0,False,True,True,True,True,False
5658.T,5658,日亜鋼業,スタンダード（内国株式）,鉄鋼,-,2026-08-31,2605.0,406.0,17353030.0,44410.0,9906400.0,False,True,True,True,True,False
4237.T,4237,フジプレアム,スタンダード（内国株式）,化学,-,2026-08-31,2605.0,358.0,17351845.0,49790.0,21981200.0,False,True,True,True,True,False
3987.T,3987,エコモット,グロース（内国株式）,情報・通信業,-,2026-08-31,2266.0,701.0,17339890.0,25555.0,88956900.0,False,True,True,True,True,False
2573.T,2573,北海道コカ・コーラボトリング,スタンダード（内国株式）,食料品,-,2026-08-31,2605.0,4080.0,17319775.0,4325.0,35088000.0,False,True,True,True,True,False
2936.T,2936,ベースフード,グロース（内国株式）,食料品,-,2026-08-31,928.0,274.0,17318340.0,63320.0,5397800.0,False,True,True,True,True,False
9478.T,9478,ＳＥホールディングス・アンド・インキュベーションズ,スタンダード（内国株式）,情報・通信業,-,2026-08-31,2605.0,532.0,17279170.0,32785.0,43358000.0,False,True,True,True,True,False
6040.T,6040,日本スキー場開発,グロース（内国株式）,サービス業,-,2026-08-31,2605.0,471.0,17237450.0,37785.0,9372900.0,False,True,True,True,True,False
4576.T,4576,デ・ウエスタン・セラピテクス研究所,グロース（内国株式）,医薬品,-,2026-08-31,2605.0,89.0,17234110.0,204855.0,21449000.0,False,False,True,True,True,False
2340.T,2340,極楽湯ホールディングス,スタンダード（内国株式）,サービス業,-,2026-08-31,2605.0,522.0,17190310.0,33180.0,18426600.0,False,True,True,True,True,False
5133.T,5133,テリロジーホールディングス,スタンダード（内国株式）,情報・通信業,-,2026-08-31,937.0,320.0,17178310.0,54770.0,26976000.0,False,True,True,True,True,False
330A.T,330A,ＴａｌｅｎｔＸ,グロース（内国株式）,情報・通信業,-,2026-08-31,356.0,528.0,17167810.0,33925.0,7128000.0,False,True,True,True,True,False
7247.T,7247,ミクニ,スタンダード（内国株式）,輸送用機器,-,2026-08-31,2605.0,375.0,17162295.0,46875.0,18037500.0,False,True,True,True,True,False
9046.T,9046,神戸電鉄,スタンダード（内国株式）,陸運業,TOPIX Small 2,2026-08-31,2605.0,2484.0,17129290.0,6970.0,16642800.0,False,True,True,True,True,False
1994.T,1994,高橋カーテンウォール工業,スタンダード（内国株式）,建設業,-,2026-08-31,2605.0,630.0,17047770.0,29075.0,59598000.0,False,True,True,True,True,False
9272.T,9272,ブティックス,グロース（内国株式）,サービス業,-,2026-08-31,2061.0,1449.0,16996625.0,11985.0,5361300.0,False,True,True,True,True,False
7065.T,7065,ユーピーアール,スタンダード（内国株式）,サービス業,-,2026-08-31,1763.0,997.0,16960260.0,16880.0,17746600.0,False,True,True,True,True,False
7695.T,7695,交換できるくん,グロース（内国株式）,小売業,-,2026-08-31,1390.0,898.0,16949360.0,19755.0,23078600.0,False,True,True,True,True,False
9854.T,9854,愛眼,スタンダード（内国株式）,小売業,-,2026-08-31,2605.0,283.0,16949065.0,60135.0,11772800.0,False,True,True,True,True,False
2762.T,2762,ＳＡＮＫＯ　ＭＡＲＫＥＴＩＮＧ　ＦＯＯＤＳ,スタンダード（内国株式）,小売業,-,2026-08-31,2605.0,69.0,16948405.0,228890.0,8687100.0,False,False,True,True,True,False
2667.T,2667,イメージ　ワン,スタンダード（内国株式）,卸売業,-,2026-08-31,2605.0,101.0,16888650.0,157660.0,13756200.0,False,False,True,True,True,False
2321.T,2321,ソフトフロントホールディングス,グロース（内国株式）,情報・通信業,-,2026-08-31,2605.0,139.0,16851520.0,126955.0,3711300.0,False,False,True,True,True,False
6073.T,6073,アサンテ,プライム（内国株式）,サービス業,TOPIX Small 2,2026-08-31,2605.0,1525.0,16739375.0,11120.0,8540000.0,False,True,True,True,True,False
4531.T,4531,有機合成薬品工業,スタンダード（内国株式）,化学,-,2026-08-31,2605.0,370.0,16702775.0,47005.0,19536000.0,False,True,True,True,True,False
5915.T,5915,駒井ハルテック,スタンダード（内国株式）,金属製品,-,2026-08-31,2605.0,2481.0,16670055.0,7045.0,5210100.0,False,True,True,True,True,False
5571.T,5571,エキサイトホールディングス,スタンダード（内国株式）,情報・通信業,-,2026-08-31,823.0,1027.0,16643080.0,17140.0,3081000.0,False,True,True,True,True,False
2268.T,2268,Ｂ－Ｒ　サーティワン　アイスクリーム,スタンダード（内国株式）,食料品,-,2026-08-31,2605.0,4055.0,16641575.0,4105.0,10137500.0,False,True,True,True,True,False
4893.T,4893,ノイルイミューン・バイオテック,グロース（内国株式）,医薬品,-,2026-08-31,776.0,150.0,16636800.0,113645.0,176415000.0,False,False,True,True,True,False
5287.T,5287,イトーヨーギョー,スタンダード（内国株式）,ガラス・土石製品,-,2026-08-31,2605.0,870.0,16563765.0,19025.0,6177000.0,False,True,True,True,True,False
4512.T,4512,わかもと製薬,スタンダード（内国株式）,医薬品,-,2026-08-31,2605.0,312.0,16551175.0,57405.0,16692000.0,False,True,True,True,True,False
5248.T,5248,テクノロジーズ,グロース（内国株式）,情報・通信業,-,2026-08-31,879.0,517.0,16395170.0,33830.0,26263600.0,False,True,True,True,True,False
5982.T,5982,マルゼン,スタンダード（内国株式）,金属製品,-,2026-08-31,2605.0,4170.0,16373000.0,3970.0,15012000.0,False,True,True,True,True,False
9563.T,9563,Ａｔｌａｓ　Ｔｅｃｈｎｏｌｏｇｉｅｓ,グロース（内国株式）,サービス業,-,2026-08-31,941.0,350.0,16335855.0,45145.0,2415000.0,False,True,True,True,True,False
4495.T,4495,アイキューブドシステムズ,グロース（内国株式）,情報・通信業,-,2026-08-31,1496.0,2102.0,16330980.0,8365.0,21860800.0,False,True,True,True,True,False
3075.T,3075,銚子丸,スタンダード（内国株式）,小売業,-,2026-08-31,2605.0,1661.0,16287020.0,9590.0,21925200.0,False,True,True,True,True,False
9765.T,9765,オオバ,プライム（内国株式）,サービス業,-,2026-08-31,2605.0,1173.0,16278695.0,14145.0,9266700.0,False,True,True,True,True,False
1736.T,1736,オーテック,スタンダード（内国株式）,建設業,-,2026-08-31,2605.0,2444.0,16212270.0,6885.0,10753600.0,False,True,True,True,True,False
2892.T,2892,日本食品化工,スタンダード（内国株式）,食料品,-,2026-08-31,2605.0,4550.0,16201950.0,3650.0,11830000.0,False,True,True,True,True,False
2721.T,2721,ジェイホールディングス,スタンダード（内国株式）,卸売業,-,2026-08-31,2605.0,110.0,16179135.0,134245.0,9427000.0,False,False,True,True,True,False
5204.T,5204,石塚硝子,スタンダード（内国株式）,ガラス・土石製品,-,2026-08-31,2605.0,3065.0,16177760.0,5340.0,15325000.0,False,True,True,True,True,False
6549.T,6549,ディーエムソリューションズ,スタンダード（内国株式）,サービス業,-,2026-08-31,2266.0,1088.0,16144900.0,14740.0,5113600.0,False,True,True,True,True,False
5871.T,5871,ＳＯＬＩＺＥ　Ｈｏｌｄｉｎｇｓ,スタンダード（内国株式）,サービス業,-,2026-08-31,626.0,1458.0,16104490.0,11425.0,188519400.0,False,True,True,True,True,False
1430.T,1430,ファーストコーポレーション,スタンダード（内国株式）,建設業,-,2026-08-31,2605.0,1057.0,16058705.0,15625.0,16912000.0,False,True,True,True,True,False
6538.T,6538,ディスラプターズ,スタンダード（内国株式）,サービス業,-,2026-08-31,2393.0,237.0,15931960.0,64290.0,14978400.0,False,True,True,True,True,False
2009.T,2009,鳥越製粉,スタンダード（内国株式）,食料品,-,2026-08-31,2605.0,1110.0,15887705.0,14590.0,27861000.0,False,True,True,True,True,False
5909.T,5909,コロナ,スタンダード（内国株式）,金属製品,TOPIX Small 2,2026-08-31,2605.0,976.0,15835820.0,16145.0,8784000.0,False,True,True,True,True,False
9165.T,9165,クオルテック,グロース（内国株式）,サービス業,-,2026-08-31,755.0,1753.0,15793490.0,9215.0,22087800.0,False,True,True,True,True,False
7590.T,7590,タカショー,スタンダード（内国株式）,卸売業,TOPIX Small 2,2026-08-31,2605.0,401.0,15736285.0,39030.0,8822000.0,False,True,True,True,True,False
4365.T,4365,松本油脂製薬,スタンダード（内国株式）,化学,-,2026-08-28,2604.0,22190.0,15719300.0,770.0,19971000.0,False,True,True,True,True,False
7357.T,7357,ジオコード,スタンダード（内国株式）,サービス業,-,2026-08-31,1408.0,1749.0,15688295.0,8705.0,20988000.0,False,True,True,True,True,False
2345.T,2345,ＨＯＤＬ１,スタンダード（内国株式）,情報・通信業,-,2026-08-31,2605.0,105.0,15683040.0,150045.0,10300500.0,False,False,True,True,True,False
2226.T,2226,湖池屋,スタンダード（内国株式）,食料品,-,2026-08-31,2605.0,4950.0,15636025.0,3235.0,20790000.0,False,True,True,True,True,False
520A.T,520A,ジェイファーマ,グロース（内国株式）,医薬品,-,2026-08-31,108.0,313.0,15479245.0,53320.0,66825500.0,False,True,False,True,True,False
9763.T,9763,丸建リース,スタンダード（内国株式）,卸売業,-,2026-08-31,2605.0,1320.0,15470860.0,11920.0,4884000.0,False,True,True,True,True,False
4629.T,4629,大伸化学,スタンダード（内国株式）,化学,-,2026-08-31,2605.0,2180.0,15459235.0,7335.0,7194000.0,False,True,True,True,True,False
7363.T,7363,ベビーカレンダー,グロース（内国株式）,サービス業,-,2026-08-31,1329.0,1315.0,15424555.0,11370.0,263000.0,False,True,True,True,True,False
5612.T,5612,日本鋳鉄管,スタンダード（内国株式）,鉄鋼,-,2026-08-31,2605.0,1641.0,15420485.0,9600.0,8369100.0,False,True,True,True,True,False
7849.T,7849,スターツ出版,スタンダード（内国株式）,情報・通信業,-,2026-08-31,2605.0,3110.0,15411885.0,5080.0,2177000.0,False,True,True,True,True,False
7371.T,7371,Ｚｅｎｋｅｎ,グロース（内国株式）,サービス業,-,2026-08-31,1274.0,796.0,15399840.0,20275.0,37491600.0,False,True,True,True,True,False
6249.T,6249,ゲームカードホールディングス,スタンダード（内国株式）,機械,-,2026-08-31,2605.0,2840.0,15291170.0,5570.0,22720000.0,False,True,True,True,True,False
500A.T,500A,ＴＯブックス,スタンダード（内国株式）,情報・通信業,-,2026-08-31,134.0,3475.0,15265930.0,4730.0,31622500.0,False,True,False,True,True,False
7185.T,7185,ヒロセ通商,スタンダード（内国株式）,証券、商品先物取引業,-,2026-08-31,2574.0,3935.0,15260900.0,3890.0,25971000.0,False,True,True,True,True,False
3238.T,3238,セントラル総合開発,スタンダード（内国株式）,不動産業,-,2026-08-31,2605.0,385.0,15247825.0,39360.0,6660500.0,False,True,True,True,True,False
3917.T,3917,アイリッジ,グロース（内国株式）,情報・通信業,-,2026-08-31,2605.0,461.0,15239950.0,33330.0,5209300.0,False,True,True,True,True,False
4174.T,4174,アピリッツ,スタンダード（内国株式）,情報・通信業,-,2026-08-31,1348.0,853.0,15159350.0,18800.0,14074500.0,False,True,True,True,True,False
3538.T,3538,ウイルプラスホールディングス,スタンダード（内国株式）,小売業,-,2026-08-31,2571.0,1031.0,15102085.0,14960.0,12578200.0,False,True,True,True,True,False
4074.T,4074,ラキール,グロース（内国株式）,情報・通信業,-,2026-08-31,1252.0,800.0,15099800.0,18235.0,2240000.0,False,True,True,True,True,False
6897.T,6897,ツインバード,スタンダード（内国株式）,電気機器,-,2026-08-31,2605.0,679.0,15029320.0,22155.0,9302300.0,False,True,True,True,True,False
9160.T,9160,オンザページ,スタンダード（内国株式）,サービス業,-,2026-08-31,774.0,326.0,14999675.0,46440.0,4792200.0,False,True,True,True,True,False
9218.T,9218,メンタルヘルステクノロジーズ,グロース（内国株式）,サービス業,-,2026-08-31,1084.0,796.0,14983960.0,19585.0,15760800.0,False,True,True,True,True,False
130A.T,130A,Ｖｅｒｉｔａｓ　Ｉｎ　Ｓｉｌｉｃｏ,グロース（内国株式）,医薬品,-,2026-08-31,625.0,440.0,14951555.0,35995.0,3476000.0,False,True,True,True,True,False
416A.T,416A,富士ユナイトホールディングス,スタンダード（内国株式）,卸売業,-,2026-08-31,2605.0,1308.0,14946690.0,11800.0,6016800.0,False,True,True,True,True,False
286A.T,286A,ユカリア,グロース（内国株式）,サービス業,-,2026-08-31,417.0,836.0,14929510.0,18290.0,24076800.0,False,True,True,True,True,False
6778.T,6778,アルチザネットワークス,スタンダード（内国株式）,電気機器,-,2026-08-31,2605.0,681.0,14898275.0,23770.0,18182700.0,False,True,True,True,True,False
7080.T,7080,スポーツフィールド,グロース（内国株式）,サービス業,-,2026-08-31,1628.0,869.0,14879465.0,17720.0,16250300.0,False,True,True,True,True,False
8085.T,8085,ナラサキ産業,スタンダード（内国株式）,卸売業,-,2026-08-31,2605.0,4210.0,14877475.0,3500.0,4631000.0,False,True,True,True,True,False
6599.T,6599,エブレン,スタンダード（内国株式）,電気機器,-,2026-08-31,1508.0,3410.0,14867825.0,4440.0,6479000.0,False,True,True,True,True,False
5699.T,5699,イボキン,スタンダード（内国株式）,鉄鋼,-,2026-08-31,1975.0,1672.0,14849220.0,9465.0,11704000.0,False,True,True,True,True,False
3826.T,3826,システムインテグレータ,スタンダード（内国株式）,情報・通信業,-,2026-08-31,2605.0,496.0,14829020.0,29895.0,5753600.0,False,True,True,True,True,False
6081.T,6081,アライドアーキテクツ,グロース（内国株式）,サービス業,-,2026-08-31,2605.0,165.0,14799305.0,90650.0,23727000.0,False,False,True,True,True,False
7192.T,7192,日本モーゲージサービス,スタンダード（内国株式）,その他金融業,-,2026-08-31,2389.0,630.0,14792170.0,23635.0,3087000.0,False,True,True,True,True,False
7115.T,7115,アルファパーチェス,スタンダード（内国株式）,卸売業,-,2026-08-31,900.0,1509.0,14775075.0,9650.0,1509000.0,False,True,True,True,True,False
323A.T,323A,フライヤー,グロース（内国株式）,情報・通信業,-,2026-08-31,373.0,380.0,14758880.0,37270.0,7486000.0,False,True,True,True,True,False
2483.T,2483,翻訳センター,スタンダード（内国株式）,サービス業,-,2026-08-31,2605.0,2245.0,14746050.0,6775.0,15490500.0,False,True,True,True,True,False
7191.T,7191,イントラスト,スタンダード（内国株式）,その他金融業,-,2026-08-31,2397.0,1174.0,14710430.0,12655.0,12092200.0,False,True,True,True,True,False
4015.T,4015,ペイクラウドホールディングス,グロース（内国株式）,情報・通信業,-,2026-08-31,1412.0,527.0,14552485.0,26665.0,7430700.0,False,True,True,True,True,False
1850.T,1850,南海辰村建設,スタンダード（内国株式）,建設業,-,2026-08-31,2605.0,428.0,14545745.0,35170.0,8089200.0,False,True,True,True,True,False
142A.T,142A,ジンジブ,グロース（内国株式）,サービス業,-,2026-08-31,596.0,849.0,14504900.0,18020.0,5178900.0,False,True,True,True,True,False
4881.T,4881,ファンペップ,グロース（内国株式）,医薬品,-,2026-08-31,1388.0,53.0,14372100.0,287815.0,16143800.0,False,False,True,True,True,False
7897.T,7897,ホクシン,スタンダード（内国株式）,その他製品,-,2026-08-31,2605.0,108.0,14340410.0,136290.0,14169600.0,False,False,True,True,True,False
2370.T,2370,メディネット,グロース（内国株式）,サービス業,-,2026-08-31,2605.0,25.0,14340020.0,567290.0,16392500.0,False,False,True,True,True,False
7822.T,7822,永大産業,スタンダード（内国株式）,その他製品,-,2026-08-31,2605.0,257.0,14325740.0,56455.0,4497500.0,False,True,True,True,True,False
5256.T,5256,Ｆｕｓｉｃ,グロース（内国株式）,情報・通信業,-,2026-08-31,835.0,2655.0,14311925.0,5760.0,9027000.0,False,True,True,True,True,False
3359.T,3359,ｃｏｔｔａ,グロース（内国株式）,卸売業,-,2026-08-31,2605.0,522.0,14303720.0,27395.0,9291600.0,False,True,True,True,True,False
4673.T,4673,川崎地質,スタンダード（内国株式）,サービス業,-,2026-08-31,2605.0,4975.0,14294250.0,2970.0,12437500.0,False,True,True,True,True,False
6044.T,6044,三機サービス,スタンダード（内国株式）,サービス業,-,2026-08-31,2605.0,1944.0,14269835.0,7380.0,11469600.0,False,True,True,True,True,False
6551.T,6551,ツナググループ・ホールディングス,スタンダード（内国株式）,サービス業,-,2026-08-31,2259.0,633.0,14232270.0,23615.0,13419600.0,False,True,True,True,True,False
463A.T,463A,インテリックスホールディングス,スタンダード（内国株式）,不動産業,-,2026-08-31,2605.0,1004.0,14231180.0,14660.0,15361200.0,False,True,True,True,True,False
7050.T,7050,フロンティアインターナショナル,グロース（内国株式）,サービス業,-,2026-08-31,1830.0,1477.0,14219665.0,10130.0,22302700.0,False,True,True,True,True,False
7078.T,7078,ＩＮＣＬＵＳＩＶＥ　Ｈｏｌｄｉｎｇｓ,グロース（内国株式）,サービス業,-,2026-08-31,1633.0,358.0,14212765.0,39430.0,4296000.0,False,True,True,True,True,False
8165.T,8165,千趣会,スタンダード（内国株式）,小売業,TOPIX Small 2,2026-08-31,2605.0,107.0,14084885.0,130430.0,10357600.0,False,False,True,True,True,False
4416.T,4416,Ｔｒｕｅ　Ｄａｔａ,グロース（内国株式）,情報・通信業,-,2026-08-31,1150.0,434.0,14026730.0,33480.0,14408800.0,False,True,True,True,True,False
3560.T,3560,ほぼ日,スタンダード（内国株式）,小売業,-,2026-08-31,2330.0,4325.0,13988725.0,3180.0,25950000.0,False,True,True,True,True,False
1783.T,1783,ｆａｎｔａｓｉｓｔａ,スタンダード（内国株式）,不動産業,-,2026-08-31,2605.0,49.0,13945915.0,287250.0,3155600.0,False,False,True,True,True,False
1811.T,1811,錢高組,スタンダード（内国株式）,建設業,-,2026-08-31,2605.0,7910.0,13901800.0,1720.0,8701000.0,False,True,True,True,True,False
7097.T,7097,さくらさくプラス,グロース（内国株式）,サービス業,-,2026-08-31,1428.0,2774.0,13859695.0,5105.0,6935000.0,False,True,True,True,True,False
2497.T,2497,ユナイテッド,グロース（内国株式）,サービス業,-,2026-08-31,2605.0,541.0,13847790.0,26360.0,20558000.0,False,True,True,True,True,False
6091.T,6091,ウエスコホールディングス,スタンダード（内国株式）,サービス業,-,2026-08-31,2605.0,895.0,13839540.0,15445.0,10113500.0,False,True,True,True,True,False
2981.T,2981,ランディックス,グロース（内国株式）,不動産業,-,2026-08-31,1634.0,2184.0,13823760.0,6405.0,5678400.0,False,True,True,True,True,False
2588.T,2588,プレミアムウォーターホールディングス,スタンダード（内国株式）,食料品,-,2026-08-31,2605.0,3775.0,13783575.0,3690.0,16232500.0,False,True,True,True,True,False
5527.T,5527,ｐｒｏｐｅｒｔｙ　ｔｅｃｈｎｏｌｏｇｉｅｓ,グロース（内国株式）,不動産業,-,2026-08-31,909.0,734.0,13769305.0,19645.0,19230800.0,False,True,True,True,True,False
542A.T,542A,ビタブリッドジャパン,グロース（内国株式）,化学,-,2026-08-31,102.0,1091.0,13737955.0,12425.0,5455000.0,False,True,False,True,True,False
4892.T,4892,サイフューズ,グロース（内国株式）,医薬品,-,2026-08-31,917.0,560.0,13724285.0,24885.0,10696000.0,False,True,True,True,True,False
6540.T,6540,船場,スタンダード（内国株式）,サービス業,-,2026-08-31,2389.0,1529.0,13707690.0,8960.0,6116000.0,False,True,True,True,True,False
9906.T,9906,藤井産業,スタンダード（内国株式）,卸売業,-,2026-08-31,2605.0,4410.0,13614275.0,3210.0,12789000.0,False,True,True,True,True,False
410A.T,410A,ＧＭＯコマース,グロース（内国株式）,サービス業,-,2026-08-31,227.0,1156.0,13596755.0,12020.0,14681200.0,False,True,False,True,True,False
7991.T,7991,マミヤ・オーピー,スタンダード（内国株式）,機械,-,2026-08-31,2605.0,1084.0,13590750.0,12690.0,5203200.0,False,True,True,True,True,False
4245.T,4245,ダイキアクシス,スタンダード（内国株式）,化学,-,2026-08-31,2605.0,727.0,13581220.0,19155.0,3635000.0,False,True,True,True,True,False
9557.T,9557,エアークローゼット,グロース（内国株式）,サービス業,-,2026-08-31,1000.0,231.0,13479140.0,59595.0,3095400.0,False,True,True,True,True,False
6554.T,6554,エスユーエス,グロース（内国株式）,サービス業,-,2026-08-31,2206.0,1119.0,13467065.0,12520.0,9399600.0,False,True,True,True,True,False
2750.T,2750,石光商事,スタンダード（内国株式）,卸売業,-,2026-08-31,2605.0,1374.0,13427520.0,10175.0,9205800.0,False,True,True,True,True,False
4811.T,4811,ドリーム・アーツ,グロース（内国株式）,情報・通信業,-,2026-08-31,693.0,903.0,13411110.0,16015.0,21401100.0,False,True,True,True,True,False
7885.T,7885,タカノ,スタンダード（内国株式）,その他製品,-,2026-08-31,2605.0,1150.0,13405130.0,12015.0,10580000.0,False,True,True,True,True,False
3178.T,3178,チムニー,スタンダード（内国株式）,小売業,-,2026-08-31,2605.0,1224.0,13395105.0,11370.0,24847200.0,False,True,True,True,True,False
1826.T,1826,佐田建設,スタンダード（内国株式）,建設業,-,2026-08-31,2605.0,1091.0,13362490.0,12250.0,5673200.0,False,True,True,True,True,False
3667.T,3667,ｅｎｉｓｈ,スタンダード（内国株式）,情報・通信業,-,2026-08-31,2605.0,27.0,13323945.0,480245.0,33104700.0,False,False,True,True,True,False
9687.T,9687,ＫＳＫ,スタンダード（内国株式）,情報・通信業,-,2026-08-31,2605.0,4745.0,13319525.0,2905.0,9490000.0,False,True,True,True,True,False
4012.T,4012,アクシス,スタンダード（内国株式）,情報・通信業,-,2026-08-31,1446.0,1758.0,13317710.0,7625.0,5274000.0,False,True,True,True,True,False
9761.T,9761,東海リース,スタンダード（内国株式）,サービス業,-,2026-08-31,2605.0,2449.0,13279800.0,5505.0,7102100.0,False,True,True,True,True,False
3134.T,3134,Ｈａｍｅｅ,スタンダード（内国株式）,小売業,TOPIX Small 2,2026-08-31,2605.0,314.0,13262220.0,43700.0,10738800.0,False,True,True,True,True,False
3648.T,3648,ＡＧＳ,スタンダード（内国株式）,情報・通信業,-,2026-08-31,2605.0,1097.0,13252460.0,12760.0,11847600.0,False,True,True,True,True,False
4284.T,4284,ソルクシーズ,スタンダード（内国株式）,情報・通信業,-,2026-08-31,2605.0,460.0,13155405.0,29980.0,45402000.0,False,True,True,True,True,False
7815.T,7815,東京ボード工業,スタンダード（内国株式）,その他製品,-,2026-08-31,2605.0,366.0,13150760.0,35955.0,768600.0,False,True,True,True,True,False
7134.T,7134,アップガレージグループ,スタンダード（内国株式）,小売業,-,2026-08-31,1145.0,1391.0,13103425.0,9280.0,7094100.0,False,True,True,True,True,False
157A.T,157A,グリーンモンスター,グロース（内国株式）,サービス業,-,2026-08-31,592.0,730.0,13065225.0,17060.0,13286000.0,False,True,True,True,True,False
4265.T,4265,Ｉｎｓｔｉｔｕｔｉｏｎ　ｆｏｒ　ａ　Ｇｌｏｂａｌ　Ｓｏｃｉｅｔｙ,グロース（内国株式）,情報・通信業,-,2026-08-31,1141.0,289.0,12985740.0,45385.0,12138000.0,False,True,True,True,True,False
6391.T,6391,加地テック,スタンダード（内国株式）,機械,-,2026-08-31,2605.0,4845.0,12879350.0,2750.0,12597000.0,False,True,True,True,True,False
9322.T,9322,川西倉庫,スタンダード（内国株式）,倉庫・運輸関連業,-,2026-08-31,2605.0,2514.0,12878060.0,5230.0,19106400.0,False,True,True,True,True,False
4960.T,4960,ケミプロ化成,スタンダード（内国株式）,化学,-,2026-08-31,2605.0,523.0,12856715.0,24365.0,10250800.0,False,True,True,True,True,False
7570.T,7570,橋本総業ホールディングス,スタンダード（内国株式）,卸売業,TOPIX Small 2,2026-08-31,2605.0,1436.0,12844135.0,9150.0,15508800.0,False,True,True,True,True,False
5922.T,5922,那須電機鉄工,スタンダード（内国株式）,金属製品,-,2026-08-31,2605.0,20200.0,12831300.0,640.0,8080000.0,False,True,True,True,True,False
7795.T,7795,ＫＹＯＲＩＴＳＵ,スタンダード（内国株式）,その他製品,-,2026-08-31,957.0,228.0,12743910.0,58085.0,6178800.0,False,True,True,True,True,False
4880.T,4880,セルソース,スタンダード（内国株式）,医薬品,TOPIX Small 2,2026-08-31,1670.0,353.0,12674330.0,37310.0,11860800.0,False,True,True,True,True,False
2798.T,2798,ワイズテーブルコーポレーション,スタンダード（内国株式）,小売業,-,2026-08-31,2605.0,2993.0,12669265.0,4165.0,16162200.0,False,True,True,True,True,False
6182.T,6182,メタリアル,グロース（内国株式）,サービス業,-,2026-08-31,2605.0,521.0,12632645.0,26620.0,27092000.0,False,True,True,True,True,False
6246.T,6246,テクノスマート,スタンダード（内国株式）,機械,-,2026-08-31,2605.0,1861.0,12613620.0,6895.0,16190700.0,False,True,True,True,True,False
477A.T,477A,スタートライン,グロース（内国株式）,サービス業,-,2026-08-31,168.0,740.0,12597030.0,18535.0,38702000.0,False,True,False,True,True,False
4598.T,4598,Ｄｅｌｔａ－Ｆｌｙ　Ｐｈａｒｍａ,グロース（内国株式）,医薬品,-,2026-08-31,1924.0,103.0,12593330.0,118805.0,17973500.0,False,False,True,True,True,False
4465.T,4465,ニイタカ,スタンダード（内国株式）,化学,-,2026-08-31,2605.0,2436.0,12572390.0,5290.0,17052000.0,False,True,True,True,True,False
6898.T,6898,トミタ電機,スタンダード（内国株式）,電気機器,-,2026-08-31,2605.0,4000.0,12560525.0,3275.0,10400000.0,False,True,True,True,True,False
4932.T,4932,アルマード,スタンダード（内国株式）,化学,-,2026-08-31,1268.0,787.0,12542355.0,16675.0,8578300.0,False,True,True,True,True,False
4707.T,4707,キタック,スタンダード（内国株式）,サービス業,-,2026-08-31,2605.0,335.0,12530740.0,36230.0,62243000.0,False,True,True,True,True,False
5986.T,5986,モリテック　スチール,スタンダード（内国株式）,金属製品,-,2026-08-31,2605.0,257.0,12508925.0,49520.0,5576900.0,False,True,True,True,True,False
3135.T,3135,マーケットエンタープライズ,スタンダード（内国株式）,小売業,-,2026-08-31,2605.0,1164.0,12434840.0,10895.0,5470800.0,False,True,True,True,True,False
4054.T,4054,日本情報クリエイト,グロース（内国株式）,情報・通信業,-,2026-08-31,1487.0,525.0,12426955.0,23470.0,12022500.0,False,True,True,True,True,False
7814.T,7814,日本創発グループ,スタンダード（内国株式）,その他製品,-,2026-08-31,2605.0,629.0,12389585.0,19145.0,11322000.0,False,True,True,True,True,False
7162.T,7162,アストマックス,スタンダード（内国株式）,電気・ガス業,-,2026-08-31,2605.0,269.0,12361330.0,46550.0,4035000.0,False,True,True,True,True,False
9346.T,9346,ココルポート,グロース（内国株式）,サービス業,-,2026-08-31,836.0,1859.0,12337740.0,6845.0,11525800.0,False,True,True,True,True,False
3113.T,3113,ＵＮＩＶＡ・Ｏａｋホールディングス,スタンダード（内国株式）,証券、商品先物取引業,-,2026-08-31,2605.0,82.0,12330095.0,159010.0,7158600.0,False,False,True,True,True,False
3823.T,3823,ＴＨＥ　ＷＨＹ　ＨＯＷ　ＤＯ　ＣＯＭＰＡＮＹ,スタンダード（内国株式）,情報・通信業,-,2026-08-31,2605.0,31.0,12326285.0,401995.0,4547700.0,False,False,True,True,True,False
4360.T,4360,マナック・ケミカル・パートナーズ,スタンダード（内国株式）,化学,-,2026-08-31,1202.0,996.0,12315510.0,13420.0,5876400.0,False,True,True,True,True,False
2790.T,2790,ナフコ,スタンダード（内国株式）,小売業,-,2026-08-31,2605.0,2171.0,12307840.0,5650.0,7598500.0,False,True,True,True,True,False
195A.T,195A,ＭＵＳＣＡＴ　ＧＲＯＵＰ,グロース（内国株式）,サービス業,-,2026-08-31,537.0,635.0,12305745.0,19495.0,10541000.0,False,True,True,True,True,False
6144.T,6144,西部電機,スタンダード（内国株式）,機械,-,2026-08-31,2605.0,2931.0,12254080.0,4030.0,879300.0,False,True,True,True,True,False
3727.T,3727,アプリックス,グロース（内国株式）,情報・通信業,-,2026-08-31,2605.0,163.0,12229230.0,80965.0,16218500.0,False,False,True,True,True,False
6031.T,6031,ＺＥＴＡ,グロース（内国株式）,サービス業,-,2026-08-31,2605.0,285.0,12207775.0,47385.0,21403500.0,False,True,True,True,True,False
145A.T,145A,Ｌ　ｉｓ　Ｂ,グロース（内国株式）,情報・通信業,-,2026-08-31,595.0,925.0,12193980.0,13625.0,16557500.0,False,True,True,True,True,False
4890.T,4890,坪田ラボ,グロース（内国株式）,医薬品,-,2026-08-31,1025.0,298.0,12191855.0,44340.0,11145200.0,False,True,True,True,True,False
2173.T,2173,博展,グロース（内国株式）,サービス業,-,2026-08-31,2605.0,716.0,12168905.0,17110.0,3723200.0,False,True,True,True,True,False
3672.T,3672,オルトプラス,スタンダード（内国株式）,情報・通信業,-,2026-08-31,2605.0,29.0,12161130.0,420345.0,2772400.0,False,False,True,True,True,False
9368.T,9368,キムラユニティー,スタンダード（内国株式）,倉庫・運輸関連業,-,2026-08-31,2605.0,954.0,12153870.0,13095.0,30718800.0,False,True,True,True,True,False
9306.T,9306,東陽倉庫,スタンダード（内国株式）,倉庫・運輸関連業,-,2026-08-31,2605.0,2015.0,12143240.0,6060.0,21157500.0,False,True,True,True,True,False
9237.T,9237,笑美面,グロース（内国株式）,サービス業,-,2026-08-31,694.0,967.0,12083735.0,13760.0,6672300.0,False,True,True,True,True,False
2479.T,2479,ジェイテック,スタンダード（内国株式）,サービス業,-,2026-08-31,2605.0,253.0,12024175.0,48915.0,64363200.0,False,True,True,True,True,False
3803.T,3803,イメージ情報開発,グロース（内国株式）,情報・通信業,-,2026-08-31,2605.0,619.0,12024050.0,21850.0,7737500.0,False,True,True,True,True,False
343A.T,343A,ＩＡＣＥトラベル,スタンダード（内国株式）,サービス業,-,2026-08-31,343.0,1328.0,12016810.0,8835.0,7702400.0,False,True,True,True,True,False
198A.T,198A,ＰｏｓｔＰｒｉｍｅ,グロース（内国株式）,情報・通信業,-,2026-08-31,536.0,176.0,11979870.0,74025.0,31785600.0,False,False,True,True,True,False
9233.T,9233,アジア航測,スタンダード（内国株式）,空運業,-,2026-08-31,2605.0,1173.0,11971645.0,10465.0,12903000.0,False,True,True,True,True,False
9982.T,9982,タキヒヨー,スタンダード（内国株式）,卸売業,-,2026-08-31,2605.0,2501.0,11971620.0,4795.0,9003600.0,False,True,True,True,True,False
2814.T,2814,佐藤食品工業,スタンダード（内国株式）,食料品,-,2026-08-31,2605.0,3875.0,11898925.0,3370.0,69362500.0,False,True,True,True,True,False
2138.T,2138,クルーズ,スタンダード（内国株式）,情報・通信業,-,2026-08-31,2605.0,452.0,11898730.0,26100.0,1717600.0,False,True,True,True,True,False
4627.T,4627,ナトコ,スタンダード（内国株式）,化学,-,2026-08-31,2605.0,1915.0,11798105.0,6455.0,11873000.0,False,True,True,True,True,False
1997.T,1997,暁飯島工業,スタンダード（内国株式）,建設業,-,2026-08-31,2605.0,3930.0,11767250.0,2895.0,10611000.0,False,True,True,True,True,False
5888.T,5888,ＤＡＩＷＡ　ＣＹＣＬＥ,グロース（内国株式）,小売業,-,2026-08-31,686.0,2885.0,11759390.0,4260.0,5193000.0,False,True,True,True,True,False
9890.T,9890,マキヤ,スタンダード（内国株式）,小売業,-,2026-08-28,2604.0,1394.0,11735925.0,8640.0,2230400.0,False,True,True,True,True,False
3512.T,3512,日本フエルト,スタンダード（内国株式）,繊維製品,-,2026-08-31,2605.0,1036.0,11716960.0,11630.0,1450400.0,False,True,True,True,True,False
3686.T,3686,ディー・エル・イー,スタンダード（内国株式）,情報・通信業,-,2026-08-31,2605.0,60.0,11711960.0,197085.0,6126000.0,False,False,True,True,True,False
9145.T,9145,ビーイングホールディングス,スタンダード（内国株式）,陸運業,-,2026-08-31,1396.0,602.0,11706515.0,20395.0,7886200.0,False,True,True,True,True,False
4060.T,4060,ｒａｋｕｍｏ,グロース（内国株式）,情報・通信業,-,2026-08-31,1448.0,1249.0,11693890.0,9935.0,16861500.0,False,True,True,True,True,False
7670.T,7670,オーウエル,スタンダード（内国株式）,卸売業,-,2026-08-31,1880.0,1239.0,11680970.0,9710.0,3469200.0,False,True,True,True,True,False
7523.T,7523,アールビバン,スタンダード（内国株式）,小売業,-,2026-08-31,2605.0,1878.0,11680345.0,6160.0,2817000.0,False,True,True,True,True,False
2179.T,2179,成学社,スタンダード（内国株式）,サービス業,-,2026-08-31,2605.0,849.0,11647505.0,13560.0,1782900.0,False,True,True,True,True,False
4492.T,4492,ゼネテック,スタンダード（内国株式）,情報・通信業,-,2026-08-31,1576.0,405.0,11632840.0,29640.0,115425000.0,False,True,True,True,True,False
423A.T,423A,ライオン事務器,スタンダード（内国株式）,卸売業,-,2026-08-31,214.0,326.0,11608940.0,36445.0,20407600.0,False,True,False,True,True,False
6694.T,6694,ズーム,スタンダード（内国株式）,電気機器,-,2026-08-31,2322.0,713.0,11595970.0,15760.0,2495500.0,False,True,True,True,True,False
2385.T,2385,総医研ホールディングス,グロース（内国株式）,サービス業,-,2026-08-31,2605.0,222.0,11594415.0,52780.0,5283600.0,False,True,True,True,True,False
2449.T,2449,プラップジャパン,スタンダード（内国株式）,サービス業,-,2026-08-31,2605.0,1049.0,11591305.0,10805.0,16469300.0,False,True,True,True,True,False
6543.T,6543,日宣,スタンダード（内国株式）,サービス業,-,2026-08-31,2350.0,1210.0,11537255.0,9060.0,5445000.0,False,True,True,True,True,False
4093.T,4093,東邦アセチレン,スタンダード（内国株式）,化学,-,2026-08-31,2605.0,426.0,11522975.0,27335.0,17210400.0,False,True,True,True,True,False
5015.T,5015,ビーピー・カストロール,スタンダード（内国株式）,石油・石炭製品,-,2026-08-31,2605.0,1003.0,11492460.0,11500.0,4413200.0,False,True,True,True,True,False
6094.T,6094,フリークアウト・ホールディングス,グロース（内国株式）,サービス業,-,2026-08-31,2605.0,583.0,11455305.0,19795.0,2740100.0,False,True,True,True,True,False
9780.T,9780,ハリマビステム,スタンダード（内国株式）,サービス業,-,2026-08-31,2605.0,1160.0,11422090.0,10875.0,15312000.0,False,True,True,True,True,False
4256.T,4256,サインド,グロース（内国株式）,情報・通信業,-,2026-08-31,1146.0,1137.0,11415625.0,11340.0,14781000.0,False,True,True,True,True,False
6392.T,6392,ヤマダコーポレーション,スタンダード（内国株式）,機械,-,2026-08-31,2605.0,7900.0,11407750.0,1500.0,8690000.0,False,True,True,True,True,False
6615.T,6615,ユー・エム・シー・エレクトロニクス,プライム（内国株式）,電気機器,TOPIX Small 2,2026-08-31,2577.0,238.0,11373195.0,47795.0,7354200.0,False,True,True,True,True,False
2438.T,2438,アスカネット,グロース（内国株式）,サービス業,-,2026-08-31,2605.0,364.0,11303650.0,32605.0,17362800.0,False,True,True,True,True,False
1848.T,1848,富士ピー・エス,スタンダード（内国株式）,建設業,-,2026-08-31,2605.0,772.0,11273040.0,15785.0,49948400.0,False,True,True,True,True,False
7702.T,7702,ＪＭＳ,スタンダード（内国株式）,精密機器,TOPIX Small 2,2026-08-31,2605.0,468.0,11261495.0,24755.0,18392400.0,False,True,True,True,True,False
7038.T,7038,フロンティア・マネジメント,プライム（内国株式）,サービス業,TOPIX Small 2,2026-08-31,1934.0,594.0,11250110.0,19700.0,8434800.0,False,True,True,True,True,False
9959.T,9959,アシードホールディングス,スタンダード（内国株式）,小売業,-,2026-08-31,2605.0,980.0,11227300.0,11110.0,45472000.0,False,True,True,True,True,False
9262.T,9262,シルバーライフ,スタンダード（内国株式）,小売業,TOPIX Small 2,2026-08-31,2176.0,699.0,11225115.0,16715.0,7898700.0,False,True,True,True,True,False
6899.T,6899,ＡＳＴＩ,スタンダード（内国株式）,電気機器,-,2026-08-31,2605.0,2400.0,11217290.0,4830.0,26400000.0,False,True,True,True,True,False
7072.T,7072,インティメート・マージャー,グロース（内国株式）,サービス業,-,2026-08-31,1672.0,1157.0,11216615.0,9760.0,11454300.0,False,True,True,True,True,False
3513.T,3513,イチカワ,スタンダード（内国株式）,繊維製品,-,2026-08-31,2605.0,3185.0,11186000.0,3320.0,3822000.0,False,True,True,True,True,False
7377.T,7377,ＤＮホールディングス,スタンダード（内国株式）,サービス業,-,2026-08-31,1254.0,1740.0,11185930.0,6600.0,2958000.0,False,True,True,True,True,False
241A.T,241A,ＲＯＸＸ,グロース（内国株式）,情報・通信業,-,2026-08-31,471.0,427.0,11177185.0,26665.0,5679100.0,False,True,True,True,True,False
5026.T,5026,トリプルアイズ,グロース（内国株式）,情報・通信業,-,2026-08-31,1041.0,631.0,11163710.0,18880.0,17478700.0,False,True,True,True,True,False
6634.T,6634,ＪＮグループ,スタンダード（内国株式）,電気機器,-,2026-08-31,2605.0,72.0,11068835.0,155465.0,6933600.0,False,False,True,True,True,False
9159.T,9159,Ｗ　ＴＯＫＹＯ,グロース（内国株式）,サービス業,-,2026-08-31,775.0,2015.0,11054870.0,5810.0,3224000.0,False,True,True,True,True,False
7692.T,7692,アースインフィニティ,スタンダード（内国株式）,電気・ガス業,-,2026-08-31,1435.0,80.0,11030590.0,138965.0,7720000.0,False,False,True,True,True,False
9033.T,9033,広島電鉄,スタンダード（内国株式）,陸運業,-,2026-08-31,2605.0,636.0,11014945.0,17550.0,4452000.0,False,True,True,True,True,False
7091.T,7091,リビングプラットフォーム,グロース（内国株式）,サービス業,-,2026-08-31,1578.0,1295.0,11003415.0,8765.0,17741500.0,False,True,True,True,True,False
288A.T,288A,ラクサス・テクノロジーズ,グロース（内国株式）,サービス業,-,2026-08-31,416.0,98.0,11000375.0,112310.0,36534400.0,False,False,True,True,True,False
5858.T,5858,ＳＴＧ,グロース（内国株式）,非鉄金属,-,2026-08-31,1753.0,1209.0,10987910.0,9150.0,5924100.0,False,True,True,True,True,False
6171.T,6171,土木管理総合試験所,スタンダード（内国株式）,サービス業,-,2026-08-31,2605.0,373.0,10981860.0,29100.0,13166900.0,False,True,True,True,True,False
6647.T,6647,森尾電機,スタンダード（内国株式）,電気機器,-,2026-08-31,2605.0,3415.0,10979800.0,3200.0,3073500.0,False,True,True,True,True,False
7841.T,7841,遠藤製作所,スタンダード（内国株式）,その他製品,-,2026-08-31,2605.0,1096.0,10938385.0,9870.0,18851200.0,False,True,True,True,True,False
8944.T,8944,ランドビジネス,スタンダード（内国株式）,不動産業,-,2026-08-31,2605.0,245.0,10907315.0,44645.0,19551000.0,False,True,True,True,True,False
7980.T,7980,重松製作所,スタンダード（内国株式）,その他製品,-,2026-08-31,2605.0,861.0,10901050.0,12775.0,5940900.0,False,True,True,True,True,False
8700.T,8700,丸八証券,スタンダード（内国株式）,証券、商品先物取引業,-,2026-08-31,2605.0,2140.0,10895095.0,5390.0,17976000.0,False,True,True,True,True,False
4875.T,4875,メディシノバ・インク,スタンダード（外国株式）,医薬品,-,2026-08-31,2605.0,226.0,10874075.0,47865.0,5378800.0,False,True,True,True,True,False
5753.T,5753,日本伸銅,スタンダード（内国株式）,非鉄金属,-,2026-08-31,2605.0,2556.0,10865200.0,4330.0,16358400.0,False,True,True,True,True,False
7417.T,7417,南陽,スタンダード（内国株式）,卸売業,-,2026-08-31,2142.0,1898.0,10833250.0,5795.0,5124600.0,False,True,True,True,True,False
2932.T,2932,ＳＴＩフードホールディングス,スタンダード（内国株式）,食料品,-,2026-08-31,1450.0,1117.0,10818545.0,9850.0,7595600.0,False,True,True,True,True,False
1717.T,1717,明豊ファシリティワークス,スタンダード（内国株式）,サービス業,-,2026-08-31,2605.0,954.0,10816900.0,11320.0,7155000.0,False,True,True,True,True,False
5589.T,5589,オートサーバー,スタンダード（内国株式）,情報・通信業,-,2026-08-31,715.0,2926.0,10788545.0,3810.0,6437200.0,False,True,True,True,True,False
5257.T,5257,ノバシステム,スタンダード（内国株式）,情報・通信業,-,2026-08-31,837.0,2808.0,10783125.0,3925.0,19094400.0,False,True,True,True,True,False
4623.T,4623,アサヒペン,スタンダード（内国株式）,化学,-,2026-08-31,2605.0,1875.0,10778710.0,5900.0,4312500.0,False,True,True,True,True,False
6402.T,6402,兼松エンジニアリング,スタンダード（内国株式）,機械,-,2026-08-31,2605.0,1615.0,10776655.0,6835.0,2907000.0,False,True,True,True,True,False
184A.T,184A,学びエイド,グロース（内国株式）,情報・通信業,-,2026-08-31,553.0,316.0,10753650.0,30400.0,1200800.0,False,True,True,True,True,False
3030.T,3030,ハブ,スタンダード（内国株式）,小売業,-,2026-08-31,2605.0,860.0,10735155.0,12695.0,9116000.0,False,True,True,True,True,False
9731.T,9731,白洋舎,スタンダード（内国株式）,サービス業,-,2026-08-31,2605.0,3390.0,10709475.0,3120.0,13899000.0,False,True,True,True,True,False
9827.T,9827,リリカラ,スタンダード（内国株式）,卸売業,-,2026-08-31,2605.0,646.0,10636095.0,16815.0,9431600.0,False,True,True,True,True,False
3996.T,3996,サインポスト,スタンダード（内国株式）,情報・通信業,-,2026-08-31,2156.0,207.0,10622275.0,52915.0,13951800.0,False,True,True,True,True,False
7034.T,7034,プロレド・パートナーズ,プライム（内国株式）,サービス業,TOPIX Small 2,2026-08-31,1979.0,358.0,10608865.0,28855.0,13962000.0,False,True,True,True,True,False
9561.T,9561,グラッドキューブ,グロース（内国株式）,サービス業,-,2026-08-31,960.0,426.0,10580395.0,25630.0,10181400.0,False,True,True,True,True,False
2924.T,2924,イフジ産業,スタンダード（内国株式）,食料品,-,2026-08-31,2605.0,1935.0,10564790.0,5425.0,2128500.0,False,True,True,True,True,False
339A.T,339A,プログレス・テクノロジーズ　グループ,グロース（内国株式）,サービス業,-,2026-08-31,349.0,933.0,10544945.0,11535.0,12968700.0,False,True,True,True,True,False
2991.T,2991,ランドネット,スタンダード（内国株式）,不動産業,-,2026-08-31,1249.0,554.0,10531980.0,19135.0,5041400.0,False,True,True,True,True,False
5337.T,5337,ダントーホールディングス,スタンダード（内国株式）,ガラス・土石製品,-,2026-08-31,2605.0,838.0,10530750.0,12690.0,3687200.0,False,True,True,True,True,False
5079.T,5079,ノバック,スタンダード（内国株式）,建設業,-,2026-08-31,1081.0,2652.0,10526230.0,4050.0,4773600.0,False,True,True,True,True,False
9212.T,9212,Ｇｒｅｅｎ　Ｅａｒｔｈ　Ｉｎｓｔｉｔｕｔｅ,グロース（内国株式）,サービス業,-,2026-08-31,1144.0,269.0,10477735.0,39325.0,8661800.0,False,True,True,True,True,False
2221.T,2221,岩塚製菓,スタンダード（内国株式）,食料品,-,2026-08-31,2605.0,3050.0,10465025.0,3420.0,2135000.0,False,True,True,True,True,False
7196.T,7196,Ｃａｓａ,スタンダード（内国株式）,その他金融業,-,2026-08-31,2172.0,745.0,10429375.0,14050.0,7971500.0,False,True,True,True,True,False
9973.T,9973,ＫＯＺＯホールディングス,スタンダード（内国株式）,小売業,-,2026-08-31,2605.0,21.0,10427455.0,521020.0,2963100.0,False,False,True,True,True,False
4936.T,4936,アクシージア,スタンダード（内国株式）,化学,TOPIX Small 2,2026-08-31,1353.0,326.0,10338510.0,32200.0,6943800.0,False,True,True,True,True,False
4409.T,4409,東邦化学工業,スタンダード（内国株式）,化学,-,2026-08-31,2605.0,788.0,10258495.0,13660.0,2836800.0,False,True,True,True,True,False
324A.T,324A,ブッキングリゾート,グロース（内国株式）,サービス業,-,2026-08-31,372.0,752.0,10247780.0,13775.0,10828800.0,False,True,True,True,True,False
1431.T,1431,Ｌｉｂ　Ｗｏｒｋ,グロース（内国株式）,建設業,-,2026-08-31,1759.0,653.0,10237010.0,15750.0,6203500.0,False,True,True,True,True,False
7119.T,7119,ハルメクホールディングス,グロース（内国株式）,小売業,-,2026-08-31,842.0,1846.0,10175130.0,5820.0,50026600.0,False,True,True,True,True,False
302A.T,302A,ビースタイルホールディングス,グロース（内国株式）,サービス業,-,2026-08-31,406.0,627.0,10171645.0,16140.0,23637900.0,False,True,True,True,True,False
7347.T,7347,マーキュリアホールディングス,プライム（内国株式）,証券、商品先物取引業,-,2026-08-31,1263.0,808.0,10142120.0,12895.0,5979200.0,False,True,True,True,True,False
4712.T,4712,ＫｅｙＨｏｌｄｅｒ,スタンダード（内国株式）,サービス業,-,2026-08-31,2605.0,806.0,10085590.0,12910.0,15072200.0,False,True,True,True,True,False
3698.T,3698,ＣＲＩ・ミドルウェア,スタンダード（内国株式）,情報・通信業,-,2026-08-31,2605.0,1236.0,10056250.0,8565.0,11865600.0,False,True,True,True,True,False
5967.T,5967,ＴＯＮＥ,スタンダード（内国株式）,金属製品,-,2026-08-31,2605.0,478.0,9991670.0,21025.0,44884200.0,False,True,True,True,True,False
9034.T,9034,南総通運,スタンダード（内国株式）,陸運業,-,2026-08-31,2605.0,1650.0,9945390.0,6110.0,7095000.0,False,True,True,True,True,False
7624.T,7624,ＮａＩＴＯ,スタンダード（内国株式）,卸売業,-,2026-08-31,2605.0,153.0,9940915.0,67020.0,5431500.0,False,False,True,True,True,False
8894.T,8894,ＲＥＶＯＬＵＴＩＯＮ,スタンダード（内国株式）,不動産業,-,2026-08-31,2605.0,22.0,9892375.0,451045.0,3432000.0,False,False,True,True,True,False
1966.T,1966,高田工業所,スタンダード（内国株式）,建設業,-,2026-08-31,2605.0,1734.0,9889630.0,5715.0,7456200.0,False,True,True,True,True,False
3420.T,3420,ケー・エフ・シー,スタンダード（内国株式）,金属製品,-,2026-08-31,2605.0,1600.0,9889320.0,6095.0,8000000.0,False,True,True,True,True,False
8917.T,8917,ファースト住建,スタンダード（内国株式）,不動産業,-,2026-08-31,2605.0,1143.0,9882115.0,8630.0,9372600.0,False,True,True,True,True,False
6548.T,6548,旅工房,グロース（内国株式）,サービス業,-,2026-08-31,2308.0,122.0,9872945.0,87805.0,19434600.0,False,False,True,True,True,False
7135.T,7135,ジャパンクラフトホールディングス,スタンダード（内国株式）,小売業,-,2026-08-31,1139.0,181.0,9856065.0,53610.0,7529600.0,False,False,True,True,True,False
5965.T,5965,フジマック,スタンダード（内国株式）,金属製品,-,2026-08-31,2605.0,1215.0,9826255.0,8335.0,8626500.0,False,True,True,True,True,False
2162.T,2162,ｎｍｓ　ホールディングス,スタンダード（内国株式）,サービス業,-,2026-08-27,2603.0,538.0,9814750.0,18295.0,15817200.0,False,True,True,True,True,False
3970.T,3970,イノベーション,スタンダード（内国株式）,情報・通信業,-,2026-08-31,2387.0,857.0,9729250.0,11205.0,257100.0,False,True,True,True,True,False
6614.T,6614,シキノハイテック,スタンダード（内国株式）,電気機器,-,2026-08-31,1329.0,886.0,9669915.0,10980.0,12226800.0,False,True,True,True,True,False
4644.T,4644,イマジニア,スタンダード（内国株式）,情報・通信業,-,2026-08-31,2605.0,1070.0,9644395.0,9105.0,9523000.0,False,True,True,True,True,False
4270.T,4270,ＢｅｅＸ,グロース（内国株式）,情報・通信業,-,2026-08-31,1105.0,1916.0,9617810.0,5115.0,9580000.0,False,True,True,True,True,False
6343.T,6343,フリージア・マクロス,スタンダード（内国株式）,機械,-,2026-08-31,2605.0,152.0,9601360.0,64165.0,3860800.0,False,False,True,True,True,False
1420.T,1420,サンヨーホームズ,スタンダード（内国株式）,建設業,-,2026-08-31,2605.0,638.0,9594695.0,15175.0,10718400.0,False,True,True,True,True,False
9385.T,9385,ショーエイコーポレーション,スタンダード（内国株式）,化学,-,2026-08-31,2605.0,761.0,9584895.0,12715.0,4185500.0,False,True,True,True,True,False
6189.T,6189,グローバルキッズＣＯＭＰＡＮＹ,スタンダード（内国株式）,サービス業,-,2026-08-31,2574.0,1020.0,9583370.0,9415.0,9180000.0,False,True,True,True,True,False
3671.T,3671,ソフトマックス,スタンダード（内国株式）,情報・通信業,-,2026-08-31,2605.0,311.0,9563390.0,30700.0,1772700.0,False,True,True,True,True,False
9193.T,9193,東京汽船,スタンダード（内国株式）,倉庫・運輸関連業,-,2026-08-31,2605.0,882.0,9551080.0,10880.0,9966600.0,False,True,True,True,True,False
4442.T,4442,バルテス・ホールディングス,グロース（内国株式）,情報・通信業,-,2026-08-31,1771.0,405.0,9546145.0,23660.0,22194000.0,False,True,True,True,True,False
2970.T,2970,ＧＬＣ　ＧＲＯＵＰ,スタンダード（内国株式）,不動産業,-,2026-08-31,1878.0,1076.0,9530290.0,9275.0,3335600.0,False,True,True,True,True,False
3566.T,3566,ユニフォームネクスト,グロース（内国株式）,小売業,-,2026-08-31,2245.0,763.0,9520965.0,12245.0,1602300.0,False,True,True,True,True,False
2186.T,2186,ソーバル,スタンダード（内国株式）,サービス業,-,2026-08-31,2605.0,913.0,9505530.0,10430.0,28029100.0,False,True,True,True,True,False
9259.T,9259,タカヨシホールディングス,グロース（内国株式）,サービス業,-,2026-08-31,1144.0,850.0,9498310.0,11215.0,21505000.0,False,True,True,True,True,False
7562.T,7562,安楽亭,スタンダード（内国株式）,小売業,-,2026-08-31,2605.0,3850.0,9489725.0,2490.0,10395000.0,False,True,True,True,True,False
4075.T,4075,ブレインズテクノロジー,グロース（内国株式）,情報・通信業,-,2026-08-28,1245.0,937.0,9459885.0,10620.0,9370000.0,False,True,True,True,True,False
3909.T,3909,ショーケース,スタンダード（内国株式）,情報・通信業,-,2026-08-31,2605.0,192.0,9445115.0,47175.0,7392000.0,False,False,True,True,True,False
4241.T,4241,アテクト,スタンダード（内国株式）,化学,-,2026-08-31,2605.0,663.0,9429515.0,14250.0,5038800.0,False,True,True,True,True,False
4896.T,4896,ケイファーマ,グロース（内国株式）,医薬品,-,2026-08-31,701.0,805.0,9387660.0,12230.0,28094500.0,False,True,True,True,True,False
7075.T,7075,ＱＬＳホールディングス,グロース（内国株式）,サービス業,-,2026-08-31,1300.0,887.0,9349330.0,10970.0,12861500.0,False,True,True,True,True,False
9558.T,9558,ジャパニアス,グロース（内国株式）,サービス業,-,2026-08-31,969.0,2008.0,9342710.0,4725.0,13654400.0,False,True,True,True,True,False
3947.T,3947,ダイナパック,スタンダード（内国株式）,パルプ・紙,-,2026-08-31,2605.0,2451.0,9341155.0,3855.0,4411800.0,False,True,True,True,True,False
3490.T,3490,アズ企画設計,スタンダード（内国株式）,不動産業,-,2026-08-31,2065.0,3060.0,9325600.0,2950.0,9792000.0,False,True,True,True,True,False
3760.T,3760,ケイブ,スタンダード（内国株式）,情報・通信業,-,2026-08-31,2605.0,722.0,9323345.0,12650.0,2743600.0,False,True,True,True,True,False
6093.T,6093,ミトラグループ,スタンダード（内国株式）,サービス業,-,2026-08-31,2605.0,165.0,9319475.0,57090.0,10180500.0,False,False,True,True,True,False
4486.T,4486,ユナイトアンドグロウ,グロース（内国株式）,情報・通信業,-,2026-08-31,1634.0,702.0,9229685.0,13550.0,6037200.0,False,True,True,True,True,False
151A.T,151A,ダイブグループ,グロース（内国株式）,サービス業,-,2026-08-31,594.0,657.0,9228240.0,14285.0,5715900.0,False,True,True,True,True,False
7514.T,7514,ヒマラヤ,スタンダード（内国株式）,小売業,-,2026-08-31,2605.0,853.0,9227855.0,10565.0,8615300.0,False,True,True,True,True,False
2215.T,2215,第一屋製パン,スタンダード（内国株式）,食料品,-,2026-08-31,2605.0,613.0,9215515.0,14920.0,5517000.0,False,True,True,True,True,False
3175.T,3175,エー・ピーホールディングス,スタンダード（内国株式）,小売業,-,2026-08-31,2605.0,955.0,9199050.0,9720.0,27981500.0,False,True,True,True,True,False
3320.T,3320,クロスプラス,スタンダード（内国株式）,卸売業,-,2026-08-31,2605.0,1331.0,9198540.0,7055.0,5590200.0,False,True,True,True,True,False
3904.T,3904,カヤック,グロース（内国株式）,情報・通信業,-,2026-08-31,2605.0,431.0,9176970.0,21640.0,3965200.0,False,True,True,True,True,False
7494.T,7494,コナカ,スタンダード（内国株式）,小売業,-,2026-08-31,2605.0,247.0,9133830.0,38000.0,11757200.0,False,True,True,True,True,False
5936.T,5936,東洋シヤッター,スタンダード（内国株式）,金属製品,-,2026-08-31,2605.0,916.0,9097725.0,10210.0,4030400.0,False,True,True,True,True,False
3625.T,3625,テックファームホールディングス,グロース（内国株式）,情報・通信業,-,2026-08-31,2605.0,667.0,9076345.0,13975.0,3268300.0,False,True,True,True,True,False
3267.T,3267,フィル・カンパニー,スタンダード（内国株式）,建設業,TOPIX Small 2,2026-08-31,2408.0,648.0,9044115.0,14070.0,4276800.0,False,True,True,True,True,False
3280.T,3280,エストラスト,スタンダード（内国株式）,不動産業,-,2026-08-31,2605.0,933.0,9010170.0,9685.0,2985600.0,False,True,True,True,True,False
6545.T,6545,インターネットインフィニティー,グロース（内国株式）,サービス業,-,2026-08-31,2328.0,829.0,8990325.0,10610.0,3316000.0,False,True,True,True,True,False
6731.T,6731,ピクセラ,スタンダード（内国株式）,電気機器,-,2026-08-31,2605.0,106.0,8969970.0,82885.0,1759600.0,False,False,True,False,True,False
475A.T,475A,ギミック,スタンダード（内国株式）,サービス業,-,2026-08-31,169.0,686.0,8949675.0,13995.0,15915200.0,False,True,False,True,True,False
3799.T,3799,キーウェアソリューションズ,スタンダード（内国株式）,情報・通信業,-,2026-08-31,2605.0,1125.0,8941455.0,7950.0,6412500.0,False,True,True,True,True,False
3787.T,3787,テクノマセマティカル,スタンダード（内国株式）,情報・通信業,-,2026-08-31,2605.0,380.0,8909455.0,27280.0,2584000.0,False,True,True,True,True,False
2114.T,2114,フジ日本,スタンダード（内国株式）,食料品,-,2026-08-31,2605.0,682.0,8881995.0,13695.0,28439400.0,False,True,True,True,True,False
3185.T,3185,夢展望,グロース（内国株式）,小売業,-,2026-08-31,2605.0,143.0,8879630.0,60675.0,3861000.0,False,False,True,True,True,False
9753.T,9753,アイエックス・ナレッジ,スタンダード（内国株式）,情報・通信業,-,2026-08-31,2605.0,1364.0,8870645.0,6650.0,1636800.0,False,True,True,True,True,False
3174.T,3174,ハピネス・アンド・ディ,スタンダード（内国株式）,小売業,-,2026-08-31,2605.0,400.0,8857485.0,22020.0,7640000.0,False,True,True,True,True,False
3068.T,3068,ＷＤＩ,スタンダード（内国株式）,小売業,-,2026-08-31,2605.0,3055.0,8843050.0,2920.0,4582500.0,False,True,True,True,True,False
6663.T,6663,太洋テクノレックス,スタンダード（内国株式）,電気機器,-,2026-08-31,2605.0,323.0,8837460.0,28700.0,9496200.0,False,True,True,True,True,False
5869.T,5869,早稲田学習研究会,スタンダード（内国株式）,サービス業,-,2026-08-31,655.0,1268.0,8809820.0,7075.0,7100800.0,False,True,True,True,True,False
6181.T,6181,タメニー,グロース（内国株式）,サービス業,-,2026-08-31,2605.0,91.0,8807700.0,105665.0,7307300.0,False,False,True,True,True,False
265A.T,265A,Ｈｍｃｏｍｍ,グロース（内国株式）,情報・通信業,-,2026-08-31,449.0,730.0,8805750.0,12675.0,17301000.0,False,True,True,True,True,False
2415.T,2415,ヒューマンホールディングス,スタンダード（内国株式）,サービス業,-,2026-08-31,2605.0,1700.0,8765440.0,5325.0,7650000.0,False,True,True,True,True,False
4288.T,4288,アズジェント,スタンダード（内国株式）,情報・通信業,-,2026-08-31,2605.0,453.0,8760150.0,19150.0,8380500.0,False,True,True,True,True,False
8127.T,8127,ヤマトインターナショナル,スタンダード（内国株式）,繊維製品,-,2026-08-31,2605.0,550.0,8703155.0,15170.0,6270000.0,False,True,True,True,True,False
7775.T,7775,大研医器,スタンダード（内国株式）,精密機器,-,2026-08-31,2605.0,426.0,8691370.0,20355.0,7795800.0,False,True,True,True,True,False
5994.T,5994,ファインシンター,スタンダード（内国株式）,金属製品,-,2026-08-31,2605.0,1021.0,8681805.0,8765.0,8168000.0,False,True,True,True,True,False
7351.T,7351,グッドパッチ,グロース（内国株式）,サービス業,-,2026-08-31,1507.0,460.0,8624290.0,18690.0,3450000.0,False,True,True,True,True,False
3140.T,3140,ＢＲＵＮＯ,グロース（内国株式）,卸売業,-,2026-08-31,2605.0,1018.0,8616360.0,8475.0,5599000.0,False,True,True,True,True,False
7277.T,7277,ＴＢＫ,スタンダード（内国株式）,輸送用機器,-,2026-08-31,2605.0,362.0,8602465.0,24525.0,15928000.0,False,True,True,True,True,False
4482.T,4482,ウィルズ,グロース（内国株式）,情報・通信業,-,2026-08-31,1635.0,737.0,8599840.0,11790.0,9728400.0,False,True,True,True,True,False
6307.T,6307,サンセイ,スタンダード（内国株式）,機械,-,2026-08-31,2605.0,490.0,8595020.0,17975.0,13132000.0,False,True,True,True,True,False
7963.T,7963,興研,スタンダード（内国株式）,その他製品,-,2026-08-31,2605.0,1809.0,8594960.0,4750.0,3798900.0,False,True,True,True,True,False
7602.T,7602,レダックス,スタンダード（内国株式）,卸売業,-,2026-08-31,2605.0,169.0,8590435.0,51060.0,2551900.0,False,False,True,True,True,False
7214.T,7214,ＧＭＢ,スタンダード（内国株式）,輸送用機器,-,2026-08-31,2605.0,1110.0,8589330.0,7685.0,6438000.0,False,True,True,True,True,False
2872.T,2872,セイヒョー,スタンダード（内国株式）,食料品,-,2026-08-31,2605.0,1952.0,8589190.0,4315.0,11907200.0,False,True,True,True,True,False
4299.T,4299,ハイマックス,スタンダード（内国株式）,情報・通信業,TOPIX Small 2,2026-08-31,2605.0,1245.0,8535575.0,7005.0,12450000.0,False,True,True,True,True,False
8023.T,8023,ＤＡＩＫＯ　ＸＴＥＣＨ,スタンダード（内国株式）,情報・通信業,-,2026-08-31,2605.0,1049.0,8532865.0,8365.0,13112500.0,False,True,True,True,True,False
9980.T,9980,ＭＲＫホールディングス,スタンダード（内国株式）,小売業,-,2026-08-31,2605.0,95.0,8511080.0,88795.0,5804500.0,False,False,True,True,True,False
9366.T,9366,サンリツ,スタンダード（内国株式）,倉庫・運輸関連業,-,2026-08-31,2605.0,1114.0,8494060.0,7790.0,4121800.0,False,True,True,True,True,False
6177.T,6177,ＡｐｐＢａｎｋ,グロース（内国株式）,サービス業,-,2026-08-31,2605.0,84.0,8472555.0,102905.0,11298000.0,False,False,True,True,True,False
4657.T,4657,環境管理センター,スタンダード（内国株式）,サービス業,-,2026-08-31,2605.0,473.0,8466160.0,17750.0,6149000.0,False,True,True,True,True,False
6497.T,6497,ハマイ,スタンダード（内国株式）,機械,-,2026-08-31,2605.0,1488.0,8465620.0,5935.0,11160000.0,False,True,True,True,True,False
7578.T,7578,ニチリョク,スタンダード（内国株式）,小売業,-,2026-08-31,2605.0,79.0,8458200.0,117350.0,22301700.0,False,False,True,True,True,False
1758.T,1758,太洋基礎工業,スタンダード（内国株式）,建設業,-,2026-08-31,2605.0,2520.0,8444085.0,3460.0,2772000.0,False,True,True,True,True,False
5570.T,5570,ジェノバ,グロース（内国株式）,情報・通信業,-,2026-08-31,823.0,651.0,8379720.0,13490.0,27472200.0,False,True,True,True,True,False
8135.T,8135,ゼット,スタンダード（内国株式）,卸売業,-,2026-08-31,2605.0,440.0,8360070.0,18975.0,5236000.0,False,True,True,True,True,False
8891.T,8891,ＡＭＧホールディングス,スタンダード（内国株式）,不動産業,-,2026-08-31,2605.0,2122.0,8344960.0,3995.0,4880600.0,False,True,True,True,True,False
3377.T,3377,バイク王＆カンパニー,スタンダード（内国株式）,卸売業,-,2026-08-31,2605.0,392.0,8343415.0,21390.0,7644000.0,False,True,True,True,True,False
7836.T,7836,アビックス,スタンダード（内国株式）,その他製品,-,2026-08-31,2605.0,78.0,8333290.0,105120.0,1583400.0,False,False,True,True,True,False
6365.T,6365,電業社機械製作所,スタンダード（内国株式）,機械,-,2026-08-31,2605.0,5670.0,8333200.0,1505.0,1134000.0,False,True,True,True,True,False
6771.T,6771,池上通信機,スタンダード（内国株式）,電気機器,-,2026-08-31,2605.0,676.0,8325595.0,12390.0,4732000.0,False,True,True,True,True,False
2597.T,2597,ユニカフェ,スタンダード（内国株式）,食料品,-,2026-08-31,2605.0,1252.0,8293920.0,6950.0,18529600.0,False,True,True,True,True,False
7299.T,7299,フジオーゼックス,スタンダード（内国株式）,輸送用機器,-,2026-08-31,2605.0,1857.0,8290770.0,4460.0,6870900.0,False,True,True,True,True,False
4624.T,4624,イサム塗料,スタンダード（内国株式）,化学,-,2026-08-28,2604.0,4105.0,8288675.0,2100.0,6157500.0,False,True,True,True,True,False
7619.T,7619,田中商事,スタンダード（内国株式）,卸売業,-,2026-08-31,2605.0,967.0,8282655.0,8595.0,1837300.0,False,True,True,True,True,False
7084.T,7084,Ｓｍｉｌｅ　Ｈｏｌｄｉｎｇｓ,グロース（内国株式）,サービス業,-,2026-08-31,1587.0,2882.0,8277735.0,2985.0,12392600.0,False,True,True,True,True,False
352A.T,352A,ＬＯＩＶＥ,グロース（内国株式）,サービス業,-,2026-08-31,330.0,544.0,8273050.0,15965.0,870400.0,False,True,True,True,True,False
6488.T,6488,ヨシタケ,スタンダード（内国株式）,機械,-,2026-08-31,2605.0,1044.0,8256895.0,7995.0,6577200.0,False,True,True,True,True,False
8076.T,8076,カノークス,スタンダード（内国株式）,卸売業,-,2026-08-31,903.0,2111.0,8249135.0,3950.0,10555000.0,False,True,True,True,True,False
7361.T,7361,ヒューマンクリエイションホールディングス,グロース（内国株式）,サービス業,-,2026-08-31,1336.0,1204.0,8245640.0,6895.0,9270800.0,False,True,True,True,True,False
6484.T,6484,ＫＶＫ,スタンダード（内国株式）,機械,-,2026-08-31,2605.0,2247.0,8239060.0,3630.0,3370500.0,False,True,True,True,True,False
6561.T,6561,ＨＡＮＡＴＯＵＲ　ＪＡＰＡＮ,グロース（内国株式）,サービス業,-,2026-08-31,2139.0,833.0,8238180.0,10085.0,4331600.0,False,True,True,True,True,False
3928.T,3928,マイネット,スタンダード（内国株式）,情報・通信業,-,2026-08-31,2605.0,235.0,8227140.0,34020.0,1363000.0,False,True,True,True,True,False
7060.T,7060,ギークス,スタンダード（内国株式）,サービス業,-,2026-08-31,1816.0,602.0,8214615.0,13900.0,8849400.0,False,True,True,True,True,False
9640.T,9640,セゾンテクノロジー,スタンダード（内国株式）,情報・通信業,-,2026-08-31,2605.0,2006.0,8211530.0,4075.0,6018000.0,False,True,True,True,True,False
9074.T,9074,日本石油輸送,スタンダード（内国株式）,陸運業,-,2026-08-31,2605.0,4970.0,8191575.0,1620.0,14910000.0,False,True,True,True,True,False
5388.T,5388,クニミネ工業,スタンダード（内国株式）,ガラス・土石製品,-,2026-08-31,2605.0,1369.0,8144230.0,6235.0,9309200.0,False,True,True,True,True,False
5187.T,5187,クリエートメディック,スタンダード（内国株式）,精密機器,-,2026-08-31,2605.0,1142.0,8143185.0,7170.0,2969200.0,False,True,True,True,True,False
441A.T,441A,ＮＥ,グロース（内国株式）,情報・通信業,TOPIX Small 2,2026-08-31,201.0,279.0,8117460.0,29800.0,7002900.0,False,True,False,True,True,False
3967.T,3967,エルテス,グロース（内国株式）,情報・通信業,-,2026-08-31,2403.0,581.0,8111275.0,13545.0,7204400.0,False,True,True,True,True,False
4976.T,4976,東洋ドライルーブ,スタンダード（内国株式）,化学,-,2026-08-31,2605.0,1469.0,8110875.0,5645.0,2350400.0,False,True,True,True,True,False
3815.T,3815,メディア工房,グロース（内国株式）,情報・通信業,-,2026-08-31,2605.0,431.0,8097285.0,18045.0,8318300.0,False,True,True,True,True,False
8518.T,8518,日本アジア投資,スタンダード（内国株式）,証券、商品先物取引業,-,2026-08-31,2605.0,137.0,8084690.0,60400.0,2287900.0,False,False,True,True,True,False
3945.T,3945,スーパーバッグ,スタンダード（内国株式）,パルプ・紙,-,2026-08-31,2605.0,2186.0,8080150.0,3680.0,3279000.0,False,True,True,True,True,False
4490.T,4490,ビザスク,グロース（内国株式）,情報・通信業,-,2026-08-31,1583.0,661.0,8077350.0,12115.0,7535400.0,False,True,True,True,True,False
9686.T,9686,東洋テック,スタンダード（内国株式）,サービス業,-,2026-08-31,2605.0,1700.0,8071080.0,4860.0,7310000.0,False,True,True,True,True,False
4491.T,4491,コンピューターマネージメント,スタンダード（内国株式）,情報・通信業,-,2026-08-31,1582.0,3240.0,8039475.0,2485.0,27216000.0,False,True,True,True,True,False
9171.T,9171,栗林商船,スタンダード（内国株式）,海運業,-,2026-08-31,2605.0,1506.0,8010915.0,5210.0,2108400.0,False,True,True,True,True,False
6239.T,6239,ナガオカ,スタンダード（内国株式）,機械,-,2026-08-31,2605.0,1445.0,8007005.0,5605.0,8814500.0,False,True,True,True,True,False
2612.T,2612,かどや製油,スタンダード（内国株式）,食料品,-,2026-08-31,2605.0,1813.0,7987410.0,4520.0,13416200.0,False,True,True,True,True,False
2375.T,2375,ギグワークス,スタンダード（内国株式）,サービス業,-,2026-08-31,2605.0,213.0,7985385.0,38880.0,10224000.0,False,True,True,True,True,False
1905.T,1905,テノックス,スタンダード（内国株式）,建設業,-,2026-08-31,2605.0,1472.0,7976240.0,5455.0,588800.0,False,True,True,True,True,False
5697.T,5697,サンユウ,スタンダード（内国株式）,鉄鋼,-,2026-08-31,2605.0,823.0,7952200.0,9800.0,2715900.0,False,True,True,True,True,False
7228.T,7228,デイトナ,スタンダード（内国株式）,輸送用機器,-,2026-08-31,2605.0,4045.0,7946425.0,1995.0,6067500.0,False,True,True,True,True,False
4762.T,4762,エックスネット,スタンダード（内国株式）,情報・通信業,-,2026-08-31,2605.0,2135.0,7941365.0,3890.0,4910500.0,False,True,True,True,True,False
8207.T,8207,テンアライド,スタンダード（内国株式）,小売業,-,2026-08-31,2605.0,301.0,7886620.0,26580.0,14929600.0,False,True,True,True,True,False
1793.T,1793,大本組,スタンダード（内国株式）,建設業,-,2026-08-31,2605.0,2113.0,7848970.0,3785.0,2746900.0,False,True,True,True,True,False
1768.T,1768,ソネック,スタンダード（内国株式）,建設業,-,2026-08-31,2605.0,1031.0,7828740.0,7555.0,2989900.0,False,True,True,True,True,False
4167.T,4167,ココペリ,グロース（内国株式）,情報・通信業,-,2026-08-31,1392.0,334.0,7826975.0,24505.0,11589800.0,False,True,True,True,True,False
9380.T,9380,東海運,スタンダード（内国株式）,倉庫・運輸関連業,-,2026-08-31,2605.0,438.0,7825685.0,18100.0,4949400.0,False,True,True,True,True,False
4308.T,4308,Ｊストリーム,グロース（内国株式）,情報・通信業,-,2026-08-31,2605.0,361.0,7799835.0,21880.0,7761500.0,False,True,True,True,True,False
9326.T,9326,関通ホールディングス,グロース（内国株式）,倉庫・運輸関連業,-,2026-08-31,1576.0,492.0,7792165.0,15640.0,2853600.0,False,True,True,True,True,False
3933.T,3933,チエル,スタンダード（内国株式）,情報・通信業,-,2026-08-31,2572.0,570.0,7751905.0,13945.0,1254000.0,False,True,True,True,True,False
7427.T,7427,エコートレーディング,スタンダード（内国株式）,卸売業,-,2026-08-31,2605.0,835.0,7748215.0,9290.0,6763500.0,False,True,True,True,True,False
5971.T,5971,共和工業所,スタンダード（内国株式）,金属製品,-,2026-08-31,2605.0,8700.0,7691300.0,930.0,18270000.0,False,True,True,True,True,False
3969.T,3969,エイトレッド,スタンダード（内国株式）,情報・通信業,-,2026-08-31,2386.0,1406.0,7671165.0,5410.0,4639800.0,False,True,True,True,True,False
1798.T,1798,守谷商会,スタンダード（内国株式）,建設業,-,2026-08-31,2605.0,1090.0,7654705.0,7490.0,3597000.0,False,True,True,True,True,False
4389.T,4389,プロパティデータバンク,グロース（内国株式）,情報・通信業,-,2026-08-31,2001.0,1068.0,7629875.0,7315.0,5660400.0,False,True,True,True,True,False
4248.T,4248,竹本容器,スタンダード（内国株式）,化学,-,2026-08-31,2605.0,882.0,7624035.0,8630.0,2205000.0,False,True,True,True,True,False
9704.T,9704,アゴーラ　ホスピタリティー　グループ,スタンダード（内国株式）,サービス業,-,2026-08-31,2605.0,30.0,7621680.0,253155.0,3798000.0,False,False,True,True,True,False
9846.T,9846,天満屋ストア,スタンダード（内国株式）,小売業,-,2026-08-31,2605.0,980.0,7621035.0,7650.0,8036000.0,False,True,True,True,True,False
6654.T,6654,不二電機工業,スタンダード（内国株式）,電気機器,-,2026-08-31,2605.0,1091.0,7599255.0,6950.0,6327800.0,False,True,True,True,True,False
7871.T,7871,フクビ化学工業,スタンダード（内国株式）,化学,-,2026-08-31,2605.0,1047.0,7595695.0,7525.0,9946500.0,False,True,True,True,True,False
3241.T,3241,ウィル,スタンダード（内国株式）,不動産業,-,2026-08-31,2605.0,606.0,7580210.0,12765.0,2848200.0,False,True,True,True,True,False
8030.T,8030,中央魚類,スタンダード（内国株式）,卸売業,-,2026-08-31,2605.0,3810.0,7555350.0,2040.0,6477000.0,False,True,True,True,True,False
6286.T,6286,靜甲,スタンダード（内国株式）,機械,-,2026-08-31,2605.0,1510.0,7534735.0,5155.0,7399000.0,False,True,True,True,True,False
297A.T,297A,アルピコホールディングス,スタンダード（内国株式）,小売業,-,2026-08-31,408.0,213.0,7529585.0,35075.0,7731900.0,False,True,True,True,True,False
4098.T,4098,チタン工業,スタンダード（内国株式）,化学,-,2026-08-31,2605.0,1019.0,7513835.0,7315.0,3668400.0,False,True,True,True,True,False
4427.T,4427,ＥｄｕＬａｂ,グロース（内国株式）,情報・通信業,-,2026-08-31,1874.0,227.0,7498845.0,34960.0,1543600.0,False,True,True,True,True,False
6400.T,6400,不二精機,スタンダード（内国株式）,機械,-,2026-08-31,2605.0,290.0,7445935.0,25920.0,7801000.0,False,True,True,True,True,False
7122.T,7122,近畿車輛,スタンダード（内国株式）,輸送用機器,-,2026-08-31,2605.0,2452.0,7442945.0,3115.0,13731200.0,False,True,True,True,True,False
3020.T,3020,アプライド,スタンダード（内国株式）,小売業,-,2026-08-31,2605.0,4395.0,7432675.0,1735.0,3076500.0,False,True,True,True,True,False
2180.T,2180,サニーサイドアップグループ,スタンダード（内国株式）,サービス業,-,2026-08-31,2605.0,1308.0,7432670.0,5685.0,18835200.0,False,True,True,True,True,False
1711.T,1711,ＳＤＳホールディングス,スタンダード（内国株式）,建設業,-,2026-08-31,2605.0,247.0,7431820.0,30705.0,8743800.0,False,True,True,True,True,False
2122.T,2122,インタースペース,スタンダード（内国株式）,サービス業,-,2026-08-31,2605.0,1490.0,7417715.0,5175.0,18178000.0,False,True,True,True,True,False
6577.T,6577,ベストワンドットコム,グロース（内国株式）,サービス業,-,2026-08-31,2045.0,1948.0,7387640.0,3870.0,6818000.0,False,True,True,True,True,False
9446.T,9446,サカイホールディングス,スタンダード（内国株式）,情報・通信業,-,2026-08-31,2605.0,698.0,7375910.0,10755.0,3769200.0,False,True,True,True,True,False
9340.T,9340,アソインターナショナル,スタンダード（内国株式）,サービス業,-,2026-08-31,901.0,774.0,7324380.0,9895.0,37616400.0,False,True,True,True,True,False
7462.T,7462,ＣＡＰＩＴＡ,スタンダード（内国株式）,小売業,-,2026-08-31,2605.0,400.0,7308630.0,18635.0,5200000.0,False,True,True,True,True,False
3979.T,3979,うるる,グロース（内国株式）,情報・通信業,-,2026-08-31,2331.0,441.0,7285355.0,17450.0,5071500.0,False,True,True,True,True,False
8798.T,8798,アドバンスクリエイト,プライム（内国株式）,保険業,TOPIX Small 2,2026-08-31,2605.0,141.0,7255325.0,52305.0,3426300.0,False,False,True,True,True,False
8104.T,8104,クワザワホールディングス,スタンダード（内国株式）,卸売業,-,2026-08-31,2072.0,723.0,7242715.0,10370.0,10917300.0,False,True,True,True,True,False
291A.T,291A,リスキル,グロース（内国株式）,サービス業,-,2026-08-31,414.0,1990.0,7239090.0,3665.0,3184000.0,False,True,True,True,True,False
6193.T,6193,バーチャレクス・ホールディングス,グロース（内国株式）,サービス業,-,2026-08-31,2510.0,1194.0,7226635.0,6490.0,16119000.0,False,True,True,True,True,False
5984.T,5984,兼房,スタンダード（内国株式）,金属製品,-,2026-08-31,2605.0,777.0,7217530.0,9500.0,2641800.0,False,True,True,True,True,False
5368.T,5368,日本インシュレーション,スタンダード（内国株式）,ガラス・土石製品,-,2026-08-31,1576.0,1022.0,7210620.0,7070.0,5416600.0,False,True,True,True,True,False
6018.T,6018,阪神内燃機工業,スタンダード（内国株式）,輸送用機器,-,2026-08-31,2605.0,6300.0,7199550.0,1165.0,10710000.0,False,True,True,True,True,False
5356.T,5356,美濃窯業,スタンダード（内国株式）,ガラス・土石製品,-,2026-08-31,600.0,1315.0,7180425.0,5570.0,3550500.0,False,True,True,True,True,False
5819.T,5819,カナレ電気,スタンダード（内国株式）,非鉄金属,-,2026-08-31,2605.0,1779.0,7172030.0,4100.0,6226500.0,False,True,True,True,True,False
2459.T,2459,アウンコンサルティング,スタンダード（内国株式）,サービス業,-,2026-08-31,2605.0,178.0,7163225.0,41140.0,7102200.0,False,False,True,True,True,False
2055.T,2055,日和産業,スタンダード（内国株式）,食料品,-,2026-08-31,2605.0,346.0,7151385.0,20855.0,1314800.0,False,True,True,True,True,False
7674.T,7674,ＮＡＴＴＹ　ＳＷＡＮＫＹホールディングス,グロース（内国株式）,小売業,-,2026-08-31,1811.0,2615.0,7145470.0,2750.0,3661000.0,False,True,True,True,True,False
2183.T,2183,リニカル,スタンダード（内国株式）,サービス業,-,2026-08-31,2605.0,207.0,7121060.0,34250.0,8838900.0,False,True,True,True,True,False
6537.T,6537,ＷＡＳＨハウス,グロース（内国株式）,サービス業,-,2026-08-31,2407.0,291.0,7058140.0,23615.0,11756400.0,False,True,True,True,True,False
3607.T,3607,クラウディアホールディングス,スタンダード（内国株式）,繊維製品,-,2026-08-31,2605.0,352.0,7050440.0,19525.0,6019200.0,False,True,True,True,True,False
4439.T,4439,東名,スタンダード（内国株式）,情報・通信業,-,2026-08-31,1807.0,778.0,7046165.0,9190.0,11670000.0,False,True,True,True,True,False
7539.T,7539,アイナボホールディングス,スタンダード（内国株式）,卸売業,-,2026-08-31,2605.0,817.0,7042860.0,8880.0,10702700.0,False,True,True,True,True,False
6155.T,6155,高松機械工業,スタンダード（内国株式）,機械,-,2026-08-31,2605.0,544.0,7041575.0,13270.0,380800.0,False,True,True,True,True,False
9423.T,9423,フォーバル・リアルストレート,スタンダード（内国株式）,情報・通信業,-,2026-08-31,2605.0,105.0,7024740.0,67140.0,11445000.0,False,False,True,True,True,False
7646.T,7646,ＰＬＡＮＴ,スタンダード（内国株式）,小売業,-,2026-08-31,2605.0,1900.0,7023160.0,3800.0,9310000.0,False,True,True,True,True,False
8202.T,8202,ラオックスホールディングス,スタンダード（内国株式）,小売業,-,2026-08-31,2605.0,147.0,7021710.0,47680.0,8967000.0,False,False,True,True,True,False
8946.T,8946,ＡＳＩＡＮ　ＳＴＡＲ,スタンダード（内国株式）,不動産業,-,2026-08-31,2605.0,76.0,7020670.0,91110.0,1664400.0,False,False,True,True,True,False
3800.T,3800,ユニリタ,スタンダード（内国株式）,情報・通信業,-,2026-08-31,2605.0,1970.0,6983040.0,3520.0,1576000.0,False,True,True,True,True,False
6195.T,6195,ホープ,グロース（内国株式）,サービス業,-,2026-08-31,2516.0,203.0,6980905.0,34120.0,3775800.0,False,True,True,True,True,False
8772.T,8772,アサックス,スタンダード（内国株式）,その他金融業,-,2026-08-31,2605.0,893.0,6976620.0,7950.0,3393400.0,False,True,True,True,True,False
7809.T,7809,壽屋,スタンダード（内国株式）,その他製品,-,2026-08-31,2197.0,1324.0,6955685.0,5255.0,6487600.0,False,True,True,True,True,False
7953.T,7953,菊水化学工業,スタンダード（内国株式）,その他製品,-,2026-08-31,2605.0,399.0,6952200.0,17530.0,3670800.0,False,True,True,True,True,False
2224.T,2224,コモ,スタンダード（内国株式）,食料品,-,2026-08-31,2605.0,3700.0,6936025.0,1885.0,3330000.0,False,True,True,True,True,False
6161.T,6161,エスティック,スタンダード（内国株式）,機械,-,2026-08-31,2605.0,1056.0,6933560.0,6455.0,5385600.0,False,True,True,True,True,False
5031.T,5031,モイ,グロース（内国株式）,情報・通信業,-,2026-08-31,1062.0,346.0,6928315.0,20825.0,5432200.0,False,True,True,True,True,False
3628.T,3628,データホライゾン,グロース（内国株式）,情報・通信業,-,2026-08-31,2605.0,600.0,6928085.0,11625.0,7320000.0,False,True,True,True,True,False
8746.T,8746,ｕｎｂａｎｋｅｄ,スタンダード（内国株式）,証券、商品先物取引業,-,2026-08-31,2605.0,98.0,6890405.0,70665.0,3714200.0,False,False,True,True,True,False
9351.T,9351,東洋埠頭,スタンダード（内国株式）,倉庫・運輸関連業,-,2026-08-31,2605.0,1917.0,6885585.0,3690.0,7284600.0,False,True,True,True,True,False
9219.T,9219,ギックス,グロース（内国株式）,サービス業,-,2026-08-31,1082.0,900.0,6866520.0,7770.0,13050000.0,False,True,True,True,True,False
4496.T,4496,コマースＯｎｅホールディングス,グロース（内国株式）,情報・通信業,-,2026-08-31,1509.0,772.0,6832560.0,8790.0,5249600.0,False,True,True,True,True,False
5891.T,5891,ＳＡＫＩＧＡＫＥホールディングス,スタンダード（内国株式）,小売業,-,2026-08-31,660.0,1700.0,6831580.0,4130.0,11900000.0,False,True,True,True,True,False
6347.T,6347,プラコー,スタンダード（内国株式）,機械,-,2026-08-31,2605.0,262.0,6828100.0,25960.0,6969200.0,False,True,True,True,True,False
4918.T,4918,アイビー化粧品,スタンダード（内国株式）,化学,-,2026-08-31,2605.0,301.0,6822800.0,22275.0,2016700.0,False,True,True,True,True,False
7487.T,7487,小津産業,スタンダード（内国株式）,卸売業,-,2026-08-31,2605.0,1795.0,6813315.0,3810.0,8436500.0,False,True,True,True,True,False
2304.T,2304,ＣＳＳホールディングス,スタンダード（内国株式）,サービス業,-,2026-08-31,2605.0,919.0,6812740.0,7355.0,367600.0,False,True,True,True,True,False
9363.T,9363,大運,スタンダード（内国株式）,倉庫・運輸関連業,-,2026-08-31,2605.0,531.0,6787390.0,12625.0,37276200.0,False,True,True,True,True,False
6022.T,6022,赤阪鐵工所,スタンダード（内国株式）,機械,-,2026-08-31,2605.0,2939.0,6774415.0,2490.0,28802200.0,False,True,True,True,True,False
3710.T,3710,ジョルダン,スタンダード（内国株式）,情報・通信業,-,2026-08-31,2605.0,650.0,6769190.0,10385.0,5980000.0,False,True,True,True,True,False
4398.T,4398,ブロードバンドセキュリティ,スタンダード（内国株式）,情報・通信業,-,2026-08-31,1935.0,1285.0,6758015.0,5275.0,5782500.0,False,True,True,True,True,False
3896.T,3896,阿波製紙,スタンダード（内国株式）,パルプ・紙,-,2026-08-31,2605.0,410.0,6749875.0,16940.0,3731000.0,False,True,True,True,True,False
7521.T,7521,ムサシ,スタンダード（内国株式）,卸売業,-,2026-08-31,2605.0,2798.0,6745410.0,2415.0,1119200.0,False,True,True,True,True,False
3484.T,3484,イノベーションホールディングス,スタンダード（内国株式）,不動産業,-,2026-08-31,2176.0,1128.0,6744060.0,6230.0,3045600.0,False,True,True,True,True,False
9249.T,9249,日本エコシステム,スタンダード（内国株式）,サービス業,-,2026-08-31,1197.0,1669.0,6742665.0,4080.0,10347800.0,False,True,True,True,True,False
2311.T,2311,エプコ,スタンダード（内国株式）,サービス業,-,2026-08-31,2605.0,786.0,6736075.0,8575.0,5737800.0,False,True,True,True,True,False
3157.T,3157,ジオリーブグループ,スタンダード（内国株式）,卸売業,-,2026-08-31,2605.0,1460.0,6732855.0,4855.0,2190000.0,False,True,True,True,True,False
7879.T,7879,ノダ,スタンダード（内国株式）,その他製品,-,2026-08-31,2605.0,680.0,6727850.0,10230.0,2924000.0,False,True,True,True,True,False
4361.T,4361,川口化学工業,スタンダード（内国株式）,化学,-,2026-08-31,2605.0,1595.0,6676235.0,4305.0,2392500.0,False,True,True,True,True,False
4378.T,4378,ＣＩＮＣ,グロース（内国株式）,情報・通信業,-,2026-08-31,1185.0,543.0,6636030.0,13095.0,11511600.0,False,True,True,True,True,False
4262.T,4262,ニフティライフスタイル,グロース（内国株式）,情報・通信業,-,2026-08-31,1144.0,1401.0,6621210.0,4875.0,7145100.0,False,True,True,True,True,False
9904.T,9904,ベリテ,スタンダード（内国株式）,小売業,-,2026-08-31,2605.0,247.0,6457245.0,26575.0,2889900.0,False,True,True,True,True,False
3758.T,3758,アエリア,スタンダード（内国株式）,情報・通信業,-,2026-08-31,2605.0,249.0,6450035.0,26440.0,3311700.0,False,True,True,True,True,False
3042.T,3042,セキュアヴェイル,スタンダード（内国株式）,情報・通信業,-,2026-08-31,2605.0,300.0,6439205.0,21570.0,7500000.0,False,True,True,True,True,False
6977.T,6977,日本抵抗器製作所,スタンダード（内国株式）,電気機器,-,2026-08-31,2605.0,1438.0,6432330.0,4300.0,719000.0,False,True,True,True,True,False
2349.T,2349,エヌアイデイ,スタンダード（内国株式）,情報・通信業,-,2026-08-31,2605.0,2542.0,6422300.0,2545.0,2542000.0,False,True,True,True,True,False
9799.T,9799,旭情報サービス,スタンダード（内国株式）,情報・通信業,-,2026-08-31,2605.0,976.0,6419030.0,6730.0,4001600.0,False,True,True,True,True,False
6393.T,6393,油研工業,スタンダード（内国株式）,機械,-,2026-08-31,2605.0,3040.0,6389125.0,2095.0,7600000.0,False,True,True,True,True,False
5341.T,5341,ＡＳＡＨＩ　ＥＩＴＯホールディングス,スタンダード（内国株式）,ガラス・土石製品,-,2026-08-31,2605.0,149.0,6388165.0,43425.0,3501500.0,False,False,True,True,True,False
9986.T,9986,蔵王産業,スタンダード（内国株式）,卸売業,-,2026-08-31,2605.0,2489.0,6364815.0,2555.0,3982400.0,False,True,True,True,True,False
9647.T,9647,協和コンサルタンツ,スタンダード（内国株式）,サービス業,-,2026-08-31,2605.0,6980.0,6361250.0,990.0,3490000.0,False,True,True,True,True,False
9082.T,9082,大和自動車交通,スタンダード（内国株式）,陸運業,-,2026-08-31,2605.0,2085.0,6354235.0,3210.0,2919000.0,False,True,True,True,True,False
6563.T,6563,みらいワークス,グロース（内国株式）,サービス業,-,2026-08-31,2136.0,463.0,6323245.0,13240.0,51902300.0,False,True,True,True,True,False
9709.T,9709,ＮＣＳ＆Ａ,スタンダード（内国株式）,情報・通信業,-,2026-08-31,2605.0,1404.0,6301265.0,4550.0,9266400.0,False,True,True,True,True,False
4447.T,4447,ピー・ビーシステムズ,グロース（内国株式）,情報・通信業,-,2026-08-31,954.0,502.0,6286970.0,12935.0,6526000.0,False,True,True,True,True,False
7083.T,7083,ＡＨＣグループ,グロース（内国株式）,サービス業,-,2026-08-31,1593.0,1102.0,6283470.0,5830.0,3526400.0,False,True,True,True,True,False
3557.T,3557,ユナイテッド＆コレクティブ,グロース（内国株式）,小売業,-,2026-08-31,2345.0,517.0,6271680.0,11360.0,5687000.0,False,True,True,True,True,False
4760.T,4760,アルファ,スタンダード（内国株式）,サービス業,-,2026-08-31,2605.0,1595.0,6269970.0,3760.0,6061000.0,False,True,True,True,True,False
2464.T,2464,Ａｏｂａ‐ＢＢＴ,スタンダード（内国株式）,サービス業,-,2026-08-31,2605.0,380.0,6259700.0,17680.0,6460000.0,False,True,True,True,True,False
5071.T,5071,ヴィス,スタンダード（内国株式）,サービス業,-,2026-08-31,1573.0,1386.0,6249515.0,4555.0,2356200.0,False,True,True,True,True,False
2689.T,2689,オルバヘルスケアホールディングス,スタンダード（内国株式）,卸売業,-,2026-08-31,2605.0,1875.0,6244795.0,3310.0,5812500.0,False,True,True,True,True,False
4380.T,4380,Ｍマート,グロース（内国株式）,情報・通信業,-,2026-08-31,2088.0,684.0,6242990.0,9385.0,5403600.0,False,True,True,True,True,False
7037.T,7037,テノ．ホールディングス,スタンダード（内国株式）,サービス業,-,2026-08-31,1874.0,821.0,6232075.0,7510.0,9852000.0,False,True,True,True,True,False
3177.T,3177,ありがとうサービス,スタンダード（内国株式）,小売業,-,2026-08-31,2605.0,4440.0,6227800.0,1455.0,3552000.0,False,True,True,True,True,False
519A.T,519A,ベーシック,グロース（内国株式）,情報・通信業,-,2026-08-31,108.0,515.0,6212955.0,12380.0,10866500.0,False,True,False,True,True,False
4885.T,4885,室町ケミカル,スタンダード（内国株式）,医薬品,-,2026-08-31,1348.0,895.0,6191185.0,6930.0,4833000.0,False,True,True,True,True,False
9162.T,9162,ブリーチ,グロース（内国株式）,サービス業,-,2026-08-31,771.0,230.0,6187300.0,26895.0,10465000.0,False,True,True,True,True,False
7640.T,7640,トップカルチャー,スタンダード（内国株式）,小売業,-,2026-08-31,2605.0,194.0,6169305.0,33565.0,2910000.0,False,False,True,True,True,False
6029.T,6029,アトラグループ,スタンダード（内国株式）,サービス業,-,2026-08-31,2605.0,185.0,6158520.0,32135.0,2923000.0,False,False,True,True,True,False
1853.T,1853,森組,スタンダード（内国株式）,建設業,-,2026-08-31,2605.0,329.0,6151610.0,18475.0,2303000.0,False,True,True,True,True,False
9698.T,9698,クレオ,スタンダード（内国株式）,情報・通信業,-,2026-08-31,2605.0,1310.0,6129750.0,4715.0,1310000.0,False,True,True,True,True,False
3627.T,3627,テクミラホールディングス,スタンダード（内国株式）,情報・通信業,-,2026-08-31,2605.0,267.0,6122285.0,22960.0,3684600.0,False,True,True,True,True,False
8617.T,8617,光世証券,スタンダード（内国株式）,証券、商品先物取引業,-,2026-08-31,2605.0,633.0,6094125.0,10180.0,7659300.0,False,True,True,True,True,False
7604.T,7604,梅の花グループ,スタンダード（内国株式）,小売業,-,2026-08-31,2605.0,898.0,6088595.0,6805.0,6824800.0,False,True,True,True,True,False
6292.T,6292,カワタ,スタンダード（内国株式）,機械,-,2026-08-31,2605.0,858.0,6070425.0,7205.0,3603600.0,False,True,True,True,True,False
3981.T,3981,ビーグリー,スタンダード（内国株式）,情報・通信業,-,2026-08-31,2329.0,1224.0,6055855.0,5015.0,8323200.0,False,True,True,True,True,False
3204.T,3204,トーア紡コーポレーション,スタンダード（内国株式）,繊維製品,-,2026-08-31,2605.0,505.0,6054575.0,12205.0,4545000.0,False,True,True,True,True,False
9360.T,9360,鈴与シンワート,スタンダード（内国株式）,情報・通信業,-,2026-08-31,2605.0,2770.0,6038055.0,2180.0,4432000.0,False,True,True,True,True,False
6696.T,6696,トラース・オン・プロダクト,グロース（内国株式）,電気機器,-,2026-08-31,2230.0,316.0,6026560.0,19570.0,2875600.0,False,True,True,True,True,False
415A.T,415A,ＧＭＯ　ＴＥＣＨホールディングス,グロース（内国株式）,サービス業,-,2026-08-31,2605.0,5050.0,6022450.0,1200.0,4040000.0,False,True,True,True,True,False
8115.T,8115,ムーンバット,スタンダード（内国株式）,卸売業,-,2026-08-31,2605.0,1337.0,6020085.0,4430.0,4545800.0,False,True,True,True,True,False
3096.T,3096,オーシャンシステム,スタンダード（内国株式）,小売業,-,2026-08-31,2605.0,1606.0,6012195.0,3725.0,5139200.0,False,True,True,True,True,False
9238.T,9238,バリュークリエーション,グロース（内国株式）,サービス業,-,2026-08-31,676.0,388.0,6006305.0,14720.0,1978800.0,False,True,True,True,True,False
9173.T,9173,東海汽船,スタンダード（内国株式）,海運業,-,2026-08-31,2605.0,2814.0,5991235.0,2130.0,6753600.0,False,True,True,True,True,False
7087.T,7087,ウイルテック,スタンダード（内国株式）,サービス業,-,2026-08-31,1585.0,1410.0,5983240.0,4300.0,9306000.0,False,True,True,True,True,False
6888.T,6888,アクモス,スタンダード（内国株式）,情報・通信業,-,2026-08-31,2605.0,503.0,5958300.0,12165.0,5885100.0,False,True,True,True,True,False
3082.T,3082,きちりホールディングス,スタンダード（内国株式）,小売業,-,2026-08-31,2605.0,983.0,5958135.0,6150.0,11796000.0,False,True,True,True,True,False
373A.T,373A,リップス,グロース（内国株式）,化学,-,2026-08-31,286.0,1461.0,5951470.0,4040.0,3798600.0,False,True,True,True,True,False
245A.T,245A,ＩＮＧＳ,グロース（内国株式）,小売業,-,2026-08-31,470.0,2584.0,5938860.0,2340.0,5684800.0,False,True,True,True,True,False
4376.T,4376,くふうカンパニーホールディングス,グロース（内国株式）,情報・通信業,-,2026-08-31,1202.0,164.0,5926945.0,35990.0,3624400.0,False,False,True,True,True,False
9713.T,9713,ロイヤルホテル,スタンダード（内国株式）,サービス業,-,2026-08-31,2605.0,910.0,5918730.0,6555.0,5642000.0,False,True,True,True,True,False
9244.T,9244,デジタリフト,グロース（内国株式）,サービス業,-,2026-08-31,1205.0,1476.0,5918050.0,4525.0,17416800.0,False,True,True,True,True,False
6943.T,6943,ＮＫＫスイッチズ,スタンダード（内国株式）,電気機器,-,2026-08-31,2605.0,5600.0,5906050.0,1075.0,2800000.0,False,True,True,True,True,False
6180.T,6180,ＧＭＯメディア,グロース（内国株式）,サービス業,-,2026-08-31,2605.0,3875.0,5897200.0,1550.0,3100000.0,False,True,True,True,True,False
6087.T,6087,アビスト,スタンダード（内国株式）,サービス業,-,2026-08-31,2605.0,3530.0,5876025.0,1675.0,8472000.0,False,True,True,True,True,False
2185.T,2185,シイエム・シイ,スタンダード（内国株式）,サービス業,-,2026-08-31,2605.0,2003.0,5858230.0,3045.0,3805700.0,False,True,True,True,True,False
7918.T,7918,ヴィア・ホールディングス,スタンダード（内国株式）,小売業,-,2026-08-31,2605.0,106.0,5833260.0,55095.0,2989200.0,False,False,True,True,True,False
3192.T,3192,白鳩,スタンダード（内国株式）,小売業,-,2026-08-31,2605.0,292.0,5832905.0,19845.0,25842000.0,False,True,True,True,True,False
7636.T,7636,ハンズマン,スタンダード（内国株式）,小売業,-,2026-08-31,2605.0,800.0,5822945.0,7325.0,6720000.0,False,True,True,True,True,False
7131.T,7131,のむら産業,スタンダード（内国株式）,卸売業,-,2026-08-31,1160.0,3645.0,5821975.0,1620.0,5103000.0,False,True,True,True,True,False
3434.T,3434,アルファＣｏ,スタンダード（内国株式）,金属製品,-,2026-08-31,2605.0,1245.0,5807710.0,4680.0,3984000.0,False,True,True,True,True,False
4625.T,4625,アトミクス,スタンダード（内国株式）,化学,-,2026-08-31,2605.0,817.0,5800545.0,7340.0,9068700.0,False,True,True,True,True,False
4761.T,4761,さくらケーシーエス,スタンダード（内国株式）,情報・通信業,-,2026-08-31,2605.0,1456.0,5794735.0,4050.0,5969600.0,False,True,True,True,True,False
3892.T,3892,岡山製紙,スタンダード（内国株式）,パルプ・紙,-,2026-08-31,2605.0,1563.0,5690880.0,3660.0,2813400.0,False,True,True,True,True,False
3840.T,3840,パス,スタンダード（内国株式）,情報・通信業,-,2026-08-31,2605.0,58.0,5689700.0,99745.0,3793200.0,False,False,True,True,True,False
1444.T,1444,ニッソウ,グロース（内国株式）,建設業,-,2026-08-31,882.0,2695.0,5687090.0,2155.0,7276500.0,False,True,True,True,True,False
7219.T,7219,エッチ・ケー・エス,スタンダード（内国株式）,輸送用機器,-,2026-08-31,2605.0,2515.0,5684415.0,2160.0,6539000.0,False,True,True,True,True,False
4317.T,4317,レイ,スタンダード（内国株式）,サービス業,-,2026-08-31,2605.0,568.0,5678365.0,10245.0,2158400.0,False,True,True,True,True,False
2351.T,2351,ＡＳＪ,スタンダード（内国株式）,情報・通信業,-,2026-08-31,2605.0,331.0,5677115.0,17270.0,2283900.0,False,True,True,True,True,False
8077.T,8077,トルク,スタンダード（内国株式）,卸売業,-,2026-08-31,2605.0,213.0,5668785.0,26500.0,3876600.0,False,True,True,True,True,False
3353.T,3353,メディカル一光グループ,スタンダード（内国株式）,小売業,-,2026-08-31,2605.0,2815.0,5654910.0,1975.0,4785500.0,False,True,True,True,True,False
6185.T,6185,ＳＭＮ,スタンダード（内国株式）,サービス業,-,2026-08-31,2605.0,372.0,5654110.0,15350.0,2306400.0,False,True,True,True,True,False
3089.T,3089,テクノアルファ,スタンダード（内国株式）,卸売業,-,2026-08-31,2605.0,1135.0,5633410.0,5320.0,4880500.0,False,True,True,True,True,False
7749.T,7749,メディキット,スタンダード（内国株式）,精密機器,-,2026-08-31,2605.0,2878.0,5619520.0,1975.0,1726800.0,False,True,True,True,True,False
3386.T,3386,コスモ・バイオ,スタンダード（内国株式）,卸売業,-,2026-08-31,2605.0,1243.0,5615650.0,4550.0,7458000.0,False,True,True,True,True,False
2831.T,2831,はごろもフーズ,スタンダード（内国株式）,食料品,-,2026-08-31,2605.0,3660.0,5585025.0,1525.0,2928000.0,False,True,True,True,True,False
7442.T,7442,中山福,スタンダード（内国株式）,卸売業,-,2026-08-31,2605.0,481.0,5573110.0,11445.0,4136600.0,False,True,True,True,True,False
6158.T,6158,和井田製作所,スタンダード（内国株式）,機械,-,2026-08-31,2605.0,1036.0,5551360.0,5580.0,2900800.0,False,True,True,True,True,False
9029.T,9029,ヒガシホールディングス,スタンダード（内国株式）,陸運業,-,2026-08-31,2605.0,1930.0,5525845.0,2860.0,4246000.0,False,True,True,True,True,False
3943.T,3943,大石産業,スタンダード（内国株式）,パルプ・紙,-,2026-08-31,1104.0,1337.0,5524315.0,4195.0,2139200.0,False,True,True,True,True,False
8181.T,8181,東天紅,スタンダード（内国株式）,小売業,-,2026-08-31,2605.0,990.0,5482320.0,5515.0,2277000.0,False,True,True,True,True,False
9367.T,9367,大東港運,スタンダード（内国株式）,倉庫・運輸関連業,-,2026-08-31,2605.0,2080.0,5481720.0,2775.0,2080000.0,False,True,True,True,True,False
550A.T,550A,ソフトテックス,スタンダード（内国株式）,情報・通信業,-,2026-08-31,97.0,2199.0,5475975.0,2530.0,1319400.0,False,True,False,True,True,False
3750.T,3750,ＡＤＲバイオメディカルホールディングス,スタンダード（内国株式）,情報・通信業,-,2026-08-31,2605.0,803.0,5472950.0,7045.0,9154200.0,False,True,True,True,True,False
3370.T,3370,フジタコーポレーション,スタンダード（内国株式）,小売業,-,2026-08-31,2605.0,468.0,5466170.0,11640.0,4165200.0,False,True,True,True,True,False
4014.T,4014,カラダノート,グロース（内国株式）,情報・通信業,-,2026-08-31,1428.0,502.0,5463820.0,10835.0,2660600.0,False,True,True,True,True,False
6942.T,6942,ソフィアホールディングス,スタンダード（内国株式）,情報・通信業,-,2026-08-31,2605.0,1452.0,5460125.0,3910.0,13503600.0,False,True,True,True,True,False
9057.T,9057,遠州トラック,スタンダード（内国株式）,陸運業,-,2026-08-31,2605.0,3215.0,5458425.0,1700.0,4179500.0,False,True,True,True,True,False
3712.T,3712,情報企画,スタンダード（内国株式）,情報・通信業,-,2026-08-31,2605.0,1083.0,5456070.0,5365.0,6822900.0,False,True,True,True,True,False
3726.T,3726,フォーシーズＨＤ,スタンダード（内国株式）,小売業,-,2026-08-31,2605.0,406.0,5447550.0,13515.0,5684000.0,False,True,True,True,True,False
173A.T,173A,ハンモック,グロース（内国株式）,情報・通信業,-,2026-08-31,583.0,1559.0,5447380.0,3515.0,2650300.0,False,True,True,True,True,False
5028.T,5028,セカンドサイトアナリティカ,グロース（内国株式）,情報・通信業,-,2026-08-31,1078.0,358.0,5432365.0,14880.0,4331800.0,False,True,True,True,True,False
4814.T,4814,ネクストウェア,スタンダード（内国株式）,情報・通信業,-,2026-08-31,2605.0,171.0,5427510.0,33575.0,9935100.0,False,False,True,True,True,False
9083.T,9083,神姫バス,スタンダード（内国株式）,陸運業,-,2026-08-31,2605.0,1965.0,5427345.0,2750.0,14737500.0,False,True,True,True,True,False
4178.T,4178,Ｓｈａｒｉｎｇ　Ｉｎｎｏｖａｔｉｏｎｓ,グロース（内国株式）,情報・通信業,-,2026-08-31,1330.0,552.0,5422255.0,10030.0,12916800.0,False,True,True,True,True,False
5868.T,5868,ロココ,スタンダード（内国株式）,サービス業,-,2026-08-31,657.0,1024.0,5421730.0,5420.0,3788800.0,False,True,True,True,True,False
9236.T,9236,ジャパンＭ＆Ａソリューション,グロース（内国株式）,サービス業,-,2026-08-31,696.0,1416.0,5420055.0,4090.0,5805600.0,False,True,True,True,True,False
1450.T,1450,ＴＡＮＡＫＥＮ,スタンダード（内国株式）,建設業,-,2026-08-31,1877.0,1478.0,5415825.0,3685.0,3695000.0,False,True,True,True,True,False
3965.T,3965,キャピタル・アセット・プランニング,スタンダード（内国株式）,情報・通信業,-,2026-08-31,2437.0,914.0,5415510.0,6075.0,6672200.0,False,True,True,True,True,False
2813.T,2813,和弘食品,スタンダード（内国株式）,食料品,-,2026-08-31,2605.0,3955.0,5411025.0,1370.0,5141500.0,False,True,True,True,True,False
386A.T,386A,みのや,スタンダード（内国株式）,小売業,-,2026-08-31,272.0,1255.0,5409045.0,4275.0,4141500.0,False,True,True,True,True,False
1438.T,1438,岐阜造園,スタンダード（内国株式）,建設業,-,2026-08-31,960.0,2299.0,5404260.0,2425.0,919600.0,False,True,True,True,True,False
3858.T,3858,ユビキタスＡＩ,スタンダード（内国株式）,情報・通信業,-,2026-08-31,2605.0,299.0,5386090.0,18240.0,4664400.0,False,True,True,True,True,False
2736.T,2736,フェスタリアホールディングス,スタンダード（内国株式）,小売業,-,2026-08-31,2605.0,612.0,5382580.0,8215.0,10342800.0,False,True,True,True,True,False
3079.T,3079,ディーブイエックス,スタンダード（内国株式）,卸売業,-,2026-08-28,2604.0,930.0,5328620.0,5680.0,0.0,False,True,True,True,True,False
5906.T,5906,エムケー精工,スタンダード（内国株式）,金属製品,-,2026-08-31,2605.0,759.0,5303035.0,7110.0,2808300.0,False,True,True,True,True,False
9857.T,9857,英和,スタンダード（内国株式）,卸売業,-,2026-08-31,2605.0,2610.0,5292630.0,2025.0,4176000.0,False,True,True,True,True,False
4243.T,4243,ニックス,スタンダード（内国株式）,化学,-,2026-08-31,2605.0,1051.0,5276260.0,5285.0,1366300.0,False,True,True,True,True,False
6054.T,6054,リブセンス,スタンダード（内国株式）,サービス業,-,2026-08-31,2605.0,116.0,5274425.0,44860.0,3700400.0,False,False,True,True,True,False
7058.T,7058,共栄セキュリティーサービス,スタンダード（内国株式）,サービス業,-,2026-08-31,1818.0,2984.0,5271790.0,1815.0,1492000.0,False,True,True,True,True,False
7614.T,7614,オーエムツーネットワーク,スタンダード（内国株式）,小売業,-,2026-08-31,2605.0,1537.0,5271670.0,3445.0,3842500.0,False,True,True,True,True,False
7110.T,7110,クラシコム,グロース（内国株式）,小売業,-,2026-08-31,995.0,2028.0,5267645.0,2615.0,7706400.0,False,True,True,True,True,False
8039.T,8039,築地魚市場,スタンダード（内国株式）,卸売業,-,2026-08-31,2605.0,3550.0,5263275.0,1480.0,2130000.0,False,True,True,True,True,False
7111.T,7111,ＩＮＥＳＴ,スタンダード（内国株式）,卸売業,-,2026-08-31,957.0,538.0,5249705.0,10245.0,13665200.0,False,True,True,True,True,False
7621.T,7621,うかい,スタンダード（内国株式）,小売業,-,2026-08-31,2605.0,3485.0,5235925.0,1520.0,9409500.0,False,True,True,True,True,False
7887.T,7887,南海プライウッド,スタンダード（内国株式）,その他製品,-,2026-08-31,2605.0,1564.0,5227640.0,3370.0,7507200.0,False,True,True,True,True,False
7551.T,7551,ウェッズ,スタンダード（内国株式）,輸送用機器,-,2026-08-31,2605.0,734.0,5220100.0,7215.0,9762200.0,False,True,True,True,True,False
3934.T,3934,ベネフィットジャパン,スタンダード（内国株式）,情報・通信業,-,2026-08-31,2570.0,2290.0,5218865.0,2255.0,1374000.0,False,True,True,True,True,False
7682.T,7682,浜木綿,スタンダード（内国株式）,小売業,-,2026-08-31,1676.0,3910.0,5208875.0,1330.0,1955000.0,False,True,True,True,True,False
7208.T,7208,カネミツ,スタンダード（内国株式）,輸送用機器,-,2026-08-31,2605.0,1318.0,5194625.0,3995.0,1977000.0,False,True,True,True,True,False
8945.T,8945,サンネクスタグループ,スタンダード（内国株式）,不動産業,-,2026-08-31,2605.0,1100.0,5172670.0,4720.0,1870000.0,False,True,True,True,True,False
3680.T,3680,ホットリンク,グロース（内国株式）,情報・通信業,-,2026-08-31,2605.0,209.0,5160155.0,24455.0,13794000.0,False,True,True,True,True,False
7827.T,7827,オービス,スタンダード（内国株式）,その他製品,-,2026-08-31,2605.0,1742.0,5140260.0,3035.0,4006600.0,False,True,True,True,True,False
3181.T,3181,買取王国,スタンダード（内国株式）,小売業,-,2026-08-31,2605.0,1075.0,5139190.0,4745.0,3655000.0,False,True,True,True,True,False
5609.T,5609,日本鋳造,スタンダード（内国株式）,鉄鋼,-,2026-08-31,2605.0,920.0,5139025.0,5580.0,3036000.0,False,True,True,True,True,False
7133.T,7133,ＨＹＵＧＡ　ＰＲＩＭＡＲＹ　ＣＡＲＥ,グロース（内国株式）,小売業,-,2026-08-31,1148.0,1300.0,5127205.0,3975.0,2340000.0,False,True,True,True,True,False
334A.T,334A,ビジュアル・プロセッシング・ジャパン,グロース（内国株式）,情報・通信業,-,2026-08-31,352.0,1110.0,5124260.0,5035.0,22422000.0,False,True,True,True,True,False
3329.T,3329,東和フードサービス,スタンダード（内国株式）,小売業,-,2026-08-31,2605.0,2123.0,5105150.0,2405.0,40337000.0,False,True,True,True,True,False
3912.T,3912,モバイルファクトリー,スタンダード（内国株式）,情報・通信業,-,2026-08-31,2605.0,1136.0,5102075.0,4580.0,3180800.0,False,True,True,True,True,False
7928.T,7928,旭化学工業,スタンダード（内国株式）,化学,-,2026-08-31,2605.0,626.0,5080385.0,7880.0,4757600.0,False,True,True,True,True,False
5945.T,5945,天龍製鋸,スタンダード（内国株式）,金属製品,-,2026-08-31,2605.0,2326.0,5078555.0,2130.0,2791200.0,False,True,True,True,True,False
9993.T,9993,ヤマザワ,スタンダード（内国株式）,小売業,-,2026-08-31,2605.0,1159.0,5076415.0,4290.0,9156100.0,False,True,True,True,True,False
5997.T,5997,協立エアテック,スタンダード（内国株式）,金属製品,-,2026-08-31,2605.0,916.0,5068135.0,5410.0,916000.0,False,True,True,True,True,False
9996.T,9996,サトー商会,スタンダード（内国株式）,卸売業,-,2026-08-31,2605.0,2078.0,5030075.0,2375.0,415600.0,False,True,True,True,True,False
5458.T,5458,高砂鐵工,スタンダード（内国株式）,鉄鋼,-,2026-08-31,2605.0,1461.0,5022260.0,3605.0,9350400.0,False,True,True,True,True,False
7067.T,7067,ブランディングテクノロジー,グロース（内国株式）,サービス業,-,2026-08-28,1754.0,1041.0,5015670.0,4795.0,416400.0,False,True,True,True,True,False
5921.T,5921,川岸工業,スタンダード（内国株式）,金属製品,-,2026-08-31,2605.0,4355.0,5008850.0,1175.0,4355000.0,False,True,True,True,True,False
3559.T,3559,ピーバンドットコム,スタンダード（内国株式）,卸売業,-,2026-08-31,2336.0,467.0,5005750.0,11445.0,5884200.0,False,True,True,True,True,False
2984.T,2984,ヤマイチエステート,スタンダード（内国株式）,不動産業,-,2026-08-31,1028.0,766.0,4992585.0,6580.0,995800.0,False,True,True,True,True,False
476A.T,476A,辻・本郷ＩＴコンサルティング,スタンダード（内国株式）,情報・通信業,-,2026-08-31,169.0,1609.0,4978140.0,3145.0,1930800.0,False,True,False,True,True,False
4124.T,4124,大阪油化工業,スタンダード（内国株式）,化学,-,2026-08-31,2190.0,2948.0,4975125.0,1750.0,18277600.0,False,True,True,True,True,False
3842.T,3842,ネクストジェン,スタンダード（内国株式）,情報・通信業,-,2026-08-31,2605.0,1044.0,4974520.0,4860.0,939600.0,False,True,True,True,True,False
3137.T,3137,ファンデリー,スタンダード（内国株式）,小売業,-,2026-08-31,2605.0,207.0,4966190.0,23925.0,12834000.0,False,True,True,True,True,False
7218.T,7218,田中精密工業,スタンダード（内国株式）,輸送用機器,-,2026-08-31,2605.0,1200.0,4954695.0,4495.0,10320000.0,False,True,True,True,True,False
7217.T,7217,テイン,スタンダード（内国株式）,輸送用機器,-,2026-08-31,2605.0,453.0,4934105.0,10850.0,588900.0,False,True,True,True,True,False
2391.T,2391,プラネット,スタンダード（内国株式）,サービス業,-,2026-08-31,2605.0,1180.0,4922960.0,4190.0,2714000.0,False,True,True,True,True,False
9241.T,9241,フューチャーリンクネットワーク,グロース（内国株式）,サービス業,-,2026-08-31,1230.0,1280.0,4916295.0,3495.0,3712000.0,False,True,True,True,True,False
7062.T,7062,フレアス,グロース（内国株式）,サービス業,-,2026-08-31,1811.0,699.0,4912320.0,6890.0,3984300.0,False,True,True,True,True,False
7481.T,7481,尾家産業,スタンダード（内国株式）,卸売業,-,2026-08-31,2605.0,2626.0,4906330.0,1910.0,4201600.0,False,True,True,True,True,False
5268.T,5268,旭コンクリート工業,スタンダード（内国株式）,ガラス・土石製品,-,2026-08-31,2605.0,848.0,4897835.0,5805.0,1187200.0,False,True,True,True,True,False
7353.T,7353,ＫＩＹＯラーニング,グロース（内国株式）,サービス業,-,2026-08-31,1497.0,539.0,4895645.0,8940.0,6683600.0,False,True,True,True,True,False
7343.T,7343,ブロードマインド,グロース（内国株式）,保険業,-,2026-08-31,1328.0,1290.0,4889935.0,3865.0,7095000.0,False,True,True,True,True,False
8089.T,8089,ナイス,スタンダード（内国株式）,卸売業,-,2026-08-31,2605.0,1990.0,4869305.0,2495.0,6169000.0,False,True,True,True,True,False
2903.T,2903,シノブフーズ,スタンダード（内国株式）,食料品,-,2026-08-31,2605.0,1621.0,4866750.0,3055.0,5349300.0,False,True,True,True,True,False
4391.T,4391,ロジザード,グロース（内国株式）,情報・通信業,-,2026-08-31,1995.0,1165.0,4861350.0,4270.0,8621000.0,False,True,True,True,True,False
7698.T,7698,アイスコ,スタンダード（内国株式）,卸売業,-,2026-08-31,1319.0,2697.0,4860405.0,1835.0,11327400.0,False,True,True,True,True,False
4242.T,4242,タカギセイコー,スタンダード（内国株式）,化学,-,2026-08-31,2605.0,1812.0,4859615.0,2665.0,724800.0,False,True,True,True,True,False
4777.T,4777,ガーラ,スタンダード（内国株式）,情報・通信業,-,2026-08-31,2605.0,203.0,4857840.0,24095.0,4608100.0,False,True,True,True,True,False
5704.T,5704,ＪＭＣ,グロース（内国株式）,非鉄金属,-,2026-08-31,2404.0,391.0,4845095.0,12390.0,26314300.0,False,True,True,True,True,False
7066.T,7066,ピアズ,グロース（内国株式）,サービス業,-,2026-08-31,1757.0,428.0,4832570.0,10645.0,3424000.0,False,True,True,True,True,False
2169.T,2169,ＣＤＳ,スタンダード（内国株式）,サービス業,-,2026-08-31,2605.0,1731.0,4801075.0,2795.0,1731000.0,False,True,True,True,True,False
3944.T,3944,古林紙工,スタンダード（内国株式）,パルプ・紙,-,2026-08-31,2605.0,3155.0,4799030.0,1590.0,3155000.0,False,True,True,True,True,False
483A.T,483A,テラテクノロジー,スタンダード（内国株式）,情報・通信業,-,2026-08-31,167.0,2177.0,4792250.0,2190.0,5224800.0,False,True,False,True,True,False
2883.T,2883,大冷,スタンダード（内国株式）,食料品,-,2026-08-31,2605.0,2026.0,4791395.0,2380.0,9927400.0,False,True,True,True,True,False
2408.T,2408,ＫＧ情報,スタンダード（内国株式）,サービス業,-,2026-08-31,2605.0,856.0,4771130.0,5600.0,2140000.0,False,True,True,True,True,False
3991.T,3991,ウォンテッドリー,グロース（内国株式）,情報・通信業,-,2026-08-31,2204.0,1050.0,4766885.0,4735.0,17955000.0,False,True,True,True,True,False
7127.T,7127,一家ホールディングス,スタンダード（内国株式）,小売業,-,2026-08-31,1202.0,705.0,4759025.0,6800.0,7050000.0,False,True,True,True,True,False
4386.T,4386,ＳＩＧグループ,スタンダード（内国株式）,情報・通信業,-,2026-08-31,2004.0,904.0,4758335.0,5300.0,3073600.0,False,True,True,True,True,False
3396.T,3396,フェリシモ,スタンダード（内国株式）,小売業,-,2026-08-31,2605.0,872.0,4755645.0,5440.0,3313600.0,False,True,True,True,True,False
7325.T,7325,アイリックコーポレーション,グロース（内国株式）,保険業,-,2026-08-31,1937.0,697.0,4750490.0,6705.0,6691200.0,False,True,True,True,True,False
1401.T,1401,エムビーエス,グロース（内国株式）,建設業,-,2026-08-31,2605.0,1369.0,4743655.0,3590.0,9035400.0,False,True,True,True,True,False
5580.T,5580,プロディライト,グロース（内国株式）,情報・通信業,-,2026-08-31,776.0,1670.0,4740565.0,2805.0,4175000.0,False,True,True,True,True,False
7369.T,7369,メイホーホールディングス,グロース（内国株式）,サービス業,-,2026-08-31,1284.0,355.0,4733815.0,13310.0,1242500.0,False,True,True,True,True,False
4016.T,4016,ＭＩＴホールディングス,スタンダード（内国株式）,情報・通信業,-,2026-08-31,1408.0,1039.0,4717290.0,4840.0,11636800.0,False,True,True,True,True,False
2907.T,2907,あじかん,スタンダード（内国株式）,食料品,-,2026-08-31,2605.0,1530.0,4709495.0,3090.0,2448000.0,False,True,True,True,True,False
3931.T,3931,バリューゴルフ,グロース（内国株式）,情報・通信業,-,2026-08-31,2585.0,1519.0,4701485.0,3155.0,1670900.0,False,True,True,True,True,False
8045.T,8045,横浜丸魚,スタンダード（内国株式）,卸売業,-,2026-08-31,2605.0,2045.0,4695020.0,2305.0,4090000.0,False,True,True,True,True,False
4728.T,4728,トーセ,スタンダード（内国株式）,情報・通信業,-,2026-08-31,2605.0,651.0,4680845.0,7230.0,7356300.0,False,True,True,True,True,False
7490.T,7490,日新商事,スタンダード（内国株式）,卸売業,-,2026-08-31,2605.0,2189.0,4674835.0,2135.0,3721300.0,False,True,True,True,True,False
3435.T,3435,サンコーテクノ,スタンダード（内国株式）,金属製品,-,2026-08-31,2605.0,1474.0,4674730.0,3200.0,5011600.0,False,True,True,True,True,False
2876.T,2876,デルソーレ,スタンダード（内国株式）,食料品,-,2026-08-31,2605.0,465.0,4644495.0,9760.0,1488000.0,False,True,True,True,True,False
2937.T,2937,サンクゼール,グロース（内国株式）,食料品,-,2026-08-31,903.0,1750.0,4610525.0,2635.0,3325000.0,False,True,True,True,True,False
3166.T,3166,ＯＣＨＩホールディングス,スタンダード（内国株式）,卸売業,-,2026-08-31,2605.0,1473.0,4603590.0,3145.0,3387900.0,False,True,True,True,True,False
3202.T,3202,ダイトウボウ,スタンダード（内国株式）,繊維製品,-,2026-08-31,2605.0,129.0,4591670.0,36135.0,6372600.0,False,False,True,True,True,False
6819.T,6819,伊豆シャボテンリゾート,スタンダード（内国株式）,サービス業,-,2026-08-31,2605.0,474.0,4591060.0,9645.0,5024400.0,False,True,True,True,True,False
9955.T,9955,ヨンキュウ,スタンダード（内国株式）,卸売業,-,2026-08-31,2605.0,2844.0,4577305.0,1615.0,7110000.0,False,True,True,True,True,False
3841.T,3841,ジーダット,スタンダード（内国株式）,情報・通信業,-,2026-08-31,2605.0,1375.0,4557045.0,3480.0,12650000.0,False,True,True,True,True,False
8908.T,8908,毎日コムネット,スタンダード（内国株式）,不動産業,-,2026-08-31,2605.0,885.0,4535030.0,5220.0,3717000.0,False,True,True,True,True,False
3454.T,3454,ファーストブラザーズ,スタンダード（内国株式）,不動産業,-,2026-08-31,2605.0,1298.0,4534275.0,3570.0,5321800.0,False,True,True,True,True,False
6334.T,6334,明治機械,スタンダード（内国株式）,機械,-,2026-08-31,2605.0,503.0,4534075.0,9015.0,553300.0,False,True,True,True,True,False
7446.T,7446,東北化学薬品,スタンダード（内国株式）,卸売業,-,2026-08-31,2605.0,4515.0,4532125.0,1020.0,2709000.0,False,True,True,True,True,False
6342.T,6342,太平製作所,スタンダード（内国株式）,機械,-,2026-08-31,2605.0,2932.0,4517450.0,1510.0,3225200.0,False,True,True,True,True,False
9466.T,9466,アイドママーケティングコミュニケーション,スタンダード（内国株式）,情報・通信業,-,2026-08-31,2574.0,237.0,4513140.0,19270.0,900600.0,False,True,True,True,True,False
3065.T,3065,ライフフーズ,スタンダード（内国株式）,小売業,-,2026-08-31,2605.0,1591.0,4511395.0,2800.0,5250300.0,False,True,True,True,True,False
228A.T,228A,オプロ,グロース（内国株式）,情報・通信業,-,2026-08-31,494.0,1740.0,4498280.0,2745.0,7656000.0,False,True,True,True,True,False
9636.T,9636,きんえい,スタンダード（内国株式）,サービス業,-,2026-08-28,2604.0,4185.0,4483675.0,1075.0,13810500.0,False,True,True,True,True,False
4615.T,4615,神東塗料,スタンダード（内国株式）,化学,-,2026-08-31,2605.0,134.0,4480780.0,33960.0,361800.0,False,False,True,True,True,False
7686.T,7686,ひとまいる,スタンダード（内国株式）,小売業,-,2026-08-31,1632.0,443.0,4473095.0,10230.0,4297100.0,False,True,True,True,True,False
3796.T,3796,いい生活,スタンダード（内国株式）,情報・通信業,-,2026-08-31,2605.0,317.0,4471905.0,14700.0,7005700.0,False,True,True,True,True,False
5603.T,5603,虹技,スタンダード（内国株式）,鉄鋼,-,2026-08-31,2605.0,1322.0,4463505.0,3415.0,1850800.0,False,True,True,True,True,False
4287.T,4287,ジャストプランニング,スタンダード（内国株式）,情報・通信業,-,2026-08-31,2605.0,498.0,4435465.0,8990.0,5079600.0,False,True,True,True,True,False
2683.T,2683,魚喜,スタンダード（内国株式）,小売業,-,2026-08-31,2605.0,995.0,4434265.0,4405.0,6467500.0,False,True,True,True,True,False
5194.T,5194,相模ゴム工業,スタンダード（内国株式）,ゴム製品,-,2026-08-31,2605.0,634.0,4433795.0,6890.0,697400.0,False,True,True,True,True,False
6428.T,6428,オーイズミ,スタンダード（内国株式）,機械,-,2026-08-31,2605.0,328.0,4430215.0,13640.0,1476000.0,False,True,True,True,True,False
1807.T,1807,佐藤渡辺,スタンダード（内国株式）,建設業,-,2026-08-31,2605.0,1935.0,4402020.0,2300.0,1741500.0,False,True,True,True,True,False
2687.T,2687,シー・ヴイ・エス・ベイエリア,スタンダード（内国株式）,サービス業,-,2026-08-31,2605.0,490.0,4397350.0,8775.0,4459000.0,False,True,True,True,True,False
9419.T,9419,ワイヤレスゲート,スタンダード（内国株式）,情報・通信業,-,2026-08-31,2605.0,294.0,4396305.0,15120.0,3351600.0,False,True,True,True,True,False
3690.T,3690,イルグルム,スタンダード（内国株式）,情報・通信業,-,2026-08-31,2605.0,564.0,4393350.0,7920.0,10603200.0,False,True,True,True,True,False
5355.T,5355,日本坩堝,スタンダード（内国株式）,ガラス・土石製品,-,2026-08-31,2605.0,674.0,4374815.0,6470.0,2156800.0,False,True,True,True,True,False
7081.T,7081,コーユーレンティア,スタンダード（内国株式）,サービス業,-,2026-08-31,1603.0,1309.0,4371765.0,3335.0,392700.0,False,True,True,True,True,False
9439.T,9439,エム・エイチ・グループ,スタンダード（内国株式）,サービス業,-,2026-08-31,2605.0,231.0,4350285.0,18770.0,6352500.0,False,True,True,True,True,False
5283.T,5283,高見澤,スタンダード（内国株式）,卸売業,-,2026-08-31,2605.0,3160.0,4347075.0,1380.0,2212000.0,False,True,True,True,True,False
7126.T,7126,グローバルスタイル,スタンダード（内国株式）,小売業,-,2026-08-31,1228.0,1430.0,4342700.0,3070.0,2145000.0,False,True,True,True,True,False
5952.T,5952,アマテイ,スタンダード（内国株式）,金属製品,-,2026-08-31,2605.0,193.0,4331565.0,23130.0,984300.0,False,False,True,True,True,False
149A.T,149A,シンカ,グロース（内国株式）,情報・通信業,-,2026-08-31,594.0,799.0,4324595.0,5550.0,8709100.0,False,True,True,True,True,False
6090.T,6090,ヒューマン・メタボローム・テクノロジーズ,スタンダード（内国株式）,サービス業,-,2026-08-31,2605.0,620.0,4322545.0,7105.0,3720000.0,False,True,True,True,True,False
6218.T,6218,エンシュウ,スタンダード（内国株式）,機械,-,2026-08-31,2605.0,648.0,4319435.0,6675.0,777600.0,False,True,True,True,True,False
9562.T,9562,ビジネスコーチ,グロース（内国株式）,サービス業,-,2026-08-31,945.0,586.0,4312255.0,7495.0,2226800.0,False,True,True,True,True,False
5162.T,5162,朝日ラバー,スタンダード（内国株式）,ゴム製品,-,2026-08-31,2605.0,800.0,4296795.0,5480.0,1440000.0,False,True,True,True,True,False
3409.T,3409,北紡,スタンダード（内国株式）,繊維製品,-,2026-08-31,2605.0,92.0,4265620.0,45900.0,2097600.0,False,False,True,True,True,False
7372.T,7372,デコルテ・ホールディングス,グロース（内国株式）,サービス業,-,2026-08-31,1270.0,390.0,4235770.0,10700.0,4758000.0,False,True,True,True,True,False
6360.T,6360,東京自働機械製作所,スタンダード（内国株式）,機械,-,2026-08-28,2604.0,4650.0,4220600.0,895.0,465000.0,False,True,True,True,True,False
7898.T,7898,ウッドワン,スタンダード（内国株式）,その他製品,-,2026-08-31,2605.0,938.0,4216185.0,4565.0,11256000.0,False,True,True,True,True,False
9307.T,9307,杉村倉庫,スタンダード（内国株式）,倉庫・運輸関連業,-,2026-08-31,2605.0,999.0,4215790.0,4265.0,2997000.0,False,True,True,True,True,False
7804.T,7804,ビーアンドピー,スタンダード（内国株式）,その他製品,-,2026-08-31,1734.0,2372.0,4208070.0,1820.0,4269600.0,False,True,True,True,True,False
3172.T,3172,ティーライフ,スタンダード（内国株式）,小売業,-,2026-08-31,2605.0,1121.0,4171675.0,3705.0,4147700.0,False,True,True,True,True,False
3524.T,3524,日東製網,スタンダード（内国株式）,繊維製品,-,2026-08-31,2605.0,1487.0,4169675.0,2800.0,3271400.0,False,True,True,True,True,False
6578.T,6578,コレックホールディングス,スタンダード（内国株式）,サービス業,-,2026-08-31,2044.0,469.0,4169625.0,8450.0,4783800.0,False,True,True,True,True,False
7044.T,7044,ピアラ,スタンダード（内国株式）,サービス業,-,2026-08-31,1882.0,525.0,4167170.0,8055.0,4515000.0,False,True,True,True,True,False
4450.T,4450,パワーソリューションズ,グロース（内国株式）,情報・通信業,-,2026-08-31,1687.0,2353.0,4163890.0,1860.0,5882500.0,False,True,True,True,True,False
9417.T,9417,スマートバリュー,スタンダード（内国株式）,情報・通信業,-,2026-08-31,2605.0,340.0,4158755.0,12115.0,2550000.0,False,True,True,True,True,False
7938.T,7938,リーガルコーポレーション,スタンダード（内国株式）,その他製品,-,2026-08-31,2605.0,2154.0,4126660.0,1885.0,5169600.0,False,True,True,True,True,False
6568.T,6568,神戸天然物化学,グロース（内国株式）,サービス業,-,2026-08-31,2075.0,1238.0,4123720.0,3295.0,2104600.0,False,True,True,True,True,False
7264.T,7264,ムロコーポレーション,スタンダード（内国株式）,輸送用機器,-,2026-08-31,2605.0,1344.0,4122075.0,3100.0,1478400.0,False,True,True,True,True,False
5237.T,5237,ノザワ,スタンダード（内国株式）,ガラス・土石製品,-,2026-08-31,2605.0,1208.0,4110340.0,3410.0,2174400.0,False,True,True,True,True,False
2961.T,2961,日本調理機,スタンダード（内国株式）,金属製品,-,2026-08-31,1176.0,1611.0,4106835.0,2625.0,5799600.0,False,True,True,True,True,False
3682.T,3682,エンカレッジ・テクノロジ,スタンダード（内国株式）,情報・通信業,-,2026-08-31,2605.0,596.0,4106110.0,6985.0,19370000.0,False,True,True,True,True,False
138A.T,138A,光フードサービス,グロース（内国株式）,小売業,-,2026-08-31,612.0,3110.0,4102605.0,1330.0,1866000.0,False,True,True,True,True,False
3246.T,3246,コーセーアールイー,スタンダード（内国株式）,不動産業,-,2026-08-31,2605.0,693.0,4100180.0,6090.0,3534300.0,False,True,True,True,True,False
4240.T,4240,クラスターテクノロジー,スタンダード（内国株式）,化学,-,2026-08-31,2605.0,323.0,4099130.0,12665.0,1938000.0,False,True,True,True,True,False
2778.T,2778,パレモ・ホールディングス,スタンダード（内国株式）,小売業,-,2026-08-31,2605.0,117.0,4099065.0,36405.0,2445300.0,False,False,True,True,True,False
7079.T,7079,ＷＤＢココ,グロース（内国株式）,サービス業,-,2026-08-31,1629.0,2558.0,4093565.0,1580.0,2813800.0,False,True,True,True,True,False
9206.T,9206,スターフライヤー,スタンダード（内国株式）,空運業,-,2026-08-31,2605.0,2000.0,4079310.0,2085.0,17200000.0,False,True,True,True,True,False
7919.T,7919,野崎印刷紙業,スタンダード（内国株式）,その他製品,-,2026-08-31,2605.0,229.0,4076490.0,18785.0,2862500.0,False,True,True,True,True,False
9428.T,9428,クロップス,スタンダード（内国株式）,情報・通信業,-,2026-08-28,2604.0,1484.0,4076175.0,2850.0,4006800.0,False,True,True,True,True,False
9950.T,9950,ハチバン,スタンダード（内国株式）,小売業,-,2026-08-31,2605.0,3440.0,4074575.0,1190.0,12040000.0,False,True,True,True,True,False
340A.T,340A,ジグザグ,グロース（内国株式）,情報・通信業,-,2026-08-31,348.0,329.0,4070275.0,12940.0,4967900.0,False,True,True,True,True,False
2341.T,2341,アルバイトタイムス,スタンダード（内国株式）,サービス業,-,2026-08-31,2605.0,173.0,4029620.0,23835.0,2110600.0,False,False,True,True,True,False
3494.T,3494,マリオン,スタンダード（内国株式）,不動産業,-,2026-08-31,1945.0,441.0,4024395.0,9120.0,3704400.0,False,True,True,True,True,False
5576.T,5576,オービーシステム,スタンダード（内国株式）,情報・通信業,-,2026-08-31,781.0,2989.0,4015905.0,1365.0,1494500.0,False,True,True,True,True,False
5918.T,5918,瀧上工業,スタンダード（内国株式）,金属製品,-,2026-08-31,2605.0,8010.0,4005450.0,520.0,1602000.0,False,True,True,True,True,False
7021.T,7021,ニッチツ,スタンダード（内国株式）,機械,-,2026-08-31,2605.0,2208.0,3999695.0,1875.0,2870400.0,False,True,True,True,True,False
2708.T,2708,久世,スタンダード（内国株式）,卸売業,-,2026-08-31,2605.0,1910.0,3999610.0,2075.0,3247000.0,False,True,True,True,True,False
4069.T,4069,ＢｌｕｅＭｅｍｅ,グロース（内国株式）,情報・通信業,-,2026-08-31,1265.0,719.0,3999395.0,5885.0,6614800.0,False,True,True,True,True,False
5941.T,5941,中西製作所,スタンダード（内国株式）,金属製品,-,2026-08-31,2605.0,2760.0,3995000.0,1450.0,3036000.0,False,True,True,True,True,False
6776.T,6776,天昇電気工業,スタンダード（内国株式）,化学,-,2026-08-31,2605.0,283.0,3993565.0,14515.0,1047100.0,False,True,True,True,True,False
7565.T,7565,萬世電機,スタンダード（内国株式）,卸売業,-,2026-08-31,2605.0,8360.0,3992750.0,505.0,10032000.0,False,True,True,True,True,False
469A.T,469A,フィットクルー,グロース（内国株式）,サービス業,-,2026-08-31,174.0,1634.0,3978700.0,2550.0,6536000.0,False,True,False,True,True,False
4120.T,4120,スガイ化学工業,スタンダード（内国株式）,化学,-,2026-08-31,2605.0,3045.0,3974200.0,1315.0,1827000.0,False,True,True,True,True,False
387A.T,387A,フラー,グロース（内国株式）,情報・通信業,-,2026-08-31,268.0,925.0,3962315.0,4105.0,647500.0,False,True,True,True,True,False
2904.T,2904,一正蒲鉾,スタンダード（内国株式）,食料品,-,2026-08-31,2605.0,754.0,3943900.0,5235.0,1055600.0,False,True,True,True,True,False
3266.T,3266,ファンドクリエーショングループ,スタンダード（内国株式）,不動産業,-,2026-08-31,2605.0,80.0,3941865.0,49500.0,7616000.0,False,False,True,True,True,False
9791.T,9791,ビケンテクノ,スタンダード（内国株式）,サービス業,-,2026-08-31,2605.0,1200.0,3938240.0,3330.0,2880000.0,False,True,True,True,True,False
3537.T,3537,昭栄薬品,スタンダード（内国株式）,卸売業,-,2026-08-31,2576.0,1738.0,3933465.0,2280.0,15120600.0,False,True,True,True,True,False
4642.T,4642,オリジナル設計,スタンダード（内国株式）,サービス業,-,2026-08-31,2605.0,1414.0,3933325.0,2790.0,565600.0,False,True,True,True,True,False
9036.T,9036,東部ネットワーク,スタンダード（内国株式）,陸運業,-,2026-08-31,2605.0,1250.0,3929550.0,3060.0,2875000.0,False,True,True,True,True,False
1981.T,1981,協和日成,スタンダード（内国株式）,建設業,-,2026-08-31,2605.0,1339.0,3918445.0,2960.0,6159400.0,False,True,True,True,True,False
4076.T,4076,シイエヌエス,グロース（内国株式）,情報・通信業,-,2026-08-31,1230.0,2016.0,3911275.0,2010.0,5241600.0,False,True,True,True,True,False
6797.T,6797,名古屋電機工業,スタンダード（内国株式）,電気機器,-,2026-08-31,548.0,1190.0,3905265.0,3305.0,4403000.0,False,True,True,True,True,False
8166.T,8166,タカキュー,スタンダード（内国株式）,小売業,-,2026-08-31,2605.0,79.0,3904210.0,49950.0,1572100.0,False,False,True,True,True,False
9878.T,9878,セキド,スタンダード（内国株式）,小売業,-,2026-08-31,2605.0,412.0,3902045.0,9435.0,2760400.0,False,True,True,True,True,False
7946.T,7946,光陽社,スタンダード（内国株式）,その他製品,-,2026-08-31,2605.0,426.0,3864885.0,10370.0,35656200.0,False,True,True,True,True,False
2769.T,2769,ヴィレッジヴァンガードコーポレーション,スタンダード（内国株式）,小売業,-,2026-08-31,2605.0,917.0,3849505.0,4265.0,3484600.0,False,True,True,True,True,False
3641.T,3641,パピレス,スタンダード（内国株式）,情報・通信業,-,2026-08-31,2605.0,986.0,3833920.0,3945.0,1774800.0,False,True,True,True,True,False
7096.T,7096,ステムセル研究所,グロース（内国株式）,サービス業,-,2026-08-31,1267.0,765.0,3827390.0,5055.0,841500.0,False,True,True,True,True,False
7183.T,7183,あんしん保証,スタンダード（内国株式）,その他金融業,-,2026-08-31,2605.0,254.0,3816350.0,15025.0,3429000.0,False,True,True,True,True,False
9242.T,9242,メディア総研,グロース（内国株式）,サービス業,-,2026-08-31,1221.0,1943.0,3800420.0,2040.0,388600.0,False,True,True,True,True,False
3954.T,3954,昭和パックス,スタンダード（内国株式）,パルプ・紙,-,2026-08-28,2604.0,3225.0,3783550.0,1195.0,0.0,False,True,True,True,True,False
4990.T,4990,昭和化学工業,スタンダード（内国株式）,化学,-,2026-08-31,2605.0,533.0,3781205.0,7590.0,1972100.0,False,True,True,True,True,False
4484.T,4484,ランサーズ,グロース（内国株式）,情報・通信業,-,2026-08-31,1637.0,295.0,3776425.0,13030.0,7876500.0,False,True,True,True,True,False
9876.T,9876,コックス,スタンダード（内国株式）,小売業,-,2026-08-31,2605.0,221.0,3771000.0,17105.0,3933800.0,False,True,True,True,True,False
9760.T,9760,進学会ホールディングス,スタンダード（内国株式）,サービス業,-,2026-08-31,2605.0,120.0,3768540.0,31535.0,5412000.0,False,False,True,True,True,False
7812.T,7812,クレステック,スタンダード（内国株式）,その他製品,-,2026-08-31,2605.0,2145.0,3754830.0,1750.0,1072500.0,False,True,True,True,True,False
4934.T,4934,プレミアアンチエイジング,グロース（内国株式）,化学,-,2026-08-31,1428.0,595.0,3695240.0,6185.0,1309000.0,False,True,True,True,True,False
3639.T,3639,ボルテージ,スタンダード（内国株式）,情報・通信業,-,2026-08-31,2605.0,230.0,3688190.0,16490.0,713000.0,False,True,True,True,True,False
1724.T,1724,シンクレイヤ,スタンダード（内国株式）,建設業,-,2026-08-31,2605.0,720.0,3679425.0,5200.0,4968000.0,False,True,True,True,True,False
2411.T,2411,ゲンダイエージェンシー,スタンダード（内国株式）,情報・通信業,-,2026-08-31,2605.0,471.0,3676810.0,7885.0,2213700.0,False,True,True,True,True,False
1840.T,1840,土屋ホールディングス,スタンダード（内国株式）,建設業,-,2026-08-31,2605.0,256.0,3670625.0,14620.0,3609600.0,False,True,True,True,True,False
4539.T,4539,日本ケミファ,スタンダード（内国株式）,医薬品,-,2026-08-31,2605.0,1575.0,3669850.0,2335.0,6457500.0,False,True,True,True,True,False
8230.T,8230,はせがわ,スタンダード（内国株式）,小売業,-,2026-08-31,2605.0,312.0,3668255.0,11695.0,7581600.0,False,True,True,True,True,False
7254.T,7254,ユニバンス,スタンダード（内国株式）,輸送用機器,-,2026-08-31,2605.0,844.0,3663835.0,4485.0,4388800.0,False,True,True,True,True,False
6467.T,6467,ニチダイ,スタンダード（内国株式）,機械,-,2026-08-31,2605.0,349.0,3660500.0,10850.0,453700.0,False,True,True,True,True,False
1383.T,1383,ベルグアース,スタンダード（内国株式）,水産・農林業,-,2026-08-31,2605.0,2996.0,3653130.0,1215.0,3894800.0,False,True,True,True,True,False
8107.T,8107,キムラタン,スタンダード（内国株式）,繊維製品,-,2026-08-31,2605.0,31.0,3652130.0,117310.0,1522100.0,False,False,True,True,True,False
9240.T,9240,デリバリーコンサルティング,グロース（内国株式）,サービス業,-,2026-08-31,1245.0,435.0,3634105.0,8600.0,1348500.0,False,True,True,True,True,False
5987.T,5987,オーネックス,スタンダード（内国株式）,金属製品,-,2026-08-28,2604.0,1700.0,3627675.0,1940.0,680000.0,False,True,True,True,True,False
1773.T,1773,ワイ・ティー・エル・コーポレーション・バーハッド,プライム（外国株式）,建設業,-,2026-08-31,2605.0,97.0,3621300.0,39900.0,1261000.0,False,False,True,True,True,False
4388.T,4388,エーアイ,スタンダード（内国株式）,情報・通信業,-,2026-08-31,2000.0,377.0,3604660.0,9810.0,16173300.0,False,True,True,True,True,False
6662.T,6662,ユビテック,スタンダード（内国株式）,電気機器,-,2026-08-31,2605.0,228.0,3591255.0,16090.0,10191600.0,False,True,True,True,True,False
2435.T,2435,シダー,スタンダード（内国株式）,サービス業,-,2026-08-31,2605.0,211.0,3553620.0,16595.0,928400.0,False,True,True,True,True,False
9059.T,9059,カンダホールディングス,スタンダード（内国株式）,陸運業,-,2026-08-31,2605.0,917.0,3552750.0,3920.0,1650600.0,False,True,True,True,True,False
6964.T,6964,サンコー,スタンダード（内国株式）,電気機器,-,2026-08-31,2605.0,703.0,3552530.0,5085.0,9349900.0,False,True,True,True,True,False
3958.T,3958,笹徳印刷,スタンダード（内国株式）,パルプ・紙,-,2026-08-31,717.0,551.0,3542680.0,6435.0,3250900.0,False,True,True,True,True,False
8898.T,8898,センチュリー２１・ジャパン,スタンダード（内国株式）,不動産業,-,2026-08-31,2605.0,1140.0,3532375.0,3125.0,1710000.0,False,True,True,True,True,False
3161.T,3161,アゼアス,スタンダード（内国株式）,卸売業,-,2026-08-31,2605.0,674.0,3520855.0,5250.0,3033000.0,False,True,True,True,True,False
1770.T,1770,藤田エンジニアリング,スタンダード（内国株式）,建設業,-,2026-08-31,2605.0,2083.0,3511910.0,1690.0,1041500.0,False,True,True,True,True,False
8144.T,8144,デンキョーグループホールディングス,スタンダード（内国株式）,卸売業,-,2026-08-31,2605.0,1247.0,3507580.0,2810.0,623500.0,False,True,True,True,True,False
9820.T,9820,エムティジェネックス,スタンダード（内国株式）,不動産業,-,2026-08-31,2605.0,3820.0,3483750.0,925.0,2674000.0,False,True,True,True,True,False
7878.T,7878,光・彩,スタンダード（内国株式）,その他製品,-,2026-08-31,2605.0,1449.0,3475090.0,2475.0,1738800.0,False,True,True,True,True,False
9063.T,9063,岡山県貨物運送,スタンダード（内国株式）,陸運業,-,2026-08-31,2605.0,4345.0,3472775.0,825.0,6517500.0,False,True,True,True,True,False
3674.T,3674,オークファン,グロース（内国株式）,情報・通信業,-,2026-08-31,2605.0,343.0,3447480.0,10305.0,10941700.0,False,True,True,True,True,False
9818.T,9818,大丸エナウィン,スタンダード（内国株式）,卸売業,-,2026-08-31,2605.0,1587.0,3446950.0,2210.0,2856600.0,False,True,True,True,True,False
6552.T,6552,ＧａｍｅＷｉｔｈ,スタンダード（内国株式）,サービス業,-,2026-08-31,2258.0,174.0,3437875.0,19725.0,2401200.0,False,False,True,True,True,False
9835.T,9835,ジュンテンドー,スタンダード（内国株式）,小売業,-,2026-08-31,2605.0,509.0,3429910.0,6690.0,967100.0,False,True,True,True,True,False
3224.T,3224,ゼネラル・オイスター,グロース（内国株式）,小売業,-,2026-08-31,2605.0,688.0,3422300.0,4960.0,1720000.0,False,True,True,True,True,False
7345.T,7345,アイ・パートナーズフィナンシャル,グロース（内国株式）,その他金融業,-,2026-08-31,1268.0,941.0,3421915.0,3635.0,941000.0,False,True,True,True,True,False
1787.T,1787,ナカボーテック,スタンダード（内国株式）,建設業,-,2026-08-31,2605.0,5790.0,3416250.0,580.0,11001000.0,False,True,True,True,True,False
8260.T,8260,井筒屋,スタンダード（内国株式）,小売業,-,2026-08-31,2605.0,379.0,3412100.0,9105.0,4585900.0,False,True,True,True,True,False
7847.T,7847,グラファイトデザイン,スタンダード（内国株式）,その他製品,-,2026-08-31,2605.0,660.0,3410855.0,5090.0,2310000.0,False,True,True,True,True,False
9701.T,9701,東京會舘,スタンダード（内国株式）,サービス業,-,2026-08-31,2605.0,4255.0,3400900.0,800.0,3404000.0,False,True,True,True,True,False
9872.T,9872,北恵,スタンダード（内国株式）,卸売業,-,2026-08-31,2605.0,967.0,3379895.0,3540.0,1934000.0,False,True,True,True,True,False
5939.T,5939,大谷工業,スタンダード（内国株式）,金属製品,-,2026-08-31,2605.0,4825.0,3376000.0,700.0,1447500.0,False,True,True,True,True,False
8912.T,8912,エリアクエスト,スタンダード（内国株式）,不動産業,-,2026-08-31,2605.0,155.0,3373775.0,21980.0,4851500.0,False,False,True,True,True,False
4444.T,4444,インフォネット,グロース（内国株式）,情報・通信業,-,2026-08-31,1754.0,952.0,3363645.0,3490.0,2189600.0,False,True,True,True,True,False
6612.T,6612,バルミューダ,グロース（内国株式）,電気機器,-,2026-08-31,1395.0,601.0,3349720.0,5495.0,1863100.0,False,True,True,True,True,False
4428.T,4428,シノプス,グロース（内国株式）,情報・通信業,-,2026-08-31,1872.0,713.0,3329220.0,4750.0,2566800.0,False,True,True,True,True,False
9930.T,9930,北沢産業,スタンダード（内国株式）,卸売業,-,2026-08-31,2605.0,395.0,3306965.0,8285.0,2923000.0,False,True,True,True,True,False
7986.T,7986,日本アイ・エス・ケイ,スタンダード（内国株式）,その他製品,-,2026-08-31,2605.0,1901.0,3301600.0,1725.0,950500.0,False,True,True,True,True,False
1446.T,1446,キャンディル,スタンダード（内国株式）,建設業,-,2026-08-31,1995.0,540.0,3275935.0,6035.0,2484000.0,False,True,True,True,True,False
3080.T,3080,ジェーソン,スタンダード（内国株式）,小売業,-,2026-08-31,2605.0,801.0,3274610.0,4075.0,2483100.0,False,True,True,True,True,False
6408.T,6408,小倉クラッチ,スタンダード（内国株式）,機械,-,2026-08-31,2605.0,4215.0,3273475.0,755.0,20653500.0,False,True,True,True,True,False
137A.T,137A,Ｃｏｃｏｌｉｖｅ,グロース（内国株式）,情報・通信業,-,2026-08-31,613.0,697.0,3273405.0,4600.0,906100.0,False,True,True,True,True,False
4166.T,4166,かっこ,グロース（内国株式）,情報・通信業,-,2026-08-31,1393.0,639.0,3273245.0,5155.0,1533600.0,False,True,True,True,True,False
192A.T,192A,インテグループ,グロース（内国株式）,サービス業,-,2026-08-31,538.0,1300.0,3265205.0,2620.0,21710000.0,False,True,True,True,True,False
4736.T,4736,日本ラッド,スタンダード（内国株式）,情報・通信業,-,2026-08-31,2605.0,591.0,3263900.0,5450.0,768300.0,False,True,True,True,True,False
2917.T,2917,大森屋,スタンダード（内国株式）,食料品,-,2026-08-31,2605.0,935.0,3258505.0,3490.0,4207500.0,False,True,True,True,True,False
7524.T,7524,マルシェ,スタンダード（内国株式）,小売業,-,2026-08-31,2605.0,176.0,3252145.0,18200.0,7251200.0,False,False,True,True,True,False
4068.T,4068,ベイシス,グロース（内国株式）,情報・通信業,-,2026-08-31,1267.0,1761.0,3248485.0,1895.0,3874200.0,False,True,True,True,True,False
7477.T,7477,ムラキ,スタンダード（内国株式）,卸売業,-,2026-08-31,2605.0,1577.0,3228510.0,2120.0,1419300.0,False,True,True,True,True,False
6926.T,6926,岡谷電機産業,スタンダード（内国株式）,電気機器,-,2026-08-31,2605.0,190.0,3227285.0,17220.0,5434000.0,False,False,True,True,True,False
3071.T,3071,ストリーム,スタンダード（内国株式）,小売業,-,2026-08-31,2605.0,105.0,3215630.0,30995.0,3906000.0,False,False,True,True,True,False
7687.T,7687,ミクリード,グロース（内国株式）,卸売業,-,2026-08-31,1579.0,451.0,3215075.0,7170.0,3698200.0,False,True,True,True,True,False
3286.T,3286,トラストホールディングス,スタンダード（内国株式）,不動産業,-,2026-08-31,2605.0,900.0,3214460.0,3610.0,2700000.0,False,True,True,True,True,False
148A.T,148A,ハッチ・ワーク,グロース（内国株式）,情報・通信業,-,2026-08-31,595.0,1720.0,3206115.0,1855.0,6020000.0,False,True,True,True,True,False
6038.T,6038,イード,グロース（内国株式）,サービス業,-,2026-08-31,2605.0,843.0,3190400.0,3865.0,5142300.0,False,True,True,True,True,False
7643.T,7643,ダイイチ,スタンダード（内国株式）,小売業,-,2026-08-31,2605.0,1754.0,3170155.0,1825.0,5262000.0,False,True,True,True,True,False
2818.T,2818,ピエトロ,スタンダード（内国株式）,食料品,-,2026-08-31,2605.0,1765.0,3151420.0,1790.0,5118500.0,False,True,True,True,True,False
8836.T,8836,ＲＩＳＥ,スタンダード（内国株式）,不動産業,-,2026-08-31,2605.0,28.0,3132280.0,115845.0,1752800.0,False,False,True,True,True,False
3317.T,3317,フライングガーデン,スタンダード（内国株式）,小売業,-,2026-08-31,2605.0,1474.0,3130350.0,2155.0,2063600.0,False,True,True,True,True,False
3477.T,3477,フォーライフ,グロース（内国株式）,不動産業,-,2026-08-31,2386.0,885.0,3128685.0,3535.0,2301000.0,False,True,True,False,True,False
7368.T,7368,表示灯,スタンダード（内国株式）,サービス業,-,2026-08-31,1320.0,1704.0,3089045.0,1820.0,2385600.0,False,True,True,True,True,False
9376.T,9376,ユーラシア旅行社,スタンダード（内国株式）,サービス業,-,2026-08-31,2605.0,840.0,3078010.0,3775.0,3528000.0,False,True,True,True,True,False
7916.T,7916,光村印刷,スタンダード（内国株式）,その他製品,-,2026-08-28,2604.0,1920.0,3073400.0,1620.0,192000.0,False,True,True,True,True,False
6757.T,6757,ＯＳＧコーポレーション,スタンダード（内国株式）,電気機器,-,2026-08-31,2605.0,876.0,3070840.0,3485.0,876000.0,False,True,True,True,True,False
3779.T,3779,ジェイ・エスコムホールディングス,スタンダード（内国株式）,情報・通信業,-,2026-08-31,2605.0,130.0,3063975.0,23445.0,5265000.0,False,False,True,True,True,False
7077.T,7077,ＡＬｉＮＫインターネット,グロース（内国株式）,サービス業,-,2026-08-31,1640.0,983.0,3060690.0,3065.0,2949000.0,False,True,True,True,True,False
7472.T,7472,鳥羽洋行,スタンダード（内国株式）,卸売業,-,2026-08-31,2605.0,3920.0,3043675.0,785.0,1960000.0,False,True,True,True,True,False
2816.T,2816,ダイショー,スタンダード（内国株式）,食料品,-,2026-08-31,2605.0,1415.0,3042240.0,2155.0,5943000.0,False,True,True,True,True,False
7074.T,7074,トゥエンティーフォーセブンホールディングス,グロース（内国株式）,サービス業,-,2026-08-31,1654.0,192.0,3024750.0,15460.0,672000.0,False,False,True,True,True,False
7215.T,7215,ファルテック,スタンダード（内国株式）,輸送用機器,-,2026-08-31,2605.0,435.0,3016845.0,6825.0,1696500.0,False,True,True,True,True,False
3948.T,3948,光ビジネスフォーム,スタンダード（内国株式）,パルプ・紙,-,2026-08-31,2605.0,1164.0,3015860.0,2625.0,698400.0,False,True,True,True,True,False
3160.T,3160,大光,スタンダード（内国株式）,卸売業,-,2026-08-31,2605.0,578.0,3010920.0,5200.0,3525800.0,False,True,True,True,True,False
5950.T,5950,日本パワーファスニング,スタンダード（内国株式）,金属製品,-,2026-08-31,2605.0,160.0,3010685.0,19860.0,2176000.0,False,False,True,True,True,False
6848.T,6848,東亜ディーケーケー,スタンダード（内国株式）,電気機器,-,2026-08-31,2605.0,868.0,2993905.0,3465.0,4600400.0,False,True,True,True,True,False
3998.T,3998,すららネット,グロース（内国株式）,情報・通信業,-,2026-08-31,2137.0,294.0,2989175.0,9910.0,617400.0,False,True,True,True,True,False
3143.T,3143,オーウイル,スタンダード（内国株式）,卸売業,-,2026-08-31,2605.0,690.0,2977975.0,4295.0,1725000.0,False,True,True,True,True,False
4341.T,4341,西菱電機,スタンダード（内国株式）,サービス業,-,2026-08-31,2605.0,904.0,2976205.0,3345.0,8045600.0,False,True,True,True,True,False
3423.T,3423,エスイー,スタンダード（内国株式）,金属製品,-,2026-08-31,2605.0,276.0,2954850.0,10725.0,2097600.0,False,True,True,True,True,False
3461.T,3461,パルマ,スタンダード（内国株式）,不動産業,-,2026-08-31,2605.0,618.0,2926935.0,4855.0,5376600.0,False,True,True,True,True,False
304A.T,304A,フォルシア,グロース（内国株式）,情報・通信業,-,2026-08-28,406.0,1930.0,2921395.0,1510.0,772000.0,False,True,True,True,True,False
4334.T,4334,ユークス,スタンダード（内国株式）,情報・通信業,-,2026-08-31,2605.0,396.0,2903575.0,7500.0,19166400.0,False,True,True,True,True,False
5956.T,5956,トーソー,スタンダード（内国株式）,金属製品,-,2026-08-31,2605.0,575.0,2894680.0,5025.0,920000.0,False,True,True,True,True,False
4524.T,4524,森下仁丹,スタンダード（内国株式）,医薬品,-,2026-08-31,2605.0,2241.0,2881430.0,1290.0,1792800.0,False,True,True,True,True,False
8996.T,8996,ハウスフリーダム,スタンダード（内国株式）,不動産業,-,2026-08-31,901.0,1117.0,2877640.0,2665.0,3462700.0,False,True,True,True,True,False
8006.T,8006,ユアサ・フナショク,スタンダード（内国株式）,卸売業,-,2026-08-31,2605.0,1538.0,2873405.0,1845.0,2614600.0,False,True,True,True,True,False
9778.T,9778,昴,スタンダード（内国株式）,サービス業,-,2026-08-31,2605.0,5660.0,2869250.0,500.0,3396000.0,False,True,True,True,True,False
2388.T,2388,ウェッジホールディングス,グロース（内国株式）,その他金融業,-,2026-08-31,2605.0,35.0,2864620.0,80785.0,1652000.0,False,False,True,True,True,False
5247.T,5247,ＢＴＭ,グロース（内国株式）,情報・通信業,-,2026-08-31,899.0,578.0,2861655.0,5035.0,1098200.0,False,True,True,True,True,False
7992.T,7992,セーラー万年筆,スタンダード（内国株式）,その他製品,-,2026-08-31,2605.0,105.0,2856870.0,27545.0,2992500.0,False,False,True,True,True,False
1764.T,1764,工藤建設,スタンダード（内国株式）,建設業,-,2026-08-31,2605.0,2748.0,2856145.0,1045.0,1099200.0,False,True,True,True,True,False
298A.T,298A,ＧＶＡ　ＴＥＣＨ,グロース（内国株式）,情報・通信業,-,2026-08-31,407.0,339.0,2855395.0,8750.0,5729100.0,False,True,True,True,True,False
9767.T,9767,日建工学,スタンダード（内国株式）,サービス業,-,2026-08-31,2605.0,1561.0,2854400.0,1830.0,624400.0,False,True,True,True,True,False
4445.T,4445,リビン・テクノロジーズ,グロース（内国株式）,情報・通信業,-,2026-08-31,1751.0,1894.0,2843195.0,1535.0,5492600.0,False,True,True,True,True,False
3571.T,3571,ソトー,スタンダード（内国株式）,繊維製品,-,2026-08-31,2605.0,733.0,2839390.0,3965.0,1832500.0,False,True,True,True,True,False
8119.T,8119,三栄コーポレーション,スタンダード（内国株式）,卸売業,-,2026-08-31,2605.0,791.0,2830930.0,3645.0,5299700.0,False,True,True,True,True,False
6322.T,6322,タクミナ,スタンダード（内国株式）,機械,-,2026-08-31,2605.0,1580.0,2827570.0,1785.0,4108000.0,False,True,True,True,True,False
9213.T,9213,セイファート,スタンダード（内国株式）,サービス業,-,2026-08-28,1116.0,1061.0,2786075.0,2665.0,742700.0,False,True,True,True,True,False
3045.T,3045,カワサキ,スタンダード（内国株式）,卸売業,-,2026-08-31,2605.0,1456.0,2784670.0,1880.0,4950400.0,False,True,True,True,True,False
7883.T,7883,サンメッセ,スタンダード（内国株式）,その他製品,-,2026-08-31,2605.0,402.0,2782730.0,6895.0,964800.0,False,True,True,True,True,False
6894.T,6894,パルステック工業,スタンダード（内国株式）,電気機器,-,2026-08-31,2605.0,2186.0,2782635.0,1290.0,3934800.0,False,True,True,True,True,False
4372.T,4372,ユミルリンク,グロース（内国株式）,情報・通信業,-,2026-08-31,1208.0,1298.0,2779575.0,2105.0,7917800.0,False,True,True,True,True,False
4925.T,4925,ハーバー研究所,スタンダード（内国株式）,化学,-,2026-08-31,2605.0,1732.0,2761180.0,1590.0,3983600.0,False,True,True,True,True,False
3536.T,3536,アクサスホールディングス,スタンダード（内国株式）,小売業,-,2026-08-31,2605.0,129.0,2755570.0,21225.0,1019100.0,False,False,True,True,True,False
6042.T,6042,ニッキ,スタンダード（内国株式）,輸送用機器,-,2026-08-31,2605.0,3920.0,2736925.0,690.0,7840000.0,False,True,True,True,True,False
1795.T,1795,マサル,スタンダード（内国株式）,建設業,-,2026-08-31,2605.0,5550.0,2736250.0,495.0,3330000.0,False,True,True,True,True,False
2877.T,2877,日東ベスト,スタンダード（内国株式）,食料品,-,2026-08-31,2605.0,760.0,2733460.0,3655.0,12388000.0,False,True,True,True,True,False
7901.T,7901,マツモト,スタンダード（内国株式）,その他製品,-,2026-08-31,2605.0,857.0,2728955.0,3250.0,4027900.0,False,True,True,True,True,False
6566.T,6566,要興業,スタンダード（内国株式）,サービス業,-,2026-08-31,2133.0,1305.0,2728895.0,2015.0,1566000.0,False,True,True,True,True,False
9049.T,9049,京福電気鉄道,スタンダード（内国株式）,陸運業,-,2026-08-28,2604.0,6660.0,2722950.0,410.0,1332000.0,False,True,True,True,True,False
6063.T,6063,日本エマージェンシーアシスタンス,スタンダード（内国株式）,サービス業,-,2026-08-31,2605.0,1009.0,2721970.0,2695.0,1311700.0,False,True,True,True,True,False
5695.T,5695,パウダーテック,スタンダード（内国株式）,鉄鋼,-,2026-08-31,2605.0,2975.0,2719520.0,905.0,297500.0,False,True,True,True,True,False
9537.T,9537,北陸瓦斯,スタンダード（内国株式）,電気・ガス業,-,2026-08-31,2605.0,4250.0,2715425.0,620.0,2975000.0,False,True,True,True,True,False
9903.T,9903,カンセキ,スタンダード（内国株式）,小売業,-,2026-08-31,2605.0,889.0,2706710.0,3025.0,2222500.0,False,True,True,True,True,False
3416.T,3416,ピクスタ,スタンダード（内国株式）,小売業,-,2026-08-31,2605.0,910.0,2704405.0,3120.0,2821000.0,False,True,True,True,True,False
2654.T,2654,アスモ,スタンダード（内国株式）,小売業,-,2026-08-31,2605.0,428.0,2703545.0,6445.0,5392800.0,False,True,True,True,True,False
3469.T,3469,デュアルタップ,スタンダード（内国株式）,不動産業,-,2026-08-31,2491.0,896.0,2703150.0,3010.0,1792000.0,False,True,True,True,True,False
9867.T,9867,ソレキア,スタンダード（内国株式）,卸売業,-,2026-08-31,2605.0,10760.0,2700050.0,260.0,3228000.0,False,True,True,True,True,False
4437.T,4437,ｇｏｏｄｄａｙｓホールディングス,グロース（内国株式）,情報・通信業,-,2026-08-31,1813.0,773.0,2687080.0,3420.0,2164400.0,False,True,True,True,True,False
2373.T,2373,ケア２１,スタンダード（内国株式）,サービス業,-,2026-08-31,2605.0,410.0,2675205.0,6575.0,4018000.0,False,True,True,True,True,False
7057.T,7057,エヌ・シー・エヌ,スタンダード（内国株式）,サービス業,-,2026-08-31,1820.0,935.0,2673855.0,2955.0,1309000.0,False,True,True,True,True,False
7093.T,7093,アディッシュ,グロース（内国株式）,サービス業,-,2026-08-31,1572.0,598.0,2668600.0,4670.0,2212600.0,False,True,True,True,True,False
4177.T,4177,ｉ‐ｐｌｕｇ,グロース（内国株式）,情報・通信業,-,2026-08-31,1333.0,1518.0,2662185.0,1740.0,2277000.0,False,True,True,True,True,False
7681.T,7681,レオクラン,スタンダード（内国株式）,卸売業,-,2026-08-31,1687.0,1005.0,2639890.0,2540.0,502500.0,False,True,True,True,True,False
9656.T,9656,グリーンランドリゾート,スタンダード（内国株式）,サービス業,-,2026-08-31,2605.0,611.0,2637295.0,4375.0,13442000.0,False,True,True,True,True,False
5867.T,5867,エスネットワークス,グロース（内国株式）,サービス業,-,2026-08-31,657.0,1265.0,2621170.0,2155.0,885500.0,False,True,True,True,True,False
6396.T,6396,宇野澤組鐵工所,スタンダード（内国株式）,機械,-,2026-08-31,2605.0,4810.0,2620475.0,565.0,6734000.0,False,True,True,True,True,False
3768.T,3768,リスクモンスター,スタンダード（内国株式）,情報・通信業,-,2026-08-31,2605.0,574.0,2609695.0,4655.0,803600.0,False,True,True,True,True,False
3123.T,3123,サイボー,スタンダード（内国株式）,繊維製品,-,2026-08-31,2605.0,650.0,2587565.0,4005.0,1235000.0,False,True,True,True,True,False
7370.T,7370,Ｅｎｊｉｎ,グロース（内国株式）,サービス業,-,2026-08-31,1272.0,716.0,2586360.0,3635.0,3007200.0,False,True,True,True,True,False
4558.T,4558,中京医薬品,スタンダード（内国株式）,医薬品,-,2026-08-31,2605.0,201.0,2585665.0,12885.0,3457200.0,False,True,True,True,True,False
9353.T,9353,櫻島埠頭,スタンダード（内国株式）,倉庫・運輸関連業,-,2026-08-31,2605.0,2980.0,2581170.0,885.0,2086000.0,False,True,True,True,True,False
9060.T,9060,日本ロジテム,スタンダード（内国株式）,陸運業,-,2026-08-31,2605.0,4150.0,2575975.0,615.0,830000.0,False,True,True,True,True,False
1382.T,1382,ホーブ,スタンダード（内国株式）,水産・農林業,-,2026-08-31,2605.0,899.0,2564560.0,2885.0,1438400.0,False,True,True,True,True,False
7064.T,7064,ハウテレビジョン,スタンダード（内国株式）,サービス業,-,2026-08-31,1791.0,923.0,2559665.0,2900.0,4522700.0,False,True,True,True,True,False
5279.T,5279,日本興業,スタンダード（内国株式）,ガラス・土石製品,-,2026-08-31,2605.0,1215.0,2557120.0,2135.0,4495500.0,False,True,True,True,True,False
7625.T,7625,グローバルダイニング,スタンダード（内国株式）,小売業,-,2026-08-31,2605.0,476.0,2551300.0,5305.0,2808400.0,False,True,True,True,True,False
189A.T,189A,Ｄ＆Ｍカンパニー,グロース（内国株式）,サービス業,-,2026-08-31,543.0,1003.0,2550660.0,2595.0,3811400.0,False,True,True,True,True,False
7813.T,7813,プラッツ,スタンダード（内国株式）,その他製品,-,2026-08-31,2605.0,878.0,2543220.0,3075.0,1141400.0,False,True,True,True,True,False
3326.T,3326,ランシステム,スタンダード（内国株式）,サービス業,-,2026-08-31,2605.0,646.0,2539110.0,3900.0,5491000.0,False,True,True,True,True,False
3261.T,3261,グランディーズ,グロース（内国株式）,不動産業,-,2026-08-31,2605.0,412.0,2536790.0,6295.0,1112400.0,False,True,True,True,True,False
8247.T,8247,大和,スタンダード（内国株式）,小売業,-,2026-08-31,2605.0,315.0,2527305.0,8270.0,409500.0,False,True,True,True,True,False
9257.T,9257,ＹＣＰホールディングス（グローバル）リミテッド　ＪＤＲ,グロース（外国株式）,サービス業,-,2026-08-28,1146.0,533.0,2527085.0,5155.0,0.0,False,True,True,True,True,False
4351.T,4351,山田再生系債権回収総合事務所,スタンダード（内国株式）,その他金融業,-,2026-08-31,2605.0,833.0,2524540.0,3040.0,5081300.0,False,True,True,True,True,False
7886.T,7886,ヤマト　モビリティ　＆　Ｍｆｇ．,スタンダード（内国株式）,化学,-,2026-08-31,2605.0,648.0,2517505.0,3690.0,5767200.0,False,True,True,True,True,False
5252.T,5252,日本ナレッジ,グロース（内国株式）,情報・通信業,-,2026-08-31,841.0,757.0,2515750.0,3130.0,1514000.0,False,True,True,True,True,False
4198.T,4198,テンダ,スタンダード（内国株式）,情報・通信業,-,2026-08-31,1278.0,497.0,2503840.0,5070.0,198800.0,False,True,True,True,True,False
6230.T,6230,ＳＡＮＥＩ,スタンダード（内国株式）,機械,-,2026-08-31,1388.0,2140.0,2488990.0,1175.0,642000.0,False,True,True,True,True,False
3138.T,3138,富士山マガジンサービス,スタンダード（内国株式）,小売業,-,2026-08-31,2605.0,1138.0,2487615.0,2215.0,1820800.0,False,True,True,True,True,False
2493.T,2493,イーサポートリンク,スタンダード（内国株式）,サービス業,-,2026-08-31,2605.0,946.0,2485920.0,2630.0,3027200.0,False,True,True,True,True,False
9978.T,9978,文教堂グループホールディングス,スタンダード（内国株式）,小売業,-,2026-08-31,2605.0,45.0,2484945.0,55555.0,2731500.0,False,False,True,True,True,False
3521.T,3521,テルマー湯ホールディングス,スタンダード（内国株式）,サービス業,-,2026-08-31,2605.0,156.0,2483360.0,15965.0,1294800.0,False,False,True,True,True,False
6633.T,6633,ＣＧＳホールディングス,スタンダード（内国株式）,電気機器,-,2026-08-31,2605.0,319.0,2477645.0,7720.0,4306500.0,False,True,True,True,True,False
7042.T,7042,アクセスグループ・ホールディングス,スタンダード（内国株式）,サービス業,-,2026-08-31,1906.0,697.0,2457165.0,3545.0,418200.0,False,True,True,True,True,False
9327.T,9327,イー・ロジット,スタンダード（内国株式）,倉庫・運輸関連業,-,2026-08-31,1328.0,193.0,2444340.0,12775.0,3975800.0,False,False,True,True,True,False
9342.T,9342,スマサポ,グロース（内国株式）,サービス業,-,2026-08-31,896.0,987.0,2438585.0,2600.0,2270100.0,False,True,True,True,True,False
6267.T,6267,ゼネラルパッカー,スタンダード（内国株式）,機械,-,2026-08-31,2605.0,4035.0,2437900.0,610.0,403500.0,False,True,True,True,True,False
3041.T,3041,ビューティカダンホールディングス,スタンダード（内国株式）,卸売業,-,2026-08-31,2605.0,409.0,2426805.0,6015.0,2985700.0,False,True,True,True,True,False
3920.T,3920,アイビーシー,スタンダード（内国株式）,情報・通信業,-,2026-08-31,2605.0,992.0,2420060.0,2450.0,2579200.0,False,True,True,True,True,False
3352.T,3352,バッファロー,スタンダード（内国株式）,小売業,-,2026-08-31,2605.0,1795.0,2412435.0,1360.0,2333500.0,False,True,True,True,True,False
3645.T,3645,メディカルネット,グロース（内国株式）,情報・通信業,-,2026-08-31,2605.0,248.0,2396260.0,9810.0,5282400.0,False,True,True,True,True,False
7902.T,7902,ソノコム,スタンダード（内国株式）,その他製品,-,2026-08-31,2605.0,1132.0,2382490.0,2145.0,5207200.0,False,True,True,True,True,False
6664.T,6664,オプトエレクトロニクス,スタンダード（内国株式）,電気機器,-,2026-08-31,2605.0,256.0,2371390.0,9680.0,1331200.0,False,True,True,True,True,False
4335.T,4335,ＩＰＳホールディングス,スタンダード（内国株式）,情報・通信業,-,2026-08-31,2605.0,1093.0,2357735.0,2150.0,874400.0,False,True,True,True,True,False
5973.T,5973,トーアミ,スタンダード（内国株式）,金属製品,-,2026-08-31,2605.0,610.0,2343790.0,3845.0,3294000.0,False,True,True,True,True,False
2156.T,2156,セーラー広告,スタンダード（内国株式）,サービス業,-,2026-08-31,2605.0,281.0,2326110.0,8375.0,20372500.0,False,True,True,True,True,False
6248.T,6248,横田製作所,スタンダード（内国株式）,機械,-,2026-08-31,2605.0,1740.0,2325340.0,1325.0,5394000.0,False,True,True,True,True,False
5271.T,5271,トーヨーアサノ,スタンダード（内国株式）,ガラス・土石製品,-,2026-08-31,2358.0,2220.0,2324135.0,1025.0,2442000.0,False,True,True,True,True,False
2454.T,2454,オールアバウト,スタンダード（内国株式）,サービス業,-,2026-08-31,2605.0,357.0,2317295.0,6700.0,2427600.0,False,True,True,True,True,False
7043.T,7043,アルー,グロース（内国株式）,サービス業,-,2026-08-31,1882.0,937.0,2315010.0,2480.0,562200.0,False,True,True,True,True,False
244A.T,244A,グロースエクスパートナーズ,グロース（内国株式）,情報・通信業,-,2026-08-31,470.0,1179.0,2309090.0,1975.0,1768500.0,False,True,True,True,True,False
3361.T,3361,トーエル,スタンダード（内国株式）,小売業,-,2026-08-31,2605.0,893.0,2299985.0,2610.0,2321800.0,False,True,True,True,True,False
4421.T,4421,ディ・アイ・システム,スタンダード（内国株式）,情報・通信業,-,2026-08-31,1918.0,943.0,2286615.0,2460.0,6129500.0,False,True,True,True,True,False
2499.T,2499,日本和装ホールディングス,スタンダード（内国株式）,サービス業,-,2026-08-31,2605.0,303.0,2286530.0,7765.0,3666300.0,False,True,True,True,True,False
7808.T,7808,シー・エス・ランバー,スタンダード（内国株式）,その他製品,-,2026-08-28,2160.0,2714.0,2285280.0,840.0,542800.0,False,True,True,True,True,False
9475.T,9475,昭文社ホールディングス,スタンダード（内国株式）,情報・通信業,-,2026-08-31,2605.0,526.0,2284900.0,4380.0,2735200.0,False,True,True,True,True,False
4616.T,4616,川上塗料,スタンダード（内国株式）,化学,-,2026-08-31,2605.0,2213.0,2279765.0,1080.0,4647300.0,False,True,True,True,True,False
7500.T,7500,西川計測,スタンダード（内国株式）,卸売業,-,2026-08-31,2605.0,9730.0,2278600.0,235.0,973000.0,False,True,True,True,True,False
7872.T,7872,エステールホールディングス,スタンダード（内国株式）,その他製品,-,2026-08-31,2605.0,619.0,2275095.0,3720.0,3899700.0,False,True,True,True,True,False
7501.T,7501,ティムコ,スタンダード（内国株式）,卸売業,-,2026-08-28,2604.0,1454.0,2274975.0,1535.0,581600.0,False,True,True,True,True,False
6786.T,6786,ＲＶＨ,スタンダード（内国株式）,サービス業,-,2026-08-31,2605.0,50.0,2273255.0,46380.0,2585000.0,False,False,True,True,True,False
6059.T,6059,ウチヤマホールディングス,スタンダード（内国株式）,サービス業,-,2026-08-31,2605.0,364.0,2272780.0,6350.0,3276000.0,False,True,True,True,True,False
3059.T,3059,ヒラキ,スタンダード（内国株式）,小売業,-,2026-08-31,2605.0,710.0,2254205.0,3180.0,1633000.0,False,True,True,True,True,False
6772.T,6772,東京コスモス電機,スタンダード（内国株式）,電気機器,-,2026-08-31,2605.0,1061.0,2246265.0,2080.0,4456200.0,False,True,True,True,True,False
442A.T,442A,クラシコ,グロース（内国株式）,繊維製品,-,2026-08-31,200.0,983.0,2243915.0,2320.0,1081300.0,False,True,False,True,True,False
7367.T,7367,セルム,スタンダード（内国株式）,サービス業,-,2026-08-31,1321.0,332.0,2238515.0,6670.0,4415600.0,False,True,True,True,True,False
8025.T,8025,ツカモトコーポレーション,スタンダード（内国株式）,卸売業,-,2026-08-31,2605.0,1350.0,2234275.0,1675.0,4050000.0,False,True,True,True,True,False
5962.T,5962,浅香工業,スタンダード（内国株式）,その他製品,-,2026-08-31,2605.0,2012.0,2230450.0,1100.0,603600.0,False,True,True,True,True,False
3067.T,3067,東京一番フーズ,スタンダード（内国株式）,小売業,-,2026-08-31,2605.0,465.0,2227030.0,4860.0,5254500.0,False,True,True,True,True,False
5126.T,5126,ポーターズ,グロース（内国株式）,情報・通信業,-,2026-08-31,958.0,1426.0,2226400.0,1540.0,3137200.0,False,True,True,True,True,False
7265.T,7265,エイケン工業,スタンダード（内国株式）,輸送用機器,-,2026-08-31,2605.0,3835.0,2220575.0,575.0,4602000.0,False,True,True,True,True,False
9362.T,9362,兵機海運,スタンダード（内国株式）,倉庫・運輸関連業,-,2026-08-28,2604.0,3700.0,2211775.0,605.0,740000.0,False,True,True,True,True,False
9812.T,9812,テーオーホールディングス,スタンダード（内国株式）,小売業,-,2026-08-31,2605.0,248.0,2206985.0,9100.0,1711200.0,False,True,True,True,True,False
5923.T,5923,高田機工,スタンダード（内国株式）,金属製品,-,2026-08-31,2605.0,1169.0,2206705.0,1910.0,1285900.0,False,True,True,True,True,False
7793.T,7793,イメージ・マジック,グロース（内国株式）,その他製品,-,2026-08-31,1100.0,1507.0,2202260.0,1475.0,1054900.0,False,True,True,True,True,False
2993.T,2993,長栄,スタンダード（内国株式）,不動産業,-,2026-08-31,1144.0,2233.0,2197870.0,985.0,1786400.0,False,True,True,True,True,False
7422.T,7422,東邦レマック,スタンダード（内国株式）,卸売業,-,2026-08-31,2605.0,372.0,2195665.0,6145.0,632400.0,False,True,True,True,True,False
7073.T,7073,ジェイック,グロース（内国株式）,サービス業,-,2026-08-31,1670.0,2350.0,2195585.0,975.0,4230000.0,False,True,True,True,True,False
303A.T,303A,ｖｉｓｕｍｏ,グロース（内国株式）,情報・通信業,-,2026-08-31,407.0,593.0,2193780.0,3640.0,474400.0,False,True,True,True,True,False
7833.T,7833,アイフィスジャパン,スタンダード（内国株式）,その他製品,-,2026-08-31,2605.0,653.0,2193395.0,3390.0,2546700.0,False,True,True,True,True,False
7434.T,7434,オータケ,スタンダード（内国株式）,卸売業,-,2026-08-31,2605.0,1839.0,2186910.0,1210.0,3494100.0,False,True,True,True,True,False
9246.T,9246,プロジェクトホールディングス,グロース（内国株式）,サービス業,-,2026-08-31,1204.0,1131.0,2182940.0,1990.0,4637100.0,False,True,True,True,True,False
3372.T,3372,関門海,スタンダード（内国株式）,小売業,-,2026-08-31,2605.0,221.0,2178290.0,9885.0,4972500.0,False,True,True,True,True,False
2293.T,2293,滝沢ハム,スタンダード（内国株式）,食料品,-,2026-08-31,2605.0,2705.0,2176625.0,800.0,4057500.0,False,True,True,True,True,False
2894.T,2894,石井食品,スタンダード（内国株式）,食料品,-,2026-08-31,2605.0,350.0,2167735.0,6255.0,1575000.0,False,True,True,True,True,False
9853.T,9853,銀座ルノアール,スタンダード（内国株式）,小売業,-,2026-08-31,2605.0,910.0,2166970.0,2385.0,1456000.0,False,True,True,True,True,False
3766.T,3766,システムズ・デザイン,スタンダード（内国株式）,情報・通信業,-,2026-08-31,2605.0,1415.0,2163905.0,1530.0,990500.0,False,True,True,True,True,False
3986.T,3986,ビーブレイクシステムズ,スタンダード（内国株式）,情報・通信業,-,2026-08-31,2269.0,480.0,2155620.0,4435.0,1584000.0,False,True,True,True,True,False
3024.T,3024,クリエイト,スタンダード（内国株式）,卸売業,-,2026-08-31,2605.0,1198.0,2148350.0,1855.0,3114800.0,False,True,True,True,True,False
9223.T,9223,ＡＳＮＯＶＡ,グロース（内国株式）,サービス業,-,2026-08-31,654.0,456.0,2136975.0,4795.0,1459200.0,False,True,True,True,True,False
2916.T,2916,仙波糖化工業,スタンダード（内国株式）,食料品,-,2026-08-31,2605.0,743.0,2125855.0,2875.0,965900.0,False,True,True,True,True,False
8013.T,8013,ナイガイ,スタンダード（内国株式）,繊維製品,-,2026-08-31,2605.0,354.0,2123000.0,6020.0,991200.0,False,True,True,True,True,False
9972.T,9972,アルテック,スタンダード（内国株式）,卸売業,-,2026-08-31,2605.0,281.0,2121545.0,7620.0,618200.0,False,True,True,True,True,False
6325.T,6325,タカキタ,スタンダード（内国株式）,機械,-,2026-08-31,2605.0,418.0,2114725.0,5130.0,1379400.0,False,True,True,True,True,False
331A.T,331A,メディックス,スタンダード（内国株式）,サービス業,-,2026-08-31,355.0,490.0,2108225.0,4285.0,3234000.0,False,True,True,True,True,False
7444.T,7444,ハリマ共和物産,スタンダード（内国株式）,卸売業,-,2026-08-31,2605.0,1983.0,2105320.0,1060.0,2379600.0,False,True,True,True,True,False
3169.T,3169,ミサワ,スタンダード（内国株式）,小売業,-,2026-08-31,2605.0,678.0,2105075.0,3165.0,3186600.0,False,True,True,True,True,False
4356.T,4356,応用技術,スタンダード（内国株式）,情報・通信業,-,2026-08-31,2605.0,1637.0,2103720.0,1270.0,491100.0,False,True,True,True,True,False
6867.T,6867,リーダー電子,スタンダード（内国株式）,電気機器,-,2026-08-31,2605.0,409.0,2100695.0,5085.0,449900.0,False,True,True,True,True,False
4387.T,4387,ＺＵＵ,グロース（内国株式）,情報・通信業,-,2026-08-31,2004.0,514.0,2100635.0,4220.0,1182200.0,False,True,True,True,True,False
7046.T,7046,ＴＤＳＥ,グロース（内国株式）,サービス業,-,2026-08-31,1877.0,1360.0,2098655.0,1595.0,2176000.0,False,True,True,True,True,False
9220.T,9220,エフビー介護サービス,スタンダード（内国株式）,サービス業,-,2026-08-31,1076.0,1276.0,2096770.0,1695.0,1786400.0,False,True,True,True,True,False
3804.T,3804,システム　ディ,スタンダード（内国株式）,情報・通信業,-,2026-08-31,2605.0,459.0,2091010.0,4650.0,1331100.0,False,True,True,True,True,False
3646.T,3646,駅探,スタンダード（内国株式）,情報・通信業,-,2026-08-31,2605.0,351.0,2045475.0,6035.0,2000700.0,False,True,True,True,True,False
7997.T,7997,くろがね工作所,スタンダード（内国株式）,その他製品,-,2026-08-31,2605.0,1089.0,2036840.0,1900.0,3158100.0,False,True,True,True,True,False
6034.T,6034,ＭＲＴ,グロース（内国株式）,サービス業,-,2026-08-31,2605.0,638.0,2033320.0,3180.0,2233000.0,False,True,True,True,True,False
6190.T,6190,フェニックスバイオ,グロース（内国株式）,サービス業,-,2026-08-31,2574.0,339.0,2028505.0,5905.0,372900.0,False,True,True,True,True,False
9265.T,9265,ヤマシタヘルスケアホールディングス,スタンダード（内国株式）,卸売業,-,2026-08-28,2148.0,3745.0,2028450.0,555.0,749000.0,False,True,True,True,True,False
175A.T,175A,Ｗｉｌｌ　Ｓｍａｒｔ,グロース（内国株式）,情報・通信業,-,2026-08-31,580.0,648.0,2025760.0,3260.0,1814400.0,False,True,True,True,True,False
4754.T,4754,トスネット,スタンダード（内国株式）,サービス業,-,2026-08-31,2605.0,1501.0,2014825.0,1330.0,300200.0,False,True,True,True,True,False
7040.T,7040,サン・ライフホールディング,スタンダード（内国株式）,サービス業,-,2026-08-28,1932.0,973.0,2005355.0,2055.0,583800.0,False,True,True,True,True,False
7544.T,7544,スリーエフ,スタンダード（内国株式）,小売業,-,2026-08-31,2605.0,560.0,1996460.0,3570.0,2072000.0,False,True,True,True,True,False
7114.T,7114,フーディソン,グロース（内国株式）,卸売業,-,2026-08-31,906.0,774.0,1995255.0,2545.0,1470600.0,False,True,True,True,True,False
4172.T,4172,Ｈｉクラテス,スタンダード（内国株式）,情報・通信業,-,2026-08-31,1388.0,2304.0,1991000.0,870.0,1152000.0,False,True,True,True,True,False
9685.T,9685,ＫＹＣＯＭホールディングス,スタンダード（内国株式）,情報・通信業,-,2026-08-31,2605.0,586.0,1986510.0,3465.0,8965800.0,False,True,True,True,True,False
2136.T,2136,ヒップ,スタンダード（内国株式）,サービス業,-,2026-08-31,2605.0,1417.0,1983430.0,1395.0,1275300.0,False,True,True,True,True,False
3184.T,3184,ＩＣＤＡホールディングス,スタンダード（内国株式）,小売業,-,2026-08-31,2605.0,4180.0,1970350.0,465.0,418000.0,False,True,True,True,True,False
3634.T,3634,ソケッツ,スタンダード（内国株式）,情報・通信業,-,2026-08-31,2605.0,608.0,1969890.0,3345.0,2006400.0,False,True,True,True,True,False
3011.T,3011,バナーズ,スタンダード（内国株式）,小売業,-,2026-08-31,2605.0,146.0,1965850.0,13580.0,788400.0,False,False,True,True,True,False
7850.T,7850,総合商研,スタンダード（内国株式）,その他製品,-,2026-08-31,2605.0,810.0,1965420.0,2415.0,567000.0,False,True,True,True,True,False
7426.T,7426,山大,スタンダード（内国株式）,卸売業,-,2026-08-31,2605.0,605.0,1959555.0,3105.0,665500.0,False,True,True,True,True,False
8742.T,8742,小林洋行,スタンダード（内国株式）,証券、商品先物取引業,-,2026-08-31,2605.0,557.0,1954385.0,3520.0,1838100.0,False,True,True,True,True,False
4752.T,4752,昭和システムエンジニアリング,スタンダード（内国株式）,情報・通信業,-,2026-08-31,2605.0,1570.0,1954100.0,1245.0,1413000.0,False,True,True,True,True,False
3058.T,3058,三洋堂ホールディングス,スタンダード（内国株式）,小売業,-,2026-08-28,2604.0,708.0,1950940.0,2780.0,495600.0,False,True,True,True,True,False
7297.T,7297,カーメイト,スタンダード（内国株式）,輸送用機器,-,2026-08-31,2605.0,866.0,1939690.0,2255.0,1558800.0,False,True,True,True,True,False
4766.T,4766,ピーエイ,スタンダード（内国株式）,サービス業,-,2026-08-31,2605.0,210.0,1935980.0,9695.0,3024000.0,False,True,True,True,True,False
8147.T,8147,トミタ,スタンダード（内国株式）,卸売業,-,2026-08-31,2605.0,1405.0,1932690.0,1390.0,1405000.0,False,True,True,True,True,False
7673.T,7673,ダイコー通産,スタンダード（内国株式）,卸売業,-,2026-08-31,1822.0,1661.0,1916985.0,1165.0,2325400.0,False,True,True,True,True,False
7314.T,7314,小田原機器,スタンダード（内国株式）,輸送用機器,-,2026-08-31,2605.0,1325.0,1912965.0,1470.0,3842500.0,False,True,True,True,True,False
7877.T,7877,永大化工,スタンダード（内国株式）,化学,-,2026-08-31,2605.0,2237.0,1896040.0,870.0,2237000.0,False,True,True,False,True,False
2911.T,2911,旭松食品,スタンダード（内国株式）,食料品,-,2026-08-31,2605.0,2251.0,1887955.0,835.0,4952200.0,False,True,True,True,True,False
3439.T,3439,三ツ知,スタンダード（内国株式）,金属製品,-,2026-08-28,2604.0,673.0,1883675.0,2785.0,1951700.0,False,True,True,True,True,False
2978.T,2978,ツクルバ,グロース（内国株式）,不動産業,-,2026-08-31,1729.0,339.0,1880335.0,5535.0,1254300.0,False,True,True,True,True,False
8118.T,8118,キング,スタンダード（内国株式）,繊維製品,-,2026-08-31,2605.0,1191.0,1876655.0,1550.0,1667400.0,False,True,True,True,True,False
5134.T,5134,ＰＯＰＥＲ,グロース（内国株式）,情報・通信業,-,2026-08-31,928.0,489.0,1870705.0,3865.0,880200.0,False,True,True,True,True,False
7509.T,7509,アイエーグループ,スタンダード（内国株式）,小売業,-,2026-08-31,2605.0,4680.0,1866200.0,390.0,9360000.0,False,True,True,True,True,False
7782.T,7782,シンシア,スタンダード（内国株式）,精密機器,-,2026-08-31,2390.0,479.0,1861440.0,3980.0,3017700.0,False,True,True,True,True,False
9339.T,9339,コーチ・エィ,スタンダード（内国株式）,サービス業,-,2026-08-31,902.0,1427.0,1850200.0,1310.0,1141600.0,False,True,True,True,True,False
177A.T,177A,コージンバイオ,グロース（内国株式）,化学,-,2026-08-31,573.0,851.0,1840775.0,2145.0,2638100.0,False,True,True,True,True,False
7362.T,7362,Ｔ．Ｓ．Ｉ,グロース（内国株式）,サービス業,-,2026-08-31,1333.0,884.0,1815240.0,2110.0,1060800.0,False,True,True,True,True,False
7112.T,7112,キューブ,グロース（内国株式）,小売業,-,2026-08-31,953.0,697.0,1812155.0,2575.0,3206200.0,False,True,True,True,True,False
7975.T,7975,リヒトラブ,スタンダード（内国株式）,その他製品,-,2026-08-31,2605.0,1180.0,1805445.0,1600.0,2360000.0,False,True,True,True,True,False
9215.T,9215,ＣａＳｙ,グロース（内国株式）,サービス業,-,2026-08-31,1106.0,981.0,1798880.0,1880.0,1275300.0,False,True,True,True,True,False
5199.T,5199,不二ラテックス,スタンダード（内国株式）,ゴム製品,-,2026-08-28,2604.0,2012.0,1794230.0,900.0,603600.0,False,True,True,True,True,False
4929.T,4929,アジュバンホールディングス,スタンダード（内国株式）,化学,-,2026-08-31,2605.0,740.0,1793170.0,2430.0,1924000.0,False,True,True,True,True,False
3583.T,3583,オーベクス,スタンダード（内国株式）,繊維製品,-,2026-08-31,2605.0,1319.0,1789650.0,1380.0,1319000.0,False,True,True,True,True,False
8938.T,8938,グローム・ホールディングス,グロース（内国株式）,不動産業,-,2026-08-31,2605.0,336.0,1778370.0,5340.0,369600.0,False,True,True,True,True,False
9885.T,9885,シャルレ,スタンダード（内国株式）,卸売業,-,2026-08-31,2605.0,334.0,1776585.0,5305.0,4175000.0,False,True,True,True,True,False
2424.T,2424,ブラス,スタンダード（内国株式）,サービス業,-,2026-08-31,2581.0,597.0,1775585.0,2970.0,1074600.0,False,True,True,True,True,False
5125.T,5125,ファインズ,グロース（内国株式）,情報・通信業,-,2026-08-31,960.0,473.0,1764155.0,3720.0,4493500.0,False,True,True,True,True,False
4260.T,4260,ハイブリッドテクノロジーズ,グロース（内国株式）,情報・通信業,-,2026-08-31,1145.0,211.0,1762710.0,8315.0,1076100.0,False,True,True,True,True,False
4438.T,4438,Ｗｅｌｂｙ,グロース（内国株式）,情報・通信業,-,2026-08-31,1809.0,254.0,1762460.0,6825.0,2235200.0,False,True,True,True,True,False
6074.T,6074,ジェイエスエス,スタンダード（内国株式）,サービス業,-,2026-08-31,2605.0,516.0,1761720.0,3395.0,2218800.0,False,True,True,True,True,False
4020.T,4020,ビートレンド,グロース（内国株式）,情報・通信業,-,2026-08-31,1393.0,839.0,1745110.0,2215.0,1342400.0,False,True,True,True,True,False
9073.T,9073,京極運輸商事,スタンダード（内国株式）,陸運業,-,2026-08-31,2605.0,1247.0,1735070.0,1395.0,374100.0,False,True,True,True,True,False
5928.T,5928,アルメタックス,スタンダード（内国株式）,金属製品,-,2026-08-31,2605.0,292.0,1725540.0,6080.0,846800.0,False,True,True,True,True,False
3955.T,3955,イムラ,スタンダード（内国株式）,パルプ・紙,-,2026-08-31,2605.0,843.0,1720255.0,2040.0,927300.0,False,True,True,True,True,False
3974.T,3974,ＳＣＡＴ,スタンダード（内国株式）,情報・通信業,-,2026-08-31,2384.0,666.0,1719680.0,2585.0,1931400.0,False,True,True,True,True,False
1897.T,1897,金下建設,スタンダード（内国株式）,建設業,-,2026-08-31,2605.0,3300.0,1714050.0,510.0,660000.0,False,True,True,True,True,False
5974.T,5974,中国工業,スタンダード（内国株式）,金属製品,-,2026-08-31,2605.0,856.0,1713180.0,2020.0,2568000.0,False,True,True,True,True,False
6049.T,6049,イトクロ,グロース（内国株式）,サービス業,-,2026-08-31,2605.0,247.0,1706630.0,6970.0,691600.0,False,True,True,True,True,False
7041.T,7041,ＣＲＧホールディングス,グロース（内国株式）,サービス業,-,2026-08-31,1926.0,352.0,1703475.0,4920.0,2428800.0,False,True,True,True,True,False
7538.T,7538,大水,スタンダード（内国株式）,卸売業,-,2026-08-31,2605.0,389.0,1691515.0,4365.0,3384300.0,False,True,True,True,True,False
9258.T,9258,ＣＳ－Ｃ,グロース（内国株式）,サービス業,-,2026-08-31,1144.0,309.0,1680055.0,5650.0,92700.0,False,True,True,True,True,False
7791.T,7791,ドリームベッド,スタンダード（内国株式）,その他製品,-,2026-08-31,1269.0,823.0,1678025.0,2065.0,1563700.0,False,True,True,True,True,False
6150.T,6150,タケダ機械,スタンダード（内国株式）,機械,-,2026-08-31,2605.0,2800.0,1676550.0,600.0,1120000.0,False,True,True,True,True,False
2747.T,2747,北雄ラッキー,スタンダード（内国株式）,小売業,-,2026-08-31,2605.0,3115.0,1667400.0,530.0,1557500.0,False,True,True,True,True,False
3297.T,3297,東武住販,スタンダード（内国株式）,不動産業,-,2026-08-31,2605.0,1179.0,1654580.0,1400.0,707400.0,False,True,True,True,True,False
7443.T,7443,横浜魚類,スタンダード（内国株式）,卸売業,-,2026-08-31,2605.0,665.0,1644885.0,2505.0,665000.0,False,True,True,True,True,False
7399.T,7399,ナンシン,スタンダード（内国株式）,輸送用機器,-,2026-08-31,2605.0,611.0,1642720.0,2735.0,1649700.0,False,True,True,True,True,False
220A.T,220A,Ｆａｂｅｒ　Ｃｏｍｐａｎｙ,スタンダード（内国株式）,情報・通信業,-,2026-08-31,508.0,971.0,1638480.0,1720.0,5340500.0,False,True,True,True,True,False
6424.T,6424,高見沢サイバネティックス,スタンダード（内国株式）,機械,-,2026-08-31,2605.0,901.0,1637500.0,1825.0,540600.0,False,True,True,True,True,False
8040.T,8040,東京ソワール,スタンダード（内国株式）,繊維製品,-,2026-08-31,2605.0,1043.0,1634160.0,1570.0,938700.0,False,True,True,True,True,False
7129.T,7129,ミアヘルサホールディングス,スタンダード（内国株式）,小売業,-,2026-08-31,1202.0,1178.0,1623710.0,1405.0,2356000.0,False,True,True,True,True,False
2722.T,2722,ＩＫホールディングス,スタンダード（内国株式）,小売業,-,2026-08-31,2605.0,359.0,1620180.0,4525.0,3410500.0,False,True,True,True,True,False
5380.T,5380,新東,スタンダード（内国株式）,ガラス・土石製品,-,2026-08-28,2604.0,1207.0,1611230.0,1395.0,0.0,False,True,True,True,True,False
6546.T,6546,フルテック,スタンダード（内国株式）,サービス業,-,2026-08-31,2328.0,1156.0,1606480.0,1410.0,3814800.0,False,True,True,True,True,False
2796.T,2796,ファーマライズホールディングス,スタンダード（内国株式）,小売業,-,2026-08-31,2605.0,502.0,1606255.0,3230.0,1305200.0,False,True,True,True,True,False
9017.T,9017,新潟交通,スタンダード（内国株式）,陸運業,-,2026-08-31,2605.0,1986.0,1595570.0,800.0,3574800.0,False,True,True,True,True,False
7140.T,7140,ペットゴー,グロース（内国株式）,小売業,-,2026-08-31,1061.0,799.0,1590295.0,1980.0,1278400.0,False,True,True,True,True,False
4464.T,4464,ソフト９９コーポレーション,スタンダード（内国株式）,化学,-,2026-08-31,2605.0,3535.0,1572875.0,440.0,3535000.0,False,True,True,True,True,False
3988.T,3988,ＳＹＳホールディングス,スタンダード（内国株式）,情報・通信業,-,2026-08-31,2259.0,560.0,1563650.0,2805.0,392000.0,False,True,True,True,True,False
4750.T,4750,ダイサン,スタンダード（内国株式）,サービス業,-,2026-08-31,2605.0,573.0,1549355.0,2720.0,4011000.0,False,True,True,True,True,False
3598.T,3598,山喜,スタンダード（内国株式）,繊維製品,-,2026-08-31,2605.0,163.0,1546785.0,9495.0,2542800.0,False,False,True,True,True,False
3474.T,3474,Ｇ－ＦＡＣＴＯＲＹ,グロース（内国株式）,不動産業,-,2026-08-31,2443.0,601.0,1543355.0,2630.0,6671100.0,False,True,True,True,True,False
1788.T,1788,三東工業社,スタンダード（内国株式）,建設業,-,2026-08-31,2605.0,4250.0,1542825.0,360.0,1275000.0,False,True,True,True,True,False
4926.T,4926,シーボン,スタンダード（内国株式）,化学,-,2026-08-31,2605.0,1250.0,1530800.0,1230.0,1625000.0,False,True,True,True,True,False
7831.T,7831,ウイルコホールディングス,スタンダード（内国株式）,その他製品,-,2026-08-31,2605.0,68.0,1530440.0,22555.0,918000.0,False,False,True,True,True,False
5078.T,5078,セレコーポレーション,スタンダード（内国株式）,建設業,-,2026-08-28,1093.0,4785.0,1526225.0,320.0,3349500.0,False,True,True,True,True,False
3223.T,3223,エスエルディー,スタンダード（内国株式）,小売業,-,2026-08-31,2605.0,954.0,1505945.0,1630.0,3148200.0,False,True,True,True,True,False
4487.T,4487,スペースマーケット,グロース（内国株式）,情報・通信業,-,2026-08-31,1633.0,230.0,1502265.0,6570.0,1012000.0,False,True,True,True,True,False
3293.T,3293,アズマハウス,スタンダード（内国株式）,不動産業,-,2026-08-31,2605.0,779.0,1496865.0,1935.0,2882300.0,False,True,True,True,True,False
3908.T,3908,コラボス,スタンダード（内国株式）,情報・通信業,-,2026-08-31,2605.0,353.0,1487525.0,4255.0,1270800.0,False,True,True,True,True,False
248A.T,248A,キッズスター,グロース（内国株式）,情報・通信業,-,2026-08-31,470.0,814.0,1485505.0,1810.0,162800.0,False,True,True,True,True,False
7461.T,7461,キムラ,スタンダード（内国株式）,卸売業,-,2026-08-31,2605.0,480.0,1480740.0,3105.0,816000.0,False,True,True,True,True,False
4678.T,4678,秀英予備校,スタンダード（内国株式）,サービス業,-,2026-08-31,2605.0,334.0,1467955.0,4505.0,1235800.0,False,True,True,True,True,False
5905.T,5905,日本製罐,スタンダード（内国株式）,金属製品,-,2026-08-31,2605.0,1368.0,1467615.0,1075.0,1231200.0,False,True,True,True,True,False
9691.T,9691,両毛システムズ,スタンダード（内国株式）,情報・通信業,-,2026-08-31,2605.0,5140.0,1466300.0,285.0,15934000.0,False,True,True,True,True,False
7807.T,7807,幸和製作所,スタンダード（内国株式）,その他製品,-,2026-08-31,2151.0,881.0,1465250.0,1685.0,1673900.0,False,True,True,True,True,False
9365.T,9365,トレーディア,スタンダード（内国株式）,倉庫・運輸関連業,-,2026-08-31,2605.0,1624.0,1462155.0,895.0,2436000.0,False,True,True,True,True,False
3910.T,3910,エムケイシステム,スタンダード（内国株式）,情報・通信業,-,2026-08-31,2605.0,287.0,1461625.0,5235.0,2468200.0,False,True,True,True,True,False
7506.T,7506,ハウス　オブ　ローゼ,スタンダード（内国株式）,小売業,-,2026-08-31,2605.0,1387.0,1452130.0,1050.0,1387000.0,False,True,True,True,True,False
5616.T,5616,雨風太陽,グロース（内国株式）,情報・通信業,-,2026-08-31,659.0,657.0,1451070.0,2285.0,2233800.0,False,True,True,True,True,False
3985.T,3985,テモナ,スタンダード（内国株式）,情報・通信業,-,2026-08-31,2316.0,193.0,1448415.0,7915.0,1679100.0,False,False,True,True,True,False
2481.T,2481,タウンニュース社,スタンダード（内国株式）,サービス業,-,2026-08-31,2605.0,668.0,1446465.0,2190.0,133600.0,False,True,True,True,True,False
3375.T,3375,ＺＯＡ,スタンダード（内国株式）,小売業,-,2026-08-31,2605.0,1786.0,1444645.0,825.0,535800.0,False,True,True,True,True,False
9087.T,9087,タカセ,スタンダード（内国株式）,陸運業,-,2026-08-31,2605.0,2250.0,1443925.0,690.0,6750000.0,False,True,True,True,True,False
7486.T,7486,サンリン,スタンダード（内国株式）,卸売業,-,2026-08-31,2605.0,822.0,1430855.0,1770.0,164400.0,False,True,True,True,True,False
3550.T,3550,スタジオアタオ,グロース（内国株式）,小売業,-,2026-08-31,2404.0,217.0,1414020.0,6490.0,1388800.0,False,True,True,True,True,False
2668.T,2668,タビオ,スタンダード（内国株式）,卸売業,-,2026-08-31,2605.0,1269.0,1402035.0,1105.0,1142100.0,False,True,True,True,True,False
7416.T,7416,はるやまホールディングス,スタンダード（内国株式）,小売業,-,2026-08-31,2605.0,687.0,1400055.0,2045.0,1786200.0,False,True,True,True,True,False
3622.T,3622,ネットイヤーグループ,スタンダード（内国株式）,情報・通信業,-,2026-08-31,2605.0,503.0,1393110.0,2830.0,402400.0,False,True,True,True,True,False
3802.T,3802,エコミック,スタンダード（内国株式）,情報・通信業,-,2026-08-31,1549.0,500.0,1387345.0,2805.0,3800000.0,False,True,True,True,True,False
4017.T,4017,クリーマ,グロース（内国株式）,情報・通信業,-,2026-08-31,1408.0,220.0,1380870.0,6465.0,968000.0,False,True,True,True,True,False
7255.T,7255,桜井製作所,スタンダード（内国株式）,輸送用機器,-,2026-08-28,2604.0,520.0,1379290.0,2660.0,468000.0,False,True,True,True,True,False
1380.T,1380,秋川牧園,スタンダード（内国株式）,水産・農林業,-,2026-08-31,2605.0,998.0,1377390.0,1380.0,798400.0,False,True,True,True,True,False
2480.T,2480,システム・ロケーション,スタンダード（内国株式）,情報・通信業,-,2026-08-31,2605.0,1734.0,1370210.0,795.0,1213800.0,False,True,True,True,True,False
9254.T,9254,ラバブルマーケティンググループ,グロース（内国株式）,サービス業,-,2026-08-31,1146.0,1117.0,1367735.0,1215.0,4914800.0,False,True,True,True,True,False
8225.T,8225,タカチホ,スタンダード（内国株式）,卸売業,-,2026-08-31,2605.0,3580.0,1347200.0,380.0,358000.0,False,True,True,True,True,False
6579.T,6579,ログリー,グロース（内国株式）,サービス業,-,2026-08-31,2005.0,352.0,1345245.0,3785.0,1161600.0,False,True,True,True,True,False
5900.T,5900,ダイケン,スタンダード（内国株式）,金属製品,-,2026-08-31,2605.0,869.0,1344080.0,1540.0,2172500.0,False,True,True,True,True,False
3577.T,3577,東海染工,スタンダード（内国株式）,繊維製品,-,2026-08-31,2605.0,946.0,1339105.0,1425.0,1135200.0,False,True,True,True,True,False
3953.T,3953,大村紙業,スタンダード（内国株式）,パルプ・紙,-,2026-08-31,2605.0,794.0,1337060.0,1680.0,714600.0,False,True,True,True,True,False
7090.T,7090,リグア,グロース（内国株式）,サービス業,-,2026-08-31,1580.0,949.0,1331515.0,1550.0,284700.0,False,True,True,True,True,False
5484.T,5484,東北特殊鋼,スタンダード（内国株式）,鉄鋼,-,2026-08-28,2604.0,4475.0,1316375.0,295.0,0.0,False,True,True,True,True,False
7464.T,7464,セフテック,スタンダード（内国株式）,卸売業,-,2026-08-31,2605.0,1540.0,1307940.0,850.0,1540000.0,False,True,True,True,True,False
5742.T,5742,エヌアイシ・オートテック,スタンダード（内国株式）,非鉄金属,-,2026-08-31,2605.0,756.0,1306190.0,1755.0,529200.0,False,True,True,True,True,False
4769.T,4769,ＩＣ,スタンダード（内国株式）,情報・通信業,-,2026-08-31,2605.0,1150.0,1304665.0,1145.0,690000.0,False,True,True,True,True,False
9225.T,9225,ブリッジコンサルティンググループ,グロース（内国株式）,サービス業,-,2026-08-28,1042.0,974.0,1303120.0,1340.0,584400.0,False,True,True,True,True,False
5618.T,5618,ナイル,グロース（内国株式）,情報・通信業,-,2026-08-31,657.0,289.0,1300330.0,4580.0,260100.0,False,True,True,True,True,False
9720.T,9720,ホテル、ニューグランド,スタンダード（内国株式）,サービス業,-,2026-08-28,2604.0,6420.0,1294650.0,205.0,1284000.0,False,True,True,True,True,False
7515.T,7515,マルヨシセンター,スタンダード（内国株式）,小売業,-,2026-08-31,2605.0,4600.0,1288125.0,280.0,2300000.0,False,True,True,True,True,False
6159.T,6159,ミクロン精密,スタンダード（内国株式）,機械,-,2026-08-31,2605.0,1800.0,1287760.0,680.0,1080000.0,False,True,True,True,True,False
5250.T,5250,ＧＭＯプライム・ストラテジー,スタンダード（内国株式）,情報・通信業,-,2026-08-31,860.0,1028.0,1277005.0,1245.0,616800.0,False,True,True,True,True,False
7585.T,7585,かんなん丸,スタンダード（内国株式）,小売業,-,2026-08-31,2605.0,408.0,1260810.0,3095.0,979200.0,False,True,True,True,True,False
3848.T,3848,データ・アプリケーション,スタンダード（内国株式）,情報・通信業,-,2026-08-31,2605.0,849.0,1255335.0,1500.0,2377200.0,False,True,True,True,True,False
4247.T,4247,ポバール興業,スタンダード（内国株式）,化学,-,2026-08-31,1095.0,1423.0,1252860.0,905.0,569200.0,False,True,True,True,True,False
3111.T,3111,オーミケンシ,スタンダード（内国株式）,繊維製品,-,2026-08-31,2605.0,192.0,1252170.0,6955.0,4608000.0,False,False,True,True,True,False
6233.T,6233,ＫＬＡＳＳ,スタンダード（内国株式）,機械,-,2026-08-31,1935.0,401.0,1251640.0,3175.0,2285700.0,False,True,True,True,True,False
9345.T,9345,ビズメイツ,グロース（内国株式）,サービス業,-,2026-08-31,837.0,594.0,1232225.0,2030.0,1663200.0,False,True,True,True,True,False
9565.T,9565,ＧＬＯＥ,グロース（内国株式）,サービス業,-,2026-08-31,917.0,674.0,1224545.0,1815.0,1011000.0,False,True,True,True,True,False
4059.T,4059,まぐまぐ,スタンダード（内国株式）,情報・通信業,-,2026-08-31,1450.0,399.0,1222205.0,3020.0,718200.0,False,True,True,True,True,False
5533.T,5533,エリッツホールディングス,スタンダード（内国株式）,不動産業,-,2026-08-31,777.0,2048.0,1211315.0,615.0,1228800.0,False,True,True,True,True,False
2376.T,2376,サイネックス,スタンダード（内国株式）,サービス業,-,2026-08-31,2605.0,776.0,1209320.0,1580.0,155200.0,False,True,True,True,True,False
168A.T,168A,イタミアート,グロース（内国株式）,その他製品,-,2026-08-31,586.0,1075.0,1197795.0,1115.0,967500.0,False,True,True,True,True,False
7502.T,7502,プラザホールディングス,スタンダード（内国株式）,サービス業,-,2026-08-31,2605.0,1681.0,1192135.0,715.0,1008600.0,False,True,True,True,True,False
2425.T,2425,ケアサービス,スタンダード（内国株式）,サービス業,-,2026-08-31,2605.0,661.0,1164410.0,1735.0,1123700.0,False,True,True,True,True,False
4429.T,4429,リックソフト,グロース（内国株式）,情報・通信業,-,2026-08-31,1831.0,735.0,1161145.0,1620.0,1029000.0,False,True,True,True,True,False
9679.T,9679,ホウライ,スタンダード（内国株式）,サービス業,-,2026-08-31,2605.0,2370.0,1144785.0,485.0,1185000.0,False,True,True,True,True,False
9330.T,9330,揚羽,グロース（内国株式）,サービス業,-,2026-08-31,718.0,882.0,1143820.0,1310.0,1146600.0,False,True,True,True,True,False
6147.T,6147,ヤマザキ,スタンダード（内国株式）,機械,-,2026-08-31,2605.0,192.0,1138775.0,5935.0,1440000.0,False,False,True,True,True,False
9816.T,9816,ストライダーズ,スタンダード（内国株式）,不動産業,-,2026-08-31,2605.0,255.0,1138770.0,4575.0,892500.0,False,True,True,True,True,False
2806.T,2806,ユタカフーズ,スタンダード（内国株式）,食料品,-,2026-08-31,2605.0,1895.0,1133155.0,600.0,568500.0,False,True,True,True,True,False
2300.T,2300,きょくとう,スタンダード（内国株式）,サービス業,-,2026-08-31,2605.0,497.0,1120265.0,2255.0,1391600.0,False,True,True,True,True,False
4197.T,4197,アスマーク,スタンダード（内国株式）,情報・通信業,-,2026-08-31,1121.0,2379.0,1117220.0,475.0,2616900.0,False,True,True,True,True,False
8123.T,8123,川辺,スタンダード（内国株式）,卸売業,-,2026-08-31,2605.0,1425.0,1117010.0,800.0,1567500.0,False,True,True,True,True,False
3437.T,3437,特殊電極,スタンダード（内国株式）,金属製品,-,2026-08-28,2604.0,2750.0,1111490.0,410.0,825000.0,False,True,True,True,True,False
9476.T,9476,中央経済社ホールディングス,スタンダード（内国株式）,情報・通信業,-,2026-08-31,2605.0,984.0,1104715.0,1130.0,1279200.0,False,True,True,True,True,False
2152.T,2152,幼児活動研究会,スタンダード（内国株式）,サービス業,-,2026-08-31,2605.0,1561.0,1102925.0,720.0,468300.0,False,True,True,True,True,False
5035.T,5035,ＨＯＵＳＥＩ,グロース（内国株式）,情報・通信業,-,2026-08-31,1001.0,366.0,1100705.0,3075.0,2269200.0,False,True,True,True,True,False
9331.T,9331,キャスター,グロース（内国株式）,サービス業,-,2026-08-31,708.0,739.0,1089050.0,1480.0,1108500.0,False,True,True,True,True,False
3190.T,3190,ホットマン,スタンダード（内国株式）,小売業,-,2026-08-31,2605.0,584.0,1086675.0,1870.0,408800.0,False,True,True,True,True,False
7699.T,7699,オムニ・プラス・システム・リミテッド　ＪＤＲ,グロース（外国株式）,卸売業,-,2026-08-31,1265.0,680.0,1084530.0,1565.0,476000.0,False,True,True,True,True,False
7284.T,7284,盟和産業,スタンダード（内国株式）,輸送用機器,-,2026-08-31,2605.0,1169.0,1083760.0,915.0,2922500.0,False,True,True,True,True,False
4057.T,4057,インターファクトリー,グロース（内国株式）,情報・通信業,-,2026-08-31,1469.0,360.0,1073435.0,3050.0,1296000.0,False,True,True,True,True,False
7837.T,7837,アールシーコア,スタンダード（内国株式）,その他製品,-,2026-08-31,2605.0,335.0,1072610.0,3150.0,402000.0,False,True,True,True,True,False
7865.T,7865,ピープル,スタンダード（内国株式）,その他製品,-,2026-08-31,2605.0,344.0,1072535.0,3155.0,997600.0,False,True,True,True,True,False
9969.T,9969,ショクブン,スタンダード（内国株式）,小売業,-,2026-08-31,2605.0,235.0,1068670.0,4550.0,1292500.0,False,True,True,True,True,False
9895.T,9895,コンセック,スタンダード（内国株式）,卸売業,-,2026-08-31,2605.0,1268.0,1068385.0,845.0,2789600.0,False,True,True,True,True,False
9421.T,9421,エヌジェイホールディングス,スタンダード（内国株式）,情報・通信業,-,2026-08-31,2605.0,510.0,1059180.0,2100.0,255000.0,False,True,True,True,True,False
3495.T,3495,香陵住販,スタンダード（内国株式）,不動産業,-,2026-08-31,1945.0,2298.0,1042250.0,445.0,689400.0,False,True,True,True,True,False
2291.T,2291,福留ハム,スタンダード（内国株式）,食料品,-,2026-08-31,2605.0,510.0,1041225.0,2025.0,1122000.0,False,True,True,True,True,False
6198.T,6198,キャリア,グロース（内国株式）,サービス業,-,2026-08-31,2508.0,204.0,1038625.0,5070.0,714000.0,False,True,True,True,True,False
7601.T,7601,ポプラ,スタンダード（内国株式）,小売業,-,2026-08-31,2605.0,165.0,1034420.0,6240.0,1353000.0,False,False,True,True,True,False
8138.T,8138,三京化成,スタンダード（内国株式）,卸売業,-,2026-08-28,2604.0,4240.0,1015700.0,240.0,5088000.0,False,True,True,True,True,False
9929.T,9929,平和紙業,スタンダード（内国株式）,卸売業,-,2026-08-31,2605.0,477.0,1013310.0,2160.0,1812600.0,False,True,True,True,True,False
7036.T,7036,イーエムネットジャパン,グロース（内国株式）,サービス業,-,2026-08-31,1939.0,680.0,1011140.0,1535.0,476000.0,False,True,True,True,True,False
2139.T,2139,中広,スタンダード（内国株式）,サービス業,-,2026-08-31,2605.0,530.0,1007195.0,1915.0,848000.0,False,True,True,True,True,False
3839.T,3839,ＯＤＫソリューションズ,スタンダード（内国株式）,情報・通信業,-,2026-08-31,2605.0,645.0,998035.0,1565.0,903000.0,False,True,True,True,True,False
9723.T,9723,京都ホテル,スタンダード（内国株式）,サービス業,-,2026-08-31,2605.0,634.0,996660.0,1570.0,1394800.0,False,True,True,True,True,False
5966.T,5966,京都機械工具,スタンダード（内国株式）,金属製品,-,2026-08-28,2604.0,2660.0,985820.0,375.0,266000.0,False,True,True,True,True,False
3426.T,3426,アトムリビンテック,スタンダード（内国株式）,金属製品,-,2026-08-31,2605.0,1300.0,977765.0,755.0,390000.0,False,True,True,True,True,False
5969.T,5969,ロブテックス,スタンダード（内国株式）,金属製品,-,2026-08-28,2604.0,1214.0,946670.0,785.0,0.0,False,True,True,True,True,False
4735.T,4735,京進,スタンダード（内国株式）,サービス業,-,2026-08-31,2605.0,301.0,946290.0,3125.0,722400.0,False,True,True,True,True,False
3816.T,3816,大和コンピューター,スタンダード（内国株式）,情報・通信業,-,2026-08-31,2605.0,1139.0,895425.0,795.0,1139000.0,False,True,True,True,True,False
5138.T,5138,Ｒｅｂａｓｅ,グロース（内国株式）,情報・通信業,-,2026-08-31,906.0,470.0,884005.0,1995.0,329000.0,False,True,True,True,True,False
9849.T,9849,共同紙販ホールディングス,スタンダード（内国株式）,卸売業,-,2026-08-31,2605.0,4520.0,879275.0,195.0,1356000.0,False,True,True,True,True,False
2789.T,2789,カルラ,スタンダード（内国株式）,小売業,-,2026-08-31,2605.0,478.0,875295.0,1835.0,669200.0,False,True,True,True,True,False
4920.T,4920,日本色材工業研究所,スタンダード（内国株式）,化学,-,2026-08-31,2605.0,1120.0,862025.0,765.0,1344000.0,False,True,True,True,True,False
7555.T,7555,大田花き,スタンダード（内国株式）,卸売業,-,2026-08-31,2605.0,749.0,842900.0,1135.0,1048600.0,False,True,True,True,True,False
7634.T,7634,星医療酸器,スタンダード（内国株式）,卸売業,-,2026-08-28,2604.0,5300.0,841050.0,160.0,0.0,False,True,True,True,True,False
4720.T,4720,城南進学研究社,スタンダード（内国株式）,サービス業,-,2026-08-31,2605.0,243.0,831365.0,3430.0,486000.0,False,True,True,True,True,False
9250.T,9250,ＧＲＣＳ,グロース（内国株式）,サービス業,-,2026-08-31,1169.0,973.0,826210.0,920.0,389200.0,False,True,True,True,True,False
7677.T,7677,ヤシマキザイ,スタンダード（内国株式）,卸売業,-,2026-08-31,1753.0,2730.0,819220.0,300.0,1092000.0,False,True,True,True,True,False
8143.T,8143,ラピーヌ,スタンダード（内国株式）,繊維製品,-,2026-08-31,2605.0,143.0,793485.0,5545.0,1873300.0,False,False,True,True,True,False
6186.T,6186,一蔵,スタンダード（内国株式）,サービス業,-,2026-08-31,2605.0,384.0,792865.0,2080.0,652800.0,False,True,True,True,True,False
6346.T,6346,キクカワエンタープライズ,スタンダード（内国株式）,機械,-,2026-08-31,2605.0,5720.0,784150.0,135.0,572000.0,False,True,True,True,True,False
9408.T,9408,ＢＳＮメディアホールディングス,スタンダード（内国株式）,情報・通信業,-,2026-08-28,2604.0,2670.0,765640.0,290.0,0.0,False,True,True,True,True,False
5990.T,5990,スーパーツール,スタンダード（内国株式）,金属製品,-,2026-08-31,2605.0,1945.0,759550.0,390.0,1556000.0,False,True,True,True,True,False
4650.T,4650,ＳＤエンターテイメント,スタンダード（内国株式）,サービス業,-,2026-08-31,2605.0,270.0,750130.0,2775.0,810000.0,False,True,True,True,True,False
6982.T,6982,リード,スタンダード（内国株式）,輸送用機器,-,2026-08-31,2605.0,577.0,744840.0,1285.0,1154000.0,False,True,True,True,True,False
3248.T,3248,アールエイジ,スタンダード（内国株式）,不動産業,-,2026-08-31,2605.0,890.0,735105.0,830.0,1335000.0,False,True,True,True,True,False
9445.T,9445,フォーバルテレコム,スタンダード（内国株式）,情報・通信業,-,2026-08-31,2605.0,536.0,725405.0,1350.0,1232800.0,False,True,True,True,True,False
9214.T,9214,Ｒｅｃｏｖｅｒｙ　Ｉｎｔｅｒｎａｔｉｏｎａｌ,グロース（内国株式）,サービス業,-,2026-08-31,1118.0,1280.0,717285.0,560.0,896000.0,False,True,True,True,True,False
9355.T,9355,リンコーコーポレーション,スタンダード（内国株式）,倉庫・運輸関連業,-,2026-08-31,2605.0,2260.0,708655.0,320.0,452000.0,False,True,True,True,True,False
9051.T,9051,センコン物流,スタンダード（内国株式）,陸運業,-,2026-08-31,2605.0,1330.0,681545.0,515.0,1995000.0,False,True,True,True,True,False
4102.T,4102,丸尾カルシウム,スタンダード（内国株式）,化学,-,2026-08-31,2605.0,1450.0,675345.0,465.0,2175000.0,False,True,True,True,True,False
9313.T,9313,丸八倉庫,スタンダード（内国株式）,倉庫・運輸関連業,-,2026-08-28,2604.0,1064.0,675175.0,645.0,532000.0,False,True,True,True,True,False
9012.T,9012,秩父鉄道,スタンダード（内国株式）,陸運業,-,2026-08-31,2605.0,2095.0,674585.0,320.0,209500.0,False,True,True,True,True,False
7360.T,7360,オンデック,グロース（内国株式）,サービス業,-,2026-08-31,1385.0,648.0,656915.0,1015.0,1101600.0,False,True,True,True,True,False
143A.T,143A,イシン,グロース（内国株式）,サービス業,-,2026-08-31,595.0,696.0,655415.0,945.0,696000.0,False,True,True,True,True,False
7863.T,7863,平賀,スタンダード（内国株式）,その他製品,-,2026-08-31,2605.0,958.0,632155.0,670.0,958000.0,False,True,True,True,True,False
4679.T,4679,田谷,スタンダード（内国株式）,サービス業,-,2026-08-31,2605.0,269.0,615740.0,2370.0,726300.0,False,True,True,True,True,False
4705.T,4705,クリップコーポレーション,スタンダード（内国株式）,サービス業,-,2026-08-31,2605.0,794.0,610260.0,775.0,317600.0,False,True,True,True,True,False
6558.T,6558,クックビズ,グロース（内国株式）,サービス業,-,2026-08-31,2152.0,663.0,586545.0,865.0,1392300.0,False,True,True,True,True,False
7896.T,7896,セブン工業,スタンダード（内国株式）,その他製品,-,2026-08-31,2605.0,504.0,585290.0,1155.0,604800.0,False,True,True,True,True,False
5619.T,5619,マーソ,グロース（内国株式）,情報・通信業,-,2026-08-31,656.0,865.0,542805.0,620.0,1643500.0,False,True,True,True,True,False
9361.T,9361,伏木海陸運送,スタンダード（内国株式）,倉庫・運輸関連業,-,2026-08-31,2605.0,2025.0,536730.0,260.0,405000.0,False,True,True,True,True,False
7939.T,7939,研創,スタンダード（内国株式）,その他製品,-,2026-08-31,2605.0,600.0,523065.0,865.0,540000.0,False,True,True,True,True,False
7413.T,7413,創健社,スタンダード（内国株式）,卸売業,-,2026-08-31,2605.0,2670.0,518550.0,195.0,1869000.0,False,True,True,True,True,False
9311.T,9311,アサガミ,スタンダード（内国株式）,倉庫・運輸関連業,-,2026-08-28,2604.0,7740.0,513050.0,65.0,0.0,False,True,True,True,True,False
9976.T,9976,セキチュー,スタンダード（内国株式）,小売業,-,2026-08-31,2605.0,1055.0,489850.0,465.0,105500.0,False,True,True,True,True,False
1992.T,1992,神田通信機,スタンダード（内国株式）,建設業,-,2026-08-28,2604.0,2986.0,486780.0,165.0,597200.0,False,True,True,True,True,False
4645.T,4645,市進ホールディングス,スタンダード（内国株式）,サービス業,-,2026-08-31,2605.0,435.0,475430.0,1095.0,348000.0,False,True,True,True,True,False
5025.T,5025,マーキュリー,グロース（内国株式）,情報・通信業,-,2026-08-31,1104.0,589.0,424175.0,735.0,530100.0,False,True,True,True,True,False
7857.T,7857,セキ,スタンダード（内国株式）,その他製品,-,2026-08-28,2604.0,1291.0,412585.0,320.0,0.0,False,True,True,True,True,False
7031.T,7031,インバウンドテック,グロース（内国株式）,サービス業,-,2026-08-31,1393.0,698.0,409475.0,585.0,558400.0,False,True,True,True,True,False
7689.T,7689,コパ・コーポレーション,グロース（内国株式）,卸売業,-,2026-08-31,1511.0,303.0,398085.0,1310.0,272700.0,False,True,True,True,True,False
2795.T,2795,日本プリメックス,スタンダード（内国株式）,卸売業,-,2026-08-28,2604.0,964.0,375225.0,390.0,96400.0,False,True,True,True,True,False
9635.T,9635,武蔵野興業,スタンダード（内国株式）,サービス業,-,2026-08-31,2605.0,2587.0,370540.0,145.0,258700.0,False,True,True,True,True,False
6555.T,6555,ＭＳ＆Ｃｏｎｓｕｌｔｉｎｇ,スタンダード（内国株式）,サービス業,-,2026-08-31,2190.0,429.0,348910.0,825.0,128700.0,False,True,True,True,True,False
9253.T,9253,スローガン,グロース（内国株式）,サービス業,-,2026-08-31,1165.0,736.0,330930.0,455.0,220800.0,False,True,True,True,True,False
3600.T,3600,フジックス,スタンダード（内国株式）,繊維製品,-,2026-08-31,2605.0,1720.0,305780.0,175.0,344000.0,False,True,True,True,True,False
7531.T,7531,清和中央ホールディングス,スタンダード（内国株式）,卸売業,-,2026-08-28,2604.0,1298.0,274720.0,210.0,0.0,False,True,True,True,True,False
3670.T,3670,協立情報通信,スタンダード（内国株式）,情報・通信業,-,,,,,,,False,False,False,False,False,False
4171.T,4171,グローバルインフォメーション,スタンダード（内国株式）,情報・通信業,-,,,,,,,False,False,False,False,False,False
523A.T,523A,セイワホールディングス,グロース（内国株式）,金属製品,-,,,,,,,False,False,False,False,False,False
581A.T,581A,ＧＯ,グロース（内国株式）,情報・通信業,-,,,,,,,False,False,False,False,False,False
584A.T,584A,ＬｉＮＫＸ,グロース（内国株式）,情報・通信業,-,,,,,,,False,False,False,False,False,False
589A.T,589A,ネイス,グロース（内国株式）,サービス業,-,,,,,,,False,False,False,False,False,False
593A.T,593A,ティアフォー,グロース（内国株式）,情報・通信業,-,,,,,,,False,False,False,False,False,False
598A.T,598A,チャットプラス,グロース（内国株式）,情報・通信業,-,,,,,,,False,False,False,False,False,False
603A.T,603A,アイ・グリッド・ソリューションズ,グロース（内国株式）,電気・ガス業,-,,,,,,,False,False,False,False,False,False
604A.T,604A,ビーエイブル,スタンダード（内国株式）,建設業,-,,,,,,,False,False,False,False,False,False
7851.T,7851,カワセコンピュータサプライ,スタンダード（内国株式）,その他製品,-,,,,,,,False,False,False,False,False,False
7985.T,7985,ネポン,スタンダード（内国株式）,金属製品,-,,,,,,,False,False,False,False,False,False
9914.T,9914,植松商会,スタンダード（内国株式）,卸売業,-,,,,,,,False,False,False,False,False,False
