ticker,code,name,market,sector33,size,last_date,bars,last_close,adv_jpy,adv_shares,turnover_last,ok_adv,ok_price,ok_history,ok_split,ok_fresh,passes
285A.T,285A,キオクシアホールディングス,Prime,電気機器,,2026-09-11,422.0,54030.0,1865252120800.0,34610160.0,1515600933000.0,True,True,True,True,True,True
9984.T,9984,ソフトバンクグループ,Prime,情報・通信業,,2026-09-11,2614.0,6540.0,297735263565.0,50570455.0,451531410000.0,True,True,True,True,True,True
6857.T,6857,アドバンテスト,Prime,電気機器,,2026-09-11,2614.0,31720.0,293941245200.0,8591005.0,351984152000.0,True,True,True,True,True,True
5803.T,5803,フジクラ,Prime,非鉄金属,,2026-09-11,2614.0,4982.0,266640508310.0,49723525.0,191290864800.0,True,True,True,True,True,True
6976.T,6976,太陽誘電,Prime,電気機器,,2026-09-11,2614.0,9209.0,244893168355.0,26246845.0,290034692300.0,True,True,True,True,True,True
8035.T,8035,東京エレクトロン,Prime,電気機器,,2026-09-11,2614.0,51460.0,157183055600.0,2871520.0,198259942000.0,True,True,True,True,True,True
4062.T,4062,イビデン,Prime,電気機器,,2026-09-11,2614.0,19560.0,155943106100.0,7651415.0,165458040000.0,True,True,True,True,True,True
6981.T,6981,村田製作所,Prime,電気機器,,2026-09-11,2614.0,7352.0,154034067355.0,21108200.0,173316783200.0,True,True,True,True,True,True
8306.T,8306,三菱ＵＦＪフィナンシャル・グループ,Prime,銀行業,,2026-09-11,2614.0,3661.0,133087262995.0,36571370.0,187077832200.0,True,True,True,True,True,True
5801.T,5801,古河電気工業,Prime,非鉄金属,,2026-09-11,2614.0,3981.0,101920027175.0,25779020.0,92510079900.0,True,True,True,True,True,True
6920.T,6920,レーザーテック,Prime,電気機器,,2026-09-11,2614.0,34570.0,97736976050.0,2799770.0,104066071000.0,True,True,True,True,True,True
6146.T,6146,ディスコ,Prime,機械,,2026-09-11,2614.0,51980.0,77184849650.0,1338260.0,74372984000.0,True,True,True,True,True,True
278A.T,278A,Ｔｅｒｒａ　Ｄｒｏｎｅ,Growth,精密機器,,2026-09-11,435.0,21000.0,75325856650.0,4023775.0,41905500000.0,True,True,True,True,True,True
8316.T,8316,三井住友フィナンシャルグループ,Prime,銀行業,,2026-09-11,2614.0,6911.0,75026412840.0,10934450.0,100315238300.0,True,True,True,True,True,True
7974.T,7974,任天堂,Prime,その他製品,,2026-09-11,2614.0,8093.0,72800341450.0,8386070.0,80562577800.0,True,True,True,True,True,True
7203.T,7203,トヨタ自動車,Prime,輸送用機器,,2026-09-11,2614.0,3031.0,71179086587.5,23152750.0,82692954400.0,True,True,True,True,True,True
9983.T,9983,ファーストリテイリング,Prime,小売業,,2026-09-11,2614.0,66480.0,71138763850.0,1004600.0,98024760000.0,True,True,True,True,True,True
8411.T,8411,みずほフィナンシャルグループ,Prime,銀行業,,2026-09-11,2614.0,8654.0,70720886675.0,8326570.0,95136883600.0,True,True,True,True,True,True
6098.T,6098,リクルートホールディングス,Prime,サービス業,,2026-09-11,2614.0,15500.0,67282451950.0,4088060.0,75133150000.0,True,True,True,True,True,True
5016.T,5016,ＪＸ金属,Prime,非鉄金属,,2026-09-11,364.0,3695.0,66288043970.0,17692575.0,60423226500.0,True,True,True,True,True,True
6525.T,6525,ＫＯＫＵＳＡＩ　ＥＬＥＣＴＲＩＣ,Prime,電気機器,,2026-09-11,704.0,8162.0,65304587930.0,7600480.0,62934733400.0,True,True,True,True,True,True
7011.T,7011,三菱重工業,Prime,機械,,2026-09-11,2614.0,3705.0,57872011145.0,14708560.0,50944861500.0,True,True,True,True,True,True
6758.T,6758,ソニーグループ,Prime,電気機器,,2026-09-11,2614.0,3632.0,53109093200.0,13918090.0,52562667200.0,True,True,True,True,True,True
6501.T,6501,日立製作所,Prime,電気機器,,2026-09-11,2614.0,5199.0,50840550720.0,9505660.0,50752118100.0,True,True,True,True,True,True
5706.T,5706,三井金属,Prime,非鉄金属,,2026-09-11,2614.0,23240.0,42782302250.0,1561375.0,43377460000.0,True,True,True,True,True,True
6861.T,6861,キーエンス,Prime,電気機器,,2026-09-11,2614.0,76000.0,41245227350.0,515895.0,60480800000.0,True,True,True,True,True,True
8766.T,8766,東京海上ホールディングス,Prime,保険業,,2026-09-11,2614.0,7970.0,39921159140.0,5212450.0,50845412000.0,True,True,True,True,True,True
5802.T,5802,住友電気工業,Prime,非鉄金属,,2026-09-11,2614.0,2077.5,39278497527.5,17770270.0,30287457000.0,True,True,True,True,True,True
3436.T,3436,ＳＵＭＣＯ,Prime,金属製品,,2026-09-11,2614.0,2959.0,38790553460.0,11509585.0,34304870600.0,True,True,True,True,True,True
8058.T,8058,三菱商事,Prime,卸売業,,2026-09-11,2614.0,5005.0,36963367010.0,7592370.0,48909360500.0,True,True,True,True,True,True
6723.T,6723,ルネサスエレクトロニクス,Prime,電気機器,,2026-09-11,2614.0,3192.0,36226765205.0,10642840.0,32311977600.0,True,True,True,True,True,True
4063.T,4063,信越化学工業,Prime,化学,,2026-09-11,2614.0,5738.0,35013357990.0,5898290.0,43947342000.0,True,True,True,True,True,True
5713.T,5713,住友金属鉱山,Prime,非鉄金属,,2026-09-11,2614.0,9484.0,34255843940.0,3229410.0,34005830400.0,True,True,True,True,True,True
6752.T,6752,パナソニック　ホールディングス,Prime,電気機器,,2026-09-11,2614.0,4200.0,33140458180.0,7613460.0,34128360000.0,True,True,True,True,True,True
7013.T,7013,ＩＨＩ,Prime,機械,,2026-09-11,2614.0,2665.0,31802707212.5,11689710.0,32742456500.0,True,True,True,True,True,True
8001.T,8001,伊藤忠商事,Prime,卸売業,,2026-09-11,2614.0,2294.0,31173288107.5,14388585.0,46005252400.0,True,True,True,True,True,True
6701.T,6701,日本電気,Prime,電気機器,,2026-09-11,2614.0,4536.0,30584339730.0,6472595.0,22910882400.0,True,True,True,True,True,True
6503.T,6503,三菱電機,Prime,電気機器,,2026-09-11,2614.0,5027.0,29785902900.0,5464410.0,30983914500.0,True,True,True,True,True,True
8031.T,8031,三井物産,Prime,卸売業,,2026-09-11,2614.0,5060.0,29737702305.0,5925250.0,39428026000.0,True,True,True,True,True,True
6954.T,6954,ファナック,Prime,電気機器,,2026-09-11,2614.0,5735.0,28810507670.0,4815185.0,41374584000.0,True,True,True,True,True,True
4004.T,4004,レゾナック・ホールディングス,Prime,化学,,2026-09-11,2614.0,14295.0,28751780000.0,1803580.0,41960113500.0,True,True,True,True,True,True
7012.T,7012,川崎重工業,Prime,輸送用機器,,2026-09-11,2614.0,2319.0,28429212915.0,11194700.0,26644382400.0,True,True,True,True,True,True
5401.T,5401,日本製鉄,Prime,鉄鋼,,2026-09-11,2614.0,686.4000244140625,27044681447.130432,39596765.0,16289370819.384766,True,True,True,True,True,True
7267.T,7267,本田技研工業,Prime,輸送用機器,,2026-09-11,2614.0,1664.0,26929783615.0,15928270.0,23654758400.0,True,True,True,True,True,True
3103.T,3103,ユニチカ,Prime,繊維製品,,2026-09-11,2614.0,1470.0,26812128275.0,17337420.0,6334524000.0,True,True,True,True,True,True
7936.T,7936,アシックス,Prime,その他製品,,2026-09-11,2614.0,3989.0,26774292960.0,6013315.0,20065467800.0,True,True,True,True,True,True
9104.T,9104,商船三井,Prime,海運業,,2026-09-11,2614.0,7046.0,25557405840.0,3623580.0,26190686600.0,True,True,True,True,True,True
7741.T,7741,ＨＯＹＡ,Prime,精密機器,,2026-09-11,2614.0,22690.0,25273580900.0,1036265.0,27302877000.0,True,True,True,True,True,True
7735.T,7735,ＳＣＲＥＥＮホールディングス,Prime,電気機器,,2026-09-11,2614.0,12255.0,25190309900.0,1895195.0,22680328500.0,True,True,True,True,True,True
6762.T,6762,ＴＤＫ,Prime,電気機器,,2026-09-11,2614.0,2808.5,25112932397.5,8475715.0,34225785250.0,True,True,True,True,True,True
9101.T,9101,日本郵船,Prime,海運業,,2026-09-11,2614.0,7262.0,24684902315.0,3496560.0,20122275800.0,True,True,True,True,True,True
9433.T,9433,ＫＤＤＩ,Prime,情報・通信業,,2026-09-11,2614.0,3031.0,24081698997.5,8206060.0,34928031600.0,True,True,True,True,True,True
8136.T,8136,サンリオ,Prime,卸売業,,2026-09-11,2614.0,1188.5,23635136355.0,19182710.0,17542735400.0,True,True,True,True,True,True
8308.T,8308,りそなホールディングス,Prime,銀行業,,2026-09-11,2614.0,2522.0,22956631607.5,9281910.0,34687588000.0,True,True,True,True,True,True
2914.T,2914,日本たばこ産業,Prime,食料品,,2026-09-11,2614.0,6693.0,22693090670.0,3301895.0,28703599800.0,True,True,True,True,True,True
4502.T,4502,武田薬品工業,Prime,医薬品,,2026-09-11,2614.0,5666.0,22522047130.0,3912535.0,24109396600.0,True,True,True,True,True,True
6702.T,6702,富士通,Prime,電気機器,,2026-09-11,2614.0,3749.0,22341465450.0,5923445.0,29527124000.0,True,True,True,True,True,True
9501.T,9501,東京電力ホールディングス,Prime,電気・ガス業,,2026-09-11,2614.0,540.9000244140625,22138313534.048462,40629895.0,19366330384.118652,True,True,True,True,True,True
6367.T,6367,ダイキン工業,Prime,機械,,2026-09-11,2614.0,20780.0,22001405250.0,1055530.0,25517840000.0,True,True,True,True,True,True
8725.T,8725,ＭＳ＆ＡＤインシュアランスグループホールディングス,Prime,保険業,,2026-09-11,2614.0,5091.0,20788271455.0,4128570.0,26002282500.0,True,True,True,True,True,True
8591.T,8591,オリックス,Prime,その他金融業,,2026-09-11,2614.0,6089.0,20763716525.0,3348115.0,21300539800.0,True,True,True,True,True,True
1605.T,1605,ＩＮＰＥＸ,Prime,鉱業,,2026-09-11,2614.0,3930.0,19843662150.0,5089990.0,37621497000.0,True,True,True,True,True,True
8002.T,8002,丸紅,Prime,卸売業,,2026-09-11,2614.0,5049.0,19798343170.0,3956255.0,28448590500.0,True,True,True,True,True,True
6330.T,6330,東洋エンジニアリング,Prime,建設業,,2026-09-11,2614.0,2736.0,19268175345.0,7305560.0,26086392000.0,True,True,True,True,True,True
6301.T,6301,小松製作所,Prime,機械,,2026-09-11,2614.0,7114.0,19049051950.0,2597965.0,29481838800.0,True,True,True,True,True,True
7182.T,7182,ゆうちょ銀行,Prime,銀行業,,2026-09-11,2614.0,3290.0,18415907590.0,5589675.0,22606248000.0,True,True,True,True,True,True
8053.T,8053,住友商事,Prime,卸売業,,2026-09-11,2614.0,1822.0,18286545230.0,10217215.0,23905915400.0,True,True,True,True,True,True
3382.T,3382,セブン＆アイ・ホールディングス,Prime,小売業,,2026-09-11,2614.0,2008.0,18267346672.5,9006690.0,17186070400.0,True,True,True,True,True,True
6273.T,6273,ＳＭＣ,Prime,機械,,2026-09-11,2614.0,68160.0,18215186850.0,259655.0,20816064000.0,True,True,True,True,True,True
9107.T,9107,川崎汽船,Prime,海運業,,2026-09-11,2614.0,3397.0,17939804285.0,5394035.0,18031615700.0,True,True,True,True,True,True
6506.T,6506,安川電機,Prime,電気機器,,2026-09-11,2614.0,4301.0,17183212055.0,3612560.0,22078323300.0,True,True,True,True,True,True
6361.T,6361,荏原製作所,Prime,機械,,2026-09-11,2614.0,4247.0,16930861600.0,3530395.0,15021639000.0,True,True,True,True,True,True
3110.T,3110,日東紡績,Prime,ガラス・土石製品,,2026-09-11,2614.0,2835.0,16832585010.0,5496455.0,14823931500.0,True,True,True,True,True,True
9434.T,9434,ソフトバンク,Prime,情報・通信業,,2026-09-11,1885.0,246.89999389648438,16754325284.234161,70271725.0,27548434688.986206,True,True,True,True,True,True
5711.T,5711,三菱マテリアル,Prime,非鉄金属,,2026-09-11,2614.0,5022.0,16276179675.0,2937900.0,10187127000.0,True,True,True,True,True,True
6871.T,6871,日本マイクロニクス,Prime,電気機器,,2026-09-11,2614.0,12680.0,16015569000.0,1198740.0,18629456000.0,True,True,True,True,True,True
6971.T,6971,京セラ,Prime,電気機器,,2026-09-11,2614.0,3551.0,15932275290.0,4450215.0,27741477300.0,True,True,True,True,True,True
4568.T,4568,第一三共,Prime,医薬品,,2026-09-11,2614.0,2772.0,15719156765.0,5595180.0,18513910800.0,True,True,True,True,True,True
8750.T,8750,第一生命ホールディングス,Prime,保険業,,2026-09-11,2614.0,1883.0,15479312492.5,8451345.0,18545102100.0,True,True,True,True,True,True
8630.T,8630,ＳＯＭＰＯホールディングス,Prime,保険業,,2026-09-11,2614.0,6774.0,15391551320.0,2279050.0,18456440400.0,True,True,True,True,True,True
4519.T,4519,中外製薬,Prime,医薬品,,2026-09-11,2614.0,6422.0,15294737665.0,2254155.0,19319944800.0,True,True,True,True,True,True
8015.T,8015,豊田通商,Prime,卸売業,,2026-09-11,2614.0,7553.0,15179523925.0,2032715.0,23694516300.0,True,True,True,True,True,True
5411.T,5411,ＪＦＥホールディングス,Prime,鉄鋼,,2026-09-11,2614.0,1820.0,15143111090.0,8195355.0,9591218000.0,True,True,True,True,True,True
8309.T,8309,三井住友トラストグループ,Prime,銀行業,,2026-09-11,2614.0,1767.0,14994960492.5,8541185.0,17430394800.0,True,True,True,True,True,True
6963.T,6963,ローム,Prime,電気機器,,2026-09-11,2614.0,4577.0,14980728965.0,3090100.0,19255439000.0,True,True,True,True,True,True
4901.T,4901,富士フイルムホールディングス,Prime,化学,,2026-09-11,2614.0,3225.0,14777465055.0,4526050.0,13835572500.0,True,True,True,True,True,True
2802.T,2802,味の素,Prime,食料品,,2026-09-11,2614.0,4974.0,14683140385.0,2766590.0,14622565200.0,True,True,True,True,True,True
7532.T,7532,パン・パシフィック・インターナショナルホールディングス,Prime,小売業,,2026-09-11,2614.0,726.0999755859375,14601057453.571777,18378345.0,16072368179.589844,True,True,True,True,True,True
8604.T,8604,野村ホールディングス,Prime,証券、商品先物取引業,,2026-09-11,2614.0,1664.5,14403570570.0,8975955.0,15022611850.0,True,True,True,True,True,True
8267.T,8267,イオン,Prime,小売業,,2026-09-11,2614.0,1332.5,14361359472.5,10461995.0,18856740500.0,True,True,True,True,True,True
7832.T,7832,バンダイナムコホールディングス,Prime,その他製品,,2026-09-11,2614.0,5359.0,14339210400.0,2608070.0,17588773900.0,True,True,True,True,True,True
4661.T,4661,オリエンタルランド,Prime,サービス業,,2026-09-11,2614.0,3085.0,14194606485.0,4664155.0,17325668500.0,True,True,True,True,True,True
7751.T,7751,キヤノン,Prime,電気機器,,2026-09-11,2614.0,4380.0,14119284525.0,3099345.0,14050602000.0,True,True,True,True,True,True
6305.T,6305,日立建機,Prime,機械,,2026-09-11,2614.0,5633.0,14043781985.0,2448975.0,6913944200.0,True,True,True,True,True,True
4503.T,4503,アステラス製薬,Prime,医薬品,,2026-09-11,2614.0,2240.5,13836768327.5,5886525.0,15284018850.0,True,True,True,True,True,True
6326.T,6326,クボタ,Prime,機械,,2026-09-11,2614.0,2783.0,13615992890.0,4802380.0,14085597900.0,True,True,True,True,True,True
8802.T,8802,三菱地所,Prime,不動産業,,2026-09-11,2614.0,3602.0,13455537360.0,3630740.0,12224467600.0,True,True,True,True,True,True
8473.T,8473,ＳＢＩホールディングス,Prime,証券、商品先物取引業,,2026-09-11,2614.0,3262.0,13395586905.0,4091700.0,9477741000.0,True,True,True,True,True,True
8801.T,8801,三井不動産,Prime,不動産業,,2026-09-11,2614.0,1491.0,13385179087.5,8918945.0,18143531700.0,True,True,True,True,True,True
4578.T,4578,大塚ホールディングス,Prime,医薬品,,2026-09-11,2614.0,11335.0,13146243125.0,1092870.0,19060936000.0,True,True,True,True,True,True
9503.T,9503,関西電力,Prime,電気・ガス業,,2026-09-11,2614.0,2964.5,12907162990.0,4643580.0,13691543250.0,True,True,True,True,True,True
5108.T,5108,ブリヂストン,Prime,ゴム製品,,2026-09-11,2614.0,3777.0,12880540205.0,3224765.0,20515908600.0,True,True,True,True,True,True
6902.T,6902,デンソー,Prime,輸送用機器,,2026-09-11,2614.0,1921.0,12851337462.5,6691455.0,14599984200.0,True,True,True,True,True,True
7269.T,7269,スズキ,Prime,輸送用機器,,2026-09-11,2614.0,2047.0,12817119157.5,6103650.0,15152917500.0,True,True,True,True,True,True
6178.T,6178,日本郵政,Prime,サービス業,,2026-09-11,2614.0,2469.0,12804077870.0,5237800.0,10818417300.0,True,True,True,True,True,True
4755.T,4755,楽天グループ,Prime,サービス業,,2026-09-11,2614.0,716.2999877929688,12765673794.44519,16854945.0,8717155961.444092,True,True,True,True,True,True
7201.T,7201,日産自動車,Prime,輸送用機器,,2026-09-11,2614.0,311.70001220703125,12591724359.329376,39266875.0,11155587586.883545,True,True,True,True,True,True
3350.T,3350,メタプラネット,Standard,卸売業,,2026-09-11,2614.0,249.0,12546408820.0,42554080.0,3122858400.0,True,True,True,True,True,True
7272.T,7272,ヤマハ発動機,Prime,輸送用機器,,2026-09-11,2614.0,1731.5,12437941740.0,6615790.0,12532943300.0,True,True,True,True,True,True
3563.T,3563,ＦＯＯＤ　＆　ＬＩＦＥ　ＣＯＭＰＡＮＩＥＳ,Prime,小売業,,2026-09-11,2330.0,5171.0,12408886570.0,2171000.0,11328626800.0,True,True,True,True,True,True
3659.T,3659,ネクソン,Prime,情報・通信業,,2026-09-11,2614.0,3070.0,11958820540.0,3875090.0,8428071000.0,True,True,True,True,True,True
6890.T,6890,フェローテック,Standard,電気機器,,2026-09-11,2614.0,8620.0,11859388250.0,1303515.0,9698362000.0,True,True,True,True,True,True
6526.T,6526,ソシオネクスト,Prime,電気機器,,2026-09-11,960.0,1834.5,11448588907.5,5833550.0,11052495600.0,True,True,True,True,True,True
4543.T,4543,テルモ,Prime,精密機器,,2026-09-11,2614.0,2246.0,11365854960.0,4615225.0,14779578400.0,True,True,True,True,True,True
7453.T,7453,良品計画,Prime,小売業,,2026-09-11,2614.0,4005.0,11351029485.0,2689530.0,15899850000.0,True,True,True,True,True,True
4307.T,4307,野村総合研究所,Prime,情報・通信業,,2026-09-11,2614.0,4901.0,11266525165.0,2233390.0,10637620500.0,True,True,True,True,True,True
5020.T,5020,ＥＮＥＯＳホールディングス,Prime,石油・石炭製品,,2026-09-11,2614.0,1441.0,11233008510.0,8210475.0,19757262800.0,True,True,True,True,True,True
336A.T,336A,ダイナミックマッププラットフォーム,Growth,情報・通信業,,2026-09-11,359.0,1403.0,10925849125.0,7439820.0,6469092700.0,True,True,True,True,True,True
6594.T,6594,ニデック,Prime,電気機器,,2026-09-11,2614.0,2691.0,10834294515.0,4085340.0,10625413500.0,True,True,True,True,True,True
9843.T,9843,ニトリホールディングス,Prime,小売業,,2026-09-11,2614.0,3242.0,10743157360.0,3409785.0,10763440000.0,True,True,True,True,True,True
6203.T,6203,豊和工業,Standard,機械,,2026-09-11,2614.0,2844.0,10630213500.0,4680385.0,47605147200.0,True,True,True,True,True,True
7270.T,7270,ＳＵＢＡＲＵ,Prime,輸送用機器,,2026-09-11,2614.0,2619.5,10589344370.0,4051810.0,13121861350.0,True,True,True,True,True,True
6383.T,6383,ダイフク,Prime,機械,,2026-09-11,2614.0,5429.0,10469431805.0,1808565.0,9431258800.0,True,True,True,True,True,True
4452.T,4452,花王,Prime,化学,,2026-09-11,2614.0,3387.0,10390154370.0,2940430.0,11292596700.0,True,True,True,True,True,True
2502.T,2502,アサヒグループホールディングス,Prime,食料品,,2026-09-11,2614.0,1586.5,10382882997.5,6282425.0,9102861050.0,True,True,True,True,True,True
4689.T,4689,ＬＩＮＥヤフー,Prime,情報・通信業,,2026-09-11,2614.0,544.4000244140625,10352112847.855988,19406810.0,11580695079.345703,True,True,True,True,True,True
1812.T,1812,鹿島建設,Prime,建設業,,2026-09-11,2614.0,4897.0,10235087575.0,2084065.0,13518168500.0,True,True,True,True,True,True
9020.T,9020,東日本旅客鉄道,Prime,陸運業,,2026-09-11,2614.0,3493.0,10134242365.0,2869825.0,9701108900.0,True,True,True,True,True,True
9697.T,9697,カプコン,Prime,情報・通信業,,2026-09-11,2614.0,4240.0,10071044215.0,2374160.0,8892128000.0,True,True,True,True,True,True
8830.T,8830,住友不動産,Prime,不動産業,,2026-09-11,2614.0,3211.0,10028315685.0,3028635.0,9529926900.0,True,True,True,True,True,True
7733.T,7733,オリンパス,Prime,精密機器,,2026-09-11,2614.0,1970.0,9717327480.0,4658080.0,11750656000.0,True,True,True,True,True,True
3905.T,3905,データセクション,Growth,情報・通信業,,2026-09-11,2614.0,1547.0,9624299730.0,5730235.0,2484791400.0,True,True,True,True,True,True
5334.T,5334,日本特殊陶業,Prime,ガラス・土石製品,,2026-09-11,2614.0,7205.0,9556712535.0,1173475.0,10346380000.0,True,True,True,True,True,True
9766.T,9766,コナミグループ,Prime,情報・通信業,,2026-09-11,2614.0,20730.0,9383937300.0,436155.0,15526770000.0,True,True,True,True,True,True
4684.T,4684,オービック,Prime,情報・通信業,,2026-09-11,2614.0,4893.0,9360154135.0,1911740.0,9195904200.0,True,True,True,True,True,True
6504.T,6504,富士電機,Prime,電気機器,,2026-09-11,2614.0,12650.0,9136634375.0,673625.0,8218705000.0,True,True,True,True,True,True
7003.T,7003,三井Ｅ＆Ｓ,Prime,機械,,2026-09-11,2614.0,4145.0,9120873630.0,2128290.0,8883564000.0,True,True,True,True,True,True
6479.T,6479,ミネベアミツミ,Prime,電気機器,,2026-09-11,2614.0,3391.0,9021723590.0,2656540.0,11972603700.0,True,True,True,True,True,True
4911.T,4911,資生堂,Prime,化学,,2026-09-11,2614.0,3404.0,8989195545.0,2539795.0,11556580000.0,True,True,True,True,True,True
4385.T,4385,メルカリ,Prime,情報・通信業,,2026-09-11,2016.0,3826.0,8643839255.0,1954890.0,7116360000.0,True,True,True,True,True,True
6988.T,6988,日東電工,Prime,化学,,2026-09-11,2614.0,3205.0,8632783880.0,2559555.0,11840231500.0,True,True,True,True,True,True
1801.T,1801,大成建設,Prime,建設業,,2026-09-11,2614.0,12470.0,8576664675.0,673200.0,10992305000.0,True,True,True,True,True,True
6787.T,6787,メイコー,Prime,電気機器,,2026-09-11,2614.0,19020.0,8535905200.0,461650.0,4648488000.0,True,True,True,True,True,True
9502.T,9502,中部電力,Prime,電気・ガス業,,2026-09-11,2614.0,2992.0,8490026670.0,2907865.0,12264507200.0,True,True,True,True,True,True
7261.T,7261,マツダ,Prime,輸送用機器,,2026-09-11,2614.0,1140.0,8424083905.0,7131400.0,6575292000.0,True,True,True,True,True,True
7014.T,7014,名村造船所,Standard,輸送用機器,,2026-09-11,2614.0,4580.0,8322882225.0,1783015.0,11057952000.0,True,True,True,True,True,True
4392.T,4392,ＦＩＧ,Prime,情報・通信業,,2026-09-11,2007.0,980.0,8296228015.0,6992675.0,1206282000.0,True,True,True,True,True,True
9022.T,9022,東海旅客鉄道,Prime,陸運業,,2026-09-11,2614.0,3797.0,8263832445.0,2122605.0,8641212600.0,True,True,True,True,True,True
1925.T,1925,大和ハウス工業,Prime,建設業,,2026-09-11,2614.0,4598.0,8236081225.0,1763125.0,8818504200.0,True,True,True,True,True,True
6315.T,6315,ＴＯＷＡ,Prime,機械,,2026-09-11,2614.0,2116.0,8202237375.0,3582745.0,8552660400.0,True,True,True,True,True,True
8601.T,8601,大和証券グループ本社,Prime,証券、商品先物取引業,,2026-09-11,2614.0,1842.0,8198547632.5,4506085.0,7658483400.0,True,True,True,True,True,True
2503.T,2503,キリンホールディングス,Prime,食料品,,2026-09-11,2614.0,2775.0,8174853832.5,2758975.0,8594452500.0,True,True,True,True,True,True
7911.T,7911,ＴＯＰＰＡＮホールディングス,Prime,その他製品,,2026-09-11,2614.0,4725.0,8001758505.0,1581760.0,10686060000.0,True,True,True,True,True,True
6532.T,6532,ベイカレント,Prime,サービス業,,2026-09-11,2470.0,7337.0,7923751065.0,1030330.0,7488875900.0,True,True,True,True,True,True
4588.T,4588,オンコリスバイオファーマ,Growth,医薬品,,2026-09-11,2614.0,5740.0,7746399925.0,1718265.0,9978416000.0,True,True,True,True,True,True
6645.T,6645,オムロン,Prime,電気機器,,2026-09-11,2614.0,6003.0,7703749775.0,1203660.0,9117956700.0,True,True,True,True,True,True
1928.T,1928,積水ハウス,Prime,建設業,,2026-09-11,2614.0,3361.0,7699847865.0,2263740.0,10787129500.0,True,True,True,True,True,True
4005.T,4005,住友化学,Prime,化学,,2026-09-11,2614.0,558.5,7621078341.984558,13279045.0,7300879550.0,True,True,True,True,True,True
5333.T,5333,日本碍子,Prime,ガラス・土石製品,,2026-09-11,2614.0,5001.0,7596058885.0,1424945.0,10782656100.0,True,True,True,True,True,True
1802.T,1802,大林組,Prime,建設業,,2026-09-11,2614.0,3012.0,7539019205.0,2505715.0,10079356800.0,True,True,True,True,True,True
8697.T,8697,日本取引所グループ,Prime,その他金融業,,2026-09-11,2614.0,2210.5,7533332032.5,3390995.0,7364280750.0,True,True,True,True,True,True
2413.T,2413,エムスリー,Prime,サービス業,,2026-09-11,2614.0,1690.0,7533098560.0,4313855.0,6289673000.0,True,True,True,True,True,True
9735.T,9735,セコム,Prime,サービス業,,2026-09-11,2614.0,6336.0,7437277090.0,1162845.0,11559398400.0,True,True,True,True,True,True
7966.T,7966,リンテック,Prime,その他製品,,2026-09-11,2614.0,5160.0,7411937250.0,1380675.0,3164628000.0,True,True,True,True,True,True
8795.T,8795,Ｔ＆Ｄホールディングス,Prime,保険業,,2026-09-11,2614.0,4929.0,7402592405.0,1528635.0,7798170900.0,True,True,True,True,True,True
3099.T,3099,三越伊勢丹ホールディングス,Prime,小売業,,2026-09-11,2614.0,3151.0,7386329280.0,2194745.0,6889976600.0,True,True,True,True,True,True
5019.T,5019,出光興産,Prime,石油・石炭製品,,2026-09-11,2614.0,1648.0,7272479285.0,4923410.0,12222062400.0,True,True,True,True,True,True
7186.T,7186,横浜フィナンシャルグループ,Prime,銀行業,,2026-09-11,2574.0,1899.0,7232784075.0,3792435.0,10715297400.0,True,True,True,True,True,True
5201.T,5201,ＡＧＣ,Prime,ガラス・土石製品,,2026-09-11,2614.0,5537.0,7199939160.0,1263600.0,7635523000.0,True,True,True,True,True,True
1803.T,1803,清水建設,Prime,建設業,,2026-09-11,2614.0,2360.0,7189183987.5,3000955.0,10412556000.0,True,True,True,True,True,True
4751.T,4751,サイバーエージェント,Prime,サービス業,,2026-09-11,2614.0,1231.5,7174957155.0,5565870.0,6065630100.0,True,True,True,True,True,True
6613.T,6613,ＱＤレーザ,Growth,電気機器,,2026-09-11,1370.0,1964.0,7154987715.0,3349770.0,2425343600.0,True,True,True,True,True,True
8331.T,8331,千葉銀行,Prime,銀行業,,2026-09-11,2614.0,2729.0,7094786757.5,2552755.0,16689199500.0,True,True,True,True,True,True
3407.T,3407,旭化成,Prime,化学,,2026-09-11,2614.0,1552.0,7079091750.0,4355480.0,7080689600.0,True,True,True,True,True,True
5838.T,5838,楽天銀行,Prime,銀行業,,2026-09-11,830.0,6396.0,7041795795.0,1105880.0,8571919200.0,True,True,True,True,True,True
4507.T,4507,塩野義製薬,Prime,医薬品,,2026-09-11,2614.0,2827.0,7016797635.0,2417265.0,9511158800.0,True,True,True,True,True,True
4182.T,4182,三菱瓦斯化学,Prime,化学,,2026-09-11,2614.0,3809.0,6974032515.0,1792930.0,6027742500.0,True,True,True,True,True,True
4188.T,4188,三菱ケミカルグループ,Prime,化学,,2026-09-11,2614.0,1156.5,6938508340.0,5813575.0,6527979900.0,True,True,True,True,True,True
4704.T,4704,トレンドマイクロ,Prime,情報・通信業,,2026-09-11,2614.0,5813.0,6829930830.0,1204735.0,6677393100.0,True,True,True,True,True,True
6269.T,6269,三井海洋開発,Prime,機械,,2026-09-11,2614.0,8995.0,6641508145.0,684340.0,7545905500.0,True,True,True,True,True,True
2768.T,2768,双日,Prime,卸売業,,2026-09-11,2614.0,5739.0,6611562895.0,1161890.0,7130133600.0,True,True,True,True,True,True
5831.T,5831,しずおかフィナンシャルグループ,Prime,銀行業,,2026-09-11,966.0,3551.0,6602915660.0,1854235.0,8881051000.0,True,True,True,True,True,True
6324.T,6324,ハーモニック・ドライブ・システムズ,Standard,機械,,2026-09-11,2614.0,5790.0,6593277250.0,1141455.0,12860169000.0,True,True,True,True,True,True
9024.T,9024,西武ホールディングス,Prime,陸運業,,2026-09-11,2614.0,3507.0,6577275180.0,1914280.0,3793521900.0,True,True,True,True,True,True
5631.T,5631,日本製鋼所,Prime,機械,,2026-09-11,2614.0,6966.0,6396478025.0,860420.0,10954731600.0,True,True,True,True,True,True
9202.T,9202,ＡＮＡホールディングス,Prime,空運業,,2026-09-11,2614.0,2935.0,6343201285.0,2108625.0,7495696500.0,True,True,True,True,True,True
5105.T,5105,ＴＯＹＯ　ＴＩＲＥ,Prime,ゴム製品,,2026-09-11,2614.0,3693.0,6340840425.0,1705170.0,11081585100.0,True,True,True,True,True,True
3038.T,3038,神戸物産,Prime,卸売業,,2026-09-11,2614.0,2965.5,6241863845.0,2125850.0,8674384050.0,True,True,True,True,True,True
9706.T,9706,日本空港ビルデング,Prime,不動産業,,2026-09-11,2614.0,5409.0,6226049965.0,1094795.0,5017929300.0,True,True,True,True,True,True
2801.T,2801,キッコーマン,Prime,食料品,,2026-09-11,2614.0,1671.0,6156509230.0,3454545.0,8030826000.0,True,True,True,True,True,True
7747.T,7747,朝日インテック,Prime,精密機器,,2026-09-11,2614.0,3190.0,6084191320.0,1618625.0,4624862000.0,True,True,True,True,True,True
5101.T,5101,横浜ゴム,Prime,ゴム製品,,2026-09-11,2614.0,6764.0,6070406785.0,839225.0,6754530400.0,True,True,True,True,True,True
6481.T,6481,ＴＨＫ,Prime,機械,,2026-09-11,2614.0,5874.0,6063049055.0,920690.0,7141609200.0,True,True,True,True,True,True
7202.T,7202,いすゞ自動車,Prime,輸送用機器,,2026-09-11,2614.0,2190.0,6010886365.0,2707420.0,5930301000.0,True,True,True,True,True,True
9147.T,9147,ＮＩＰＰＯＮ　ＥＸＰＲＥＳＳホールディングス,Prime,陸運業,,2026-09-11,1148.0,5402.0,5996671080.0,1071155.0,6464573400.0,True,True,True,True,True,True
7729.T,7729,東京精密,Prime,精密機器,,2026-09-11,2614.0,16285.0,5930111450.0,338150.0,4338324000.0,True,True,True,True,True,True
9531.T,9531,東京瓦斯,Prime,電気・ガス業,,2026-09-11,2614.0,6275.0,5928152455.0,962445.0,6472035000.0,True,True,True,True,True,True
4506.T,4506,住友ファーマ,Prime,医薬品,,2026-09-11,2614.0,1527.0,5795970760.0,3781530.0,5209665900.0,True,True,True,True,True,True
5332.T,5332,ＴＯＴＯ,Prime,ガラス・土石製品,,2026-09-11,2614.0,5773.0,5788507875.0,941425.0,6154595300.0,True,True,True,True,True,True
7550.T,7550,ゼンショーホールディングス,Prime,小売業,,2026-09-11,2614.0,11235.0,5760307875.0,495040.0,5984884500.0,True,True,True,True,True,True
8050.T,8050,セイコーグループ,Prime,精密機器,,2026-09-11,2614.0,8920.0,5753564500.0,549285.0,7607868000.0,True,True,True,True,True,True
6141.T,6141,ＤＭＧ森精機,Prime,機械,,2026-09-11,2614.0,2764.5,5720226837.5,1919985.0,4154767050.0,True,True,True,True,True,True
1911.T,1911,住友林業,Prime,建設業,,2026-09-11,2614.0,1218.0,5714222120.0,4388630.0,11404134000.0,True,True,True,True,True,True
6728.T,6728,アルバック,Prime,電気機器,,2026-09-11,2614.0,6910.0,5611281630.0,744995.0,3193111000.0,True,True,True,True,True,True
9021.T,9021,西日本旅客鉄道,Prime,陸運業,,2026-09-11,2614.0,2998.0,5605317567.5,1885930.0,6104527600.0,True,True,True,True,True,True
4186.T,4186,東京応化工業,Prime,化学,,2026-09-11,2614.0,8054.0,5580543490.0,653455.0,7202692200.0,True,True,True,True,True,True
9201.T,9201,日本航空,Prime,空運業,,2026-09-11,2614.0,2964.0,5421394590.0,1808480.0,6933092400.0,True,True,True,True,True,True
6841.T,6841,横河電機,Prime,電気機器,,2026-09-11,2614.0,4568.0,5419763320.0,1099195.0,5847496800.0,True,True,True,True,True,True
6113.T,6113,アマダ,Prime,機械,,2026-09-11,2614.0,2338.5,5414882480.0,2134060.0,7249116150.0,True,True,True,True,True,True
4203.T,4203,住友ベークライト,Prime,化学,,2026-09-11,2614.0,7588.0,5394241900.0,730190.0,7119820400.0,True,True,True,True,True,True
6965.T,6965,浜松ホトニクス,Prime,電気機器,,2026-09-11,2614.0,2193.0,5357920247.5,2290145.0,4201130100.0,True,True,True,True,True,True
5714.T,5714,ＤＯＷＡホールディングス,Prime,非鉄金属,,2026-09-11,2614.0,8885.0,5350727100.0,548340.0,4311890500.0,True,True,True,True,True,True
7826.T,7826,フルヤ金属,Prime,その他製品,,2026-09-11,2614.0,10330.0,5348528050.0,543095.0,6333323000.0,True,True,True,True,True,True
9602.T,9602,東宝,Prime,情報・通信業,,2026-09-11,2614.0,1613.0,5321903342.5,3392785.0,4227189100.0,True,True,True,True,True,True
4523.T,4523,エーザイ,Prime,医薬品,,2026-09-11,2614.0,4658.0,5309716055.0,1114455.0,6409408000.0,True,True,True,True,True,True
7259.T,7259,アイシン,Prime,輸送用機器,,2026-09-11,2614.0,2230.5,5255840670.0,2352485.0,7221020700.0,True,True,True,True,True,True
6590.T,6590,芝浦メカトロニクス,Prime,電気機器,,2026-09-11,2614.0,3790.0,5243094050.0,1297435.0,5193816000.0,True,True,True,True,True,True
5344.T,5344,ＭＡＲＵＷＡ,Prime,ガラス・土石製品,,2026-09-11,2614.0,54460.0,5210458100.0,94325.0,4209758000.0,True,True,True,True,True,True
8593.T,8593,三菱ＨＣキャピタル,Prime,その他金融業,,2026-09-11,2614.0,1382.0,5206052170.0,3738125.0,5358981400.0,True,True,True,True,True,True
7762.T,7762,シチズン時計,Prime,精密機器,,2026-09-11,2614.0,2210.0,5204548205.0,2007070.0,4568070000.0,True,True,True,True,True,True
9532.T,9532,大阪瓦斯,Prime,電気・ガス業,,2026-09-11,2614.0,6039.0,5192913490.0,903725.0,8171370900.0,True,True,True,True,True,True
8304.T,8304,あおぞら銀行,Prime,銀行業,,2026-09-11,2614.0,3457.0,5106334535.0,1508385.0,4352017300.0,True,True,True,True,True,True
6227.T,6227,ＡＩメカテック,Standard,機械,,2026-09-11,1253.0,5800.0,5081575650.0,813295.0,6361440000.0,True,True,True,True,True,True
3402.T,3402,東レ,Prime,繊維製品,,2026-09-11,2614.0,1237.0,5070862857.5,3982330.0,5808828300.0,True,True,True,True,True,True
9506.T,9506,東北電力,Prime,電気・ガス業,,2026-09-11,2614.0,1417.5,5036306532.5,3717255.0,7354840500.0,True,True,True,True,True,True
6134.T,6134,ＦＵＪＩ,Prime,機械,,2026-09-11,2614.0,6705.0,4999734340.0,699495.0,10393420500.0,True,True,True,True,True,True
3778.T,3778,さくらインターネット,Prime,情報・通信業,,2026-09-11,2614.0,3660.0,4997023525.0,1312330.0,2942640000.0,True,True,True,True,True,True
7309.T,7309,シマノ,Prime,輸送用機器,,2026-09-11,2614.0,17915.0,4996294650.0,258075.0,6159177000.0,True,True,True,True,True,True
6869.T,6869,シスメックス,Prime,電気機器,,2026-09-11,2614.0,1786.5,4983340477.5,2620755.0,5355212400.0,True,True,True,True,True,True
5805.T,5805,ＳＷＣＣ,Prime,非鉄金属,,2026-09-11,2614.0,13600.0,4978697650.0,352425.0,3799840000.0,True,True,True,True,True,True
6323.T,6323,ローツェ,Prime,機械,,2026-09-11,2614.0,3464.0,4968841985.0,1269900.0,5429127200.0,True,True,True,True,True,True
6448.T,6448,ブラザー工業,Prime,電気機器,,2026-09-11,2614.0,4363.0,4855420940.0,1040905.0,5625215900.0,True,True,True,True,True,True
3086.T,3086,Ｊ．フロント　リテイリング,Prime,小売業,,2026-09-11,2614.0,2607.0,4801505747.5,1682375.0,3197224800.0,True,True,True,True,True,True
4021.T,4021,日産化学,Prime,化学,,2026-09-11,2614.0,7878.0,4790050080.0,596975.0,6297673200.0,True,True,True,True,True,True
4183.T,4183,三井化学,Prime,化学,,2026-09-11,2614.0,2097.0,4735967752.5,2162820.0,4379794200.0,True,True,True,True,True,True
1878.T,1878,大東建託,Prime,不動産業,,2026-09-11,2614.0,3298.0,4689344400.0,1420255.0,5112229800.0,True,True,True,True,True,True
186A.T,186A,アストロスケールホールディングス,Growth,サービス業,,2026-09-11,556.0,1010.0,4573962005.0,4007255.0,2744271000.0,True,True,True,True,True,True
6370.T,6370,栗田工業,Prime,機械,,2026-09-11,2614.0,7366.0,4564203120.0,576730.0,4930800400.0,True,True,True,True,True,True
1944.T,1944,きんでん,Prime,建設業,,2026-09-11,2614.0,6756.0,4547996870.0,655620.0,3496230000.0,True,True,True,True,True,True
2269.T,2269,明治ホールディングス,Prime,食料品,,2026-09-11,2614.0,4257.0,4545490845.0,1036220.0,4492412100.0,True,True,True,True,True,True
4082.T,4082,第一稀元素化学工業,Prime,化学,,2026-09-11,2614.0,2407.0,4536553130.0,1657120.0,806826400.0,True,True,True,True,True,True
8354.T,8354,ふくおかフィナンシャルグループ,Prime,銀行業,,2026-09-11,2614.0,7827.0,4525837525.0,584455.0,8804592300.0,True,True,True,True,True,True
8113.T,8113,ユニ・チャーム,Prime,化学,,2026-09-11,2614.0,951.5,4518528202.727051,4621105.0,4796987250.0,True,True,True,True,True,True
6302.T,6302,住友重機械工業,Prime,機械,,2026-09-11,2614.0,5526.0,4483826680.0,782330.0,4834144800.0,True,True,True,True,True,True
6806.T,6806,ヒロセ電機,Prime,電気機器,,2026-09-11,2614.0,24065.0,4455545500.0,176010.0,4249879000.0,True,True,True,True,True,True
4980.T,4980,デクセリアルズ,Prime,化学,,2026-09-11,2614.0,2865.0,4449716557.5,1501485.0,5162443500.0,True,True,True,True,True,True
6724.T,6724,セイコーエプソン,Prime,電気機器,,2026-09-11,2614.0,3050.0,4448706400.0,1426965.0,5620235000.0,True,True,True,True,True,True
6856.T,6856,堀場製作所,Prime,電気機器,,2026-09-11,2614.0,21490.0,4440430175.0,191615.0,5501440000.0,True,True,True,True,True,True
7167.T,7167,めぶきフィナンシャルグループ,Prime,銀行業,,2026-09-11,2614.0,1670.0,4406226655.0,2635420.0,6746299000.0,True,True,True,True,True,True
268A.T,268A,リガク・ホールディングス,Prime,精密機器,,2026-09-11,459.0,1591.0,4393642930.0,2610720.0,2722837400.0,True,True,True,True,True,True
9962.T,9962,ミスミグループ本社,Prime,卸売業,,2026-09-11,2614.0,3447.0,4357351435.0,1185365.0,5457979800.0,True,True,True,True,True,True
2587.T,2587,サントリー食品インターナショナル,Prime,食料品,,2026-09-11,2614.0,4456.0,4352323380.0,962530.0,3890533600.0,True,True,True,True,True,True
8233.T,8233,高島屋,Prime,小売業,,2026-09-11,2614.0,2099.5,4320259995.0,1888400.0,4592656250.0,True,True,True,True,True,True
3697.T,3697,ＳＨＩＦＴ,Prime,情報・通信業,,2026-09-11,2614.0,834.5,4306984297.185059,4745180.0,3435636500.0,True,True,True,True,True,True
5844.T,5844,京都フィナンシャルグループ,Prime,銀行業,,2026-09-11,2614.0,4815.0,4279755455.0,875690.0,6541177500.0,True,True,True,True,True,True
6522.T,6522,アスタリスク,Growth,電気機器,,2026-09-11,1212.0,1458.0,4274230775.0,2311760.0,837183600.0,True,True,True,True,True,True
9508.T,9508,九州電力,Prime,電気・ガス業,,2026-09-11,2614.0,2179.5,4273656202.5,2066275.0,6366319500.0,True,True,True,True,True,True
9412.T,9412,スカパーＪＳＡＴホールディングス,Prime,情報・通信業,,2026-09-11,2614.0,1916.0,4200430775.0,1976415.0,2763830000.0,True,True,True,True,True,True
4151.T,4151,協和キリン,Prime,医薬品,,2026-09-11,2614.0,2191.5,4194805805.0,1718440.0,3994666200.0,True,True,True,True,True,True
1942.T,1942,関電工,Prime,建設業,,2026-09-11,2614.0,5433.0,4191381275.0,753150.0,2631201900.0,True,True,True,True,True,True
4440.T,4440,ヴィッツ,Standard,情報・通信業,,2026-09-11,1812.0,2624.0,4175042010.0,2064260.0,15134969600.0,True,True,True,True,True,True
7912.T,7912,大日本印刷,Prime,その他製品,,2026-09-11,2614.0,3029.0,4132335570.0,1321530.0,5073877900.0,True,True,True,True,True,True
4324.T,4324,電通グループ,Prime,サービス業,,2026-09-11,2614.0,3577.0,4114413690.0,1144210.0,4013394000.0,True,True,True,True,True,True
5110.T,5110,住友ゴム工業,Prime,ゴム製品,,2026-09-11,2614.0,1996.5,4103686042.5,1902665.0,4037122650.0,True,True,True,True,True,True
2702.T,2702,日本マクドナルドホールディングス,Standard,小売業,,2026-09-11,2614.0,8030.0,4096639600.0,508115.0,3573350000.0,True,True,True,True,True,True
6268.T,6268,ナブテスコ,Prime,機械,,2026-09-11,2614.0,4438.0,4074784245.0,895825.0,4336813600.0,True,True,True,True,True,True
6586.T,6586,マキタ,Prime,機械,,2026-09-11,2614.0,5256.0,4052727180.0,770640.0,5101999200.0,True,True,True,True,True,True
7211.T,7211,三菱自動車工業,Prime,輸送用機器,,2026-09-11,2614.0,368.0,4015296430.1509094,10908835.0,3002916800.0,True,True,True,True,True,True
6952.T,6952,カシオ計算機,Prime,電気機器,,2026-09-11,2614.0,2004.5,3996082145.0,1730180.0,3284974600.0,True,True,True,True,True,True
4768.T,4768,大塚商会,Prime,情報・通信業,,2026-09-11,2614.0,3528.0,3971473695.0,1121770.0,4841121600.0,True,True,True,True,True,True
7752.T,7752,リコー,Prime,電気機器,,2026-09-11,2614.0,1579.0,3962518375.0,2418110.0,3385218100.0,True,True,True,True,True,True
5076.T,5076,インフロニア・ホールディングス,Prime,建設業,,2026-09-11,1211.0,2768.0,3961307147.5,1423070.0,4463123200.0,True,True,True,True,True,True
9684.T,9684,スクウェア・エニックス・ホールディングス,Prime,情報・通信業,,2026-09-11,2614.0,2881.0,3925482352.5,1323725.0,3250632300.0,True,True,True,True,True,True
3088.T,3088,マツキヨココカラ＆カンパニー,Prime,小売業,,2026-09-11,2614.0,2473.5,3923846542.5,1532900.0,4857706650.0,True,True,True,True,True,True
7181.T,7181,かんぽ生命保険,Prime,保険業,,2026-09-11,2614.0,1767.5,3894280600.0,2299030.0,4982582500.0,True,True,True,True,True,True
3994.T,3994,マネーフォワード,Prime,情報・通信業,,2026-09-11,2203.0,5941.0,3818937780.0,610060.0,2235598300.0,True,True,True,True,True,True
6855.T,6855,日本電子材料,Standard,電気機器,,2026-09-11,2614.0,6490.0,3765333600.0,566445.0,3359224000.0,True,True,True,True,True,True
9005.T,9005,東急,Prime,陸運業,,2026-09-11,2614.0,1672.0,3704933307.5,2240650.0,4438825600.0,True,True,True,True,True,True
4612.T,4612,日本ペイントホールディングス,Prime,化学,,2026-09-11,2614.0,1097.0,3688328820.0,3147120.0,3897531300.0,True,True,True,True,True,True
2737.T,2737,トーメンデバイス,Prime,卸売業,,2026-09-11,2614.0,34800.0,3624373900.0,111815.0,4938120000.0,True,True,True,True,True,True
2875.T,2875,東洋水産,Prime,食料品,,2026-09-11,2614.0,10005.0,3608613500.0,347415.0,4822410000.0,True,True,True,True,True,True
6674.T,6674,ジーエス・ユアサ　コーポレーション,Prime,電気機器,,2026-09-11,2614.0,4962.0,3570673465.0,684420.0,3007468200.0,True,True,True,True,True,True
4812.T,4812,電通総研,Prime,情報・通信業,,2026-09-11,2614.0,2859.0,3563447735.0,1250070.0,2320650300.0,True,True,True,True,True,True
4204.T,4204,積水化学工業,Prime,化学,,2026-09-11,2614.0,2473.5,3552722075.0,1369720.0,4392441300.0,True,True,True,True,True,True
1963.T,1963,日揮ホールディングス,Prime,建設業,,2026-09-11,2614.0,2312.0,3539945600.0,1519425.0,4592556800.0,True,True,True,True,True,True
3197.T,3197,すかいらーくホールディングス,Prime,小売業,,2026-09-11,2614.0,3301.0,3520949075.0,1057525.0,2978162200.0,True,True,True,True,True,True
5830.T,5830,いよぎんホールディングス,Prime,銀行業,,2026-09-11,966.0,3816.0,3516976065.0,900685.0,5027961600.0,True,True,True,True,True,True
2897.T,2897,日清食品ホールディングス,Prime,食料品,,2026-09-11,2614.0,2937.5,3483494760.0,1168700.0,4205031250.0,True,True,True,True,True,True
6770.T,6770,アルプスアルパイン,Prime,電気機器,,2026-09-11,2614.0,2216.0,3478847855.0,1576490.0,4288403200.0,True,True,True,True,True,True
3064.T,3064,ＭｏｎｏｔａＲＯ,Prime,小売業,,2026-09-11,2614.0,1906.5,3459721637.5,1850320.0,3271363350.0,True,True,True,True,True,True
3769.T,3769,ＧＭＯペイメントゲートウェイ,Prime,情報・通信業,,2026-09-11,2614.0,8293.0,3459158490.0,383925.0,2375944500.0,True,True,True,True,True,True
4528.T,4528,小野薬品工業,Prime,医薬品,,2026-09-11,2614.0,2320.0,3457236247.5,1417885.0,3821968000.0,True,True,True,True,True,True
2282.T,2282,日本ハム,Prime,食料品,,2026-09-11,2614.0,6247.0,3454418280.0,550800.0,5035082000.0,True,True,True,True,True,True
3289.T,3289,東急不動産ホールディングス,Prime,不動産業,,2026-09-11,2614.0,1285.5,3430825162.5,2596145.0,3459537600.0,True,True,True,True,True,True
4088.T,4088,エア・ウォーター,Prime,化学,,2026-09-11,2614.0,2990.0,3420455295.0,1218270.0,2607878000.0,True,True,True,True,True,True
3231.T,3231,野村不動産ホールディングス,Prime,不動産業,,2026-09-11,2614.0,902.0,3401744837.1990967,3681545.0,4736492200.0,True,True,True,True,True,True
5406.T,5406,神戸製鋼所,Prime,鉄鋼,,2026-09-11,2614.0,2021.0,3398179565.0,1675275.0,3346573900.0,True,True,True,True,True,True
4631.T,4631,ＤＩＣ,Prime,化学,,2026-09-11,2614.0,4612.0,3396860490.0,674350.0,2727998000.0,True,True,True,True,True,True
4052.T,4052,フィーチャ,Growth,情報・通信業,,2026-09-11,1519.0,1118.0,3363098065.0,3711900.0,12103803400.0,True,True,True,True,True,True
6508.T,6508,明電舎,Prime,電気機器,,2026-09-11,2614.0,10320.0,3354106000.0,294735.0,2106312000.0,True,True,True,True,True,True
2160.T,2160,ジーエヌアイグループ,Growth,医薬品,,2026-09-11,2614.0,2897.0,3326647000.0,1179060.0,2279939000.0,True,True,True,True,True,True
2267.T,2267,ヤクルト本社,Prime,食料品,,2026-09-11,2614.0,2816.0,3285255280.0,1147595.0,2636057600.0,True,True,True,True,True,True
9042.T,9042,阪急阪神ホールディングス,Prime,陸運業,,2026-09-11,2614.0,4617.0,3274494490.0,698155.0,3507996600.0,True,True,True,True,True,True
3003.T,3003,ヒューリック,Prime,不動産業,,2026-09-11,2614.0,1740.5,3270119117.5,1850230.0,3774274250.0,True,True,True,True,True,True
6754.T,6754,アンリツ,Prime,電気機器,,2026-09-11,2614.0,3139.0,3265234445.0,982835.0,3416487600.0,True,True,True,True,True,True
5985.T,5985,サンコール,Standard,金属製品,,2026-09-11,2614.0,2120.0,3252501790.0,1431085.0,1145860000.0,True,True,True,True,True,True
4527.T,4527,ロート製薬,Prime,医薬品,,2026-09-11,2614.0,2788.0,3239150015.0,1102050.0,2506133200.0,True,True,True,True,True,True
8377.T,8377,ほくほくフィナンシャルグループ,Prime,銀行業,,2026-09-11,2614.0,8250.0,3229763655.0,393505.0,4131600000.0,True,True,True,True,True,True
5938.T,5938,ＬＩＸＩＬ,Prime,金属製品,,2026-09-11,2614.0,1717.0,3225877495.0,1845705.0,4906155800.0,True,True,True,True,True,True
4180.T,4180,Ａｐｐｉｅｒ　Ｇｒｏｕｐ,Prime,情報・通信業,,2026-09-11,1335.0,1420.0,3211440520.0,2358190.0,1879512000.0,True,True,True,True,True,True
7701.T,7701,島津製作所,Prime,精密機器,,2026-09-11,2614.0,3742.0,3174452055.0,803625.0,5328982200.0,True,True,True,True,True,True
3626.T,3626,ＴＩＳ,Prime,情報・通信業,,2026-09-11,2614.0,3882.0,3165109735.0,814070.0,3686347200.0,True,True,True,True,True,True
5214.T,5214,日本電気硝子,Prime,ガラス・土石製品,,2026-09-11,2614.0,4802.0,3162178810.0,660350.0,2629095000.0,True,True,True,True,True,True
8253.T,8253,クレディセゾン,Prime,その他金融業,,2026-09-11,2614.0,4595.0,3149606660.0,676025.0,3792253500.0,True,True,True,True,True,True
215A.T,215A,タイミー,Growth,サービス業,,2026-09-11,520.0,1300.0,3146692230.0,2015230.0,14738100000.0,True,True,True,True,True,True
8359.T,8359,八十二銀行,Prime,銀行業,,2026-09-11,2614.0,2703.5,3141487782.5,1173430.0,4442391200.0,True,True,True,True,True,True
9435.T,9435,光通信,Prime,情報・通信業,,2026-09-11,2614.0,37680.0,3094396050.0,79150.0,2498184000.0,True,True,True,True,True,True
3391.T,3391,ツルハホールディングス,Prime,小売業,,2026-09-11,2614.0,2245.0,3091184385.0,1328260.0,3117182500.0,True,True,True,True,True,True
4478.T,4478,フリー,Growth,情報・通信業,,2026-09-11,1645.0,3850.0,3085353725.0,787645.0,1717485000.0,True,True,True,True,True,True
8252.T,8252,丸井グループ,Prime,小売業,,2026-09-11,2614.0,2852.5,3077894500.0,1049390.0,3996923000.0,True,True,True,True,True,True
5301.T,5301,東海カーボン,Prime,ガラス・土石製品,,2026-09-11,2614.0,1987.5,3067395295.0,1665775.0,5915197500.0,True,True,True,True,True,True
4667.T,4667,アイサンテクノロジー,Standard,情報・通信業,,2026-09-11,2614.0,3635.0,3065038940.0,931140.0,8972634000.0,True,True,True,True,True,True
6407.T,6407,ＣＫＤ,Prime,機械,,2026-09-11,2614.0,5060.0,3064951550.0,555775.0,1999712000.0,True,True,True,True,True,True
2181.T,2181,パーソルホールディングス,Prime,サービス業,,2026-09-11,2614.0,284.1000061035156,3064923001.4997864,10475990.0,2927196002.886963,True,True,True,True,True,True
7731.T,7731,ニコン,Prime,精密機器,,2026-09-11,2614.0,1702.5,3039591262.5,1604665.0,3332984250.0,True,True,True,True,True,True
6278.T,6278,ユニオンツール,Prime,機械,,2026-09-11,2614.0,12530.0,3033444200.0,212635.0,2890671000.0,True,True,True,True,True,True
6460.T,6460,セガサミーホールディングス,Prime,機械,,2026-09-11,2614.0,3194.0,3012361640.0,991040.0,3939799000.0,True,True,True,True,True,True
5857.T,5857,ＡＲＥホールディングス,Prime,非鉄金属,,2026-09-11,2614.0,3555.0,2989947975.0,773820.0,1904769000.0,True,True,True,True,True,True
8334.T,8334,群馬銀行,Prime,銀行業,,2026-09-11,2614.0,2891.0,2980743112.5,1060985.0,5570667900.0,True,True,True,True,True,True
1515.T,1515,日鉄鉱業,Prime,鉱業,,2026-09-11,2614.0,3340.0,2971558000.0,824550.0,2807270000.0,True,True,True,True,True,True
6368.T,6368,オルガノ,Prime,機械,,2026-09-11,2614.0,12050.0,2941626175.0,224545.0,3194455000.0,True,True,True,True,True,True
4680.T,4680,ラウンドワン,Prime,サービス業,,2026-09-11,2614.0,1173.5,2941393587.5,2279745.0,2746811450.0,True,True,True,True,True,True
3132.T,3132,マクニカホールディングス,Prime,卸売業,,2026-09-11,2614.0,3761.0,2878375065.0,811320.0,3626356200.0,True,True,True,True,True,True
1893.T,1893,五洋建設,Prime,建設業,,2026-09-11,2614.0,1438.0,2850674585.0,1967720.0,2776490400.0,True,True,True,True,True,True
141A.T,141A,トライアルホールディングス,Growth,小売業,,2026-09-11,607.0,3945.0,2843399725.0,715875.0,2414734500.0,True,True,True,True,True,True
3861.T,3861,王子ホールディングス,Prime,パルプ・紙,,2026-09-11,2614.0,867.2999877929688,2838234474.76593,3255590.0,2692706272.10083,True,True,True,True,True,True
3405.T,3405,クラレ,Prime,化学,,2026-09-11,2614.0,1766.5,2829321750.0,1547370.0,2472923350.0,True,True,True,True,True,True
9616.T,9616,共立メンテナンス,Prime,サービス業,,2026-09-11,2614.0,3095.0,2827633955.0,856565.0,2456192000.0,True,True,True,True,True,True
3092.T,3092,ＺＯＺＯ,Prime,小売業,,2026-09-11,2614.0,1114.0,2820267155.0,2494340.0,3562683400.0,True,True,True,True,True,True
2432.T,2432,ディー・エヌ・エー,Prime,情報・通信業,,2026-09-11,2614.0,2496.0,2801774772.5,1102465.0,2635526400.0,True,True,True,True,True,True
7220.T,7220,武蔵精密工業,Prime,輸送用機器,,2026-09-11,2614.0,2713.0,2767956595.0,904345.0,1800075500.0,True,True,True,True,True,True
7581.T,7581,サイゼリヤ,Prime,小売業,,2026-09-11,2614.0,6740.0,2759630650.0,383195.0,2991212000.0,True,True,True,True,True,True
9831.T,9831,ヤマダホールディングス,Prime,小売業,,2026-09-11,2614.0,717.7000122070312,2756013569.7891235,3899165.0,3194052134.326172,True,True,True,True,True,True
4091.T,4091,日本酸素ホールディングス,Prime,化学,,2026-09-11,2614.0,5379.0,2748797335.0,492145.0,4031022600.0,True,True,True,True,True,True
4443.T,4443,Ｓａｎｓａｎ,Prime,情報・通信業,,2026-09-11,1767.0,1961.0,2732886985.0,1281510.0,1429961200.0,True,True,True,True,True,True
4368.T,4368,扶桑化学工業,Prime,化学,,2026-09-11,2614.0,2800.0,2716781710.0,895360.0,2758280000.0,True,True,True,True,True,True
7951.T,7951,ヤマハ,Prime,その他製品,,2026-09-11,2614.0,1232.0,2697617275.0,2082490.0,3503068800.0,True,True,True,True,True,True
3349.T,3349,コスモス薬品,Prime,小売業,,2026-09-11,2614.0,6501.0,2681549760.0,407715.0,2458028100.0,True,True,True,True,True,True
2579.T,2579,コカ・コーラ　ボトラーズジャパンホールディングス,Prime,食料品,,2026-09-11,2614.0,3684.0,2663881620.0,693635.0,2396442000.0,True,True,True,True,True,True
4208.T,4208,ＵＢＥ,Prime,化学,,2026-09-11,2614.0,3380.0,2653276840.0,753735.0,2980822000.0,True,True,True,True,True,True
9142.T,9142,九州旅客鉄道,Prime,陸運業,,2026-09-11,2436.0,3506.0,2632686070.0,741845.0,2628798800.0,True,True,True,True,True,True
3288.T,3288,オープンハウスグループ,Prime,不動産業,,2026-09-11,2614.0,7415.0,2617938855.0,332685.0,1866355500.0,True,True,True,True,True,True
6473.T,6473,ジェイテクト,Prime,機械,,2026-09-11,2614.0,2013.5,2588529502.5,1234225.0,2875680700.0,True,True,True,True,True,True
6592.T,6592,マブチモーター,Prime,電気機器,,2026-09-11,2614.0,1658.5,2585807190.0,1480685.0,2012092200.0,True,True,True,True,True,True
4042.T,4042,東ソー,Prime,化学,,2026-09-11,2614.0,2566.0,2555676105.0,966270.0,2741771000.0,True,True,True,True,True,True
6966.T,6966,三井ハイテック,Prime,電気機器,,2026-09-11,2614.0,868.0,2528840730.0,2734835.0,6411482000.0,True,True,True,True,True,True
7564.T,7564,ワークマン,Standard,小売業,,2026-09-11,2614.0,5670.0,2528000550.0,414800.0,1737288000.0,True,True,True,True,True,True
6376.T,6376,日機装,Prime,精密機器,,2026-09-11,2614.0,3270.0,2515545600.0,695900.0,1449918000.0,True,True,True,True,True,True
5021.T,5021,コスモエネルギーホールディングス,Prime,石油・石炭製品,,2026-09-11,2614.0,4523.0,2507834455.0,579375.0,2874818800.0,True,True,True,True,True,True
3653.T,3653,モルフォ,Growth,情報・通信業,,2026-09-11,2614.0,1289.0,2497424760.0,1927025.0,3490354200.0,True,True,True,True,True,True
4971.T,4971,メック,Prime,化学,,2026-09-11,2614.0,6020.0,2490104950.0,365915.0,1820448000.0,True,True,True,True,True,True
2871.T,2871,ニチレイ,Prime,食料品,,2026-09-11,2614.0,2171.0,2489537807.5,1157720.0,3134272700.0,True,True,True,True,True,True
6027.T,6027,弁護士ドットコム,Growth,サービス業,,2026-09-11,2614.0,5530.0,2487147325.0,517955.0,3093482000.0,True,True,True,True,True,True
9509.T,9509,北海道電力,Prime,電気・ガス業,,2026-09-11,2614.0,1114.5,2477638195.0,2227135.0,2278595250.0,True,True,True,True,True,True
6951.T,6951,日本電子,Prime,電気機器,,2026-09-11,2614.0,6855.0,2469191165.0,345490.0,2016055500.0,True,True,True,True,True,True
7282.T,7282,豊田合成,Prime,輸送用機器,,2026-09-11,2614.0,5149.0,2468907290.0,466850.0,3975028000.0,True,True,True,True,True,True
4461.T,4461,第一工業製薬,Prime,化学,,2026-09-11,2614.0,12480.0,2465089850.0,183900.0,1899456000.0,True,True,True,True,True,True
5741.T,5741,ＵＡＣＪ,Prime,非鉄金属,,2026-09-11,2614.0,2164.0,2459971310.0,1063330.0,2306391200.0,True,True,True,True,True,True
1808.T,1808,長谷工コーポレーション,Prime,建設業,,2026-09-11,2614.0,2719.5,2454462912.5,863450.0,3029251050.0,True,True,True,True,True,True
6996.T,6996,ニチコン,Prime,電気機器,,2026-09-11,2614.0,2528.0,2448516850.0,926150.0,1654576000.0,True,True,True,True,True,True
8804.T,8804,東京建物,Prime,不動産業,,2026-09-11,2614.0,3288.0,2438024035.0,722110.0,3705247200.0,True,True,True,True,True,True
6941.T,6941,山一電機,Prime,電気機器,,2026-09-11,2614.0,7630.0,2424932050.0,305265.0,2982567000.0,True,True,True,True,True,True
4912.T,4912,ライオン,Prime,化学,,2026-09-11,2614.0,1737.0,2422168437.5,1305695.0,2070851400.0,True,True,True,True,True,True
1662.T,1662,石油資源開発,Prime,鉱業,,2026-09-11,2614.0,1921.0,2405198330.0,1273895.0,4427520800.0,True,True,True,True,True,True
3498.T,3498,霞ヶ関キャピタル,Prime,不動産業,,2026-09-11,1900.0,7130.0,2401332400.0,313385.0,1629918000.0,True,True,True,True,True,True
6997.T,6997,日本ケミコン,Prime,電気機器,,2026-09-11,2614.0,2674.0,2391450880.0,860155.0,2258460400.0,True,True,True,True,True,True
8341.T,8341,七十七銀行,Prime,銀行業,,2026-09-11,2614.0,3973.0,2390422475.0,614010.0,3234816600.0,True,True,True,True,True,True
8227.T,8227,しまむら,Prime,小売業,,2026-09-11,2600.0,3171.0,2378329755.0,721100.0,2152157700.0,True,True,True,True,True,True
4403.T,4403,日油,Prime,化学,,2026-09-11,2614.0,2599.0,2374663035.0,879965.0,2159509100.0,True,True,True,True,True,True
6471.T,6471,日本精工,Prime,機械,,2026-09-11,2614.0,1043.5,2372963185.0,2164445.0,3331060700.0,True,True,True,True,True,True
2492.T,2492,インフォマート,Prime,サービス業,,2026-09-11,2614.0,700.0,2365958920.0,3659420.0,2034200000.0,True,True,True,True,True,True
5471.T,5471,大同特殊鋼,Prime,鉄鋼,,2026-09-11,2614.0,2313.0,2351348142.5,1008070.0,2427956100.0,True,True,True,True,True,True
9504.T,9504,中国電力,Prime,電気・ガス業,,2026-09-11,2614.0,1084.5,2346491578.057556,2305910.0,2305538550.0,True,True,True,True,True,True
2212.T,2212,山崎製パン,Prime,食料品,,2026-09-11,2614.0,3867.0,2333845240.0,627900.0,2200709700.0,True,True,True,True,True,True
4902.T,4902,コニカミノルタ,Prime,電気機器,,2026-09-11,2614.0,595.4000244140625,2333632486.309204,3679685.0,2539857424.145508,True,True,True,True,True,True
9009.T,9009,京成電鉄,Prime,陸運業,,2026-09-11,2614.0,1382.5,2328559070.0,1722380.0,3278460500.0,True,True,True,True,True,True
2127.T,2127,日本Ｍ＆Ａセンターホールディングス,Prime,サービス業,,2026-09-11,2614.0,627.9000244140625,2307061348.687744,3504490.0,4092966309.1430664,True,True,True,True,True,True
9507.T,9507,四国電力,Prime,電気・ガス業,,2026-09-11,2614.0,2174.5,2306279202.5,1147470.0,3533127600.0,True,True,True,True,True,True
9143.T,9143,ＳＧホールディングス,Prime,陸運業,,2026-09-11,2150.0,1475.5,2305759750.0,1515750.0,1977760200.0,True,True,True,True,True,True
9023.T,9023,東京地下鉄,Prime,陸運業,,2026-09-11,461.0,1526.5,2305593202.5,1550240.0,3149627450.0,True,True,True,True,True,True
4061.T,4061,デンカ,Prime,化学,,2026-09-11,2614.0,3286.0,2280824430.0,681235.0,2425396600.0,True,True,True,True,True,True
4536.T,4536,参天製薬,Prime,医薬品,,2026-09-11,2614.0,1725.0,2256736890.0,1220075.0,2128305000.0,True,True,True,True,True,True
6779.T,6779,日本電波工業,Prime,電気機器,,2026-09-11,2614.0,2844.0,2256459530.0,806230.0,5379141600.0,True,True,True,True,True,True
4205.T,4205,日本ゼオン,Prime,化学,,2026-09-11,2614.0,2326.0,2250902185.0,925365.0,2007570600.0,True,True,True,True,True,True
6777.T,6777,ｓａｎｔｅｃ　Ｈｏｌｄｉｎｇｓ,Standard,電気機器,,2026-09-11,2614.0,19020.0,2247093950.0,117275.0,2006610000.0,True,True,True,True,True,True
8358.T,8358,スルガ銀行,Prime,銀行業,,2026-09-11,2614.0,2806.0,2238046045.0,770315.0,2837988400.0,True,True,True,True,True,True
6135.T,6135,牧野フライス製作所,Prime,機械,,2026-09-11,2614.0,14580.0,2230260550.0,144410.0,2147634000.0,True,True,True,True,True,True
5253.T,5253,カバー,Growth,情報・通信業,,2026-09-11,849.0,1600.0,2203059625.0,1351910.0,1543200000.0,True,True,True,True,True,True
9064.T,9064,ヤマトホールディングス,Prime,陸運業,,2026-09-11,2614.0,1981.0,2193060262.5,1127510.0,2861752600.0,True,True,True,True,True,True
1969.T,1969,高砂熱学工業,Prime,建設業,,2026-09-11,2614.0,4395.0,2187570825.0,504690.0,2364070500.0,True,True,True,True,True,True
4676.T,4676,フジ・メディア・ホールディングス,Prime,情報・通信業,,2026-09-11,2614.0,4034.0,2171416430.0,525770.0,1981500800.0,True,True,True,True,True,True
9861.T,9861,吉野家ホールディングス,Prime,小売業,,2026-09-11,2614.0,3790.0,2169293060.0,569505.0,1306792000.0,True,True,True,True,True,True
6753.T,6753,シャープ,Prime,電気機器,,2026-09-11,2614.0,678.0,2164829565.448303,3355770.0,5357827200.0,True,True,True,True,True,True
4043.T,4043,トクヤマ,Prime,化学,,2026-09-11,2614.0,4063.0,2159891645.0,533540.0,2180612100.0,True,True,True,True,True,True
5991.T,5991,日本発條,Prime,金属製品,,2026-09-11,2614.0,3301.0,2158675545.0,632475.0,2674470200.0,True,True,True,True,True,True
1721.T,1721,コムシスホールディングス,Prime,建設業,,2026-09-11,2614.0,5372.0,2151281265.0,399485.0,3594942400.0,True,True,True,True,True,True
6622.T,6622,ダイヘン,Prime,電気機器,,2026-09-11,2614.0,11900.0,2136652500.0,165835.0,1854020000.0,True,True,True,True,True,True
2501.T,2501,サッポロホールディングス,Prime,食料品,,2026-09-11,2614.0,1838.0,2134666085.0,1127245.0,2157995800.0,True,True,True,True,True,True
5929.T,5929,三和ホールディングス,Prime,金属製品,,2026-09-11,2614.0,3367.0,2128246285.0,598040.0,3255889000.0,True,True,True,True,True,True
3923.T,3923,ラクス,Prime,情報・通信業,,2026-09-11,2614.0,1021.5,2095642085.0,1909295.0,1898457750.0,True,True,True,True,True,True
4114.T,4114,日本触媒,Prime,化学,,2026-09-11,2614.0,2507.0,2086525460.0,796630.0,1996324100.0,True,True,True,True,True,True
7276.T,7276,小糸製作所,Prime,電気機器,,2026-09-11,2614.0,2599.0,2079556917.5,778260.0,2365349900.0,True,True,True,True,True,True
4194.T,4194,ビジョナル,Prime,情報・通信業,,2026-09-11,1318.0,8028.0,2057477920.0,232730.0,9195271200.0,True,True,True,True,True,True
9513.T,9513,電源開発,Prime,電気・ガス業,,2026-09-11,2614.0,4166.0,2056412060.0,505115.0,4015607400.0,True,True,True,True,True,True
6845.T,6845,アズビル,Prime,電気機器,,2026-09-11,2614.0,1437.0,2032586557.5,1363015.0,2118425400.0,True,True,True,True,True,True
6814.T,6814,古野電気,Prime,電気機器,,2026-09-11,2614.0,7100.0,2021044000.0,263695.0,1669920000.0,True,True,True,True,True,True
7956.T,7956,ピジョン,Prime,その他製品,,2026-09-11,2614.0,1912.5,2020874290.0,974620.0,2006212500.0,True,True,True,True,True,True
5444.T,5444,大和工業,Prime,鉄鋼,,2026-09-11,2614.0,12250.0,2018078850.0,163680.0,1756650000.0,True,True,True,True,True,True
4732.T,4732,ユー・エス・エス,Prime,サービス業,,2026-09-11,2614.0,1916.5,2013804087.5,1024590.0,3028453300.0,True,True,True,True,True,True
5032.T,5032,ＡＮＹＣＯＬＯＲ,Prime,情報・通信業,,2026-09-11,1044.0,3115.0,2006070650.0,664450.0,3885339500.0,True,True,True,True,True,True
9989.T,9989,サンドラッグ,Prime,小売業,,2026-09-11,2614.0,3665.0,2001568235.0,540165.0,1625427500.0,True,True,True,True,True,True
9007.T,9007,小田急電鉄,Prime,陸運業,,2026-09-11,2614.0,1805.5,1990862250.0,1122680.0,3146625400.0,True,True,True,True,True,True
7389.T,7389,あいちフィナンシャルグループ,Prime,銀行業,,2026-09-11,966.0,1979.0,1987777160.0,1047605.0,4582572400.0,True,True,True,True,True,True
7189.T,7189,西日本フィナンシャルホールディングス,Prime,銀行業,,2026-09-11,2614.0,4866.0,1987170540.0,412850.0,2405750400.0,True,True,True,True,True,True
6507.T,6507,シンフォニアテクノロジー,Prime,電気機器,,2026-09-11,2614.0,11330.0,1968144800.0,161465.0,1936297000.0,True,True,True,True,True,True
4716.T,4716,日本オラクル,Standard,情報・通信業,,2026-09-11,2614.0,8995.0,1950905805.0,212440.0,2219066500.0,True,True,True,True,True,True
1332.T,1332,ニッスイ,Prime,水産・農林業,,2026-09-11,2614.0,1170.0,1946637327.5,1552950.0,2077335000.0,True,True,True,True,True,True
4666.T,4666,パーク２４,Prime,不動産業,,2026-09-11,2614.0,1950.0,1946601380.0,969250.0,1780350000.0,True,True,True,True,True,True
2002.T,2002,日清製粉グループ本社,Prime,食料品,,2026-09-11,2614.0,2039.5,1940867045.0,949170.0,2614639000.0,True,True,True,True,True,True
6103.T,6103,オークマ,Prime,機械,,2026-09-11,2614.0,4330.0,1935959525.0,409670.0,2210898000.0,True,True,True,True,True,True
9001.T,9001,東武鉄道,Prime,陸運業,,2026-09-11,2614.0,2939.0,1918071725.0,645000.0,1756346400.0,True,True,True,True,True,True
7327.T,7327,第四北越フィナンシャルグループ,Prime,銀行業,,2026-09-11,1942.0,2631.0,1911019090.0,745290.0,2620739100.0,True,True,True,True,True,True
4540.T,4540,ツムラ,Prime,医薬品,,2026-09-11,2614.0,3717.0,1909410210.0,510720.0,2023534800.0,True,True,True,True,True,True
5726.T,5726,大阪チタニウムテクノロジーズ,Prime,非鉄金属,,2026-09-11,2614.0,2510.0,1908004840.0,694410.0,1365942000.0,True,True,True,True,True,True
3774.T,3774,インターネットイニシアティブ,Prime,情報・通信業,,2026-09-11,2614.0,3340.0,1891076975.0,566085.0,1698724000.0,True,True,True,True,True,True
4613.T,4613,関西ペイント,Prime,化学,,2026-09-11,2614.0,2812.5,1886496247.5,661985.0,2834437500.0,True,True,True,True,True,True
8368.T,8368,百五銀行,Prime,銀行業,,2026-09-11,2614.0,2399.0,1883877795.0,806865.0,2579404800.0,True,True,True,True,True,True
3048.T,3048,ビックカメラ,Prime,小売業,,2026-09-11,2614.0,1709.5,1882132420.0,1062175.0,868255050.0,True,True,True,True,True,True
8524.T,8524,北洋銀行,Prime,銀行業,,2026-09-11,2614.0,1298.0,1875765110.0,1452190.0,2346913800.0,True,True,True,True,True,True
8056.T,8056,ＢＩＰＲＯＧＹ,Prime,情報・通信業,,2026-09-11,2614.0,4750.0,1863244695.0,400600.0,2188800000.0,True,True,True,True,True,True
4722.T,4722,フューチャー,Prime,情報・通信業,,2026-09-11,2614.0,2420.0,1861414135.0,761900.0,2338930000.0,True,True,True,True,True,True
9041.T,9041,近鉄グループホールディングス,Prime,陸運業,,2026-09-11,2614.0,3517.0,1857738580.0,531175.0,2778078300.0,True,True,True,True,True,True
6417.T,6417,ＳＡＮＫＹＯ,Prime,機械,,2026-09-11,2614.0,2055.0,1856710187.5,933840.0,2610466500.0,True,True,True,True,True,True
290A.T,290A,Ｓｙｎｓｐｅｃｔｉｖｅ,Growth,情報・通信業,,2026-09-11,421.0,1419.0,1849021500.0,1270380.0,1087095900.0,True,True,True,True,True,True
2264.T,2264,森永乳業,Prime,食料品,,2026-09-11,2614.0,1106.0,1835839597.5,1606285.0,3184948200.0,True,True,True,True,True,True
8439.T,8439,東京センチュリー,Prime,その他金融業,,2026-09-11,2614.0,2658.0,1832645805.0,695110.0,1550411400.0,True,True,True,True,True,True
7721.T,7721,東京計器,Prime,精密機器,,2026-09-11,2614.0,6550.0,1815669650.0,255145.0,1847100000.0,True,True,True,True,True,True
247A.T,247A,Ａｉロボティクス,Growth,化学,,2026-09-11,478.0,1015.0,1790743540.0,1788550.0,720244000.0,True,True,True,True,True,True
3046.T,3046,ジンズホールディングス,Prime,小売業,,2026-09-11,2614.0,5630.0,1786709500.0,297820.0,789326000.0,True,True,True,True,True,True
5393.T,5393,ニチアス,Prime,ガラス・土石製品,,2026-09-11,2614.0,3292.0,1764795490.0,527375.0,1750356400.0,True,True,True,True,True,True
8508.T,8508,Ｊトラスト,Standard,その他金融業,,2026-09-11,2614.0,761.0,1755599855.0,2216010.0,668310200.0,True,True,True,True,True,True
9401.T,9401,ＴＢＳホールディングス,Prime,情報・通信業,,2026-09-11,2614.0,5685.0,1747506115.0,297260.0,1822611000.0,True,True,True,True,True,True
7173.T,7173,東京きらぼしフィナンシャルグループ,Prime,銀行業,,2026-09-11,2614.0,1676.0,1744879325.0,1023395.0,2022094000.0,True,True,True,True,True,True
6101.T,6101,ツガミ,Prime,機械,,2026-09-11,2614.0,4825.0,1742407125.0,329390.0,2443862500.0,True,True,True,True,True,True
5233.T,5233,太平洋セメント,Prime,ガラス・土石製品,,2026-09-11,2614.0,4061.0,1741269710.0,418430.0,2234362200.0,True,True,True,True,True,True
4369.T,4369,トリケミカル研究所,Prime,化学,,2026-09-11,2614.0,2922.0,1732405325.0,557050.0,1379768400.0,True,True,True,True,True,True
4922.T,4922,コーセー,Prime,化学,,2026-09-11,2614.0,5575.0,1721958155.0,298855.0,1936197500.0,True,True,True,True,True,True
6703.T,6703,沖電気工業,Prime,電気機器,,2026-09-11,2614.0,2573.0,1708539145.0,621680.0,1325609600.0,True,True,True,True,True,True
7867.T,7867,タカラトミー,Prime,その他製品,,2026-09-11,2614.0,3639.0,1698998175.0,466845.0,4364980500.0,True,True,True,True,True,True
6254.T,6254,野村マイクロ・サイエンス,Prime,機械,,2026-09-11,2614.0,3260.0,1695826525.0,481500.0,1686072000.0,True,True,True,True,True,True
8366.T,8366,滋賀銀行,Prime,銀行業,,2026-09-11,2614.0,2852.0,1688784915.0,609020.0,2201744000.0,True,True,True,True,True,True
4047.T,4047,関東電化工業,Prime,化学,,2026-09-11,2614.0,2136.0,1688239540.0,728565.0,1785696000.0,True,True,True,True,True,True
3907.T,3907,シリコンスタジオ,Growth,情報・通信業,,2026-09-11,2614.0,2116.0,1679808770.0,822130.0,429759600.0,True,True,True,True,True,True
6465.T,6465,ホシザキ,Prime,機械,,2026-09-11,2614.0,5305.0,1676388960.0,301640.0,2531546000.0,True,True,True,True,True,True
4022.T,4022,ラサ工業,Prime,化学,,2026-09-11,2614.0,1830.0,1659200685.0,777270.0,1101843000.0,True,True,True,True,True,True
8060.T,8060,キヤノンマーケティングジャパン,Prime,卸売業,,2026-09-11,2614.0,3658.0,1644253940.0,457430.0,1523191200.0,True,True,True,True,True,True
2222.T,2222,寿スピリッツ,Prime,食料品,,2026-09-11,2614.0,2543.5,1637397180.0,631395.0,1895670550.0,True,True,True,True,True,True
6923.T,6923,スタンレー電気,Prime,電気機器,,2026-09-11,2614.0,3461.0,1636152595.0,456680.0,1377131900.0,True,True,True,True,True,True
3105.T,3105,日清紡ホールディングス,Prime,電気機器,,2026-09-11,2614.0,2235.0,1629327860.0,730365.0,1594002000.0,True,True,True,True,True,True
9065.T,9065,山九,Prime,陸運業,,2026-09-11,2614.0,7914.0,1620454300.0,197660.0,7192243200.0,True,True,True,True,True,True
4099.T,4099,四国化成ホールディングス,Prime,化学,,2026-09-11,2614.0,2151.0,1620080915.0,690110.0,1531081800.0,True,True,True,True,True,True
7180.T,7180,九州フィナンシャルグループ,Prime,銀行業,,2026-09-11,2614.0,1615.5,1614253155.0,1027460.0,2407579650.0,True,True,True,True,True,True
8237.T,8237,松屋,Prime,小売業,,2026-09-11,2614.0,2300.0,1596439835.0,659040.0,615020000.0,True,True,True,True,True,True
6232.T,6232,ＡＣＳＬ,Growth,機械,,2026-09-11,1883.0,1303.0,1584587200.0,1072935.0,2142132000.0,True,True,True,True,True,True
2782.T,2782,セリア,Standard,小売業,,2026-09-11,2614.0,4660.0,1576084400.0,351535.0,2248450000.0,True,True,True,True,True,True
9110.T,9110,ＮＳユナイテッド海運,Prime,海運業,,2026-09-11,2614.0,10480.0,1568198150.0,149730.0,872984000.0,True,True,True,True,True,True
7599.T,7599,ＩＤＯＭ,Prime,卸売業,,2026-09-11,2614.0,1203.0,1566665125.0,1241215.0,1143692100.0,True,True,True,True,True,True
8388.T,8388,阿波銀行,Prime,銀行業,,2026-09-11,2614.0,10190.0,1556593300.0,161315.0,1630400000.0,True,True,True,True,True,True
6925.T,6925,ウシオ電機,Prime,電気機器,,2026-09-11,2614.0,3538.0,1551756710.0,407350.0,991347600.0,True,True,True,True,True,True
6961.T,6961,エンプラス,Prime,電気機器,,2026-09-11,2614.0,9730.0,1548750950.0,151830.0,775481000.0,True,True,True,True,True,True
4373.T,4373,シンプレクス・ホールディングス,Prime,情報・通信業,,2026-09-11,1217.0,1107.0,1544895460.0,1304340.0,1451387700.0,True,True,True,True,True,True
4565.T,4565,ネクセラファーマ,Prime,医薬品,,2026-09-11,2614.0,1204.0,1542349960.0,1335255.0,1842481200.0,True,True,True,True,True,True
4733.T,4733,オービックビジネスコンサルタント,Prime,情報・通信業,,2026-09-11,2614.0,8107.0,1539515015.0,184240.0,2396429200.0,True,True,True,True,True,True
8088.T,8088,岩谷産業,Prime,卸売業,,2026-09-11,2614.0,2118.5,1523821237.5,695925.0,1510278650.0,True,True,True,True,True,True
6432.T,6432,竹内製作所,Prime,機械,,2026-09-11,2614.0,7160.0,1498439900.0,201310.0,1658256000.0,True,True,True,True,True,True
6327.T,6327,北川精機,Standard,機械,,2026-09-11,2614.0,2909.0,1491331325.0,432310.0,973060500.0,True,True,True,True,True,True
1959.T,1959,クラフティア,Prime,建設業,,2026-09-11,2614.0,7887.0,1485133685.0,181615.0,1360507500.0,True,True,True,True,True,True
2593.T,2593,伊藤園,Prime,食料品,,2026-09-11,2614.0,3165.0,1476303262.5,470955.0,1184026500.0,True,True,True,True,True,True
2670.T,2670,エービーシー・マート,Prime,小売業,,2026-09-11,2614.0,2641.0,1464790135.0,536200.0,1422706700.0,True,True,True,True,True,True
7278.T,7278,エクセディ,Prime,輸送用機器,,2026-09-11,2614.0,5810.0,1460943700.0,240145.0,2022461000.0,True,True,True,True,True,True
338A.T,338A,ＺｅｎｍｕＴｅｃｈ,Growth,情報・通信業,,2026-09-11,358.0,3255.0,1460862190.0,553485.0,4258191000.0,True,True,True,True,True,True
6862.T,6862,ミナトホールディングス,Standard,電気機器,,2026-09-11,2614.0,4310.0,1459338925.0,377525.0,1268002000.0,True,True,True,True,True,True
4118.T,4118,カネカ,Prime,化学,,2026-09-11,2614.0,5927.0,1454845630.0,236525.0,1237557600.0,True,True,True,True,True,True
4413.T,4413,ボードルア,Prime,情報・通信業,,2026-09-11,1171.0,2964.0,1450320645.0,484650.0,1431908400.0,True,True,True,True,True,True
6627.T,6627,テラプローブ,Standard,電気機器,,2026-09-11,2614.0,10600.0,1448884000.0,131590.0,769560000.0,True,True,True,True,True,True
3387.T,3387,クリエイト・レストランツ・ホールディングス,Prime,小売業,,2026-09-11,2614.0,761.0,1438163690.0,1870355.0,686802500.0,True,True,True,True,True,True
7806.T,7806,ＭＴＧ,Growth,その他製品,,2026-09-11,2001.0,7650.0,1434257800.0,168910.0,1281375000.0,True,True,True,True,True,True
8410.T,8410,セブン銀行,Prime,銀行業,,2026-09-11,2614.0,337.3999938964844,1427137847.6629639,4239205.0,1634837930.4260254,True,True,True,True,True,True
7459.T,7459,メディパルホールディングス,Prime,卸売業,,2026-09-11,2614.0,2886.0,1425429710.0,492330.0,1222221000.0,True,True,True,True,True,True
1980.T,1980,ダイダン,Prime,建設業,,2026-09-11,2614.0,2653.0,1423807325.0,513590.0,1432089400.0,True,True,True,True,True,True
3635.T,3635,コーエーテクモホールディングス,Prime,情報・通信業,,2026-09-11,2614.0,1644.5,1423706802.5,847795.0,1182066600.0,True,True,True,True,True,True
2767.T,2767,円谷フィールズホールディングス,Prime,卸売業,,2026-09-11,2614.0,2505.0,1406430225.0,564340.0,1100446500.0,True,True,True,True,True,True
2121.T,2121,ＭＩＸＩ,Prime,情報・通信業,,2026-09-11,2614.0,3650.0,1402390300.0,390705.0,1154495000.0,True,True,True,True,True,True
9468.T,9468,ＫＡＤＯＫＡＷＡ,Prime,情報・通信業,,2026-09-11,2614.0,3588.0,1396718100.0,384975.0,1279480800.0,True,True,True,True,True,True
7685.T,7685,ＢｕｙＳｅｌｌ　Ｔｅｃｈｎｏｌｏｇｉｅｓ,Growth,卸売業,,2026-09-11,1644.0,2800.0,1391336220.0,438545.0,1897280000.0,True,True,True,True,True,True
2809.T,2809,キユーピー,Prime,食料品,,2026-09-11,2614.0,4545.0,1385196380.0,294145.0,1571206500.0,True,True,True,True,True,True
6016.T,6016,ジャパンエンジンコーポレーション,Standard,輸送用機器,,2026-09-11,2614.0,10830.0,1383849050.0,129960.0,1178304000.0,True,True,True,True,True,True
7337.T,7337,ひろぎんホールディングス,Prime,銀行業,,2026-09-11,1455.0,2361.0,1380853107.5,586710.0,2116636500.0,True,True,True,True,True,True
1861.T,1861,熊谷組,Prime,建設業,,2026-09-11,2614.0,1278.0,1378491530.0,1066075.0,1047832200.0,True,True,True,True,True,True
3186.T,3186,ネクステージ,Prime,小売業,,2026-09-11,2614.0,2915.0,1377341790.0,426610.0,1871138500.0,True,True,True,True,True,True
5715.T,5715,古河機械金属,Prime,非鉄金属,,2026-09-11,2614.0,4045.0,1371185350.0,319650.0,1346580500.0,True,True,True,True,True,True
5707.T,5707,東邦亜鉛,Prime,非鉄金属,,2026-09-11,2614.0,969.0,1368641825.0,1215985.0,669772800.0,True,True,True,True,True,True
9449.T,9449,ＧＭＯインターネットグループ,Prime,情報・通信業,,2026-09-11,2614.0,3816.0,1364491170.0,341625.0,893707200.0,True,True,True,True,True,True
2331.T,2331,ＡＬＳＯＫ,Prime,サービス業,,2026-09-11,2614.0,1216.5,1363308122.5,1140825.0,1479020700.0,True,True,True,True,True,True
6480.T,6480,日本トムソン,Prime,機械,,2026-09-11,2614.0,1600.0,1356665595.0,781535.0,1337440000.0,True,True,True,True,True,True
9301.T,9301,三菱倉庫,Prime,倉庫・運輸関連業,,2026-09-11,2614.0,1538.5,1352141642.5,887905.0,1379111400.0,True,True,True,True,True,True
8338.T,8338,筑波銀行,Prime,銀行業,,2026-09-11,2614.0,726.0,1350985115.0,1824935.0,1089798600.0,True,True,True,True,True,True
8418.T,8418,山口フィナンシャルグループ,Prime,銀行業,,2026-09-11,2614.0,3203.0,1350499150.0,425165.0,2574891700.0,True,True,True,True,True,True
8361.T,8361,大垣共立銀行,Prime,銀行業,,2026-09-11,2614.0,8180.0,1349564550.0,167305.0,1818414000.0,True,True,True,True,True,True
3397.T,3397,トリドールホールディングス,Prime,小売業,,2026-09-11,2614.0,4257.0,1344559510.0,314060.0,1151092800.0,True,True,True,True,True,True
9166.T,9166,ＧＥＮＤＡ,Growth,サービス業,,2026-09-11,764.0,709.0,1342912050.0,1784280.0,731404400.0,True,True,True,True,True,True
7988.T,7988,ニフコ,Prime,化学,,2026-09-11,2614.0,4899.0,1329810155.0,262855.0,1215931800.0,True,True,True,True,True,True
1860.T,1860,戸田建設,Prime,建設業,,2026-09-11,2614.0,1472.0,1329636740.0,879280.0,1250316800.0,True,True,True,True,True,True
3445.T,3445,ＲＳ　Ｔｅｃｈｎｏｌｏｇｉｅｓ,Prime,金属製品,,2026-09-11,2614.0,5290.0,1326809100.0,233830.0,1027847000.0,True,True,True,True,True,True
4626.T,4626,太陽ホールディングス,Prime,化学,,2026-09-11,2614.0,4720.0,1316189685.0,277400.0,2129192000.0,True,True,True,True,True,True
3116.T,3116,トヨタ紡織,Prime,輸送用機器,,2026-09-11,2614.0,2243.5,1313874817.5,582885.0,1574488300.0,True,True,True,True,True,True
4516.T,4516,日本新薬,Prime,医薬品,,2026-09-11,2614.0,3386.0,1311045460.0,371515.0,1468169600.0,True,True,True,True,True,True
3941.T,3941,レンゴー,Prime,パルプ・紙,,2026-09-11,2614.0,1500.5,1308281485.0,832800.0,1386612050.0,True,True,True,True,True,True
8343.T,8343,秋田銀行,Prime,銀行業,,2026-09-11,2614.0,9440.0,1302428100.0,146985.0,1864400000.0,True,True,True,True,True,True
6366.T,6366,千代田化工建設,Standard,建設業,,2026-09-11,2614.0,693.0,1298699850.0,1824510.0,1400206500.0,True,True,True,True,True,True
6524.T,6524,湖北工業,Standard,電気機器,,2026-09-11,1156.0,4860.0,1294477475.0,265810.0,973944000.0,True,True,True,True,True,True
6632.T,6632,ＪＶＣケンウッド,Prime,電気機器,,2026-09-11,2614.0,967.2999877929688,1294175828.8256836,1290385.0,1361861652.8137207,True,True,True,True,True,True
9072.T,9072,ニッコンホールディングス,Prime,陸運業,,2026-09-11,2614.0,5093.0,1294155380.0,241660.0,1192271300.0,True,True,True,True,True,True
1407.T,1407,ウエストホールディングス,Standard,建設業,,2026-09-11,2614.0,2220.0,1287126725.0,503660.0,1273392000.0,True,True,True,True,True,True
9364.T,9364,上組,Prime,倉庫・運輸関連業,,2026-09-11,2614.0,4809.0,1280308325.0,263385.0,1614381300.0,True,True,True,True,True,True
5463.T,5463,丸一鋼管,Prime,鉄鋼,,2026-09-11,2614.0,1716.5,1278856727.5,729725.0,1011533450.0,True,True,True,True,True,True
3687.T,3687,フィックスターズ,Prime,情報・通信業,,2026-09-11,2614.0,2185.0,1278389760.0,580730.0,1255282500.0,True,True,True,True,True,True
9404.T,9404,日本テレビホールディングス,Prime,情報・通信業,,2026-09-11,2614.0,2951.5,1273377305.0,425425.0,1325813800.0,True,True,True,True,True,True
4966.T,4966,上村工業,Standard,化学,,2026-09-11,2614.0,18770.0,1265391050.0,63810.0,976040000.0,True,True,True,True,True,True
4784.T,4784,ＧＭＯインターネット,Prime,サービス業,,2026-09-11,2614.0,523.0,1264730220.0,2246595.0,553281700.0,True,True,True,True,True,True
1719.T,1719,安藤・間,Prime,建設業,,2026-09-11,2614.0,1862.0,1264337532.5,663015.0,1576741600.0,True,True,True,True,True,True
4202.T,4202,ダイセル,Prime,化学,,2026-09-11,2614.0,1393.0,1259266300.0,865285.0,1105902700.0,True,True,True,True,True,True
219A.T,219A,Ｈｅａｒｔｓｅｅｄ,Growth,医薬品,,2026-09-11,518.0,2271.0,1248028255.0,544460.0,645418200.0,True,True,True,True,True,True
4401.T,4401,ＡＤＥＫＡ,Prime,化学,,2026-09-11,2614.0,4375.0,1243743795.0,271020.0,1082812500.0,True,True,True,True,True,True
5901.T,5901,東洋製罐グループホールディングス,Prime,金属製品,,2026-09-11,2614.0,4517.0,1229273595.0,273760.0,2064269000.0,True,True,True,True,True,True
2607.T,2607,不二製油,Prime,食料品,,2026-09-11,2614.0,4372.0,1228007810.0,270350.0,1345264400.0,True,True,True,True,True,True
4967.T,4967,小林製薬,Prime,化学,,2026-09-11,2614.0,5768.0,1227116420.0,215585.0,1196283200.0,True,True,True,True,True,True
3993.T,3993,ＰＫＳＨＡ　Ｔｅｃｈｎｏｌｏｇｙ,Prime,情報・通信業,,2026-09-11,2208.0,3110.0,1226395635.0,384920.0,655277000.0,True,True,True,True,True,True
2146.T,2146,ＵＴグループ,Prime,サービス業,,2026-09-11,2614.0,219.0,1221983460.0,5334145.0,975207000.0,True,True,True,True,True,True
6999.T,6999,ＫＯＡ,Prime,電気機器,,2026-09-11,2614.0,2107.0,1218304095.0,542670.0,789492900.0,True,True,True,True,True,True
2726.T,2726,パルグループホールディングス,Prime,小売業,,2026-09-11,2614.0,1481.0,1216869510.0,804905.0,1310536900.0,True,True,True,True,True,True
8282.T,8282,ケーズホールディングス,Prime,小売業,,2026-09-11,2614.0,1848.5,1208976220.0,631030.0,1431108700.0,True,True,True,True,True,True
4107.T,4107,伊勢化学工業,Standard,化学,,2026-09-11,2614.0,3830.0,1208941400.0,294920.0,849111000.0,True,True,True,True,True,True
6005.T,6005,三浦工業,Prime,機械,,2026-09-11,2614.0,3005.0,1207668750.0,383510.0,1134087000.0,True,True,True,True,True,True
9418.T,9418,Ｕ－ＮＥＸＴ　ＨＯＬＤＩＮＧＳ,Prime,情報・通信業,,2026-09-11,2614.0,1735.0,1202985805.0,690510.0,760797500.0,True,True,True,True,True,True
6707.T,6707,サンケン電気,Prime,電気機器,,2026-09-11,2614.0,6610.0,1202103550.0,163885.0,807742000.0,True,True,True,True,True,True
8698.T,8698,マネックスグループ,Prime,証券、商品先物取引業,,2026-09-11,2614.0,714.0,1200392190.0,1654550.0,757411200.0,True,True,True,True,True,True
2175.T,2175,エス・エム・エス,Prime,サービス業,,2026-09-11,2614.0,2583.0,1197491535.0,491825.0,1137294900.0,True,True,True,True,True,True
9008.T,9008,京王電鉄,Prime,陸運業,,2026-09-11,2614.0,794.2999877929688,1196588935.0158691,1529140.0,2029992478.8024902,True,True,True,True,True,True
2685.T,2685,アンドエスティＨＤ,Prime,小売業,,2026-09-11,2614.0,3165.0,1194162325.0,348460.0,421578000.0,True,True,True,True,True,True
6055.T,6055,ジャパンマテリアル,Prime,サービス業,,2026-09-11,2614.0,2088.0,1191266225.0,554120.0,1187445600.0,True,True,True,True,True,True
2354.T,2354,ＹＥ　ＤＩＧＩＴＡＬ,Standard,情報・通信業,,2026-09-11,2614.0,1329.0,1190391275.0,848760.0,525353700.0,True,True,True,True,True,True
4480.T,4480,メドレー,Prime,情報・通信業,,2026-09-11,1648.0,2358.0,1178796025.0,434455.0,1053554400.0,True,True,True,True,True,True
8012.T,8012,長瀬産業,Prime,卸売業,,2026-09-11,2614.0,1128.0,1177422400.0,1002695.0,932066400.0,True,True,True,True,True,True
6136.T,6136,オーエスジー,Prime,機械,,2026-09-11,2614.0,3382.0,1176081940.0,322260.0,1078519800.0,True,True,True,True,True,True
5202.T,5202,日本板硝子,Prime,ガラス・土石製品,,2026-09-11,2614.0,495.0,1173884375.0,2387210.0,277398000.0,True,True,True,True,True,True
8020.T,8020,兼松,Prime,卸売業,,2026-09-11,2614.0,2263.0,1171473835.0,524625.0,1319329000.0,True,True,True,True,True,True
9744.T,9744,メイテックグループホールディングス,Prime,サービス業,,2026-09-11,2614.0,3310.0,1170451895.0,349235.0,1539812000.0,True,True,True,True,True,True
4816.T,4816,東映アニメーション,Standard,情報・通信業,,2026-09-11,2614.0,3045.0,1169631305.0,392845.0,1236270000.0,True,True,True,True,True,True
2433.T,2433,博報堂ＤＹホールディングス,Prime,サービス業,,2026-09-11,2614.0,1302.0,1167212912.5,883010.0,1343403600.0,True,True,True,True,True,True
7004.T,7004,カナデビア,Prime,機械,,2026-09-11,2614.0,1147.0,1164688865.0,986980.0,1268926100.0,True,True,True,True,True,True
2531.T,2531,宝ホールディングス,Prime,食料品,,2026-09-11,2614.0,2535.0,1163259980.0,510800.0,1893645000.0,True,True,True,True,True,True
6875.T,6875,メガチップス,Prime,電気機器,,2026-09-11,2614.0,10490.0,1155097200.0,105970.0,937806000.0,True,True,True,True,True,True
8570.T,8570,イオンフィナンシャルサービス,Prime,その他金融業,,2026-09-11,2614.0,1636.0,1154644572.5,694130.0,1376857600.0,True,True,True,True,True,True
4259.T,4259,エクサウィザーズ,Growth,情報・通信業,,2026-09-11,1154.0,814.0,1152670860.0,1425855.0,690679000.0,True,True,True,True,True,True
8111.T,8111,ゴールドウイン,Prime,繊維製品,,2026-09-11,2614.0,2090.0,1150850262.5,541560.0,1002991000.0,True,True,True,True,True,True
6523.T,6523,ＰＨＣホールディングス,Prime,電気機器,,2026-09-11,1202.0,1224.0,1148374275.0,799035.0,944928000.0,True,True,True,True,True,True
7906.T,7906,ヨネックス,Standard,その他製品,,2026-09-11,2614.0,2385.0,1143889630.0,430895.0,805653000.0,True,True,True,True,True,True
2157.T,2157,コシダカホールディングス,Prime,サービス業,,2026-09-11,2614.0,977.0,1133651940.0,1103870.0,455086600.0,True,True,True,True,True,True
6472.T,6472,ＮＴＮ,Prime,機械,,2026-09-11,2614.0,370.1000061035156,1133195257.7346802,3007305.0,1361227822.4487305,True,True,True,True,True,True
8628.T,8628,松井証券,Prime,証券、商品先物取引業,,2026-09-11,2614.0,1181.0,1127265170.0,958705.0,883978500.0,True,True,True,True,True,True
6264.T,6264,マルマエ,Prime,機械,,2026-09-11,2614.0,1810.0,1125386910.0,557305.0,1186274000.0,True,True,True,True,True,True
2585.T,2585,ライフドリンク　カンパニー,Prime,食料品,,2026-09-11,1156.0,1347.0,1124980600.0,721325.0,819649500.0,True,True,True,True,True,True
6235.T,6235,オプトラン,Prime,機械,,2026-09-11,2145.0,2395.0,1120625340.0,421365.0,664133500.0,True,True,True,True,True,True
1951.T,1951,エクシオグループ,Prime,建設業,,2026-09-11,2614.0,2540.5,1120081667.5,430145.0,1131792750.0,True,True,True,True,True,True
4483.T,4483,ＪＭＤＣ,Prime,情報・通信業,,2026-09-11,1646.0,3520.0,1119707650.0,321260.0,1263328000.0,True,True,True,True,True,True
7380.T,7380,十六フィナンシャルグループ,Prime,銀行業,,2026-09-11,1211.0,2633.0,1118537710.0,433310.0,1330191600.0,True,True,True,True,True,True
3291.T,3291,飯田グループホールディングス,Prime,不動産業,,2026-09-11,2614.0,2223.0,1112726832.5,479525.0,1328020200.0,True,True,True,True,True,True
3401.T,3401,帝人,Prime,繊維製品,,2026-09-11,2614.0,1649.5,1105629155.0,640010.0,1262692250.0,True,True,True,True,True,True
6849.T,6849,日本光電工業,Prime,電気機器,,2026-09-11,2614.0,1540.0,1104228025.0,734635.0,1833678000.0,True,True,True,True,True,True
1414.T,1414,ショーボンドホールディングス,Prime,建設業,,2026-09-11,2614.0,1241.0,1102177590.0,872380.0,1263834400.0,True,True,True,True,True,True
1961.T,1961,三機工業,Prime,建設業,,2026-09-11,2614.0,2299.0,1099473145.0,454665.0,1378250500.0,True,True,True,True,True,True
5384.T,5384,フジミインコーポレーテッド,Prime,ガラス・土石製品,,2026-09-11,2614.0,3175.0,1090839700.0,309360.0,1144905000.0,True,True,True,True,True,True
8876.T,8876,リログループ,Prime,サービス業,,2026-09-11,2614.0,2134.0,1089815015.0,494925.0,1301740000.0,True,True,True,True,True,True
8086.T,8086,ニプロ,Prime,精密機器,,2026-09-11,2614.0,1438.5,1089129200.0,715280.0,970699800.0,True,True,True,True,True,True
6490.T,6490,ＰＩＬＬＡＲ,Prime,機械,,2026-09-11,2614.0,9040.0,1078460800.0,109505.0,1195088000.0,True,True,True,True,True,True
5832.T,5832,ちゅうぎんフィナンシャルグループ,Prime,銀行業,,2026-09-11,966.0,3508.0,1074300240.0,307610.0,1766628800.0,True,True,True,True,True,True
9722.T,9722,藤田観光,Prime,サービス業,,2026-09-11,2614.0,2740.0,1068660615.0,386720.0,713496000.0,True,True,True,True,True,True
3543.T,3543,コメダホールディングス,Prime,卸売業,,2026-09-11,2515.0,2855.0,1067765930.0,362835.0,541593500.0,True,True,True,True,True,True
5947.T,5947,リンナイ,Prime,金属製品,,2026-09-11,2614.0,3432.0,1066292625.0,298955.0,1637750400.0,True,True,True,True,True,True
6258.T,6258,平田機工,Prime,機械,,2026-09-11,2614.0,3450.0,1048380075.0,297835.0,974280000.0,True,True,True,True,True,True
3660.T,3660,アイスタイル,Prime,情報・通信業,,2026-09-11,2614.0,471.0,1042711585.0,1970130.0,457058400.0,True,True,True,True,True,True
4970.T,4970,東洋合成工業,Standard,化学,,2026-09-11,2614.0,9700.0,1042415200.0,93420.0,1130050000.0,True,True,True,True,True,True
8242.T,8242,エイチ・ツー・オー　リテイリング,Prime,小売業,,2026-09-11,2614.0,2833.5,1040213655.0,353610.0,810097650.0,True,True,True,True,True,True
6058.T,6058,ベクトル,Prime,サービス業,,2026-09-11,2614.0,1880.0,1039241630.0,522130.0,983804000.0,True,True,True,True,True,True
9006.T,9006,京浜急行電鉄,Prime,陸運業,,2026-09-11,2614.0,1560.5,1037728100.0,666475.0,1183327150.0,True,True,True,True,True,True
5232.T,5232,住友大阪セメント,Prime,ガラス・土石製品,,2026-09-11,2614.0,5590.0,1033447805.0,184550.0,1115764000.0,True,True,True,True,True,True
4475.T,4475,ＨＥＮＮＧＥ,Growth,情報・通信業,,2026-09-11,1692.0,1632.0,1031828055.0,639540.0,634521600.0,True,True,True,True,True,True
6730.T,6730,アクセル,Standard,電気機器,,2026-09-11,2614.0,1136.0,1014152760.0,807635.0,219588800.0,True,True,True,True,True,True
7240.T,7240,ＮＯＫ,Prime,輸送用機器,,2026-09-11,2614.0,3021.0,1011759447.5,334390.0,1291477500.0,True,True,True,True,True,True
4206.T,4206,アイカ工業,Prime,化学,,2026-09-11,2614.0,4118.0,1007484410.0,244535.0,896900400.0,True,True,True,True,True,True
6946.T,6946,日本アビオニクス,Standard,電気機器,,2026-09-11,2614.0,6240.0,1006523050.0,170805.0,1089504000.0,True,True,True,True,True,True
3964.T,3964,オークネット,Prime,情報・通信業,,2026-09-11,2332.0,1251.0,1006409300.0,715085.0,508031100.0,True,True,True,True,True,True
6544.T,6544,ジャパンエレベーターサービスホールディングス,Prime,サービス業,,2026-09-11,2338.0,1432.5,1002052135.0,661570.0,1006761000.0,True,True,True,True,True,True
8022.T,8022,美津濃,Prime,その他製品,,2026-09-11,2614.0,3860.0,1000676375.0,247025.0,1166878000.0,True,True,True,True,True,True
319A.T,319A,技術承継機構,Growth,金属製品,,2026-09-11,392.0,19060.0,1000581800.0,49925.0,928222000.0,True,True,True,True,True,True
4587.T,4587,ペプチドリーム,Prime,医薬品,,2026-09-11,2614.0,1060.5,996867937.5,923430.0,756348600.0,True,True,True,True,True,True
6457.T,6457,グローリー,Prime,機械,,2026-09-11,2614.0,4297.0,994018375.0,212090.0,1414572400.0,True,True,True,True,True,True
4023.T,4023,クレハ,Prime,化学,,2026-09-11,2614.0,4325.0,992207075.0,220535.0,877110000.0,True,True,True,True,True,True
9076.T,9076,セイノーホールディングス,Prime,陸運業,,2026-09-11,2614.0,2690.0,988371720.0,358715.0,1069275000.0,True,True,True,True,True,True
7717.T,7717,ブイ・テクノロジー,Prime,精密機器,,2026-09-11,2614.0,5530.0,987930750.0,176440.0,851067000.0,True,True,True,True,True,True
9533.T,9533,東邦瓦斯,Prime,電気・ガス業,,2026-09-11,2614.0,1300.0,983543820.0,791675.0,1183650000.0,True,True,True,True,True,True
3549.T,3549,クスリのアオキホールディングス,Prime,小売業,,2026-09-11,2614.0,4000.0,982881955.0,239825.0,1039600000.0,True,True,True,True,True,True
9505.T,9505,北陸電力,Prime,電気・ガス業,,2026-09-11,2614.0,1083.5,980622542.3776245,956590.0,1802835650.0,True,True,True,True,True,True
1885.T,1885,東亜建設工業,Prime,建設業,,2026-09-11,2614.0,2067.0,976267845.0,465625.0,1028952600.0,True,True,True,True,True,True
8360.T,8360,山梨中央銀行,Prime,銀行業,,2026-09-11,2614.0,7210.0,963256250.0,133180.0,1569617000.0,True,True,True,True,True,True
2810.T,2810,ハウス食品グループ本社,Prime,食料品,,2026-09-11,2614.0,3872.0,962419935.0,248730.0,923084800.0,True,True,True,True,True,True
1979.T,1979,大氣社,Prime,建設業,,2026-09-11,2614.0,3700.0,961151525.0,245425.0,885780000.0,True,True,True,True,True,True
8522.T,8522,名古屋銀行,Prime,銀行業,,2026-09-11,2614.0,7150.0,958999850.0,136635.0,937365000.0,True,True,True,True,True,True
5074.T,5074,テスホールディングス,Prime,建設業,,2026-09-11,1315.0,586.0,954369690.0,1509105.0,558926800.0,True,True,True,True,True,True
7456.T,7456,松田産業,Prime,卸売業,,2026-09-11,2614.0,6790.0,945686000.0,135070.0,997451000.0,True,True,True,True,True,True
8381.T,8381,山陰合同銀行,Prime,銀行業,,2026-09-11,2614.0,2579.0,939523290.0,363605.0,1430313400.0,True,True,True,True,True,True
9048.T,9048,名古屋鉄道,Prime,陸運業,,2026-09-11,2614.0,1861.5,934113755.0,496580.0,1603682250.0,True,True,True,True,True,True
3692.T,3692,ＦＦＲＩセキュリティ,Growth,情報・通信業,,2026-09-11,2614.0,6330.0,919568450.0,162135.0,739977000.0,True,True,True,True,True,True
2784.T,2784,アルフレッサ　ホールディングス,Prime,卸売業,,2026-09-11,2614.0,2295.0,916585800.0,397395.0,1080945000.0,True,True,True,True,True,True
8078.T,8078,阪和興業,Prime,卸売業,,2026-09-11,2614.0,1912.0,912797815.0,481730.0,902655200.0,True,True,True,True,True,True
8273.T,8273,イズミ,Prime,小売業,,2026-09-11,2614.0,983.0,912371455.0,871495.0,505360300.0,True,True,True,True,True,True
6266.T,6266,タツモ,Prime,機械,,2026-09-11,2614.0,3375.0,909088725.0,255035.0,746212500.0,True,True,True,True,True,True
7164.T,7164,全国保証,Prime,その他金融業,,2026-09-11,2614.0,3121.0,901029465.0,283540.0,882930900.0,True,True,True,True,True,True
4887.T,4887,サワイグループホールディングス,Prime,医薬品,,2026-09-11,1333.0,1580.5,900758875.0,563230.0,1014997100.0,True,True,True,True,True,True
2962.T,2962,テクニスコ,Standard,金属製品,,2026-09-11,766.0,1768.0,897466625.0,540540.0,353069600.0,True,True,True,True,True,True
3107.T,3107,ダイワボウホールディングス,Prime,卸売業,,2026-09-11,2614.0,3705.0,897278030.0,242500.0,1357512000.0,True,True,True,True,True,True
3097.T,3097,物語コーポレーション,Prime,小売業,,2026-09-11,2614.0,5520.0,891442950.0,156065.0,1051560000.0,True,True,True,True,True,True
3765.T,3765,ガンホー・オンライン・エンターテイメント,Prime,情報・通信業,,2026-09-11,2614.0,2509.0,887879040.0,348170.0,698505600.0,True,True,True,True,True,True
6498.T,6498,キッツ,Prime,機械,,2026-09-11,2614.0,1916.0,886426395.0,459210.0,651248400.0,True,True,True,True,True,True
4272.T,4272,日本化薬,Prime,化学,,2026-09-11,2614.0,2036.0,883311415.0,426310.0,944093200.0,True,True,True,True,True,True
7350.T,7350,おきなわフィナンシャルグループ,Prime,銀行業,,2026-09-11,1211.0,7750.0,882511400.0,114570.0,768025000.0,True,True,True,True,True,True
2371.T,2371,カカクコム,Prime,サービス業,,2026-09-11,2614.0,3796.0,882459465.0,238245.0,2474232800.0,True,True,True,True,True,True
3891.T,3891,ニッポン高度紙工業,Standard,パルプ・紙,,2026-09-11,2614.0,6200.0,882133250.0,135285.0,828320000.0,True,True,True,True,True,True
7716.T,7716,ナカニシ,Standard,精密機器,,2026-09-11,2614.0,2954.0,872649695.0,279820.0,741158600.0,True,True,True,True,True,True
4776.T,4776,サイボウズ,Prime,情報・通信業,,2026-09-11,2614.0,2936.0,869075850.0,281985.0,390781600.0,True,True,True,True,True,True
5243.T,5243,ｎｏｔｅ,Growth,情報・通信業,,2026-09-11,912.0,2812.0,865912185.0,308480.0,334065600.0,True,True,True,True,True,True
9045.T,9045,京阪ホールディングス,Prime,陸運業,,2026-09-11,2614.0,3213.0,863144630.0,269495.0,783972000.0,True,True,True,True,True,True
6387.T,6387,サムコ,Prime,機械,,2026-09-11,2614.0,8020.0,862854000.0,96735.0,1097136000.0,True,True,True,True,True,True
7419.T,7419,ノジマ,Prime,小売業,,2026-09-11,2614.0,1231.0,859116160.0,677225.0,757926700.0,True,True,True,True,True,True
3863.T,3863,日本製紙,Prime,パルプ・紙,,2026-09-11,2614.0,1299.0,855761815.0,631160.0,721984200.0,True,True,True,True,True,True
3612.T,3612,ワールド,Prime,繊維製品,,2026-09-11,1943.0,1562.0,855721575.0,517405.0,409400200.0,True,True,True,True,True,True
4681.T,4681,リゾートトラスト,Prime,サービス業,,2026-09-11,2614.0,1757.0,855547927.5,466105.0,854429100.0,True,True,True,True,True,True
3101.T,3101,東洋紡,Prime,化学,,2026-09-11,2614.0,1620.0,855269560.0,518605.0,734994000.0,True,True,True,True,True,True
2206.T,2206,江崎グリコ,Prime,食料品,,2026-09-11,2614.0,4984.0,854397180.0,166685.0,745108000.0,True,True,True,True,True,True
8346.T,8346,東邦銀行,Prime,銀行業,,2026-09-11,2614.0,1009.0,849841215.0,866705.0,1281631800.0,True,True,True,True,True,True
8995.T,8995,誠建設工業,Standard,不動産業,,2026-09-11,2614.0,2548.0,849535930.0,437280.0,1715313600.0,True,True,True,True,True,True
1518.T,1518,三井松島ホールディングス,Prime,その他製品,,2026-09-11,2614.0,2223.0,849230010.0,370765.0,1590334200.0,True,True,True,True,True,True
7322.T,7322,三十三フィナンシャルグループ,Prime,銀行業,,2026-09-11,2072.0,2033.0,846282290.0,403475.0,3190183600.0,True,True,True,True,True,True
2292.T,2292,Ｓ　Ｆｏｏｄｓ,Prime,食料品,,2026-09-11,2614.0,2717.0,843764530.0,293875.0,545845300.0,True,True,True,True,True,True
4592.T,4592,サンバイオ,Growth,医薬品,,2026-09-11,2614.0,922.0,840456030.0,864195.0,511617800.0,True,True,True,True,True,True
7630.T,7630,壱番屋,Prime,小売業,,2026-09-11,2614.0,1090.0,837109840.0,791240.0,515570000.0,True,True,True,True,True,True
4471.T,4471,三洋化成工業,Prime,化学,,2026-09-11,2614.0,5970.0,836144700.0,132805.0,646551000.0,True,True,True,True,True,True
8386.T,8386,百十四銀行,Prime,銀行業,,2026-09-11,2614.0,3085.0,833223205.0,272340.0,1195437500.0,True,True,True,True,True,True
8544.T,8544,京葉銀行,Prime,銀行業,,2026-09-11,2614.0,2839.0,831238295.0,299140.0,1372656500.0,True,True,True,True,True,True
7984.T,7984,コクヨ,Prime,その他製品,,2026-09-11,2614.0,905.7999877929688,828203532.8216553,917450.0,1294569342.553711,True,True,True,True,True,True
9069.T,9069,センコーグループホールディングス,Prime,陸運業,,2026-09-11,2614.0,2262.5,824208857.5,363945.0,1076271250.0,True,True,True,True,True,True
7148.T,7148,ＦＰＧ,Prime,証券、商品先物取引業,,2026-09-11,2614.0,1680.0,818994695.0,488250.0,897960000.0,True,True,True,True,True,True
9987.T,9987,スズケン,Prime,卸売業,,2026-09-11,2614.0,5173.0,818799300.0,159250.0,1049601700.0,True,True,True,True,True,True
1417.T,1417,ミライト・ワン,Prime,建設業,,2026-09-11,2614.0,3512.0,817760680.0,229900.0,1081344800.0,True,True,True,True,True,True
8367.T,8367,南都銀行,Prime,銀行業,,2026-09-11,2614.0,1951.0,814657920.0,421365.0,1378966800.0,True,True,True,True,True,True
9519.T,9519,レノバ,Prime,電気・ガス業,,2026-09-11,2354.0,881.0,803484520.0,874975.0,726296400.0,True,True,True,True,True,True
8345.T,8345,岩手銀行,Prime,銀行業,,2026-09-11,2614.0,2623.0,801861505.0,320360.0,1281335500.0,True,True,True,True,True,True
2327.T,2327,日鉄ソリューションズ,Prime,情報・通信業,,2026-09-11,2614.0,3810.0,801411870.0,205180.0,850773000.0,True,True,True,True,True,True
8714.T,8714,池田泉州ホールディングス,Prime,銀行業,,2026-09-11,2614.0,1071.0,798636985.0,742225.0,1216548900.0,True,True,True,True,True,True
8919.T,8919,カチタス,Prime,不動産業,,2026-09-11,2614.0,3410.0,797524150.0,217265.0,955823000.0,True,True,True,True,True,True
8117.T,8117,中央自動車工業,Standard,卸売業,,2026-09-11,2614.0,2090.0,794017735.0,366685.0,579975000.0,True,True,True,True,True,True
2201.T,2201,森永製菓,Prime,食料品,,2026-09-11,2614.0,2442.0,791698155.0,313220.0,841513200.0,True,True,True,True,True,True
7846.T,7846,パイロットコーポレーション,Prime,その他製品,,2026-09-11,2614.0,2030.5,789537547.5,384245.0,738289800.0,True,True,True,True,True,True
6143.T,6143,ソディック,Prime,機械,,2026-09-11,2614.0,1607.0,784144665.0,457520.0,756093500.0,True,True,True,True,True,True
8425.T,8425,みずほリース,Prime,その他金融業,,2026-09-11,2614.0,1346.0,782178360.0,571965.0,658463200.0,True,True,True,True,True,True
2811.T,2811,カゴメ,Prime,食料品,,2026-09-11,2614.0,2757.0,776071672.5,286200.0,907053000.0,True,True,True,True,True,True
8424.T,8424,芙蓉総合リース,Prime,その他金融業,,2026-09-11,2614.0,4415.0,773692290.0,175145.0,891830000.0,True,True,True,True,True,True
6436.T,6436,アマノ,Prime,機械,,2026-09-11,2614.0,3875.0,770658615.0,196615.0,843587500.0,True,True,True,True,True,True
1833.T,1833,奥村組,Prime,建設業,,2026-09-11,2614.0,5650.0,767979850.0,133120.0,970105000.0,True,True,True,True,True,True
4544.T,4544,Ｈ．Ｕ．グループホールディングス,Prime,サービス業,,2026-09-11,2614.0,3367.0,765780045.0,216165.0,760942000.0,True,True,True,True,True,True
9842.T,9842,アークランズ,Prime,小売業,,2026-09-11,2614.0,1861.0,765776290.0,408090.0,284360800.0,True,True,True,True,True,True
8616.T,8616,東海東京フィナンシャル・ホールディングス,Prime,証券、商品先物取引業,,2026-09-11,2614.0,889.0,765257000.0,864605.0,924471100.0,True,True,True,True,True,True
7611.T,7611,ハイデイ日高,Prime,小売業,,2026-09-11,2614.0,2976.0,762645175.0,255420.0,326467200.0,True,True,True,True,True,True
6768.T,6768,タムラ製作所,Prime,電気機器,,2026-09-11,2614.0,807.0,762590655.0,956590.0,841620300.0,True,True,True,True,True,True
2695.T,2695,くら寿司,Prime,小売業,,2026-09-11,2614.0,1675.0,751367420.0,438510.0,1182885000.0,True,True,True,True,True,True
8392.T,8392,大分銀行,Prime,銀行業,,2026-09-11,2614.0,3040.0,750635840.0,257610.0,701632000.0,True,True,True,True,True,True
9044.T,9044,南海電気鉄道,Prime,陸運業,,2026-09-11,2614.0,3170.0,745860252.5,242085.0,1388460000.0,True,True,True,True,True,True
9936.T,9936,王将フードサービス,Prime,小売業,,2026-09-11,2614.0,2927.0,745498375.0,254275.0,1158506600.0,True,True,True,True,True,True
7616.T,7616,コロワイド,Prime,小売業,,2026-09-11,2614.0,2035.0,743231990.0,358320.0,850019500.0,True,True,True,True,True,True
2229.T,2229,カルビー,Prime,食料品,,2026-09-11,2614.0,3009.0,735304140.0,241040.0,999288900.0,True,True,True,True,True,True
4419.T,4419,Ｆｉｎａｔｅｘｔホールディングス,Growth,情報・通信業,,2026-09-11,1155.0,1338.0,733193280.0,538145.0,308944200.0,True,True,True,True,True,True
7777.T,7777,スリー・ディー・マトリックス,Growth,精密機器,,2026-09-11,2614.0,379.0,728173605.0,1985375.0,4055300000.0,True,True,True,True,True,True
6810.T,6810,マクセル,Prime,電気機器,,2026-09-11,2614.0,2501.0,725294815.0,288750.0,467436900.0,True,True,True,True,True,True
402A.T,402A,アクセルスペースホールディングス,Growth,輸送用機器,,2026-09-11,265.0,511.0,718571665.0,1364295.0,830834900.0,True,True,True,True,True,True
2980.T,2980,ＳＲＥホールディングス,Prime,不動産業,,2026-09-11,1643.0,2219.0,715543165.0,298180.0,690774700.0,True,True,True,True,True,True
8173.T,8173,上新電機,Prime,小売業,,2026-09-11,2614.0,4230.0,713623925.0,166420.0,504216000.0,True,True,True,True,True,True
4092.T,4092,日本化学工業,Prime,化学,,2026-09-11,2614.0,5340.0,713604250.0,132045.0,961734000.0,True,True,True,True,True,True
5724.T,5724,アサカ理研,Standard,非鉄金属,,2026-09-11,2614.0,3105.0,710762335.0,215495.0,182263500.0,True,True,True,True,True,True
4634.T,4634,ａｒｔｉｅｎｃｅ,Prime,化学,,2026-09-11,2614.0,5020.0,710045375.0,141100.0,848882000.0,True,True,True,True,True,True
7744.T,7744,ノーリツ鋼機,Prime,精密機器,,2026-09-11,2614.0,1954.0,709111495.0,350470.0,525821400.0,True,True,True,True,True,True
8344.T,8344,山形銀行,Prime,銀行業,,2026-09-11,2614.0,4985.0,707052650.0,153115.0,1413247500.0,True,True,True,True,True,True
9302.T,9302,三井倉庫ホールディングス,Prime,倉庫・運輸関連業,,2026-09-11,2614.0,3295.0,706868830.0,212110.0,865267000.0,True,True,True,True,True,True
4078.T,4078,堺化学工業,Prime,化学,,2026-09-11,2614.0,3575.0,704520950.0,183700.0,652080000.0,True,True,True,True,True,True
8393.T,8393,宮崎銀行,Prime,銀行業,,2026-09-11,2614.0,2693.0,703424690.0,274470.0,1099551900.0,True,True,True,True,True,True
5703.T,5703,日本軽金属ホールディングス,Prime,非鉄金属,,2026-09-11,2614.0,2909.0,702777810.0,233050.0,942806900.0,True,True,True,True,True,True
6958.T,6958,日本シイエムケイ,Prime,電気機器,,2026-09-11,2614.0,719.0,698859790.0,925010.0,423131500.0,True,True,True,True,True,True
7552.T,7552,ハピネット,Prime,卸売業,,2026-09-11,2614.0,3740.0,697296275.0,188285.0,491062000.0,True,True,True,True,True,True
9003.T,9003,相鉄ホールディングス,Prime,陸運業,,2026-09-11,2614.0,2626.0,693349897.5,265685.0,851874400.0,True,True,True,True,True,True
2334.T,2334,イオレ,Growth,サービス業,,2026-09-11,2147.0,574.0,691088105.0,1259395.0,296758000.0,True,True,True,True,True,True
3989.T,3989,シェアリングテクノロジー,Growth,情報・通信業,,2026-09-11,2243.0,1544.0,690915635.0,449125.0,2391192800.0,True,True,True,True,True,True
2780.T,2780,コメ兵ホールディングス,Standard,小売業,,2026-09-11,2614.0,4365.0,689039950.0,137220.0,628560000.0,True,True,True,True,True,True
8370.T,8370,紀陽銀行,Prime,銀行業,,2026-09-11,2614.0,5060.0,688218175.0,137295.0,1189100000.0,True,True,True,True,True,True
3002.T,3002,グンゼ,Prime,繊維製品,,2026-09-11,2614.0,4010.0,686062400.0,165490.0,611124000.0,True,True,True,True,True,True
8174.T,8174,日本瓦斯,Prime,小売業,,2026-09-11,2614.0,3028.0,684294825.0,227040.0,1022858400.0,True,True,True,True,True,True
6960.T,6960,フクダ電子,Standard,電気機器,,2026-09-11,2614.0,11670.0,683222050.0,57540.0,902091000.0,True,True,True,True,True,True
8336.T,8336,武蔵野銀行,Prime,銀行業,,2026-09-11,2614.0,2799.0,682048885.0,246220.0,852015600.0,True,True,True,True,True,True
9601.T,9601,松竹,Prime,情報・通信業,,2026-09-11,2614.0,10950.0,681330550.0,62740.0,494940000.0,True,True,True,True,True,True
1820.T,1820,西松建設,Prime,建設業,,2026-09-11,2614.0,5479.0,672221820.0,120915.0,565980700.0,True,True,True,True,True,True
8595.T,8595,ジャフコ　グループ,Prime,証券、商品先物取引業,,2026-09-11,2614.0,2237.0,668140827.5,291090.0,712931900.0,True,True,True,True,True,True
4432.T,4432,ウイングアーク１ｓｔ,Prime,情報・通信業,,2026-09-11,1345.0,3155.0,662281600.0,196920.0,329382000.0,True,True,True,True,True,True
6036.T,6036,ＫｅｅＰｅｒ技研,Prime,サービス業,,2026-09-11,2614.0,3520.0,661268750.0,197810.0,657888000.0,True,True,True,True,True,True
8609.T,8609,岡三証券グループ,Prime,証券、商品先物取引業,,2026-09-11,2614.0,1221.0,659894070.0,551390.0,513430500.0,True,True,True,True,True,True
4975.T,4975,ＪＣＵ,Prime,化学,,2026-09-11,2614.0,5760.0,654390700.0,118430.0,721152000.0,True,True,True,True,True,True
6617.T,6617,東光高岳,Prime,電気機器,,2026-09-11,2614.0,6530.0,649704500.0,92130.0,501504000.0,True,True,True,True,True,True
4919.T,4919,ミルボン,Prime,化学,,2026-09-11,2614.0,3130.0,649272450.0,201100.0,576859000.0,True,True,True,True,True,True
8362.T,8362,福井銀行,Prime,銀行業,,2026-09-11,2614.0,7680.0,645843350.0,91195.0,1509120000.0,True,True,True,True,True,True
8848.T,8848,レオパレス２１,Prime,不動産業,,2026-09-11,2614.0,657.0,641359200.0,999670.0,784195200.0,True,True,True,True,True,True
8016.T,8016,オンワードホールディングス,Prime,繊維製品,,2026-09-11,2614.0,698.0,640938215.0,858655.0,514844800.0,True,True,True,True,True,True
4927.T,4927,ポーラ・オルビスホールディングス,Prime,化学,,2026-09-11,2614.0,1339.0,635617720.0,461350.0,509757300.0,True,True,True,True,True,True
5331.T,5331,ノリタケ,Prime,ガラス・土石製品,,2026-09-11,2614.0,3420.0,633948625.0,175480.0,509580000.0,True,True,True,True,True,True
9759.T,9759,ＮＳＤ,Prime,情報・通信業,,2026-09-11,2614.0,2800.5,633182920.0,221160.0,760895850.0,True,True,True,True,True,True
9934.T,9934,因幡電機産業,Prime,卸売業,,2026-09-11,2614.0,3059.0,630253202.5,207425.0,739666200.0,True,True,True,True,True,True
7545.T,7545,西松屋チェーン,Prime,小売業,,2026-09-11,2614.0,1938.0,628319690.0,313510.0,274033200.0,True,True,True,True,True,True
8276.T,8276,平和堂,Prime,小売業,,2026-09-11,2614.0,2678.0,626902200.0,230895.0,243162400.0,True,True,True,True,True,True
6807.T,6807,日本航空電子工業,Prime,電気機器,,2026-09-11,2614.0,2488.0,625961140.0,258265.0,881249600.0,True,True,True,True,True,True
6140.T,6140,旭ダイヤモンド工業,Prime,機械,,2026-09-11,2614.0,1097.0,625373905.0,525410.0,509885600.0,True,True,True,True,True,True
7740.T,7740,タムロン,Prime,精密機器,,2026-09-11,2614.0,1333.0,623193835.0,454825.0,448021300.0,True,True,True,True,True,True
3465.T,3465,ケイアイスター不動産,Prime,不動産業,,2026-09-11,2614.0,3150.0,622092850.0,173545.0,525105000.0,True,True,True,True,True,True
1882.T,1882,東亜道路工業,Prime,建設業,,2026-09-11,2614.0,1585.0,621563075.0,385250.0,668394500.0,True,True,True,True,True,True
4046.T,4046,大阪ソーダ,Prime,化学,,2026-09-11,2614.0,1969.0,620800015.0,304385.0,625551300.0,True,True,True,True,True,True
8541.T,8541,愛媛銀行,Prime,銀行業,,2026-09-11,2614.0,3295.0,620774850.0,194905.0,692609000.0,True,True,True,True,True,True
6196.T,6196,ストライク,Prime,サービス業,,2026-09-11,2520.0,1394.0,619416915.0,445175.0,468105200.0,True,True,True,True,True,True
3222.T,3222,ユナイテッド・スーパーマーケット・ホールディングス,Standard,小売業,,2026-09-11,2614.0,843.0,619184400.0,743085.0,284512500.0,True,True,True,True,True,True
3360.T,3360,シップヘルスケアホールディングス,Prime,卸売業,,2026-09-11,2614.0,2423.5,617557810.0,259085.0,805571400.0,True,True,True,True,True,True
6104.T,6104,芝浦機械,Prime,機械,,2026-09-11,2614.0,4225.0,616685375.0,142550.0,1724645000.0,True,True,True,True,True,True
9031.T,9031,西日本鉄道,Prime,陸運業,,2026-09-11,2614.0,3122.0,615574525.0,198520.0,1211336000.0,True,True,True,True,True,True
9627.T,9627,アインホールディングス,Prime,小売業,,2026-09-11,2614.0,5863.0,615473735.0,101020.0,742842100.0,True,True,True,True,True,True
7085.T,7085,カーブスホールディングス,Prime,サービス業,,2026-09-11,1598.0,867.0,609578755.0,644600.0,290965200.0,True,True,True,True,True,True
8387.T,8387,四国銀行,Prime,銀行業,,2026-09-11,2614.0,4125.0,609499425.0,165350.0,1351350000.0,True,True,True,True,True,True
5541.T,5541,大平洋金属,Prime,鉄鋼,,2026-09-11,2614.0,2630.0,608485070.0,229075.0,594117000.0,True,True,True,True,True,True
2730.T,2730,エディオン,Prime,小売業,,2026-09-11,2614.0,2459.0,607526215.0,241680.0,827699400.0,True,True,True,True,True,True
3825.T,3825,リミックスポイント,Standard,小売業,,2026-09-11,2614.0,218.0,598594155.0,2539820.0,275922600.0,True,True,True,True,True,True
7184.T,7184,富山第一銀行,Prime,銀行業,,2026-09-11,2586.0,3465.0,596444025.0,180285.0,1125085500.0,True,True,True,True,True,True
1333.T,1333,マルハニチロ,Prime,水産・農林業,,2026-09-11,2614.0,1271.5,595286000.0,460300.0,598240750.0,True,True,True,True,True,True
2379.T,2379,ディップ,Prime,サービス業,,2026-09-11,2614.0,1797.0,593599050.0,322240.0,438827400.0,True,True,True,True,True,True
3433.T,3433,トーカロ,Prime,金属製品,,2026-09-11,2614.0,2752.0,593419355.0,213965.0,688275200.0,True,True,True,True,True,True
8550.T,8550,栃木銀行,Prime,銀行業,,2026-09-11,2614.0,1074.0,592954295.0,551765.0,749866800.0,True,True,True,True,True,True
5310.T,5310,東洋炭素,Prime,ガラス・土石製品,,2026-09-11,2614.0,7110.0,592003850.0,85180.0,991134000.0,True,True,True,True,True,True
3156.T,3156,レスター,Prime,卸売業,,2026-09-11,2614.0,5330.0,585034825.0,113770.0,933816000.0,True,True,True,True,True,True
6804.T,6804,ホシデン,Prime,電気機器,,2026-09-11,2614.0,2519.0,583026025.0,217430.0,613376500.0,True,True,True,True,True,True
4819.T,4819,デジタルガレージ,Prime,情報・通信業,,2026-09-11,2614.0,2238.0,581724745.0,259510.0,606050400.0,True,True,True,True,True,True
6013.T,6013,タクマ,Prime,機械,,2026-09-11,2614.0,2922.0,578786745.0,190170.0,734590800.0,True,True,True,True,True,True
6800.T,6800,ヨコオ,Prime,電気機器,,2026-09-11,2614.0,3965.0,577702900.0,147580.0,785466500.0,True,True,True,True,True,True
6379.T,6379,レイズネクスト,Prime,建設業,,2026-09-11,2614.0,2924.0,575745170.0,190190.0,822228800.0,True,True,True,True,True,True
8154.T,8154,加賀電子,Prime,卸売業,,2026-09-11,2614.0,4800.0,573954850.0,116215.0,555840000.0,True,True,True,True,True,True
8194.T,8194,ライフコーポレーション,Prime,小売業,,2026-09-11,2614.0,2666.0,570907800.0,211880.0,686495000.0,True,True,True,True,True,True
9409.T,9409,テレビ朝日ホールディングス,Prime,情報・通信業,,2026-09-11,2614.0,3135.0,568453075.0,182610.0,966207000.0,True,True,True,True,True,True
2805.T,2805,ヱスビー食品,Standard,食料品,,2026-09-11,2614.0,7450.0,566894100.0,80515.0,581845000.0,True,True,True,True,True,True
8707.T,8707,岩井コスモホールディングス,Prime,証券、商品先物取引業,,2026-09-11,2614.0,4670.0,562666250.0,122090.0,452523000.0,True,True,True,True,True,True
2124.T,2124,ジェイエイシーリクルートメント,Prime,サービス業,,2026-09-11,2614.0,956.0,561855945.0,564365.0,497215600.0,True,True,True,True,True,True
9682.T,9682,ＤＴＳ,Prime,情報・通信業,,2026-09-11,2614.0,1071.0,560557155.0,503840.0,607899600.0,True,True,True,True,True,True
4593.T,4593,ヘリオス,Growth,医薬品,,2026-09-11,2614.0,284.0,560319430.0,1978205.0,326628400.0,True,True,True,True,True,True
7296.T,7296,エフ・シー・シー,Prime,輸送用機器,,2026-09-11,2614.0,4105.0,559873975.0,134855.0,631349000.0,True,True,True,True,True,True
8600.T,8600,トモニホールディングス,Prime,銀行業,,2026-09-11,2614.0,1137.0,557847510.0,500515.0,803404200.0,True,True,True,True,True,True
3276.T,3276,ＪＰＭＣ,Prime,不動産業,,2026-09-11,2614.0,2248.0,554861635.0,245985.0,622471200.0,True,True,True,True,True,True
7513.T,7513,コジマ,Prime,小売業,,2026-09-11,2614.0,1419.0,553591155.0,387820.0,266062500.0,True,True,True,True,True,True
6250.T,6250,やまびこ,Prime,機械,,2026-09-11,2614.0,4305.0,552589550.0,128305.0,1018993500.0,True,True,True,True,True,True
6521.T,6521,オキサイド,Growth,電気機器,,2026-09-11,1331.0,3085.0,549122850.0,169795.0,420177000.0,True,True,True,True,True,True
4071.T,4071,プラスアルファ・コンサルティング,Prime,情報・通信業,,2026-09-11,1273.0,2028.0,546547325.0,254515.0,421621200.0,True,True,True,True,True,True
9880.T,9880,イノテック,Prime,電気機器,,2026-09-11,2614.0,3350.0,544932475.0,155165.0,479720000.0,True,True,True,True,True,True
9075.T,9075,福山通運,Prime,陸運業,,2026-09-11,2614.0,6140.0,540295950.0,85655.0,346910000.0,True,True,True,True,True,True
6412.T,6412,平和,Prime,機械,,2026-09-11,2614.0,2171.0,539374810.0,244850.0,600498600.0,True,True,True,True,True,True
9956.T,9956,バローホールディングス,Prime,小売業,,2026-09-11,2614.0,3245.0,537849150.0,165080.0,549703000.0,True,True,True,True,True,True
4028.T,4028,石原産業,Prime,化学,,2026-09-11,2614.0,2880.0,537806725.0,174365.0,563328000.0,True,True,True,True,True,True
9279.T,9279,ギフトホールディングス,Prime,小売業,,2026-09-11,1928.0,2151.0,536793445.0,222055.0,692622000.0,True,True,True,True,True,True
7313.T,7313,テイ・エス　テック,Prime,輸送用機器,,2026-09-11,2614.0,1814.0,536245255.0,292050.0,661747200.0,True,True,True,True,True,True
7947.T,7947,エフピコ,Prime,化学,,2026-09-11,2614.0,2792.0,535279255.0,191010.0,491671200.0,True,True,True,True,True,True
9824.T,9824,泉州電業,Prime,卸売業,,2026-09-11,2614.0,7780.0,535085050.0,72275.0,529040000.0,True,True,True,True,True,True
256A.T,256A,飛島ホールディングス,Prime,建設業,,2026-09-11,2614.0,2263.0,535033765.0,245970.0,945255100.0,True,True,True,True,True,True
7803.T,7803,ブシロード,Growth,その他製品,,2026-09-11,1740.0,444.0,532960200.0,1243470.0,790275600.0,True,True,True,True,True,True
6737.T,6737,ＥＩＺＯ,Prime,電気機器,,2026-09-11,2614.0,3015.0,531459240.0,173715.0,697068000.0,True,True,True,True,True,True
1723.T,1723,日本電技,Standard,建設業,,2026-09-11,2614.0,2485.0,531075570.0,232340.0,476126000.0,True,True,True,True,True,True
8572.T,8572,アコム,Standard,その他金融業,,2026-09-11,2614.0,484.29998779296875,530028662.81204224,1094100.0,623051934.2956543,True,True,True,True,True,True
3569.T,3569,セーレン,Prime,繊維製品,,2026-09-11,2614.0,3195.0,525076075.0,154160.0,759771000.0,True,True,True,True,True,True
5423.T,5423,東京製鐵,Prime,鉄鋼,,2026-09-11,2614.0,1706.0,524849335.0,304330.0,733068200.0,True,True,True,True,True,True
6237.T,6237,イワキポンプ,Prime,機械,,2026-09-11,2583.0,3860.0,521332525.0,122675.0,234688000.0,True,True,True,True,True,True
8511.T,8511,日本証券金融,Prime,その他金融業,,2026-09-11,2614.0,2431.0,520817540.0,209850.0,423723300.0,True,True,True,True,True,True
4187.T,4187,大阪有機化学工業,Prime,化学,,2026-09-11,2614.0,4020.0,519015650.0,117095.0,871134000.0,True,True,True,True,True,True
2760.T,2760,東京エレクトロン　デバイス,Prime,卸売業,,2026-09-11,2614.0,4095.0,517776425.0,126210.0,396805500.0,True,True,True,True,True,True
4849.T,4849,エン,Prime,サービス業,,2026-09-11,2614.0,1603.0,517216650.0,320340.0,836766000.0,True,True,True,True,True,True
2270.T,2270,雪印メグミルク,Prime,食料品,,2026-09-11,2614.0,3700.0,516625600.0,138645.0,474710000.0,True,True,True,True,True,True
4894.T,4894,クオリプス,Growth,医薬品,,2026-09-11,786.0,5260.0,516063750.0,94705.0,250902000.0,True,True,True,True,True,True
6516.T,6516,山洋電気,Prime,電気機器,,2026-09-11,2614.0,5180.0,516042800.0,95100.0,602434000.0,True,True,True,True,True,True
6072.T,6072,地盤ネットホールディングス,Growth,サービス業,,2026-09-11,2614.0,1114.0,515430385.0,479615.0,595544400.0,True,True,True,True,True,True
9436.T,9436,沖縄セルラー電話,Standard,情報・通信業,,2026-09-11,2614.0,4310.0,512206350.0,124185.0,1104222000.0,True,True,True,True,True,True
9336.T,9336,大栄環境,Prime,サービス業,,2026-09-11,917.0,3750.0,512151650.0,134900.0,465000000.0,True,True,True,True,True,True
3176.T,3176,三洋貿易,Prime,卸売業,,2026-09-11,2614.0,1143.0,510599800.0,441790.0,338785200.0,True,True,True,True,True,True
4746.T,4746,東計電算,Standard,情報・通信業,,2026-09-11,2614.0,7150.0,510227450.0,75790.0,277420000.0,True,True,True,True,True,True
9552.T,9552,Ｍ＆Ａ総研ホールディングス,Prime,サービス業,,2026-09-11,1031.0,996.0,509767225.0,464415.0,446905200.0,True,True,True,True,True,True
1419.T,1419,タマホーム,Prime,建設業,,2026-09-11,2614.0,2852.0,508817075.0,173980.0,292615200.0,True,True,True,True,True,True
3946.T,3946,トーモク,Prime,パルプ・紙,,2026-09-11,2614.0,4280.0,506756650.0,110670.0,231548000.0,True,True,True,True,True,True
7606.T,7606,ユナイテッドアローズ,Prime,小売業,,2026-09-11,2614.0,2299.0,506572035.0,207330.0,533827800.0,True,True,True,True,True,True
6023.T,6023,ダイハツインフィニアース,Standard,輸送用機器,,2026-09-11,2614.0,3160.0,505783815.0,164340.0,468944000.0,True,True,True,True,True,True
9119.T,9119,飯野海運,Prime,海運業,,2026-09-11,2614.0,1715.0,504070120.0,292995.0,513985500.0,True,True,True,True,True,True
325A.T,325A,ＴＥＮＴＩＡＬ,Growth,繊維製品,,2026-09-11,377.0,1746.0,503690880.0,282985.0,242694000.0,True,True,True,True,True,True
7730.T,7730,マニー,Prime,精密機器,,2026-09-11,2614.0,1422.0,502411400.0,325880.0,575341200.0,True,True,True,True,True,True
9247.T,9247,ＴＲＥホールディングス,Prime,サービス業,,2026-09-11,1211.0,1784.0,500570250.0,264225.0,427089600.0,True,True,True,True,True,True
5208.T,5208,有沢製作所,Prime,化学,,2026-09-11,2614.0,2535.0,499678995.0,191295.0,369096000.0,True,True,True,True,True,True
8129.T,8129,東邦ホールディングス,Prime,卸売業,,2026-09-11,2614.0,3940.0,497756015.0,125830.0,591394000.0,True,True,True,True,True,True
4968.T,4968,荒川化学工業,Prime,化学,,2026-09-11,2614.0,2125.0,497502870.0,224140.0,388237500.0,True,True,True,True,True,True
8005.T,8005,スクロール,Prime,小売業,,2026-09-11,2614.0,1729.0,497319660.0,275500.0,389197900.0,True,True,True,True,True,True
6914.T,6914,オプテックスグループ,Prime,電気機器,,2026-09-11,2614.0,3045.0,496636750.0,154365.0,518259000.0,True,True,True,True,True,True
5702.T,5702,大紀アルミニウム工業所,Prime,非鉄金属,,2026-09-11,2614.0,1731.0,495076220.0,266060.0,562055700.0,True,True,True,True,True,True
8614.T,8614,東洋証券,Prime,証券、商品先物取引業,,2026-09-11,2614.0,714.0,494702320.0,682320.0,400339800.0,True,True,True,True,True,True
7226.T,7226,極東開発工業,Prime,輸送用機器,,2026-09-11,2614.0,2265.0,494374785.0,213580.0,505774500.0,True,True,True,True,True,True
4617.T,4617,中国塗料,Prime,化学,,2026-09-11,2614.0,3445.0,493834200.0,138705.0,755488500.0,True,True,True,True,True,True
6363.T,6363,酉島製作所,Prime,機械,,2026-09-11,2614.0,2832.0,493480895.0,163945.0,470112000.0,True,True,True,True,True,True
4425.T,4425,Ｋｕｄａｎ,Growth,情報・通信業,,2026-09-11,1884.0,1421.0,493146285.0,332215.0,276242400.0,True,True,True,True,True,True
8098.T,8098,稲畑産業,Prime,卸売業,,2026-09-11,2614.0,4455.0,491950175.0,112250.0,925749000.0,True,True,True,True,True,True
9603.T,9603,エイチ・アイ・エス,Prime,サービス業,,2026-09-11,2614.0,1172.0,489607760.0,418945.0,558692400.0,True,True,True,True,True,True
7381.T,7381,ＣＣＩグループ,Prime,銀行業,,2026-09-11,1211.0,1278.0,487894105.0,386745.0,902907000.0,True,True,True,True,True,True
7609.T,7609,ダイトロン,Prime,卸売業,,2026-09-11,2614.0,3935.0,486008200.0,118595.0,487940000.0,True,True,True,True,True,True
7157.T,7157,ライフネット生命保険,Prime,保険業,,2026-09-11,2614.0,1393.0,485650735.0,333320.0,541459100.0,True,True,True,True,True,True
287A.T,287A,黒田グループ,Standard,卸売業,,2026-09-11,423.0,1126.0,483459760.0,411355.0,521112800.0,True,True,True,True,True,True
2353.T,2353,日本駐車場開発,Prime,不動産業,,2026-09-11,2614.0,258.0,482704980.0,1803265.0,563704200.0,True,True,True,True,True,True
1965.T,1965,テクノ菱和,Standard,建設業,,2026-09-11,2614.0,6970.0,482197050.0,72040.0,378471000.0,True,True,True,True,True,True
5602.T,5602,栗本鐵工所,Prime,鉄鋼,,2026-09-11,2614.0,1617.0,480930715.0,280145.0,360267600.0,True,True,True,True,True,True
4889.T,4889,レナサイエンス,Growth,医薬品,,2026-09-11,1216.0,1150.0,479895540.0,375240.0,264960000.0,True,True,True,True,True,True
1879.T,1879,新日本建設,Prime,建設業,,2026-09-11,2614.0,2236.0,475673810.0,206130.0,914076800.0,True,True,True,True,True,True
3449.T,3449,テクノフレックス,Standard,金属製品,,2026-09-11,1650.0,3955.0,474876750.0,120685.0,336175000.0,True,True,True,True,True,True
7287.T,7287,日本精機,Standard,輸送用機器,,2026-09-11,2614.0,2609.0,473191250.0,178030.0,434398500.0,True,True,True,True,True,True
3661.T,3661,エムアップホールディングス,Prime,情報・通信業,,2026-09-11,2614.0,778.0,472814085.0,573440.0,384020800.0,True,True,True,True,True,True
2296.T,2296,伊藤ハム米久ホールディングス,Prime,食料品,,2026-09-11,2574.0,5000.0,472605800.0,93120.0,519500000.0,True,True,True,True,True,True
6454.T,6454,マックス,Prime,機械,,2026-09-11,2614.0,1899.0,472581990.0,256525.0,702630000.0,True,True,True,True,True,True
4674.T,4674,クレスコ,Prime,情報・通信業,,2026-09-11,2614.0,1742.0,471641945.0,241065.0,287255800.0,True,True,True,True,True,True
5482.T,5482,愛知製鋼,Prime,鉄鋼,,2026-09-11,2614.0,3115.0,471103400.0,146165.0,515844000.0,True,True,True,True,True,True
9743.T,9743,丹青社,Prime,サービス業,,2026-09-11,2614.0,1471.0,470498905.0,313270.0,758741800.0,True,True,True,True,True,True
1952.T,1952,新日本空調,Prime,建設業,,2026-09-11,2614.0,3140.0,470115450.0,150540.0,519356000.0,True,True,True,True,True,True
150A.T,150A,ＪＳＨ,Growth,サービス業,,2026-09-11,604.0,779.0,469788555.0,632295.0,162655200.0,True,True,True,True,True,True
4549.T,4549,栄研化学,Prime,医薬品,,2026-09-11,2614.0,2216.0,469529690.0,202730.0,288301600.0,True,True,True,True,True,True
9948.T,9948,アークス,Prime,小売業,,2026-09-11,2614.0,3705.0,468910475.0,126005.0,501657000.0,True,True,True,True,True,True
5574.T,5574,ＡＢＥＪＡ,Growth,情報・通信業,,2026-09-11,795.0,2965.0,468440075.0,156225.0,277820500.0,True,True,True,True,True,True
8061.T,8061,西華産業,Prime,卸売業,,2026-09-11,2614.0,2903.0,466797045.0,152135.0,357649600.0,True,True,True,True,True,True
8153.T,8153,モスフードサービス,Prime,卸売業,,2026-09-11,2614.0,3925.0,465242300.0,118920.0,783822500.0,True,True,True,True,True,True
7384.T,7384,プロクレアホールディングス,Prime,銀行業,,2026-09-11,1089.0,5110.0,463495700.0,97915.0,678097000.0,True,True,True,True,True,True
8897.T,8897,ＭＩＲＡＲＴＨホールディングス,Prime,不動産業,,2026-09-11,2614.0,438.0,462086850.0,1010120.0,285795000.0,True,True,True,True,True,True
2326.T,2326,デジタルアーツ,Prime,情報・通信業,,2026-09-11,2614.0,4485.0,458536600.0,102115.0,710424000.0,True,True,True,True,True,True
7245.T,7245,大同メタル工業,Prime,輸送用機器,,2026-09-11,2614.0,1109.0,457493235.0,373525.0,372402200.0,True,True,True,True,True,True
9425.T,9425,ＲｅＹｕｕ　Ｊａｐａｎ,Standard,情報・通信業,,2026-09-11,2614.0,263.0,457360855.0,1779385.0,1037009000.0,True,True,True,True,True,True
4521.T,4521,科研製薬,Prime,医薬品,,2026-09-11,2614.0,3830.0,457010925.0,115445.0,460366000.0,True,True,True,True,True,True
6395.T,6395,タダノ,Prime,機械,,2026-09-11,2614.0,1338.0,456057145.0,329110.0,390696000.0,True,True,True,True,True,True
7715.T,7715,長野計器,Prime,精密機器,,2026-09-11,2614.0,3800.0,455773300.0,113425.0,327940000.0,True,True,True,True,True,True
7242.T,7242,カヤバ,Prime,輸送用機器,,2026-09-11,2614.0,4660.0,455714175.0,96410.0,460408000.0,True,True,True,True,True,True
9678.T,9678,カナモト,Prime,サービス業,,2026-09-11,2614.0,5420.0,455636750.0,82730.0,607040000.0,True,True,True,True,True,True
9887.T,9887,松屋フーズホールディングス,Prime,小売業,,2026-09-11,2614.0,5240.0,453902325.0,88700.0,215888000.0,True,True,True,True,True,True
7746.T,7746,岡本硝子,Standard,精密機器,,2026-09-11,2614.0,813.0,453598515.0,579210.0,277151700.0,True,True,True,True,True,True
6794.T,6794,フォスター電機,Prime,電気機器,,2026-09-11,2614.0,2990.0,452192370.0,150870.0,610558000.0,True,True,True,True,True,True
417A.T,417A,ブルーゾーンホールディングス,Prime,小売業,,2026-09-11,2614.0,1899.0,451533090.0,241150.0,493550100.0,True,True,True,True,True,True
1926.T,1926,ライト工業,Prime,建設業,,2026-09-11,2614.0,3760.0,451200550.0,118740.0,690336000.0,True,True,True,True,True,True
2602.T,2602,日清オイリオグループ,Prime,食料品,,2026-09-11,2614.0,2097.0,450960575.0,219020.0,876546000.0,True,True,True,True,True,True
2659.T,2659,サンエー,Prime,小売業,,2026-09-11,2614.0,3335.0,450123425.0,134000.0,766049500.0,True,True,True,True,True,True
3762.T,3762,テクマトリックス,Prime,情報・通信業,,2026-09-11,2614.0,2378.0,450022640.0,188655.0,580232000.0,True,True,True,True,True,True
3036.T,3036,アルコニックス,Prime,卸売業,,2026-09-11,2614.0,3290.0,449987600.0,131860.0,364203000.0,True,True,True,True,True,True
4825.T,4825,ウェザーニューズ,Prime,情報・通信業,,2026-09-11,2614.0,1978.0,449132295.0,218055.0,289183600.0,True,True,True,True,True,True
7236.T,7236,ティラド,Prime,輸送用機器,,2026-09-11,2614.0,1444.0,444889625.0,291885.0,518540400.0,True,True,True,True,True,True
6331.T,6331,三菱化工機,Prime,機械,,2026-09-11,2614.0,3255.0,443263950.0,136535.0,574507500.0,True,True,True,True,True,True
5161.T,5161,西川ゴム工業,Standard,ゴム製品,,2026-09-11,2614.0,3470.0,443119875.0,123475.0,459775000.0,True,True,True,True,True,True
8337.T,8337,千葉興業銀行,Prime,銀行業,,2026-09-11,2614.0,2642.0,442769300.0,164060.0,310170800.0,True,True,True,True,True,True
262A.T,262A,インターメスティック,Prime,小売業,,2026-09-11,464.0,1675.0,439479260.0,245710.0,571007500.0,True,True,True,True,True,True
4045.T,4045,東亞合成,Prime,化学,,2026-09-11,2614.0,1792.5,438985497.5,239015.0,592600500.0,True,True,True,True,True,True
7433.T,7433,伯東,Prime,卸売業,,2026-09-11,2614.0,5410.0,438468950.0,83440.0,837468000.0,True,True,True,True,True,True
167A.T,167A,リョーサン菱洋ホールディングス,Prime,卸売業,,2026-09-11,2614.0,3170.0,437456600.0,137755.0,456163000.0,True,True,True,True,True,True
3932.T,3932,アカツキ,Prime,情報・通信業,,2026-09-11,2584.0,3420.0,437131200.0,118710.0,267786000.0,True,True,True,True,True,True
7383.T,7383,ネットプロテクションズホールディングス,Prime,その他金融業,,2026-09-11,1160.0,381.0,436708340.0,1026500.0,222275400.0,True,True,True,True,True,True
6371.T,6371,椿本チエイン,Prime,機械,,2026-09-11,2614.0,2664.0,436667385.0,162650.0,652413600.0,True,True,True,True,True,True
9010.T,9010,富士急行,Prime,陸運業,,2026-09-11,2614.0,2594.0,435706350.0,161110.0,350708800.0,True,True,True,True,True,True
7780.T,7780,メニコン,Prime,精密機器,,2026-09-11,2614.0,1668.0,434167360.0,231990.0,447024000.0,True,True,True,True,True,True
8151.T,8151,東陽テクニカ,Prime,卸売業,,2026-09-11,2614.0,1810.0,434124125.0,221545.0,312768000.0,True,True,True,True,True,True
6570.T,6570,共和コーポレーション,Standard,サービス業,,2026-09-11,2082.0,3260.0,433882850.0,112165.0,226570000.0,True,True,True,True,True,True
6644.T,6644,大崎電気工業,Prime,電気機器,,2026-09-11,2614.0,1437.0,433780615.0,288885.0,442164900.0,True,True,True,True,True,True
2317.T,2317,システナ,Prime,情報・通信業,,2026-09-11,2614.0,425.0,433608850.0,976465.0,469030000.0,True,True,True,True,True,True
8059.T,8059,第一実業,Prime,卸売業,,2026-09-11,2614.0,3615.0,432745250.0,117660.0,270040500.0,True,True,True,True,True,True
1941.T,1941,中電工,Prime,建設業,,2026-09-11,2614.0,5120.0,431575950.0,83970.0,549376000.0,True,True,True,True,True,True
6474.T,6474,不二越,Prime,機械,,2026-09-11,2614.0,5230.0,430882000.0,77295.0,325829000.0,True,True,True,True,True,True
166A.T,166A,タスキホールディングス,Growth,不動産業,,2026-09-11,600.0,1063.0,430740585.0,373015.0,263730300.0,True,True,True,True,True,True
7794.T,7794,イーディーピー,Growth,その他製品,,2026-09-11,1032.0,972.0,430068710.0,431105.0,280130400.0,True,True,True,True,True,True
2678.T,2678,アスクル,Prime,小売業,,2026-09-11,2614.0,1200.0,428951890.0,337620.0,676440000.0,True,True,True,True,True,True
8399.T,8399,琉球銀行,Prime,銀行業,,2026-09-11,2614.0,3220.0,428735975.0,133200.0,767970000.0,True,True,True,True,True,True
6226.T,6226,守谷輸送機工業,Standard,機械,,2026-09-11,1099.0,2153.0,428468695.0,189510.0,358043900.0,True,True,True,True,True,True
8622.T,8622,水戸証券,Prime,証券、商品先物取引業,,2026-09-11,2614.0,951.0,428349005.0,455435.0,293668800.0,True,True,True,True,True,True
7458.T,7458,第一興商,Prime,卸売業,,2026-09-11,2614.0,1828.5,427762505.0,229335.0,524962350.0,True,True,True,True,True,True
6736.T,6736,サン電子,Standard,電気機器,,2026-09-11,2614.0,9690.0,427755000.0,51890.0,360468000.0,True,True,True,True,True,True
4665.T,4665,ダスキン,Prime,サービス業,,2026-09-11,2614.0,4580.0,427204975.0,91990.0,492350000.0,True,True,True,True,True,True
9304.T,9304,澁澤倉庫,Prime,倉庫・運輸関連業,,2026-09-11,2614.0,2081.0,425842015.0,206800.0,207267600.0,True,True,True,True,True,True
4290.T,4290,プレステージ・インターナショナル,Prime,サービス業,,2026-09-11,2614.0,670.0,425732880.0,600115.0,396707000.0,True,True,True,True,True,True
350A.T,350A,デジタルグリッド,Growth,電気・ガス業,,2026-09-11,341.0,711.0,423046485.0,546580.0,2410858800.0,True,True,True,True,True,True
4477.T,4477,ＢＡＳＥ,Growth,情報・通信業,,2026-09-11,1681.0,336.0,420350860.0,1217750.0,360460800.0,True,True,True,True,True,True
3673.T,3673,ブロードリーフ,Prime,情報・通信業,,2026-09-11,2614.0,458.0,420239750.0,901180.0,405238400.0,True,True,True,True,True,True
5975.T,5975,東プレ,Prime,金属製品,,2026-09-11,2614.0,3255.0,419677975.0,127865.0,405247500.0,True,True,True,True,True,True
9793.T,9793,ダイセキ,Prime,サービス業,,2026-09-11,2614.0,3655.0,419406900.0,111460.0,420325000.0,True,True,True,True,True,True
3083.T,3083,スターシーズ,Standard,小売業,,2026-09-11,2614.0,1244.0,419050760.0,341970.0,363248000.0,True,True,True,True,True,True
2170.T,2170,リンクアンドモチベーション,Prime,サービス業,,2026-09-11,2614.0,647.0,415909850.0,612850.0,144151600.0,True,True,True,True,True,True
7018.T,7018,内海造船,Standard,輸送用機器,,2026-09-11,2614.0,12680.0,414041500.0,32865.0,379132000.0,True,True,True,True,True,True
8219.T,8219,青山商事,Prime,小売業,,2026-09-11,2614.0,754.0,414001240.0,541235.0,588723200.0,True,True,True,True,True,True
1663.T,1663,Ｋ＆Ｏエナジーグループ,Prime,鉱業,,2026-09-11,2614.0,1926.0,413981775.0,210540.0,304308000.0,True,True,True,True,True,True
4222.T,4222,児玉化学工業,Standard,化学,,2026-09-11,2614.0,648.0,411287525.0,594470.0,541598400.0,True,True,True,True,True,True
6071.T,6071,ＩＢＪ,Prime,サービス業,,2026-09-11,2614.0,850.0,411189385.0,444170.0,211225000.0,True,True,True,True,True,True
4075.T,4075,ブレインズテクノロジー,Growth,情報・通信業,,2026-09-11,1255.0,1204.0,410885525.0,279895.0,264037200.0,True,True,True,True,True,True
2815.T,2815,アリアケジャパン,Prime,食料品,,2026-09-11,2614.0,5250.0,410482800.0,76330.0,666750000.0,True,True,True,True,True,True
3104.T,3104,富士紡ホールディングス,Prime,繊維製品,,2026-09-11,2614.0,3215.0,409184625.0,119895.0,440455000.0,True,True,True,True,True,True
8057.T,8057,内田洋行,Prime,卸売業,,2026-09-11,2614.0,2083.0,408949390.0,180930.0,329738900.0,True,True,True,True,True,True
4431.T,4431,スマレジ,Growth,情報・通信業,,2026-09-11,1839.0,3265.0,408150650.0,116625.0,216796000.0,True,True,True,True,True,True
1852.T,1852,淺沼組,Prime,建設業,,2026-09-11,2614.0,871.0,406327675.0,444985.0,353887300.0,True,True,True,True,True,True
7972.T,7972,イトーキ,Prime,その他製品,,2026-09-11,2614.0,2388.0,405676515.0,158860.0,563090400.0,True,True,True,True,True,True
5027.T,5027,ＡｎｙＭｉｎｄ　Ｇｒｏｕｐ,Growth,情報・通信業,,2026-09-11,847.0,749.0,405352325.0,529990.0,139014400.0,True,True,True,True,True,True
6183.T,6183,ベルシステム２４ホールディングス,Prime,サービス業,,2026-09-11,2614.0,1352.0,405038425.0,290510.0,299332800.0,True,True,True,True,True,True
8584.T,8584,ジャックス,Prime,その他金融業,,2026-09-11,2614.0,3730.0,403821225.0,106655.0,538612000.0,True,True,True,True,True,True
3591.T,3591,ワコールホールディングス,Prime,繊維製品,,2026-09-11,2614.0,3950.0,403728325.0,96970.0,613435000.0,True,True,True,True,True,True
7839.T,7839,ＳＨＯＥＩ,Prime,その他製品,,2026-09-11,2614.0,2046.0,403370700.0,193830.0,481628400.0,True,True,True,True,True,True
5246.T,5246,ＥＬＥＭＥＮＴＳ,Growth,情報・通信業,,2026-09-11,908.0,805.0,403105090.0,471590.0,296964500.0,True,True,True,True,True,True
7994.T,7994,オカムラ,Prime,その他製品,,2026-09-11,2614.0,2314.0,402579790.0,170470.0,824246800.0,True,True,True,True,True,True
8395.T,8395,佐賀銀行,Prime,銀行業,,2026-09-11,2614.0,6600.0,400466300.0,61485.0,473220000.0,True,True,True,True,True,True
3076.T,3076,あい　ホールディングス,Prime,卸売業,,2026-09-11,2614.0,2975.0,399554460.0,135470.0,366222500.0,True,True,True,True,True,True
2001.T,2001,ニップン,Prime,食料品,,2026-09-11,2614.0,2970.0,398133090.0,135775.0,509355000.0,True,True,True,True,True,True
8551.T,8551,北日本銀行,Prime,銀行業,,2026-09-11,2614.0,8480.0,397708700.0,51045.0,624128000.0,True,True,True,True,True,True
8051.T,8051,山善,Prime,卸売業,,2026-09-11,2614.0,1939.0,395034710.0,203990.0,396137700.0,True,True,True,True,True,True
4499.T,4499,Ｓｐｅｅｅ,Standard,情報・通信業,,2026-09-11,1509.0,2238.0,394969980.0,154295.0,208581600.0,True,True,True,True,True,True
9090.T,9090,ＡＺ－ＣＯＭ丸和ホールディングス,Prime,陸運業,,2026-09-11,2614.0,882.0,394563020.0,442475.0,479543400.0,True,True,True,True,True,True
4275.T,4275,カーリット,Prime,化学,,2026-09-11,2614.0,1958.0,394066535.0,193095.0,511429600.0,True,True,True,True,True,True
7944.T,7944,ローランド,Prime,その他製品,,2026-09-11,2614.0,3660.0,392625725.0,102290.0,259860000.0,True,True,True,True,True,True
8179.T,8179,ロイヤルホールディングス,Prime,小売業,,2026-09-11,2614.0,1342.0,391247590.0,290305.0,409444200.0,True,True,True,True,True,True
8065.T,8065,佐藤商事,Prime,卸売業,,2026-09-11,2614.0,3140.0,390715075.0,112930.0,1803616000.0,True,True,True,True,True,True
6588.T,6588,東芝テック,Prime,電気機器,,2026-09-11,2614.0,2780.0,390645885.0,130195.0,350836000.0,True,True,True,True,True,True
6929.T,6929,日本セラミック,Prime,電気機器,,2026-09-11,2614.0,3605.0,389969100.0,105045.0,321205500.0,True,True,True,True,True,True
9536.T,9536,西部ガスホールディングス,Prime,電気・ガス業,,2026-09-11,2614.0,2549.0,389897030.0,154810.0,250566700.0,True,True,True,True,True,True
1815.T,1815,鉄建建設,Prime,建設業,,2026-09-11,2614.0,4420.0,389029950.0,87210.0,448188000.0,True,True,True,True,True,True
3252.T,3252,地主,Prime,不動産業,,2026-09-11,2614.0,2745.0,388950185.0,133520.0,739228500.0,True,True,True,True,True,True
9303.T,9303,住友倉庫,Prime,倉庫・運輸関連業,,2026-09-11,2614.0,4125.0,386882200.0,93015.0,439725000.0,True,True,True,True,True,True
7516.T,7516,コーナン商事,Prime,小売業,,2026-09-11,2614.0,4480.0,386253750.0,86815.0,452928000.0,True,True,True,True,True,True
6986.T,6986,双葉電子工業,Prime,電気機器,,2026-09-11,2614.0,730.0,386250920.0,521750.0,534652000.0,True,True,True,True,True,True
7504.T,7504,高速,Prime,卸売業,,2026-09-11,2614.0,4395.0,384563400.0,80500.0,246559500.0,True,True,True,True,True,True
4553.T,4553,東和薬品,Prime,医薬品,,2026-09-11,2614.0,3520.0,383718075.0,102955.0,430848000.0,True,True,True,True,True,True
4420.T,4420,イーソル,Standard,情報・通信業,,2026-09-11,1932.0,820.0,382913655.0,453445.0,333002000.0,True,True,True,True,True,True
7199.T,7199,プレミアグループ,Prime,その他金融業,,2026-09-11,2144.0,2027.0,382052010.0,182295.0,374386900.0,True,True,True,True,True,True
3663.T,3663,セルシス,Prime,情報・通信業,,2026-09-11,2614.0,1751.0,381592140.0,204395.0,386095500.0,True,True,True,True,True,True
3844.T,3844,コムチュア,Prime,情報・通信業,,2026-09-11,2614.0,1265.0,381297085.0,287160.0,808967500.0,True,True,True,True,True,True
1377.T,1377,サカタのタネ,Prime,水産・農林業,,2026-09-11,2614.0,4360.0,380576025.0,86405.0,454748000.0,True,True,True,True,True,True
6727.T,6727,ワコム,Prime,電気機器,,2026-09-11,2614.0,795.0,380549715.0,466720.0,365859000.0,True,True,True,True,True,True
6866.T,6866,日置電機,Prime,電気機器,,2026-09-11,2614.0,10010.0,380439100.0,35330.0,295295000.0,True,True,True,True,True,True
2681.T,2681,ゲオホールディングス,Prime,小売業,,2026-09-11,2614.0,2216.0,380003945.0,162570.0,465581600.0,True,True,True,True,True,True
7047.T,7047,ポート,Growth,サービス業,,2026-09-11,1881.0,2065.0,379717460.0,171230.0,309543500.0,True,True,True,True,True,True
1968.T,1968,太平電業,Prime,建設業,,2026-09-11,2614.0,2513.0,378782960.0,153240.0,337495900.0,True,True,True,True,True,True
6998.T,6998,日本タングステン,Standard,電気機器,,2026-09-11,2614.0,3500.0,378725325.0,111655.0,315000000.0,True,True,True,True,True,True
6652.T,6652,ＩＤＥＣ,Prime,電気機器,,2026-09-11,2614.0,3575.0,378038725.0,103775.0,330330000.0,True,True,True,True,True,True
6744.T,6744,能美防災,Prime,電気機器,,2026-09-11,2614.0,3955.0,375464400.0,88610.0,358718500.0,True,True,True,True,True,True
7995.T,7995,バルカー,Prime,化学,,2026-09-11,2614.0,6370.0,375412300.0,56925.0,315952000.0,True,True,True,True,True,True
4928.T,4928,ノエビアホールディングス,Prime,化学,,2026-09-11,2614.0,4740.0,374288600.0,77380.0,412380000.0,True,True,True,True,True,True
4996.T,4996,クミアイ化学工業,Prime,化学,,2026-09-11,2614.0,663.0,374146335.0,498745.0,1570647000.0,True,True,True,True,True,True
3050.T,3050,ＤＣＭホールディングス,Prime,小売業,,2026-09-11,2614.0,1590.0,372180205.0,233515.0,389073000.0,True,True,True,True,True,True
4041.T,4041,日本曹達,Prime,化学,,2026-09-11,2614.0,3850.0,369865775.0,93970.0,549780000.0,True,True,True,True,True,True
2664.T,2664,カワチ薬品,Prime,小売業,,2026-09-11,2614.0,3725.0,369176425.0,98405.0,433590000.0,True,True,True,True,True,True
7613.T,7613,シークス,Prime,卸売業,,2026-09-11,2614.0,1500.0,368694720.0,231065.0,375450000.0,True,True,True,True,True,True
6340.T,6340,澁谷工業,Prime,機械,,2026-09-11,2614.0,5180.0,368454700.0,69885.0,317016000.0,True,True,True,True,True,True
4189.T,4189,ＫＨネオケム,Prime,化学,,2026-09-11,2445.0,3185.0,368414950.0,110600.0,380607500.0,True,True,True,True,True,True
5842.T,5842,インテグラル,Growth,証券、商品先物取引業,,2026-09-11,728.0,2958.0,368401890.0,122155.0,175113600.0,True,True,True,True,True,True
1946.T,1946,トーエネック,Prime,建設業,,2026-09-11,2614.0,2154.0,368120705.0,168075.0,520191000.0,True,True,True,True,True,True
8818.T,8818,京阪神ビルディング,Prime,不動産業,,2026-09-11,2614.0,1118.0,367582455.0,329910.0,331487000.0,True,True,True,True,True,True
3167.T,3167,ＴＯＫＡＩホールディングス,Prime,卸売業,,2026-09-11,2614.0,1322.0,367431565.0,281945.0,658223800.0,True,True,True,True,True,True
4418.T,4418,ＪＤＳＣ,Growth,情報・通信業,,2026-09-11,1157.0,1030.0,366948870.0,350715.0,130089000.0,True,True,True,True,True,True
4997.T,4997,日本農薬,Prime,化学,,2026-09-11,2614.0,1149.0,366794710.0,297910.0,466608900.0,True,True,True,True,True,True
1950.T,1950,日本電設工業,Prime,建設業,,2026-09-11,2614.0,3965.0,365869225.0,92285.0,440908000.0,True,True,True,True,True,True
9716.T,9716,乃村工藝社,Prime,サービス業,,2026-09-11,2614.0,1220.0,365354685.0,291005.0,489586000.0,True,True,True,True,True,True
6458.T,6458,新晃工業,Prime,機械,,2026-09-11,2614.0,1217.0,365205040.0,292715.0,267131500.0,True,True,True,True,True,True
6840.T,6840,ＡＫＩＢＡホールディングス,Standard,電気機器,,2026-09-11,2614.0,778.0,364567940.0,463265.0,320769400.0,True,True,True,True,True,True
6995.T,6995,東海理化電機製作所,Prime,輸送用機器,,2026-09-11,2614.0,3130.0,364424450.0,116265.0,657926000.0,True,True,True,True,True,True
3245.T,3245,ディア・ライフ,Prime,不動産業,,2026-09-11,2614.0,1068.0,364395295.0,321715.0,313992000.0,True,True,True,True,True,True
3851.T,3851,日本一ソフトウェア,Standard,情報・通信業,,2026-09-11,2614.0,1393.0,363951470.0,257575.0,199338300.0,True,True,True,True,True,True
2590.T,2590,ダイドーグループホールディングス,Prime,食料品,,2026-09-11,2614.0,3015.0,363193360.0,119590.0,236979000.0,True,True,True,True,True,True
3443.T,3443,川田テクノロジーズ,Prime,金属製品,,2026-09-11,2614.0,1375.0,362587620.0,260725.0,345262500.0,True,True,True,True,True,True
3087.T,3087,ドトール・日レスホールディングス,Prime,小売業,,2026-09-11,2614.0,3275.0,361203275.0,108690.0,424767500.0,True,True,True,True,True,True
3854.T,3854,アイル,Prime,情報・通信業,,2026-09-11,2614.0,2121.0,360850310.0,156785.0,330876000.0,True,True,True,True,True,True
1934.T,1934,ユアテック,Prime,建設業,,2026-09-11,2614.0,2587.0,360694880.0,140585.0,288450500.0,True,True,True,True,True,True
9715.T,9715,トランス・コスモス,Prime,サービス業,,2026-09-11,2614.0,3470.0,359548025.0,98365.0,601698000.0,True,True,True,True,True,True
2874.T,2874,横浜冷凍,Prime,卸売業,,2026-09-11,2614.0,2211.0,359497350.0,164925.0,404613000.0,True,True,True,True,True,True
8585.T,8585,オリエントコーポレーション,Prime,その他金融業,,2026-09-11,2614.0,849.0,359283665.0,417630.0,608902800.0,True,True,True,True,True,True
3399.T,3399,丸千代山岡家,Standard,小売業,,2026-09-11,2614.0,3820.0,358795475.0,90435.0,755596000.0,True,True,True,True,True,True
2220.T,2220,亀田製菓,Prime,食料品,,2026-09-11,2614.0,1349.0,358291740.0,260255.0,245383100.0,True,True,True,True,True,True
9278.T,9278,ブックオフグループホールディングス,Prime,小売業,,2026-09-11,1942.0,2659.0,357361370.0,122715.0,264304600.0,True,True,True,True,True,True
8803.T,8803,平和不動産,Prime,不動産業,,2026-09-11,2614.0,2318.0,357216630.0,150520.0,468931400.0,True,True,True,True,True,True
7864.T,7864,フジシールインターナショナル,Prime,その他製品,,2026-09-11,2614.0,3240.0,357061525.0,108910.0,460080000.0,True,True,True,True,True,True
7246.T,7246,プレス工業,Prime,輸送用機器,,2026-09-11,2614.0,991.0,354414310.0,353315.0,374796200.0,True,True,True,True,True,True
135A.T,135A,ＶＲＡＩＮ　Ｓｏｌｕｔｉｏｎ,Growth,情報・通信業,,2026-09-11,625.0,4395.0,353894225.0,83145.0,266776500.0,True,True,True,True,True,True
4686.T,4686,ジャストシステム,Prime,情報・通信業,,2026-09-11,2614.0,4270.0,353010625.0,85055.0,450485000.0,True,True,True,True,True,True
4165.T,4165,プレイド,Growth,情報・通信業,,2026-09-11,1402.0,629.0,352872755.0,502385.0,175113600.0,True,True,True,True,True,True
7981.T,7981,タカラスタンダード,Prime,その他製品,,2026-09-11,2614.0,3065.0,352214260.0,114250.0,320599000.0,True,True,True,True,True,True
6287.T,6287,サトー,Prime,機械,,2026-09-11,2614.0,2613.0,351229610.0,126410.0,250848000.0,True,True,True,True,True,True
1899.T,1899,福田組,Prime,建設業,,2026-09-11,2614.0,4585.0,350892925.0,73650.0,230167000.0,True,True,True,True,True,True
7743.T,7743,シード,Prime,精密機器,,2026-09-11,2614.0,792.0,350160090.0,451280.0,306583200.0,True,True,True,True,True,True
4569.T,4569,杏林製薬,Prime,医薬品,,2026-09-11,2614.0,1091.0,349136995.0,302050.0,256603200.0,True,True,True,True,True,True
8218.T,8218,コメリ,Prime,小売業,,2026-09-11,2614.0,3880.0,348568500.0,90105.0,420980000.0,True,True,True,True,True,True
6209.T,6209,リケンＮＰＲ,Prime,機械,,2026-09-11,720.0,3790.0,347577800.0,88250.0,380895000.0,True,True,True,True,True,True
6750.T,6750,エレコム,Prime,電気機器,,2026-09-11,2614.0,1955.0,345983815.0,175445.0,330395000.0,True,True,True,True,True,True
9757.T,9757,船井総研ホールディングス,Prime,サービス業,,2026-09-11,2614.0,1156.0,345956900.0,297010.0,320905600.0,True,True,True,True,True,True
1945.T,1945,東京エネシス,Prime,建設業,,2026-09-11,2614.0,2073.0,344283320.0,164990.0,521774100.0,True,True,True,True,True,True
4633.T,4633,サカタインクス,Prime,化学,,2026-09-11,2614.0,2540.0,343114655.0,130550.0,340106000.0,True,True,True,True,True,True
5480.T,5480,日本冶金工業,Prime,鉄鋼,,2026-09-11,2614.0,5260.0,340904250.0,62880.0,418170000.0,True,True,True,True,True,True
6080.T,6080,Ｍ＆Ａキャピタルパートナーズ,Prime,サービス業,,2026-09-11,2614.0,4010.0,339896700.0,81880.0,286715000.0,True,True,True,True,True,True
4095.T,4095,日本パーカライジング,Prime,化学,,2026-09-11,2614.0,1748.0,338853610.0,194230.0,489440000.0,True,True,True,True,True,True
6118.T,6118,アイダエンジニアリング,Prime,機械,,2026-09-11,2614.0,1230.0,337597500.0,272070.0,420783000.0,True,True,True,True,True,True
6745.T,6745,ホーチキ,Prime,電気機器,,2026-09-11,2614.0,1843.0,337406710.0,171990.0,362518100.0,True,True,True,True,True,True
4220.T,4220,リケンテクノス,Prime,化学,,2026-09-11,2614.0,2317.0,336830690.0,130570.0,275491300.0,True,True,True,True,True,True
3093.T,3093,トレジャー・ファクトリー,Prime,小売業,,2026-09-11,2614.0,1836.0,335749045.0,169095.0,448351200.0,True,True,True,True,True,True
6597.T,6597,ＨＰＣシステムズ,Growth,電気機器,,2026-09-11,1700.0,3420.0,333402000.0,93780.0,215802000.0,True,True,True,True,True,True
5851.T,5851,リョービ,Prime,非鉄金属,,2026-09-11,2614.0,2627.0,333307030.0,120840.0,466817900.0,True,True,True,True,True,True
1720.T,1720,東急建設,Prime,建設業,,2026-09-11,2614.0,1179.0,332614110.0,285350.0,281781000.0,True,True,True,True,True,True
8130.T,8130,サンゲツ,Prime,卸売業,,2026-09-11,2614.0,3175.0,331351225.0,103970.0,471170000.0,True,True,True,True,True,True
8715.T,8715,アニコム　ホールディングス,Prime,保険業,,2026-09-11,2614.0,1017.0,329965565.0,303765.0,263708100.0,True,True,True,True,True,True
9605.T,9605,東映,Prime,情報・通信業,,2026-09-11,2614.0,6000.0,329712150.0,54910.0,416400000.0,True,True,True,True,True,True
2384.T,2384,ＳＢＳホールディングス,Prime,陸運業,,2026-09-11,2614.0,4810.0,328978400.0,65315.0,232323000.0,True,True,True,True,True,True
5451.T,5451,ヨドコウ,Prime,鉄鋼,,2026-09-11,2614.0,1414.0,326402060.0,229215.0,411049800.0,True,True,True,True,True,True
6349.T,6349,小森コーポレーション,Prime,機械,,2026-09-11,2614.0,1947.0,325969395.0,163610.0,352407000.0,True,True,True,True,True,True
6677.T,6677,エスケーエレクトロニクス,Standard,電気機器,,2026-09-11,2614.0,3185.0,325805425.0,101215.0,272636000.0,True,True,True,True,True,True
4393.T,4393,バンク・オブ・イノベーション,Growth,情報・通信業,,2026-09-11,1991.0,5560.0,324699300.0,58545.0,198492000.0,True,True,True,True,True,True
2986.T,2986,ＬＡホールディングス,Growth,不動産業,,2026-09-11,1516.0,2785.0,324043255.0,115065.0,261233000.0,True,True,True,True,True,True
6486.T,6486,イーグル工業,Prime,機械,,2026-09-11,2614.0,2994.0,323990790.0,107785.0,397303800.0,True,True,True,True,True,True
9692.T,9692,シーイーシー,Prime,情報・通信業,,2026-09-11,2614.0,2106.0,323435440.0,136170.0,801122400.0,True,True,True,True,True,True
8125.T,8125,ワキタ,Prime,卸売業,,2026-09-11,2614.0,1954.0,322761600.0,164870.0,262226800.0,True,True,True,True,True,True
6668.T,6668,アドテック　プラズマ　テクノロジー,Standard,電気機器,,2026-09-11,2614.0,3965.0,322641025.0,82215.0,205783500.0,True,True,True,True,True,True
7241.T,7241,フタバ産業,Prime,輸送用機器,,2026-09-11,2614.0,1073.0,320256800.0,290580.0,437784000.0,True,True,True,True,True,True
9889.T,9889,ＪＢＣＣホールディングス,Prime,情報・通信業,,2026-09-11,2614.0,1593.0,319692350.0,188640.0,287217900.0,True,True,True,True,True,True
5632.T,5632,三菱製鋼,Prime,鉄鋼,,2026-09-11,2614.0,2309.0,318741300.0,131790.0,406153100.0,True,True,True,True,True,True
3034.T,3034,クオールホールディングス,Prime,小売業,,2026-09-11,2614.0,2199.0,316497710.0,129670.0,284110800.0,True,True,True,True,True,True
7128.T,7128,フルサト・マルカホールディングス,Prime,卸売業,,2026-09-11,1211.0,2798.0,316290785.0,112180.0,572750600.0,True,True,True,True,True,True
6584.T,6584,三櫻工業,Prime,輸送用機器,,2026-09-11,2614.0,771.0,316109085.0,398870.0,160753500.0,True,True,True,True,True,True
8706.T,8706,極東証券,Prime,証券、商品先物取引業,,2026-09-11,2614.0,1888.0,315886840.0,165590.0,268662400.0,True,True,True,True,True,True
1514.T,1514,住石ホールディングス,Standard,鉱業,,2026-09-11,2614.0,633.0,314768345.0,464235.0,139893000.0,True,True,True,True,True,True
3191.T,3191,ジョイフル本田,Prime,小売業,,2026-09-11,2614.0,2245.0,314753665.0,139335.0,327096500.0,True,True,True,True,True,True
5889.T,5889,Ｊａｐａｎ　Ｅｙｅｗｅａｒ　Ｈｏｌｄｉｎｇｓ,Prime,小売業,,2026-09-11,689.0,2498.0,313986925.0,120930.0,359712000.0,True,True,True,True,True,True
3676.T,3676,デジタルハーツホールディングス,Prime,情報・通信業,,2026-09-11,2614.0,1058.0,313310785.0,296010.0,263653600.0,True,True,True,True,True,True
2281.T,2281,プリマハム,Prime,食料品,,2026-09-11,2614.0,2390.0,312244210.0,128835.0,337707000.0,True,True,True,True,True,True
8200.T,8200,リンガーハット,Prime,小売業,,2026-09-11,2614.0,2307.0,312077055.0,133830.0,147417300.0,True,True,True,True,True,True
7224.T,7224,新明和工業,Prime,輸送用機器,,2026-09-11,2614.0,1897.0,312057180.0,159305.0,344115800.0,True,True,True,True,True,True
212A.T,212A,フィットイージー,Prime,サービス業,,2026-09-11,523.0,2800.0,310696310.0,105580.0,427280000.0,True,True,True,True,True,True
9832.T,9832,オートバックスセブン,Prime,卸売業,,2026-09-11,2614.0,1579.0,310687275.0,198690.0,630494700.0,True,True,True,True,True,True
3608.T,3608,ＴＳＩホールディングス,Prime,繊維製品,,2026-09-11,2614.0,1211.0,310549340.0,247235.0,271385100.0,True,True,True,True,True,True
6844.T,6844,新電元工業,Prime,電気機器,,2026-09-11,2614.0,2864.0,310501025.0,101540.0,353704000.0,True,True,True,True,True,True
7409.T,7409,ＡｅｒｏＥｄｇｅ,Growth,輸送用機器,,2026-09-11,780.0,1403.0,310306065.0,208845.0,242438400.0,True,True,True,True,True,True
7734.T,7734,理研計器,Prime,精密機器,,2026-09-11,2614.0,3380.0,309818450.0,92640.0,380250000.0,True,True,True,True,True,True
5302.T,5302,日本カーボン,Prime,ガラス・土石製品,,2026-09-11,2614.0,5050.0,308957625.0,61390.0,215130000.0,True,True,True,True,True,True
299A.T,299A,クラシル,Growth,サービス業,,2026-09-11,421.0,1208.0,308924880.0,241030.0,236043200.0,True,True,True,True,True,True
1975.T,1975,朝日工業社,Prime,建設業,,2026-09-11,2614.0,3740.0,308170125.0,79450.0,357918000.0,True,True,True,True,True,True
2337.T,2337,いちご,Prime,不動産業,,2026-09-11,2614.0,401.0,307555900.0,766720.0,367396200.0,True,True,True,True,True,True
1870.T,1870,矢作建設工業,Prime,建設業,,2026-09-11,2614.0,2104.0,307127440.0,142645.0,221761600.0,True,True,True,True,True,True
4390.T,4390,ＩＰＳ,Prime,情報・通信業,,2026-09-11,2010.0,4085.0,306851925.0,75940.0,229577000.0,True,True,True,True,True,True
4481.T,4481,ベース,Prime,情報・通信業,,2026-09-11,1646.0,3175.0,306177525.0,92860.0,208280000.0,True,True,True,True,True,True
4493.T,4493,サイバーセキュリティクラウド,Growth,情報・通信業,,2026-09-11,1581.0,1724.0,305999500.0,162330.0,164124800.0,True,True,True,True,True,True
7915.T,7915,ＮＩＳＳＨＡ,Prime,その他製品,,2026-09-11,2614.0,1159.0,304648600.0,244130.0,342948100.0,True,True,True,True,True,True
7172.T,7172,ジャパンインベストメントアドバイザー,Prime,証券、商品先物取引業,,2026-09-11,2614.0,2073.0,304599290.0,145165.0,240882600.0,True,True,True,True,True,True
8923.T,8923,トーセイ,Prime,不動産業,,2026-09-11,2614.0,1672.0,304047180.0,171150.0,226890400.0,True,True,True,True,True,True
3284.T,3284,フージャースホールディングス,Prime,不動産業,,2026-09-11,2614.0,1252.0,303406600.0,232750.0,414412000.0,True,True,True,True,True,True
6310.T,6310,井関農機,Prime,機械,,2026-09-11,2614.0,1849.0,303383450.0,160575.0,183790600.0,True,True,True,True,True,True
4840.T,4840,トライアイズ,Growth,サービス業,,2026-09-11,2614.0,650.0,302974100.0,385440.0,55250000.0,True,True,True,True,True,True
9551.T,9551,メタウォーター,Prime,電気・ガス業,,2026-09-11,2614.0,3025.0,302413900.0,97005.0,344850000.0,True,True,True,True,True,True
9960.T,9960,東テク,Prime,卸売業,,2026-09-11,2614.0,4110.0,301519125.0,77210.0,441825000.0,True,True,True,True,True,True
4258.T,4258,網屋,Growth,情報・通信業,,2026-09-11,1155.0,4890.0,301054050.0,66000.0,357948000.0,True,True,True,True,True,True
8613.T,8613,丸三証券,Prime,証券、商品先物取引業,,2026-09-11,2614.0,1292.0,300264690.0,234190.0,313439200.0,True,True,True,True,True,True
6838.T,6838,多摩川ホールディングス,Standard,電気機器,,2026-09-11,2614.0,1526.0,300240140.0,201305.0,476264600.0,True,True,True,True,True,True
4044.T,4044,セントラル硝子,Prime,化学,,2026-09-11,2614.0,4250.0,300165275.0,67385.0,394825000.0,True,True,True,True,True,True
6345.T,6345,アイチ　コーポレーション,Prime,機械,,2026-09-11,2614.0,1432.0,300073925.0,206740.0,188164800.0,True,True,True,True,True,True
7575.T,7575,日本ライフライン,Prime,卸売業,,2026-09-11,2614.0,1524.0,299863750.0,193370.0,272643600.0,True,True,True,True,True,True
4109.T,4109,ステラ　ケミファ,Prime,化学,,2026-09-11,2614.0,5260.0,299392800.0,55155.0,284566000.0,True,True,True,True,True,True
9699.T,9699,ニシオホールディングス,Prime,サービス業,,2026-09-11,2614.0,4555.0,298984525.0,64310.0,291520000.0,True,True,True,True,True,True
7476.T,7476,アズワン,Prime,卸売業,,2026-09-11,2614.0,2463.0,298661400.0,121320.0,419202600.0,True,True,True,True,True,True
7818.T,7818,トランザクション,Prime,その他製品,,2026-09-11,2614.0,1171.0,298248630.0,246220.0,165579400.0,True,True,True,True,True,True
8934.T,8934,サンフロンティア不動産,Prime,不動産業,,2026-09-11,2614.0,2320.0,297876935.0,120995.0,463536000.0,True,True,True,True,True,True
6908.T,6908,イリソ電子工業,Prime,電気機器,,2026-09-11,2614.0,2750.0,297776370.0,107230.0,315425000.0,True,True,True,True,True,True
7283.T,7283,愛三工業,Prime,輸送用機器,,2026-09-11,2614.0,2117.0,297712345.0,131090.0,399266200.0,True,True,True,True,True,True
4559.T,4559,ゼリア新薬工業,Prime,医薬品,,2026-09-11,2614.0,1982.0,296562160.0,145700.0,238434600.0,True,True,True,True,True,True
9511.T,9511,沖縄電力,Prime,電気・ガス業,,2026-09-11,2614.0,1172.0,295581750.0,251805.0,520133600.0,True,True,True,True,True,True
4320.T,4320,ＣＥホールディングス,Standard,情報・通信業,,2026-09-11,2614.0,1646.0,295346930.0,178830.0,886371000.0,True,True,True,True,True,True
4056.T,4056,ニューラルグループ,Growth,情報・通信業,,2026-09-11,1481.0,213.0,295042465.0,1096590.0,128524200.0,True,True,True,True,True,True
1982.T,1982,日比谷総合設備,Prime,建設業,,2026-09-11,2614.0,3075.0,294153220.0,97300.0,269985000.0,True,True,True,True,True,True
255A.T,255A,ジーエルテクノホールディングス,Standard,精密機器,,2026-09-11,2614.0,4985.0,294054950.0,56685.0,243268000.0,True,True,True,True,True,True
2918.T,2918,わらべや日洋ホールディングス,Prime,食料品,,2026-09-11,2614.0,2719.0,293229670.0,104320.0,281688400.0,True,True,True,True,True,True
6741.T,6741,日本信号,Prime,電気機器,,2026-09-11,2614.0,1752.0,293201120.0,161700.0,275064000.0,True,True,True,True,True,True
8133.T,8133,伊藤忠エネクス,Prime,卸売業,,2026-09-11,2614.0,2274.0,289990525.0,128240.0,353607000.0,True,True,True,True,True,True
5186.T,5186,ニッタ,Prime,ゴム製品,,2026-09-11,2614.0,6600.0,289978050.0,43380.0,451440000.0,True,True,True,True,True,True
8278.T,8278,フジ,Prime,小売業,,2026-09-11,2614.0,2067.0,289276160.0,139615.0,212074200.0,True,True,True,True,True,True
9746.T,9746,ＴＫＣ,Prime,情報・通信業,,2026-09-11,2614.0,4060.0,288999300.0,70940.0,281764000.0,True,True,True,True,True,True
3106.T,3106,倉敷紡績,Prime,繊維製品,,2026-09-11,2614.0,10620.0,288683200.0,26690.0,578790000.0,True,True,True,True,True,True
5440.T,5440,共英製鋼,Prime,鉄鋼,,2026-09-11,2614.0,1959.0,288475430.0,141495.0,211963800.0,True,True,True,True,True,True
9274.T,9274,ＫＰＰグループホールディングス,Prime,卸売業,,2026-09-11,2010.0,1093.0,288088485.0,262770.0,343857800.0,True,True,True,True,True,True
7600.T,7600,日本エム・ディ・エム,Prime,精密機器,,2026-09-11,2614.0,637.0,288042200.0,401635.0,212885400.0,True,True,True,True,True,True
277A.T,277A,グロービング,Growth,サービス業,,2026-09-11,435.0,1790.0,287686040.0,155430.0,257044000.0,True,True,True,True,True,True
2154.T,2154,オープンアップグループ,Prime,サービス業,,2026-09-11,2614.0,1923.0,287494480.0,143360.0,516902400.0,True,True,True,True,True,True
6651.T,6651,日東工業,Prime,電気機器,,2026-09-11,2614.0,4345.0,285218975.0,65095.0,377146000.0,True,True,True,True,True,True
6440.T,6440,ＪＵＫＩ,Prime,機械,,2026-09-11,2614.0,722.0,285192025.0,413000.0,294864800.0,True,True,True,True,True,True
9416.T,9416,ビジョン,Prime,情報・通信業,,2026-09-11,2614.0,1037.0,283017475.0,269760.0,259664800.0,True,True,True,True,True,True
9882.T,9882,イエローハット,Prime,卸売業,,2026-09-11,2614.0,1726.0,282579095.0,159930.0,352794400.0,True,True,True,True,True,True
3131.T,3131,シンデン・ハイテックス,Standard,卸売業,,2026-09-11,2614.0,6310.0,281787250.0,44410.0,194979000.0,True,True,True,True,True,True
4973.T,4973,日本高純度化学,Prime,化学,,2026-09-11,2614.0,4680.0,281131675.0,59255.0,303264000.0,True,True,True,True,True,True
7976.T,7976,三菱鉛筆,Prime,その他製品,,2026-09-11,2614.0,3195.0,280956295.0,92160.0,286591500.0,True,True,True,True,True,True
218A.T,218A,Ｌｉｂｅｒａｗａｒｅ,Growth,精密機器,,2026-09-11,519.0,1123.0,280755230.0,243790.0,216289800.0,True,True,True,True,True,True
1835.T,1835,東鉄工業,Prime,建設業,,2026-09-11,2614.0,3860.0,279713275.0,70600.0,323468000.0,True,True,True,True,True,True
6332.T,6332,月島ホールディングス,Prime,機械,,2026-09-11,2614.0,2669.0,279687280.0,101200.0,326151800.0,True,True,True,True,True,True
7280.T,7280,ミツバ,Prime,電気機器,,2026-09-11,2614.0,1303.0,278797955.0,211415.0,381648700.0,True,True,True,True,True,True
7177.T,7177,ＧＭＯフィナンシャルホールディングス,Standard,証券、商品先物取引業,,2026-09-11,2614.0,1158.0,278074150.0,239560.0,212377200.0,True,True,True,True,True,True
6859.T,6859,エスペック,Prime,電気機器,,2026-09-11,2614.0,3815.0,276845550.0,70610.0,313974500.0,True,True,True,True,True,True
8708.T,8708,アイザワ証券グループ,Prime,証券、商品先物取引業,,2026-09-11,2614.0,1752.0,276259050.0,154355.0,200604000.0,True,True,True,True,True,True
4216.T,4216,旭有機材,Prime,化学,,2026-09-11,2614.0,6080.0,276257800.0,46670.0,504640000.0,True,True,True,True,True,True
5563.T,5563,新日本電工,Prime,鉄鋼,,2026-09-11,2614.0,417.0,276200355.0,623485.0,248657100.0,True,True,True,True,True,True
4813.T,4813,ＡＣＣＥＳＳ,Prime,情報・通信業,,2026-09-11,2614.0,401.0,275330560.0,635035.0,183016400.0,True,True,True,True,True,True
3491.T,3491,ＧＡ　ｔｅｃｈｎｏｌｏｇｉｅｓ,Growth,不動産業,,2026-09-11,1990.0,1447.0,275159300.0,179065.0,404870600.0,True,True,True,True,True,True
5288.T,5288,アジアパイルホールディングス,Prime,ガラス・土石製品,,2026-09-11,2614.0,1436.0,274881710.0,180235.0,257044000.0,True,True,True,True,True,True
3696.T,3696,セレス,Prime,情報・通信業,,2026-09-11,2614.0,2110.0,273952640.0,124135.0,152764000.0,True,True,True,True,True,True
8739.T,8739,スパークス・グループ,Prime,証券、商品先物取引業,,2026-09-11,2614.0,2552.0,273666440.0,106095.0,462167200.0,True,True,True,True,True,True
8167.T,8167,リテールパートナーズ,Prime,小売業,,2026-09-11,2614.0,1390.0,273590080.0,191485.0,149842000.0,True,True,True,True,True,True
6145.T,6145,ＮＩＴＴＯＫＵ,Standard,機械,,2026-09-11,2614.0,2439.0,272773250.0,111630.0,253168200.0,True,True,True,True,True,True
8214.T,8214,ＡＯＫＩホールディングス,Prime,小売業,,2026-09-11,2614.0,1694.0,270796970.0,156105.0,383691000.0,True,True,True,True,True,True
3853.T,3853,アステリア,Prime,情報・通信業,,2026-09-11,2614.0,1060.0,270200670.0,233090.0,174476000.0,True,True,True,True,True,True
7711.T,7711,助川電気工業,Standard,精密機器,,2026-09-11,2614.0,4975.0,269336000.0,53235.0,189050000.0,True,True,True,True,True,True
3856.T,3856,Ａｂａｌａｎｃｅ,Standard,電気機器,,2026-09-11,2614.0,230.0,268966705.0,1009190.0,39008000.0,True,True,True,True,True,True
4008.T,4008,住友精化,Prime,化学,,2026-09-11,2614.0,1425.0,268549060.0,178710.0,239542500.0,True,True,True,True,True,True
8011.T,8011,三陽商会,Prime,繊維製品,,2026-09-11,2614.0,1313.0,268315310.84106445,173645.0,179487100.0,True,True,True,True,True,True
6742.T,6742,京三製作所,Prime,電気機器,,2026-09-11,2614.0,1020.0,267645320.0,262440.0,343536000.0,True,True,True,True,True,True
4343.T,4343,イオンファンタジー,Prime,サービス業,,2026-09-11,2614.0,2713.0,267461460.0,94355.0,113403400.0,True,True,True,True,True,True
8771.T,8771,イー・ギャランティ,Prime,その他金融業,,2026-09-11,2614.0,1737.0,267100845.0,151055.0,306927900.0,True,True,True,True,True,True
6282.T,6282,オイレス工業,Prime,機械,,2026-09-11,2614.0,2851.0,266520850.0,91825.0,316175900.0,True,True,True,True,True,True
9267.T,9267,Ｇｅｎｋｙ　ＤｒｕｇＳｔｏｒｅｓ,Prime,小売業,,2026-09-11,2614.0,3445.0,265474375.0,73595.0,368270500.0,True,True,True,True,True,True
6284.T,6284,日精エー・エス・ビー機械,Prime,機械,,2026-09-11,2614.0,8370.0,263770450.0,30310.0,225153000.0,True,True,True,True,True,True
4972.T,4972,綜研化学,Standard,化学,,2026-09-11,2614.0,3755.0,263548700.0,70130.0,169726000.0,True,True,True,True,True,True
8032.T,8032,日本紙パルプ商事,Prime,卸売業,,2026-09-11,2614.0,1237.0,262859750.0,215825.0,344257100.0,True,True,True,True,True,True
6200.T,6200,インソース,Prime,サービス業,,2026-09-11,2500.0,697.0,262244800.0,361005.0,249107800.0,True,True,True,True,True,True
4552.T,4552,ＪＣＲファーマ,Prime,医薬品,,2026-09-11,2614.0,512.0,261883405.0,498190.0,326656000.0,True,True,True,True,True,True
7412.T,7412,アトム,Standard,小売業,,2026-09-11,2614.0,362.0,261758060.0,695225.0,183316800.0,True,True,True,True,True,True
5911.T,5911,横河ブリッジホールディングス,Prime,金属製品,,2026-09-11,2614.0,2955.0,260989890.0,87655.0,321208500.0,True,True,True,True,True,True
3632.T,3632,グリーホールディングス,Prime,情報・通信業,,2026-09-11,2614.0,411.0,260596740.0,621095.0,100612800.0,True,True,True,True,True,True
3915.T,3915,テラスカイ,Prime,情報・通信業,,2026-09-11,2614.0,2261.0,260366015.0,109990.0,186080300.0,True,True,True,True,True,True
6962.T,6962,大真空,Prime,電気機器,,2026-09-11,2614.0,757.0,259330745.0,332045.0,530581300.0,True,True,True,True,True,True
2168.T,2168,パソナグループ,Prime,サービス業,,2026-09-11,2614.0,1532.0,258586140.0,155805.0,228574400.0,True,True,True,True,True,True
7719.T,7719,東京衡機,Standard,精密機器,,2026-09-11,2614.0,481.0,258435880.0,514625.0,67532400.0,True,True,True,True,True,True
7779.T,7779,ＣＹＢＥＲＤＹＮＥ,Growth,精密機器,,2026-09-11,2614.0,230.0,258112140.0,1120490.0,391529000.0,True,True,True,True,True,True
7279.T,7279,ハイレックスコーポレーション,Standard,輸送用機器,,2026-09-11,2614.0,2469.0,258076495.0,100250.0,202458000.0,True,True,True,True,True,True
6785.T,6785,鈴木,Prime,電気機器,,2026-09-11,2614.0,3065.0,257309655.0,85045.0,189417000.0,True,True,True,True,True,True
7595.T,7595,アルゴグラフィックス,Prime,情報・通信業,,2026-09-11,2614.0,1236.0,255154010.0,194605.0,256717200.0,True,True,True,True,True,True
9130.T,9130,共栄タンカー,Standard,海運業,,2026-09-11,2614.0,1713.0,253646665.0,151325.0,2942762700.0,True,True,True,True,True,True
5970.T,5970,ジーテクト,Prime,金属製品,,2026-09-11,2614.0,2194.0,252398750.0,109880.0,261524800.0,True,True,True,True,True,True
8713.T,8713,フィデアホールディングス,Prime,銀行業,,2026-09-11,2614.0,2755.0,251708665.0,91205.0,312417000.0,True,True,True,True,True,True
7593.T,7593,ＶＴホールディングス,Prime,小売業,,2026-09-11,2614.0,514.0,251530570.0,474505.0,361444800.0,True,True,True,True,True,True
8160.T,8160,木曽路,Prime,小売業,,2026-09-11,2614.0,2449.0,251103090.0,102405.0,184164800.0,True,True,True,True,True,True
2975.T,2975,スター・マイカ・ホールディングス,Prime,不動産業,,2026-09-11,1779.0,1360.0,251035860.0,167335.0,615400000.0,True,True,True,True,True,True
1938.T,1938,日本リーテック,Prime,建設業,,2026-09-11,2614.0,2569.0,250513645.0,99375.0,227870300.0,True,True,True,True,True,True
7480.T,7480,スズデン,Standard,卸売業,,2026-09-11,2614.0,3470.0,249421600.0,72795.0,317852000.0,True,True,True,True,True,True
9348.T,9348,ｉｓｐａｃｅ,Growth,サービス業,,2026-09-11,836.0,411.0,248865420.0,585285.0,175743600.0,True,True,True,True,True,True
8043.T,8043,スターゼン,Prime,卸売業,,2026-09-11,2614.0,1528.0,245516455.0,160340.0,276568000.0,True,True,True,True,True,True
5192.T,5192,三ツ星ベルト,Prime,ゴム製品,,2026-09-11,2614.0,4225.0,245291450.0,56330.0,431372500.0,True,True,True,True,True,True
1814.T,1814,大末建設,Prime,建設業,,2026-09-11,2614.0,3485.0,244193525.0,67550.0,268693500.0,True,True,True,True,True,True
7970.T,7970,信越ポリマー,Prime,化学,,2026-09-11,2614.0,2201.0,243432025.0,109090.0,223841700.0,True,True,True,True,True,True
2705.T,2705,大戸屋ホールディングス,Standard,小売業,,2026-09-11,2614.0,8710.0,242959600.0,26050.0,141973000.0,True,True,True,True,True,True
4246.T,4246,ダイキョーニシカワ,Prime,化学,,2026-09-11,2614.0,1056.0,242628190.0,218605.0,205708800.0,True,True,True,True,True,True
5262.T,5262,日本ヒューム,Prime,ガラス・土石製品,,2026-09-11,2614.0,1139.0,241452245.0,211330.0,234861800.0,True,True,True,True,True,True
9830.T,9830,トラスコ中山,Prime,卸売業,,2026-09-11,2614.0,2369.0,240742490.0,100775.0,265328000.0,True,True,True,True,True,True
8624.T,8624,いちよし証券,Prime,証券、商品先物取引業,,2026-09-11,2614.0,1699.0,240539850.0,140765.0,209996400.0,True,True,True,True,True,True
2288.T,2288,丸大食品,Prime,食料品,,2026-09-11,2614.0,2241.0,239321175.0,106325.0,349820100.0,True,True,True,True,True,True
8097.T,8097,三愛オブリ,Prime,卸売業,,2026-09-11,2614.0,2394.0,238296315.0,98695.0,393813000.0,True,True,True,True,True,True
5410.T,5410,合同製鐵,Prime,鉄鋼,,2026-09-11,2614.0,3110.0,237012070.0,77455.0,481739000.0,True,True,True,True,True,True
4169.T,4169,ＥＮＥＣＨＡＮＧＥ,Growth,情報・通信業,,2026-09-11,1398.0,239.0,236232680.0,807905.0,125881300.0,True,True,True,True,True,True
8850.T,8850,スターツコーポレーション,Prime,不動産業,,2026-09-11,2614.0,4635.0,236170725.0,50180.0,380070000.0,True,True,True,True,True,True
1939.T,1939,四電工,Prime,建設業,,2026-09-11,2614.0,2269.0,235502210.0,105780.0,161325900.0,True,True,True,True,True,True
2395.T,2395,新日本科学,Prime,サービス業,,2026-09-11,2614.0,1305.0,235274455.0,169080.0,149031000.0,True,True,True,True,True,True
9621.T,9621,建設技術研究所,Prime,サービス業,,2026-09-11,2614.0,3195.0,235060525.0,73445.0,212467500.0,True,True,True,True,True,True
8037.T,8037,カメイ,Prime,卸売業,,2026-09-11,2614.0,4605.0,234976575.0,52120.0,322350000.0,True,True,True,True,True,True
3153.T,3153,八洲電機,Prime,卸売業,,2026-09-11,2614.0,2976.0,233843865.0,78330.0,267840000.0,True,True,True,True,True,True
4985.T,4985,アース製薬,Prime,化学,,2026-09-11,2614.0,4655.0,233596975.0,48420.0,319798500.0,True,True,True,True,True,True
6298.T,6298,ワイエイシイホールディングス,Prime,機械,,2026-09-11,2614.0,1243.0,233130760.0,176710.0,175138700.0,True,True,True,True,True,True
3741.T,3741,セック,Prime,情報・通信業,,2026-09-11,2614.0,3065.0,232914050.0,71790.0,205355000.0,True,True,True,True,True,True
5137.T,5137,スマートドライブ,Growth,情報・通信業,,2026-09-11,916.0,299.0,232820440.0,765335.0,113889100.0,True,True,True,True,True,True
9324.T,9324,安田倉庫,Prime,倉庫・運輸関連業,,2026-09-11,2614.0,2655.0,232330435.0,90530.0,358956000.0,True,True,True,True,True,True
3148.T,3148,クリエイトＳＤホールディングス,Prime,小売業,,2026-09-11,2614.0,3310.0,232096200.0,68435.0,263807000.0,True,True,True,True,True,True
4064.T,4064,日本カーバイド工業,Prime,化学,,2026-09-11,2614.0,3420.0,231905500.0,67635.0,333108000.0,True,True,True,True,True,True
6088.T,6088,シグマクシス・ホールディングス,Prime,サービス業,,2026-09-11,2614.0,554.0,231514225.0,417270.0,250020200.0,True,True,True,True,True,True
8008.T,8008,ヨンドシーホールディングス,Prime,小売業,,2026-09-11,2614.0,2058.0,231413095.0,108185.0,168961800.0,True,True,True,True,True,True
8185.T,8185,チヨダ,Prime,小売業,,2026-09-11,2614.0,983.0,230925420.0,227535.0,75002900.0,True,True,True,True,True,True
8566.T,8566,リコーリース,Prime,その他金融業,,2026-09-11,2614.0,6850.0,229615100.0,33955.0,298660000.0,True,True,True,True,True,True
8084.T,8084,ＲＹＯＤＥＮ,Prime,卸売業,,2026-09-11,2614.0,4810.0,229514525.0,48280.0,368446000.0,True,True,True,True,True,True
9308.T,9308,乾汽船,Standard,海運業,,2026-09-11,2614.0,2096.0,229168955.0,108500.0,207504000.0,True,True,True,True,True,True
9039.T,9039,サカイ引越センター,Prime,陸運業,,2026-09-11,2614.0,2941.0,228858395.0,76540.0,247044000.0,True,True,True,True,True,True
9534.T,9534,北海道瓦斯,Prime,電気・ガス業,,2026-09-11,2614.0,925.0,227995720.0,255805.0,430310000.0,True,True,True,True,True,True
9467.T,9467,アルファポリス,Growth,情報・通信業,,2026-09-11,2614.0,1100.0,227449535.0,192205.0,64460000.0,True,True,True,True,True,True
6459.T,6459,大和冷機工業,Prime,機械,,2026-09-11,2614.0,1619.0,226752500.0,133595.0,158985800.0,True,True,True,True,True,True
8558.T,8558,東和銀行,Prime,銀行業,,2026-09-11,2614.0,1468.0,226730430.0,153500.0,268497200.0,True,True,True,True,True,True
2108.T,2108,日本甜菜製糖,Prime,食料品,,2026-09-11,2614.0,5190.0,226217250.0,41045.0,192549000.0,True,True,True,True,True,True
9347.T,9347,日本管財ホールディングス,Prime,サービス業,,2026-09-11,2614.0,2922.0,225149665.0,77805.0,376061400.0,True,True,True,True,True,True
5892.T,5892,ｙｕｔｏｒｉ,Growth,小売業,,2026-09-11,661.0,2656.0,225116200.0,87725.0,281004800.0,True,True,True,True,True,True
7856.T,7856,萩原工業,Prime,その他製品,,2026-09-11,2614.0,1995.0,225065100.0,115825.0,188328000.0,True,True,True,True,True,True
4547.T,4547,キッセイ薬品工業,Prime,医薬品,,2026-09-11,2614.0,3990.0,224100550.0,55135.0,243789000.0,True,True,True,True,True,True
5930.T,5930,文化シヤッター,Prime,金属製品,,2026-09-11,2614.0,1868.0,224090895.0,119705.0,240598400.0,True,True,True,True,True,True
6817.T,6817,スミダコーポレーション,Prime,電気機器,,2026-09-11,2614.0,1200.0,223398300.0,184015.0,373800000.0,True,True,True,True,True,True
1898.T,1898,世紀東急工業,Prime,建設業,,2026-09-11,2614.0,1473.0,223125945.0,149355.0,196498200.0,True,True,True,True,True,True
3040.T,3040,ソリトンシステムズ,Prime,情報・通信業,,2026-09-11,2614.0,2228.0,222510630.0,94055.0,332863200.0,True,True,True,True,True,True
9025.T,9025,鴻池運輸,Prime,陸運業,,2026-09-11,2614.0,2905.0,222039670.0,76710.0,352667000.0,True,True,True,True,True,True
4526.T,4526,理研ビタミン,Prime,食料品,,2026-09-11,2614.0,3310.0,221320400.0,66545.0,260497000.0,True,True,True,True,True,True
8014.T,8014,蝶理,Prime,卸売業,,2026-09-11,2614.0,4205.0,221093250.0,51995.0,169882000.0,True,True,True,True,True,True
7745.T,7745,Ａ＆Ｄホロンホールディングス,Prime,精密機器,,2026-09-11,2614.0,2828.0,220281245.0,77910.0,268094400.0,True,True,True,True,True,True
6947.T,6947,図研,Prime,電気機器,,2026-09-11,2614.0,4655.0,220041225.0,44585.0,204354500.0,True,True,True,True,True,True
6176.T,6176,ブランジスタ,Growth,サービス業,,2026-09-11,2614.0,1058.0,219852325.0,205360.0,103155000.0,True,True,True,True,True,True
5367.T,5367,ニッカトー,Standard,ガラス・土石製品,,2026-09-11,2614.0,1360.0,219261465.0,167620.0,168776000.0,True,True,True,True,True,True
2120.T,2120,ＬＩＦＵＬＬ,Prime,サービス業,,2026-09-11,2614.0,228.0,219207740.0,927915.0,135796800.0,True,True,True,True,True,True
2791.T,2791,大黒天物産,Prime,小売業,,2026-09-11,2614.0,4560.0,219199175.0,47295.0,251256000.0,True,True,True,True,True,True
1379.T,1379,ホクト,Prime,水産・農林業,,2026-09-11,2614.0,2075.0,218976815.0,103770.0,149192500.0,True,True,True,True,True,True
9997.T,9997,ベルーナ,Prime,小売業,,2026-09-11,2614.0,1034.0,218705605.0,207630.0,224274600.0,True,True,True,True,True,True
9672.T,9672,東京都競馬,Prime,サービス業,,2026-09-11,2614.0,4860.0,218662825.0,43740.0,253206000.0,True,True,True,True,True,True
9828.T,9828,Ｇｅｎｋｉ　Ｇｌｏｂａｌ　Ｄｉｎｉｎｇ　Ｃｏｎｃｅｐｔｓ,Standard,小売業,,2026-09-11,2614.0,3365.0,218384825.0,63935.0,252038500.0,True,True,True,True,True,True
3232.T,3232,三重交通グループホールディングス,Prime,不動産業,,2026-09-11,2614.0,591.0,217607535.0,363325.0,90127500.0,True,True,True,True,True,True
4051.T,4051,ＧＭＯフィナンシャルゲート,Prime,情報・通信業,,2026-09-11,1505.0,5850.0,217024550.0,34390.0,555165000.0,True,True,True,True,True,True
146A.T,146A,コロンビア・ワークス,Standard,不動産業,,2026-09-11,603.0,3440.0,216643200.0,59215.0,315448000.0,True,True,True,True,True,True
3482.T,3482,ロードスターキャピタル,Prime,不動産業,,2026-09-11,2204.0,2468.0,216324960.0,83895.0,238902400.0,True,True,True,True,True,True
4116.T,4116,大日精化工業,Prime,化学,,2026-09-11,2614.0,1294.0,215987430.0,160075.0,172102000.0,True,True,True,True,True,True
3395.T,3395,サンマルクホールディングス,Prime,小売業,,2026-09-11,2614.0,2441.0,215962735.0,87285.0,179413500.0,True,True,True,True,True,True
7821.T,7821,前田工繊,Prime,その他製品,,2026-09-11,2614.0,1915.0,215085715.0,107170.0,186138000.0,True,True,True,True,True,True
1766.T,1766,東建コーポレーション,Prime,建設業,,2026-09-11,2614.0,13490.0,215082450.0,15805.0,256310000.0,True,True,True,True,True,True
4377.T,4377,ワンキャリア,Growth,情報・通信業,,2026-09-11,1207.0,2231.0,214695905.0,87295.0,100841200.0,True,True,True,True,True,True
6928.T,6928,エノモト,Prime,電気機器,,2026-09-11,2614.0,2905.0,213616555.0,71430.0,150188500.0,True,True,True,True,True,True
3496.T,3496,アズーム,Prime,不動産業,,2026-09-11,1949.0,4705.0,213575075.0,44265.0,196198500.0,True,True,True,True,True,True
8074.T,8074,ユアサ商事,Prime,卸売業,,2026-09-11,2614.0,6530.0,213575000.0,33780.0,316705000.0,True,True,True,True,True,True
3668.T,3668,コロプラ,Prime,情報・通信業,,2026-09-11,2614.0,423.0,212274265.0,492055.0,127238400.0,True,True,True,True,True,True
2931.T,2931,ユーグレナ,Prime,食料品,,2026-09-11,2614.0,338.0,211455800.0,602475.0,338540800.0,True,True,True,True,True,True
7868.T,7868,広済堂ホールディングス,Prime,その他製品,,2026-09-11,2614.0,511.0,211321585.0,381575.0,255040100.0,True,True,True,True,True,True
6897.T,6897,ツインバード,Standard,電気機器,,2026-09-11,2614.0,643.0,210326495.0,307930.0,36008000.0,True,True,True,True,True,True
4914.T,4914,高砂香料工業,Prime,化学,,2026-09-11,2614.0,1277.0,210325085.0,160720.0,252462900.0,True,True,True,True,True,True
7990.T,7990,グローブライド,Prime,その他製品,,2026-09-11,2614.0,2368.0,209139230.0,85195.0,195123200.0,True,True,True,True,True,True
5949.T,5949,ユニプレス,Prime,輸送用機器,,2026-09-11,2614.0,1279.0,208893120.0,157070.0,247614400.0,True,True,True,True,True,True
9037.T,9037,ハマキョウレックス,Prime,陸運業,,2026-09-11,2614.0,1799.0,208576325.0,112805.0,317343600.0,True,True,True,True,True,True
3962.T,3962,チェンジホールディングス,Prime,情報・通信業,,2026-09-11,2454.0,957.0,207726380.0,208120.0,146516700.0,True,True,True,True,True,True
6638.T,6638,ミマキエンジニアリング,Prime,電気機器,,2026-09-11,2614.0,1966.0,207298350.0,106785.0,344443200.0,True,True,True,True,True,True
7366.T,7366,ＬＩＴＡＬＩＣＯ,Prime,サービス業,,2026-09-11,1333.0,1786.0,207214705.0,111645.0,121805200.0,True,True,True,True,True,True
4417.T,4417,グローバルセキュリティエキスパート,Growth,情報・通信業,,2026-09-11,1157.0,4340.0,206944000.0,45660.0,104160000.0,True,True,True,True,True,True
3539.T,3539,ＪＭホールディングス,Prime,小売業,,2026-09-11,2560.0,1336.0,206081805.0,144185.0,210420000.0,True,True,True,True,True,True
6125.T,6125,岡本工作機械製作所,Standard,機械,,2026-09-11,2614.0,4545.0,205683850.0,43115.0,201343500.0,True,True,True,True,True,True
4575.T,4575,キャンバス,Growth,医薬品,,2026-09-11,2614.0,734.0,205408180.0,254000.0,129697800.0,True,True,True,True,True,True
2613.T,2613,Ｊ－オイルミルズ,Prime,食料品,,2026-09-11,2614.0,2244.0,204809695.0,90705.0,164485200.0,True,True,True,True,True,True
5351.T,5351,品川リフラ,Prime,ガラス・土石製品,,2026-09-11,2614.0,2015.0,204432675.0,99595.0,255502000.0,True,True,True,True,True,True
9211.T,9211,エフ・コード,Growth,サービス業,,2026-09-11,1152.0,1394.0,203970160.0,138705.0,133545200.0,True,True,True,True,True,True
4293.T,4293,セプテーニ・ホールディングス,Standard,サービス業,,2026-09-11,2614.0,506.0,203578675.0,393695.0,225929000.0,True,True,True,True,True,True
2742.T,2742,ハローズ,Prime,小売業,,2026-09-11,2614.0,3900.0,202653150.0,50460.0,147810000.0,True,True,True,True,True,True
3636.T,3636,三菱総合研究所,Prime,情報・通信業,,2026-09-11,2614.0,4785.0,202562825.0,40735.0,291885000.0,True,True,True,True,True,True
5381.T,5381,マイポックス,Standard,ガラス・土石製品,,2026-09-11,2614.0,943.0,202042560.0,210280.0,244802800.0,True,True,True,True,True,True
2109.T,2109,ＤＭ三井製糖,Prime,食料品,,2026-09-11,2614.0,3805.0,201646950.0,54110.0,260262000.0,True,True,True,True,True,True
2004.T,2004,昭和産業,Prime,食料品,,2026-09-11,2614.0,3925.0,201495050.0,53120.0,292020000.0,True,True,True,True,True,True
3880.T,3880,大王製紙,Prime,パルプ・紙,,2026-09-11,2614.0,961.0,201209880.0,207730.0,281669100.0,True,True,True,True,True,True
5461.T,5461,中部鋼鈑,Prime,鉄鋼,,2026-09-11,907.0,2135.0,201086910.0,94485.0,218837500.0,True,True,True,True,True,True
2733.T,2733,あらた,Prime,卸売業,,2026-09-11,2614.0,2650.0,200998565.0,74970.0,276395000.0,True,True,True,True,True,True
9413.T,9413,テレビ東京ホールディングス,Prime,情報・通信業,,2026-09-11,2614.0,3325.0,200784650.0,58835.0,200165000.0,True,True,True,True,True,True
6369.T,6369,トーヨーカネツ,Prime,機械,,2026-09-11,2614.0,2340.0,200587290.0,81915.0,495144000.0,True,True,True,True,True,True
1871.T,1871,ピーエス・コンストラクション,Prime,建設業,,2026-09-11,2614.0,2137.0,200540605.0,88585.0,323328100.0,True,True,True,True,True,True
4694.T,4694,ビー・エム・エル,Prime,サービス業,,2026-09-11,2614.0,3555.0,200428300.0,55265.0,204768000.0,True,True,True,True,True,True
6463.T,6463,ＴＰＲ,Prime,機械,,2026-09-11,2614.0,1524.0,200390410.0,127155.0,297942000.0,True,True,True,True,True,True
9432.T,9432,ＮＴＴ,Prime,情報・通信業,,2026-09-11,2614.0,175.6999969482422,37013256484.82384,218653995.0,36778331581.19202,True,False,True,True,True,False
8729.T,8729,ソニーフィナンシャルグループ,Prime,保険業,,2026-09-11,234.0,160.60000610351562,9627279755.49553,59995430.0,7762617355.014038,True,False,False,True,True,False
6834.T,6834,精工技研,Standard,電気機器,,2026-09-11,2614.0,5090.0,6194897900.0,1185645.0,3830734000.0,True,True,True,False,True,False
4564.T,4564,オンコセラピー・サイエンス,Growth,医薬品,,2026-09-11,2614.0,23.0,3823466915.0,177111590.0,3811242600.0,True,False,True,True,True,False
8918.T,8918,ランド,Standard,不動産業,,2026-09-11,2614.0,10.0,3610470415.0,343380150.0,2827250000.0,True,False,True,True,True,False
7649.T,7649,スギホールディングス,Prime,小売業,,2026-09-11,2614.0,1264.0,3242107825.0,2433700.0,4131510400.0,True,True,True,False,True,False
429A.T,429A,テクセンドフォトマスク,Prime,その他製品,,2026-09-11,222.0,3740.0,2470321375.0,660905.0,2531606000.0,True,True,False,True,True,False
6085.T,6085,アーキテクツ・スタジオ・ジャパン,Growth,サービス業,,2026-09-11,2614.0,156.0,2383295085.0,13580370.0,921117600.0,True,False,True,True,True,False
4597.T,4597,ソレイジア・ファーマ,Growth,医薬品,,2026-09-11,2334.0,29.0,2058157975.0,67608045.0,1963793000.0,True,False,True,True,True,False
8283.T,8283,ＰＡＬＴＡＣ,Prime,卸売業,,2026-08-10,2591.0,6630.0,1133696995.0,171530.0,0.0,True,True,True,True,False,False
3664.T,3664,モブキャストホールディングス,Growth,情報・通信業,,2026-09-11,2614.0,26.0,852357440.0,33889770.0,1182890800.0,True,False,True,True,True,False
3315.T,3315,日本コークス工業,Prime,石油・石炭製品,,2026-09-11,2614.0,102.0,762890950.0,7454320.0,494006400.0,True,False,True,True,True,False
3480.T,3480,ジェイ・エス・ビー,Prime,不動産業,,2026-09-01,2245.0,8940.0,560454050.0,62865.0,387996000.0,True,True,True,True,False,False
4170.T,4170,Ｋａｉｚｅｎ　Ｐｌａｔｆｏｒｍ,Growth,情報・通信業,,2026-09-11,1400.0,122.0,548507705.0,3080495.0,26840000.0,True,False,True,True,True,False
3810.T,3810,サイバーステップ,Standard,情報・通信業,,2026-09-11,2614.0,175.0,500059555.0,2315695.0,42962500.0,True,False,True,True,True,False
3656.T,3656,ＫＬａｂ,Prime,情報・通信業,,2026-09-11,2614.0,175.0,450817715.0,2388575.0,347725000.0,True,False,True,True,True,False
7138.T,7138,ＴＯＲＩＣＯ,Growth,小売業,,2026-09-11,1096.0,142.0,427185520.0,2365110.0,49501200.0,True,False,True,True,True,False
4598.T,4598,Ｄｅｌｔａ－Ｆｌｙ　Ｐｈａｒｍａ,Growth,医薬品,,2026-09-11,1933.0,111.0,413625145.0,3149990.0,227006100.0,True,False,True,True,True,False
6740.T,6740,ジャパンディスプレイ,Prime,電気機器,,2026-09-11,2614.0,47.0,399813630.0,8445825.0,567351100.0,True,False,True,True,True,False
7810.T,7810,クロスフォー,Standard,その他製品,,2026-09-11,2253.0,157.0,357481880.0,1998765.0,9875300.0,True,False,True,True,True,False
7238.T,7238,曙ブレーキ工業,Prime,輸送用機器,,2026-09-11,2614.0,104.0,353098620.0,3316170.0,439712000.0,True,False,True,True,True,False
6619.T,6619,ダブル・スコープ,Prime,電気機器,,2026-09-11,2614.0,149.0,351346245.0,2218240.0,517566400.0,True,False,True,True,True,False
421A.T,421A,ムービン・ストラテジック・キャリア,Growth,サービス業,,2026-09-11,229.0,3505.0,341700425.0,86105.0,460907500.0,True,True,False,True,True,False
2315.T,2315,ＣＡＩＣＡ　ＤＩＧＩＴＡＬ,Standard,情報・通信業,,2026-09-11,2614.0,66.0,333387725.0,4952955.0,244820400.0,True,False,True,True,True,False
4833.T,4833,Ｄｅｆ　ｃｏｎｓｕｌｔｉｎｇ,Growth,サービス業,,2026-09-11,2614.0,52.0,331995295.0,5282825.0,46560800.0,True,False,True,True,True,False
9900.T,9900,サガミホールディングス,Prime,小売業,,2026-09-11,2614.0,1136.0,309172950.0,278120.0,250488000.0,True,True,True,False,True,False
8789.T,8789,フィンテック　グローバル,Standard,その他金融業,,2026-09-11,2614.0,159.0,303217575.0,1815550.0,175583700.0,True,False,True,True,True,False
4583.T,4583,カイオム・バイオサイエンス,Growth,医薬品,,2026-09-11,2614.0,86.0,284125495.0,2851180.0,221923000.0,True,False,True,True,True,False
9424.T,9424,日本通信,Prime,情報・通信業,,2026-09-11,2614.0,118.0,258204775.0,2196615.0,151594600.0,True,False,True,True,True,False
5240.T,5240,ｍｏｎｏＡＩ　ｔｅｃｈｎｏｌｏｇｙ,Growth,情報・通信業,,2026-09-11,913.0,187.0,238670780.0,1072200.0,44936100.0,True,False,True,True,True,False
6574.T,6574,コンヴァノ,Growth,サービス業,,2026-09-11,2065.0,111.0,238114010.0,2004270.0,108480300.0,True,False,True,True,True,False
1786.T,1786,オリエンタル白石,Prime,建設業,,2026-09-11,1333.0,347.0,199990855.0,561230.0,143900900.0,False,True,True,True,True,False
9543.T,9543,静岡ガス,Prime,電気・ガス業,,2026-09-11,2614.0,1360.0,199292005.0,151800.0,172856000.0,False,True,True,True,True,False
5943.T,5943,ノーリツ,Prime,金属製品,,2026-09-11,2614.0,2221.0,199232295.0,83850.0,196336400.0,False,True,True,True,True,False
8255.T,8255,アクシアル　リテイリング,Prime,小売業,,2026-09-11,2614.0,1312.0,198139345.0,155740.0,363292800.0,False,True,True,True,True,False
6918.T,6918,アバールデータ,Standard,電気機器,,2026-09-11,2614.0,3525.0,197927650.0,54430.0,176602500.0,False,True,True,True,True,False
7130.T,7130,ヤマエグループホールディングス,Prime,卸売業,,2026-09-11,1211.0,2767.0,197228895.0,68605.0,242942600.0,False,True,True,True,True,False
7447.T,7447,ナガイレーベン,Prime,卸売業,,2026-09-11,2614.0,1640.0,197134405.0,113590.0,125132000.0,False,True,True,True,True,False
3091.T,3091,ブロンコビリー,Prime,小売業,,2026-09-11,2614.0,2805.0,197021775.0,70525.0,188496000.0,False,True,True,True,True,False
5989.T,5989,エイチワン,Prime,金属製品,,2026-09-11,2614.0,1425.0,196907955.0,131135.0,184110000.0,False,True,True,True,True,False
6994.T,6994,指月電機製作所,Standard,電気機器,,2026-09-11,2614.0,1144.0,195971745.0,163450.0,112226400.0,False,True,True,True,True,False
4221.T,4221,大倉工業,Prime,化学,,2026-09-11,2614.0,5390.0,195747000.0,35020.0,222607000.0,False,True,True,True,True,False
9556.T,9556,ＩＮＴＬＯＯＰ,Growth,サービス業,,2026-09-11,1023.0,2045.0,195310125.0,86955.0,1102050500.0,False,True,True,True,True,False
6535.T,6535,アイモバイル,Prime,サービス業,,2026-09-11,2434.0,496.0,194634050.0,382760.0,256035200.0,False,True,True,True,True,False
5142.T,5142,アキレス,Prime,化学,,2026-09-11,2614.0,1773.0,193659045.0,101860.0,112940100.0,False,True,True,True,True,False
7239.T,7239,タチエス,Prime,輸送用機器,,2026-09-11,2614.0,2285.0,192951935.0,82550.0,325612500.0,False,True,True,True,True,False
6616.T,6616,トレックス・セミコンダクター,Prime,電気機器,,2026-09-11,2614.0,1780.0,192698845.0,99410.0,153614000.0,False,True,True,True,True,False
3968.T,3968,セグエグループ,Prime,情報・通信業,,2026-09-11,2396.0,615.0,192586320.0,300410.0,77920500.0,False,True,True,True,True,False
8137.T,8137,サンワテクノス,Prime,卸売業,,2026-09-11,2614.0,4375.0,192362450.0,46395.0,310625000.0,False,True,True,True,True,False
3028.T,3028,アルペン,Prime,小売業,,2026-09-11,2614.0,2289.0,191952690.0,81795.0,170988300.0,False,True,True,True,True,False
5445.T,5445,東京鐵鋼,Prime,鉄鋼,,2026-09-11,2614.0,2022.0,191938980.0,94215.0,242640000.0,False,True,True,True,True,False
4570.T,4570,免疫生物研究所,Growth,医薬品,,2026-09-11,2614.0,1109.0,191343210.0,174075.0,112896200.0,False,True,True,True,True,False
2207.T,2207,ｍｅｉｔｏ,Prime,食料品,,2026-09-11,2614.0,3390.0,191062050.0,54535.0,175941000.0,False,True,True,True,True,False
4828.T,4828,ビジネスエンジニアリング,Prime,情報・通信業,,2026-09-11,2614.0,1335.0,190825995.0,135345.0,141510000.0,False,True,True,True,True,False
7318.T,7318,セレンディップ・ホールディングス,Growth,輸送用機器,,2026-09-11,1277.0,1284.0,190649450.0,134085.0,166021200.0,False,True,True,True,True,False
3300.T,3300,アンビション　ＤＸ　ホールディングス,Growth,不動産業,,2026-09-11,2614.0,1818.0,190563940.0,100480.0,123624000.0,False,True,True,True,True,False
6517.T,6517,デンヨー,Prime,電気機器,,2026-09-11,2614.0,3995.0,190262725.0,46780.0,161398000.0,False,True,True,True,True,False
9974.T,9974,ベルク,Prime,小売業,,2026-09-11,2614.0,6810.0,190019100.0,28005.0,221325000.0,False,True,True,True,True,False
6419.T,6419,マースグループホールディングス,Prime,機械,,2026-09-11,2614.0,3200.0,189860150.0,59610.0,183360000.0,False,True,True,True,True,False
9869.T,9869,加藤産業,Prime,卸売業,,2026-09-11,2614.0,6720.0,189199400.0,28450.0,318528000.0,False,True,True,True,True,False
8105.T,8105,堀田丸正,Standard,卸売業,,2026-09-11,2614.0,76.0,188448125.0,2102770.0,65177600.0,False,False,True,True,True,False
8141.T,8141,新光商事,Prime,卸売業,,2026-09-11,2614.0,1565.0,188274400.0,120145.0,265580500.0,False,True,True,True,True,False
5122.T,5122,オカモト,Prime,ゴム製品,,2026-09-11,2614.0,6210.0,188240950.0,29675.0,122337000.0,False,True,True,True,True,False
8052.T,8052,椿本興業,Prime,卸売業,,2026-09-11,2614.0,2881.0,186916465.0,64675.0,215786900.0,False,True,True,True,True,False
6653.T,6653,正興電機製作所,Prime,電気機器,,2026-09-11,2161.0,2045.0,186905810.0,86410.0,198365000.0,False,True,True,True,True,False
3302.T,3302,帝国繊維,Prime,繊維製品,,2026-09-11,2614.0,3020.0,186688900.0,58215.0,176670000.0,False,True,True,True,True,False
8892.T,8892,エスコン,Prime,不動産業,,2026-09-11,2614.0,1096.0,185886140.0,166850.0,173606400.0,False,True,True,True,True,False
3193.T,3193,エターナルホスピタリティグループ,Prime,小売業,,2026-09-11,2614.0,1359.0,185722620.0,130320.0,499024800.0,False,True,True,True,True,False
3299.T,3299,ムゲンエステート,Standard,不動産業,,2026-09-11,2614.0,1683.0,185415025.0,107750.0,264735900.0,False,True,True,True,True,False
7354.T,7354,ダイレクトマーケティングミックス,Prime,サービス業,,2026-09-11,1454.0,377.0,185024560.0,480085.0,98962500.0,False,True,True,True,True,False
3679.T,3679,じげん,Prime,情報・通信業,,2026-09-11,2614.0,434.0,183890640.0,407180.0,140876400.0,False,True,True,True,True,False
3189.T,3189,ＡＮＡＰホールディングス,Standard,小売業,,2026-09-11,2614.0,104.0,183841120.0,1340820.0,9536800.0,False,False,True,True,True,False
7760.T,7760,ＩＭＶ,Standard,精密機器,,2026-09-11,2614.0,1985.0,183815915.0,90755.0,129223500.0,False,True,True,True,True,False
4765.T,4765,ＳＢＩグローバルアセットマネジメント,Prime,サービス業,,2026-09-11,2614.0,612.0,183810160.0,291485.0,160588800.0,False,True,True,True,True,False
6309.T,6309,巴工業,Prime,機械,,2026-09-11,2614.0,2002.0,183729205.0,90610.0,196796600.0,False,True,True,True,True,False
3864.T,3864,三菱製紙,Prime,パルプ・紙,,2026-09-11,2614.0,1169.0,183724165.0,155500.0,126836500.0,False,True,True,True,True,False
6277.T,6277,ホソカワミクロン,Prime,機械,,2026-09-11,2614.0,5580.0,183365700.0,33945.0,256680000.0,False,True,True,True,True,False
5981.T,5981,東京製綱,Prime,金属製品,,2026-09-11,2614.0,1818.0,182452465.0,95190.0,143985600.0,False,True,True,True,True,False
9946.T,9946,ミニストップ,Prime,小売業,,2026-09-11,2614.0,1798.0,181689315.0,100190.0,93496000.0,False,True,True,True,True,False
7942.T,7942,ＪＳＰ,Prime,化学,,2026-09-11,2614.0,2851.0,181661885.0,59470.0,165643100.0,False,True,True,True,True,False
7483.T,7483,ドウシシャ,Prime,卸売業,,2026-09-11,2614.0,3055.0,180702415.0,59630.0,222709500.0,False,True,True,True,True,False
3763.T,3763,プロシップ,Prime,情報・通信業,,2026-09-11,2614.0,2028.0,180556125.0,79780.0,225108000.0,False,True,True,True,True,False
409A.T,409A,オリオンビール,Prime,食料品,,2026-09-11,236.0,1171.0,180327175.0,151950.0,147780200.0,False,True,False,True,True,False
367A.T,367A,プリモグローバルホールディングス,Standard,小売業,,2026-09-11,299.0,2778.0,179922515.0,62960.0,66672000.0,False,True,True,True,True,False
9517.T,9517,イーレックス,Prime,電気・ガス業,,2026-09-11,2614.0,830.0,179871780.0,208010.0,189406000.0,False,True,True,True,True,False
8163.T,8163,ＳＲＳホールディングス,Prime,小売業,,2026-09-11,2614.0,1513.0,179609315.0,116585.0,182770400.0,False,True,True,True,True,False
9755.T,9755,応用地質,Prime,サービス業,,2026-09-11,2614.0,2801.0,178481650.0,62695.0,260773100.0,False,True,True,True,True,False
3865.T,3865,北越コーポレーション,Prime,パルプ・紙,,2026-09-11,2614.0,898.0,178030715.0,196715.0,222344800.0,False,True,True,True,True,False
6328.T,6328,荏原実業,Prime,機械,,2026-09-11,2614.0,2276.0,177916685.0,74525.0,177983200.0,False,True,True,True,True,False
4628.T,4628,エスケー化研,Standard,化学,,2026-09-11,2614.0,9730.0,177379550.0,19110.0,96327000.0,False,True,True,True,True,False
4554.T,4554,富士製薬工業,Prime,医薬品,,2026-09-11,2614.0,1737.0,177375040.0,97995.0,140349600.0,False,True,True,True,True,False
6659.T,6659,メディアリンクス,Standard,電気機器,,2026-09-11,2614.0,49.0,177324665.0,3526665.0,162484000.0,False,False,True,True,True,False
9902.T,9902,日伝,Prime,卸売業,,2026-09-11,2614.0,3160.0,176285325.0,57185.0,292300000.0,False,True,True,True,True,False
8871.T,8871,ゴールドクレスト,Standard,不動産業,,2026-09-11,2614.0,3140.0,176090325.0,53650.0,161082000.0,False,True,True,True,True,False
4011.T,4011,ヘッドウォータース,Growth,情報・通信業,,2026-09-11,1455.0,2378.0,175696810.0,72710.0,92742000.0,False,True,True,True,True,False
6418.T,6418,日本金銭機械,Prime,機械,,2026-09-11,2614.0,1205.0,175115515.0,141230.0,161108500.0,False,True,True,True,True,False
9474.T,9474,ゼンリン,Prime,情報・通信業,,2026-09-11,2614.0,907.0,174839905.0,191900.0,99135100.0,False,True,True,True,True,False
6905.T,6905,コーセル,Prime,電気機器,,2026-09-11,2614.0,1287.0,174492660.0,132515.0,200257200.0,False,True,True,True,True,False
7033.T,7033,マネジメントソリューションズ,Prime,サービス業,,2026-09-11,1992.0,1539.0,173341670.0,105480.0,100958400.0,False,True,True,True,True,False
8159.T,8159,立花エレテック,Prime,卸売業,,2026-09-11,2614.0,4030.0,172665325.0,42425.0,164424000.0,False,True,True,True,True,False
8150.T,8150,三信電気,Prime,卸売業,,2026-09-11,2614.0,3190.0,172494700.0,53405.0,135256000.0,False,True,True,True,True,False
2674.T,2674,ハードオフコーポレーション,Prime,小売業,,2026-09-11,2614.0,2501.0,171837655.0,64460.0,144557800.0,False,True,True,True,True,False
6455.T,6455,モリタホールディングス,Prime,輸送用機器,,2026-09-11,2614.0,2449.0,171743775.0,69740.0,143511400.0,False,True,True,True,True,False
5121.T,5121,藤倉コンポジット,Prime,ゴム製品,,2026-09-11,2614.0,2660.0,171635915.0,63440.0,205618000.0,False,True,True,True,True,False
8079.T,8079,正栄食品工業,Prime,卸売業,,2026-09-11,2614.0,4385.0,171558275.0,38185.0,418767500.0,False,True,True,True,True,False
6877.T,6877,ＯＢＡＲＡ　ＧＲＯＵＰ,Standard,電気機器,,2026-09-11,2614.0,5290.0,171030950.0,30170.0,150765000.0,False,True,True,True,True,False
7979.T,7979,松風,Prime,精密機器,,2026-09-11,2614.0,2158.0,170586385.0,74165.0,196809600.0,False,True,True,True,True,False
5885.T,5885,ジーデップ・アドバンス,Standard,卸売業,,2026-09-11,783.0,3180.0,170405610.0,51930.0,135786000.0,False,True,True,True,True,False
7965.T,7965,象印マホービン,Prime,電気機器,,2026-09-11,2614.0,1447.0,170174995.0,116180.0,127191300.0,False,True,True,True,True,False
7537.T,7537,丸文,Prime,卸売業,,2026-09-11,2614.0,1798.0,170040200.0,94140.0,196881000.0,False,True,True,True,True,False
4691.T,4691,ワシントンホテル,Standard,サービス業,,2026-09-11,1685.0,2049.0,169679035.0,76635.0,170067000.0,False,True,True,True,True,False
7094.T,7094,ＮｅｘＴｏｎｅ,Growth,サービス業,,2026-09-11,1579.0,1792.0,169058465.0,91270.0,68096000.0,False,True,True,True,True,False
2734.T,2734,サーラコーポレーション,Prime,小売業,,2026-09-11,2614.0,1231.0,168236730.0,137665.0,315259100.0,False,True,True,True,True,False
1301.T,1301,極洋,Prime,水産・農林業,,2026-09-11,2614.0,4625.0,168091575.0,35675.0,179912500.0,False,True,True,True,True,False
7231.T,7231,トピー工業,Prime,輸送用機器,,2026-09-11,2614.0,3000.0,167866955.0,54765.0,397500000.0,False,True,True,True,True,False
3984.T,3984,ユーザーローカル,Prime,情報・通信業,,2026-09-11,2330.0,1529.0,167648540.0,108490.0,170177700.0,False,True,True,True,True,False
4548.T,4548,生化学工業,Prime,医薬品,,2026-09-11,2614.0,644.0,167252175.0,240705.0,792892800.0,False,True,True,True,True,False
7917.T,7917,ＺＡＣＲＯＳ,Prime,化学,,2026-09-11,2614.0,1219.0,166835185.0,131655.0,134699500.0,False,True,True,True,True,False
4228.T,4228,積水化成品工業,Prime,化学,,2026-09-11,2614.0,561.0,166784475.0,276440.0,189954600.0,False,True,True,True,True,False
9115.T,9115,明海グループ,Standard,海運業,,2026-09-11,2614.0,1100.0,166394690.0,147450.0,775830000.0,False,True,True,True,True,False
1813.T,1813,不動テトラ,Prime,建設業,,2026-09-11,2614.0,2875.0,165884975.0,58110.0,169050000.0,False,True,True,True,True,False
5036.T,5036,日本ビジネスシステムズ,Prime,情報・通信業,,2026-09-11,1007.0,1506.0,165752735.0,105500.0,169425000.0,False,True,True,True,True,False
9068.T,9068,丸全昭和運輸,Prime,陸運業,,2026-09-11,2614.0,7170.0,165559800.0,22645.0,278196000.0,False,True,True,True,True,False
8075.T,8075,神鋼商事,Prime,卸売業,,2026-09-11,2614.0,3085.0,165273100.0,53600.0,204227000.0,False,True,True,True,True,False
9708.T,9708,帝国ホテル,Standard,サービス業,,2026-09-11,2614.0,935.0,165011070.0,168670.0,208505000.0,False,True,True,True,True,False
6464.T,6464,ツバキ・ナカシマ,Prime,機械,,2026-09-11,2614.0,332.0,164420335.0,475890.0,112514800.0,False,True,True,True,True,False
6469.T,6469,放電精密加工研究所,Standard,機械,,2026-09-11,2614.0,2644.0,164114875.0,56525.0,194862800.0,False,True,True,True,True,False
5821.T,5821,平河ヒューテック,Prime,非鉄金属,,2026-09-11,2614.0,3060.0,163775650.0,51295.0,165240000.0,False,True,True,True,True,False
7943.T,7943,ニチハ,Prime,ガラス・土石製品,,2026-09-11,2614.0,2938.0,163769990.0,53610.0,240328400.0,False,True,True,True,True,False
1976.T,1976,明星工業,Prime,建設業,,2026-09-11,2614.0,1686.0,163333460.0,93370.0,141455400.0,False,True,True,True,True,False
2060.T,2060,フィード・ワン,Prime,食料品,,2026-09-11,2614.0,1453.0,163271805.0,114100.0,132949500.0,False,True,True,True,True,False
3558.T,3558,ジェイドグループ,Growth,小売業,,2026-09-11,2347.0,1877.0,163192175.0,90130.0,234437300.0,False,True,True,True,True,False
4658.T,4658,日本空調サービス,Prime,サービス業,,2026-09-11,2614.0,1525.0,162622960.0,104300.0,217465000.0,False,True,True,True,True,False
5572.T,5572,Ｒｉｄｇｅ－ｉ,Growth,情報・通信業,,2026-09-11,826.0,2879.0,162419600.0,56175.0,417742900.0,False,True,True,True,True,False
4599.T,4599,ステムリム,Growth,医薬品,,2026-09-11,1731.0,180.0,162199650.0,604620.0,954648000.0,False,False,True,True,True,False
5011.T,5011,ニチレキグループ,Prime,石油・石炭製品,,2026-09-11,2614.0,2277.0,161728440.0,69975.0,143451000.0,False,True,True,True,True,False
2484.T,2484,出前館,Standard,情報・通信業,,2026-09-11,2614.0,155.0,161621285.0,972840.0,52901500.0,False,False,True,True,True,False
3168.T,3168,ＭＥＲＦ,Standard,卸売業,,2026-09-11,2614.0,1268.0,161496970.0,115635.0,94339200.0,False,True,True,True,True,False
1762.T,1762,高松コンストラクショングループ,Prime,建設業,,2026-09-11,2614.0,4055.0,161307625.0,39285.0,163416500.0,False,True,True,True,True,False
9310.T,9310,日本トランスシティ,Prime,倉庫・運輸関連業,,2026-09-11,2614.0,1364.0,161187965.0,114540.0,147584800.0,False,True,True,True,True,False
9663.T,9663,ナガワ,Prime,サービス業,,2026-09-11,2614.0,4990.0,160736050.0,31275.0,200099000.0,False,True,True,True,True,False
3817.T,3817,ＳＲＡホールディングス,Prime,情報・通信業,,2026-09-11,2614.0,4695.0,160461025.0,33140.0,181696500.0,False,True,True,True,True,False
3771.T,3771,システムリサーチ,Prime,情報・通信業,,2026-09-11,2614.0,1871.0,160191535.0,83885.0,318070000.0,False,True,True,True,True,False
3196.T,3196,ホットランドホールディングス,Prime,小売業,,2026-09-11,2614.0,1616.0,160165785.0,97540.0,123139200.0,False,True,True,True,True,False
2594.T,2594,キーコーヒー,Prime,食料品,,2026-09-11,2614.0,2001.0,158371415.0,78155.0,246923400.0,False,True,True,True,True,False
4025.T,4025,多木化学,Prime,化学,,2026-09-11,2614.0,5550.0,158344150.0,26715.0,124320000.0,False,True,True,True,True,False
6381.T,6381,アネスト岩田,Prime,機械,,2026-09-11,2614.0,1876.0,158060815.0,80965.0,171466400.0,False,True,True,True,True,False
2749.T,2749,ＪＰホールディングス,Prime,サービス業,,2026-09-11,2614.0,645.0,157794015.0,239885.0,111714000.0,False,True,True,True,True,False
8841.T,8841,テーオーシー,Standard,不動産業,,2026-09-11,2614.0,1001.0,157597285.0,151550.0,121421300.0,False,True,True,True,True,False
2301.T,2301,学情,Prime,サービス業,,2026-09-11,2614.0,1632.0,157592595.0,93035.0,170707200.0,False,True,True,True,True,False
6769.T,6769,ザインエレクトロニクス,Standard,電気機器,,2026-09-11,2614.0,1121.0,157120555.0,135445.0,83290300.0,False,True,True,True,True,False
4958.T,4958,長谷川香料,Prime,化学,,2026-09-11,2614.0,3245.0,156686775.0,47255.0,236236000.0,False,True,True,True,True,False
8244.T,8244,近鉄百貨店,Standard,小売業,,2026-09-11,2614.0,1856.0,155919075.0,80105.0,70528000.0,False,True,True,True,True,False
1887.T,1887,日本国土開発,Prime,建設業,,2026-09-11,1836.0,543.0,155599380.0,283960.0,116527800.0,False,True,True,True,True,False
3903.T,3903,ｇｕｍｉ,Prime,情報・通信業,,2026-09-11,2614.0,216.0,155307325.0,584800.0,372967200.0,False,True,True,True,True,False
3850.T,3850,エヌ・ティ・ティ・データ・イントラマート,Standard,情報・通信業,,2026-09-11,2614.0,3765.0,155252125.0,42700.0,185991000.0,False,True,True,True,True,False
5698.T,5698,エンビプロ・ホールディングス,Standard,鉄鋼,,2026-09-11,2614.0,715.0,154851105.0,198760.0,143715000.0,False,True,True,True,True,False
5129.T,5129,ＦＩＸＥＲ,Growth,情報・通信業,,2026-09-11,963.0,264.0,154177135.0,422250.0,20750400.0,False,True,True,True,True,False
6289.T,6289,技研製作所,Prime,機械,,2026-09-11,2614.0,1861.0,153381610.0,79565.0,118731800.0,False,True,True,True,True,False
3950.T,3950,ザ・パック,Prime,パルプ・紙,,2026-09-11,2614.0,1454.0,153347670.0,102950.0,170263400.0,False,True,True,True,True,False
8103.T,8103,明和産業,Prime,卸売業,,2026-09-11,2614.0,970.0,153302630.0,158690.0,284016000.0,False,True,True,True,True,False
8877.T,8877,エスリード,Prime,不動産業,,2026-09-11,2614.0,5090.0,153297150.0,28950.0,127759000.0,False,True,True,True,True,False
8070.T,8070,東京産業,Prime,卸売業,,2026-09-11,2614.0,975.0,153035585.0,160150.0,146640000.0,False,True,True,True,True,False
7725.T,7725,インターアクション,Prime,精密機器,,2026-09-11,2614.0,1692.0,152822775.0,85290.0,145342800.0,False,True,True,True,True,False
3182.T,3182,オイシックス・ラ・大地,Prime,小売業,,2026-09-11,2614.0,1559.0,152656655.0,90305.0,212024000.0,False,True,True,True,True,False
6238.T,6238,フリュー,Prime,機械,,2026-09-11,2614.0,1434.0,152464260.0,107800.0,238330800.0,False,True,True,True,True,False
3475.T,3475,グッドコムアセット,Prime,不動産業,,2026-09-11,2406.0,1428.0,152433770.0,100745.0,149226000.0,False,True,True,True,True,False
9470.T,9470,学研ホールディングス,Prime,情報・通信業,,2026-09-11,2614.0,1046.0,152409610.0,147305.0,170393400.0,False,True,True,True,True,False
8281.T,8281,ゼビオホールディングス,Prime,小売業,,2026-09-11,2614.0,1103.0,152037690.0,130890.0,178796300.0,False,True,True,True,True,False
7860.T,7860,エイベックス,Prime,情報・通信業,,2026-09-11,2614.0,1252.0,151138410.0,119015.0,149614000.0,False,True,True,True,True,False
6222.T,6222,島精機製作所,Prime,機械,,2026-09-11,2614.0,939.0,150448010.0,157520.0,130802700.0,False,True,True,True,True,False
6337.T,6337,テセック,Standard,機械,,2026-09-11,2614.0,3300.0,149952975.0,44910.0,110880000.0,False,True,True,True,True,False
4251.T,4251,恵和,Prime,化学,,2026-09-11,1678.0,1145.0,149744550.0,127270.0,120568500.0,False,True,True,True,True,False
5834.T,5834,ＳＢＩリーシングサービス,Growth,証券、商品先物取引業,,2026-09-11,955.0,2742.0,149682515.0,54565.0,107760600.0,False,True,True,True,True,False
4424.T,4424,Ａｍａｚｉａ,Growth,情報・通信業,,2026-09-11,1884.0,316.0,149399275.0,419690.0,14346400.0,False,True,True,True,True,False
6420.T,6420,ガリレイ,Prime,機械,,2026-09-11,2614.0,3395.0,149291325.0,42595.0,160244000.0,False,True,True,True,True,False
6492.T,6492,岡野バルブ製造,Standard,機械,,2026-09-11,2614.0,13560.0,148890950.0,10530.0,80004000.0,False,True,True,True,True,False
9268.T,9268,オプティマスグループ,Standard,卸売業,,2026-09-11,2141.0,393.0,148804925.0,355075.0,108428700.0,False,True,True,True,True,False
6433.T,6433,ヒーハイスト,Standard,機械,,2026-09-11,2614.0,1125.0,147315395.0,132950.0,71100000.0,False,True,True,True,True,False
9610.T,9610,ウィルソン・ラーニング　ワールドワイド,Standard,サービス業,,2026-09-11,2614.0,112.0,147306240.0,1205380.0,24550400.0,False,False,True,True,True,False
3374.T,3374,内外テック,Standard,卸売業,,2026-09-11,2614.0,3900.0,147088775.0,35735.0,73320000.0,False,True,True,True,True,False
6339.T,6339,新東工業,Prime,機械,,2026-09-11,2614.0,1155.0,146892485.0,122865.0,249133500.0,False,True,True,True,True,False
6637.T,6637,寺崎電気産業,Standard,電気機器,,2026-09-11,2614.0,4100.0,146781175.0,34460.0,113570000.0,False,True,True,True,True,False
3936.T,3936,グローバルウェイ,Growth,情報・通信業,,2026-09-11,2561.0,133.0,146444885.0,894390.0,39354700.0,False,False,True,True,True,False
4992.T,4992,北興化学工業,Standard,化学,,2026-09-11,2614.0,1874.0,146077360.0,73125.0,89764600.0,False,True,True,True,True,False
6993.T,6993,大黒屋ホールディングス,Standard,小売業,,2026-09-11,2614.0,85.0,145311865.0,1644505.0,54570000.0,False,False,True,True,True,False
4212.T,4212,積水樹脂,Prime,化学,,2026-09-11,2614.0,2871.0,145151150.0,50280.0,165656700.0,False,True,True,True,True,False
6364.T,6364,ＡＩＲＭＡＮ,Prime,機械,,2026-09-11,2614.0,2454.0,144745955.0,57310.0,200982600.0,False,True,True,True,True,False
8131.T,8131,ミツウロコグループホールディングス,Standard,卸売業,,2026-09-11,2614.0,2507.0,144527290.0,62420.0,176743500.0,False,True,True,True,True,False
6351.T,6351,鶴見製作所,Prime,機械,,2026-09-11,2614.0,2552.0,144335710.0,57980.0,232742400.0,False,True,True,True,True,False
5010.T,5010,日本精蝋,Standard,石油・石炭製品,,2026-09-11,2614.0,279.0,143716850.0,451110.0,43049700.0,False,True,True,True,True,False
4743.T,4743,アイティフォー,Prime,情報・通信業,,2026-09-11,2614.0,1600.0,143640455.0,87335.0,165600000.0,False,True,True,True,True,False
8157.T,8157,都築電気,Prime,情報・通信業,,2026-09-11,2614.0,4130.0,143588825.0,34620.0,201544000.0,False,True,True,True,True,False
4595.T,4595,ミズホメディー,Standard,医薬品,,2026-09-11,2614.0,1690.0,143304015.0,83315.0,88049000.0,False,True,True,True,True,False
153A.T,153A,カウリス,Growth,情報・通信業,,2026-09-11,602.0,1632.0,143149675.0,96980.0,244310400.0,False,True,True,True,True,False
8132.T,8132,シナネンホールディングス,Prime,卸売業,,2026-09-11,2614.0,7440.0,142937400.0,17145.0,55800000.0,False,True,True,True,True,False
4886.T,4886,あすか製薬ホールディングス,Prime,医薬品,,2026-09-11,1333.0,2040.0,142677250.0,66880.0,109140000.0,False,True,True,True,True,False
3901.T,3901,マークラインズ,Prime,情報・通信業,,2026-09-11,2614.0,1476.0,142243395.0,91185.0,126640800.0,False,True,True,True,True,False
6231.T,6231,木村工機,Standard,機械,,2026-09-11,1589.0,11670.0,141361750.0,11175.0,109698000.0,False,True,True,True,True,False
5195.T,5195,バンドー化学,Prime,ゴム製品,,2026-09-11,2614.0,2450.0,140896295.0,57505.0,445165000.0,False,True,True,True,True,False
6809.T,6809,ＴＯＡ,Prime,電気機器,,2026-09-11,2614.0,1708.0,140359955.0,81210.0,134932000.0,False,True,True,True,True,False
6629.T,6629,テクノホライゾン,Standard,電気機器,,2026-09-11,2614.0,949.0,139384880.0,142385.0,146620500.0,False,True,True,True,True,False
8142.T,8142,トーホー,Prime,卸売業,,2026-09-11,2614.0,1411.0,139302975.0,97620.0,156056600.0,False,True,True,True,True,False
6823.T,6823,リオン,Prime,電気機器,,2026-09-11,2614.0,3205.0,138853350.0,41650.0,133007500.0,False,True,True,True,True,False
1822.T,1822,大豊建設,Standard,建設業,,2026-09-11,2614.0,823.0,138554440.0,168425.0,138264000.0,False,True,True,True,True,False
5218.T,5218,オハラ,Standard,ガラス・土石製品,,2026-09-11,2614.0,1581.0,138359790.0,85135.0,110195700.0,False,True,True,True,True,False
5408.T,5408,中山製鋼所,Prime,鉄鋼,,2026-09-11,2614.0,636.0,138356200.0,215115.0,110409600.0,False,True,True,True,True,False
6240.T,6240,ヤマシンフィルタ,Prime,機械,,2026-09-11,2614.0,518.0,138229425.0,258740.0,207614400.0,False,True,True,True,True,False
7949.T,7949,小松ウオール工業,Prime,その他製品,,2026-09-11,2614.0,2779.0,138220485.0,49135.0,166184200.0,False,True,True,True,True,False
4027.T,4027,テイカ,Prime,化学,,2026-09-11,2614.0,2341.0,137636915.0,57375.0,123370700.0,False,True,True,True,True,False
4534.T,4534,持田製薬,Prime,医薬品,,2026-09-11,2614.0,3160.0,137506050.0,42290.0,179172000.0,False,True,True,True,True,False
9227.T,9227,マイクロ波化学,Growth,サービス業,,2026-09-11,1033.0,835.0,137035970.0,151180.0,81078500.0,False,True,True,True,True,False
296A.T,296A,令和アカウンティング・ホールディングス,Growth,サービス業,,2026-09-11,419.0,1161.0,136956590.0,123735.0,70588800.0,False,True,True,True,True,False
4396.T,4396,システムサポートホールディングス,Prime,情報・通信業,,2026-09-11,1984.0,1313.0,136652425.0,98845.0,141541400.0,False,True,True,True,True,False
2820.T,2820,やまみ,Standard,食料品,,2026-09-11,2523.0,6700.0,136452600.0,22065.0,158120000.0,False,True,True,True,True,False
6255.T,6255,エヌ・ピー・シー,Growth,機械,,2026-09-11,2614.0,666.0,136378650.0,202265.0,115884000.0,False,True,True,True,True,False
6564.T,6564,ミダックホールディングス,Prime,サービス業,,2026-09-11,2138.0,2005.0,136339030.0,66485.0,155989000.0,False,True,True,True,True,False
6194.T,6194,アトラエ,Prime,サービス業,,2026-09-11,2525.0,856.0,136040925.0,155285.0,142952000.0,False,True,True,True,True,False
3837.T,3837,アドソル日進,Prime,情報・通信業,,2026-09-11,2614.0,1305.0,135865145.0,96135.0,264262500.0,False,True,True,True,True,False
4848.T,4848,フルキャストホールディングス,Prime,サービス業,,2026-09-11,2614.0,1803.0,135248205.0,72950.0,109802700.0,False,True,True,True,True,False
7102.T,7102,日本車輌製造,Prime,輸送用機器,,2026-09-11,2614.0,3510.0,134798000.0,36880.0,107757000.0,False,True,True,True,True,False
4375.T,4375,セーフィー,Growth,情報・通信業,,2026-09-11,1213.0,649.0,134784820.0,201485.0,114094200.0,False,True,True,True,True,False
3333.T,3333,あさひ,Prime,小売業,,2026-09-11,2614.0,1290.0,134330325.0,100735.0,138675000.0,False,True,True,True,True,False
3201.T,3201,日本毛織,Prime,繊維製品,,2026-09-11,2614.0,1997.0,134050560.0,67985.0,182525800.0,False,True,True,True,True,False
368A.T,368A,北里コーポレーション,Prime,精密機器,,2026-09-11,298.0,1393.0,133386835.0,90365.0,105310800.0,False,True,True,True,True,False
5988.T,5988,パイオラックス,Prime,金属製品,,2026-09-11,2614.0,1677.0,132793560.0,77955.0,111185100.0,False,True,True,True,True,False
3151.T,3151,バイタルケーエスケー・ホールディングス,Prime,卸売業,,2026-09-11,2614.0,1571.0,131956470.0,80530.0,134320500.0,False,True,True,True,True,False
8704.T,8704,トレイダーズホールディングス,Standard,証券、商品先物取引業,,2026-09-11,2614.0,1405.0,131952425.0,95335.0,102003000.0,False,True,True,True,True,False
8364.T,8364,清水銀行,Prime,銀行業,,2026-09-11,2614.0,3110.0,131507250.0,41840.0,122534000.0,False,True,True,True,True,False
7607.T,7607,進和,Prime,卸売業,,2026-09-11,2614.0,2965.0,130141425.0,42050.0,80055000.0,False,True,True,True,True,False
6425.T,6425,ユニバーサルエンターテインメント,Standard,機械,,2026-09-11,2614.0,733.0,130098720.0,178330.0,102546700.0,False,True,True,True,True,False
9270.T,9270,バリュエンスホールディングス,Growth,卸売業,,2026-09-11,2079.0,1971.0,130011155.0,63130.0,110573100.0,False,True,True,True,True,False
8537.T,8537,大光銀行,Standard,銀行業,,2026-09-11,2614.0,3125.0,129797005.0,42310.0,145000000.0,False,True,True,True,True,False
2158.T,2158,ＦＲＯＮＴＥＯ,Growth,サービス業,,2026-09-11,2614.0,609.0,129481405.0,204065.0,89462100.0,False,True,True,True,True,False
5592.T,5592,くすりの窓口,Growth,情報・通信業,,2026-09-11,718.0,2579.0,129478710.0,48190.0,156029500.0,False,True,True,True,True,False
6333.T,6333,帝国電機製作所,Prime,機械,,2026-09-11,2614.0,3430.0,129272725.0,38135.0,146461000.0,False,True,True,True,True,False
6062.T,6062,チャーム・ケア・コーポレーション,Prime,サービス業,,2026-09-11,2614.0,1381.0,128986425.0,91975.0,320530100.0,False,True,True,True,True,False
5013.T,5013,ユシロ,Standard,石油・石炭製品,,2026-09-11,2614.0,2825.0,128841460.0,44040.0,90400000.0,False,True,True,True,True,False
4668.T,4668,明光ネットワークジャパン,Prime,サービス業,,2026-09-11,2614.0,763.0,128827535.0,165090.0,48984600.0,False,True,True,True,True,False
6378.T,6378,木村化工機,Standard,機械,,2026-09-11,2614.0,1138.0,128346975.0,105860.0,138836000.0,False,True,True,True,True,False
6547.T,6547,グリーンズ,Standard,サービス業,,2026-09-11,2336.0,2082.0,127813110.0,61395.0,87444000.0,False,True,True,True,True,False
4344.T,4344,ソースネクスト,Prime,情報・通信業,,2026-09-11,2614.0,111.0,127751300.0,1112670.0,108879900.0,False,False,True,True,True,False
2429.T,2429,ワールドホールディングス,Prime,サービス業,,2026-09-11,2614.0,2738.0,127729215.0,45315.0,178243800.0,False,True,True,True,True,False
9052.T,9052,山陽電気鉄道,Prime,陸運業,,2026-09-11,2614.0,1985.0,126907825.0,62700.0,84362500.0,False,True,True,True,True,False
4826.T,4826,ＣＩＪ,Prime,情報・通信業,,2026-09-11,2614.0,530.0,126468130.0,234060.0,116547000.0,False,True,True,True,True,False
3444.T,3444,菊池製作所,Standard,金属製品,,2026-09-11,2614.0,1015.0,126461570.0,122610.0,144231500.0,False,True,True,True,True,False
6676.T,6676,ＢＵＦＦＡＬＯ,Standard,電気機器,,2026-09-11,2614.0,3030.0,125816710.0,41680.0,120594000.0,False,True,True,True,True,False
3441.T,3441,山王,Standard,金属製品,,2026-09-11,2614.0,2758.0,125793790.0,45400.0,165480000.0,False,True,True,True,True,False
5976.T,5976,高周波熱錬,Prime,金属製品,,2026-09-11,2614.0,1446.0,125610875.0,82990.0,106570200.0,False,True,True,True,True,False
7071.T,7071,アンビスホールディングス,Prime,サービス業,,2026-09-11,1691.0,391.0,124738200.0,302655.0,74602800.0,False,True,True,True,True,False
194A.T,194A,ＷＯＬＶＥＳ　ＨＡＮＤ,Growth,サービス業,,2026-09-11,545.0,1791.0,124480990.0,67010.0,264351600.0,False,True,True,True,True,False
4611.T,4611,大日本塗料,Prime,化学,,2026-09-11,2614.0,1519.0,123011485.0,79395.0,83393100.0,False,True,True,True,True,False
8081.T,8081,カナデン,Prime,卸売業,,2026-09-11,2614.0,2507.0,122943980.0,48785.0,99026500.0,False,True,True,True,True,False
7637.T,7637,白銅,Prime,卸売業,,2026-09-11,2614.0,3385.0,122934450.0,33120.0,123891000.0,False,True,True,True,True,False
4346.T,4346,ＮＥＸＹＺ．Ｇｒｏｕｐ,Standard,その他金融業,,2026-09-11,2614.0,1007.0,122645420.0,126540.0,141584200.0,False,True,True,True,True,False
4714.T,4714,リソー教育グループ,Prime,サービス業,,2026-09-11,2614.0,210.0,121921830.0,585180.0,125874000.0,False,True,True,True,True,False
8066.T,8066,三谷商事,Standard,卸売業,,2026-09-11,2614.0,3530.0,121327325.0,35765.0,152143000.0,False,True,True,True,True,False
7914.T,7914,共同印刷,Prime,その他製品,,2026-09-11,2614.0,1725.0,121238070.0,69375.0,121095000.0,False,True,True,True,True,False
4434.T,4434,サーバーワークス,Standard,情報・通信業,,2026-09-11,1829.0,2407.0,120938435.0,48535.0,65711100.0,False,True,True,True,True,False
3179.T,3179,シュッピン,Prime,小売業,,2026-09-11,2614.0,1133.0,120925850.0,100610.0,289141600.0,False,True,True,True,True,False
6630.T,6630,ヤーマン,Prime,電気機器,,2026-09-11,2614.0,785.0,120885670.0,149970.0,53615500.0,False,True,True,True,True,False
4620.T,4620,藤倉化成,Standard,化学,,2026-09-11,2614.0,966.0,120355380.0,125405.0,104231400.0,False,True,True,True,True,False
8198.T,8198,マックスバリュ東海,Standard,小売業,,2026-09-11,2614.0,3295.0,119878200.0,35565.0,42176000.0,False,True,True,True,True,False
7512.T,7512,イオン北海道,Standard,小売業,,2026-09-11,2614.0,861.0,119597820.0,139125.0,147058800.0,False,True,True,True,True,False
6357.T,6357,三精テクノロジーズ,Standard,機械,,2026-09-11,2614.0,2636.0,118996240.0,44390.0,76180400.0,False,True,True,True,True,False
3431.T,3431,宮地エンジニアリンググループ,Prime,金属製品,,2026-09-11,2614.0,1550.0,118890345.0,73955.0,120280000.0,False,True,True,True,True,False
7421.T,7421,カッパ・クリエイト,Prime,小売業,,2026-09-11,2614.0,1605.0,118492745.0,73375.0,200304000.0,False,True,True,True,True,False
6276.T,6276,シリウスビジョン,Standard,電気機器,,2026-09-11,2614.0,352.0,118420640.0,302500.0,19923200.0,False,True,True,True,True,False
9305.T,9305,ヤマタネ,Prime,卸売業,,2026-09-11,2614.0,2043.0,118335220.0,56910.0,135450900.0,False,True,True,True,True,False
4847.T,4847,インテリジェント　ウェイブ,Prime,情報・通信業,,2026-09-11,2614.0,1378.0,118212380.0,88325.0,51123800.0,False,True,True,True,True,False
3457.T,3457,Ａｎｄ　Ｄｏホールディングス,Prime,不動産業,,2026-09-11,2614.0,911.0,117266455.0,126765.0,185844000.0,False,True,True,True,True,False
3983.T,3983,オロ,Prime,情報・通信業,,2026-09-11,2335.0,1861.0,116286205.0,56785.0,123756500.0,False,True,True,True,True,False
7256.T,7256,河西工業,Standard,輸送用機器,,2026-09-11,2614.0,429.0,116013780.0,261885.0,33333300.0,False,True,True,True,True,False
2325.T,2325,ＮＪＳ,Prime,サービス業,,2026-09-11,2614.0,4535.0,115993450.0,24330.0,95235000.0,False,True,True,True,True,False
3150.T,3150,グリムス,Prime,電気・ガス業,,2026-09-11,2614.0,2397.0,115854835.0,46875.0,133512900.0,False,True,True,True,True,False
2053.T,2053,中部飼料,Prime,食料品,,2026-09-11,2614.0,2010.0,115482410.0,57325.0,159393000.0,False,True,True,True,True,False
7244.T,7244,市光工業,Prime,電気機器,,2026-09-11,2614.0,554.0,115130580.0,201160.0,89360200.0,False,True,True,True,True,False
9221.T,9221,フルハシＥＰＯ,Standard,サービス業,,2026-09-11,1075.0,1157.0,114772585.0,100630.0,50213800.0,False,True,True,True,True,False
3939.T,3939,カナミックネットワーク,Prime,情報・通信業,,2026-09-11,2461.0,484.0,114762415.0,220260.0,70373600.0,False,True,True,True,True,False
6217.T,6217,津田駒工業,Standard,機械,,2026-09-11,2614.0,738.0,114389360.0,134470.0,25313400.0,False,True,True,True,True,False
3798.T,3798,ＵＬＳグループ,Standard,情報・通信業,,2026-09-11,2614.0,514.0,114334140.0,214150.0,87225800.0,False,True,True,True,True,False
9369.T,9369,キユーソー流通システム,Standard,倉庫・運輸関連業,,2026-09-11,2614.0,2935.0,114253455.0,37060.0,106834000.0,False,True,True,True,True,False
6245.T,6245,ヒラノテクシード,Standard,機械,,2026-09-11,2614.0,1763.0,113550735.0,62490.0,92381200.0,False,True,True,True,True,False
8562.T,8562,福島銀行,Standard,銀行業,,2026-09-11,2614.0,385.0,113472815.0,299500.0,88935000.0,False,True,True,True,True,False
6430.T,6430,ダイコク電機,Prime,機械,,2026-09-11,2614.0,2427.0,112838120.0,45525.0,255563100.0,False,True,True,True,True,False
5038.T,5038,ｅＷｅＬＬ,Growth,情報・通信業,,2026-09-11,974.0,2064.0,112446590.0,51475.0,61094400.0,False,True,True,True,True,False
7510.T,7510,たけびし,Prime,卸売業,,2026-09-11,2614.0,2628.0,112378570.0,40865.0,87249600.0,False,True,True,True,True,False
2153.T,2153,Ｅ・Ｊホールディングス,Prime,サービス業,,2026-09-11,2614.0,1817.0,112179345.0,61125.0,88306200.0,False,True,True,True,True,False
4381.T,4381,ビープラッツ,Growth,情報・通信業,,2026-09-11,2069.0,257.0,112085020.0,370295.0,423330400.0,False,True,True,True,True,False
8935.T,8935,ＦＪネクストホールディングス,Prime,不動産業,,2026-09-11,2614.0,1920.0,111697750.0,55440.0,117888000.0,False,True,True,True,True,False
197A.T,197A,タウンズ,Standard,医薬品,,2026-09-11,545.0,502.0,110607110.0,219910.0,92368000.0,False,True,True,True,True,False
3708.T,3708,特種東海製紙,Prime,パルプ・紙,,2026-09-11,2614.0,2135.0,110543030.0,51385.0,132156500.0,False,True,True,True,True,False
7989.T,7989,立川ブラインド工業,Prime,金属製品,,2026-09-11,2614.0,2642.0,109192090.0,40670.0,77939000.0,False,True,True,True,True,False
5946.T,5946,長府製作所,Prime,金属製品,,2026-09-11,2614.0,2001.0,108426025.0,52365.0,138669300.0,False,True,True,True,True,False
3415.T,3415,ＴＯＫＹＯ　ＢＡＳＥ,Prime,小売業,,2026-09-11,2614.0,343.0,108278750.0,296655.0,79335900.0,False,True,True,True,True,False
6070.T,6070,キャリアリンク,Prime,サービス業,,2026-09-11,2614.0,2479.0,108173125.0,41740.0,60983400.0,False,True,True,True,True,False
4931.T,4931,新日本製薬,Prime,化学,,2026-09-11,1761.0,2009.0,107402260.0,51795.0,71721300.0,False,True,True,True,True,False
6306.T,6306,日工,Prime,機械,,2026-09-11,2614.0,983.0,107385305.0,105630.0,106262300.0,False,True,True,True,True,False
8929.T,8929,青山財産ネットワークス,Standard,不動産業,,2026-09-11,2614.0,1335.0,106767450.0,77290.0,61677000.0,False,True,True,True,True,False
6166.T,6166,中村超硬,Growth,機械,,2026-09-11,2614.0,652.0,106467995.0,160635.0,61027200.0,False,True,True,True,True,False
2656.T,2656,ベクターホールディングス,Standard,小売業,,2026-09-11,2614.0,155.0,106370975.0,572740.0,22955500.0,False,False,True,True,True,False
5185.T,5185,フコク,Prime,ゴム製品,,2026-09-11,2614.0,1959.0,106301175.0,52200.0,63275700.0,False,True,True,True,True,False
5273.T,5273,三谷セキサン,Standard,ガラス・土石製品,,2026-09-11,2614.0,1998.0,105799045.0,52410.0,149650200.0,False,True,True,True,True,False
2305.T,2305,スタジオアリス,Standard,サービス業,,2026-09-11,2614.0,1838.0,104891560.0,55165.0,58264600.0,False,True,True,True,True,False
5532.T,5532,リアルゲイト,Growth,不動産業,,2026-09-11,789.0,3435.0,104564200.0,30300.0,44655000.0,False,True,True,True,True,False
4323.T,4323,日本システム技術,Prime,情報・通信業,,2026-09-11,2614.0,1851.0,104373845.0,54605.0,94030800.0,False,True,True,True,True,False
7727.T,7727,オーバル,Standard,精密機器,,2026-09-11,2614.0,833.0,103856795.0,123865.0,64474200.0,False,True,True,True,True,False
5992.T,5992,中央発條,Standard,金属製品,,2026-09-11,2614.0,3670.0,103482550.0,28090.0,90649000.0,False,True,True,True,True,False
147A.T,147A,ソラコム,Growth,情報・通信業,,2026-09-11,604.0,968.0,103231605.0,103195.0,91766400.0,False,True,True,True,True,False
5210.T,5210,日本山村硝子,Standard,ガラス・土石製品,,2026-09-11,2614.0,2856.0,103093155.0,35190.0,116239200.0,False,True,True,True,True,False
6191.T,6191,エアトリ,Prime,サービス業,,2026-09-11,2575.0,1073.0,102922495.0,124175.0,55259500.0,False,True,True,True,True,False
7059.T,7059,コプロ・ホールディングス,Prime,サービス業,,2026-09-11,1826.0,898.0,102827435.0,111955.0,86657000.0,False,True,True,True,True,False
3937.T,3937,Ｕｂｉｃｏｍホールディングス,Prime,情報・通信業,,2026-09-11,2520.0,1136.0,102301235.0,84150.0,239923200.0,False,True,True,True,True,False
3836.T,3836,アバントグループ,Prime,情報・通信業,,2026-09-11,2614.0,1190.0,100987945.0,84400.0,105315000.0,False,True,True,True,True,False
7522.T,7522,ワタミ,Prime,小売業,,2026-09-11,2614.0,904.0,100910325.0,106210.0,165612800.0,False,True,True,True,True,False
6505.T,6505,東洋電機製造,Standard,電気機器,,2026-09-04,2609.0,2439.0,99870125.0,41330.0,65121300.0,False,True,True,True,False,False
3561.T,3561,力の源ホールディングス,Prime,小売業,,2026-09-04,2332.0,1558.0,99816690.0,62150.0,113889800.0,False,True,True,True,False,False
6706.T,6706,電気興業,Prime,電気機器,,2026-09-07,2610.0,3285.0,99681275.0,29790.0,67014000.0,False,True,True,True,True,False
4662.T,4662,フォーカスシステムズ,Prime,情報・通信業,,2026-09-07,2610.0,1635.0,99654465.0,59050.0,57388500.0,False,True,True,True,True,False
2489.T,2489,アドウェイズ,Prime,サービス業,,2026-09-11,2614.0,400.0,99646630.0,247220.0,82960000.0,False,True,True,True,True,False
6272.T,6272,レオン自動機,Prime,機械,,2026-09-10,2613.0,1493.0,99632245.0,64520.0,72111900.0,False,True,True,True,True,False
9612.T,9612,ラックランド,Prime,サービス業,,2026-09-04,2609.0,1216.0,99531460.0,79130.0,80012800.0,False,True,True,True,False,False
1964.T,1964,中外炉工業,Prime,建設業,,2026-09-08,2611.0,3920.0,99397500.0,24435.0,69384000.0,False,True,True,True,True,False
4718.T,4718,早稲田アカデミー,Prime,サービス業,,2026-09-09,2612.0,2531.0,99340750.0,39735.0,72386600.0,False,True,True,True,True,False
3139.T,3139,ラクト・ジャパン,Prime,卸売業,,2026-09-07,2610.0,3400.0,99292850.0,29150.0,62900000.0,False,True,True,True,True,False
4956.T,4956,コニシ,Prime,化学,,2026-09-07,2610.0,1467.0,99275360.0,67660.0,62934300.0,False,True,True,True,True,False
7271.T,7271,安永,Standard,輸送用機器,,2026-09-04,2609.0,805.0,99179640.0,123830.0,45160500.0,False,True,True,True,False,False
4687.T,4687,ＴＤＣソフト,Prime,情報・通信業,,2026-09-10,2613.0,1029.0,99080635.0,95515.0,72956100.0,False,True,True,True,True,False
2329.T,2329,東北新社,Standard,情報・通信業,,2026-09-04,2609.0,501.0,99035315.0,200570.0,16332600.0,False,True,True,True,False,False
9790.T,9790,福井コンピュータホールディングス,Prime,情報・通信業,,2026-09-07,2610.0,2971.0,99005840.0,32145.0,158354300.0,False,True,True,True,True,False
2266.T,2266,六甲バター,Prime,食料品,,2026-09-04,2609.0,1112.0,98838180.0,89330.0,93852800.0,False,True,True,True,False,False
6356.T,6356,日本ギア工業,Standard,機械,,2026-09-04,2609.0,1317.0,98802635.0,73675.0,60713700.0,False,True,True,True,False,False
7774.T,7774,ジャパン・ティッシュエンジニアリング,Growth,精密機器,,2026-09-08,2611.0,912.0,98724525.0,114535.0,192796800.0,False,True,True,True,True,False
3733.T,3733,ソフトウェア・サービス,Standard,情報・通信業,,2026-09-09,2612.0,11930.0,98652200.0,8045.0,31018000.0,False,True,True,True,True,False
1930.T,1930,北陸電気工事,Prime,建設業,,2026-09-07,2610.0,1600.0,98645960.0,64305.0,131520000.0,False,True,True,True,True,False
4112.T,4112,保土谷化学工業,Prime,化学,,2026-09-08,2611.0,2094.0,98620135.0,44250.0,120405000.0,False,True,True,True,True,False
9628.T,9628,燦ホールディングス,Prime,サービス業,,2026-09-04,2609.0,1330.0,98585800.0,71810.0,69825000.0,False,True,True,True,False,False
3662.T,3662,エイチームホールディングス,Prime,情報・通信業,,2026-09-04,2609.0,969.0,98552565.0,103065.0,190989900.0,False,True,True,True,False,False
3922.T,3922,ＰＲ　ＴＩＭＥＳ,Prime,情報・通信業,,2026-09-11,2575.0,2135.0,98351090.0,45410.0,34160000.0,False,True,True,True,True,False
4619.T,4619,日本特殊塗料,Standard,化学,,2026-09-04,2609.0,2653.0,98309910.0,36655.0,76406400.0,False,True,True,True,False,False
4058.T,4058,トヨクモ,Growth,情報・通信業,,2026-09-11,1459.0,2229.0,98295040.0,40560.0,44802900.0,False,True,True,True,True,False
431A.T,431A,ユーソナー,Growth,情報・通信業,,2026-09-04,216.0,2831.0,98261595.0,41050.0,161367000.0,False,True,False,True,False,False
9658.T,9658,ビジネスブレイン太田昭和,Prime,情報・通信業,,2026-09-04,2609.0,1096.0,98213560.0,90920.0,54142400.0,False,True,True,True,False,False
3479.T,3479,ティーケーピー,Growth,不動産業,,2026-09-09,2331.0,1878.0,98151230.0,52410.0,86951400.0,False,True,True,True,True,False
7373.T,7373,アイドマ・ホールディングス,Growth,サービス業,,2026-09-07,1274.0,929.0,97982720.0,102320.0,39018000.0,False,True,True,True,True,False
7921.T,7921,ＴＡＫＡＲＡ　＆　ＣＯＭＰＡＮＹ,Prime,その他製品,,2026-09-04,2609.0,4160.0,97907675.0,23055.0,98592000.0,False,True,True,True,False,False
2982.T,2982,ＡＤワークスグループ,Prime,不動産業,,2026-09-10,1576.0,420.0,97694205.0,228510.0,61572000.0,False,True,True,True,True,False
2418.T,2418,ツカダ・グローバルホールディング,Standard,サービス業,,2026-09-04,2609.0,604.0,97584420.0,160845.0,47172400.0,False,True,True,True,False,False
4337.T,4337,ぴあ,Prime,サービス業,,2026-09-04,2609.0,2726.0,97445965.0,35465.0,52884400.0,False,True,True,True,False,False
3895.T,3895,ハビックス,Standard,パルプ・紙,,2026-09-11,2614.0,471.0,97354895.0,195685.0,16390800.0,False,True,True,True,True,False
3788.T,3788,ＧＭＯグローバルサイン・ホールディングス,Prime,情報・通信業,,2026-09-10,2613.0,1888.0,97301740.0,46000.0,50787200.0,False,True,True,True,True,False
9739.T,9739,ＮＳＷ,Prime,情報・通信業,,2026-09-10,2613.0,2635.0,97077870.0,35450.0,50855500.0,False,True,True,True,True,False
9256.T,9256,サクシード,Growth,サービス業,,2026-09-04,1150.0,1053.0,97063750.0,80675.0,28325700.0,False,True,True,True,False,False
5269.T,5269,日本コンクリート工業,Prime,ガラス・土石製品,,2026-09-10,2613.0,362.0,97047140.0,255965.0,76852600.0,False,True,True,True,True,False
6413.T,6413,理想科学工業,Prime,機械,,2026-09-04,2609.0,1091.0,97044655.0,86060.0,112809400.0,False,True,True,True,False,False
2752.T,2752,フジオフードグループ本社,Prime,小売業,,2026-09-09,2612.0,1150.0,96952575.0,85310.0,71070000.0,False,True,True,True,True,False
2652.T,2652,まんだらけ,Standard,小売業,,2026-09-11,2614.0,424.0,96943820.0,220300.0,62752000.0,False,True,True,True,True,False
4462.T,4462,石原ケミカル,Prime,化学,,2026-09-04,2609.0,2927.0,96942840.0,31460.0,82541400.0,False,True,True,True,False,False
4933.T,4933,Ｉ－ｎｅ,Prime,化学,,2026-09-08,1456.0,1434.0,96805710.0,66880.0,69835800.0,False,True,True,True,True,False
6039.T,6039,日本動物高度医療センター,Growth,サービス業,,2026-09-04,2609.0,1011.0,96752115.0,89970.0,49741200.0,False,True,True,True,False,False
3001.T,3001,片倉工業,Standard,繊維製品,,2026-09-07,2610.0,2920.0,96478215.0,32625.0,51100000.0,False,True,True,True,True,False
4072.T,4072,電算システムホールディングス,Prime,情報・通信業,,2026-09-10,1271.0,3095.0,96449675.0,31230.0,128442500.0,False,True,True,True,True,False
4641.T,4641,アルプス技研,Prime,サービス業,,2026-09-04,2609.0,859.0,96365530.0,113710.0,76279200.0,False,True,True,True,False,False
4725.T,4725,ＣＡＣ　Ｈｏｌｄｉｎｇｓ,Prime,情報・通信業,,2026-09-11,2614.0,1908.0,96289845.0,49435.0,82807200.0,False,True,True,True,True,False
4263.T,4263,サスメド,Growth,情報・通信業,,2026-09-04,1148.0,424.0,96247810.0,192340.0,58257600.0,False,True,True,True,False,False
9729.T,9729,トーカイ,Prime,サービス業,,2026-09-04,2609.0,2493.0,96222985.0,38140.0,57588300.0,False,True,True,True,False,False
7888.T,7888,三光合成,Prime,化学,,2026-09-04,2609.0,896.0,96150830.0,104865.0,83238400.0,False,True,True,True,False,False
6247.T,6247,日阪製作所,Prime,機械,,2026-09-04,2609.0,1700.0,96148770.0,54880.0,113390000.0,False,True,True,True,False,False
3486.T,3486,グローバル・リンク・マネジメント,Prime,不動産業,,2026-09-09,2148.0,1947.0,96093570.0,49010.0,53737200.0,False,True,True,True,True,False
3371.T,3371,ソフトクリエイトホールディングス,Prime,情報・通信業,,2026-09-10,2613.0,2018.0,95970200.0,45455.0,57714800.0,False,True,True,True,True,False
8914.T,8914,エリアリンク,Standard,不動産業,,2026-09-04,2609.0,906.0,95911625.0,103230.0,59343000.0,False,True,True,True,False,False
2471.T,2471,エスプール,Prime,サービス業,,2026-09-08,2611.0,274.0,95908180.0,328550.0,61622600.0,False,True,True,True,True,False
3452.T,3452,ビーロット,Standard,不動産業,,2026-09-10,2613.0,1436.0,95500465.0,64325.0,63471200.0,False,True,True,True,True,False
3422.T,3422,Ｊ－ＭＡＸ,Standard,金属製品,,2026-09-04,1342.0,617.0,95211215.0,143840.0,9810300.0,False,True,True,True,False,False
3221.T,3221,ヨシックスホールディングス,Prime,小売業,,2026-09-08,2611.0,3250.0,95127625.0,28980.0,66300000.0,False,True,True,True,True,False
9888.T,9888,ＵＥＸ,Standard,卸売業,,2026-09-09,2612.0,1234.0,95097235.0,76055.0,56517200.0,False,True,True,True,True,False
7844.T,7844,マーベラス,Prime,情報・通信業,,2026-09-04,2609.0,526.0,95017570.0,188525.0,71693800.0,False,True,True,True,False,False
3877.T,3877,中越パルプ工業,Prime,パルプ・紙,,2026-09-07,2610.0,2207.0,94881460.0,42610.0,89383500.0,False,True,True,True,True,False
9619.T,9619,イチネンホールディングス,Prime,サービス業,,2026-09-07,2610.0,2703.0,94706855.0,35295.0,72710700.0,False,True,True,True,True,False
8158.T,8158,ソーダニッカ,Prime,卸売業,,2026-09-04,2609.0,1404.0,94604400.0,70620.0,137170800.0,False,True,True,True,False,False
7388.T,7388,ＦＰパートナー,Prime,保険業,,2026-09-04,967.0,2325.0,94487965.0,41580.0,126247500.0,False,True,True,True,False,False
4651.T,4651,サニックスホールディングス,Standard,サービス業,,2026-09-04,2609.0,271.0,94002735.0,346390.0,22520100.0,False,True,True,True,False,False
4596.T,4596,窪田製薬ホールディングス,Growth,医薬品,,2026-09-04,2403.0,64.0,93908990.0,1395685.0,32665600.0,False,False,True,True,False,False
7198.T,7198,ＳＢＩアルヒ,Prime,その他金融業,,2026-09-10,2148.0,830.0,93893110.0,112065.0,42496000.0,False,True,True,True,True,False
7679.T,7679,薬王堂ホールディングス,Prime,小売業,,2026-09-04,1711.0,1642.0,93867325.0,55390.0,91623600.0,False,True,True,True,False,False
8101.T,8101,ＧＳＩクレオス,Prime,卸売業,,2026-09-08,2611.0,2610.0,93659955.0,34515.0,69165000.0,False,True,True,True,True,False
438A.T,438A,インフキュリオン,Growth,情報・通信業,,2026-09-11,216.0,984.0,93580950.0,94510.0,63861600.0,False,True,False,True,True,False
6969.T,6969,松尾電機,Standard,電気機器,,2026-09-04,2609.0,1008.0,93561605.0,88770.0,13910400.0,False,True,True,True,False,False
4249.T,4249,森六,Prime,化学,,2026-09-04,2140.0,2968.0,92997920.0,31885.0,66483200.0,False,True,True,True,False,False
6197.T,6197,ソラスト,Prime,サービス業,,2026-08-05,2489.0,1118.0,92855095.0,83520.0,315276000.0,False,True,True,True,False,False
3916.T,3916,デジタル・インフォメーション・テクノロジー,Prime,情報・通信業,,2026-09-10,2613.0,940.0,92701265.0,96405.0,71910000.0,False,True,True,True,True,False
6560.T,6560,エル・ティー・エス,Prime,サービス業,,2026-09-04,2143.0,1859.0,92221260.0,53790.0,51680200.0,False,True,True,True,False,False
4125.T,4125,三和油化工業,Standard,化学,,2026-09-04,1149.0,3705.0,92051625.0,24060.0,50388000.0,False,True,True,True,False,False
1847.T,1847,イチケン,Standard,建設業,,2026-09-09,2612.0,3365.0,92035875.0,26965.0,93547000.0,False,True,True,True,True,False
3633.T,3633,ＧＭＯペパボ,Standard,情報・通信業,,2026-09-04,2609.0,2607.0,91849040.0,38170.0,29719800.0,False,True,True,True,False,False
8139.T,8139,ナガホリ,Standard,卸売業,,2026-09-10,2613.0,2207.0,91810750.0,39920.0,4855400.0,False,True,True,True,True,False
5590.T,5590,ネットスターズ,Growth,情報・通信業,,2026-09-04,719.0,725.0,91765800.0,132680.0,79025000.0,False,True,True,True,False,False
5254.T,5254,Ａｒｅｎｔ,Growth,情報・通信業,,2026-09-04,843.0,4035.0,91750550.0,21995.0,66577500.0,False,True,True,True,False,False
414A.T,414A,オーバーラップホールディングス,Growth,情報・通信業,,2026-09-04,225.0,843.0,91556615.0,105130.0,78146100.0,False,True,False,True,False,False
4978.T,4978,リプロセル,Growth,化学,,2026-09-04,2609.0,146.0,91064815.0,622220.0,48004800.0,False,False,True,True,False,False
3753.T,3753,フライトソリューションズ,Standard,情報・通信業,,2026-09-04,2609.0,216.0,90781670.0,388270.0,63396000.0,False,True,True,True,False,False
5290.T,5290,ベルテクスコーポレーション,Standard,ガラス・土石製品,,2026-09-04,1937.0,1158.0,90742740.0,77650.0,70522200.0,False,True,True,True,False,False
4406.T,4406,新日本理化,Standard,化学,,2026-09-08,2611.0,242.0,90606755.0,359295.0,79666400.0,False,True,True,True,True,False
7694.T,7694,いつも,Growth,小売業,,2026-09-04,1395.0,642.0,90582465.0,142645.0,303794400.0,False,True,True,True,False,False
7769.T,7769,リズム,Prime,精密機器,,2026-09-04,2609.0,3915.0,90486100.0,22775.0,79083000.0,False,True,True,True,False,False
1435.T,1435,ｒｏｂｏｔ　ｈｏｍｅ,Standard,不動産業,,2026-09-04,2609.0,179.0,90297835.0,508355.0,38538700.0,False,False,True,True,False,False
6045.T,6045,レントラックス,Growth,サービス業,,2026-09-04,2609.0,2240.0,90278475.0,40440.0,91616000.0,False,True,True,True,False,False
7438.T,7438,コンドーテック,Prime,卸売業,,2026-09-04,2609.0,1688.0,90137285.0,54835.0,57898400.0,False,True,True,True,False,False
4579.T,4579,ラクオリア創薬,Growth,医薬品,,2026-09-04,2609.0,549.0,90070570.0,162720.0,46390500.0,False,True,True,True,False,False
9837.T,9837,モリト,Prime,卸売業,,2026-09-04,2609.0,1790.0,89918810.0,49205.0,158952000.0,False,True,True,True,False,False
4318.T,4318,クイック,Prime,サービス業,,2026-09-04,2609.0,847.0,89867465.0,106945.0,74790100.0,False,True,True,True,False,False
9782.T,9782,ディーエムエス,Standard,サービス業,,2026-09-04,2609.0,3550.0,89723675.0,25810.0,53250000.0,False,True,True,True,False,False
6184.T,6184,鎌倉新書,Prime,サービス業,,2026-09-04,2609.0,573.0,89639325.0,153870.0,95519100.0,False,True,True,True,False,False
8783.T,8783,ａｂｃ,Standard,その他金融業,,2026-09-04,2609.0,50.0,89576370.0,1356600.0,88750000.0,False,False,True,True,False,False
3323.T,3323,レカム,Standard,卸売業,,2026-09-10,2613.0,93.0,89515355.0,968280.0,18897600.0,False,False,True,True,True,False
4577.T,4577,ダイト,Prime,医薬品,,2026-09-04,2609.0,1305.0,89457005.0,67495.0,138199500.0,False,True,True,True,False,False
205A.T,205A,ロゴスホールディングス,Growth,建設業,,2026-09-04,534.0,1640.0,89406920.0,53095.0,18368000.0,False,True,True,True,False,False
332A.T,332A,ミーク,Growth,情報・通信業,,2026-09-04,358.0,1125.0,89361750.0,83360.0,56025000.0,False,True,True,True,False,False
5721.T,5721,エス・サイエンス,Standard,非鉄金属,,2026-09-04,2609.0,57.0,89077080.0,1563040.0,37711200.0,False,False,True,True,False,False
378A.T,378A,ヒット,Growth,サービス業,,2026-09-04,286.0,951.0,88869805.0,86900.0,51734400.0,False,True,True,True,False,False
4635.T,4635,東京インキ,Standard,化学,,2026-09-04,2609.0,2180.0,88764920.0,42445.0,44690000.0,False,True,True,True,False,False
9381.T,9381,エーアイテイー,Prime,倉庫・運輸関連業,,2026-09-04,2609.0,2318.0,88572300.0,37790.0,57254600.0,False,True,True,True,False,False
1434.T,1434,ＪＥＳＣＯホールディングス,Standard,建設業,,2026-09-04,2609.0,1600.0,88566045.0,53075.0,39360000.0,False,True,True,True,False,False
6138.T,6138,ダイジェット工業,Standard,機械,,2026-09-04,2609.0,2039.0,88503140.0,45390.0,15700300.0,False,True,True,True,False,False
6675.T,6675,サクサ,Standard,電気機器,,2026-09-04,2609.0,2172.0,88277220.0,41115.0,59947200.0,False,True,True,True,False,False
1929.T,1929,日特建設,Prime,建設業,,2026-09-04,2609.0,1198.0,88242740.0,75040.0,50076400.0,False,True,True,True,False,False
4316.T,4316,ビーマップ,Growth,情報・通信業,,2026-09-04,2609.0,111.0,87661770.0,746870.0,70285200.0,False,False,True,False,False,False
9554.T,9554,ＡＶｉＣ,Growth,サービス業,,2026-09-04,1024.0,1736.0,87559280.0,50295.0,64752800.0,False,True,True,True,False,False
1888.T,1888,若築建設,Prime,建設業,,2026-09-04,2609.0,3675.0,87397625.0,22985.0,59535000.0,False,True,True,True,False,False
4979.T,4979,ＯＡＴアグリオ,Standard,化学,,2026-09-04,2609.0,3000.0,87100860.0,31950.0,63600000.0,False,True,True,True,False,False
7931.T,7931,未来工業,Prime,化学,,2026-09-07,1882.0,3620.0,86946525.0,23980.0,64074000.0,False,True,True,True,True,False
6625.T,6625,ＪＡＬＣＯホールディングス,Standard,不動産業,,2026-09-04,2609.0,378.0,86455980.0,228205.0,46040400.0,False,True,True,True,False,False
4767.T,4767,テー・オー・ダブリュー,Standard,サービス業,,2026-09-04,2609.0,390.0,86377135.0,225200.0,62205000.0,False,True,True,True,False,False
4479.T,4479,マクアケ,Growth,情報・通信業,,2026-09-04,1644.0,1007.0,86337270.0,92035.0,158401100.0,False,True,True,True,False,False
4935.T,4935,リベルタ,Standard,化学,,2026-09-08,1400.0,202.0,86280085.0,404870.0,39672800.0,False,True,True,True,True,False
264A.T,264A,Ｓｃｈｏｏ,Growth,サービス業,,2026-09-04,457.0,302.0,86016880.0,259370.0,24764000.0,False,True,True,True,False,False
6167.T,6167,冨士ダイス,Prime,機械,,2026-09-08,2611.0,978.0,85922280.0,81205.0,56821800.0,False,True,True,True,True,False
8217.T,8217,オークワ,Prime,小売業,,2026-09-04,2609.0,800.0,85874160.0,106570.0,47680000.0,False,True,True,True,False,False
1429.T,1429,日本アクア,Prime,建設業,,2026-09-04,2609.0,798.0,85451800.0,107580.0,59291400.0,False,True,True,True,False,False
341A.T,341A,トヨコー,Growth,建設業,,2026-09-04,353.0,2110.0,84990230.0,41315.0,36081000.0,False,True,True,True,False,False
6648.T,6648,かわでん,Standard,電気機器,,2026-09-08,2611.0,1639.0,84972360.0,50290.0,47203200.0,False,True,True,True,True,False
4422.T,4422,ＶＡＬＵＥＮＥＸ,Growth,情報・通信業,,2026-09-04,1916.0,584.0,84819760.0,142045.0,37726400.0,False,True,True,True,False,False
9928.T,9928,ミロク情報サービス,Prime,情報・通信業,,2026-09-04,2609.0,2059.0,84758625.0,42860.0,84007200.0,False,True,True,True,False,False
7414.T,7414,小野建,Prime,卸売業,,2026-09-04,2609.0,1439.0,84487080.0,58625.0,69647600.0,False,True,True,True,False,False
4888.T,4888,ステラファーマ,Growth,医薬品,,2026-09-04,1313.0,361.0,84289105.0,244935.0,37868900.0,False,True,True,True,False,False
3205.T,3205,ダイドーリミテッド,Standard,繊維製品,,2026-09-04,2609.0,736.0,84265410.0,113770.0,33856000.0,False,True,True,True,False,False
7723.T,7723,愛知時計電機,Prime,精密機器,,2026-09-04,2609.0,2867.0,83990860.0,29305.0,71961700.0,False,True,True,True,False,False
6046.T,6046,リンクバル,Growth,サービス業,,2026-09-04,2609.0,154.0,83751915.0,503405.0,74720800.0,False,False,True,True,False,False
4563.T,4563,アンジェス,Growth,医薬品,,2026-09-04,2609.0,39.0,83443975.0,2008115.0,15011100.0,False,False,True,True,False,False
3393.T,3393,スターティアホールディングス,Prime,卸売業,,2026-09-04,2609.0,3040.0,83300665.0,27610.0,130720000.0,False,True,True,True,False,False
6850.T,6850,チノー,Prime,電気機器,,2026-09-04,2609.0,1680.0,83195695.0,49445.0,59976000.0,False,True,True,True,False,False
9742.T,9742,アイネス,Prime,情報・通信業,,2026-09-04,2609.0,2183.0,83159030.0,35340.0,55884800.0,False,True,True,True,False,False
8007.T,8007,高島,Prime,卸売業,,2026-09-04,2609.0,802.0,83045180.0,102795.0,103538200.0,False,True,True,True,False,False
8881.T,8881,日神グループホールディングス,Prime,不動産業,,2026-09-04,2609.0,670.0,82966315.0,123875.0,58625000.0,False,True,True,True,False,False
6223.T,6223,西部技研,Standard,機械,,2026-09-04,714.0,1918.0,82895300.0,42470.0,78062600.0,False,True,True,True,False,False
7222.T,7222,日産車体,Standard,輸送用機器,,2026-09-04,2609.0,916.0,82856235.0,87890.0,107263600.0,False,True,True,True,False,False
6513.T,6513,オリジン,Standard,電気機器,,2026-09-04,2609.0,1288.0,82489065.0,62810.0,46883200.0,False,True,True,True,False,False
4238.T,4238,ミライアル,Standard,化学,,2026-09-04,2609.0,1846.0,82289990.0,46010.0,72732400.0,False,True,True,True,False,False
6336.T,6336,石井表記,Standard,機械,,2026-09-04,2609.0,1886.0,82176000.0,47845.0,48093000.0,False,True,True,True,False,False
7971.T,7971,東リ,Standard,化学,,2026-09-04,2609.0,709.0,82152150.0,118255.0,44737900.0,False,True,True,True,False,False
5357.T,5357,ヨータイ,Prime,ガラス・土石製品,,2026-09-04,2609.0,1765.0,82059680.0,46220.0,56656500.0,False,True,True,True,False,False
7035.T,7035,ａｎｄ　ｆａｃｔｏｒｙ,Standard,サービス業,,2026-09-04,1954.0,227.0,81501430.0,289660.0,6810000.0,False,True,True,True,False,False
2653.T,2653,イオン九州,Standard,小売業,,2026-09-04,2609.0,2814.0,81437865.0,28900.0,60782400.0,False,True,True,True,False,False
4097.T,4097,高圧ガス工業,Prime,化学,,2026-09-04,2609.0,1202.0,81437500.0,68645.0,52527400.0,False,True,True,True,False,False
7187.T,7187,ジェイリース,Prime,その他金融業,,2026-09-04,2515.0,1366.0,81147310.0,59205.0,77998600.0,False,True,True,True,False,False
3652.T,3652,ディジタルメディアプロフェッショナル,Growth,情報・通信業,,2026-09-04,2609.0,2429.0,80879630.0,32645.0,68254900.0,False,True,True,True,False,False
5852.T,5852,アーレスティ,Prime,非鉄金属,,2026-09-04,2609.0,690.0,80465555.0,118480.0,67620000.0,False,True,True,True,False,False
4591.T,4591,リボミック,Growth,医薬品,,2026-09-04,2609.0,85.0,80417460.0,945515.0,44548500.0,False,False,True,True,False,False
8746.T,8746,ｕｎｂａｎｋｅｄ,Standard,証券、商品先物取引業,,2026-09-04,2609.0,134.0,80290825.0,555135.0,172203400.0,False,False,True,True,False,False
2491.T,2491,バリューコマース,Prime,サービス業,,2026-09-04,2609.0,494.0,80205560.0,166460.0,62589800.0,False,True,True,True,False,False
3649.T,3649,ファインデックス,Prime,情報・通信業,,2026-09-04,2609.0,850.0,80164060.0,93580.0,50915000.0,False,True,True,True,False,False
7508.T,7508,Ｇ‐７ホールディングス,Prime,小売業,,2026-09-04,2609.0,1429.0,79977215.0,55800.0,63590500.0,False,True,True,True,False,False
2586.T,2586,フルッタフルッタ,Growth,食料品,,2026-09-04,2609.0,73.0,79896215.0,978760.0,48085100.0,False,False,True,True,False,False
4055.T,4055,ティアンドエスグループ,Growth,情報・通信業,,2026-09-04,1485.0,1675.0,79695035.0,49170.0,38190000.0,False,True,True,True,False,False
3694.T,3694,オプティム,Prime,情報・通信業,,2026-09-04,2609.0,444.0,79634660.0,180325.0,44311200.0,False,True,True,True,False,False
8844.T,8844,コスモスイニシア,Standard,不動産業,,2026-09-04,2609.0,1252.0,79573475.0,63770.0,58593600.0,False,True,True,True,False,False
2910.T,2910,ロック・フィールド,Prime,食料品,,2026-09-04,2609.0,1447.0,79558890.0,56325.0,198239000.0,False,True,True,True,False,False
6835.T,6835,アライドテレシスホールディングス,Standard,電気機器,,2026-09-04,2609.0,259.0,79513150.0,312955.0,41232800.0,False,True,True,True,False,False
9553.T,9553,マイクロアド,Growth,サービス業,,2026-09-04,1025.0,588.0,79508640.0,132705.0,48392400.0,False,True,True,True,False,False
3719.T,3719,ＡＩストーム,Standard,情報・通信業,,2026-09-04,2609.0,115.0,79308525.0,649380.0,15318000.0,False,False,True,True,False,False
9979.T,9979,大庄,Standard,小売業,,2026-09-04,2609.0,1056.0,79272650.0,73025.0,120384000.0,False,True,True,True,False,False
1960.T,1960,サンテック,Standard,建設業,,2026-09-04,2609.0,1656.0,78981240.0,47630.0,24343200.0,False,True,True,True,False,False
276A.T,276A,ククレブ・アドバイザーズ,Growth,不動産業,,2026-09-04,431.0,3895.0,78396675.0,21595.0,166316500.0,False,True,True,True,False,False
3843.T,3843,フリービット,Prime,情報・通信業,,2026-09-04,2609.0,1737.0,78149290.0,45220.0,33524100.0,False,True,True,True,False,False
2908.T,2908,フジッコ,Prime,食料品,,2026-09-04,2609.0,1621.0,78143765.0,48570.0,63056900.0,False,True,True,True,False,False
5959.T,5959,岡部,Prime,金属製品,,2026-09-04,2609.0,952.0,77973215.0,82515.0,61404000.0,False,True,True,True,False,False
3791.T,3791,ＩＧポート,Standard,情報・通信業,,2026-09-04,2609.0,1055.0,77717785.0,70635.0,77648000.0,False,True,True,True,False,False
6932.T,6932,遠藤照明,Standard,電気機器,,2026-09-04,2609.0,2519.0,77694780.0,30200.0,116629700.0,False,True,True,True,False,False
6089.T,6089,ウィルグループ,Prime,サービス業,,2026-09-04,2609.0,1167.0,77573830.0,66545.0,40144800.0,False,True,True,True,False,False
7320.T,7320,Ｓｏｌｖｖｙ,Growth,その他金融業,,2026-09-04,2067.0,1486.0,77412455.0,53340.0,39379000.0,False,True,True,True,False,False
6470.T,6470,大豊工業,Standard,機械,,2026-09-04,2609.0,1120.0,77139915.0,67435.0,49616000.0,False,True,True,True,False,False
6775.T,6775,ＴＢグループ,Standard,電気機器,,2026-09-04,2609.0,126.0,76878815.0,604370.0,11919600.0,False,False,True,True,False,False
7527.T,7527,システムソフト,Standard,情報・通信業,,2026-09-04,2609.0,55.0,76364155.0,1427255.0,89050500.0,False,False,True,True,False,False
3624.T,3624,アクセルマーク,Growth,情報・通信業,,2026-09-04,2609.0,91.0,76232920.0,909360.0,69232800.0,False,False,True,True,False,False
4884.T,4884,クリングルファーマ,Growth,医薬品,,2026-09-04,1391.0,425.0,76078550.0,180845.0,36507500.0,False,True,True,True,False,False
2533.T,2533,オエノンホールディングス,Prime,食料品,,2026-09-04,2609.0,460.0,76032445.0,163825.0,64952000.0,False,True,True,True,False,False
4839.T,4839,ＷＯＷＯＷ,Prime,情報・通信業,,2026-09-04,2609.0,1016.0,75693275.0,75130.0,125272800.0,False,True,True,True,False,False
3548.T,3548,バロックジャパンリミテッド,Prime,小売業,,2026-09-04,2427.0,704.0,75533900.0,104825.0,75961600.0,False,True,True,True,False,False
6390.T,6390,加藤製作所,Prime,機械,,2026-09-04,2609.0,1338.0,75531635.0,55940.0,114265200.0,False,True,True,True,False,False
2915.T,2915,ケンコーマヨネーズ,Prime,食料品,,2026-09-04,2609.0,2088.0,75298825.0,37080.0,86025600.0,False,True,True,True,False,False
3063.T,3063,ジェイグループホールディングス,Growth,小売業,,2026-09-04,2609.0,1144.0,75290610.0,64895.0,53424800.0,False,True,True,True,False,False
7932.T,7932,ニッピ,Standard,その他製品,,2026-09-08,2611.0,11610.0,75190700.0,6410.0,56889000.0,False,True,True,True,True,False
2698.T,2698,キャンドゥ,Standard,小売業,,2026-09-04,2609.0,3335.0,75169975.0,21270.0,95381000.0,False,True,True,True,False,False
6832.T,6832,アオイ電子,Standard,電気機器,,2026-09-04,2609.0,2337.0,75118025.0,32725.0,139986300.0,False,True,True,True,False,False
6294.T,6294,オカダアイヨン,Prime,機械,,2026-09-04,2609.0,1965.0,75098070.0,38420.0,33208500.0,False,True,True,True,False,False
7823.T,7823,アートネイチャー,Standard,その他製品,,2026-09-04,2609.0,853.0,74783060.0,86820.0,31902200.0,False,True,True,True,False,False
4100.T,4100,戸田工業,Standard,化学,,2026-09-04,2609.0,1574.0,74445105.0,47510.0,54460400.0,False,True,True,True,False,False
6572.T,6572,オープングループ,Prime,サービス業,,2026-09-04,2070.0,277.0,74171845.0,273460.0,99138300.0,False,True,True,True,False,False
6083.T,6083,ＥＲＩホールディングス,Standard,サービス業,,2026-09-04,2609.0,1648.0,74108185.0,44045.0,40540800.0,False,True,True,True,False,False
7952.T,7952,河合楽器製作所,Prime,その他製品,,2026-09-04,2609.0,3510.0,73828750.0,20920.0,38259000.0,False,True,True,True,False,False
5449.T,5449,大阪製鐵,Standard,鉄鋼,,2026-09-04,2609.0,2614.0,73720445.0,26910.0,57246600.0,False,True,True,True,False,False
3925.T,3925,ダブルスタンダード,Prime,情報・通信業,,2026-09-04,2609.0,1320.0,73641635.0,55245.0,25608000.0,False,True,True,True,False,False
8093.T,8093,極東貿易,Prime,卸売業,,2026-09-04,2609.0,1803.0,73509705.0,40075.0,55352100.0,False,True,True,True,False,False
9337.T,9337,トリドリ,Growth,サービス業,,2026-09-04,909.0,1448.0,73395380.0,51880.0,15783200.0,False,True,True,True,False,False
9332.T,9332,ＮＩＳＳＯホールディングス,Prime,サービス業,,2026-09-04,2078.0,683.0,73336515.0,110710.0,49790700.0,False,True,True,True,False,False
3611.T,3611,マツオカコーポレーション,Standard,繊維製品,,2026-09-04,2145.0,2468.0,73269260.0,29580.0,69104000.0,False,True,True,True,False,False
7709.T,7709,クボテック,Standard,精密機器,,2026-09-04,2609.0,58.0,73174040.0,1245935.0,31006800.0,False,False,True,True,False,False
2882.T,2882,イートアンドホールディングス,Prime,食料品,,2026-09-04,2609.0,2030.0,73053215.0,35670.0,33089000.0,False,True,True,True,False,False
2211.T,2211,不二家,Prime,食料品,,2026-09-04,2609.0,2491.0,72751830.0,29375.0,46830800.0,False,True,True,True,False,False
5902.T,5902,ホッカンホールディングス,Prime,金属製品,,2026-09-04,2609.0,2715.0,72436455.0,27000.0,50499000.0,False,True,True,True,False,False
2216.T,2216,カンロ,Standard,食料品,,2026-09-04,2609.0,1098.0,72394165.0,66135.0,75871800.0,False,True,True,True,False,False
3565.T,3565,アセンテック,Standard,卸売業,,2026-09-04,2307.0,484.0,72248455.0,158505.0,72696800.0,False,True,True,True,False,False
2437.T,2437,Ｓｈｉｎｗａ　Ｗｉｓｅ　Ｈｏｌｄｉｎｇｓ,Standard,サービス業,,2026-09-04,2609.0,644.0,72167150.0,116355.0,94796800.0,False,True,True,True,False,False
4229.T,4229,群栄化学工業,Prime,化学,,2026-09-04,2609.0,4195.0,72080725.0,16160.0,88095000.0,False,True,True,True,False,False
8864.T,8864,空港施設,Prime,不動産業,,2026-09-04,2609.0,976.0,72073015.0,75155.0,78372800.0,False,True,True,True,False,False
3556.T,3556,リネットジャパングループ,Growth,小売業,,2026-09-04,2393.0,798.0,72023250.0,84760.0,36548400.0,False,True,True,True,False,False
2938.T,2938,オカムラ食品工業,Standard,食料品,,2026-09-04,718.0,1256.0,71761625.0,56225.0,92316000.0,False,True,True,True,False,False
5131.T,5131,リンカーズ,Growth,情報・通信業,,2026-09-04,945.0,116.0,71705560.0,538560.0,38454000.0,False,False,True,True,False,False
5998.T,5998,アドバネクス,Standard,金属製品,,2026-09-04,2609.0,2752.0,71700020.0,28135.0,74304000.0,False,True,True,True,False,False
9629.T,9629,ピー・シー・エー,Prime,情報・通信業,,2026-09-04,2609.0,1559.0,71627475.0,45750.0,43184300.0,False,True,True,True,False,False
2792.T,2792,ハニーズホールディングス,Prime,小売業,,2026-09-04,2609.0,1450.0,71501665.0,49560.0,62640000.0,False,True,True,True,False,False
9991.T,9991,ジェコス,Prime,卸売業,,2026-09-04,2609.0,1760.0,71461250.0,40470.0,71456000.0,False,True,True,True,False,False
7095.T,7095,Ｍａｃｂｅｅ　Ｐｌａｎｅｔ,Prime,サービス業,,2026-09-04,1573.0,1260.0,71159105.0,56915.0,55818000.0,False,True,True,True,False,False
3053.T,3053,ペッパーフードサービス,Standard,小売業,,2026-09-04,2609.0,207.0,71105065.0,342750.0,48479400.0,False,True,True,True,False,False
9740.T,9740,セントラル警備保障,Prime,サービス業,,2026-09-04,2609.0,2744.0,70906525.0,25645.0,39239200.0,False,True,True,True,False,False
2477.T,2477,手間いらず,Standard,情報・通信業,,2026-09-04,2609.0,3340.0,70880555.0,23535.0,45090000.0,False,True,True,True,False,False
6157.T,6157,日進工具,Prime,機械,,2026-09-04,2609.0,838.0,70834015.0,83105.0,65699200.0,False,True,True,True,False,False
4820.T,4820,イーエムシステムズ,Prime,情報・通信業,,2026-09-04,2609.0,600.0,70577230.0,119745.0,52800000.0,False,True,True,True,False,False
4685.T,4685,菱友システムズ,Standard,情報・通信業,,2026-09-04,2609.0,2700.0,70548275.0,26230.0,50490000.0,False,True,True,True,False,False
5955.T,5955,ワイズホールディングス,Standard,金属製品,,2026-09-04,2609.0,84.0,70243945.0,832555.0,50920800.0,False,False,True,True,False,False
7161.T,7161,じもとホールディングス,Standard,銀行業,,2026-09-04,2609.0,622.0,69990380.0,121950.0,176337000.0,False,True,True,True,False,False
4410.T,4410,ハリマ化成グループ,Prime,化学,,2026-09-04,2609.0,1120.0,69843560.0,61130.0,46592000.0,False,True,True,True,False,False
7554.T,7554,幸楽苑,Prime,小売業,,2026-09-04,2609.0,1192.0,69670300.0,59370.0,62580000.0,False,True,True,True,False,False
5659.T,5659,日本精線,Prime,鉄鋼,,2026-09-04,2609.0,1402.0,69614465.0,49325.0,44443400.0,False,True,True,True,False,False
4572.T,4572,カルナバイオサイエンス,Growth,医薬品,,2026-09-04,2609.0,408.0,69414475.0,179460.0,22113600.0,False,True,True,True,False,False
4168.T,4168,ヤプリ,Growth,情報・通信業,,2026-09-04,1395.0,779.0,69333455.0,89825.0,38716300.0,False,True,True,True,False,False
8291.T,8291,日産東京販売ホールディングス,Standard,小売業,,2026-09-04,2609.0,549.0,69318515.0,126195.0,32555700.0,False,True,True,True,False,False
2998.T,2998,クリアル,Growth,不動産業,,2026-09-04,1065.0,552.0,69130945.0,131490.0,49514400.0,False,True,True,True,False,False
7089.T,7089,フォースタートアップス,Growth,サービス業,,2026-09-04,1584.0,1477.0,68772445.0,43880.0,20087200.0,False,True,True,True,False,False
7610.T,7610,テイツー,Standard,小売業,,2026-09-04,2609.0,141.0,68472645.0,483825.0,30611100.0,False,False,True,True,False,False
9823.T,9823,マミーマートホールディングス,Standard,小売業,,2026-09-04,2609.0,1015.0,68329790.0,66660.0,49024500.0,False,True,True,True,False,False
9702.T,9702,アイ・エス・ビー,Prime,情報・通信業,,2026-09-04,2609.0,2372.0,68196565.0,27690.0,36291600.0,False,True,True,True,False,False
2410.T,2410,キャリアデザインセンター,Prime,サービス業,,2026-09-04,2609.0,2877.0,68178930.0,23425.0,58978500.0,False,True,True,True,False,False
5957.T,5957,日東精工,Prime,金属製品,,2026-09-04,2609.0,774.0,68149500.0,87755.0,54257400.0,False,True,True,True,False,False
7713.T,7713,シグマ光機,Standard,精密機器,,2026-09-04,2609.0,2378.0,68136250.0,29555.0,49462400.0,False,True,True,True,False,False
261A.T,261A,日水コン,Standard,サービス業,,2026-09-04,461.0,2002.0,68136075.0,34530.0,55455400.0,False,True,True,True,False,False
5586.T,5586,Ｌａｂｏｒｏ．ＡＩ,Growth,情報・通信業,,2026-09-04,758.0,942.0,68067775.0,75875.0,190849200.0,False,True,True,True,False,False
3997.T,3997,トレードワークス,Standard,情報・通信業,,2026-09-04,2154.0,392.0,67932795.0,178230.0,43080800.0,False,True,True,True,False,False
3054.T,3054,ハイパー,Standard,卸売業,,2026-09-04,2609.0,373.0,67818870.0,196395.0,5856100.0,False,True,True,True,False,False
2130.T,2130,メンバーズ,Prime,サービス業,,2026-09-04,2555.0,914.0,67583195.0,72525.0,26871600.0,False,True,True,True,False,False
6562.T,6562,ジーニー,Growth,サービス業,,2026-09-04,2142.0,986.0,67537785.0,71940.0,128081400.0,False,True,True,True,False,False
4586.T,4586,メドレックス,Growth,医薬品,,2026-09-04,2609.0,58.0,67536200.0,1052350.0,76154000.0,False,False,True,True,False,False
6445.T,6445,ジャノメ,Prime,機械,,2026-09-04,2609.0,1396.0,67519485.0,47430.0,41321600.0,False,True,True,True,False,False
2117.T,2117,ウェルネオシュガー,Prime,食料品,,2026-09-04,2609.0,2822.0,67355740.0,23785.0,54182400.0,False,True,True,True,False,False
4994.T,4994,大成ラミックグループ,Standard,化学,,2026-09-04,2609.0,2858.0,67275200.0,24015.0,35725000.0,False,True,True,True,False,False
1436.T,1436,グリーンエナジー＆カンパニー,Growth,建設業,,2026-09-04,2582.0,1820.0,66683130.0,41550.0,139048000.0,False,True,True,True,False,False
3900.T,3900,クラウドワークス,Growth,情報・通信業,,2026-09-04,2609.0,653.0,66655820.0,98620.0,102586300.0,False,True,True,True,False,False
4345.T,4345,シーティーエス,Prime,サービス業,,2026-09-04,2609.0,833.0,66337045.0,79220.0,33320000.0,False,True,True,True,False,False
8793.T,8793,ＮＥＣキャピタルソリューション,Prime,その他金融業,,2026-09-04,2609.0,4180.0,66240025.0,15825.0,44308000.0,False,True,True,True,False,False
3031.T,3031,ラクーンホールディングス,Prime,情報・通信業,,2026-09-04,2609.0,678.0,66145695.0,99630.0,27526800.0,False,True,True,True,False,False
2929.T,2929,ファーマフーズ,Prime,食料品,,2026-09-04,2609.0,610.0,65856035.0,108370.0,57035000.0,False,True,True,True,False,False
6099.T,6099,エラン,Prime,サービス業,,2026-09-04,2609.0,722.0,65712705.0,87280.0,103101600.0,False,True,True,True,False,False
4362.T,4362,日本精化,Prime,化学,,2026-09-04,2609.0,2693.0,65442330.0,24350.0,60861800.0,False,True,True,True,False,False
5304.T,5304,ＳＥＣカーボン,Standard,ガラス・土石製品,,2026-09-04,2609.0,2618.0,64983115.0,24835.0,24871000.0,False,True,True,True,False,False
7615.T,7615,京都きもの友禅ホールディングス,Standard,小売業,,2026-09-04,2609.0,102.0,64754540.0,644885.0,10771200.0,False,False,True,True,False,False
3277.T,3277,サンセイランディック,Standard,不動産業,,2026-09-04,2609.0,824.0,64739500.0,80285.0,15079200.0,False,True,True,True,False,False
3023.T,3023,ラサ商事,Standard,卸売業,,2026-09-04,2609.0,2026.0,64668145.0,31095.0,38088800.0,False,True,True,True,False,False
6788.T,6788,日本トリム,Prime,電気機器,,2026-09-04,2609.0,4985.0,64266525.0,13025.0,49850000.0,False,True,True,True,False,False
4498.T,4498,サイバートラスト,Growth,情報・通信業,,2026-09-04,1317.0,1287.0,64223640.0,49110.0,55212300.0,False,True,True,True,False,False
4301.T,4301,アミューズ,Prime,サービス業,,2026-09-04,2609.0,1922.0,64171590.0,33335.0,44782600.0,False,True,True,True,False,False
7874.T,7874,レック,Prime,化学,,2026-09-04,2609.0,958.0,64097270.0,66715.0,64090200.0,False,True,True,True,False,False
4286.T,4286,ＣＬホールディングス,Standard,サービス業,,2026-09-04,2609.0,1294.0,63992795.0,49460.0,35585000.0,False,True,True,True,False,False
2933.T,2933,紀文食品,Prime,食料品,,2026-09-04,1320.0,1132.0,63896230.0,56675.0,76976000.0,False,True,True,True,False,False
6718.T,6718,アイホン,Prime,電気機器,,2026-09-04,2609.0,2853.0,63875720.0,22410.0,59342400.0,False,True,True,True,False,False
4763.T,4763,クリーク・アンド・リバー社,Prime,サービス業,,2026-09-04,2609.0,1499.0,63830575.0,42635.0,41372400.0,False,True,True,True,False,False
3976.T,3976,シャノン,Growth,情報・通信業,,2026-09-04,2368.0,591.0,63748585.0,96055.0,32682300.0,False,True,True,True,False,False
1433.T,1433,ベステラ,Prime,建設業,,2026-09-04,2609.0,1289.0,63605260.0,51375.0,72055100.0,False,True,True,True,False,False
7520.T,7520,エコス,Prime,小売業,,2026-09-04,2609.0,2529.0,63564895.0,24665.0,35911800.0,False,True,True,True,False,False
9908.T,9908,日本電計,Standard,卸売業,,2026-09-04,2609.0,2875.0,63335280.0,22750.0,26162500.0,False,True,True,True,False,False
6208.T,6208,石川製作所,Standard,機械,,2026-09-04,2609.0,1609.0,63227065.0,38245.0,43443000.0,False,True,True,True,False,False
3665.T,3665,エニグモ,Prime,情報・通信業,,2026-09-04,2609.0,430.0,63107515.0,149885.0,76110000.0,False,True,True,True,False,False
5816.T,5816,オーナンバ,Standard,非鉄金属,,2026-09-04,2609.0,1458.0,63000920.0,42825.0,14142600.0,False,True,True,True,False,False
4255.T,4255,ＴＨＥＣＯＯ,Growth,情報・通信業,,2026-09-04,1150.0,3555.0,62961560.0,17355.0,12442500.0,False,True,True,True,False,False
300A.T,300A,ＭＩＣ,Standard,サービス業,,2026-09-04,412.0,3195.0,62928325.0,19535.0,66136500.0,False,True,True,True,False,False
8383.T,8383,鳥取銀行,Standard,銀行業,,2026-09-04,2609.0,1953.0,62927930.0,32480.0,42770700.0,False,True,True,True,False,False
280A.T,280A,ＴＭＨ,Growth,卸売業,,2026-09-04,427.0,1101.0,62638060.0,55150.0,44700600.0,False,True,True,True,False,False
9343.T,9343,アイビス,Growth,サービス業,,2026-09-04,845.0,823.0,62514160.0,78835.0,60408200.0,False,True,True,True,False,False
6033.T,6033,エクストリーム,Growth,サービス業,,2026-09-04,2609.0,1662.0,62494940.0,37255.0,26592000.0,False,True,True,True,False,False
5597.T,5597,ブルーイノベーション,Growth,情報・通信業,,2026-09-04,667.0,1370.0,62360105.0,45895.0,33017000.0,False,True,True,True,False,False
5033.T,5033,ヌーラボ,Growth,情報・通信業,,2026-09-04,1026.0,1172.0,62260165.0,60340.0,248581200.0,False,True,True,True,False,False
4326.T,4326,インテージホールディングス,Prime,情報・通信業,,2026-09-04,2609.0,2015.0,62248230.0,31490.0,37479000.0,False,True,True,True,False,False
8699.T,8699,ＨＳホールディングス,Standard,証券、商品先物取引業,,2026-09-04,2609.0,1157.0,62196555.0,54900.0,45817200.0,False,True,True,True,False,False
3489.T,3489,フェイスネットワーク,Standard,不動産業,,2026-09-04,2078.0,834.0,62112335.0,73845.0,30274200.0,False,True,True,True,False,False
4664.T,4664,アール・エス・シー,Standard,サービス業,,2026-09-04,2609.0,1083.0,61978735.0,61775.0,76243200.0,False,True,True,True,False,False
4019.T,4019,スタメン,Growth,情報・通信業,,2026-09-04,1400.0,651.0,61688980.0,96465.0,31703700.0,False,True,True,True,False,False
7039.T,7039,ブリッジインターナショナルグループ,Growth,サービス業,,2026-09-04,1934.0,1362.0,61599480.0,44185.0,9261600.0,False,True,True,True,False,False
4584.T,4584,キッズウェル・バイオ,Growth,医薬品,,2026-09-04,2609.0,164.0,61541665.0,365890.0,50774400.0,False,False,True,True,False,False
4026.T,4026,神島化学工業,Standard,ガラス・土石製品,,2026-09-04,2609.0,1660.0,60933240.0,36985.0,55942000.0,False,True,True,True,False,False
4370.T,4370,モビルス,Growth,情報・通信業,,2026-09-04,1225.0,408.0,60899705.0,158790.0,299431200.0,False,True,True,True,False,False
2735.T,2735,ワッツ,Standard,小売業,,2026-09-04,2609.0,716.0,60807725.0,86510.0,97662400.0,False,True,True,True,False,False
4040.T,4040,南海化学,Standard,化学,,2026-09-04,826.0,3990.0,60675175.0,15780.0,27132000.0,False,True,True,True,False,False
8563.T,8563,大東銀行,Standard,銀行業,,2026-09-04,2609.0,1179.0,60598895.0,54190.0,54234000.0,False,True,True,True,False,False
6864.T,6864,エヌエフホールディングス,Standard,電気機器,,2026-09-04,2609.0,1567.0,59954900.0,37540.0,43405900.0,False,True,True,True,False,False
4192.T,4192,スパイダープラス,Growth,情報・通信業,,2026-09-04,1330.0,286.0,59668125.0,206745.0,51794600.0,False,True,True,True,False,False
3388.T,3388,明治電機工業,Prime,卸売業,,2026-09-04,2609.0,2124.0,59514390.0,28120.0,44816400.0,False,True,True,True,False,False
6882.T,6882,三社電機製作所,Standard,電気機器,,2026-09-04,2609.0,1118.0,59483560.0,50085.0,41366000.0,False,True,True,True,False,False
4709.T,4709,ＩＤホールディングス,Prime,情報・通信業,,2026-09-04,2609.0,1081.0,59263225.0,55105.0,49077400.0,False,True,True,True,False,False
9726.T,9726,ＫＮＴ－ＣＴホールディングス,Standard,サービス業,,2026-09-04,2609.0,1934.0,59147120.0,30645.0,44482000.0,False,True,True,True,False,False
9341.T,9341,ＧＥＮＯＶＡ,Prime,サービス業,,2026-09-04,905.0,628.0,58978470.0,93205.0,45655600.0,False,True,True,True,False,False
8542.T,8542,トマト銀行,Standard,銀行業,,2026-09-04,2609.0,1988.0,58593660.0,30600.0,81905600.0,False,True,True,True,False,False
7376.T,7376,ＢＣＣ,Growth,サービス業,,2026-09-04,1263.0,793.0,58569930.0,68355.0,33464600.0,False,True,True,True,False,False
6635.T,6635,大日光・エンジニアリング,Standard,電気機器,,2026-09-04,2609.0,662.0,58565725.0,90170.0,1456400.0,False,True,True,True,False,False
1810.T,1810,松井建設,Standard,建設業,,2026-09-04,2609.0,1460.0,58425745.0,39690.0,46574000.0,False,True,True,True,False,False
4234.T,4234,サンエー化研,Standard,化学,,2026-09-04,2609.0,1009.0,58085565.0,59325.0,32590700.0,False,True,True,True,False,False
6656.T,6656,インスペック,Standard,電気機器,,2026-09-07,2610.0,841.0,58035160.0,68880.0,38265500.0,False,True,True,True,True,False
4331.T,4331,テイクアンドギヴ・ニーズ,Prime,サービス業,,2026-09-04,2609.0,746.0,57793150.0,78780.0,29765400.0,False,True,True,True,False,False
7596.T,7596,魚力,Prime,小売業,,2026-09-04,2609.0,2333.0,57774025.0,24565.0,75355900.0,False,True,True,True,False,False
4404.T,4404,ミヨシ油脂,Standard,食料品,,2026-09-04,2609.0,2238.0,57664355.0,27445.0,39165000.0,False,True,True,True,False,False
3723.T,3723,日本ファルコム,Growth,情報・通信業,,2026-09-04,2609.0,2724.0,57531425.0,20640.0,21519600.0,False,True,True,True,False,False
4571.T,4571,ＮＡＮＯ　ＭＲＮＡ,Growth,医薬品,,2026-09-04,2609.0,102.0,57475870.0,546285.0,16717800.0,False,False,True,True,False,False
7466.T,7466,ＳＰＫ,Prime,卸売業,,2026-09-04,2609.0,1458.0,57475140.0,40100.0,37616400.0,False,True,True,True,False,False
7603.T,7603,ジーイエット,Standard,小売業,,2026-09-04,2609.0,41.0,57315285.0,1263135.0,17351200.0,False,False,True,True,False,False
7358.T,7358,ポピンズ,Standard,サービス業,,2026-09-04,1396.0,1814.0,57158360.0,31780.0,44443000.0,False,True,True,True,False,False
6820.T,6820,アイコム,Prime,電気機器,,2026-09-04,2609.0,3565.0,56890575.0,15930.0,31372000.0,False,True,True,True,False,False
250A.T,250A,シマダヤ,Standard,食料品,,2026-09-04,471.0,1589.0,56874420.0,35185.0,43379700.0,False,True,True,True,False,False
7608.T,7608,エスケイジャパン,Standard,卸売業,,2026-09-04,2609.0,874.0,56560625.0,67365.0,78310400.0,False,True,True,True,False,False
9856.T,9856,ケーユーホールディングス,Standard,小売業,,2026-09-04,2609.0,1237.0,56441755.0,45455.0,68777200.0,False,True,True,True,False,False
6358.T,6358,酒井重工業,Prime,機械,,2026-09-04,2609.0,2167.0,56407605.0,26135.0,35322100.0,False,True,True,True,False,False
9768.T,9768,いであ,Standard,サービス業,,2026-09-04,2609.0,3820.0,56365775.0,14910.0,40492000.0,False,True,True,True,False,False
1799.T,1799,第一建設工業,Standard,建設業,,2026-09-04,2609.0,3280.0,56268925.0,17075.0,33128000.0,False,True,True,True,False,False
6380.T,6380,オリエンタルチエン工業,Standard,機械,,2026-09-04,2609.0,3990.0,56100275.0,14530.0,18753000.0,False,True,True,True,False,False
6763.T,6763,帝国通信工業,Prime,電気機器,,2026-09-04,2609.0,2826.0,56029785.0,19420.0,38151000.0,False,True,True,True,False,False
5136.T,5136,ｔｒｉｐｌａ,Growth,情報・通信業,,2026-09-04,925.0,1997.0,55958125.0,28835.0,50524100.0,False,True,True,True,False,False
1447.T,1447,ＳＡＡＦホールディングス,Growth,建設業,,2026-09-04,1937.0,418.0,55942665.0,137420.0,10575400.0,False,True,True,True,False,False
5244.T,5244,ｊｉｇ．ｊｐ,Growth,情報・通信業,,2026-09-04,906.0,173.0,55886020.0,310790.0,23891300.0,False,False,True,True,False,False
3683.T,3683,サイバーリンクス,Standard,情報・通信業,,2026-09-04,2609.0,1125.0,55847595.0,50975.0,20475000.0,False,True,True,True,False,False
7525.T,7525,リックス,Prime,卸売業,,2026-09-04,2609.0,3585.0,55735200.0,15180.0,48756000.0,False,True,True,True,False,False
196A.T,196A,ＭＦＳ,Growth,その他金融業,,2026-09-04,539.0,330.0,55727290.0,165430.0,64515000.0,False,True,True,True,False,False
7375.T,7375,リファインバースグループ,Growth,サービス業,,2026-09-04,1267.0,1164.0,55564905.0,46055.0,23978400.0,False,True,True,True,False,False
4350.T,4350,メディカルシステムネットワーク,Standard,小売業,,2026-09-04,2609.0,502.0,55552450.0,112665.0,31877000.0,False,True,True,True,False,False
5018.T,5018,ＭＯＲＥＳＣＯ,Standard,石油・石炭製品,,2026-09-04,2609.0,2374.0,55504040.0,24300.0,39408400.0,False,True,True,True,False,False
3657.T,3657,ポールトゥウィンホールディングス,Prime,情報・通信業,,2026-09-04,2609.0,368.0,55417260.0,154485.0,28556800.0,False,True,True,True,False,False
2461.T,2461,ファンコミュニケーションズ,Prime,サービス業,,2026-09-04,2609.0,389.0,55342390.0,140475.0,21200500.0,False,True,True,True,False,False
2378.T,2378,ルネサンス,Prime,サービス業,,2026-09-04,2609.0,1046.0,55178845.0,52055.0,37446800.0,False,True,True,True,False,False
6824.T,6824,新コスモス電機,Standard,電気機器,,2026-09-04,2609.0,4235.0,54962700.0,12590.0,86394000.0,False,True,True,True,False,False
5817.T,5817,ＪＭＡＣＳ,Standard,非鉄金属,,2026-09-04,2609.0,1062.0,54863475.0,53630.0,105350400.0,False,True,True,True,False,False
4415.T,4415,ブロードエンタープライズ,Growth,情報・通信業,,2026-09-04,1154.0,1405.0,54849910.0,40460.0,16719500.0,False,True,True,True,False,False
7061.T,7061,日本ホスピスホールディングス,Growth,サービス業,,2026-09-04,1816.0,477.0,54818815.0,110360.0,13928400.0,False,True,True,True,False,False
6466.T,6466,ＴＶＥ,Standard,機械,,2026-09-04,2609.0,3760.0,54803075.0,13970.0,29328000.0,False,True,True,True,False,False
3547.T,3547,串カツ田中ホールディングス,Standard,小売業,,2026-09-04,2457.0,1886.0,54683300.0,29700.0,44321000.0,False,True,True,True,False,False
6863.T,6863,ニレコ,Standard,電気機器,,2026-09-04,2609.0,980.0,54651890.0,56580.0,84182000.0,False,True,True,True,False,False
4937.T,4937,Ｗａｑｏｏ,Growth,化学,,2026-09-04,1269.0,2465.0,54488135.0,24905.0,38454000.0,False,True,True,True,False,False
6666.T,6666,リバーエレテック,Standard,電気機器,,2026-09-04,2609.0,776.0,54409945.0,66985.0,20020800.0,False,True,True,True,False,False
7893.T,7893,プロネクサス,Prime,その他製品,,2026-09-04,2609.0,1124.0,54261335.0,47740.0,65866400.0,False,True,True,True,False,False
8095.T,8095,アステナホールディングス,Prime,卸売業,,2026-09-04,2609.0,539.0,54202620.0,100710.0,39670400.0,False,True,True,True,False,False
6571.T,6571,キュービーネットホールディングス,Prime,サービス業,,2026-09-04,2073.0,1308.0,54067115.0,41245.0,43033200.0,False,True,True,True,False,False
3623.T,3623,ビリングシステム,Growth,情報・通信業,,2026-09-04,2609.0,1266.0,53922045.0,45655.0,25066800.0,False,True,True,True,False,False
6699.T,6699,ダイヤモンドエレクトリックホールディングス,Prime,電気機器,,2026-09-04,1937.0,513.0,53859265.0,104450.0,50889600.0,False,True,True,True,False,False
5845.T,5845,全保連,Standard,その他金融業,,2026-09-04,699.0,1218.0,53608700.0,43775.0,36905400.0,False,True,True,True,False,False
7063.T,7063,Ｂｉｒｄｍａｎ,Growth,サービス業,,2026-09-04,1813.0,84.0,53533790.0,584770.0,13179600.0,False,False,True,True,False,False
6317.T,6317,北川鉄工所,Standard,機械,,2026-09-04,2609.0,1812.0,53353305.0,29055.0,40588800.0,False,True,True,True,False,False
7482.T,7482,シモジマ,Prime,卸売業,,2026-09-04,2609.0,1553.0,53349675.0,35380.0,57771600.0,False,True,True,True,False,False
3793.T,3793,ドリコム,Growth,情報・通信業,,2026-09-04,2609.0,496.0,53209755.0,107585.0,58676800.0,False,True,True,True,False,False
3109.T,3109,シキボウ,Prime,繊維製品,,2026-09-04,2609.0,1058.0,52850790.0,49180.0,31528400.0,False,True,True,True,False,False
9251.T,9251,ＡＢ＆Ｃｏｍｐａｎｙ,Growth,サービス業,,2026-09-04,1172.0,1567.0,52638890.0,34905.0,34944100.0,False,True,True,True,False,False
2612.T,2612,かどや製油,Standard,食料品,,2026-09-04,2609.0,2345.0,52596590.0,22760.0,139996500.0,False,True,True,True,False,False
6291.T,6291,日本エアーテック,Standard,機械,,2026-09-04,2609.0,1348.0,52478955.0,38540.0,26960000.0,False,True,True,True,False,False
2469.T,2469,ヒビノ,Standard,サービス業,,2026-09-04,2609.0,2842.0,52248715.0,19090.0,31546200.0,False,True,True,True,False,False
4414.T,4414,フレクト,Growth,情報・通信業,,2026-09-04,1158.0,1083.0,52200055.0,45350.0,6389700.0,False,True,True,True,False,False
3551.T,3551,ダイニック,Standard,繊維製品,,2026-09-04,2609.0,1613.0,52174290.0,33165.0,17420400.0,False,True,True,True,False,False
4977.T,4977,新田ゼラチン,Standard,化学,,2026-09-04,2609.0,1200.0,52061580.0,42420.0,36360000.0,False,True,True,True,False,False
3776.T,3776,ブロードバンドタワー,Standard,情報・通信業,,2026-09-04,2609.0,251.0,51866265.0,208460.0,32178200.0,False,True,True,True,False,False
436A.T,436A,サイバーソリューションズ,Growth,情報・通信業,,2026-09-04,212.0,1158.0,51670145.0,45035.0,134559600.0,False,True,False,True,False,False
9644.T,9644,タナベコンサルティンググループ,Prime,サービス業,,2026-09-04,2609.0,754.0,51621610.0,67205.0,42978000.0,False,True,True,True,False,False
6078.T,6078,バリューＨＲ,Prime,サービス業,,2026-09-04,2609.0,1568.0,51608490.0,32830.0,85456000.0,False,True,True,True,False,False
2148.T,2148,アイティメディア,Prime,サービス業,,2026-09-04,2609.0,1182.0,51542285.0,41700.0,38178600.0,False,True,True,True,False,False
9622.T,9622,スペース,Prime,サービス業,,2026-09-04,2609.0,1433.0,50985930.0,35265.0,41413700.0,False,True,True,True,False,False
4053.T,4053,Ｓｕｎ　Ａｓｔｅｒｉｓｋ,Prime,情報・通信業,,2026-09-04,1491.0,468.0,50728225.0,111430.0,30326400.0,False,True,True,True,False,False
5258.T,5258,トランザクション・メディア・ネットワークス,Growth,情報・通信業,,2026-09-04,838.0,433.0,50493210.0,115710.0,39013300.0,False,True,True,True,False,False
5535.T,5535,ミガロホールディングス,Prime,不動産業,,2026-09-04,715.0,297.0,50350295.0,178115.0,46035000.0,False,True,True,True,False,False
7820.T,7820,ニホンフラッシュ,Prime,その他製品,,2026-09-04,2609.0,707.0,50336065.0,70780.0,25310600.0,False,True,True,True,False,False
9264.T,9264,ポエック,Standard,卸売業,,2026-09-04,2155.0,1607.0,50286150.0,29630.0,28443900.0,False,True,True,True,False,False
9450.T,9450,ファイバーゲート,Standard,情報・通信業,,2026-09-04,2072.0,771.0,50184610.0,65125.0,35543100.0,False,True,True,True,False,False
3691.T,3691,デジタルプラス,Growth,情報・通信業,,2026-09-04,2609.0,1898.0,49969730.0,27095.0,36251800.0,False,True,True,True,False,False
8920.T,8920,東祥,Standard,サービス業,,2026-09-04,2609.0,714.0,49965370.0,69565.0,36199800.0,False,True,True,True,False,False
4310.T,4310,ドリームインキュベータ,Prime,サービス業,,2026-09-04,2609.0,2507.0,49939155.0,20130.0,18551800.0,False,True,True,True,False,False
4594.T,4594,ブライトパス・バイオ,Growth,医薬品,,2026-09-04,2609.0,51.0,49910705.0,947940.0,79335600.0,False,False,True,True,False,False
2209.T,2209,井村屋グループ,Prime,食料品,,2026-09-04,2609.0,2419.0,49784300.0,20805.0,38945900.0,False,True,True,True,False,False
3421.T,3421,稲葉製作所,Standard,金属製品,,2026-09-04,2609.0,1737.0,49632020.0,28705.0,68264100.0,False,True,True,True,False,False
5184.T,5184,ニチリン,Standard,ゴム製品,,2026-09-04,2609.0,4120.0,49529925.0,11990.0,30488000.0,False,True,True,True,False,False
7359.T,7359,東京通信グループ,Growth,サービス業,,2026-09-04,1393.0,281.0,49490215.0,186750.0,4664600.0,False,True,True,True,False,False
8226.T,8226,理経,Standard,卸売業,,2026-09-04,2609.0,386.0,49274425.0,124905.0,56047200.0,False,True,True,True,False,False
7955.T,7955,クリナップ,Prime,その他製品,,2026-09-04,2609.0,992.0,49184870.0,50585.0,32140800.0,False,True,True,True,False,False
2286.T,2286,林兼産業,Standard,食料品,,2026-09-04,2609.0,923.0,49169510.0,53460.0,5814900.0,False,True,True,True,False,False
7326.T,7326,ＳＢＩインシュアランスグループ,Growth,保険業,,2026-09-04,1939.0,2142.0,49006540.0,23320.0,29345400.0,False,True,True,True,False,False
7305.T,7305,新家工業,Standard,鉄鋼,,2026-09-04,2609.0,2761.0,48859940.0,17935.0,67920600.0,False,True,True,True,False,False
3773.T,3773,アドバンスト・メディア,Growth,情報・通信業,,2026-09-04,2609.0,1069.0,48836395.0,45955.0,38056400.0,False,True,True,True,False,False
8869.T,8869,明和地所,Standard,不動産業,,2026-09-04,2609.0,834.0,48823080.0,58225.0,31525200.0,False,True,True,True,False,False
366A.T,366A,ウェルネス・コミュニケーションズ,Growth,サービス業,,2026-09-04,295.0,1184.0,48710555.0,42830.0,24153600.0,False,True,True,True,False,False
155A.T,155A,情報戦略テクノロジー,Growth,情報・通信業,,2026-09-04,597.0,816.0,48659715.0,58505.0,21624000.0,False,True,True,True,False,False
8416.T,8416,高知銀行,Standard,銀行業,,2026-09-04,2609.0,1166.0,48607405.0,42395.0,79521200.0,False,True,True,True,False,False
6482.T,6482,ＹＵＳＨＩＮ,Standard,機械,,2026-09-04,2609.0,728.0,48600565.0,66980.0,44262400.0,False,True,True,True,False,False
1375.T,1375,ユキグニファクトリー,Prime,水産・農林業,,2026-09-04,1458.0,1174.0,48589350.0,42075.0,39681200.0,False,True,True,True,False,False
6137.T,6137,小池酸素工業,Standard,機械,,2026-09-04,2609.0,1530.0,48579510.0,32460.0,65790000.0,False,True,True,True,False,False
9028.T,9028,ゼロ,Standard,陸運業,,2026-09-04,2609.0,3425.0,48429100.0,13865.0,80830000.0,False,True,True,True,False,False
6539.T,6539,ＭＳ－Ｊａｐａｎ,Prime,サービス業,,2026-09-04,2396.0,1004.0,48325435.0,48085.0,25702400.0,False,True,True,True,False,False
365A.T,365A,伊澤タオル,Standard,繊維製品,,2026-09-04,296.0,792.0,47979625.0,60445.0,38649600.0,False,True,True,True,False,False
2669.T,2669,カネ美食品,Standard,小売業,,2026-09-04,2609.0,3930.0,47196775.0,11920.0,20436000.0,False,True,True,True,False,False
2884.T,2884,ヨシムラ・フード・ホールディングス,Prime,食料品,,2026-09-04,2588.0,628.0,47184415.0,72510.0,29202000.0,False,True,True,True,False,False
7957.T,7957,フジコピアン,Standard,その他製品,,2026-09-04,2609.0,2595.0,47177040.0,18665.0,7525500.0,False,True,True,True,False,False
1716.T,1716,第一カッター興業,Standard,建設業,,2026-09-04,2609.0,1400.0,47157700.0,32940.0,46760000.0,False,True,True,True,False,False
8349.T,8349,東北銀行,Standard,銀行業,,2026-09-04,2609.0,1703.0,47104835.0,29445.0,47002800.0,False,True,True,True,False,False
4792.T,4792,山田コンサルティンググループ,Prime,サービス業,,2026-09-04,2609.0,1784.0,47078945.0,27030.0,25689600.0,False,True,True,True,False,False
3199.T,3199,綿半ホールディングス,Prime,小売業,,2026-09-04,2609.0,1326.0,46813380.0,35220.0,43625400.0,False,True,True,True,False,False
9405.T,9405,朝日放送グループホールディングス,Prime,情報・通信業,,2026-09-04,2609.0,884.0,46684145.0,55230.0,60642400.0,False,True,True,True,False,False
1780.T,1780,ヤマウラ,Prime,建設業,,2026-09-04,2609.0,1495.0,46649505.0,31660.0,38122500.0,False,True,True,True,False,False
5757.T,5757,ＣＫサンエツ,Prime,非鉄金属,,2026-09-04,2333.0,5120.0,46615300.0,8920.0,13824000.0,False,True,True,True,False,False
7840.T,7840,フランスベッドホールディングス,Prime,その他製品,,2026-09-04,2609.0,1311.0,46317255.0,35975.0,42869700.0,False,True,True,True,False,False
2323.T,2323,ｆｏｎｆｕｎ,Standard,情報・通信業,,2026-09-04,2609.0,324.0,46209230.0,138685.0,8262000.0,False,True,True,True,False,False
3878.T,3878,巴川コーポレーション,Standard,化学,,2026-09-04,2609.0,856.0,46138635.0,52260.0,15664800.0,False,True,True,True,False,False
6047.T,6047,Ｇｕｎｏｓｙ,Prime,サービス業,,2026-09-04,2609.0,400.0,45995165.0,113145.0,42920000.0,False,True,True,True,False,False
4448.T,4448,ｋｕｂｅｌｌ,Growth,情報・通信業,,2026-09-04,1697.0,355.0,45933715.0,132345.0,29110000.0,False,True,True,True,False,False
4394.T,4394,エクスモーション,Growth,情報・通信業,,2026-09-04,1984.0,686.0,45799000.0,68155.0,124852000.0,False,True,True,True,False,False
7819.T,7819,粧美堂,Standard,その他製品,,2026-09-04,2609.0,1015.0,45734495.0,46760.0,21619500.0,False,True,True,True,False,False
335A.T,335A,ミライロ,Growth,情報・通信業,,2026-09-04,356.0,320.0,45724075.0,119725.0,71296000.0,False,True,True,True,False,False
4582.T,4582,シンバイオ製薬,Growth,医薬品,,2026-09-04,2609.0,61.0,45655410.0,695165.0,46927300.0,False,False,True,True,False,False
3911.T,3911,Ａｉｍｉｎｇ,Growth,情報・通信業,,2026-09-04,2609.0,184.0,45615510.0,258910.0,23147200.0,False,False,True,True,False,False
2930.T,2930,北の達人コーポレーション,Prime,化学,,2026-09-04,2609.0,133.0,45600750.0,354955.0,58067800.0,False,False,True,True,False,False
6224.T,6224,ＪＲＣ,Growth,機械,,2026-09-04,751.0,1212.0,45547520.0,39135.0,29451600.0,False,True,True,True,False,False
8596.T,8596,九州リースサービス,Standard,その他金融業,,2026-09-04,2410.0,1589.0,45490750.0,28000.0,43856400.0,False,True,True,True,False,False
9273.T,9273,コーア商事ホールディングス,Prime,卸売業,,2026-09-04,2009.0,765.0,45341335.0,58990.0,39015000.0,False,True,True,True,False,False
6165.T,6165,パンチ工業,Standard,機械,,2026-09-04,2609.0,555.0,45337310.0,83530.0,44122500.0,False,True,True,True,False,False
9932.T,9932,杉本商事,Prime,卸売業,,2026-09-04,2609.0,1317.0,45313480.0,34145.0,44778000.0,False,True,True,True,False,False
5285.T,5285,ヤマックス,Standard,ガラス・土石製品,,2026-09-04,2609.0,1366.0,45295125.0,32550.0,38111400.0,False,True,True,True,False,False
3580.T,3580,小松マテーレ,Prime,繊維製品,,2026-09-04,2609.0,758.0,45158180.0,59520.0,43509200.0,False,True,True,True,False,False
5582.T,5582,グリッド,Growth,情報・通信業,,2026-09-04,772.0,2110.0,45154015.0,22470.0,58236000.0,False,True,True,True,False,False
7707.T,7707,プレシジョン・システム・サイエンス,Growth,精密機器,,2026-09-04,2609.0,212.0,44899135.0,206340.0,31460800.0,False,True,True,True,False,False
1904.T,1904,大成温調,Standard,建設業,,2026-09-04,2609.0,5100.0,44883800.0,8785.0,31620000.0,False,True,True,True,False,False
2217.T,2217,モロゾフ,Prime,食料品,,2026-09-04,2609.0,1496.0,44877305.0,29905.0,39045600.0,False,True,True,True,False,False
2753.T,2753,あみやき亭,Prime,小売業,,2026-09-04,2609.0,1395.0,44798955.0,32210.0,30132000.0,False,True,True,True,False,False
6927.T,6927,ヘリオス　テクノ　ホールディング,Standard,電気機器,,2026-09-04,2609.0,993.0,44787655.0,46075.0,38627700.0,False,True,True,True,False,False
3321.T,3321,ミタチ産業,Standard,卸売業,,2026-09-04,2609.0,1689.0,44774060.0,26755.0,60804000.0,False,True,True,True,False,False
5932.T,5932,三協立山,Prime,金属製品,,2026-09-04,2609.0,649.0,44727975.0,67285.0,64445700.0,False,True,True,True,False,False
7937.T,7937,ツツミ,Standard,その他製品,,2026-09-04,2609.0,2658.0,44600600.0,17030.0,40933200.0,False,True,True,True,False,False
8203.T,8203,ＭｒＭａｘＨＤ,Prime,小売業,,2026-09-04,2609.0,779.0,44444750.0,56710.0,93713700.0,False,True,True,True,False,False
3180.T,3180,ビューティガレージ,Prime,卸売業,,2026-09-04,2609.0,1670.0,44329885.0,28195.0,86005000.0,False,True,True,True,False,False
2983.T,2983,アールプランナー,Growth,不動産業,,2026-09-04,1362.0,1816.0,44238035.0,26290.0,107325600.0,False,True,True,True,False,False
6822.T,6822,大井電気,Standard,電気機器,,2026-09-04,2609.0,5040.0,44219475.0,8680.0,2016000.0,False,True,True,True,False,False
4671.T,4671,ファルコホールディングス,Standard,サービス業,,2026-09-04,2609.0,2940.0,44123150.0,15485.0,40278000.0,False,True,True,True,False,False
6485.T,6485,前澤給装工業,Standard,機械,,2026-09-04,2609.0,1661.0,44031275.0,26450.0,169089800.0,False,True,True,True,False,False
3035.T,3035,ケイティケイ,Standard,卸売業,,2026-09-04,2609.0,774.0,44028315.0,56090.0,3328200.0,False,True,True,True,False,False
3306.T,3306,日本製麻,Standard,卸売業,,2026-09-04,2609.0,688.0,43950905.0,68930.0,43206400.0,False,True,True,True,False,False
8912.T,8912,エリアクエスト,Standard,不動産業,,2026-09-04,2609.0,163.0,43931040.0,261140.0,14458100.0,False,False,True,True,False,False
2764.T,2764,ひらまつ,Standard,小売業,,2026-09-04,2609.0,167.0,43819640.0,280620.0,62691800.0,False,False,True,True,False,False
9733.T,9733,ナガセ,Standard,サービス業,,2026-09-04,2609.0,2336.0,43803280.0,18820.0,85731200.0,False,True,True,True,False,False
6495.T,6495,宮入バルブ製作所,Standard,機械,,2026-09-04,2609.0,113.0,43678375.0,348125.0,39256200.0,False,False,True,True,False,False
3070.T,3070,ジェリービーンズグループ,Growth,卸売業,,2026-09-04,2609.0,68.0,43660845.0,627100.0,29083600.0,False,False,True,True,False,False
9081.T,9081,神奈川中央交通,Prime,陸運業,,2026-09-04,2609.0,4000.0,43638550.0,11105.0,32400000.0,False,True,True,True,False,False
7235.T,7235,東京ラヂエーター製造,Standard,輸送用機器,,2026-09-04,2609.0,1558.0,43233895.0,27320.0,54530000.0,False,True,True,True,False,False
4960.T,4960,ケミプロ化成,Standard,化学,,2026-09-04,2609.0,659.0,43166585.0,71300.0,128900400.0,False,True,True,True,False,False
7294.T,7294,ヨロズ,Prime,輸送用機器,,2026-09-04,2609.0,914.0,43136710.0,46665.0,41769800.0,False,True,True,True,False,False
5621.T,5621,ヒューマンテクノロジーズ,Growth,情報・通信業,,2026-09-04,659.0,1577.0,43075285.0,26385.0,34694000.0,False,True,True,True,False,False
3159.T,3159,丸善ＣＨＩホールディングス,Standard,小売業,,2026-09-04,2609.0,405.0,43003605.0,105455.0,25353000.0,False,True,True,True,False,False
3133.T,3133,海帆,Growth,小売業,,2026-09-04,2609.0,67.0,42907095.0,561855.0,8703300.0,False,False,True,True,False,False
9163.T,9163,ナレルグループ,Growth,サービス業,,2026-09-04,764.0,2352.0,42895455.0,18110.0,23990400.0,False,True,True,True,False,False
6580.T,6580,ライトアップ,Growth,サービス業,,2026-09-04,2008.0,888.0,42866650.0,49265.0,6837600.0,False,True,True,True,False,False
1384.T,1384,ホクリヨウ,Standard,水産・農林業,,2026-09-04,2609.0,2207.0,42731030.0,19605.0,25601200.0,False,True,True,True,False,False
3562.T,3562,Ｎｏ．１,Standard,卸売業,,2026-09-04,2326.0,1568.0,42561170.0,26875.0,25244800.0,False,True,True,True,False,False
7771.T,7771,日本精密,Standard,精密機器,,2026-09-04,2609.0,266.0,42484830.0,147050.0,24392200.0,False,True,True,True,False,False
9168.T,9168,ライズ・コンサルティング・グループ,Growth,サービス業,,2026-09-04,728.0,430.0,42392615.0,101465.0,40463000.0,False,True,True,True,False,False
5132.T,5132,ｐｌｕｓｚｅｒｏ,Growth,情報・通信業,,2026-09-04,942.0,2105.0,42387120.0,21050.0,50520000.0,False,True,True,True,False,False
9990.T,9990,サックスバー　ホールディングス,Prime,小売業,,2026-09-04,2609.0,757.0,42377925.0,56170.0,36638800.0,False,True,True,True,False,False
5034.T,5034,ｕｎｅｒｒｙ,Growth,情報・通信業,,2026-09-04,1005.0,2359.0,42211690.0,19460.0,82093200.0,False,True,True,True,False,False
3647.T,3647,ジー・スリーホールディングス,Standard,情報・通信業,,2026-09-04,2609.0,119.0,41947725.0,330150.0,14006300.0,False,False,True,True,False,False
5729.T,5729,日本精鉱,Standard,非鉄金属,,2026-09-04,2609.0,1733.0,41763520.0,23445.0,23742100.0,False,True,True,True,False,False
428A.T,428A,サイプレス・ホールディングス,Standard,小売業,,2026-09-04,222.0,1587.0,41744110.0,29135.0,40151100.0,False,True,False,True,False,False
6904.T,6904,原田工業,Standard,電気機器,,2026-09-04,2609.0,631.0,41470255.0,70800.0,81840700.0,False,True,True,True,False,False
208A.T,208A,構造計画研究所ホールディングス,Standard,情報・通信業,,2026-09-04,2609.0,2899.0,41336125.0,13795.0,14784900.0,False,True,True,True,False,False
253A.T,253A,ＥＴＳグループ,Standard,建設業,,2026-09-04,2609.0,1034.0,41251110.0,40225.0,8375400.0,False,True,True,True,False,False
2359.T,2359,コア,Prime,情報・通信業,,2026-09-04,2609.0,2144.0,41197785.0,19345.0,23369600.0,False,True,True,True,False,False
9204.T,9204,スカイマーク,Growth,空運業,,2026-09-04,2609.0,416.0,41188305.0,98675.0,28537600.0,False,True,True,True,False,False
6620.T,6620,宮越ホールディングス,Prime,不動産業,,2026-09-04,2609.0,724.0,41021235.0,58330.0,66970000.0,False,True,True,True,False,False
8285.T,8285,三谷産業,Standard,卸売業,,2026-09-04,2609.0,788.0,40996235.0,52425.0,52638400.0,False,True,True,True,False,False
156A.T,156A,マテリアルグループ,Growth,サービス業,,2026-09-04,596.0,903.0,40855050.0,47630.0,101316600.0,False,True,True,True,False,False
2498.T,2498,オリエンタルコンサルタンツホールディングス,Standard,サービス業,,2026-09-04,2609.0,3185.0,40676150.0,12615.0,25480000.0,False,True,True,True,False,False
2193.T,2193,クックパッド,Standard,サービス業,,2026-09-04,2609.0,129.0,40609415.0,310375.0,31050300.0,False,False,True,True,False,False
8860.T,8860,フジ住宅,Prime,不動産業,,2026-09-04,2609.0,756.0,40469200.0,52925.0,37346400.0,False,True,True,True,False,False
4371.T,4371,コアコンセプト・テクノロジー,Growth,情報・通信業,,2026-09-04,1212.0,1437.0,40357770.0,28565.0,18537300.0,False,True,True,True,False,False
4951.T,4951,エステー,Prime,化学,,2026-09-04,2609.0,1523.0,40352980.0,26485.0,49954400.0,False,True,True,True,False,False
3678.T,3678,メディアドゥ,Prime,情報・通信業,,2026-09-04,2609.0,1259.0,40350250.0,31380.0,22032500.0,False,True,True,True,False,False
1491.T,1491,中外鉱業,Standard,非鉄金属,,2026-09-04,2609.0,710.0,40325785.0,54080.0,4331000.0,False,True,True,True,False,False
9632.T,9632,スバル興業,Standard,サービス業,,2026-09-04,2609.0,3610.0,40312725.0,10865.0,87723000.0,False,True,True,True,False,False
7505.T,7505,扶桑電通,Standard,卸売業,,2026-09-04,2609.0,2172.0,40268560.0,19095.0,20199600.0,False,True,True,True,False,False
5242.T,5242,アイズ,Growth,情報・通信業,,2026-09-04,907.0,2235.0,40265615.0,17125.0,3799500.0,False,True,True,True,False,False
9319.T,9319,中央倉庫,Prime,倉庫・運輸関連業,,2026-09-04,2609.0,1797.0,40180560.0,22145.0,24079800.0,False,True,True,True,False,False
2342.T,2342,トランスジェニックグループ,Growth,サービス業,,2026-09-04,2609.0,254.0,40059795.0,156600.0,10795000.0,False,True,True,True,False,False
4433.T,4433,ヒト・コミュニケーションズ・ホールディングス,Prime,情報・通信業,,2026-09-04,2609.0,860.0,39913575.0,44895.0,48332000.0,False,True,True,True,False,False
7192.T,7192,日本モーゲージサービス,Standard,その他金融業,,2026-09-04,2393.0,683.0,39756880.0,61150.0,55596200.0,False,True,True,True,False,False
9535.T,9535,広島ガス,Prime,電気・ガス業,,2026-09-04,2609.0,439.0,39700370.0,93990.0,60055200.0,False,True,True,True,False,False
5933.T,5933,アルインコ,Prime,金属製品,,2026-09-04,2609.0,1129.0,39651745.0,35135.0,31837800.0,False,True,True,True,False,False
7927.T,7927,ムトー精工,Standard,化学,,2026-09-04,2609.0,2282.0,39449430.0,17660.0,28981400.0,False,True,True,True,False,False
2294.T,2294,柿安本店,Prime,食料品,,2026-09-04,2609.0,2578.0,39218975.0,15135.0,47693000.0,False,True,True,True,False,False
254A.T,254A,ＡＩフュージョンキャピタルグループ,Standard,証券、商品先物取引業,,2026-09-04,2609.0,1204.0,39216120.0,33235.0,7585200.0,False,True,True,True,False,False
5951.T,5951,ダイニチ工業,Standard,金属製品,,2026-09-04,2609.0,1217.0,38849700.0,30795.0,6936900.0,False,True,True,True,False,False
5255.T,5255,モンスターラボ,Growth,情報・通信業,,2026-09-04,843.0,91.0,38807705.0,411310.0,13613600.0,False,False,True,True,False,False
9769.T,9769,学究社,Prime,サービス業,,2026-09-04,2609.0,2601.0,38675780.0,14685.0,26270100.0,False,True,True,True,False,False
4719.T,4719,アルファシステムズ,Prime,情報・通信業,,2026-09-04,2609.0,3405.0,38665875.0,11310.0,16684500.0,False,True,True,True,False,False
2922.T,2922,なとり,Prime,食料品,,2026-09-04,2609.0,2000.0,38636395.0,19335.0,24800000.0,False,True,True,True,False,False
9539.T,9539,京葉瓦斯,Standard,電気・ガス業,,2026-09-04,2609.0,1344.0,38061950.0,28120.0,2016000.0,False,True,True,True,False,False
2927.T,2927,ＡＦＣ－ＨＤアムスライフサイエンス,Standard,食料品,,2026-09-04,2609.0,864.0,38060765.0,43065.0,25920000.0,False,True,True,True,False,False
2003.T,2003,日東富士製粉,Standard,食料品,,2026-09-04,2609.0,1823.0,37992935.0,21190.0,60705900.0,False,True,True,True,False,False
6798.T,6798,ＳＭＫ,Prime,電気機器,,2026-09-04,2609.0,3310.0,37989175.0,11330.0,28797000.0,False,True,True,True,False,False
6149.T,6149,小田原エンジニアリング,Standard,機械,,2026-09-04,2609.0,2218.0,37916060.0,16810.0,21736400.0,False,True,True,True,False,False
3173.T,3173,Ｃｏｍｉｎｉｘ,Standard,卸売業,,2026-09-04,2609.0,1511.0,37891960.0,25785.0,7857200.0,False,True,True,True,False,False
2335.T,2335,キューブシステム,Prime,情報・通信業,,2026-09-04,2609.0,1098.0,37814050.0,34365.0,76201200.0,False,True,True,True,False,False
3446.T,3446,ジェイテックコーポレーション,Standard,金属製品,,2026-09-04,2089.0,1620.0,37646935.0,23800.0,43578000.0,False,True,True,True,False,False
7811.T,7811,中本パックス,Standard,その他製品,,2026-09-04,2589.0,1987.0,37609400.0,19245.0,11127200.0,False,True,True,True,False,False
6092.T,6092,エンバイオ・ホールディングス,Standard,サービス業,,2026-09-04,2608.0,837.0,37308680.0,42900.0,13894200.0,False,True,True,True,False,False
8254.T,8254,さいか屋,Standard,小売業,,2026-09-04,2609.0,243.0,37221600.0,124085.0,21019500.0,False,True,True,True,False,False
3529.T,3529,アツギ,Standard,繊維製品,,2026-09-04,2609.0,982.0,37215865.0,35795.0,77774400.0,False,True,True,True,False,False
1972.T,1972,三晃金属工業,Standard,建設業,,2026-09-04,2609.0,1315.0,37180100.0,28115.0,38266500.0,False,True,True,True,False,False
8999.T,8999,グランディハウス,Prime,不動産業,,2026-09-04,2609.0,571.0,37121230.0,65235.0,31519200.0,False,True,True,True,False,False
5578.T,5578,ＡＲアドバンストテクノロジ,Growth,情報・通信業,,2026-09-04,782.0,890.0,37106480.0,43140.0,51531000.0,False,True,True,True,False,False
4771.T,4771,エフアンドエム,Standard,サービス業,,2026-09-04,2609.0,2703.0,37033115.0,13745.0,21624000.0,False,True,True,True,False,False
4430.T,4430,東海ソフト,Standard,情報・通信業,,2026-09-04,1835.0,1777.0,36730145.0,21015.0,18303100.0,False,True,True,True,False,False
6257.T,6257,藤商事,Standard,機械,,2026-09-04,2609.0,1025.0,36700575.0,36135.0,23677500.0,False,True,True,True,False,False
4382.T,4382,ＨＥＲＯＺ,Standard,情報・通信業,,2026-09-04,2051.0,768.0,36687895.0,48230.0,53913600.0,False,True,True,True,False,False
2393.T,2393,日本ケアサプライ,Standard,サービス業,,2026-09-04,2609.0,4240.0,36657400.0,8585.0,16960000.0,False,True,True,True,False,False
9795.T,9795,ステップ,Prime,サービス業,,2026-09-04,2609.0,2295.0,36654500.0,16035.0,27999000.0,False,True,True,True,False,False
9414.T,9414,日本ＢＳ放送,Standard,情報・通信業,,2026-09-04,2609.0,905.0,36598035.0,39990.0,20181500.0,False,True,True,True,False,False
9216.T,9216,ビーウィズ,Prime,サービス業,,2026-09-04,1105.0,1653.0,36547870.0,21810.0,38845500.0,False,True,True,True,False,False
7776.T,7776,セルシード,Growth,精密機器,,2026-09-04,2609.0,216.0,36540960.0,158835.0,30088800.0,False,True,True,True,False,False
1967.T,1967,ヤマト,Standard,建設業,,2026-09-04,2609.0,2080.0,36492840.0,17500.0,18304000.0,False,True,True,True,False,False
269A.T,269A,Ｓａｐｅｅｔ,Growth,情報・通信業,,2026-09-04,452.0,2836.0,36449090.0,13940.0,25807600.0,False,True,True,True,False,False
2676.T,2676,高千穂交易,Prime,卸売業,,2026-09-04,2609.0,2065.0,36348740.0,17515.0,25812500.0,False,True,True,True,False,False
1418.T,1418,インターライフホールディングス,Standard,建設業,,2026-09-04,2609.0,580.0,36337680.0,60740.0,19430000.0,False,True,True,True,False,False
7162.T,7162,アストマックス,Standard,電気・ガス業,,2026-09-04,2609.0,303.0,36241950.0,124005.0,27118500.0,False,True,True,True,False,False
4446.T,4446,Ｌｉｎｋ－Ｕグループ,Prime,情報・通信業,,2026-09-04,1742.0,842.0,36185590.0,42745.0,24081200.0,False,True,True,True,False,False
4218.T,4218,ニチバン,Prime,化学,,2026-09-04,2609.0,1939.0,36095535.0,18530.0,35677600.0,False,True,True,True,False,False
2307.T,2307,クロスキャット,Prime,情報・通信業,,2026-09-04,2609.0,1060.0,35982085.0,33765.0,21094000.0,False,True,True,True,False,False
4891.T,4891,ティムス,Growth,医薬品,,2026-09-04,927.0,105.0,35965350.0,334340.0,26271000.0,False,False,True,True,False,False
6626.T,6626,ＳＥＭＩＴＥＣ,Standard,電気機器,,2026-09-04,2609.0,2449.0,35962255.0,16115.0,83510900.0,False,True,True,True,False,False
2436.T,2436,共同ピーアール,Standard,サービス業,,2026-09-04,2609.0,596.0,35809825.0,56755.0,26283600.0,False,True,True,True,False,False
2804.T,2804,ブルドックソース,Prime,食料品,,2026-09-04,2609.0,1867.0,35806960.0,19420.0,27444900.0,False,True,True,True,False,False
6335.T,6335,東京機械製作所,Standard,機械,,2026-09-04,2609.0,600.0,35783035.0,59730.0,16200000.0,False,True,True,True,False,False
3355.T,3355,クリヤマホールディングス,Standard,卸売業,,2026-09-04,2609.0,1835.0,35723090.0,19670.0,40370000.0,False,True,True,True,False,False
9514.T,9514,エフオン,Standard,電気・ガス業,,2026-09-04,2609.0,340.0,35712320.0,103825.0,18734000.0,False,True,True,True,False,False
3010.T,3010,ポラリス・ホールディングス,Standard,サービス業,,2026-09-04,2609.0,190.0,35514125.0,185000.0,15884000.0,False,False,True,True,False,False
6405.T,6405,鈴茂器工,Standard,機械,,2026-09-04,2609.0,1249.0,35438720.0,29930.0,39843100.0,False,True,True,True,False,False
9344.T,9344,アクシスコンサルティング,Growth,サービス業,,2026-09-04,843.0,1320.0,35431920.0,27075.0,25476000.0,False,True,True,True,False,False
9896.T,9896,ＪＫホールディングス,Standard,卸売業,,2026-09-04,2609.0,1454.0,35428200.0,24870.0,26753600.0,False,True,True,True,False,False
7800.T,7800,アミファ,Standard,その他製品,,2026-09-04,1699.0,1005.0,35367350.0,34630.0,2613000.0,False,True,True,True,False,False
3645.T,3645,メディカルネット,Growth,情報・通信業,,2026-09-04,2609.0,303.0,35364780.0,118715.0,654207300.0,False,True,True,True,False,False
4073.T,4073,ジィ・シィ企画,Growth,情報・通信業,,2026-09-04,1209.0,491.0,35319045.0,65895.0,2798700.0,False,True,True,True,False,False
4809.T,4809,パラカ,Prime,不動産業,,2026-09-04,2609.0,2029.0,35253525.0,17210.0,29217600.0,False,True,True,True,False,False
5660.T,5660,神鋼鋼線工業,Standard,鉄鋼,,2026-08-28,2604.0,1900.0,35168790.0,18620.0,0.0,False,True,True,True,False,False
9788.T,9788,ナック,Prime,サービス業,,2026-09-04,2609.0,520.0,35162770.0,66780.0,13780000.0,False,True,True,True,False,False
2901.T,2901,ウェルディッシュ,Standard,食料品,,2026-09-04,2609.0,147.0,35024250.0,224190.0,14847000.0,False,False,True,True,False,False
2134.T,2134,北浜キャピタルパートナーズ,Standard,サービス業,,2026-09-04,2609.0,20.0,34912760.0,1627570.0,15366000.0,False,False,True,True,False,False
9560.T,9560,プログリット,Growth,サービス業,,2026-09-04,963.0,920.0,34873725.0,39550.0,21712000.0,False,True,True,True,False,False
4538.T,4538,扶桑薬品工業,Prime,医薬品,,2026-09-04,2609.0,2266.0,34805600.0,15290.0,19487600.0,False,True,True,True,False,False
9564.T,9564,ＦＣＥ,Standard,サービス業,,2026-09-04,944.0,561.0,34784895.0,59975.0,19578900.0,False,True,True,True,False,False
4800.T,4800,オリコン,Standard,情報・通信業,,2026-09-04,2609.0,1357.0,34757490.0,25605.0,21304900.0,False,True,True,True,False,False
3242.T,3242,アーバネットコーポレーション,Standard,不動産業,,2026-09-04,2609.0,522.0,34613410.0,66475.0,17643600.0,False,True,True,True,False,False
8737.T,8737,あかつき本社,Standard,証券、商品先物取引業,,2026-09-04,2609.0,618.0,34593645.0,54450.0,15388200.0,False,True,True,True,False,False
3777.T,3777,環境フレンドリーホールディングス,Growth,情報・通信業,,2026-09-04,2609.0,47.0,34539665.0,731150.0,20355700.0,False,False,True,True,False,False
9941.T,9941,太洋物産,Standard,卸売業,,2026-09-04,2609.0,1240.0,34513245.0,28580.0,42532000.0,False,True,True,True,False,False
4176.T,4176,ココナラ,Growth,情報・通信業,,2026-09-04,1337.0,275.0,34474750.0,123995.0,30305000.0,False,True,True,True,False,False
8018.T,8018,三共生興,Standard,卸売業,,2026-09-04,2609.0,860.0,34423970.0,39735.0,30788000.0,False,True,True,True,False,False
8927.T,8927,明豊エンタープライズ,Standard,不動産業,,2026-09-04,2609.0,486.0,34369265.0,72295.0,37470600.0,False,True,True,True,False,False
4574.T,4574,大幸薬品,Prime,医薬品,,2026-09-04,2609.0,255.0,34123815.0,129840.0,23562000.0,False,True,True,True,False,False
6444.T,6444,サンデン,Standard,機械,,2026-09-04,2609.0,187.0,34037920.0,177135.0,13763200.0,False,False,True,True,False,False
7266.T,7266,今仙電機製作所,Standard,輸送用機器,,2026-09-04,2609.0,1004.0,33887935.0,34450.0,21887200.0,False,True,True,True,False,False
4193.T,4193,ファブリカホールディングス,Standard,情報・通信業,,2026-09-04,1324.0,2165.0,33644140.0,15720.0,4330000.0,False,True,True,True,False,False
2475.T,2475,ＷＤＢホールディングス,Prime,サービス業,,2026-09-04,2609.0,1800.0,33640260.0,18520.0,21600000.0,False,True,True,True,False,False
1914.T,1914,日本基礎技術,Standard,建設業,,2026-09-04,2609.0,831.0,33424910.0,43900.0,19528500.0,False,True,True,True,False,False
2195.T,2195,アミタホールディングス,Growth,サービス業,,2026-09-04,2609.0,392.0,33418625.0,87115.0,20815200.0,False,True,True,True,False,False
2819.T,2819,エバラ食品工業,Standard,食料品,,2026-09-04,2609.0,2548.0,33352930.0,13030.0,20893600.0,False,True,True,True,False,False
6229.T,6229,オーケーエム,Standard,機械,,2026-09-04,1398.0,1501.0,33344180.0,21830.0,30470300.0,False,True,True,True,False,False
9959.T,9959,アシードホールディングス,Standard,小売業,,2026-09-04,2609.0,964.0,33221085.0,33600.0,10025600.0,False,True,True,True,False,False
2700.T,2700,木徳神糧,Standard,卸売業,,2026-09-04,2609.0,1780.0,33155810.0,18665.0,13172000.0,False,True,True,True,False,False
1828.T,1828,田辺工業,Standard,建設業,,2026-09-04,2609.0,2496.0,33097810.0,13955.0,39686400.0,False,True,True,True,False,False
4366.T,4366,ダイトーケミックス,Standard,化学,,2026-09-04,2609.0,440.0,33072775.0,75230.0,43604000.0,False,True,True,True,False,False
1873.T,1873,日本ハウスホールディングス,Prime,建設業,,2026-09-04,2609.0,324.0,33060495.0,102265.0,36612000.0,False,True,True,True,False,False
7722.T,7722,国際計測器,Standard,精密機器,,2026-09-04,2609.0,775.0,32916590.0,42395.0,30767500.0,False,True,True,True,False,False
3935.T,3935,エディア,Standard,情報・通信業,,2026-09-04,2559.0,718.0,32832850.0,47865.0,22617000.0,False,True,True,True,False,False
281A.T,281A,インフォメティス,Growth,情報・通信業,,2026-09-04,424.0,426.0,32801405.0,72965.0,14484000.0,False,True,True,True,False,False
7460.T,7460,ヤギ,Standard,卸売業,,2026-09-04,2609.0,1682.0,32692775.0,19570.0,18333800.0,False,True,True,True,False,False
2926.T,2926,篠崎屋,Standard,食料品,,2026-09-04,2609.0,128.0,32692395.0,261590.0,30720000.0,False,False,True,True,False,False
3358.T,3358,ワイエスフード,Standard,小売業,,2026-09-04,2609.0,94.0,32550135.0,338740.0,4953800.0,False,False,True,True,False,False
4013.T,4013,勤次郎,Growth,情報・通信業,,2026-09-04,1443.0,655.0,32484545.0,47840.0,14410000.0,False,True,True,True,False,False
3553.T,3553,共和レザー,Standard,化学,,2026-09-04,2609.0,922.0,32394630.0,35095.0,31440200.0,False,True,True,True,False,False
8747.T,8747,豊トラスティ証券,Standard,証券、商品先物取引業,,2026-09-04,2609.0,2200.0,32362065.0,15270.0,10340000.0,False,True,True,True,False,False
9248.T,9248,人・夢・技術グループ,Standard,サービス業,,2026-09-04,1206.0,1712.0,32335600.0,19000.0,20201600.0,False,True,True,True,False,False
4476.T,4476,ＡＩ　ＣＲＯＳＳ,Growth,情報・通信業,,2026-09-04,1687.0,1111.0,32123845.0,28385.0,9665700.0,False,True,True,True,False,False
1948.T,1948,弘電社,Standard,建設業,,2026-09-04,2609.0,11420.0,32034850.0,2805.0,15988000.0,False,True,True,True,False,False
6177.T,6177,ＡｐｐＢａｎｋ,Growth,サービス業,,2026-09-04,2609.0,85.0,31861315.0,366600.0,43528500.0,False,False,True,True,False,False
4923.T,4923,コタ,Prime,化学,,2026-09-04,2609.0,1243.0,31809930.0,25625.0,28589000.0,False,True,True,True,False,False
3940.T,3940,ノムラシステムコーポレーション,Standard,情報・通信業,,2026-09-04,2455.0,131.0,31772820.0,249805.0,33470500.0,False,False,True,True,False,False
6037.T,6037,楽待,Standard,サービス業,,2026-09-04,2609.0,1068.0,31706260.0,30155.0,21253200.0,False,True,True,True,False,False
6316.T,6316,丸山製作所,Standard,機械,,2026-09-04,2609.0,2975.0,31601395.0,10860.0,15767500.0,False,True,True,True,False,False
6912.T,6912,菊水ホールディングス,Standard,電気機器,,2026-09-04,2609.0,2546.0,31472035.0,13050.0,61867800.0,False,True,True,True,False,False
5644.T,5644,メタルアート,Standard,鉄鋼,,2026-09-04,2609.0,7340.0,31425750.0,4260.0,23488000.0,False,True,True,True,False,False
5029.T,5029,サークレイス,Growth,情報・通信業,,2026-09-04,1076.0,917.0,31405120.0,35395.0,15589000.0,False,True,True,True,False,False
6050.T,6050,イー・ガーディアン,Prime,サービス業,,2026-09-04,2609.0,1803.0,31393975.0,17675.0,23799600.0,False,True,True,True,False,False
5491.T,5491,日本金属,Standard,鉄鋼,,2026-09-04,2609.0,925.0,31178990.0,33520.0,16557500.0,False,True,True,True,False,False
3914.T,3914,ＪＩＧ－ＳＡＷ,Growth,情報・通信業,,2026-09-04,2609.0,2386.0,31085935.0,13230.0,58218400.0,False,True,True,True,False,False
2428.T,2428,ウェルネット,Standard,サービス業,,2026-09-04,2609.0,638.0,31044895.0,48865.0,18119200.0,False,True,True,True,False,False
3845.T,3845,アイフリークモバイル,Standard,情報・通信業,,2026-09-04,2609.0,290.0,31028955.0,116010.0,47270000.0,False,True,True,True,False,False
3963.T,3963,シンクロ・フード,Prime,情報・通信業,,2026-09-04,2448.0,345.0,30954350.0,88055.0,15421500.0,False,True,True,True,False,False
2445.T,2445,タカミヤ,Prime,サービス業,,2026-09-04,2609.0,402.0,30919870.0,75655.0,22994400.0,False,True,True,True,False,False
9661.T,9661,歌舞伎座,Standard,サービス業,,2026-09-04,2609.0,4310.0,30857000.0,7015.0,63357000.0,False,True,True,True,False,False
7683.T,7683,ダブルエー,Prime,小売業,,2026-09-04,1671.0,1407.0,30773530.0,21960.0,20964300.0,False,True,True,True,False,False
2935.T,2935,ピックルスホールディングス,Prime,食料品,,2026-09-04,981.0,1208.0,30726520.0,25975.0,23676800.0,False,True,True,True,False,False
7082.T,7082,ジモティー,Growth,サービス業,,2026-09-04,1606.0,1406.0,30577830.0,21755.0,5905200.0,False,True,True,True,False,False
4113.T,4113,田岡化学工業,Standard,化学,,2026-09-04,2609.0,795.0,30523840.0,38915.0,15343500.0,False,True,True,True,False,False
5363.T,5363,東京窯業,Standard,ガラス・土石製品,,2026-09-04,2609.0,682.0,30429465.0,43780.0,31644800.0,False,True,True,True,False,False
8152.T,8152,ソマール,Standard,卸売業,,2026-09-04,2609.0,7140.0,30422850.0,4105.0,6426000.0,False,True,True,True,False,False
9850.T,9850,グルメ杵屋,Prime,小売業,,2026-09-04,2609.0,990.0,30338575.0,30730.0,28710000.0,False,True,True,True,False,False
4463.T,4463,日華化学,Standard,化学,,2026-09-04,2609.0,2026.0,30324120.0,14920.0,20867800.0,False,True,True,True,False,False
6743.T,6743,大同信号,Standard,電気機器,,2026-09-04,2609.0,1024.0,30099060.0,28535.0,26112000.0,False,True,True,True,False,False
9245.T,9245,リベロ,Growth,サービス業,,2026-09-04,1209.0,1954.0,29930095.0,15210.0,4885000.0,False,True,True,True,False,False
6061.T,6061,ユニバーサル園芸社,Standard,サービス業,,2026-09-04,2609.0,3205.0,29929495.0,9535.0,17627500.0,False,True,True,True,False,False
3447.T,3447,信和,Standard,金属製品,,2026-09-04,2076.0,1009.0,29895280.0,29100.0,16951200.0,False,True,True,True,False,False
7628.T,7628,オーハシテクニカ,Prime,卸売業,,2026-09-04,2609.0,1182.0,29849935.0,24930.0,28722600.0,False,True,True,True,False,False
2404.T,2404,鉄人化ホールディングス,Standard,サービス業,,2026-09-04,2609.0,529.0,29776380.0,53880.0,4390700.0,False,True,True,True,False,False
9229.T,9229,サンウェルズ,Prime,サービス業,,2026-09-04,1027.0,111.0,29770250.0,257040.0,22311000.0,False,False,True,True,False,False
8705.T,8705,日産証券グループ,Standard,証券、商品先物取引業,,2026-09-04,2609.0,220.0,29730035.0,137990.0,21560000.0,False,True,True,True,False,False
6721.T,6721,ウインテスト,Standard,電気機器,,2026-09-04,2609.0,73.0,29512775.0,401975.0,5810800.0,False,False,True,True,False,False
3834.T,3834,朝日ネット,Prime,情報・通信業,,2026-09-04,2609.0,616.0,29508735.0,47620.0,31354400.0,False,True,True,True,False,False
1844.T,1844,大盛工業,Standard,建設業,,2026-09-04,2609.0,474.0,29451030.0,60815.0,11044200.0,False,True,True,True,False,False
7435.T,7435,ナ・デックス,Standard,卸売業,,2026-09-04,2609.0,1305.0,29447165.0,22225.0,8743500.0,False,True,True,True,False,False
3542.T,3542,ベガコーポレーション,Growth,小売業,,2026-09-04,2511.0,1549.0,29432410.0,20080.0,39344600.0,False,True,True,True,False,False
7273.T,7273,イクヨ,Standard,輸送用機器,,2026-09-04,2609.0,582.0,29427405.0,49570.0,13735200.0,False,True,True,True,False,False
6955.T,6955,ＦＤＫ,Standard,電気機器,,2026-09-04,2609.0,411.0,29364515.0,70815.0,22152900.0,False,True,True,True,False,False
9651.T,9651,日本プロセス,Standard,情報・通信業,,2026-09-04,2609.0,2078.0,29287315.0,14430.0,18494200.0,False,True,True,True,False,False
5843.T,5843,ニッポンインシュア,Standard,その他金融業,,2026-09-04,714.0,2373.0,29212820.0,11980.0,9017400.0,False,True,True,True,False,False
7475.T,7475,アルビス,Prime,小売業,,2026-09-04,2609.0,2521.0,29211690.0,11595.0,41848600.0,False,True,True,True,False,False
2462.T,2462,ライク,Prime,サービス業,,2026-09-04,2609.0,1526.0,29200965.0,18975.0,19685400.0,False,True,True,True,False,False
2776.T,2776,新都ホールディングス,Standard,卸売業,,2026-09-04,2609.0,104.0,29187635.0,293980.0,16889600.0,False,False,True,True,False,False
6494.T,6494,ＮＦＫホールディングス,Standard,機械,,2026-09-04,2609.0,96.0,29168415.0,296715.0,29836800.0,False,False,True,True,False,False
6199.T,6199,セラク,Standard,サービス業,,2026-09-04,2507.0,1345.0,29157380.0,20965.0,15198500.0,False,True,True,True,False,False
2332.T,2332,クエスト,Standard,情報・通信業,,2026-09-04,2609.0,1704.0,29101690.0,17055.0,11076000.0,False,True,True,True,False,False
7678.T,7678,あさくま,Standard,小売業,,2026-09-04,1756.0,3260.0,29095500.0,9235.0,25428000.0,False,True,True,True,False,False
1921.T,1921,巴コーポレーション,Standard,建設業,,2026-09-04,2609.0,1948.0,28995735.0,15220.0,20843600.0,False,True,True,True,False,False
2788.T,2788,アップルインターナショナル,Standard,卸売業,,2026-09-04,2609.0,419.0,28922400.0,69650.0,13408000.0,False,True,True,True,False,False
6803.T,6803,ティアック,Standard,電気機器,,2026-09-04,2609.0,99.0,28904335.0,292700.0,37214100.0,False,False,True,True,False,False
3929.T,3929,ソーシャルワイヤー,Growth,情報・通信業,,2026-09-04,2609.0,239.0,28849390.0,113230.0,2605100.0,False,True,True,True,False,False
7463.T,7463,アドヴァングループ,Standard,小売業,,2026-09-04,2609.0,944.0,28807275.0,30350.0,19257600.0,False,True,True,True,False,False
7987.T,7987,ナカバヤシ,Standard,その他製品,,2026-09-04,2609.0,563.0,28746675.0,50640.0,22294800.0,False,True,True,True,False,False
4196.T,4196,ネオマーケティング,Standard,情報・通信業,,2026-09-04,1313.0,2157.0,28739885.0,13860.0,19844400.0,False,True,True,True,False,False
190A.T,190A,Ｃｈｏｒｄｉａ　Ｔｈｅｒａｐｅｕｔｉｃｓ,Growth,医薬品,,2026-09-04,544.0,71.0,28737220.0,379630.0,11594300.0,False,False,True,True,False,False
7792.T,7792,コラントッテ,Growth,その他製品,,2026-09-04,1262.0,1485.0,28570650.0,19575.0,8613000.0,False,True,True,True,False,False
6907.T,6907,ジオマテック,Standard,電気機器,,2026-09-04,2609.0,786.0,28537610.0,37410.0,17685000.0,False,True,True,True,False,False
5599.T,5599,Ｓ＆Ｊ,Growth,情報・通信業,,2026-09-04,664.0,1011.0,28420195.0,28220.0,13749600.0,False,True,True,True,False,False
1718.T,1718,美樹工業,Standard,建設業,,2026-09-04,2609.0,7170.0,28414350.0,4150.0,5736000.0,False,True,True,True,False,False
3913.T,3913,ＧｒｅｅｎＢｅｅ,Growth,情報・通信業,,2026-09-04,2609.0,1090.0,28361655.0,25905.0,4796000.0,False,True,True,True,False,False
2338.T,2338,クオンタムソリューションズ,Standard,情報・通信業,,2026-09-04,2609.0,125.0,28339615.0,220985.0,29625000.0,False,False,True,True,False,False
7120.T,7120,ＳＨＩＮＫＯ,Standard,卸売業,,2026-09-04,847.0,998.0,28285845.0,28475.0,19461000.0,False,True,True,True,False,False
6533.T,6533,Ｏｒｃｈｅｓｔｒａ　Ｈｏｌｄｉｎｇｓ,Prime,サービス業,,2026-09-04,2457.0,1152.0,28276290.0,23505.0,13939200.0,False,True,True,True,False,False
3927.T,3927,フーバーブレイン,Growth,情報・通信業,,2026-09-04,2609.0,880.0,28232025.0,30415.0,28776000.0,False,True,True,True,False,False
5542.T,5542,新報国マテリアル,Standard,鉄鋼,,2026-09-04,2609.0,947.0,28218780.0,30160.0,5397900.0,False,True,True,True,False,False
2204.T,2204,中村屋,Standard,食料品,,2026-09-04,2609.0,3200.0,28203025.0,8825.0,18560000.0,False,True,True,True,False,False
6069.T,6069,トレンダーズ,Growth,サービス業,,2026-09-04,2609.0,693.0,28106345.0,40895.0,14691600.0,False,True,True,True,False,False
3187.T,3187,ミラタップ,Growth,小売業,,2026-09-04,2609.0,373.0,28030065.0,76225.0,52070800.0,False,True,True,True,False,False
6858.T,6858,小野測器,Standard,電気機器,,2026-09-04,2609.0,824.0,27990450.0,33595.0,20517600.0,False,True,True,True,False,False
6658.T,6658,シライ電子工業,Standard,電気機器,,2026-09-04,2609.0,452.0,27985730.0,62090.0,16407600.0,False,True,True,True,False,False
4031.T,4031,片倉コープアグリ,Standard,化学,,2026-09-04,2609.0,1111.0,27969520.0,25585.0,12109900.0,False,True,True,True,False,False
5282.T,5282,ジオスター,Standard,ガラス・土石製品,,2026-09-04,2609.0,425.0,27937900.0,66445.0,11007500.0,False,True,True,True,False,False
8029.T,8029,ルックホールディングス,Standard,繊維製品,,2026-09-04,2609.0,2697.0,27908340.0,10565.0,32094300.0,False,True,True,True,False,False
4801.T,4801,セントラルスポーツ,Prime,サービス業,,2026-09-04,2609.0,2450.0,27720265.0,11310.0,23275000.0,False,True,True,True,False,False
7068.T,7068,フィードフォースグループ,Growth,サービス業,,2026-09-04,1749.0,600.0,27654135.0,46400.0,14880000.0,False,True,True,True,False,False
3440.T,3440,日創グループ,Standard,金属製品,,2026-09-04,1743.0,871.0,27647905.0,30265.0,7229300.0,False,True,True,True,False,False
3077.T,3077,ホリイフードサービス,Standard,小売業,,2026-09-04,2609.0,1240.0,27570110.0,25455.0,25668000.0,False,True,True,True,False,False
6915.T,6915,千代田インテグレ,Standard,電気機器,,2026-09-04,2609.0,3395.0,27457500.0,7955.0,33610500.0,False,True,True,True,False,False
9633.T,9633,東京テアトル,Standard,不動産業,,2026-09-04,2609.0,1926.0,27427960.0,14705.0,4815000.0,False,True,True,True,False,False
7048.T,7048,ベルトラ,Growth,サービス業,,2026-09-04,1876.0,161.0,27427485.0,177490.0,37271500.0,False,False,True,True,False,False
369A.T,369A,エータイ,Growth,サービス業,,2026-09-04,292.0,2585.0,27406095.0,10935.0,52475500.0,False,True,True,True,False,False
9438.T,9438,エムティーアイ,Prime,情報・通信業,,2026-09-04,2609.0,591.0,27340310.0,46225.0,15661500.0,False,True,True,True,False,False
6151.T,6151,日東工器,Prime,機械,,2026-09-04,2609.0,1727.0,27196515.0,15530.0,16233800.0,False,True,True,True,False,False
9271.T,9271,和心,Growth,小売業,,2026-09-04,2068.0,959.0,27097185.0,26140.0,17549700.0,False,True,True,True,False,False
6493.T,6493,ＮＩＴＴＡＮ,Standard,輸送用機器,,2026-09-04,2609.0,497.0,27025740.0,53355.0,22663200.0,False,True,True,True,False,False
8091.T,8091,ニチモウ,Prime,卸売業,,2026-09-04,2609.0,2436.0,26924785.0,11195.0,17782800.0,False,True,True,True,False,False
2485.T,2485,ティア,Standard,サービス業,,2026-09-04,2609.0,450.0,26879875.0,59335.0,4860000.0,False,True,True,True,False,False
1827.T,1827,ナカノフドー建設,Standard,建設業,,2026-09-04,2609.0,1354.0,26865345.0,19400.0,10561200.0,False,True,True,True,False,False
7983.T,7983,ミロク,Standard,その他製品,,2026-09-04,2609.0,1206.0,26787570.0,20600.0,5306400.0,False,True,True,False,False,False
5575.T,5575,Ｇｌｏｂｅｅ,Growth,情報・通信業,,2026-09-04,790.0,1175.0,26708155.0,22685.0,22325000.0,False,True,True,True,False,False
7292.T,7292,村上開明堂,Standard,輸送用機器,,2026-09-04,2609.0,6860.0,26664800.0,3950.0,27440000.0,False,True,True,True,False,False
3195.T,3195,ジェネレーションパス,Growth,小売業,,2026-09-04,2609.0,706.0,26635485.0,40235.0,17085200.0,False,True,True,True,False,False
6496.T,6496,中北製作所,Standard,機械,,2026-09-04,2609.0,5410.0,26564000.0,4790.0,8656000.0,False,True,True,True,False,False
4838.T,4838,スペースシャワーＳＫＩＹＡＫＩホールディングス,Standard,情報・通信業,,2026-09-04,2609.0,701.0,26548605.0,38915.0,15141600.0,False,True,True,True,False,False
4832.T,4832,ＪＦＥシステムズ,Standard,情報・通信業,,2026-09-04,2609.0,1908.0,26546770.0,13610.0,64681200.0,False,True,True,True,False,False
9158.T,9158,シーユーシー,Growth,サービス業,,2026-09-04,785.0,758.0,26341860.0,35665.0,21451400.0,False,True,True,True,False,False
3544.T,3544,サツドラホールディングス,Standard,小売業,,2026-09-04,2609.0,1249.0,26126675.0,20925.0,34347500.0,False,True,True,True,False,False
7859.T,7859,アルメディオ,Standard,その他製品,,2026-09-04,2609.0,259.0,26122815.0,106350.0,18311300.0,False,True,True,True,False,False
4783.T,4783,ＮＣＤ,Standard,情報・通信業,,2026-09-04,2609.0,2654.0,26000190.0,10045.0,16189400.0,False,True,True,True,False,False
3807.T,3807,フィスコ,Growth,情報・通信業,,2026-09-04,2609.0,88.0,25944160.0,295405.0,30069600.0,False,False,True,True,False,False
2112.T,2112,塩水港精糖,Standard,食料品,,2026-09-04,2609.0,468.0,25920000.0,55445.0,15256800.0,False,True,True,True,False,False
4094.T,4094,日本化学産業,Standard,化学,,2026-09-04,2609.0,2279.0,25913810.0,11510.0,12990300.0,False,True,True,True,False,False
6082.T,6082,ライドオンエクスプレスホールディングス,Standard,サービス業,,2026-09-04,2609.0,1017.0,25761285.0,25195.0,22984200.0,False,True,True,True,False,False
3992.T,3992,ニーズウェル,Prime,情報・通信業,,2026-09-04,2205.0,474.0,25759400.0,55050.0,10333200.0,False,True,True,True,False,False
6836.T,6836,ぷらっとホーム,Standard,電気機器,,2026-09-04,2609.0,817.0,25751180.0,30960.0,18137400.0,False,True,True,True,False,False
6338.T,6338,タカトリ,Standard,機械,,2026-09-04,2609.0,1649.0,25643845.0,15380.0,16325100.0,False,True,True,True,False,False
6228.T,6228,ジェイ・イー・ティ,Standard,機械,,2026-09-04,1331.0,532.0,25603620.0,50530.0,25589200.0,False,True,True,True,False,False
6518.T,6518,三相電機,Standard,電気機器,,2026-09-04,2609.0,1747.0,25573795.0,13935.0,4891600.0,False,True,True,True,False,False
7291.T,7291,日本プラスト,Standard,輸送用機器,,2026-09-04,2609.0,470.0,25562845.0,56430.0,26743000.0,False,True,True,True,False,False
5587.T,5587,インバウンドプラットフォーム,Growth,情報・通信業,,2026-09-04,737.0,790.0,25555585.0,29985.0,14536000.0,False,True,True,True,False,False
3747.T,3747,インタートレード,Standard,情報・通信業,,2026-09-04,2609.0,413.0,25528355.0,57075.0,9953300.0,False,True,True,True,False,False
5820.T,5820,三ッ星,Standard,非鉄金属,,2026-09-04,2609.0,815.0,25519770.0,32190.0,18337500.0,False,True,True,True,False,False
160A.T,160A,アズパートナーズ,Standard,サービス業,,2026-09-04,592.0,1955.0,25480015.0,12525.0,7624500.0,False,True,True,True,False,False
9252.T,9252,ラストワンマイル,Growth,サービス業,,2026-09-04,1170.0,4000.0,25407075.0,6550.0,34000000.0,False,True,True,True,False,False
8275.T,8275,フォーバル,Standard,卸売業,,2026-09-04,2609.0,1007.0,25244785.0,25245.0,29001600.0,False,True,True,True,False,False
7352.T,7352,ＴＷＯＳＴＯＮＥ＆Ｓｏｎｓ,Growth,サービス業,,2026-09-04,1505.0,326.0,25089225.0,71180.0,10301600.0,False,True,True,True,False,False
4488.T,4488,ＡＩ　ｉｎｓｉｄｅ,Growth,情報・通信業,,2026-09-04,1633.0,2258.0,25084150.0,11365.0,8806200.0,False,True,True,True,False,False
6265.T,6265,コンバム,Standard,機械,,2026-09-04,2609.0,3040.0,24983550.0,7445.0,5472000.0,False,True,True,True,False,False
2999.T,2999,ホームポジション,Standard,不動産業,,2026-09-04,1029.0,512.0,24838970.0,42985.0,16281600.0,False,True,True,True,False,False
2163.T,2163,アルトナー,Prime,サービス業,,2026-09-04,2609.0,965.0,24822710.0,25550.0,15729500.0,False,True,True,True,False,False
4374.T,4374,ＲＯＢＯＴ　ＰＡＹＭＥＮＴ,Growth,情報・通信業,,2026-09-04,1209.0,2443.0,24799115.0,10145.0,3175900.0,False,True,True,True,False,False
9994.T,9994,やまや,Standard,小売業,,2026-09-04,2609.0,2054.0,24791330.0,11915.0,4313400.0,False,True,True,True,False,False
4199.T,4199,ワンダープラネット,Growth,情報・通信業,,2026-09-04,1282.0,806.0,24767810.0,28530.0,3627000.0,False,True,True,True,False,False
4397.T,4397,チームスピリット,Growth,情報・通信業,,2026-09-04,1965.0,412.0,24701790.0,59525.0,16480000.0,False,True,True,True,False,False
8928.T,8928,穴吹興産,Standard,不動産業,,2026-09-04,2609.0,2310.0,24620320.0,10565.0,18711000.0,False,True,True,True,False,False
6382.T,6382,トリニティ工業,Standard,機械,,2026-09-04,2609.0,1242.0,24547435.0,19790.0,12792600.0,False,True,True,True,False,False
3675.T,3675,クロス・マーケティンググループ,Prime,情報・通信業,,2026-09-04,2609.0,607.0,24495835.0,40390.0,32595900.0,False,True,True,True,False,False
6643.T,6643,戸上電機製作所,Standard,電気機器,,2026-09-04,2609.0,5720.0,24460250.0,4265.0,20020000.0,False,True,True,True,False,False
9322.T,9322,川西倉庫,Standard,倉庫・運輸関連業,,2026-09-04,2609.0,2450.0,24375395.0,9845.0,151410000.0,False,True,True,True,False,False
4179.T,4179,ジーネクスト,Growth,情報・通信業,,2026-09-04,1333.0,354.0,24367385.0,66840.0,4460400.0,False,True,True,True,False,False
5983.T,5983,イワブチ,Standard,金属製品,,2026-09-04,2609.0,13590.0,24357550.0,1800.0,1359000.0,False,True,True,True,False,False
2666.T,2666,オートウェーブ,Standard,小売業,,2026-09-04,2609.0,186.0,24329735.0,133660.0,4612800.0,False,False,True,True,False,False
6035.T,6035,アイ・アールジャパンホールディングス,Prime,サービス業,,2026-09-04,2609.0,739.0,24314310.0,32750.0,12636900.0,False,True,True,True,False,False
4412.T,4412,サイエンスアーツ,Growth,情報・通信業,,2026-09-04,1169.0,1409.0,24308925.0,19035.0,46637900.0,False,True,True,True,False,False
1376.T,1376,カネコ種苗,Standard,水産・農林業,,2026-09-04,2609.0,1637.0,24296240.0,15000.0,18007000.0,False,True,True,True,False,False
7425.T,7425,初穂商事,Standard,卸売業,,2026-09-04,2609.0,1083.0,24271415.0,21460.0,8772300.0,False,True,True,True,False,False
5871.T,5871,ＳＯＬＩＺＥ　Ｈｏｌｄｉｎｇｓ,Standard,サービス業,,2026-09-04,630.0,1382.0,24184540.0,16885.0,17551400.0,False,True,True,True,False,False
3392.T,3392,デリカフーズホールディングス,Standard,卸売業,,2026-09-04,2609.0,822.0,24116570.0,29915.0,9864000.0,False,True,True,True,False,False
372A.T,372A,レント,Standard,サービス業,,2026-09-04,290.0,5540.0,24018950.0,4310.0,12742000.0,False,True,True,True,False,False
3237.T,3237,イントランス,Growth,不動産業,,2026-09-04,2609.0,95.0,23933750.0,237740.0,13414000.0,False,False,True,True,False,False
274A.T,274A,ガーデン,Standard,小売業,,2026-09-04,435.0,2290.0,23921330.0,10300.0,111981000.0,False,True,True,True,False,False
3921.T,3921,ネオジャパン,Prime,情報・通信業,,2026-09-04,2609.0,1616.0,23638620.0,14530.0,12120000.0,False,True,True,True,False,False
4882.T,4882,ペルセウスプロテオミクス,Growth,医薬品,,2026-09-04,1274.0,145.0,23597635.0,162320.0,18835500.0,False,False,True,True,False,False
5261.T,5261,リソルホールディングス,Prime,サービス業,,2026-09-04,2609.0,7680.0,23596400.0,3060.0,12288000.0,False,True,True,True,False,False
6573.T,6573,アジャイルメディア・ネットワーク,Growth,サービス業,,2026-09-04,2068.0,27.0,23575070.0,832835.0,5386500.0,False,False,True,True,False,False
2440.T,2440,ぐるなび,Prime,サービス業,,2026-09-04,2609.0,126.0,23543605.0,182990.0,14049000.0,False,False,True,True,False,False
6678.T,6678,テクノメディカ,Standard,電気機器,,2026-09-04,2609.0,2040.0,23523600.0,11245.0,20400000.0,False,True,True,True,False,False
7638.T,7638,ＮＥＷ　ＡＲＴ　ＨＯＬＤＩＮＧＳ,Standard,小売業,,2026-09-04,2609.0,1404.0,23511990.0,16680.0,12355200.0,False,True,True,True,False,False
3236.T,3236,プロパスト,Standard,不動産業,,2026-09-04,2609.0,290.0,23344355.0,81085.0,31929000.0,False,True,True,True,False,False
3695.T,3695,ＧＭＯプロダクトプラットフォーム,Growth,情報・通信業,,2026-09-04,2609.0,1554.0,23329630.0,16130.0,42113400.0,False,True,True,True,False,False
2488.T,2488,ＪＴＰ,Standard,サービス業,,2026-09-04,2609.0,1461.0,23223340.0,15895.0,5697900.0,False,True,True,True,False,False
2164.T,2164,地域新聞社,Growth,サービス業,,2026-09-04,2609.0,120.0,23129360.0,158485.0,19248000.0,False,False,True,True,False,False
5280.T,5280,ヨシコン,Standard,不動産業,,2026-09-04,2609.0,2225.0,23112090.0,10525.0,24475000.0,False,True,True,True,False,False
7781.T,7781,平山ホールディングス,Standard,精密機器,,2026-09-04,2609.0,880.0,23069750.0,26965.0,6776000.0,False,True,True,True,False,False
7571.T,7571,ヤマノホールディングス,Standard,小売業,,2026-09-04,2609.0,89.0,23034725.0,263495.0,32289200.0,False,False,True,True,False,False
3183.T,3183,ウイン・パートナーズ,Prime,卸売業,,2026-09-04,2609.0,1273.0,22995475.0,18065.0,19476900.0,False,True,True,True,False,False
6030.T,6030,アドベンチャー,Growth,サービス業,,2026-09-04,2609.0,1601.0,22961485.0,14835.0,15689800.0,False,True,True,True,False,False
3835.T,3835,ｅＢＡＳＥ,Prime,情報・通信業,,2026-09-04,2609.0,437.0,22931490.0,52915.0,16081600.0,False,True,True,True,False,False
2923.T,2923,サトウ食品,Standard,食料品,,2026-09-04,2609.0,7920.0,22813400.0,2815.0,17424000.0,False,True,True,True,False,False
4264.T,4264,セキュア,Growth,情報・通信業,,2026-09-04,1146.0,1450.0,22796130.0,15135.0,15950000.0,False,True,True,True,False,False
4998.T,4998,フマキラー,Standard,化学,,2026-09-04,2609.0,1194.0,22745125.0,19060.0,11581800.0,False,True,True,True,False,False
4436.T,4436,ミンカブ・ジ・インフォノイド,Growth,情報・通信業,,2026-09-04,1821.0,415.0,22664245.0,53020.0,17762000.0,False,True,True,True,False,False
7726.T,7726,黒田精工,Standard,機械,,2026-09-04,2609.0,1388.0,22575030.0,16655.0,13880000.0,False,True,True,True,False,False
2694.T,2694,焼肉坂井ホールディングス,Standard,小売業,,2026-09-04,2609.0,72.0,22571420.0,313750.0,6220800.0,False,False,True,True,False,False
6989.T,6989,北陸電気工業,Standard,電気機器,,2026-09-04,2609.0,2420.0,22502680.0,9140.0,17666000.0,False,True,True,True,False,False
6874.T,6874,協立電機,Standard,電気機器,,2026-09-04,2609.0,2339.0,22448555.0,9520.0,5379700.0,False,True,True,True,False,False
407A.T,407A,ＵＮＩＣＯＮホールディングス,Standard,建設業,,2026-09-04,230.0,941.0,22443025.0,24500.0,7810300.0,False,True,False,True,False,False
8887.T,8887,シーラホールディングス,Standard,不動産業,,2026-09-04,2609.0,366.0,22302990.0,58435.0,13798200.0,False,True,True,True,False,False
6837.T,6837,京写,Standard,電気機器,,2026-09-04,2609.0,371.0,22266955.0,60065.0,3339000.0,False,True,True,True,False,False
9312.T,9312,ケイヒン,Standard,倉庫・運輸関連業,,2026-09-04,2609.0,2857.0,22257705.0,7830.0,8571000.0,False,True,True,True,False,False
2330.T,2330,フォーサイド,Standard,情報・通信業,,2026-09-04,2609.0,86.0,22248865.0,271295.0,14448000.0,False,False,True,True,False,False
6081.T,6081,アライドアーキテクツ,Growth,サービス業,,2026-09-04,2609.0,155.0,22211910.0,138455.0,47740000.0,False,False,True,True,False,False
7378.T,7378,アシロ,Growth,サービス業,,2026-09-04,1254.0,1553.0,22205250.0,14225.0,23450300.0,False,True,True,True,False,False
6599.T,6599,エブレン,Standard,電気機器,,2026-09-04,1512.0,3765.0,22175500.0,6335.0,67770000.0,False,True,True,True,False,False
7962.T,7962,キングジム,Prime,その他製品,,2026-09-04,2609.0,799.0,22160610.0,27385.0,27405700.0,False,True,True,True,False,False
7049.T,7049,識学,Growth,サービス業,,2026-09-04,1837.0,794.0,22152330.0,26315.0,18897200.0,False,True,True,True,False,False
4441.T,4441,トビラシステムズ,Standard,情報・通信業,,2026-09-04,1794.0,1519.0,22068490.0,14840.0,29772400.0,False,True,True,True,False,False
2997.T,2997,ストレージ王,Growth,不動産業,,2026-09-04,1066.0,1324.0,22045195.0,16580.0,11254000.0,False,True,True,True,False,False
4576.T,4576,デ・ウエスタン・セラピテクス研究所,Growth,医薬品,,2026-09-04,2609.0,87.0,21967280.0,255480.0,104017200.0,False,False,True,True,False,False
7069.T,7069,サイバー・バズ,Growth,サービス業,,2026-09-04,1699.0,545.0,21921685.0,38125.0,1853000.0,False,True,True,True,False,False
6384.T,6384,昭和真空,Standard,機械,,2026-09-04,2609.0,1718.0,21899200.0,13090.0,12885000.0,False,True,True,True,False,False
5884.T,5884,クラダシ,Growth,小売業,,2026-09-04,778.0,614.0,21882730.0,34245.0,5219000.0,False,True,True,True,False,False
7908.T,7908,きもと,Standard,化学,,2026-09-04,2609.0,239.0,21808260.0,90435.0,15702300.0,False,True,True,True,False,False
6262.T,6262,ＰＥＧＡＳＵＳ,Standard,機械,,2026-09-04,2609.0,522.0,21714720.0,40535.0,18896400.0,False,True,True,True,False,False
1866.T,1866,北野建設,Standard,建設業,,2026-09-04,2609.0,1160.0,21604720.0,18270.0,5336000.0,False,True,True,True,False,False
246A.T,246A,アスア,Growth,サービス業,,2026-09-04,474.0,933.0,21597065.0,22795.0,653100.0,False,True,True,True,False,False
8904.T,8904,ＡＶＡＮＴＩＡ,Standard,不動産業,,2026-09-04,2609.0,830.0,21587355.0,25325.0,15438000.0,False,True,True,True,False,False
7875.T,7875,竹田ｉＰホールディングス,Standard,その他製品,,2026-09-04,2113.0,808.0,21547455.0,26115.0,10019200.0,False,True,True,True,False,False
4395.T,4395,アクリート,Growth,情報・通信業,,2026-09-04,1984.0,716.0,21474195.0,30875.0,14176800.0,False,True,True,True,False,False
4231.T,4231,タイガースポリマー,Standard,化学,,2026-09-04,2609.0,1056.0,21456885.0,21040.0,23443200.0,False,True,True,True,False,False
3951.T,3951,朝日印刷,Standard,パルプ・紙,,2026-09-04,2609.0,917.0,21432645.0,23805.0,29710800.0,False,True,True,True,False,False
6853.T,6853,共和電業,Standard,電気機器,,2026-09-04,2609.0,760.0,21425745.0,27985.0,12540000.0,False,True,True,True,False,False
7356.T,7356,Ｒｅｔｔｙ,Growth,サービス業,,2026-09-04,1430.0,115.0,21414940.0,173470.0,4473500.0,False,False,True,True,False,False
9639.T,9639,三協フロンテア,Standard,サービス業,,2026-09-04,2609.0,2386.0,21378470.0,9100.0,5249200.0,False,True,True,True,False,False
5870.T,5870,ナルネットコミュニケーションズ,Growth,サービス業,,2026-09-04,658.0,881.0,21355690.0,24155.0,4316900.0,False,True,True,True,False,False
9913.T,9913,日邦産業,Standard,卸売業,,2026-09-04,2609.0,3655.0,21053450.0,6365.0,17909500.0,False,True,True,True,False,False
4261.T,4261,アジアクエスト,Growth,情報・通信業,,2026-09-04,1147.0,2973.0,20940320.0,7125.0,9216300.0,False,True,True,True,False,False
1867.T,1867,植木組,Standard,建設業,,2026-09-04,2609.0,2722.0,20921220.0,7730.0,14154400.0,False,True,True,True,False,False
3501.T,3501,ＳＵＭＩＮＯＥ,Prime,繊維製品,,2026-09-04,2609.0,1180.0,20894405.0,17695.0,21122000.0,False,True,True,True,False,False
5591.T,5591,ＡＶＩＬＥＮ,Growth,情報・通信業,,2026-09-04,718.0,895.0,20820930.0,24615.0,26044500.0,False,True,True,True,False,False
7805.T,7805,プリントネット,Standard,その他製品,,2026-09-04,1924.0,716.0,20768685.0,28430.0,14105200.0,False,True,True,True,False,False
3987.T,3987,エコモット,Growth,情報・通信業,,2026-09-04,2270.0,672.0,20759630.0,30665.0,8467200.0,False,True,True,True,False,False
9235.T,9235,売れるネット広告社グループ,Growth,サービス業,,2026-09-04,701.0,479.0,20498580.0,41430.0,8238800.0,False,True,True,True,False,False
2198.T,2198,アイ・ケイ・ケイホールディングス,Prime,サービス業,,2026-09-04,2609.0,787.0,20488910.0,26200.0,14716900.0,False,True,True,True,False,False
7030.T,7030,スプリックス,Standard,サービス業,,2026-09-04,2003.0,982.0,20456685.0,20725.0,8347000.0,False,True,True,True,False,False
5216.T,5216,倉元製作所,Standard,ガラス・土石製品,,2026-09-04,2609.0,152.0,20439660.0,132785.0,8952800.0,False,False,True,True,False,False
4274.T,4274,細谷火工,Standard,化学,,2026-09-04,2609.0,1067.0,20428140.0,18865.0,27421900.0,False,True,True,True,False,False
2303.T,2303,ドーン,Standard,情報・通信業,,2026-09-04,2609.0,1377.0,20426240.0,15205.0,24648300.0,False,True,True,True,False,False
3640.T,3640,電算,Standard,情報・通信業,,2026-09-04,2609.0,2810.0,20374205.0,7315.0,20232000.0,False,True,True,True,False,False
3744.T,3744,サイオス,Standard,情報・通信業,,2026-09-04,2609.0,456.0,20319535.0,44370.0,5836800.0,False,True,True,True,False,False
3154.T,3154,メディアスホールディングス,Prime,卸売業,,2026-09-04,2609.0,792.0,20282470.0,25365.0,16236000.0,False,True,True,True,False,False
1443.T,1443,技研ホールディングス,Standard,建設業,,2026-09-04,2126.0,280.0,20262810.0,72920.0,18620000.0,False,True,True,True,False,False
7150.T,7150,島根銀行,Standard,銀行業,,2026-09-04,2609.0,535.0,20210625.0,38700.0,11663000.0,False,True,True,True,False,False
4347.T,4347,ブロードメディア,Standard,サービス業,,2026-09-04,2609.0,1636.0,20133585.0,12085.0,33047200.0,False,True,True,True,False,False
7374.T,7374,コンフィデンス・インターワークス,Growth,サービス業,,2026-09-04,1270.0,1528.0,20081575.0,13175.0,3972800.0,False,True,True,True,False,False
7175.T,7175,今村証券,Standard,証券、商品先物取引業,,2026-09-04,2609.0,2000.0,20057115.0,10650.0,15000000.0,False,True,True,True,False,False
2667.T,2667,イメージ　ワン,Standard,卸売業,,2026-09-04,2609.0,100.0,20020580.0,191650.0,9620000.0,False,False,True,True,False,False
2693.T,2693,ＹＫＴ,Standard,卸売業,,2026-09-04,2609.0,273.0,20018920.0,67425.0,20748000.0,False,True,True,True,False,False
3021.T,3021,パシフィックネット,Standard,サービス業,,2026-09-04,2609.0,1595.0,19999385.0,12380.0,9889000.0,False,True,True,True,False,False
3418.T,3418,バルニバービ,Growth,小売業,,2026-09-04,2609.0,1053.0,19717620.0,18800.0,5686200.0,False,True,True,True,False,False
6156.T,6156,エーワン精密,Standard,機械,,2026-09-04,2609.0,1860.0,19653960.0,10460.0,6510000.0,False,True,True,True,False,False
7212.T,7212,エフテック,Standard,輸送用機器,,2026-09-04,2609.0,746.0,19639930.0,26735.0,23275200.0,False,True,True,True,False,False
3772.T,3772,ウェルス・マネジメント,Standard,不動産業,,2026-09-04,2609.0,1100.0,19590770.0,18045.0,15070000.0,False,True,True,True,False,False
9127.T,9127,玉井商船,Standard,海運業,,2026-09-04,2609.0,3310.0,19530200.0,6110.0,20522000.0,False,True,True,True,False,False
4237.T,4237,フジプレアム,Standard,化学,,2026-09-04,2609.0,355.0,19482095.0,55420.0,13880500.0,False,True,True,True,False,False
6748.T,6748,星和電機,Standard,電気機器,,2026-09-04,2609.0,782.0,19472905.0,24920.0,8836600.0,False,True,True,True,False,False
5942.T,5942,日本フイルコン,Standard,金属製品,,2026-09-04,2609.0,637.0,19434060.0,30180.0,18791500.0,False,True,True,True,False,False
4845.T,4845,スカラ,Prime,情報・通信業,,2026-09-04,2609.0,355.0,19358420.0,54700.0,12602500.0,False,True,True,True,False,False
7022.T,7022,サノヤスホールディングス,Standard,機械,,2026-09-04,2609.0,339.0,19333790.0,60955.0,53426400.0,False,True,True,True,False,False
2268.T,2268,Ｂ－Ｒ　サーティワン　アイスクリーム,Standard,食料品,,2026-09-04,2609.0,4040.0,19297050.0,4765.0,39592000.0,False,True,True,True,False,False
7371.T,7371,Ｚｅｎｋｅｎ,Growth,サービス業,,2026-09-04,1278.0,814.0,19272830.0,24900.0,18722000.0,False,True,True,True,False,False
4893.T,4893,ノイルイミューン・バイオテック,Growth,医薬品,,2026-09-04,780.0,145.0,19258710.0,128385.0,12441000.0,False,False,True,True,False,False
5588.T,5588,ファーストアカウンティング,Growth,情報・通信業,,2026-09-04,721.0,854.0,19240765.0,23365.0,9308600.0,False,True,True,True,False,False
8835.T,8835,太平洋興発,Standard,卸売業,,2026-09-04,2609.0,801.0,19226235.0,24350.0,7769700.0,False,True,True,True,False,False
3467.T,3467,アグレ都市デザイン,Standard,不動産業,,2026-09-04,2578.0,2905.0,19217200.0,6645.0,6972000.0,False,True,True,True,False,False
3121.T,3121,マーチャント・バンカーズ,Standard,サービス業,,2026-09-04,2609.0,268.0,19144760.0,74035.0,11684800.0,False,True,True,True,False,False
6086.T,6086,シンメンテホールディングス,Growth,サービス業,,2026-09-04,2609.0,1026.0,19117645.0,18370.0,14364000.0,False,True,True,True,False,False
5139.T,5139,オープンワーク,Growth,情報・通信業,,2026-09-04,910.0,947.0,19084165.0,20085.0,8428300.0,False,True,True,True,False,False
3069.T,3069,ＪＦＬＡホールディングス,Standard,食料品,,2026-09-04,2609.0,169.0,19065875.0,113980.0,10697700.0,False,False,True,True,False,False
7247.T,7247,ミクニ,Standard,輸送用機器,,2026-09-04,2609.0,379.0,19063925.0,51835.0,21868300.0,False,True,True,True,False,False
8046.T,8046,丸藤シートパイル,Standard,卸売業,,2026-09-04,2609.0,1007.0,18990295.0,18960.0,15306400.0,False,True,True,True,False,False
7213.T,7213,レシップホールディングス,Standard,輸送用機器,,2026-09-04,2609.0,678.0,18979985.0,28680.0,6847800.0,False,True,True,True,False,False
5391.T,5391,エーアンドエーマテリアル,Standard,ガラス・土石製品,,2026-09-04,2609.0,1502.0,18969370.0,12640.0,8110800.0,False,True,True,True,False,False
4224.T,4224,ロンシール工業,Standard,化学,,2026-09-04,2609.0,2104.0,18956605.0,8840.0,12624000.0,False,True,True,True,False,False
3918.T,3918,ＰＣＩホールディングス,Standard,情報・通信業,,2026-09-04,2609.0,1194.0,18909590.0,16160.0,5253600.0,False,True,True,True,False,False
4119.T,4119,日本ピグメントホールディングス,Standard,化学,,2026-09-04,2609.0,6000.0,18902200.0,3165.0,8400000.0,False,True,True,True,False,False
8041.T,8041,ＯＵＧホールディングス,Standard,卸売業,,2026-09-04,2609.0,4655.0,18853300.0,4140.0,12568500.0,False,True,True,True,False,False
7185.T,7185,ヒロセ通商,Standard,証券、商品先物取引業,,2026-09-04,2578.0,3925.0,18793475.0,4790.0,31400000.0,False,True,True,True,False,False
4883.T,4883,モダリス,Growth,医薬品,,2026-09-04,1490.0,35.0,18722060.0,566405.0,5575500.0,False,False,True,True,False,False
9557.T,9557,エアークローゼット,Growth,サービス業,,2026-09-04,1004.0,237.0,18658590.0,80845.0,3104700.0,False,True,True,True,False,False
5103.T,5103,昭和ホールディングス,Standard,ゴム製品,,2026-08-24,2600.0,1.0,18653805.0,3575175.0,14331500.0,False,False,True,False,False,False
5464.T,5464,モリ工業,Standard,鉄鋼,,2026-09-04,2609.0,946.0,18639350.0,19685.0,15798200.0,False,True,True,True,False,False
2673.T,2673,夢みつけ隊,Standard,小売業,,2026-09-04,2609.0,111.0,18630455.0,157830.0,2697300.0,False,False,True,True,False,False
6031.T,6031,ＺＥＴＡ,Growth,サービス業,,2026-09-04,2609.0,310.0,18571465.0,66915.0,91698000.0,False,True,True,True,False,False
6538.T,6538,ディスラプターズ,Standard,サービス業,,2026-09-04,2397.0,249.0,18544800.0,74925.0,7146300.0,False,True,True,True,False,False
4379.T,4379,Ｐｈｏｔｏｓｙｎｔｈ,Growth,情報・通信業,,2026-09-04,1182.0,439.0,18529415.0,42200.0,8297100.0,False,True,True,True,False,False
5287.T,5287,イトーヨーギョー,Standard,ガラス・土石製品,,2026-09-04,2609.0,882.0,18491600.0,21170.0,7056000.0,False,True,True,True,False,False
1381.T,1381,アクシーズ,Standard,水産・農林業,,2026-09-04,2609.0,3590.0,18472650.0,5340.0,8257000.0,False,True,True,True,False,False
4495.T,4495,アイキューブドシステムズ,Growth,情報・通信業,,2026-09-04,1500.0,2036.0,18440535.0,9355.0,12012400.0,False,True,True,True,False,False
9046.T,9046,神戸電鉄,Prime,陸運業,,2026-09-04,2609.0,2476.0,18433840.0,7460.0,12875200.0,False,True,True,True,False,False
5133.T,5133,テリロジーホールディングス,Standard,情報・通信業,,2026-09-04,941.0,303.0,18304335.0,58505.0,7453800.0,False,True,True,True,False,False
8769.T,8769,アドバンテッジリスクマネジメント,Standard,サービス業,,2026-09-04,2609.0,492.0,18131910.0,35690.0,14760000.0,False,True,True,True,False,False
6557.T,6557,ＡＩＡＩグループ,Growth,サービス業,,2026-09-04,2176.0,751.0,18058655.0,23520.0,14269000.0,False,True,True,True,False,False
206A.T,206A,ＰＲＩＳＭ　ＢｉｏＬａｂ,Growth,医薬品,,2026-09-04,532.0,174.0,17957595.0,104995.0,11414400.0,False,False,True,True,False,False
4829.T,4829,日本エンタープライズ,Standard,情報・通信業,,2026-09-04,2609.0,110.0,17918595.0,163405.0,18392000.0,False,False,True,True,False,False
2340.T,2340,極楽湯ホールディングス,Standard,サービス業,,2026-09-04,2609.0,519.0,17885095.0,34435.0,15102900.0,False,True,True,True,False,False
6279.T,6279,瑞光,Prime,機械,,2026-09-04,2609.0,924.0,17810055.0,19135.0,10810800.0,False,True,True,True,False,False
4512.T,4512,わかもと製薬,Standard,医薬品,,2026-09-04,2609.0,306.0,17788255.0,59940.0,15820200.0,False,True,True,True,False,False
7567.T,7567,栄電子,Standard,卸売業,,2026-09-04,2609.0,602.0,17784485.0,28455.0,4695600.0,False,True,True,True,False,False
8931.T,8931,和田興産,Standard,不動産業,,2026-09-04,2609.0,1313.0,17712150.0,12780.0,5908500.0,False,True,True,True,False,False
1994.T,1994,高橋カーテンウォール工業,Standard,建設業,,2026-09-04,2609.0,618.0,17691140.0,29740.0,11062200.0,False,True,True,True,False,False
5284.T,5284,ヤマウホールディングス,Standard,ガラス・土石製品,,2026-09-04,2609.0,2248.0,17667705.0,7845.0,8542400.0,False,True,True,True,False,False
4892.T,4892,サイフューズ,Growth,医薬品,,2026-09-04,921.0,611.0,17559655.0,30810.0,36660000.0,False,True,True,True,False,False
4811.T,4811,ドリーム・アーツ,Growth,情報・通信業,,2026-09-04,697.0,908.0,17500275.0,20435.0,22790800.0,False,True,True,True,False,False
2751.T,2751,テンポスホールディングス,Standard,卸売業,,2026-09-04,2609.0,3790.0,17483900.0,4645.0,10612000.0,False,True,True,True,False,False
4627.T,4627,ナトコ,Standard,化学,,2026-09-04,2609.0,1940.0,17480645.0,9335.0,73526000.0,False,True,True,True,False,False
7695.T,7695,交換できるくん,Growth,小売業,,2026-09-04,1394.0,908.0,17469575.0,20175.0,4903200.0,False,True,True,True,False,False
6073.T,6073,アサンテ,Prime,サービス業,,2026-09-04,2609.0,1527.0,17459535.0,11560.0,15575400.0,False,True,True,True,False,False
4235.T,4235,ウルトラファブリックス・ホールディングス,Standard,化学,,2026-09-04,2609.0,685.0,17419290.0,24895.0,11028500.0,False,True,True,True,False,False
9218.T,9218,メンタルヘルステクノロジーズ,Growth,サービス業,,2026-09-04,1088.0,781.0,17097775.0,22120.0,12652200.0,False,True,True,True,False,False
6249.T,6249,ゲームカードホールディングス,Standard,機械,,2026-09-04,2609.0,2832.0,17055535.0,6135.0,6796800.0,False,True,True,True,False,False
4174.T,4174,アピリッツ,Standard,情報・通信業,,2026-09-04,1352.0,861.0,17051205.0,20625.0,11106900.0,False,True,True,True,False,False
5189.T,5189,櫻護謨,Standard,ゴム製品,,2026-09-04,2609.0,3615.0,17042425.0,4740.0,7230000.0,False,True,True,True,False,False
2208.T,2208,ブルボン,Standard,食料品,,2026-09-04,2609.0,3110.0,17034950.0,5500.0,6531000.0,False,True,True,True,False,False
5915.T,5915,駒井ハルテック,Standard,金属製品,,2026-09-04,2609.0,2454.0,16969190.0,7100.0,17668800.0,False,True,True,True,False,False
286A.T,286A,ユカリア,Growth,サービス業,,2026-09-04,421.0,801.0,16947040.0,20730.0,18022500.0,False,True,True,True,False,False
7590.T,7590,タカショー,Standard,卸売業,,2026-09-04,2609.0,398.0,16920965.0,41940.0,13691200.0,False,True,True,True,False,False
4175.T,4175,ｃｏｌｙ,Growth,情報・通信業,,2026-09-04,1352.0,2915.0,16862735.0,6005.0,9036500.0,False,True,True,True,False,False
6919.T,6919,ケル,Standard,電気機器,,2026-09-04,2609.0,1442.0,16851745.0,11795.0,23504600.0,False,True,True,True,False,False
1736.T,1736,オーテック,Standard,建設業,,2026-09-04,2609.0,2392.0,16734275.0,7125.0,12677600.0,False,True,True,True,False,False
3926.T,3926,オープンドア,Prime,情報・通信業,,2026-09-04,2609.0,398.0,16713280.0,40995.0,9751000.0,False,True,True,True,False,False
9563.T,9563,Ａｔｌａｓ　Ｔｅｃｈｎｏｌｏｇｉｅｓ,Growth,サービス業,,2026-09-04,945.0,337.0,16702130.0,46040.0,2662300.0,False,True,True,True,False,False
5571.T,5571,エキサイトホールディングス,Standard,情報・通信業,,2026-09-04,827.0,1015.0,16618170.0,17115.0,1015000.0,False,True,True,True,False,False
3075.T,3075,銚子丸,Standard,小売業,,2026-09-04,2609.0,1639.0,16593180.0,9825.0,11636900.0,False,True,True,True,False,False
3359.T,3359,ｃｏｔｔａ,Growth,卸売業,,2026-09-04,2609.0,527.0,16532205.0,31555.0,14018200.0,False,True,True,True,False,False
7357.T,7357,ジオコード,Standard,サービス業,,2026-09-04,1412.0,1720.0,16500195.0,9175.0,5332000.0,False,True,True,True,False,False
7080.T,7080,スポーツフィールド,Growth,サービス業,,2026-09-04,1632.0,905.0,16488450.0,19385.0,11041000.0,False,True,True,True,False,False
4284.T,4284,ソルクシーズ,Standard,情報・通信業,,2026-09-04,2609.0,458.0,16433150.0,36815.0,13831600.0,False,True,True,True,False,False
8365.T,8365,富山銀行,Standard,銀行業,,2026-09-04,2609.0,2368.0,16420275.0,6940.0,16339200.0,False,True,True,True,False,False
6549.T,6549,ディーエムソリューションズ,Standard,サービス業,,2026-09-04,2270.0,1120.0,16410840.0,15095.0,4592000.0,False,True,True,True,False,False
9444.T,9444,トーシンホールディングス,Standard,情報・通信業,,2026-09-04,2609.0,273.0,16311960.0,53435.0,4340700.0,False,True,True,True,False,False
5658.T,5658,日亜鋼業,Standard,鉄鋼,,2026-09-04,2609.0,410.0,16287735.0,41085.0,11849000.0,False,True,True,True,False,False
2573.T,2573,北海道コカ・コーラボトリング,Standard,食料品,,2026-09-04,2609.0,4035.0,16192925.0,4015.0,12912000.0,False,True,True,True,False,False
4492.T,4492,ゼネテック,Standard,情報・通信業,,2026-09-04,1580.0,396.0,16058300.0,40430.0,13107600.0,False,True,True,True,False,False
9765.T,9765,オオバ,Prime,サービス業,,2026-09-04,2609.0,1174.0,16049540.0,13840.0,7513600.0,False,True,True,True,False,False
7191.T,7191,イントラスト,Standard,その他金融業,,2026-09-04,2401.0,1159.0,16026225.0,13735.0,45664600.0,False,True,True,True,False,False
9160.T,9160,ノバレーゼ,Standard,サービス業,,2026-09-04,778.0,331.0,15977290.0,49035.0,18006400.0,False,True,True,True,False,False
4629.T,4629,大伸化学,Standard,化学,,2026-09-04,2609.0,2301.0,15950800.0,7445.0,13115700.0,False,True,True,True,False,False
416A.T,416A,富士ユナイトホールディングス,Standard,卸売業,,2026-09-04,2609.0,1294.0,15926340.0,12480.0,5693600.0,False,True,True,True,False,False
5699.T,5699,イボキン,Standard,鉄鋼,,2026-09-04,1979.0,1582.0,15867135.0,9995.0,13921600.0,False,True,True,True,False,False
9845.T,9845,パーカーコーポレーション,Standard,化学,,2026-09-04,2609.0,1388.0,15849450.0,11265.0,9854800.0,False,True,True,True,False,False
2009.T,2009,鳥越製粉,Standard,食料品,,2026-09-04,2609.0,1105.0,15732295.0,14385.0,6851000.0,False,True,True,True,False,False
5982.T,5982,マルゼン,Standard,金属製品,,2026-09-04,2609.0,4165.0,15724675.0,3795.0,17909500.0,False,True,True,True,False,False
7065.T,7065,ユーピーアール,Standard,サービス業,,2026-09-04,1767.0,966.0,15674630.0,15595.0,9853200.0,False,True,True,True,False,False
2483.T,2483,翻訳センター,Standard,サービス業,,2026-09-04,2609.0,2230.0,15661425.0,7195.0,11373000.0,False,True,True,True,False,False
2345.T,2345,クシム,Standard,情報・通信業,,2026-09-04,2609.0,106.0,15634515.0,147885.0,9264400.0,False,False,True,True,False,False
142A.T,142A,ジンジブ,Growth,サービス業,,2026-09-04,600.0,828.0,15591355.0,19235.0,4057200.0,False,True,True,True,False,False
3560.T,3560,ほぼ日,Standard,小売業,,2026-09-04,2334.0,4370.0,15574300.0,3545.0,4370000.0,False,True,True,True,False,False
7849.T,7849,スターツ出版,Standard,情報・通信業,,2026-09-04,2609.0,3080.0,15554635.0,5145.0,2464000.0,False,True,True,True,False,False
7363.T,7363,ベビーカレンダー,Growth,サービス業,,2026-09-04,1333.0,1300.0,15508890.0,11425.0,2860000.0,False,True,True,True,False,False
6554.T,6554,エスユーエス,Growth,サービス業,,2026-09-04,2210.0,1117.0,15415550.0,14205.0,4468000.0,False,True,True,True,False,False
2762.T,2762,ＳＡＮＫＯ　ＭＡＲＫＥＴＩＮＧ　ＦＯＯＤＳ,Standard,小売業,,2026-09-04,2609.0,70.0,15410675.0,211090.0,2821000.0,False,False,True,True,False,False
2479.T,2479,ジェイテック,Standard,サービス業,,2026-09-04,2609.0,265.0,15386005.0,61210.0,33310500.0,False,True,True,True,False,False
7115.T,7115,アルファパーチェス,Standard,卸売業,,2026-09-04,904.0,1469.0,15372875.0,10125.0,3525600.0,False,True,True,True,False,False
3597.T,3597,自重堂,Standard,繊維製品,,2026-09-04,2609.0,9100.0,15306250.0,1680.0,4550000.0,False,True,True,True,False,False
2892.T,2892,日本食品化工,Standard,食料品,,2026-09-04,2609.0,4585.0,15303850.0,3385.0,14213500.0,False,True,True,True,False,False
7897.T,7897,ホクシン,Standard,その他製品,,2026-09-04,2609.0,106.0,15270670.0,144040.0,13462000.0,False,False,True,True,False,False
3538.T,3538,ウイルプラスホールディングス,Standard,小売業,,2026-09-04,2575.0,1013.0,15232240.0,14985.0,7192300.0,False,True,True,True,False,False
4531.T,4531,有機合成薬品工業,Standard,化学,,2026-09-04,2609.0,362.0,15213795.0,42220.0,23783400.0,False,True,True,True,False,False
1430.T,1430,ファーストコーポレーション,Standard,建設業,,2026-09-04,2609.0,1035.0,15205480.0,14695.0,4036500.0,False,True,True,True,False,False
3178.T,3178,チムニー,Standard,小売業,,2026-09-04,2609.0,1218.0,15185455.0,12705.0,22411200.0,False,True,True,True,False,False
6615.T,6615,ユー・エム・シー・エレクトロニクス,Prime,電気機器,,2026-09-04,2581.0,240.0,15174870.0,63925.0,16584000.0,False,True,True,True,False,False
9346.T,9346,ココルポート,Growth,サービス業,,2026-09-04,840.0,1880.0,15167350.0,8255.0,11092000.0,False,True,True,True,False,False
2321.T,2321,ソフトフロントホールディングス,Growth,情報・通信業,,2026-09-04,2609.0,144.0,15083325.0,112500.0,19166400.0,False,False,True,True,False,False
2370.T,2370,メディネット,Growth,サービス業,,2026-09-04,2609.0,25.0,15064180.0,597110.0,9110000.0,False,False,True,True,False,False
5909.T,5909,コロナ,Standard,金属製品,,2026-09-04,2609.0,967.0,15048890.0,15350.0,11120500.0,False,True,True,True,False,False
2981.T,2981,ランディックス,Growth,不動産業,,2026-09-04,1638.0,2222.0,15048325.0,6930.0,3555200.0,False,True,True,True,False,False
3238.T,3238,セントラル総合開発,Standard,不動産業,,2026-09-04,2609.0,386.0,14945055.0,38475.0,3049400.0,False,True,True,True,False,False
7119.T,7119,ハルメクホールディングス,Growth,小売業,,2026-09-04,846.0,1870.0,14881410.0,8280.0,21131000.0,False,True,True,True,False,False
1783.T,1783,ｆａｎｔａｓｉｓｔａ,Standard,不動産業,,2026-09-04,2609.0,51.0,14865335.0,303495.0,34414800.0,False,False,True,True,False,False
195A.T,195A,ＭＵＳＣＡＴ　ＧＲＯＵＰ,Growth,サービス業,,2026-09-04,541.0,683.0,14859265.0,23255.0,11064600.0,False,True,True,True,False,False
5527.T,5527,ｐｒｏｐｅｒｔｙ　ｔｅｃｈｎｏｌｏｇｉｅｓ,Growth,不動産業,,2026-09-04,913.0,742.0,14833845.0,20845.0,16101400.0,False,True,True,True,False,False
4707.T,4707,キタック,Standard,サービス業,,2026-09-04,2609.0,340.0,14819045.0,43025.0,6086000.0,False,True,True,True,False,False
8165.T,8165,千趣会,Standard,小売業,,2026-09-04,2609.0,107.0,14789640.0,137900.0,14402200.0,False,False,True,True,False,False
410A.T,410A,ＧＭＯコマース,Growth,サービス業,,2026-09-04,231.0,1143.0,14761360.0,12990.0,9829800.0,False,True,False,True,False,False
3930.T,3930,はてな,Growth,情報・通信業,,2026-09-04,2594.0,777.0,14744525.0,19670.0,5361300.0,False,True,True,True,False,False
4673.T,4673,川崎地質,Standard,サービス業,,2026-09-04,2609.0,4825.0,14731725.0,3035.0,12545000.0,False,True,True,True,False,False
323A.T,323A,フライヤー,Growth,情報・通信業,,2026-09-04,377.0,373.0,14689480.0,37040.0,3095900.0,False,True,True,True,False,False
9854.T,9854,愛眼,Standard,小売業,,2026-09-04,2609.0,287.0,14679445.0,51320.0,21295400.0,False,True,True,True,False,False
7078.T,7078,ＩＮＣＬＵＳＩＶＥ　Ｈｏｌｄｉｎｇｓ,Growth,サービス業,,2026-09-04,1637.0,348.0,14640210.0,40605.0,3654000.0,False,True,True,True,False,False
2798.T,2798,ワイズテーブルコーポレーション,Standard,小売業,,2026-09-04,2609.0,3005.0,14622875.0,4820.0,9315500.0,False,True,True,True,False,False
2497.T,2497,ユナイテッド,Growth,サービス業,,2026-09-04,2609.0,536.0,14619495.0,27635.0,12703200.0,False,True,True,True,False,False
9763.T,9763,丸建リース,Standard,卸売業,,2026-09-04,2609.0,1295.0,14616320.0,11160.0,18130000.0,False,True,True,True,False,False
4365.T,4365,松本油脂製薬,Standard,化学,,2026-09-04,2609.0,24370.0,14460300.0,670.0,0.0,False,True,True,True,False,False
6540.T,6540,船場,Standard,サービス業,,2026-09-04,2393.0,1520.0,14446380.0,9395.0,29336000.0,False,True,True,True,False,False
5204.T,5204,石塚硝子,Standard,ガラス・土石製品,,2026-09-04,2609.0,3055.0,14396095.0,4740.0,12525500.0,False,True,True,True,False,False
5612.T,5612,日本鋳鉄管,Standard,鉄鋼,,2026-09-04,2609.0,1609.0,14386200.0,8905.0,18342600.0,False,True,True,True,False,False
5256.T,5256,Ｆｕｓｉｃ,Growth,情報・通信業,,2026-09-04,839.0,2672.0,14366295.0,5735.0,1870400.0,False,True,True,True,False,False
1811.T,1811,錢高組,Standard,建設業,,2026-09-04,2609.0,7680.0,14265000.0,1775.0,2304000.0,False,True,True,True,False,False
4416.T,4416,Ｔｒｕｅ　Ｄａｔａ,Growth,情報・通信業,,2026-09-04,1154.0,413.0,14206585.0,33830.0,784700.0,False,True,True,True,False,False
198A.T,198A,ＰｏｓｔＰｒｉｍｅ,Growth,情報・通信業,,2026-09-04,540.0,170.0,14194445.0,85835.0,8976000.0,False,False,True,True,False,False
2934.T,2934,ジェイフロンティア,Growth,食料品,,2026-09-04,1229.0,2021.0,14184350.0,7070.0,12934400.0,False,True,True,True,False,False
3917.T,3917,アイリッジ,Growth,情報・通信業,,2026-09-04,2609.0,456.0,14147680.0,31295.0,3374400.0,False,True,True,True,False,False
4015.T,4015,ペイクラウドホールディングス,Growth,情報・通信業,,2026-09-04,1416.0,519.0,14086580.0,25875.0,5760900.0,False,True,True,True,False,False
2790.T,2790,ナフコ,Standard,小売業,,2026-09-04,2609.0,2113.0,14080045.0,6515.0,12044100.0,False,True,True,True,False,False
9272.T,9272,ブティックス,Growth,サービス業,,2026-09-04,2065.0,1445.0,14038480.0,9890.0,7947500.0,False,True,True,True,False,False
2814.T,2814,佐藤食品工業,Standard,食料品,,2026-09-04,2609.0,3950.0,14021500.0,3895.0,11455000.0,False,True,True,True,False,False
265A.T,265A,Ｈｍｃｏｍｍ,Growth,情報・通信業,,2026-09-04,453.0,761.0,14006025.0,19255.0,15448300.0,False,True,True,True,False,False
4245.T,4245,ダイキアクシス,Standard,化学,,2026-09-04,2609.0,722.0,14003780.0,19635.0,7220000.0,False,True,True,True,False,False
6040.T,6040,日本スキー場開発,Growth,サービス業,,2026-09-04,2609.0,461.0,13997510.0,30335.0,14613700.0,False,True,True,True,False,False
3004.T,3004,神栄,Standard,卸売業,,2026-09-04,2609.0,2084.0,13968175.0,6700.0,2709200.0,False,True,True,True,False,False
9906.T,9906,藤井産業,Standard,卸売業,,2026-09-04,2609.0,4405.0,13893600.0,3250.0,11893500.0,False,True,True,True,False,False
6182.T,6182,メタリアル,Growth,サービス業,,2026-09-04,2609.0,537.0,13825300.0,28175.0,34153200.0,False,True,True,True,False,False
3803.T,3803,イメージ情報開発,Growth,情報・通信業,,2026-09-04,2609.0,619.0,13818770.0,24610.0,8913600.0,False,True,True,True,False,False
9237.T,9237,笑美面,Growth,サービス業,,2026-09-04,698.0,1001.0,13804895.0,15325.0,24024000.0,False,True,True,True,False,False
6778.T,6778,アルチザネットワークス,Standard,電気機器,,2026-09-04,2609.0,678.0,13801530.0,21595.0,6237600.0,False,True,True,True,False,False
2438.T,2438,アスカネット,Growth,サービス業,,2026-09-04,2609.0,364.0,13726665.0,38830.0,10519600.0,False,True,True,True,False,False
4890.T,4890,坪田ラボ,Growth,医薬品,,2026-09-04,1029.0,303.0,13591365.0,47935.0,18028500.0,False,True,True,True,False,False
157A.T,157A,グリーンモンスター,Growth,サービス業,,2026-09-04,596.0,762.0,13590075.0,17855.0,5638800.0,False,True,True,True,False,False
9687.T,9687,ＫＳＫ,Standard,情報・通信業,,2026-09-04,2609.0,4640.0,13554625.0,2945.0,2320000.0,False,True,True,True,False,False
3134.T,3134,Ｈａｍｅｅ,Standard,小売業,,2026-09-04,2609.0,310.0,13471400.0,43965.0,13392000.0,False,True,True,True,False,False
9625.T,9625,セレスポ,Standard,サービス業,,2026-09-04,2609.0,953.0,13449895.0,14420.0,2477800.0,False,True,True,True,False,False
1850.T,1850,南海辰村建設,Standard,建設業,,2026-09-04,2609.0,436.0,13435935.0,32230.0,20186800.0,False,True,True,True,False,False
4896.T,4896,ケイファーマ,Growth,医薬品,,2026-09-04,705.0,812.0,13422810.0,17185.0,13398000.0,False,True,True,True,False,False
9368.T,9368,キムラユニティー,Standard,倉庫・運輸関連業,,2026-09-04,2609.0,959.0,13421235.0,14310.0,18316900.0,False,True,True,True,False,False
7692.T,7692,アースインフィニティ,Standard,電気・ガス業,,2026-09-04,1439.0,80.0,13416735.0,168090.0,12624000.0,False,False,True,True,False,False
2750.T,2750,石光商事,Standard,卸売業,,2026-09-04,2609.0,1358.0,13381110.0,10040.0,6111000.0,False,True,True,True,False,False
9165.T,9165,クオルテック,Growth,サービス業,,2026-09-04,759.0,1690.0,13373285.0,7840.0,10985000.0,False,True,True,True,False,False
6551.T,6551,ツナググループ・ホールディングス,Standard,サービス業,,2026-09-04,2263.0,629.0,13356035.0,21890.0,8931800.0,False,True,True,True,False,False
4932.T,4932,アルマード,Standard,化学,,2026-09-04,1272.0,771.0,13350360.0,17600.0,5859600.0,False,True,True,True,False,False
7822.T,7822,永大産業,Standard,その他製品,,2026-09-04,2609.0,258.0,13327465.0,52135.0,3431400.0,False,True,True,True,False,False
4880.T,4880,セルソース,Prime,医薬品,,2026-09-04,1674.0,346.0,13255240.0,38250.0,9030600.0,False,True,True,True,False,False
2588.T,2588,プレミアムウォーターホールディングス,Standard,食料品,,2026-09-04,2609.0,3680.0,13249025.0,3545.0,3312000.0,False,True,True,True,False,False
4360.T,4360,マナック・ケミカル・パートナーズ,Standard,化学,,2026-09-04,1206.0,976.0,13230045.0,14150.0,7320000.0,False,True,True,True,False,False
7885.T,7885,タカノ,Standard,その他製品,,2026-09-04,2609.0,1122.0,13221630.0,11735.0,14025000.0,False,True,True,True,False,False
4054.T,4054,日本情報クリエイト,Growth,情報・通信業,,2026-09-04,1491.0,522.0,13209460.0,25065.0,7830000.0,False,True,True,True,False,False
9233.T,9233,アジア航測,Standard,空運業,,2026-09-04,2609.0,1170.0,13178605.0,11460.0,7254000.0,False,True,True,True,False,False
330A.T,330A,ＴａｌｅｎｔＸ,Growth,情報・通信業,,2026-09-04,360.0,586.0,13130820.0,24835.0,16290800.0,False,True,True,True,False,False
5248.T,5248,テクノロジーズ,Growth,情報・通信業,,2026-09-04,883.0,506.0,13044840.0,26255.0,8652600.0,False,True,True,True,False,False
7050.T,7050,フロンティアインターナショナル,Growth,サービス業,,2026-09-04,1834.0,1410.0,12991800.0,9200.0,11562000.0,False,True,True,True,False,False
3727.T,3727,アプリックス,Growth,情報・通信業,,2026-09-04,2609.0,167.0,12967595.0,84135.0,19505600.0,False,False,True,True,False,False
1848.T,1848,富士ピー・エス,Standard,建設業,,2026-09-04,2609.0,765.0,12952300.0,17580.0,13005000.0,False,True,True,True,False,False
9478.T,9478,ＳＥホールディングス・アンド・インキュベーションズ,Standard,情報・通信業,,2026-09-04,2609.0,536.0,12922475.0,24850.0,5735200.0,False,True,True,True,False,False
6246.T,6246,テクノスマート,Standard,機械,,2026-09-04,2609.0,1865.0,12912005.0,7055.0,7087000.0,False,True,True,True,False,False
145A.T,145A,Ｌ　ｉｓ　Ｂ,Growth,情報・通信業,,2026-09-04,599.0,909.0,12874185.0,14340.0,5544900.0,False,True,True,True,False,False
4256.T,4256,サインド,Growth,情報・通信業,,2026-09-04,1150.0,1123.0,12834520.0,12550.0,9433200.0,False,True,True,True,False,False
6694.T,6694,ズーム,Standard,電気機器,,2026-09-04,2326.0,750.0,12818740.0,17385.0,9375000.0,False,True,True,True,False,False
3826.T,3826,システムインテグレータ,Standard,情報・通信業,,2026-09-04,2609.0,496.0,12784960.0,25685.0,3224000.0,False,True,True,True,False,False
4712.T,4712,ＫｅｙＨｏｌｄｅｒ,Standard,サービス業,,2026-09-04,2609.0,829.0,12747755.0,15975.0,15502300.0,False,True,True,True,False,False
7561.T,7561,ハークスレイ,Standard,小売業,,2026-09-04,2609.0,712.0,12737595.0,18160.0,13599200.0,False,True,True,True,False,False
7624.T,7624,ＮａＩＴＯ,Standard,卸売業,,2026-09-04,2609.0,156.0,12697490.0,84670.0,6193200.0,False,False,True,True,False,False
4881.T,4881,ファンペップ,Growth,医薬品,,2026-09-04,1392.0,51.0,12658960.0,251605.0,4615500.0,False,False,True,True,False,False
9780.T,9780,ハリマビステム,Standard,サービス業,,2026-09-04,2609.0,1150.0,12649760.0,11895.0,7475000.0,False,True,True,True,False,False
7570.T,7570,橋本総業ホールディングス,Standard,卸売業,,2026-09-04,2609.0,1426.0,12648150.0,8945.0,12263600.0,False,True,True,True,False,False
6044.T,6044,三機サービス,Standard,サービス業,,2026-09-04,2609.0,1901.0,12634530.0,6550.0,7604000.0,False,True,True,True,False,False
1997.T,1997,暁飯島工業,Standard,建設業,,2026-09-04,2609.0,3890.0,12605425.0,3105.0,1945000.0,False,True,True,True,False,False
3667.T,3667,ｅｎｉｓｈ,Standard,情報・通信業,,2026-09-04,2609.0,28.0,12574925.0,450010.0,2632000.0,False,False,True,True,False,False
7795.T,7795,ＫＹＯＲＩＴＳＵ,Standard,その他製品,,2026-09-04,961.0,226.0,12572025.0,56570.0,5491800.0,False,True,True,True,False,False
3135.T,3135,マーケットエンタープライズ,Prime,小売業,,2026-09-04,2609.0,1150.0,12568150.0,10950.0,6670000.0,False,True,True,True,False,False
2991.T,2991,ランドネット,Standard,不動産業,,2026-09-04,1253.0,551.0,12561340.0,22975.0,28762200.0,False,True,True,True,False,False
2173.T,2173,博展,Growth,サービス業,,2026-09-04,2609.0,720.0,12559010.0,17630.0,5400000.0,False,True,True,True,False,False
423A.T,423A,ライオン事務器,Standard,卸売業,,2026-09-04,218.0,322.0,12487145.0,38965.0,7502600.0,False,True,False,True,False,False
9761.T,9761,東海リース,Standard,サービス業,,2026-09-04,2609.0,2436.0,12445385.0,5135.0,1948800.0,False,True,True,True,False,False
3512.T,3512,日本フエルト,Standard,繊維製品,,2026-09-04,2609.0,1029.0,12417745.0,12220.0,20374200.0,False,True,True,True,False,False
9827.T,9827,リリカラ,Standard,卸売業,,2026-09-04,2609.0,636.0,12396845.0,19520.0,8840400.0,False,True,True,True,False,False
6898.T,6898,トミタ電機,Standard,電気機器,,2026-09-04,2609.0,4155.0,12334675.0,3180.0,2908500.0,False,True,True,True,False,False
3672.T,3672,オルトプラス,Standard,情報・通信業,,2026-09-04,2609.0,29.0,12331010.0,425065.0,4106400.0,False,False,True,True,False,False
4074.T,4074,ラキール,Growth,情報・通信業,,2026-09-04,1256.0,794.0,12263720.0,15695.0,1429200.0,False,True,True,True,False,False
5570.T,5570,ジェノバ,Growth,情報・通信業,,2026-09-04,827.0,646.0,12260675.0,19275.0,24354200.0,False,True,True,True,False,False
9441.T,9441,ベルパーク,Standard,情報・通信業,,2026-09-04,2609.0,3000.0,12241535.0,4125.0,3900000.0,False,True,True,True,False,False
7091.T,7091,リビングプラットフォーム,Growth,サービス業,,2026-09-04,1582.0,1257.0,12230495.0,9670.0,11690100.0,False,True,True,True,False,False
2186.T,2186,ソーバル,Standard,サービス業,,2026-09-04,2609.0,904.0,12148945.0,13370.0,15820000.0,False,True,True,True,False,False
9890.T,9890,マキヤ,Standard,小売業,,2026-09-04,2609.0,1375.0,12092425.0,8865.0,10862500.0,False,True,True,True,False,False
5026.T,5026,トリプルアイズ,Growth,情報・通信業,,2026-09-04,1045.0,616.0,12065465.0,20025.0,7884800.0,False,True,True,True,False,False
6899.T,6899,ＡＳＴＩ,Standard,電気機器,,2026-09-04,2609.0,2333.0,12041630.0,5185.0,7698900.0,False,True,True,True,False,False
5589.T,5589,オートサーバー,Standard,情報・通信業,,2026-09-04,719.0,2989.0,12037880.0,4210.0,8070300.0,False,True,True,True,False,False
324A.T,324A,ブッキングリゾート,Growth,サービス業,,2026-09-04,376.0,726.0,12002755.0,16145.0,11470800.0,False,True,True,True,False,False
4060.T,4060,ｒａｋｕｍｏ,Growth,情報・通信業,,2026-09-04,1452.0,1224.0,11969230.0,10025.0,5385600.0,False,True,True,True,False,False
9306.T,9306,東陽倉庫,Standard,倉庫・運輸関連業,,2026-09-04,2609.0,2004.0,11966195.0,5970.0,5611200.0,False,True,True,True,False,False
7815.T,7815,東京ボード工業,Standard,その他製品,,2026-09-04,2609.0,347.0,11957505.0,31980.0,2151400.0,False,True,True,True,False,False
3513.T,3513,イチカワ,Standard,繊維製品,,2026-09-04,2609.0,3420.0,11938400.0,3555.0,14706000.0,False,True,True,True,False,False
9034.T,9034,南総通運,Standard,陸運業,,2026-09-04,2609.0,1682.0,11918480.0,7280.0,28425800.0,False,True,True,True,False,False
6543.T,6543,日宣,Standard,サービス業,,2026-09-04,2354.0,1220.0,11875110.0,9335.0,4392000.0,False,True,True,True,False,False
1717.T,1717,明豊ファシリティワークス,Standard,サービス業,,2026-09-04,2609.0,939.0,11873255.0,12450.0,6760800.0,False,True,True,True,False,False
5986.T,5986,モリテック　スチール,Standard,金属製品,,2026-09-04,2609.0,257.0,11783450.0,46425.0,5422700.0,False,True,True,True,False,False
5753.T,5753,日本伸銅,Standard,非鉄金属,,2026-09-04,2609.0,2550.0,11779880.0,4675.0,2550000.0,False,True,True,True,False,False
5079.T,5079,ノバック,Standard,建設業,,2026-09-04,1085.0,2603.0,11745185.0,4500.0,21865200.0,False,True,True,True,False,False
4442.T,4442,バルテス・ホールディングス,Growth,情報・通信業,,2026-09-04,1775.0,410.0,11725895.0,28930.0,16974000.0,False,True,True,True,False,False
8085.T,8085,ナラサキ産業,Standard,卸売業,,2026-09-04,2609.0,4245.0,11691700.0,2775.0,1698000.0,False,True,True,True,False,False
2179.T,2179,成学社,Standard,サービス業,,2026-09-04,2609.0,830.0,11609135.0,13510.0,415000.0,False,True,True,True,False,False
288A.T,288A,ラクサス・テクノロジーズ,Growth,サービス業,,2026-09-04,420.0,94.0,11588955.0,118560.0,4192400.0,False,False,True,True,False,False
4093.T,4093,東邦アセチレン,Prime,化学,,2026-09-04,2609.0,425.0,11573605.0,27400.0,8882500.0,False,True,True,True,False,False
4623.T,4623,アサヒペン,Standard,化学,,2026-09-04,2609.0,1845.0,11555070.0,6305.0,3690000.0,False,True,True,True,False,False
6392.T,6392,ヤマダコーポレーション,Standard,機械,,2026-09-04,2609.0,7770.0,11552550.0,1485.0,3885000.0,False,True,True,True,False,False
2221.T,2221,岩塚製菓,Standard,食料品,,2026-09-04,2609.0,3060.0,11544950.0,3775.0,11016000.0,False,True,True,True,False,False
8917.T,8917,ファースト住建,Standard,不動産業,,2026-09-04,2609.0,1122.0,11544115.0,10115.0,20083800.0,False,True,True,True,False,False
4644.T,4644,イマジニア,Standard,情報・通信業,,2026-09-04,2609.0,1062.0,11543070.0,10885.0,4779000.0,False,True,True,True,False,False
9262.T,9262,シルバーライフ,Standard,小売業,,2026-09-04,2180.0,687.0,11512855.0,16910.0,9892800.0,False,True,True,True,False,False
5940.T,5940,不二サッシ,Standard,金属製品,,2026-09-04,2609.0,757.0,11502770.0,15365.0,9084000.0,False,True,True,True,False,False
2449.T,2449,プラップジャパン,Standard,サービス業,,2026-09-04,2609.0,1045.0,11487395.0,10745.0,1776500.0,False,True,True,True,False,False
9558.T,9558,ジャパニアス,Growth,サービス業,,2026-09-04,973.0,1997.0,11424870.0,5755.0,19770300.0,False,True,True,True,False,False
6391.T,6391,加地テック,Standard,機械,,2026-09-04,2609.0,4800.0,11416950.0,2410.0,1920000.0,False,True,True,True,False,False
9145.T,9145,ビーイングホールディングス,Standard,陸運業,,2026-09-04,1400.0,579.0,11413330.0,19960.0,6948000.0,False,True,True,True,False,False
5967.T,5967,ＴＯＮＥ,Standard,金属製品,,2026-09-04,2609.0,467.0,11378170.0,24045.0,10554200.0,False,True,True,True,False,False
3686.T,3686,ディー・エル・イー,Standard,情報・通信業,,2026-09-04,2609.0,60.0,11373335.0,191275.0,7122000.0,False,False,True,True,False,False
7347.T,7347,マーキュリアホールディングス,Prime,証券、商品先物取引業,,2026-09-04,1267.0,799.0,11372420.0,14415.0,3595500.0,False,True,True,True,False,False
343A.T,343A,ＩＡＣＥトラベル,Standard,サービス業,,2026-09-04,347.0,1318.0,11364030.0,8460.0,7117200.0,False,True,True,True,False,False
3030.T,3030,ハブ,Standard,小売業,,2026-09-04,2609.0,864.0,11345770.0,13305.0,15292800.0,False,True,True,True,False,False
6647.T,6647,森尾電機,Standard,電気機器,,2026-09-04,2609.0,3370.0,11320050.0,3290.0,1348000.0,False,True,True,True,False,False
7377.T,7377,ＤＮホールディングス,Standard,サービス業,,2026-09-04,1258.0,1721.0,11266750.0,6650.0,4130400.0,False,True,True,True,False,False
7980.T,7980,重松製作所,Standard,その他製品,,2026-09-04,2609.0,845.0,11264855.0,13190.0,10816000.0,False,True,True,True,False,False
3113.T,3113,ＵＮＩＶＡ・Ｏａｋホールディングス,Standard,証券、商品先物取引業,,2026-09-04,2609.0,83.0,11263275.0,143660.0,1958800.0,False,False,True,True,False,False
9561.T,9561,グラッドキューブ,Growth,サービス業,,2026-09-04,964.0,440.0,11248130.0,27095.0,10956000.0,False,True,True,True,False,False
6634.T,6634,ネクスグループ,Standard,電気機器,,2026-09-04,2609.0,71.0,11233365.0,156850.0,5765200.0,False,False,True,True,False,False
7038.T,7038,フロンティア・マネジメント,Prime,サービス業,,2026-09-04,1938.0,592.0,11199985.0,19425.0,6334400.0,False,True,True,True,False,False
7702.T,7702,ＪＭＳ,Standard,精密機器,,2026-09-04,2609.0,455.0,11197235.0,24415.0,5778500.0,False,True,True,True,False,False
7134.T,7134,アップガレージグループ,Standard,小売業,,2026-09-04,1149.0,1357.0,11185050.0,7945.0,6377900.0,False,True,True,True,False,False
9033.T,9033,広島電鉄,Standard,陸運業,,2026-09-04,2609.0,635.0,11176310.0,17765.0,1905000.0,False,True,True,True,False,False
241A.T,241A,ＲＯＸＸ,Growth,情報・通信業,,2026-09-04,475.0,424.0,11144720.0,26500.0,2671200.0,False,True,True,True,False,False
6171.T,6171,土木管理総合試験所,Standard,サービス業,,2026-09-04,2609.0,373.0,11125205.0,29560.0,3730000.0,False,True,True,True,False,False
9973.T,9973,ＫＯＺＯホールディングス,Standard,小売業,,2026-09-04,2609.0,20.0,11124480.0,555845.0,7272000.0,False,False,True,True,False,False
9212.T,9212,Ｇｒｅｅｎ　Ｅａｒｔｈ　Ｉｎｓｔｉｔｕｔｅ,Growth,サービス業,,2026-09-04,1148.0,264.0,11063365.0,41325.0,2640000.0,False,True,True,True,False,False
211A.T,211A,カドス・コーポレーション,Standard,建設業,,2026-09-04,521.0,3380.0,10953325.0,3275.0,2366000.0,False,True,True,True,False,False
8518.T,8518,日本アジア投資,Standard,証券、商品先物取引業,,2026-09-04,2609.0,153.0,10936810.0,74675.0,7604100.0,False,False,True,True,False,False
3417.T,3417,大木ヘルスケアホールディングス,Standard,卸売業,,2026-09-04,2609.0,1035.0,10935330.0,10430.0,4657500.0,False,True,True,True,False,False
9159.T,9159,Ｗ　ＴＯＫＹＯ,Growth,サービス業,,2026-09-04,779.0,1986.0,10899175.0,5705.0,2184600.0,False,True,True,True,False,False
6094.T,6094,フリークアウト・ホールディングス,Growth,サービス業,,2026-09-04,2609.0,568.0,10884290.0,18720.0,6645600.0,False,True,True,True,False,False
3823.T,3823,ＴＨＥ　ＷＨＹ　ＨＯＷ　ＤＯ　ＣＯＭＰＡＮＹ,Standard,情報・通信業,,2026-09-04,2609.0,32.0,10838870.0,352110.0,2761600.0,False,False,True,True,False,False
5858.T,5858,ＳＴＧ,Growth,非鉄金属,,2026-09-04,1757.0,1180.0,10803195.0,9075.0,2714000.0,False,True,True,True,False,False
2385.T,2385,総医研ホールディングス,Growth,サービス業,,2026-09-04,2609.0,220.0,10754955.0,48725.0,6534000.0,False,True,True,True,False,False
6654.T,6654,不二電機工業,Standard,電気機器,,2026-09-04,2609.0,1078.0,10727250.0,9815.0,46138400.0,False,True,True,True,False,False
2932.T,2932,ＳＴＩフードホールディングス,Standard,食料品,,2026-09-04,1454.0,1126.0,10689580.0,9670.0,11710400.0,False,True,True,True,False,False
7084.T,7084,Ｓｍｉｌｅ　Ｈｏｌｄｉｎｇｓ,Growth,サービス業,,2026-09-04,1591.0,3005.0,10635255.0,3755.0,12621000.0,False,True,True,True,False,False
3420.T,3420,ケー・エフ・シー,Standard,金属製品,,2026-09-04,2609.0,1588.0,10579630.0,6530.0,3970000.0,False,True,True,True,False,False
7135.T,7135,ジャパンクラフトホールディングス,Standard,小売業,,2026-09-04,1143.0,181.0,10578015.0,57785.0,5104200.0,False,False,True,True,False,False
7841.T,7841,遠藤製作所,Standard,その他製品,,2026-09-04,2609.0,1084.0,10577275.0,9600.0,9214000.0,False,True,True,True,False,False
339A.T,339A,プログレス・テクノロジーズ　グループ,Growth,サービス業,,2026-09-04,353.0,923.0,10565910.0,11480.0,9876100.0,False,True,True,True,False,False
2226.T,2226,湖池屋,Standard,食料品,,2026-09-04,2609.0,4890.0,10553075.0,2160.0,23961000.0,False,True,True,True,False,False
9325.T,9325,ファイズホールディングス,Standard,倉庫・運輸関連業,,2026-09-04,2335.0,1060.0,10487500.0,9715.0,12826000.0,False,True,True,True,False,False
2138.T,2138,クルーズ,Standard,情報・通信業,,2026-09-04,2609.0,452.0,10475990.0,22990.0,1310800.0,False,True,True,True,False,False
3996.T,3996,サインポスト,Standard,情報・通信業,,2026-09-04,2160.0,205.0,10472465.0,51780.0,2439500.0,False,True,True,True,False,False
7066.T,7066,ピアズ,Growth,サービス業,,2026-09-04,1761.0,465.0,10451665.0,22245.0,38920500.0,False,True,True,True,False,False
3648.T,3648,ＡＧＳ,Standard,情報・通信業,,2026-09-04,2609.0,1089.0,10435220.0,9860.0,6860700.0,False,True,True,True,False,False
4465.T,4465,ニイタカ,Standard,化学,,2026-09-04,2609.0,2411.0,10410590.0,4335.0,2652100.0,False,True,True,True,False,False
7494.T,7494,コナカ,Standard,小売業,,2026-09-04,2609.0,244.0,10348820.0,42790.0,10296800.0,False,True,True,True,False,False
5922.T,5922,那須電機鉄工,Standard,金属製品,,2026-09-04,2609.0,20200.0,10345600.0,515.0,0.0,False,True,True,True,False,False
6091.T,6091,ウエスコホールディングス,Standard,サービス業,,2026-09-04,2609.0,888.0,10342285.0,11400.0,3108000.0,False,True,True,True,False,False
4270.T,4270,ＢｅｅＸ,Growth,情報・通信業,,2026-09-04,1109.0,1925.0,10300770.0,5445.0,9240000.0,False,True,True,True,False,False
7991.T,7991,マミヤ・オーピー,Standard,機械,,2026-09-04,2609.0,1064.0,10266155.0,9585.0,10959200.0,False,True,True,True,False,False
8894.T,8894,ＲＥＶＯＬＵＴＩＯＮ,Standard,不動産業,,2026-09-04,2609.0,20.0,10259705.0,474775.0,20124000.0,False,False,True,True,False,False
4976.T,4976,東洋ドライルーブ,Standard,化学,,2026-09-04,2609.0,1522.0,10253895.0,6995.0,1369800.0,False,True,True,True,False,False
4241.T,4241,アテクト,Standard,化学,,2026-09-04,2609.0,652.0,10246835.0,15440.0,8867200.0,False,True,True,True,False,False
6181.T,6181,タメニー,Growth,サービス業,,2026-09-04,2609.0,96.0,10231205.0,120225.0,13987200.0,False,False,True,True,False,False
3970.T,3970,イノベーション,Growth,情報・通信業,,2026-09-04,2391.0,851.0,10225420.0,11780.0,1446700.0,False,True,True,True,False,False
7034.T,7034,プロレド・パートナーズ,Prime,サービス業,,2026-09-04,1983.0,345.0,10194845.0,27990.0,11557500.0,False,True,True,True,False,False
7562.T,7562,安楽亭,Standard,小売業,,2026-09-04,2609.0,3840.0,10185725.0,2665.0,4224000.0,False,True,True,True,False,False
6343.T,6343,フリージア・マクロス,Standard,機械,,2026-09-04,2609.0,150.0,10185560.0,67595.0,6240000.0,False,False,True,True,False,False
6239.T,6239,ナガオカ,Standard,機械,,2026-09-04,2609.0,1503.0,10103710.0,6990.0,5260500.0,False,True,True,True,False,False
2114.T,2114,フジ日本,Standard,食料品,,2026-09-04,2609.0,680.0,10102145.0,15285.0,10880000.0,False,True,True,True,False,False
1431.T,1431,Ｌｉｂ　Ｗｏｒｋ,Growth,建設業,,2026-09-04,1763.0,653.0,10087470.0,15520.0,8293100.0,False,True,True,True,False,False
4772.T,4772,ＳＭ　ＥＮＴＥＲＴＡＩＮＭＥＮＴ　ＪＡＰＡＮ,Growth,情報・通信業,,2026-09-04,2609.0,72.0,10036345.0,141405.0,4615200.0,False,False,True,True,False,False
1905.T,1905,テノックス,Standard,建設業,,2026-09-04,2609.0,1461.0,10034420.0,6885.0,5697900.0,False,True,True,True,False,False
3175.T,3175,エー・ピーホールディングス,Standard,小売業,,2026-09-04,2609.0,956.0,10028020.0,10575.0,8412800.0,False,True,True,True,False,False
4012.T,4012,アクシス,Standard,情報・通信業,,2026-09-04,1450.0,1751.0,10012525.0,5725.0,5953400.0,False,True,True,True,False,False
6402.T,6402,兼松エンジニアリング,Standard,機械,,2026-09-04,2609.0,1614.0,10008805.0,6335.0,5810400.0,False,True,True,True,False,False
6614.T,6614,シキノハイテック,Standard,電気機器,,2026-09-04,1333.0,870.0,9890475.0,11345.0,6699000.0,False,True,True,True,False,False
3490.T,3490,アズ企画設計,Standard,不動産業,,2026-09-04,2069.0,3035.0,9864475.0,3135.0,2428000.0,False,True,True,True,False,False
6093.T,6093,エスクロー・エージェント・ジャパン,Standard,サービス業,,2026-09-04,2609.0,161.0,9835580.0,60190.0,5248600.0,False,False,True,True,False,False
6548.T,6548,旅工房,Growth,サービス業,,2026-09-04,2312.0,122.0,9818685.0,86490.0,4831200.0,False,False,True,True,False,False
2162.T,2162,ｎｍｓ　ホールディングス,Standard,サービス業,,2026-08-27,2603.0,538.0,9814750.0,18295.0,15817200.0,False,True,True,True,False,False
6193.T,6193,バーチャレクス・ホールディングス,Growth,サービス業,,2026-09-04,2514.0,1232.0,9785310.0,8480.0,9486400.0,False,True,True,True,False,False
151A.T,151A,ダイブ,Growth,サービス業,,2026-09-04,598.0,657.0,9704315.0,14975.0,7424100.0,False,True,True,True,False,False
9731.T,9731,白洋舎,Standard,サービス業,,2026-09-04,2609.0,3370.0,9702625.0,2830.0,8088000.0,False,True,True,True,False,False
3185.T,3185,夢展望,Growth,小売業,,2026-09-04,2609.0,146.0,9700570.0,66865.0,5445800.0,False,False,True,True,False,False
8944.T,8944,ランドビジネス,Standard,不動産業,,2026-09-04,2609.0,244.0,9688235.0,39785.0,6148800.0,False,True,True,True,False,False
3787.T,3787,テクノマセマティカル,Standard,情報・通信業,,2026-09-04,2609.0,366.0,9675585.0,28955.0,2525400.0,False,True,True,True,False,False
7814.T,7814,日本創発グループ,Standard,その他製品,,2026-09-04,2609.0,630.0,9672470.0,15175.0,3591000.0,False,True,True,True,False,False
3698.T,3698,ＣＲＩ・ミドルウェア,Growth,情報・通信業,,2026-09-04,2609.0,1223.0,9671425.0,8195.0,7704900.0,False,True,True,True,False,False
9982.T,9982,タキヒヨー,Standard,卸売業,,2026-09-04,2609.0,2587.0,9656505.0,3810.0,16039400.0,False,True,True,True,False,False
9980.T,9980,ＭＲＫホールディングス,Standard,小売業,,2026-09-04,2609.0,96.0,9655935.0,100690.0,11596800.0,False,False,True,True,False,False
302A.T,302A,ビースタイルホールディングス,Growth,サービス業,,2026-09-04,410.0,609.0,9646670.0,15310.0,730800.0,False,True,True,True,False,False
3947.T,3947,ダイナパック,Standard,パルプ・紙,,2026-09-04,2609.0,2475.0,9633675.0,3940.0,8910000.0,False,True,True,True,False,False
3945.T,3945,スーパーバッグ,Standard,パルプ・紙,,2026-09-04,2609.0,2178.0,9608485.0,4400.0,1089000.0,False,True,True,True,False,False
7417.T,7417,南陽,Standard,卸売業,,2026-09-04,2146.0,1865.0,9602565.0,5140.0,5035500.0,False,True,True,True,False,False
7351.T,7351,グッドパッチ,Growth,サービス業,,2026-09-04,1511.0,474.0,9582625.0,20585.0,1564200.0,False,True,True,True,False,False
7097.T,7097,さくらさくプラス,Growth,サービス業,,2026-09-04,1432.0,2750.0,9566125.0,3475.0,7150000.0,False,True,True,True,False,False
2872.T,2872,セイヒョー,Standard,食料品,,2026-09-04,2609.0,1932.0,9547230.0,4825.0,7148400.0,False,True,True,True,False,False
9366.T,9366,サンリツ,Standard,倉庫・運輸関連業,,2026-09-04,2609.0,1123.0,9542695.0,8670.0,7973300.0,False,True,True,True,False,False
1826.T,1826,佐田建設,Standard,建設業,,2026-09-04,2609.0,1093.0,9541960.0,8730.0,10055600.0,False,True,True,True,False,False
6189.T,6189,グローバルキッズＣＯＭＰＡＮＹ,Standard,サービス業,,2026-09-04,2578.0,1010.0,9537070.0,9310.0,3838000.0,False,True,True,True,False,False
2597.T,2597,ユニカフェ,Standard,食料品,,2026-09-04,2609.0,1280.0,9532490.0,7880.0,17152000.0,False,True,True,True,False,False
8700.T,8700,丸八証券,Standard,証券、商品先物取引業,,2026-09-04,2609.0,2125.0,9512050.0,4645.0,3187500.0,False,True,True,True,False,False
4265.T,4265,Ｉｎｓｔｉｔｕｔｉｏｎ　ｆｏｒ　ａ　Ｇｌｏｂａｌ　Ｓｏｃｉｅｔｙ,Growth,情報・通信業,,2026-09-04,1145.0,285.0,9492200.0,33340.0,3306000.0,False,True,True,True,False,False
6561.T,6561,ＨＡＮＡＴＯＵＲ　ＪＡＰＡＮ,Growth,サービス業,,2026-09-04,2143.0,845.0,9470820.0,11470.0,4563000.0,False,True,True,True,False,False
9193.T,9193,東京汽船,Standard,倉庫・運輸関連業,,2026-09-04,2609.0,882.0,9461220.0,10760.0,5115600.0,False,True,True,True,False,False
2415.T,2415,ヒューマンホールディングス,Standard,サービス業,,2026-09-04,2609.0,1669.0,9439815.0,5710.0,10014000.0,False,True,True,True,False,False
3909.T,3909,ショーケース,Standard,情報・通信業,,2026-09-04,2609.0,189.0,9435095.0,47165.0,1285200.0,False,False,True,True,False,False
2215.T,2215,第一屋製パン,Standard,食料品,,2026-09-04,2609.0,612.0,9417660.0,15245.0,1224000.0,False,True,True,True,False,False
1420.T,1420,サンヨーホームズ,Standard,建設業,,2026-09-04,2609.0,633.0,9414575.0,14900.0,5823600.0,False,True,True,True,False,False
2721.T,2721,ジェイホールディングス,Standard,卸売業,,2026-09-04,2609.0,107.0,9411570.0,83970.0,11812800.0,False,False,True,True,False,False
2122.T,2122,インタースペース,Standard,サービス業,,2026-09-04,2609.0,1499.0,9388415.0,6450.0,4197200.0,False,True,True,True,False,False
7670.T,7670,オーウエル,Standard,卸売業,,2026-09-04,1884.0,1220.0,9359370.0,7685.0,8662000.0,False,True,True,True,False,False
9753.T,9753,アイエックス・ナレッジ,Standard,情報・通信業,,2026-09-04,2609.0,1411.0,9327200.0,6910.0,16508700.0,False,True,True,True,False,False
2970.T,2970,グッドライフカンパニー,Standard,不動産業,,2026-09-04,1882.0,1071.0,9292860.0,8870.0,5676300.0,False,True,True,True,False,False
7277.T,7277,ＴＢＫ,Standard,輸送用機器,,2026-09-04,2609.0,350.0,9276275.0,26215.0,7770000.0,False,True,True,True,False,False
7686.T,7686,ひとまいる,Standard,小売業,,2026-09-04,1636.0,440.0,9249595.0,21065.0,87648000.0,False,True,True,True,False,False
4491.T,4491,コンピューターマネージメント,Standard,情報・通信業,,2026-09-04,1586.0,3360.0,9240550.0,2835.0,13440000.0,False,True,True,True,False,False
9259.T,9259,タカヨシホールディングス,Growth,サービス業,,2026-09-04,1148.0,852.0,9215830.0,10910.0,8605200.0,False,True,True,True,False,False
7075.T,7075,ＱＬＳホールディングス,Growth,サービス業,,2026-09-04,1304.0,1008.0,9158350.0,10090.0,34272000.0,False,True,True,True,False,False
3967.T,3967,エルテス,Growth,情報・通信業,,2026-09-04,2407.0,565.0,9128880.0,15395.0,7062500.0,False,True,True,True,False,False
7214.T,7214,ＧＭＢ,Standard,輸送用機器,,2026-09-04,2609.0,1125.0,9116660.0,8110.0,1125000.0,False,True,True,True,False,False
9640.T,9640,セゾンテクノロジー,Standard,情報・通信業,,2026-09-04,2609.0,1986.0,9115900.0,4555.0,17476800.0,False,True,True,True,False,False
5965.T,5965,フジマック,Standard,金属製品,,2026-09-04,2609.0,1203.0,9113035.0,7700.0,1924800.0,False,True,True,True,False,False
8127.T,8127,ヤマトインターナショナル,Standard,繊維製品,,2026-09-04,2609.0,535.0,9112310.0,16080.0,5243000.0,False,True,True,True,False,False
7072.T,7072,インティメート・マージャー,Growth,サービス業,,2026-09-04,1676.0,1113.0,9110915.0,7910.0,5008500.0,False,True,True,True,False,False
9074.T,9074,日本石油輸送,Standard,陸運業,,2026-09-04,2609.0,5040.0,9098425.0,1810.0,7560000.0,False,True,True,True,False,False
6144.T,6144,西部電機,Standard,機械,,2026-09-04,2609.0,2844.0,9064210.0,3035.0,1990800.0,False,True,True,True,False,False
7946.T,7946,光陽社,Standard,その他製品,,2026-09-04,2609.0,356.0,9061470.0,23355.0,6942000.0,False,True,True,True,False,False
9340.T,9340,アソインターナショナル,Standard,サービス業,,2026-09-04,905.0,760.0,9053915.0,12105.0,3724000.0,False,True,True,True,False,False
5869.T,5869,早稲田学習研究会,Standard,サービス業,,2026-09-04,659.0,1258.0,9022075.0,7215.0,4780400.0,False,True,True,True,False,False
4936.T,4936,アクシージア,Standard,化学,,2026-09-04,1357.0,322.0,8932430.0,27735.0,12042800.0,False,True,True,True,False,False
3760.T,3760,ケイブ,Standard,情報・通信業,,2026-09-04,2609.0,711.0,8902420.0,12150.0,5261400.0,False,True,True,True,False,False
7578.T,7578,ニチリョク,Standard,小売業,,2026-09-04,2609.0,81.0,8901675.0,120105.0,6342300.0,False,False,True,True,False,False
8076.T,8076,カノークス,Standard,卸売業,,2026-09-04,907.0,2116.0,8901205.0,4235.0,13330800.0,False,True,True,True,False,False
9709.T,9709,ＮＣＳ＆Ａ,Standard,情報・通信業,,2026-09-04,2609.0,1296.0,8891020.0,6515.0,14256000.0,False,True,True,True,False,False
7523.T,7523,アールビバン,Standard,小売業,,2026-09-04,2609.0,1878.0,8883345.0,4690.0,3004800.0,False,True,True,True,False,False
4616.T,4616,川上塗料,Standard,化学,,2026-09-04,2609.0,2411.0,8880405.0,3750.0,4580900.0,False,True,True,True,False,False
3267.T,3267,フィル・カンパニー,Standard,建設業,,2026-09-04,2412.0,645.0,8870850.0,13695.0,10578000.0,False,True,True,True,False,False
5888.T,5888,ＤＡＩＷＡ　ＣＹＣＬＥ,Growth,小売業,,2026-09-04,690.0,2908.0,8812440.0,3130.0,6397600.0,False,True,True,True,False,False
3904.T,3904,カヤック,Growth,情報・通信業,,2026-09-04,2609.0,431.0,8755975.0,20585.0,2241200.0,False,True,True,True,False,False
7514.T,7514,ヒマラヤ,Standard,小売業,,2026-09-04,2609.0,857.0,8730575.0,10035.0,2571000.0,False,True,True,True,False,False
4490.T,4490,ビザスク,Growth,情報・通信業,,2026-09-04,1587.0,671.0,8705525.0,13010.0,5233800.0,False,True,True,True,False,False
1758.T,1758,太洋基礎工業,Standard,建設業,,2026-09-04,2609.0,2550.0,8649905.0,3540.0,1785000.0,False,True,True,True,False,False
4167.T,4167,ココペリ,Growth,情報・通信業,,2026-09-04,1396.0,325.0,8633985.0,26585.0,9165000.0,False,True,True,True,False,False
9704.T,9704,アゴーラ　ホスピタリティー　グループ,Standard,サービス業,,2026-09-04,2609.0,29.0,8627250.0,289065.0,3627900.0,False,False,True,True,False,False
3140.T,3140,ＢＲＵＮＯ,Growth,卸売業,,2026-09-04,2609.0,1016.0,8583925.0,8425.0,3251200.0,False,True,True,True,False,False
6497.T,6497,ハマイ,Standard,機械,,2026-09-04,2609.0,1487.0,8581025.0,5965.0,5055800.0,False,True,True,True,False,False
4486.T,4486,ユナイトアンドグロウ,Growth,情報・通信業,,2026-09-04,1638.0,688.0,8575930.0,12435.0,2614400.0,False,True,True,True,False,False
3068.T,3068,ＷＤＩ,Standard,小売業,,2026-09-04,2609.0,3045.0,8569125.0,2825.0,3958500.0,False,True,True,True,False,False
9385.T,9385,ショーエイコーポレーション,Standard,化学,,2026-09-04,2609.0,748.0,8549900.0,11350.0,8078400.0,False,True,True,True,False,False
8023.T,8023,ＤＡＩＫＯ　ＸＴＥＣＨ,Standard,情報・通信業,,2026-09-04,2609.0,1057.0,8523540.0,8300.0,2431100.0,False,True,True,True,False,False
6771.T,6771,池上通信機,Standard,電気機器,,2026-09-04,2609.0,660.0,8520540.0,12685.0,11286000.0,False,True,True,True,False,False
9423.T,9423,フォーバル・リアルストレート,Standard,情報・通信業,,2026-09-04,2609.0,104.0,8519660.0,81590.0,10597600.0,False,False,True,True,False,False
7196.T,7196,Ｃａｓａ,Standard,その他金融業,,2026-09-04,2176.0,747.0,8515820.0,11415.0,2913300.0,False,True,True,True,False,False
8207.T,8207,テンアライド,Standard,小売業,,2026-09-04,2609.0,301.0,8487020.0,28465.0,5899600.0,False,True,True,True,False,False
8135.T,8135,ゼット,Standard,卸売業,,2026-09-04,2609.0,437.0,8451135.0,19125.0,6992000.0,False,True,True,True,False,False
5388.T,5388,クニミネ工業,Standard,ガラス・土石製品,,2026-09-04,2609.0,1316.0,8449775.0,6410.0,4474400.0,False,True,True,True,False,False
2375.T,2375,ギグワークス,Standard,サービス業,,2026-09-04,2609.0,219.0,8445655.0,40740.0,12198300.0,False,True,True,True,False,False
3386.T,3386,コスモ・バイオ,Standard,卸売業,,2026-09-04,2609.0,1254.0,8428420.0,6775.0,1003200.0,False,True,True,True,False,False
4657.T,4657,環境管理センター,Standard,サービス業,,2026-09-04,2609.0,465.0,8422060.0,17655.0,744000.0,False,True,True,True,False,False
2180.T,2180,サニーサイドアップグループ,Standard,サービス業,,2026-09-04,2609.0,1309.0,8416575.0,6435.0,6937700.0,False,True,True,True,False,False
2924.T,2924,イフジ産業,Standard,食料品,,2026-09-04,2609.0,1937.0,8391130.0,4355.0,6779500.0,False,True,True,True,False,False
7871.T,7871,フクビ化学工業,Standard,化学,,2026-09-04,2609.0,1011.0,8386365.0,8240.0,2022000.0,False,True,True,True,False,False
6663.T,6663,太洋テクノレックス,Standard,電気機器,,2026-09-04,2609.0,312.0,8385690.0,26925.0,3900000.0,False,True,True,True,False,False
9846.T,9846,天満屋ストア,Standard,小売業,,2026-09-04,2609.0,984.0,8371855.0,8425.0,8560800.0,False,True,True,True,False,False
3799.T,3799,キーウェアソリューションズ,Standard,情報・通信業,,2026-09-04,2609.0,1127.0,8365175.0,7440.0,2479400.0,False,True,True,True,False,False
3815.T,3815,メディア工房,Growth,情報・通信業,,2026-09-04,2609.0,429.0,8338040.0,18685.0,2016300.0,False,True,True,True,False,False
5994.T,5994,ファインシンター,Standard,金属製品,,2026-09-04,2609.0,1032.0,8331620.0,8260.0,7636800.0,False,True,True,True,False,False
9171.T,9171,栗林商船,Standard,海運業,,2026-09-04,2609.0,1505.0,8317965.0,5435.0,2709000.0,False,True,True,True,False,False
6731.T,6731,ピクセラ,Standard,電気機器,,2026-09-04,2609.0,108.0,8314085.0,76870.0,5605200.0,False,False,True,False,False,False
2936.T,2936,ベースフード,Growth,食料品,,2026-09-04,932.0,275.0,8276925.0,30325.0,10917500.0,False,True,True,True,False,False
1711.T,1711,ＳＤＳホールディングス,Standard,建設業,,2026-09-04,2609.0,245.0,8262295.0,33970.0,6615000.0,False,True,True,True,False,False
4482.T,4482,ウィルズ,Growth,情報・通信業,,2026-09-04,1639.0,735.0,8231080.0,11245.0,2719500.0,False,True,True,True,False,False
7775.T,7775,大研医器,Standard,精密機器,,2026-09-04,2609.0,427.0,8220190.0,19200.0,3202500.0,False,True,True,True,False,False
3928.T,3928,マイネット,Standard,情報・通信業,,2026-09-04,2609.0,235.0,8215540.0,34020.0,1621500.0,False,True,True,True,False,False
7060.T,7060,ギークス,Standard,サービス業,,2026-09-04,1820.0,597.0,8212005.0,13885.0,3820800.0,False,True,True,True,False,False
8891.T,8891,ＡＭＧホールディングス,Standard,不動産業,,2026-09-04,2609.0,2085.0,8205040.0,3920.0,8757000.0,False,True,True,True,False,False
3979.T,3979,うるる,Growth,情報・通信業,,2026-09-04,2335.0,442.0,8193250.0,19135.0,9900800.0,False,True,True,True,False,False
7299.T,7299,フジオーゼックス,Standard,輸送用機器,,2026-09-04,2609.0,1849.0,8184205.0,4400.0,7211100.0,False,True,True,True,False,False
291A.T,291A,リスキル,Growth,サービス業,,2026-09-04,418.0,1989.0,8142585.0,4095.0,3978000.0,False,True,True,True,False,False
7122.T,7122,近畿車輛,Standard,輸送用機器,,2026-09-04,2609.0,2436.0,8104065.0,3370.0,11692800.0,False,True,True,True,False,False
6545.T,6545,インターネットインフィニティー,Growth,サービス業,,2026-09-04,2332.0,803.0,8072290.0,9590.0,4015000.0,False,True,True,True,False,False
7361.T,7361,ヒューマンクリエイションホールディングス,Growth,サービス業,,2026-09-04,1340.0,1196.0,8059475.0,6745.0,3229200.0,False,True,True,True,False,False
5891.T,5891,魁力屋,Standard,小売業,,2026-09-04,664.0,1702.0,8050855.0,4820.0,21275000.0,False,True,True,True,False,False
5337.T,5337,ダントーホールディングス,Standard,ガラス・土石製品,,2026-09-04,2609.0,833.0,8038345.0,9695.0,2748900.0,False,True,True,True,False,False
4299.T,4299,ハイマックス,Standard,情報・通信業,,2026-09-04,2609.0,1231.0,7991985.0,6510.0,6155000.0,False,True,True,True,False,False
6488.T,6488,ヨシタケ,Standard,機械,,2026-09-04,2609.0,1040.0,7974200.0,7675.0,3016000.0,False,True,True,True,False,False
7427.T,7427,エコートレーディング,Standard,卸売業,,2026-09-04,2609.0,836.0,7974105.0,9555.0,1839200.0,False,True,True,True,False,False
6484.T,6484,ＫＶＫ,Standard,機械,,2026-09-04,2609.0,2228.0,7940115.0,3525.0,1114000.0,False,True,True,True,False,False
6563.T,6563,みらいワークス,Growth,サービス業,,2026-09-04,2140.0,453.0,7895185.0,16760.0,724800.0,False,True,True,True,False,False
4378.T,4378,ＣＩＮＣ,Growth,情報・通信業,,2026-09-04,1189.0,536.0,7841605.0,15150.0,4127200.0,False,True,True,True,False,False
8030.T,8030,中央魚類,Standard,卸売業,,2026-09-04,2609.0,3905.0,7835075.0,2075.0,390500.0,False,True,True,True,False,False
3320.T,3320,クロスプラス,Standard,卸売業,,2026-09-04,2609.0,1319.0,7830335.0,5960.0,1846600.0,False,True,True,True,False,False
6195.T,6195,ホープ,Growth,サービス業,,2026-09-04,2520.0,201.0,7821935.0,38345.0,3618000.0,False,True,True,True,False,False
3607.T,3607,クラウディアホールディングス,Standard,繊維製品,,2026-09-04,2609.0,350.0,7817185.0,21735.0,7210000.0,False,True,True,True,False,False
7646.T,7646,ＰＬＡＮＴ,Standard,小売業,,2026-09-04,2609.0,1902.0,7778100.0,4160.0,17308200.0,False,True,True,True,False,False
9380.T,9380,東海運,Standard,倉庫・運輸関連業,,2026-09-04,2609.0,437.0,7766865.0,17885.0,2709400.0,False,True,True,True,False,False
3625.T,3625,テックファームホールディングス,Growth,情報・通信業,,2026-09-04,2609.0,652.0,7746490.0,11805.0,5607200.0,False,True,True,True,False,False
5031.T,5031,モイ,Growth,情報・通信業,,2026-09-04,1066.0,341.0,7743215.0,23115.0,4467100.0,False,True,True,True,False,False
5015.T,5015,ビーピー・カストロール,Standard,石油・石炭製品,,2026-09-04,2609.0,999.0,7737290.0,7725.0,13686300.0,False,True,True,True,False,False
3280.T,3280,エストラスト,Standard,不動産業,,2026-09-04,2609.0,941.0,7736170.0,8265.0,1976100.0,False,True,True,True,False,False
4288.T,4288,アズジェント,Standard,情報・通信業,,2026-09-04,2609.0,467.0,7723260.0,16585.0,3595900.0,False,True,True,True,False,False
1793.T,1793,大本組,Standard,建設業,,2026-09-04,2609.0,2088.0,7681860.0,3695.0,1670400.0,False,True,True,True,False,False
7836.T,7836,アビックス,Standard,その他製品,,2026-09-04,2609.0,77.0,7677050.0,97310.0,2556400.0,False,False,True,True,False,False
4389.T,4389,プロパティデータバンク,Growth,情報・通信業,,2026-09-04,2005.0,1069.0,7652670.0,7325.0,12400400.0,False,True,True,True,False,False
3566.T,3566,ユニフォームネクスト,Growth,小売業,,2026-09-04,2249.0,769.0,7650755.0,9995.0,1307300.0,False,True,True,True,False,False
3377.T,3377,バイク王＆カンパニー,Standard,卸売業,,2026-09-04,2609.0,386.0,7637740.0,19495.0,965000.0,False,True,True,True,False,False
130A.T,130A,Ｖｅｒｉｔａｓ　Ｉｎ　Ｓｉｌｉｃｏ,Growth,医薬品,,2026-09-04,629.0,430.0,7608260.0,17600.0,4902000.0,False,True,True,True,False,False
2055.T,2055,日和産業,Standard,食料品,,2026-09-04,2609.0,353.0,7603525.0,22105.0,6989400.0,False,True,True,True,False,False
5257.T,5257,ノバシステム,Standard,情報・通信業,,2026-09-04,841.0,2877.0,7600685.0,2760.0,1438500.0,False,True,True,True,False,False
9446.T,9446,サカイホールディングス,Standard,情報・通信業,,2026-09-04,2609.0,696.0,7594115.0,11065.0,2436000.0,False,True,True,True,False,False
7462.T,7462,ＣＡＰＩＴＡ,Standard,小売業,,2026-09-04,2609.0,404.0,7593090.0,19395.0,4040000.0,False,True,True,True,False,False
9686.T,9686,東洋テック,Standard,サービス業,,2026-09-04,2609.0,1710.0,7586630.0,4545.0,2394000.0,False,True,True,True,False,False
3020.T,3020,アプライド,Standard,小売業,,2026-09-04,2609.0,4355.0,7564425.0,1750.0,6097000.0,False,True,True,True,False,False
7539.T,7539,アイナボホールディングス,Standard,卸売業,,2026-09-04,2609.0,813.0,7564170.0,9425.0,10569000.0,False,True,True,True,False,False
2304.T,2304,ＣＳＳホールディングス,Standard,サービス業,,2026-09-04,2609.0,913.0,7563720.0,8180.0,9951700.0,False,True,True,True,False,False
8104.T,8104,クワザワホールディングス,Standard,卸売業,,2026-09-04,2076.0,705.0,7530290.0,10730.0,4723500.0,False,True,True,True,False,False
7131.T,7131,のむら産業,Standard,卸売業,,2026-09-04,1164.0,3750.0,7516525.0,2070.0,7125000.0,False,True,True,True,False,False
9219.T,9219,ギックス,Growth,サービス業,,2026-09-04,1086.0,891.0,7504850.0,8470.0,8286300.0,False,True,True,True,False,False
6400.T,6400,不二精機,Standard,機械,,2026-09-04,2609.0,289.0,7488095.0,25835.0,1473900.0,False,True,True,True,False,False
9249.T,9249,日本エコシステム,Standard,サービス業,,2026-09-04,1201.0,1676.0,7479595.0,4505.0,7877200.0,False,True,True,True,False,False
9466.T,9466,アイドママーケティングコミュニケーション,Standard,情報・通信業,,2026-09-04,2578.0,245.0,7459800.0,31340.0,2719500.0,False,True,True,True,False,False
1768.T,1768,ソネック,Standard,建設業,,2026-09-04,2609.0,1027.0,7435520.0,7260.0,5545800.0,False,True,True,True,False,False
3800.T,3800,ユニリタ,Standard,情報・通信業,,2026-09-04,2609.0,1968.0,7419920.0,3740.0,10430400.0,False,True,True,True,False,False
7602.T,7602,レダックス,Standard,卸売業,,2026-09-04,2609.0,168.0,7374985.0,43770.0,1008000.0,False,False,True,True,False,False
9326.T,9326,関通,Growth,倉庫・運輸関連業,,2026-09-04,1580.0,487.0,7374630.0,14820.0,5064800.0,False,True,True,True,False,False
4625.T,4625,アトミクス,Standard,化学,,2026-09-04,2609.0,850.0,7339410.0,8990.0,7990000.0,False,True,True,True,False,False
6537.T,6537,ＷＡＳＨハウス,Growth,サービス業,,2026-09-04,2411.0,299.0,7337815.0,24645.0,2481700.0,False,True,True,True,False,False
1798.T,1798,守谷商会,Standard,建設業,,2026-09-04,2609.0,1083.0,7333340.0,7135.0,3790500.0,False,True,True,True,False,False
7487.T,7487,小津産業,Standard,卸売業,,2026-09-04,2609.0,1793.0,7307570.0,4080.0,6992700.0,False,True,True,True,False,False
3192.T,3192,白鳩,Standard,小売業,,2026-09-04,2609.0,283.0,7271840.0,24715.0,4726100.0,False,True,True,True,False,False
3933.T,3933,チエル,Standard,情報・通信業,,2026-09-04,2576.0,552.0,7252180.0,12865.0,1656000.0,False,True,True,True,False,False
3750.T,3750,ＡＤＲ１２０Ｓ,Standard,情報・通信業,,2026-09-04,2609.0,826.0,7243725.0,9130.0,4708200.0,False,True,True,True,False,False
6286.T,6286,靜甲,Standard,機械,,2026-09-04,2609.0,1542.0,7233380.0,4885.0,4471800.0,False,True,True,True,False,False
7037.T,7037,テノ．ホールディングス,Standard,サービス業,,2026-09-04,1878.0,812.0,7225165.0,8770.0,5115600.0,False,True,True,True,False,False
7953.T,7953,菊水化学工業,Standard,その他製品,,2026-09-04,2609.0,400.0,7218355.0,18160.0,2520000.0,False,True,True,True,False,False
2224.T,2224,コモ,Standard,食料品,,2026-09-04,2609.0,3695.0,7212275.0,1960.0,2586500.0,False,True,True,True,False,False
4439.T,4439,東名,Standard,情報・通信業,,2026-09-04,1811.0,800.0,7207440.0,9340.0,2160000.0,False,True,True,True,False,False
3710.T,3710,ジョルダン,Standard,情報・通信業,,2026-09-04,2609.0,638.0,7206605.0,11055.0,5933400.0,False,True,True,True,False,False
5368.T,5368,日本インシュレーション,Standard,ガラス・土石製品,,2026-09-04,1580.0,1009.0,7191920.0,7045.0,3127900.0,False,True,True,True,False,False
7087.T,7087,ウイルテック,Standard,サービス業,,2026-09-04,1589.0,1437.0,7168775.0,5120.0,10921200.0,False,True,True,True,False,False
5819.T,5819,カナレ電気,Standard,非鉄金属,,2026-09-04,2609.0,1772.0,7153985.0,4080.0,10454800.0,False,True,True,True,False,False
6347.T,6347,プラコー,Standard,機械,,2026-09-04,2609.0,249.0,7153370.0,27300.0,1120500.0,False,True,True,True,False,False
9244.T,9244,デジタリフト,Growth,サービス業,,2026-09-04,1209.0,1432.0,7148135.0,5375.0,4296000.0,False,True,True,True,False,False
8798.T,8798,アドバンスクリエイト,Prime,保険業,,2026-09-04,2609.0,138.0,7135845.0,50900.0,2221800.0,False,False,True,True,False,False
7228.T,7228,デイトナ,Standard,輸送用機器,,2026-09-04,2609.0,4045.0,7131675.0,1775.0,809000.0,False,True,True,True,False,False
2689.T,2689,オルバヘルスケアホールディングス,Standard,卸売業,,2026-09-04,2609.0,1946.0,7120170.0,3770.0,5059600.0,False,True,True,True,False,False
6365.T,6365,電業社機械製作所,Standard,機械,,2026-09-04,2609.0,5620.0,7117050.0,1270.0,0.0,False,True,True,True,False,False
3174.T,3174,ハピネス・アンド・ディ,Standard,小売業,,2026-09-04,2609.0,400.0,7078405.0,17630.0,1800000.0,False,True,True,True,False,False
3758.T,3758,アエリア,Standard,情報・通信業,,2026-09-04,2609.0,248.0,7067130.0,28855.0,3645600.0,False,True,True,True,False,False
6393.T,6393,油研工業,Standard,機械,,2026-09-04,2609.0,3005.0,7015475.0,2305.0,6010000.0,False,True,True,True,False,False
4624.T,4624,イサム塗料,Standard,化学,,2026-09-04,2609.0,4120.0,6966875.0,1730.0,7828000.0,False,True,True,True,False,False
6087.T,6087,アビスト,Standard,サービス業,,2026-09-04,2609.0,3585.0,6966550.0,1975.0,8604000.0,False,True,True,True,False,False
7963.T,7963,興研,Standard,その他製品,,2026-09-04,2609.0,1826.0,6945930.0,3835.0,2739000.0,False,True,True,True,False,False
9904.T,9904,ベリテ,Standard,小売業,,2026-09-04,2609.0,246.0,6943545.0,28445.0,3985200.0,False,True,True,True,False,False
6155.T,6155,高松機械工業,Standard,機械,,2026-09-04,2609.0,535.0,6934495.0,12945.0,3798500.0,False,True,True,True,False,False
245A.T,245A,ＩＮＧＳ,Growth,小売業,,2026-09-04,474.0,2550.0,6911545.0,2715.0,9690000.0,False,True,True,True,False,False
8247.T,8247,大和,Standard,小売業,,2026-09-04,2609.0,332.0,6902150.0,21055.0,4017200.0,False,True,True,True,False,False
2183.T,2183,リニカル,Standard,サービス業,,2026-09-04,2609.0,206.0,6889590.0,33120.0,6077000.0,False,True,True,True,False,False
1853.T,1853,森組,Standard,建設業,,2026-09-04,2609.0,326.0,6889020.0,20750.0,6063600.0,False,True,True,True,False,False
4308.T,4308,Ｊストリーム,Growth,情報・通信業,,2026-09-04,2609.0,359.0,6888420.0,19300.0,2907900.0,False,True,True,True,False,False
4124.T,4124,大阪油化工業,Standard,化学,,2026-09-04,2194.0,2938.0,6828195.0,2360.0,16746600.0,False,True,True,True,False,False
9351.T,9351,東洋埠頭,Standard,倉庫・運輸関連業,,2026-09-04,2609.0,1939.0,6816430.0,3615.0,4653600.0,False,True,True,True,False,False
5971.T,5971,共和工業所,Standard,金属製品,,2026-09-04,2609.0,8250.0,6786050.0,815.0,0.0,False,True,True,True,False,False
7809.T,7809,壽屋,Standard,その他製品,,2026-09-04,2201.0,1325.0,6771300.0,5110.0,4107500.0,False,True,True,True,False,False
8202.T,8202,ラオックスホールディングス,Standard,小売業,,2026-09-04,2609.0,149.0,6763910.0,45835.0,6407000.0,False,False,True,True,False,False
4398.T,4398,ブロードバンドセキュリティ,Standard,情報・通信業,,2026-09-04,1939.0,1297.0,6763395.0,5260.0,2594000.0,False,True,True,True,False,False
7674.T,7674,ＮＡＴＴＹ　ＳＷＡＮＫＹホールディングス,Growth,小売業,,2026-09-04,1815.0,2643.0,6759910.0,2590.0,3171600.0,False,True,True,True,False,False
3840.T,3840,パス,Standard,情報・通信業,,2026-09-04,2609.0,59.0,6754735.0,116660.0,6602100.0,False,False,True,True,False,False
8617.T,8617,光世証券,Standard,証券、商品先物取引業,,2026-09-04,2609.0,624.0,6750410.0,11110.0,2558400.0,False,True,True,True,False,False
3671.T,3671,ソフトマックス,Growth,情報・通信業,,2026-09-04,2609.0,305.0,6737985.0,21950.0,5185000.0,False,True,True,True,False,False
3712.T,3712,情報企画,Standard,情報・通信業,,2026-09-04,2609.0,1098.0,6737780.0,6465.0,7246800.0,False,True,True,True,False,False
4760.T,4760,アルファ,Standard,サービス業,,2026-09-04,2609.0,1544.0,6731905.0,4090.0,2933600.0,False,True,True,True,False,False
3896.T,3896,阿波製紙,Standard,パルプ・紙,,2026-09-04,2609.0,412.0,6726605.0,16715.0,2430800.0,False,True,True,True,False,False
9799.T,9799,旭情報サービス,Standard,情報・通信業,,2026-09-04,2609.0,962.0,6714815.0,6985.0,5291000.0,False,True,True,True,False,False
4361.T,4361,川口化学工業,Standard,化学,,2026-09-04,2609.0,1613.0,6703880.0,4300.0,1774300.0,False,True,True,True,False,False
4496.T,4496,コマースＯｎｅホールディングス,Growth,情報・通信業,,2026-09-04,1513.0,779.0,6681460.0,8605.0,389500.0,False,True,True,True,False,False
3484.T,3484,イノベーションホールディングス,Prime,不動産業,,2026-09-04,2180.0,1156.0,6673570.0,6085.0,1156000.0,False,True,True,True,False,False
2459.T,2459,アウンコンサルティング,Standard,サービス業,,2026-09-04,2609.0,179.0,6671440.0,37910.0,3060900.0,False,False,True,True,False,False
4427.T,4427,ＥｄｕＬａｂ,Growth,情報・通信業,,2026-09-04,1878.0,226.0,6656905.0,30745.0,1469000.0,False,True,True,True,False,False
4814.T,4814,ネクストウェア,Standard,情報・通信業,,2026-09-04,2609.0,169.0,6643710.0,40185.0,5796700.0,False,False,True,True,False,False
3042.T,3042,セキュアヴェイル,Growth,情報・通信業,,2026-09-04,2609.0,298.0,6639705.0,22180.0,4172000.0,False,True,True,True,False,False
9162.T,9162,ブリーチ,Growth,サービス業,,2026-09-04,775.0,229.0,6596550.0,28675.0,1625900.0,False,True,True,True,False,False
9082.T,9082,大和自動車交通,Standard,陸運業,,2026-09-04,2609.0,2025.0,6581610.0,3245.0,7897500.0,False,True,True,True,False,False
5187.T,5187,クリエートメディック,Standard,精密機器,,2026-09-04,2609.0,1144.0,6541320.0,5745.0,3432000.0,False,True,True,True,False,False
2464.T,2464,Ａｏｂａ‐ＢＢＴ,Standard,サービス業,,2026-09-04,2609.0,377.0,6532185.0,18265.0,3770000.0,False,True,True,True,False,False
3082.T,3082,きちりホールディングス,Standard,小売業,,2026-09-04,2609.0,987.0,6519320.0,6700.0,11942700.0,False,True,True,True,False,False
8772.T,8772,アサックス,Standard,その他金融業,,2026-09-04,2609.0,888.0,6510325.0,7385.0,3640800.0,False,True,True,True,False,False
4098.T,4098,チタン工業,Standard,化学,,2026-09-04,2609.0,1017.0,6493695.0,6370.0,1423800.0,False,True,True,True,False,False
4376.T,4376,くふうカンパニーホールディングス,Growth,情報・通信業,,2026-09-04,1206.0,167.0,6492040.0,39300.0,3456900.0,False,False,True,True,False,False
6696.T,6696,トラース・オン・プロダクト,Growth,電気機器,,2026-09-04,2234.0,325.0,6471385.0,20665.0,4745000.0,False,True,True,True,False,False
6942.T,6942,ソフィアホールディングス,Standard,情報・通信業,,2026-09-04,2609.0,1439.0,6468170.0,4585.0,8634000.0,False,True,True,True,False,False
9360.T,9360,鈴与シンワート,Standard,情報・通信業,,2026-09-04,2609.0,2743.0,6401080.0,2320.0,2194400.0,False,True,True,True,False,False
4409.T,4409,東邦化学工業,Standard,化学,,2026-09-04,2609.0,782.0,6399320.0,8380.0,3675400.0,False,True,True,True,False,False
5268.T,5268,旭コンクリート工業,Standard,ガラス・土石製品,,2026-09-04,2609.0,891.0,6387390.0,7400.0,4098600.0,False,True,True,True,False,False
4178.T,4178,Ｓｈａｒｉｎｇ　Ｉｎｎｏｖａｔｉｏｎｓ,Growth,情報・通信業,,2026-09-04,1334.0,540.0,6386335.0,11785.0,1296000.0,False,True,True,True,False,False
9562.T,9562,ビジネスコーチ,Growth,サービス業,,2026-09-04,949.0,650.0,6370200.0,10455.0,28730000.0,False,True,True,True,False,False
415A.T,415A,ＧＭＯ　ＴＥＣＨホールディングス,Growth,サービス業,,2026-09-04,2609.0,5150.0,6312700.0,1250.0,2060000.0,False,True,True,True,False,False
7604.T,7604,梅の花グループ,Standard,小売業,,2026-09-04,2609.0,909.0,6284815.0,7015.0,6363000.0,False,True,True,True,False,False
7640.T,7640,トップカルチャー,Standard,小売業,,2026-09-04,2609.0,196.0,6278515.0,33500.0,7957600.0,False,False,True,True,False,False
5458.T,5458,高砂鐵工,Standard,鉄鋼,,2026-09-04,2609.0,1359.0,6250415.0,4480.0,2174400.0,False,True,True,True,False,False
9713.T,9713,ロイヤルホテル,Standard,サービス業,,2026-09-04,2609.0,912.0,6246970.0,6905.0,1641600.0,False,True,True,True,False,False
8946.T,8946,ＡＳＩＡＮ　ＳＴＡＲ,Standard,不動産業,,2026-09-04,2609.0,76.0,6223485.0,82070.0,6323200.0,False,False,True,True,False,False
4262.T,4262,ニフティライフスタイル,Growth,情報・通信業,,2026-09-04,1148.0,1387.0,6218525.0,4530.0,2912700.0,False,True,True,True,False,False
3796.T,3796,いい生活,Standard,情報・通信業,,2026-09-04,2609.0,344.0,6159065.0,19515.0,25868800.0,False,True,True,True,False,False
9029.T,9029,ヒガシホールディングス,Standard,陸運業,,2026-09-04,2609.0,1850.0,6134690.0,3205.0,15170000.0,False,True,True,True,False,False
5356.T,5356,美濃窯業,Standard,ガラス・土石製品,,2026-09-04,604.0,1302.0,6130115.0,4755.0,2473800.0,False,True,True,True,False,False
3981.T,3981,ビーグリー,Standard,情報・通信業,,2026-09-04,2333.0,1236.0,6117735.0,5065.0,865200.0,False,True,True,True,False,False
7621.T,7621,うかい,Standard,小売業,,2026-09-04,2609.0,3465.0,6113225.0,1770.0,14553000.0,False,True,True,True,False,False
3628.T,3628,データホライゾン,Growth,情報・通信業,,2026-09-04,2609.0,642.0,6098445.0,10165.0,12262200.0,False,True,True,True,False,False
4380.T,4380,Ｍマート,Growth,情報・通信業,,2026-09-04,2092.0,685.0,6098090.0,9045.0,5822500.0,False,True,True,True,False,False
3096.T,3096,オーシャンシステム,Standard,小売業,,2026-09-04,2609.0,1609.0,6090395.0,3780.0,1448100.0,False,True,True,True,False,False
6943.T,6943,ＮＫＫスイッチズ,Standard,電気機器,,2026-09-04,2609.0,5490.0,6088700.0,1100.0,6588000.0,False,True,True,True,False,False
3353.T,3353,メディカル一光グループ,Standard,小売業,,2026-09-04,2609.0,2813.0,6077730.0,2130.0,1687800.0,False,True,True,True,False,False
297A.T,297A,アルピコホールディングス,Standard,小売業,,2026-09-04,412.0,212.0,6061720.0,28305.0,6593200.0,False,True,True,True,False,False
3557.T,3557,ユナイテッド＆コレクティブ,Growth,小売業,,2026-09-04,2349.0,514.0,6060335.0,11100.0,2313000.0,False,True,True,True,False,False
3680.T,3680,ホットリンク,Growth,情報・通信業,,2026-09-04,2609.0,207.0,6059965.0,28875.0,4968000.0,False,True,True,True,False,False
8181.T,8181,東天紅,Standard,小売業,,2026-09-04,2609.0,990.0,6054295.0,6105.0,2673000.0,False,True,True,True,False,False
6029.T,6029,アトラグループ,Standard,サービス業,,2026-09-04,2609.0,185.0,6046960.0,31750.0,536500.0,False,False,True,True,False,False
3329.T,3329,東和フードサービス,Standard,小売業,,2026-09-04,2609.0,2144.0,6043260.0,2840.0,4502400.0,False,True,True,True,False,False
4248.T,4248,竹本容器,Standard,化学,,2026-09-04,2609.0,884.0,6031695.0,6810.0,1237600.0,False,True,True,True,False,False
7565.T,7565,萬世電機,Standard,卸売業,,2026-09-04,2609.0,8550.0,6029500.0,740.0,2565000.0,False,True,True,True,False,False
3241.T,3241,ウィル,Standard,不動産業,,2026-09-04,2609.0,602.0,6022675.0,10090.0,2287600.0,False,True,True,True,False,False
9698.T,9698,クレオ,Standard,情報・通信業,,2026-09-04,2609.0,1292.0,6016080.0,4620.0,2325600.0,False,True,True,True,False,False
7521.T,7521,ムサシ,Standard,卸売業,,2026-09-04,2609.0,2810.0,6007785.0,2140.0,3091000.0,False,True,True,True,False,False
6180.T,6180,ＧＭＯメディア,Growth,サービス業,,2026-09-04,2609.0,3875.0,6007375.0,1575.0,3100000.0,False,True,True,True,False,False
6870.T,6870,日本フェンオール,Standard,電気機器,,2026-09-04,2609.0,2182.0,6005270.0,2720.0,1527400.0,False,True,True,True,False,False
4447.T,4447,ピー・ビーシステムズ,Growth,情報・通信業,,2026-09-04,958.0,502.0,5999005.0,12145.0,13754800.0,False,True,True,True,False,False
4777.T,4777,ガーラ,Standard,情報・通信業,,2026-09-04,2609.0,199.0,5976370.0,29605.0,6865500.0,False,False,True,True,False,False
6022.T,6022,赤阪鐵工所,Standard,機械,,2026-09-04,2609.0,2910.0,5967760.0,2170.0,1746000.0,False,True,True,True,False,False
7918.T,7918,ヴィア・ホールディングス,Standard,小売業,,2026-09-04,2609.0,106.0,5961250.0,56045.0,3339000.0,False,False,True,True,False,False
4762.T,4762,エックスネット,Standard,情報・通信業,,2026-09-04,2609.0,2157.0,5955900.0,2920.0,5176800.0,False,True,True,True,False,False
3965.T,3965,キャピタル・アセット・プランニング,Standard,情報・通信業,,2026-09-04,2441.0,897.0,5950660.0,6645.0,3408600.0,False,True,True,True,False,False
7490.T,7490,日新商事,Standard,卸売業,,2026-09-04,2609.0,2188.0,5943760.0,2715.0,9846000.0,False,True,True,True,False,False
9363.T,9363,大運,Standard,倉庫・運輸関連業,,2026-09-04,2609.0,527.0,5942055.0,11060.0,4057900.0,False,True,True,True,False,False
3858.T,3858,ユビキタスＡＩ,Standard,情報・通信業,,2026-09-04,2609.0,301.0,5939635.0,20000.0,7525000.0,False,True,True,True,False,False
386A.T,386A,みのや,Standard,小売業,,2026-09-04,276.0,1252.0,5937515.0,4700.0,4131600.0,False,True,True,True,False,False
6977.T,6977,日本抵抗器製作所,Standard,電気機器,,2026-09-04,2609.0,1407.0,5936270.0,4045.0,3376800.0,False,True,True,True,False,False
4885.T,4885,室町ケミカル,Standard,医薬品,,2026-09-04,1352.0,904.0,5921570.0,6595.0,4248800.0,False,True,True,True,False,False
7079.T,7079,ＷＤＢココ,Growth,サービス業,,2026-09-04,1633.0,2541.0,5918280.0,2300.0,0.0,False,True,True,True,False,False
3434.T,3434,アルファＣｏ,Standard,金属製品,,2026-09-04,2609.0,1249.0,5906295.0,4745.0,6994400.0,False,True,True,True,False,False
5071.T,5071,ヴィス,Standard,サービス業,,2026-09-04,1577.0,1389.0,5886045.0,4310.0,1527900.0,False,True,True,True,False,False
8077.T,8077,トルク,Standard,卸売業,,2026-09-04,2609.0,215.0,5884440.0,27475.0,795500.0,False,True,True,True,False,False
7879.T,7879,ノダ,Standard,その他製品,,2026-09-04,2609.0,670.0,5882245.0,8890.0,1474000.0,False,True,True,True,False,False
5868.T,5868,ロココ,Standard,サービス業,,2026-09-04,661.0,1048.0,5878800.0,5845.0,8488800.0,False,True,True,True,False,False
7083.T,7083,ＡＨＣグループ,Growth,サービス業,,2026-09-04,1597.0,1101.0,5840470.0,5365.0,1211100.0,False,True,True,True,False,False
9986.T,9986,蔵王産業,Standard,卸売業,,2026-09-04,2609.0,2472.0,5833530.0,2340.0,2966400.0,False,True,True,True,False,False
8039.T,8039,築地魚市場,Standard,卸売業,,2026-09-04,2609.0,3515.0,5826425.0,1640.0,10545000.0,False,True,True,True,False,False
3726.T,3726,フォーシーズＨＤ,Standard,小売業,,2026-09-04,2609.0,400.0,5816420.0,14380.0,7320000.0,False,True,True,True,False,False
6307.T,6307,サンセイ,Standard,機械,,2026-09-04,2609.0,493.0,5815290.0,12115.0,1725500.0,False,True,True,True,False,False
5997.T,5997,協立エアテック,Standard,金属製品,,2026-09-04,2609.0,906.0,5813230.0,6240.0,3442800.0,False,True,True,True,False,False
4014.T,4014,カラダノート,Growth,情報・通信業,,2026-09-04,1432.0,515.0,5773840.0,11440.0,2317500.0,False,True,True,True,False,False
4918.T,4918,アイビー化粧品,Standard,化学,,2026-09-04,2609.0,297.0,5773160.0,19070.0,2019600.0,False,True,True,True,False,False
173A.T,173A,ハンモック,Growth,情報・通信業,,2026-09-04,587.0,1565.0,5772120.0,3710.0,2034500.0,False,True,True,True,False,False
1966.T,1966,高田工業所,Standard,建設業,,2026-09-04,2609.0,1747.0,5771510.0,3330.0,4542200.0,False,True,True,True,False,False
2311.T,2311,エプコ,Standard,サービス業,,2026-09-04,2609.0,781.0,5744435.0,7305.0,2264900.0,False,True,True,True,False,False
2351.T,2351,ＡＳＪ,Growth,情報・通信業,,2026-09-04,2609.0,334.0,5742500.0,17405.0,1235800.0,False,True,True,True,False,False
3892.T,3892,岡山製紙,Standard,パルプ・紙,,2026-09-04,2609.0,1600.0,5727980.0,3685.0,3200000.0,False,True,True,True,False,False
9083.T,9083,神姫バス,Standard,陸運業,,2026-09-04,2609.0,1990.0,5717280.0,2895.0,3980000.0,False,True,True,True,False,False
373A.T,373A,リップス,Growth,化学,,2026-09-04,290.0,1466.0,5711535.0,3890.0,4691200.0,False,True,True,True,False,False
7749.T,7749,メディキット,Standard,精密機器,,2026-09-04,2609.0,2960.0,5670850.0,1975.0,7400000.0,False,True,True,True,False,False
9367.T,9367,大東港運,Standard,倉庫・運輸関連業,,2026-09-04,2609.0,2050.0,5668580.0,2835.0,4100000.0,False,True,True,True,False,False
6819.T,6819,伊豆シャボテンリゾート,Standard,サービス業,,2026-09-04,2609.0,478.0,5655320.0,11875.0,23995600.0,False,True,True,True,False,False
7636.T,7636,ハンズマン,Standard,小売業,,2026-09-04,2609.0,797.0,5651525.0,7105.0,4064700.0,False,True,True,True,False,False
7133.T,7133,ＨＹＵＧＡ　ＰＲＩＭＡＲＹ　ＣＡＲＥ,Growth,小売業,,2026-09-04,1152.0,1308.0,5649340.0,4345.0,6932400.0,False,True,True,True,False,False
334A.T,334A,ビジュアル・プロセッシング・ジャパン,Growth,情報・通信業,,2026-09-04,356.0,1030.0,5648575.0,5505.0,4326000.0,False,True,True,True,False,False
6161.T,6161,エスティック,Standard,機械,,2026-09-04,2609.0,1059.0,5627935.0,5275.0,6142200.0,False,True,True,True,False,False
5341.T,5341,ＡＳＡＨＩ　ＥＩＴＯホールディングス,Standard,ガラス・土石製品,,2026-09-04,2609.0,142.0,5603360.0,37915.0,2612800.0,False,False,True,True,False,False
3143.T,3143,オーウイル,Standard,卸売業,,2026-09-04,2609.0,724.0,5595685.0,7940.0,35765600.0,False,True,True,True,False,False
7698.T,7698,アイスコ,Standard,卸売業,,2026-09-04,1323.0,2710.0,5593260.0,2100.0,3794000.0,False,True,True,True,False,False
7551.T,7551,ウェッズ,Standard,輸送用機器,,2026-09-04,2609.0,726.0,5591510.0,7705.0,1379400.0,False,True,True,True,False,False
5446.T,5446,北越メタル,Standard,鉄鋼,,2026-09-04,2609.0,1092.0,5557285.0,5155.0,4695600.0,False,True,True,True,False,False
3943.T,3943,大石産業,Standard,パルプ・紙,,2026-09-04,1108.0,1320.0,5554200.0,4205.0,1716000.0,False,True,True,True,False,False
3969.T,3969,エイトレッド,Standard,情報・通信業,,2026-09-04,2390.0,1401.0,5553675.0,3940.0,3922800.0,False,True,True,True,False,False
5936.T,5936,東洋シヤッター,Standard,金属製品,,2026-09-04,2609.0,916.0,5551830.0,6145.0,2381600.0,False,True,True,True,False,False
7343.T,7343,ブロードマインド,Growth,保険業,,2026-09-04,1332.0,1291.0,5545920.0,4365.0,2452900.0,False,True,True,True,False,False
7062.T,7062,フレアス,Growth,サービス業,,2026-09-04,1815.0,686.0,5481725.0,7725.0,274400.0,False,True,True,True,False,False
5958.T,5958,三洋工業,Standard,金属製品,,2026-09-04,2609.0,4535.0,5478650.0,1185.0,10430500.0,False,True,True,True,False,False
3370.T,3370,フジタコーポレーション,Standard,小売業,,2026-09-04,2609.0,482.0,5458565.0,11635.0,3856000.0,False,True,True,True,False,False
5984.T,5984,兼房,Standard,金属製品,,2026-09-04,2609.0,791.0,5453615.0,7130.0,2293900.0,False,True,True,True,False,False
4317.T,4317,レイ,Standard,サービス業,,2026-09-04,2609.0,568.0,5435485.0,9620.0,1817600.0,False,True,True,True,False,False
7481.T,7481,尾家産業,Standard,卸売業,,2026-09-04,2609.0,2591.0,5429565.0,2100.0,5700200.0,False,True,True,True,False,False
3627.T,3627,テクミラホールディングス,Standard,情報・通信業,,2026-09-04,2609.0,265.0,5427625.0,20365.0,4452000.0,False,True,True,True,False,False
4016.T,4016,ＭＩＴホールディングス,Standard,情報・通信業,,2026-09-04,1412.0,1040.0,5423655.0,5440.0,8320000.0,False,True,True,True,False,False
3089.T,3089,テクノアルファ,Standard,卸売業,,2026-09-04,2609.0,1079.0,5408455.0,5040.0,2697500.0,False,True,True,True,False,False
4539.T,4539,日本ケミファ,Standard,医薬品,,2026-09-04,2609.0,1570.0,5407525.0,3415.0,1570000.0,False,True,True,True,False,False
4243.T,4243,ニックス,Standard,化学,,2026-09-04,2609.0,1055.0,5397500.0,5350.0,3270500.0,False,True,True,True,False,False
7081.T,7081,コーユーレンティア,Standard,サービス業,,2026-09-04,1607.0,1290.0,5385380.0,4120.0,7353000.0,False,True,True,True,False,False
5028.T,5028,セカンドサイトアナリティカ,Growth,情報・通信業,,2026-09-04,1082.0,358.0,5381785.0,14835.0,3150400.0,False,True,True,True,False,False
5704.T,5704,ＪＭＣ,Growth,非鉄金属,,2026-09-04,2408.0,397.0,5363740.0,13735.0,3573000.0,False,True,True,True,False,False
3177.T,3177,ありがとうサービス,Standard,小売業,,2026-09-04,2609.0,4240.0,5351250.0,1240.0,10176000.0,False,True,True,True,False,False
7110.T,7110,クラシコム,Growth,小売業,,2026-09-04,999.0,2029.0,5347320.0,2650.0,1826100.0,False,True,True,True,False,False
3079.T,3079,ディーブイエックス,Standard,卸売業,,2026-08-28,2604.0,930.0,5328620.0,5680.0,0.0,False,True,True,True,False,False
6158.T,6158,和井田製作所,Standard,機械,,2026-09-04,2609.0,1020.0,5307755.0,5290.0,3774000.0,False,True,True,True,False,False
6292.T,6292,カワタ,Standard,機械,,2026-09-04,2609.0,844.0,5301790.0,6235.0,12491200.0,False,True,True,True,False,False
6577.T,6577,ベストワンドットコム,Growth,サービス業,,2026-09-04,2049.0,1965.0,5285590.0,2740.0,4519500.0,False,True,True,True,False,False
7111.T,7111,ＩＮＥＳＴ,Standard,卸売業,,2026-09-04,961.0,528.0,5274825.0,10215.0,1425600.0,False,True,True,True,False,False
2831.T,2831,はごろもフーズ,Standard,食料品,,2026-09-04,2609.0,3685.0,5265075.0,1435.0,1842500.0,False,True,True,True,False,False
2736.T,2736,フェスタリアホールディングス,Standard,小売業,,2026-09-04,2609.0,607.0,5259830.0,8135.0,1881700.0,False,True,True,True,False,False
6054.T,6054,リブセンス,Standard,サービス業,,2026-09-04,2609.0,113.0,5255760.0,44960.0,3073600.0,False,False,True,True,False,False
3435.T,3435,サンコーテクノ,Standard,金属製品,,2026-09-04,2609.0,1509.0,5254850.0,3565.0,9355800.0,False,True,True,True,False,False
8089.T,8089,ナイス,Standard,卸売業,,2026-09-04,2609.0,1993.0,5229915.0,2665.0,1793700.0,False,True,True,True,False,False
7325.T,7325,アイリックコーポレーション,Growth,保険業,,2026-09-04,1941.0,706.0,5213390.0,7355.0,1553200.0,False,True,True,True,False,False
7442.T,7442,中山福,Standard,卸売業,,2026-09-04,2609.0,483.0,5193870.0,10690.0,1014300.0,False,True,True,True,False,False
1401.T,1401,エムビーエス,Growth,建設業,,2026-09-04,2609.0,1323.0,5173560.0,3885.0,4762800.0,False,True,True,True,False,False
7218.T,7218,田中精密工業,Standard,輸送用機器,,2026-09-04,2609.0,1141.0,5169750.0,4640.0,4678100.0,False,True,True,True,False,False
7619.T,7619,田中商事,Standard,卸売業,,2026-09-04,2609.0,968.0,5159225.0,5350.0,2032800.0,False,True,True,True,False,False
8945.T,8945,サンネクスタグループ,Standard,不動産業,,2026-09-04,2609.0,1096.0,5143915.0,4695.0,1424800.0,False,True,True,True,False,False
7067.T,7067,ブランディングテクノロジー,Growth,サービス業,,2026-09-04,1759.0,1040.0,5133665.0,4905.0,520000.0,False,True,True,True,False,False
9241.T,9241,フューチャーリンクネットワーク,Growth,サービス業,,2026-09-04,1234.0,1255.0,5122830.0,3690.0,2008000.0,False,True,True,True,False,False
4761.T,4761,さくらケーシーエス,Standard,情報・通信業,,2026-09-04,2609.0,1434.0,5111405.0,3550.0,3011400.0,False,True,True,True,False,False
1981.T,1981,協和日成,Standard,建設業,,2026-09-04,2609.0,1352.0,5105425.0,3845.0,946400.0,False,True,True,True,False,False
9993.T,9993,ヤマザワ,Standard,小売業,,2026-09-04,2609.0,1159.0,5103430.0,4325.0,2781600.0,False,True,True,True,False,False
5580.T,5580,プロディライト,Growth,情報・通信業,,2026-09-04,780.0,1601.0,5100705.0,3030.0,4482800.0,False,True,True,True,False,False
7217.T,7217,テイン,Standard,輸送用機器,,2026-09-04,2609.0,453.0,5074225.0,11115.0,181200.0,False,True,True,True,False,False
4391.T,4391,ロジザード,Growth,情報・通信業,,2026-09-04,1999.0,1155.0,5069055.0,4445.0,1039500.0,False,True,True,True,False,False
7127.T,7127,一家ホールディングス,Standard,小売業,,2026-09-04,1206.0,709.0,5063345.0,7220.0,4254000.0,False,True,True,True,False,False
3991.T,3991,ウォンテッドリー,Growth,情報・通信業,,2026-09-04,2208.0,962.0,5055005.0,5025.0,1346800.0,False,True,True,True,False,False
3842.T,3842,ネクストジェン,Standard,情報・通信業,,2026-09-04,2609.0,1052.0,5042700.0,4895.0,2209200.0,False,True,True,True,False,False
6776.T,6776,天昇電気工業,Standard,化学,,2026-09-04,2609.0,286.0,5036575.0,18085.0,4690400.0,False,True,True,True,False,False
3934.T,3934,ベネフィットジャパン,Standard,情報・通信業,,2026-09-04,2574.0,2278.0,5023330.0,2155.0,2505800.0,False,True,True,True,False,False
7878.T,7878,光・彩,Standard,その他製品,,2026-09-04,2609.0,1531.0,5009200.0,3470.0,6736400.0,False,True,True,True,False,False
3912.T,3912,モバイルファクトリー,Standard,情報・通信業,,2026-09-04,2609.0,1125.0,4990045.0,4445.0,4725000.0,False,True,True,True,False,False
6578.T,6578,コレックホールディングス,Standard,サービス業,,2026-09-04,2048.0,482.0,4986805.0,10195.0,15616800.0,False,True,True,True,False,False
7044.T,7044,ピアラ,Standard,サービス業,,2026-09-04,1886.0,505.0,4963945.0,9605.0,3383500.0,False,True,True,True,False,False
5697.T,5697,サンユウ,Standard,鉄鋼,,2026-09-04,2609.0,826.0,4960490.0,6000.0,2312800.0,False,True,True,True,False,False
5945.T,5945,天龍製鋸,Standard,金属製品,,2026-09-04,2609.0,2296.0,4959600.0,2095.0,1836800.0,False,True,True,True,False,False
2883.T,2883,大冷,Standard,食料品,,2026-09-04,2609.0,2027.0,4953125.0,2455.0,3040500.0,False,True,True,True,False,False
6797.T,6797,名古屋電機工業,Standard,電気機器,,2026-09-04,552.0,1230.0,4952670.0,4165.0,2829000.0,False,True,True,True,False,False
1444.T,1444,ニッソウ,Growth,建設業,,2026-09-04,886.0,2665.0,4946430.0,1865.0,533000.0,False,True,True,True,False,False
8260.T,8260,井筒屋,Standard,小売業,,2026-09-04,2609.0,385.0,4940370.0,13055.0,23985500.0,False,True,True,True,False,False
4484.T,4484,ランサーズ,Growth,情報・通信業,,2026-09-04,1641.0,298.0,4936905.0,16885.0,4350800.0,False,True,True,True,False,False
7928.T,7928,旭化学工業,Standard,化学,,2026-09-04,2609.0,617.0,4927080.0,7660.0,1295700.0,False,True,True,True,False,False
3646.T,3646,駅探,Growth,情報・通信業,,2026-09-04,2609.0,354.0,4913450.0,13585.0,1168200.0,False,True,True,True,False,False
8045.T,8045,横浜丸魚,Standard,卸売業,,2026-09-04,2609.0,2050.0,4911100.0,2405.0,3895000.0,False,True,True,True,False,False
3204.T,3204,トーア紡コーポレーション,Standard,繊維製品,,2026-09-04,2609.0,501.0,4899350.0,9810.0,1202400.0,False,True,True,True,False,False
7353.T,7353,ＫＩＹＯラーニング,Growth,サービス業,,2026-09-04,1501.0,531.0,4872330.0,8935.0,8602200.0,False,True,True,True,False,False
6428.T,6428,オーイズミ,Standard,機械,,2026-09-04,2609.0,326.0,4870875.0,14950.0,3488200.0,False,True,True,True,False,False
4728.T,4728,トーセ,Standard,情報・通信業,,2026-09-04,2609.0,649.0,4866975.0,7515.0,2336400.0,False,True,True,True,False,False
3065.T,3065,ライフフーズ,Standard,小売業,,2026-09-04,2609.0,1588.0,4839830.0,3010.0,1270400.0,False,True,True,True,False,False
3958.T,3958,笹徳印刷,Standard,パルプ・紙,,2026-09-04,721.0,553.0,4839125.0,8790.0,6414800.0,False,True,True,True,False,False
4386.T,4386,ＳＩＧグループ,Standard,情報・通信業,,2026-09-04,2008.0,892.0,4828235.0,5350.0,2943600.0,False,True,True,True,False,False
7208.T,7208,カネミツ,Standard,輸送用機器,,2026-09-04,2609.0,1305.0,4815425.0,3720.0,2479500.0,False,True,True,True,False,False
7058.T,7058,共栄セキュリティーサービス,Standard,サービス業,,2026-09-04,1822.0,2970.0,4802725.0,1655.0,891000.0,False,True,True,True,False,False
6018.T,6018,阪神内燃機工業,Standard,輸送用機器,,2026-09-04,2609.0,6140.0,4799500.0,795.0,0.0,False,True,True,True,False,False
9236.T,9236,ジャパンＭ＆Ａソリューション,Growth,サービス業,,2026-09-04,700.0,1404.0,4798710.0,3510.0,842400.0,False,True,True,True,False,False
9857.T,9857,英和,Standard,卸売業,,2026-09-04,2609.0,2630.0,4788480.0,1820.0,789000.0,False,True,True,True,False,False
4450.T,4450,パワーソリューションズ,Growth,情報・通信業,,2026-09-04,1691.0,2342.0,4787005.0,2105.0,2810400.0,False,True,True,True,False,False
7643.T,7643,ダイイチ,Standard,小売業,,2026-09-04,2609.0,1724.0,4772285.0,2745.0,5689200.0,False,True,True,True,False,False
2683.T,2683,魚喜,Standard,小売業,,2026-09-04,2609.0,996.0,4764200.0,4740.0,1095600.0,False,True,True,True,False,False
2984.T,2984,ヤマイチエステート,Standard,不動産業,,2026-09-04,1032.0,750.0,4763345.0,6275.0,3450000.0,False,True,True,True,False,False
7827.T,7827,オービス,Standard,その他製品,,2026-09-04,2609.0,1748.0,4749220.0,2775.0,3496000.0,False,True,True,True,False,False
4069.T,4069,ＢｌｕｅＭｅｍｅ,Growth,情報・通信業,,2026-09-04,1269.0,720.0,4721565.0,6795.0,8568000.0,False,True,True,True,False,False
5194.T,5194,相模ゴム工業,Standard,ゴム製品,,2026-09-04,2609.0,648.0,4719140.0,7340.0,4665600.0,False,True,True,True,False,False
3682.T,3682,エンカレッジ・テクノロジ,Standard,情報・通信業,,2026-09-04,2609.0,585.0,4693625.0,7990.0,2047500.0,False,True,True,True,False,False
3944.T,3944,古林紙工,Standard,パルプ・紙,,2026-09-04,2609.0,3235.0,4691630.0,1510.0,4205500.0,False,True,True,True,False,False
2903.T,2903,シノブフーズ,Standard,食料品,,2026-09-04,2609.0,1601.0,4667635.0,2925.0,3842400.0,False,True,True,True,False,False
7887.T,7887,南海プライウッド,Standard,その他製品,,2026-09-04,2609.0,1590.0,4657220.0,2990.0,1908000.0,False,True,True,True,False,False
5906.T,5906,エムケー精工,Standard,金属製品,,2026-09-04,2609.0,772.0,4650925.0,6210.0,3088000.0,False,True,True,True,False,False
2169.T,2169,ＣＤＳ,Standard,サービス業,,2026-09-04,2609.0,1721.0,4634510.0,2695.0,3786200.0,False,True,True,True,False,False
9647.T,9647,協和コンサルタンツ,Standard,サービス業,,2026-09-04,2609.0,6780.0,4627100.0,695.0,678000.0,False,True,True,True,False,False
2937.T,2937,サンクゼール,Growth,食料品,,2026-09-04,907.0,1757.0,4597630.0,2625.0,3865400.0,False,True,True,True,False,False
3524.T,3524,日東製網,Standard,繊維製品,,2026-09-04,2609.0,1481.0,4596720.0,3085.0,12440400.0,False,True,True,True,False,False
9996.T,9996,サトー商会,Standard,卸売業,,2026-09-04,2609.0,2036.0,4577585.0,2180.0,203600.0,False,True,True,True,False,False
7682.T,7682,浜木綿,Standard,小売業,,2026-09-04,1680.0,3920.0,4574775.0,1170.0,5880000.0,False,True,True,True,False,False
4242.T,4242,タカギセイコー,Standard,化学,,2026-09-04,2609.0,1782.0,4564935.0,2530.0,2673000.0,False,True,True,True,False,False
2778.T,2778,パレモ・ホールディングス,Standard,小売業,,2026-09-04,2609.0,115.0,4560205.0,40120.0,2426500.0,False,False,True,True,False,False
8115.T,8115,ムーンバット,Standard,卸売業,,2026-09-04,2609.0,1312.0,4552925.0,3440.0,1049600.0,False,True,True,True,False,False
1438.T,1438,岐阜造園,Standard,建設業,,2026-09-04,964.0,2283.0,4527370.0,1995.0,684900.0,False,True,True,True,False,False
3690.T,3690,イルグルム,Standard,情報・通信業,,2026-09-04,2609.0,594.0,4523505.0,7955.0,21681000.0,False,True,True,True,False,False
7219.T,7219,エッチ・ケー・エス,Standard,輸送用機器,,2026-09-04,2609.0,2500.0,4488865.0,1725.0,1250000.0,False,True,True,True,False,False
5609.T,5609,日本鋳造,Standard,鉄鋼,,2026-09-04,2609.0,914.0,4484880.0,4885.0,2285000.0,False,True,True,True,False,False
2185.T,2185,シイエム・シイ,Standard,サービス業,,2026-09-04,2609.0,2000.0,4477075.0,2305.0,2800000.0,False,True,True,True,False,False
149A.T,149A,シンカ,Growth,情報・通信業,,2026-09-04,598.0,802.0,4445205.0,5690.0,2967400.0,False,True,True,True,False,False
2411.T,2411,ゲンダイエージェンシー,Standard,情報・通信業,,2026-09-04,2609.0,470.0,4443950.0,9495.0,2867000.0,False,True,True,True,False,False
7369.T,7369,メイホーホールディングス,Growth,サービス業,,2026-09-04,1288.0,362.0,4441740.0,12515.0,977400.0,False,True,True,True,False,False
2687.T,2687,シー・ヴイ・エス・ベイエリア,Standard,サービス業,,2026-09-04,2609.0,494.0,4425120.0,8845.0,1827800.0,False,True,True,True,False,False
3559.T,3559,ピーバンドットコム,Standard,卸売業,,2026-09-04,2340.0,458.0,4407420.0,9930.0,732800.0,False,True,True,True,False,False
5952.T,5952,アマテイ,Standard,金属製品,,2026-09-04,2609.0,190.0,4397465.0,23425.0,3990000.0,False,False,True,True,False,False
9057.T,9057,遠州トラック,Standard,陸運業,,2026-09-04,2609.0,3265.0,4386275.0,1365.0,4571000.0,False,True,True,True,False,False
3071.T,3071,ストリーム,Standard,小売業,,2026-09-04,2609.0,106.0,4380425.0,41765.0,3402600.0,False,False,True,True,False,False
4240.T,4240,クラスターテクノロジー,Growth,化学,,2026-09-04,2609.0,317.0,4377125.0,13520.0,507200.0,False,True,True,True,False,False
7264.T,7264,ムロコーポレーション,Standard,輸送用機器,,2026-09-04,2609.0,1351.0,4374465.0,3290.0,1215900.0,False,True,True,True,False,False
3454.T,3454,ファーストブラザーズ,Standard,不動産業,,2026-09-04,2609.0,1271.0,4363835.0,3420.0,1652300.0,False,True,True,True,False,False
4387.T,4387,ＺＵＵ,Growth,情報・通信業,,2026-09-04,2008.0,551.0,4342520.0,8395.0,3967200.0,False,True,True,True,False,False
9173.T,9173,東海汽船,Standard,海運業,,2026-09-04,2609.0,2820.0,4339930.0,1535.0,1410000.0,False,True,True,True,False,False
9206.T,9206,スターフライヤー,Standard,空運業,,2026-09-04,2609.0,1970.0,4334910.0,2210.0,3546000.0,False,True,True,True,False,False
2769.T,2769,ヴィレッジヴァンガードコーポレーション,Standard,小売業,,2026-09-04,2609.0,925.0,4332840.0,4760.0,3515000.0,False,True,True,True,False,False
9439.T,9439,エム・エイチ・グループ,Standard,サービス業,,2026-09-04,2609.0,223.0,4330055.0,18675.0,4638400.0,False,True,True,True,False,False
7938.T,7938,リーガルコーポレーション,Standard,その他製品,,2026-09-04,2609.0,2139.0,4324915.0,1985.0,3422400.0,False,True,True,True,False,False
5355.T,5355,日本坩堝,Standard,ガラス・土石製品,,2026-09-04,2609.0,670.0,4323050.0,6405.0,1943000.0,False,True,True,True,False,False
7372.T,7372,デコルテ・ホールディングス,Growth,サービス業,,2026-09-04,1274.0,396.0,4309600.0,10895.0,2059200.0,False,True,True,True,False,False
7804.T,7804,ビーアンドピー,Standard,その他製品,,2026-09-04,1738.0,2382.0,4306290.0,1845.0,2620200.0,False,True,True,True,False,False
9955.T,9955,ヨンキュウ,Standard,卸売業,,2026-09-04,2609.0,2812.0,4302675.0,1520.0,2530800.0,False,True,True,True,False,False
6090.T,6090,ヒューマン・メタボローム・テクノロジーズ,Standard,サービス業,,2026-09-04,2609.0,614.0,4288490.0,7020.0,4298000.0,False,True,True,True,False,False
6342.T,6342,太平製作所,Standard,機械,,2026-09-04,2609.0,2968.0,4286985.0,1425.0,0.0,False,True,True,True,False,False
6568.T,6568,神戸天然物化学,Growth,サービス業,,2026-09-04,2079.0,1249.0,4258315.0,3410.0,499600.0,False,True,True,True,False,False
5576.T,5576,オービーシステム,Standard,情報・通信業,,2026-09-04,785.0,3005.0,4249610.0,1435.0,9015000.0,False,True,True,True,False,False
7614.T,7614,オーエムツーネットワーク,Standard,小売業,,2026-09-04,2609.0,1541.0,4241295.0,2765.0,2927900.0,False,True,True,True,False,False
6888.T,6888,アクモス,Standard,情報・通信業,,2026-09-04,2609.0,497.0,4228360.0,8505.0,3876600.0,False,True,True,True,False,False
228A.T,228A,オプロ,Growth,情報・通信業,,2026-09-04,498.0,1701.0,4223140.0,2550.0,4082400.0,False,True,True,True,False,False
9950.T,9950,ハチバン,Standard,小売業,,2026-09-04,2609.0,3445.0,4220575.0,1230.0,7923500.0,False,True,True,True,False,False
9036.T,9036,東部ネットワーク,Standard,陸運業,,2026-09-04,2609.0,1238.0,4220545.0,3305.0,7551800.0,False,True,True,True,False,False
9791.T,9791,ビケンテクノ,Standard,サービス業,,2026-09-04,2609.0,1188.0,4219555.0,3565.0,4158000.0,False,True,True,True,False,False
5237.T,5237,ノザワ,Standard,ガラス・土石製品,,2026-09-04,2609.0,1221.0,4216405.0,3495.0,2930400.0,False,True,True,True,False,False
8230.T,8230,はせがわ,Standard,小売業,,2026-09-04,2609.0,310.0,4200740.0,13425.0,1922000.0,False,True,True,True,False,False
6662.T,6662,ユビテック,Standard,電気機器,,2026-09-04,2609.0,230.0,4175315.0,18450.0,1564000.0,False,True,True,True,False,False
3537.T,3537,昭栄薬品,Standard,卸売業,,2026-09-04,2580.0,1759.0,4137205.0,2385.0,2462600.0,False,True,True,True,False,False
3396.T,3396,フェリシモ,Standard,小売業,,2026-09-04,2609.0,865.0,4135960.0,4725.0,1211000.0,False,True,True,True,False,False
2961.T,2961,日本調理機,Standard,金属製品,,2026-09-04,1180.0,1530.0,4119465.0,2625.0,765000.0,False,True,True,True,False,False
8908.T,8908,毎日コムネット,Standard,不動産業,,2026-09-04,2609.0,892.0,4112045.0,4680.0,7225200.0,False,True,True,True,False,False
9428.T,9428,クロップス,Standard,情報・通信業,,2026-09-04,2609.0,1482.0,4110480.0,2855.0,889200.0,False,True,True,True,False,False
9636.T,9636,きんえい,Standard,サービス業,,2026-09-04,2609.0,4185.0,4108675.0,985.0,1255500.0,False,True,True,True,False,False
7898.T,7898,ウッドワン,Standard,その他製品,,2026-09-04,2609.0,924.0,4106890.0,4435.0,2956800.0,False,True,True,True,False,False
5603.T,5603,虹技,Standard,鉄鋼,,2026-09-04,2609.0,1320.0,4102810.0,3115.0,9240000.0,False,True,True,True,False,False
138A.T,138A,光フードサービス,Growth,小売業,,2026-09-04,616.0,3110.0,4089300.0,1315.0,311000.0,False,True,True,True,False,False
2813.T,2813,和弘食品,Standard,食料品,,2026-09-04,2609.0,3920.0,4081050.0,1035.0,1176000.0,False,True,True,True,False,False
6360.T,6360,東京自働機械製作所,Standard,機械,,2026-09-04,2609.0,4720.0,4065200.0,860.0,7080000.0,False,True,True,True,False,False
3494.T,3494,マリオン,Standard,不動産業,,2026-09-04,1949.0,446.0,4060735.0,9170.0,1917800.0,False,True,True,True,False,False
4334.T,4334,ユークス,Standard,情報・通信業,,2026-09-04,2609.0,401.0,4060415.0,10335.0,7298200.0,False,True,True,True,False,False
9307.T,9307,杉村倉庫,Standard,倉庫・運輸関連業,,2026-09-04,2609.0,970.0,4037685.0,4080.0,2813000.0,False,True,True,True,False,False
3166.T,3166,ＯＣＨＩホールディングス,Standard,卸売業,,2026-09-04,2609.0,1467.0,4034025.0,2750.0,2493900.0,False,True,True,True,False,False
4388.T,4388,エーアイ,Growth,情報・通信業,,2026-09-04,2004.0,372.0,4018600.0,10880.0,8965200.0,False,True,True,True,False,False
3181.T,3181,買取王国,Standard,小売業,,2026-09-04,2609.0,1054.0,4015745.0,3730.0,1475600.0,False,True,True,True,False,False
3161.T,3161,アゼアス,Standard,卸売業,,2026-09-04,2609.0,666.0,4010170.0,5975.0,3396600.0,False,True,True,True,False,False
9876.T,9876,コックス,Standard,小売業,,2026-09-04,2609.0,223.0,3988055.0,18085.0,3300400.0,False,True,True,True,False,False
2408.T,2408,ＫＧ情報,Standard,サービス業,,2026-09-04,2609.0,853.0,3981285.0,4650.0,2217800.0,False,True,True,True,False,False
1770.T,1770,藤田エンジニアリング,Standard,建設業,,2026-09-04,2609.0,2105.0,3977795.0,1905.0,1894500.0,False,True,True,True,False,False
5941.T,5941,中西製作所,Standard,金属製品,,2026-09-04,2609.0,2726.0,3977570.0,1450.0,6542400.0,False,True,True,True,False,False
2341.T,2341,アルバイトタイムス,Standard,サービス業,,2026-09-04,2609.0,172.0,3966110.0,23270.0,1427600.0,False,False,True,True,False,False
6964.T,6964,サンコー,Standard,電気機器,,2026-09-04,2609.0,693.0,3957590.0,5665.0,2564100.0,False,True,True,True,False,False
9063.T,9063,岡山県貨物運送,Standard,陸運業,,2026-09-04,2609.0,4235.0,3955775.0,935.0,2541000.0,False,True,True,True,False,False
2904.T,2904,一正蒲鉾,Standard,食料品,,2026-09-04,2609.0,755.0,3948625.0,5245.0,830500.0,False,True,True,True,False,False
1450.T,1450,ＴＡＮＡＫＥＮ,Standard,建設業,,2026-09-04,1881.0,1467.0,3947440.0,2690.0,2787300.0,False,True,True,True,False,False
6334.T,6334,明治機械,Standard,機械,,2026-09-04,2609.0,491.0,3947360.0,7865.0,3044200.0,False,True,True,True,False,False
7126.T,7126,グローバルスタイル,Standard,小売業,,2026-09-04,1232.0,1435.0,3928815.0,2765.0,4161500.0,False,True,True,True,False,False
3409.T,3409,北紡,Standard,繊維製品,,2026-09-04,2609.0,91.0,3926705.0,42065.0,2393300.0,False,False,True,True,False,False
1840.T,1840,土屋ホールディングス,Standard,建設業,,2026-09-04,2609.0,259.0,3912760.0,15480.0,5749800.0,False,True,True,True,False,False
5918.T,5918,瀧上工業,Standard,金属製品,,2026-09-04,2609.0,8010.0,3892500.0,500.0,801000.0,False,True,True,True,False,False
9417.T,9417,スマートバリュー,Standard,情報・通信業,,2026-09-04,2609.0,345.0,3891410.0,11310.0,3036000.0,False,True,True,True,False,False
340A.T,340A,ジグザグ,Growth,情報・通信業,,2026-09-04,352.0,318.0,3890060.0,12200.0,8649600.0,False,True,True,True,False,False
3202.T,3202,ダイトウボウ,Standard,繊維製品,,2026-09-04,2609.0,131.0,3884290.0,30295.0,4034800.0,False,False,True,True,False,False
3266.T,3266,ファンドクリエーショングループ,Standard,不動産業,,2026-09-04,2609.0,79.0,3875335.0,48625.0,268600.0,False,False,True,True,False,False
3674.T,3674,オークファン,Growth,情報・通信業,,2026-09-04,2609.0,340.0,3873700.0,11490.0,1836000.0,False,True,True,True,False,False
5162.T,5162,朝日ラバー,Standard,ゴム製品,,2026-09-04,2609.0,799.0,3855980.0,4900.0,1598000.0,False,True,True,True,False,False
3246.T,3246,コーセーアールイー,Standard,不動産業,,2026-09-04,2609.0,689.0,3853685.0,5660.0,2067000.0,False,True,True,True,False,False
3137.T,3137,ファンデリー,Growth,小売業,,2026-09-04,2609.0,205.0,3842750.0,18595.0,1148000.0,False,True,True,True,False,False
7021.T,7021,ニッチツ,Standard,機械,,2026-09-04,2609.0,2212.0,3833885.0,1780.0,2875600.0,False,True,True,True,False,False
9930.T,9930,北沢産業,Standard,卸売業,,2026-09-04,2609.0,402.0,3832120.0,9570.0,9447000.0,False,True,True,True,False,False
4287.T,4287,ジャストプランニング,Standard,情報・通信業,,2026-09-04,2609.0,483.0,3829845.0,7770.0,2125200.0,False,True,True,True,False,False
4990.T,4990,昭和化学工業,Standard,化学,,2026-09-04,2609.0,528.0,3820670.0,7640.0,950400.0,False,True,True,True,False,False
9419.T,9419,ワイヤレスゲート,Standard,情報・通信業,,2026-09-04,2609.0,293.0,3814990.0,13020.0,3135100.0,False,True,True,True,False,False
5921.T,5921,川岸工業,Standard,金属製品,,2026-09-04,2609.0,4390.0,3802825.0,880.0,1756000.0,False,True,True,True,False,False
3841.T,3841,ジーダット,Standard,情報・通信業,,2026-09-04,2609.0,1396.0,3794155.0,2815.0,3908800.0,False,True,True,True,False,False
6218.T,6218,エンシュウ,Standard,機械,,2026-09-04,2609.0,659.0,3792280.0,5955.0,7051300.0,False,True,True,True,False,False
2391.T,2391,プラネット,Standard,サービス業,,2026-09-04,2609.0,1176.0,3792220.0,3225.0,1293600.0,False,True,True,True,False,False
5987.T,5987,オーネックス,Standard,金属製品,,2026-09-04,2609.0,1636.0,3785260.0,2035.0,1963200.0,False,True,True,True,False,False
7847.T,7847,グラファイトデザイン,Standard,その他製品,,2026-09-04,2609.0,630.0,3785020.0,5695.0,6804000.0,False,True,True,True,False,False
2708.T,2708,久世,Standard,卸売業,,2026-09-04,2609.0,1916.0,3784595.0,1970.0,1724400.0,False,True,True,True,False,False
9760.T,9760,進学会ホールディングス,Standard,サービス業,,2026-09-04,2609.0,119.0,3782465.0,31635.0,1654100.0,False,False,True,True,False,False
7183.T,7183,あんしん保証,Standard,その他金融業,,2026-09-04,2609.0,254.0,3782370.0,14890.0,3708400.0,False,True,True,True,False,False
7064.T,7064,ハウテレビジョン,Growth,サービス業,,2026-09-04,1795.0,1000.0,3777545.0,4115.0,9200000.0,False,True,True,True,False,False
4750.T,4750,ダイサン,Standard,サービス業,,2026-09-04,2609.0,563.0,3728680.0,6595.0,4898100.0,False,True,True,True,False,False
4351.T,4351,山田再生系債権回収総合事務所,Standard,その他金融業,,2026-09-04,2609.0,870.0,3728460.0,4455.0,6177000.0,False,True,True,True,False,False
3461.T,3461,パルマ,Standard,不動産業,,2026-09-04,2609.0,626.0,3724645.0,6100.0,6510400.0,False,True,True,True,False,False
7096.T,7096,ステムセル研究所,Growth,サービス業,,2026-09-04,1271.0,761.0,3722685.0,4890.0,2130800.0,False,True,True,True,False,False
3639.T,3639,ボルテージ,Standard,情報・通信業,,2026-09-04,2609.0,242.0,3710405.0,16535.0,2057000.0,False,True,True,True,False,False
7812.T,7812,クレステック,Standard,その他製品,,2026-09-04,2609.0,2125.0,3700510.0,1725.0,1912500.0,False,True,True,True,False,False
9820.T,9820,エムティジェネックス,Standard,不動産業,,2026-09-04,2609.0,3935.0,3697925.0,975.0,6296000.0,False,True,True,True,False,False
6848.T,6848,東亜ディーケーケー,Standard,電気機器,,2026-09-04,2609.0,865.0,3687630.0,4255.0,4757500.0,False,True,True,True,False,False
3477.T,3477,フォーライフ,Growth,不動産業,,2026-09-04,2390.0,898.0,3684665.0,4150.0,3681800.0,False,True,True,False,False,False
4076.T,4076,シイエヌエス,Growth,情報・通信業,,2026-09-04,1234.0,2005.0,3683640.0,1860.0,601500.0,False,True,True,True,False,False
2876.T,2876,デルソーレ,Standard,食料品,,2026-09-04,2609.0,476.0,3659510.0,7700.0,3712800.0,False,True,True,True,False,False
4437.T,4437,ｇｏｏｄｄａｙｓホールディングス,Growth,情報・通信業,,2026-09-04,1817.0,746.0,3652125.0,4760.0,1044400.0,False,True,True,True,False,False
7368.T,7368,表示灯,Standard,サービス業,,2026-09-04,1324.0,1711.0,3648555.0,2140.0,342200.0,False,True,True,True,False,False
9240.T,9240,デリバリーコンサルティング,Growth,サービス業,,2026-09-04,1249.0,415.0,3645980.0,8560.0,664000.0,False,True,True,True,False,False
9238.T,9238,バリュークリエーション,Growth,サービス業,,2026-09-04,680.0,385.0,3642955.0,9225.0,2772000.0,False,True,True,True,False,False
7919.T,7919,野崎印刷紙業,Standard,その他製品,,2026-09-04,2609.0,227.0,3634565.0,16390.0,1566300.0,False,True,True,True,False,False
2435.T,2435,シダー,Standard,サービス業,,2026-09-04,2609.0,209.0,3596320.0,16850.0,1943700.0,False,True,True,True,False,False
9818.T,9818,大丸エナウィン,Standard,卸売業,,2026-09-04,2609.0,1548.0,3580475.0,2290.0,1238400.0,False,True,True,True,False,False
8144.T,8144,デンキョーグループホールディングス,Standard,卸売業,,2026-09-04,2609.0,1260.0,3569800.0,2855.0,378000.0,False,True,True,True,False,False
2894.T,2894,石井食品,Standard,食料品,,2026-09-04,2609.0,368.0,3565425.0,9960.0,5188800.0,False,True,True,True,False,False
3641.T,3641,パピレス,Standard,情報・通信業,,2026-09-04,2609.0,998.0,3555495.0,3640.0,1896200.0,False,True,True,True,False,False
5283.T,5283,高見澤,Standard,卸売業,,2026-09-04,2609.0,3160.0,3553625.0,1120.0,632000.0,False,True,True,True,False,False
2917.T,2917,大森屋,Standard,食料品,,2026-09-04,2609.0,923.0,3552810.0,3815.0,2492100.0,False,True,True,True,False,False
4120.T,4120,スガイ化学工業,Standard,化学,,2026-09-04,2609.0,3000.0,3540240.0,1195.0,300000.0,False,True,True,True,False,False
2907.T,2907,あじかん,Standard,食料品,,2026-09-04,2609.0,1531.0,3527340.0,2315.0,1224800.0,False,True,True,True,False,False
2349.T,2349,エヌアイデイ,Standard,情報・通信業,,2026-09-04,2609.0,2461.0,3519705.0,1395.0,2707100.0,False,True,True,True,False,False
7687.T,7687,ミクリード,Growth,卸売業,,2026-09-04,1583.0,445.0,3519370.0,7830.0,3382000.0,False,True,True,True,False,False
4934.T,4934,プレミアアンチエイジング,Growth,化学,,2026-09-04,1432.0,596.0,3505080.0,5880.0,4112400.0,False,True,True,True,False,False
6926.T,6926,岡谷電機産業,Standard,電気機器,,2026-09-04,2609.0,193.0,3496275.0,18530.0,6870800.0,False,False,True,True,False,False
7254.T,7254,ユニバンス,Standard,輸送用機器,,2026-09-04,2609.0,831.0,3495850.0,4275.0,415500.0,False,True,True,True,False,False
2818.T,2818,ピエトロ,Standard,食料品,,2026-09-04,2609.0,1773.0,3462835.0,1965.0,4787100.0,False,True,True,True,False,False
7833.T,7833,アイフィスジャパン,Standard,その他製品,,2026-09-04,2609.0,687.0,3450760.0,5230.0,15938400.0,False,True,True,True,False,False
6552.T,6552,ＧａｍｅＷｉｔｈ,Standard,サービス業,,2026-09-04,2262.0,176.0,3434230.0,19660.0,2728000.0,False,False,True,True,False,False
3224.T,3224,ゼネラル・オイスター,Growth,小売業,,2026-09-04,2609.0,694.0,3426795.0,4965.0,2082000.0,False,True,True,True,False,False
192A.T,192A,インテグループ,Growth,サービス業,,2026-09-04,542.0,1264.0,3426370.0,2735.0,758400.0,False,True,True,True,False,False
3157.T,3157,ジオリーブグループ,Standard,卸売業,,2026-09-04,2609.0,1445.0,3415515.0,2380.0,3034500.0,False,True,True,True,False,False
1383.T,1383,ベルグアース,Standard,水産・農林業,,2026-09-04,2609.0,2994.0,3408015.0,1135.0,2095800.0,False,True,True,True,False,False
5939.T,5939,大谷工業,Standard,金属製品,,2026-09-04,2609.0,4805.0,3396500.0,705.0,1922000.0,False,True,True,True,False,False
3571.T,3571,ソトー,Standard,繊維製品,,2026-09-04,2609.0,739.0,3390750.0,4690.0,1921400.0,False,True,True,True,False,False
1446.T,1446,キャンディル,Standard,建設業,,2026-09-04,1999.0,537.0,3389110.0,6245.0,1288800.0,False,True,True,True,False,False
9878.T,9878,セキド,Standard,小売業,,2026-09-04,2609.0,411.0,3372755.0,8155.0,1931700.0,False,True,True,True,False,False
3317.T,3317,フライングガーデン,Standard,小売業,,2026-09-04,2609.0,1484.0,3361410.0,2310.0,2671200.0,False,True,True,True,False,False
6408.T,6408,小倉クラッチ,Standard,機械,,2026-09-04,2609.0,4295.0,3359975.0,780.0,1718000.0,False,True,True,True,False,False
9835.T,9835,ジュンテンドー,Standard,小売業,,2026-09-04,2609.0,509.0,3346920.0,6530.0,1170700.0,False,True,True,True,False,False
8006.T,8006,ユアサ・フナショク,Standard,卸売業,,2026-09-04,2609.0,1546.0,3337685.0,2160.0,5874800.0,False,True,True,True,False,False
1724.T,1724,シンクレイヤ,Standard,建設業,,2026-09-04,2609.0,717.0,3335350.0,4680.0,1505700.0,False,True,True,True,False,False
3286.T,3286,トラストホールディングス,Standard,不動産業,,2026-09-04,2609.0,890.0,3322495.0,3720.0,1869000.0,False,True,True,True,False,False
3172.T,3172,ティーライフ,Standard,小売業,,2026-09-04,2609.0,1120.0,3317035.0,2950.0,10080000.0,False,True,True,True,False,False
6396.T,6396,宇野澤組鐵工所,Standard,機械,,2026-09-04,2609.0,4700.0,3307725.0,710.0,6110000.0,False,True,True,True,False,False
2654.T,2654,アスモ,Standard,小売業,,2026-09-04,2609.0,439.0,3290470.0,7725.0,7726400.0,False,True,True,True,False,False
8166.T,8166,タカキュー,Standard,小売業,,2026-09-04,2609.0,78.0,3287780.0,42030.0,1645800.0,False,False,True,True,False,False
6038.T,6038,イード,Growth,サービス業,,2026-09-04,2609.0,821.0,3285400.0,3965.0,7060600.0,False,True,True,True,False,False
6757.T,6757,ＯＳＧコーポレーション,Standard,電気機器,,2026-09-04,2609.0,876.0,3283820.0,3725.0,1839600.0,False,True,True,True,False,False
8898.T,8898,センチュリー２１・ジャパン,Standard,不動産業,,2026-09-04,2609.0,1135.0,3265085.0,2880.0,5334500.0,False,True,True,True,False,False
8107.T,8107,キムラタン,Standard,繊維製品,,2026-09-04,2609.0,31.0,3259980.0,104780.0,2303300.0,False,False,True,True,False,False
6612.T,6612,バルミューダ,Growth,電気機器,,2026-09-04,1399.0,594.0,3253930.0,5355.0,2138400.0,False,True,True,True,False,False
9778.T,9778,昴,Standard,サービス業,,2026-09-04,2609.0,5530.0,3253100.0,570.0,1659000.0,False,True,True,True,False,False
7345.T,7345,アイ・パートナーズフィナンシャル,Growth,その他金融業,,2026-09-04,1272.0,945.0,3248560.0,3455.0,94500.0,False,True,True,True,False,False
3948.T,3948,光ビジネスフォーム,Standard,パルプ・紙,,2026-09-04,2609.0,1176.0,3244265.0,2815.0,1058400.0,False,True,True,True,False,False
3160.T,3160,大光,Standard,卸売業,,2026-09-04,2609.0,578.0,3243740.0,5600.0,3236800.0,False,True,True,True,False,False
4068.T,4068,ベイシス,Growth,情報・通信業,,2026-09-04,1271.0,1774.0,3233735.0,1875.0,3015800.0,False,True,True,True,False,False
387A.T,387A,フラー,Growth,情報・通信業,,2026-09-04,272.0,918.0,3214330.0,3360.0,734400.0,False,True,True,True,False,False
8836.T,8836,ＲＩＳＥ,Standard,不動産業,,2026-09-04,2609.0,27.0,3208000.0,118630.0,1433700.0,False,False,True,True,False,False
9872.T,9872,北恵,Standard,卸売業,,2026-09-04,2609.0,963.0,3206770.0,3355.0,2022300.0,False,True,True,True,False,False
7886.T,7886,ヤマト　モビリティ　＆　Ｍｆｇ．,Standard,化学,,2026-09-04,2609.0,613.0,3194160.0,4830.0,9011100.0,False,True,True,True,False,False
4615.T,4615,神東塗料,Standard,化学,,2026-09-04,2609.0,134.0,3192400.0,24175.0,2117200.0,False,False,True,True,False,False
7077.T,7077,ＡＬｉＮＫインターネット,Growth,サービス業,,2026-09-04,1644.0,985.0,3182940.0,3195.0,1280500.0,False,True,True,True,False,False
7986.T,7986,日本アイ・エス・ケイ,Standard,その他製品,,2026-09-04,2609.0,1916.0,3180730.0,1660.0,1724400.0,False,True,True,True,False,False
9537.T,9537,北陸瓦斯,Standard,電気・ガス業,,2026-09-04,2609.0,4300.0,3165325.0,725.0,2580000.0,False,True,True,True,False,False
352A.T,352A,ＬＯＩＶＥ,Growth,サービス業,,2026-09-04,334.0,543.0,3158810.0,5850.0,1629000.0,False,True,True,True,False,False
7524.T,7524,マルシェ,Standard,小売業,,2026-09-04,2609.0,175.0,3116570.0,17465.0,770000.0,False,False,True,True,False,False
1787.T,1787,ナカボーテック,Standard,建設業,,2026-09-04,2609.0,5680.0,3112800.0,530.0,2272000.0,False,True,True,True,False,False
5950.T,5950,日本パワーファスニング,Standard,金属製品,,2026-09-04,2609.0,156.0,3110805.0,20345.0,2137200.0,False,False,True,True,False,False
2373.T,2373,ケア２１,Standard,サービス業,,2026-09-04,2609.0,411.0,3097870.0,7590.0,3575700.0,False,True,True,True,False,False
3779.T,3779,ジェイ・エスコムホールディングス,Standard,情報・通信業,,2026-09-04,2609.0,129.0,3094775.0,23655.0,2347800.0,False,False,True,True,False,False
148A.T,148A,ハッチ・ワーク,Growth,情報・通信業,,2026-09-04,599.0,1669.0,3091470.0,1795.0,333800.0,False,True,True,True,False,False
1807.T,1807,佐藤渡辺,Standard,建設業,,2026-09-04,2609.0,1948.0,3091470.0,1645.0,779200.0,False,True,True,True,False,False
3080.T,3080,ジェーソン,Standard,小売業,,2026-09-04,2609.0,812.0,3068740.0,3800.0,1948800.0,False,True,True,True,False,False
1764.T,1764,工藤建設,Standard,建設業,,2026-09-04,2609.0,2729.0,3066710.0,1120.0,818700.0,False,True,True,True,False,False
9767.T,9767,日建工学,Standard,サービス業,,2026-09-04,2609.0,1617.0,3066560.0,1955.0,1617000.0,False,True,True,True,False,False
9059.T,9059,カンダホールディングス,Standard,陸運業,,2026-09-04,2609.0,922.0,3062980.0,3355.0,4425600.0,False,True,True,True,False,False
7215.T,7215,ファルテック,Standard,輸送用機器,,2026-09-04,2609.0,423.0,3057470.0,6950.0,84600.0,False,True,True,True,False,False
7601.T,7601,ポプラ,Standard,小売業,,2026-09-04,2609.0,165.0,3046100.0,18585.0,10906500.0,False,False,True,True,False,False
8996.T,8996,ハウスフリーダム,Standard,不動産業,,2026-09-04,905.0,1080.0,3042335.0,2795.0,2484000.0,False,True,True,True,False,False
7813.T,7813,プラッツ,Standard,その他製品,,2026-09-04,2609.0,905.0,3030655.0,3540.0,2172000.0,False,True,True,True,False,False
3067.T,3067,東京一番フーズ,Standard,小売業,,2026-09-04,2609.0,465.0,3010550.0,6530.0,697500.0,False,True,True,True,False,False
2388.T,2388,ウェッジホールディングス,Growth,その他金融業,,2026-09-04,2609.0,33.0,2994030.0,85745.0,1567500.0,False,False,True,True,False,False
4177.T,4177,ｉ‐ｐｌｕｇ,Growth,情報・通信業,,2026-09-04,1337.0,1525.0,2963870.0,1935.0,3812500.0,False,True,True,True,False,False
9701.T,9701,東京會舘,Standard,サービス業,,2026-09-04,2609.0,4325.0,2948300.0,690.0,3460000.0,False,True,True,True,False,False
4428.T,4428,シノプス,Growth,情報・通信業,,2026-09-04,1876.0,712.0,2946230.0,4205.0,1708800.0,False,True,True,True,False,False
7093.T,7093,アディッシュ,Growth,サービス業,,2026-09-04,1576.0,576.0,2944695.0,5110.0,2304000.0,False,True,True,True,False,False
298A.T,298A,ＧＶＡ　ＴＥＣＨ,Growth,情報・通信業,,2026-09-04,411.0,350.0,2941765.0,8885.0,1365000.0,False,True,True,True,False,False
3521.T,3521,テルマー湯ホールディングス,Standard,サービス業,,2026-09-04,2609.0,156.0,2936310.0,18840.0,1060800.0,False,False,True,True,False,False
1795.T,1795,マサル,Standard,建設業,,2026-09-04,2609.0,5720.0,2934100.0,530.0,572000.0,False,True,True,True,False,False
3536.T,3536,アクサスホールディングス,Standard,小売業,,2026-09-04,2609.0,129.0,2907930.0,22445.0,3805500.0,False,False,True,True,False,False
5247.T,5247,ＢＴＭ,Growth,情報・通信業,,2026-09-04,903.0,570.0,2907145.0,5100.0,1824000.0,False,True,True,True,False,False
5956.T,5956,トーソー,Standard,金属製品,,2026-09-04,2609.0,573.0,2895160.0,5040.0,401100.0,False,True,True,True,False,False
7992.T,7992,セーラー万年筆,Standard,その他製品,,2026-09-04,2609.0,105.0,2888560.0,27795.0,11571000.0,False,False,True,True,False,False
3261.T,3261,グランディーズ,Growth,不動産業,,2026-09-04,2609.0,418.0,2884850.0,7095.0,961400.0,False,True,True,True,False,False
2816.T,2816,ダイショー,Standard,食料品,,2026-09-04,2609.0,1417.0,2874530.0,2035.0,1700400.0,False,True,True,True,False,False
3045.T,3045,カワサキ,Standard,卸売業,,2026-09-04,2609.0,1456.0,2865255.0,1940.0,1747200.0,False,True,True,True,False,False
7265.T,7265,エイケン工業,Standard,輸送用機器,,2026-09-04,2609.0,3770.0,2855700.0,745.0,13195000.0,False,True,True,True,False,False
4166.T,4166,かっこ,Growth,情報・通信業,,2026-09-04,1397.0,633.0,2851730.0,4495.0,633000.0,False,True,True,True,False,False
4445.T,4445,リビン・テクノロジーズ,Growth,情報・通信業,,2026-09-04,1755.0,1949.0,2849610.0,1520.0,3703100.0,False,True,True,True,False,False
4558.T,4558,中京医薬品,Standard,医薬品,,2026-09-04,2609.0,202.0,2841865.0,14115.0,323200.0,False,True,True,True,False,False
5867.T,5867,エスネットワークス,Growth,サービス業,,2026-09-04,661.0,1338.0,2838325.0,2295.0,1873200.0,False,True,True,True,False,False
3123.T,3123,サイボー,Standard,繊維製品,,2026-09-04,2609.0,654.0,2825150.0,4360.0,1569600.0,False,True,True,True,False,False
7500.T,7500,西川計測,Standard,卸売業,,2026-09-04,2609.0,9760.0,2810550.0,290.0,16592000.0,False,True,True,True,False,False
6185.T,6185,ＳＭＮ,Standard,サービス業,,2026-09-04,2609.0,368.0,2793945.0,7595.0,1214400.0,False,True,True,True,False,False
4524.T,4524,森下仁丹,Standard,医薬品,,2026-09-04,2609.0,2245.0,2790545.0,1245.0,1571500.0,False,True,True,True,False,False
2499.T,2499,日本和装ホールディングス,Standard,サービス業,,2026-09-04,2609.0,307.0,2783955.0,9370.0,2486700.0,False,True,True,True,False,False
6063.T,6063,日本エマージェンシーアシスタンス,Standard,サービス業,,2026-09-04,2609.0,994.0,2782935.0,2765.0,1192800.0,False,True,True,True,False,False
3931.T,3931,バリューゴルフ,Growth,情報・通信業,,2026-09-04,2589.0,1504.0,2771505.0,1840.0,1504000.0,False,True,True,True,False,False
2877.T,2877,日東ベスト,Standard,食料品,,2026-09-04,2609.0,757.0,2770365.0,3700.0,832700.0,False,True,True,True,False,False
137A.T,137A,Ｃｏｃｏｌｉｖｅ,Growth,情報・通信業,,2026-09-04,617.0,700.0,2769320.0,3905.0,1470000.0,False,True,True,True,False,False
9376.T,9376,ユーラシア旅行社,Standard,サービス業,,2026-09-04,2609.0,825.0,2766785.0,3370.0,2557500.0,False,True,True,True,False,False
9242.T,9242,メディア総研,Growth,サービス業,,2026-09-04,1225.0,1943.0,2757035.0,1455.0,971500.0,False,True,True,True,False,False
4925.T,4925,ハーバー研究所,Standard,化学,,2026-09-04,2609.0,1739.0,2748395.0,1585.0,1912900.0,False,True,True,True,False,False
7057.T,7057,エヌ・シー・エヌ,Standard,サービス業,,2026-09-04,1824.0,923.0,2742230.0,3030.0,646100.0,False,True,True,True,False,False
3423.T,3423,エスイー,Standard,金属製品,,2026-09-04,2609.0,275.0,2737780.0,9945.0,3025000.0,False,True,True,True,False,False
7477.T,7477,ムラキ,Standard,卸売業,,2026-09-04,2609.0,1617.0,2723110.0,1805.0,0.0,False,True,True,True,False,False
2993.T,2993,長栄,Standard,不動産業,,2026-09-04,1148.0,2219.0,2706125.0,1210.0,3328500.0,False,True,True,True,False,False
3954.T,3954,昭和パックス,Standard,パルプ・紙,,2026-09-04,2609.0,3185.0,2703225.0,855.0,7962500.0,False,True,True,True,False,False
7472.T,7472,鳥羽洋行,Standard,卸売業,,2026-09-04,2609.0,3920.0,2701725.0,695.0,1568000.0,False,True,True,True,False,False
9903.T,9903,カンセキ,Standard,小売業,,2026-09-04,2609.0,895.0,2696905.0,3010.0,984500.0,False,True,True,True,False,False
7681.T,7681,レオクラン,Standard,卸売業,,2026-09-04,1691.0,1005.0,2688265.0,2585.0,0.0,False,True,True,True,False,False
175A.T,175A,Ｗｉｌｌ　Ｓｍａｒｔ,Growth,情報・通信業,,2026-09-04,584.0,646.0,2669060.0,4235.0,2777800.0,False,True,True,True,False,False
304A.T,304A,フォルシア,Growth,情報・通信業,,2026-09-04,411.0,1940.0,2660030.0,1380.0,0.0,False,True,True,True,False,False
3326.T,3326,ランシステム,Standard,サービス業,,2026-09-04,2609.0,655.0,2659145.0,4080.0,1899500.0,False,True,True,True,False,False
6867.T,6867,リーダー電子,Standard,電気機器,,2026-09-04,2609.0,403.0,2652895.0,6460.0,3949400.0,False,True,True,True,False,False
4341.T,4341,西菱電機,Standard,サービス業,,2026-09-04,2609.0,895.0,2651975.0,2990.0,1521500.0,False,True,True,True,False,False
9223.T,9223,ＡＳＮＯＶＡ,Growth,サービス業,,2026-09-04,658.0,435.0,2651555.0,6000.0,1914000.0,False,True,True,True,False,False
3469.T,3469,デュアルタップ,Standard,不動産業,,2026-09-04,2495.0,893.0,2650295.0,2955.0,2589700.0,False,True,True,True,False,False
3416.T,3416,ピクスタ,Growth,小売業,,2026-09-04,2609.0,907.0,2645865.0,3000.0,181400.0,False,True,True,True,False,False
9213.T,9213,セイファート,Standard,サービス業,,2026-09-04,1121.0,1018.0,2635870.0,2520.0,101800.0,False,True,True,True,False,False
8119.T,8119,三栄コーポレーション,Standard,卸売業,,2026-09-04,2609.0,793.0,2633955.0,3380.0,634400.0,False,True,True,True,False,False
7673.T,7673,ダイコー通産,Standard,卸売業,,2026-09-04,1826.0,1701.0,2623760.0,1575.0,6293700.0,False,True,True,True,False,False
9049.T,9049,京福電気鉄道,Standard,陸運業,,2026-09-04,2609.0,6700.0,2623000.0,395.0,3350000.0,False,True,True,True,False,False
3986.T,3986,ビーブレイクシステムズ,Growth,情報・通信業,,2026-09-04,2273.0,471.0,2621750.0,5440.0,1789800.0,False,True,True,True,False,False
9656.T,9656,グリーンランドリゾート,Standard,サービス業,,2026-09-04,2609.0,603.0,2616725.0,4335.0,603000.0,False,True,True,True,False,False
3920.T,3920,アイビーシー,Standard,情報・通信業,,2026-09-04,2609.0,997.0,2612605.0,2645.0,1994000.0,False,True,True,True,False,False
5695.T,5695,パウダーテック,Standard,鉄鋼,,2026-09-04,2609.0,2951.0,2612300.0,870.0,1770600.0,False,True,True,True,False,False
7689.T,7689,コパ・コーポレーション,Growth,卸売業,,2026-09-04,1515.0,381.0,2602300.0,7120.0,43434000.0,False,True,True,True,False,False
7370.T,7370,Ｅｎｊｉｎ,Growth,サービス業,,2026-09-04,1276.0,719.0,2578410.0,3615.0,1294200.0,False,True,True,True,False,False
5962.T,5962,浅香工業,Standard,その他製品,,2026-09-04,2609.0,2138.0,2555800.0,1250.0,3207000.0,False,True,True,True,False,False
5279.T,5279,日本興業,Standard,ガラス・土石製品,,2026-09-04,2609.0,1203.0,2549975.0,2125.0,3007500.0,False,True,True,True,False,False
6633.T,6633,ＣＧＳホールディングス,Standard,電気機器,,2026-09-04,2609.0,316.0,2530145.0,7905.0,2559600.0,False,True,True,True,False,False
3372.T,3372,関門海,Standard,小売業,,2026-09-04,2609.0,220.0,2528975.0,11480.0,5126000.0,False,True,True,True,False,False
7793.T,7793,イメージ・マジック,Growth,その他製品,,2026-09-04,1104.0,1501.0,2523790.0,1675.0,2251500.0,False,True,True,True,False,False
2493.T,2493,イーサポートリンク,Standard,サービス業,,2026-09-04,2609.0,945.0,2520330.0,2665.0,1228500.0,False,True,True,True,False,False
7901.T,7901,マツモト,Standard,その他製品,,2026-09-04,2609.0,843.0,2520265.0,2980.0,1601700.0,False,True,True,True,False,False
9867.T,9867,ソレキア,Standard,卸売業,,2026-09-04,2609.0,10600.0,2516900.0,240.0,4240000.0,False,True,True,True,False,False
7446.T,7446,東北化学薬品,Standard,卸売業,,2026-09-04,2609.0,4525.0,2498675.0,565.0,0.0,False,True,True,True,False,False
7444.T,7444,ハリマ共和物産,Standard,卸売業,,2026-09-04,2609.0,1977.0,2491030.0,1255.0,1186200.0,False,True,True,True,False,False
7872.T,7872,エステールホールディングス,Standard,その他製品,,2026-09-04,2609.0,617.0,2483675.0,4055.0,1912700.0,False,True,True,True,False,False
3361.T,3361,トーエル,Standard,小売業,,2026-09-04,2609.0,896.0,2480465.0,2800.0,89600.0,False,True,True,True,False,False
4372.T,4372,ユミルリンク,Growth,情報・通信業,,2026-09-04,1212.0,1290.0,2475630.0,1895.0,8256000.0,False,True,True,True,False,False
3041.T,3041,ビューティカダンホールディングス,Standard,卸売業,,2026-09-04,2609.0,412.0,2470865.0,6090.0,1194800.0,False,True,True,True,False,False
1382.T,1382,ホーブ,Standard,水産・農林業,,2026-09-04,2609.0,875.0,2470550.0,2805.0,350000.0,False,True,True,True,False,False
9353.T,9353,櫻島埠頭,Standard,倉庫・運輸関連業,,2026-09-04,2609.0,2990.0,2464130.0,840.0,2990000.0,False,True,True,True,False,False
7367.T,7367,セルム,Standard,サービス業,,2026-09-04,1325.0,330.0,2462880.0,7355.0,396000.0,False,True,True,True,False,False
6267.T,6267,ゼネラルパッカー,Standard,機械,,2026-09-04,2609.0,4050.0,2462075.0,615.0,2835000.0,False,True,True,True,False,False
2454.T,2454,オールアバウト,Standard,サービス業,,2026-09-04,2609.0,353.0,2458440.0,7080.0,1800300.0,False,True,True,True,False,False
3768.T,3768,リスクモンスター,Standard,情報・通信業,,2026-09-04,2609.0,560.0,2452355.0,4375.0,336000.0,False,True,True,True,False,False
5973.T,5973,トーアミ,Standard,金属製品,,2026-09-04,2609.0,613.0,2446665.0,3985.0,1042100.0,False,True,True,True,False,False
9060.T,9060,日本ロジテム,Standard,陸運業,,2026-09-04,2609.0,4165.0,2445200.0,585.0,416500.0,False,True,True,True,False,False
5923.T,5923,高田機工,Standard,金属製品,,2026-09-04,2609.0,1175.0,2443475.0,2110.0,2232500.0,False,True,True,True,False,False
4335.T,4335,ＩＰＳホールディングス,Standard,情報・通信業,,2026-09-04,2609.0,1089.0,2425555.0,2215.0,1960200.0,False,True,True,True,False,False
9342.T,9342,スマサポ,Growth,サービス業,,2026-09-04,900.0,989.0,2415755.0,2550.0,4054900.0,False,True,True,True,False,False
6042.T,6042,ニッキ,Standard,輸送用機器,,2026-09-04,2609.0,3835.0,2411875.0,610.0,0.0,False,True,True,True,False,False
6325.T,6325,タカキタ,Standard,機械,,2026-09-04,2609.0,414.0,2400700.0,5800.0,952200.0,False,True,True,True,False,False
6467.T,6467,ニチダイ,Standard,機械,,2026-09-04,2609.0,345.0,2391285.0,6965.0,2932500.0,False,True,True,True,False,False
3138.T,3138,富士山マガジンサービス,Growth,小売業,,2026-09-04,2609.0,1132.0,2390025.0,2110.0,3735600.0,False,True,True,True,False,False
2806.T,2806,ユタカフーズ,Standard,食料品,,2026-09-04,2609.0,1934.0,2386250.0,1250.0,580200.0,False,True,True,True,False,False
7042.T,7042,アクセスグループ・ホールディングス,Standard,サービス業,,2026-09-04,1910.0,668.0,2370280.0,3405.0,3674000.0,False,True,True,True,False,False
2293.T,2293,滝沢ハム,Standard,食料品,,2026-09-04,2609.0,2715.0,2365875.0,870.0,1086000.0,False,True,True,True,False,False
3169.T,3169,ミサワ,Standard,小売業,,2026-09-04,2609.0,687.0,2353785.0,3505.0,3228900.0,False,True,True,True,False,False
5252.T,5252,日本ナレッジ,Growth,情報・通信業,,2026-09-04,845.0,745.0,2344840.0,3020.0,149000.0,False,True,True,True,False,False
6190.T,6190,フェニックスバイオ,Growth,サービス業,,2026-09-04,2578.0,333.0,2341530.0,6830.0,2031300.0,False,True,True,True,False,False
8025.T,8025,ツカモトコーポレーション,Standard,卸売業,,2026-09-04,2609.0,1324.0,2339810.0,1755.0,397200.0,False,True,True,True,False,False
3998.T,3998,すららネット,Growth,情報・通信業,,2026-09-04,2141.0,292.0,2331560.0,7880.0,204400.0,False,True,True,True,False,False
7902.T,7902,ソノコム,Standard,その他製品,,2026-09-04,2609.0,1130.0,2329325.0,2100.0,339000.0,False,True,True,True,False,False
6230.T,6230,ＳＡＮＥＩ,Standard,機械,,2026-09-04,1392.0,2170.0,2309755.0,1080.0,1085000.0,False,True,True,True,False,False
6034.T,6034,ＭＲＴ,Growth,サービス業,,2026-09-04,2609.0,633.0,2308320.0,3615.0,1266000.0,False,True,True,True,False,False
9327.T,9327,イー・ロジット,Standard,倉庫・運輸関連業,,2026-09-04,1332.0,188.0,2301285.0,11975.0,1278400.0,False,False,True,True,False,False
9978.T,9978,文教堂グループホールディングス,Standard,小売業,,2026-09-04,2609.0,44.0,2292255.0,51390.0,1826000.0,False,False,True,True,False,False
3598.T,3598,山喜,Standard,繊維製品,,2026-09-04,2609.0,166.0,2288245.0,13920.0,1477400.0,False,False,True,True,False,False
3024.T,3024,クリエイト,Standard,卸売業,,2026-09-04,2609.0,1161.0,2283875.0,1965.0,464400.0,False,True,True,True,False,False
331A.T,331A,メディックス,Standard,サービス業,,2026-09-04,359.0,490.0,2279690.0,4645.0,1470000.0,False,True,True,True,False,False
2156.T,2156,セーラー広告,Standard,サービス業,,2026-09-04,2609.0,280.0,2273995.0,8165.0,168000.0,False,True,True,True,False,False
4444.T,4444,インフォネット,Growth,情報・通信業,,2026-09-04,1758.0,968.0,2262910.0,2380.0,193600.0,False,True,True,True,False,False
7997.T,7997,くろがね工作所,Standard,その他製品,,2026-09-04,2609.0,1079.0,2262080.0,2105.0,1079000.0,False,True,True,True,False,False
7625.T,7625,グローバルダイニング,Standard,小売業,,2026-09-04,2609.0,470.0,2260580.0,4735.0,4606000.0,False,True,True,True,False,False
5126.T,5126,ポーターズ,Growth,情報・通信業,,2026-09-04,962.0,1428.0,2253850.0,1565.0,1142400.0,False,True,True,True,False,False
3011.T,3011,バナーズ,Standard,小売業,,2026-09-04,2609.0,145.0,2245340.0,15500.0,1798000.0,False,False,True,True,False,False
9972.T,9972,アルテック,Standard,卸売業,,2026-09-04,2609.0,284.0,2244175.0,8040.0,1562000.0,False,True,True,True,False,False
9258.T,9258,ＣＳ－Ｃ,Growth,サービス業,,2026-09-04,1148.0,308.0,2238840.0,7500.0,0.0,False,True,True,True,False,False
4172.T,4172,東和ハイシステム,Standard,情報・通信業,,2026-09-04,1392.0,2278.0,2237640.0,975.0,1139000.0,False,True,True,True,False,False
4198.T,4198,テンダ,Standard,情報・通信業,,2026-09-04,1282.0,506.0,2237105.0,4510.0,455400.0,False,True,True,True,False,False
7808.T,7808,シー・エス・ランバー,Standard,その他製品,,2026-09-04,2165.0,2780.0,2222525.0,815.0,1390000.0,False,True,True,True,False,False
9220.T,9220,エフビー介護サービス,Standard,サービス業,,2026-09-04,1080.0,1300.0,2219115.0,1780.0,260000.0,False,True,True,True,False,False
6150.T,6150,タケダ機械,Standard,機械,,2026-09-04,2609.0,2799.0,2219085.0,795.0,839700.0,False,True,True,True,False,False
7043.T,7043,アルー,Growth,サービス業,,2026-09-04,1886.0,946.0,2206205.0,2345.0,0.0,False,True,True,True,False,False
9265.T,9265,ヤマシタヘルスケアホールディングス,Standard,卸売業,,2026-09-04,2153.0,3605.0,2189775.0,595.0,6489000.0,False,True,True,True,False,False
6772.T,6772,東京コスモス電機,Standard,電気機器,,2026-09-04,2609.0,1048.0,2186550.0,2050.0,209600.0,False,True,True,True,False,False
5271.T,5271,トーヨーアサノ,Standard,ガラス・土石製品,,2026-09-04,2362.0,2261.0,2183840.0,960.0,0.0,False,True,True,True,False,False
3352.T,3352,バッファロー,Standard,小売業,,2026-09-04,2609.0,1800.0,2182235.0,1230.0,1620000.0,False,True,True,True,False,False
5928.T,5928,アルメタックス,Standard,金属製品,,2026-09-04,2609.0,293.0,2181945.0,7605.0,4248500.0,False,True,True,True,False,False
7314.T,7314,小田原機器,Standard,輸送用機器,,2026-09-04,2609.0,1339.0,2177380.0,1665.0,4150900.0,False,True,True,True,False,False
3804.T,3804,システム　ディ,Standard,情報・通信業,,2026-09-04,2609.0,471.0,2171095.0,4770.0,4804200.0,False,True,True,True,False,False
244A.T,244A,グロースエクスパートナーズ,Growth,情報・通信業,,2026-09-04,474.0,1163.0,2137745.0,1830.0,2907500.0,False,True,True,True,False,False
4766.T,4766,ピーエイ,Standard,サービス業,,2026-09-04,2609.0,212.0,2136250.0,10545.0,2077600.0,False,True,True,True,False,False
6566.T,6566,要興業,Standard,サービス業,,2026-09-04,2137.0,1255.0,2124590.0,1580.0,2384500.0,False,True,True,True,False,False
6322.T,6322,タクミナ,Standard,機械,,2026-09-04,2609.0,1582.0,2095385.0,1325.0,1265600.0,False,True,True,True,False,False
6664.T,6664,オプトエレクトロニクス,Standard,電気機器,,2026-09-04,2609.0,257.0,2085060.0,8355.0,308400.0,False,True,True,True,False,False
6248.T,6248,横田製作所,Standard,機械,,2026-09-04,2609.0,1720.0,2079030.0,1190.0,516000.0,False,True,True,True,False,False
3059.T,3059,ヒラキ,Standard,小売業,,2026-09-04,2609.0,709.0,2077415.0,2930.0,850800.0,False,True,True,True,False,False
6233.T,6233,ＫＬＡＳＳ,Standard,機械,,2026-09-04,1939.0,397.0,2059760.0,5180.0,5994700.0,False,True,True,True,False,False
4754.T,4754,トスネット,Standard,サービス業,,2026-09-04,2609.0,1493.0,2056270.0,1360.0,149300.0,False,True,True,True,False,False
4438.T,4438,Ｗｅｌｂｙ,Growth,情報・通信業,,2026-09-04,1813.0,268.0,2052110.0,7860.0,9433600.0,False,True,True,True,False,False
8742.T,8742,小林洋行,Standard,証券、商品先物取引業,,2026-09-04,2609.0,578.0,2045220.0,3645.0,2947800.0,False,True,True,True,False,False
7782.T,7782,シンシア,Standard,精密機器,,2026-09-04,2394.0,491.0,2040085.0,4325.0,2013100.0,False,True,True,True,False,False
6059.T,6059,ウチヤマホールディングス,Standard,サービス業,,2026-09-04,2609.0,361.0,2036770.0,5645.0,1985500.0,False,True,True,True,False,False
8147.T,8147,トミタ,Standard,卸売業,,2026-09-04,2609.0,1416.0,2032430.0,1455.0,708000.0,False,True,True,True,False,False
3634.T,3634,ソケッツ,Standard,情報・通信業,,2026-09-04,2609.0,588.0,2027775.0,3430.0,1117200.0,False,True,True,True,False,False
7426.T,7426,山大,Standard,卸売業,,2026-09-04,2609.0,602.0,2025875.0,3215.0,240800.0,False,True,True,True,False,False
9685.T,9685,ＫＹＣＯＭホールディングス,Standard,情報・通信業,,2026-09-04,2609.0,578.0,2021585.0,3520.0,578000.0,False,True,True,True,False,False
7509.T,7509,アイエーグループ,Standard,小売業,,2026-09-04,2609.0,4700.0,2019850.0,425.0,0.0,False,True,True,True,False,False
9475.T,9475,昭文社ホールディングス,Standard,情報・通信業,,2026-09-04,2609.0,531.0,2009385.0,3855.0,1221300.0,False,True,True,True,False,False
3766.T,3766,システムズ・デザイン,Standard,情報・通信業,,2026-09-04,2609.0,1429.0,2009020.0,1410.0,142900.0,False,True,True,True,False,False
9215.T,9215,ＣａＳｙ,Growth,サービス業,,2026-09-04,1110.0,1000.0,2008950.0,2080.0,1100000.0,False,True,True,True,False,False
4642.T,4642,オリジナル設計,Standard,サービス業,,2026-09-04,2609.0,1409.0,2004980.0,1420.0,1409000.0,False,True,True,True,False,False
7434.T,7434,オータケ,Standard,卸売業,,2026-09-04,2609.0,1810.0,2002105.0,1105.0,543000.0,False,True,True,True,False,False
3293.T,3293,アズマハウス,Standard,不動産業,,2026-09-04,2609.0,771.0,2000135.0,2585.0,616800.0,False,True,True,True,False,False
4356.T,4356,応用技術,Standard,情報・通信業,,2026-09-04,2609.0,1631.0,1992510.0,1205.0,326200.0,False,True,True,True,False,False
9246.T,9246,プロジェクトホールディングス,Growth,サービス業,,2026-09-04,1208.0,1127.0,1988840.0,1805.0,338100.0,False,True,True,True,False,False
6894.T,6894,パルステック工業,Standard,電気機器,,2026-09-04,2609.0,2184.0,1975985.0,915.0,873600.0,False,True,True,True,False,False
220A.T,220A,Ｆａｂｅｒ　Ｃｏｍｐａｎｙ,Standard,情報・通信業,,2026-09-04,512.0,954.0,1974800.0,2070.0,3339000.0,False,True,True,True,False,False
7399.T,7399,ナンシン,Standard,輸送用機器,,2026-09-04,2609.0,623.0,1963180.0,3245.0,2180500.0,False,True,True,True,False,False
7791.T,7791,ドリームベッド,Standard,その他製品,,2026-09-04,1273.0,829.0,1963010.0,2400.0,663200.0,False,True,True,True,False,False
6786.T,6786,ＲＶＨ,Standard,サービス業,,2026-09-04,2609.0,49.0,1959450.0,39980.0,1019200.0,False,False,True,True,False,False
9254.T,9254,ラバブルマーケティンググループ,Growth,サービス業,,2026-09-04,1150.0,1103.0,1958595.0,1750.0,220600.0,False,True,True,True,False,False
177A.T,177A,コージンバイオ,Growth,化学,,2026-09-04,577.0,846.0,1953550.0,2285.0,1015200.0,False,True,True,True,False,False
6546.T,6546,フルテック,Standard,サービス業,,2026-09-04,2332.0,1179.0,1952655.0,1700.0,6484500.0,False,True,True,True,False,False
9853.T,9853,銀座ルノアール,Standard,小売業,,2026-09-04,2609.0,910.0,1944430.0,2140.0,3731000.0,False,True,True,True,False,False
9885.T,9885,シャルレ,Standard,卸売業,,2026-09-04,2609.0,336.0,1938825.0,5790.0,436800.0,False,True,True,True,False,False
9017.T,9017,新潟交通,Standard,陸運業,,2026-09-04,2609.0,2005.0,1935630.0,970.0,6215500.0,False,True,True,True,False,False
7362.T,7362,Ｔ．Ｓ．Ｉ,Growth,サービス業,,2026-09-04,1337.0,858.0,1935390.0,2250.0,3174600.0,False,True,True,True,False,False
4020.T,4020,ビートレンド,Growth,情報・通信業,,2026-09-04,1397.0,835.0,1934645.0,2430.0,584500.0,False,True,True,True,False,False
7074.T,7074,トゥエンティーフォーセブンホールディングス,Growth,サービス業,,2026-09-04,1658.0,190.0,1934060.0,10155.0,266000.0,False,False,True,True,False,False
184A.T,184A,学びエイド,Growth,情報・通信業,,2026-09-04,557.0,320.0,1926635.0,5920.0,1184000.0,False,True,True,True,False,False
2916.T,2916,仙波糖化工業,Standard,食料品,,2026-09-04,2609.0,745.0,1923935.0,2590.0,3278000.0,False,True,True,True,False,False
7046.T,7046,ＴＤＳＥ,Growth,サービス業,,2026-09-04,1881.0,1388.0,1921550.0,1445.0,1526800.0,False,True,True,True,False,False
7073.T,7073,ジェイック,Growth,サービス業,,2026-09-04,1674.0,2353.0,1912770.0,835.0,1647100.0,False,True,True,True,False,False
4752.T,4752,昭和システムエンジニアリング,Standard,情報・通信業,,2026-09-04,2609.0,1566.0,1904945.0,1210.0,0.0,False,True,True,True,False,False
2978.T,2978,ツクルバ,Growth,不動産業,,2026-09-04,1733.0,333.0,1901655.0,5620.0,1332000.0,False,True,True,True,False,False
248A.T,248A,キッズスター,Growth,情報・通信業,,2026-09-04,474.0,815.0,1892780.0,2315.0,8394500.0,False,True,True,True,False,False
5974.T,5974,中国工業,Standard,金属製品,,2026-09-04,2609.0,835.0,1890785.0,2235.0,2505000.0,False,True,True,True,False,False
3058.T,3058,三洋堂ホールディングス,Standard,小売業,,2026-09-04,2609.0,703.0,1877450.0,2675.0,351500.0,False,True,True,True,False,False
7443.T,7443,横浜魚類,Standard,卸売業,,2026-09-04,2609.0,667.0,1876675.0,2835.0,2267800.0,False,True,True,True,False,False
8013.T,8013,ナイガイ,Standard,繊維製品,,2026-09-04,2609.0,368.0,1873955.0,5260.0,1656000.0,False,True,True,True,False,False
3955.T,3955,イムラ,Standard,パルプ・紙,,2026-09-04,2609.0,847.0,1864735.0,2205.0,423500.0,False,True,True,True,False,False
3474.T,3474,Ｇ－ＦＡＣＴＯＲＹ,Growth,不動産業,,2026-09-04,2447.0,607.0,1863995.0,3145.0,3035000.0,False,True,True,True,False,False
7114.T,7114,フーディソン,Growth,卸売業,,2026-09-04,910.0,779.0,1853320.0,2365.0,467400.0,False,True,True,True,False,False
4421.T,4421,ディ・アイ・システム,Standard,情報・通信業,,2026-09-04,1922.0,942.0,1839980.0,1965.0,753600.0,False,True,True,True,False,False
5134.T,5134,ＰＯＰＥＲ,Growth,情報・通信業,,2026-09-04,932.0,487.0,1839780.0,3820.0,584400.0,False,True,True,True,False,False
7422.T,7422,東邦レマック,Standard,卸売業,,2026-09-04,2609.0,396.0,1838090.0,5000.0,8870400.0,False,True,True,True,False,False
4736.T,4736,日本ラッド,Standard,情報・通信業,,2026-09-04,2609.0,580.0,1831930.0,3120.0,580000.0,False,True,True,True,False,False
1897.T,1897,金下建設,Standard,建設業,,2026-09-04,2609.0,3310.0,1830800.0,545.0,331000.0,False,True,True,True,False,False
9339.T,9339,コーチ・エィ,Standard,サービス業,,2026-09-04,906.0,1430.0,1819880.0,1280.0,572000.0,False,True,True,True,False,False
189A.T,189A,Ｄ＆Ｍカンパニー,Growth,サービス業,,2026-09-04,547.0,1016.0,1812295.0,1835.0,508000.0,False,True,True,True,False,False
7041.T,7041,ＣＲＧホールディングス,Growth,サービス業,,2026-09-04,1930.0,358.0,1804985.0,5185.0,2148000.0,False,True,True,True,False,False
7877.T,7877,永大化工,Standard,化学,,2026-09-04,2609.0,2228.0,1796420.0,820.0,668400.0,False,True,True,False,False,False
6198.T,6198,キャリア,Growth,サービス業,,2026-09-04,2512.0,202.0,1783195.0,8760.0,14018800.0,False,True,True,True,False,False
2796.T,2796,ファーマライズホールディングス,Standard,小売業,,2026-09-04,2609.0,505.0,1778205.0,3560.0,757500.0,False,True,True,True,False,False
7975.T,7975,リヒトラブ,Standard,その他製品,,2026-09-04,2609.0,1168.0,1767195.0,1545.0,1168000.0,False,True,True,True,False,False
2136.T,2136,ヒップ,Standard,サービス業,,2026-09-04,2609.0,1435.0,1763270.0,1245.0,2009000.0,False,True,True,True,False,False
7464.T,7464,セフテック,Standard,卸売業,,2026-09-04,2609.0,1534.0,1756800.0,1145.0,1380600.0,False,True,True,True,False,False
2722.T,2722,ＩＫホールディングス,Standard,小売業,,2026-09-04,2609.0,359.0,1746530.0,4870.0,1579600.0,False,True,True,True,False,False
9087.T,9087,タカセ,Standard,陸運業,,2026-09-04,2609.0,2169.0,1739050.0,825.0,216900.0,False,True,True,True,False,False
2911.T,2911,旭松食品,Standard,食料品,,2026-09-04,2609.0,2245.0,1737625.0,770.0,1571500.0,False,True,True,True,False,False
2424.T,2424,ブラス,Standard,サービス業,,2026-09-04,2585.0,597.0,1732480.0,2900.0,1492500.0,False,True,True,True,False,False
9073.T,9073,京極運輸商事,Standard,陸運業,,2026-09-04,2609.0,1227.0,1725820.0,1390.0,0.0,False,True,True,True,False,False
9362.T,9362,兵機海運,Standard,倉庫・運輸関連業,,2026-09-04,2609.0,3680.0,1725150.0,465.0,3312000.0,False,True,True,True,False,False
9691.T,9691,両毛システムズ,Standard,情報・通信業,,2026-09-04,2609.0,5150.0,1723700.0,335.0,0.0,False,True,True,True,False,False
6049.T,6049,イトクロ,Growth,サービス業,,2026-09-04,2609.0,253.0,1713450.0,6970.0,2049300.0,False,True,True,True,False,False
7040.T,7040,サン・ライフホールディング,Standard,サービス業,,2026-09-04,1937.0,977.0,1701575.0,1745.0,1074700.0,False,True,True,True,False,False
6424.T,6424,高見沢サイバネティックス,Standard,機械,,2026-09-04,2609.0,901.0,1701120.0,1895.0,901000.0,False,True,True,True,False,False
3297.T,3297,東武住販,Standard,不動産業,,2026-09-04,2609.0,1172.0,1695105.0,1435.0,937600.0,False,True,True,True,False,False
3184.T,3184,ＩＣＤＡホールディングス,Standard,小売業,,2026-09-04,2609.0,4200.0,1686850.0,400.0,420000.0,False,True,True,True,False,False
7501.T,7501,ティムコ,Standard,卸売業,,2026-09-04,2609.0,1455.0,1684070.0,1135.0,436500.0,False,True,True,True,False,False
1788.T,1788,三東工業社,Standard,建設業,,2026-09-04,2609.0,4120.0,1674675.0,395.0,2060000.0,False,True,True,True,False,False
8118.T,8118,キング,Standard,繊維製品,,2026-09-04,2609.0,1170.0,1667390.0,1385.0,1989000.0,False,True,True,True,False,False
7297.T,7297,カーメイト,Standard,輸送用機器,,2026-09-04,2609.0,866.0,1664860.0,1935.0,86600.0,False,True,True,True,False,False
4929.T,4929,アジュバンホールディングス,Standard,化学,,2026-09-04,2609.0,740.0,1664125.0,2255.0,888000.0,False,True,True,True,False,False
7140.T,7140,ペットゴー,Growth,小売業,,2026-09-04,1065.0,802.0,1662305.0,2070.0,240600.0,False,True,True,True,False,False
3583.T,3583,オーベクス,Standard,繊維製品,,2026-09-04,2609.0,1345.0,1657920.0,1270.0,807000.0,False,True,True,True,False,False
7831.T,7831,ウイルコホールディングス,Standard,その他製品,,2026-09-04,2609.0,68.0,1655720.0,24450.0,2400400.0,False,False,True,True,False,False
7538.T,7538,大水,Standard,卸売業,,2026-09-04,2609.0,386.0,1644570.0,4230.0,1042200.0,False,True,True,True,False,False
7255.T,7255,桜井製作所,Standard,輸送用機器,,2026-09-04,2609.0,510.0,1631180.0,3160.0,969000.0,False,True,True,True,False,False
3223.T,3223,エスエルディー,Standard,小売業,,2026-09-04,2609.0,964.0,1626870.0,1745.0,3181200.0,False,True,True,True,False,False
4260.T,4260,ハイブリッドテクノロジーズ,Growth,情報・通信業,,2026-09-04,1149.0,207.0,1619235.0,7625.0,538200.0,False,True,True,True,False,False
7865.T,7865,ピープル,Standard,その他製品,,2026-09-04,2609.0,338.0,1607775.0,4670.0,371800.0,False,True,True,True,False,False
7850.T,7850,総合商研,Standard,その他製品,,2026-09-04,2609.0,809.0,1595510.0,1955.0,889900.0,False,True,True,True,False,False
3848.T,3848,データ・アプリケーション,Standard,情報・通信業,,2026-09-04,2609.0,841.0,1588945.0,1885.0,841000.0,False,True,True,True,False,False
7129.T,7129,ミアヘルサホールディングス,Standard,小売業,,2026-09-04,1206.0,1175.0,1587865.0,1370.0,1057500.0,False,True,True,True,False,False
9565.T,9565,ＧＬＯＥ,Growth,サービス業,,2026-09-04,921.0,659.0,1585740.0,2360.0,1449800.0,False,True,True,True,False,False
7112.T,7112,キューブ,Growth,小売業,,2026-09-04,957.0,695.0,1585675.0,2260.0,625500.0,False,True,True,True,False,False
7544.T,7544,スリーエフ,Standard,小売業,,2026-09-04,2609.0,559.0,1581645.0,2835.0,2347800.0,False,True,True,True,False,False
3985.T,3985,テモナ,Standard,情報・通信業,,2026-09-04,2320.0,192.0,1568210.0,8495.0,825600.0,False,False,True,True,False,False
8040.T,8040,東京ソワール,Standard,繊維製品,,2026-09-04,2609.0,1048.0,1556730.0,1490.0,1886400.0,False,True,True,True,False,False
4464.T,4464,ソフト９９コーポレーション,Standard,化学,,2026-09-04,2609.0,3470.0,1552250.0,435.0,694000.0,False,True,True,True,False,False
7461.T,7461,キムラ,Standard,卸売業,,2026-09-04,2609.0,476.0,1547695.0,3240.0,95200.0,False,True,True,True,False,False
5616.T,5616,雨風太陽,Growth,情報・通信業,,2026-09-04,663.0,657.0,1546490.0,2425.0,591300.0,False,True,True,True,False,False
6074.T,6074,ジェイエスエス,Standard,サービス業,,2026-09-04,2609.0,517.0,1544025.0,2975.0,1602700.0,False,True,True,True,False,False
4487.T,4487,スペースマーケット,Growth,情報・通信業,,2026-09-04,1637.0,230.0,1532820.0,6690.0,483000.0,False,True,True,True,False,False
7916.T,7916,光村印刷,Standard,その他製品,,2026-09-04,2609.0,1880.0,1519650.0,795.0,0.0,False,True,True,True,False,False
3375.T,3375,ＺＯＡ,Standard,小売業,,2026-09-04,2609.0,1748.0,1516870.0,865.0,1398400.0,False,True,True,True,False,False
3988.T,3988,ＳＹＳホールディングス,Standard,情報・通信業,,2026-09-04,2263.0,560.0,1515940.0,2715.0,336000.0,False,True,True,True,False,False
5125.T,5125,ファインズ,Growth,情報・通信業,,2026-09-04,964.0,470.0,1510140.0,3185.0,1410000.0,False,True,True,True,False,False
2481.T,2481,タウンニュース社,Standard,サービス業,,2026-09-04,2609.0,684.0,1491165.0,2250.0,547200.0,False,True,True,True,False,False
3577.T,3577,東海染工,Standard,繊維製品,,2026-09-04,2609.0,930.0,1485475.0,1575.0,1767000.0,False,True,True,True,False,False
7883.T,7883,サンメッセ,Standard,その他製品,,2026-09-04,2609.0,401.0,1472435.0,3660.0,922300.0,False,True,True,True,False,False
8225.T,8225,タカチホ,Standard,卸売業,,2026-09-04,2609.0,3575.0,1467150.0,415.0,0.0,False,True,True,True,False,False
2747.T,2747,北雄ラッキー,Standard,小売業,,2026-09-04,2609.0,3145.0,1462250.0,465.0,1572500.0,False,True,True,True,False,False
5905.T,5905,日本製罐,Standard,金属製品,,2026-09-04,2609.0,1380.0,1460695.0,1070.0,276000.0,False,True,True,True,False,False
8938.T,8938,グローム・ホールディングス,Growth,不動産業,,2026-09-04,2609.0,333.0,1454795.0,4430.0,666000.0,False,True,True,True,False,False
9812.T,9812,テーオーホールディングス,Standard,卸売業,,2026-09-04,2609.0,245.0,1448210.0,5935.0,367500.0,False,True,True,True,False,False
5900.T,5900,ダイケン,Standard,金属製品,,2026-09-04,2609.0,860.0,1448025.0,1655.0,774000.0,False,True,True,True,False,False
7090.T,7090,リグア,Growth,サービス業,,2026-09-04,1584.0,944.0,1442315.0,1635.0,660800.0,False,True,True,True,False,False
303A.T,303A,ｖｉｓｕｍｏ,Growth,情報・通信業,,2026-09-04,411.0,585.0,1439760.0,2365.0,2340000.0,False,True,True,True,False,False
7807.T,7807,幸和製作所,Standard,その他製品,,2026-09-04,2155.0,855.0,1424920.0,1635.0,1282500.0,False,True,True,True,False,False
3908.T,3908,コラボス,Growth,情報・通信業,,2026-09-04,2609.0,353.0,1416820.0,4030.0,247100.0,False,True,True,True,False,False
4926.T,4926,シーボン,Standard,化学,,2026-09-04,2609.0,1247.0,1416155.0,1140.0,498800.0,False,True,True,True,False,False
2668.T,2668,タビオ,Standard,卸売業,,2026-09-04,2609.0,1263.0,1414755.0,1115.0,1515600.0,False,True,True,True,False,False
4769.T,4769,ＩＣ,Standard,情報・通信業,,2026-09-04,2609.0,1148.0,1407220.0,1235.0,1033200.0,False,True,True,True,False,False
8123.T,8123,川辺,Standard,卸売業,,2026-09-04,2609.0,1424.0,1405485.0,1000.0,569600.0,False,True,True,True,False,False
4678.T,4678,秀英予備校,Standard,サービス業,,2026-09-04,2609.0,330.0,1403330.0,4295.0,330000.0,False,True,True,True,False,False
2480.T,2480,システム・ロケーション,Standard,情報・通信業,,2026-09-04,2609.0,1752.0,1399850.0,810.0,2452800.0,False,True,True,True,False,False
4057.T,4057,インターファクトリー,Growth,情報・通信業,,2026-09-04,1473.0,355.0,1392125.0,3945.0,1597500.0,False,True,True,True,False,False
5380.T,5380,新東,Standard,ガラス・土石製品,,2026-09-04,2609.0,1229.0,1388560.0,1160.0,491600.0,False,True,True,True,False,False
3550.T,3550,スタジオアタオ,Growth,小売業,,2026-09-04,2408.0,216.0,1387315.0,6380.0,1965600.0,False,True,True,True,False,False
5742.T,5742,エヌアイシ・オートテック,Standard,非鉄金属,,2026-09-04,2609.0,755.0,1368945.0,1830.0,1283500.0,False,True,True,True,False,False
4017.T,4017,クリーマ,Growth,情報・通信業,,2026-09-04,1412.0,216.0,1368770.0,6410.0,561600.0,False,True,True,True,False,False
5533.T,5533,エリッツホールディングス,Standard,不動産業,,2026-09-04,781.0,2048.0,1364605.0,690.0,1433600.0,False,True,True,True,False,False
3111.T,3111,オーミケンシ,Standard,繊維製品,,2026-09-04,2609.0,185.0,1354805.0,7440.0,1517000.0,False,False,True,True,False,False
4247.T,4247,ポバール興業,Standard,化学,,2026-09-04,1099.0,1387.0,1353120.0,975.0,832200.0,False,True,True,True,False,False
168A.T,168A,イタミアート,Growth,その他製品,,2026-09-04,590.0,1085.0,1347795.0,1250.0,4448500.0,False,True,True,True,False,False
7585.T,7585,かんなん丸,Standard,小売業,,2026-09-04,2609.0,406.0,1345340.0,3305.0,2070600.0,False,True,True,True,False,False
3974.T,3974,ＳＣＡＴ,Standard,情報・通信業,,2026-09-04,2388.0,665.0,1329985.0,1990.0,2128000.0,False,True,True,True,False,False
4197.T,4197,アスマーク,Standard,情報・通信業,,2026-09-04,1125.0,2379.0,1321835.0,560.0,2379000.0,False,True,True,True,False,False
7416.T,7416,はるやまホールディングス,Standard,小売業,,2026-09-04,2609.0,683.0,1313390.0,1920.0,2049000.0,False,True,True,True,False,False
5078.T,5078,セレコーポレーション,Standard,建設業,,2026-09-04,1098.0,4780.0,1311450.0,275.0,478000.0,False,True,True,True,False,False
3439.T,3439,三ツ知,Standard,金属製品,,2026-09-04,2609.0,674.0,1288160.0,1905.0,539200.0,False,True,True,True,False,False
5618.T,5618,ナイル,Growth,情報・通信業,,2026-09-04,661.0,287.0,1279945.0,4510.0,1090600.0,False,True,True,True,False,False
2300.T,2300,きょくとう,Standard,サービス業,,2026-09-04,2609.0,497.0,1274955.0,2565.0,596400.0,False,True,True,True,False,False
6159.T,6159,ミクロン精密,Standard,機械,,2026-09-04,2609.0,1890.0,1269240.0,665.0,1701000.0,False,True,True,True,False,False
7486.T,7486,サンリン,Standard,卸売業,,2026-09-04,2609.0,810.0,1250950.0,1545.0,81000.0,False,True,True,True,False,False
9345.T,9345,ビズメイツ,Growth,サービス業,,2026-09-04,841.0,597.0,1243320.0,2065.0,1014900.0,False,True,True,True,False,False
1380.T,1380,秋川牧園,Standard,水産・農林業,,2026-09-04,2609.0,1000.0,1242980.0,1245.0,700000.0,False,True,True,True,False,False
7506.T,7506,ハウス　オブ　ローゼ,Standard,小売業,,2026-09-04,2609.0,1387.0,1230535.0,890.0,1248300.0,False,True,True,True,False,False
9330.T,9330,揚羽,Growth,サービス業,,2026-09-04,722.0,881.0,1229305.0,1405.0,1321500.0,False,True,True,True,False,False
4059.T,4059,まぐまぐ,Standard,情報・通信業,,2026-09-04,1454.0,394.0,1224310.0,3035.0,1142600.0,False,True,True,True,False,False
9365.T,9365,トレーディア,Standard,倉庫・運輸関連業,,2026-09-04,2609.0,1648.0,1223980.0,755.0,1153600.0,False,True,True,True,False,False
2291.T,2291,福留ハム,Standard,食料品,,2026-09-04,2609.0,508.0,1218295.0,2375.0,863600.0,False,True,True,True,False,False
3839.T,3839,ＯＤＫソリューションズ,Standard,情報・通信業,,2026-09-04,2609.0,641.0,1213860.0,1900.0,448700.0,False,True,True,True,False,False
3953.T,3953,大村紙業,Standard,パルプ・紙,,2026-09-04,2609.0,794.0,1205955.0,1510.0,0.0,False,True,True,True,False,False
6579.T,6579,ログリー,Growth,サービス業,,2026-09-04,2009.0,353.0,1202315.0,3395.0,105900.0,False,True,True,True,False,False
3802.T,3802,エコミック,Standard,情報・通信業,,2026-09-04,1553.0,503.0,1200740.0,2420.0,301800.0,False,True,True,True,False,False
7502.T,7502,プラザホールディングス,Standard,サービス業,,2026-09-04,2609.0,1692.0,1195715.0,715.0,1353600.0,False,True,True,True,False,False
7036.T,7036,イーエムネットジャパン,Growth,サービス業,,2026-09-04,1943.0,668.0,1193365.0,1800.0,1002000.0,False,True,True,True,False,False
7515.T,7515,マルヨシセンター,Standard,小売業,,2026-09-04,2609.0,4610.0,1173950.0,255.0,461000.0,False,True,True,True,False,False
9214.T,9214,Ｒｅｃｏｖｅｒｙ　Ｉｎｔｅｒｎａｔｉｏｎａｌ,Growth,サービス業,,2026-09-04,1122.0,1267.0,1173190.0,920.0,126700.0,False,True,True,True,False,False
9225.T,9225,ブリッジコンサルティンググループ,Growth,サービス業,,2026-09-04,1047.0,974.0,1172455.0,1205.0,1071400.0,False,True,True,True,False,False
5035.T,5035,ＨＯＵＳＥＩ,Growth,情報・通信業,,2026-09-04,1005.0,368.0,1159885.0,3225.0,515200.0,False,True,True,True,False,False
3495.T,3495,香陵住販,Standard,不動産業,,2026-09-04,1949.0,2260.0,1141725.0,490.0,0.0,False,True,True,True,False,False
2139.T,2139,中広,Standard,サービス業,,2026-09-04,2609.0,521.0,1129860.0,2150.0,989900.0,False,True,True,True,False,False
3910.T,3910,エムケイシステム,Standard,情報・通信業,,2026-09-04,2609.0,283.0,1126605.0,4015.0,481100.0,False,True,True,True,False,False
5484.T,5484,東北特殊鋼,Standard,鉄鋼,,2026-09-04,2609.0,4445.0,1115900.0,250.0,0.0,False,True,True,True,False,False
9331.T,9331,キャスター,Growth,サービス業,,2026-09-04,712.0,722.0,1105000.0,1505.0,0.0,False,True,True,True,False,False
9895.T,9895,コンセック,Standard,卸売業,,2026-09-04,2609.0,1280.0,1101510.0,870.0,384000.0,False,True,True,True,False,False
3622.T,3622,ネットイヤーグループ,Growth,情報・通信業,,2026-09-04,2609.0,497.0,1097490.0,2220.0,99400.0,False,True,True,True,False,False
4429.T,4429,リックソフト,Growth,情報・通信業,,2026-09-04,1835.0,717.0,1095610.0,1520.0,788700.0,False,True,True,True,False,False
9421.T,9421,エヌジェイホールディングス,Standard,情報・通信業,,2026-09-04,2609.0,514.0,1093045.0,2160.0,411200.0,False,True,True,True,False,False
9969.T,9969,ショクブン,Standard,小売業,,2026-09-04,2609.0,234.0,1088915.0,4640.0,1263600.0,False,True,True,True,False,False
9679.T,9679,ホウライ,Standard,サービス業,,2026-09-04,2609.0,2326.0,1086225.0,460.0,465200.0,False,True,True,True,False,False
3190.T,3190,ホットマン,Standard,小売業,,2026-09-04,2609.0,583.0,1084695.0,1865.0,291500.0,False,True,True,True,False,False
4102.T,4102,丸尾カルシウム,Standard,化学,,2026-09-04,2609.0,1446.0,1081375.0,745.0,867600.0,False,True,True,True,False,False
5250.T,5250,プライム・ストラテジー,Standard,情報・通信業,,2026-09-04,864.0,1045.0,1079820.0,1050.0,522500.0,False,True,True,True,False,False
9929.T,9929,平和紙業,Standard,卸売業,,2026-09-04,2609.0,479.0,1077230.0,2295.0,1101700.0,False,True,True,True,False,False
9816.T,9816,ストライダーズ,Standard,不動産業,,2026-09-04,2609.0,256.0,1073445.0,4270.0,1305600.0,False,True,True,True,False,False
9355.T,9355,リンコーコーポレーション,Standard,倉庫・運輸関連業,,2026-09-04,2609.0,2208.0,1062835.0,480.0,1987200.0,False,True,True,True,False,False
7634.T,7634,星医療酸器,Standard,卸売業,,2026-09-04,2609.0,5040.0,1019000.0,195.0,1008000.0,False,True,True,True,False,False
9723.T,9723,京都ホテル,Standard,サービス業,,2026-09-04,2609.0,636.0,1009150.0,1590.0,1017600.0,False,True,True,True,False,False
2425.T,2425,ケアサービス,Standard,サービス業,,2026-09-04,2609.0,665.0,1003115.0,1500.0,399000.0,False,True,True,True,False,False
3437.T,3437,特殊電極,Standard,金属製品,,2026-09-04,2609.0,2727.0,999710.0,370.0,0.0,False,True,True,True,False,False
6147.T,6147,ヤマザキ,Standard,機械,,2026-09-04,2609.0,191.0,977030.0,5010.0,897700.0,False,False,True,True,False,False
9476.T,9476,中央経済社ホールディングス,Standard,情報・通信業,,2026-09-04,2609.0,987.0,969555.0,990.0,197400.0,False,True,True,True,False,False
4735.T,4735,京進,Standard,サービス業,,2026-09-04,2609.0,300.0,961710.0,3180.0,420000.0,False,True,True,True,False,False
5966.T,5966,京都機械工具,Standard,金属製品,,2026-09-04,2609.0,2636.0,952630.0,360.0,263600.0,False,True,True,True,False,False
7837.T,7837,アールシーコア,Standard,その他製品,,2026-09-04,2609.0,336.0,936470.0,2770.0,571200.0,False,True,True,True,False,False
7284.T,7284,盟和産業,Standard,輸送用機器,,2026-09-04,2609.0,1160.0,908645.0,770.0,232000.0,False,True,True,True,False,False
2152.T,2152,幼児活動研究会,Standard,サービス業,,2026-09-04,2609.0,1529.0,885700.0,570.0,0.0,False,True,True,True,False,False
9849.T,9849,共同紙販ホールディングス,Standard,卸売業,,2026-09-04,2609.0,4510.0,879625.0,195.0,902000.0,False,True,True,True,False,False
2376.T,2376,サイネックス,Standard,サービス業,,2026-09-04,2609.0,781.0,869080.0,1120.0,1952500.0,False,True,True,True,False,False
7677.T,7677,ヤシマキザイ,Standard,卸売業,,2026-09-04,1757.0,2750.0,863390.0,315.0,0.0,False,True,True,True,False,False
3816.T,3816,大和コンピューター,Standard,情報・通信業,,2026-09-04,2609.0,1160.0,857710.0,755.0,3364000.0,False,True,True,True,False,False
6186.T,6186,一蔵,Standard,サービス業,,2026-09-04,2609.0,375.0,845375.0,2220.0,487500.0,False,True,True,True,False,False
6558.T,6558,クックビズ,Growth,サービス業,,2026-09-04,2156.0,671.0,834475.0,1250.0,335500.0,False,True,True,True,False,False
5990.T,5990,スーパーツール,Standard,金属製品,,2026-09-04,2609.0,1968.0,827725.0,425.0,1574400.0,False,True,True,True,False,False
6982.T,6982,リード,Standard,輸送用機器,,2026-09-04,2609.0,587.0,826480.0,1430.0,293500.0,False,True,True,True,False,False
7555.T,7555,大田花き,Standard,卸売業,,2026-09-04,2609.0,747.0,817225.0,1100.0,0.0,False,True,True,True,False,False
143A.T,143A,イシン,Growth,サービス業,,2026-09-04,599.0,700.0,812915.0,1170.0,280000.0,False,True,True,True,False,False
8138.T,8138,三京化成,Standard,卸売業,,2026-09-04,2609.0,4300.0,812800.0,190.0,430000.0,False,True,True,True,False,False
5199.T,5199,不二ラテックス,Standard,ゴム製品,,2026-09-04,2609.0,1984.0,807295.0,405.0,0.0,False,True,True,True,False,False
9313.T,9313,丸八倉庫,Standard,倉庫・運輸関連業,,2026-09-04,2609.0,1032.0,799715.0,765.0,1857600.0,False,True,True,True,False,False
9445.T,9445,フォーバルテレコム,Standard,情報・通信業,,2026-09-04,2609.0,535.0,792210.0,1475.0,695500.0,False,True,True,True,False,False
9051.T,9051,センコン物流,Standard,陸運業,,2026-09-04,2609.0,1320.0,787340.0,595.0,3036000.0,False,True,True,True,False,False
6346.T,6346,キクカワエンタープライズ,Standard,機械,,2026-09-04,2609.0,5650.0,783050.0,135.0,565000.0,False,True,True,True,False,False
4920.T,4920,日本色材工業研究所,Standard,化学,,2026-09-04,2609.0,1135.0,779295.0,690.0,454000.0,False,True,True,True,False,False
9408.T,9408,ＢＳＮメディアホールディングス,Standard,情報・通信業,,2026-09-04,2609.0,2622.0,779060.0,295.0,0.0,False,True,True,True,False,False
4650.T,4650,ＳＤエンターテイメント,Standard,サービス業,,2026-09-04,2609.0,269.0,776145.0,2875.0,538000.0,False,True,True,True,False,False
2789.T,2789,カルラ,Standard,小売業,,2026-09-04,2609.0,477.0,775150.0,1625.0,763200.0,False,True,True,True,False,False
9720.T,9720,ホテル、ニューグランド,Standard,サービス業,,2026-09-04,2609.0,6450.0,767500.0,120.0,1935000.0,False,True,True,True,False,False
5969.T,5969,ロブテックス,Standard,金属製品,,2026-09-04,2609.0,1225.0,764155.0,640.0,122500.0,False,True,True,True,False,False
4720.T,4720,城南進学研究社,Standard,サービス業,,2026-09-04,2609.0,243.0,754860.0,3120.0,510300.0,False,True,True,True,False,False
8143.T,8143,ラピーヌ,Standard,繊維製品,,2026-09-04,2609.0,142.0,747850.0,5240.0,0.0,False,False,True,True,False,False
7360.T,7360,オンデック,Growth,サービス業,,2026-09-04,1389.0,638.0,734350.0,1135.0,829400.0,False,True,True,True,False,False
5619.T,5619,マーソ,Growth,情報・通信業,,2026-09-04,660.0,850.0,732820.0,845.0,1020000.0,False,True,True,True,False,False
5138.T,5138,Ｒｅｂａｓｅ,Growth,情報・通信業,,2026-09-04,910.0,462.0,725865.0,1630.0,138600.0,False,True,True,True,False,False
9250.T,9250,ＧＲＣＳ,Growth,サービス業,,2026-09-04,1173.0,999.0,700055.0,750.0,1298700.0,False,True,True,True,False,False
3426.T,3426,アトムリビンテック,Standard,金属製品,,2026-09-04,2609.0,1301.0,671785.0,520.0,0.0,False,True,True,True,False,False
3248.T,3248,アールエイジ,Standard,不動産業,,2026-09-04,2609.0,897.0,670735.0,755.0,1973400.0,False,True,True,True,False,False
9012.T,9012,秩父鉄道,Standard,陸運業,,2026-09-04,2609.0,2118.0,664770.0,315.0,211800.0,False,True,True,True,False,False
7863.T,7863,平賀,Standard,その他製品,,2026-09-04,2609.0,944.0,631555.0,670.0,0.0,False,True,True,True,False,False
4705.T,4705,クリップコーポレーション,Standard,サービス業,,2026-09-04,2609.0,799.0,623805.0,790.0,399500.0,False,True,True,True,False,False
4679.T,4679,田谷,Standard,サービス業,,2026-09-04,2609.0,264.0,619390.0,2360.0,237600.0,False,True,True,True,False,False
9361.T,9361,伏木海陸運送,Standard,倉庫・運輸関連業,,2026-09-04,2609.0,2025.0,587325.0,285.0,202500.0,False,True,True,True,False,False
7896.T,7896,セブン工業,Standard,その他製品,,2026-09-04,2609.0,506.0,583200.0,1150.0,303600.0,False,True,True,True,False,False
7939.T,7939,研創,Standard,その他製品,,2026-09-04,2609.0,601.0,580380.0,960.0,300500.0,False,True,True,True,False,False
9976.T,9976,セキチュー,Standard,小売業,,2026-09-04,2609.0,1083.0,549820.0,520.0,0.0,False,True,True,True,False,False
4645.T,4645,市進ホールディングス,Standard,サービス業,,2026-09-04,2609.0,434.0,514120.0,1185.0,434000.0,False,True,True,True,False,False
7413.T,7413,創健社,Standard,卸売業,,2026-09-04,2609.0,2685.0,507550.0,190.0,0.0,False,True,True,True,False,False
7031.T,7031,インバウンドテック,Growth,サービス業,,2026-09-04,1397.0,710.0,480670.0,690.0,1278000.0,False,True,True,True,False,False
1992.T,1992,神田通信機,Standard,建設業,,2026-09-04,2609.0,2936.0,427815.0,145.0,0.0,False,True,True,True,False,False
2795.T,2795,日本プリメックス,Standard,卸売業,,2026-09-04,2609.0,968.0,408510.0,425.0,871200.0,False,True,True,True,False,False
6555.T,6555,ＭＳ＆Ｃｏｎｓｕｌｔｉｎｇ,Standard,サービス業,,2026-09-04,2194.0,432.0,396335.0,935.0,475200.0,False,True,True,True,False,False
9635.T,9635,武蔵野興業,Standard,サービス業,,2026-09-04,2609.0,2560.0,370765.0,145.0,256000.0,False,True,True,True,False,False
9253.T,9253,スローガン,Growth,サービス業,,2026-09-04,1169.0,733.0,353705.0,485.0,73300.0,False,True,True,True,False,False
7857.T,7857,セキ,Standard,その他製品,,2026-09-04,2609.0,1298.0,349345.0,270.0,389400.0,False,True,True,True,False,False
5025.T,5025,マーキュリー,Growth,情報・通信業,,2026-09-04,1108.0,585.0,346150.0,595.0,175500.0,False,True,True,True,False,False
3600.T,3600,フジックス,Standard,繊維製品,,2026-09-04,2609.0,1720.0,323260.0,185.0,344000.0,False,True,True,True,False,False
9311.T,9311,アサガミ,Standard,倉庫・運輸関連業,,2026-09-04,2609.0,7740.0,272600.0,35.0,0.0,False,True,True,True,False,False
7531.T,7531,清和中央ホールディングス,Standard,卸売業,,2026-09-04,2609.0,1300.0,253980.0,195.0,0.0,False,True,True,True,False,False
1909.T,1909,日本ドライケミカル,Standard,機械,,2026-09-11,2614.0,16278046720.0,0.0,0.0,0.0,False,True,True,True,True,False
165A.T,165A,ＳＢＩレオスひふみ,Growth,証券、商品先物取引業,,,,,,,,False,False,False,False,False,False
1712.T,1712,ダイセキ環境ソリューション,Standard,建設業,,,,,,,,False,False,False,False,False,False
1726.T,1726,ビーアールホールディングス,Prime,建設業,,,,,,,,False,False,False,False,False,False
1743.T,1743,コーアツ工業,Standard,建設業,,,,,,,,False,False,False,False,False,False
176A.T,176A,レジル,Growth,電気・ガス業,,,,,,,,False,False,False,False,False,False
1776.T,1776,三井住建道路,Standard,建設業,,,,,,,,False,False,False,False,False,False
1821.T,1821,三井住友建設,Prime,建設業,,,,,,,,False,False,False,False,False,False
1841.T,1841,サンユー建設,Standard,建設業,,,,,,,,False,False,False,False,False,False
1890.T,1890,東洋建設,Prime,建設業,,,,,,,,False,False,False,False,False,False
1949.T,1949,住友電設,Prime,建設業,,,,,,,,False,False,False,False,False,False
202A.T,202A,豆蔵,Growth,情報・通信業,,,,,,,,False,False,False,False,False,False
2150.T,2150,ケアネット,Prime,サービス業,,,,,,,,False,False,False,False,False,False
2196.T,2196,エスクリ,Standard,サービス業,,,,,,,,False,False,False,False,False,False
2344.T,2344,平安レイサービス,Standard,サービス業,,,,,,,,False,False,False,False,False,False
2374.T,2374,セントケア・ホールディング,Prime,サービス業,,,,,,,,False,False,False,False,False,False
2389.T,2389,デジタルホールディングス,Prime,サービス業,,,,,,,,False,False,False,False,False,False
2540.T,2540,養命酒製造,Prime,食料品,,,,,,,,False,False,False,False,False,False
2686.T,2686,ジーフット,Standard,小売業,,,,,,,,False,False,False,False,False,False
2692.T,2692,伊藤忠食品,Prime,卸売業,,,,,,,,False,False,False,False,False,False
2743.T,2743,ピクセルカンパニーズ,Standard,卸売業,,,,,,,,False,False,False,False,False,False
2763.T,2763,エフティグループ,Standard,卸売業,,,,,,,,False,False,False,False,False,False
3073.T,3073,ＤＤグループ,Prime,小売業,,,,,,,,False,False,False,False,False,False
3094.T,3094,スーパーバリュー,Standard,小売業,,,,,,,,False,False,False,False,False,False
3141.T,3141,ウエルシアホールディングス,Prime,小売業,,,,,,,,False,False,False,False,False,False
3198.T,3198,ＳＦＰホールディングス,Prime,小売業,,,,,,,,False,False,False,False,False,False
3271.T,3271,ＴＨＥグローバル社,Standard,不動産業,,,,,,,,False,False,False,False,False,False
3294.T,3294,イーグランド,Standard,不動産業,,,,,,,,False,False,False,False,False,False
3341.T,3341,日本調剤,Prime,小売業,,,,,,,,False,False,False,False,False,False
3526.T,3526,芦森工業,Standard,輸送用機器,,,,,,,,False,False,False,False,False,False
3540.T,3540,歯愛メディカル,Standard,卸売業,,,,,,,,False,False,False,False,False,False
3541.T,3541,農業総合研究所,Growth,卸売業,,,,,,,,False,False,False,False,False,False
3546.T,3546,アレンザホールディングス,Prime,小売業,,,,,,,,False,False,False,False,False,False
3593.T,3593,ホギメディカル,Prime,繊維製品,,,,,,,,False,False,False,False,False,False
3655.T,3655,ブレインパッド,Prime,情報・通信業,,,,,,,,False,False,False,False,False,False
3670.T,3670,協立情報通信,Standard,情報・通信業,,,,,,,,False,False,False,False,False,False
3681.T,3681,ブイキューブ,Prime,情報・通信業,,,,,,,,False,False,False,False,False,False
3688.T,3688,ＣＡＲＴＡ　ＨＯＬＤＩＮＧＳ,Prime,情報・通信業,,,,,,,,False,False,False,False,False,False
3847.T,3847,パシフィックシステム,Standard,情報・通信業,,,,,,,,False,False,False,False,False,False
3902.T,3902,メディカル・データ・ビジョン,Prime,情報・通信業,,,,,,,,False,False,False,False,False,False
3924.T,3924,ランドコンピュータ,Prime,情報・通信業,,,,,,,,False,False,False,False,False,False
3961.T,3961,シルバーエッグ・テクノロジー,Growth,情報・通信業,,,,,,,,False,False,False,False,False,False
4080.T,4080,田中化学研究所,Standard,化学,,,,,,,,False,False,False,False,False,False
4171.T,4171,グローバルインフォメーション,Standard,情報・通信業,,,,,,,,False,False,False,False,False,False
4319.T,4319,ＴＡＣ,Standard,サービス業,,,,,,,,False,False,False,False,False,False
4333.T,4333,東邦システムサイエンス,Prime,情報・通信業,,,,,,,,False,False,False,False,False,False
4367.T,4367,広栄化学,Standard,化学,,,,,,,,False,False,False,False,False,False
4384.T,4384,ラクスル,Prime,情報・通信業,,,,,,,,False,False,False,False,False,False
4449.T,4449,ギフティ,Prime,情報・通信業,,,,,,,,False,False,False,False,False,False
4494.T,4494,バリオセキュア,Standard,情報・通信業,,,,,,,,False,False,False,False,False,False
4530.T,4530,久光製薬,Prime,医薬品,,,,,,,,False,False,False,False,False,False
4556.T,4556,カイノス,Standard,医薬品,,,,,,,,False,False,False,False,False,False
4659.T,4659,エイジス,Standard,サービス業,,,,,,,,False,False,False,False,False,False
4690.T,4690,日本パレットプール,Standard,サービス業,,,,,,,,False,False,False,False,False,False
4745.T,4745,東京個別指導学院,Standard,サービス業,,,,,,,,False,False,False,False,False,False
4917.T,4917,マンダム,Prime,化学,,,,,,,,False,False,False,False,False,False
4957.T,4957,ヤスハラケミカル,Standard,化学,,,,,,,,False,False,False,False,False,False
4974.T,4974,タカラバイオ,Prime,化学,,,,,,,,False,False,False,False,False,False
5017.T,5017,富士石油,Prime,石油・石炭製品,,,,,,,,False,False,False,False,False,False
5070.T,5070,ドラフト,Growth,建設業,,,,,,,,False,False,False,False,False,False
5191.T,5191,住友理工,Prime,ゴム製品,,,,,,,,False,False,False,False,False,False
5259.T,5259,ＢＢＤイニシアティブ,Growth,情報・通信業,,,,,,,,False,False,False,False,False,False
5352.T,5352,黒崎播磨,Prime,ガラス・土石製品,,,,,,,,False,False,False,False,False,False
5386.T,5386,鶴弥,Standard,ガラス・土石製品,,,,,,,,False,False,False,False,False,False
5476.T,5476,日本高周波鋼業,Standard,鉄鋼,,,,,,,,False,False,False,False,False,False
5577.T,5577,アイデミー,Growth,情報・通信業,,,,,,,,False,False,False,False,False,False
5595.T,5595,ＱＰＳ研究所,Growth,情報・通信業,,,,,,,,False,False,False,False,False,False
5596.T,5596,アウトルックコンサルティング,Growth,情報・通信業,,,,,,,,False,False,False,False,False,False
5727.T,5727,東邦チタニウム,Prime,非鉄金属,,,,,,,,False,False,False,False,False,False
5856.T,5856,エルアイイーエイチ,Standard,小売業,,,,,,,,False,False,False,False,False,False
5903.T,5903,シンポ,Standard,金属製品,,,,,,,,False,False,False,False,False,False
6028.T,6028,テクノプロ・ホールディングス,Prime,サービス業,,,,,,,,False,False,False,False,False,False
6060.T,6060,こころネット,Standard,サービス業,,,,,,,,False,False,False,False,False,False
6096.T,6096,レアジョブ,Standard,サービス業,,,,,,,,False,False,False,False,False,False
6173.T,6173,アクアライン,Growth,サービス業,,,,,,,,False,False,False,False,False,False
6201.T,6201,豊田自動織機,Prime,輸送用機器,,,,,,,,False,False,False,False,False,False
6210.T,6210,ＴＯＹＯイノベックス,Standard,機械,,,,,,,,False,False,False,False,False,False
6293.T,6293,日精樹脂工業,Prime,機械,,,,,,,,False,False,False,False,False,False
6297.T,6297,鉱研工業,Standard,機械,,,,,,,,False,False,False,False,False,False
6312.T,6312,フロイント産業,Standard,機械,,,,,,,,False,False,False,False,False,False
6373.T,6373,大同工業,Standard,機械,,,,,,,,False,False,False,False,False,False
6403.T,6403,水道機工,Standard,機械,,,,,,,,False,False,False,False,False,False
6406.T,6406,フジテック,Prime,機械,,,,,,,,False,False,False,False,False,False
6416.T,6416,桂川電機,Standard,機械,,,,,,,,False,False,False,False,False,False
6489.T,6489,前澤工業,Standard,機械,,,,,,,,False,False,False,False,False,False
6542.T,6542,ＦＣホールディングス,Standard,サービス業,,,,,,,,False,False,False,False,False,False
6565.T,6565,ＡＢホテル,Standard,サービス業,,,,,,,,False,False,False,False,False,False
6670.T,6670,ＭＣＪ,Standard,電気機器,,,,,,,,False,False,False,False,False,False
6734.T,6734,ニューテック,Standard,電気機器,,,,,,,,False,False,False,False,False,False
6901.T,6901,澤藤電機,Standard,電気機器,,,,,,,,False,False,False,False,False,False
6930.T,6930,日本アンテナ,Standard,電気機器,,,,,,,,False,False,False,False,False,False
6937.T,6937,古河電池,Prime,電気機器,,,,,,,,False,False,False,False,False,False
6957.T,6957,芝浦電子,Standard,電気機器,,,,,,,,False,False,False,False,False,False
7088.T,7088,フォーラムエンジニアリング,Prime,サービス業,,,,,,,,False,False,False,False,False,False
7092.T,7092,Ｆａｓｔ　Ｆｉｔｎｅｓｓ　Ｊａｐａｎ,Prime,サービス業,,,,,,,,False,False,False,False,False,False
7105.T,7105,三菱ロジスネクスト,Standard,輸送用機器,,,,,,,,False,False,False,False,False,False
7116.T,7116,ダイワ通信,Standard,卸売業,,,,,,,,False,False,False,False,False,False
7205.T,7205,日野自動車,Prime,輸送用機器,,,,,,,,False,False,False,False,False,False
7229.T,7229,ユタカ技研,Standard,輸送用機器,,,,,,,,False,False,False,False,False,False
7250.T,7250,太平洋工業,Prime,輸送用機器,,,,,,,,False,False,False,False,False,False
7317.T,7317,松屋アールアンドディ,Growth,輸送用機器,,,,,,,,False,False,False,False,False,False
7420.T,7420,佐鳥電機,Prime,卸売業,,,,,,,,False,False,False,False,False,False
7445.T,7445,ライトオン,Standard,小売業,,,,,,,,False,False,False,False,False,False
7450.T,7450,サンデー,Standard,小売業,,,,,,,,False,False,False,False,False,False
7455.T,7455,パリミキホールディングス,Standard,小売業,,,,,,,,False,False,False,False,False,False
7467.T,7467,萩原電気ホールディングス,Prime,卸売業,,,,,,,,False,False,False,False,False,False
7635.T,7635,杉田エース,Standard,卸売業,,,,,,,,False,False,False,False,False,False
7718.T,7718,スター精密,Prime,機械,,,,,,,,False,False,False,False,False,False
7732.T,7732,トプコン,Prime,精密機器,,,,,,,,False,False,False,False,False,False
7739.T,7739,キヤノン電子,Prime,電気機器,,,,,,,,False,False,False,False,False,False
7817.T,7817,パラマウントベッドホールディングス,Prime,その他製品,,,,,,,,False,False,False,False,False,False
7851.T,7851,カワセコンピュータサプライ,Standard,その他製品,,,,,,,,False,False,False,False,False,False
7922.T,7922,三光産業,Standard,その他製品,,,,,,,,False,False,False,False,False,False
7923.T,7923,トーイン,Standard,その他製品,,,,,,,,False,False,False,False,False,False
7925.T,7925,前澤化成工業,Prime,化学,,,,,,,,False,False,False,False,False,False
7940.T,7940,ウェーブロックホールディングス,Standard,化学,,,,,,,,False,False,False,False,False,False
7985.T,7985,ネポン,Standard,金属製品,,,,,,,,False,False,False,False,False,False
7999.T,7999,ＭＵＴＯＨホールディングス,Standard,電気機器,,,,,,,,False,False,False,False,False,False
8209.T,8209,フレンドリー,Standard,小売業,,,,,,,,False,False,False,False,False,False
8289.T,8289,Ｏｌｙｍｐｉｃグループ,Standard,小売業,,,,,,,,False,False,False,False,False,False
8515.T,8515,アイフル,Prime,その他金融業,,,,,,,,False,False,False,False,False,False
8940.T,8940,インテリックス,Standard,不動産業,,,,,,,,False,False,False,False,False,False
9067.T,9067,丸運,Standard,陸運業,,,,,,,,False,False,False,False,False,False
9338.T,9338,ＩＮＦＯＲＩＣＨ,Growth,サービス業,,,,,,,,False,False,False,False,False,False
9386.T,9386,日本コンセプト,Prime,倉庫・運輸関連業,,,,,,,,False,False,False,False,False,False
9600.T,9600,アイネット,Prime,情報・通信業,,,,,,,,False,False,False,False,False,False
9719.T,9719,ＳＣＳＫ,Prime,情報・通信業,,,,,,,,False,False,False,False,False,False
9776.T,9776,札幌臨床検査センター,Standard,サービス業,,,,,,,,False,False,False,False,False,False
9914.T,9914,植松商会,Standard,卸売業,,,,,,,,False,False,False,False,False,False
9927.T,9927,ワットマン,Standard,小売業,,,,,,,,False,False,False,False,False,False
