ticker,code,name,market,sector33,size,last_date,bars,last_close,adv_jpy,adv_shares,turnover_last,ok_adv,ok_price,ok_history,ok_split,ok_fresh,passes
285A.T,285A,キオクシアホールディングス,Prime,電気機器,,2026-09-29,431.0,17880.0,1497371857638.7646,84180510.0,743310936000.0,True,True,True,True,True,True
9984.T,9984,ソフトバンクグループ,Prime,情報・通信業,,2026-09-29,2623.0,6035.0,408898554900.0,66316250.0,387260518500.0,True,True,True,True,True,True
6857.T,6857,アドバンテスト,Prime,電気機器,,2026-09-29,2623.0,33910.0,289880664700.0,8820230.0,308757332000.0,True,True,True,True,True,True
6976.T,6976,太陽誘電,Prime,電気機器,,2026-09-29,2623.0,9117.0,248659224740.0,27104840.0,199688739300.0,True,True,True,True,True,True
5803.T,5803,フジクラ,Prime,非鉄金属,,2026-09-29,2623.0,4931.0,179519227240.0,35249145.0,122272527700.0,True,True,True,True,True,True
4062.T,4062,イビデン,Prime,電気機器,,2026-09-29,2623.0,11020.0,171343100850.0,16565390.0,84340468000.0,True,True,True,True,True,True
8035.T,8035,東京エレクトロン,Prime,電気機器,,2026-09-29,2623.0,11505.0,166691298650.0,15480655.0,138929778000.0,True,True,True,True,True,True
8306.T,8306,三菱ＵＦＪフィナンシャル・グループ,Prime,銀行業,,2026-09-29,2623.0,3592.0,154306385345.0,41970425.0,159046576000.0,True,True,True,True,True,True
6981.T,6981,村田製作所,Prime,電気機器,,2026-09-29,2623.0,8089.0,153834335970.0,20658190.0,137112594500.0,True,True,True,True,True,True
6920.T,6920,レーザーテック,Prime,電気機器,,2026-09-29,2623.0,41000.0,122919972500.0,3382845.0,191531500000.0,True,True,True,True,True,True
8316.T,8316,三井住友フィナンシャルグループ,Prime,銀行業,,2026-09-29,2623.0,3357.0,88589250630.0,25627610.0,98165394000.0,True,True,True,True,True,True
5801.T,5801,古河電気工業,Prime,非鉄金属,,2026-09-29,2623.0,3684.0,80408237960.0,20838430.0,65339055600.0,True,True,True,True,True,True
8411.T,8411,みずほフィナンシャルグループ,Prime,銀行業,,2026-09-29,2623.0,8472.0,79809795495.0,9267175.0,88822142400.0,True,True,True,True,True,True
6098.T,6098,リクルートホールディングス,Prime,サービス業,,2026-09-29,2623.0,16700.0,78407386650.0,4726130.0,68510080000.0,True,True,True,True,True,True
7203.T,7203,トヨタ自動車,Prime,輸送用機器,,2026-09-29,2623.0,2881.5,78329865815.0,25763225.0,98310152550.0,True,True,True,True,True,True
6146.T,6146,ディスコ,Prime,機械,,2026-09-29,2623.0,56680.0,74919974050.0,1382260.0,120337308000.0,True,True,True,True,True,True
6525.T,6525,ＫＯＫＵＳＡＩ　ＥＬＥＣＴＲＩＣ,Prime,電気機器,,2026-09-29,713.0,9331.0,73486321315.0,8459825.0,69920915400.0,True,True,True,True,True,True
9983.T,9983,ファーストリテイリング,Prime,小売業,,2026-09-29,2623.0,68710.0,73064400000.0,1067620.0,72385985000.0,True,True,True,True,True,True
278A.T,278A,Ｔｅｒｒａ　Ｄｒｏｎｅ,Growth,精密機器,,2026-09-29,444.0,9780.0,72563686050.0,7470255.0,10757022000.0,True,True,True,True,True,True
7974.T,7974,任天堂,Prime,その他製品,,2026-09-29,2623.0,7896.0,67720181580.0,8018800.0,53705433600.0,True,True,True,True,True,True
7011.T,7011,三菱重工業,Prime,機械,,2026-09-29,2623.0,3793.0,62480830870.0,16382050.0,56573732900.0,True,True,True,True,True,True
5016.T,5016,ＪＸ金属,Prime,非鉄金属,,2026-09-29,373.0,3486.0,60726649120.0,16566460.0,51299976000.0,True,True,True,True,True,True
6758.T,6758,ソニーグループ,Prime,電気機器,,2026-09-29,2623.0,3732.0,56047850525.0,14815770.0,59570930400.0,True,True,True,True,True,True
6501.T,6501,日立製作所,Prime,電気機器,,2026-09-29,2623.0,5465.0,53104845705.0,9833425.0,58721971500.0,True,True,True,True,True,True
8766.T,8766,東京海上ホールディングス,Prime,保険業,,2026-09-29,2623.0,523.2000122070312,47556480956.94275,89656700.0,41349281764.73999,True,True,True,True,True,True
6861.T,6861,キーエンス,Prime,電気機器,,2026-09-29,2623.0,79480.0,44532133100.0,570865.0,39588988000.0,True,True,True,True,True,True
8001.T,8001,伊藤忠商事,Prime,卸売業,,2026-09-29,2623.0,2158.0,42637586792.5,18963420.0,38050935000.0,True,True,True,True,True,True
8058.T,8058,三菱商事,Prime,卸売業,,2026-09-29,2623.0,4637.0,41684018025.0,8489350.0,44995129500.0,True,True,True,True,True,True
4063.T,4063,信越化学工業,Prime,化学,,2026-09-29,2623.0,5749.0,37885257040.0,6508355.0,34989563800.0,True,True,True,True,True,True
5802.T,5802,住友電気工業,Prime,非鉄金属,,2026-09-29,2623.0,2173.5,36834855335.0,17281585.0,31388382900.0,True,True,True,True,True,True
5706.T,5706,三井金属,Prime,非鉄金属,,2026-09-29,2623.0,2272.0,35595838485.0,14502555.0,15627043200.0,True,True,True,True,True,True
6752.T,6752,パナソニック　ホールディングス,Prime,電気機器,,2026-09-29,2623.0,4389.0,34989409565.0,8066895.0,35068987800.0,True,True,True,True,True,True
6723.T,6723,ルネサスエレクトロニクス,Prime,電気機器,,2026-09-29,2623.0,3458.0,34773708530.0,10467170.0,29030947400.0,True,True,True,True,True,True
8031.T,8031,三井物産,Prime,卸売業,,2026-09-29,2623.0,4829.0,34518085540.0,6781490.0,32543596800.0,True,True,True,True,True,True
3436.T,3436,ＳＵＭＣＯ,Prime,金属製品,,2026-09-29,2623.0,3040.0,33068761165.0,10632590.0,28806128000.0,True,True,True,True,True,True
7013.T,7013,ＩＨＩ,Prime,機械,,2026-09-29,2623.0,2674.0,31753972857.5,11637665.0,27418661200.0,True,True,True,True,True,True
6503.T,6503,三菱電機,Prime,電気機器,,2026-09-29,2623.0,5131.0,31670466425.0,6039240.0,36918571200.0,True,True,True,True,True,True
7741.T,7741,ＨＯＹＡ,Prime,精密機器,,2026-09-29,2623.0,23225.0,29995373100.0,1275595.0,34821242500.0,True,True,True,True,True,True
4004.T,4004,レゾナック・ホールディングス,Prime,化学,,2026-09-29,2623.0,13915.0,28911003875.0,1946235.0,28428345000.0,True,True,True,True,True,True
6701.T,6701,日本電気,Prime,電気機器,,2026-09-29,2623.0,4785.0,28143651585.0,5897185.0,19983595500.0,True,True,True,True,True,True
6702.T,6702,富士通,Prime,電気機器,,2026-09-29,2623.0,3945.0,27326813260.0,6995105.0,25305202500.0,True,True,True,True,True,True
9433.T,9433,ＫＤＤＩ,Prime,情報・通信業,,2026-09-29,2623.0,2923.5,27211343492.5,9062895.0,29868230100.0,True,True,True,True,True,True
6954.T,6954,ファナック,Prime,電気機器,,2026-09-29,2623.0,5911.0,26878474730.0,4575765.0,30736017800.0,True,True,True,True,True,True
6762.T,6762,ＴＤＫ,Prime,電気機器,,2026-09-29,2623.0,2919.0,26860648322.5,9266020.0,24564844500.0,True,True,True,True,True,True
7012.T,7012,川崎重工業,Prime,輸送用機器,,2026-09-29,2623.0,2354.5,26687310817.5,11010085.0,16622534550.0,True,True,True,True,True,True
8002.T,8002,丸紅,Prime,卸売業,,2026-09-29,2623.0,4719.0,26627611425.0,5338955.0,30737678400.0,True,True,True,True,True,True
5401.T,5401,日本製鉄,Prime,鉄鋼,,2026-09-29,2623.0,650.7999877929688,25470338484.588013,37070330.0,28016353754.49829,True,True,True,True,True,True
4502.T,4502,武田薬品工業,Prime,医薬品,,2026-09-29,2623.0,5739.0,25307522435.0,4352595.0,27803159400.0,True,True,True,True,True,True
2914.T,2914,日本たばこ産業,Prime,食料品,,2026-09-29,2623.0,6885.0,25146609060.0,3677585.0,35045338500.0,True,True,True,True,True,True
5713.T,5713,住友金属鉱山,Prime,非鉄金属,,2026-09-29,2623.0,9489.0,24916242625.0,2488510.0,22473747600.0,True,True,True,True,True,True
8725.T,8725,ＭＳ＆ＡＤインシュアランスグループホールディングス,Prime,保険業,,2026-09-29,2623.0,4850.0,24625382600.0,4827770.0,28790085000.0,True,True,True,True,True,True
7267.T,7267,本田技研工業,Prime,輸送用機器,,2026-09-29,2623.0,1669.0,24459571557.5,14471140.0,21524091600.0,True,True,True,True,True,True
7735.T,7735,ＳＣＲＥＥＮホールディングス,Prime,電気機器,,2026-09-29,2623.0,14530.0,23925082500.0,1815480.0,37068936000.0,True,True,True,True,True,True
6367.T,6367,ダイキン工業,Prime,機械,,2026-09-29,2623.0,20705.0,23835137600.0,1147830.0,20791961000.0,True,True,True,True,True,True
8308.T,8308,りそなホールディングス,Prime,銀行業,,2026-09-29,2623.0,2482.0,23794119892.5,9502775.0,20065729000.0,True,True,True,True,True,True
7936.T,7936,アシックス,Prime,その他製品,,2026-09-29,2623.0,4101.0,23766950920.0,5694950.0,16234628700.0,True,True,True,True,True,True
6301.T,6301,小松製作所,Prime,機械,,2026-09-29,2623.0,7398.0,22686499575.0,3096400.0,21296622600.0,True,True,True,True,True,True
8591.T,8591,オリックス,Prime,その他金融業,,2026-09-29,2623.0,5864.0,21802383975.0,3538530.0,26809621600.0,True,True,True,True,True,True
1605.T,1605,ＩＮＰＥＸ,Prime,鉱業,,2026-09-29,2623.0,3671.0,21704966830.0,5556980.0,20275300100.0,True,True,True,True,True,True
6330.T,6330,東洋エンジニアリング,Prime,建設業,,2026-09-29,2623.0,2671.0,21245766895.0,7853955.0,9410467200.0,True,True,True,True,True,True
9104.T,9104,商船三井,Prime,海運業,,2026-09-29,2623.0,6900.0,21171160940.0,2982695.0,16847730000.0,True,True,True,True,True,True
8136.T,8136,サンリオ,Prime,卸売業,,2026-09-29,2623.0,1178.0,20905783630.0,16880455.0,12046228000.0,True,True,True,True,True,True
9501.T,9501,東京電力ホールディングス,Prime,電気・ガス業,,2026-09-29,2623.0,515.4000244140625,20812781625.142822,37963790.0,21334623230.603027,True,True,True,True,True,True
9101.T,9101,日本郵船,Prime,海運業,,2026-09-29,2623.0,7078.0,20419662150.0,2814440.0,19695242800.0,True,True,True,True,True,True
7182.T,7182,ゆうちょ銀行,Prime,銀行業,,2026-09-29,2623.0,3359.0,20313304100.0,6096670.0,23440445600.0,True,True,True,True,True,True
8053.T,8053,住友商事,Prime,卸売業,,2026-09-29,2623.0,1734.5,20237928950.0,11195155.0,18475026750.0,True,True,True,True,True,True
9434.T,9434,ソフトバンク,Prime,情報・通信業,,2026-09-29,1894.0,239.5,19121649065.852585,78426770.0,24377148250.0,True,True,True,True,True,True
6273.T,6273,ＳＭＣ,Prime,機械,,2026-09-29,2623.0,70570.0,18653398400.0,273265.0,27988062000.0,True,True,True,True,True,True
3382.T,3382,セブン＆アイ・ホールディングス,Prime,小売業,,2026-09-29,2623.0,1977.5,18542837245.0,9170985.0,19211017000.0,True,True,True,True,True,True
6203.T,6203,豊和工業,Standard,機械,,2026-09-29,2623.0,2347.0,18538973970.0,7959320.0,2715479000.0,True,True,True,True,True,True
6594.T,6594,ニデック,Prime,電気機器,,2026-09-29,2623.0,2250.0,18090565180.0,7100705.0,58405725000.0,True,True,True,True,True,True
4568.T,4568,第一三共,Prime,医薬品,,2026-09-29,2623.0,2784.5,18068861462.5,6358950.0,18193644550.0,True,True,True,True,True,True
4519.T,4519,中外製薬,Prime,医薬品,,2026-09-29,2623.0,6096.0,17790506885.0,2705065.0,28902964800.0,True,True,True,True,True,True
8750.T,8750,第一生命ホールディングス,Prime,保険業,,2026-09-29,2623.0,1871.5,17765037047.5,9464085.0,26457769800.0,True,True,True,True,True,True
8015.T,8015,豊田通商,Prime,卸売業,,2026-09-29,2623.0,7104.0,16810151795.0,2248360.0,21736819200.0,True,True,True,True,True,True
6971.T,6971,京セラ,Prime,電気機器,,2026-09-29,2623.0,3685.0,16632331340.0,4653915.0,16519118000.0,True,True,True,True,True,True
8309.T,8309,三井住友トラストグループ,Prime,銀行業,,2026-09-29,2623.0,1750.0,16620749467.5,9348720.0,15343650000.0,True,True,True,True,True,True
4661.T,4661,オリエンタルランド,Prime,サービス業,,2026-09-29,2623.0,2889.0,16289311330.0,5348655.0,18455509800.0,True,True,True,True,True,True
8604.T,8604,野村ホールディングス,Prime,証券、商品先物取引業,,2026-09-29,2623.0,1529.5,16145110610.0,9980210.0,17282891150.0,True,True,True,True,True,True
8630.T,8630,ＳＯＭＰＯホールディングス,Prime,保険業,,2026-09-29,2623.0,6645.0,15756580035.0,2312155.0,18364786500.0,True,True,True,True,True,True
3563.T,3563,ＦＯＯＤ　＆　ＬＩＦＥ　ＣＯＭＰＡＮＩＥＳ,Prime,小売業,,2026-09-29,2339.0,5051.0,15592532220.0,2936860.0,10596492900.0,True,True,True,True,True,True
4578.T,4578,大塚ホールディングス,Prime,医薬品,,2026-09-29,2623.0,11400.0,15532981025.0,1346290.0,20410560000.0,True,True,True,True,True,True
5108.T,5108,ブリヂストン,Prime,ゴム製品,,2026-09-29,2623.0,3810.0,15187624750.0,3939785.0,17058132000.0,True,True,True,True,True,True
6506.T,6506,安川電機,Prime,電気機器,,2026-09-29,2623.0,4528.0,15141285115.0,3367360.0,13267492800.0,True,True,True,True,True,True
3103.T,3103,ユニチカ,Prime,繊維製品,,2026-09-29,2623.0,1466.0,15056950695.0,9862130.0,2826741200.0,True,True,True,True,True,True
7832.T,7832,バンダイナムコホールディングス,Prime,その他製品,,2026-09-29,2623.0,5631.0,14867056340.0,2690955.0,15791013300.0,True,True,True,True,True,True
8267.T,8267,イオン,Prime,小売業,,2026-09-29,2623.0,1263.5,14771880882.5,11006195.0,15770627950.0,True,True,True,True,True,True
6871.T,6871,日本マイクロニクス,Prime,電気機器,,2026-09-29,2623.0,13810.0,14757042650.0,1148015.0,14569550000.0,True,True,True,True,True,True
8801.T,8801,三井不動産,Prime,不動産業,,2026-09-29,2623.0,1453.0,14753439015.0,9831820.0,16512182600.0,True,True,True,True,True,True
9503.T,9503,関西電力,Prime,電気・ガス業,,2026-09-29,2623.0,2642.0,14740913630.0,5112525.0,13555837800.0,True,True,True,True,True,True
6178.T,6178,日本郵政,Prime,サービス業,,2026-09-29,2623.0,2495.5,14622465162.5,5841400.0,13432028750.0,True,True,True,True,True,True
5411.T,5411,ＪＦＥホールディングス,Prime,鉄鋼,,2026-09-29,2623.0,1737.0,14494724572.5,7835050.0,10776869100.0,True,True,True,True,True,True
4503.T,4503,アステラス製薬,Prime,医薬品,,2026-09-29,2623.0,2294.0,14466314070.0,6185680.0,14399438000.0,True,True,True,True,True,True
2802.T,2802,味の素,Prime,食料品,,2026-09-29,2623.0,4978.0,14423235405.0,2837500.0,13137439800.0,True,True,True,True,True,True
6963.T,6963,ローム,Prime,電気機器,,2026-09-29,2623.0,4872.0,14356990255.0,3012790.0,14287627200.0,True,True,True,True,True,True
5020.T,5020,ＥＮＥＯＳホールディングス,Prime,石油・石炭製品,,2026-09-29,2623.0,1373.5,14190432277.5,10049235.0,13007457050.0,True,True,True,True,True,True
6326.T,6326,クボタ,Prime,機械,,2026-09-29,2623.0,2707.5,14172240150.0,4956825.0,10856804250.0,True,True,True,True,True,True
9107.T,9107,川崎汽船,Prime,海運業,,2026-09-29,2623.0,3283.0,14068913785.0,4141395.0,13045657100.0,True,True,True,True,True,True
6361.T,6361,荏原製作所,Prime,機械,,2026-09-29,2623.0,4556.0,13933284315.0,3133530.0,13096222000.0,True,True,True,True,True,True
7751.T,7751,キヤノン,Prime,電気機器,,2026-09-29,2623.0,4587.0,13793027780.0,3039690.0,14418775800.0,True,True,True,True,True,True
6902.T,6902,デンソー,Prime,輸送用機器,,2026-09-29,2623.0,1847.0,13696917517.5,7156375.0,18032999800.0,True,True,True,True,True,True
7269.T,7269,スズキ,Prime,輸送用機器,,2026-09-29,2623.0,1932.0,13677100800.0,6648825.0,11733615600.0,True,True,True,True,True,True
7532.T,7532,パン・パシフィック・インターナショナルホールディングス,Prime,小売業,,2026-09-29,2623.0,712.5999755859375,13497715139.947815,18017175.0,10772373830.932617,True,True,True,True,True,True
8802.T,8802,三菱地所,Prime,不動産業,,2026-09-29,2623.0,3545.0,13438886130.0,3658330.0,13339126000.0,True,True,True,True,True,True
3110.T,3110,日東紡績,Prime,ガラス・土石製品,,2026-09-29,2623.0,3040.0,13092806685.0,4353915.0,10223216000.0,True,True,True,True,True,True
8473.T,8473,ＳＢＩホールディングス,Prime,証券、商品先物取引業,,2026-09-29,2623.0,3080.0,13011595005.0,3966040.0,14964180000.0,True,True,True,True,True,True
6526.T,6526,ソシオネクスト,Prime,電気機器,,2026-09-29,969.0,2102.5,12953244225.0,6388235.0,13410375750.0,True,True,True,True,True,True
4901.T,4901,富士フイルムホールディングス,Prime,化学,,2026-09-29,2623.0,3319.0,12915324965.0,3896290.0,13211943300.0,True,True,True,True,True,True
9843.T,9843,ニトリホールディングス,Prime,小売業,,2026-09-29,2623.0,2929.5,12751973162.5,4042260.0,8546523300.0,True,True,True,True,True,True
4755.T,4755,楽天グループ,Prime,サービス業,,2026-09-29,2623.0,676.0999755859375,12625506737.170105,17481335.0,13567906700.061035,True,True,True,True,True,True
336A.T,336A,ダイナミックマッププラットフォーム,Growth,情報・通信業,,2026-09-29,368.0,1286.0,12154141940.0,8331065.0,1969380400.0,True,True,True,True,True,True
5711.T,5711,三菱マテリアル,Prime,非鉄金属,,2026-09-29,2623.0,5030.0,11828288365.0,2209575.0,5954011000.0,True,True,True,True,True,True
7201.T,7201,日産自動車,Prime,輸送用機器,,2026-09-29,2623.0,296.8999938964844,11756721962.486572,37574040.0,12673859109.457397,True,True,True,True,True,True
3659.T,3659,ネクソン,Prime,情報・通信業,,2026-09-29,2623.0,2625.5,11633393447.5,3761940.0,17968134350.0,True,True,True,True,True,True
4588.T,4588,オンコリスバイオファーマ,Growth,医薬品,,2026-09-29,2623.0,5630.0,11600141575.0,2085860.0,8617841000.0,True,True,True,True,True,True
4307.T,4307,野村総合研究所,Prime,情報・通信業,,2026-09-29,2623.0,4971.0,11556905210.0,2268015.0,8279200500.0,True,True,True,True,True,True
9697.T,9697,カプコン,Prime,情報・通信業,,2026-09-29,2623.0,4357.0,11476660055.0,2653355.0,10935198600.0,True,True,True,True,True,True
1812.T,1812,鹿島建設,Prime,建設業,,2026-09-29,2623.0,4847.0,11399969445.0,2305135.0,31776447300.0,True,True,True,True,True,True
6787.T,6787,メイコー,Prime,電気機器,,2026-09-29,2623.0,22540.0,11274661000.0,540560.0,9363116000.0,True,True,True,True,True,True
7453.T,7453,良品計画,Prime,小売業,,2026-09-29,2623.0,4057.0,11226055550.0,2735535.0,10738067600.0,True,True,True,True,True,True
7272.T,7272,ヤマハ発動機,Prime,輸送用機器,,2026-09-29,2623.0,1787.0,10881228380.0,5955165.0,8179635100.0,True,True,True,True,True,True
4543.T,4543,テルモ,Prime,精密機器,,2026-09-29,2623.0,2277.5,10815282900.0,4640405.0,11024011000.0,True,True,True,True,True,True
4689.T,4689,ＬＩＮＥヤフー,Prime,情報・通信業,,2026-09-29,2623.0,516.9000244140625,10771906620.33142,20089220.0,11328794455.078125,True,True,True,True,True,True
1803.T,1803,清水建設,Prime,建設業,,2026-09-29,2623.0,2096.5,10299753027.5,4430705.0,12242721400.0,True,True,True,True,True,True
4684.T,4684,オービック,Prime,情報・通信業,,2026-09-29,2623.0,4988.0,10127907215.0,2020750.0,6580668400.0,True,True,True,True,True,True
6988.T,6988,日東電工,Prime,化学,,2026-09-29,2623.0,3502.0,10094219180.0,2986110.0,10351561800.0,True,True,True,True,True,True
8601.T,8601,大和証券グループ本社,Prime,証券、商品先物取引業,,2026-09-29,2623.0,1786.0,10090885337.5,5493055.0,12196594000.0,True,True,True,True,True,True
9020.T,9020,東日本旅客鉄道,Prime,陸運業,,2026-09-29,2623.0,3337.0,10053362175.0,2866845.0,10656042100.0,True,True,True,True,True,True
5334.T,5334,日本特殊陶業,Prime,ガラス・土石製品,,2026-09-29,2623.0,3737.0,10032066510.0,2630940.0,7008369800.0,True,True,True,True,True,True
2502.T,2502,アサヒグループホールディングス,Prime,食料品,,2026-09-29,2623.0,1582.0,9968033380.0,6118810.0,9325731800.0,True,True,True,True,True,True
1801.T,1801,大成建設,Prime,建設業,,2026-09-29,2623.0,11950.0,9948734125.0,787635.0,9595850000.0,True,True,True,True,True,True
7270.T,7270,ＳＵＢＡＲＵ,Prime,輸送用機器,,2026-09-29,2623.0,2534.0,9941497282.5,3787745.0,11239303600.0,True,True,True,True,True,True
9502.T,9502,中部電力,Prime,電気・ガス業,,2026-09-29,2623.0,2709.0,9874207972.5,3398770.0,12099477600.0,True,True,True,True,True,True
8830.T,8830,住友不動産,Prime,不動産業,,2026-09-29,2623.0,3096.0,9816017455.0,3025430.0,9841564800.0,True,True,True,True,True,True
9766.T,9766,コナミグループ,Prime,情報・通信業,,2026-09-29,2623.0,21075.0,9748449325.0,458930.0,10425802500.0,True,True,True,True,True,True
3905.T,3905,データセクション,Growth,情報・通信業,,2026-09-29,2623.0,1953.0,9681380520.0,5293925.0,12376942200.0,True,True,True,True,True,True
6890.T,6890,フェローテック,Standard,電気機器,,2026-09-29,2623.0,10470.0,9514336500.0,1008940.0,6344820000.0,True,True,True,True,True,True
6383.T,6383,ダイフク,Prime,機械,,2026-09-29,2623.0,5490.0,9330133825.0,1673180.0,10556172000.0,True,True,True,True,True,True
1925.T,1925,大和ハウス工業,Prime,建設業,,2026-09-29,2623.0,2173.5,9285417005.0,4028260.0,11914257600.0,True,True,True,True,True,True
4452.T,4452,花王,Prime,化学,,2026-09-29,2623.0,3484.0,9260029385.0,2646355.0,11602765200.0,True,True,True,True,True,True
3350.T,3350,メタプラネット,Standard,卸売業,,2026-09-29,2623.0,281.0,9142747470.0,31976770.0,3626979400.0,True,True,True,True,True,True
7966.T,7966,リンテック,Prime,その他製品,,2026-09-29,2623.0,5890.0,8984845850.0,1656940.0,4429869000.0,True,True,True,True,True,True
5019.T,5019,出光興産,Prime,石油・石炭製品,,2026-09-29,2623.0,1586.0,8911405575.0,5631335.0,6718613200.0,True,True,True,True,True,True
6504.T,6504,富士電機,Prime,電気機器,,2026-09-29,2623.0,13665.0,8722961300.0,661485.0,7530781500.0,True,True,True,True,True,True
4911.T,4911,資生堂,Prime,化学,,2026-09-29,2623.0,3415.0,8682630405.0,2494375.0,11364778500.0,True,True,True,True,True,True
1928.T,1928,積水ハウス,Prime,建設業,,2026-09-29,2623.0,3317.0,8661850735.0,2569335.0,7775711400.0,True,True,True,True,True,True
6532.T,6532,ベイカレント,Prime,サービス業,,2026-09-29,2479.0,7596.0,8634478395.0,1119385.0,12712665600.0,True,True,True,True,True,True
9022.T,9022,東海旅客鉄道,Prime,陸運業,,2026-09-29,2623.0,3675.0,8586927820.0,2233130.0,10232670000.0,True,True,True,True,True,True
7003.T,7003,三井Ｅ＆Ｓ,Prime,機械,,2026-09-29,2623.0,4153.0,8456450110.0,1964005.0,5946680700.0,True,True,True,True,True,True
7733.T,7733,オリンパス,Prime,精密機器,,2026-09-29,2623.0,2026.5,8437407552.5,4162930.0,7121323650.0,True,True,True,True,True,True
6479.T,6479,ミネベアミツミ,Prime,電気機器,,2026-09-29,2623.0,3575.0,8383981325.0,2451740.0,7238660000.0,True,True,True,True,True,True
9735.T,9735,セコム,Prime,サービス業,,2026-09-29,2623.0,6210.0,8357786520.0,1309470.0,9802485000.0,True,True,True,True,True,True
2503.T,2503,キリンホールディングス,Prime,食料品,,2026-09-29,2623.0,2817.5,8356245195.0,2903090.0,8585767750.0,True,True,True,True,True,True
8697.T,8697,日本取引所グループ,Prime,その他金融業,,2026-09-29,2623.0,2250.0,8298600465.0,3713710.0,8179875000.0,True,True,True,True,True,True
4385.T,4385,メルカリ,Prime,情報・通信業,,2026-09-29,2025.0,3585.0,8264110535.0,2090480.0,6176596500.0,True,True,True,True,True,True
8331.T,8331,千葉銀行,Prime,銀行業,,2026-09-29,2623.0,2767.0,8202622830.0,2955415.0,6029016300.0,True,True,True,True,True,True
7261.T,7261,マツダ,Prime,輸送用機器,,2026-09-29,2623.0,1107.5,8105380950.0,6955130.0,7728910250.0,True,True,True,True,True,True
4507.T,4507,塩野義製薬,Prime,医薬品,,2026-09-29,2623.0,2838.5,8031961862.5,2759035.0,8058217650.0,True,True,True,True,True,True
7186.T,7186,横浜フィナンシャルグループ,Prime,銀行業,,2026-09-29,2583.0,1868.5,7873449805.0,4125895.0,7210915200.0,True,True,True,True,True,True
1802.T,1802,大林組,Prime,建設業,,2026-09-29,2623.0,2952.5,7815159995.0,2571195.0,9513840750.0,True,True,True,True,True,True
7014.T,7014,名村造船所,Standard,輸送用機器,,2026-09-29,2623.0,4760.0,7688203675.0,1600015.0,3486224000.0,True,True,True,True,True,True
4188.T,4188,三菱ケミカルグループ,Prime,化学,,2026-09-29,2623.0,1133.5,7655107977.5,6384360.0,6519551950.0,True,True,True,True,True,True
3407.T,3407,旭化成,Prime,化学,,2026-09-29,2623.0,1611.5,7633877585.0,4741325.0,7072067750.0,True,True,True,True,True,True
6645.T,6645,オムロン,Prime,電気機器,,2026-09-29,2623.0,6374.0,7610787850.0,1219705.0,9199594200.0,True,True,True,True,True,True
5333.T,5333,日本碍子,Prime,ガラス・土石製品,,2026-09-29,2623.0,5328.0,7481513540.0,1438955.0,5239555200.0,True,True,True,True,True,True
3099.T,3099,三越伊勢丹ホールディングス,Prime,小売業,,2026-09-29,2623.0,1618.0,7443649990.0,4547765.0,4481051000.0,True,True,True,True,True,True
7911.T,7911,ＴＯＰＰＡＮホールディングス,Prime,その他製品,,2026-09-29,2623.0,2339.5,7438735877.5,3044565.0,5149473450.0,True,True,True,True,True,True
3038.T,3038,神戸物産,Prime,卸売業,,2026-09-29,2623.0,2969.0,7388464502.5,2445950.0,5942453500.0,True,True,True,True,True,True
6305.T,6305,日立建機,Prime,機械,,2026-09-29,2623.0,5536.0,7319670280.0,1266095.0,4398352000.0,True,True,True,True,True,True
4005.T,4005,住友化学,Prime,化学,,2026-09-29,2623.0,570.4000244140625,7282421015.118408,12376120.0,4786682924.87793,True,True,True,True,True,True
9202.T,9202,ＡＮＡホールディングス,Prime,空運業,,2026-09-29,2623.0,2950.0,7166246762.5,2400175.0,7715430000.0,True,True,True,True,True,True
8795.T,8795,Ｔ＆Ｄホールディングス,Prime,保険業,,2026-09-29,2623.0,4840.0,7163812975.0,1460915.0,6313780000.0,True,True,True,True,True,True
4704.T,4704,トレンドマイクロ,Prime,情報・通信業,,2026-09-29,2623.0,6530.0,7142233760.0,1158920.0,7436364000.0,True,True,True,True,True,True
2768.T,2768,双日,Prime,卸売業,,2026-09-29,2623.0,5560.0,7075157400.0,1229750.0,6969460000.0,True,True,True,True,True,True
5201.T,5201,ＡＧＣ,Prime,ガラス・土石製品,,2026-09-29,2623.0,5618.0,6909695905.0,1225300.0,5192717400.0,True,True,True,True,True,True
5631.T,5631,日本製鋼所,Prime,機械,,2026-09-29,2623.0,7226.0,6905360265.0,953820.0,6615403000.0,True,True,True,True,True,True
9706.T,9706,日本空港ビルデング,Prime,不動産業,,2026-09-29,2623.0,5475.0,6774789530.0,1204060.0,3120202500.0,True,True,True,True,True,True
5838.T,5838,楽天銀行,Prime,銀行業,,2026-09-29,839.0,6135.0,6767621255.0,1059230.0,6015367500.0,True,True,True,True,True,True
9024.T,9024,西武ホールディングス,Prime,陸運業,,2026-09-29,2623.0,3525.0,6740665995.0,1924900.0,6137025000.0,True,True,True,True,True,True
5831.T,5831,しずおかフィナンシャルグループ,Prime,銀行業,,2026-09-29,975.0,3544.0,6727074345.0,1879360.0,6602826400.0,True,True,True,True,True,True
7550.T,7550,ゼンショーホールディングス,Prime,小売業,,2026-09-29,2623.0,10595.0,6629401025.0,597475.0,8231255500.0,True,True,True,True,True,True
6481.T,6481,ＴＨＫ,Prime,機械,,2026-09-29,2623.0,6526.0,6576155885.0,1054155.0,5105289800.0,True,True,True,True,True,True
9532.T,9532,大阪瓦斯,Prime,電気・ガス業,,2026-09-29,2623.0,5670.0,6554312180.0,1111205.0,7347186000.0,True,True,True,True,True,True
9531.T,9531,東京瓦斯,Prime,電気・ガス業,,2026-09-29,2623.0,6075.0,6413207635.0,1027495.0,8580937500.0,True,True,True,True,True,True
5101.T,5101,横浜ゴム,Prime,ゴム製品,,2026-09-29,2623.0,6800.0,6391121130.0,918580.0,6141760000.0,True,True,True,True,True,True
7826.T,7826,フルヤ金属,Prime,その他製品,,2026-09-29,2623.0,11010.0,6355352100.0,603355.0,3873318000.0,True,True,True,True,True,True
9506.T,9506,東北電力,Prime,電気・ガス業,,2026-09-29,2623.0,1286.5,6354751897.5,4607105.0,5174174350.0,True,True,True,True,True,True
6315.T,6315,ＴＯＷＡ,Prime,機械,,2026-09-29,2623.0,2236.0,6333447960.0,2873350.0,4852790800.0,True,True,True,True,True,True
6227.T,6227,ＡＩメカテック,Standard,機械,,2026-09-29,1262.0,7090.0,6300643950.0,1017450.0,7803963000.0,True,True,True,True,True,True
2801.T,2801,キッコーマン,Prime,食料品,,2026-09-29,2623.0,1646.5,6293685362.5,3659885.0,6509273100.0,True,True,True,True,True,True
7202.T,7202,いすゞ自動車,Prime,輸送用機器,,2026-09-29,2623.0,2080.5,6269498872.5,2845560.0,7312541400.0,True,True,True,True,True,True
5105.T,5105,ＴＯＹＯ　ＴＩＲＥ,Prime,ゴム製品,,2026-09-29,2623.0,3789.0,6176764615.0,1659960.0,3944727900.0,True,True,True,True,True,True
4186.T,4186,東京応化工業,Prime,化学,,2026-09-29,2623.0,8262.0,6154342305.0,748620.0,7042528800.0,True,True,True,True,True,True
9201.T,9201,日本航空,Prime,空運業,,2026-09-29,2623.0,3012.0,6139417585.0,2032265.0,7136030400.0,True,True,True,True,True,True
5332.T,5332,ＴＯＴＯ,Prime,ガラス・土石製品,,2026-09-29,2623.0,5782.0,6125138490.0,1040530.0,4834330200.0,True,True,True,True,True,True
4506.T,4506,住友ファーマ,Prime,医薬品,,2026-09-29,2623.0,1563.0,6045766090.0,3808710.0,5042238000.0,True,True,True,True,True,True
4183.T,4183,三井化学,Prime,化学,,2026-09-29,2623.0,2036.0,5984320302.5,2758925.0,12315560400.0,True,True,True,True,True,True
2413.T,2413,エムスリー,Prime,サービス業,,2026-09-29,2623.0,1770.5,5927206532.5,3365150.0,5726682250.0,True,True,True,True,True,True
9021.T,9021,西日本旅客鉄道,Prime,陸運業,,2026-09-29,2623.0,2908.5,5925902672.5,1966375.0,7736900850.0,True,True,True,True,True,True
4523.T,4523,エーザイ,Prime,医薬品,,2026-09-29,2623.0,4811.0,5917621110.0,1236560.0,5971894300.0,True,True,True,True,True,True
6324.T,6324,ハーモニック・ドライブ・システムズ,Standard,機械,,2026-09-29,2623.0,6450.0,5906514450.0,1000185.0,4798155000.0,True,True,True,True,True,True
1911.T,1911,住友林業,Prime,建設業,,2026-09-29,2623.0,1185.0,5865184982.5,4673765.0,7803106500.0,True,True,True,True,True,True
8050.T,8050,セイコーグループ,Prime,精密機器,,2026-09-29,2623.0,9920.0,5862012750.0,587365.0,3377760000.0,True,True,True,True,True,True
8593.T,8593,三菱ＨＣキャピタル,Prime,その他金融業,,2026-09-29,2623.0,1319.5,5841992242.5,4222875.0,9198366450.0,True,True,True,True,True,True
4182.T,4182,三菱瓦斯化学,Prime,化学,,2026-09-29,2623.0,3772.0,5778074795.0,1506825.0,3615839200.0,True,True,True,True,True,True
6269.T,6269,三井海洋開発,Prime,機械,,2026-09-29,2623.0,8824.0,5776092155.0,621000.0,6350632800.0,True,True,True,True,True,True
4751.T,4751,サイバーエージェント,Prime,サービス業,,2026-09-29,2623.0,1210.0,5758320935.0,4553400.0,5425277000.0,True,True,True,True,True,True
4440.T,4440,ヴィッツ,Standard,情報・通信業,,2026-09-29,1821.0,2278.0,5698287290.0,2715495.0,508677400.0,True,True,True,True,True,True
7259.T,7259,アイシン,Prime,輸送用機器,,2026-09-29,2623.0,2167.5,5690600882.5,2552825.0,4750726500.0,True,True,True,True,True,True
4203.T,4203,住友ベークライト,Prime,化学,,2026-09-29,2623.0,8212.0,5678464575.0,740215.0,5248289200.0,True,True,True,True,True,True
9147.T,9147,ＮＩＰＰＯＮ　ＥＸＰＲＥＳＳホールディングス,Prime,陸運業,,2026-09-29,1157.0,5676.0,5659398600.0,1011075.0,3678615600.0,True,True,True,True,True,True
6448.T,6448,ブラザー工業,Prime,電気機器,,2026-09-29,2623.0,4682.0,5545506125.0,1190245.0,5489176800.0,True,True,True,True,True,True
8354.T,8354,ふくおかフィナンシャルグループ,Prime,銀行業,,2026-09-29,2623.0,7753.0,5513035505.0,705475.0,5776760300.0,True,True,True,True,True,True
6113.T,6113,アマダ,Prime,機械,,2026-09-29,2623.0,2493.0,5351998730.0,2195490.0,3380258700.0,True,True,True,True,True,True
6856.T,6856,堀場製作所,Prime,電気機器,,2026-09-29,2623.0,24295.0,5349987025.0,234895.0,5519824000.0,True,True,True,True,True,True
1942.T,1942,関電工,Prime,建設業,,2026-09-29,2623.0,5470.0,5330473260.0,950905.0,7096231000.0,True,True,True,True,True,True
7729.T,7729,東京精密,Prime,精密機器,,2026-09-29,2623.0,18405.0,5284204850.0,307370.0,8337465000.0,True,True,True,True,True,True
6134.T,6134,ＦＵＪＩ,Prime,機械,,2026-09-29,2623.0,7481.0,5260371160.0,749045.0,4053205800.0,True,True,True,True,True,True
7309.T,7309,シマノ,Prime,輸送用機器,,2026-09-29,2623.0,17870.0,5238687500.0,281850.0,4258421000.0,True,True,True,True,True,True
5344.T,5344,ＭＡＲＵＷＡ,Prime,ガラス・土石製品,,2026-09-29,2623.0,54120.0,5210602100.0,95095.0,6077676000.0,True,True,True,True,True,True
2737.T,2737,トーメンデバイス,Prime,卸売業,,2026-09-29,2623.0,39050.0,5136545750.0,140105.0,6353435000.0,True,True,True,True,True,True
5301.T,5301,東海カーボン,Prime,ガラス・土石製品,,2026-09-29,2623.0,2337.5,5130114960.0,2512445.0,10483921250.0,True,True,True,True,True,True
3402.T,3402,東レ,Prime,繊維製品,,2026-09-29,2623.0,1241.0,5117833397.5,4078850.0,5742975700.0,True,True,True,True,True,True
6841.T,6841,横河電機,Prime,電気機器,,2026-09-29,2623.0,4679.0,5101091740.0,1078080.0,4332286100.0,True,True,True,True,True,True
1878.T,1878,大東建託,Prime,不動産業,,2026-09-29,2623.0,3143.0,5060605055.0,1531585.0,6489037800.0,True,True,True,True,True,True
9602.T,9602,東宝,Prime,情報・通信業,,2026-09-29,2623.0,1553.0,5046741262.5,3178315.0,4128961100.0,True,True,True,True,True,True
9508.T,9508,九州電力,Prime,電気・ガス業,,2026-09-29,2623.0,2098.0,5005048432.5,2342490.0,0.0,True,True,True,True,True,True
9962.T,9962,ミスミグループ本社,Prime,卸売業,,2026-09-29,2623.0,3857.0,4986133030.0,1356835.0,3986209500.0,True,True,True,True,True,True
7167.T,7167,めぶきフィナンシャルグループ,Prime,銀行業,,2026-09-29,2623.0,1675.0,4930241720.0,2919150.0,5316785000.0,True,True,True,True,True,True
6869.T,6869,シスメックス,Prime,電気機器,,2026-09-29,2623.0,1859.0,4926702585.0,2626840.0,4939177100.0,True,True,True,True,True,True
7747.T,7747,朝日インテック,Prime,精密機器,,2026-09-29,2623.0,3330.0,4896873870.0,1442220.0,4702293000.0,True,True,True,True,True,True
6590.T,6590,芝浦メカトロニクス,Prime,電気機器,,2026-09-29,2623.0,3770.0,4861491225.0,1265145.0,6235203000.0,True,True,True,True,True,True
6302.T,6302,住友重機械工業,Prime,機械,,2026-09-29,2623.0,5923.0,4805864425.0,831170.0,4650147300.0,True,True,True,True,True,True
6965.T,6965,浜松ホトニクス,Prime,電気機器,,2026-09-29,2623.0,2302.0,4771417865.0,2096040.0,3521139200.0,True,True,True,True,True,True
6724.T,6724,セイコーエプソン,Prime,電気機器,,2026-09-29,2623.0,3261.0,4698316245.0,1485470.0,4516485000.0,True,True,True,True,True,True
4052.T,4052,フィーチャ,Growth,情報・通信業,,2026-09-29,1528.0,999.0,4677656555.0,4973140.0,1255443300.0,True,True,True,True,True,True
8304.T,8304,あおぞら銀行,Prime,銀行業,,2026-09-29,2623.0,3427.0,4620674255.0,1340005.0,4131591200.0,True,True,True,True,True,True
6323.T,6323,ローツェ,Prime,機械,,2026-09-29,2623.0,3880.0,4590240065.0,1243235.0,5584872000.0,True,True,True,True,True,True
8113.T,8113,ユニ・チャーム,Prime,化学,,2026-09-29,2623.0,942.9000244140625,4584744895.36438,4739360.0,3513151200.9643555,True,True,True,True,True,True
4151.T,4151,協和キリン,Prime,医薬品,,2026-09-29,2623.0,2266.0,4568874772.5,1956680.0,3888682600.0,True,True,True,True,True,True
3086.T,3086,Ｊ．フロント　リテイリング,Prime,小売業,,2026-09-29,2623.0,2660.5,4521601417.5,1644510.0,2434889600.0,True,True,True,True,True,True
6141.T,6141,ＤＭＧ森精機,Prime,機械,,2026-09-29,2623.0,2888.5,4514181560.0,1571925.0,3100227050.0,True,True,True,True,True,True
6268.T,6268,ナブテスコ,Prime,機械,,2026-09-29,2623.0,4794.0,4504985310.0,988060.0,3588309000.0,True,True,True,True,True,True
6613.T,6613,ＱＤレーザ,Growth,電気機器,,2026-09-29,1379.0,2243.0,4486715565.0,2194275.0,3567042900.0,True,True,True,True,True,True
2587.T,2587,サントリー食品インターナショナル,Prime,食料品,,2026-09-29,2623.0,4472.0,4472391995.0,991470.0,3507389600.0,True,True,True,True,True,True
3088.T,3088,マツキヨココカラ＆カンパニー,Prime,小売業,,2026-09-29,2623.0,2427.5,4406967137.5,1734670.0,4011686500.0,True,True,True,True,True,True
2269.T,2269,明治ホールディングス,Prime,食料品,,2026-09-29,2623.0,4168.0,4388715385.0,1006520.0,4880728000.0,True,True,True,True,True,True
2875.T,2875,東洋水産,Prime,食料品,,2026-09-29,2623.0,9482.0,4379929830.0,436360.0,3743493600.0,True,True,True,True,True,True
5110.T,5110,住友ゴム工業,Prime,ゴム製品,,2026-09-29,2623.0,1996.5,4328055377.5,2100150.0,4224394350.0,True,True,True,True,True,True
7912.T,7912,大日本印刷,Prime,その他製品,,2026-09-29,2623.0,2912.0,4321223155.0,1429400.0,4500496000.0,True,True,True,True,True,True
4768.T,4768,大塚商会,Prime,情報・通信業,,2026-09-29,2623.0,3651.0,4319846940.0,1198825.0,3776594400.0,True,True,True,True,True,True
9042.T,9042,阪急阪神ホールディングス,Prime,陸運業,,2026-09-29,2623.0,4336.0,4297951810.0,934725.0,6863888000.0,True,True,True,True,True,True
5076.T,5076,インフロニア・ホールディングス,Prime,建設業,,2026-09-29,1220.0,2731.5,4280013702.5,1512000.0,4153792050.0,True,True,True,True,True,True
4088.T,4088,エア・ウォーター,Prime,化学,,2026-09-29,2623.0,2824.0,4277159145.0,1470080.0,2680258400.0,True,True,True,True,True,True
6370.T,6370,栗田工業,Prime,機械,,2026-09-29,2623.0,7726.0,4253376315.0,555555.0,2888751400.0,True,True,True,True,True,True
5844.T,5844,京都フィナンシャルグループ,Prime,銀行業,,2026-09-29,2623.0,4782.0,4239472310.0,869355.0,3929847600.0,True,True,True,True,True,True
1944.T,1944,きんでん,Prime,建設業,,2026-09-29,2623.0,6675.0,4201168180.0,602140.0,4219935000.0,True,True,True,True,True,True
8334.T,8334,群馬銀行,Prime,銀行業,,2026-09-29,2623.0,3087.0,4162005622.5,1407970.0,4157571600.0,True,True,True,True,True,True
7181.T,7181,かんぽ生命保険,Prime,保険業,,2026-09-29,2623.0,1776.0,4154249477.5,2369920.0,3873278400.0,True,True,True,True,True,True
4021.T,4021,日産化学,Prime,化学,,2026-09-29,2623.0,8191.0,4144582455.0,512830.0,4296998600.0,True,True,True,True,True,True
5714.T,5714,ＤＯＷＡホールディングス,Prime,非鉄金属,,2026-09-29,2623.0,8768.0,4133534930.0,443980.0,3202950400.0,True,True,True,True,True,True
3697.T,3697,ＳＨＩＦＴ,Prime,情報・通信業,,2026-09-29,2623.0,844.0,4123606069.4665527,4664665.0,2954928400.0,True,True,True,True,True,True
186A.T,186A,アストロスケールホールディングス,Growth,サービス業,,2026-09-29,565.0,1195.0,4110927880.0,3729670.0,3883869500.0,True,True,True,True,True,True
9684.T,9684,スクウェア・エニックス・ホールディングス,Prime,情報・通信業,,2026-09-29,2623.0,2913.0,4101978607.5,1374420.0,2849496600.0,True,True,True,True,True,True
8848.T,8848,レオパレス２１,Prime,不動産業,,2026-09-29,2623.0,1020.0,4073147435.0,4187035.0,3109776000.0,True,True,True,True,True,True
2702.T,2702,日本マクドナルドホールディングス,Standard,小売業,,2026-09-29,2623.0,7490.0,4054178800.0,511370.0,6645877000.0,True,True,True,True,True,True
6674.T,6674,ジーエス・ユアサ　コーポレーション,Prime,電気機器,,2026-09-29,2623.0,5339.0,4025950335.0,769235.0,2972755200.0,True,True,True,True,True,True
7701.T,7701,島津製作所,Prime,精密機器,,2026-09-29,2623.0,4018.0,4017341260.0,1032115.0,3434586400.0,True,True,True,True,True,True
3231.T,3231,野村不動産ホールディングス,Prime,不動産業,,2026-09-29,2623.0,871.0,3992842784.1152954,4383155.0,10591621300.0,True,True,True,True,True,True
4812.T,4812,電通総研,Prime,情報・通信業,,2026-09-29,2623.0,2862.0,3984760260.0,1389820.0,3048316200.0,True,True,True,True,True,True
4980.T,4980,デクセリアルズ,Prime,化学,,2026-09-29,2623.0,3153.0,3984205502.5,1344905.0,6359601000.0,True,True,True,True,True,True
7762.T,7762,シチズン時計,Prime,精密機器,,2026-09-29,2623.0,2365.0,3979535110.0,1629780.0,2840601500.0,True,True,True,True,True,True
6952.T,6952,カシオ計算機,Prime,電気機器,,2026-09-29,2623.0,2148.5,3973841930.0,1790635.0,2241100350.0,True,True,True,True,True,True
5830.T,5830,いよぎんホールディングス,Prime,銀行業,,2026-09-29,975.0,3884.0,3964326195.0,1019865.0,4033534000.0,True,True,True,True,True,True
3626.T,3626,ＴＩＳ,Prime,情報・通信業,,2026-09-29,2623.0,3950.0,3950668355.0,995105.0,7486040000.0,True,True,True,True,True,True
6586.T,6586,マキタ,Prime,機械,,2026-09-29,2623.0,5257.0,3910207245.0,738970.0,4145670200.0,True,True,True,True,True,True
4612.T,4612,日本ペイントホールディングス,Prime,化学,,2026-09-29,2623.0,1165.0,3899274447.5,3374785.0,4162079000.0,True,True,True,True,True,True
268A.T,268A,リガク・ホールディングス,Prime,精密機器,,2026-09-29,468.0,1711.0,3899038295.0,2391750.0,3497284000.0,True,True,True,True,True,True
9005.T,9005,東急,Prime,陸運業,,2026-09-29,2623.0,1600.0,3873904147.5,2346405.0,6093280000.0,True,True,True,True,True,True
3391.T,3391,ツルハホールディングス,Prime,小売業,,2026-09-29,2623.0,2114.0,3799392700.0,1695740.0,3446877000.0,True,True,True,True,True,True
5805.T,5805,ＳＷＣＣ,Prime,非鉄金属,,2026-09-29,2623.0,2596.0,3777275380.0,1381205.0,2292527600.0,True,True,True,True,True,True
4091.T,4091,日本酸素ホールディングス,Prime,化学,,2026-09-29,2623.0,5454.0,3765557555.0,683445.0,5368372200.0,True,True,True,True,True,True
8233.T,8233,高島屋,Prime,小売業,,2026-09-29,2623.0,2104.5,3741317035.0,1717375.0,2794355100.0,True,True,True,True,True,True
3994.T,3994,マネーフォワード,Prime,情報・通信業,,2026-09-29,2212.0,5858.0,3726955910.0,601395.0,1869287800.0,True,True,True,True,True,True
9412.T,9412,スカパーＪＳＡＴホールディングス,Prime,情報・通信業,,2026-09-29,2623.0,1990.0,3702408685.0,1816965.0,2570085000.0,True,True,True,True,True,True
5406.T,5406,神戸製鋼所,Prime,鉄鋼,,2026-09-29,2623.0,2022.5,3673267760.0,1795385.0,4622019250.0,True,True,True,True,True,True
6770.T,6770,アルプスアルパイン,Prime,電気機器,,2026-09-29,2623.0,2196.0,3667430335.0,1653755.0,2410329600.0,True,True,True,True,True,True
7211.T,7211,三菱自動車工業,Prime,輸送用機器,,2026-09-29,2623.0,354.6000061035156,3667337718.426056,9886515.0,3728973664.1845703,True,True,True,True,True,True
4324.T,4324,電通グループ,Prime,サービス業,,2026-09-29,2623.0,3538.0,3649061700.0,1005250.0,3617251200.0,True,True,True,True,True,True
215A.T,215A,タイミー,Growth,サービス業,,2026-09-29,529.0,1333.0,3624363775.0,2535465.0,1934183000.0,True,True,True,True,True,True
2897.T,2897,日清食品ホールディングス,Prime,食料品,,2026-09-29,2623.0,2862.5,3616103402.5,1222485.0,3944238750.0,True,True,True,True,True,True
8359.T,8359,八十二銀行,Prime,銀行業,,2026-09-29,2623.0,2767.0,3612992070.0,1321515.0,3601250500.0,True,True,True,True,True,True
5938.T,5938,ＬＩＸＩＬ,Prime,金属製品,,2026-09-29,2623.0,1675.0,3601199645.0,2070540.0,4309775000.0,True,True,True,True,True,True
9831.T,9831,ヤマダホールディングス,Prime,小売業,,2026-09-29,2623.0,717.0999755859375,3537769591.390381,4960245.0,5386855016.6015625,True,True,True,True,True,True
4667.T,4667,アイサンテクノロジー,Standard,情報・通信業,,2026-09-29,2623.0,1032.0,3490782333.321533,3157845.0,328795200.0,True,True,True,True,True,True
1963.T,1963,日揮ホールディングス,Prime,建設業,,2026-09-29,2623.0,2212.0,3474124622.5,1482780.0,2213106000.0,True,True,True,True,True,True
4204.T,4204,積水化学工業,Prime,化学,,2026-09-29,2623.0,2491.5,3472370242.5,1366845.0,3478383150.0,True,True,True,True,True,True
4528.T,4528,小野薬品工業,Prime,医薬品,,2026-09-29,2623.0,2333.5,3461842007.5,1440405.0,3782370150.0,True,True,True,True,True,True
6806.T,6806,ヒロセ電機,Prime,電気機器,,2026-09-29,2623.0,24685.0,3444282700.0,139545.0,2643763500.0,True,True,True,True,True,True
2282.T,2282,日本ハム,Prime,食料品,,2026-09-29,2623.0,1955.5,3444207273.6706543,1676795.0,2674146250.0,True,True,True,True,True,True
3289.T,3289,東急不動産ホールディングス,Prime,不動産業,,2026-09-29,2623.0,1221.5,3426559360.0,2643390.0,4463971750.0,True,True,True,True,True,True
3003.T,3003,ヒューリック,Prime,不動産業,,2026-09-29,2623.0,1706.5,3420340640.0,1951800.0,3763173800.0,True,True,True,True,True,True
6460.T,6460,セガサミーホールディングス,Prime,機械,,2026-09-29,2623.0,3269.0,3411533925.0,1059800.0,3058149500.0,True,True,True,True,True,True
3132.T,3132,マクニカホールディングス,Prime,卸売業,,2026-09-29,2623.0,4255.0,3399218080.0,884085.0,2651716000.0,True,True,True,True,True,True
6855.T,6855,日本電子材料,Standard,電気機器,,2026-09-29,2623.0,7630.0,3388267750.0,503145.0,3496066000.0,True,True,True,True,True,True
2160.T,2160,ジーエヌアイグループ,Growth,医薬品,,2026-09-29,2623.0,3260.0,3387646180.0,1116930.0,3510042000.0,True,True,True,True,True,True
6728.T,6728,アルバック,Prime,電気機器,,2026-09-29,2623.0,7662.0,3384044915.0,466950.0,2942974200.0,True,True,True,True,True,True
3064.T,3064,ＭｏｎｏｔａＲＯ,Prime,小売業,,2026-09-29,2623.0,1919.0,3383482860.0,1754460.0,2456895700.0,True,True,True,True,True,True
1893.T,1893,五洋建設,Prime,建設業,,2026-09-29,2623.0,1457.0,3301358877.5,2194140.0,2565631300.0,True,True,True,True,True,True
6368.T,6368,オルガノ,Prime,機械,,2026-09-29,2623.0,2522.0,3289448000.0,1327800.0,2540915000.0,True,True,True,True,True,True
8253.T,8253,クレディセゾン,Prime,その他金融業,,2026-09-29,2623.0,4481.0,3284512730.0,709350.0,2565372500.0,True,True,True,True,True,True
9616.T,9616,共立メンテナンス,Prime,サービス業,,2026-09-29,2623.0,3176.0,3206008570.0,992130.0,5013633600.0,True,True,True,True,True,True
7731.T,7731,ニコン,Prime,精密機器,,2026-09-29,2623.0,1887.0,3178608157.5,1743575.0,3376597800.0,True,True,True,True,True,True
5214.T,5214,日本電気硝子,Prime,ガラス・土石製品,,2026-09-29,2623.0,4886.0,3159068975.0,660035.0,2288602400.0,True,True,True,True,True,True
7220.T,7220,武蔵精密工業,Prime,輸送用機器,,2026-09-29,2623.0,2965.0,3150033715.0,1086690.0,5246864000.0,True,True,True,True,True,True
7752.T,7752,リコー,Prime,電気機器,,2026-09-29,2623.0,1651.0,3142048792.5,1905590.0,3071520400.0,True,True,True,True,True,True
3349.T,3349,コスモス薬品,Prime,小売業,,2026-09-29,2623.0,6135.0,3134684105.0,478995.0,2711056500.0,True,True,True,True,True,True
8341.T,8341,七十七銀行,Prime,銀行業,,2026-09-29,2623.0,4087.0,3099960035.0,765465.0,2844960700.0,True,True,True,True,True,True
5021.T,5021,コスモエネルギーホールディングス,Prime,石油・石炭製品,,2026-09-29,2623.0,4261.0,3087845350.0,693895.0,2312870800.0,True,True,True,True,True,True
3197.T,3197,すかいらーくホールディングス,Prime,小売業,,2026-09-29,2623.0,3125.0,3085207550.0,935045.0,3767812500.0,True,True,True,True,True,True
3092.T,3092,ＺＯＺＯ,Prime,小売業,,2026-09-29,2623.0,1089.0,3075890550.0,2710575.0,3766306500.0,True,True,True,True,True,True
3861.T,3861,王子ホールディングス,Prime,パルプ・紙,,2026-09-29,2623.0,835.7000122070312,3071573760.7037354,3527045.0,4043367369.0612793,True,True,True,True,True,True
9435.T,9435,光通信,Prime,情報・通信業,,2026-09-29,2623.0,36310.0,3061107350.0,79615.0,4233746000.0,True,True,True,True,True,True
4631.T,4631,ＤＩＣ,Prime,化学,,2026-09-29,2623.0,4805.0,3057832810.0,631630.0,1812446000.0,True,True,True,True,True,True
4527.T,4527,ロート製薬,Prime,医薬品,,2026-09-29,2623.0,2782.5,3039550292.5,1054450.0,2520666750.0,True,True,True,True,True,True
9041.T,9041,近鉄グループホールディングス,Prime,陸運業,,2026-09-29,2623.0,3424.0,3030579255.0,865610.0,5475660800.0,True,True,True,True,True,True
2181.T,2181,パーソルホールディングス,Prime,サービス業,,2026-09-29,2623.0,282.79998779296875,3010142369.2718506,10258175.0,2030956392.3339844,True,True,True,True,True,True
9142.T,9142,九州旅客鉄道,Prime,陸運業,,2026-09-29,2445.0,3388.0,2996432815.0,845440.0,3933468000.0,True,True,True,True,True,True
3405.T,3405,クラレ,Prime,化学,,2026-09-29,2623.0,1791.5,2993493017.5,1652635.0,2520103050.0,True,True,True,True,True,True
6966.T,6966,三井ハイテック,Prime,電気機器,,2026-09-29,2623.0,884.0,2992653845.0,3304500.0,1634958000.0,True,True,True,True,True,True
6522.T,6522,アスタリスク,Growth,電気機器,,2026-09-29,1221.0,1254.0,2984321075.0,1815195.0,470877000.0,True,True,True,True,True,True
9507.T,9507,四国電力,Prime,電気・ガス業,,2026-09-29,2623.0,2103.0,2974706570.0,1391670.0,2095849800.0,True,True,True,True,True,True
6754.T,6754,アンリツ,Prime,電気機器,,2026-09-29,2623.0,3377.0,2969553695.0,913900.0,2287917500.0,True,True,True,True,True,True
8252.T,8252,丸井グループ,Prime,小売業,,2026-09-29,2623.0,2773.0,2966716685.0,1028395.0,3265484800.0,True,True,True,True,True,True
8804.T,8804,東京建物,Prime,不動産業,,2026-09-29,2623.0,3243.0,2933325380.0,882860.0,3308832900.0,True,True,True,True,True,True
1721.T,1721,コムシスホールディングス,Prime,建設業,,2026-09-29,2623.0,5412.0,2932906130.0,527885.0,2651880000.0,True,True,True,True,True,True
7581.T,7581,サイゼリヤ,Prime,小売業,,2026-09-29,2623.0,6380.0,2914535950.0,427335.0,2074776000.0,True,True,True,True,True,True
2432.T,2432,ディー・エヌ・エー,Prime,情報・通信業,,2026-09-29,2623.0,2522.5,2913093990.0,1138840.0,5199124750.0,True,True,True,True,True,True
2267.T,2267,ヤクルト本社,Prime,食料品,,2026-09-29,2623.0,2735.0,2895148185.0,1025135.0,3459501500.0,True,True,True,True,True,True
4680.T,4680,ラウンドワン,Prime,サービス業,,2026-09-29,2623.0,1222.5,2893261987.5,2354755.0,2743045500.0,True,True,True,True,True,True
4902.T,4902,コニカミノルタ,Prime,電気機器,,2026-09-29,2623.0,646.0999755859375,2891008705.388489,4535990.0,2408660708.984375,True,True,True,True,True,True
3778.T,3778,さくらインターネット,Prime,情報・通信業,,2026-09-29,2623.0,3595.0,2877376275.0,771810.0,2015716500.0,True,True,True,True,True,True
4082.T,4082,第一稀元素化学工業,Prime,化学,,2026-09-29,2623.0,2300.0,2853675450.0,1084755.0,292100000.0,True,True,True,True,True,True
7951.T,7951,ヤマハ,Prime,その他製品,,2026-09-29,2623.0,1219.5,2830833722.5,2225350.0,2741923800.0,True,True,True,True,True,True
9509.T,9509,北海道電力,Prime,電気・ガス業,,2026-09-29,2623.0,1099.5,2789490847.5,2464820.0,2569201650.0,True,True,True,True,True,True
3653.T,3653,モルフォ,Growth,情報・通信業,,2026-09-29,2623.0,1010.0,2779761420.0,2181380.0,353904000.0,True,True,True,True,True,True
4208.T,4208,ＵＢＥ,Prime,化学,,2026-09-29,2623.0,3320.0,2774466460.0,802435.0,2755268000.0,True,True,True,True,True,True
3769.T,3769,ＧＭＯペイメントゲートウェイ,Prime,情報・通信業,,2026-09-29,2623.0,8573.0,2772903855.0,314570.0,1698311300.0,True,True,True,True,True,True
9023.T,9023,東京地下鉄,Prime,陸運業,,2026-09-29,470.0,1470.5,2760572750.0,1821280.0,2964086850.0,True,True,True,True,True,True
4443.T,4443,Ｓａｎｓａｎ,Prime,情報・通信業,,2026-09-29,1776.0,2031.0,2750304900.0,1303985.0,2487771900.0,True,True,True,True,True,True
6997.T,6997,日本ケミコン,Prime,電気機器,,2026-09-29,2623.0,2511.0,2749673105.0,1013040.0,3177921600.0,True,True,True,True,True,True
6471.T,6471,日本精工,Prime,機械,,2026-09-29,2623.0,1075.0,2745224687.5,2538845.0,2360270000.0,True,True,True,True,True,True
9009.T,9009,京成電鉄,Prime,陸運業,,2026-09-29,2623.0,1324.0,2721702485.0,1990910.0,2273837600.0,True,True,True,True,True,True
6473.T,6473,ジェイテクト,Prime,機械,,2026-09-29,2623.0,2058.5,2717695942.5,1299655.0,1708966700.0,True,True,True,True,True,True
6508.T,6508,明電舎,Prime,電気機器,,2026-09-29,2623.0,11440.0,2715397250.0,246535.0,2133560000.0,True,True,True,True,True,True
4732.T,4732,ユー・エス・エス,Prime,サービス業,,2026-09-29,2623.0,1798.0,2713062947.5,1419025.0,3681584800.0,True,True,True,True,True,True
4042.T,4042,東ソー,Prime,化学,,2026-09-29,2623.0,2597.0,2711730877.5,1031750.0,3203399500.0,True,True,True,True,True,True
4716.T,4716,日本オラクル,Standard,情報・通信業,,2026-09-29,2623.0,9527.0,2692058045.0,287575.0,2577053500.0,True,True,True,True,True,True
6278.T,6278,ユニオンツール,Prime,機械,,2026-09-29,2623.0,14680.0,2684312550.0,197775.0,2702588000.0,True,True,True,True,True,True
2579.T,2579,コカ・コーラ　ボトラーズジャパンホールディングス,Prime,食料品,,2026-09-29,2623.0,3704.0,2682404145.0,702695.0,2983942400.0,True,True,True,True,True,True
338A.T,338A,ＺｅｎｍｕＴｅｃｈ,Growth,情報・通信業,,2026-09-29,367.0,2810.0,2670162570.0,933005.0,1485647000.0,True,True,True,True,True,True
6407.T,6407,ＣＫＤ,Prime,機械,,2026-09-29,2623.0,5350.0,2635977750.0,505200.0,3224445000.0,True,True,True,True,True,True
9007.T,9007,小田急電鉄,Prime,陸運業,,2026-09-29,2623.0,1704.0,2633462080.0,1471200.0,3670756800.0,True,True,True,True,True,True
9001.T,9001,東武鉄道,Prime,陸運業,,2026-09-29,2623.0,2816.5,2619310270.0,888045.0,3579208200.0,True,True,True,True,True,True
7327.T,7327,第四北越フィナンシャルグループ,Prime,銀行業,,2026-09-29,1951.0,2791.0,2610116485.0,973340.0,3553501200.0,True,True,True,True,True,True
6779.T,6779,日本電波工業,Prime,電気機器,,2026-09-29,2623.0,3300.0,2600972235.0,893575.0,1105170000.0,True,True,True,True,True,True
4536.T,4536,参天製薬,Prime,医薬品,,2026-09-29,2623.0,1664.5,2600071900.0,1466135.0,2318482050.0,True,True,True,True,True,True
1662.T,1662,石油資源開発,Prime,鉱業,,2026-09-29,2623.0,1783.0,2599283950.0,1362135.0,2180787300.0,True,True,True,True,True,True
2127.T,2127,日本Ｍ＆Ａセンターホールディングス,Prime,サービス業,,2026-09-29,2623.0,614.7999877929688,2588435148.051758,3984350.0,1763430804.9865723,True,True,True,True,True,True
2212.T,2212,山崎製パン,Prime,食料品,,2026-09-29,2623.0,3565.0,2584070025.0,689710.0,2157538000.0,True,True,True,True,True,True
7867.T,7867,タカラトミー,Prime,その他製品,,2026-09-29,2623.0,4152.0,2581187390.0,670200.0,3033451200.0,True,True,True,True,True,True
6417.T,6417,ＳＡＮＫＹＯ,Prime,機械,,2026-09-29,2623.0,2059.5,2546991705.0,1234285.0,2725954200.0,True,True,True,True,True,True
4114.T,4114,日本触媒,Prime,化学,,2026-09-29,2623.0,2491.5,2543362667.5,984515.0,2701782600.0,True,True,True,True,True,True
4392.T,4392,ＦＩＧ,Prime,情報・通信業,,2026-09-29,2016.0,908.0,2542404215.0,2346520.0,649220000.0,True,True,True,True,True,True
2871.T,2871,ニチレイ,Prime,食料品,,2026-09-29,2623.0,2159.0,2539738337.5,1169020.0,2827426400.0,True,True,True,True,True,True
1515.T,1515,日鉄鉱業,Prime,鉱業,,2026-09-29,2623.0,3150.0,2536081600.0,728470.0,1257795000.0,True,True,True,True,True,True
7282.T,7282,豊田合成,Prime,輸送用機器,,2026-09-29,2623.0,1017.5,2528672779.824829,2407590.0,2081601500.0,True,True,True,True,True,True
4180.T,4180,Ａｐｐｉｅｒ　Ｇｒｏｕｐ,Prime,情報・通信業,,2026-09-29,1344.0,1382.0,2527207845.0,1749720.0,1680788400.0,True,True,True,True,True,True
7564.T,7564,ワークマン,Standard,小売業,,2026-09-29,2623.0,5260.0,2514684750.0,440925.0,1981442000.0,True,True,True,True,True,True
4666.T,4666,パーク２４,Prime,不動産業,,2026-09-29,2623.0,1859.0,2510656822.5,1270140.0,8212690200.0,True,True,True,True,True,True
1808.T,1808,長谷工コーポレーション,Prime,建設業,,2026-09-29,2623.0,2595.5,2484294500.0,888905.0,2162051500.0,True,True,True,True,True,True
4403.T,4403,日油,Prime,化学,,2026-09-29,2623.0,2484.0,2484240620.0,947150.0,2096496000.0,True,True,True,True,True,True
5253.T,5253,カバー,Growth,情報・通信業,,2026-09-29,858.0,1505.0,2482930325.0,1563675.0,2840988500.0,True,True,True,True,True,True
9504.T,9504,中国電力,Prime,電気・ガス業,,2026-09-29,2623.0,1011.0,2469432175.2160645,2334395.0,1992276600.0,True,True,True,True,True,True
2492.T,2492,インフォマート,Prime,サービス業,,2026-09-29,2623.0,713.0,2465786260.0,3558530.0,2500704900.0,True,True,True,True,True,True
8358.T,8358,スルガ銀行,Prime,銀行業,,2026-09-29,2623.0,2886.0,2456946420.0,849235.0,2392205400.0,True,True,True,True,True,True
6753.T,6753,シャープ,Prime,電気機器,,2026-09-29,2623.0,641.9000244140625,2419060507.6293945,3662720.0,1359480061.706543,True,True,True,True,True,True
4194.T,4194,ビジョナル,Prime,情報・通信業,,2026-09-29,1327.0,8661.0,2403302650.0,279405.0,2054389200.0,True,True,True,True,True,True
8227.T,8227,しまむら,Prime,小売業,,2026-09-29,2599.0,3240.0,2386968230.0,739250.0,7018488000.0,True,True,True,True,True,True
9064.T,9064,ヤマトホールディングス,Prime,陸運業,,2026-09-29,2623.0,1999.0,2382505860.0,1206195.0,3019489500.0,True,True,True,True,True,True
4613.T,4613,関西ペイント,Prime,化学,,2026-09-29,2623.0,2770.0,2381051355.0,839755.0,2539259000.0,True,True,True,True,True,True
7189.T,7189,西日本フィナンシャルホールディングス,Prime,銀行業,,2026-09-29,2623.0,4957.0,2351501435.0,475620.0,1741889800.0,True,True,True,True,True,True
4478.T,4478,フリー,Growth,情報・通信業,,2026-09-29,1654.0,3600.0,2339644875.0,590210.0,1172880000.0,True,True,True,True,True,True
5857.T,5857,ＡＲＥホールディングス,Prime,非鉄金属,,2026-09-29,2623.0,3525.0,2334216750.0,616395.0,1489312500.0,True,True,True,True,True,True
1969.T,1969,高砂熱学工業,Prime,建設業,,2026-09-29,2623.0,4627.0,2326079145.0,515925.0,2579089800.0,True,True,True,True,True,True
3288.T,3288,オープンハウスグループ,Prime,不動産業,,2026-09-29,2623.0,7362.0,2317555590.0,301895.0,1877310000.0,True,True,True,True,True,True
5929.T,5929,三和ホールディングス,Prime,金属製品,,2026-09-29,2623.0,3445.0,2310092610.0,659040.0,2220991500.0,True,True,True,True,True,True
4676.T,4676,フジ・メディア・ホールディングス,Prime,情報・通信業,,2026-09-29,2623.0,3892.0,2305956450.0,564025.0,3749942000.0,True,True,True,True,True,True
6996.T,6996,ニチコン,Prime,電気機器,,2026-09-29,2623.0,2590.0,2304456240.0,889310.0,1495466000.0,True,True,True,True,True,True
4205.T,4205,日本ゼオン,Prime,化学,,2026-09-29,2623.0,2409.0,2300396490.0,947840.0,2450193900.0,True,True,True,True,True,True
9513.T,9513,電源開発,Prime,電気・ガス業,,2026-09-29,2623.0,3986.0,2293779155.0,553815.0,2470522800.0,True,True,True,True,True,True
7389.T,7389,あいちフィナンシャルグループ,Prime,銀行業,,2026-09-29,975.0,2086.0,2283387430.0,1153775.0,2551386600.0,True,True,True,True,True,True
9048.T,9048,名古屋鉄道,Prime,陸運業,,2026-09-29,2623.0,1835.0,2282021160.0,1217165.0,5858604500.0,True,True,True,True,True,True
5032.T,5032,ＡＮＹＣＯＬＯＲ,Prime,情報・通信業,,2026-09-29,1053.0,2989.0,2277508610.0,735045.0,1103239900.0,True,True,True,True,True,True
1332.T,1332,ニッスイ,Prime,水産・農林業,,2026-09-29,2623.0,1117.0,2267326807.5,1884305.0,2242824300.0,True,True,True,True,True,True
6845.T,6845,アズビル,Prime,電気機器,,2026-09-29,2623.0,1436.0,2234201845.0,1523515.0,2051469600.0,True,True,True,True,True,True
4373.T,4373,シンプレクス・ホールディングス,Prime,情報・通信業,,2026-09-29,1226.0,1129.0,2233992250.0,1910065.0,4148736300.0,True,True,True,True,True,True
4461.T,4461,第一工業製薬,Prime,化学,,2026-09-29,2623.0,14060.0,2218373550.0,169335.0,1127612000.0,True,True,True,True,True,True
4540.T,4540,ツムラ,Prime,医薬品,,2026-09-29,2623.0,3797.0,2192582190.0,580800.0,2057594300.0,True,True,True,True,True,True
7180.T,7180,九州フィナンシャルグループ,Prime,銀行業,,2026-09-29,2623.0,1683.0,2181382177.5,1329250.0,3674325600.0,True,True,True,True,True,True
141A.T,141A,トライアルホールディングス,Growth,小売業,,2026-09-29,616.0,3750.0,2170883300.0,551505.0,1470750000.0,True,True,True,True,True,True
5991.T,5991,日本発條,Prime,金属製品,,2026-09-29,2623.0,3386.0,2163877695.0,645570.0,1384196800.0,True,True,True,True,True,True
5471.T,5471,大同特殊鋼,Prime,鉄鋼,,2026-09-29,2623.0,2478.5,2156907692.5,912855.0,2273032350.0,True,True,True,True,True,True
2264.T,2264,森永乳業,Prime,食料品,,2026-09-29,2623.0,1071.0,2146862317.5,1911975.0,2023011900.0,True,True,True,True,True,True
6507.T,6507,シンフォニアテクノロジー,Prime,電気機器,,2026-09-29,2623.0,13450.0,2129702200.0,174545.0,3690680000.0,True,True,True,True,True,True
4971.T,4971,メック,Prime,化学,,2026-09-29,2623.0,6670.0,2122880000.0,331085.0,2212439000.0,True,True,True,True,True,True
4061.T,4061,デンカ,Prime,化学,,2026-09-29,2623.0,3214.0,2121044575.0,643610.0,2001357800.0,True,True,True,True,True,True
4368.T,4368,扶桑化学工業,Prime,化学,,2026-09-29,2623.0,3125.0,2118830680.0,724900.0,1778125000.0,True,True,True,True,True,True
8056.T,8056,ＢＩＰＲＯＧＹ,Prime,情報・通信業,,2026-09-29,2623.0,4669.0,2105502760.0,442330.0,1681773800.0,True,True,True,True,True,True
7276.T,7276,小糸製作所,Prime,電気機器,,2026-09-29,2623.0,2623.0,2103400007.5,791075.0,1682654500.0,True,True,True,True,True,True
6941.T,6941,山一電機,Prime,電気機器,,2026-09-29,2623.0,8500.0,2084239050.0,265590.0,1505350000.0,True,True,True,True,True,True
9143.T,9143,ＳＧホールディングス,Prime,陸運業,,2026-09-29,2159.0,1443.5,2081167937.5,1400945.0,2120934550.0,True,True,True,True,True,True
2501.T,2501,サッポロホールディングス,Prime,食料品,,2026-09-29,2623.0,1800.0,2079719775.0,1123640.0,2057940000.0,True,True,True,True,True,True
9989.T,9989,サンドラッグ,Prime,小売業,,2026-09-29,2623.0,3546.0,2074988195.0,564200.0,2242845000.0,True,True,True,True,True,True
4912.T,4912,ライオン,Prime,化学,,2026-09-29,2623.0,1734.5,2062193392.5,1150055.0,2177838200.0,True,True,True,True,True,True
3105.T,3105,日清紡ホールディングス,Prime,電気機器,,2026-09-29,2623.0,2610.5,2060588112.5,870950.0,3347444150.0,True,True,True,True,True,True
8282.T,8282,ケーズホールディングス,Prime,小売業,,2026-09-29,2623.0,1789.0,2053824827.5,1096775.0,2616412500.0,True,True,True,True,True,True
4043.T,4043,トクヤマ,Prime,化学,,2026-09-29,2623.0,4023.0,2049553260.0,504320.0,1797074100.0,True,True,True,True,True,True
6777.T,6777,ｓａｎｔｅｃ　Ｈｏｌｄｉｎｇｓ,Standard,電気機器,,2026-09-29,2623.0,22070.0,2047367900.0,102645.0,2399009000.0,True,True,True,True,True,True
8524.T,8524,北洋銀行,Prime,銀行業,,2026-09-29,2623.0,1348.0,2038663495.0,1541865.0,2133479600.0,True,True,True,True,True,True
9008.T,9008,京王電鉄,Prime,陸運業,,2026-09-29,2623.0,754.2000122070312,2022685325.5041504,2572865.0,1929319051.2268066,True,True,True,True,True,True
7173.T,7173,東京きらぼしフィナンシャルグループ,Prime,銀行業,,2026-09-29,2623.0,1707.0,2020493865.0,1182575.0,1710072600.0,True,True,True,True,True,True
9044.T,9044,南海電気鉄道,Prime,陸運業,,2026-09-29,2623.0,3079.0,2015184645.0,635580.0,4344161100.0,True,True,True,True,True,True
7956.T,7956,ピジョン,Prime,その他製品,,2026-09-29,2623.0,2023.5,2013701015.0,996575.0,981195150.0,True,True,True,True,True,True
8368.T,8368,百五銀行,Prime,銀行業,,2026-09-29,2623.0,2573.0,2011350185.0,819345.0,2176500700.0,True,True,True,True,True,True
3498.T,3498,霞ヶ関キャピタル,Prime,不動産業,,2026-09-29,1909.0,7500.0,2001165600.0,268785.0,1666500000.0,True,True,True,True,True,True
6951.T,6951,日本電子,Prime,電気機器,,2026-09-29,2623.0,7536.0,1997667640.0,279430.0,1676760000.0,True,True,True,True,True,True
3692.T,3692,ＦＦＲＩセキュリティ,Growth,情報・通信業,,2026-09-29,2623.0,7320.0,1991765000.0,291855.0,1808040000.0,True,True,True,True,True,True
6622.T,6622,ダイヘン,Prime,電気機器,,2026-09-29,2623.0,2543.0,1982724335.0,795545.0,1990914700.0,True,True,True,True,True,True
8418.T,8418,山口フィナンシャルグループ,Prime,銀行業,,2026-09-29,2623.0,3431.0,1977554880.0,595855.0,1755985800.0,True,True,True,True,True,True
2002.T,2002,日清製粉グループ本社,Prime,食料品,,2026-09-29,2623.0,1968.0,1965099450.0,964750.0,1793044800.0,True,True,True,True,True,True
6592.T,6592,マブチモーター,Prime,電気機器,,2026-09-29,2623.0,1713.5,1962776640.0,1140545.0,1632622800.0,True,True,True,True,True,True
7721.T,7721,東京計器,Prime,精密機器,,2026-09-29,2623.0,7300.0,1926997550.0,271505.0,1148290000.0,True,True,True,True,True,True
5741.T,5741,ＵＡＣＪ,Prime,非鉄金属,,2026-09-29,2623.0,2111.0,1918180300.0,857560.0,2585763900.0,True,True,True,True,True,True
5444.T,5444,大和工業,Prime,鉄鋼,,2026-09-29,2623.0,12190.0,1911230025.0,154700.0,1451829000.0,True,True,True,True,True,True
4967.T,4967,小林製薬,Prime,化学,,2026-09-29,2623.0,6849.0,1890713375.0,305255.0,3488195700.0,True,True,True,True,True,True
6103.T,6103,オークマ,Prime,機械,,2026-09-29,2623.0,4725.0,1886383450.0,414605.0,1771875000.0,True,True,True,True,True,True
2222.T,2222,寿スピリッツ,Prime,食料品,,2026-09-29,2623.0,2427.5,1885441112.5,740250.0,1789067500.0,True,True,True,True,True,True
7459.T,7459,メディパルホールディングス,Prime,卸売業,,2026-09-29,2623.0,2950.0,1885325852.5,635090.0,1577365000.0,True,True,True,True,True,True
4369.T,4369,トリケミカル研究所,Prime,化学,,2026-09-29,2623.0,3010.0,1882521360.0,624185.0,1245538000.0,True,True,True,True,True,True
5233.T,5233,太平洋セメント,Prime,ガラス・土石製品,,2026-09-29,2623.0,4037.0,1863225280.0,448710.0,1968037500.0,True,True,True,True,True,True
3923.T,3923,ラクス,Prime,情報・通信業,,2026-09-29,2623.0,1025.0,1862916435.0,1724135.0,1773762500.0,True,True,True,True,True,True
4722.T,4722,フューチャー,Prime,情報・通信業,,2026-09-29,2623.0,2426.0,1848829840.0,760395.0,7674408400.0,True,True,True,True,True,True
6465.T,6465,ホシザキ,Prime,機械,,2026-09-29,2623.0,5239.0,1842935755.0,340815.0,1828411000.0,True,True,True,True,True,True
6814.T,6814,古野電気,Prime,電気機器,,2026-09-29,2623.0,7530.0,1836985050.0,243655.0,1696509000.0,True,True,True,True,True,True
8439.T,8439,東京センチュリー,Prime,その他金融業,,2026-09-29,2623.0,2606.0,1828135387.5,678825.0,1639695200.0,True,True,True,True,True,True
6703.T,6703,沖電気工業,Prime,電気機器,,2026-09-29,2623.0,2574.0,1821442650.0,668355.0,3133072800.0,True,True,True,True,True,True
8366.T,8366,滋賀銀行,Prime,銀行業,,2026-09-29,2623.0,2995.0,1794035525.0,622550.0,1729013500.0,True,True,True,True,True,True
7278.T,7278,エクセディ,Prime,輸送用機器,,2026-09-29,2623.0,5720.0,1791213150.0,299655.0,2428140000.0,True,True,True,True,True,True
6135.T,6135,牧野フライス製作所,Prime,機械,,2026-09-29,2623.0,3055.0,1786258400.0,586040.0,1587989000.0,True,True,True,True,True,True
6027.T,6027,弁護士ドットコム,Growth,サービス業,,2026-09-29,2623.0,5050.0,1755154075.0,333045.0,1316535000.0,True,True,True,True,True,True
4099.T,4099,四国化成ホールディングス,Prime,化学,,2026-09-29,2623.0,2214.0,1749922480.0,798025.0,983680200.0,True,True,True,True,True,True
9065.T,9065,山九,Prime,陸運業,,2026-09-29,2623.0,1567.0,1738166605.1074219,1074485.0,1140305900.0,True,True,True,True,True,True
9401.T,9401,ＴＢＳホールディングス,Prime,情報・通信業,,2026-09-29,2623.0,5639.0,1729776660.0,295920.0,2013686900.0,True,True,True,True,True,True
2809.T,2809,キユーピー,Prime,食料品,,2026-09-29,2623.0,4407.0,1709730810.0,373430.0,1517330100.0,True,True,True,True,True,True
5985.T,5985,サンコール,Standard,金属製品,,2026-09-29,2623.0,2316.0,1704162135.0,784865.0,918525600.0,True,True,True,True,True,True
5901.T,5901,東洋製罐グループホールディングス,Prime,金属製品,,2026-09-29,2623.0,4379.0,1702116500.0,376395.0,2644478100.0,True,True,True,True,True,True
3397.T,3397,トリドールホールディングス,Prime,小売業,,2026-09-29,2623.0,4140.0,1697602740.0,395660.0,2765520000.0,True,True,True,True,True,True
6376.T,6376,日機装,Prime,精密機器,,2026-09-29,2623.0,3540.0,1695926300.0,479060.0,1207848000.0,True,True,True,True,True,True
6923.T,6923,スタンレー電気,Prime,電気機器,,2026-09-29,2623.0,3450.0,1680818730.0,474830.0,1262700000.0,True,True,True,True,True,True
5393.T,5393,ニチアス,Prime,ガラス・土石製品,,2026-09-29,2623.0,3430.0,1665401520.0,495760.0,2130716000.0,True,True,True,True,True,True
4047.T,4047,関東電化工業,Prime,化学,,2026-09-29,2623.0,2328.0,1654180230.0,733755.0,983347200.0,True,True,True,True,True,True
9404.T,9404,日本テレビホールディングス,Prime,情報・通信業,,2026-09-29,2623.0,2813.5,1650970975.0,555885.0,4311688750.0,True,True,True,True,True,True
290A.T,290A,Ｓｙｎｓｐｅｃｔｉｖｅ,Growth,情報・通信業,,2026-09-29,430.0,1387.0,1646191640.0,1109770.0,1420149300.0,True,True,True,True,True,True
5726.T,5726,大阪チタニウムテクノロジーズ,Prime,非鉄金属,,2026-09-29,2623.0,2475.0,1645737475.0,646270.0,1298880000.0,True,True,True,True,True,True
9744.T,9744,メイテックグループホールディングス,Prime,サービス業,,2026-09-29,2623.0,3368.0,1633175080.0,479840.0,2999204000.0,True,True,True,True,True,True
3186.T,3186,ネクステージ,Prime,小売業,,2026-09-29,2623.0,2800.0,1631776980.0,543295.0,2378040000.0,True,True,True,True,True,True
6191.T,6191,エアトリ,Prime,サービス業,,2026-09-29,2584.0,1358.0,1631703390.0,1039750.0,1466775800.0,True,True,True,True,True,True
2593.T,2593,伊藤園,Prime,食料品,,2026-09-29,2623.0,3046.0,1620045555.0,509850.0,956444000.0,True,True,True,True,True,True
2331.T,2331,ＡＬＳＯＫ,Prime,サービス業,,2026-09-29,2623.0,1169.0,1618420360.0,1331680.0,1580020400.0,True,True,True,True,True,True
4922.T,4922,コーセー,Prime,化学,,2026-09-29,2623.0,5527.0,1618288980.0,284055.0,1788537200.0,True,True,True,True,True,True
2782.T,2782,セリア,Standard,小売業,,2026-09-29,2623.0,4630.0,1611726050.0,346010.0,884793000.0,True,True,True,True,True,True
4565.T,4565,ネクセラファーマ,Prime,医薬品,,2026-09-29,2623.0,1199.0,1609716890.0,1341825.0,1355109800.0,True,True,True,True,True,True
3774.T,3774,インターネットイニシアティブ,Prime,情報・通信業,,2026-09-29,2623.0,3391.0,1600453615.0,476905.0,1581562400.0,True,True,True,True,True,True
9110.T,9110,ＮＳユナイテッド海運,Prime,海運業,,2026-09-29,2623.0,10510.0,1574573750.0,150130.0,1652172000.0,True,True,True,True,True,True
9861.T,9861,吉野家ホールディングス,Prime,小売業,,2026-09-29,2623.0,3624.0,1567938535.0,416055.0,1449962400.0,True,True,True,True,True,True
6925.T,6925,ウシオ電機,Prime,電気機器,,2026-09-29,2623.0,4069.0,1566933405.0,414625.0,1451819200.0,True,True,True,True,True,True
8343.T,8343,秋田銀行,Prime,銀行業,,2026-09-29,2623.0,1998.0,1561335650.0,825050.0,1506492000.0,True,True,True,True,True,True
6254.T,6254,野村マイクロ・サイエンス,Prime,機械,,2026-09-29,2623.0,3435.0,1546752600.0,459395.0,1787917500.0,True,True,True,True,True,True
8088.T,8088,岩谷産業,Prime,卸売業,,2026-09-29,2623.0,2011.5,1542308262.5,717730.0,1800895950.0,True,True,True,True,True,True
4733.T,4733,オービックビジネスコンサルタント,Prime,情報・通信業,,2026-09-29,2623.0,8058.0,1535579640.0,183705.0,771150600.0,True,True,True,True,True,True
6101.T,6101,ツガミ,Prime,機械,,2026-09-29,2623.0,5190.0,1526199000.0,302195.0,916035000.0,True,True,True,True,True,True
2531.T,2531,宝ホールディングス,Prime,食料品,,2026-09-29,2623.0,2620.5,1509834367.5,620165.0,2165319150.0,True,True,True,True,True,True
5832.T,5832,ちゅうぎんフィナンシャルグループ,Prime,銀行業,,2026-09-29,975.0,3680.0,1504930695.0,417705.0,2063376000.0,True,True,True,True,True,True
2670.T,2670,エービーシー・マート,Prime,小売業,,2026-09-29,2623.0,2720.0,1502112647.5,556525.0,1443232000.0,True,True,True,True,True,True
8361.T,8361,大垣共立銀行,Prime,銀行業,,2026-09-29,2623.0,1746.0,1497218670.0,893895.0,1385276400.0,True,True,True,True,True,True
6432.T,6432,竹内製作所,Prime,機械,,2026-09-29,2623.0,7210.0,1494751100.0,202840.0,1196139000.0,True,True,True,True,True,True
7337.T,7337,ひろぎんホールディングス,Prime,銀行業,,2026-09-29,1464.0,2394.0,1492399745.0,623675.0,1743310800.0,True,True,True,True,True,True
6862.T,6862,ミナトホールディングス,Standard,電気機器,,2026-09-29,2623.0,5080.0,1481123950.0,326940.0,1195832000.0,True,True,True,True,True,True
9364.T,9364,上組,Prime,倉庫・運輸関連業,,2026-09-29,2623.0,4699.0,1479758945.0,304120.0,1770113300.0,True,True,True,True,True,True
9301.T,9301,三菱倉庫,Prime,倉庫・運輸関連業,,2026-09-29,2623.0,1489.0,1472428105.0,956060.0,1124343900.0,True,True,True,True,True,True
3635.T,3635,コーエーテクモホールディングス,Prime,情報・通信業,,2026-09-29,2623.0,1658.0,1470407460.0,874945.0,1021162200.0,True,True,True,True,True,True
8388.T,8388,阿波銀行,Prime,銀行業,,2026-09-29,2623.0,2185.0,1461439125.0,712275.0,1388567500.0,True,True,True,True,True,True
4516.T,4516,日本新薬,Prime,医薬品,,2026-09-29,2623.0,3410.0,1460561810.0,421575.0,1917784000.0,True,True,True,True,True,True
1980.T,1980,ダイダン,Prime,建設業,,2026-09-29,2623.0,2884.0,1449469370.0,514765.0,1409122400.0,True,True,True,True,True,True
3046.T,3046,ジンズホールディングス,Prime,小売業,,2026-09-29,2623.0,5730.0,1441704250.0,249175.0,758652000.0,True,True,True,True,True,True
8020.T,8020,兼松,Prime,卸売業,,2026-09-29,2623.0,2232.0,1438486382.5,627540.0,1364868000.0,True,True,True,True,True,True
7988.T,7988,ニフコ,Prime,化学,,2026-09-29,2623.0,2367.0,1435528990.0,573480.0,1168824600.0,True,True,True,True,True,True
9006.T,9006,京浜急行電鉄,Prime,陸運業,,2026-09-29,2623.0,1513.5,1421282087.5,913965.0,2320346850.0,True,True,True,True,True,True
4202.T,4202,ダイセル,Prime,化学,,2026-09-29,2623.0,1385.5,1420419535.0,988025.0,1414179850.0,True,True,True,True,True,True
3941.T,3941,レンゴー,Prime,パルプ・紙,,2026-09-29,2623.0,1477.0,1414652175.0,913895.0,1515402000.0,True,True,True,True,True,True
9003.T,9003,相鉄ホールディングス,Prime,陸運業,,2026-09-29,2623.0,2502.0,1412699847.5,540040.0,2685146400.0,True,True,True,True,True,True
6946.T,6946,日本アビオニクス,Standard,電気機器,,2026-09-29,2623.0,6890.0,1410245250.0,216640.0,976313000.0,True,True,True,True,True,True
8876.T,8876,リログループ,Prime,サービス業,,2026-09-29,2623.0,2271.0,1398525782.5,624280.0,1114379700.0,True,True,True,True,True,True
9468.T,9468,ＫＡＤＯＫＡＷＡ,Prime,情報・通信業,,2026-09-29,2623.0,3651.0,1398204145.0,382125.0,2144962500.0,True,True,True,True,True,True
6016.T,6016,ジャパンエンジンコーポレーション,Standard,輸送用機器,,2026-09-29,2623.0,11580.0,1397107400.0,121895.0,921768000.0,True,True,True,True,True,True
4626.T,4626,太陽ホールディングス,Prime,化学,,2026-09-29,2623.0,4777.0,1389650545.0,293310.0,1999652200.0,True,True,True,True,True,True
7806.T,7806,ＭＴＧ,Growth,その他製品,,2026-09-29,2010.0,8040.0,1388429200.0,169040.0,1374036000.0,True,True,True,True,True,True
7380.T,7380,十六フィナンシャルグループ,Prime,銀行業,,2026-09-29,1220.0,2821.0,1382722755.0,509500.0,2022657000.0,True,True,True,True,True,True
4023.T,4023,クレハ,Prime,化学,,2026-09-29,2623.0,3985.0,1374464525.0,318215.0,1714745500.0,True,True,True,True,True,True
1414.T,1414,ショーボンドホールディングス,Prime,建設業,,2026-09-29,2623.0,1252.5,1368785252.5,1084385.0,1302474750.0,True,True,True,True,True,True
8338.T,8338,筑波銀行,Prime,銀行業,,2026-09-29,2623.0,782.0,1368654145.0,1814480.0,1155561400.0,True,True,True,True,True,True
8410.T,8410,セブン銀行,Prime,銀行業,,2026-09-29,2623.0,344.0,1368341530.5705261,4009300.0,1388796800.0,True,True,True,True,True,True
1719.T,1719,安藤・間,Prime,建設業,,2026-09-29,2623.0,1810.0,1363017892.5,717605.0,2093808000.0,True,True,True,True,True,True
2121.T,2121,ＭＩＸＩ,Prime,情報・通信業,,2026-09-29,2623.0,3715.0,1351958975.0,364480.0,867452500.0,True,True,True,True,True,True
6232.T,6232,ＡＣＳＬ,Growth,機械,,2026-09-29,1892.0,1295.0,1338980785.0,976270.0,643485500.0,True,True,True,True,True,True
1959.T,1959,クラフティア,Prime,建設業,,2026-09-29,2623.0,7898.0,1335844410.0,165335.0,1382150000.0,True,True,True,True,True,True
8628.T,8628,松井証券,Prime,証券、商品先物取引業,,2026-09-29,2623.0,1094.0,1327387030.0,1121725.0,1352402800.0,True,True,True,True,True,True
4118.T,4118,カネカ,Prime,化学,,2026-09-29,2623.0,5978.0,1318128690.0,215945.0,918220800.0,True,True,True,True,True,True
2327.T,2327,日鉄ソリューションズ,Prime,情報・通信業,,2026-09-29,2623.0,3788.0,1312634595.0,339420.0,1020487200.0,True,True,True,True,True,True
6961.T,6961,エンプラス,Prime,電気機器,,2026-09-29,2623.0,9850.0,1310615800.0,132690.0,990910000.0,True,True,True,True,True,True
5463.T,5463,丸一鋼管,Prime,鉄鋼,,2026-09-29,2623.0,1679.5,1310190155.0,752160.0,926748100.0,True,True,True,True,True,True
6356.T,6356,日本ギア工業,Standard,機械,,2026-09-29,2623.0,1370.0,1309638280.0,914800.0,349898000.0,True,True,True,True,True,True
6632.T,6632,ＪＶＣケンウッド,Prime,電気機器,,2026-09-29,2623.0,995.5999755859375,1303795602.394104,1305380.0,822365579.8339844,True,True,True,True,True,True
3116.T,3116,トヨタ紡織,Prime,輸送用機器,,2026-09-29,2623.0,2167.0,1301865637.5,578875.0,1411800500.0,True,True,True,True,True,True
2607.T,2607,不二製油,Prime,食料品,,2026-09-29,2623.0,4232.0,1299290720.0,288480.0,1441842400.0,True,True,True,True,True,True
3107.T,3107,ダイワボウホールディングス,Prime,卸売業,,2026-09-29,2623.0,3719.0,1294316940.0,345065.0,1000411000.0,True,True,True,True,True,True
219A.T,219A,Ｈｅａｒｔｓｅｅｄ,Growth,医薬品,,2026-09-29,527.0,2608.0,1292959730.0,528935.0,1200723200.0,True,True,True,True,True,True
6849.T,6849,日本光電工業,Prime,電気機器,,2026-09-29,2623.0,1605.0,1288829975.0,832365.0,1259443500.0,True,True,True,True,True,True
8117.T,8117,中央自動車工業,Standard,卸売業,,2026-09-29,2623.0,2120.0,1286622395.0,597305.0,612044000.0,True,True,True,True,True,True
9505.T,9505,北陸電力,Prime,電気・ガス業,,2026-09-29,2623.0,1109.0,1280657505.0,1175255.0,1471643000.0,True,True,True,True,True,True
8111.T,8111,ゴールドウイン,Prime,繊維製品,,2026-09-29,2623.0,2099.0,1280222445.0,601260.0,936573800.0,True,True,True,True,True,True
6055.T,6055,ジャパンマテリアル,Prime,サービス業,,2026-09-29,2623.0,2351.0,1269514405.0,582470.0,1307861300.0,True,True,True,True,True,True
3687.T,3687,フィックスターズ,Prime,情報・通信業,,2026-09-29,2623.0,2218.0,1266284190.0,572920.0,832637200.0,True,True,True,True,True,True
7777.T,7777,スリー・ディー・マトリックス,Growth,精密機器,,2026-09-29,2623.0,410.0,1263453755.0,3165780.0,652310000.0,True,True,True,True,True,True
4075.T,4075,ブレインズテクノロジー,Growth,情報・通信業,,2026-09-29,1264.0,1348.0,1263197830.0,872380.0,466542800.0,True,True,True,True,True,True
4022.T,4022,ラサ工業,Prime,化学,,2026-09-29,2623.0,1879.0,1260678870.0,655230.0,867158500.0,True,True,True,True,True,True
7616.T,7616,コロワイド,Prime,小売業,,2026-09-29,2623.0,1974.0,1255980977.5,616380.0,3450946800.0,True,True,True,True,True,True
7685.T,7685,ＢｕｙＳｅｌｌ　Ｔｅｃｈｎｏｌｏｇｉｅｓ,Growth,卸売業,,2026-09-29,1653.0,2747.0,1255520095.0,426405.0,1171870200.0,True,True,True,True,True,True
2726.T,2726,パルグループホールディングス,Prime,小売業,,2026-09-29,2623.0,1414.0,1255090820.0,839470.0,987113400.0,True,True,True,True,True,True
5202.T,5202,日本板硝子,Prime,ガラス・土石製品,,2026-09-29,2623.0,496.0,1254731770.0,2544470.0,0.0,True,True,True,True,True,True
4272.T,4272,日本化薬,Prime,化学,,2026-09-29,2623.0,2058.5,1252645052.5,603540.0,1127440450.0,True,True,True,True,True,True
6524.T,6524,湖北工業,Standard,電気機器,,2026-09-29,1165.0,5260.0,1250951200.0,252530.0,578600000.0,True,True,True,True,True,True
8060.T,8060,キヤノンマーケティングジャパン,Prime,卸売業,,2026-09-29,2623.0,3685.0,1243409660.0,337220.0,1119871500.0,True,True,True,True,True,True
247A.T,247A,Ａｉロボティクス,Growth,化学,,2026-09-29,487.0,977.0,1230986920.0,1197035.0,559332500.0,True,True,True,True,True,True
2810.T,2810,ハウス食品グループ本社,Prime,食料品,,2026-09-29,2623.0,4004.0,1229310435.0,310720.0,1107906800.0,True,True,True,True,True,True
4401.T,4401,ＡＤＥＫＡ,Prime,化学,,2026-09-29,2623.0,4531.0,1220144845.0,267680.0,877654700.0,True,True,True,True,True,True
3048.T,3048,ビックカメラ,Prime,小売業,,2026-09-29,2623.0,1689.0,1220014542.5,700410.0,851424900.0,True,True,True,True,True,True
3291.T,3291,飯田グループホールディングス,Prime,不動産業,,2026-09-29,2623.0,2162.5,1219357967.5,535605.0,1153477500.0,True,True,True,True,True,True
6366.T,6366,千代田化工建設,Standard,建設業,,2026-09-29,2623.0,660.0,1207145530.0,1719310.0,916344000.0,True,True,True,True,True,True
3907.T,3907,シリコンスタジオ,Growth,情報・通信業,,2026-09-29,2623.0,1881.0,1201693565.0,543035.0,476645400.0,True,True,True,True,True,True
1951.T,1951,エクシオグループ,Prime,建設業,,2026-09-29,2623.0,2532.0,1190201775.0,457015.0,1074834000.0,True,True,True,True,True,True
6136.T,6136,オーエスジー,Prime,機械,,2026-09-29,2623.0,3555.0,1188022790.0,335840.0,1040904000.0,True,True,True,True,True,True
2433.T,2433,博報堂ＤＹホールディングス,Prime,サービス業,,2026-09-29,2623.0,1297.0,1186532427.5,895545.0,794542200.0,True,True,True,True,True,True
6480.T,6480,日本トムソン,Prime,機械,,2026-09-29,2623.0,1830.0,1177591065.0,680630.0,1108614000.0,True,True,True,True,True,True
1961.T,1961,三機工業,Prime,建設業,,2026-09-29,2623.0,2579.0,1167210865.0,473140.0,1879575200.0,True,True,True,True,True,True
2767.T,2767,円谷フィールズホールディングス,Prime,卸売業,,2026-09-29,2623.0,2469.0,1162166395.0,454215.0,1023647400.0,True,True,True,True,True,True
6472.T,6472,ＮＴＮ,Prime,機械,,2026-09-29,2623.0,374.20001220703125,1161209745.8018494,3064255.0,1302889602.5024414,True,True,True,True,True,True
8086.T,8086,ニプロ,Prime,精密機器,,2026-09-29,2623.0,1371.0,1159478360.0,793620.0,1490002800.0,True,True,True,True,True,True
4887.T,4887,サワイグループホールディングス,Prime,医薬品,,2026-09-29,1342.0,1636.0,1157618537.5,716455.0,1149944400.0,True,True,True,True,True,True
9533.T,9533,東邦瓦斯,Prime,電気・ガス業,,2026-09-29,2623.0,1231.0,1154798652.5,906395.0,1032562800.0,True,True,True,True,True,True
5947.T,5947,リンナイ,Prime,金属製品,,2026-09-29,2623.0,3388.0,1154151805.0,329940.0,1146160400.0,True,True,True,True,True,True
6523.T,6523,ＰＨＣホールディングス,Prime,電気機器,,2026-09-29,1211.0,1444.0,1153459515.0,824735.0,1879654800.0,True,True,True,True,True,True
1860.T,1860,戸田建設,Prime,建設業,,2026-09-29,2623.0,1433.0,1150038470.0,761375.0,936465500.0,True,True,True,True,True,True
6387.T,6387,サムコ,Prime,機械,,2026-09-29,2623.0,8550.0,1149189450.0,142545.0,1036260000.0,True,True,True,True,True,True
4413.T,4413,ボードルア,Prime,情報・通信業,,2026-09-29,1180.0,2965.0,1147193370.0,386940.0,1291850500.0,True,True,True,True,True,True
7240.T,7240,ＮＯＫ,Prime,輸送用機器,,2026-09-29,2623.0,3029.0,1146349395.0,379605.0,0.0,True,True,True,True,True,True
4816.T,4816,東映アニメーション,Standard,情報・通信業,,2026-09-29,2623.0,2979.0,1142109015.0,377280.0,1077802200.0,True,True,True,True,True,True
9031.T,9031,西日本鉄道,Prime,陸運業,,2026-09-29,2623.0,2927.5,1140085582.5,369200.0,2563026250.0,True,True,True,True,True,True
6005.T,6005,三浦工業,Prime,機械,,2026-09-29,2623.0,3043.0,1131526945.0,360225.0,1823365600.0,True,True,True,True,True,True
8237.T,8237,松屋,Prime,小売業,,2026-09-29,2623.0,2241.0,1131323125.0,498340.0,385900200.0,True,True,True,True,True,True
8242.T,8242,エイチ・ツー・オー　リテイリング,Prime,小売業,,2026-09-29,2623.0,2784.5,1121275242.5,387435.0,1263049200.0,True,True,True,True,True,True
8508.T,8508,Ｊトラスト,Standard,その他金融業,,2026-09-29,2623.0,786.0,1117310805.0,1475235.0,324382200.0,True,True,True,True,True,True
4259.T,4259,エクサウィザーズ,Growth,情報・通信業,,2026-09-29,1163.0,870.0,1117086525.0,1299430.0,620484000.0,True,True,True,True,True,True
8345.T,8345,岩手銀行,Prime,銀行業,,2026-09-29,2623.0,2826.0,1116926880.0,417495.0,1165442400.0,True,True,True,True,True,True
4475.T,4475,ＨＥＮＮＧＥ,Growth,情報・通信業,,2026-09-29,1701.0,1730.0,1105061590.0,647890.0,863097000.0,True,True,True,True,True,True
9449.T,9449,ＧＭＯインターネットグループ,Prime,情報・通信業,,2026-09-29,2623.0,3922.0,1103483610.0,276605.0,860094600.0,True,True,True,True,True,True
3549.T,3549,クスリのアオキホールディングス,Prime,小売業,,2026-09-29,2623.0,3732.0,1101218430.0,273545.0,1472274000.0,True,True,True,True,True,True
8698.T,8698,マネックスグループ,Prime,証券、商品先物取引業,,2026-09-29,2623.0,690.0,1100047410.0,1518185.0,1301616000.0,True,True,True,True,True,True
7599.T,7599,ＩＤＯＭ,Prime,卸売業,,2026-09-29,2623.0,1169.0,1099981810.0,896725.0,1528350600.0,True,True,True,True,True,True
8346.T,8346,東邦銀行,Prime,銀行業,,2026-09-29,2623.0,1100.0,1099402210.0,1067360.0,1672880000.0,True,True,True,True,True,True
3445.T,3445,ＲＳ　Ｔｅｃｈｎｏｌｏｇｉｅｓ,Prime,金属製品,,2026-09-29,2623.0,5990.0,1098291950.0,193290.0,882926000.0,True,True,True,True,True,True
3401.T,3401,帝人,Prime,繊維製品,,2026-09-29,2623.0,1659.5,1094064700.0,641280.0,920026800.0,True,True,True,True,True,True
4483.T,4483,ＪＭＤＣ,Prime,情報・通信業,,2026-09-29,1655.0,3525.0,1087629725.0,306750.0,541087500.0,True,True,True,True,True,True
1861.T,1861,熊谷組,Prime,建設業,,2026-09-29,2623.0,1254.0,1081278055.0,832885.0,1048720200.0,True,True,True,True,True,True
7322.T,7322,三十三フィナンシャルグループ,Prime,銀行業,,2026-09-29,2081.0,2253.0,1079812905.0,506005.0,999205500.0,True,True,True,True,True,True
7004.T,7004,カナデビア,Prime,機械,,2026-09-29,2623.0,1154.0,1079057385.0,922870.0,796837000.0,True,True,True,True,True,True
6875.T,6875,メガチップス,Prime,電気機器,,2026-09-29,2623.0,11250.0,1076728300.0,99640.0,1441125000.0,True,True,True,True,True,True
8387.T,8387,四国銀行,Prime,銀行業,,2026-09-29,2623.0,4625.0,1075466725.0,256280.0,1289450000.0,True,True,True,True,True,True
4784.T,4784,ＧＭＯインターネット,Prime,サービス業,,2026-09-29,2623.0,534.0,1074014220.0,1968025.0,532451400.0,True,True,True,True,True,True
9072.T,9072,ニッコンホールディングス,Prime,陸運業,,2026-09-29,2623.0,5072.0,1063424600.0,205695.0,935276800.0,True,True,True,True,True,True
1407.T,1407,ウエストホールディングス,Standard,建設業,,2026-09-29,2623.0,2134.0,1061999010.0,453465.0,772294600.0,True,True,True,True,True,True
6436.T,6436,アマノ,Prime,機械,,2026-09-29,2623.0,3799.0,1059380075.0,271105.0,983941000.0,True,True,True,True,True,True
2146.T,2146,ＵＴグループ,Prime,サービス業,,2026-09-29,2623.0,239.0,1056639570.0,4541595.0,789249700.0,True,True,True,True,True,True
7906.T,7906,ヨネックス,Standard,その他製品,,2026-09-29,2623.0,2313.0,1053855460.0,426035.0,1207386000.0,True,True,True,True,True,True
6058.T,6058,ベクトル,Prime,サービス業,,2026-09-29,2623.0,1975.0,1053167465.0,529415.0,540755000.0,True,True,True,True,True,True
8360.T,8360,山梨中央銀行,Prime,銀行業,,2026-09-29,2623.0,1491.0,1051778835.0,720285.0,669011700.0,True,True,True,True,True,True
2784.T,2784,アルフレッサ　ホールディングス,Prime,卸売業,,2026-09-29,2623.0,2281.0,1049877270.0,450680.0,1278956700.0,True,True,True,True,True,True
3387.T,3387,クリエイト・レストランツ・ホールディングス,Prime,小売業,,2026-09-29,2623.0,766.0,1047427370.0,1373155.0,638614200.0,True,True,True,True,True,True
8012.T,8012,長瀬産業,Prime,卸売業,,2026-09-29,2623.0,1152.0,1046758517.5,904265.0,743270400.0,True,True,True,True,True,True
2175.T,2175,エス・エム・エス,Prime,サービス業,,2026-09-29,2623.0,2676.0,1042666940.0,406885.0,705126000.0,True,True,True,True,True,True
4206.T,4206,アイカ工業,Prime,化学,,2026-09-29,2623.0,4180.0,1039497740.0,248000.0,1205094000.0,True,True,True,True,True,True
6730.T,6730,アクセル,Standard,電気機器,,2026-09-29,2623.0,1526.0,1036416635.0,824975.0,100258200.0,True,True,True,True,True,True
6544.T,6544,ジャパンエレベーターサービスホールディングス,Prime,サービス業,,2026-09-29,2347.0,1449.0,1035651382.5,691920.0,935329500.0,True,True,True,True,True,True
9045.T,9045,京阪ホールディングス,Prime,陸運業,,2026-09-29,2623.0,3085.0,1033264285.0,322420.0,1758758500.0,True,True,True,True,True,True
7552.T,7552,ハピネット,Prime,卸売業,,2026-09-29,2623.0,4825.0,1033062875.0,247270.0,6500722500.0,True,True,True,True,True,True
7148.T,7148,ＦＰＧ,Prime,証券、商品先物取引業,,2026-09-29,2623.0,1603.0,1026537630.0,604915.0,1783978700.0,True,True,True,True,True,True
5384.T,5384,フジミインコーポレーテッド,Prime,ガラス・土石製品,,2026-09-29,2623.0,3460.0,1026107350.0,306265.0,700304000.0,True,True,True,True,True,True
4966.T,4966,上村工業,Standard,化学,,2026-09-29,2623.0,20510.0,1016146650.0,52085.0,689136000.0,True,True,True,True,True,True
6258.T,6258,平田機工,Prime,機械,,2026-09-29,2623.0,3805.0,1005830350.0,280290.0,855364000.0,True,True,True,True,True,True
8344.T,8344,山形銀行,Prime,銀行業,,2026-09-29,2623.0,5650.0,1002864625.0,198925.0,1089885000.0,True,True,True,True,True,True
6490.T,6490,ＰＩＬＬＡＲ,Prime,機械,,2026-09-29,2623.0,10780.0,1002751400.0,102800.0,1245090000.0,True,True,True,True,True,True
8570.T,8570,イオンフィナンシャルサービス,Prime,その他金融業,,2026-09-29,2623.0,1570.0,1000666900.0,612395.0,987530000.0,True,True,True,True,True,True
2371.T,2371,カカクコム,Prime,サービス業,,2026-09-29,2623.0,3791.0,1000075685.0,265340.0,1378407600.0,True,True,True,True,True,True
6627.T,6627,テラプローブ,Standard,電気機器,,2026-09-29,2623.0,2331.0,996120665.0,449890.0,434265300.0,True,True,True,True,True,True
9076.T,9076,セイノーホールディングス,Prime,陸運業,,2026-09-29,2623.0,2626.0,995944920.0,366035.0,1242885800.0,True,True,True,True,True,True
5232.T,5232,住友大阪セメント,Prime,ガラス・土石製品,,2026-09-29,2623.0,1824.0,991075989.7650146,530525.0,1029465600.0,True,True,True,True,True,True
5715.T,5715,古河機械金属,Prime,非鉄金属,,2026-09-29,2623.0,4000.0,989699125.0,233935.0,733600000.0,True,True,True,True,True,True
8362.T,8362,福井銀行,Prime,銀行業,,2026-09-29,2623.0,8070.0,985349300.0,129450.0,772299000.0,True,True,True,True,True,True
9987.T,9987,スズケン,Prime,卸売業,,2026-09-29,2623.0,2557.0,985172410.0,377300.0,988536200.0,True,True,True,True,True,True
9722.T,9722,藤田観光,Prime,サービス業,,2026-09-29,2623.0,2728.0,971549505.0,342340.0,609162400.0,True,True,True,True,True,True
6707.T,6707,サンケン電気,Prime,電気機器,,2026-09-29,2623.0,7000.0,970691655.0,140545.0,1226400000.0,True,True,True,True,True,True
9759.T,9759,ＮＳＤ,Prime,情報・通信業,,2026-09-29,2623.0,2993.5,967755497.5,333330.0,1685939200.0,True,True,True,True,True,True
8173.T,8173,上新電機,Prime,小売業,,2026-09-29,2623.0,4445.0,967549225.0,222845.0,1619758000.0,True,True,True,True,True,True
8714.T,8714,池田泉州ホールディングス,Prime,銀行業,,2026-09-29,2623.0,1110.0,963428015.0,878970.0,972582000.0,True,True,True,True,True,True
3097.T,3097,物語コーポレーション,Prime,小売業,,2026-09-29,2623.0,5340.0,959977000.0,173125.0,1015134000.0,True,True,True,True,True,True
8078.T,8078,阪和興業,Prime,卸売業,,2026-09-29,2623.0,1846.0,959490375.0,499840.0,716801800.0,True,True,True,True,True,True
7630.T,7630,壱番屋,Prime,小売業,,2026-09-29,2623.0,1118.0,955705090.0,874975.0,1359376200.0,True,True,True,True,True,True
8381.T,8381,山陰合同銀行,Prime,銀行業,,2026-09-29,2623.0,2591.0,949230695.0,364365.0,815905900.0,True,True,True,True,True,True
2354.T,2354,ＹＥ　ＤＩＧＩＴＡＬ,Standard,情報・通信業,,2026-09-29,2623.0,1228.0,947106840.0,680630.0,276300000.0,True,True,True,True,True,True
9166.T,9166,ＧＥＮＤＡ,Growth,サービス業,,2026-09-29,773.0,649.0,946943425.0,1345550.0,901720600.0,True,True,True,True,True,True
9936.T,9936,王将フードサービス,Prime,小売業,,2026-09-29,2623.0,2881.0,940994645.0,319920.0,1499848600.0,True,True,True,True,True,True
3989.T,3989,シェアリングテクノロジー,Growth,情報・通信業,,2026-09-29,2252.0,1546.0,940979060.0,610060.0,355116200.0,True,True,True,True,True,True
8022.T,8022,美津濃,Prime,その他製品,,2026-09-29,2623.0,4040.0,934759700.0,230835.0,927584000.0,True,True,True,True,True,True
1885.T,1885,東亜建設工業,Prime,建設業,,2026-09-29,2623.0,2085.0,929403075.0,436655.0,770824500.0,True,True,True,True,True,True
9418.T,9418,Ｕ－ＮＥＸＴ　ＨＯＬＤＩＮＧＳ,Prime,情報・通信業,,2026-09-29,2623.0,1746.0,924424810.0,529120.0,628385400.0,True,True,True,True,True,True
6457.T,6457,グローリー,Prime,機械,,2026-09-29,2623.0,4354.0,924307310.0,203730.0,860350400.0,True,True,True,True,True,True
2811.T,2811,カゴメ,Prime,食料品,,2026-09-29,2623.0,2621.0,923433327.5,339690.0,954044000.0,True,True,True,True,True,True
2157.T,2157,コシダカホールディングス,Prime,サービス業,,2026-09-29,2623.0,996.0,922152550.0,910770.0,736741200.0,True,True,True,True,True,True
8153.T,8153,モスフードサービス,Prime,卸売業,,2026-09-29,2623.0,3815.0,920659625.0,234810.0,1334487000.0,True,True,True,True,True,True
3964.T,3964,オークネット,Prime,情報・通信業,,2026-09-29,2341.0,1340.0,915614835.0,668110.0,606216000.0,True,True,True,True,True,True
7458.T,7458,第一興商,Prime,卸売業,,2026-09-29,2623.0,1824.5,914465172.5,487960.0,1531485300.0,True,True,True,True,True,True
7164.T,7164,全国保証,Prime,その他金融業,,2026-09-29,2623.0,3069.0,913180250.0,289120.0,1277931600.0,True,True,True,True,True,True
1833.T,1833,奥村組,Prime,建設業,,2026-09-29,2623.0,5460.0,912073950.0,159160.0,1720992000.0,True,True,True,True,True,True
4107.T,4107,伊勢化学工業,Standard,化学,,2026-09-29,2623.0,3835.0,908027800.0,222895.0,314086500.0,True,True,True,True,True,True
6768.T,6768,タムラ製作所,Prime,電気機器,,2026-09-29,2623.0,894.0,905024965.0,1086880.0,815238600.0,True,True,True,True,True,True
2695.T,2695,くら寿司,Prime,小売業,,2026-09-29,2623.0,1721.0,899802660.0,528030.0,641072500.0,True,True,True,True,True,True
8616.T,8616,東海東京フィナンシャル・ホールディングス,Prime,証券、商品先物取引業,,2026-09-29,2623.0,866.0,899790400.0,1003200.0,998065000.0,True,True,True,True,True,True
7717.T,7717,ブイ・テクノロジー,Prime,精密機器,,2026-09-29,2623.0,6020.0,898897000.0,157595.0,819322000.0,True,True,True,True,True,True
3765.T,3765,ガンホー・オンライン・エンターテイメント,Prime,情報・通信業,,2026-09-29,2623.0,2452.0,898756690.0,350150.0,516391200.0,True,True,True,True,True,True
8995.T,8995,誠建設工業,Standard,不動産業,,2026-09-29,2623.0,1808.0,898397735.0,441260.0,125656000.0,True,True,True,True,True,True
7350.T,7350,おきなわフィナンシャルグループ,Prime,銀行業,,2026-09-29,1220.0,8050.0,895334700.0,115155.0,705180000.0,True,True,True,True,True,True
8367.T,8367,南都銀行,Prime,銀行業,,2026-09-29,2623.0,2043.0,895236385.0,450880.0,819651600.0,True,True,True,True,True,True
6264.T,6264,マルマエ,Prime,機械,,2026-09-29,2623.0,1950.0,889000025.0,466825.0,653640000.0,True,True,True,True,True,True
6999.T,6999,ＫＯＡ,Prime,電気機器,,2026-09-29,2623.0,2284.0,888500285.0,399305.0,653452400.0,True,True,True,True,True,True
2201.T,2201,森永製菓,Prime,食料品,,2026-09-29,2623.0,2383.0,886389930.0,356150.0,1275619900.0,True,True,True,True,True,True
8386.T,8386,百十四銀行,Prime,銀行業,,2026-09-29,2623.0,3220.0,879017175.0,281625.0,885178000.0,True,True,True,True,True,True
4592.T,4592,サンバイオ,Growth,医薬品,,2026-09-29,2623.0,917.0,877061220.0,935095.0,464552200.0,True,True,True,True,True,True
2206.T,2206,江崎グリコ,Prime,食料品,,2026-09-29,2623.0,4958.0,875058775.0,173015.0,937062000.0,True,True,True,True,True,True
8174.T,8174,日本瓦斯,Prime,小売業,,2026-09-29,2623.0,948.0,865324314.1836548,851775.0,1311084000.0,True,True,True,True,True,True
8424.T,8424,芙蓉総合リース,Prime,その他金融業,,2026-09-29,2623.0,4353.0,864388315.0,193265.0,1256711100.0,True,True,True,True,True,True
3993.T,3993,ＰＫＳＨＡ　Ｔｅｃｈｎｏｌｏｇｙ,Prime,情報・通信業,,2026-09-29,2217.0,3130.0,862280425.0,268940.0,384051000.0,True,True,True,True,True,True
7419.T,7419,ノジマ,Prime,小売業,,2026-09-29,2623.0,1237.0,862101940.0,682175.0,1135813400.0,True,True,True,True,True,True
5243.T,5243,ｎｏｔｅ,Growth,情報・通信業,,2026-09-29,921.0,3190.0,861793815.0,287860.0,580580000.0,True,True,True,True,True,True
1518.T,1518,三井松島ホールディングス,Prime,その他製品,,2026-09-29,2623.0,2217.0,859222405.0,376440.0,954196800.0,True,True,True,True,True,True
3444.T,3444,菊池製作所,Standard,金属製品,,2026-09-29,2623.0,1077.0,858702815.0,750640.0,192352200.0,True,True,True,True,True,True
2585.T,2585,ライフドリンク　カンパニー,Prime,食料品,,2026-09-29,1165.0,1258.0,850595435.0,599730.0,815687200.0,True,True,True,True,True,True
7846.T,7846,パイロットコーポレーション,Prime,その他製品,,2026-09-29,2623.0,2127.0,849982660.0,404250.0,739557900.0,True,True,True,True,True,True
8393.T,8393,宮崎銀行,Prime,銀行業,,2026-09-29,2623.0,2982.0,845853310.0,309775.0,966764400.0,True,True,True,True,True,True
8544.T,8544,京葉銀行,Prime,銀行業,,2026-09-29,2623.0,2900.0,833545505.0,290745.0,843900000.0,True,True,True,True,True,True
7984.T,7984,コクヨ,Prime,その他製品,,2026-09-29,2623.0,874.2000122070312,833152097.666626,916455.0,672434649.3896484,True,True,True,True,True,True
3167.T,3167,ＴＯＫＡＩホールディングス,Prime,卸売業,,2026-09-29,2623.0,1329.0,828630260.0,612190.0,989839200.0,True,True,True,True,True,True
7456.T,7456,松田産業,Prime,卸売業,,2026-09-29,2623.0,6690.0,828098300.0,117415.0,649599000.0,True,True,True,True,True,True
9069.T,9069,センコーグループホールディングス,Prime,陸運業,,2026-09-29,2623.0,2312.0,820554185.0,358875.0,975201600.0,True,True,True,True,True,True
9627.T,9627,アインホールディングス,Prime,小売業,,2026-09-29,2623.0,5320.0,819625090.0,142365.0,760228000.0,True,True,True,True,True,True
7716.T,7716,ナカニシ,Standard,精密機器,,2026-09-29,2623.0,1455.0,817811225.0,532895.0,686614500.0,True,True,True,True,True,True
2229.T,2229,カルビー,Prime,食料品,,2026-09-29,2623.0,2986.5,813411085.0,267475.0,1281805800.0,True,True,True,True,True,True
9302.T,9302,三井倉庫ホールディングス,Prime,倉庫・運輸関連業,,2026-09-29,2623.0,3226.0,812113425.0,242370.0,781014600.0,True,True,True,True,True,True
8522.T,8522,名古屋銀行,Prime,銀行業,,2026-09-29,2623.0,7310.0,810192000.0,112415.0,820182000.0,True,True,True,True,True,True
6498.T,6498,キッツ,Prime,機械,,2026-09-29,2623.0,2002.0,801558590.0,414910.0,500500000.0,True,True,True,True,True,True
3101.T,3101,東洋紡,Prime,化学,,2026-09-29,2623.0,1639.0,798618205.0,482160.0,982908300.0,True,True,True,True,True,True
8425.T,8425,みずほリース,Prime,その他金融業,,2026-09-29,2623.0,1324.0,796026595.0,582830.0,1053374400.0,True,True,True,True,True,True
3891.T,3891,ニッポン高度紙工業,Standard,パルプ・紙,,2026-09-29,2623.0,6740.0,792960050.0,121970.0,535156000.0,True,True,True,True,True,True
8370.T,8370,紀陽銀行,Prime,銀行業,,2026-09-29,2623.0,1743.0,791560154.8443604,459035.0,748967100.0,True,True,True,True,True,True
2962.T,2962,テクニスコ,Standard,金属製品,,2026-09-29,775.0,2033.0,789589915.0,413365.0,395215200.0,True,True,True,True,True,True
6412.T,6412,平和,Prime,機械,,2026-09-29,2623.0,2127.0,784986635.0,357505.0,1227917100.0,True,True,True,True,True,True
3002.T,3002,グンゼ,Prime,繊維製品,,2026-09-29,2623.0,4015.0,778650100.0,190250.0,947540000.0,True,True,True,True,True,True
6960.T,6960,フクダ電子,Standard,電気機器,,2026-09-29,2623.0,11700.0,777412950.0,65155.0,957060000.0,True,True,True,True,True,True
8595.T,8595,ジャフコ　グループ,Prime,証券、商品先物取引業,,2026-09-29,2623.0,2221.5,775678325.0,340580.0,1486405650.0,True,True,True,True,True,True
4681.T,4681,リゾートトラスト,Prime,サービス業,,2026-09-29,2623.0,1750.5,766836505.0,426165.0,948420900.0,True,True,True,True,True,True
4471.T,4471,三洋化成工業,Prime,化学,,2026-09-29,2623.0,1596.0,766398960.0,487170.0,677023200.0,True,True,True,True,True,True
1979.T,1979,大氣社,Prime,建設業,,2026-09-29,2623.0,3715.0,760076400.0,197420.0,585484000.0,True,True,True,True,True,True
4587.T,4587,ペプチドリーム,Prime,医薬品,,2026-09-29,2623.0,1053.5,758201280.0,705445.0,544975550.0,True,True,True,True,True,True
4544.T,4544,Ｈ．Ｕ．グループホールディングス,Prime,サービス業,,2026-09-29,2623.0,3482.0,757103260.0,215415.0,673070600.0,True,True,True,True,True,True
8392.T,8392,大分銀行,Prime,銀行業,,2026-09-29,2623.0,3265.0,755683340.0,247765.0,593577000.0,True,True,True,True,True,True
8154.T,8154,加賀電子,Prime,卸売業,,2026-09-29,2623.0,5600.0,753675550.0,145910.0,1145760000.0,True,True,True,True,True,True
6235.T,6235,オプトラン,Prime,機械,,2026-09-29,2154.0,2611.0,751785535.0,299495.0,849619400.0,True,True,True,True,True,True
1417.T,1417,ミライト・ワン,Prime,建設業,,2026-09-29,2623.0,3463.0,747751940.0,209975.0,1004962600.0,True,True,True,True,True,True
1820.T,1820,西松建設,Prime,建設業,,2026-09-29,2623.0,5361.0,746157260.0,133340.0,1124201700.0,True,True,True,True,True,True
6266.T,6266,タツモ,Prime,機械,,2026-09-29,2623.0,3795.0,744980100.0,212645.0,700936500.0,True,True,True,True,True,True
4927.T,4927,ポーラ・オルビスホールディングス,Prime,化学,,2026-09-29,2623.0,1365.0,742965875.0,543470.0,719491500.0,True,True,True,True,True,True
319A.T,319A,技術承継機構,Growth,金属製品,,2026-09-29,401.0,21720.0,740485200.0,36140.0,364896000.0,True,True,True,True,True,True
8336.T,8336,武蔵野銀行,Prime,銀行業,,2026-09-29,2623.0,2881.0,738398785.0,259440.0,731197800.0,True,True,True,True,True,True
4776.T,4776,サイボウズ,Prime,情報・通信業,,2026-09-29,2623.0,2995.0,734886880.0,236375.0,372278500.0,True,True,True,True,True,True
7746.T,7746,岡本硝子,Standard,精密機器,,2026-09-29,2623.0,888.0,734822740.0,882455.0,677455200.0,True,True,True,True,True,True
8550.T,8550,栃木銀行,Prime,銀行業,,2026-09-29,2623.0,1172.0,733901625.0,654755.0,807156400.0,True,True,True,True,True,True
2685.T,2685,アンドエスティＨＤ,Prime,小売業,,2026-09-29,2623.0,3065.0,730033175.0,224660.0,618517000.0,True,True,True,True,True,True
2805.T,2805,ヱスビー食品,Standard,食料品,,2026-09-29,2623.0,7240.0,720048000.0,98310.0,748616000.0,True,True,True,True,True,True
9519.T,9519,レノバ,Prime,電気・ガス業,,2026-09-29,2363.0,802.0,718986590.0,817345.0,604708000.0,True,True,True,True,True,True
4970.T,4970,東洋合成工業,Standard,化学,,2026-09-29,2623.0,9960.0,716901150.0,69540.0,404376000.0,True,True,True,True,True,True
6104.T,6104,芝浦機械,Prime,機械,,2026-09-29,2623.0,4825.0,709446800.0,159280.0,1002635000.0,True,True,True,True,True,True
5703.T,5703,日本軽金属ホールディングス,Prime,非鉄金属,,2026-09-29,2623.0,2877.0,707574435.0,237240.0,731333400.0,True,True,True,True,True,True
9934.T,9934,因幡電機産業,Prime,卸売業,,2026-09-29,2623.0,3057.0,706711430.0,229370.0,598560600.0,True,True,True,True,True,True
9682.T,9682,ＤＴＳ,Prime,情報・通信業,,2026-09-29,2623.0,1163.0,706105230.0,626585.0,1424093500.0,True,True,True,True,True,True
6379.T,6379,レイズネクスト,Prime,建設業,,2026-09-29,2623.0,960.0,699544052.9910278,697490.0,1110624000.0,True,True,True,True,True,True
5423.T,5423,東京製鐵,Prime,鉄鋼,,2026-09-29,2623.0,1680.0,694426045.0,400715.0,629664000.0,True,True,True,True,True,True
3863.T,3863,日本製紙,Prime,パルプ・紙,,2026-09-29,2623.0,1306.0,693689820.0,521160.0,513649800.0,True,True,True,True,True,True
6196.T,6196,ストライク,Prime,サービス業,,2026-09-29,2529.0,1374.0,693638335.0,490270.0,970044000.0,True,True,True,True,True,True
4480.T,4480,メドレー,Prime,情報・通信業,,2026-09-29,1657.0,2308.0,693193625.0,279110.0,716864800.0,True,True,True,True,True,True
9409.T,9409,テレビ朝日ホールディングス,Prime,情報・通信業,,2026-09-29,2623.0,2962.0,687712080.0,221100.0,1227156600.0,True,True,True,True,True,True
7803.T,7803,ブシロード,Growth,その他製品,,2026-09-29,1749.0,428.0,687292305.0,1520420.0,424190800.0,True,True,True,True,True,True
2730.T,2730,エディオン,Prime,小売業,,2026-09-29,2623.0,2452.0,687038870.0,275745.0,1053869600.0,True,True,True,True,True,True
9279.T,9279,ギフトホールディングス,Prime,小売業,,2026-09-29,1937.0,2030.0,685905040.0,315635.0,642495000.0,True,True,True,True,True,True
9832.T,9832,オートバックスセブン,Prime,卸売業,,2026-09-29,2623.0,1557.0,685414625.0,430790.0,1334193300.0,True,True,True,True,True,True
5310.T,5310,東洋炭素,Prime,ガラス・土石製品,,2026-09-29,2623.0,7430.0,682361650.0,96165.0,508212000.0,True,True,True,True,True,True
8919.T,8919,カチタス,Prime,不動産業,,2026-09-29,2623.0,3460.0,682279150.0,190475.0,611728000.0,True,True,True,True,True,True
6810.T,6810,マクセル,Prime,電気機器,,2026-09-29,2623.0,2585.0,679998175.0,264765.0,310458500.0,True,True,True,True,True,True
6208.T,6208,石川製作所,Standard,機械,,2026-09-29,2623.0,1839.0,675415685.0,370950.0,292768800.0,True,True,True,True,True,True
4078.T,4078,堺化学工業,Prime,化学,,2026-09-29,2623.0,3620.0,667375650.0,179440.0,356570000.0,True,True,True,True,True,True
4634.T,4634,ａｒｔｉｅｎｃｅ,Prime,化学,,2026-09-29,2623.0,5090.0,666003175.0,131100.0,1217019000.0,True,True,True,True,True,True
7184.T,7184,富山第一銀行,Prime,銀行業,,2026-09-29,2595.0,3670.0,657033425.0,188620.0,1020260000.0,True,True,True,True,True,True
3360.T,3360,シップヘルスケアホールディングス,Prime,卸売業,,2026-09-29,2623.0,2434.5,656837747.5,271970.0,564560550.0,True,True,True,True,True,True
4092.T,4092,日本化学工業,Prime,化学,,2026-09-29,2623.0,5380.0,655161200.0,120810.0,362612000.0,True,True,True,True,True,True
5574.T,5574,ＡＢＥＪＡ,Growth,情報・通信業,,2026-09-29,804.0,3035.0,653304110.0,211125.0,265259000.0,True,True,True,True,True,True
5707.T,5707,東邦亜鉛,Prime,非鉄金属,,2026-09-29,2623.0,936.0,646219010.0,629695.0,424476000.0,True,True,True,True,True,True
6143.T,6143,ソディック,Prime,機械,,2026-09-29,2623.0,1715.0,640268935.0,379395.0,380387000.0,True,True,True,True,True,True
6327.T,6327,北川精機,Standard,機械,,2026-09-29,2623.0,3215.0,636420440.0,208350.0,302853000.0,True,True,True,True,True,True
4046.T,4046,大阪ソーダ,Prime,化学,,2026-09-29,2623.0,1936.0,636303535.0,315490.0,731808000.0,True,True,True,True,True,True
5331.T,5331,ノリタケ,Prime,ガラス・土石製品,,2026-09-29,2623.0,3615.0,635683625.0,177730.0,439945500.0,True,True,True,True,True,True
402A.T,402A,アクセルスペースホールディングス,Growth,輸送用機器,,2026-09-29,274.0,521.0,635476935.0,1194780.0,433680400.0,True,True,True,True,True,True
4819.T,4819,デジタルガレージ,Prime,情報・通信業,,2026-09-29,2623.0,2442.0,635039550.0,275980.0,1316726400.0,True,True,True,True,True,True
9824.T,9824,泉州電業,Prime,卸売業,,2026-09-29,2623.0,8030.0,634350700.0,82435.0,545237000.0,True,True,True,True,True,True
1882.T,1882,東亜道路工業,Prime,建設業,,2026-09-29,2623.0,1556.0,634220700.0,395060.0,1162176400.0,True,True,True,True,True,True
8194.T,8194,ライフコーポレーション,Prime,小売業,,2026-09-29,2623.0,2642.0,632897845.0,233950.0,598148800.0,True,True,True,True,True,True
8572.T,8572,アコム,Standard,その他金融業,,2026-09-29,2623.0,466.29998779296875,631948061.227417,1306600.0,990327914.074707,True,True,True,True,True,True
1879.T,1879,新日本建設,Prime,建設業,,2026-09-29,2623.0,2222.0,631037525.0,275465.0,1594507200.0,True,True,True,True,True,True
9436.T,9436,沖縄セルラー電話,Standard,情報・通信業,,2026-09-29,2623.0,4235.0,626871450.0,146245.0,1203163500.0,True,True,True,True,True,True
3156.T,3156,レスター,Prime,卸売業,,2026-09-29,2623.0,6220.0,626464650.0,112360.0,423582000.0,True,True,True,True,True,True
6804.T,6804,ホシデン,Prime,電気機器,,2026-09-29,2623.0,2445.0,625434870.0,243570.0,645969000.0,True,True,True,True,True,True
3762.T,3762,テクマトリックス,Prime,情報・通信業,,2026-09-29,2623.0,2482.0,625160190.0,254090.0,579298800.0,True,True,True,True,True,True
8818.T,8818,京阪神ビルディング,Prime,不動産業,,2026-09-29,2623.0,1060.0,623915755.0,567885.0,1758328000.0,True,True,True,True,True,True
3543.T,3543,コメダホールディングス,Prime,卸売業,,2026-09-29,2524.0,2820.0,622290865.0,215390.0,633654000.0,True,True,True,True,True,True
8609.T,8609,岡三証券グループ,Prime,証券、商品先物取引業,,2026-09-29,2623.0,1238.0,621909595.0,503795.0,439737600.0,True,True,True,True,True,True
2296.T,2296,伊藤ハム米久ホールディングス,Prime,食料品,,2026-09-29,2583.0,4845.0,617873275.0,123185.0,865317000.0,True,True,True,True,True,True
4919.T,4919,ミルボン,Prime,化学,,2026-09-29,2623.0,3255.0,617858875.0,191550.0,529914000.0,True,True,True,True,True,True
7313.T,7313,テイ・エス　テック,Prime,輸送用機器,,2026-09-29,2623.0,1766.5,613141215.0,335440.0,696177650.0,True,True,True,True,True,True
5541.T,5541,大平洋金属,Prime,鉄鋼,,2026-09-29,2623.0,2581.0,611038595.0,230430.0,758814000.0,True,True,True,True,True,True
7381.T,7381,ＣＣＩグループ,Prime,銀行業,,2026-09-29,1220.0,1367.0,607523760.0,461290.0,1056827700.0,True,True,True,True,True,True
8600.T,8600,トモニホールディングス,Prime,銀行業,,2026-09-29,2623.0,1192.0,605618835.0,522400.0,514228800.0,True,True,True,True,True,True
9130.T,9130,共栄タンカー,Standard,海運業,,2026-09-29,2623.0,1724.0,602760065.0,333250.0,173951600.0,True,True,True,True,True,True
6958.T,6958,日本シイエムケイ,Prime,電気機器,,2026-09-29,2623.0,784.0,600460455.0,787645.0,424379200.0,True,True,True,True,True,True
7384.T,7384,プロクレアホールディングス,Prime,銀行業,,2026-09-29,1098.0,5660.0,599355275.0,116070.0,867678000.0,True,True,True,True,True,True
256A.T,256A,飛島ホールディングス,Prime,建設業,,2026-09-29,2623.0,2262.0,596319675.0,266560.0,320525400.0,True,True,True,True,True,True
9956.T,9956,バローホールディングス,Prime,小売業,,2026-09-29,2623.0,1643.0,595731305.0,358645.0,638634100.0,True,True,True,True,True,True
8541.T,8541,愛媛銀行,Prime,銀行業,,2026-09-29,2623.0,3630.0,595411725.0,178010.0,474804000.0,True,True,True,True,True,True
7744.T,7744,ノーリツ鋼機,Prime,精密機器,,2026-09-29,2623.0,2003.0,592014145.0,293855.0,402803300.0,True,True,True,True,True,True
6807.T,6807,日本航空電子工業,Prime,電気機器,,2026-09-29,2623.0,2556.0,591747755.0,236490.0,645901200.0,True,True,True,True,True,True
9536.T,9536,西部ガスホールディングス,Prime,電気・ガス業,,2026-09-29,2623.0,2472.0,589584435.0,229650.0,1557360000.0,True,True,True,True,True,True
2659.T,2659,サンエー,Prime,小売業,,2026-09-29,2623.0,3270.0,585464200.0,174090.0,847257000.0,True,True,True,True,True,True
3176.T,3176,三洋貿易,Prime,卸売業,,2026-09-29,2623.0,1134.0,583773000.0,500770.0,838366200.0,True,True,True,True,True,True
4849.T,4849,エン,Prime,サービス業,,2026-09-29,2623.0,1761.0,582522690.0,349020.0,694186200.0,True,True,True,True,True,True
6013.T,6013,タクマ,Prime,機械,,2026-09-29,2623.0,2943.0,582451365.0,194375.0,526208400.0,True,True,True,True,True,True
4975.T,4975,ＪＣＵ,Prime,化学,,2026-09-29,2623.0,5810.0,582322500.0,103360.0,309092000.0,True,True,True,True,True,True
4617.T,4617,中国塗料,Prime,化学,,2026-09-29,2623.0,3510.0,581736550.0,164965.0,513864000.0,True,True,True,True,True,True
2326.T,2326,デジタルアーツ,Prime,情報・通信業,,2026-09-29,2623.0,4860.0,579771225.0,123030.0,434970000.0,True,True,True,True,True,True
6250.T,6250,やまびこ,Prime,機械,,2026-09-29,2623.0,4270.0,578538250.0,131750.0,433405000.0,True,True,True,True,True,True
2270.T,2270,雪印メグミルク,Prime,食料品,,2026-09-29,2623.0,3525.0,578482700.0,155425.0,714870000.0,True,True,True,True,True,True
8098.T,8098,稲畑産業,Prime,卸売業,,2026-09-29,2623.0,4405.0,578457425.0,129020.0,467370500.0,True,True,True,True,True,True
7296.T,7296,エフ・シー・シー,Prime,輸送用機器,,2026-09-29,2623.0,4105.0,577802050.0,138795.0,815253000.0,True,True,True,True,True,True
2980.T,2980,ＳＲＥホールディングス,Prime,不動産業,,2026-09-29,1652.0,2297.0,574811975.0,244460.0,502813300.0,True,True,True,True,True,True
4665.T,4665,ダスキン,Prime,サービス業,,2026-09-29,2623.0,4642.0,573844995.0,122405.0,709297600.0,True,True,True,True,True,True
9603.T,9603,エイチ・アイ・エス,Prime,サービス業,,2026-09-29,2623.0,1080.0,573410680.0,496630.0,581688000.0,True,True,True,True,True,True
2281.T,2281,プリマハム,Prime,食料品,,2026-09-29,2623.0,2311.0,573309955.0,238510.0,869629300.0,True,True,True,True,True,True
3433.T,3433,トーカロ,Prime,金属製品,,2026-09-29,2623.0,2859.0,572042280.0,205235.0,570084600.0,True,True,True,True,True,True
8016.T,8016,オンワードホールディングス,Prime,繊維製品,,2026-09-29,2623.0,712.0,571915845.0,788555.0,421290400.0,True,True,True,True,True,True
6644.T,6644,大崎電気工業,Prime,電気機器,,2026-09-29,2623.0,1452.0,569209490.0,384170.0,743714400.0,True,True,True,True,True,True
7226.T,7226,極東開発工業,Prime,輸送用機器,,2026-09-29,2623.0,2203.0,565348305.0,246350.0,826345300.0,True,True,True,True,True,True
4028.T,4028,石原産業,Prime,化学,,2026-09-29,2623.0,2822.0,564778545.0,189745.0,634103400.0,True,True,True,True,True,True
5074.T,5074,テスホールディングス,Prime,建設業,,2026-09-29,1324.0,553.0,561986240.0,944150.0,425091100.0,True,True,True,True,True,True
350A.T,350A,デジタルグリッド,Growth,電気・ガス業,,2026-09-29,350.0,662.0,560907600.0,758910.0,528805600.0,True,True,True,True,True,True
2602.T,2602,日清オイリオグループ,Prime,食料品,,2026-09-29,2623.0,2005.0,560221685.0,269155.0,406614000.0,True,True,True,True,True,True
3245.T,3245,ディア・ライフ,Prime,不動産業,,2026-09-29,2623.0,959.0,559996310.0,526285.0,1203640900.0,True,True,True,True,True,True
9601.T,9601,松竹,Prime,情報・通信業,,2026-09-29,2623.0,10770.0,559955900.0,51875.0,467418000.0,True,True,True,True,True,True
9678.T,9678,カナモト,Prime,サービス業,,2026-09-29,2623.0,5290.0,558156500.0,101925.0,436425000.0,True,True,True,True,True,True
2292.T,2292,Ｓ　Ｆｏｏｄｓ,Prime,食料品,,2026-09-29,2623.0,2680.0,556613630.0,196975.0,468464000.0,True,True,True,True,True,True
7287.T,7287,日本精機,Standard,輸送用機器,,2026-09-29,2623.0,2724.0,553553860.0,203980.0,505574400.0,True,True,True,True,True,True
9090.T,9090,ＡＺ－ＣＯＭ丸和ホールディングス,Prime,陸運業,,2026-09-29,2623.0,869.0,551924805.0,615005.0,923138700.0,True,True,True,True,True,True
6617.T,6617,東光高岳,Prime,電気機器,,2026-09-29,2623.0,7140.0,551559200.0,80690.0,677586000.0,True,True,True,True,True,True
4290.T,4290,プレステージ・インターナショナル,Prime,サービス業,,2026-09-29,2623.0,683.0,550765585.0,787375.0,1034813300.0,True,True,True,True,True,True
2353.T,2353,日本駐車場開発,Prime,不動産業,,2026-09-29,2623.0,256.0,550381660.0,2065020.0,645913600.0,True,True,True,True,True,True
1333.T,1333,マルハニチロ,Prime,水産・農林業,,2026-09-29,2623.0,1240.5,548817137.5,427525.0,694307850.0,True,True,True,True,True,True
6363.T,6363,酉島製作所,Prime,機械,,2026-09-29,2623.0,2931.0,548421745.0,187365.0,367547400.0,True,True,True,True,True,True
4187.T,4187,大阪有機化学工業,Prime,化学,,2026-09-29,2623.0,4275.0,548039475.0,129585.0,612607500.0,True,True,True,True,True,True
2760.T,2760,東京エレクトロン　デバイス,Prime,卸売業,,2026-09-29,2623.0,4435.0,547179625.0,128710.0,427977500.0,True,True,True,True,True,True
1723.T,1723,日本電技,Standard,建設業,,2026-09-29,2623.0,2203.0,545346905.0,224155.0,1636168100.0,True,True,True,True,True,True
9336.T,9336,大栄環境,Prime,サービス業,,2026-09-29,926.0,3625.0,545004950.0,143325.0,557887500.0,True,True,True,True,True,True
6800.T,6800,ヨコオ,Prime,電気機器,,2026-09-29,2623.0,4360.0,542152475.0,133370.0,507504000.0,True,True,True,True,True,True
9842.T,9842,アークランズ,Prime,小売業,,2026-09-29,2623.0,1870.0,540720455.0,291085.0,291533000.0,True,True,True,True,True,True
7740.T,7740,タムロン,Prime,精密機器,,2026-09-29,2623.0,1359.0,539916255.0,396960.0,341516700.0,True,True,True,True,True,True
4593.T,4593,ヘリオス,Growth,医薬品,,2026-09-29,2623.0,274.0,539186550.0,1856185.0,492158800.0,True,True,True,True,True,True
8707.T,8707,岩井コスモホールディングス,Prime,証券、商品先物取引業,,2026-09-29,2623.0,4620.0,538303125.0,114945.0,607068000.0,True,True,True,True,True,True
7242.T,7242,カヤバ,Prime,輸送用機器,,2026-09-29,2623.0,1512.0,538283657.6403809,340875.0,481269600.0,True,True,True,True,True,True
8129.T,8129,東邦ホールディングス,Prime,卸売業,,2026-09-29,2623.0,3923.0,536592100.0,134385.0,517051400.0,True,True,True,True,True,True
2612.T,2612,かどや製油,Standard,食料品,,2026-09-29,2623.0,2835.0,536536595.0,193750.0,359194500.0,True,True,True,True,True,True
325A.T,325A,ＴＥＮＴＩＡＬ,Growth,繊維製品,,2026-09-29,386.0,1924.0,536166205.0,288415.0,452717200.0,True,True,True,True,True,True
8584.T,8584,ジャックス,Prime,その他金融業,,2026-09-29,2623.0,3555.0,535206925.0,143735.0,879507000.0,True,True,True,True,True,True
7947.T,7947,エフピコ,Prime,化学,,2026-09-29,2623.0,2765.0,535044925.0,189350.0,405072500.0,True,True,True,True,True,True
3449.T,3449,テクノフレックス,Standard,金属製品,,2026-09-29,1659.0,4275.0,529961275.0,127880.0,230422500.0,True,True,True,True,True,True
3660.T,3660,アイスタイル,Prime,情報・通信業,,2026-09-29,2623.0,473.0,529697430.0,1044795.0,321734600.0,True,True,True,True,True,True
4997.T,4997,日本農薬,Prime,化学,,2026-09-29,2623.0,1117.0,525313550.0,437315.0,890137300.0,True,True,True,True,True,True
4071.T,4071,プラスアルファ・コンサルティング,Prime,情報・通信業,,2026-09-29,1282.0,2040.0,524083930.0,250125.0,385968000.0,True,True,True,True,True,True
3465.T,3465,ケイアイスター不動産,Prime,不動産業,,2026-09-29,2623.0,3130.0,523429450.0,157070.0,541177000.0,True,True,True,True,True,True
4041.T,4041,日本曹達,Prime,化学,,2026-09-29,2623.0,3690.0,523010625.0,134885.0,888921000.0,True,True,True,True,True,True
6282.T,6282,オイレス工業,Prime,機械,,2026-09-29,2623.0,2861.0,522718475.0,178560.0,901215000.0,True,True,True,True,True,True
6072.T,6072,地盤ネットホールディングス,Growth,サービス業,,2026-09-29,2623.0,1018.0,519241795.0,487005.0,946434600.0,True,True,True,True,True,True
8511.T,8511,日本証券金融,Prime,その他金融業,,2026-09-29,2623.0,2435.0,518012730.0,208265.0,481643000.0,True,True,True,True,True,True
3591.T,3591,ワコールホールディングス,Prime,繊維製品,,2026-09-29,2623.0,3700.0,517524200.0,129265.0,999740000.0,True,True,True,True,True,True
5482.T,5482,愛知製鋼,Prime,鉄鋼,,2026-09-29,2623.0,3080.0,517123100.0,160920.0,513128000.0,True,True,True,True,True,True
7611.T,7611,ハイデイ日高,Prime,小売業,,2026-09-29,2623.0,2887.0,516551330.0,173590.0,721461300.0,True,True,True,True,True,True
5889.T,5889,Ｊａｐａｎ　Ｅｙｅｗｅａｒ　Ｈｏｌｄｉｎｇｓ,Prime,小売業,,2026-09-29,698.0,2249.0,516063820.0,214910.0,289896100.0,True,True,True,True,True,True
5602.T,5602,栗本鐵工所,Prime,鉄鋼,,2026-09-29,2623.0,1609.0,514793640.0,309795.0,451002700.0,True,True,True,True,True,True
4432.T,4432,ウイングアーク１ｓｔ,Prime,情報・通信業,,2026-09-29,1354.0,3300.0,514218200.0,152270.0,286770000.0,True,True,True,True,True,True
9743.T,9743,丹青社,Prime,サービス業,,2026-09-29,2623.0,1396.0,514081070.0,347900.0,588972400.0,True,True,True,True,True,True
1926.T,1926,ライト工業,Prime,建設業,,2026-09-29,2623.0,948.0,514031265.0,534990.0,594016800.0,True,True,True,True,True,True
9010.T,9010,富士急行,Prime,陸運業,,2026-09-29,2623.0,2627.0,513499090.0,194020.0,701934400.0,True,True,True,True,True,True
7743.T,7743,シード,Prime,精密機器,,2026-09-29,2623.0,793.0,513427835.0,648150.0,390552500.0,True,True,True,True,True,True
3612.T,3612,ワールド,Prime,繊維製品,,2026-09-29,1952.0,1562.0,512485400.0,318385.0,376910600.0,True,True,True,True,True,True
6454.T,6454,マックス,Prime,機械,,2026-09-29,2623.0,1841.0,511534665.0,271710.0,511429800.0,True,True,True,True,True,True
6023.T,6023,ダイハツインフィニアース,Standard,輸送用機器,,2026-09-29,2623.0,3255.0,510823990.0,157360.0,283510500.0,True,True,True,True,True,True
5208.T,5208,有沢製作所,Prime,化学,,2026-09-29,2623.0,2685.0,510681620.0,193730.0,477124500.0,True,True,True,True,True,True
7994.T,7994,オカムラ,Prime,その他製品,,2026-09-29,2623.0,2262.0,510274180.0,217075.0,812510400.0,True,True,True,True,True,True
6914.T,6914,オプテックスグループ,Prime,電気機器,,2026-09-29,2623.0,3210.0,509919550.0,160895.0,399645000.0,True,True,True,True,True,True
8399.T,8399,琉球銀行,Prime,銀行業,,2026-09-29,2623.0,3285.0,508763750.0,154645.0,500305500.0,True,True,True,True,True,True
3083.T,3083,スターシーズ,Standard,小売業,,2026-09-29,2623.0,1071.0,508557815.0,412165.0,375171300.0,True,True,True,True,True,True
6036.T,6036,ＫｅｅＰｅｒ技研,Prime,サービス業,,2026-09-29,2623.0,3420.0,508386975.0,144365.0,235638000.0,True,True,True,True,True,True
8065.T,8065,佐藤商事,Prime,卸売業,,2026-09-29,2623.0,2950.0,507474350.0,158330.0,302375000.0,True,True,True,True,True,True
6140.T,6140,旭ダイヤモンド工業,Prime,機械,,2026-09-29,2623.0,1112.0,507189080.0,443195.0,445133600.0,True,True,True,True,True,True
6727.T,6727,ワコム,Prime,電気機器,,2026-09-29,2623.0,869.0,505088210.0,599615.0,632979600.0,True,True,True,True,True,True
4933.T,4933,Ｉ－ｎｅ,Prime,化学,,2026-09-29,1468.0,2215.0,504798655.0,232950.0,402244000.0,True,True,True,True,True,True
7433.T,7433,伯東,Prime,卸売業,,2026-09-29,2623.0,1829.0,501972747.59765625,276990.0,689715900.0,True,True,True,True,True,True
2815.T,2815,アリアケジャパン,Prime,食料品,,2026-09-29,2623.0,5070.0,501698850.0,94650.0,648453000.0,True,True,True,True,True,True
4045.T,4045,東亞合成,Prime,化学,,2026-09-29,2623.0,1809.0,500326775.0,274305.0,404673300.0,True,True,True,True,True,True
3569.T,3569,セーレン,Prime,繊維製品,,2026-09-29,2623.0,3275.0,500156825.0,149865.0,556095000.0,True,True,True,True,True,True
2780.T,2780,コメ兵ホールディングス,Standard,小売業,,2026-09-29,2623.0,4440.0,499282225.0,105950.0,336996000.0,True,True,True,True,True,True
4419.T,4419,Ｆｉｎａｔｅｘｔホールディングス,Growth,情報・通信業,,2026-09-29,1164.0,1330.0,494957730.0,356520.0,333431000.0,True,True,True,True,True,True
6371.T,6371,椿本チエイン,Prime,機械,,2026-09-29,2623.0,2650.0,493633270.0,183385.0,712585000.0,True,True,True,True,True,True
4996.T,4996,クミアイ化学工業,Prime,化学,,2026-09-29,2623.0,670.0,492263795.0,703300.0,347663000.0,True,True,True,True,True,True
212A.T,212A,フィットイージー,Prime,サービス業,,2026-09-29,532.0,2922.0,492117730.0,175695.0,903190200.0,True,True,True,True,True,True
7606.T,7606,ユナイテッドアローズ,Prime,小売業,,2026-09-29,2623.0,2355.0,491860585.0,206080.0,507267000.0,True,True,True,True,True,True
287A.T,287A,黒田グループ,Standard,卸売業,,2026-09-29,432.0,1141.0,491344010.0,425040.0,606441500.0,True,True,True,True,True,True
8219.T,8219,青山商事,Prime,小売業,,2026-09-29,2623.0,719.0,490492100.0,646195.0,747760000.0,True,True,True,True,True,True
6737.T,6737,ＥＩＺＯ,Prime,電気機器,,2026-09-29,2623.0,3025.0,490214400.0,158085.0,330632500.0,True,True,True,True,True,True
8057.T,8057,内田洋行,Prime,卸売業,,2026-09-29,2623.0,2229.0,489783955.0,216030.0,230255700.0,True,True,True,True,True,True
6516.T,6516,山洋電気,Prime,電気機器,,2026-09-29,2623.0,5450.0,487439100.0,92150.0,433275000.0,True,True,True,True,True,True
2379.T,2379,ディップ,Prime,サービス業,,2026-09-29,2623.0,1795.0,483538215.0,265045.0,451083500.0,True,True,True,True,True,True
7236.T,7236,ティラド,Prime,輸送用機器,,2026-09-29,2623.0,1460.0,483405470.0,322175.0,565312000.0,True,True,True,True,True,True
8273.T,8273,イズミ,Prime,小売業,,2026-09-29,2623.0,966.0,483394170.0,479115.0,293953800.0,True,True,True,True,True,True
4928.T,4928,ノエビアホールディングス,Prime,化学,,2026-09-29,2623.0,4470.0,482786750.0,101125.0,1144767000.0,True,True,True,True,True,True
8059.T,8059,第一実業,Prime,卸売業,,2026-09-29,2623.0,3525.0,482461025.0,131810.0,1612687500.0,True,True,True,True,True,True
2678.T,2678,アスクル,Prime,小売業,,2026-09-29,2623.0,1214.0,481811060.0,385665.0,420529600.0,True,True,True,True,True,True
2334.T,2334,イオレ,Growth,サービス業,,2026-09-29,2156.0,547.0,480325540.0,839405.0,710990600.0,True,True,True,True,True,True
9247.T,9247,ＴＲＥホールディングス,Prime,サービス業,,2026-09-29,1220.0,1724.0,477537095.0,262665.0,447550400.0,True,True,True,True,True,True
4894.T,4894,クオリプス,Growth,医薬品,,2026-09-29,795.0,5640.0,477237800.0,84065.0,341220000.0,True,True,True,True,True,True
4686.T,4686,ジャストシステム,Prime,情報・通信業,,2026-09-29,2623.0,4410.0,475711800.0,110420.0,381465000.0,True,True,True,True,True,True
167A.T,167A,リョーサン菱洋ホールディングス,Prime,卸売業,,2026-09-29,2623.0,3285.0,474730175.0,146000.0,436248000.0,True,True,True,True,True,True
7780.T,7780,メニコン,Prime,精密機器,,2026-09-29,2623.0,1717.0,474593655.0,264895.0,544975800.0,True,True,True,True,True,True
1419.T,1419,タマホーム,Prime,建設業,,2026-09-29,2623.0,2907.0,474487200.0,163960.0,150582600.0,True,True,True,True,True,True
5702.T,5702,大紀アルミニウム工業所,Prime,非鉄金属,,2026-09-29,2623.0,1763.0,474225715.0,259645.0,536833500.0,True,True,True,True,True,True
8337.T,8337,千葉興業銀行,Prime,銀行業,,2026-09-29,2623.0,2724.0,473965670.0,175640.0,213016800.0,True,True,True,True,True,True
4420.T,4420,イーソル,Standard,情報・通信業,,2026-09-29,1941.0,818.0,473731195.0,559830.0,335461800.0,True,True,True,True,True,True
9119.T,9119,飯野海運,Prime,海運業,,2026-09-29,2623.0,1692.0,472002675.0,270850.0,376977600.0,True,True,True,True,True,True
7839.T,7839,ＳＨＯＥＩ,Prime,その他製品,,2026-09-29,2623.0,2087.0,471460625.0,224540.0,614621500.0,True,True,True,True,True,True
2001.T,2001,ニップン,Prime,食料品,,2026-09-29,2623.0,2840.0,470174540.0,159130.0,510916000.0,True,True,True,True,True,True
1965.T,1965,テクノ菱和,Standard,建設業,,2026-09-29,2623.0,2326.0,469099857.94189453,200835.0,362158200.0,True,True,True,True,True,True
9793.T,9793,ダイセキ,Prime,サービス業,,2026-09-29,2623.0,3545.0,468362050.0,126460.0,420437000.0,True,True,True,True,True,True
9075.T,9075,福山通運,Prime,陸運業,,2026-09-29,2623.0,6020.0,463299000.0,74100.0,400330000.0,True,True,True,True,True,True
4477.T,4477,ＢＡＳＥ,Growth,情報・通信業,,2026-09-29,1690.0,336.0,462317830.0,1316255.0,112929600.0,True,True,True,True,True,True
4549.T,4549,栄研化学,Prime,医薬品,,2026-09-29,2623.0,2251.0,461119590.0,199185.0,241532300.0,True,True,True,True,True,True
5161.T,5161,西川ゴム工業,Standard,ゴム製品,,2026-09-29,2623.0,3460.0,459081950.0,128315.0,434922000.0,True,True,True,True,True,True
8005.T,8005,スクロール,Prime,小売業,,2026-09-29,2623.0,1729.0,456707215.0,257155.0,367758300.0,True,True,True,True,True,True
417A.T,417A,ブルーゾーンホールディングス,Prime,小売業,,2026-09-29,2623.0,1830.0,456191930.0,241555.0,614514000.0,True,True,True,True,True,True
9880.T,9880,イノテック,Prime,電気機器,,2026-09-29,2623.0,3530.0,454534450.0,132615.0,437014000.0,True,True,True,True,True,True
7241.T,7241,フタバ産業,Prime,輸送用機器,,2026-09-29,2623.0,1085.0,451264515.0,409195.0,576243500.0,True,True,True,True,True,True
6395.T,6395,タダノ,Prime,機械,,2026-09-29,2623.0,1335.0,450139420.0,325555.0,474726000.0,True,True,True,True,True,True
6998.T,6998,日本タングステン,Standard,電気機器,,2026-09-29,2623.0,3975.0,449118600.0,120385.0,317205000.0,True,True,True,True,True,True
4044.T,4044,セントラル硝子,Prime,化学,,2026-09-29,2623.0,4440.0,447889625.0,100030.0,372516000.0,True,True,True,True,True,True
4174.T,4174,アピリッツ,Standard,情報・通信業,,2026-09-29,1366.0,1153.0,445109505.0,425830.0,301394200.0,True,True,True,True,True,True
2124.T,2124,ジェイエイシーリクルートメント,Prime,サービス業,,2026-09-29,2623.0,1042.0,443269455.0,441110.0,419196600.0,True,True,True,True,True,True
8803.T,8803,平和不動産,Prime,不動産業,,2026-09-29,2623.0,2300.0,443211985.0,187625.0,548780000.0,True,True,True,True,True,True
9715.T,9715,トランス・コスモス,Prime,サービス業,,2026-09-29,2623.0,3525.0,441028000.0,121980.0,500902500.0,True,True,True,True,True,True
3399.T,3399,丸千代山岡家,Standard,小売業,,2026-09-29,2623.0,3750.0,440539175.0,113740.0,271875000.0,True,True,True,True,True,True
3825.T,3825,リミックスポイント,Standard,小売業,,2026-09-29,2623.0,252.0,440134025.0,1814920.0,287582400.0,True,True,True,True,True,True
2384.T,2384,ＳＢＳホールディングス,Prime,陸運業,,2026-09-29,2623.0,5310.0,439273675.0,85320.0,983943000.0,True,True,True,True,True,True
7864.T,7864,フジシールインターナショナル,Prime,その他製品,,2026-09-29,2623.0,3310.0,436406125.0,131620.0,514374000.0,True,True,True,True,True,True
7711.T,7711,助川電気工業,Standard,精密機器,,2026-09-29,2623.0,5010.0,435214850.0,84195.0,142785000.0,True,True,True,True,True,True
1952.T,1952,新日本空調,Prime,建設業,,2026-09-29,2623.0,3140.0,434037000.0,135960.0,358274000.0,True,True,True,True,True,True
8739.T,8739,スパークス・グループ,Prime,証券、商品先物取引業,,2026-09-29,2623.0,2568.0,433543100.0,165095.0,783753600.0,True,True,True,True,True,True
2317.T,2317,システナ,Prime,情報・通信業,,2026-09-29,2623.0,422.0,433035360.0,976515.0,335574400.0,True,True,True,True,True,True
6794.T,6794,フォスター電機,Prime,電気機器,,2026-09-29,2623.0,3235.0,432175125.0,140295.0,381406500.0,True,True,True,True,True,True
7972.T,7972,イトーキ,Prime,その他製品,,2026-09-29,2623.0,2450.0,431903735.0,172100.0,426790000.0,True,True,True,True,True,True
6433.T,6433,ヒーハイスト,Standard,機械,,2026-09-29,2623.0,1344.0,430795670.0,333360.0,686112000.0,True,True,True,True,True,True
4493.T,4493,サイバーセキュリティクラウド,Growth,情報・通信業,,2026-09-29,1590.0,1927.0,430154170.0,224575.0,304080600.0,True,True,True,True,True,True
8551.T,8551,北日本銀行,Prime,銀行業,,2026-09-29,2623.0,2918.0,428659757.35717773,152675.0,482637200.0,True,True,True,True,True,True
8051.T,8051,山善,Prime,卸売業,,2026-09-29,2623.0,1934.0,427760500.0,217480.0,456037200.0,True,True,True,True,True,True
9274.T,9274,ＫＰＰグループホールディングス,Prime,卸売業,,2026-09-29,2019.0,1127.0,427082955.0,382010.0,778869700.0,True,True,True,True,True,True
6986.T,6986,双葉電子工業,Prime,電気機器,,2026-09-29,2623.0,732.0,427021105.0,554905.0,558442800.0,True,True,True,True,True,True
7730.T,7730,マニー,Prime,精密機器,,2026-09-29,2623.0,1461.0,426747635.0,288210.0,424274400.0,True,True,True,True,True,True
4521.T,4521,科研製薬,Prime,医薬品,,2026-09-29,2623.0,3820.0,426010650.0,108445.0,411414000.0,True,True,True,True,True,True
2288.T,2288,丸大食品,Prime,食料品,,2026-09-29,2623.0,2157.0,425342235.0,188120.0,809953500.0,True,True,True,True,True,True
6995.T,6995,東海理化電機製作所,Prime,輸送用機器,,2026-09-29,2623.0,3065.0,425246675.0,134615.0,340215000.0,True,True,True,True,True,True
1950.T,1950,日本電設工業,Prime,建設業,,2026-09-29,2623.0,3960.0,423940875.0,104755.0,732600000.0,True,True,True,True,True,True
3222.T,3222,ユナイテッド・スーパーマーケット・ホールディングス,Standard,小売業,,2026-09-29,2623.0,807.0,422394015.0,507190.0,273169500.0,True,True,True,True,True,True
7575.T,7575,日本ライフライン,Prime,卸売業,,2026-09-29,2623.0,1499.0,421535960.0,270900.0,385692700.0,True,True,True,True,True,True
8897.T,8897,ＭＩＲＡＲＴＨホールディングス,Prime,不動産業,,2026-09-29,2623.0,437.0,419239250.0,926740.0,897379500.0,True,True,True,True,True,True
4553.T,4553,東和薬品,Prime,医薬品,,2026-09-29,2623.0,3595.0,418392375.0,114465.0,329661500.0,True,True,True,True,True,True
9347.T,9347,日本管財ホールディングス,Prime,サービス業,,2026-09-29,2623.0,2856.0,418115895.0,142935.0,618609600.0,True,True,True,True,True,True
6331.T,6331,三菱化工機,Prime,機械,,2026-09-29,2623.0,3265.0,417547250.0,127325.0,470486500.0,True,True,True,True,True,True
3276.T,3276,ＪＰＭＣ,Prime,不動産業,,2026-09-29,2623.0,2265.0,416631715.0,184025.0,78142500.0,True,True,True,True,True,True
3050.T,3050,ＤＣＭホールディングス,Prime,小売業,,2026-09-29,2623.0,1584.0,415622805.0,260855.0,705672000.0,True,True,True,True,True,True
4840.T,4840,トライアイズ,Growth,サービス業,,2026-09-29,2623.0,721.0,412889310.0,525530.0,27686400.0,True,True,True,True,True,True
6118.T,6118,アイダエンジニアリング,Prime,機械,,2026-09-29,2623.0,1209.0,411630460.0,334760.0,198396900.0,True,True,True,True,True,True
6521.T,6521,オキサイド,Growth,電気機器,,2026-09-29,1340.0,3250.0,409973660.0,129595.0,191750000.0,True,True,True,True,True,True
8585.T,8585,オリエントコーポレーション,Prime,その他金融業,,2026-09-29,2623.0,813.0,409479885.0,481775.0,750805500.0,True,True,True,True,True,True
1663.T,1663,Ｋ＆Ｏエナジーグループ,Prime,鉱業,,2026-09-29,2623.0,1890.0,408892275.0,208100.0,450009000.0,True,True,True,True,True,True
7018.T,7018,内海造船,Standard,輸送用機器,,2026-09-29,2623.0,13160.0,408145550.0,30960.0,175028000.0,True,True,True,True,True,True
4258.T,4258,網屋,Growth,情報・通信業,,2026-09-29,1164.0,5580.0,407801850.0,79845.0,289602000.0,True,True,True,True,True,True
6588.T,6588,東芝テック,Prime,電気機器,,2026-09-29,2623.0,2936.0,405094450.0,138360.0,309454400.0,True,True,True,True,True,True
6332.T,6332,月島ホールディングス,Prime,機械,,2026-09-29,2623.0,2571.0,405032350.0,150065.0,498516900.0,True,True,True,True,True,True
1941.T,1941,中電工,Prime,建設業,,2026-09-29,2623.0,5060.0,403537400.0,78275.0,424028000.0,True,True,True,True,True,True
3252.T,3252,地主,Prime,不動産業,,2026-09-29,2623.0,2706.0,403248180.0,142535.0,661346400.0,True,True,True,True,True,True
4968.T,4968,荒川化学工業,Prime,化学,,2026-09-29,2623.0,2305.0,403086440.0,184670.0,306795500.0,True,True,True,True,True,True
8614.T,8614,東洋証券,Prime,証券、商品先物取引業,,2026-09-29,2623.0,690.0,402791725.0,556030.0,503631000.0,True,True,True,True,True,True
9960.T,9960,東テク,Prime,卸売業,,2026-09-29,2623.0,4160.0,400234350.0,96860.0,410176000.0,True,True,True,True,True,True
9997.T,9997,ベルーナ,Prime,小売業,,2026-09-29,2623.0,1068.0,400128960.0,374040.0,670917600.0,True,True,True,True,True,True
7199.T,7199,プレミアグループ,Prime,その他金融業,,2026-09-29,2153.0,2067.0,399652190.0,191015.0,370199700.0,True,True,True,True,True,True
3491.T,3491,ＧＡ　ｔｅｃｈｎｏｌｏｇｉｅｓ,Growth,不動産業,,2026-09-29,1999.0,1286.0,399218755.0,286765.0,358665400.0,True,True,True,True,True,True
3036.T,3036,アルコニックス,Prime,卸売業,,2026-09-29,2623.0,3325.0,399186600.0,118455.0,375392500.0,True,True,True,True,True,True
135A.T,135A,ＶＲＡＩＮ　Ｓｏｌｕｔｉｏｎ,Growth,情報・通信業,,2026-09-29,634.0,5040.0,398084750.0,89585.0,546840000.0,True,True,True,True,True,True
2220.T,2220,亀田製菓,Prime,食料品,,2026-09-29,2623.0,1269.0,397628040.0,293095.0,350370900.0,True,True,True,True,True,True
6486.T,6486,イーグル工業,Prime,機械,,2026-09-29,2623.0,3005.0,397149785.0,132205.0,0.0,True,True,True,True,True,True
1377.T,1377,サカタのタネ,Prime,水産・農林業,,2026-09-29,2623.0,4295.0,396877925.0,90845.0,472450000.0,True,True,True,True,True,True
9303.T,9303,住友倉庫,Prime,倉庫・運輸関連業,,2026-09-29,2623.0,4075.0,396763000.0,95130.0,434395000.0,True,True,True,True,True,True
8061.T,8061,西華産業,Prime,卸売業,,2026-09-29,2623.0,3015.0,394909215.0,128450.0,333459000.0,True,True,True,True,True,True
7513.T,7513,コジマ,Prime,小売業,,2026-09-29,2623.0,1485.0,393305425.0,275895.0,286902000.0,True,True,True,True,True,True
9716.T,9716,乃村工藝社,Prime,サービス業,,2026-09-29,2623.0,1210.0,393136150.0,313895.0,395428000.0,True,True,True,True,True,True
5975.T,5975,東プレ,Prime,金属製品,,2026-09-29,2623.0,3310.0,391555250.0,116295.0,271089000.0,True,True,True,True,True,True
4216.T,4216,旭有機材,Prime,化学,,2026-09-29,2623.0,6460.0,390670250.0,64090.0,2198338000.0,True,True,True,True,True,True
4275.T,4275,カーリット,Prime,化学,,2026-09-29,2623.0,1883.0,390162960.0,195725.0,269457300.0,True,True,True,True,True,True
4417.T,4417,グローバルセキュリティエキスパート,Growth,情報・通信業,,2026-09-29,1166.0,5460.0,389203475.0,77080.0,154518000.0,True,True,True,True,True,True
9948.T,9948,アークス,Prime,小売業,,2026-09-29,2623.0,3645.0,388780975.0,104465.0,270823500.0,True,True,True,True,True,True
4189.T,4189,ＫＨネオケム,Prime,化学,,2026-09-29,2454.0,3300.0,388280800.0,118490.0,506220000.0,True,True,True,True,True,True
6652.T,6652,ＩＤＥＣ,Prime,電気機器,,2026-09-29,2623.0,3740.0,387701950.0,104850.0,390082000.0,True,True,True,True,True,True
7245.T,7245,大同メタル工業,Prime,輸送用機器,,2026-09-29,2623.0,1156.0,387434690.0,335930.0,348765200.0,True,True,True,True,True,True
6838.T,6838,多摩川ホールディングス,Standard,電気機器,,2026-09-29,2623.0,1450.0,385658400.0,264415.0,180960000.0,True,True,True,True,True,True
7246.T,7246,プレス工業,Prime,輸送用機器,,2026-09-29,2623.0,985.0,385433630.0,381645.0,423156000.0,True,True,True,True,True,True
6183.T,6183,ベルシステム２４ホールディングス,Prime,サービス業,,2026-09-29,2623.0,1319.0,384735610.0,281215.0,566114800.0,True,True,True,True,True,True
4431.T,4431,スマレジ,Growth,情報・通信業,,2026-09-29,1848.0,3375.0,384328200.0,110940.0,170775000.0,True,True,True,True,True,True
262A.T,262A,インターメスティック,Prime,小売業,,2026-09-29,473.0,1681.0,384242285.0,220195.0,267279000.0,True,True,True,True,True,True
3844.T,3844,コムチュア,Prime,情報・通信業,,2026-09-29,2623.0,1294.0,383982020.0,292020.0,548785400.0,True,True,True,True,True,True
8037.T,8037,カメイ,Prime,卸売業,,2026-09-29,2623.0,4835.0,383378175.0,79380.0,371811500.0,True,True,True,True,True,True
8043.T,8043,スターゼン,Prime,卸売業,,2026-09-29,2623.0,1495.0,382266110.0,248285.0,632086000.0,True,True,True,True,True,True
8130.T,8130,サンゲツ,Prime,卸売業,,2026-09-29,2623.0,3125.0,382044875.0,119415.0,447187500.0,True,True,True,True,True,True
3284.T,3284,フージャースホールディングス,Prime,不動産業,,2026-09-29,2623.0,1227.0,380999660.0,296320.0,549450600.0,True,True,True,True,True,True
6277.T,6277,ホソカワミクロン,Prime,機械,,2026-09-29,2623.0,6370.0,379643400.0,62545.0,526799000.0,True,True,True,True,True,True
7283.T,7283,愛三工業,Prime,輸送用機器,,2026-09-29,2623.0,2250.0,378171510.0,169665.0,783225000.0,True,True,True,True,True,True
6905.T,6905,コーセル,Prime,電気機器,,2026-09-29,2623.0,1448.0,378165310.0,273860.0,385602400.0,True,True,True,True,True,True
2681.T,2681,ゲオホールディングス,Prime,小売業,,2026-09-29,2623.0,2304.0,378040090.0,161695.0,413107200.0,True,True,True,True,True,True
166A.T,166A,タスキホールディングス,Growth,不動産業,,2026-09-29,609.0,1027.0,377622485.0,341575.0,674430900.0,True,True,True,True,True,True
3673.T,3673,ブロードリーフ,Prime,情報・通信業,,2026-09-29,2623.0,477.0,376978605.0,795770.0,199672200.0,True,True,True,True,True,True
3851.T,3851,日本一ソフトウェア,Standard,情報・通信業,,2026-09-29,2623.0,1312.0,376588520.0,263100.0,81737600.0,True,True,True,True,True,True
9882.T,9882,イエローハット,Prime,卸売業,,2026-09-29,2623.0,1657.0,376575130.0,216175.0,571002200.0,True,True,True,True,True,True
9605.T,9605,東映,Prime,情報・通信業,,2026-09-29,2623.0,5970.0,376525600.0,62710.0,523569000.0,True,True,True,True,True,True
2733.T,2733,あらた,Prime,卸売業,,2026-09-29,2623.0,2609.0,376347190.0,139625.0,452400600.0,True,True,True,True,True,True
7475.T,7475,アルビス,Prime,小売業,,2026-09-29,2623.0,3765.0,376089175.0,102225.0,253384500.0,True,True,True,True,True,True
3104.T,3104,富士紡ホールディングス,Prime,繊維製品,,2026-09-29,2623.0,3330.0,375246750.0,113420.0,755577000.0,True,True,True,True,True,True
9304.T,9304,澁澤倉庫,Prime,倉庫・運輸関連業,,2026-09-29,2623.0,2148.0,375156095.0,177260.0,329503200.0,True,True,True,True,True,True
7516.T,7516,コーナン商事,Prime,小売業,,2026-09-29,2623.0,4460.0,375055075.0,83325.0,337176000.0,True,True,True,True,True,True
4526.T,4526,理研ビタミン,Prime,食料品,,2026-09-29,2623.0,3160.0,374131550.0,113070.0,694568000.0,True,True,True,True,True,True
7157.T,7157,ライフネット生命保険,Prime,保険業,,2026-09-29,2623.0,1429.0,373924765.0,261910.0,573314800.0,True,True,True,True,True,True
6750.T,6750,エレコム,Prime,電気機器,,2026-09-29,2623.0,1977.0,373812675.0,185635.0,349731300.0,True,True,True,True,True,True
5851.T,5851,リョービ,Prime,非鉄金属,,2026-09-29,2623.0,2694.0,373109825.0,136450.0,347526000.0,True,True,True,True,True,True
4958.T,4958,長谷川香料,Prime,化学,,2026-09-29,2623.0,3345.0,372920500.0,109610.0,442543500.0,True,True,True,True,True,True
1946.T,1946,トーエネック,Prime,建設業,,2026-09-29,2623.0,2153.0,372685750.0,167630.0,348786000.0,True,True,True,True,True,True
4825.T,4825,ウェザーニューズ,Prime,情報・通信業,,2026-09-29,2623.0,1981.0,372004890.0,183580.0,336373800.0,True,True,True,True,True,True
4425.T,4425,Ｋｕｄａｎ,Growth,情報・通信業,,2026-09-29,1893.0,1406.0,370082525.0,246895.0,165205000.0,True,True,True,True,True,True
4220.T,4220,リケンテクノス,Prime,化学,,2026-09-29,2623.0,2329.0,369655005.0,152345.0,349582900.0,True,True,True,True,True,True
8622.T,8622,水戸証券,Prime,証券、商品先物取引業,,2026-09-29,2623.0,885.0,368717675.0,389260.0,512326500.0,True,True,True,True,True,True
2874.T,2874,横浜冷凍,Prime,卸売業,,2026-09-29,2623.0,2031.0,365032595.0,167725.0,630828600.0,True,True,True,True,True,True
3106.T,3106,倉敷紡績,Prime,繊維製品,,2026-09-29,2623.0,2325.0,364136900.0,162525.0,774225000.0,True,True,True,True,True,True
7715.T,7715,長野計器,Prime,精密機器,,2026-09-29,2623.0,4285.0,363883975.0,90455.0,536053500.0,True,True,True,True,True,True
4095.T,4095,日本パーカライジング,Prime,化学,,2026-09-29,2623.0,1766.0,362225445.0,205315.0,414480200.0,True,True,True,True,True,True
9887.T,9887,松屋フーズホールディングス,Prime,小売業,,2026-09-29,2623.0,5100.0,361468800.0,69150.0,481950000.0,True,True,True,True,True,True
6200.T,6200,インソース,Prime,サービス業,,2026-09-29,2509.0,661.0,360802650.0,511520.0,574276800.0,True,True,True,True,True,True
8214.T,8214,ＡＯＫＩホールディングス,Prime,小売業,,2026-09-29,2623.0,1680.0,360345375.0,208720.0,512736000.0,True,True,True,True,True,True
5451.T,5451,ヨドコウ,Prime,鉄鋼,,2026-09-29,2623.0,1401.0,360149140.0,252210.0,332037000.0,True,True,True,True,True,True
5246.T,5246,ＥＬＥＭＥＮＴＳ,Growth,情報・通信業,,2026-09-29,917.0,826.0,360062975.0,424990.0,342129200.0,True,True,True,True,True,True
8218.T,8218,コメリ,Prime,小売業,,2026-09-29,2623.0,3750.0,358968750.0,92430.0,316875000.0,True,True,True,True,True,True
7545.T,7545,西松屋チェーン,Prime,小売業,,2026-09-29,2623.0,1949.0,358926565.0,181425.0,427025900.0,True,True,True,True,True,True
6080.T,6080,Ｍ＆Ａキャピタルパートナーズ,Prime,サービス業,,2026-09-29,2623.0,4200.0,358560175.0,85340.0,331380000.0,True,True,True,True,True,True
9425.T,9425,ＲｅＹｕｕ　Ｊａｐａｎ,Standard,情報・通信業,,2026-09-29,2623.0,231.0,357152585.0,1351460.0,52668000.0,True,True,True,True,True,True
2590.T,2590,ダイドーグループホールディングス,Prime,食料品,,2026-09-29,2623.0,2921.0,356745125.0,117835.0,190741300.0,True,True,True,True,True,True
6736.T,6736,サン電子,Standard,電気機器,,2026-09-29,2623.0,9600.0,356309950.0,37560.0,248640000.0,True,True,True,True,True,True
9552.T,9552,Ｍ＆Ａ総研ホールディングス,Prime,サービス業,,2026-09-29,1040.0,1015.0,356102415.0,321200.0,156513000.0,True,True,True,True,True,True
2337.T,2337,いちご,Prime,不動産業,,2026-09-29,2623.0,394.0,355948265.0,890725.0,285256000.0,True,True,True,True,True,True
4559.T,4559,ゼリア新薬工業,Prime,医薬品,,2026-09-29,2623.0,1967.0,354955970.0,176990.0,454180300.0,True,True,True,True,True,True
3854.T,3854,アイル,Prime,情報・通信業,,2026-09-29,2623.0,2074.0,354279255.0,159435.0,239754400.0,True,True,True,True,True,True
1852.T,1852,淺沼組,Prime,建設業,,2026-09-29,2623.0,874.0,353716535.0,394150.0,473271000.0,True,True,True,True,True,True
8923.T,8923,トーセイ,Prime,不動産業,,2026-09-29,2623.0,1721.0,352976655.0,203335.0,523011900.0,True,True,True,True,True,True
3663.T,3663,セルシス,Prime,情報・通信業,,2026-09-29,2623.0,1799.0,352871085.0,190795.0,267511300.0,True,True,True,True,True,True
8179.T,8179,ロイヤルホールディングス,Prime,小売業,,2026-09-29,2623.0,1299.0,352485740.0,262145.0,378138900.0,True,True,True,True,True,True
6947.T,6947,図研,Prime,電気機器,,2026-09-29,2623.0,5120.0,351654725.0,70350.0,400896000.0,True,True,True,True,True,True
1934.T,1934,ユアテック,Prime,建設業,,2026-09-29,2623.0,2548.0,351052525.0,134360.0,333788000.0,True,True,True,True,True,True
6340.T,6340,澁谷工業,Prime,機械,,2026-09-29,2623.0,5510.0,349905100.0,65150.0,252909000.0,True,True,True,True,True,True
3946.T,3946,トーモク,Prime,パルプ・紙,,2026-09-29,2623.0,4370.0,348624525.0,78365.0,333868000.0,True,True,True,True,True,True
7609.T,7609,ダイトロン,Prime,卸売業,,2026-09-29,2623.0,4160.0,348161850.0,86595.0,195936000.0,True,True,True,True,True,True
218A.T,218A,Ｌｉｂｅｒａｗａｒｅ,Growth,精密機器,,2026-09-29,528.0,1039.0,347542080.0,318315.0,136109000.0,True,True,True,True,True,True
3661.T,3661,エムアップホールディングス,Prime,情報・通信業,,2026-09-29,2623.0,809.0,347495850.0,428435.0,257504700.0,True,True,True,True,True,True
7085.T,7085,カーブスホールディングス,Prime,サービス業,,2026-09-29,1607.0,889.0,347108840.0,381300.0,292925500.0,True,True,True,True,True,True
1815.T,1815,鉄建建設,Prime,建設業,,2026-09-29,2623.0,2218.0,345469695.0,153185.0,470881400.0,True,True,True,True,True,True
6458.T,6458,新晃工業,Prime,機械,,2026-09-29,2623.0,1203.0,345052380.0,277490.0,301110900.0,True,True,True,True,True,True
8151.T,8151,東陽テクニカ,Prime,卸売業,,2026-09-29,2623.0,1853.0,344054735.0,183400.0,450834900.0,True,True,True,True,True,True
2986.T,2986,ＬＡホールディングス,Growth,不動産業,,2026-09-29,1525.0,2893.0,343568550.0,120040.0,300872000.0,True,True,True,True,True,True
3932.T,3932,アカツキ,Prime,情報・通信業,,2026-09-29,2593.0,1238.0,342634531.82373047,276450.0,240667200.0,True,True,True,True,True,True
6209.T,6209,リケンＮＰＲ,Prime,機械,,2026-09-29,729.0,3890.0,342034500.0,87395.0,307699000.0,True,True,True,True,True,True
8934.T,8934,サンフロンティア不動産,Prime,不動産業,,2026-09-29,2623.0,2297.0,341161520.0,141485.0,462845500.0,True,True,True,True,True,True
4746.T,4746,東計電算,Standard,情報・通信業,,2026-09-29,2623.0,1950.0,339473200.0,188050.0,666510000.0,True,True,True,True,True,True
1720.T,1720,東急建設,Prime,建設業,,2026-09-29,2623.0,1181.0,339186630.0,282460.0,428112500.0,True,True,True,True,True,True
6597.T,6597,ＨＰＣシステムズ,Growth,電気機器,,2026-09-29,1709.0,3925.0,339027250.0,90875.0,165242500.0,True,True,True,True,True,True
8395.T,8395,佐賀銀行,Prime,銀行業,,2026-09-29,2623.0,6910.0,338169250.0,50675.0,310950000.0,True,True,True,True,True,True
1945.T,1945,東京エネシス,Prime,建設業,,2026-09-29,2623.0,2088.0,336894055.0,158940.0,313617600.0,True,True,True,True,True,True
7476.T,7476,アズワン,Prime,卸売業,,2026-09-29,2623.0,2475.5,336402567.5,134370.0,379246600.0,True,True,True,True,True,True
3153.T,3153,八洲電機,Prime,卸売業,,2026-09-29,2623.0,3140.0,335766040.0,108165.0,547616000.0,True,True,True,True,True,True
8160.T,8160,木曽路,Prime,小売業,,2026-09-29,2623.0,2356.0,335298675.0,138900.0,823657600.0,True,True,True,True,True,True
4633.T,4633,サカタインクス,Prime,化学,,2026-09-29,2623.0,2636.0,335108830.0,127845.0,285478800.0,True,True,True,True,True,True
8613.T,8613,丸三証券,Prime,証券、商品先物取引業,,2026-09-29,2623.0,1238.0,334791935.0,259220.0,536796800.0,True,True,True,True,True,True
4674.T,4674,クレスコ,Prime,情報・通信業,,2026-09-29,2623.0,1852.0,333935595.0,178405.0,255576000.0,True,True,True,True,True,True
3093.T,3093,トレジャー・ファクトリー,Prime,小売業,,2026-09-29,2623.0,1928.0,332762250.0,173830.0,227118400.0,True,True,True,True,True,True
6908.T,6908,イリソ電子工業,Prime,電気機器,,2026-09-29,2623.0,2896.0,331837175.0,117645.0,296260800.0,True,True,True,True,True,True
6744.T,6744,能美防災,Prime,電気機器,,2026-09-29,2623.0,3960.0,331428275.0,80715.0,257796000.0,True,True,True,True,True,True
9699.T,9699,ニシオホールディングス,Prime,サービス業,,2026-09-29,2623.0,4455.0,330718675.0,71075.0,461538000.0,True,True,True,True,True,True
6668.T,6668,アドテック　プラズマ　テクノロジー,Standard,電気機器,,2026-09-29,2623.0,4410.0,330604500.0,81510.0,206829000.0,True,True,True,True,True,True
7613.T,7613,シークス,Prime,卸売業,,2026-09-29,2623.0,1597.0,329928705.0,208585.0,236356000.0,True,True,True,True,True,True
3087.T,3087,ドトール・日レスホールディングス,Prime,小売業,,2026-09-29,2623.0,3180.0,329692275.0,100050.0,332628000.0,True,True,True,True,True,True
9511.T,9511,沖縄電力,Prime,電気・ガス業,,2026-09-29,2623.0,1152.0,329537300.0,275525.0,353894400.0,True,True,True,True,True,True
9039.T,9039,サカイ引越センター,Prime,陸運業,,2026-09-29,2623.0,2956.0,328767775.0,109215.0,482714800.0,True,True,True,True,True,True
6745.T,6745,ホーチキ,Prime,電気機器,,2026-09-29,2623.0,1897.0,327682035.0,169700.0,215119800.0,True,True,True,True,True,True
6866.T,6866,日置電機,Prime,電気機器,,2026-09-29,2623.0,10560.0,326873250.0,31670.0,483648000.0,True,True,True,True,True,True
7976.T,7976,三菱鉛筆,Prime,その他製品,,2026-09-29,2623.0,3445.0,325796850.0,100635.0,331064500.0,True,True,True,True,True,True
7981.T,7981,タカラスタンダード,Prime,その他製品,,2026-09-29,2623.0,3030.0,325601600.0,104540.0,297546000.0,True,True,True,True,True,True
9308.T,9308,乾汽船,Standard,海運業,,2026-09-29,2623.0,2463.0,325410225.0,143885.0,444817800.0,True,True,True,True,True,True
5480.T,5480,日本冶金工業,Prime,鉄鋼,,2026-09-29,2623.0,5270.0,325380300.0,59890.0,300390000.0,True,True,True,True,True,True
6929.T,6929,日本セラミック,Prime,電気機器,,2026-09-29,2623.0,3650.0,324876075.0,88030.0,289445000.0,True,True,True,True,True,True
7734.T,7734,理研計器,Prime,精密機器,,2026-09-29,2623.0,3545.0,323534025.0,93870.0,334293500.0,True,True,True,True,True,True
8706.T,8706,極東証券,Prime,証券、商品先物取引業,,2026-09-29,2623.0,1787.0,323172275.0,170400.0,456757200.0,True,True,True,True,True,True
3880.T,3880,大王製紙,Prime,パルプ・紙,,2026-09-29,2623.0,964.0,320548450.0,323120.0,338556800.0,True,True,True,True,True,True
7944.T,7944,ローランド,Prime,その他製品,,2026-09-29,2623.0,3675.0,320205875.0,85185.0,336997500.0,True,True,True,True,True,True
9692.T,9692,シーイーシー,Prime,情報・通信業,,2026-09-29,2623.0,2230.0,319558045.0,140355.0,402292000.0,True,True,True,True,True,True
7995.T,7995,バルカー,Prime,化学,,2026-09-29,2623.0,6660.0,319303450.0,48690.0,252414000.0,True,True,True,True,True,True
9551.T,9551,メタウォーター,Prime,電気・ガス業,,2026-09-29,2623.0,3055.0,317562400.0,102245.0,303361500.0,True,True,True,True,True,True
3076.T,3076,あい　ホールディングス,Prime,卸売業,,2026-09-29,2623.0,2968.0,315765785.0,105805.0,310452800.0,True,True,True,True,True,True
9278.T,9278,ブックオフグループホールディングス,Prime,小売業,,2026-09-29,1951.0,2912.0,314736665.0,110305.0,490672000.0,True,True,True,True,True,True
5632.T,5632,三菱製鋼,Prime,鉄鋼,,2026-09-29,2623.0,2473.0,313658225.0,128700.0,272030000.0,True,True,True,True,True,True
6474.T,6474,不二越,Prime,機械,,2026-09-29,2623.0,5530.0,313133400.0,57790.0,352814000.0,True,True,True,True,True,True
7915.T,7915,ＮＩＳＳＨＡ,Prime,その他製品,,2026-09-29,2623.0,1158.0,312755580.0,259640.0,389551200.0,True,True,True,True,True,True
9470.T,9470,学研ホールディングス,Prime,情報・通信業,,2026-09-29,2623.0,1062.0,311950285.0,295300.0,755613000.0,True,True,True,True,True,True
6677.T,6677,エスケーエレクトロニクス,Standard,電気機器,,2026-09-29,2623.0,3120.0,311752175.0,96705.0,460512000.0,True,True,True,True,True,True
4320.T,4320,ＣＥホールディングス,Standard,情報・通信業,,2026-09-29,2623.0,1629.0,311499205.0,189615.0,109305900.0,True,True,True,True,True,True
4889.T,4889,レナサイエンス,Growth,医薬品,,2026-09-29,1225.0,1171.0,311450755.0,258215.0,148717000.0,True,True,True,True,True,True
3191.T,3191,ジョイフル本田,Prime,小売業,,2026-09-29,2623.0,2271.0,311299190.0,138070.0,342693900.0,True,True,True,True,True,True
4569.T,4569,杏林製薬,Prime,医薬品,,2026-09-29,2623.0,1108.0,311204430.0,271115.0,223926800.0,True,True,True,True,True,True
4658.T,4658,日本空調サービス,Prime,サービス業,,2026-09-29,2623.0,1581.0,310516465.0,193720.0,448845900.0,True,True,True,True,True,True
7794.T,7794,イーディーピー,Growth,その他製品,,2026-09-29,1041.0,1005.0,308530055.0,307210.0,171654000.0,True,True,True,True,True,True
4056.T,4056,ニューラルグループ,Growth,情報・通信業,,2026-09-29,1490.0,203.0,307416490.0,1156685.0,25557700.0,True,True,True,True,True,True
8125.T,8125,ワキタ,Prime,卸売業,,2026-09-29,2623.0,1924.0,306967305.0,156925.0,242039200.0,True,True,True,True,True,True
5842.T,5842,インテグラル,Growth,証券、商品先物取引業,,2026-09-29,737.0,2894.0,306119290.0,103400.0,689640200.0,True,True,True,True,True,True
8566.T,8566,リコーリース,Prime,その他金融業,,2026-09-29,2623.0,6590.0,305677400.0,44715.0,529836000.0,True,True,True,True,True,True
6349.T,6349,小森コーポレーション,Prime,機械,,2026-09-29,2623.0,1945.0,305488570.0,152955.0,289805000.0,True,True,True,True,True,True
1968.T,1968,太平電業,Prime,建設業,,2026-09-29,2623.0,2442.0,305275520.0,121175.0,383394000.0,True,True,True,True,True,True
2154.T,2154,オープンアップグループ,Prime,サービス業,,2026-09-29,2623.0,2012.0,304714675.0,152265.0,297172400.0,True,True,True,True,True,True
1982.T,1982,日比谷総合設備,Prime,建設業,,2026-09-29,2623.0,3175.0,303371485.0,97605.0,258127500.0,True,True,True,True,True,True
5288.T,5288,アジアパイルホールディングス,Prime,ガラス・土石製品,,2026-09-29,2623.0,1450.0,302472505.0,202700.0,352060000.0,True,True,True,True,True,True
6840.T,6840,ＡＫＩＢＡホールディングス,Standard,電気機器,,2026-09-29,2623.0,859.0,302194655.0,368565.0,243612400.0,True,True,True,True,True,True
9534.T,9534,北海道瓦斯,Prime,電気・ガス業,,2026-09-29,2623.0,880.0,300632825.0,325460.0,222904000.0,True,True,True,True,True,True
9757.T,9757,船井総研ホールディングス,Prime,サービス業,,2026-09-29,2623.0,1173.0,299136635.0,254010.0,240699600.0,True,True,True,True,True,True
4222.T,4222,児玉化学工業,Standard,化学,,2026-09-29,2623.0,652.0,298693100.0,438250.0,166064400.0,True,True,True,True,True,True
6651.T,6651,日東工業,Prime,電気機器,,2026-09-29,2623.0,4340.0,298663250.0,68230.0,283836000.0,True,True,True,True,True,True
4548.T,4548,生化学工業,Prime,医薬品,,2026-09-29,2623.0,595.0,297732430.0,465920.0,1365168000.0,True,True,True,True,True,True
3395.T,3395,サンマルクホールディングス,Prime,小売業,,2026-09-29,2623.0,2457.0,297407245.0,119310.0,334152000.0,True,True,True,True,True,True
5192.T,5192,三ツ星ベルト,Prime,ゴム製品,,2026-09-29,2623.0,4180.0,296174400.0,68805.0,312246000.0,True,True,True,True,True,True
5031.T,5031,モイ,Growth,情報・通信業,,2026-09-29,1080.0,376.0,296023110.0,730505.0,37487200.0,True,True,True,True,True,True
7224.T,7224,新明和工業,Prime,輸送用機器,,2026-09-29,2623.0,1909.0,295920140.0,152315.0,294558700.0,True,True,True,True,True,True
8771.T,8771,イー・ギャランティ,Prime,その他金融業,,2026-09-29,2623.0,1732.0,295900245.0,169115.0,295825600.0,True,True,True,True,True,True
5892.T,5892,ｙｕｔｏｒｉ,Growth,小売業,,2026-09-29,670.0,2975.0,295416640.0,106805.0,192780000.0,True,True,True,True,True,True
5724.T,5724,アサカ理研,Standard,非鉄金属,,2026-09-29,2623.0,2977.0,294924160.0,91855.0,91096200.0,True,True,True,True,True,True
4064.T,4064,日本カーバイド工業,Prime,化学,,2026-09-29,2623.0,3605.0,293731125.0,83585.0,266770000.0,True,True,True,True,True,True
6570.T,6570,共和コーポレーション,Standard,サービス業,,2026-09-29,2091.0,3885.0,293498700.0,76800.0,195804000.0,True,True,True,True,True,True
7172.T,7172,ジャパンインベストメントアドバイザー,Prime,証券、商品先物取引業,,2026-09-29,2623.0,2134.0,293316640.0,138590.0,278913800.0,True,True,True,True,True,True
2975.T,2975,スター・マイカ・ホールディングス,Prime,不動産業,,2026-09-29,1788.0,1380.0,292534455.0,204365.0,436218000.0,True,True,True,True,True,True
7383.T,7383,ネットプロテクションズホールディングス,Prime,その他金融業,,2026-09-29,1169.0,390.0,292525435.0,727160.0,311103000.0,True,True,True,True,True,True
1870.T,1870,矢作建設工業,Prime,建設業,,2026-09-29,2623.0,2088.0,291391960.0,134630.0,343476000.0,True,True,True,True,True,True
3443.T,3443,川田テクノロジーズ,Prime,金属製品,,2026-09-29,2623.0,1349.0,291255100.0,210710.0,361262200.0,True,True,True,True,True,True
8708.T,8708,アイザワ証券グループ,Prime,証券、商品先物取引業,,2026-09-29,2623.0,1668.0,290931110.0,164120.0,472044000.0,True,True,True,True,True,True
3608.T,3608,ＴＳＩホールディングス,Prime,繊維製品,,2026-09-29,2623.0,1210.0,289994340.0,233770.0,296087000.0,True,True,True,True,True,True
4973.T,4973,日本高純度化学,Prime,化学,,2026-09-29,2623.0,4820.0,287014725.0,59890.0,263654000.0,True,True,True,True,True,True
3131.T,3131,シンデン・ハイテックス,Standard,卸売業,,2026-09-29,2623.0,7980.0,286601900.0,41890.0,296856000.0,True,True,True,True,True,True
8097.T,8097,三愛オブリ,Prime,卸売業,,2026-09-29,2623.0,2402.0,286532735.0,117190.0,195042400.0,True,True,True,True,True,True
8133.T,8133,伊藤忠エネクス,Prime,卸売業,,2026-09-29,2623.0,2252.0,286362215.0,123885.0,222047200.0,True,True,True,True,True,True
9416.T,9416,ビジョン,Prime,情報・通信業,,2026-09-29,2623.0,1057.0,286284070.0,270500.0,274397200.0,True,True,True,True,True,True
5186.T,5186,ニッタ,Prime,ゴム製品,,2026-09-29,2623.0,6680.0,286047050.0,42590.0,298596000.0,True,True,True,True,True,True
1835.T,1835,東鉄工業,Prime,建設業,,2026-09-29,2623.0,3815.0,285519850.0,72615.0,449788500.0,True,True,True,True,True,True
9746.T,9746,ＴＫＣ,Prime,情報・通信業,,2026-09-29,2623.0,4055.0,285125600.0,69240.0,237217500.0,True,True,True,True,True,True
3040.T,3040,ソリトンシステムズ,Prime,情報・通信業,,2026-09-29,2623.0,2678.0,284881235.0,116145.0,319217600.0,True,True,True,True,True,True
5440.T,5440,共英製鋼,Prime,鉄鋼,,2026-09-29,2623.0,1923.0,284639000.0,140035.0,279219600.0,True,True,True,True,True,True
9889.T,9889,ＪＢＣＣホールディングス,Prime,情報・通信業,,2026-09-29,2623.0,1715.0,284605185.0,169500.0,358778000.0,True,True,True,True,True,True
4393.T,4393,バンク・オブ・イノベーション,Growth,情報・通信業,,2026-09-29,2000.0,6090.0,284024750.0,49500.0,206451000.0,True,True,True,True,True,True
5367.T,5367,ニッカトー,Standard,ガラス・土石製品,,2026-09-29,2623.0,1433.0,282804610.0,205985.0,210651000.0,True,True,True,True,True,True
7047.T,7047,ポート,Growth,サービス業,,2026-09-29,1890.0,2120.0,282503490.0,131490.0,160908000.0,True,True,True,True,True,True
3676.T,3676,デジタルハーツホールディングス,Prime,情報・通信業,,2026-09-29,2623.0,1049.0,281411845.0,266145.0,84234700.0,True,True,True,True,True,True
1766.T,1766,東建コーポレーション,Prime,建設業,,2026-09-29,2623.0,12970.0,280831200.0,20925.0,316468000.0,True,True,True,True,True,True
6742.T,6742,京三製作所,Prime,電気機器,,2026-09-29,2623.0,1074.0,280619725.0,270255.0,182043000.0,True,True,True,True,True,True
6284.T,6284,日精エー・エス・ビー機械,Prime,機械,,2026-09-29,2623.0,8460.0,280348550.0,32835.0,323172000.0,True,True,True,True,True,True
5911.T,5911,横河ブリッジホールディングス,Prime,金属製品,,2026-09-29,2623.0,2935.0,280155490.0,93885.0,292619500.0,True,True,True,True,True,True
9828.T,9828,Ｇｅｎｋｉ　Ｇｌｏｂａｌ　Ｄｉｎｉｎｇ　Ｃｏｎｃｅｐｔｓ,Standard,小売業,,2026-09-29,2623.0,3265.0,280123450.0,82865.0,437836500.0,True,True,True,True,True,True
8032.T,8032,日本紙パルプ商事,Prime,卸売業,,2026-09-29,2623.0,1235.0,280027120.0,225805.0,250087500.0,True,True,True,True,True,True
8255.T,8255,アクシアル　リテイリング,Prime,小売業,,2026-09-29,2623.0,1285.0,279302340.0,212735.0,317138000.0,True,True,True,True,True,True
4972.T,4972,綜研化学,Standard,化学,,2026-09-29,2623.0,4425.0,278472600.0,69610.0,324352500.0,True,True,True,True,True,True
7177.T,7177,ＧＭＯフィナンシャルホールディングス,Standard,証券、商品先物取引業,,2026-09-29,2623.0,1171.0,277932160.0,235350.0,229281800.0,True,True,True,True,True,True
6440.T,6440,ＪＵＫＩ,Prime,機械,,2026-09-29,2623.0,843.0,277931220.0,369710.0,822852300.0,True,True,True,True,True,True
5572.T,5572,Ｒｉｄｇｅ－ｉ,Growth,情報・通信業,,2026-09-29,835.0,3025.0,277895135.0,93345.0,125537500.0,True,True,True,True,True,True
6492.T,6492,岡野バルブ製造,Standard,機械,,2026-09-29,2623.0,15570.0,277239450.0,18585.0,225765000.0,True,True,True,True,True,True
6345.T,6345,アイチ　コーポレーション,Prime,機械,,2026-09-29,2623.0,1430.0,277010375.0,189090.0,261690000.0,True,True,True,True,True,True
6962.T,6962,大真空,Prime,電気機器,,2026-09-29,2623.0,857.0,276336380.0,347830.0,205337200.0,True,True,True,True,True,True
8715.T,8715,アニコム　ホールディングス,Prime,保険業,,2026-09-29,2623.0,1032.0,276129955.0,263430.0,284419200.0,True,True,True,True,True,True
4274.T,4274,細谷火工,Standard,化学,,2026-09-29,2623.0,1105.0,273581090.0,233740.0,49062000.0,True,True,True,True,True,True
3034.T,3034,クオールホールディングス,Prime,小売業,,2026-09-29,2623.0,2362.0,273138450.0,117040.0,236200000.0,True,True,True,True,True,True
8850.T,8850,スターツコーポレーション,Prime,不動産業,,2026-09-29,2623.0,4690.0,272341550.0,57680.0,375200000.0,True,True,True,True,True,True
5121.T,5121,藤倉コンポジット,Prime,ゴム製品,,2026-09-29,2623.0,2910.0,269925090.0,95780.0,397215000.0,True,True,True,True,True,True
6287.T,6287,サトー,Prime,機械,,2026-09-29,2623.0,2672.0,269651705.0,98660.0,290179200.0,True,True,True,True,True,True
1899.T,1899,福田組,Prime,建設業,,2026-09-29,2623.0,4720.0,269162000.0,57530.0,224672000.0,True,True,True,True,True,True
9672.T,9672,東京都競馬,Prime,サービス業,,2026-09-29,2623.0,4760.0,268397875.0,54650.0,318920000.0,True,True,True,True,True,True
2664.T,2664,カワチ薬品,Prime,小売業,,2026-09-29,2623.0,3730.0,268103575.0,72325.0,205150000.0,True,True,True,True,True,True
7279.T,7279,ハイレックスコーポレーション,Standard,輸送用機器,,2026-09-29,2623.0,2431.0,265922825.0,103940.0,139539400.0,True,True,True,True,True,True
5410.T,5410,合同製鐵,Prime,鉄鋼,,2026-09-29,2623.0,2887.0,265239040.0,86650.0,333159800.0,True,True,True,True,True,True
7593.T,7593,ＶＴホールディングス,Prime,小売業,,2026-09-29,2623.0,509.0,264615310.0,503515.0,338128700.0,True,True,True,True,True,True
6844.T,6844,新電元工業,Prime,電気機器,,2026-09-29,2623.0,3045.0,263665515.0,87560.0,186049500.0,True,True,True,True,True,True
8276.T,8276,平和堂,Prime,小売業,,2026-09-29,2623.0,2603.0,263338025.0,98295.0,273835600.0,True,True,True,True,True,True
4008.T,4008,住友精化,Prime,化学,,2026-09-29,2623.0,1461.0,263299330.0,176880.0,289424100.0,True,True,True,True,True,True
1975.T,1975,朝日工業社,Prime,建設業,,2026-09-29,2623.0,3825.0,263139175.0,67430.0,218790000.0,True,True,True,True,True,True
4547.T,4547,キッセイ薬品工業,Prime,医薬品,,2026-09-29,2623.0,3735.0,262511625.0,65965.0,427657500.0,True,True,True,True,True,True
8558.T,8558,東和銀行,Prime,銀行業,,2026-09-29,2623.0,1560.0,261527045.0,173815.0,274092000.0,True,True,True,True,True,True
8624.T,8624,いちよし証券,Prime,証券、商品先物取引業,,2026-09-29,2623.0,1625.0,260872450.0,153185.0,307612500.0,True,True,True,True,True,True
9902.T,9902,日伝,Prime,卸売業,,2026-09-29,2623.0,3235.0,260789075.0,81975.0,350027000.0,True,True,True,True,True,True
7595.T,7595,アルゴグラフィックス,Prime,情報・通信業,,2026-09-29,2623.0,1232.0,260601045.0,202510.0,296049600.0,True,True,True,True,True,True
6676.T,6676,ＢＵＦＦＡＬＯ,Standard,電気機器,,2026-09-29,2623.0,3450.0,259917800.0,78385.0,448155000.0,True,True,True,True,True,True
4418.T,4418,ＪＤＳＣ,Growth,情報・通信業,,2026-09-29,1166.0,1082.0,259877375.0,233765.0,96622600.0,True,True,True,True,True,True
8163.T,8163,ＳＲＳホールディングス,Prime,小売業,,2026-09-29,2623.0,1460.0,258545655.0,169755.0,706932000.0,True,True,True,True,True,True
7504.T,7504,高速,Prime,卸売業,,2026-09-29,2623.0,4440.0,258494000.0,56770.0,209568000.0,True,True,True,True,True,True
9267.T,9267,Ｇｅｎｋｙ　ＤｒｕｇＳｔｏｒｅｓ,Prime,小売業,,2026-09-29,2623.0,3415.0,258172900.0,73340.0,221633500.0,True,True,True,True,True,True
5563.T,5563,新日本電工,Prime,鉄鋼,,2026-09-29,2623.0,442.0,258020650.0,588860.0,425601800.0,True,True,True,True,True,True
6310.T,6310,井関農機,Prime,機械,,2026-09-29,2623.0,1919.0,257522280.0,132390.0,189981000.0,True,True,True,True,True,True
8011.T,8011,三陽商会,Prime,繊維製品,,2026-09-29,2623.0,1338.0,257302710.0,181420.0,151060200.0,True,True,True,True,True,True
6741.T,6741,日本信号,Prime,電気機器,,2026-09-29,2623.0,1773.0,256653210.0,141775.0,222334200.0,True,True,True,True,True,True
1814.T,1814,大末建設,Prime,建設業,,2026-09-29,2623.0,3525.0,256535750.0,71115.0,460012500.0,True,True,True,True,True,True
2929.T,2929,ファーマフーズ,Prime,食料品,,2026-09-29,2623.0,701.0,256534240.0,373180.0,169361600.0,True,True,True,True,True,True
1898.T,1898,世紀東急工業,Prime,建設業,,2026-09-29,2623.0,1434.0,256371005.0,172700.0,455581800.0,True,True,True,True,True,True
6237.T,6237,イワキポンプ,Prime,機械,,2026-09-29,2592.0,4060.0,256258100.0,64380.0,188790000.0,True,True,True,True,True,True
7280.T,7280,ミツバ,Prime,電気機器,,2026-09-29,2623.0,1347.0,256132065.0,191165.0,194641500.0,True,True,True,True,True,True
9025.T,9025,鴻池運輸,Prime,陸運業,,2026-09-29,2623.0,2833.0,256042285.0,88270.0,244487900.0,True,True,True,True,True,True
6638.T,6638,ミマキエンジニアリング,Prime,電気機器,,2026-09-29,2623.0,2151.0,255208015.0,126670.0,282856500.0,True,True,True,True,True,True
3193.T,3193,エターナルホスピタリティグループ,Prime,小売業,,2026-09-29,2623.0,1293.0,254512910.0,188345.0,218775600.0,True,True,True,True,True,True
2749.T,2749,ＪＰホールディングス,Prime,サービス業,,2026-09-29,2623.0,653.0,254242090.0,383165.0,794570400.0,True,True,True,True,True,True
7412.T,7412,アトム,Standard,小売業,,2026-09-29,2623.0,334.0,252150125.0,686930.0,280226000.0,True,True,True,True,True,True
6317.T,6317,北川鉄工所,Standard,機械,,2026-09-29,2623.0,2552.0,252064190.0,105580.0,242695200.0,True,True,True,True,True,True
5461.T,5461,中部鋼鈑,Prime,鉄鋼,,2026-09-29,916.0,2046.0,251619260.0,117335.0,335544000.0,True,True,True,True,True,True
8052.T,8052,椿本興業,Prime,卸売業,,2026-09-29,2623.0,2940.0,250564060.0,85545.0,416010000.0,True,True,True,True,True,True
3915.T,3915,テラスカイ,Prime,情報・通信業,,2026-09-29,2623.0,2203.0,250353375.0,106540.0,154870900.0,True,True,True,True,True,True
5302.T,5302,日本カーボン,Prime,ガラス・土石製品,,2026-09-29,2623.0,5050.0,250302275.0,49120.0,235835000.0,True,True,True,True,True,True
7856.T,7856,萩原工業,Prime,その他製品,,2026-09-29,2623.0,2058.0,249871110.0,125950.0,313021800.0,True,True,True,True,True,True
8200.T,8200,リンガーハット,Prime,小売業,,2026-09-29,2623.0,2261.0,249542445.0,107980.0,204846600.0,True,True,True,True,True,True
7970.T,7970,信越ポリマー,Prime,化学,,2026-09-29,2623.0,2355.0,248590135.0,110445.0,341946000.0,True,True,True,True,True,True
6088.T,6088,シグマクシス・ホールディングス,Prime,サービス業,,2026-09-29,2623.0,578.0,248467200.0,438770.0,228888000.0,True,True,True,True,True,True
2168.T,2168,パソナグループ,Prime,サービス業,,2026-09-29,2623.0,1538.0,248333195.0,153305.0,137958600.0,True,True,True,True,True,True
3539.T,3539,ＪＭホールディングス,Prime,小売業,,2026-09-29,2569.0,1447.0,248206745.0,174815.0,222403900.0,True,True,True,True,True,True
1939.T,1939,四電工,Prime,建設業,,2026-09-29,2623.0,2279.0,247957635.0,108260.0,183231600.0,True,True,True,True,True,True
4165.T,4165,プレイド,Growth,情報・通信業,,2026-09-29,1411.0,656.0,247838230.0,362200.0,155865600.0,True,True,True,True,True,True
4246.T,4246,ダイキョーニシカワ,Prime,化学,,2026-09-29,2623.0,1062.0,246798385.0,225210.0,225568800.0,True,True,True,True,True,True
9324.T,9324,安田倉庫,Prime,倉庫・運輸関連業,,2026-09-29,2623.0,2683.0,246508765.0,93680.0,182980600.0,True,True,True,True,True,True
7600.T,7600,日本エム・ディ・エム,Prime,精密機器,,2026-09-29,2623.0,637.0,245885070.0,367125.0,106187900.0,True,True,True,True,True,True
6785.T,6785,鈴木,Prime,電気機器,,2026-09-29,2623.0,3220.0,245062405.0,78940.0,170016000.0,True,True,True,True,True,True
6584.T,6584,三櫻工業,Prime,輸送用機器,,2026-09-29,2623.0,786.0,244419450.0,314425.0,170876400.0,True,True,True,True,True,True
7128.T,7128,フルサト・マルカホールディングス,Prime,卸売業,,2026-09-29,1220.0,2926.0,243207405.0,86705.0,352290400.0,True,True,True,True,True,True
9869.T,9869,加藤産業,Prime,卸売業,,2026-09-29,2623.0,6640.0,242994850.0,35955.0,284856000.0,True,True,True,True,True,True
6339.T,6339,新東工業,Prime,機械,,2026-09-29,2623.0,1167.0,241706800.0,203150.0,463999200.0,True,True,True,True,True,True
6859.T,6859,エスペック,Prime,電気機器,,2026-09-29,2623.0,3985.0,241017500.0,61450.0,174543000.0,True,True,True,True,True,True
9413.T,9413,テレビ東京ホールディングス,Prime,情報・通信業,,2026-09-29,2623.0,3275.0,240550200.0,70725.0,413632500.0,True,True,True,True,True,True
7745.T,7745,Ａ＆Ｄホロンホールディングス,Prime,精密機器,,2026-09-29,2623.0,2953.0,240469360.0,83845.0,281125600.0,True,True,True,True,True,True
6877.T,6877,ＯＢＡＲＡ　ＧＲＯＵＰ,Standard,電気機器,,2026-09-29,2623.0,5860.0,239054350.0,42455.0,348084000.0,True,True,True,True,True,True
9830.T,9830,トラスコ中山,Prime,卸売業,,2026-09-29,2623.0,2392.0,237168175.0,98600.0,301152800.0,True,True,True,True,True,True
4390.T,4390,ＩＰＳ,Prime,情報・通信業,,2026-09-29,2019.0,3960.0,236903225.0,57920.0,369468000.0,True,True,True,True,True,True
4109.T,4109,ステラ　ケミファ,Prime,化学,,2026-09-29,2623.0,5250.0,236734300.0,44425.0,173775000.0,True,True,True,True,True,True
2120.T,2120,ＬＩＦＵＬＬ,Prime,サービス業,,2026-09-29,2623.0,235.0,236728085.0,1012575.0,389277500.0,True,True,True,True,True,True
3441.T,3441,山王,Standard,金属製品,,2026-09-29,2623.0,1721.0,236060265.0,112475.0,137163700.0,True,True,True,True,True,True
4985.T,4985,アース製薬,Prime,化学,,2026-09-29,2623.0,4670.0,235941950.0,49570.0,191003000.0,True,True,True,True,True,True
6176.T,6176,ブランジスタ,Growth,サービス業,,2026-09-29,2623.0,982.0,235357955.0,218040.0,242063000.0,True,True,True,True,True,True
5027.T,5027,ＡｎｙＭｉｎｄ　Ｇｒｏｕｐ,Growth,情報・通信業,,2026-09-29,856.0,788.0,234852825.0,304845.0,151926400.0,True,True,True,True,True,True
4813.T,4813,ＡＣＣＥＳＳ,Prime,情報・通信業,,2026-09-29,2623.0,419.0,234493085.0,567815.0,172921300.0,True,True,True,True,True,True
150A.T,150A,ＪＳＨ,Growth,サービス業,,2026-09-29,613.0,714.0,234200100.0,304335.0,188710200.0,True,True,True,True,True,True
7821.T,7821,前田工繊,Prime,その他製品,,2026-09-29,2623.0,1919.0,234013225.0,118280.0,290152800.0,True,True,True,True,True,True
299A.T,299A,クラシル,Growth,サービス業,,2026-09-29,430.0,1176.0,233672555.0,183135.0,68560800.0,True,True,True,True,True,True
2004.T,2004,昭和産業,Prime,食料品,,2026-09-29,2623.0,3770.0,233142275.0,60220.0,281996000.0,True,True,True,True,True,True
5970.T,5970,ジーテクト,Prime,金属製品,,2026-09-29,2623.0,2215.0,232359355.0,103045.0,310321500.0,True,True,True,True,True,True
4499.T,4499,Ｓｐｅｅｅ,Standard,情報・通信業,,2026-09-29,1518.0,2166.0,232075180.0,99435.0,171980400.0,True,True,True,True,True,True
6463.T,6463,ＴＰＲ,Prime,機械,,2026-09-29,2623.0,1520.0,232064250.0,147195.0,246696000.0,True,True,True,True,True,True
6226.T,6226,守谷輸送機工業,Standard,機械,,2026-09-29,1108.0,2188.0,231349025.0,105630.0,107649600.0,True,True,True,True,True,True
6336.T,6336,石井表記,Standard,機械,,2026-09-29,2623.0,1468.0,230253470.0,148770.0,36993600.0,True,True,True,True,True,True
2705.T,2705,大戸屋ホールディングス,Standard,小売業,,2026-09-29,2623.0,8680.0,230155300.0,24965.0,244776000.0,True,True,True,True,True,True
8278.T,8278,フジ,Prime,小売業,,2026-09-29,2623.0,2012.0,229609860.0,111820.0,223332000.0,True,True,True,True,True,True
7779.T,7779,ＣＹＢＥＲＤＹＮＥ,Growth,精密機器,,2026-09-29,2623.0,237.0,229287180.0,1003845.0,144404100.0,True,True,True,True,True,True
6071.T,6071,ＩＢＪ,Prime,サービス業,,2026-09-29,2623.0,868.0,229282890.0,256020.0,173166000.0,True,True,True,True,True,True
8074.T,8074,ユアサ商事,Prime,卸売業,,2026-09-29,2623.0,6250.0,229269800.0,35700.0,299375000.0,True,True,True,True,True,True
2918.T,2918,わらべや日洋ホールディングス,Prime,食料品,,2026-09-29,2623.0,2685.0,228136435.0,82745.0,263667000.0,True,True,True,True,True,True
3632.T,3632,グリーホールディングス,Prime,情報・通信業,,2026-09-29,2623.0,423.0,227440010.0,542655.0,235653300.0,True,True,True,True,True,True
9543.T,9543,静岡ガス,Prime,電気・ガス業,,2026-09-29,2623.0,1311.0,227248425.0,168555.0,249745500.0,True,True,True,True,True,True
6145.T,6145,ＮＩＴＴＯＫＵ,Standard,機械,,2026-09-29,2623.0,2653.0,227093585.0,90235.0,167934900.0,True,True,True,True,True,True
255A.T,255A,ジーエルテクノホールディングス,Standard,精密機器,,2026-09-29,2623.0,5510.0,226740000.0,43965.0,126730000.0,True,True,True,True,True,True
5262.T,5262,日本ヒューム,Prime,ガラス・土石製品,,2026-09-29,2623.0,1100.0,223070015.0,195895.0,233090000.0,True,True,True,True,True,True
6309.T,6309,巴工業,Prime,機械,,2026-09-29,2623.0,1963.0,222937560.0,111035.0,269519900.0,True,True,True,True,True,True
5036.T,5036,日本ビジネスシステムズ,Prime,情報・通信業,,2026-09-29,1016.0,1554.0,222670605.0,141960.0,273193200.0,True,True,True,True,True,True
2170.T,2170,リンクアンドモチベーション,Prime,サービス業,,2026-09-29,2623.0,660.0,222585035.0,326030.0,269808000.0,True,True,True,True,True,True
5949.T,5949,ユニプレス,Prime,輸送用機器,,2026-09-29,2623.0,1286.0,222311945.0,168015.0,255785400.0,True,True,True,True,True,True
3148.T,3148,クリエイトＳＤホールディングス,Prime,小売業,,2026-09-29,2623.0,3255.0,222201125.0,66370.0,287742000.0,True,True,True,True,True,True
4552.T,4552,ＪＣＲファーマ,Prime,医薬品,,2026-09-29,2623.0,497.0,222104830.0,428270.0,277723600.0,True,True,True,True,True,True
9556.T,9556,ＩＮＴＬＯＯＰ,Growth,サービス業,,2026-09-29,1032.0,2267.0,221954705.0,98265.0,134433100.0,True,True,True,True,True,True
1871.T,1871,ピーエス・コンストラクション,Prime,建設業,,2026-09-29,2623.0,2121.0,221124870.0,100465.0,252823200.0,True,True,True,True,True,True
2109.T,2109,ＤＭ三井製糖,Prime,食料品,,2026-09-29,2623.0,3805.0,220591450.0,57860.0,243139500.0,True,True,True,True,True,True
3741.T,3741,セック,Prime,情報・通信業,,2026-09-29,2623.0,3190.0,220273475.0,67830.0,105908000.0,True,True,True,True,True,True
8157.T,8157,都築電気,Prime,情報・通信業,,2026-09-29,2623.0,4165.0,220060975.0,51985.0,413584500.0,True,True,True,True,True,True
277A.T,277A,グロービング,Growth,サービス業,,2026-09-29,444.0,1842.0,218704505.0,116945.0,172779600.0,True,True,True,True,True,True
7719.T,7719,東京衡機,Standard,精密機器,,2026-09-29,2623.0,508.0,218428635.0,413095.0,40944800.0,True,True,True,True,True,True
7239.T,7239,タチエス,Prime,輸送用機器,,2026-09-29,2623.0,2311.0,217741300.0,92670.0,317069200.0,True,True,True,True,True,True
4293.T,4293,セプテーニ・ホールディングス,Standard,サービス業,,2026-09-29,2623.0,504.0,216337440.0,420365.0,126151200.0,True,True,True,True,True,True
4694.T,4694,ビー・エム・エル,Prime,サービス業,,2026-09-29,2623.0,3625.0,215291650.0,59025.0,231637500.0,True,True,True,True,True,True
3679.T,3679,じげん,Prime,情報・通信業,,2026-09-29,2623.0,435.0,215120810.0,483470.0,452661000.0,True,True,True,True,True,True
6897.T,6897,ツインバード,Standard,電気機器,,2026-09-29,2623.0,603.0,214911465.0,315995.0,26532000.0,True,True,True,True,True,True
3482.T,3482,ロードスターキャピタル,Prime,不動産業,,2026-09-29,2213.0,2537.0,214792475.0,84050.0,293784600.0,True,True,True,True,True,True
2207.T,2207,ｍｅｉｔｏ,Prime,食料品,,2026-09-29,2623.0,3340.0,214764425.0,62120.0,410820000.0,True,True,True,True,True,True
8713.T,8713,フィデアホールディングス,Prime,銀行業,,2026-09-29,2623.0,2831.0,214735750.0,76405.0,231292700.0,True,True,True,True,True,True
2594.T,2594,キーコーヒー,Prime,食料品,,2026-09-29,2623.0,1976.0,214022075.0,106635.0,393619200.0,True,True,True,True,True,True
7480.T,7480,スズデン,Standard,卸売業,,2026-09-29,2623.0,3565.0,213881250.0,60995.0,311224500.0,True,True,True,True,True,True
3771.T,3771,システムリサーチ,Prime,情報・通信業,,2026-09-29,2623.0,1886.0,212649645.0,111475.0,293838800.0,True,True,True,True,True,True
5381.T,5381,マイポックス,Standard,ガラス・土石製品,,2026-09-29,2623.0,1003.0,212199290.0,217255.0,172716600.0,True,True,True,True,True,True
4343.T,4343,イオンファンタジー,Prime,サービス業,,2026-09-29,2623.0,2678.0,211756700.0,75950.0,189870200.0,True,True,True,True,True,True
2395.T,2395,新日本科学,Prime,サービス業,,2026-09-29,2623.0,1298.0,211748495.0,158045.0,208329000.0,True,True,True,True,True,True
8137.T,8137,サンワテクノス,Prime,卸売業,,2026-09-29,2623.0,4715.0,211441850.0,47695.0,207931500.0,True,True,True,True,True,True
2791.T,2791,大黒天物産,Prime,小売業,,2026-09-29,2623.0,4410.0,211223425.0,45640.0,179487000.0,True,True,True,True,True,True
4914.T,4914,高砂香料工業,Prime,化学,,2026-09-29,2623.0,1278.0,210984780.0,160715.0,222627600.0,True,True,True,True,True,True
4446.T,4446,Ｌｉｎｋ－Ｕグループ,Prime,情報・通信業,,2026-09-29,1756.0,710.0,210950840.0,274690.0,176151000.0,True,True,True,True,True,True
1822.T,1822,大豊建設,Standard,建設業,,2026-09-29,2623.0,821.0,210717765.0,253460.0,292686500.0,True,True,True,True,True,True
3668.T,3668,コロプラ,Prime,情報・通信業,,2026-09-29,2623.0,431.0,210265550.0,478795.0,292778300.0,True,True,True,True,True,True
2108.T,2108,日本甜菜製糖,Prime,食料品,,2026-09-29,2623.0,1769.0,209992581.10229492,118705.0,283747600.0,True,True,True,True,True,True
1813.T,1813,不動テトラ,Prime,建設業,,2026-09-29,2623.0,2915.0,209684145.0,71315.0,201426500.0,True,True,True,True,True,True
3475.T,3475,グッドコムアセット,Prime,不動産業,,2026-09-29,2415.0,1488.0,207808315.0,140200.0,436132800.0,True,True,True,True,True,True
8079.T,8079,正栄食品工業,Prime,卸売業,,2026-09-29,2623.0,4395.0,207801950.0,46625.0,374893500.0,True,True,True,True,True,True
9621.T,9621,建設技術研究所,Prime,サービス業,,2026-09-29,2623.0,3245.0,207749450.0,64265.0,212547500.0,True,True,True,True,True,True
6459.T,6459,大和冷機工業,Prime,機械,,2026-09-29,2623.0,1666.0,207741675.0,122815.0,138278000.0,True,True,True,True,True,True
6419.T,6419,マースグループホールディングス,Prime,機械,,2026-09-29,2623.0,3035.0,206089375.0,64915.0,396674500.0,True,True,True,True,True,True
5351.T,5351,品川リフラ,Prime,ガラス・土石製品,,2026-09-29,2623.0,2013.0,205795695.0,100305.0,360125700.0,True,True,True,True,True,True
8281.T,8281,ゼビオホールディングス,Prime,小売業,,2026-09-29,2623.0,1111.0,204918650.0,181300.0,366407800.0,True,True,True,True,True,True
9348.T,9348,ｉｓｐａｃｅ,Growth,サービス業,,2026-09-29,845.0,411.0,204734135.0,492815.0,128725200.0,True,True,True,True,True,True
6369.T,6369,トーヨーカネツ,Prime,機械,,2026-09-29,2623.0,2386.0,204423095.0,84580.0,269618000.0,True,True,True,True,True,True
4481.T,4481,ベース,Prime,情報・通信業,,2026-09-29,1655.0,3180.0,203246425.0,62055.0,284610000.0,True,True,True,True,True,True
5137.T,5137,スマートドライブ,Growth,情報・通信業,,2026-09-29,925.0,294.0,202732590.0,653880.0,73794000.0,True,True,True,True,True,True
9663.T,9663,ナガワ,Prime,サービス業,,2026-09-29,2623.0,4825.0,201413025.0,39900.0,291912500.0,True,True,True,True,True,True
2053.T,2053,中部飼料,Prime,食料品,,2026-09-29,2623.0,1986.0,201127840.0,98890.0,310809000.0,True,True,True,True,True,True
7130.T,7130,ヤマエグループホールディングス,Prime,卸売業,,2026-09-29,1220.0,2726.0,200657400.0,71260.0,340204800.0,True,True,True,True,True,True
9432.T,9432,ＮＴＴ,Prime,情報・通信業,,2026-09-29,2623.0,171.3000030517578,36613850581.59767,209998600.0,35737565916.674805,True,False,True,True,True,False
8729.T,8729,ソニーフィナンシャルグループ,Prime,保険業,,2026-09-29,243.0,156.8000030517578,9490980620.08751,58775735.0,8964083694.465637,True,False,False,True,True,False
6834.T,6834,精工技研,Standard,電気機器,,2026-09-29,2623.0,6180.0,4763075775.0,883370.0,3326694000.0,True,True,True,False,True,False
8377.T,8377,ほくほくフィナンシャルグループ,Prime,銀行業,,2026-09-29,2623.0,838.4000244140625,3844404785.6066895,1715320.0,7007095884.04541,True,True,True,False,True,False
4564.T,4564,オンコセラピー・サイエンス,Growth,医薬品,,2026-09-29,2623.0,21.0,3371326335.0,154130425.0,3064452300.0,True,False,True,True,True,False
8918.T,8918,ランド,Standard,不動産業,,2026-09-29,2623.0,10.0,3219134935.0,307752640.0,2681320000.0,True,False,True,True,True,False
7649.T,7649,スギホールディングス,Prime,小売業,,2026-09-29,2623.0,1238.0,3161733075.0,2460260.0,2068202800.0,True,True,True,False,True,False
429A.T,429A,テクセンドフォトマスク,Prime,その他製品,,2026-09-29,231.0,3870.0,2165140750.0,573920.0,1594440000.0,True,True,False,True,True,False
4597.T,4597,ソレイジア・ファーマ,Growth,医薬品,,2026-09-29,2343.0,30.0,1889431310.0,63956995.0,1550364000.0,True,False,True,True,True,False
6085.T,6085,アーキテクツ・スタジオ・ジャパン,Growth,サービス業,,2026-09-29,2623.0,101.0,1253901640.0,7289200.0,701374300.0,True,False,True,True,True,False
8283.T,8283,ＰＡＬＴＡＣ,Prime,卸売業,,2026-08-10,2591.0,6630.0,1133696995.0,171530.0,0.0,True,True,True,True,False,False
3664.T,3664,モブキャストホールディングス,Growth,情報・通信業,,2026-09-29,2623.0,23.0,911338450.0,36813910.0,805577300.0,True,False,True,True,True,False
5131.T,5131,リンカーズ,Growth,情報・通信業,,2026-09-29,959.0,160.0,841373745.0,4220225.0,131200000.0,True,False,True,True,True,False
3315.T,3315,日本コークス工業,Prime,石油・石炭製品,,2026-09-29,2623.0,95.0,769383135.0,7684860.0,1167103500.0,True,False,True,True,True,False
3480.T,3480,ジェイ・エス・ビー,Prime,不動産業,,2026-09-01,2245.0,8940.0,560454050.0,62865.0,387996000.0,True,True,True,True,False,False
6740.T,6740,ジャパンディスプレイ,Prime,電気機器,,2026-09-29,2623.0,50.0,483825050.0,9998765.0,385655000.0,True,False,True,True,True,False
2330.T,2330,フォーサイド,Standard,情報・通信業,,2026-09-29,2623.0,86.0,470687755.0,3986770.0,57439400.0,True,False,True,True,True,False
4598.T,4598,Ｄｅｌｔａ－Ｆｌｙ　Ｐｈａｒｍａ,Growth,医薬品,,2026-09-29,1942.0,114.0,435589605.0,3340185.0,66439200.0,True,False,True,True,True,False
7238.T,7238,曙ブレーキ工業,Prime,輸送用機器,,2026-09-29,2623.0,105.0,384601135.0,3623675.0,364602000.0,True,False,True,True,True,False
9900.T,9900,サガミホールディングス,Prime,小売業,,2026-09-29,2623.0,1069.0,377372725.0,338500.0,844296200.0,True,True,True,False,True,False
6619.T,6619,ダブル・スコープ,Prime,電気機器,,2026-09-29,2623.0,147.0,351947875.0,2279330.0,295014300.0,True,False,True,True,True,False
3656.T,3656,ＫＬａｂ,Prime,情報・通信業,,2026-09-29,2623.0,182.0,349934505.0,1919965.0,344289400.0,True,False,True,True,True,False
4583.T,4583,カイオム・バイオサイエンス,Growth,医薬品,,2026-09-29,2623.0,109.0,344860430.0,3413315.0,247299200.0,True,False,True,True,True,False
2315.T,2315,ＣＡＩＣＡ　ＤＩＧＩＴＡＬ,Standard,情報・通信業,,2026-09-29,2623.0,66.0,330763700.0,4922070.0,246226200.0,True,False,True,True,True,False
3823.T,3823,ＴＨＥ　ＷＨＹ　ＨＯＷ　ＤＯ　ＣＯＭＰＡＮＹ,Standard,情報・通信業,,2026-09-29,2623.0,39.0,284500510.0,5784710.0,26695500.0,True,False,True,True,True,False
1783.T,1783,ｆａｎｔａｓｉｓｔａ,Standard,不動産業,,2026-09-29,2623.0,71.0,278182905.0,3893000.0,146593700.0,True,False,True,True,True,False
4935.T,4935,リベルタ,Standard,化学,,2026-09-29,1412.0,193.0,278171020.0,1504755.0,578421000.0,True,False,True,True,True,False
421A.T,421A,ムービン・ストラテジック・キャリア,Growth,サービス業,,2026-09-29,238.0,3940.0,265809850.0,67630.0,96530000.0,True,True,False,True,True,False
3856.T,3856,Ａｂａｌａｎｃｅ,Standard,電気機器,,2026-09-25,2621.0,199.0,242094400.0,1055910.0,175319000.0,True,False,True,True,True,False
9424.T,9424,日本通信,Prime,情報・通信業,,2026-09-29,2623.0,117.0,240688140.0,2028750.0,253480500.0,True,False,True,True,True,False
2321.T,2321,ソフトフロントホールディングス,Growth,情報・通信業,,2026-09-29,2623.0,142.0,224008545.0,1228635.0,20533200.0,True,False,True,True,True,False
8789.T,8789,フィンテック　グローバル,Standard,その他金融業,,2026-09-29,2623.0,153.0,213090475.0,1312175.0,281443500.0,True,False,True,True,True,False
4116.T,4116,大日精化工業,Prime,化学,,2026-09-29,2623.0,1315.0,199742810.0,149655.0,230125000.0,False,True,True,True,True,False
409A.T,409A,オリオンビール,Prime,食料品,,2026-09-29,245.0,1127.0,199557955.0,171105.0,264732300.0,False,True,False,True,True,False
6081.T,6081,アライドアーキテクツ,Growth,サービス業,,2026-09-29,2623.0,141.0,199243625.0,1252480.0,14382000.0,False,False,True,True,True,False
3696.T,3696,セレス,Prime,情報・通信業,,2026-09-29,2623.0,2140.0,199173905.0,91430.0,168632000.0,False,True,True,True,True,False
8185.T,8185,チヨダ,Prime,小売業,,2026-09-29,2623.0,990.0,197084160.0,198440.0,158994000.0,False,True,True,True,True,False
1938.T,1938,日本リーテック,Prime,建設業,,2026-09-29,2623.0,2541.0,196657055.0,76565.0,231231000.0,False,True,True,True,True,False
3652.T,3652,ディジタルメディアプロフェッショナル,Growth,情報・通信業,,2026-09-29,2623.0,3000.0,196370100.0,69420.0,96300000.0,False,True,True,True,True,False
2742.T,2742,ハローズ,Prime,小売業,,2026-09-29,2623.0,3740.0,196125300.0,49055.0,172788000.0,False,True,True,True,True,False
5943.T,5943,ノーリツ,Prime,金属製品,,2026-09-29,2623.0,2203.0,195588205.0,85375.0,169631000.0,False,True,True,True,True,False
4051.T,4051,ＧＭＯフィナンシャルゲート,Prime,情報・通信業,,2026-09-29,1514.0,5980.0,194250050.0,31890.0,142324000.0,False,True,True,True,True,False
4221.T,4221,大倉工業,Prime,化学,,2026-09-29,2623.0,5550.0,193558300.0,34670.0,187590000.0,False,True,True,True,True,False
8084.T,8084,ＲＹＯＤＥＮ,Prime,卸売業,,2026-09-29,2623.0,2346.0,192729695.0,80580.0,223808400.0,False,True,True,True,True,False
5930.T,5930,文化シヤッター,Prime,金属製品,,2026-09-29,2623.0,1848.0,192578380.0,101395.0,248740800.0,False,True,True,True,True,False
3232.T,3232,三重交通グループホールディングス,Prime,不動産業,,2026-09-29,2623.0,573.0,192169330.0,317820.0,359557500.0,False,True,True,True,True,False
8141.T,8141,新光商事,Prime,卸売業,,2026-09-29,2623.0,1571.0,191564690.0,122270.0,60012200.0,False,True,True,True,True,False
6659.T,6659,メディアリンクス,Standard,電気機器,,2026-09-29,2623.0,42.0,191264925.0,3922465.0,121892400.0,False,False,True,True,True,False
5989.T,5989,エイチワン,Prime,金属製品,,2026-09-29,2623.0,1443.0,190911130.0,129190.0,241991100.0,False,True,True,True,True,False
6517.T,6517,デンヨー,Prime,電気機器,,2026-09-29,2623.0,3975.0,190604425.0,47145.0,153832500.0,False,True,True,True,True,False
6817.T,6817,スミダコーポレーション,Prime,電気機器,,2026-09-29,2623.0,1225.0,190497105.0,157690.0,120662500.0,False,True,True,True,True,False
3636.T,3636,三菱総合研究所,Prime,情報・通信業,,2026-09-29,2623.0,4850.0,190439650.0,38355.0,184785000.0,False,True,True,True,True,False
9037.T,9037,ハマキョウレックス,Prime,陸運業,,2026-09-29,2623.0,1812.0,189715960.0,103240.0,181562400.0,False,True,True,True,True,False
7818.T,7818,トランザクション,Prime,その他製品,,2026-09-29,2623.0,1203.0,189411000.0,159010.0,119698500.0,False,True,True,True,True,False
9974.T,9974,ベルク,Prime,小売業,,2026-09-29,2623.0,6640.0,188977200.0,27595.0,192560000.0,False,True,True,True,True,False
3903.T,3903,ｇｕｍｉ,Prime,情報・通信業,,2026-09-29,2623.0,202.0,188578505.0,841490.0,83082600.0,False,True,True,True,True,False
3091.T,3091,ブロンコビリー,Prime,小売業,,2026-09-29,2623.0,2836.0,188111575.0,66475.0,209580400.0,False,True,True,True,True,False
2931.T,2931,ユーグレナ,Prime,食料品,,2026-09-29,2623.0,345.0,188049390.0,540655.0,169671000.0,False,True,True,True,True,False
9517.T,9517,イーレックス,Prime,電気・ガス業,,2026-09-29,2623.0,808.0,186318225.0,221530.0,330229600.0,False,True,True,True,True,False
9068.T,9068,丸全昭和運輸,Prime,陸運業,,2026-09-29,2623.0,3570.0,186137800.0,51060.0,218484000.0,False,True,True,True,True,False
1514.T,1514,住石ホールディングス,Standard,鉱業,,2026-09-29,2623.0,633.0,186072095.0,284075.0,136791300.0,False,True,True,True,True,False
1379.T,1379,ホクト,Prime,水産・農林業,,2026-09-29,2623.0,2036.0,185953000.0,87640.0,176928400.0,False,True,True,True,True,False
7990.T,7990,グローブライド,Prime,その他製品,,2026-09-29,2623.0,2370.0,185873695.0,76715.0,198606000.0,False,True,True,True,True,False
1762.T,1762,高松コンストラクショングループ,Prime,建設業,,2026-09-29,2623.0,4050.0,185121000.0,44295.0,214650000.0,False,True,True,True,True,False
5136.T,5136,ｔｒｉｐｌａ,Growth,情報・通信業,,2026-09-29,939.0,2445.0,183449925.0,82245.0,199512000.0,False,True,True,True,True,False
4570.T,4570,免疫生物研究所,Growth,医薬品,,2026-09-29,2623.0,1155.0,183401915.0,160725.0,83968500.0,False,True,True,True,True,False
6378.T,6378,木村化工機,Standard,機械,,2026-09-29,2623.0,1169.0,183082730.0,154505.0,82414500.0,False,True,True,True,True,False
5445.T,5445,東京鐵鋼,Prime,鉄鋼,,2026-09-29,2623.0,2001.0,182444430.0,88870.0,207503700.0,False,True,True,True,True,False
7943.T,7943,ニチハ,Prime,ガラス・土石製品,,2026-09-29,2623.0,2916.0,182154590.0,60330.0,230364000.0,False,True,True,True,True,False
3496.T,3496,アズーム,Prime,不動産業,,2026-09-29,1958.0,4705.0,181845500.0,37845.0,144443500.0,False,True,True,True,True,False
7354.T,7354,ダイレクトマーケティングミックス,Prime,サービス業,,2026-09-29,1463.0,365.0,181569510.0,464275.0,78438500.0,False,True,True,True,True,False
6616.T,6616,トレックス・セミコンダクター,Prime,電気機器,,2026-09-29,2623.0,1929.0,181486265.0,95510.0,137151900.0,False,True,True,True,True,False
4238.T,4238,ミライアル,Standard,化学,,2026-09-29,2623.0,1958.0,181060125.0,95800.0,95354600.0,False,True,True,True,True,False
4436.T,4436,ミンカブ・ジ・インフォノイド,Growth,情報・通信業,,2026-09-29,1835.0,704.0,180976605.0,263265.0,615788800.0,False,True,True,True,True,False
7942.T,7942,ＪＳＰ,Prime,化学,,2026-09-29,2623.0,2984.0,180600535.0,60415.0,208880000.0,False,True,True,True,True,False
2613.T,2613,Ｊ－オイルミルズ,Prime,食料品,,2026-09-29,2623.0,2236.0,180317965.0,78965.0,193637600.0,False,True,True,True,True,False
7522.T,7522,ワタミ,Prime,小売業,,2026-09-29,2623.0,885.0,179773110.0,197690.0,354619500.0,False,True,True,True,True,False
2301.T,2301,学情,Prime,サービス業,,2026-09-29,2623.0,1754.0,178733965.0,103445.0,210655400.0,False,True,True,True,True,False
6194.T,6194,アトラエ,Prime,サービス業,,2026-09-29,2534.0,913.0,177871095.0,203020.0,559851600.0,False,True,True,True,True,False
7868.T,7868,広済堂ホールディングス,Prime,その他製品,,2026-09-29,2623.0,536.0,177362725.0,329400.0,91388000.0,False,True,True,True,True,False
3853.T,3853,アステリア,Prime,情報・通信業,,2026-09-29,2623.0,1069.0,177243460.0,158630.0,176705700.0,False,True,True,True,True,False
3850.T,3850,エヌ・ティ・ティ・データ・イントラマート,Standard,情報・通信業,,2026-09-29,2623.0,4040.0,176622325.0,46345.0,119584000.0,False,True,True,True,True,False
3817.T,3817,ＳＲＡホールディングス,Prime,情報・通信業,,2026-09-29,2623.0,4720.0,176539700.0,36625.0,236472000.0,False,True,True,True,True,False
6455.T,6455,モリタホールディングス,Prime,輸送用機器,,2026-09-29,2623.0,2459.0,175985400.0,70465.0,216883800.0,False,True,True,True,True,False
8131.T,8131,ミツウロコグループホールディングス,Standard,卸売業,,2026-09-29,2623.0,2464.0,175936315.0,71775.0,135027200.0,False,True,True,True,True,False
146A.T,146A,コロンビア・ワークス,Standard,不動産業,,2026-09-29,612.0,3645.0,175821425.0,48825.0,57226500.0,False,True,True,True,True,False
3299.T,3299,ムゲンエステート,Standard,不動産業,,2026-09-29,2623.0,1711.0,175150875.0,102320.0,135511200.0,False,True,True,True,True,False
7409.T,7409,ＡｅｒｏＥｄｇｅ,Growth,輸送用機器,,2026-09-29,789.0,1426.0,175084615.0,117365.0,161423200.0,False,True,True,True,True,False
6351.T,6351,鶴見製作所,Prime,機械,,2026-09-29,2623.0,2608.0,174890315.0,67980.0,192992000.0,False,True,True,True,True,False
3028.T,3028,アルペン,Prime,小売業,,2026-09-29,2623.0,2336.0,174796490.0,75110.0,196224000.0,False,True,True,True,True,False
6535.T,6535,アイモバイル,Prime,サービス業,,2026-09-29,2443.0,497.0,173829345.0,345660.0,104519100.0,False,True,True,True,True,False
7231.T,7231,トピー工業,Prime,輸送用機器,,2026-09-29,2623.0,3065.0,173355475.0,55910.0,134247000.0,False,True,True,True,True,False
4882.T,4882,ペルセウスプロテオミクス,Growth,医薬品,,2026-09-29,1288.0,164.0,173168640.0,1051210.0,38359600.0,False,False,True,True,True,False
4554.T,4554,富士製薬工業,Prime,医薬品,,2026-09-29,2623.0,1765.0,172619700.0,96345.0,178441500.0,False,True,True,True,True,False
7138.T,7138,ＴＯＲＩＣＯ,Growth,小売業,,2026-09-29,1105.0,144.0,171321930.0,1072140.0,77342400.0,False,False,True,True,True,False
3865.T,3865,北越コーポレーション,Prime,パルプ・紙,,2026-09-29,2623.0,877.0,171040585.0,188650.0,218022200.0,False,True,True,True,True,False
7483.T,7483,ドウシシャ,Prime,卸売業,,2026-09-29,2623.0,3015.0,170238575.0,55485.0,143815500.0,False,True,True,True,True,False
3810.T,3810,サイバーステップ,Standard,情報・通信業,,2026-09-29,2623.0,179.0,169473145.0,933800.0,57226300.0,False,False,True,True,True,False
8892.T,8892,エスコン,Prime,不動産業,,2026-09-29,2623.0,1083.0,169076330.0,152650.0,174796200.0,False,True,True,True,True,False
6918.T,6918,アバールデータ,Standard,電気機器,,2026-09-29,2623.0,4185.0,169039025.0,45535.0,232267500.0,False,True,True,True,True,False
8008.T,8008,ヨンドシーホールディングス,Prime,小売業,,2026-09-29,2623.0,2074.0,168255560.0,79815.0,149950200.0,False,True,True,True,True,False
1436.T,1436,グリーンエナジー＆カンパニー,Growth,建設業,,2026-09-29,2596.0,1939.0,167946610.0,94905.0,214065600.0,False,True,True,True,True,False
3864.T,3864,三菱製紙,Prime,パルプ・紙,,2026-09-29,2623.0,1217.0,167658115.0,139930.0,164173300.0,False,True,True,True,True,False
4833.T,4833,Ｄｅｆ　ｃｏｎｓｕｌｔｉｎｇ,Growth,サービス業,,2026-09-29,2623.0,57.0,167325365.0,2974570.0,69517200.0,False,False,True,True,True,False
7256.T,7256,河西工業,Standard,輸送用機器,,2026-09-29,2623.0,563.0,167298435.0,334055.0,390778300.0,False,True,True,True,True,False
3962.T,3962,チェンジホールディングス,Prime,情報・通信業,,2026-09-29,2463.0,989.0,167200905.0,167295.0,167338800.0,False,True,True,True,True,False
2385.T,2385,総医研ホールディングス,Growth,サービス業,,2026-09-29,2623.0,216.0,166894290.0,698310.0,52444800.0,False,True,True,True,True,False
2734.T,2734,サーラコーポレーション,Prime,小売業,,2026-09-29,2623.0,1200.0,166775655.0,136055.0,150360000.0,False,True,True,True,True,False
9708.T,9708,帝国ホテル,Standard,サービス業,,2026-09-29,2623.0,941.0,166684390.0,173140.0,157147000.0,False,True,True,True,True,False
9755.T,9755,応用地質,Prime,サービス業,,2026-09-29,2623.0,2801.0,165759480.0,58550.0,209514800.0,False,True,True,True,True,False
4599.T,4599,ステムリム,Growth,医薬品,,2026-09-29,1740.0,166.0,165743205.0,792680.0,99334400.0,False,False,True,True,True,False
5122.T,5122,オカモト,Prime,ゴム製品,,2026-09-29,2623.0,6180.0,165616150.0,26370.0,133488000.0,False,True,True,True,True,False
4828.T,4828,ビジネスエンジニアリング,Prime,情報・通信業,,2026-09-29,2623.0,1349.0,164704360.0,117390.0,96453500.0,False,True,True,True,True,False
6418.T,6418,日本金銭機械,Prime,機械,,2026-09-29,2623.0,1238.0,164592285.0,132290.0,156607000.0,False,True,True,True,True,False
8075.T,8075,神鋼商事,Prime,卸売業,,2026-09-29,2623.0,3135.0,164042725.0,52325.0,221958000.0,False,True,True,True,True,False
7366.T,7366,ＬＩＴＡＬＩＣＯ,Prime,サービス業,,2026-09-29,1342.0,1902.0,163621950.0,88390.0,122869200.0,False,True,True,True,True,False
6328.T,6328,荏原実業,Prime,機械,,2026-09-29,2623.0,2435.0,163452270.0,68725.0,263223500.0,False,True,True,True,True,False
4765.T,4765,ＳＢＩグローバルアセットマネジメント,Prime,サービス業,,2026-09-29,2623.0,616.0,163087275.0,258460.0,146423200.0,False,True,True,True,True,False
3333.T,3333,あさひ,Prime,小売業,,2026-09-29,2623.0,1274.0,161297280.0,124465.0,233269400.0,False,True,True,True,True,False
8871.T,8871,ゴールドクレスト,Standard,不動産業,,2026-09-29,2623.0,3085.0,161243675.0,50140.0,215333000.0,False,True,True,True,True,False
9474.T,9474,ゼンリン,Prime,情報・通信業,,2026-09-29,2623.0,895.0,160598485.0,174675.0,187592000.0,False,True,True,True,True,False
5011.T,5011,ニチレキグループ,Prime,石油・石炭製品,,2026-09-29,2623.0,2262.0,160508440.0,69840.0,268725600.0,False,True,True,True,True,False
5195.T,5195,バンドー化学,Prime,ゴム製品,,2026-09-29,2623.0,2486.0,160343130.0,65095.0,159849800.0,False,True,True,True,True,False
3302.T,3302,帝国繊維,Prime,繊維製品,,2026-09-29,2623.0,3080.0,160055625.0,51495.0,168784000.0,False,True,True,True,True,False
5129.T,5129,ＦＩＸＥＲ,Growth,情報・通信業,,2026-09-29,972.0,250.0,159712070.0,443710.0,17375000.0,False,True,True,True,True,False
194A.T,194A,ＷＯＬＶＥＳ　ＨＡＮＤ,Growth,サービス業,,2026-09-29,554.0,1700.0,159489315.0,90090.0,29240000.0,False,True,True,True,True,False
6298.T,6298,ワイエイシイホールディングス,Prime,機械,,2026-09-29,2623.0,1236.0,159082540.0,123815.0,79598400.0,False,True,True,True,True,False
6364.T,6364,ＡＩＲＭＡＮ,Prime,機械,,2026-09-29,2623.0,2497.0,158632220.0,62785.0,133589500.0,False,True,True,True,True,False
1301.T,1301,極洋,Prime,水産・農林業,,2026-09-29,2623.0,4600.0,158546500.0,33870.0,155020000.0,False,True,True,True,True,False
8103.T,8103,明和産業,Prime,卸売業,,2026-09-29,2623.0,987.0,158455780.0,160845.0,153577200.0,False,True,True,True,True,False
6809.T,6809,ＴＯＡ,Prime,電気機器,,2026-09-29,2623.0,1717.0,157524310.0,89960.0,178739700.0,False,True,True,True,True,False
7510.T,7510,たけびし,Prime,卸売業,,2026-09-29,2623.0,2823.0,157356505.0,56755.0,241931100.0,False,True,True,True,True,False
4377.T,4377,ワンキャリア,Growth,情報・通信業,,2026-09-29,1216.0,2317.0,157333195.0,65525.0,116081700.0,False,True,True,True,True,False
4212.T,4212,積水樹脂,Prime,化学,,2026-09-29,2623.0,2904.0,156899930.0,53220.0,156816000.0,False,True,True,True,True,False
7447.T,7447,ナガイレーベン,Prime,卸売業,,2026-09-29,2623.0,1639.0,156658175.0,93505.0,130136600.0,False,True,True,True,True,False
4714.T,4714,リソー教育グループ,Prime,サービス業,,2026-09-29,2623.0,208.0,156526215.0,743405.0,219044800.0,False,True,True,True,True,False
6240.T,6240,ヤマシンフィルタ,Prime,機械,,2026-09-29,2623.0,516.0,156515915.0,297410.0,213056400.0,False,True,True,True,True,False
9414.T,9414,日本ＢＳ放送,Standard,情報・通信業,,2026-09-29,2623.0,962.0,156170490.0,157610.0,80134600.0,False,True,True,True,True,False
4743.T,4743,アイティフォー,Prime,情報・通信業,,2026-09-29,2623.0,1610.0,155672435.0,94985.0,138299000.0,False,True,True,True,True,False
4888.T,4888,ステラファーマ,Growth,医薬品,,2026-09-29,1327.0,415.0,155358540.0,384000.0,98811500.0,False,True,True,True,True,False
3561.T,3561,力の源ホールディングス,Prime,小売業,,2026-09-29,2346.0,1449.0,155046600.0,102735.0,292698000.0,False,True,True,True,True,False
2060.T,2060,フィード・ワン,Prime,食料品,,2026-09-29,2623.0,1436.0,154733195.0,106165.0,155662400.0,False,True,True,True,True,False
6238.T,6238,フリュー,Prime,機械,,2026-09-29,2623.0,1429.0,154505860.0,107845.0,171337100.0,False,True,True,True,True,False
6125.T,6125,岡本工作機械製作所,Standard,機械,,2026-09-29,2623.0,4870.0,154216125.0,32850.0,77433000.0,False,True,True,True,True,False
5218.T,5218,オハラ,Standard,ガラス・土石製品,,2026-09-29,2623.0,1676.0,153775395.0,94520.0,110616000.0,False,True,True,True,True,False
1786.T,1786,オリエンタル白石,Prime,建設業,,2026-09-29,1342.0,339.0,153453065.0,434335.0,178551300.0,False,True,True,True,True,False
7965.T,7965,象印マホービン,Prime,電気機器,,2026-09-29,2623.0,1446.0,153399240.0,105070.0,190872000.0,False,True,True,True,True,False
6420.T,6420,ガリレイ,Prime,機械,,2026-09-29,2623.0,3475.0,153299700.0,43870.0,162282500.0,False,True,True,True,True,False
6993.T,6993,大黒屋ホールディングス,Standard,小売業,,2026-09-29,2623.0,91.0,152667355.0,1720190.0,373072700.0,False,False,True,True,True,False
5981.T,5981,東京製綱,Prime,金属製品,,2026-09-29,2623.0,1860.0,152545845.0,81070.0,132990000.0,False,True,True,True,True,False
8159.T,8159,立花エレテック,Prime,卸売業,,2026-09-29,2623.0,4310.0,152512425.0,36730.0,137920000.0,False,True,True,True,True,False
8150.T,8150,三信電気,Prime,卸売業,,2026-09-29,2623.0,3300.0,152029125.0,46055.0,144210000.0,False,True,True,True,True,False
7917.T,7917,ＺＡＣＲＯＳ,Prime,化学,,2026-09-29,2623.0,1225.0,151964410.0,121595.0,177502500.0,False,True,True,True,True,False
7979.T,7979,松風,Prime,精密機器,,2026-09-29,2623.0,2215.0,151931405.0,67365.0,165682000.0,False,True,True,True,True,False
9946.T,9946,ミニストップ,Prime,小売業,,2026-09-29,2623.0,1787.0,151806505.0,84845.0,66833800.0,False,True,True,True,True,False
3179.T,3179,シュッピン,Prime,小売業,,2026-09-29,2623.0,1335.0,151461060.0,122970.0,313458000.0,False,True,True,True,True,False
4718.T,4718,早稲田アカデミー,Prime,サービス業,,2026-09-29,2623.0,2492.0,151380785.0,60270.0,548987600.0,False,True,True,True,True,False
153A.T,153A,カウリス,Growth,情報・通信業,,2026-09-29,611.0,1720.0,150897335.0,94760.0,43000000.0,False,True,True,True,True,False
6653.T,6653,正興電機製作所,Prime,電気機器,,2026-09-29,2170.0,2084.0,150507705.0,70780.0,92529600.0,False,True,True,True,True,False
6231.T,6231,木村工機,Standard,機械,,2026-09-29,1598.0,12500.0,150234050.0,12405.0,155000000.0,False,True,True,True,True,False
9211.T,9211,エフ・コード,Growth,サービス業,,2026-09-29,1161.0,1454.0,150007315.0,101835.0,242818000.0,False,True,True,True,True,False
5142.T,5142,アキレス,Prime,化学,,2026-09-29,2623.0,1885.0,149940075.0,81760.0,130065000.0,False,True,True,True,True,False
6469.T,6469,放電精密加工研究所,Standard,機械,,2026-09-29,2623.0,2864.0,149689710.0,53355.0,97089600.0,False,True,True,True,True,False
1976.T,1976,明星工業,Prime,建設業,,2026-09-29,2623.0,1713.0,149582230.0,87010.0,209671200.0,False,True,True,True,True,False
6769.T,6769,ザインエレクトロニクス,Standard,電気機器,,2026-09-29,2623.0,1287.0,149416355.0,125965.0,61518600.0,False,True,True,True,True,False
367A.T,367A,プリモグローバルホールディングス,Standard,小売業,,2026-09-29,308.0,2877.0,148974745.0,51795.0,74802000.0,False,True,True,True,True,False
8877.T,8877,エスリード,Prime,不動産業,,2026-09-29,2623.0,5080.0,148707450.0,28515.0,279400000.0,False,True,True,True,True,False
4228.T,4228,積水化成品工業,Prime,化学,,2026-09-29,2623.0,613.0,148592495.0,247920.0,92317800.0,False,True,True,True,True,False
6381.T,6381,アネスト岩田,Prime,機械,,2026-09-29,2623.0,1879.0,148134330.0,76415.0,153890100.0,False,True,True,True,True,False
7421.T,7421,カッパ・クリエイト,Prime,小売業,,2026-09-29,2623.0,1553.0,147401640.0,91350.0,416825200.0,False,True,True,True,True,False
7949.T,7949,小松ウオール工業,Prime,その他製品,,2026-09-29,2623.0,2744.0,147077840.0,52205.0,253545600.0,False,True,True,True,True,False
7537.T,7537,丸文,Prime,卸売業,,2026-09-29,2623.0,1878.0,147009430.0,80205.0,172776000.0,False,True,True,True,True,False
3558.T,3558,ジェイドグループ,Growth,小売業,,2026-09-29,2356.0,1856.0,146737270.0,79440.0,99481600.0,False,True,True,True,True,False
2410.T,2410,キャリアデザインセンター,Prime,サービス業,,2026-09-29,2623.0,2669.0,146332520.0,51630.0,407823200.0,False,True,True,True,True,False
4344.T,4344,ソースネクスト,Prime,情報・通信業,,2026-09-29,2623.0,102.0,145809540.0,1351265.0,203408400.0,False,False,True,True,True,False
2674.T,2674,ハードオフコーポレーション,Prime,小売業,,2026-09-29,2623.0,2559.0,145226700.0,55725.0,93403500.0,False,True,True,True,True,False
3968.T,3968,セグエグループ,Prime,情報・通信業,,2026-09-29,2405.0,658.0,145013605.0,223835.0,96265400.0,False,True,True,True,True,False
6222.T,6222,島精機製作所,Prime,機械,,2026-09-29,2623.0,913.0,144315675.0,153505.0,169909300.0,False,True,True,True,True,False
3182.T,3182,オイシックス・ラ・大地,Prime,小売業,,2026-09-29,2623.0,1624.0,144145435.0,88095.0,183674400.0,False,True,True,True,True,False
5821.T,5821,平河ヒューテック,Prime,非鉄金属,,2026-09-29,2623.0,3100.0,143499750.0,45880.0,135470000.0,False,True,True,True,True,False
8014.T,8014,蝶理,Prime,卸売業,,2026-09-29,2623.0,4130.0,143085500.0,33665.0,130508000.0,False,True,True,True,True,False
3371.T,3371,ソフトクリエイトホールディングス,Prime,情報・通信業,,2026-09-29,2623.0,2170.0,143084200.0,66380.0,196168000.0,False,True,True,True,True,False
3201.T,3201,日本毛織,Prime,繊維製品,,2026-09-29,2623.0,1953.0,142990265.0,72075.0,182019600.0,False,True,True,True,True,False
7760.T,7760,ＩＭＶ,Standard,精密機器,,2026-09-29,2623.0,2070.0,142798770.0,69675.0,132480000.0,False,True,True,True,True,False
8746.T,8746,ｕｎｂａｎｋｅｄ,Standard,証券、商品先物取引業,,2026-09-29,2623.0,99.0,142506055.0,1056005.0,17572500.0,False,False,True,True,True,False
3984.T,3984,ユーザーローカル,Prime,情報・通信業,,2026-09-29,2339.0,1554.0,142429220.0,92155.0,54856200.0,False,True,True,True,True,False
5885.T,5885,ジーデップ・アドバンス,Standard,卸売業,,2026-09-29,792.0,3070.0,141754125.0,42835.0,76443000.0,False,True,True,True,True,False
3221.T,3221,ヨシックスホールディングス,Prime,小売業,,2026-09-29,2623.0,3070.0,141712650.0,44450.0,338314000.0,False,True,True,True,True,False
8167.T,8167,リテールパートナーズ,Prime,小売業,,2026-09-29,2623.0,1417.0,140936700.0,99970.0,101315500.0,False,True,True,True,True,False
4931.T,4931,新日本製薬,Prime,化学,,2026-09-29,1770.0,1978.0,139683080.0,68100.0,358611400.0,False,True,True,True,True,False
8081.T,8081,カナデン,Prime,卸売業,,2026-09-29,2623.0,2594.0,139601940.0,54400.0,172241600.0,False,True,True,True,True,False
6928.T,6928,エノモト,Prime,電気機器,,2026-09-29,2623.0,3155.0,139006840.0,46275.0,111687000.0,False,True,True,True,True,False
9227.T,9227,マイクロ波化学,Growth,サービス業,,2026-09-29,1042.0,816.0,136448395.0,160795.0,180417600.0,False,True,True,True,True,False
7318.T,7318,セレンディップ・ホールディングス,Growth,輸送用機器,,2026-09-29,1286.0,1338.0,136345625.0,100215.0,118279200.0,False,True,True,True,True,False
3950.T,3950,ザ・パック,Prime,パルプ・紙,,2026-09-29,2623.0,1435.0,136268935.0,92605.0,159572000.0,False,True,True,True,True,False
7860.T,7860,エイベックス,Prime,情報・通信業,,2026-09-29,2623.0,1226.0,136229015.0,107555.0,152146600.0,False,True,True,True,True,False
6629.T,6629,テクノホライゾン,Standard,電気機器,,2026-09-29,2623.0,1023.0,136210875.0,136340.0,104959800.0,False,True,True,True,True,False
6333.T,6333,帝国電機製作所,Prime,機械,,2026-09-29,2623.0,3585.0,135988175.0,39040.0,147343500.0,False,True,True,True,True,False
4534.T,4534,持田製薬,Prime,医薬品,,2026-09-29,2623.0,3185.0,135818850.0,41735.0,124533500.0,False,True,True,True,True,False
4628.T,4628,エスケー化研,Standard,化学,,2026-09-29,2623.0,10100.0,135470150.0,13875.0,75750000.0,False,True,True,True,True,False
3708.T,3708,特種東海製紙,Prime,パルプ・紙,,2026-09-29,2623.0,2175.0,135443770.0,62195.0,275355000.0,False,True,True,True,True,False
6289.T,6289,技研製作所,Prime,機械,,2026-09-29,2623.0,2027.0,135426790.0,70610.0,250537200.0,False,True,True,True,True,False
4025.T,4025,多木化学,Prime,化学,,2026-09-29,2623.0,5530.0,135205600.0,23585.0,142674000.0,False,True,True,True,True,False
5721.T,5721,エス・サイエンス,Standard,非鉄金属,,2026-09-29,2623.0,51.0,135111955.0,2239385.0,60032100.0,False,False,True,True,True,False
6062.T,6062,チャーム・ケア・コーポレーション,Prime,サービス業,,2026-09-29,2623.0,1418.0,134918845.0,95500.0,123791400.0,False,True,True,True,True,False
1887.T,1887,日本国土開発,Prime,建設業,,2026-09-29,1845.0,532.0,134745645.0,246300.0,232856400.0,False,True,True,True,True,False
3374.T,3374,内外テック,Standard,卸売業,,2026-09-29,2623.0,4795.0,134696525.0,31610.0,368256000.0,False,True,True,True,True,False
3300.T,3300,アンビション　ＤＸ　ホールディングス,Growth,不動産業,,2026-09-29,2623.0,1865.0,134511980.0,72845.0,91198500.0,False,True,True,True,True,False
7725.T,7725,インターアクション,Prime,精密機器,,2026-09-29,2623.0,1818.0,134057185.0,76830.0,98899200.0,False,True,True,True,True,False
7709.T,7709,クボテック,Standard,精密機器,,2026-09-29,2623.0,41.0,133783335.0,2107760.0,27154300.0,False,False,True,True,True,False
2484.T,2484,出前館,Standard,情報・通信業,,2026-09-29,2623.0,149.0,133231675.0,812155.0,58497400.0,False,False,True,True,True,False
4575.T,4575,キャンバス,Growth,医薬品,,2026-09-29,2623.0,707.0,133018585.0,168365.0,69922300.0,False,True,True,True,True,False
6337.T,6337,テセック,Standard,機械,,2026-09-29,2623.0,3615.0,132611900.0,38530.0,60370500.0,False,True,True,True,True,False
9305.T,9305,ヤマタネ,Prime,卸売業,,2026-09-29,2623.0,2027.0,132364410.0,63600.0,216078200.0,False,True,True,True,True,False
341A.T,341A,トヨコー,Growth,建設業,,2026-09-29,367.0,2245.0,131083270.0,58945.0,96984000.0,False,True,True,True,True,False
4992.T,4992,北興化学工業,Standard,化学,,2026-09-29,2623.0,1922.0,130944265.0,67380.0,153375600.0,False,True,True,True,True,False
4011.T,4011,ヘッドウォータース,Growth,情報・通信業,,2026-09-29,1464.0,2243.0,130798660.0,53405.0,32074900.0,False,True,True,True,True,False
5988.T,5988,パイオラックス,Prime,金属製品,,2026-09-29,2623.0,1664.0,130638885.0,77065.0,115315200.0,False,True,True,True,True,False
3565.T,3565,アセンテック,Standard,卸売業,,2026-09-29,2321.0,497.0,130533900.0,264405.0,69331500.0,False,True,True,True,True,False
3393.T,3393,スターティアホールディングス,Prime,卸売業,,2026-09-29,2623.0,3130.0,130265730.0,41965.0,91083000.0,False,True,True,True,True,False
6823.T,6823,リオン,Prime,電気機器,,2026-09-29,2623.0,3345.0,130130150.0,39585.0,159891000.0,False,True,True,True,True,False
4346.T,4346,ＮＥＸＹＺ．Ｇｒｏｕｐ,Standard,その他金融業,,2026-09-29,2623.0,956.0,129590190.0,126180.0,61279600.0,False,True,True,True,True,False
6425.T,6425,ユニバーサルエンターテインメント,Standard,機械,,2026-09-29,2623.0,696.0,129395730.0,177460.0,109620000.0,False,True,True,True,True,False
4847.T,4847,インテリジェント　ウェイブ,Prime,情報・通信業,,2026-09-29,2623.0,1479.0,128911125.0,89985.0,115805700.0,False,True,True,True,True,False
9467.T,9467,アルファポリス,Growth,情報・通信業,,2026-09-29,2623.0,1071.0,128770005.0,114655.0,110848500.0,False,True,True,True,True,False
8704.T,8704,トレイダーズホールディングス,Standard,証券、商品先物取引業,,2026-09-29,2623.0,1417.0,128640215.0,91790.0,69574700.0,False,True,True,True,True,False
7033.T,7033,マネジメントソリューションズ,Prime,サービス業,,2026-09-29,2001.0,1545.0,127973970.0,80405.0,79722000.0,False,True,True,True,True,False
9310.T,9310,日本トランスシティ,Prime,倉庫・運輸関連業,,2026-09-29,2623.0,1400.0,127941230.0,90875.0,120680000.0,False,True,True,True,True,False
8142.T,8142,トーホー,Prime,卸売業,,2026-09-29,2623.0,1379.0,127629180.0,90855.0,129212300.0,False,True,True,True,True,False
5013.T,5013,ユシロ,Standard,石油・石炭製品,,2026-09-29,2623.0,3055.0,127455440.0,43280.0,117923000.0,False,True,True,True,True,False
7094.T,7094,ＮｅｘＴｏｎｅ,Growth,サービス業,,2026-09-29,1588.0,1808.0,127339855.0,67630.0,57856000.0,False,True,True,True,True,False
4027.T,4027,テイカ,Prime,化学,,2026-09-29,2623.0,2297.0,127198625.0,53285.0,114620300.0,False,True,True,True,True,False
4620.T,4620,藤倉化成,Standard,化学,,2026-09-29,2623.0,1065.0,127148065.0,127270.0,113635500.0,False,True,True,True,True,False
3431.T,3431,宮地エンジニアリンググループ,Prime,金属製品,,2026-09-29,2623.0,1509.0,126226240.0,80525.0,175044000.0,False,True,True,True,True,False
3837.T,3837,アドソル日進,Prime,情報・通信業,,2026-09-29,2623.0,1327.0,126031880.0,92230.0,88909000.0,False,True,True,True,True,False
9782.T,9782,ディーエムエス,Standard,サービス業,,2026-09-29,2623.0,3290.0,125789775.0,36355.0,151011000.0,False,True,True,True,True,False
368A.T,368A,北里コーポレーション,Prime,精密機器,,2026-09-29,307.0,1427.0,125357565.0,86885.0,105883400.0,False,True,True,True,True,False
4848.T,4848,フルキャストホールディングス,Prime,サービス業,,2026-09-29,2623.0,1832.0,125121250.0,67260.0,136300800.0,False,True,True,True,True,False
4883.T,4883,モダリス,Growth,医薬品,,2026-09-29,1504.0,31.0,124976595.0,3227360.0,30674500.0,False,False,True,True,True,False
3763.T,3763,プロシップ,Prime,情報・通信業,,2026-09-29,2623.0,2087.0,124904835.0,60150.0,157359800.0,False,True,True,True,True,False
3798.T,3798,ＵＬＳグループ,Standard,情報・通信業,,2026-09-29,2623.0,535.0,124848345.0,229305.0,123478000.0,False,True,True,True,True,False
9052.T,9052,山陽電気鉄道,Prime,陸運業,,2026-09-29,2623.0,1948.0,124393205.0,62010.0,324731600.0,False,True,True,True,True,False
2429.T,2429,ワールドホールディングス,Prime,サービス業,,2026-09-29,2623.0,2823.0,123988400.0,43710.0,106991700.0,False,True,True,True,True,False
7102.T,7102,日本車輌製造,Prime,輸送用機器,,2026-09-29,2623.0,3590.0,123749200.0,34120.0,172679000.0,False,True,True,True,True,False
6255.T,6255,エヌ・ピー・シー,Growth,機械,,2026-09-29,2623.0,701.0,123598580.0,185010.0,147630600.0,False,True,True,True,True,False
4375.T,4375,セーフィー,Growth,情報・通信業,,2026-09-29,1222.0,645.0,123581980.0,183305.0,83721000.0,False,True,True,True,True,False
3151.T,3151,バイタルケーエスケー・ホールディングス,Prime,卸売業,,2026-09-29,2623.0,1547.0,123046525.0,75910.0,166921300.0,False,True,True,True,True,False
7914.T,7914,共同印刷,Prime,その他製品,,2026-09-29,2623.0,1714.0,122851770.0,70095.0,197281400.0,False,True,True,True,True,False
4691.T,4691,ワシントンホテル,Standard,サービス業,,2026-09-29,1694.0,1980.0,122061080.0,57350.0,137610000.0,False,True,True,True,True,False
8537.T,8537,大光銀行,Standard,銀行業,,2026-09-29,2623.0,3405.0,121910850.0,38295.0,116110500.0,False,True,True,True,True,False
5976.T,5976,高周波熱錬,Prime,金属製品,,2026-09-29,2623.0,1427.0,121638155.0,82075.0,178375000.0,False,True,True,True,True,False
4026.T,4026,神島化学工業,Standard,ガラス・土石製品,,2026-09-29,2623.0,1561.0,120822020.0,77100.0,64469300.0,False,True,True,True,True,False
1929.T,1929,日特建設,Prime,建設業,,2026-09-29,2623.0,1200.0,120783710.0,99370.0,168600000.0,False,True,True,True,True,False
3415.T,3415,ＴＯＫＹＯ　ＢＡＳＥ,Prime,小売業,,2026-09-29,2623.0,350.0,120160380.0,338870.0,107170000.0,False,True,True,True,True,False
5408.T,5408,中山製鋼所,Prime,鉄鋼,,2026-09-29,2623.0,619.0,118885370.0,184560.0,150169400.0,False,True,True,True,True,False
6994.T,6994,指月電機製作所,Standard,電気機器,,2026-09-29,2623.0,1228.0,118547785.0,99545.0,111748000.0,False,True,True,True,True,False
5834.T,5834,ＳＢＩリーシングサービス,Growth,証券、商品先物取引業,,2026-09-29,964.0,2814.0,118426490.0,42525.0,80761800.0,False,True,True,True,True,False
6637.T,6637,寺崎電気産業,Standard,電気機器,,2026-09-29,2623.0,4170.0,118012850.0,27750.0,96744000.0,False,True,True,True,True,False
3486.T,3486,グローバル・リンク・マネジメント,Prime,不動産業,,2026-09-29,2159.0,2014.0,116967790.0,58890.0,135945000.0,False,True,True,True,True,False
5946.T,5946,長府製作所,Prime,金属製品,,2026-09-29,2623.0,1978.0,116926890.0,57570.0,167141000.0,False,True,True,True,True,False
2266.T,2266,六甲バター,Prime,食料品,,2026-09-29,2623.0,1093.0,116834010.0,104125.0,81975000.0,False,True,True,True,True,False
9369.T,9369,キユーソー流通システム,Standard,倉庫・運輸関連業,,2026-09-29,2623.0,2911.0,116167175.0,38695.0,216578400.0,False,True,True,True,True,False
3196.T,3196,ホットランドホールディングス,Prime,小売業,,2026-09-29,2623.0,1657.0,115881035.0,70565.0,145981700.0,False,True,True,True,True,False
6357.T,6357,三精テクノロジーズ,Standard,機械,,2026-09-29,2623.0,2699.0,115390430.0,42225.0,63696400.0,False,True,True,True,True,False
5273.T,5273,三谷セキサン,Standard,ガラス・土石製品,,2026-09-29,2623.0,2016.0,115262935.0,55640.0,143942400.0,False,True,True,True,True,False
4382.T,4382,ＨＥＲＯＺ,Standard,情報・通信業,,2026-09-29,2065.0,840.0,115123280.0,140255.0,150360000.0,False,True,True,True,True,False
4611.T,4611,大日本塗料,Prime,化学,,2026-09-29,2623.0,1553.0,114848975.0,73060.0,95043600.0,False,True,True,True,True,False
2820.T,2820,やまみ,Standard,食料品,,2026-09-29,2532.0,6270.0,114712350.0,18055.0,75867000.0,False,True,True,True,True,False
4370.T,4370,モビルス,Growth,情報・通信業,,2026-09-29,1239.0,411.0,114262200.0,276800.0,14426100.0,False,True,True,True,True,False
7727.T,7727,オーバル,Standard,精密機器,,2026-09-29,2623.0,927.0,114137625.0,130485.0,96871500.0,False,True,True,True,True,False
4316.T,4316,ビーマップ,Growth,情報・通信業,,2026-09-29,2623.0,40.0,113901160.0,1072620.0,16668000.0,False,False,True,False,True,False
4396.T,4396,システムサポートホールディングス,Prime,情報・通信業,,2026-09-29,1993.0,1332.0,113499230.0,82510.0,57276000.0,False,True,True,True,True,False
1433.T,1433,ベステラ,Prime,建設業,,2026-09-29,2623.0,1181.0,113384960.0,91560.0,40626400.0,False,True,True,True,True,False
2158.T,2158,ＦＲＯＮＴＥＯ,Growth,サービス業,,2026-09-29,2623.0,661.0,113298915.0,179250.0,171529500.0,False,True,True,True,True,False
9610.T,9610,ウィルソン・ラーニング　ワールドワイド,Standard,サービス業,,2026-09-29,2623.0,108.0,112840635.0,906710.0,10054800.0,False,False,True,True,True,False
6430.T,6430,ダイコク電機,Prime,機械,,2026-09-29,2623.0,2414.0,112298905.0,45330.0,183222600.0,False,True,True,True,True,False
6464.T,6464,ツバキ・ナカシマ,Prime,機械,,2026-09-29,2623.0,337.0,112049580.0,327235.0,87653700.0,False,True,True,True,True,False
8562.T,8562,福島銀行,Standard,銀行業,,2026-09-29,2623.0,409.0,111913830.0,287045.0,129653000.0,False,True,True,True,True,False
3657.T,3657,ポールトゥウィンホールディングス,Prime,情報・通信業,,2026-09-29,2623.0,358.0,111121350.0,297050.0,75788600.0,False,True,True,True,True,False
7512.T,7512,イオン北海道,Standard,小売業,,2026-09-29,2623.0,854.0,111089135.0,129145.0,105639800.0,False,True,True,True,True,False
6247.T,6247,日阪製作所,Prime,機械,,2026-09-29,2623.0,1648.0,110901995.0,64735.0,114865600.0,False,True,True,True,True,False
4434.T,4434,サーバーワークス,Standard,情報・通信業,,2026-09-29,1838.0,2444.0,110698025.0,44405.0,68920800.0,False,True,True,True,True,False
4595.T,4595,ミズホメディー,Standard,医薬品,,2026-09-29,2623.0,1725.0,110439630.0,63965.0,119025000.0,False,True,True,True,True,False
6564.T,6564,ミダックホールディングス,Prime,サービス業,,2026-09-29,2147.0,1933.0,110389805.0,55520.0,129897600.0,False,True,True,True,True,False
5033.T,5033,ヌーラボ,Growth,情報・通信業,,2026-09-29,1040.0,1252.0,110103020.0,96465.0,47450800.0,False,True,True,True,True,False
3548.T,3548,バロックジャパンリミテッド,Prime,小売業,,2026-09-29,2441.0,655.0,110022060.0,160480.0,169252000.0,False,True,True,True,True,False
4169.T,4169,ＥＮＥＣＨＡＮＧＥ,Growth,情報・通信業,,2026-09-29,1407.0,256.0,109945925.0,424480.0,35379200.0,False,True,True,True,True,False
8935.T,8935,ＦＪネクストホールディングス,Prime,不動産業,,2026-09-29,2623.0,1946.0,109407670.0,54810.0,149452800.0,False,True,True,True,True,False
9115.T,9115,明海グループ,Standard,海運業,,2026-09-29,2623.0,1031.0,109368755.0,100350.0,15980500.0,False,True,True,True,True,False
4886.T,4886,あすか製薬ホールディングス,Prime,医薬品,,2026-09-29,1342.0,2047.0,109064235.0,51990.0,148612200.0,False,True,True,True,True,False
7637.T,7637,白銅,Prime,卸売業,,2026-09-29,2623.0,3590.0,108989575.0,30145.0,108777000.0,False,True,True,True,True,False
2153.T,2153,Ｅ・Ｊホールディングス,Prime,サービス業,,2026-09-29,2623.0,1884.0,108878690.0,58175.0,146198400.0,False,True,True,True,True,False
3168.T,3168,ＭＥＲＦ,Standard,卸売業,,2026-09-29,2623.0,1254.0,108797135.0,83005.0,34610400.0,False,True,True,True,True,False
4251.T,4251,恵和,Prime,化学,,2026-09-29,1687.0,1188.0,108713635.0,92595.0,93020400.0,False,True,True,True,True,False
5287.T,5287,イトーヨーギョー,Standard,ガラス・土石製品,,2026-09-29,2623.0,909.0,108710210.0,113480.0,12635100.0,False,True,True,True,True,False
3901.T,3901,マークラインズ,Prime,情報・通信業,,2026-09-29,2623.0,1508.0,108153205.0,71210.0,98472400.0,False,True,True,True,True,False
4594.T,4594,ブライトパス・バイオ,Growth,医薬品,,2026-09-29,2623.0,49.0,107865495.0,1920195.0,32741800.0,False,False,True,True,True,False
8105.T,8105,堀田丸正,Standard,卸売業,,2026-09-29,2623.0,75.0,107549335.0,1334510.0,27540000.0,False,False,True,True,True,False
8364.T,8364,清水銀行,Prime,銀行業,,2026-09-29,2623.0,3230.0,107278550.0,33780.0,112081000.0,False,True,True,True,True,False
8070.T,8070,東京産業,Prime,卸売業,,2026-09-29,2623.0,1011.0,106918485.0,107500.0,83306400.0,False,True,True,True,True,False
4826.T,4826,ＣＩＪ,Prime,情報・通信業,,2026-09-29,2623.0,538.0,106785645.0,197490.0,82152600.0,False,True,True,True,True,False
9979.T,9979,大庄,Standard,小売業,,2026-09-29,2623.0,1008.0,106633930.0,103340.0,98179200.0,False,True,True,True,True,False
276A.T,276A,ククレブ・アドバイザーズ,Growth,不動産業,,2026-09-29,445.0,4290.0,106467450.0,26320.0,105963000.0,False,True,True,True,True,False
2325.T,2325,ＮＪＳ,Prime,サービス業,,2026-09-29,2623.0,4540.0,106214375.0,22675.0,106236000.0,False,True,True,True,True,False
147A.T,147A,ソラコム,Growth,情報・通信業,,2026-09-29,613.0,975.0,106065755.0,107435.0,38025000.0,False,True,True,True,True,False
4664.T,4664,アール・エス・シー,Standard,サービス業,,2026-09-29,2623.0,1133.0,105294525.0,93340.0,48832300.0,False,True,True,True,True,False
6184.T,6184,鎌倉新書,Prime,サービス業,,2026-09-29,2623.0,590.0,105191055.0,176955.0,80122000.0,False,True,True,True,True,False
4112.T,4112,保土谷化学工業,Prime,化学,,2026-09-29,2623.0,2064.0,104453740.0,49040.0,107947200.0,False,True,True,True,True,False
6413.T,6413,理想科学工業,Prime,機械,,2026-09-29,2623.0,1033.0,103777480.0,96780.0,110634300.0,False,True,True,True,True,False
197A.T,197A,タウンズ,Standard,医薬品,,2026-09-29,554.0,518.0,103459440.0,201485.0,113856400.0,False,True,True,True,True,False
8198.T,8198,マックスバリュ東海,Standard,小売業,,2026-09-29,2623.0,3305.0,103153225.0,30295.0,43295500.0,False,True,True,True,True,False
5698.T,5698,エンビプロ・ホールディングス,Standard,鉄鋼,,2026-09-29,2623.0,728.0,102027355.0,136595.0,66684800.0,False,True,True,True,True,False
431A.T,431A,ユーソナー,Growth,情報・通信業,,2026-09-29,230.0,2654.0,100973815.0,37740.0,74842800.0,False,True,False,True,True,False
296A.T,296A,令和アカウンティング・ホールディングス,Growth,サービス業,,2026-09-25,426.0,1173.0,99949290.0,86260.0,76127700.0,False,True,True,True,True,False
5597.T,5597,ブルーイノベーション,Growth,情報・通信業,,2026-09-25,679.0,1374.0,99793805.0,70845.0,47815200.0,False,True,True,True,True,False
8929.T,8929,青山財産ネットワークス,Standard,不動産業,,2026-09-25,2621.0,1389.0,99744915.0,71655.0,106675200.0,False,True,True,True,True,False
3150.T,3150,グリムス,Prime,電気・ガス業,,2026-09-28,2622.0,2395.0,99741230.0,40985.0,101308500.0,False,True,True,True,True,False
3983.T,3983,オロ,Prime,情報・通信業,,2026-09-25,2342.0,1904.0,99708670.0,50355.0,87964800.0,False,True,True,True,True,False
4668.T,4668,明光ネットワークジャパン,Prime,サービス業,,2026-09-25,2621.0,761.0,99498110.0,128280.0,52356800.0,False,True,True,True,True,False
2983.T,2983,アールプランナー,Growth,不動産業,,2026-09-25,1374.0,1644.0,99429575.0,58485.0,114093600.0,False,True,True,True,True,False
9928.T,9928,ミロク情報サービス,Prime,情報・通信業,,2026-09-29,2623.0,2097.0,99332270.0,48325.0,91009800.0,False,True,True,True,True,False
7071.T,7071,アンビスホールディングス,Prime,サービス業,,2026-09-28,1699.0,396.0,99160945.0,248335.0,76863600.0,False,True,True,True,True,False
9270.T,9270,バリュエンスホールディングス,Growth,卸売業,,2026-09-28,2087.0,1930.0,99105565.0,49280.0,55970000.0,False,True,True,True,True,False
5592.T,5592,くすりの窓口,Growth,情報・通信業,,2026-09-25,725.0,2647.0,98978830.0,36855.0,98203700.0,False,True,True,True,True,False
4577.T,4577,ダイト,Prime,医薬品,,2026-09-25,2621.0,1350.0,98787215.0,75235.0,146880000.0,False,True,True,True,True,False
9658.T,9658,ビジネスブレイン太田昭和,Prime,情報・通信業,,2026-09-25,2621.0,1144.0,97810660.0,89230.0,149749600.0,False,True,True,True,True,False
5038.T,5038,ｅＷｅＬＬ,Growth,情報・通信業,,2026-09-25,981.0,2156.0,97594320.0,45230.0,50019200.0,False,True,True,True,True,False
4462.T,4462,石原ケミカル,Prime,化学,,2026-09-25,2621.0,2801.0,97539980.0,34155.0,183465500.0,False,True,True,True,True,False
4956.T,4956,コニシ,Prime,化学,,2026-09-25,2621.0,1519.0,97461920.0,65770.0,106633800.0,False,True,True,True,True,False
7607.T,7607,進和,Prime,卸売業,,2026-09-29,2623.0,3035.0,97400725.0,31975.0,111991500.0,False,True,True,True,True,False
8066.T,8066,三谷商事,Standard,卸売業,,2026-09-25,2621.0,3655.0,97345075.0,27430.0,84430500.0,False,True,True,True,True,False
414A.T,414A,オーバーラップホールディングス,Growth,情報・通信業,,2026-09-25,237.0,874.0,97292105.0,113410.0,49730600.0,False,True,False,True,True,False
6070.T,6070,キャリアリンク,Prime,サービス業,,2026-09-25,2621.0,2571.0,96721835.0,37820.0,204394500.0,False,True,True,True,True,False
6706.T,6706,電気興業,Prime,電気機器,,2026-09-25,2621.0,3340.0,96552250.0,29250.0,60454000.0,False,True,True,True,True,False
7694.T,7694,いつも,Growth,小売業,,2026-09-25,1407.0,535.0,96122595.0,150190.0,5350000.0,False,True,True,True,True,False
4263.T,4263,サスメド,Growth,情報・通信業,,2026-09-25,1160.0,439.0,95750640.0,220160.0,49650900.0,False,True,True,True,True,False
4100.T,4100,戸田工業,Standard,化学,,2026-09-25,2621.0,1916.0,95135340.0,57180.0,207886000.0,False,True,True,True,True,False
5290.T,5290,ベルテクスコーポレーション,Standard,ガラス・土石製品,,2026-09-25,1949.0,1245.0,95075565.0,79110.0,138070500.0,False,True,True,True,True,False
4170.T,4170,Ｋａｉｚｅｎ　Ｐｌａｔｆｏｒｍ,Growth,情報・通信業,,2026-09-29,1409.0,113.0,94720950.0,717020.0,50239800.0,False,False,True,True,True,False
9790.T,9790,福井コンピュータホールディングス,Prime,情報・通信業,,2026-09-25,2621.0,3060.0,94249145.0,31165.0,68850000.0,False,True,True,True,True,False
4072.T,4072,電算システムホールディングス,Prime,情報・通信業,,2026-09-25,1279.0,3260.0,94188900.0,30250.0,92258000.0,False,True,True,True,True,False
6547.T,6547,グリーンズ,Standard,サービス業,,2026-09-25,2343.0,2103.0,94017105.0,43805.0,46896900.0,False,True,True,True,True,False
7273.T,7273,イクヨ,Standard,輸送用機器,,2026-09-25,2621.0,631.0,93626565.0,150155.0,36976600.0,False,True,True,True,True,False
9628.T,9628,燦ホールディングス,Prime,サービス業,,2026-09-29,2623.0,1325.0,93509260.0,70130.0,81620000.0,False,True,True,True,True,False
6166.T,6166,中村超硬,Growth,機械,,2026-09-25,2621.0,642.0,93478475.0,139875.0,52387200.0,False,True,True,True,True,False
6630.T,6630,ヤーマン,Prime,電気機器,,2026-09-25,2621.0,781.0,93451260.0,117815.0,72164400.0,False,True,True,True,True,False
8007.T,8007,高島,Prime,卸売業,,2026-09-25,2621.0,803.0,93448415.0,116055.0,161804500.0,False,True,True,True,True,False
6245.T,6245,ヒラノテクシード,Standard,機械,,2026-09-25,2621.0,1829.0,93425840.0,50820.0,73525800.0,False,True,True,True,True,False
3877.T,3877,中越パルプ工業,Prime,パルプ・紙,,2026-09-25,2621.0,2248.0,92951260.0,41765.0,124539200.0,False,True,True,True,True,False
6197.T,6197,ソラスト,Prime,サービス業,,2026-08-05,2489.0,1118.0,92855095.0,83520.0,315276000.0,False,True,True,True,False,False
7059.T,7059,コプロ・ホールディングス,Prime,サービス業,,2026-09-25,1833.0,971.0,92720315.0,99170.0,73019200.0,False,True,True,True,True,False
2982.T,2982,ＡＤワークスグループ,Prime,不動産業,,2026-09-25,1584.0,429.0,92364970.0,214870.0,66280500.0,False,True,True,True,True,False
3001.T,3001,片倉工業,Standard,繊維製品,,2026-09-25,2621.0,3125.0,92295815.0,30660.0,114062500.0,False,True,True,True,True,False
6863.T,6863,ニレコ,Standard,電気機器,,2026-09-25,2621.0,1145.0,92081920.0,87645.0,137629000.0,False,True,True,True,True,False
6466.T,6466,ＴＶＥ,Standard,機械,,2026-09-25,2621.0,4190.0,91909375.0,22680.0,45671000.0,False,True,True,True,True,False
7679.T,7679,薬王堂ホールディングス,Prime,小売業,,2026-09-25,1723.0,1640.0,91850420.0,55755.0,108896000.0,False,True,True,True,True,False
7222.T,7222,日産車体,Standard,輸送用機器,,2026-09-25,2621.0,935.0,91440470.0,98930.0,57035000.0,False,True,True,True,True,False
7161.T,7161,じもとホールディングス,Standard,銀行業,,2026-09-25,2621.0,663.0,90748105.0,147820.0,137970300.0,False,True,True,True,True,False
7931.T,7931,未来工業,Prime,化学,,2026-09-25,1893.0,3700.0,90613150.0,24725.0,54390000.0,False,True,True,True,True,False
3694.T,3694,オプティム,Prime,情報・通信業,,2026-09-25,2621.0,482.0,90454445.0,198440.0,73264000.0,False,True,True,True,True,False
436A.T,436A,サイバーソリューションズ,Growth,情報・通信業,,2026-09-25,224.0,1295.0,90444010.0,74125.0,57498000.0,False,True,False,True,True,False
3836.T,3836,アバントグループ,Prime,情報・通信業,,2026-09-25,2621.0,1215.0,90005990.0,74810.0,93069000.0,False,True,True,True,True,False
8841.T,8841,テーオーシー,Standard,不動産業,,2026-09-25,2621.0,1014.0,89959935.0,88510.0,101704200.0,False,True,True,True,True,False
3939.T,3939,カナミックネットワーク,Prime,情報・通信業,,2026-09-28,2469.0,490.0,89701410.0,179640.0,98539000.0,False,True,True,True,True,False
6272.T,6272,レオン自動機,Prime,機械,,2026-09-25,2621.0,1528.0,89253915.0,58005.0,71510400.0,False,True,True,True,True,False
4498.T,4498,サイバートラスト,Growth,情報・通信業,,2026-09-25,1329.0,1169.0,89060690.0,75045.0,55995100.0,False,True,True,True,True,False
4596.T,4596,窪田製薬ホールディングス,Growth,医薬品,,2026-09-25,2415.0,66.0,88945895.0,1331540.0,11668800.0,False,False,True,True,True,False
3922.T,3922,ＰＲ　ＴＩＭＥＳ,Prime,情報・通信業,,2026-09-25,2582.0,2185.0,88852330.0,40735.0,60743000.0,False,True,True,True,True,False
8244.T,8244,近鉄百貨店,Standard,小売業,,2026-09-29,2623.0,1868.0,88719145.0,46125.0,70050000.0,False,True,True,True,True,False
9837.T,9837,モリト,Prime,卸売業,,2026-09-25,2621.0,1836.0,88706795.0,49175.0,129438000.0,False,True,True,True,True,False
4323.T,4323,日本システム技術,Prime,情報・通信業,,2026-09-25,2621.0,1896.0,88681090.0,46610.0,101815200.0,False,True,True,True,True,False
7989.T,7989,立川ブラインド工業,Prime,金属製品,,2026-09-25,2621.0,2700.0,88486820.0,32990.0,229500000.0,False,True,True,True,True,False
6306.T,6306,日工,Prime,機械,,2026-09-25,2621.0,1020.0,88265525.0,87560.0,101490000.0,False,True,True,True,True,False
7844.T,7844,マーベラス,Prime,情報・通信業,,2026-09-25,2621.0,539.0,88097615.0,168095.0,107207100.0,False,True,True,True,True,False
2489.T,2489,アドウェイズ,Prime,サービス業,,2026-09-25,2621.0,403.0,88001965.0,211725.0,61054500.0,False,True,True,True,True,False
9619.T,9619,イチネンホールディングス,Prime,サービス業,,2026-09-25,2621.0,2762.0,87261595.0,32210.0,103298800.0,False,True,True,True,True,False
6470.T,6470,大豊工業,Standard,機械,,2026-09-25,2621.0,1152.0,87055600.0,79540.0,74995200.0,False,True,True,True,True,False
5185.T,5185,フコク,Prime,ゴム製品,,2026-09-25,2621.0,2040.0,86882565.0,43230.0,107712000.0,False,True,True,True,True,False
7608.T,7608,エスケイジャパン,Standard,卸売業,,2026-09-25,2621.0,955.0,86730715.0,98330.0,61311000.0,False,True,True,True,True,False
3479.T,3479,ティーケーピー,Growth,不動産業,,2026-09-25,2340.0,1884.0,86594140.0,45925.0,97779600.0,False,True,True,True,True,False
3997.T,3997,トレードワークス,Standard,情報・通信業,,2026-09-25,2166.0,430.0,86577010.0,206610.0,102641000.0,False,True,True,True,True,False
2305.T,2305,スタジオアリス,Standard,サービス業,,2026-09-25,2621.0,1872.0,86350655.0,45765.0,35380800.0,False,True,True,True,True,False
1847.T,1847,イチケン,Standard,建設業,,2026-09-25,2621.0,3465.0,85985675.0,25180.0,154539000.0,False,True,True,True,True,False
4687.T,4687,ＴＤＣソフト,Prime,情報・通信業,,2026-09-25,2621.0,1063.0,85971745.0,82195.0,79512400.0,False,True,True,True,True,False
3624.T,3624,アクセルマーク,Growth,情報・通信業,,2026-09-25,2621.0,89.0,85937445.0,956605.0,46840700.0,False,False,True,True,True,False
4318.T,4318,クイック,Prime,サービス業,,2026-09-25,2621.0,863.0,85901315.0,101590.0,99503900.0,False,True,True,True,True,False
9729.T,9729,トーカイ,Prime,サービス業,,2026-09-25,2621.0,2575.0,85876935.0,33900.0,84717500.0,False,True,True,True,True,False
2752.T,2752,フジオフードグループ本社,Prime,小売業,,2026-09-25,2621.0,1172.0,85782910.0,74485.0,95869600.0,False,True,True,True,True,False
438A.T,438A,インフキュリオン,Growth,情報・通信業,,2026-09-25,223.0,1044.0,85616760.0,84305.0,60656400.0,False,True,False,True,True,False
7888.T,7888,三光合成,Prime,化学,,2026-09-25,2621.0,896.0,85242175.0,95395.0,63884800.0,False,True,True,True,True,False
6574.T,6574,コンヴァノ,Growth,サービス業,,2026-09-25,2072.0,123.0,85126235.0,726110.0,40540800.0,False,False,True,True,True,False
5542.T,5542,新報国マテリアル,Standard,鉄鋼,,2026-09-25,2621.0,1121.0,84151335.0,73265.0,68829400.0,False,True,True,True,True,False
6505.T,6505,東洋電機製造,Standard,電気機器,,2026-09-25,2621.0,2463.0,83937610.0,34600.0,78323400.0,False,True,True,True,True,False
7774.T,7774,ジャパン・ティッシュエンジニアリング,Growth,精密機器,,2026-09-25,2621.0,848.0,83503310.0,97885.0,60632000.0,False,True,True,True,True,False
1930.T,1930,北陸電気工事,Prime,建設業,,2026-09-25,2621.0,1611.0,83470990.0,52980.0,67017600.0,False,True,True,True,True,False
7438.T,7438,コンドーテック,Prime,卸売業,,2026-09-25,2621.0,1802.0,83422150.0,48400.0,85054400.0,False,True,True,True,True,False
3180.T,3180,ビューティガレージ,Prime,卸売業,,2026-09-25,2621.0,1633.0,83161675.0,51915.0,33149900.0,False,True,True,True,True,False
6046.T,6046,リンクバル,Growth,サービス業,,2026-09-25,2621.0,156.0,83140925.0,497210.0,7862400.0,False,False,True,True,True,False
7244.T,7244,市光工業,Prime,電気機器,,2026-09-25,2621.0,569.0,83111075.0,145905.0,67085100.0,False,True,True,True,True,False
6625.T,6625,ＪＡＬＣＯホールディングス,Standard,不動産業,,2026-09-25,2621.0,361.0,83030295.0,221650.0,205842200.0,False,True,True,True,True,False
1447.T,1447,ＳＡＡＦホールディングス,Growth,建設業,,2026-09-25,1949.0,327.0,82506760.0,221930.0,60069900.0,False,True,True,True,True,False
8101.T,8101,ＧＳＩクレオス,Prime,卸売業,,2026-09-25,2621.0,2603.0,82357040.0,31010.0,109065700.0,False,True,True,True,True,False
6904.T,6904,原田工業,Standard,電気機器,,2026-09-25,2621.0,885.0,82092605.0,112905.0,646227000.0,False,True,True,True,True,False
4479.T,4479,マクアケ,Growth,情報・通信業,,2026-09-25,1656.0,985.0,81967120.0,85450.0,23837000.0,False,True,True,True,True,False
5210.T,5210,日本山村硝子,Standard,ガラス・土石製品,,2026-09-25,2621.0,2871.0,81783685.0,28210.0,147856500.0,False,True,True,True,True,False
4725.T,4725,ＣＡＣ　Ｈｏｌｄｉｎｇｓ,Prime,情報・通信業,,2026-09-25,2621.0,1952.0,81679470.0,42025.0,90377600.0,False,True,True,True,True,False
4073.T,4073,ジィ・シィ企画,Growth,情報・通信業,,2026-09-25,1221.0,637.0,81671805.0,134425.0,752615500.0,False,True,True,True,True,False
4249.T,4249,森六,Prime,化学,,2026-09-25,2152.0,2922.0,81308905.0,27905.0,56686800.0,False,True,True,True,True,False
7095.T,7095,Ｍａｃｂｅｅ　Ｐｌａｎｅｔ,Prime,サービス業,,2026-09-25,1585.0,1145.0,80886480.0,66865.0,76142500.0,False,True,True,True,True,False
2933.T,2933,紀文食品,Prime,食料品,,2026-09-25,1332.0,1120.0,80814940.0,71600.0,141120000.0,False,True,True,True,True,False
5132.T,5132,ｐｌｕｓｚｅｒｏ,Growth,情報・通信業,,2026-09-25,954.0,1863.0,80590525.0,41175.0,46575000.0,False,True,True,True,True,False
3139.T,3139,ラクト・ジャパン,Prime,卸売業,,2026-09-25,2621.0,3480.0,80528450.0,23445.0,100224000.0,False,True,True,True,True,False
9332.T,9332,ＮＩＳＳＯホールディングス,Prime,サービス業,,2026-09-25,2090.0,684.0,80309505.0,118530.0,66553200.0,False,True,True,True,True,False
1964.T,1964,中外炉工業,Prime,建設業,,2026-09-25,2621.0,3935.0,80188150.0,20350.0,61779500.0,False,True,True,True,True,False
7921.T,7921,ＴＡＫＡＲＡ　＆　ＣＯＭＰＡＮＹ,Prime,その他製品,,2026-09-25,2621.0,4135.0,80007700.0,19175.0,107096500.0,False,True,True,True,True,False
4381.T,4381,ビープラッツ,Growth,情報・通信業,,2026-09-25,2076.0,212.0,79560860.0,306325.0,21581600.0,False,True,True,True,True,False
4619.T,4619,日本特殊塗料,Standard,化学,,2026-09-25,2621.0,2698.0,79197775.0,29660.0,75544000.0,False,True,True,True,True,False
6932.T,6932,遠藤照明,Standard,電気機器,,2026-09-25,2621.0,2583.0,79123340.0,31105.0,83689200.0,False,True,True,True,True,False
8917.T,8917,ファースト住建,Standard,不動産業,,2026-09-25,2621.0,1090.0,79102880.0,71700.0,22127000.0,False,True,True,True,True,False
7198.T,7198,ＳＢＩアルヒ,Prime,その他金融業,,2026-09-25,2156.0,842.0,79023275.0,94345.0,66518000.0,False,True,True,True,True,False
3788.T,3788,ＧＭＯグローバルサイン・ホールディングス,Prime,情報・通信業,,2026-09-25,2621.0,2059.0,78768515.0,39335.0,81536400.0,False,True,True,True,True,False
4229.T,4229,群栄化学工業,Prime,化学,,2026-09-25,2621.0,4210.0,78679825.0,18560.0,37048000.0,False,True,True,True,True,False
3662.T,3662,エイチームホールディングス,Prime,情報・通信業,,2026-09-25,2621.0,934.0,78256385.0,82315.0,57441000.0,False,True,True,True,True,False
5532.T,5532,リアルゲイト,Growth,不動産業,,2026-09-25,796.0,3675.0,78157975.0,22590.0,221602500.0,False,True,True,True,True,False
9268.T,9268,オプティマスグループ,Standard,卸売業,,2026-09-25,2148.0,412.0,78065625.0,190525.0,48616000.0,False,True,True,True,True,False
1844.T,1844,大盛工業,Standard,建設業,,2026-09-25,2621.0,449.0,77912850.0,164965.0,18858000.0,False,True,True,True,True,False
9888.T,9888,ＵＥＸ,Standard,卸売業,,2026-09-25,2621.0,1277.0,77910340.0,61625.0,81855700.0,False,True,True,True,True,False
7689.T,7689,コパ・コーポレーション,Growth,卸売業,,2026-09-25,1527.0,418.0,77614310.0,179945.0,151065200.0,False,True,True,True,True,False
8254.T,8254,さいか屋,Standard,小売業,,2026-09-25,2621.0,296.0,77323990.0,263860.0,18973600.0,False,True,True,True,True,False
4641.T,4641,アルプス技研,Prime,サービス業,,2026-09-25,2621.0,872.0,77241405.0,88925.0,98274400.0,False,True,True,True,True,False
1434.T,1434,ＪＥＳＣＯホールディングス,Standard,建設業,,2026-09-25,2621.0,1633.0,77211395.0,47410.0,26291300.0,False,True,True,True,True,False
3321.T,3321,ミタチ産業,Standard,卸売業,,2026-09-25,2621.0,1855.0,77161560.0,43780.0,82547500.0,False,True,True,True,True,False
9739.T,9739,ＮＳＷ,Prime,情報・通信業,,2026-09-25,2621.0,2691.0,76950325.0,28265.0,93646800.0,False,True,True,True,True,False
7388.T,7388,ＦＰパートナー,Prime,保険業,,2026-09-25,979.0,2327.0,76949580.0,33095.0,84470100.0,False,True,True,True,True,False
4422.T,4422,ＶＡＬＵＥＮＥＸ,Growth,情報・通信業,,2026-09-28,1929.0,493.0,76263395.0,135320.0,11930600.0,False,True,True,True,True,False
2471.T,2471,エスプール,Prime,サービス業,,2026-09-25,2621.0,280.0,75709560.0,270870.0,76776000.0,False,True,True,True,True,False
8158.T,8158,ソーダニッカ,Prime,卸売業,,2026-09-25,2621.0,1334.0,75658950.0,56345.0,60430200.0,False,True,True,True,True,False
5992.T,5992,中央発條,Standard,金属製品,,2026-09-25,2621.0,3720.0,75572625.0,20440.0,66216000.0,False,True,True,True,True,False
3452.T,3452,ビーロット,Standard,不動産業,,2026-09-25,2621.0,1448.0,75455950.0,51645.0,49376800.0,False,True,True,True,True,False
9405.T,9405,朝日放送グループホールディングス,Prime,情報・通信業,,2026-09-25,2621.0,864.0,75131555.0,86445.0,49248000.0,False,True,True,True,True,False
3937.T,3937,Ｕｂｉｃｏｍホールディングス,Prime,情報・通信業,,2026-09-25,2527.0,1149.0,75015595.0,62985.0,26427000.0,False,True,True,True,True,False
6390.T,6390,加藤製作所,Prime,機械,,2026-09-25,2621.0,1331.0,74783800.0,55890.0,98893300.0,False,True,True,True,True,False
3457.T,3457,Ａｎｄ　Ｄｏホールディングス,Prime,不動産業,,2026-09-25,2621.0,912.0,74761765.0,80805.0,62928000.0,False,True,True,True,True,False
9251.T,9251,ＡＢ＆Ｃｏｍｐａｎｙ,Growth,サービス業,,2026-09-25,1184.0,1603.0,74751485.0,47310.0,65242100.0,False,True,True,True,True,False
3189.T,3189,ＡＮＡＰホールディングス,Standard,小売業,,2026-09-25,2621.0,111.0,74686555.0,647580.0,26118300.0,False,False,True,True,True,False
4196.T,4196,ネオマーケティング,Standard,情報・通信業,,2026-09-25,1325.0,1341.0,74656915.0,45880.0,83544300.0,False,True,True,True,True,False
2652.T,2652,まんだらけ,Standard,小売業,,2026-09-25,2621.0,420.0,74429015.0,170080.0,89502000.0,False,True,True,True,True,False
4058.T,4058,トヨクモ,Growth,情報・通信業,,2026-09-25,1466.0,2248.0,74328795.0,30940.0,79129600.0,False,True,True,True,True,False
9823.T,9823,マミーマートホールディングス,Standard,小売業,,2026-09-25,2621.0,1015.0,74054660.0,72985.0,87696000.0,False,True,True,True,True,False
7375.T,7375,リファインバースグループ,Growth,サービス業,,2026-09-25,1279.0,1336.0,73898535.0,60035.0,63460000.0,False,True,True,True,True,False
7811.T,7811,中本パックス,Standard,その他製品,,2026-09-25,2601.0,2329.0,73735670.0,34285.0,77089900.0,False,True,True,True,True,False
7769.T,7769,リズム,Prime,精密機器,,2026-09-25,2621.0,3870.0,72696575.0,18740.0,51084000.0,False,True,True,True,True,False
2698.T,2698,キャンドゥ,Standard,小売業,,2026-09-25,2621.0,3285.0,72650400.0,21440.0,31207500.0,False,True,True,True,True,False
4979.T,4979,ＯＡＴアグリオ,Standard,化学,,2026-09-25,2621.0,2932.0,72534305.0,25095.0,68022400.0,False,True,True,True,True,False
2667.T,2667,イメージ　ワン,Standard,卸売業,,2026-09-25,2621.0,107.0,72470450.0,627550.0,38915900.0,False,False,True,True,True,False
8881.T,8881,日神グループホールディングス,Prime,不動産業,,2026-09-25,2621.0,661.0,72330720.0,108780.0,68876200.0,False,True,True,True,True,False
7874.T,7874,レック,Prime,化学,,2026-09-25,2621.0,977.0,72192300.0,75160.0,52855700.0,False,True,True,True,True,False
2792.T,2792,ハニーズホールディングス,Prime,小売業,,2026-09-25,2621.0,1427.0,72149290.0,49900.0,89901000.0,False,True,True,True,True,False
7823.T,7823,アートネイチャー,Standard,その他製品,,2026-09-25,2621.0,823.0,71725145.0,84725.0,112257200.0,False,True,True,True,True,False
7508.T,7508,Ｇ‐７ホールディングス,Prime,小売業,,2026-09-25,2621.0,1450.0,71672415.0,49870.0,74095000.0,False,True,True,True,True,False
3665.T,3665,エニグモ,Prime,情報・通信業,,2026-09-25,2621.0,408.0,71638875.0,170730.0,51775200.0,False,True,True,True,True,False
3916.T,3916,デジタル・インフォメーション・テクノロジー,Prime,情報・通信業,,2026-09-25,2621.0,961.0,71573195.0,75455.0,72939900.0,False,True,True,True,True,False
3793.T,3793,ドリコム,Growth,情報・通信業,,2026-09-25,2621.0,563.0,71118190.0,135310.0,135345200.0,False,True,True,True,True,False
4978.T,4978,リプロセル,Growth,化学,,2026-09-25,2621.0,141.0,71086525.0,499760.0,38732700.0,False,False,True,True,True,False
4579.T,4579,ラクオリア創薬,Growth,医薬品,,2026-09-25,2621.0,607.0,70852460.0,124855.0,98941000.0,False,True,True,True,True,False
7294.T,7294,ヨロズ,Prime,輸送用機器,,2026-09-25,2621.0,902.0,70746675.0,79380.0,69273600.0,False,True,True,True,True,False
4960.T,4960,ケミプロ化成,Standard,化学,,2026-09-25,2621.0,620.0,70277700.0,111930.0,123876000.0,False,True,True,True,True,False
5449.T,5449,大阪製鐵,Standard,鉄鋼,,2026-09-25,2621.0,2650.0,70175085.0,26175.0,74995000.0,False,True,True,True,True,False
3733.T,3733,ソフトウェア・サービス,Standard,情報・通信業,,2026-09-25,2621.0,11930.0,69648700.0,5700.0,45334000.0,False,True,True,True,True,False
2910.T,2910,ロック・フィールド,Prime,食料品,,2026-09-25,2621.0,1406.0,69280375.0,48955.0,79298400.0,False,True,True,True,True,False
5959.T,5959,岡部,Prime,金属製品,,2026-09-25,2621.0,941.0,69139310.0,73025.0,66905100.0,False,True,True,True,True,False
4839.T,4839,ＷＯＷＯＷ,Prime,情報・通信業,,2026-09-25,2621.0,1000.0,69005280.0,68485.0,71000000.0,False,True,True,True,True,False
7187.T,7187,ジェイリース,Prime,その他金融業,,2026-09-25,2527.0,1343.0,68902445.0,51140.0,74402200.0,False,True,True,True,True,False
6675.T,6675,サクサ,Standard,電気機器,,2026-09-25,2621.0,2200.0,68840655.0,31685.0,61820000.0,False,True,True,True,True,False
7596.T,7596,魚力,Prime,小売業,,2026-09-25,2621.0,2312.0,68824385.0,29335.0,75833600.0,False,True,True,True,True,False
332A.T,332A,ミーク,Growth,情報・通信業,,2026-09-25,370.0,1235.0,68753595.0,59665.0,45448000.0,False,True,True,True,True,False
7610.T,7610,テイツー,Standard,小売業,,2026-09-25,2621.0,137.0,68545850.0,493725.0,31414100.0,False,False,True,True,True,False
3031.T,3031,ラクーンホールディングス,Prime,情報・通信業,,2026-09-25,2621.0,681.0,68502140.0,101465.0,60404700.0,False,True,True,True,True,False
8864.T,8864,空港施設,Prime,不動産業,,2026-09-25,2621.0,975.0,68455035.0,70725.0,54990000.0,False,True,True,True,True,False
5659.T,5659,日本精線,Prime,鉄鋼,,2026-09-25,2621.0,1465.0,68449215.0,48490.0,89951000.0,False,True,True,True,True,False
6482.T,6482,ＹＵＳＨＩＮ,Standard,機械,,2026-09-25,2621.0,719.0,68271930.0,95700.0,39616900.0,False,True,True,True,True,False
3205.T,3205,ダイドーリミテッド,Standard,繊維製品,,2026-09-25,2621.0,747.0,67877180.0,91825.0,77165100.0,False,True,True,True,True,False
3185.T,3185,夢展望,Growth,小売業,,2026-09-25,2621.0,112.0,67638030.0,563670.0,22612800.0,False,False,True,True,True,False
4410.T,4410,ハリマ化成グループ,Prime,化学,,2026-09-25,2621.0,1158.0,67314940.0,60065.0,95650800.0,False,True,True,True,True,False
7932.T,7932,ニッピ,Standard,その他製品,,2026-09-25,2621.0,11510.0,67273150.0,5765.0,96684000.0,False,True,True,True,True,False
6045.T,6045,レントラックス,Growth,サービス業,,2026-09-25,2621.0,2065.0,67230530.0,30145.0,62776000.0,False,True,True,True,True,False
9081.T,9081,神奈川中央交通,Prime,陸運業,,2026-09-25,2621.0,4095.0,67063200.0,16645.0,78214500.0,False,True,True,True,True,False
8563.T,8563,大東銀行,Standard,銀行業,,2026-09-25,2621.0,1202.0,66905530.0,57220.0,74403800.0,False,True,True,True,True,False
7723.T,7723,愛知時計電機,Prime,精密機器,,2026-09-25,2621.0,2909.0,66872645.0,23155.0,56143700.0,False,True,True,True,True,False
3791.T,3791,ＩＧポート,Standard,情報・通信業,,2026-09-25,2621.0,1089.0,66754630.0,63035.0,45084600.0,False,True,True,True,True,False
7373.T,7373,アイドマ・ホールディングス,Growth,サービス業,,2026-09-25,1285.0,914.0,66569315.0,70790.0,37382600.0,False,True,True,True,True,False
2653.T,2653,イオン九州,Standard,小売業,,2026-09-25,2621.0,2799.0,66515750.0,23715.0,32188500.0,False,True,True,True,True,False
4635.T,4635,東京インキ,Standard,化学,,2026-09-25,2621.0,2041.0,66319035.0,31465.0,85722000.0,False,True,True,True,True,False
8844.T,8844,コスモスイニシア,Standard,不動産業,,2026-09-25,2621.0,1209.0,66237160.0,53515.0,42194100.0,False,True,True,True,True,False
4651.T,4651,サニックスホールディングス,Standard,サービス業,,2026-09-25,2621.0,246.0,65977395.0,250940.0,26395800.0,False,True,True,True,True,False
6832.T,6832,アオイ電子,Standard,電気機器,,2026-09-25,2621.0,2472.0,65924160.0,28025.0,48945600.0,False,True,True,True,True,False
7482.T,7482,シモジマ,Prime,卸売業,,2026-09-25,2621.0,1527.0,65553350.0,43125.0,69173100.0,False,True,True,True,True,False
2211.T,2211,不二家,Prime,食料品,,2026-09-25,2621.0,2526.0,65233575.0,26030.0,85126200.0,False,True,True,True,True,False
8793.T,8793,ＮＥＣキャピタルソリューション,Prime,その他金融業,,2026-09-25,2621.0,4285.0,64988100.0,15405.0,69417000.0,False,True,True,True,True,False
2533.T,2533,オエノンホールディングス,Prime,食料品,,2026-09-25,2621.0,486.0,64935820.0,138020.0,72997200.0,False,True,True,True,True,False
4591.T,4591,リボミック,Growth,医薬品,,2026-09-25,2621.0,76.0,64912350.0,752575.0,29906000.0,False,False,True,True,True,False
7414.T,7414,小野建,Prime,卸売業,,2026-09-25,2621.0,1437.0,64899355.0,45195.0,77741700.0,False,True,True,True,True,False
3611.T,3611,マツオカコーポレーション,Standard,繊維製品,,2026-09-25,2157.0,2406.0,64810725.0,26695.0,46435800.0,False,True,True,True,True,False
2461.T,2461,ファンコミュニケーションズ,Prime,サービス業,,2026-09-25,2621.0,395.0,64727345.0,167550.0,55102500.0,False,True,True,True,True,False
2882.T,2882,イートアンドホールディングス,Prime,食料品,,2026-09-25,2621.0,2011.0,64661685.0,31840.0,31773800.0,False,True,True,True,True,False
3843.T,3843,フリービット,Prime,情報・通信業,,2026-09-25,2621.0,1682.0,64493615.0,37395.0,76531000.0,False,True,True,True,True,False
2216.T,2216,カンロ,Standard,食料品,,2026-09-25,2621.0,1094.0,64485835.0,59185.0,36211400.0,False,True,True,True,True,False
9740.T,9740,セントラル警備保障,Prime,サービス業,,2026-09-25,2621.0,2684.0,64376370.0,23630.0,72468000.0,False,True,True,True,True,False
9908.T,9908,日本電計,Standard,卸売業,,2026-09-25,2621.0,2959.0,64118195.0,22320.0,25743300.0,False,True,True,True,True,False
2117.T,2117,ウェルネオシュガー,Prime,食料品,,2026-09-25,2621.0,2880.0,64117250.0,22610.0,76320000.0,False,True,True,True,True,False
8093.T,8093,極東貿易,Prime,卸売業,,2026-09-25,2621.0,1821.0,63985790.0,35510.0,56451000.0,False,True,True,True,True,False
2908.T,2908,フジッコ,Prime,食料品,,2026-09-25,2621.0,1647.0,63918130.0,39270.0,107219700.0,False,True,True,True,True,False
250A.T,250A,シマダヤ,Standard,食料品,,2026-09-25,483.0,1616.0,63860260.0,39965.0,49611200.0,False,True,True,True,True,False
378A.T,378A,ヒット,Growth,サービス業,,2026-09-25,298.0,905.0,63792250.0,67325.0,30408000.0,False,True,True,True,True,False
9742.T,9742,アイネス,Prime,情報・通信業,,2026-09-25,2621.0,2297.0,63738365.0,28830.0,98541300.0,False,True,True,True,True,False
5071.T,5071,ヴィス,Standard,サービス業,,2026-09-25,1589.0,1405.0,63561360.0,44660.0,531511500.0,False,True,True,True,True,False
4662.T,4662,フォーカスシステムズ,Prime,情報・通信業,,2026-09-25,2621.0,1647.0,63279740.0,38370.0,58797900.0,False,True,True,True,True,False
3063.T,3063,ジェイグループホールディングス,Growth,小売業,,2026-09-25,2621.0,1164.0,63261685.0,55380.0,28052400.0,False,True,True,True,True,False
5957.T,5957,日東精工,Prime,金属製品,,2026-09-25,2621.0,781.0,63069750.0,81905.0,78568600.0,False,True,True,True,True,False
9726.T,9726,ＫＮＴ－ＣＴホールディングス,Standard,サービス業,,2026-09-25,2621.0,2020.0,62963475.0,32220.0,70296000.0,False,True,True,True,True,False
5590.T,5590,ネットスターズ,Growth,情報・通信業,,2026-09-25,731.0,724.0,62868750.0,87870.0,33231600.0,False,True,True,True,True,False
4394.T,4394,エクスモーション,Growth,情報・通信業,,2026-09-25,1996.0,712.0,62676600.0,92855.0,28693600.0,False,True,True,True,True,False
7305.T,7305,新家工業,Standard,鉄鋼,,2026-09-25,2621.0,2773.0,62543355.0,22550.0,175253600.0,False,True,True,True,True,False
4097.T,4097,高圧ガス工業,Prime,化学,,2026-09-25,2621.0,1233.0,62266415.0,51470.0,61773300.0,False,True,True,True,True,False
4337.T,4337,ぴあ,Prime,サービス業,,2026-09-25,2621.0,2600.0,62104680.0,23195.0,65260000.0,False,True,True,True,True,False
2915.T,2915,ケンコーマヨネーズ,Prime,食料品,,2026-09-25,2621.0,2030.0,61834345.0,30135.0,71050000.0,False,True,True,True,True,False
7527.T,7527,システムソフト,Standard,情報・通信業,,2026-09-25,2621.0,49.0,61599530.0,1189675.0,27552700.0,False,False,True,True,True,False
9632.T,9632,スバル興業,Standard,サービス業,,2026-09-25,2621.0,3505.0,61585925.0,17150.0,39957000.0,False,True,True,True,True,False
6157.T,6157,日進工具,Prime,機械,,2026-09-25,2621.0,820.0,61566605.0,74525.0,44854000.0,False,True,True,True,True,False
1429.T,1429,日本アクア,Prime,建設業,,2026-09-25,2621.0,808.0,61495930.0,76870.0,43793600.0,False,True,True,True,True,False
7063.T,7063,Ｂｉｒｄｍａｎ,Growth,サービス業,,2026-09-25,1825.0,65.0,61470470.0,845430.0,464288500.0,False,False,True,True,True,False
3388.T,3388,明治電機工業,Prime,卸売業,,2026-09-25,2621.0,2139.0,61466800.0,29095.0,78715200.0,False,True,True,True,True,False
5240.T,5240,ｍｏｎｏＡＩ　ｔｅｃｈｎｏｌｏｇｙ,Growth,情報・通信業,,2026-09-29,922.0,176.0,61439975.0,293720.0,10190400.0,False,False,True,True,True,False
6718.T,6718,アイホン,Prime,電気機器,,2026-09-25,2621.0,2850.0,61337920.0,21530.0,76950000.0,False,True,True,True,True,False
7554.T,7554,幸楽苑,Prime,小売業,,2026-09-25,2621.0,1176.0,61277115.0,51610.0,71618400.0,False,True,True,True,True,False
4406.T,4406,新日本理化,Standard,化学,,2026-09-25,2621.0,235.0,61264640.0,252725.0,48903500.0,False,True,True,True,True,False
1435.T,1435,ｒｏｂｏｔ　ｈｏｍｅ,Standard,不動産業,,2026-09-25,2621.0,179.0,61155985.0,345000.0,43443300.0,False,False,True,True,True,False
4055.T,4055,ティアンドエスグループ,Growth,情報・通信業,,2026-09-25,1497.0,1655.0,61102645.0,36595.0,14729500.0,False,True,True,True,True,False
3070.T,3070,ジェリービーンズグループ,Growth,卸売業,,2026-09-25,2621.0,47.0,60846630.0,1083235.0,84618800.0,False,False,True,True,True,False
9991.T,9991,ジェコス,Prime,卸売業,,2026-09-25,2621.0,1830.0,60839340.0,34060.0,51972000.0,False,True,True,True,True,False
5269.T,5269,日本コンクリート工業,Prime,ガラス・土石製品,,2026-09-25,2621.0,364.0,60713065.0,164330.0,50960000.0,False,True,True,True,True,False
4891.T,4891,ティムス,Growth,医薬品,,2026-09-25,939.0,134.0,60712390.0,507895.0,55301800.0,False,False,True,True,True,False
9612.T,9612,ラックランド,Prime,サービス業,,2026-09-25,2621.0,1257.0,60572295.0,49555.0,63352800.0,False,True,True,True,True,False
5955.T,5955,ワイズホールディングス,Standard,金属製品,,2026-09-25,2621.0,83.0,60449420.0,730665.0,34785300.0,False,False,True,True,True,False
9221.T,9221,フルハシＥＰＯ,Standard,サービス業,,2026-09-25,1082.0,1222.0,60305500.0,50905.0,78085800.0,False,True,True,True,True,False
5357.T,5357,ヨータイ,Prime,ガラス・土石製品,,2026-09-25,2621.0,1753.0,60197465.0,34225.0,66088100.0,False,True,True,True,True,False
6775.T,6775,ＴＢグループ,Standard,電気機器,,2026-09-29,2623.0,131.0,60099610.0,462040.0,31151800.0,False,False,True,True,True,False
4326.T,4326,インテージホールディングス,Prime,情報・通信業,,2026-09-25,2621.0,2001.0,59826040.0,29760.0,44222100.0,False,True,True,True,True,False
265A.T,265A,Ｈｍｃｏｍｍ,Growth,情報・通信業,,2026-09-25,465.0,764.0,59674070.0,77400.0,30560000.0,False,True,True,True,True,False
2209.T,2209,井村屋グループ,Prime,食料品,,2026-09-25,2621.0,2356.0,59521405.0,25005.0,135470000.0,False,True,True,True,True,False
7615.T,7615,京都きもの友禅ホールディングス,Standard,小売業,,2026-09-25,2621.0,98.0,59279865.0,585480.0,2734200.0,False,False,True,True,True,False
9381.T,9381,エーアイテイー,Prime,倉庫・運輸関連業,,2026-09-25,2621.0,2370.0,59248515.0,25260.0,42660000.0,False,True,True,True,True,False
6572.T,6572,オープングループ,Prime,サービス業,,2026-09-25,2082.0,268.0,59186760.0,214140.0,36474800.0,False,True,True,True,True,False
4884.T,4884,クリングルファーマ,Growth,医薬品,,2026-09-25,1403.0,507.0,59108465.0,128410.0,64743900.0,False,True,True,True,True,False
2586.T,2586,フルッタフルッタ,Growth,食料品,,2026-09-25,2621.0,62.0,58472195.0,834990.0,70587000.0,False,False,True,True,True,False
9554.T,9554,ＡＶｉＣ,Growth,サービス業,,2026-09-25,1036.0,1800.0,58308725.0,33410.0,27540000.0,False,True,True,True,True,False
6571.T,6571,キュービーネットホールディングス,Prime,サービス業,,2026-09-25,2085.0,1282.0,58297360.0,45015.0,51664600.0,False,True,True,True,True,False
6380.T,6380,オリエンタルチエン工業,Standard,機械,,2026-09-25,2621.0,3555.0,58176975.0,14785.0,10309500.0,False,True,True,True,True,False
7810.T,7810,クロスフォー,Standard,その他製品,,2026-09-29,2262.0,152.0,57995655.0,352335.0,6703200.0,False,False,True,True,True,False
2938.T,2938,オカムラ食品工業,Standard,食料品,,2026-09-25,730.0,1286.0,57429450.0,45015.0,31378400.0,False,True,True,True,True,False
6099.T,6099,エラン,Prime,サービス業,,2026-09-25,2621.0,730.0,57401550.0,78390.0,65481000.0,False,True,True,True,True,False
3633.T,3633,ＧＭＯペパボ,Standard,情報・通信業,,2026-09-25,2621.0,2584.0,57341540.0,22155.0,43152800.0,False,True,True,True,True,False
3649.T,3649,ファインデックス,Prime,情報・通信業,,2026-09-25,2621.0,887.0,57255060.0,66030.0,39560200.0,False,True,True,True,True,False
5586.T,5586,Ｌａｂｏｒｏ．ＡＩ,Growth,情報・通信業,,2026-09-25,770.0,935.0,56859020.0,61710.0,41233500.0,False,True,True,True,True,False
8217.T,8217,オークワ,Prime,小売業,,2026-09-25,2621.0,803.0,56844675.0,70970.0,60546200.0,False,True,True,True,True,False
4053.T,4053,Ｓｕｎ　Ａｓｔｅｒｉｓｋ,Prime,情報・通信業,,2026-09-25,1503.0,505.0,56803750.0,120185.0,82163500.0,False,True,True,True,True,False
7119.T,7119,ハルメクホールディングス,Growth,小売業,,2026-09-25,858.0,2074.0,56791970.0,27545.0,79849000.0,False,True,True,True,True,False
8132.T,8132,シナネンホールディングス,Prime,卸売業,,2026-09-25,2621.0,7640.0,56751250.0,7530.0,73344000.0,False,True,True,True,True,False
3187.T,3187,ミラタップ,Growth,小売業,,2026-09-25,2621.0,409.0,56734195.0,140985.0,14642200.0,False,True,True,True,True,False
7971.T,7971,東リ,Standard,化学,,2026-09-25,2621.0,691.0,56714155.0,80670.0,177794300.0,False,True,True,True,True,False
8699.T,8699,ＨＳホールディングス,Standard,証券、商品先物取引業,,2026-09-25,2621.0,1129.0,56706935.0,49995.0,33531300.0,False,True,True,True,True,False
7713.T,7713,シグマ光機,Standard,精密機器,,2026-09-25,2621.0,2526.0,56600185.0,23565.0,54056400.0,False,True,True,True,True,False
6820.T,6820,アイコム,Prime,電気機器,,2026-09-25,2621.0,3750.0,56522875.0,15530.0,80250000.0,False,True,True,True,True,False
5902.T,5902,ホッカンホールディングス,Prime,金属製品,,2026-09-25,2621.0,2755.0,56453725.0,20585.0,53722500.0,False,True,True,True,True,False
7678.T,7678,あさくま,Standard,小売業,,2026-09-25,1768.0,3720.0,56420225.0,16230.0,98580000.0,False,True,True,True,True,False
8226.T,8226,理経,Standard,卸売業,,2026-09-25,2621.0,400.0,56234905.0,144245.0,22480000.0,False,True,True,True,True,False
9644.T,9644,タナベコンサルティンググループ,Prime,サービス業,,2026-09-25,2621.0,759.0,56198615.0,73900.0,50701200.0,False,True,True,True,True,False
6167.T,6167,冨士ダイス,Prime,機械,,2026-09-25,2621.0,1010.0,56148955.0,55855.0,52520000.0,False,True,True,True,True,False
6037.T,6037,楽待,Standard,サービス業,,2026-09-25,2621.0,1070.0,55623830.0,51710.0,44084000.0,False,True,True,True,True,False
6083.T,6083,ＥＲＩホールディングス,Standard,サービス業,,2026-09-25,2621.0,1668.0,55623790.0,34110.0,57212400.0,False,True,True,True,True,False
5852.T,5852,アーレスティ,Prime,非鉄金属,,2026-09-25,2621.0,668.0,55571100.0,81725.0,36606400.0,False,True,True,True,True,False
6835.T,6835,アライドテレシスホールディングス,Standard,電気機器,,2026-09-25,2621.0,270.0,55223490.0,209540.0,41337000.0,False,True,True,True,True,False
7893.T,7893,プロネクサス,Prime,その他製品,,2026-09-25,2621.0,1123.0,55189690.0,49585.0,46716800.0,False,True,True,True,True,False
4362.T,4362,日本精化,Prime,化学,,2026-09-25,2621.0,2708.0,54816665.0,20380.0,103174800.0,False,True,True,True,True,False
4709.T,4709,ＩＤホールディングス,Prime,情報・通信業,,2026-09-25,2621.0,1111.0,54753985.0,50750.0,63771400.0,False,True,True,True,True,False
1888.T,1888,若築建設,Prime,建設業,,2026-09-25,2621.0,3765.0,54548000.0,14755.0,47439000.0,False,True,True,True,True,False
261A.T,261A,日水コン,Standard,サービス業,,2026-09-25,473.0,2002.0,54250415.0,27290.0,20020000.0,False,True,True,True,True,False
4685.T,4685,菱友システムズ,Standard,情報・通信業,,2026-09-25,2621.0,2785.0,54227590.0,20050.0,63776500.0,False,True,True,True,True,False
6223.T,6223,西部技研,Standard,機械,,2026-09-25,726.0,1941.0,54221735.0,28060.0,54542100.0,False,True,True,True,True,False
8914.T,8914,エリアリンク,Standard,不動産業,,2026-09-25,2621.0,893.0,54144995.0,60130.0,35720000.0,False,True,True,True,True,False
3925.T,3925,ダブルスタンダード,Prime,情報・通信業,,2026-09-25,2621.0,1315.0,54077420.0,40975.0,29193000.0,False,True,True,True,True,False
6850.T,6850,チノー,Prime,電気機器,,2026-09-25,2621.0,1776.0,53952535.0,31495.0,51148800.0,False,True,True,True,True,False
6217.T,6217,津田駒工業,Standard,機械,,2026-09-25,2621.0,807.0,53946475.0,68380.0,24129300.0,False,True,True,True,True,False
4424.T,4424,Ａｍａｚｉａ,Growth,情報・通信業,,2026-09-25,1891.0,314.0,53871355.0,155670.0,5306600.0,False,True,True,True,True,False
2130.T,2130,メンバーズ,Prime,サービス業,,2026-09-25,2567.0,914.0,53758370.0,58865.0,21204800.0,False,True,True,True,True,False
1799.T,1799,第一建設工業,Standard,建設業,,2026-09-25,2621.0,3375.0,53754175.0,16145.0,52650000.0,False,True,True,True,True,False
4763.T,4763,クリーク・アンド・リバー社,Prime,サービス業,,2026-09-25,2621.0,1493.0,53744410.0,35890.0,53300100.0,False,True,True,True,True,False
4586.T,4586,メドレックス,Growth,医薬品,,2026-09-25,2621.0,59.0,53333960.0,867060.0,32196300.0,False,False,True,True,True,False
1904.T,1904,大成温調,Standard,建設業,,2026-09-25,2621.0,5160.0,53083150.0,10370.0,64500000.0,False,True,True,True,True,False
9622.T,9622,スペース,Prime,サービス業,,2026-09-25,2621.0,1452.0,52741590.0,36815.0,97284000.0,False,True,True,True,True,False
7520.T,7520,エコス,Prime,小売業,,2026-09-25,2621.0,2596.0,52606770.0,20395.0,43353200.0,False,True,True,True,True,False
2418.T,2418,ツカダ・グローバルホールディング,Standard,サービス業,,2026-09-25,2621.0,599.0,52543555.0,86895.0,38156300.0,False,True,True,True,True,False
7192.T,7192,日本モーゲージサービス,Standard,その他金融業,,2026-09-25,2405.0,722.0,52488440.0,77425.0,77831600.0,False,True,True,True,True,False
6089.T,6089,ウィルグループ,Prime,サービス業,,2026-09-25,2621.0,1171.0,52421045.0,44760.0,44732200.0,False,True,True,True,True,False
5535.T,5535,ミガロホールディングス,Prime,不動産業,,2026-09-25,727.0,290.0,52279465.0,180125.0,27550000.0,False,True,True,True,True,False
7466.T,7466,ＳＰＫ,Prime,卸売業,,2026-09-25,2621.0,1500.0,52159650.0,35775.0,106350000.0,False,True,True,True,True,False
4820.T,4820,イーエムシステムズ,Prime,情報・通信業,,2026-09-25,2621.0,596.0,51961060.0,87505.0,93810400.0,False,True,True,True,True,False
6898.T,6898,トミタ電機,Standard,電気機器,,2026-09-25,2621.0,4895.0,51945325.0,10495.0,7832000.0,False,True,True,True,True,False
7952.T,7952,河合楽器製作所,Prime,その他製品,,2026-09-25,2621.0,3370.0,51827600.0,15410.0,73466000.0,False,True,True,True,True,False
4563.T,4563,アンジェス,Growth,医薬品,,2026-09-25,2621.0,36.0,51758750.0,1385165.0,30092400.0,False,False,True,True,True,False
8542.T,8542,トマト銀行,Standard,銀行業,,2026-09-25,2621.0,1915.0,51757625.0,26775.0,67791000.0,False,True,True,True,True,False
9856.T,9856,ケーユーホールディングス,Standard,小売業,,2026-09-25,2621.0,1240.0,51640275.0,41505.0,36952000.0,False,True,True,True,True,False
2656.T,2656,ベクターホールディングス,Standard,小売業,,2026-09-25,2621.0,164.0,51269550.0,304355.0,30979600.0,False,False,True,True,True,False
2335.T,2335,キューブシステム,Prime,情報・通信業,,2026-09-25,2621.0,1101.0,51220880.0,46500.0,72776100.0,False,True,True,True,True,False
4892.T,4892,サイフューズ,Growth,医薬品,,2026-09-25,933.0,690.0,51218375.0,78640.0,28083000.0,False,True,True,True,True,False
5254.T,5254,Ａｒｅｎｔ,Growth,情報・通信業,,2026-09-25,855.0,4110.0,51186000.0,12580.0,21372000.0,False,True,True,True,True,False
2338.T,2338,クオンタムソリューションズ,Standard,情報・通信業,,2026-09-25,2621.0,110.0,51093120.0,414490.0,24618000.0,False,False,True,True,True,False
7628.T,7628,オーハシテクニカ,Prime,卸売業,,2026-09-25,2621.0,1184.0,51089390.0,43730.0,132608000.0,False,True,True,True,True,False
4584.T,4584,キッズウェル・バイオ,Growth,医薬品,,2026-09-25,2621.0,166.0,51001895.0,302745.0,27290400.0,False,False,True,True,True,False
4350.T,4350,メディカルシステムネットワーク,Standard,小売業,,2026-09-25,2621.0,523.0,50752455.0,100605.0,33053600.0,False,True,True,True,True,False
6788.T,6788,日本トリム,Prime,電気機器,,2026-09-25,2621.0,5130.0,50638175.0,10095.0,33858000.0,False,True,True,True,True,False
2491.T,2491,バリューコマース,Prime,サービス業,,2026-09-25,2621.0,464.0,50590390.0,104575.0,33593600.0,False,True,True,True,True,False
9343.T,9343,アイビス,Growth,サービス業,,2026-09-25,857.0,791.0,50529590.0,62675.0,18746700.0,False,True,True,True,True,False
9028.T,9028,ゼロ,Standard,陸運業,,2026-09-25,2621.0,3330.0,50467925.0,14860.0,37296000.0,False,True,True,True,True,False
9553.T,9553,マイクロアド,Growth,サービス業,,2026-09-25,1037.0,652.0,50431575.0,82410.0,55485200.0,False,True,True,True,True,False
4345.T,4345,シーティーエス,Prime,サービス業,,2026-09-25,2621.0,855.0,50213355.0,59785.0,59850000.0,False,True,True,True,True,False
7525.T,7525,リックス,Prime,卸売業,,2026-09-25,2621.0,3635.0,50110150.0,13925.0,39985000.0,False,True,True,True,True,False
3936.T,3936,グローバルウェイ,Growth,情報・通信業,,2026-09-25,2568.0,130.0,50093045.0,358285.0,20917000.0,False,False,True,True,True,False
6824.T,6824,新コスモス電機,Standard,電気機器,,2026-09-25,2621.0,4015.0,50037850.0,11895.0,25294500.0,False,True,True,True,True,False
4192.T,4192,スパイダープラス,Growth,情報・通信業,,2026-09-25,1342.0,314.0,49995210.0,165760.0,25308400.0,False,True,True,True,True,False
2148.T,2148,アイティメディア,Prime,サービス業,,2026-09-25,2621.0,1141.0,49794525.0,42225.0,60929400.0,False,True,True,True,True,False
6977.T,6977,日本抵抗器製作所,Standard,電気機器,,2026-09-25,2621.0,1893.0,49541375.0,26645.0,136674600.0,False,True,True,True,True,False
1810.T,1810,松井建設,Standard,建設業,,2026-09-25,2621.0,1456.0,49529255.0,33855.0,70033600.0,False,True,True,True,True,False
2735.T,2735,ワッツ,Standard,小売業,,2026-09-25,2621.0,722.0,49474315.0,69150.0,62525200.0,False,True,True,True,True,False
2294.T,2294,柿安本店,Prime,食料品,,2026-09-25,2621.0,2500.0,49346560.0,19515.0,34250000.0,False,True,True,True,True,False
3645.T,3645,メディカルネット,Growth,情報・通信業,,2026-09-25,2621.0,259.0,49273415.0,169635.0,2978500.0,False,True,True,True,True,False
9248.T,9248,人・夢・技術グループ,Standard,サービス業,,2026-09-25,1218.0,1684.0,49128355.0,29010.0,48836000.0,False,True,True,True,True,False
4395.T,4395,アクリート,Growth,情報・通信業,,2026-09-25,1996.0,595.0,48951725.0,80345.0,30761500.0,False,True,True,True,True,False
2998.T,2998,クリアル,Growth,不動産業,,2026-09-25,1077.0,528.0,48907775.0,89980.0,74184000.0,False,True,True,True,True,False
9341.T,9341,ＧＥＮＯＶＡ,Prime,サービス業,,2026-09-25,917.0,620.0,48740845.0,77295.0,19778000.0,False,True,True,True,True,False
8920.T,8920,東祥,Standard,サービス業,,2026-09-25,2621.0,690.0,48652445.0,69120.0,35535000.0,False,True,True,True,True,False
8349.T,8349,東北銀行,Standard,銀行業,,2026-09-25,2621.0,1655.0,48563270.0,29040.0,48822500.0,False,True,True,True,True,False
2378.T,2378,ルネサンス,Prime,サービス業,,2026-09-25,2621.0,1046.0,48451405.0,46045.0,67362400.0,False,True,True,True,True,False
6648.T,6648,かわでん,Standard,電気機器,,2026-09-25,2621.0,1688.0,48437760.0,29060.0,48108000.0,False,True,True,True,True,False
3199.T,3199,綿半ホールディングス,Prime,小売業,,2026-09-25,2621.0,1304.0,48284320.0,36515.0,84368800.0,False,True,True,True,True,False
4951.T,4951,エステー,Prime,化学,,2026-09-25,2621.0,1539.0,48184165.0,31550.0,112808700.0,False,True,True,True,True,False
2930.T,2930,北の達人コーポレーション,Prime,化学,,2026-09-25,2621.0,132.0,47948200.0,365050.0,30478800.0,False,False,True,True,True,False
8383.T,8383,鳥取銀行,Standard,銀行業,,2026-09-25,2621.0,1976.0,47946075.0,24685.0,60070400.0,False,True,True,True,True,False
4301.T,4301,アミューズ,Prime,サービス業,,2026-09-25,2621.0,1892.0,47928350.0,25365.0,28569200.0,False,True,True,True,True,False
7326.T,7326,ＳＢＩインシュアランスグループ,Growth,保険業,,2026-09-25,1951.0,2300.0,47884865.0,21635.0,43240000.0,False,True,True,True,True,False
4572.T,4572,カルナバイオサイエンス,Growth,医薬品,,2026-09-25,2621.0,455.0,47866150.0,110910.0,35945000.0,False,True,True,True,True,False
4286.T,4286,ＣＬホールディングス,Standard,サービス業,,2026-09-25,2621.0,1396.0,47777390.0,35835.0,60726000.0,False,True,True,True,True,False
8927.T,8927,明豊エンタープライズ,Standard,不動産業,,2026-09-25,2621.0,506.0,47765395.0,97855.0,52624000.0,False,True,True,True,True,False
5817.T,5817,ＪＭＡＣＳ,Standard,非鉄金属,,2026-09-25,2621.0,1130.0,47744745.0,44805.0,32883000.0,False,True,True,True,True,False
2437.T,2437,Ｓｈｉｎｗａ　Ｗｉｓｅ　Ｈｏｌｄｉｎｇｓ,Standard,サービス業,,2026-09-25,2621.0,631.0,47717445.0,76800.0,12620000.0,False,True,True,True,True,False
196A.T,196A,ＭＦＳ,Growth,その他金融業,,2026-09-25,551.0,325.0,47567470.0,142240.0,25740000.0,False,True,True,True,True,False
6864.T,6864,エヌエフホールディングス,Standard,電気機器,,2026-09-25,2621.0,1642.0,47518915.0,29910.0,29556000.0,False,True,True,True,True,False
4994.T,4994,大成ラミックグループ,Standard,化学,,2026-09-25,2621.0,2730.0,47493560.0,16840.0,36855000.0,False,True,True,True,True,False
2307.T,2307,クロスキャット,Prime,情報・通信業,,2026-09-25,2621.0,1070.0,47319955.0,44610.0,79822000.0,False,True,True,True,True,False
6485.T,6485,前澤給装工業,Standard,機械,,2026-09-25,2621.0,1678.0,47231135.0,28520.0,65609800.0,False,True,True,True,True,False
7061.T,7061,日本ホスピスホールディングス,Growth,サービス業,,2026-09-25,1828.0,483.0,47133340.0,95130.0,27386100.0,False,True,True,True,True,False
4218.T,4218,ニチバン,Prime,化学,,2026-09-25,2621.0,1935.0,47013655.0,24250.0,79528500.0,False,True,True,True,True,False
7376.T,7376,ＢＣＣ,Growth,サービス業,,2026-09-25,1275.0,770.0,46770475.0,57035.0,8778000.0,False,True,True,True,True,False
5184.T,5184,ニチリン,Standard,ゴム製品,,2026-09-25,2621.0,4115.0,46764625.0,11380.0,43619000.0,False,True,True,True,True,False
3355.T,3355,クリヤマホールディングス,Standard,卸売業,,2026-09-25,2621.0,1839.0,46725585.0,25870.0,32366400.0,False,True,True,True,True,False
8291.T,8291,日産東京販売ホールディングス,Standard,小売業,,2026-09-25,2621.0,560.0,46647650.0,84660.0,40600000.0,False,True,True,True,True,False
5820.T,5820,三ッ星,Standard,非鉄金属,,2026-09-25,2621.0,914.0,46438850.0,53240.0,39941800.0,False,True,True,True,True,False
7320.T,7320,Ｓｏｌｖｖｙ,Growth,その他金融業,,2026-09-25,2079.0,1456.0,46402770.0,32025.0,26353600.0,False,True,True,True,True,False
428A.T,428A,サイプレス・ホールディングス,Standard,小売業,,2026-09-25,234.0,1618.0,46382450.0,30025.0,74266200.0,False,True,False,True,True,False
9702.T,9702,アイ・エス・ビー,Prime,情報・通信業,,2026-09-25,2621.0,2447.0,46300865.0,19160.0,82463900.0,False,True,True,True,True,False
3421.T,3421,稲葉製作所,Standard,金属製品,,2026-09-25,2621.0,1629.0,46255505.0,27565.0,34860600.0,False,True,True,True,True,False
6560.T,6560,エル・ティー・エス,Prime,サービス業,,2026-09-25,2155.0,1790.0,46146960.0,25675.0,36516000.0,False,True,True,True,True,False
8912.T,8912,エリアクエスト,Standard,不動産業,,2026-09-25,2621.0,157.0,46031890.0,273975.0,5228100.0,False,False,True,True,True,False
5242.T,5242,アイズ,Growth,情報・通信業,,2026-09-25,919.0,2325.0,45870465.0,18245.0,39060000.0,False,True,True,True,True,False
5304.T,5304,ＳＥＣカーボン,Standard,ガラス・土石製品,,2026-09-25,2621.0,2518.0,45833385.0,17855.0,36511000.0,False,True,True,True,True,False
9896.T,9896,ＪＫホールディングス,Standard,卸売業,,2026-09-25,2621.0,1433.0,45791105.0,32230.0,60042700.0,False,True,True,True,True,False
6763.T,6763,帝国通信工業,Prime,電気機器,,2026-09-25,2621.0,2821.0,45784090.0,16215.0,65729300.0,False,True,True,True,True,False
9661.T,9661,歌舞伎座,Standard,サービス業,,2026-09-25,2621.0,4170.0,45549950.0,10665.0,32526000.0,False,True,True,True,True,False
4767.T,4767,テー・オー・ダブリュー,Standard,サービス業,,2026-09-25,2621.0,395.0,45496325.0,116770.0,64345500.0,False,True,True,True,True,False
6078.T,6078,バリューＨＲ,Prime,サービス業,,2026-09-25,2621.0,1577.0,45493965.0,28825.0,55195000.0,False,True,True,True,True,False
9629.T,9629,ピー・シー・エー,Prime,情報・通信業,,2026-09-25,2621.0,1594.0,45453390.0,28430.0,43197400.0,False,True,True,True,True,False
6927.T,6927,ヘリオス　テクノ　ホールディング,Standard,電気機器,,2026-09-25,2621.0,1004.0,45256930.0,46035.0,42870800.0,False,True,True,True,True,False
3678.T,3678,メディアドゥ,Prime,情報・通信業,,2026-09-25,2621.0,1239.0,45190660.0,36110.0,27381900.0,False,True,True,True,True,False
6033.T,6033,エクストリーム,Growth,サービス業,,2026-09-25,2621.0,1750.0,45172750.0,26370.0,42875000.0,False,True,True,True,True,False
5582.T,5582,グリッド,Growth,情報・通信業,,2026-09-25,784.0,2134.0,45107615.0,21820.0,47161400.0,False,True,True,True,True,False
9264.T,9264,ポエック,Standard,卸売業,,2026-09-25,2167.0,1634.0,44969975.0,27170.0,16993600.0,False,True,True,True,True,False
3023.T,3023,ラサ商事,Standard,卸売業,,2026-09-25,2621.0,2100.0,44946365.0,21850.0,68250000.0,False,True,True,True,True,False
2884.T,2884,ヨシムラ・フード・ホールディングス,Prime,食料品,,2026-09-25,2600.0,614.0,44884895.0,71400.0,42918600.0,False,True,True,True,True,False
300A.T,300A,ＭＩＣ,Standard,サービス業,,2026-09-25,424.0,3155.0,44685500.0,13995.0,46063000.0,False,True,True,True,True,False
6445.T,6445,ジャノメ,Prime,機械,,2026-09-25,2621.0,1379.0,44623195.0,32340.0,67019400.0,False,True,True,True,True,False
2217.T,2217,モロゾフ,Prime,食料品,,2026-09-25,2621.0,1498.0,44599715.0,29930.0,37450000.0,False,True,True,True,True,False
3547.T,3547,串カツ田中ホールディングス,Standard,小売業,,2026-09-25,2469.0,1949.0,44396765.0,23435.0,60808800.0,False,True,True,True,True,False
5018.T,5018,ＭＯＲＥＳＣＯ,Standard,石油・石炭製品,,2026-09-25,2621.0,2361.0,44372325.0,18885.0,29040300.0,False,True,True,True,True,False
4125.T,4125,三和油化工業,Standard,化学,,2026-09-25,1161.0,3625.0,44272150.0,12065.0,29362500.0,False,True,True,True,True,False
4438.T,4438,Ｗｅｌｂｙ,Growth,情報・通信業,,2026-09-25,1825.0,277.0,44266380.0,140220.0,24071300.0,False,True,True,True,True,False
9795.T,9795,ステップ,Prime,サービス業,,2026-09-25,2621.0,2283.0,44160950.0,19250.0,106844400.0,False,True,True,True,True,False
8095.T,8095,アステナホールディングス,Prime,卸売業,,2026-09-25,2621.0,527.0,44098865.0,82965.0,35783300.0,False,True,True,True,True,False
2669.T,2669,カネ美食品,Standard,小売業,,2026-09-25,2621.0,3930.0,44096425.0,11200.0,8253000.0,False,True,True,True,True,False
6039.T,6039,日本動物高度医療センター,Growth,サービス業,,2026-09-25,2621.0,1002.0,44026725.0,43425.0,38977800.0,False,True,True,True,True,False
5932.T,5932,三協立山,Prime,金属製品,,2026-09-25,2621.0,664.0,44023555.0,67040.0,67993600.0,False,True,True,True,True,False
4719.T,4719,アルファシステムズ,Prime,情報・通信業,,2026-09-25,2621.0,3350.0,43944700.0,13175.0,74370000.0,False,True,True,True,True,False
9319.T,9319,中央倉庫,Prime,倉庫・運輸関連業,,2026-09-25,2621.0,1800.0,43882140.0,24300.0,56160000.0,False,True,True,True,True,False
6882.T,6882,三社電機製作所,Standard,電気機器,,2026-09-25,2621.0,1183.0,43862565.0,38230.0,50159200.0,False,True,True,True,True,False
8869.T,8869,明和地所,Standard,不動産業,,2026-09-25,2621.0,813.0,43743275.0,53190.0,39837000.0,False,True,True,True,True,False
264A.T,264A,Ｓｃｈｏｏ,Growth,サービス業,,2026-09-25,469.0,311.0,43691945.0,132390.0,17260500.0,False,True,True,True,True,False
3723.T,3723,日本ファルコム,Growth,情報・通信業,,2026-09-25,2621.0,2861.0,43686965.0,15640.0,42628900.0,False,True,True,True,True,False
3900.T,3900,クラウドワークス,Growth,情報・通信業,,2026-09-25,2621.0,660.0,43500150.0,65470.0,39930000.0,False,True,True,True,True,False
8860.T,8860,フジ住宅,Prime,不動産業,,2026-09-25,2621.0,752.0,43382160.0,57815.0,46097600.0,False,True,True,True,True,False
2195.T,2195,アミタホールディングス,Growth,サービス業,,2026-09-25,2621.0,370.0,43371275.0,113930.0,17686000.0,False,True,True,True,True,False
6358.T,6358,酒井重工業,Prime,機械,,2026-09-25,2621.0,2172.0,43347465.0,20085.0,39096000.0,False,True,True,True,True,False
9082.T,9082,大和自動車交通,Standard,陸運業,,2026-09-25,2621.0,2674.0,42979775.0,16805.0,316601600.0,False,True,True,True,True,False
3323.T,3323,レカム,Standard,卸売業,,2026-09-25,2621.0,93.0,42914820.0,452950.0,25584300.0,False,False,True,True,True,False
5757.T,5757,ＣＫサンエツ,Prime,非鉄金属,,2026-09-25,2345.0,5010.0,42901425.0,8505.0,58116000.0,False,True,True,True,True,False
3306.T,3306,日本製麻,Standard,卸売業,,2026-09-25,2621.0,794.0,42900410.0,60815.0,64155200.0,False,True,True,True,True,False
6562.T,6562,ジーニー,Growth,サービス業,,2026-09-25,2154.0,1006.0,42850825.0,44565.0,10361800.0,False,True,True,True,True,False
8285.T,8285,三谷産業,Standard,卸売業,,2026-09-25,2621.0,822.0,42539890.0,53380.0,39538200.0,False,True,True,True,True,False
9252.T,9252,ラストワンマイル,Growth,サービス業,,2026-09-25,1182.0,4085.0,42531950.0,10585.0,16340000.0,False,True,True,True,True,False
4168.T,4168,ヤプリ,Growth,情報・通信業,,2026-09-25,1407.0,795.0,42448695.0,54375.0,27904500.0,False,True,True,True,True,False
4801.T,4801,セントラルスポーツ,Prime,サービス業,,2026-09-25,2621.0,2401.0,42435805.0,17485.0,100842000.0,False,True,True,True,True,False
7602.T,7602,レダックス,Standard,卸売業,,2026-09-25,2621.0,176.0,42396680.0,228230.0,16385600.0,False,False,True,True,True,False
1375.T,1375,ユキグニファクトリー,Prime,水産・農林業,,2026-09-25,1470.0,1177.0,42370560.0,36080.0,74033300.0,False,True,True,True,True,False
3053.T,3053,ペッパーフードサービス,Standard,小売業,,2026-09-25,2621.0,202.0,42331450.0,208435.0,46116600.0,False,True,True,True,True,False
9163.T,9163,ナレルグループ,Growth,サービス業,,2026-09-25,776.0,2396.0,42220095.0,17765.0,53430800.0,False,True,True,True,True,False
5933.T,5933,アルインコ,Prime,金属製品,,2026-09-25,2621.0,1116.0,42188435.0,37585.0,38948400.0,False,True,True,True,True,False
8143.T,8143,ラピーヌ,Standard,繊維製品,,2026-09-25,2621.0,166.0,42175255.0,225795.0,68458400.0,False,False,True,True,True,False
4433.T,4433,ヒト・コミュニケーションズ・ホールディングス,Prime,情報・通信業,,2026-09-25,2621.0,859.0,42123850.0,48545.0,15805600.0,False,True,True,True,True,False
4792.T,4792,山田コンサルティンググループ,Prime,サービス業,,2026-09-25,2621.0,1791.0,41866125.0,23535.0,43700400.0,False,True,True,True,True,False
9733.T,9733,ナガセ,Standard,サービス業,,2026-09-25,2621.0,2323.0,41821465.0,17925.0,27411400.0,False,True,True,True,True,False
8203.T,8203,ＭｒＭａｘＨＤ,Prime,小売業,,2026-09-25,2621.0,754.0,41817225.0,54610.0,31668000.0,False,True,True,True,True,False
3109.T,3109,シキボウ,Prime,繊維製品,,2026-09-25,2621.0,1068.0,41767935.0,39265.0,54574800.0,False,True,True,True,True,False
4671.T,4671,ファルコホールディングス,Standard,サービス業,,2026-09-25,2621.0,2823.0,41711450.0,14410.0,43474200.0,False,True,True,True,True,False
2477.T,2477,手間いらず,Standard,情報・通信業,,2026-09-25,2621.0,3265.0,41617150.0,12735.0,22202000.0,False,True,True,True,True,False
3845.T,3845,アイフリークモバイル,Standard,情報・通信業,,2026-09-25,2621.0,328.0,41616165.0,134245.0,34177600.0,False,True,True,True,True,False
205A.T,205A,ロゴスホールディングス,Growth,建設業,,2026-09-25,546.0,1670.0,41499585.0,25100.0,35738000.0,False,True,True,True,True,False
7271.T,7271,安永,Standard,輸送用機器,,2026-09-25,2621.0,800.0,41371165.0,51335.0,32880000.0,False,True,True,True,True,False
4771.T,4771,エフアンドエム,Standard,サービス業,,2026-09-25,2621.0,2770.0,41158295.0,15165.0,50137000.0,False,True,True,True,True,False
2764.T,2764,ひらまつ,Standard,小売業,,2026-09-25,2621.0,167.0,41054870.0,252370.0,20357300.0,False,False,True,True,True,False
2788.T,2788,アップルインターナショナル,Standard,卸売業,,2026-09-25,2621.0,414.0,40725805.0,98780.0,30346200.0,False,True,True,True,True,False
9850.T,9850,グルメ杵屋,Prime,小売業,,2026-09-25,2621.0,988.0,40592180.0,40990.0,53944800.0,False,True,True,True,True,False
9768.T,9768,いであ,Standard,サービス業,,2026-09-25,2621.0,3740.0,40567925.0,10640.0,46376000.0,False,True,True,True,True,False
3556.T,3556,リネットジャパングループ,Growth,小売業,,2026-09-25,2405.0,811.0,40522955.0,49925.0,18409700.0,False,True,True,True,True,False
3580.T,3580,小松マテーレ,Prime,繊維製品,,2026-09-25,2621.0,763.0,40358890.0,53095.0,34487600.0,False,True,True,True,True,False
2329.T,2329,東北新社,Standard,情報・通信業,,2026-09-25,2621.0,498.0,40274870.0,79825.0,37150800.0,False,True,True,True,True,False
365A.T,365A,伊澤タオル,Standard,繊維製品,,2026-09-25,308.0,790.0,40206760.0,50950.0,17854000.0,False,True,True,True,True,False
7927.T,7927,ムトー精工,Standard,化学,,2026-09-25,2621.0,2392.0,40182965.0,17370.0,55733600.0,False,True,True,True,True,False
3529.T,3529,アツギ,Standard,繊維製品,,2026-09-25,2621.0,1014.0,40182575.0,39280.0,12877800.0,False,True,True,True,True,False
3195.T,3195,ジェネレーションパス,Growth,小売業,,2026-09-25,2621.0,447.0,40059860.0,72715.0,17164800.0,False,True,True,True,True,False
7505.T,7505,扶桑電通,Standard,卸売業,,2026-09-25,2621.0,2085.0,39977330.0,18645.0,46287000.0,False,True,True,True,True,False
1780.T,1780,ヤマウラ,Prime,建設業,,2026-09-25,2621.0,1477.0,39804330.0,26725.0,40765200.0,False,True,True,True,True,False
4404.T,4404,ミヨシ油脂,Standard,食料品,,2026-09-25,2621.0,2203.0,39790755.0,18010.0,35248000.0,False,True,True,True,True,False
6798.T,6798,ＳＭＫ,Prime,電気機器,,2026-09-25,2621.0,3370.0,39441250.0,11975.0,34374000.0,False,True,True,True,True,False
6294.T,6294,オカダアイヨン,Prime,機械,,2026-09-25,2621.0,1966.0,39375610.0,20030.0,23985200.0,False,True,True,True,True,False
7840.T,7840,フランスベッドホールディングス,Prime,その他製品,,2026-09-25,2621.0,1309.0,39086025.0,29980.0,41757100.0,False,True,True,True,True,False
2753.T,2753,あみやき亭,Prime,小売業,,2026-09-25,2621.0,1377.0,39047185.0,27995.0,60312600.0,False,True,True,True,True,False
6599.T,6599,エブレン,Standard,電気機器,,2026-09-25,1524.0,4420.0,39040750.0,9930.0,112268000.0,False,True,True,True,True,False
7162.T,7162,アストマックス,Standard,電気・ガス業,,2026-09-25,2621.0,291.0,39031260.0,131880.0,8031600.0,False,True,True,True,True,False
1948.T,1948,弘電社,Standard,建設業,,2026-09-25,2621.0,11450.0,39015700.0,3415.0,0.0,False,True,True,True,True,False
7955.T,7955,クリナップ,Prime,その他製品,,2026-09-25,2621.0,969.0,38927820.0,40025.0,57461700.0,False,True,True,True,True,False
4234.T,4234,サンエー化研,Standard,化学,,2026-09-25,2621.0,1017.0,38776170.0,38040.0,13729500.0,False,True,True,True,True,False
7771.T,7771,日本精密,Standard,精密機器,,2026-09-25,2621.0,259.0,38766665.0,147220.0,15125600.0,False,True,True,True,True,False
9990.T,9990,サックスバー　ホールディングス,Prime,小売業,,2026-09-25,2621.0,767.0,38734995.0,51235.0,45789900.0,False,True,True,True,True,False
8416.T,8416,高知銀行,Standard,銀行業,,2026-09-25,2621.0,1172.0,38568935.0,33740.0,57428000.0,False,True,True,True,True,False
3647.T,3647,ジー・スリーホールディングス,Standard,情報・通信業,,2026-09-25,2621.0,116.0,38512190.0,300735.0,4756000.0,False,False,True,True,True,False
8783.T,8783,ａｂｃ,Standard,その他金融業,,2026-09-25,2621.0,46.0,38413565.0,719170.0,21882200.0,False,False,True,True,True,False
4582.T,4582,シンバイオ製薬,Growth,医薬品,,2026-09-25,2621.0,58.0,38191955.0,659885.0,56695000.0,False,False,True,True,True,False
9256.T,9256,サクシード,Growth,サービス業,,2026-09-25,1162.0,991.0,38169250.0,35110.0,19522700.0,False,True,True,True,True,False
3489.T,3489,フェイスネットワーク,Standard,不動産業,,2026-09-25,2090.0,778.0,38154035.0,46750.0,29719600.0,False,True,True,True,True,False
5244.T,5244,ｊｉｇ．ｊｐ,Growth,情報・通信業,,2026-09-25,918.0,174.0,38070950.0,213955.0,67651200.0,False,False,True,True,True,False
9535.T,9535,広島ガス,Prime,電気・ガス業,,2026-09-25,2621.0,444.0,38012855.0,86855.0,34276800.0,False,True,True,True,True,False
9539.T,9539,京葉瓦斯,Standard,電気・ガス業,,2026-09-25,2621.0,1364.0,37947845.0,28060.0,6138000.0,False,True,True,True,True,False
6047.T,6047,Ｇｕｎｏｓｙ,Prime,サービス業,,2026-09-25,2621.0,387.0,37832585.0,94150.0,23413500.0,False,True,True,True,True,False
9932.T,9932,杉本商事,Prime,卸売業,,2026-09-25,2621.0,1334.0,37656110.0,28490.0,64432200.0,False,True,True,True,True,False
2163.T,2163,アルトナー,Prime,サービス業,,2026-09-25,2621.0,949.0,37589560.0,39715.0,18980000.0,False,True,True,True,True,False
3787.T,3787,テクノマセマティカル,Standard,情報・通信業,,2026-09-25,2621.0,676.0,37538280.0,62930.0,7098000.0,False,True,True,True,True,False
5010.T,5010,日本精蝋,Standard,石油・石炭製品,,2026-09-25,2621.0,289.0,37505595.0,128945.0,26674700.0,False,True,True,True,True,False
4366.T,4366,ダイトーケミックス,Standard,化学,,2026-09-25,2621.0,487.0,37415395.0,83450.0,44414400.0,False,True,True,True,True,False
4331.T,4331,テイクアンドギヴ・ニーズ,Prime,サービス業,,2026-09-25,2621.0,749.0,37271435.0,50190.0,19099500.0,False,True,True,True,True,False
2134.T,2134,北浜キャピタルパートナーズ,Standard,サービス業,,2026-09-25,2621.0,19.0,37222660.0,1965240.0,120080000.0,False,False,True,True,True,False
6699.T,6699,ダイヤモンドエレクトリックホールディングス,Prime,電気機器,,2026-09-25,1949.0,497.0,37211930.0,73220.0,31311000.0,False,True,True,True,True,False
2359.T,2359,コア,Prime,情報・通信業,,2026-09-25,2621.0,2118.0,37105595.0,17395.0,35794200.0,False,True,True,True,True,False
6539.T,6539,ＭＳ－Ｊａｐａｎ,Prime,サービス業,,2026-09-25,2408.0,992.0,37040880.0,36975.0,39382400.0,False,True,True,True,True,False
156A.T,156A,マテリアルグループ,Growth,サービス業,,2026-09-25,608.0,874.0,36875870.0,42480.0,12847800.0,False,True,True,True,True,False
3773.T,3773,アドバンスト・メディア,Growth,情報・通信業,,2026-09-25,2621.0,1033.0,36803800.0,34875.0,26341500.0,False,True,True,True,True,False
2003.T,2003,日東富士製粉,Standard,食料品,,2026-09-25,2621.0,1912.0,36717620.0,19845.0,37666400.0,False,True,True,True,True,False
6224.T,6224,ＪＲＣ,Growth,機械,,2026-09-25,763.0,1212.0,36632035.0,30300.0,14907600.0,False,True,True,True,True,False
6137.T,6137,小池酸素工業,Standard,機械,,2026-09-25,2621.0,1538.0,36628270.0,24095.0,34143600.0,False,True,True,True,True,False
4977.T,4977,新田ゼラチン,Standard,化学,,2026-09-25,2621.0,1200.0,36350315.0,30320.0,60600000.0,False,True,True,True,True,False
4571.T,4571,ＮＡＮＯ　ＭＲＮＡ,Growth,医薬品,,2026-09-25,2621.0,99.0,36297495.0,359800.0,25245000.0,False,False,True,True,True,False
4310.T,4310,ドリームインキュベータ,Prime,サービス業,,2026-09-25,2621.0,2574.0,36164310.0,14355.0,37323000.0,False,True,True,True,True,False
5029.T,5029,サークレイス,Growth,情報・通信業,,2026-09-25,1088.0,964.0,36117510.0,39100.0,10314800.0,False,True,True,True,True,False
9959.T,9959,アシードホールディングス,Standard,小売業,,2026-09-25,2621.0,942.0,36022210.0,36840.0,6217200.0,False,True,True,True,True,False
5845.T,5845,全保連,Standard,その他金融業,,2026-09-25,711.0,1226.0,35942240.0,29690.0,18267400.0,False,True,True,True,True,False
3777.T,3777,環境フレンドリーホールディングス,Growth,情報・通信業,,2026-09-25,2621.0,44.0,35880305.0,791065.0,13754400.0,False,False,True,True,True,False
366A.T,366A,ウェルネス・コミュニケーションズ,Growth,サービス業,,2026-09-25,307.0,1194.0,35872950.0,30590.0,66625200.0,False,True,True,True,True,False
9168.T,9168,ライズ・コンサルティング・グループ,Growth,サービス業,,2026-09-25,740.0,423.0,35851080.0,84285.0,9644400.0,False,True,True,True,True,False
6495.T,6495,宮入バルブ製作所,Standard,機械,,2026-09-25,2621.0,110.0,35614470.0,316945.0,13464000.0,False,False,True,True,True,False
3133.T,3133,海帆,Growth,小売業,,2026-09-25,2621.0,43.0,35468810.0,623450.0,58269300.0,False,False,True,True,True,False
4430.T,4430,東海ソフト,Standard,情報・通信業,,2026-09-25,1847.0,1741.0,35456035.0,19995.0,8879100.0,False,True,True,True,True,False
9769.T,9769,学究社,Prime,サービス業,,2026-09-25,2621.0,2619.0,35447875.0,13665.0,37451700.0,False,True,True,True,True,False
280A.T,280A,ＴＭＨ,Growth,卸売業,,2026-09-25,439.0,1125.0,35444125.0,32255.0,11250000.0,False,True,True,True,True,False
8596.T,8596,九州リースサービス,Standard,その他金融業,,2026-09-25,2422.0,1577.0,35345955.0,22365.0,25232000.0,False,True,True,True,True,False
3719.T,3719,ＡＩストーム,Standard,情報・通信業,,2026-09-25,2621.0,114.0,35289125.0,304790.0,38953800.0,False,False,True,True,True,False
4448.T,4448,ｋｕｂｅｌｌ,Growth,情報・通信業,,2026-09-25,1709.0,372.0,35285835.0,98955.0,27490800.0,False,True,True,True,True,False
5660.T,5660,神鋼鋼線工業,Standard,鉄鋼,,2026-08-28,2604.0,1900.0,35168790.0,18620.0,0.0,False,True,True,True,False,False
7937.T,7937,ツツミ,Standard,その他製品,,2026-09-25,2621.0,2562.0,35109965.0,13440.0,33306000.0,False,True,True,True,True,False
9273.T,9273,コーア商事ホールディングス,Prime,卸売業,,2026-09-25,2021.0,751.0,35062895.0,46335.0,39427500.0,False,True,True,True,True,False
6915.T,6915,千代田インテグレ,Standard,電気機器,,2026-09-25,2621.0,3585.0,34980575.0,10165.0,50907000.0,False,True,True,True,True,False
6405.T,6405,鈴茂器工,Standard,機械,,2026-09-25,2621.0,1265.0,34901885.0,28510.0,48196500.0,False,True,True,True,True,False
9514.T,9514,エフオン,Standard,電気・ガス業,,2026-09-25,2621.0,347.0,34895995.0,101280.0,48233000.0,False,True,True,True,True,False
7235.T,7235,東京ラヂエーター製造,Standard,輸送用機器,,2026-09-25,2621.0,1575.0,34830450.0,22375.0,24570000.0,False,True,True,True,True,False
6858.T,6858,小野測器,Standard,電気機器,,2026-09-25,2621.0,853.0,34793310.0,41555.0,25675300.0,False,True,True,True,True,False
2676.T,2676,高千穂交易,Prime,卸売業,,2026-09-25,2621.0,2085.0,34777490.0,16775.0,53584500.0,False,True,True,True,True,False
4644.T,4644,イマジニア,Standard,情報・通信業,,2026-09-25,2621.0,1054.0,34710055.0,32885.0,25296000.0,False,True,True,True,True,False
5363.T,5363,東京窯業,Standard,ガラス・土石製品,,2026-09-25,2621.0,725.0,34679500.0,50205.0,73152500.0,False,True,True,True,True,False
6177.T,6177,ＡｐｐＢａｎｋ,Growth,サービス業,,2026-09-25,2621.0,86.0,34642330.0,396925.0,21654800.0,False,False,True,True,True,False
9216.T,9216,ビーウィズ,Prime,サービス業,,2026-09-25,1117.0,1704.0,34276930.0,20435.0,27434400.0,False,True,True,True,True,False
9212.T,9212,Ｇｒｅｅｎ　Ｅａｒｔｈ　Ｉｎｓｔｉｔｕｔｅ,Growth,サービス業,,2026-09-25,1160.0,313.0,34244710.0,119635.0,174560100.0,False,True,True,True,True,False
9322.T,9322,川西倉庫,Standard,倉庫・運輸関連業,,2026-09-25,2621.0,2488.0,34200140.0,13890.0,12937600.0,False,True,True,True,True,False
7175.T,7175,今村証券,Standard,証券、商品先物取引業,,2026-09-25,2621.0,2149.0,34028105.0,16555.0,11174800.0,False,True,True,True,True,False
3562.T,3562,Ｎｏ．１,Standard,卸売業,,2026-09-25,2338.0,1590.0,34026085.0,21520.0,14151000.0,False,True,True,True,True,False
1972.T,1972,三晃金属工業,Standard,建設業,,2026-09-25,2621.0,1318.0,33980200.0,25680.0,41912400.0,False,True,True,True,True,False
7363.T,7363,ベビーカレンダー,Growth,サービス業,,2026-09-25,1345.0,1375.0,33976200.0,23025.0,37400000.0,False,True,True,True,True,False
281A.T,281A,インフォメティス,Growth,情報・通信業,,2026-09-25,436.0,401.0,33928850.0,82340.0,29834400.0,False,True,True,True,True,False
3914.T,3914,ＪＩＧ－ＳＡＷ,Growth,情報・通信業,,2026-09-25,2621.0,2622.0,33916590.0,13565.0,31201800.0,False,True,True,True,True,False
6165.T,6165,パンチ工業,Standard,機械,,2026-09-25,2621.0,552.0,33763520.0,61880.0,45098400.0,False,True,True,True,True,False
5621.T,5621,ヒューマンテクノロジーズ,Growth,情報・通信業,,2026-09-25,671.0,1616.0,33618900.0,21030.0,43470400.0,False,True,True,True,True,False
4923.T,4923,コタ,Prime,化学,,2026-09-25,2621.0,1232.0,33550715.0,27235.0,35112000.0,False,True,True,True,True,False
3776.T,3776,ブロードバンドタワー,Standard,情報・通信業,,2026-09-25,2621.0,254.0,33093795.0,133035.0,31953200.0,False,True,True,True,True,False
1418.T,1418,インターライフホールディングス,Standard,建設業,,2026-09-25,2621.0,592.0,33038545.0,55960.0,67843200.0,False,True,True,True,True,False
2469.T,2469,ヒビノ,Standard,サービス業,,2026-09-25,2621.0,2745.0,33012020.0,11785.0,31842000.0,False,True,True,True,True,False
5034.T,5034,ｕｎｅｒｒｙ,Growth,情報・通信業,,2026-09-25,1017.0,2476.0,32941680.0,14245.0,45310800.0,False,True,True,True,True,False
4800.T,4800,オリコン,Standard,情報・通信業,,2026-09-25,2621.0,1359.0,32864035.0,24210.0,16851600.0,False,True,True,True,True,False
6050.T,6050,イー・ガーディアン,Prime,サービス業,,2026-09-25,2621.0,1812.0,32788210.0,18220.0,54722400.0,False,True,True,True,True,False
6656.T,6656,インスペック,Standard,電気機器,,2026-09-25,2621.0,788.0,32490060.0,40575.0,14735600.0,False,True,True,True,True,False
7776.T,7776,セルシード,Growth,精密機器,,2026-09-25,2621.0,227.0,32401555.0,143715.0,13052500.0,False,True,True,True,True,False
3077.T,3077,ホリイフードサービス,Standard,小売業,,2026-09-25,2621.0,1367.0,32316600.0,25690.0,15310400.0,False,True,True,True,True,False
7859.T,7859,アルメディオ,Standard,その他製品,,2026-09-25,2621.0,276.0,32311945.0,119080.0,13689600.0,False,True,True,True,True,False
4414.T,4414,フレクト,Growth,情報・通信業,,2026-09-25,1170.0,1125.0,32300435.0,27740.0,14400000.0,False,True,True,True,True,False
4379.T,4379,Ｐｈｏｔｏｓｙｎｔｈ,Growth,情報・通信業,,2026-09-25,1194.0,508.0,32098865.0,68115.0,33731200.0,False,True,True,True,True,False
8275.T,8275,フォーバル,Standard,卸売業,,2026-09-25,2621.0,1006.0,32089440.0,32000.0,73035600.0,False,True,True,True,True,False
5998.T,5998,アドバネクス,Standard,金属製品,,2026-09-25,2621.0,2828.0,32052545.0,11820.0,9898000.0,False,True,True,True,True,False
7358.T,7358,ポピンズ,Standard,サービス業,,2026-09-25,1408.0,1802.0,31993970.0,17475.0,14416000.0,False,True,True,True,True,False
9651.T,9651,日本プロセス,Standard,情報・通信業,,2026-09-25,2621.0,1965.0,31982900.0,16090.0,46767000.0,False,True,True,True,True,False
5578.T,5578,ＡＲアドバンストテクノロジ,Growth,情報・通信業,,2026-09-25,794.0,896.0,31949270.0,36580.0,10931200.0,False,True,True,True,True,False
3753.T,3753,フライトソリューションズ,Standard,情報・通信業,,2026-09-25,2621.0,205.0,31910425.0,142620.0,11480000.0,False,True,True,True,True,False
3553.T,3553,共和レザー,Standard,化学,,2026-09-25,2621.0,927.0,31883845.0,34305.0,28088100.0,False,True,True,True,True,False
5491.T,5491,日本金属,Standard,鉄鋼,,2026-09-25,2621.0,910.0,31844715.0,34505.0,8190000.0,False,True,True,True,True,False
3691.T,3691,デジタルプラス,Growth,情報・通信業,,2026-09-25,2621.0,1882.0,31837130.0,17010.0,28794600.0,False,True,True,True,True,False
4809.T,4809,パラカ,Prime,不動産業,,2026-09-25,2621.0,2040.0,31716060.0,15635.0,34476000.0,False,True,True,True,True,False
6513.T,6513,オリジン,Standard,電気機器,,2026-09-25,2621.0,1319.0,31494380.0,24755.0,18729800.0,False,True,True,True,True,False
6626.T,6626,ＳＥＭＩＴＥＣ,Standard,電気機器,,2026-09-25,2621.0,2387.0,31467695.0,13415.0,20289500.0,False,True,True,True,True,False
8139.T,8139,ナガホリ,Standard,卸売業,,2026-09-25,2621.0,2173.0,31450315.0,14105.0,27379800.0,False,True,True,True,True,False
5285.T,5285,ヤマックス,Standard,ガラス・土石製品,,2026-09-25,2621.0,1341.0,31321605.0,22965.0,16494300.0,False,True,True,True,True,False
2462.T,2462,ライク,Prime,サービス業,,2026-09-25,2621.0,1523.0,31290385.0,20595.0,32135300.0,False,True,True,True,True,False
7463.T,7463,アドヴァングループ,Standard,小売業,,2026-09-25,2621.0,999.0,31243260.0,32305.0,45354600.0,False,True,True,True,True,False
6291.T,6291,日本エアーテック,Standard,機械,,2026-09-25,2621.0,1341.0,31236280.0,23135.0,21992400.0,False,True,True,True,True,False
3834.T,3834,朝日ネット,Prime,情報・通信業,,2026-09-25,2621.0,609.0,31174180.0,50990.0,32581500.0,False,True,True,True,True,False
4814.T,4814,ネクストウェア,Standard,情報・通信業,,2026-09-25,2621.0,166.0,31174075.0,183445.0,8764800.0,False,False,True,True,True,False
2776.T,2776,新都ホールディングス,Standard,卸売業,,2026-09-25,2621.0,93.0,31172165.0,309860.0,11894700.0,False,False,True,True,True,False
2751.T,2751,テンポスホールディングス,Standard,卸売業,,2026-09-25,2621.0,3615.0,31161675.0,8545.0,61455000.0,False,True,True,True,True,False
6493.T,6493,ＮＩＴＴＡＮ,Standard,輸送用機器,,2026-09-25,2621.0,490.0,30788410.0,62420.0,20727000.0,False,True,True,True,True,False
4415.T,4415,ブロードエンタープライズ,Growth,情報・通信業,,2026-09-25,1166.0,1436.0,30746885.0,22360.0,14790800.0,False,True,True,True,True,False
1967.T,1967,ヤマト,Standard,建設業,,2026-09-25,2621.0,2144.0,30729980.0,14545.0,24441600.0,False,True,True,True,True,False
2922.T,2922,なとり,Prime,食料品,,2026-09-25,2621.0,2007.0,30643400.0,15355.0,47565900.0,False,True,True,True,True,False
3623.T,3623,ビリングシステム,Growth,情報・通信業,,2026-09-25,2621.0,1275.0,30590640.0,24110.0,18105000.0,False,True,True,True,True,False
4040.T,4040,南海化学,Standard,化学,,2026-09-25,838.0,4010.0,30470975.0,7770.0,38095000.0,False,True,True,True,True,False
4463.T,4463,日華化学,Standard,化学,,2026-09-25,2621.0,2005.0,30465410.0,15370.0,14235500.0,False,True,True,True,True,False
4347.T,4347,ブロードメディア,Standard,サービス業,,2026-09-25,2621.0,1887.0,30352575.0,17150.0,16605600.0,False,True,True,True,True,False
9941.T,9941,太洋物産,Standard,卸売業,,2026-09-25,2621.0,1079.0,30294050.0,25195.0,32585800.0,False,True,True,True,True,False
3446.T,3446,ジェイテックコーポレーション,Standard,金属製品,,2026-09-25,2101.0,1575.0,30287350.0,19085.0,9922500.0,False,True,True,True,True,False
1828.T,1828,田辺工業,Standard,建設業,,2026-09-25,2621.0,2426.0,30239910.0,12365.0,72537400.0,False,True,True,True,True,False
6666.T,6666,リバーエレテック,Standard,電気機器,,2026-09-25,2621.0,812.0,30105680.0,37680.0,11205600.0,False,True,True,True,True,False
9337.T,9337,トリドリ,Growth,サービス業,,2026-09-25,921.0,1448.0,29942930.0,20635.0,14769600.0,False,True,True,True,True,False
4783.T,4783,ＮＣＤ,Standard,情報・通信業,,2026-09-25,2621.0,2628.0,29856645.0,11375.0,30222000.0,False,True,True,True,True,False
6091.T,6091,ウエスコホールディングス,Standard,サービス業,,2026-09-25,2621.0,997.0,29817620.0,32735.0,17248100.0,False,True,True,True,True,False
2935.T,2935,ピックルスホールディングス,Prime,食料品,,2026-09-25,993.0,1215.0,29788725.0,24750.0,35235000.0,False,True,True,True,True,False
3159.T,3159,丸善ＣＨＩホールディングス,Standard,小売業,,2026-09-25,2621.0,380.0,29786840.0,75675.0,11058000.0,False,True,True,True,True,False
4576.T,4576,デ・ウエスタン・セラピテクス研究所,Growth,医薬品,,2026-09-25,2621.0,70.0,29738195.0,386465.0,12376000.0,False,False,True,True,True,False
6803.T,6803,ティアック,Standard,電気機器,,2026-09-25,2621.0,99.0,29713625.0,300085.0,25631100.0,False,False,True,True,True,False
8798.T,8798,アドバンスクリエイト,Prime,保険業,,2026-09-25,2621.0,134.0,29607750.0,187020.0,32870200.0,False,False,True,True,True,False
6912.T,6912,菊水ホールディングス,Standard,電気機器,,2026-09-25,2621.0,2718.0,29549110.0,11675.0,41041800.0,False,True,True,True,True,False
7185.T,7185,ヒロセ通商,Standard,証券、商品先物取引業,,2026-09-25,2590.0,3890.0,29520150.0,7545.0,44735000.0,False,True,True,True,True,False
6533.T,6533,Ｏｒｃｈｅｓｔｒａ　Ｈｏｌｄｉｎｇｓ,Prime,サービス業,,2026-09-25,2469.0,1228.0,29480250.0,25115.0,17806000.0,False,True,True,True,True,False
6620.T,6620,宮越ホールディングス,Prime,不動産業,,2026-09-25,2621.0,673.0,29415690.0,42290.0,41860600.0,False,True,True,True,True,False
4019.T,4019,スタメン,Growth,情報・通信業,,2026-09-25,1412.0,626.0,29408565.0,45780.0,11080200.0,False,True,True,True,True,False
155A.T,155A,情報戦略テクノロジー,Growth,情報・通信業,,2026-09-25,609.0,800.0,29393690.0,35610.0,48240000.0,False,True,True,True,True,False
7683.T,7683,ダブルエー,Prime,小売業,,2026-09-25,1683.0,1415.0,29347175.0,20790.0,25894500.0,False,True,True,True,True,False
2193.T,2193,クックパッド,Standard,サービス業,,2026-09-25,2621.0,130.0,29343190.0,226520.0,24661000.0,False,False,True,True,True,False
7435.T,7435,ナ・デックス,Standard,卸売業,,2026-09-25,2621.0,1341.0,29052625.0,22330.0,17567100.0,False,True,True,True,True,False
9450.T,9450,ファイバーゲート,Standard,情報・通信業,,2026-09-25,2084.0,791.0,29002285.0,37155.0,27447700.0,False,True,True,True,True,False
6316.T,6316,丸山製作所,Standard,機械,,2026-09-25,2621.0,2993.0,28859055.0,9610.0,35018100.0,False,True,True,True,True,False
2804.T,2804,ブルドックソース,Prime,食料品,,2026-09-25,2621.0,1854.0,28834275.0,15470.0,29849400.0,False,True,True,True,True,False
7603.T,7603,ジーイエット,Standard,小売業,,2026-09-25,2621.0,34.0,28828830.0,742115.0,20961000.0,False,False,True,True,True,False
4538.T,4538,扶桑薬品工業,Prime,医薬品,,2026-09-25,2621.0,2250.0,28816640.0,12795.0,43875000.0,False,True,True,True,True,False
1716.T,1716,第一カッター興業,Standard,建設業,,2026-09-25,2621.0,1371.0,28759715.0,20770.0,28516800.0,False,True,True,True,True,False
4627.T,4627,ナトコ,Standard,化学,,2026-09-25,2621.0,1965.0,28691610.0,15095.0,5305500.0,False,True,True,True,True,False
2204.T,2204,中村屋,Standard,食料品,,2026-09-25,2621.0,3110.0,28669600.0,9105.0,28612000.0,False,True,True,True,True,False
7819.T,7819,粧美堂,Standard,その他製品,,2026-09-25,2621.0,991.0,28601200.0,28570.0,43703100.0,False,True,True,True,True,False
4832.T,4832,ＪＦＥシステムズ,Standard,情報・通信業,,2026-09-25,2621.0,1923.0,28459495.0,14735.0,8653500.0,False,True,True,True,True,False
369A.T,369A,エータイ,Growth,サービス業,,2026-09-25,304.0,2730.0,28445760.0,10915.0,26208000.0,False,True,True,True,True,False
5729.T,5729,日本精鉱,Standard,非鉄金属,,2026-09-25,2621.0,1700.0,28426910.0,16155.0,10200000.0,False,True,True,True,True,False
2445.T,2445,タカミヤ,Prime,サービス業,,2026-09-25,2621.0,401.0,28379570.0,71090.0,15278100.0,False,True,True,True,True,False
2498.T,2498,オリエンタルコンサルタンツホールディングス,Standard,サービス業,,2026-09-25,2621.0,3175.0,28302475.0,8915.0,57467500.0,False,True,True,True,True,False
1873.T,1873,日本ハウスホールディングス,Prime,建設業,,2026-09-25,2621.0,312.0,28249235.0,89185.0,29640000.0,False,True,True,True,True,False
269A.T,269A,Ｓａｐｅｅｔ,Growth,情報・通信業,,2026-09-25,464.0,3045.0,28134150.0,9830.0,18879000.0,False,True,True,True,True,False
3940.T,3940,ノムラシステムコーポレーション,Standard,情報・通信業,,2026-09-25,2467.0,133.0,28040320.0,214175.0,6024900.0,False,False,True,True,True,False
7820.T,7820,ニホンフラッシュ,Prime,その他製品,,2026-09-25,2621.0,715.0,27968965.0,39510.0,19591000.0,False,True,True,True,True,False
5282.T,5282,ジオスター,Standard,ガラス・土石製品,,2026-09-25,2621.0,406.0,27877560.0,66105.0,15306200.0,False,True,True,True,True,False
4113.T,4113,田岡化学工業,Standard,化学,,2026-09-25,2621.0,816.0,27851210.0,34435.0,12648000.0,False,True,True,True,True,False
7983.T,7983,ミロク,Standard,その他製品,,2026-09-25,2621.0,1162.0,27844255.0,21365.0,1394400.0,False,True,True,False,True,False
3551.T,3551,ダイニック,Standard,繊維製品,,2026-09-25,2621.0,1556.0,27837125.0,17440.0,21161600.0,False,True,True,True,True,False
3075.T,3075,銚子丸,Standard,小売業,,2026-09-25,2621.0,1701.0,27718905.0,16310.0,21262500.0,False,True,True,True,True,False
2923.T,2923,サトウ食品,Standard,食料品,,2026-09-25,2621.0,7410.0,27685350.0,3610.0,16302000.0,False,True,True,True,True,False
9560.T,9560,プログリット,Growth,サービス業,,2026-09-25,975.0,898.0,27636585.0,30610.0,13110800.0,False,True,True,True,True,False
2475.T,2475,ＷＤＢホールディングス,Prime,サービス業,,2026-09-25,2621.0,1773.0,27580180.0,15420.0,38474100.0,False,True,True,True,True,False
3807.T,3807,フィスコ,Growth,情報・通信業,,2026-09-25,2621.0,92.0,27420885.0,309525.0,36073200.0,False,False,True,True,True,False
3911.T,3911,Ａｉｍｉｎｇ,Growth,情報・通信業,,2026-09-25,2621.0,172.0,27381865.0,153315.0,24561600.0,False,False,True,True,True,False
4441.T,4441,トビラシステムズ,Standard,情報・通信業,,2026-09-25,1806.0,1521.0,27359605.0,18135.0,12015900.0,False,True,True,True,True,False
7292.T,7292,村上開明堂,Standard,輸送用機器,,2026-09-25,2621.0,6830.0,27216600.0,3985.0,8879000.0,False,True,True,True,True,False
5871.T,5871,ＳＯＬＩＺＥ　Ｈｏｌｄｉｎｇｓ,Standard,サービス業,,2026-09-25,642.0,1378.0,27115285.0,18870.0,16122600.0,False,True,True,True,True,False
8018.T,8018,三共生興,Standard,卸売業,,2026-09-25,2621.0,849.0,27049590.0,31545.0,21564600.0,False,True,True,True,True,False
6276.T,6276,シリウスビジョン,Standard,電気機器,,2026-09-25,2621.0,360.0,26994230.0,74710.0,10152000.0,False,True,True,True,True,False
9235.T,9235,売れるネット広告社グループ,Growth,サービス業,,2026-09-25,713.0,400.0,26992160.0,62495.0,16960000.0,False,True,True,True,True,False
6199.T,6199,セラク,Standard,サービス業,,2026-09-25,2519.0,1368.0,26750820.0,19265.0,24213600.0,False,True,True,True,True,False
6969.T,6969,松尾電機,Standard,電気機器,,2026-09-25,2621.0,1010.0,26676980.0,26515.0,12827000.0,False,True,True,True,True,False
7089.T,7089,フォースタートアップス,Growth,サービス業,,2026-09-25,1596.0,1425.0,26650630.0,18495.0,18240000.0,False,True,True,True,True,False
8999.T,8999,グランディハウス,Prime,不動産業,,2026-09-25,2621.0,569.0,26647985.0,46835.0,30327700.0,False,True,True,True,True,False
7987.T,7987,ナカバヤシ,Standard,その他製品,,2026-09-25,2621.0,570.0,26617615.0,47230.0,23427000.0,False,True,True,True,True,False
3542.T,3542,ベガコーポレーション,Growth,小売業,,2026-09-25,2523.0,1561.0,26459205.0,17605.0,13892900.0,False,True,True,True,True,False
2436.T,2436,共同ピーアール,Standard,サービス業,,2026-09-25,2621.0,596.0,26310440.0,43870.0,10370400.0,False,True,True,True,True,False
3921.T,3921,ネオジャパン,Prime,情報・通信業,,2026-09-25,2621.0,1687.0,26281260.0,16105.0,20581400.0,False,True,True,True,True,False
7378.T,7378,アシロ,Growth,サービス業,,2026-09-25,1266.0,1581.0,26228020.0,16720.0,7114500.0,False,True,True,True,True,False
5644.T,5644,メタルアート,Standard,鉄鋼,,2026-09-25,2621.0,7280.0,26199350.0,3580.0,13104000.0,False,True,True,True,True,False
3560.T,3560,ほぼ日,Standard,小売業,,2026-09-25,2346.0,5200.0,26191075.0,5540.0,24960000.0,False,True,True,True,True,False
7571.T,7571,ヤマノホールディングス,Standard,小売業,,2026-09-25,2621.0,85.0,26188725.0,299450.0,19040000.0,False,False,True,True,True,False
2819.T,2819,エバラ食品工業,Standard,食料品,,2026-09-25,2621.0,2516.0,26110265.0,10375.0,20882800.0,False,True,True,True,True,False
6086.T,6086,シンメンテホールディングス,Growth,サービス業,,2026-09-25,2621.0,1028.0,25887470.0,25350.0,23849600.0,False,True,True,True,True,False
6989.T,6989,北陸電気工業,Standard,電気機器,,2026-09-25,2621.0,2440.0,25873270.0,10950.0,17568000.0,False,True,True,True,True,False
5446.T,5446,北越メタル,Standard,鉄鋼,,2026-09-25,2621.0,1086.0,25866365.0,23995.0,1737600.0,False,True,True,True,True,False
6030.T,6030,アドベンチャー,Growth,サービス業,,2026-09-25,2621.0,1717.0,25830905.0,15260.0,36915500.0,False,True,True,True,True,False
8029.T,8029,ルックホールディングス,Standard,繊維製品,,2026-09-25,2621.0,2714.0,25817185.0,9680.0,23883200.0,False,True,True,True,True,False
6035.T,6035,アイ・アールジャパンホールディングス,Prime,サービス業,,2026-09-25,2621.0,755.0,25786505.0,34800.0,27935000.0,False,True,True,True,True,False
7091.T,7091,リビングプラットフォーム,Growth,サービス業,,2026-09-25,1594.0,1325.0,25761230.0,19930.0,31535000.0,False,True,True,True,True,False
9204.T,9204,スカイマーク,Growth,空運業,,2026-09-25,2621.0,425.0,25756425.0,60925.0,10370000.0,False,True,True,True,True,False
4264.T,4264,セキュア,Growth,情報・通信業,,2026-09-25,1158.0,1414.0,25745585.0,18095.0,19513200.0,False,True,True,True,True,False
4371.T,4371,コアコンセプト・テクノロジー,Growth,情報・通信業,,2026-09-25,1224.0,1457.0,25617765.0,17720.0,18066800.0,False,True,True,True,True,False
4838.T,4838,スペースシャワーＳＫＩＹＡＫＩホールディングス,Standard,情報・通信業,,2026-09-25,2621.0,711.0,25423745.0,35930.0,16921800.0,False,True,True,True,True,False
5983.T,5983,イワブチ,Standard,金属製品,,2026-09-25,2621.0,13990.0,25290150.0,1850.0,20985000.0,False,True,True,True,True,False
3447.T,3447,信和,Standard,金属製品,,2026-09-25,2088.0,1014.0,25254370.0,24925.0,26769600.0,False,True,True,True,True,False
6262.T,6262,ＰＥＧＡＳＵＳ,Standard,機械,,2026-09-25,2621.0,531.0,25252600.0,47930.0,24638400.0,False,True,True,True,True,False
1921.T,1921,巴コーポレーション,Standard,建設業,,2026-09-25,2621.0,1990.0,25213880.0,13005.0,64277000.0,False,True,True,True,True,False
1960.T,1960,サンテック,Standard,建設業,,2026-09-25,2621.0,1715.0,25191140.0,15015.0,24524500.0,False,True,True,True,True,False
7048.T,7048,ベルトラ,Growth,サービス業,,2026-09-25,1888.0,145.0,25148830.0,162055.0,42079000.0,False,False,True,True,True,False
3835.T,3835,ｅＢＡＳＥ,Prime,情報・通信業,,2026-09-25,2621.0,430.0,25138375.0,57775.0,14233000.0,False,True,True,True,True,False
4094.T,4094,日本化学産業,Standard,化学,,2026-09-25,2621.0,2276.0,25128430.0,11025.0,65776400.0,False,True,True,True,True,False
274A.T,274A,ガーデン,Standard,小売業,,2026-09-25,447.0,2246.0,24860040.0,10890.0,6064200.0,False,True,True,True,True,False
3237.T,3237,イントランス,Growth,不動産業,,2026-09-25,2621.0,92.0,24841840.0,260830.0,43681600.0,False,False,True,True,True,False
9788.T,9788,ナック,Prime,サービス業,,2026-09-25,2621.0,520.0,24818810.0,47760.0,19084000.0,False,True,True,True,True,False
3992.T,3992,ニーズウェル,Prime,情報・通信業,,2026-09-25,2217.0,466.0,24812710.0,52445.0,14818800.0,False,True,True,True,True,False
7191.T,7191,イントラスト,Standard,その他金融業,,2026-09-25,2413.0,1213.0,24779995.0,21055.0,10795700.0,False,True,True,True,True,False
6955.T,6955,ＦＤＫ,Standard,電気機器,,2026-09-25,2621.0,408.0,24719625.0,59965.0,9955200.0,False,True,True,True,True,False
5258.T,5258,トランザクション・メディア・ネットワークス,Growth,情報・通信業,,2026-09-25,850.0,432.0,24649690.0,57565.0,11145600.0,False,True,True,True,True,False
4880.T,4880,セルソース,Prime,医薬品,,2026-09-25,1686.0,325.0,24647445.0,74285.0,19890000.0,False,True,True,True,True,False
3935.T,3935,エディア,Standard,情報・通信業,,2026-09-25,2571.0,748.0,24572910.0,34155.0,37624400.0,False,True,True,True,True,False
7050.T,7050,フロンティアインターナショナル,Growth,サービス業,,2026-09-25,1846.0,1529.0,24449415.0,16680.0,12079100.0,False,True,True,True,True,False
410A.T,410A,ＧＭＯコマース,Growth,サービス業,,2026-09-25,243.0,1280.0,24351965.0,19920.0,300160000.0,False,True,False,True,True,False
1384.T,1384,ホクリヨウ,Standard,水産・農林業,,2026-09-25,2621.0,2144.0,24290395.0,11105.0,21225600.0,False,True,True,True,True,False
5255.T,5255,モンスターラボ,Growth,情報・通信業,,2026-09-25,855.0,80.0,24274250.0,274115.0,12384000.0,False,False,True,True,True,False
6151.T,6151,日東工器,Prime,機械,,2026-09-25,2621.0,1762.0,24270165.0,13975.0,25725200.0,False,True,True,True,True,False
2927.T,2927,ＡＦＣ－ＨＤアムスライフサイエンス,Standard,食料品,,2026-09-25,2621.0,850.0,24264720.0,27870.0,16575000.0,False,True,True,True,True,False
2164.T,2164,地域新聞社,Growth,サービス業,,2026-09-25,2621.0,113.0,24189765.0,174300.0,2983200.0,False,False,True,True,True,False
6257.T,6257,藤商事,Standard,機械,,2026-09-25,2621.0,1018.0,23906675.0,23515.0,30438200.0,False,True,True,True,True,False
1914.T,1914,日本基礎技術,Standard,建設業,,2026-09-25,2621.0,823.0,23837380.0,29380.0,9958300.0,False,True,True,True,True,False
3440.T,3440,日創グループ,Standard,金属製品,,2026-09-25,1755.0,875.0,23789710.0,26740.0,19775000.0,False,True,True,True,True,False
4013.T,4013,勤次郎,Growth,情報・通信業,,2026-09-25,1455.0,647.0,23564410.0,35985.0,24715400.0,False,True,True,True,True,False
9237.T,9237,笑美面,Growth,サービス業,,2026-09-25,710.0,819.0,23530465.0,26510.0,20475000.0,False,True,True,True,True,False
4412.T,4412,サイエンスアーツ,Growth,情報・通信業,,2026-09-25,1181.0,1390.0,23405925.0,17370.0,12927000.0,False,True,True,True,True,False
2479.T,2479,ジェイテック,Standard,サービス業,,2026-09-25,2621.0,264.0,23392810.0,89415.0,15866400.0,False,True,True,True,True,False
208A.T,208A,構造計画研究所ホールディングス,Standard,情報・通信業,,2026-09-25,2621.0,2906.0,23382320.0,8025.0,7846200.0,False,True,True,True,True,False
3976.T,3976,シャノン,Growth,情報・通信業,,2026-09-25,2380.0,571.0,23311580.0,38510.0,5767100.0,False,True,True,True,True,False
2700.T,2700,木徳神糧,Standard,卸売業,,2026-09-25,2621.0,1754.0,23285045.0,13090.0,12102600.0,False,True,True,True,True,False
372A.T,372A,レント,Standard,サービス業,,2026-09-25,302.0,5600.0,23265950.0,4185.0,20160000.0,False,True,True,True,True,False
6228.T,6228,ジェイ・イー・ティ,Standard,機械,,2026-09-25,1343.0,540.0,23255710.0,44700.0,11286000.0,False,True,True,True,True,False
5261.T,5261,リソルホールディングス,Prime,サービス業,,2026-09-25,2621.0,7590.0,23248000.0,3040.0,28842000.0,False,True,True,True,True,False
7068.T,7068,フィードフォースグループ,Growth,サービス業,,2026-09-25,1761.0,615.0,23234750.0,38365.0,39667500.0,False,True,True,True,True,False
6073.T,6073,アサンテ,Prime,サービス業,,2026-09-25,2621.0,1494.0,23162380.0,15260.0,29581200.0,False,True,True,True,True,False
3878.T,3878,巴川コーポレーション,Standard,化学,,2026-09-25,2621.0,866.0,23154945.0,27055.0,27625400.0,False,True,True,True,True,False
7022.T,7022,サノヤスホールディングス,Standard,機械,,2026-09-25,2621.0,359.0,23153990.0,67270.0,17124300.0,False,True,True,True,True,False
190A.T,190A,Ｃｈｏｒｄｉａ　Ｔｈｅｒａｐｅｕｔｉｃｓ,Growth,医薬品,,2026-09-25,556.0,69.0,23077560.0,324715.0,24288000.0,False,False,True,True,True,False
3183.T,3183,ウイン・パートナーズ,Prime,卸売業,,2026-09-25,2621.0,1276.0,22870990.0,18105.0,26540800.0,False,True,True,True,True,False
5256.T,5256,Ｆｕｓｉｃ,Growth,情報・通信業,,2026-09-25,851.0,3535.0,22862875.0,7415.0,134330000.0,False,True,True,True,True,False
6643.T,6643,戸上電機製作所,Standard,電気機器,,2026-09-25,2621.0,5680.0,22854550.0,4035.0,9088000.0,False,True,True,True,True,False
4014.T,4014,カラダノート,Growth,情報・通信業,,2026-09-25,1444.0,447.0,22793685.0,47675.0,45906900.0,False,True,True,True,True,False
3242.T,3242,アーバネットコーポレーション,Standard,不動産業,,2026-09-25,2621.0,530.0,22790875.0,43280.0,18656000.0,False,True,True,True,True,False
3640.T,3640,電算,Standard,情報・通信業,,2026-09-25,2621.0,2803.0,22756745.0,8070.0,33075400.0,False,True,True,True,True,False
7359.T,7359,東京通信グループ,Growth,サービス業,,2026-09-25,1405.0,274.0,22727330.0,80565.0,7507600.0,False,True,True,True,True,False
3010.T,3010,ポラリス・ホールディングス,Standard,サービス業,,2026-09-25,2621.0,191.0,22705885.0,119335.0,43643500.0,False,False,True,True,True,False
2268.T,2268,Ｂ－Ｒ　サーティワン　アイスクリーム,Standard,食料品,,2026-09-25,2621.0,4045.0,22606150.0,5580.0,19820500.0,False,True,True,True,True,False
5942.T,5942,日本フイルコン,Standard,金属製品,,2026-09-25,2621.0,668.0,22531575.0,34925.0,82631600.0,False,True,True,True,True,False
7266.T,7266,今仙電機製作所,Standard,輸送用機器,,2026-09-25,2621.0,992.0,22505130.0,22585.0,18550400.0,False,True,True,True,True,False
2404.T,2404,鉄人化ホールディングス,Standard,サービス業,,2026-09-25,2621.0,529.0,22493835.0,41305.0,2750800.0,False,True,True,True,True,False
2892.T,2892,日本食品化工,Standard,食料品,,2026-09-25,2621.0,4830.0,22438850.0,4795.0,17871000.0,False,True,True,True,True,False
6082.T,6082,ライドオンエクスプレスホールディングス,Standard,サービス業,,2026-09-25,2621.0,991.0,22405140.0,22350.0,12585700.0,False,True,True,True,True,False
7075.T,7075,ＱＬＳホールディングス,Growth,サービス業,,2026-09-25,1316.0,995.0,22350595.0,22450.0,27263000.0,False,True,True,True,True,False
4893.T,4893,ノイルイミューン・バイオテック,Growth,医薬品,,2026-09-25,792.0,124.0,22296450.0,153515.0,8605600.0,False,False,True,True,True,False
1431.T,1431,Ｌｉｂ　Ｗｏｒｋ,Growth,建設業,,2026-09-25,1775.0,648.0,22220315.0,34180.0,280389600.0,False,True,True,True,True,False
6138.T,6138,ダイジェット工業,Standard,機械,,2026-09-25,2621.0,1973.0,22212810.0,11100.0,24662500.0,False,True,True,True,True,False
3422.T,3422,Ｊ－ＭＡＸ,Standard,金属製品,,2026-09-25,1354.0,628.0,22145490.0,36135.0,23926800.0,False,True,True,True,True,False
7908.T,7908,きもと,Standard,化学,,2026-09-25,2621.0,248.0,22127990.0,92170.0,16492000.0,False,True,True,True,True,False
2340.T,2340,極楽湯ホールディングス,Standard,サービス業,,2026-09-25,2621.0,540.0,22068990.0,41745.0,54756000.0,False,True,True,True,True,False
9046.T,9046,神戸電鉄,Prime,陸運業,,2026-09-25,2621.0,2474.0,22011815.0,8890.0,27956200.0,False,True,True,True,True,False
9564.T,9564,ＦＣＥ,Standard,サービス業,,2026-09-25,956.0,558.0,21941550.0,38595.0,23324400.0,False,True,True,True,True,False
6577.T,6577,ベストワンドットコム,Growth,サービス業,,2026-09-25,2061.0,1379.0,21769330.0,14475.0,12962600.0,False,True,True,True,True,False
9158.T,9158,シーユーシー,Growth,サービス業,,2026-09-25,797.0,793.0,21699850.0,28355.0,18159700.0,False,True,True,True,True,False
5464.T,5464,モリ工業,Standard,鉄鋼,,2026-09-25,2621.0,940.0,21645310.0,23130.0,24816000.0,False,True,True,True,True,False
6678.T,6678,テクノメディカ,Standard,電気機器,,2026-09-25,2621.0,2045.0,21636820.0,10570.0,22699500.0,False,True,True,True,True,False
9633.T,9633,東京テアトル,Standard,不動産業,,2026-09-25,2621.0,1915.0,21581255.0,11165.0,15320000.0,False,True,True,True,True,False
6540.T,6540,船場,Standard,サービス業,,2026-09-25,2405.0,1513.0,21555030.0,14285.0,35101600.0,False,True,True,True,True,False
3236.T,3236,プロパスト,Standard,不動産業,,2026-09-25,2621.0,284.0,21534115.0,75480.0,18119200.0,False,True,True,True,True,False
2926.T,2926,篠崎屋,Standard,食料品,,2026-09-25,2621.0,123.0,21529930.0,170535.0,18646800.0,False,False,True,True,True,False
3359.T,3359,ｃｏｔｔａ,Growth,卸売業,,2026-09-25,2621.0,512.0,21529235.0,41430.0,23859200.0,False,True,True,True,True,False
6580.T,6580,ライトアップ,Growth,サービス業,,2026-09-25,2020.0,858.0,21522865.0,23600.0,13041600.0,False,True,True,True,True,False
1376.T,1376,カネコ種苗,Standard,水産・農林業,,2026-09-25,2621.0,1602.0,21494915.0,13390.0,46137600.0,False,True,True,True,True,False
2488.T,2488,ＪＴＰ,Standard,サービス業,,2026-09-25,2621.0,1437.0,21451640.0,14820.0,35206500.0,False,True,True,True,True,False
8887.T,8887,シーラホールディングス,Standard,不動産業,,2026-09-25,2621.0,363.0,21388980.0,58400.0,18186300.0,False,True,True,True,True,False
7980.T,7980,重松製作所,Standard,その他製品,,2026-09-25,2621.0,861.0,21387945.0,24865.0,9557100.0,False,True,True,True,True,False
1848.T,1848,富士ピー・エス,Standard,建設業,,2026-09-25,2621.0,872.0,21341395.0,26425.0,59470400.0,False,True,True,True,True,False
2449.T,2449,プラップジャパン,Standard,サービス業,,2026-09-25,2621.0,1034.0,21316215.0,19760.0,13131800.0,False,True,True,True,True,False
3772.T,3772,ウェルス・マネジメント,Standard,不動産業,,2026-09-25,2621.0,1106.0,21313880.0,19375.0,27760600.0,False,True,True,True,True,False
7692.T,7692,アースインフィニティ,Standard,電気・ガス業,,2026-09-25,1451.0,77.0,21306455.0,268510.0,22122100.0,False,False,True,True,True,False
2393.T,2393,日本ケアサプライ,Standard,サービス業,,2026-09-25,2621.0,4405.0,21284800.0,4920.0,7929000.0,False,True,True,True,True,False
7460.T,7460,ヤギ,Standard,卸売業,,2026-09-25,2621.0,1628.0,21228310.0,12790.0,14814800.0,False,True,True,True,True,False
1430.T,1430,ファーストコーポレーション,Standard,建設業,,2026-09-25,2621.0,1067.0,21215230.0,20285.0,12590600.0,False,True,True,True,True,False
4574.T,4574,大幸薬品,Prime,医薬品,,2026-09-25,2621.0,259.0,21202520.0,82345.0,31209500.0,False,True,True,True,True,False
3927.T,3927,フーバーブレイン,Growth,情報・通信業,,2026-09-25,2621.0,901.0,21048480.0,23615.0,11803100.0,False,True,True,True,True,False
3926.T,3926,オープンドア,Prime,情報・通信業,,2026-09-25,2621.0,424.0,20867005.0,48170.0,10176000.0,False,True,True,True,True,False
6444.T,6444,サンデン,Standard,機械,,2026-09-25,2621.0,195.0,20836225.0,110115.0,15658500.0,False,False,True,True,True,False
1491.T,1491,中外鉱業,Standard,非鉄金属,,2026-09-25,2621.0,739.0,20800140.0,28010.0,15371200.0,False,True,True,True,True,False
1827.T,1827,ナカノフドー建設,Standard,建設業,,2026-09-25,2621.0,1449.0,20706880.0,14850.0,49555800.0,False,True,True,True,True,False
4224.T,4224,ロンシール工業,Standard,化学,,2026-09-25,2621.0,2111.0,20706035.0,9795.0,30398400.0,False,True,True,True,True,False
5816.T,5816,オーナンバ,Standard,非鉄金属,,2026-09-25,2621.0,1437.0,20687590.0,14235.0,10059000.0,False,True,True,True,True,False
9994.T,9994,やまや,Standard,小売業,,2026-09-25,2621.0,2031.0,20685840.0,10110.0,12186000.0,False,True,True,True,True,False
7035.T,7035,ａｎｄ　ｆａｃｔｏｒｙ,Standard,サービス業,,2026-09-25,1966.0,218.0,20557870.0,87120.0,5624400.0,False,True,True,True,True,False
2375.T,2375,ギグワークス,Standard,サービス業,,2026-09-25,2621.0,203.0,20499990.0,94185.0,4242700.0,False,True,True,True,True,False
2999.T,2999,ホームポジション,Standard,不動産業,,2026-09-25,1041.0,512.0,20465505.0,37705.0,4147200.0,False,True,True,True,True,False
5280.T,5280,ヨシコン,Standard,不動産業,,2026-09-25,2621.0,2217.0,20450220.0,9230.0,14853900.0,False,True,True,True,True,False
2303.T,2303,ドーン,Standard,情報・通信業,,2026-09-25,2621.0,1341.0,20447180.0,15040.0,12471300.0,False,True,True,True,True,False
9557.T,9557,エアークローゼット,Growth,サービス業,,2026-09-25,1016.0,250.0,20446490.0,83325.0,3325000.0,False,True,True,True,True,False
3963.T,3963,シンクロ・フード,Prime,情報・通信業,,2026-09-25,2460.0,324.0,20380725.0,60765.0,6998400.0,False,True,True,True,True,False
4176.T,4176,ココナラ,Growth,情報・通信業,,2026-09-25,1349.0,276.0,20262840.0,72850.0,24536400.0,False,True,True,True,True,False
8904.T,8904,ＡＶＡＮＴＩＡ,Standard,不動産業,,2026-09-25,2621.0,822.0,20245065.0,24240.0,5014200.0,False,True,True,True,True,False
9344.T,9344,アクシスコンサルティング,Growth,サービス業,,2026-09-25,855.0,1354.0,20210390.0,15360.0,20987000.0,False,True,True,True,True,False
6149.T,6149,小田原エンジニアリング,Standard,機械,,2026-09-25,2621.0,2260.0,20158555.0,8925.0,29380000.0,False,True,True,True,True,False
7646.T,7646,ＰＬＡＮＴ,Standard,小売業,,2026-09-25,2621.0,1825.0,20103675.0,10750.0,17520000.0,False,True,True,True,True,False
9312.T,9312,ケイヒン,Standard,倉庫・運輸関連業,,2026-09-25,2621.0,3050.0,20023875.0,6880.0,75945000.0,False,True,True,True,True,False
286A.T,286A,ユカリア,Growth,サービス業,,2026-09-25,433.0,743.0,20000625.0,25005.0,7281400.0,False,True,True,True,True,False
8091.T,8091,ニチモウ,Prime,卸売業,,2026-09-25,2621.0,2448.0,19940995.0,8260.0,26683200.0,False,True,True,True,True,False
6094.T,6094,フリークアウト・ホールディングス,Growth,サービス業,,2026-09-25,2621.0,524.0,19935050.0,37165.0,117428400.0,False,True,True,True,True,False
5216.T,5216,倉元製作所,Standard,ガラス・土石製品,,2026-09-25,2621.0,136.0,19669795.0,132615.0,20522400.0,False,False,True,True,True,False
6496.T,6496,中北製作所,Standard,機械,,2026-09-25,2621.0,5740.0,19662400.0,3540.0,48216000.0,False,True,True,True,True,False
6249.T,6249,ゲームカードホールディングス,Standard,機械,,2026-09-25,2621.0,2841.0,19649315.0,6900.0,49717500.0,False,True,True,True,True,False
7049.T,7049,識学,Growth,サービス業,,2026-09-25,1849.0,779.0,19583055.0,24130.0,10594400.0,False,True,True,True,True,False
2198.T,2198,アイ・ケイ・ケイホールディングス,Prime,サービス業,,2026-09-25,2621.0,772.0,19559320.0,25175.0,20380800.0,False,True,True,True,True,False
2440.T,2440,ぐるなび,Prime,サービス業,,2026-09-25,2621.0,121.0,19552705.0,155765.0,15512200.0,False,False,True,True,True,False
3121.T,3121,マーチャント・バンカーズ,Standard,サービス業,,2026-09-25,2621.0,256.0,19524380.0,74125.0,5043200.0,False,True,True,True,True,False
6031.T,6031,ＺＥＴＡ,Growth,サービス業,,2026-09-25,2621.0,283.0,19352255.0,66685.0,11716200.0,False,True,True,True,True,False
9229.T,9229,サンウェルズ,Prime,サービス業,,2026-09-25,1039.0,110.0,19305875.0,167505.0,30129000.0,False,False,True,True,True,False
3501.T,3501,ＳＵＭＩＮＯＥ,Prime,繊維製品,,2026-09-25,2621.0,1198.0,19178630.0,16300.0,18928400.0,False,True,True,True,True,False
2428.T,2428,ウェルネット,Standard,サービス業,,2026-09-25,2621.0,623.0,19151625.0,30405.0,17880100.0,False,True,True,True,True,False
4488.T,4488,ＡＩ　ｉｎｓｉｄｅ,Growth,情報・通信業,,2026-09-25,1645.0,2118.0,19120355.0,8615.0,8048400.0,False,True,True,True,True,False
8737.T,8737,あかつき本社,Standard,証券、商品先物取引業,,2026-09-25,2621.0,614.0,19090440.0,30765.0,18911200.0,False,True,True,True,True,False
7212.T,7212,エフテック,Standard,輸送用機器,,2026-09-25,2621.0,737.0,19079485.0,25800.0,35965600.0,False,True,True,True,True,False
7962.T,7962,キングジム,Prime,その他製品,,2026-09-25,2621.0,803.0,19076290.0,23915.0,24571800.0,False,True,True,True,True,False
8931.T,8931,和田興産,Standard,不動産業,,2026-09-25,2621.0,1349.0,19060300.0,13975.0,10387300.0,False,True,True,True,True,False
6721.T,6721,ウインテスト,Standard,電気機器,,2026-09-25,2621.0,74.0,19025300.0,256465.0,14592800.0,False,False,True,True,True,False
2438.T,2438,アスカネット,Growth,サービス業,,2026-09-25,2621.0,348.0,18982610.0,54620.0,7238400.0,False,True,True,True,True,False
7638.T,7638,ＮＥＷ　ＡＲＴ　ＨＯＬＤＩＮＧＳ,Standard,小売業,,2026-09-25,2621.0,1425.0,18976570.0,13540.0,24795000.0,False,True,True,True,True,False
6156.T,6156,エーワン精密,Standard,機械,,2026-09-25,2621.0,1848.0,18962165.0,10330.0,9055200.0,False,True,True,True,True,False
6518.T,6518,三相電機,Standard,電気機器,,2026-09-25,2621.0,1730.0,18953665.0,11175.0,7612000.0,False,True,True,True,True,False
3392.T,3392,デリカフーズホールディングス,Standard,卸売業,,2026-09-25,2621.0,775.0,18854635.0,23665.0,39292500.0,False,True,True,True,True,False
6743.T,6743,大同信号,Standard,電気機器,,2026-09-25,2621.0,1062.0,18852980.0,18225.0,8708400.0,False,True,True,True,True,False
3987.T,3987,エコモット,Growth,情報・通信業,,2026-09-25,2282.0,626.0,18806410.0,28015.0,2378800.0,False,True,True,True,True,False
8705.T,8705,日産証券グループ,Standard,証券、商品先物取引業,,2026-09-25,2621.0,225.0,18773240.0,84770.0,18450000.0,False,True,True,True,True,False
9368.T,9368,キムラユニティー,Standard,倉庫・運輸関連業,,2026-09-25,2621.0,963.0,18702690.0,19570.0,29178900.0,False,True,True,True,True,False
2138.T,2138,クルーズ,Standard,情報・通信業,,2026-09-25,2621.0,413.0,18672470.0,44245.0,173336100.0,False,True,True,True,True,False
5103.T,5103,昭和ホールディングス,Standard,ゴム製品,,2026-08-24,2600.0,1.0,18653805.0,3575175.0,14331500.0,False,False,True,False,False,False
7875.T,7875,竹田ｉＰホールディングス,Standard,その他製品,,2026-09-25,2125.0,858.0,18593945.0,22505.0,65122200.0,False,True,True,True,True,False
9438.T,9438,エムティーアイ,Prime,情報・通信業,,2026-09-25,2621.0,608.0,18570240.0,30935.0,13011200.0,False,True,True,True,True,False
3683.T,3683,サイバーリンクス,Standard,情報・通信業,,2026-09-25,2621.0,1078.0,18549175.0,16740.0,21560000.0,False,True,True,True,True,False
8747.T,8747,豊トラスティ証券,Standard,証券、商品先物取引業,,2026-09-25,2621.0,2300.0,18495680.0,8190.0,16790000.0,False,True,True,True,True,False
3512.T,3512,日本フエルト,Standard,繊維製品,,2026-09-25,2621.0,1046.0,18195500.0,17690.0,30124800.0,False,True,True,True,True,False
4932.T,4932,アルマード,Standard,化学,,2026-09-25,1284.0,815.0,18141035.0,22510.0,12632500.0,False,True,True,True,True,False
9218.T,9218,メンタルヘルステクノロジーズ,Growth,サービス業,,2026-09-25,1100.0,797.0,18122420.0,23100.0,21200200.0,False,True,True,True,True,False
2226.T,2226,湖池屋,Standard,食料品,,2026-09-25,2621.0,4860.0,17977150.0,3670.0,56862000.0,False,True,True,True,True,False
4465.T,4465,ニイタカ,Standard,化学,,2026-09-25,2621.0,2345.0,17948385.0,7445.0,67536000.0,False,True,True,True,True,False
3134.T,3134,Ｈａｍｅｅ,Standard,小売業,,2026-09-25,2621.0,299.0,17936890.0,60185.0,12647700.0,False,True,True,True,True,False
4998.T,4998,フマキラー,Standard,化学,,2026-09-25,2621.0,1178.0,17917110.0,15090.0,17198800.0,False,True,True,True,True,False
7131.T,7131,のむら産業,Standard,卸売業,,2026-09-25,1176.0,3775.0,17835350.0,4745.0,15477500.0,False,True,True,True,True,False
3178.T,3178,チムニー,Standard,小売業,,2026-09-25,2621.0,1191.0,17806125.0,14740.0,37159200.0,False,True,True,True,True,False
4476.T,4476,ＡＩ　ＣＲＯＳＳ,Growth,情報・通信業,,2026-09-25,1699.0,1084.0,17750635.0,15795.0,12791200.0,False,True,True,True,True,False
6658.T,6658,シライ電子工業,Standard,電気機器,,2026-09-25,2621.0,449.0,17739830.0,39155.0,21821400.0,False,True,True,True,True,False
7722.T,7722,国際計測器,Standard,精密機器,,2026-09-25,2621.0,789.0,17679930.0,22695.0,12781800.0,False,True,True,True,True,False
4175.T,4175,ｃｏｌｙ,Growth,情報・通信業,,2026-09-25,1364.0,2980.0,17654475.0,6075.0,15198000.0,False,True,True,True,True,False
5575.T,5575,Ｇｌｏｂｅｅ,Growth,情報・通信業,,2026-09-25,802.0,1186.0,17650350.0,15480.0,4862600.0,False,True,True,True,True,False
254A.T,254A,ＡＩフュージョンキャピタルグループ,Standard,証券、商品先物取引業,,2026-09-25,2621.0,1197.0,17567340.0,14550.0,48358800.0,False,True,True,True,True,False
416A.T,416A,富士ユナイトホールディングス,Standard,卸売業,,2026-09-25,2621.0,1388.0,17561250.0,13175.0,23179600.0,False,True,True,True,True,False
4629.T,4629,大伸化学,Standard,化学,,2026-09-25,2621.0,2530.0,17529210.0,7140.0,3542000.0,False,True,True,True,True,False
9127.T,9127,玉井商船,Standard,海運業,,2026-09-25,2621.0,3710.0,17505600.0,4940.0,29680000.0,False,True,True,True,True,False
7374.T,7374,コンフィデンス・インターワークス,Growth,サービス業,,2026-09-25,1282.0,1527.0,17497560.0,11480.0,21072600.0,False,True,True,True,True,False
7371.T,7371,Ｚｅｎｋｅｎ,Growth,サービス業,,2026-09-25,1290.0,800.0,17488985.0,21805.0,7280000.0,False,True,True,True,True,False
2323.T,2323,ｆｏｎｆｕｎ,Standard,情報・通信業,,2026-09-25,2621.0,359.0,17447855.0,51925.0,11631600.0,False,True,True,True,True,False
2991.T,2991,ランドネット,Standard,不動産業,,2026-09-25,1265.0,536.0,17445470.0,32920.0,5092000.0,False,True,True,True,True,False
6548.T,6548,旅工房,Growth,サービス業,,2026-09-25,2324.0,127.0,17424240.0,139210.0,1587500.0,False,False,True,True,True,False
7039.T,7039,ブリッジインターナショナルグループ,Growth,サービス業,,2026-09-25,1946.0,1346.0,17423750.0,12730.0,8749000.0,False,True,True,True,True,False
4464.T,4464,ソフト９９コーポレーション,Standard,化学,,2026-09-25,2621.0,4060.0,17421700.0,4340.0,15022000.0,False,True,True,True,True,False
6338.T,6338,タカトリ,Standard,機械,,2026-09-25,2621.0,1690.0,17365370.0,10495.0,8957000.0,False,True,True,True,True,False
2286.T,2286,林兼産業,Standard,食料品,,2026-09-25,2621.0,898.0,17335820.0,19010.0,4490000.0,False,True,True,True,True,False
206A.T,206A,ＰＲＩＳＭ　ＢｉｏＬａｂ,Growth,医薬品,,2026-09-25,544.0,172.0,17286135.0,101220.0,10234000.0,False,False,True,True,True,False
7082.T,7082,ジモティー,Growth,サービス業,,2026-09-25,1618.0,1406.0,17191450.0,12225.0,25870400.0,False,True,True,True,True,False
7247.T,7247,ミクニ,Standard,輸送用機器,,2026-09-25,2621.0,370.0,17158935.0,46250.0,9990000.0,False,True,True,True,True,False
5591.T,5591,ＡＶＩＬＥＮ,Growth,情報・通信業,,2026-09-25,730.0,885.0,17155270.0,19530.0,20532000.0,False,True,True,True,True,False
7707.T,7707,プレシジョン・システム・サイエンス,Growth,精密機器,,2026-09-25,2621.0,211.0,17153665.0,81105.0,8735400.0,False,True,True,True,True,False
4495.T,4495,アイキューブドシステムズ,Growth,情報・通信業,,2026-09-25,1512.0,2087.0,17093415.0,8350.0,20661300.0,False,True,True,True,True,False
2790.T,2790,ナフコ,Standard,小売業,,2026-09-25,2621.0,2130.0,17092215.0,8090.0,20448000.0,False,True,True,True,True,False
6279.T,6279,瑞光,Prime,機械,,2026-09-25,2621.0,946.0,17091560.0,18495.0,24312200.0,False,True,True,True,True,False
7792.T,7792,コラントッテ,Growth,その他製品,,2026-09-25,1274.0,1484.0,17085475.0,11510.0,49714000.0,False,True,True,True,True,False
6229.T,6229,オーケーエム,Standard,機械,,2026-09-25,1410.0,1479.0,17057155.0,11485.0,11684100.0,False,True,True,True,True,False
5026.T,5026,トリプルアイズ,Growth,情報・通信業,,2026-09-25,1057.0,611.0,17010095.0,27825.0,20774000.0,False,True,True,True,True,False
7352.T,7352,ＴＷＯＳＴＯＮＥ＆Ｓｏｎｓ,Growth,サービス業,,2026-09-25,1517.0,326.0,16904280.0,51905.0,11084000.0,False,True,True,True,True,False
4237.T,4237,フジプレアム,Standard,化学,,2026-09-25,2621.0,336.0,16902430.0,48095.0,5308800.0,False,True,True,True,True,False
4492.T,4492,ゼネテック,Standard,情報・通信業,,2026-09-25,1592.0,386.0,16837700.0,41795.0,6523400.0,False,True,True,True,True,False
3467.T,3467,アグレ都市デザイン,Standard,不動産業,,2026-09-25,2590.0,2838.0,16829250.0,5940.0,7378800.0,False,True,True,True,True,False
5843.T,5843,ニッポンインシュア,Standard,その他金融業,,2026-09-25,726.0,2324.0,16821780.0,7230.0,16035600.0,False,True,True,True,True,False
4829.T,4829,日本エンタープライズ,Standard,情報・通信業,,2026-09-25,2621.0,108.0,16748350.0,154075.0,11869200.0,False,False,True,True,True,False
2693.T,2693,ＹＫＴ,Standard,卸売業,,2026-09-25,2621.0,286.0,16728545.0,58840.0,85742800.0,False,True,True,True,True,False
2901.T,2901,ウェルディッシュ,Standard,食料品,,2026-09-25,2621.0,152.0,16703590.0,110520.0,10685600.0,False,False,True,True,True,False
4255.T,4255,ＴＨＥＣＯＯ,Growth,情報・通信業,,2026-09-25,1162.0,3480.0,16696275.0,4740.0,18792000.0,False,True,True,True,True,False
3021.T,3021,パシフィックネット,Standard,サービス業,,2026-09-25,2621.0,1640.0,16647955.0,10370.0,6724000.0,False,True,True,True,True,False
9639.T,9639,三協フロンテア,Standard,サービス業,,2026-09-25,2621.0,2403.0,16542485.0,6995.0,6488100.0,False,True,True,True,True,False
5587.T,5587,インバウンドプラットフォーム,Growth,情報・通信業,,2026-09-25,749.0,801.0,16498730.0,20565.0,4165200.0,False,True,True,True,True,False
5252.T,5252,日本ナレッジ,Growth,情報・通信業,,2026-09-25,857.0,1024.0,16490790.0,18885.0,19865600.0,False,True,True,True,True,False
335A.T,335A,ミライロ,Growth,情報・通信業,,2026-09-25,368.0,318.0,16326920.0,49855.0,6773400.0,False,True,True,True,True,False
3695.T,3695,ＧＭＯプロダクトプラットフォーム,Growth,情報・通信業,,2026-09-25,2621.0,1717.0,16285375.0,10330.0,11847300.0,False,True,True,True,True,False
4442.T,4442,バルテス・ホールディングス,Growth,情報・通信業,,2026-09-25,1787.0,407.0,16257905.0,40035.0,35449700.0,False,True,True,True,True,False
8041.T,8041,ＯＵＧホールディングス,Standard,卸売業,,2026-09-25,2621.0,4615.0,16246900.0,3500.0,21229000.0,False,True,True,True,True,False
195A.T,195A,ＭＵＳＣＡＴ　ＧＲＯＵＰ,Growth,サービス業,,2026-09-25,553.0,725.0,16175375.0,23705.0,9207500.0,False,True,True,True,True,False
8165.T,8165,千趣会,Standard,小売業,,2026-09-25,2621.0,101.0,16123615.0,156400.0,22714900.0,False,False,True,True,True,False
5133.T,5133,テリロジーホールディングス,Standard,情報・通信業,,2026-09-25,953.0,307.0,16074095.0,53160.0,17499000.0,False,True,True,True,True,False
6494.T,6494,ＮＦＫホールディングス,Standard,機械,,2026-09-25,2621.0,100.0,16056760.0,164485.0,6470000.0,False,False,True,True,True,False
6384.T,6384,昭和真空,Standard,機械,,2026-09-25,2621.0,1733.0,16024610.0,9360.0,18023200.0,False,True,True,True,True,False
3069.T,3069,ＪＦＬＡホールディングス,Standard,食料品,,2026-09-25,2621.0,162.0,16015070.0,96130.0,14061600.0,False,False,True,True,True,False
3597.T,3597,自重堂,Standard,繊維製品,,2026-09-25,2621.0,8990.0,15998700.0,1780.0,9889000.0,False,True,True,True,True,False
3175.T,3175,エー・ピーホールディングス,Standard,小売業,,2026-09-25,2621.0,972.0,15944510.0,16445.0,33631200.0,False,True,True,True,True,False
4811.T,4811,ドリーム・アーツ,Growth,情報・通信業,,2026-09-25,709.0,886.0,15924005.0,17920.0,14176000.0,False,True,True,True,True,False
3675.T,3675,クロス・マーケティンググループ,Prime,情報・通信業,,2026-09-25,2621.0,600.0,15912920.0,26425.0,11340000.0,False,True,True,True,True,False
5204.T,5204,石塚硝子,Standard,ガラス・土石製品,,2026-09-25,2621.0,3080.0,15854055.0,5220.0,4928000.0,False,True,True,True,True,False
7781.T,7781,平山ホールディングス,Standard,精密機器,,2026-09-25,2621.0,876.0,15816550.0,17950.0,8935200.0,False,True,True,True,True,False
4397.T,4397,チームスピリット,Growth,情報・通信業,,2026-09-25,1977.0,391.0,15677860.0,38315.0,5004800.0,False,True,True,True,True,False
2485.T,2485,ティア,Standard,サービス業,,2026-09-25,2621.0,452.0,15633045.0,34810.0,14283200.0,False,True,True,True,True,False
4287.T,4287,ジャストプランニング,Standard,情報・通信業,,2026-09-25,2621.0,489.0,15582685.0,33135.0,7579500.0,False,True,True,True,True,False
3951.T,3951,朝日印刷,Standard,パルプ・紙,,2026-09-25,2621.0,911.0,15568005.0,17150.0,16306900.0,False,True,True,True,True,False
6573.T,6573,アジャイルメディア・ネットワーク,Growth,サービス業,,2026-09-25,2080.0,27.0,15561855.0,547755.0,7884000.0,False,False,True,True,True,False
4284.T,4284,ソルクシーズ,Standard,情報・通信業,,2026-09-25,2621.0,455.0,15559790.0,34325.0,8554000.0,False,True,True,True,True,False
4845.T,4845,スカラ,Prime,情報・通信業,,2026-09-25,2621.0,350.0,15522470.0,44330.0,9135000.0,False,True,True,True,True,False
7084.T,7084,Ｓｍｉｌｅ　Ｈｏｌｄｉｎｇｓ,Growth,サービス業,,2026-09-25,1603.0,2814.0,15480685.0,5415.0,19135200.0,False,True,True,True,True,False
2573.T,2573,北海道コカ・コーラボトリング,Standard,食料品,,2026-09-25,2621.0,4130.0,15480175.0,3805.0,23128000.0,False,True,True,True,True,False
3277.T,3277,サンセイランディック,Standard,不動産業,,2026-09-25,2621.0,840.0,15477725.0,18920.0,23100000.0,False,True,True,True,True,False
6092.T,6092,エンバイオ・ホールディングス,Standard,サービス業,,2026-09-25,2620.0,819.0,15459205.0,18390.0,12121200.0,False,True,True,True,True,False
8769.T,8769,アドバンテッジリスクマネジメント,Standard,サービス業,,2026-09-25,2621.0,529.0,15456970.0,30395.0,9416200.0,False,True,True,True,True,False
6907.T,6907,ジオマテック,Standard,電気機器,,2026-09-25,2621.0,789.0,15412240.0,19930.0,9152400.0,False,True,True,True,True,False
8046.T,8046,丸藤シートパイル,Standard,卸売業,,2026-09-25,2621.0,992.0,15411845.0,15505.0,12499200.0,False,True,True,True,True,False
9765.T,9765,オオバ,Prime,サービス業,,2026-09-25,2621.0,1207.0,15396425.0,13015.0,49004200.0,False,True,True,True,True,False
2112.T,2112,塩水港精糖,Standard,食料品,,2026-09-25,2621.0,463.0,15305465.0,32600.0,17964400.0,False,True,True,True,True,False
3154.T,3154,メディアスホールディングス,Prime,卸売業,,2026-09-25,2621.0,798.0,15302505.0,19425.0,13805400.0,False,True,True,True,True,False
7080.T,7080,スポーツフィールド,Growth,サービス業,,2026-09-25,1644.0,902.0,15220785.0,17265.0,6223800.0,False,True,True,True,True,False
4231.T,4231,タイガースポリマー,Standard,化学,,2026-09-25,2621.0,1039.0,15072185.0,14475.0,12883600.0,False,True,True,True,True,False
160A.T,160A,アズパートナーズ,Standard,サービス業,,2026-09-25,604.0,2001.0,15051645.0,7650.0,19009500.0,False,True,True,True,True,False
3513.T,3513,イチカワ,Standard,繊維製品,,2026-09-25,2621.0,3790.0,14995350.0,4255.0,7580000.0,False,True,True,True,True,False
9709.T,9709,ＮＣＳ＆Ａ,Standard,情報・通信業,,2026-09-25,2621.0,1274.0,14982560.0,11825.0,8663200.0,False,True,True,True,True,False
9950.T,9950,ハチバン,Standard,小売業,,2026-09-25,2621.0,3345.0,14956050.0,4405.0,11373000.0,False,True,True,True,True,False
7878.T,7878,光・彩,Standard,その他製品,,2026-09-25,2621.0,1176.0,14951320.0,11545.0,2704800.0,False,True,True,True,True,False
6635.T,6635,大日光・エンジニアリング,Standard,電気機器,,2026-09-25,2621.0,679.0,14926065.0,22390.0,1901200.0,False,True,True,True,True,False
8894.T,8894,ＲＥＶＯＬＵＴＩＯＮ,Standard,不動産業,,2026-09-25,2621.0,15.0,14915580.0,807795.0,28920000.0,False,False,True,True,True,False
2814.T,2814,佐藤食品工業,Standard,食料品,,2026-09-25,2621.0,1899.0,14853085.0,7745.0,14432400.0,False,True,True,True,True,False
1867.T,1867,植木組,Standard,建設業,,2026-09-25,2621.0,2732.0,14810455.0,5440.0,15299200.0,False,True,True,True,True,False
4896.T,4896,ケイファーマ,Growth,医薬品,,2026-09-25,717.0,800.0,14645435.0,18245.0,7680000.0,False,True,True,True,True,False
3747.T,3747,インタートレード,Standard,情報・通信業,,2026-09-25,2621.0,407.0,14644245.0,34920.0,4110700.0,False,True,True,True,True,False
6853.T,6853,共和電業,Standard,電気機器,,2026-09-25,2621.0,767.0,14607200.0,19085.0,7670000.0,False,True,True,True,True,False
3418.T,3418,バルニバービ,Growth,小売業,,2026-09-25,2621.0,1048.0,14536725.0,13825.0,13624000.0,False,True,True,True,True,False
1866.T,1866,北野建設,Standard,建設業,,2026-09-25,2621.0,1141.0,14378075.0,12555.0,23504600.0,False,True,True,True,True,False
2009.T,2009,鳥越製粉,Standard,食料品,,2026-09-25,2621.0,1113.0,14320005.0,12965.0,37619400.0,False,True,True,True,True,False
8928.T,8928,穴吹興産,Standard,不動産業,,2026-09-25,2621.0,2309.0,14294250.0,6170.0,9697800.0,False,True,True,True,True,False
6061.T,6061,ユニバーサル園芸社,Standard,サービス業,,2026-09-25,2621.0,3180.0,14292500.0,4460.0,14310000.0,False,True,True,True,True,False
8365.T,8365,富山銀行,Standard,銀行業,,2026-09-25,2621.0,2422.0,14223370.0,6020.0,30032800.0,False,True,True,True,True,False
6335.T,6335,東京機械製作所,Standard,機械,,2026-09-25,2621.0,582.0,14199795.0,24190.0,6518400.0,False,True,True,True,True,False
5284.T,5284,ヤマウホールディングス,Standard,ガラス・土石製品,,2026-09-25,2621.0,2225.0,14197895.0,6350.0,9567500.0,False,True,True,True,True,False
2483.T,2483,翻訳センター,Standard,サービス業,,2026-09-25,2621.0,2280.0,14165540.0,6390.0,13680000.0,False,True,True,True,True,False
211A.T,211A,カドス・コーポレーション,Standard,建設業,,2026-09-25,533.0,3230.0,14124850.0,4240.0,11951000.0,False,True,True,True,True,False
7377.T,7377,ＤＮホールディングス,Standard,サービス業,,2026-09-25,1270.0,1732.0,14079495.0,8280.0,5542400.0,False,True,True,True,True,False
8152.T,8152,ソマール,Standard,卸売業,,2026-09-25,2621.0,7200.0,14048700.0,1940.0,23760000.0,False,True,True,True,True,False
7841.T,7841,遠藤製作所,Standard,その他製品,,2026-09-25,2621.0,1094.0,14009705.0,12985.0,4266600.0,False,True,True,True,True,False
4707.T,4707,キタック,Standard,サービス業,,2026-09-25,2621.0,354.0,13970100.0,40245.0,4956000.0,False,True,True,True,True,False
7590.T,7590,タカショー,Standard,卸売業,,2026-09-25,2621.0,397.0,13967480.0,34860.0,11513000.0,False,True,True,True,True,False
6919.T,6919,ケル,Standard,電気機器,,2026-09-25,2621.0,1442.0,13965650.0,9795.0,16150400.0,False,True,True,True,True,False
2332.T,2332,クエスト,Standard,情報・通信業,,2026-09-25,2621.0,1750.0,13922165.0,8200.0,18025000.0,False,True,True,True,True,False
3054.T,3054,ハイパー,Standard,卸売業,,2026-09-25,2621.0,376.0,13916110.0,37840.0,6241600.0,False,True,True,True,True,False
7682.T,7682,浜木綿,Standard,小売業,,2026-09-25,1692.0,3725.0,13907275.0,3655.0,137825000.0,False,True,True,True,True,False
6557.T,6557,ＡＩＡＩグループ,Growth,サービス業,,2026-09-25,2188.0,700.0,13883265.0,18655.0,18410000.0,False,True,True,True,True,False
6837.T,6837,京写,Standard,電気機器,,2026-09-25,2621.0,398.0,13853905.0,36515.0,27024200.0,False,True,True,True,True,False
7078.T,7078,ＩＮＣＬＵＳＩＶＥ　Ｈｏｌｄｉｎｇｓ,Growth,サービス業,,2026-09-25,1649.0,349.0,13766400.0,38135.0,3141000.0,False,True,True,True,True,False
6382.T,6382,トリニティ工業,Standard,機械,,2026-09-25,2621.0,1240.0,13760780.0,11125.0,15004000.0,False,True,True,True,True,False
7357.T,7357,ジオコード,Standard,サービス業,,2026-09-25,1424.0,1750.0,13758105.0,7780.0,13475000.0,False,True,True,True,True,False
7134.T,7134,アップガレージグループ,Standard,小売業,,2026-09-25,1161.0,1432.0,13745185.0,9760.0,9451200.0,False,True,True,True,True,False
4031.T,4031,片倉コープアグリ,Standard,化学,,2026-09-25,2621.0,1073.0,13719355.0,12370.0,7081800.0,False,True,True,True,True,False
2588.T,2588,プレミアムウォーターホールディングス,Standard,食料品,,2026-09-25,2621.0,3650.0,13674050.0,3710.0,31755000.0,False,True,True,True,True,False
9854.T,9854,愛眼,Standard,小売業,,2026-09-25,2621.0,273.0,13669725.0,48155.0,11193000.0,False,True,True,True,True,False
7805.T,7805,プリントネット,Standard,その他製品,,2026-09-25,1936.0,706.0,13661715.0,19020.0,4659600.0,False,True,True,True,True,False
9890.T,9890,マキヤ,Standard,小売業,,2026-09-25,2621.0,1481.0,13651980.0,9520.0,12144200.0,False,True,True,True,True,False
2114.T,2114,フジ日本,Standard,食料品,,2026-09-25,2621.0,673.0,13633050.0,20170.0,29612000.0,False,True,True,True,True,False
5982.T,5982,マルゼン,Standard,金属製品,,2026-09-25,2621.0,4080.0,13611100.0,3275.0,6528000.0,False,True,True,True,True,False
7562.T,7562,安楽亭,Standard,小売業,,2026-09-25,2621.0,3815.0,13559900.0,3535.0,32809000.0,False,True,True,True,True,False
1381.T,1381,アクシーズ,Standard,水産・農林業,,2026-09-25,2621.0,3595.0,13546600.0,3795.0,4314000.0,False,True,True,True,True,False
9340.T,9340,アソインターナショナル,Standard,サービス業,,2026-09-25,917.0,825.0,13538755.0,17265.0,3547500.0,False,True,True,True,True,False
9973.T,9973,ＫＯＺＯホールディングス,Standard,小売業,,2026-09-25,2621.0,19.0,13505675.0,677340.0,10450000.0,False,False,True,True,True,False
6554.T,6554,エスユーエス,Growth,サービス業,,2026-09-25,2222.0,1171.0,13491175.0,11960.0,47074200.0,False,True,True,True,True,False
4512.T,4512,わかもと製薬,Standard,医薬品,,2026-09-25,2621.0,296.0,13381490.0,43975.0,6541600.0,False,True,True,True,True,False
7065.T,7065,ユーピーアール,Standard,サービス業,,2026-09-25,1779.0,943.0,13369465.0,13675.0,3111900.0,False,True,True,True,True,False
5388.T,5388,クニミネ工業,Standard,ガラス・土石製品,,2026-09-25,2621.0,1408.0,13314670.0,9680.0,16473600.0,False,True,True,True,True,False
7213.T,7213,レシップホールディングス,Standard,輸送用機器,,2026-09-25,2621.0,668.0,13281755.0,19730.0,10821600.0,False,True,True,True,True,False
3803.T,3803,イメージ情報開発,Growth,情報・通信業,,2026-09-25,2621.0,707.0,13218825.0,20640.0,108736600.0,False,True,True,True,True,False
9262.T,9262,シルバーライフ,Standard,小売業,,2026-09-25,2192.0,681.0,13207700.0,19390.0,10078800.0,False,True,True,True,True,False
6822.T,6822,大井電気,Standard,電気機器,,2026-09-25,2621.0,5050.0,13199900.0,2645.0,4545000.0,False,True,True,True,True,False
4936.T,4936,アクシージア,Standard,化学,,2026-09-25,1369.0,308.0,13185585.0,42310.0,7638400.0,False,True,True,True,True,False
7897.T,7897,ホクシン,Standard,その他製品,,2026-09-25,2621.0,108.0,13161815.0,123315.0,5238000.0,False,False,True,True,True,False
9763.T,9763,丸建リース,Standard,卸売業,,2026-09-25,2621.0,1289.0,13124075.0,10115.0,7605100.0,False,True,True,True,True,False
9366.T,9366,サンリツ,Standard,倉庫・運輸関連業,,2026-09-25,2621.0,1320.0,13121705.0,10880.0,21252000.0,False,True,True,True,True,False
6497.T,6497,ハマイ,Standard,機械,,2026-09-25,2621.0,1455.0,13100210.0,9060.0,11349000.0,False,True,True,True,True,False
9913.T,9913,日邦産業,Standard,卸売業,,2026-09-25,2621.0,3685.0,13082550.0,3645.0,12529000.0,False,True,True,True,True,False
7110.T,7110,クラシコム,Growth,小売業,,2026-09-25,1011.0,1910.0,13076405.0,6725.0,14325000.0,False,True,True,True,True,False
3918.T,3918,ＰＣＩホールディングス,Standard,情報・通信業,,2026-09-25,2621.0,1193.0,13067625.0,10940.0,4652700.0,False,True,True,True,True,False
6189.T,6189,グローバルキッズＣＯＭＰＡＮＹ,Standard,サービス業,,2026-09-25,2590.0,1009.0,13059545.0,12895.0,25527700.0,False,True,True,True,True,False
5909.T,5909,コロナ,Standard,金属製品,,2026-09-25,2621.0,973.0,12975780.0,13440.0,17805900.0,False,True,True,True,True,False
330A.T,330A,ＴａｌｅｎｔＸ,Growth,情報・通信業,,2026-09-25,372.0,542.0,12975180.0,23480.0,7425400.0,False,True,True,True,True,False
1811.T,1811,錢高組,Standard,建設業,,2026-09-25,2621.0,7510.0,12879250.0,1680.0,16522000.0,False,True,True,True,True,False
1770.T,1770,藤田エンジニアリング,Standard,建設業,,2026-09-25,2621.0,2363.0,12878000.0,5700.0,15359500.0,False,True,True,True,True,False
3895.T,3895,ハビックス,Standard,パルプ・紙,,2026-09-25,2621.0,455.0,12856820.0,26830.0,4504500.0,False,True,True,True,True,False
5527.T,5527,ｐｒｏｐｅｒｔｙ　ｔｅｃｈｎｏｌｏｇｉｅｓ,Growth,不動産業,,2026-09-25,925.0,744.0,12812580.0,17465.0,20311200.0,False,True,True,True,True,False
4241.T,4241,アテクト,Standard,化学,,2026-09-25,2621.0,756.0,12769335.0,18605.0,26535600.0,False,True,True,True,True,False
4179.T,4179,ジーネクスト,Growth,情報・通信業,,2026-09-25,1345.0,344.0,12738530.0,35985.0,7946400.0,False,True,True,True,True,False
3020.T,3020,アプライド,Standard,小売業,,2026-09-25,2621.0,4800.0,12717150.0,2745.0,7200000.0,False,True,True,True,True,False
5588.T,5588,ファーストアカウンティング,Growth,情報・通信業,,2026-09-25,733.0,913.0,12670055.0,14665.0,11047300.0,False,True,True,True,True,False
6182.T,6182,メタリアル,Growth,サービス業,,2026-09-25,2621.0,537.0,12613385.0,24340.0,10632600.0,False,True,True,True,True,False
8835.T,8835,太平洋興発,Standard,卸売業,,2026-09-25,2621.0,792.0,12601115.0,15770.0,4356000.0,False,True,True,True,True,False
7097.T,7097,さくらさくプラス,Growth,サービス業,,2026-09-25,1444.0,2778.0,12567930.0,4580.0,24168600.0,False,True,True,True,True,False
6144.T,6144,西部電機,Standard,機械,,2026-09-25,2621.0,2821.0,12559195.0,4430.0,11848200.0,False,True,True,True,True,False
6634.T,6634,ネクスグループ,Standard,電気機器,,2026-09-25,2621.0,69.0,12504575.0,175070.0,6078900.0,False,False,True,True,True,False
9074.T,9074,日本石油輸送,Standard,陸運業,,2026-09-25,2621.0,4950.0,12489175.0,2515.0,5445000.0,False,True,True,True,True,False
6899.T,6899,ＡＳＴＩ,Standard,電気機器,,2026-09-25,2621.0,2266.0,12476245.0,5390.0,18354600.0,False,True,True,True,True,False
7030.T,7030,スプリックス,Standard,サービス業,,2026-09-25,2015.0,973.0,12460995.0,12825.0,16930200.0,False,True,True,True,True,False
7570.T,7570,橋本総業ホールディングス,Standard,卸売業,,2026-09-25,2621.0,1430.0,12453015.0,8835.0,9152000.0,False,True,True,True,True,False
5965.T,5965,フジマック,Standard,金属製品,,2026-09-25,2621.0,1206.0,12431885.0,10345.0,13145400.0,False,True,True,True,True,False
7291.T,7291,日本プラスト,Standard,輸送用機器,,2026-09-25,2621.0,472.0,12423590.0,26740.0,23788800.0,False,True,True,True,True,False
6615.T,6615,ユー・エム・シー・エレクトロニクス,Prime,電気機器,,2026-09-25,2593.0,239.0,12395625.0,52060.0,8126000.0,False,True,True,True,True,False
4937.T,4937,Ｗａｑｏｏ,Growth,化学,,2026-09-25,1281.0,2369.0,12364030.0,5215.0,16583000.0,False,True,True,True,True,False
5599.T,5599,Ｓ＆Ｊ,Growth,情報・通信業,,2026-09-25,676.0,1076.0,12361105.0,12035.0,6563600.0,False,True,True,True,True,False
3727.T,3727,アプリックス,Growth,情報・通信業,,2026-09-25,2621.0,162.0,12331060.0,74635.0,6690600.0,False,False,True,True,True,False
3135.T,3135,マーケットエンタープライズ,Prime,小売業,,2026-09-25,2621.0,1193.0,12295930.0,10460.0,8470300.0,False,True,True,True,True,False
4531.T,4531,有機合成薬品工業,Standard,化学,,2026-09-25,2621.0,363.0,12275720.0,34005.0,7187400.0,False,True,True,True,True,False
7539.T,7539,アイナボホールディングス,Standard,卸売業,,2026-09-25,2621.0,815.0,12265120.0,15070.0,39283000.0,False,True,True,True,True,False
253A.T,253A,ＥＴＳグループ,Standard,建設業,,2026-09-25,2621.0,1049.0,12263535.0,11755.0,17518300.0,False,True,True,True,True,False
4890.T,4890,坪田ラボ,Growth,医薬品,,2026-09-25,1041.0,257.0,12260805.0,43770.0,4009200.0,False,True,True,True,True,False
4015.T,4015,ペイクラウドホールディングス,Growth,情報・通信業,,2026-09-25,1428.0,522.0,12227075.0,23450.0,10909800.0,False,True,True,True,True,False
6193.T,6193,バーチャレクス・ホールディングス,Growth,サービス業,,2026-09-25,2526.0,1196.0,12165070.0,10155.0,19494800.0,False,True,True,True,True,False
1443.T,1443,技研ホールディングス,Standard,建設業,,2026-09-25,2138.0,274.0,12139645.0,43780.0,15234400.0,False,True,True,True,True,False
3996.T,3996,サインポスト,Standard,情報・通信業,,2026-09-25,2172.0,218.0,12138865.0,58790.0,8611000.0,False,True,True,True,True,False
2597.T,2597,ユニカフェ,Standard,食料品,,2026-09-25,2621.0,1280.0,12119540.0,9590.0,6912000.0,False,True,True,True,True,False
3544.T,3544,サツドラホールディングス,Standard,小売業,,2026-09-25,2621.0,1246.0,12092570.0,9685.0,16073400.0,False,True,True,True,True,False
2798.T,2798,ワイズテーブルコーポレーション,Standard,小売業,,2026-09-25,2621.0,2990.0,12088440.0,4010.0,4784000.0,False,True,True,True,True,False
5612.T,5612,日本鋳鉄管,Standard,鉄鋼,,2026-09-25,2621.0,1590.0,12069545.0,7530.0,14946000.0,False,True,True,True,True,False
3113.T,3113,ＵＮＩＶＡ・Ｏａｋホールディングス,Standard,証券、商品先物取引業,,2026-09-25,2621.0,83.0,12039000.0,143245.0,11985200.0,False,False,True,True,True,False
142A.T,142A,ジンジブ,Growth,サービス業,,2026-09-25,612.0,925.0,12026795.0,13695.0,7492500.0,False,True,True,True,True,False
2186.T,2186,ソーバル,Standard,サービス業,,2026-09-25,2621.0,900.0,12024865.0,13285.0,3240000.0,False,True,True,True,True,False
5079.T,5079,ノバック,Standard,建設業,,2026-09-25,1097.0,2589.0,12016420.0,4605.0,5954700.0,False,True,True,True,True,False
6093.T,6093,エスクロー・エージェント・ジャパン,Standard,サービス業,,2026-09-25,2621.0,161.0,12016090.0,74350.0,9289700.0,False,False,True,True,True,False
324A.T,324A,ブッキングリゾート,Growth,サービス業,,2026-09-25,388.0,730.0,12008855.0,16560.0,10877000.0,False,True,True,True,True,False
4673.T,4673,川崎地質,Standard,サービス業,,2026-09-25,2621.0,4995.0,12008825.0,2460.0,15984000.0,False,True,True,True,True,False
9244.T,9244,デジタリフト,Growth,サービス業,,2026-09-25,1221.0,1573.0,11991925.0,8265.0,44358600.0,False,True,True,True,True,False
9906.T,9906,藤井産業,Standard,卸売業,,2026-09-25,2621.0,4265.0,11969575.0,2795.0,18339500.0,False,True,True,True,True,False
7351.T,7351,グッドパッチ,Growth,サービス業,,2026-09-25,1523.0,484.0,11952405.0,25060.0,5469200.0,False,True,True,True,True,False
6538.T,6538,ディスラプターズ,Standard,サービス業,,2026-09-25,2409.0,251.0,11893425.0,48005.0,3162600.0,False,True,True,True,True,False
7150.T,7150,島根銀行,Standard,銀行業,,2026-09-25,2621.0,519.0,11888770.0,22550.0,13597800.0,False,True,True,True,True,False
9160.T,9160,ノバレーゼ,Standard,サービス業,,2026-09-25,790.0,336.0,11823665.0,35645.0,22142400.0,False,True,True,True,True,False
2342.T,2342,トランスジェニックグループ,Growth,サービス業,,2026-09-25,2621.0,251.0,11818065.0,46375.0,7856300.0,False,True,True,True,True,False
1717.T,1717,明豊ファシリティワークス,Standard,サービス業,,2026-09-25,2621.0,936.0,11780660.0,12520.0,12168000.0,False,True,True,True,True,False
7120.T,7120,ＳＨＩＮＫＯ,Standard,卸売業,,2026-09-25,859.0,1001.0,11772955.0,11780.0,12112100.0,False,True,True,True,True,False
4712.T,4712,ＫｅｙＨｏｌｄｅｒ,Standard,サービス業,,2026-09-25,2621.0,818.0,11757175.0,14425.0,6462200.0,False,True,True,True,True,False
7957.T,7957,フジコピアン,Standard,その他製品,,2026-09-25,2621.0,2579.0,11733890.0,4535.0,7479100.0,False,True,True,True,True,False
4235.T,4235,ウルトラファブリックス・ホールディングス,Standard,化学,,2026-09-25,2621.0,680.0,11725355.0,17220.0,8840000.0,False,True,True,True,True,False
4374.T,4374,ＲＯＢＯＴ　ＰＡＹＭＥＮＴ,Growth,情報・通信業,,2026-09-25,1221.0,2442.0,11690675.0,4695.0,18315000.0,False,True,True,True,True,False
2694.T,2694,焼肉坂井ホールディングス,Standard,小売業,,2026-09-25,2621.0,72.0,11682385.0,162350.0,15984000.0,False,False,True,True,True,False
407A.T,407A,ＵＮＩＣＯＮホールディングス,Standard,建設業,,2026-09-25,242.0,924.0,11673185.0,12455.0,5359200.0,False,True,False,True,True,False
5391.T,5391,エーアンドエーマテリアル,Standard,ガラス・土石製品,,2026-09-25,2621.0,1525.0,11610290.0,7725.0,13877500.0,False,True,True,True,True,False
4491.T,4491,コンピューターマネージメント,Standard,情報・通信業,,2026-09-25,1598.0,3325.0,11559400.0,3510.0,15960000.0,False,True,True,True,True,False
6563.T,6563,みらいワークス,Growth,サービス業,,2026-09-25,2152.0,466.0,11548830.0,25005.0,699000.0,False,True,True,True,True,False
198A.T,198A,ＰｏｓｔＰｒｉｍｅ,Growth,情報・通信業,,2026-09-25,552.0,162.0,11546100.0,68080.0,3337200.0,False,False,True,True,True,False
6069.T,6069,トレンダーズ,Growth,サービス業,,2026-09-25,2621.0,679.0,11500820.0,16795.0,6246800.0,False,True,True,True,True,False
7034.T,7034,プロレド・パートナーズ,Prime,サービス業,,2026-09-25,1995.0,316.0,11462370.0,34120.0,13303600.0,False,True,True,True,True,False
3967.T,3967,エルテス,Growth,情報・通信業,,2026-09-25,2419.0,576.0,11457415.0,19840.0,1324800.0,False,True,True,True,True,False
2762.T,2762,ＳＡＮＫＯ　ＭＡＲＫＥＴＩＮＧ　ＦＯＯＤＳ,Standard,小売業,,2026-09-25,2621.0,69.0,11447765.0,167010.0,3360300.0,False,False,True,True,True,False
5967.T,5967,ＴＯＮＥ,Standard,金属製品,,2026-09-25,2621.0,439.0,11421440.0,24850.0,37797900.0,False,True,True,True,True,False
1994.T,1994,高橋カーテンウォール工業,Standard,建設業,,2026-09-25,2621.0,618.0,11405710.0,18415.0,2101200.0,False,True,True,True,True,False
7795.T,7795,ＫＹＯＲＩＴＳＵ,Standard,その他製品,,2026-09-25,973.0,220.0,11401795.0,51745.0,6028000.0,False,True,True,True,True,False
6778.T,6778,アルチザネットワークス,Standard,電気機器,,2026-09-25,2621.0,635.0,11358440.0,17515.0,4381500.0,False,True,True,True,True,False
4881.T,4881,ファンペップ,Growth,医薬品,,2026-09-25,1404.0,49.0,11324515.0,222355.0,6203400.0,False,False,True,True,True,False
9233.T,9233,アジア航測,Standard,空運業,,2026-09-25,2621.0,1158.0,11295800.0,9745.0,6137400.0,False,True,True,True,True,False
8104.T,8104,クワザワホールディングス,Standard,卸売業,,2026-09-25,2088.0,798.0,11269835.0,15080.0,14124600.0,False,True,True,True,True,False
5570.T,5570,ジェノバ,Growth,情報・通信業,,2026-09-25,839.0,616.0,11255150.0,17510.0,4620000.0,False,True,True,True,True,False
9845.T,9845,パーカーコーポレーション,Standard,化学,,2026-09-25,2621.0,1363.0,11246720.0,8110.0,22898400.0,False,True,True,True,True,False
3030.T,3030,ハブ,Standard,小売業,,2026-09-25,2621.0,884.0,11177745.0,12990.0,12287600.0,False,True,True,True,True,False
2122.T,2122,インタースペース,Standard,サービス業,,2026-09-25,2621.0,1451.0,11166495.0,7600.0,17847300.0,False,True,True,True,True,False
8023.T,8023,ＤＡＩＫＯ　ＸＴＥＣＨ,Standard,情報・通信業,,2026-09-25,2621.0,1046.0,11112915.0,10600.0,21756800.0,False,True,True,True,True,False
2180.T,2180,サニーサイドアップグループ,Standard,サービス業,,2026-09-11,2614.0,1309.0,11107560.0,8495.0,3927000.0,False,True,True,True,False,False
5940.T,5940,不二サッシ,Standard,金属製品,,2026-09-25,2621.0,751.0,11087885.0,14700.0,9312400.0,False,True,True,True,True,False
2208.T,2208,ブルボン,Standard,食料品,,2026-09-25,2621.0,3170.0,11079800.0,3565.0,15533000.0,False,True,True,True,True,False
3004.T,3004,神栄,Standard,卸売業,,2026-09-25,2621.0,2060.0,11075265.0,5330.0,20188000.0,False,True,True,True,True,False
2666.T,2666,オートウェーブ,Standard,小売業,,2026-09-25,2621.0,191.0,11063810.0,59135.0,11708300.0,False,False,True,True,True,False
6040.T,6040,日本スキー場開発,Growth,サービス業,,2026-09-25,2621.0,458.0,11051225.0,23830.0,7099000.0,False,True,True,True,True,False
9265.T,9265,ヤマシタヘルスケアホールディングス,Standard,卸売業,,2026-09-25,2165.0,3790.0,11025750.0,3050.0,42069000.0,False,True,True,True,True,False
3173.T,3173,Ｃｏｍｉｎｉｘ,Standard,卸売業,,2026-09-25,2621.0,1452.0,10968310.0,7425.0,15246000.0,False,True,True,True,True,False
4119.T,4119,日本ピグメントホールディングス,Standard,化学,,2026-09-25,2621.0,6170.0,10865650.0,1825.0,8021000.0,False,True,True,True,True,False
6654.T,6654,不二電機工業,Standard,電気機器,,2026-09-25,2621.0,1080.0,10857540.0,9980.0,9288000.0,False,True,True,True,True,False
5139.T,5139,オープンワーク,Growth,情報・通信業,,2026-09-25,922.0,949.0,10855930.0,11610.0,18885100.0,False,True,True,True,True,False
3267.T,3267,フィル・カンパニー,Standard,建設業,,2026-09-25,2424.0,628.0,10847920.0,17125.0,12622800.0,False,True,True,True,True,False
7885.T,7885,タカノ,Standard,その他製品,,2026-09-25,2621.0,1147.0,10830280.0,9530.0,16058000.0,False,True,True,True,True,False
9687.T,9687,ＫＳＫ,Standard,情報・通信業,,2026-09-25,2621.0,4625.0,10815875.0,2325.0,24050000.0,False,True,True,True,True,False
9761.T,9761,東海リース,Standard,サービス業,,2026-09-25,2621.0,2491.0,10803000.0,4400.0,20675300.0,False,True,True,True,True,False
5248.T,5248,テクノロジーズ,Growth,情報・通信業,,2026-09-25,895.0,522.0,10778370.0,21105.0,3288600.0,False,True,True,True,True,False
4365.T,4365,松本油脂製薬,Standard,化学,,2026-09-25,2621.0,23500.0,10777350.0,455.0,9400000.0,False,True,True,True,True,False
9271.T,9271,和心,Growth,小売業,,2026-09-25,2080.0,952.0,10738040.0,11290.0,11328800.0,False,True,True,True,True,False
6551.T,6551,ツナググループ・ホールディングス,Standard,サービス業,,2026-09-25,2275.0,606.0,10705360.0,17340.0,20361600.0,False,True,True,True,True,False
9034.T,9034,南総通運,Standard,陸運業,,2026-09-25,2621.0,1677.0,10675160.0,6440.0,7714200.0,False,True,True,True,True,False
7695.T,7695,交換できるくん,Growth,小売業,,2026-09-25,1406.0,952.0,10665690.0,11580.0,7330400.0,False,True,True,True,True,False
3686.T,3686,ディー・エル・イー,Standard,情報・通信業,,2026-09-25,2621.0,60.0,10653375.0,175730.0,4956000.0,False,False,True,True,True,False
7427.T,7427,エコートレーディング,Standard,卸売業,,2026-09-25,2621.0,837.0,10633070.0,12730.0,1925100.0,False,True,True,True,True,False
9165.T,9165,クオルテック,Growth,サービス業,,2026-09-25,771.0,1805.0,10611025.0,6080.0,12093500.0,False,True,True,True,True,False
5951.T,5951,ダイニチ工業,Standard,金属製品,,2026-09-25,2621.0,1131.0,10604205.0,9065.0,6333600.0,False,True,True,True,True,False
9223.T,9223,ＡＳＮＯＶＡ,Growth,サービス業,,2026-09-25,670.0,355.0,10600905.0,28370.0,35961500.0,False,True,True,True,True,False
7069.T,7069,サイバー・バズ,Growth,サービス業,,2026-09-25,1711.0,503.0,10600850.0,20260.0,5935400.0,False,True,True,True,True,False
7674.T,7674,ＮＡＴＴＹ　ＳＷＡＮＫＹホールディングス,Growth,小売業,,2026-09-25,1827.0,2756.0,10591505.0,3930.0,7165600.0,False,True,True,True,True,False
8944.T,8944,ランドビジネス,Standard,不動産業,,2026-09-25,2621.0,251.0,10547840.0,42890.0,3614400.0,False,True,True,True,True,False
9346.T,9346,ココルポート,Growth,サービス業,,2026-09-25,852.0,1880.0,10547670.0,5640.0,5640000.0,False,True,True,True,True,False
7066.T,7066,ピアズ,Growth,サービス業,,2026-09-25,1773.0,456.0,10544600.0,22390.0,2553600.0,False,True,True,True,True,False
5888.T,5888,ＤＡＩＷＡ　ＣＹＣＬＥ,Growth,小売業,,2026-09-25,702.0,2750.0,10542595.0,3745.0,12100000.0,False,True,True,True,True,False
9240.T,9240,デリバリーコンサルティング,Growth,サービス業,,2026-09-25,1261.0,381.0,10540665.0,26290.0,4114800.0,False,True,True,True,True,False
7702.T,7702,ＪＭＳ,Standard,精密機器,,2026-09-25,2621.0,461.0,10512190.0,22970.0,9911500.0,False,True,True,True,True,False
7726.T,7726,黒田精工,Standard,機械,,2026-09-25,2621.0,1438.0,10495580.0,7580.0,7621400.0,False,True,True,True,True,False
7487.T,7487,小津産業,Standard,卸売業,,2026-09-25,2621.0,1874.0,10462050.0,5725.0,18177800.0,False,True,True,True,True,False
2497.T,2497,ユナイテッド,Growth,サービス業,,2026-09-25,2621.0,527.0,10395895.0,19505.0,7694200.0,False,True,True,True,True,False
8518.T,8518,日本アジア投資,Standard,証券、商品先物取引業,,2026-09-25,2621.0,155.0,10371755.0,68730.0,3658000.0,False,False,True,True,True,False
7686.T,7686,ひとまいる,Standard,小売業,,2026-09-25,1648.0,450.0,10331565.0,23435.0,16335000.0,False,True,True,True,True,False
5658.T,5658,日亜鋼業,Standard,鉄鋼,,2026-09-25,2621.0,408.0,10327490.0,25560.0,6528000.0,False,True,True,True,True,False
4270.T,4270,ＢｅｅＸ,Growth,情報・通信業,,2026-09-25,1121.0,1907.0,10323865.0,5425.0,42716800.0,False,True,True,True,True,False
4625.T,4625,アトミクス,Standard,化学,,2026-09-25,2621.0,878.0,10303885.0,11995.0,7375200.0,False,True,True,True,True,False
9272.T,9272,ブティックス,Growth,サービス業,,2026-09-25,2077.0,1453.0,10257265.0,7095.0,2906000.0,False,True,True,True,True,False
7037.T,7037,テノ．ホールディングス,Standard,サービス業,,2026-09-25,1890.0,796.0,10239675.0,12730.0,5014800.0,False,True,True,True,True,False
2932.T,2932,ＳＴＩフードホールディングス,Standard,食料品,,2026-09-25,1466.0,1100.0,10221935.0,9220.0,11220000.0,False,True,True,True,True,False
5368.T,5368,日本インシュレーション,Standard,ガラス・土石製品,,2026-09-25,1592.0,1053.0,10221015.0,10050.0,34749000.0,False,True,True,True,True,False
7561.T,7561,ハークスレイ,Standard,小売業,,2026-09-25,2621.0,709.0,10218785.0,14350.0,8011700.0,False,True,True,True,True,False
3035.T,3035,ケイティケイ,Standard,卸売業,,2026-09-25,2621.0,779.0,10192995.0,13170.0,4518200.0,False,True,True,True,True,False
3538.T,3538,ウイルプラスホールディングス,Standard,小売業,,2026-09-25,2587.0,1040.0,10186265.0,10015.0,6344000.0,False,True,True,True,True,False
339A.T,339A,プログレス・テクノロジーズ　グループ,Growth,サービス業,,2026-09-25,365.0,931.0,10153485.0,11100.0,7075600.0,False,True,True,True,True,False
6246.T,6246,テクノスマート,Standard,機械,,2026-09-25,2621.0,1850.0,10146695.0,5520.0,7955000.0,False,True,True,True,True,False
157A.T,157A,グリーンモンスター,Growth,サービス業,,2026-09-25,608.0,769.0,10131010.0,13610.0,5229200.0,False,True,True,True,True,False
9423.T,9423,フォーバル・リアルストレート,Standard,情報・通信業,,2026-09-25,2621.0,106.0,10121820.0,96670.0,6847600.0,False,False,True,True,True,False
6147.T,6147,ヤマザキ,Standard,機械,,2026-09-25,2621.0,176.0,10120545.0,52175.0,4083200.0,False,False,True,True,True,False
3071.T,3071,ストリーム,Standard,小売業,,2026-09-25,2621.0,102.0,10089755.0,98725.0,2703000.0,False,False,True,True,True,False
6694.T,6694,ズーム,Standard,電気機器,,2026-09-25,2338.0,814.0,10089140.0,12765.0,3418800.0,False,True,True,True,True,False
9245.T,9245,リベロ,Growth,サービス業,,2026-09-25,1221.0,2040.0,10085920.0,5110.0,13260000.0,False,True,True,True,True,False
1826.T,1826,佐田建設,Standard,建設業,,2026-09-25,2621.0,1079.0,10057170.0,9285.0,10034700.0,False,True,True,True,True,False
4261.T,4261,アジアクエスト,Growth,情報・通信業,,2026-09-25,1159.0,2939.0,10027690.0,3395.0,12343800.0,False,True,True,True,True,False
9145.T,9145,ビーイングホールディングス,Standard,陸運業,,2026-09-25,1412.0,567.0,10004540.0,17345.0,9355500.0,False,True,True,True,True,False
4193.T,4193,ファブリカホールディングス,Standard,情報・通信業,,2026-09-25,1336.0,2190.0,9972745.0,4605.0,25404000.0,False,True,True,True,True,False
3796.T,3796,いい生活,Standard,情報・通信業,,2026-09-25,2621.0,338.0,9972345.0,30135.0,19637800.0,False,True,True,True,True,False
2750.T,2750,石光商事,Standard,卸売業,,2026-09-25,2621.0,1373.0,9954785.0,7325.0,15789500.0,False,True,True,True,True,False
1850.T,1850,南海辰村建設,Standard,建設業,,2026-09-25,2621.0,441.0,9938140.0,22955.0,5203800.0,False,True,True,True,True,False
5986.T,5986,モリテック　スチール,Standard,金属製品,,2026-09-25,2621.0,263.0,9932895.0,38370.0,13044800.0,False,True,True,True,True,False
7946.T,7946,光陽社,Standard,その他製品,,2026-09-25,2621.0,351.0,9904700.0,25475.0,1088100.0,False,True,True,True,True,False
8076.T,8076,カノークス,Standard,卸売業,,2026-09-25,919.0,2150.0,9895290.0,4665.0,14405000.0,False,True,True,True,True,False
4616.T,4616,川上塗料,Standard,化学,,2026-09-25,2621.0,2544.0,9889885.0,4065.0,2798400.0,False,True,True,True,True,False
2162.T,2162,ｎｍｓ　ホールディングス,Standard,サービス業,,2026-08-27,2603.0,538.0,9814750.0,18295.0,15817200.0,False,True,True,True,False,False
246A.T,246A,アスア,Growth,サービス業,,2026-09-25,486.0,1102.0,9805710.0,9600.0,3967200.0,False,True,True,True,True,False
9640.T,9640,セゾンテクノロジー,Standard,情報・通信業,,2026-09-25,2621.0,1947.0,9766830.0,4925.0,6230400.0,False,True,True,True,True,False
7115.T,7115,アルファパーチェス,Standard,卸売業,,2026-09-25,916.0,1470.0,9742200.0,6575.0,9849000.0,False,True,True,True,True,False
3143.T,3143,オーウイル,Standard,卸売業,,2026-09-25,2621.0,730.0,9677375.0,13500.0,6716000.0,False,True,True,True,True,False
4378.T,4378,ＣＩＮＣ,Growth,情報・通信業,,2026-09-25,1201.0,475.0,9642960.0,19125.0,1282500.0,False,True,True,True,True,False
3607.T,3607,クラウディアホールディングス,Standard,繊維製品,,2026-09-25,2621.0,370.0,9611550.0,26760.0,7030000.0,False,True,True,True,True,False
6748.T,6748,星和電機,Standard,電気機器,,2026-09-25,2621.0,784.0,9593855.0,12455.0,10897600.0,False,True,True,True,True,False
9249.T,9249,日本エコシステム,Standard,サービス業,,2026-09-25,1213.0,1651.0,9569330.0,5770.0,15519400.0,False,True,True,True,True,False
5958.T,5958,三洋工業,Standard,金属製品,,2026-09-25,2621.0,4395.0,9521625.0,2140.0,3076500.0,False,True,True,True,True,False
5884.T,5884,クラダシ,Growth,小売業,,2026-09-25,790.0,603.0,9515305.0,15455.0,5607900.0,False,True,True,True,True,False
7883.T,7883,サンメッセ,Standard,その他製品,,2026-09-25,2621.0,485.0,9513615.0,20335.0,156267000.0,False,True,True,True,True,False
9558.T,9558,ジャパニアス,Growth,サービス業,,2026-09-25,985.0,1967.0,9497605.0,4780.0,7474600.0,False,True,True,True,True,False
2673.T,2673,夢みつけ隊,Standard,小売業,,2026-09-25,2621.0,104.0,9494735.0,87800.0,5782400.0,False,False,True,True,True,False
3320.T,3320,クロスプラス,Standard,卸売業,,2026-09-25,2621.0,1308.0,9448430.0,7230.0,11641200.0,False,True,True,True,True,False
6696.T,6696,トラース・オン・プロダクト,Growth,電気機器,,2026-09-25,2246.0,314.0,9427000.0,29510.0,4396000.0,False,True,True,True,True,False
3840.T,3840,パス,Standard,情報・通信業,,2026-09-25,2621.0,64.0,9423340.0,154980.0,10720000.0,False,False,True,True,True,False
8207.T,8207,テンアライド,Standard,小売業,,2026-09-25,2621.0,302.0,9394240.0,31170.0,17183800.0,False,True,True,True,True,False
1718.T,1718,美樹工業,Standard,建設業,,2026-09-25,2621.0,7140.0,9391900.0,1320.0,5712000.0,False,True,True,True,True,False
7624.T,7624,ＮａＩＴＯ,Standard,卸売業,,2026-09-25,2621.0,170.0,9377065.0,59240.0,12053000.0,False,False,True,True,True,False
6044.T,6044,三機サービス,Standard,サービス業,,2026-09-25,2621.0,1891.0,9375150.0,4970.0,4349300.0,False,True,True,True,True,False
7038.T,7038,フロンティア・マネジメント,Prime,サービス業,,2026-09-25,1950.0,583.0,9330605.0,16000.0,8919900.0,False,True,True,True,True,False
9325.T,9325,ファイズホールディングス,Standard,倉庫・運輸関連業,,2026-09-25,2347.0,1071.0,9321710.0,8740.0,10388700.0,False,True,True,True,True,False
7621.T,7621,うかい,Standard,小売業,,2026-09-25,2621.0,3445.0,9316750.0,2700.0,29282500.0,False,True,True,True,True,False
9704.T,9704,アゴーラ　ホスピタリティー　グループ,Standard,サービス業,,2026-09-25,2621.0,27.0,9311675.0,332725.0,9147600.0,False,False,True,True,True,False
9982.T,9982,タキヒヨー,Standard,卸売業,,2026-09-25,2621.0,2650.0,9310115.0,3525.0,13250000.0,False,True,True,True,True,False
7494.T,7494,コナカ,Standard,小売業,,2026-09-25,2621.0,240.0,9235875.0,37865.0,11568000.0,False,True,True,True,True,False
3417.T,3417,大木ヘルスケアホールディングス,Standard,卸売業,,2026-09-25,2621.0,995.0,9235650.0,9055.0,3084500.0,False,True,True,True,True,False
5971.T,5971,共和工業所,Standard,金属製品,,2026-09-25,2621.0,8630.0,9226600.0,1070.0,863000.0,False,True,True,True,True,False
4761.T,4761,さくらケーシーエス,Standard,情報・通信業,,2026-09-25,2621.0,1488.0,9224180.0,6270.0,15326400.0,False,True,True,True,True,False
3826.T,3826,システムインテグレータ,Standard,情報・通信業,,2026-09-25,2621.0,499.0,9217525.0,18540.0,6187600.0,False,True,True,True,True,False
6087.T,6087,アビスト,Standard,サービス業,,2026-09-25,2621.0,3525.0,9188575.0,2585.0,21150000.0,False,True,True,True,True,False
7749.T,7749,メディキット,Standard,精密機器,,2026-09-25,2621.0,2853.0,9150205.0,3170.0,23965200.0,False,True,True,True,True,False
9029.T,9029,ヒガシホールディングス,Standard,陸運業,,2026-09-25,2621.0,1815.0,9139375.0,4960.0,13431000.0,False,True,True,True,True,False
8085.T,8085,ナラサキ産業,Standard,卸売業,,2026-09-25,2621.0,4360.0,9137750.0,2150.0,20056000.0,False,True,True,True,True,False
8030.T,8030,中央魚類,Standard,卸売業,,2026-09-25,2621.0,3925.0,9088325.0,2330.0,3140000.0,False,True,True,True,True,False
4760.T,4760,アルファ,Standard,サービス業,,2026-09-25,2621.0,1203.0,9079030.0,6280.0,3127800.0,False,True,True,True,True,False
5819.T,5819,カナレ電気,Standard,非鉄金属,,2026-09-25,2621.0,1745.0,9062080.0,5180.0,11866000.0,False,True,True,True,True,False
9827.T,9827,リリカラ,Standard,卸売業,,2026-09-25,2621.0,631.0,9053925.0,14220.0,4732500.0,False,True,True,True,True,False
9236.T,9236,ジャパンＭ＆Ａソリューション,Growth,サービス業,,2026-09-25,712.0,1468.0,9026745.0,6365.0,15854400.0,False,True,True,True,True,False
415A.T,415A,ＧＭＯ　ＴＥＣＨホールディングス,Growth,サービス業,,2026-09-25,2621.0,5330.0,9011050.0,1695.0,1066000.0,False,True,True,True,True,False
3929.T,3929,ソーシャルワイヤー,Growth,情報・通信業,,2026-09-25,2621.0,260.0,8999415.0,36070.0,7046000.0,False,True,True,True,True,False
8127.T,8127,ヤマトインターナショナル,Standard,繊維製品,,2026-09-25,2621.0,527.0,8965435.0,16550.0,7694200.0,False,True,True,True,True,False
3842.T,3842,ネクストジェン,Standard,情報・通信業,,2026-09-25,2621.0,1256.0,8962640.0,7590.0,17332800.0,False,True,True,True,True,False
1736.T,1736,オーテック,Standard,建設業,,2026-09-25,2621.0,2510.0,8955285.0,3680.0,12299000.0,False,True,True,True,True,False
1997.T,1997,暁飯島工業,Standard,建設業,,2026-09-25,2621.0,4090.0,8952150.0,2225.0,3681000.0,False,True,True,True,True,False
6874.T,6874,協立電機,Standard,電気機器,,2026-09-25,2621.0,2365.0,8923985.0,3795.0,14190000.0,False,True,True,True,True,False
5589.T,5589,オートサーバー,Standard,情報・通信業,,2026-09-25,731.0,2929.0,8877810.0,3040.0,3221900.0,False,True,True,True,True,False
6391.T,6391,加地テック,Standard,機械,,2026-09-25,2621.0,4845.0,8877725.0,1850.0,9690000.0,False,True,True,True,True,False
9083.T,9083,神姫バス,Standard,陸運業,,2026-09-25,2621.0,1998.0,8877425.0,4460.0,21178800.0,False,True,True,True,True,False
7619.T,7619,田中商事,Standard,卸売業,,2026-09-25,2621.0,1040.0,8873480.0,8825.0,63856000.0,False,True,True,True,True,False
2415.T,2415,ヒューマンホールディングス,Standard,サービス業,,2026-09-25,2621.0,1619.0,8871535.0,5360.0,6152200.0,False,True,True,True,True,False
423A.T,423A,ライオン事務器,Standard,卸売業,,2026-09-25,230.0,326.0,8869225.0,27450.0,6454800.0,False,True,False,True,True,False
343A.T,343A,ＩＡＣＥトラベル,Standard,サービス業,,2026-09-25,359.0,1315.0,8867005.0,6775.0,9336500.0,False,True,True,True,True,False
3648.T,3648,ＡＧＳ,Standard,情報・通信業,,2026-09-25,2621.0,1070.0,8862235.0,8290.0,15836000.0,False,True,True,True,True,False
9980.T,9980,ＭＲＫホールディングス,Standard,小売業,,2026-09-25,2621.0,94.0,8819335.0,93020.0,7604600.0,False,False,True,True,True,False
2370.T,2370,メディネット,Growth,サービス業,,2026-09-25,2621.0,24.0,8813700.0,354535.0,4130400.0,False,False,True,True,True,False
9306.T,9306,東陽倉庫,Standard,倉庫・運輸関連業,,2026-09-25,2621.0,2033.0,8764915.0,4370.0,5489100.0,False,True,True,True,True,False
4360.T,4360,マナック・ケミカル・パートナーズ,Standard,化学,,2026-09-25,1218.0,986.0,8761630.0,8940.0,2662200.0,False,True,True,True,True,False
3628.T,3628,データホライゾン,Growth,情報・通信業,,2026-09-25,2621.0,732.0,8741670.0,13135.0,7027200.0,False,True,True,True,True,False
3280.T,3280,エストラスト,Standard,不動産業,,2026-09-25,2621.0,942.0,8723135.0,9325.0,942000.0,False,True,True,True,True,False
8247.T,8247,大和,Standard,小売業,,2026-09-25,2621.0,370.0,8670860.0,25085.0,56610000.0,False,True,True,True,True,False
2981.T,2981,ランディックス,Growth,不動産業,,2026-09-25,1650.0,2370.0,8662255.0,3860.0,11613000.0,False,True,True,True,True,False
2345.T,2345,クシム,Standard,情報・通信業,,2026-09-25,2621.0,100.0,8612555.0,81765.0,5330000.0,False,False,True,True,True,False
9780.T,9780,ハリマビステム,Standard,サービス業,,2026-09-25,2621.0,1152.0,8601940.0,7610.0,8985600.0,False,True,True,True,True,False
3930.T,3930,はてな,Growth,情報・通信業,,2026-09-25,2606.0,765.0,8595670.0,11040.0,3289500.0,False,True,True,True,True,False
8891.T,8891,ＡＭＧホールディングス,Standard,不動産業,,2026-09-25,2621.0,2123.0,8587670.0,4165.0,10402700.0,False,True,True,True,True,False
9563.T,9563,Ａｔｌａｓ　Ｔｅｃｈｎｏｌｏｇｉｅｓ,Growth,サービス業,,2026-09-25,957.0,345.0,8543475.0,24955.0,8728500.0,False,True,True,True,True,False
3238.T,3238,セントラル総合開発,Standard,不動産業,,2026-09-25,2621.0,382.0,8541085.0,22160.0,2330200.0,False,True,True,True,True,False
7551.T,7551,ウェッズ,Standard,輸送用機器,,2026-09-25,2621.0,693.0,8538765.0,11885.0,3811500.0,False,True,True,True,True,False
4762.T,4762,エックスネット,Standard,情報・通信業,,2026-09-25,2621.0,2165.0,8524505.0,3790.0,5629000.0,False,True,True,True,True,False
3698.T,3698,ＣＲＩ・ミドルウェア,Growth,情報・通信業,,2026-09-25,2621.0,1220.0,8520905.0,7010.0,3050000.0,False,True,True,True,True,False
3667.T,3667,ｅｎｉｓｈ,Standard,情報・通信業,,2026-09-25,2621.0,28.0,8483315.0,307980.0,1436400.0,False,False,True,True,True,False
6181.T,6181,タメニー,Growth,サービス業,,2026-09-25,2621.0,90.0,8467355.0,94080.0,1368000.0,False,False,True,True,True,False
4093.T,4093,東邦アセチレン,Prime,化学,,2026-09-25,2621.0,436.0,8454545.0,19875.0,2746800.0,False,True,True,True,True,False
7698.T,7698,アイスコ,Standard,卸売業,,2026-09-25,1335.0,2890.0,8437100.0,3020.0,12427000.0,False,True,True,True,True,False
5915.T,5915,駒井ハルテック,Standard,金属製品,,2026-09-25,2621.0,2430.0,8414945.0,3430.0,4374000.0,False,True,True,True,True,False
9846.T,9846,天満屋ストア,Standard,小売業,,2026-09-25,2621.0,984.0,8410850.0,8535.0,4526400.0,False,True,True,True,True,False
2221.T,2221,岩塚製菓,Standard,食料品,,2026-09-25,2621.0,3050.0,8403925.0,2750.0,21045000.0,False,True,True,True,True,False
3490.T,3490,アズ企画設計,Standard,不動産業,,2026-09-25,2081.0,3035.0,8376025.0,2695.0,3945500.0,False,True,True,True,True,False
4177.T,4177,ｉ‐ｐｌｕｇ,Growth,情報・通信業,,2026-09-25,1349.0,1372.0,8332690.0,5875.0,76008800.0,False,True,True,True,True,False
7814.T,7814,日本創発グループ,Standard,その他製品,,2026-09-25,2621.0,597.0,8313310.0,13210.0,2626800.0,False,True,True,True,True,False
2997.T,2997,ストレージ王,Growth,不動産業,,2026-09-25,1078.0,1321.0,8262305.0,6245.0,924700.0,False,True,True,True,True,False
8202.T,8202,ラオックスホールディングス,Standard,小売業,,2026-09-25,2621.0,149.0,8245820.0,55630.0,23080100.0,False,False,True,True,True,False
9478.T,9478,ＳＥホールディングス・アンド・インキュベーションズ,Standard,情報・通信業,,2026-09-25,2621.0,509.0,8243750.0,15740.0,1934200.0,False,True,True,True,True,False
4245.T,4245,ダイキアクシス,Standard,化学,,2026-09-25,2621.0,718.0,8234190.0,11530.0,9836600.0,False,True,True,True,True,False
7800.T,7800,アミファ,Standard,その他製品,,2026-09-25,1711.0,978.0,8208560.0,8275.0,18582000.0,False,True,True,True,True,False
3680.T,3680,ホットリンク,Growth,情報・通信業,,2026-09-25,2621.0,205.0,8198940.0,39775.0,4120500.0,False,True,True,True,True,False
3192.T,3192,白鳩,Standard,小売業,,2026-09-25,2621.0,256.0,8198365.0,29595.0,19276800.0,False,True,True,True,True,False
2934.T,2934,ジェイフロンティア,Growth,食料品,,2026-09-25,1241.0,2026.0,8183365.0,4070.0,8914400.0,False,True,True,True,True,False
4054.T,4054,日本情報クリエイト,Growth,情報・通信業,,2026-09-25,1503.0,521.0,8139795.0,15620.0,5210000.0,False,True,True,True,True,False
4387.T,4387,ＺＵＵ,Growth,情報・通信業,,2026-09-25,2020.0,610.0,8137015.0,14820.0,7930000.0,False,True,True,True,True,False
3858.T,3858,ユビキタスＡＩ,Standard,情報・通信業,,2026-09-25,2621.0,321.0,8099885.0,26555.0,9662100.0,False,True,True,True,True,False
7578.T,7578,ニチリョク,Standard,小売業,,2026-09-25,2621.0,76.0,8060720.0,103965.0,2758800.0,False,False,True,True,True,False
5268.T,5268,旭コンクリート工業,Standard,ガラス・土石製品,,2026-09-25,2621.0,860.0,8035305.0,9075.0,1806000.0,False,True,True,True,True,False
6392.T,6392,ヤマダコーポレーション,Standard,機械,,2026-09-25,2621.0,7940.0,8001650.0,1015.0,2382000.0,False,True,True,True,True,False
7183.T,7183,あんしん保証,Standard,その他金融業,,2026-09-25,2621.0,254.0,7975225.0,31395.0,3276600.0,False,True,True,True,True,False
3537.T,3537,昭栄薬品,Standard,卸売業,,2026-09-25,2592.0,1821.0,7974020.0,4445.0,23673000.0,False,True,True,True,True,False
7087.T,7087,ウイルテック,Standard,サービス業,,2026-09-25,1601.0,1404.0,7971165.0,5615.0,22604400.0,False,True,True,True,True,False
4060.T,4060,ｒａｋｕｍｏ,Growth,情報・通信業,,2026-09-25,1464.0,1195.0,7894430.0,6485.0,2987500.0,False,True,True,True,True,False
4076.T,4076,シイエヌエス,Growth,情報・通信業,,2026-09-25,1246.0,2020.0,7888130.0,3940.0,7474000.0,False,True,True,True,True,False
2883.T,2883,大冷,Standard,食料品,,2026-09-25,2621.0,2055.0,7830440.0,3840.0,12330000.0,False,True,True,True,True,False
7514.T,7514,ヒマラヤ,Standard,小売業,,2026-09-25,2621.0,852.0,7781055.0,9035.0,5878800.0,False,True,True,True,True,False
5699.T,5699,イボキン,Standard,鉄鋼,,2026-09-25,1991.0,1563.0,7771760.0,4830.0,8909100.0,False,True,True,True,True,False
3726.T,3726,フォーシーズＨＤ,Standard,小売業,,2026-09-25,2621.0,380.0,7752140.0,19525.0,13984000.0,False,True,True,True,True,False
1401.T,1401,エムビーエス,Growth,建設業,,2026-09-25,2621.0,1449.0,7745780.0,5645.0,42165900.0,False,True,True,True,True,False
9441.T,9441,ベルパーク,Standard,情報・通信業,,2026-09-25,2621.0,3090.0,7730290.0,2570.0,6798000.0,False,True,True,True,True,False
7064.T,7064,ハウテレビジョン,Growth,サービス業,,2026-09-25,1807.0,1022.0,7695105.0,7920.0,0.0,False,True,True,True,True,False
7277.T,7277,ＴＢＫ,Standard,輸送用機器,,2026-09-25,2621.0,338.0,7658455.0,22070.0,6016400.0,False,True,True,True,True,False
2459.T,2459,アウンコンサルティング,Standard,サービス業,,2026-09-25,2621.0,179.0,7650020.0,43435.0,3866400.0,False,False,True,True,True,False
3958.T,3958,笹徳印刷,Standard,パルプ・紙,,2026-09-25,733.0,531.0,7617875.0,13935.0,12744000.0,False,True,True,True,True,False
3174.T,3174,ハピネス・アンド・ディ,Standard,小売業,,2026-09-25,2621.0,380.0,7617235.0,19295.0,14402000.0,False,True,True,True,True,False
1711.T,1711,ＳＤＳホールディングス,Standard,建設業,,2026-09-25,2621.0,246.0,7597165.0,30965.0,5953200.0,False,True,True,True,True,False
7775.T,7775,大研医器,Standard,精密機器,,2026-09-25,2621.0,425.0,7593900.0,17885.0,10752500.0,False,True,True,True,True,False
6171.T,6171,土木管理総合試験所,Standard,サービス業,,2026-09-25,2621.0,374.0,7589410.0,20350.0,7143400.0,False,True,True,True,True,False
5380.T,5380,新東,Standard,ガラス・土石製品,,2026-09-25,2621.0,1401.0,7587415.0,5270.0,4062900.0,False,True,True,True,True,False
6561.T,6561,ＨＡＮＡＴＯＵＲ　ＪＡＰＡＮ,Growth,サービス業,,2026-09-25,2155.0,821.0,7571260.0,9130.0,3858700.0,False,True,True,True,True,False
4976.T,4976,東洋ドライルーブ,Standard,化学,,2026-09-25,2621.0,1575.0,7570230.0,4720.0,9135000.0,False,True,True,True,True,False
2173.T,2173,博展,Growth,サービス業,,2026-09-25,2621.0,771.0,7535375.0,10305.0,20817000.0,False,True,True,True,True,False
7640.T,7640,トップカルチャー,Standard,小売業,,2026-09-25,2621.0,193.0,7528775.0,39160.0,17794600.0,False,False,True,True,True,False
2373.T,2373,ケア２１,Standard,サービス業,,2026-09-25,2621.0,438.0,7524810.0,17290.0,1489200.0,False,True,True,True,True,False
1420.T,1420,サンヨーホームズ,Standard,建設業,,2026-09-25,2621.0,632.0,7515885.0,11880.0,7268000.0,False,True,True,True,True,False
9219.T,9219,ギックス,Growth,サービス業,,2026-09-25,1098.0,900.0,7506515.0,8410.0,5040000.0,False,True,True,True,True,False
5868.T,5868,ロココ,Standard,サービス業,,2026-09-25,673.0,1064.0,7499420.0,7125.0,5532800.0,False,True,True,True,True,False
288A.T,288A,ラクサス・テクノロジーズ,Growth,サービス業,,2026-09-25,432.0,93.0,7489130.0,77915.0,3189900.0,False,False,True,True,True,False
3760.T,3760,ケイブ,Standard,情報・通信業,,2026-09-25,2621.0,722.0,7486950.0,10510.0,8086400.0,False,True,True,True,True,False
9561.T,9561,グラッドキューブ,Growth,サービス業,,2026-09-25,976.0,436.0,7472635.0,17525.0,2616000.0,False,True,True,True,True,False
302A.T,302A,ビースタイルホールディングス,Growth,サービス業,,2026-09-25,422.0,584.0,7461080.0,12265.0,2920000.0,False,True,True,True,True,False
5858.T,5858,ＳＴＧ,Growth,非鉄金属,,2026-09-25,1769.0,1200.0,7450310.0,6225.0,8520000.0,False,True,True,True,True,False
175A.T,175A,Ｗｉｌｌ　Ｓｍａｒｔ,Growth,情報・通信業,,2026-09-25,596.0,645.0,7434610.0,11335.0,2128500.0,False,True,True,True,True,False
2872.T,2872,セイヒョー,Standard,食料品,,2026-09-25,2621.0,1926.0,7411150.0,3800.0,7318800.0,False,True,True,True,True,False
7462.T,7462,ＣＡＰＩＴＡ,Standard,小売業,,2026-09-25,2621.0,403.0,7408275.0,18415.0,11042200.0,False,True,True,True,True,False
2349.T,2349,エヌアイデイ,Standard,情報・通信業,,2026-09-25,2621.0,2511.0,7408110.0,2985.0,17828100.0,False,True,True,True,True,False
8700.T,8700,丸八証券,Standard,証券、商品先物取引業,,2026-09-25,2621.0,2168.0,7397365.0,3480.0,12357600.0,False,True,True,True,True,False
9562.T,9562,ビジネスコーチ,Growth,サービス業,,2026-09-25,961.0,711.0,7355330.0,11265.0,11589300.0,False,True,True,True,True,False
7425.T,7425,初穂商事,Standard,卸売業,,2026-09-25,2621.0,1101.0,7340260.0,6530.0,2312100.0,False,True,True,True,True,False
7356.T,7356,Ｒｅｔｔｙ,Growth,サービス業,,2026-09-25,1442.0,117.0,7311325.0,62115.0,1333800.0,False,False,True,True,True,False
4199.T,4199,ワンダープラネット,Growth,情報・通信業,,2026-09-25,1294.0,804.0,7301110.0,8790.0,2974800.0,False,True,True,True,True,False
4012.T,4012,アクシス,Standard,情報・通信業,,2026-09-25,1462.0,1736.0,7294435.0,4235.0,9027200.0,False,True,True,True,True,False
5753.T,5753,日本伸銅,Standard,非鉄金属,,2026-09-25,2621.0,2592.0,7286790.0,2860.0,4924800.0,False,True,True,True,True,False
7490.T,7490,日新商事,Standard,卸売業,,2026-09-25,2621.0,2190.0,7275380.0,3325.0,2409000.0,False,True,True,True,True,False
7822.T,7822,永大産業,Standard,その他製品,,2026-09-25,2621.0,260.0,7274995.0,28360.0,3328000.0,False,True,True,True,True,False
3965.T,3965,キャピタル・アセット・プランニング,Standard,情報・通信業,,2026-09-25,2453.0,894.0,7273600.0,8090.0,12337200.0,False,True,True,True,True,False
5922.T,5922,那須電機鉄工,Standard,金属製品,,2026-09-25,2621.0,20000.0,7264700.0,360.0,6000000.0,False,True,True,True,True,False
7991.T,7991,マミヤ・オーピー,Standard,機械,,2026-09-25,2621.0,1061.0,7260395.0,6760.0,6259900.0,False,True,True,True,True,False
7060.T,7060,ギークス,Standard,サービス業,,2026-09-25,1832.0,611.0,7256435.0,12170.0,22057100.0,False,True,True,True,True,False
7228.T,7228,デイトナ,Standard,輸送用機器,,2026-09-25,2621.0,4020.0,7235000.0,1800.0,1608000.0,False,True,True,True,True,False
6942.T,6942,ソフィアホールディングス,Standard,情報・通信業,,2026-09-25,2621.0,1450.0,7227720.0,5020.0,9570000.0,False,True,True,True,True,False
3912.T,3912,モバイルファクトリー,Standard,情報・通信業,,2026-09-25,2621.0,1111.0,7227205.0,6405.0,33107800.0,False,True,True,True,True,False
9636.T,9636,きんえい,Standard,サービス業,,2026-09-25,2621.0,4205.0,7217175.0,1715.0,0.0,False,True,True,True,True,False
3917.T,3917,アイリッジ,Growth,情報・通信業,,2026-09-25,2621.0,486.0,7188420.0,14910.0,8602200.0,False,True,True,True,True,False
3358.T,3358,ワイエスフード,Standard,小売業,,2026-09-25,2621.0,93.0,7188325.0,74845.0,6463500.0,False,False,True,True,True,False
3947.T,3947,ダイナパック,Standard,パルプ・紙,,2026-09-25,2621.0,2465.0,7183400.0,2905.0,3451000.0,False,True,True,True,True,False
9259.T,9259,タカヨシホールディングス,Growth,サービス業,,2026-09-25,1160.0,848.0,7177920.0,8435.0,5681600.0,False,True,True,True,True,False
7347.T,7347,マーキュリアホールディングス,Prime,証券、商品先物取引業,,2026-09-25,1279.0,799.0,7173670.0,8980.0,12304600.0,False,True,True,True,True,False
3913.T,3913,ＧｒｅｅｎＢｅｅ,Growth,情報・通信業,,2026-09-25,2621.0,1125.0,7132430.0,6305.0,3600000.0,False,True,True,True,True,False
5257.T,5257,ノバシステム,Standard,情報・通信業,,2026-09-25,853.0,2925.0,7113535.0,2500.0,3510000.0,False,True,True,True,True,False
2936.T,2936,ベースフード,Growth,食料品,,2026-09-25,944.0,276.0,7091200.0,25735.0,5713200.0,False,True,True,True,True,False
3712.T,3712,情報企画,Standard,情報・通信業,,2026-09-25,2621.0,1003.0,7074205.0,6680.0,1303900.0,False,True,True,True,True,False
7299.T,7299,フジオーゼックス,Standard,輸送用機器,,2026-09-25,2621.0,1849.0,7071585.0,3890.0,10724200.0,False,True,True,True,True,False
5891.T,5891,魁力屋,Standard,小売業,,2026-09-25,676.0,1699.0,7051925.0,4180.0,6626100.0,False,True,True,True,True,False
7196.T,7196,Ｃａｓａ,Standard,その他金融業,,2026-09-25,2188.0,751.0,7014745.0,9415.0,3079100.0,False,True,True,True,True,False
1905.T,1905,テノックス,Standard,建設業,,2026-09-25,2621.0,1451.0,6981745.0,4790.0,4207900.0,False,True,True,True,True,False
5869.T,5869,早稲田学習研究会,Standard,サービス業,,2026-09-25,671.0,1261.0,6966205.0,5545.0,8574800.0,False,True,True,True,True,False
7214.T,7214,ＧＭＢ,Standard,輸送用機器,,2026-09-25,2621.0,1152.0,6963425.0,6200.0,18432000.0,False,True,True,True,True,False
7804.T,7804,ビーアンドピー,Standard,その他製品,,2026-09-25,1750.0,2420.0,6939975.0,2900.0,17424000.0,False,True,True,True,True,False
8039.T,8039,築地魚市場,Standard,卸売業,,2026-09-25,2621.0,3470.0,6928375.0,1990.0,4858000.0,False,True,True,True,True,False
6265.T,6265,コンバム,Standard,機械,,2026-09-25,2621.0,3315.0,6922800.0,2235.0,5967000.0,False,True,True,True,True,False
6614.T,6614,シキノハイテック,Standard,電気機器,,2026-09-25,1345.0,870.0,6873180.0,7940.0,5046000.0,False,True,True,True,True,False
7369.T,7369,メイホーホールディングス,Growth,サービス業,,2026-09-25,1300.0,389.0,6854115.0,17800.0,5912800.0,False,True,True,True,True,False
4178.T,4178,Ｓｈａｒｉｎｇ　Ｉｎｎｏｖａｔｉｏｎｓ,Growth,情報・通信業,,2026-09-25,1346.0,551.0,6851960.0,12495.0,2975400.0,False,True,True,True,True,False
4389.T,4389,プロパティデータバンク,Growth,情報・通信業,,2026-09-25,2017.0,1046.0,6851945.0,6425.0,3870200.0,False,True,True,True,True,False
2721.T,2721,ジェイホールディングス,Standard,卸売業,,2026-09-25,2621.0,102.0,6844850.0,64080.0,2998800.0,False,False,True,True,True,False
3744.T,3744,サイオス,Standard,情報・通信業,,2026-09-25,2621.0,468.0,6838485.0,14900.0,3884400.0,False,True,True,True,True,False
3329.T,3329,東和フードサービス,Standard,小売業,,2026-09-25,2621.0,2145.0,6813995.0,3190.0,8151000.0,False,True,True,True,True,False
5870.T,5870,ナルネットコミュニケーションズ,Growth,サービス業,,2026-09-25,670.0,904.0,6787885.0,7590.0,9944000.0,False,True,True,True,True,False
4885.T,4885,室町ケミカル,Standard,医薬品,,2026-09-25,1364.0,906.0,6782365.0,7655.0,16036200.0,False,True,True,True,True,False
3690.T,3690,イルグルム,Standard,情報・通信業,,2026-09-25,2621.0,573.0,6779290.0,11715.0,8193900.0,False,True,True,True,True,False
7122.T,7122,近畿車輛,Standard,輸送用機器,,2026-09-25,2621.0,2444.0,6755280.0,2790.0,8309600.0,False,True,True,True,True,False
3160.T,3160,大光,Standard,卸売業,,2026-09-25,2621.0,576.0,6728485.0,11510.0,29376000.0,False,True,True,True,True,False
6731.T,6731,ピクセラ,Standard,電気機器,,2026-09-25,2621.0,101.0,6703215.0,64655.0,4585400.0,False,False,True,False,True,False
3353.T,3353,メディカル一光グループ,Standard,小売業,,2026-09-25,2621.0,2784.0,6673970.0,2370.0,2505600.0,False,True,True,True,True,False
3177.T,3177,ありがとうサービス,Standard,小売業,,2026-09-25,2621.0,4750.0,6667675.0,1520.0,11400000.0,False,True,True,True,True,False
5987.T,5987,オーネックス,Standard,金属製品,,2026-09-25,2621.0,1660.0,6664970.0,3995.0,4814000.0,False,True,True,True,True,False
6549.T,6549,ディーエムソリューションズ,Standard,サービス業,,2026-09-25,2282.0,1118.0,6636815.0,6055.0,4248400.0,False,True,True,True,True,False
4334.T,4334,ユークス,Standard,情報・通信業,,2026-09-25,2621.0,380.0,6615885.0,16965.0,4142000.0,False,True,True,True,True,False
297A.T,297A,アルピコホールディングス,Standard,小売業,,2026-09-25,424.0,211.0,6615720.0,31090.0,5612600.0,False,True,True,True,True,False
4934.T,4934,プレミアアンチエイジング,Growth,化学,,2026-09-25,1444.0,587.0,6612785.0,11065.0,4167700.0,False,True,True,True,True,False
145A.T,145A,Ｌ　ｉｓ　Ｂ,Growth,情報・通信業,,2026-09-25,611.0,884.0,6589610.0,7290.0,4154800.0,False,True,True,True,True,False
4490.T,4490,ビザスク,Growth,情報・通信業,,2026-09-25,1599.0,675.0,6577990.0,10005.0,2767500.0,False,True,True,True,True,False
5936.T,5936,東洋シヤッター,Standard,金属製品,,2026-09-25,2621.0,904.0,6535615.0,7160.0,4158400.0,False,True,True,True,True,False
9625.T,9625,セレスポ,Standard,サービス業,,2026-09-25,2621.0,928.0,6476525.0,6855.0,5196800.0,False,True,True,True,True,False
7643.T,7643,ダイイチ,Standard,小売業,,2026-09-25,2621.0,1730.0,6472190.0,3740.0,5017000.0,False,True,True,True,True,False
9731.T,9731,白洋舎,Standard,サービス業,,2026-09-25,2621.0,3400.0,6458850.0,1905.0,6460000.0,False,True,True,True,True,False
9351.T,9351,東洋埠頭,Standard,倉庫・運輸関連業,,2026-09-25,2621.0,1949.0,6457525.0,3340.0,25142100.0,False,True,True,True,True,False
5458.T,5458,高砂鐵工,Standard,鉄鋼,,2026-09-25,2621.0,1333.0,6448020.0,4780.0,1466300.0,False,True,True,True,True,False
2311.T,2311,エプコ,Standard,サービス業,,2026-09-25,2621.0,794.0,6441940.0,8190.0,4605200.0,False,True,True,True,True,False
3484.T,3484,イノベーションホールディングス,Prime,不動産業,,2026-09-25,2192.0,1213.0,6435920.0,5490.0,6792800.0,False,True,True,True,True,False
9162.T,9162,ブリーチ,Growth,サービス業,,2026-09-25,787.0,228.0,6410350.0,27885.0,4286400.0,False,True,True,True,True,False
4167.T,4167,ココペリ,Growth,情報・通信業,,2026-09-25,1408.0,333.0,6409295.0,19225.0,6593400.0,False,True,True,True,True,False
2689.T,2689,オルバヘルスケアホールディングス,Standard,卸売業,,2026-09-25,2621.0,1925.0,6408685.0,3350.0,8470000.0,False,True,True,True,True,False
7112.T,7112,キューブ,Growth,小売業,,2026-09-25,969.0,571.0,6396195.0,10400.0,5995500.0,False,True,True,True,True,False
4299.T,4299,ハイマックス,Standard,情報・通信業,,2026-09-25,2621.0,1226.0,6371590.0,5215.0,7723800.0,False,True,True,True,True,False
7812.T,7812,クレステック,Standard,その他製品,,2026-09-25,2621.0,2116.0,6367110.0,3065.0,5713200.0,False,True,True,True,True,False
4772.T,4772,ＳＭ　ＥＮＴＥＲＴＡＩＮＭＥＮＴ　ＪＡＰＡＮ,Growth,情報・通信業,,2026-09-25,2621.0,74.0,6336500.0,87845.0,16287400.0,False,False,True,True,True,False
4308.T,4308,Ｊストリーム,Growth,情報・通信業,,2026-09-25,2621.0,356.0,6333900.0,17740.0,5731600.0,False,True,True,True,True,False
4256.T,4256,サインド,Growth,情報・通信業,,2026-09-25,1162.0,1183.0,6320300.0,5640.0,8990800.0,False,True,True,True,True,False
7604.T,7604,梅の花グループ,Standard,小売業,,2026-09-25,2621.0,921.0,6296635.0,6940.0,6354900.0,False,True,True,True,True,False
9753.T,9753,アイエックス・ナレッジ,Standard,情報・通信業,,2026-09-25,2621.0,1435.0,6294400.0,4470.0,2439500.0,False,True,True,True,True,False
2224.T,2224,コモ,Standard,食料品,,2026-09-25,2621.0,3770.0,6284850.0,1695.0,19227000.0,False,True,True,True,True,False
6159.T,6159,ミクロン精密,Standard,機械,,2026-09-25,2621.0,1925.0,6283740.0,2990.0,1347500.0,False,True,True,True,True,False
5015.T,5015,ビーピー・カストロール,Standard,石油・石炭製品,,2026-09-25,2621.0,1001.0,6279335.0,6275.0,8908900.0,False,True,True,True,True,False
4376.T,4376,くふうカンパニーホールディングス,Growth,情報・通信業,,2026-09-25,1218.0,177.0,6268265.0,37195.0,5805600.0,False,False,True,True,True,False
4447.T,4447,ピー・ビーシステムズ,Growth,情報・通信業,,2026-09-25,970.0,502.0,6255865.0,12485.0,8935600.0,False,True,True,True,True,False
6836.T,6836,ぷらっとホーム,Standard,電気機器,,2026-09-25,2621.0,805.0,6249185.0,7655.0,23023000.0,False,True,True,True,True,False
3979.T,3979,うるる,Growth,情報・通信業,,2026-09-25,2347.0,465.0,6239740.0,13950.0,2790000.0,False,True,True,True,True,False
6393.T,6393,油研工業,Standard,機械,,2026-09-25,2621.0,3090.0,6231875.0,2045.0,4635000.0,False,True,True,True,True,False
7353.T,7353,ＫＩＹＯラーニング,Growth,サービス業,,2026-09-25,1513.0,510.0,6226505.0,11930.0,1020000.0,False,True,True,True,True,False
7567.T,7567,栄電子,Standard,卸売業,,2026-09-25,2621.0,633.0,6214290.0,10145.0,16331400.0,False,True,True,True,True,False
1853.T,1853,森組,Standard,建設業,,2026-09-25,2621.0,326.0,6183925.0,18985.0,15745800.0,False,True,True,True,True,False
6343.T,6343,フリージア・マクロス,Standard,機械,,2026-09-25,2621.0,147.0,6155660.0,41340.0,4233600.0,False,False,True,True,True,False
3969.T,3969,エイトレッド,Standard,情報・通信業,,2026-09-25,2402.0,1406.0,6150840.0,4380.0,8014200.0,False,True,True,True,True,False
3625.T,3625,テックファームホールディングス,Growth,情報・通信業,,2026-09-25,2621.0,719.0,6147620.0,9175.0,19988200.0,False,True,True,True,True,False
3082.T,3082,きちりホールディングス,Standard,小売業,,2026-09-25,2621.0,979.0,6131100.0,6250.0,8027800.0,False,True,True,True,True,False
151A.T,151A,ダイブ,Growth,サービス業,,2026-09-25,610.0,632.0,6120020.0,9520.0,3728800.0,False,True,True,True,True,False
7670.T,7670,オーウエル,Standard,卸売業,,2026-09-25,1896.0,1230.0,6111280.0,4980.0,5535000.0,False,True,True,True,True,False
3799.T,3799,キーウェアソリューションズ,Standard,情報・通信業,,2026-09-25,2621.0,1151.0,6093250.0,5360.0,15538500.0,False,True,True,True,True,False
9159.T,9159,Ｗ　ＴＯＫＹＯ,Growth,サービス業,,2026-09-25,791.0,1933.0,6082835.0,3075.0,4445900.0,False,True,True,True,True,False
6239.T,6239,ナガオカ,Standard,機械,,2026-09-25,2621.0,1460.0,6077790.0,4180.0,4380000.0,False,True,True,True,True,False
3750.T,3750,ＡＤＲ１２０Ｓ,Standard,情報・通信業,,2026-09-25,2621.0,860.0,6059390.0,7325.0,5504000.0,False,True,True,True,True,False
3067.T,3067,東京一番フーズ,Standard,小売業,,2026-09-25,2621.0,464.0,6057095.0,13015.0,19534400.0,False,True,True,True,True,False
4482.T,4482,ウィルズ,Growth,情報・通信業,,2026-09-25,1651.0,746.0,6039970.0,8160.0,4252200.0,False,True,True,True,True,False
3815.T,3815,メディア工房,Growth,情報・通信業,,2026-09-25,2621.0,432.0,6038150.0,13890.0,1339200.0,False,True,True,True,True,False
1793.T,1793,大本組,Standard,建設業,,2026-09-25,2621.0,2127.0,6019460.0,2855.0,6381000.0,False,True,True,True,True,False
2411.T,2411,ゲンダイエージェンシー,Standard,情報・通信業,,2026-09-25,2621.0,472.0,5988010.0,12730.0,2501600.0,False,True,True,True,True,False
245A.T,245A,ＩＮＧＳ,Growth,小売業,,2026-09-25,486.0,2485.0,5977730.0,2355.0,2236500.0,False,True,True,True,True,False
4265.T,4265,Ｉｎｓｔｉｔｕｔｉｏｎ　ｆｏｒ　ａ　Ｇｌｏｂａｌ　Ｓｏｃｉｅｔｙ,Growth,情報・通信業,,2026-09-25,1157.0,279.0,5936570.0,20885.0,10964700.0,False,True,True,True,True,False
7849.T,7849,スターツ出版,Standard,情報・通信業,,2026-09-25,2621.0,3020.0,5919240.0,1955.0,5738000.0,False,True,True,True,True,False
3089.T,3089,テクノアルファ,Standard,卸売業,,2026-09-25,2621.0,1077.0,5910280.0,5485.0,5708100.0,False,True,True,True,True,False
9307.T,9307,杉村倉庫,Standard,倉庫・運輸関連業,,2026-09-25,2621.0,939.0,5860105.0,6125.0,13897200.0,False,True,True,True,True,False
9171.T,9171,栗林商船,Standard,海運業,,2026-09-25,2621.0,1482.0,5858645.0,3885.0,3853200.0,False,True,True,True,True,False
4361.T,4361,川口化学工業,Standard,化学,,2026-09-25,2621.0,1617.0,5857785.0,3690.0,4042500.0,False,True,True,True,True,False
5939.T,5939,大谷工業,Standard,金属製品,,2026-09-25,2621.0,4680.0,5839900.0,1240.0,936000.0,False,True,True,True,True,False
6848.T,6848,東亜ディーケーケー,Standard,電気機器,,2026-09-25,2621.0,867.0,5836975.0,6730.0,18380400.0,False,True,True,True,True,False
7481.T,7481,尾家産業,Standard,卸売業,,2026-09-25,2621.0,2621.0,5793085.0,2230.0,12318700.0,False,True,True,True,True,False
3137.T,3137,ファンデリー,Growth,小売業,,2026-09-25,2621.0,213.0,5776375.0,26975.0,3429300.0,False,True,True,True,True,False
1438.T,1438,岐阜造園,Standard,建設業,,2026-09-25,976.0,2298.0,5770090.0,2540.0,1838400.0,False,True,True,True,True,False
9363.T,9363,大運,Standard,倉庫・運輸関連業,,2026-09-25,2621.0,504.0,5761395.0,10925.0,20260800.0,False,True,True,True,True,False
3566.T,3566,ユニフォームネクスト,Growth,小売業,,2026-09-25,2261.0,724.0,5758880.0,8000.0,1954800.0,False,True,True,True,True,False
5994.T,5994,ファインシンター,Standard,金属製品,,2026-09-25,2621.0,995.0,5749280.0,5630.0,7363000.0,False,True,True,True,True,False
2778.T,2778,パレモ・ホールディングス,Standard,小売業,,2026-09-25,2621.0,121.0,5724785.0,49315.0,25724600.0,False,False,True,True,True,False
2970.T,2970,グッドライフカンパニー,Standard,不動産業,,2026-09-25,1894.0,1135.0,5724275.0,5250.0,5902000.0,False,True,True,True,True,False
7079.T,7079,ＷＤＢココ,Growth,サービス業,,2026-09-25,1645.0,2600.0,5711065.0,2225.0,9360000.0,False,True,True,True,True,False
7827.T,7827,オービス,Standard,その他製品,,2026-09-25,2621.0,1800.0,5688370.0,3245.0,7560000.0,False,True,True,True,True,False
3370.T,3370,フジタコーポレーション,Standard,小売業,,2026-09-25,2621.0,477.0,5674120.0,11985.0,5676300.0,False,True,True,True,True,False
9033.T,9033,広島電鉄,Standard,陸運業,,2026-09-25,2621.0,631.0,5669300.0,8945.0,8518500.0,False,True,True,True,True,False
4016.T,4016,ＭＩＴホールディングス,Standard,情報・通信業,,2026-09-25,1424.0,1070.0,5659635.0,5380.0,11556000.0,False,True,True,True,True,False
4728.T,4728,トーセ,Standard,情報・通信業,,2026-09-25,2621.0,651.0,5659420.0,8735.0,1757700.0,False,True,True,True,True,False
7871.T,7871,フクビ化学工業,Standard,化学,,2026-09-25,2621.0,1028.0,5653050.0,5555.0,7504400.0,False,True,True,True,True,False
9993.T,9993,ヤマザワ,Standard,小売業,,2026-09-25,2621.0,1160.0,5652120.0,4865.0,1856000.0,False,True,True,True,True,False
7361.T,7361,ヒューマンクリエイションホールディングス,Growth,サービス業,,2026-09-25,1352.0,1223.0,5651130.0,4700.0,17366600.0,False,True,True,True,True,False
1840.T,1840,土屋ホールディングス,Standard,建設業,,2026-09-25,2621.0,252.0,5650915.0,22220.0,2091600.0,False,True,True,True,True,False
334A.T,334A,ビジュアル・プロセッシング・ジャパン,Growth,情報・通信業,,2026-09-25,368.0,1173.0,5627390.0,5135.0,9266700.0,False,True,True,True,True,False
2984.T,2984,ヤマイチエステート,Standard,不動産業,,2026-09-25,1044.0,785.0,5625385.0,7305.0,12010500.0,False,True,True,True,True,False
7417.T,7417,南陽,Standard,卸売業,,2026-09-25,2158.0,1866.0,5616665.0,2980.0,10636200.0,False,True,True,True,True,False
3386.T,3386,コスモ・バイオ,Standard,卸売業,,2026-09-25,2621.0,1243.0,5602900.0,4455.0,5469200.0,False,True,True,True,True,False
7135.T,7135,ジャパンクラフトホールディングス,Standard,小売業,,2026-09-25,1155.0,171.0,5600155.0,31485.0,5985000.0,False,False,True,True,True,False
4262.T,4262,ニフティライフスタイル,Growth,情報・通信業,,2026-09-25,1160.0,1390.0,5598100.0,4020.0,12232000.0,False,True,True,True,True,False
3042.T,3042,セキュアヴェイル,Growth,情報・通信業,,2026-09-25,2621.0,303.0,5586690.0,18455.0,5120700.0,False,True,True,True,True,False
2183.T,2183,リニカル,Standard,サービス業,,2026-09-25,2621.0,204.0,5584775.0,27200.0,3427200.0,False,True,True,True,True,False
3409.T,3409,北紡,Standard,繊維製品,,2026-09-25,2621.0,81.0,5576840.0,63540.0,16831800.0,False,False,True,True,True,False
9444.T,9444,トーシンホールディングス,Standard,情報・通信業,,2026-09-25,2621.0,258.0,5565795.0,20040.0,1728600.0,False,True,True,True,True,False
6647.T,6647,森尾電機,Standard,電気機器,,2026-09-25,2621.0,3850.0,5565050.0,1580.0,13860000.0,False,True,True,True,True,False
9904.T,9904,ベリテ,Standard,小売業,,2026-09-25,2621.0,243.0,5535965.0,22510.0,2187000.0,False,True,True,True,True,False
7072.T,7072,インティメート・マージャー,Growth,サービス業,,2026-09-25,1688.0,1080.0,5532480.0,4965.0,2484000.0,False,True,True,True,True,False
4069.T,4069,ＢｌｕｅＭｅｍｅ,Growth,情報・通信業,,2026-09-25,1281.0,635.0,5529735.0,8035.0,5905500.0,False,True,True,True,True,False
7898.T,7898,ウッドワン,Standard,その他製品,,2026-09-25,2621.0,939.0,5507565.0,5945.0,2817000.0,False,True,True,True,True,False
6400.T,6400,不二精機,Standard,機械,,2026-09-25,2621.0,310.0,5489385.0,18765.0,9796000.0,False,True,True,True,True,False
7127.T,7127,一家ホールディングス,Standard,小売業,,2026-09-25,1218.0,712.0,5484735.0,7745.0,10822400.0,False,True,True,True,True,False
4380.T,4380,Ｍマート,Growth,情報・通信業,,2026-09-25,2104.0,714.0,5479420.0,7885.0,4212600.0,False,True,True,True,True,False
6771.T,6771,池上通信機,Standard,電気機器,,2026-09-25,2621.0,652.0,5471535.0,8265.0,5020400.0,False,True,True,True,True,False
7963.T,7963,興研,Standard,その他製品,,2026-09-25,2621.0,1800.0,5466520.0,3020.0,6840000.0,False,True,True,True,True,False
9193.T,9193,東京汽船,Standard,倉庫・運輸関連業,,2026-09-25,2621.0,895.0,5464335.0,6205.0,5459500.0,False,True,True,True,True,False
8772.T,8772,アサックス,Standard,その他金融業,,2026-09-25,2621.0,895.0,5464265.0,6095.0,4206500.0,False,True,True,True,True,False
8946.T,8946,ＡＳＩＡＮ　ＳＴＡＲ,Standard,不動産業,,2026-09-25,2621.0,73.0,5460800.0,73060.0,9154200.0,False,False,True,True,True,False
1450.T,1450,ＴＡＮＡＫＥＮ,Standard,建設業,,2026-09-25,1893.0,1474.0,5454400.0,3700.0,29627400.0,False,True,True,True,True,False
3096.T,3096,オーシャンシステム,Standard,小売業,,2026-09-25,2621.0,1601.0,5448135.0,3385.0,14729200.0,False,True,True,True,True,False
7565.T,7565,萬世電機,Standard,卸売業,,2026-09-25,2621.0,7800.0,5409200.0,650.0,0.0,False,True,True,True,True,False
6402.T,6402,兼松エンジニアリング,Standard,機械,,2026-09-25,2621.0,1636.0,5406025.0,3365.0,2781200.0,False,True,True,True,True,False
7219.T,7219,エッチ・ケー・エス,Standard,輸送用機器,,2026-09-25,2621.0,2454.0,5405720.0,2150.0,2699400.0,False,True,True,True,True,False
323A.T,323A,フライヤー,Growth,情報・通信業,,2026-09-25,389.0,382.0,5362470.0,14190.0,1680800.0,False,True,True,True,True,False
4539.T,4539,日本ケミファ,Standard,医薬品,,2026-09-25,2621.0,1573.0,5359590.0,3395.0,1887600.0,False,True,True,True,True,False
3079.T,3079,ディーブイエックス,Standard,卸売業,,2026-08-28,2604.0,930.0,5328620.0,5680.0,0.0,False,True,True,True,False,False
8181.T,8181,東天紅,Standard,小売業,,2026-09-25,2621.0,1010.0,5309250.0,5365.0,8181000.0,False,True,True,True,True,False
6797.T,6797,名古屋電機工業,Standard,電気機器,,2026-09-25,564.0,1198.0,5308495.0,4390.0,2156400.0,False,True,True,True,True,False
8260.T,8260,井筒屋,Standard,小売業,,2026-09-25,2621.0,389.0,5305925.0,13845.0,6535200.0,False,True,True,True,True,False
5356.T,5356,美濃窯業,Standard,ガラス・土石製品,,2026-09-25,616.0,1274.0,5301680.0,4155.0,5733000.0,False,True,True,True,True,False
6022.T,6022,赤阪鐵工所,Standard,機械,,2026-09-25,2621.0,2910.0,5301000.0,1825.0,6984000.0,False,True,True,True,True,False
6537.T,6537,ＷＡＳＨハウス,Growth,サービス業,,2026-09-25,2423.0,293.0,5283075.0,17945.0,2109600.0,False,True,True,True,True,False
8135.T,8135,ゼット,Standard,卸売業,,2026-09-25,2621.0,431.0,5255565.0,12090.0,5042700.0,False,True,True,True,True,False
4288.T,4288,アズジェント,Standard,情報・通信業,,2026-09-25,2621.0,430.0,5240530.0,11445.0,3698000.0,False,True,True,True,True,False
9326.T,9326,関通,Growth,倉庫・運輸関連業,,2026-09-25,1592.0,478.0,5227625.0,10770.0,2963600.0,False,True,True,True,True,False
291A.T,291A,リスキル,Growth,サービス業,,2026-09-25,430.0,2032.0,5220390.0,2600.0,1625600.0,False,True,True,True,True,False
2937.T,2937,サンクゼール,Growth,食料品,,2026-09-25,919.0,1790.0,5218350.0,2955.0,20048000.0,False,True,True,True,True,False
8617.T,8617,光世証券,Standard,証券、商品先物取引業,,2026-09-25,2621.0,609.0,5213525.0,8380.0,3227700.0,False,True,True,True,True,False
5609.T,5609,日本鋳造,Standard,鉄鋼,,2026-09-25,2621.0,929.0,5197425.0,5665.0,4830800.0,False,True,True,True,True,False
4439.T,4439,東名,Standard,情報・通信業,,2026-09-25,1823.0,829.0,5194595.0,6595.0,11025700.0,False,True,True,True,True,False
3896.T,3896,阿波製紙,Standard,パルプ・紙,,2026-09-25,2621.0,420.0,5190795.0,12575.0,8400000.0,False,True,True,True,True,False
2654.T,2654,アスモ,Standard,小売業,,2026-09-25,2621.0,432.0,5185560.0,11930.0,5745600.0,False,True,True,True,True,False
386A.T,386A,みのや,Standard,小売業,,2026-09-25,288.0,1254.0,5182965.0,4135.0,7524000.0,False,True,True,True,True,False
3140.T,3140,ＢＲＵＮＯ,Growth,卸売業,,2026-09-25,2621.0,1019.0,5181975.0,5090.0,4687400.0,False,True,True,True,True,False
9986.T,9986,蔵王産業,Standard,卸売業,,2026-09-25,2621.0,2505.0,5180905.0,2080.0,2004000.0,False,True,True,True,True,False
2424.T,2424,ブラス,Standard,サービス業,,2026-09-25,2597.0,617.0,5180815.0,8215.0,1357400.0,False,True,True,True,True,False
4624.T,4624,イサム塗料,Standard,化学,,2026-09-25,2621.0,4055.0,5175625.0,1280.0,1622000.0,False,True,True,True,True,False
5187.T,5187,クリエートメディック,Standard,精密機器,,2026-09-25,2621.0,1164.0,5156220.0,4480.0,5354400.0,False,True,True,True,True,False
3646.T,3646,駅探,Growth,情報・通信業,,2026-09-25,2621.0,360.0,5155975.0,14175.0,2088000.0,False,True,True,True,True,False
7343.T,7343,ブロードマインド,Growth,保険業,,2026-09-25,1344.0,1322.0,5155125.0,3970.0,3569400.0,False,True,True,True,True,False
7133.T,7133,ＨＹＵＧＡ　ＰＲＩＭＡＲＹ　ＣＡＲＥ,Growth,小売業,,2026-09-25,1164.0,1341.0,5128065.0,3890.0,4157100.0,False,True,True,True,True,False
6545.T,6545,インターネットインフィニティー,Growth,サービス業,,2026-09-25,2344.0,779.0,5090465.0,6385.0,10828100.0,False,True,True,True,True,False
6488.T,6488,ヨシタケ,Standard,機械,,2026-09-25,2621.0,1046.0,5090055.0,4890.0,4393200.0,False,True,True,True,True,False
4124.T,4124,大阪油化工業,Standard,化学,,2026-09-25,2206.0,3050.0,5078465.0,1700.0,4270000.0,False,True,True,True,True,False
7601.T,7601,ポプラ,Standard,小売業,,2026-09-25,2621.0,161.0,5076910.0,31155.0,10754800.0,False,False,True,True,True,False
4248.T,4248,竹本容器,Standard,化学,,2026-09-25,2621.0,881.0,5047135.0,5730.0,14184100.0,False,True,True,True,True,False
7809.T,7809,壽屋,Standard,その他製品,,2026-09-25,2213.0,1320.0,5046870.0,3815.0,5148000.0,False,True,True,True,True,False
7614.T,7614,オーエムツーネットワーク,Standard,小売業,,2026-09-25,2621.0,1548.0,5040670.0,3260.0,464400.0,False,True,True,True,True,False
6870.T,6870,日本フェンオール,Standard,電気機器,,2026-09-25,2621.0,2100.0,5025125.0,2350.0,3990000.0,False,True,True,True,True,False
9686.T,9686,東洋テック,Standard,サービス業,,2026-09-25,2621.0,1734.0,5023595.0,2935.0,6589200.0,False,True,True,True,True,False
3068.T,3068,ＷＤＩ,Standard,小売業,,2026-09-25,2621.0,3055.0,5015225.0,1645.0,18024500.0,False,True,True,True,True,False
3991.T,3991,ウォンテッドリー,Growth,情報・通信業,,2026-09-25,2220.0,945.0,5003640.0,4950.0,1984500.0,False,True,True,True,True,False
4777.T,4777,ガーラ,Standard,情報・通信業,,2026-09-25,2621.0,199.0,4972835.0,24865.0,3840700.0,False,False,True,True,True,False
3461.T,3461,パルマ,Standard,不動産業,,2026-09-25,2621.0,634.0,4938865.0,7915.0,6340000.0,False,True,True,True,True,False
9385.T,9385,ショーエイコーポレーション,Standard,化学,,2026-09-25,2621.0,750.0,4927150.0,6555.0,5175000.0,False,True,True,True,True,False
9380.T,9380,東海運,Standard,倉庫・運輸関連業,,2026-09-25,2621.0,449.0,4918330.0,11195.0,12033200.0,False,True,True,True,True,False
5337.T,5337,ダントーホールディングス,Standard,ガラス・土石製品,,2026-09-25,2621.0,858.0,4914290.0,5880.0,10982400.0,False,True,True,True,True,False
3434.T,3434,アルファＣｏ,Standard,金属製品,,2026-09-25,2621.0,1249.0,4901185.0,3935.0,2622900.0,False,True,True,True,True,False
9220.T,9220,エフビー介護サービス,Standard,サービス業,,2026-09-25,1092.0,1270.0,4889055.0,3770.0,10795000.0,False,True,True,True,True,False
3945.T,3945,スーパーバッグ,Standard,パルプ・紙,,2026-09-25,2621.0,2187.0,4880575.0,2245.0,1749600.0,False,True,True,True,True,False
6029.T,6029,アトラグループ,Standard,サービス業,,2026-09-25,2621.0,191.0,4874865.0,25930.0,4221100.0,False,False,True,True,True,False
6161.T,6161,エスティック,Standard,機械,,2026-09-25,2621.0,1057.0,4872860.0,4635.0,2853900.0,False,True,True,True,True,False
5237.T,5237,ノザワ,Standard,ガラス・土石製品,,2026-09-25,2621.0,1248.0,4828450.0,3970.0,5740800.0,False,True,True,True,True,False
6286.T,6286,靜甲,Standard,機械,,2026-09-25,2621.0,1505.0,4810000.0,3190.0,1956500.0,False,True,True,True,True,False
5945.T,5945,天龍製鋸,Standard,金属製品,,2026-09-25,2621.0,2294.0,4791630.0,2095.0,4817400.0,False,True,True,True,True,False
4450.T,4450,パワーソリューションズ,Growth,情報・通信業,,2026-09-25,1703.0,2368.0,4778355.0,2045.0,6867200.0,False,True,True,True,True,False
9213.T,9213,セイファート,Standard,サービス業,,2026-09-25,1133.0,1037.0,4769175.0,4600.0,622200.0,False,True,True,True,True,False
6018.T,6018,阪神内燃機工業,Standard,輸送用機器,,2026-09-25,2621.0,6100.0,4716350.0,785.0,7930000.0,False,True,True,True,True,False
9760.T,9760,進学会ホールディングス,Standard,サービス業,,2026-09-25,2621.0,116.0,4712485.0,39830.0,3758400.0,False,False,True,True,True,False
8089.T,8089,ナイス,Standard,卸売業,,2026-09-25,2621.0,1985.0,4710230.0,2365.0,12307000.0,False,True,True,True,True,False
6307.T,6307,サンセイ,Standard,機械,,2026-09-25,2621.0,469.0,4709825.0,9745.0,2016700.0,False,True,True,True,True,False
2831.T,2831,はごろもフーズ,Standard,食料品,,2026-09-25,2621.0,3750.0,4707675.0,1280.0,5625000.0,False,True,True,True,True,False
7847.T,7847,グラファイトデザイン,Standard,その他製品,,2026-09-25,2621.0,694.0,4702375.0,7110.0,15823200.0,False,True,True,True,True,False
7442.T,7442,中山福,Standard,卸売業,,2026-09-25,2621.0,481.0,4701675.0,9795.0,10197200.0,False,True,True,True,True,False
6819.T,6819,伊豆シャボテンリゾート,Standard,サービス業,,2026-09-25,2621.0,478.0,4698510.0,9840.0,2724600.0,False,True,True,True,True,False
6663.T,6663,太洋テクノレックス,Standard,電気機器,,2026-09-25,2621.0,304.0,4695315.0,15095.0,2492800.0,False,True,True,True,True,False
9713.T,9713,ロイヤルホテル,Standard,サービス業,,2026-09-25,2621.0,927.0,4672745.0,5110.0,4635000.0,False,True,True,True,True,False
6776.T,6776,天昇電気工業,Standard,化学,,2026-09-25,2621.0,295.0,4662575.0,16230.0,6903000.0,False,True,True,True,True,False
3557.T,3557,ユナイテッド＆コレクティブ,Growth,小売業,,2026-09-25,2361.0,505.0,4658035.0,8935.0,3484500.0,False,True,True,True,True,False
4260.T,4260,ハイブリッドテクノロジーズ,Growth,情報・通信業,,2026-09-25,1161.0,203.0,4656470.0,22480.0,1969100.0,False,True,True,True,True,False
6360.T,6360,東京自働機械製作所,Standard,機械,,2026-09-25,2621.0,4850.0,4655900.0,985.0,2910000.0,False,True,True,True,True,False
7044.T,7044,ピアラ,Standard,サービス業,,2026-09-25,1898.0,519.0,4648975.0,9055.0,6902700.0,False,True,True,True,True,False
6034.T,6034,ＭＲＴ,Growth,サービス業,,2026-09-25,2621.0,577.0,4646230.0,7710.0,7385600.0,False,True,True,True,True,False
2796.T,2796,ファーマライズホールディングス,Standard,小売業,,2026-09-25,2621.0,504.0,4635845.0,9160.0,11995200.0,False,True,True,True,True,False
8230.T,8230,はせがわ,Standard,小売業,,2026-09-25,2621.0,308.0,4625090.0,14955.0,2464000.0,False,True,True,True,True,False
4398.T,4398,ブロードバンドセキュリティ,Standard,情報・通信業,,2026-09-25,1951.0,1319.0,4609965.0,3515.0,2901800.0,False,True,True,True,True,False
5941.T,5941,中西製作所,Standard,金属製品,,2026-09-25,2621.0,2700.0,4607180.0,1690.0,8640000.0,False,True,True,True,True,False
3988.T,3988,ＳＹＳホールディングス,Standard,情報・通信業,,2026-09-25,2275.0,562.0,4597550.0,8195.0,8261400.0,False,True,True,True,True,False
7836.T,7836,アビックス,Standard,その他製品,,2026-09-25,2621.0,74.0,4594355.0,61145.0,1250600.0,False,False,True,True,True,False
8908.T,8908,毎日コムネット,Standard,不動産業,,2026-09-25,2621.0,893.0,4593095.0,5180.0,6340300.0,False,True,True,True,True,False
8107.T,8107,キムラタン,Standard,繊維製品,,2026-09-25,2621.0,30.0,4587635.0,148605.0,1194000.0,False,False,True,True,True,False
7636.T,7636,ハンズマン,Standard,小売業,,2026-09-25,2621.0,797.0,4567750.0,5730.0,3267700.0,False,True,True,True,True,False
149A.T,149A,シンカ,Growth,情報・通信業,,2026-09-25,610.0,805.0,4553970.0,5695.0,4105500.0,False,True,True,True,True,False
7938.T,7938,リーガルコーポレーション,Standard,その他製品,,2026-09-25,2621.0,2132.0,4547635.0,2135.0,4050800.0,False,True,True,True,True,False
1758.T,1758,太洋基礎工業,Standard,建設業,,2026-09-25,2621.0,2458.0,4528500.0,1850.0,1229000.0,False,True,True,True,True,False
4427.T,4427,ＥｄｕＬａｂ,Growth,情報・通信業,,2026-09-25,1890.0,221.0,4527055.0,19665.0,1812200.0,False,True,True,True,True,False
4388.T,4388,エーアイ,Growth,情報・通信業,,2026-09-25,2016.0,364.0,4524970.0,12100.0,1528800.0,False,True,True,True,True,False
9955.T,9955,ヨンキュウ,Standard,卸売業,,2026-09-25,2621.0,2817.0,4522905.0,1605.0,6760800.0,False,True,True,True,True,False
3758.T,3758,アエリア,Standard,情報・通信業,,2026-09-25,2621.0,248.0,4516730.0,18205.0,3050400.0,False,True,True,True,True,False
7325.T,7325,アイリックコーポレーション,Growth,保険業,,2026-09-25,1953.0,709.0,4506105.0,6470.0,5884700.0,False,True,True,True,True,False
6049.T,6049,イトクロ,Growth,サービス業,,2026-09-25,2621.0,246.0,4498400.0,17985.0,2583000.0,False,True,True,True,True,False
9799.T,9799,旭情報サービス,Standard,情報・通信業,,2026-09-25,2621.0,964.0,4495535.0,4695.0,9254400.0,False,True,True,True,True,False
7879.T,7879,ノダ,Standard,その他製品,,2026-09-25,2621.0,676.0,4484655.0,6650.0,8314800.0,False,True,True,True,True,False
4484.T,4484,ランサーズ,Growth,情報・通信業,,2026-09-25,1653.0,302.0,4473415.0,15090.0,5194400.0,False,True,True,True,True,False
6180.T,6180,ＧＭＯメディア,Growth,サービス業,,2026-09-25,2621.0,3765.0,4456625.0,1170.0,3765000.0,False,True,True,True,True,False
3420.T,3420,ケー・エフ・シー,Standard,金属製品,,2026-09-25,2621.0,1570.0,4451275.0,2825.0,2198000.0,False,True,True,True,True,False
2903.T,2903,シノブフーズ,Standard,食料品,,2026-09-25,2621.0,1540.0,4443035.0,2765.0,10164000.0,False,True,True,True,True,False
7918.T,7918,ヴィア・ホールディングス,Standard,小売業,,2026-09-25,2621.0,105.0,4437540.0,41665.0,4000500.0,False,False,True,True,True,False
5189.T,5189,櫻護謨,Standard,ゴム製品,,2026-09-25,2621.0,3490.0,4427675.0,1265.0,1396000.0,False,True,True,True,True,False
3435.T,3435,サンコーテクノ,Standard,金属製品,,2026-09-25,2621.0,1540.0,4406945.0,2900.0,3388000.0,False,True,True,True,True,False
7081.T,7081,コーユーレンティア,Standard,サービス業,,2026-09-25,1619.0,1285.0,4383150.0,3385.0,4240500.0,False,True,True,True,True,False
3454.T,3454,ファーストブラザーズ,Standard,不動産業,,2026-09-25,2621.0,1274.0,4381570.0,3455.0,8026200.0,False,True,True,True,True,False
3161.T,3161,アゼアス,Standard,卸売業,,2026-09-25,2621.0,675.0,4364495.0,6535.0,2565000.0,False,True,True,True,True,False
4750.T,4750,ダイサン,Standard,サービス業,,2026-09-25,2621.0,549.0,4360675.0,7825.0,2415600.0,False,True,True,True,True,False
4623.T,4623,アサヒペン,Standard,化学,,2026-09-25,2621.0,1894.0,4359675.0,2340.0,2462200.0,False,True,True,True,True,False
2169.T,2169,ＣＤＳ,Standard,サービス業,,2026-09-25,2621.0,1754.0,4345675.0,2510.0,4735800.0,False,True,True,True,True,False
2391.T,2391,プラネット,Standard,サービス業,,2026-09-25,2621.0,1179.0,4342105.0,3695.0,3065400.0,False,True,True,True,True,False
2464.T,2464,Ａｏｂａ‐ＢＢＴ,Standard,サービス業,,2026-09-25,2621.0,379.0,4318730.0,11550.0,4851200.0,False,True,True,True,True,False
5603.T,5603,虹技,Standard,鉄鋼,,2026-09-25,2621.0,1300.0,4316870.0,3305.0,24440000.0,False,True,True,True,True,False
8742.T,8742,小林洋行,Standard,証券、商品先物取引業,,2026-09-25,2621.0,590.0,4304895.0,7195.0,5192000.0,False,True,True,True,True,False
5576.T,5576,オービーシステム,Standard,情報・通信業,,2026-09-25,797.0,3130.0,4296655.0,1420.0,11268000.0,False,True,True,True,True,False
6578.T,6578,コレックホールディングス,Standard,サービス業,,2026-09-25,2060.0,480.0,4269435.0,8925.0,2304000.0,False,True,True,True,True,False
5921.T,5921,川岸工業,Standard,金属製品,,2026-09-25,2621.0,4415.0,4257700.0,965.0,11479000.0,False,True,True,True,True,False
2818.T,2818,ピエトロ,Standard,食料品,,2026-09-25,2621.0,1760.0,4248290.0,2410.0,7568000.0,False,True,True,True,True,False
6543.T,6543,日宣,Standard,サービス業,,2026-09-25,2366.0,1184.0,4226275.0,3460.0,2249600.0,False,True,True,True,True,False
4445.T,4445,リビン・テクノロジーズ,Growth,情報・通信業,,2026-09-25,1767.0,1960.0,4225630.0,2180.0,9016000.0,False,True,True,True,True,False
2215.T,2215,第一屋製パン,Standard,食料品,,2026-09-25,2621.0,621.0,4223270.0,6860.0,1738800.0,False,True,True,True,True,False
3423.T,3423,エスイー,Standard,金属製品,,2026-09-25,2621.0,265.0,4223130.0,15680.0,14681000.0,False,True,True,True,True,False
5580.T,5580,プロディライト,Growth,情報・通信業,,2026-09-25,792.0,1560.0,4194730.0,2560.0,3432000.0,False,True,True,True,True,False
7111.T,7111,ＩＮＥＳＴ,Standard,卸売業,,2026-09-25,973.0,547.0,4178255.0,7910.0,1148700.0,False,True,True,True,True,False
3065.T,3065,ライフフーズ,Standard,小売業,,2026-09-25,2621.0,1588.0,4151540.0,2600.0,1905600.0,False,True,True,True,True,False
9206.T,9206,スターフライヤー,Standard,空運業,,2026-09-25,2621.0,1963.0,4151040.0,2105.0,3533400.0,False,True,True,True,True,False
138A.T,138A,光フードサービス,Growth,小売業,,2026-09-25,628.0,3125.0,4150025.0,1330.0,6250000.0,False,True,True,True,True,False
8898.T,8898,センチュリー２１・ジャパン,Standard,不動産業,,2026-09-25,2621.0,1166.0,4139615.0,3630.0,4197600.0,False,True,True,True,True,False
130A.T,130A,Ｖｅｒｉｔａｓ　Ｉｎ　Ｓｉｌｉｃｏ,Growth,医薬品,,2026-09-25,641.0,430.0,4130565.0,9555.0,473000.0,False,True,True,True,True,False
2304.T,2304,ＣＳＳホールディングス,Standard,サービス業,,2026-09-25,2621.0,911.0,4128065.0,4525.0,4099500.0,False,True,True,True,True,False
9466.T,9466,アイドママーケティングコミュニケーション,Standard,情報・通信業,,2026-09-25,2590.0,247.0,4126065.0,16995.0,1729000.0,False,True,True,True,True,False
2961.T,2961,日本調理機,Standard,金属製品,,2026-09-25,1192.0,1514.0,4125055.0,2620.0,1059800.0,False,True,True,True,True,False
3766.T,3766,システムズ・デザイン,Standard,情報・通信業,,2026-09-25,2621.0,1501.0,4124630.0,2740.0,3002000.0,False,True,True,True,True,False
3674.T,3674,オークファン,Growth,情報・通信業,,2026-09-25,2621.0,339.0,4098830.0,12050.0,7017300.0,False,True,True,True,True,False
3169.T,3169,ミサワ,Standard,小売業,,2026-09-25,2621.0,694.0,4097850.0,6020.0,7287000.0,False,True,True,True,True,False
4486.T,4486,ユナイトアンドグロウ,Growth,情報・通信業,,2026-09-25,1650.0,691.0,4093915.0,5980.0,6219000.0,False,True,True,True,True,False
7265.T,7265,エイケン工業,Standard,輸送用機器,,2026-09-25,2621.0,3500.0,4087825.0,1110.0,7350000.0,False,True,True,True,True,False
2924.T,2924,イフジ産業,Standard,食料品,,2026-09-25,2621.0,1941.0,4083800.0,2125.0,3299700.0,False,True,True,True,True,False
3800.T,3800,ユニリタ,Standard,情報・通信業,,2026-09-25,2621.0,1980.0,4083485.0,2070.0,7326000.0,False,True,True,True,True,False
7218.T,7218,田中精密工業,Standard,輸送用機器,,2026-09-25,2621.0,1160.0,4083215.0,3565.0,1624000.0,False,True,True,True,True,False
7953.T,7953,菊水化学工業,Standard,その他製品,,2026-09-25,2621.0,406.0,4061065.0,10085.0,18310600.0,False,True,True,True,True,False
9876.T,9876,コックス,Standard,小売業,,2026-09-25,2621.0,221.0,4050240.0,18470.0,2541500.0,False,True,True,True,True,False
3202.T,3202,ダイトウボウ,Standard,繊維製品,,2026-09-25,2621.0,129.0,4042585.0,31175.0,5276100.0,False,False,True,True,True,False
2736.T,2736,フェスタリアホールディングス,Standard,小売業,,2026-09-25,2621.0,607.0,4033945.0,6445.0,971200.0,False,True,True,True,True,False
4409.T,4409,東邦化学工業,Standard,化学,,2026-09-25,2621.0,826.0,4021095.0,5060.0,13959400.0,False,True,True,True,True,False
3981.T,3981,ビーグリー,Standard,情報・通信業,,2026-09-25,2345.0,1212.0,4000320.0,3295.0,3030000.0,False,True,True,True,True,False
3524.T,3524,日東製網,Standard,繊維製品,,2026-09-25,2621.0,1482.0,3993380.0,2690.0,1630200.0,False,True,True,True,True,False
173A.T,173A,ハンモック,Growth,情報・通信業,,2026-09-25,599.0,1600.0,3987845.0,2535.0,6240000.0,False,True,True,True,True,False
7524.T,7524,マルシェ,Standard,小売業,,2026-09-25,2621.0,177.0,3977100.0,22685.0,8319000.0,False,False,True,True,True,False
2687.T,2687,シー・ヴイ・エス・ベイエリア,Standard,サービス業,,2026-09-25,2621.0,495.0,3975865.0,8010.0,1237500.0,False,True,True,True,True,False
373A.T,373A,リップス,Growth,化学,,2026-09-25,302.0,1499.0,3971450.0,2710.0,2098600.0,False,True,True,True,True,False
9816.T,9816,ストライダーズ,Standard,不動産業,,2026-09-25,2621.0,255.0,3962470.0,15535.0,11373000.0,False,True,True,True,True,False
2816.T,2816,ダイショー,Standard,食料品,,2026-09-25,2621.0,1421.0,3962145.0,2795.0,11652200.0,False,True,True,True,True,False
9878.T,9878,セキド,Standard,小売業,,2026-09-25,2621.0,387.0,3948975.0,9705.0,2747700.0,False,True,True,True,True,False
3641.T,3641,パピレス,Standard,情報・通信業,,2026-09-25,2621.0,995.0,3941585.0,3975.0,3582000.0,False,True,True,True,True,False
8006.T,8006,ユアサ・フナショク,Standard,卸売業,,2026-09-25,2621.0,1483.0,3939310.0,2605.0,889800.0,False,True,True,True,True,False
3904.T,3904,カヤック,Growth,情報・通信業,,2026-09-25,2621.0,417.0,3938900.0,9255.0,4003200.0,False,True,True,True,True,False
1981.T,1981,協和日成,Standard,建設業,,2026-09-25,2621.0,1349.0,3931770.0,2940.0,3237600.0,False,True,True,True,True,False
7217.T,7217,テイン,Standard,輸送用機器,,2026-09-25,2621.0,442.0,3926000.0,8720.0,2431000.0,False,True,True,True,True,False
4098.T,4098,チタン工業,Standard,化学,,2026-09-25,2621.0,1000.0,3925320.0,3905.0,3900000.0,False,True,True,True,True,False
1383.T,1383,ベルグアース,Standard,水産・農林業,,2026-09-25,2621.0,3045.0,3913570.0,1300.0,6699000.0,False,True,True,True,True,False
1444.T,1444,ニッソウ,Growth,建設業,,2026-09-25,898.0,2796.0,3895625.0,1440.0,14259600.0,False,True,True,True,True,False
7887.T,7887,南海プライウッド,Standard,その他製品,,2026-09-25,2621.0,1551.0,3894505.0,2490.0,1395900.0,False,True,True,True,True,False
3246.T,3246,コーセーアールイー,Standard,不動産業,,2026-09-25,2621.0,691.0,3887990.0,5640.0,3385900.0,False,True,True,True,True,False
7255.T,7255,桜井製作所,Standard,輸送用機器,,2026-09-25,2621.0,513.0,3880170.0,7670.0,8208000.0,False,True,True,True,True,False
4918.T,4918,アイビー化粧品,Standard,化学,,2026-09-25,2621.0,300.0,3875705.0,12990.0,4020000.0,False,True,True,True,True,False
6195.T,6195,ホープ,Growth,サービス業,,2026-09-25,2532.0,206.0,3862545.0,19095.0,1030000.0,False,True,True,True,True,False
7833.T,7833,アイフィスジャパン,Standard,その他製品,,2026-09-25,2621.0,684.0,3841230.0,5685.0,4651200.0,False,True,True,True,True,False
2683.T,2683,魚喜,Standard,小売業,,2026-09-25,2621.0,994.0,3832315.0,3835.0,1789200.0,False,True,True,True,True,False
2185.T,2185,シイエム・シイ,Standard,サービス業,,2026-09-25,2621.0,2005.0,3823390.0,1915.0,11829500.0,False,True,True,True,True,False
1966.T,1966,高田工業所,Standard,建設業,,2026-09-25,2621.0,1754.0,3821560.0,2200.0,3157200.0,False,True,True,True,True,False
5283.T,5283,高見澤,Standard,卸売業,,2026-09-25,2621.0,3185.0,3782750.0,1190.0,14014000.0,False,True,True,True,True,False
3672.T,3672,オルトプラス,Standard,情報・通信業,,2026-09-25,2621.0,28.0,3766395.0,129530.0,1643600.0,False,False,True,True,True,False
5341.T,5341,ＡＳＡＨＩ　ＥＩＴＯホールディングス,Standard,ガラス・土石製品,,2026-09-25,2621.0,137.0,3761205.0,26300.0,1534400.0,False,False,True,True,True,False
5704.T,5704,ＪＭＣ,Growth,非鉄金属,,2026-09-25,2420.0,390.0,3754145.0,9660.0,936000.0,False,True,True,True,True,False
6568.T,6568,神戸天然物化学,Growth,サービス業,,2026-09-25,2091.0,1237.0,3739190.0,3025.0,3587300.0,False,True,True,True,True,False
7345.T,7345,アイ・パートナーズフィナンシャル,Growth,その他金融業,,2026-09-25,1284.0,932.0,3737005.0,3980.0,3075600.0,False,True,True,True,True,False
7523.T,7523,アールビバン,Standard,小売業,,2026-09-25,2621.0,1876.0,3735970.0,1990.0,375200.0,False,True,True,True,True,False
4416.T,4416,Ｔｒｕｅ　Ｄａｔａ,Growth,情報・通信業,,2026-09-25,1166.0,410.0,3734640.0,8950.0,1230000.0,False,True,True,True,True,False
6888.T,6888,アクモス,Standard,情報・通信業,,2026-09-25,2621.0,500.0,3710700.0,7420.0,9200000.0,False,True,True,True,True,False
4391.T,4391,ロジザード,Growth,情報・通信業,,2026-09-25,2011.0,1135.0,3682680.0,3210.0,2270000.0,False,True,True,True,True,False
3166.T,3166,ＯＣＨＩホールディングス,Standard,卸売業,,2026-09-25,2621.0,1450.0,3677485.0,2510.0,3045000.0,False,True,True,True,True,False
3571.T,3571,ソトー,Standard,繊維製品,,2026-09-25,2621.0,723.0,3668295.0,5045.0,3181200.0,False,True,True,True,True,False
2769.T,2769,ヴィレッジヴァンガードコーポレーション,Standard,小売業,,2026-09-25,2621.0,928.0,3667835.0,3975.0,4640000.0,False,True,True,True,True,False
4386.T,4386,ＳＩＧグループ,Standard,情報・通信業,,2026-09-25,2020.0,900.0,3666480.0,4110.0,3960000.0,False,True,True,True,True,False
9242.T,9242,メディア総研,Growth,サービス業,,2026-09-25,1237.0,1974.0,3665330.0,1880.0,197400.0,False,True,True,True,True,False
6158.T,6158,和井田製作所,Standard,機械,,2026-09-25,2621.0,1024.0,3663145.0,3555.0,1536000.0,False,True,True,True,True,False
6365.T,6365,電業社機械製作所,Standard,機械,,2026-09-25,2621.0,5690.0,3659300.0,650.0,13087000.0,False,True,True,True,True,False
2179.T,2179,成学社,Standard,サービス業,,2026-09-25,2621.0,824.0,3658680.0,4290.0,906400.0,False,True,True,True,True,False
3396.T,3396,フェリシモ,Standard,小売業,,2026-09-25,2621.0,861.0,3651130.0,4185.0,3099600.0,False,True,True,True,True,False
7687.T,7687,ミクリード,Growth,卸売業,,2026-09-25,1595.0,450.0,3649620.0,8035.0,3690000.0,False,True,True,True,True,False
9063.T,9063,岡山県貨物運送,Standard,陸運業,,2026-09-25,2621.0,4155.0,3639200.0,870.0,2908500.0,False,True,True,True,True,False
241A.T,241A,ＲＯＸＸ,Growth,情報・通信業,,2026-09-25,487.0,420.0,3631195.0,8585.0,3234000.0,False,True,True,True,True,False
3671.T,3671,ソフトマックス,Growth,情報・通信業,,2026-09-25,2621.0,306.0,3627405.0,11850.0,5079600.0,False,True,True,True,True,False
6155.T,6155,高松機械工業,Standard,機械,,2026-09-25,2621.0,542.0,3613810.0,6705.0,9647600.0,False,True,True,True,True,False
9701.T,9701,東京會舘,Standard,サービス業,,2026-09-25,2621.0,4465.0,3607125.0,820.0,5804500.0,False,True,True,True,True,False
9367.T,9367,大東港運,Standard,倉庫・運輸関連業,,2026-09-25,2621.0,2001.0,3605505.0,1770.0,8404200.0,False,True,True,True,True,False
2813.T,2813,和弘食品,Standard,食料品,,2026-09-25,2621.0,3910.0,3604100.0,920.0,2737000.0,False,True,True,True,True,False
9376.T,9376,ユーラシア旅行社,Standard,サービス業,,2026-09-25,2621.0,850.0,3592405.0,4275.0,11135000.0,False,True,True,True,True,False
4242.T,4242,タカギセイコー,Standard,化学,,2026-09-25,2621.0,1767.0,3589230.0,2030.0,3180600.0,False,True,True,True,True,False
3181.T,3181,買取王国,Standard,小売業,,2026-09-25,2621.0,1051.0,3582915.0,3380.0,3258100.0,False,True,True,True,True,False
3266.T,3266,ファンドクリエーショングループ,Standard,不動産業,,2026-09-25,2621.0,81.0,3582630.0,44670.0,4349700.0,False,False,True,True,True,False
6867.T,6867,リーダー電子,Standard,電気機器,,2026-09-25,2621.0,410.0,3578575.0,8740.0,615000.0,False,True,True,True,True,False
6150.T,6150,タケダ機械,Standard,機械,,2026-09-25,2621.0,2795.0,3559820.0,1275.0,2515500.0,False,True,True,True,True,False
9419.T,9419,ワイヤレスゲート,Standard,情報・通信業,,2026-09-25,2621.0,298.0,3557420.0,12030.0,3814400.0,False,True,True,True,True,False
192A.T,192A,インテグループ,Growth,サービス業,,2026-09-25,554.0,1305.0,3551040.0,2760.0,4176000.0,False,True,True,True,True,False
6484.T,6484,ＫＶＫ,Standard,機械,,2026-09-25,2621.0,2256.0,3550540.0,1580.0,2481600.0,False,True,True,True,True,False
6408.T,6408,小倉クラッチ,Standard,機械,,2026-09-25,2621.0,4400.0,3549225.0,830.0,6600000.0,False,True,True,True,True,False
6757.T,6757,ＯＳＧコーポレーション,Standard,電気機器,,2026-09-25,2621.0,906.0,3515635.0,3935.0,2718000.0,False,True,True,True,True,False
7126.T,7126,グローバルスタイル,Standard,小売業,,2026-09-25,1244.0,1459.0,3509960.0,2440.0,3355700.0,False,True,True,True,True,False
6038.T,6038,イード,Growth,サービス業,,2026-09-25,2621.0,835.0,3503735.0,4240.0,1169000.0,False,True,True,True,True,False
3172.T,3172,ティーライフ,Standard,小売業,,2026-09-25,2621.0,1128.0,3502040.0,3120.0,4963200.0,False,True,True,True,True,False
3627.T,3627,テクミラホールディングス,Standard,情報・通信業,,2026-09-25,2621.0,267.0,3495195.0,13160.0,4031700.0,False,True,True,True,True,False
7928.T,7928,旭化学工業,Standard,化学,,2026-09-25,2621.0,615.0,3495165.0,5520.0,1291500.0,False,True,True,True,True,False
7808.T,7808,シー・エス・ランバー,Standard,その他製品,,2026-09-25,2177.0,2666.0,3494475.0,1285.0,5865200.0,False,True,True,True,True,False
3892.T,3892,岡山製紙,Standard,パルプ・紙,,2026-09-25,2621.0,1605.0,3449570.0,2180.0,2568000.0,False,True,True,True,True,False
4437.T,4437,ｇｏｏｄｄａｙｓホールディングス,Growth,情報・通信業,,2026-09-25,1829.0,744.0,3441815.0,4620.0,1562400.0,False,True,True,True,True,False
7083.T,7083,ＡＨＣグループ,Growth,サービス業,,2026-09-25,1609.0,1169.0,3438760.0,3055.0,6780200.0,False,True,True,True,True,False
7434.T,7434,オータケ,Standard,卸売業,,2026-09-25,2621.0,1781.0,3427760.0,1885.0,15138500.0,False,True,True,True,True,False
9818.T,9818,大丸エナウィン,Standard,卸売業,,2026-09-25,2621.0,1576.0,3412670.0,2165.0,7880000.0,False,True,True,True,True,False
6428.T,6428,オーイズミ,Standard,機械,,2026-09-25,2621.0,326.0,3407495.0,10420.0,2086400.0,False,True,True,True,True,False
4351.T,4351,山田再生系債権回収総合事務所,Standard,その他金融業,,2026-09-25,2621.0,848.0,3407435.0,4020.0,2289600.0,False,True,True,True,True,False
2917.T,2917,大森屋,Standard,食料品,,2026-09-25,2621.0,915.0,3394525.0,3670.0,7045500.0,False,True,True,True,True,False
148A.T,148A,ハッチ・ワーク,Growth,情報・通信業,,2026-09-25,611.0,1810.0,3390390.0,1970.0,3982000.0,False,True,True,True,True,False
3955.T,3955,イムラ,Standard,パルプ・紙,,2026-09-25,2621.0,874.0,3374845.0,3940.0,6817200.0,False,True,True,True,True,False
2341.T,2341,アルバイトタイムス,Standard,サービス業,,2026-09-25,2621.0,173.0,3367935.0,19580.0,2110600.0,False,False,True,True,True,False
9656.T,9656,グリーンランドリゾート,Standard,サービス業,,2026-09-25,2621.0,600.0,3360645.0,5575.0,1140000.0,False,True,True,True,True,False
7046.T,7046,ＴＤＳＥ,Growth,サービス業,,2026-09-25,1893.0,1300.0,3356235.0,2510.0,1690000.0,False,True,True,True,True,False
2907.T,2907,あじかん,Standard,食料品,,2026-09-25,2621.0,1570.0,3343145.0,2165.0,10676000.0,False,True,True,True,True,False
4496.T,4496,コマースＯｎｅホールディングス,Growth,情報・通信業,,2026-09-25,1525.0,767.0,3319635.0,4280.0,460200.0,False,True,True,True,True,False
7254.T,7254,ユニバンス,Standard,輸送用機器,,2026-09-25,2621.0,840.0,3314490.0,4035.0,168000.0,False,True,True,True,True,False
6662.T,6662,ユビテック,Standard,電気機器,,2026-09-25,2621.0,228.0,3308815.0,14520.0,684000.0,False,True,True,True,True,False
5906.T,5906,エムケー精工,Standard,金属製品,,2026-09-25,2621.0,772.0,3305280.0,4275.0,2238800.0,False,True,True,True,True,False
3477.T,3477,フォーライフ,Growth,不動産業,,2026-09-25,2402.0,918.0,3304430.0,3660.0,8629200.0,False,True,True,False,True,False
1768.T,1768,ソネック,Standard,建設業,,2026-09-25,2621.0,1037.0,3300510.0,3210.0,2799900.0,False,True,True,True,True,False
3157.T,3157,ジオリーブグループ,Standard,卸売業,,2026-09-25,2621.0,1456.0,3281455.0,2275.0,13832000.0,False,True,True,True,True,False
7916.T,7916,光村印刷,Standard,その他製品,,2026-09-25,2621.0,1915.0,3262400.0,1715.0,6511000.0,False,True,True,True,True,False
5697.T,5697,サンユウ,Standard,鉄鋼,,2026-09-25,2621.0,829.0,3261930.0,3990.0,1658000.0,False,True,True,True,True,False
6233.T,6233,ＫＬＡＳＳ,Standard,機械,,2026-09-25,1951.0,404.0,3246405.0,8070.0,2949200.0,False,True,True,True,True,False
2055.T,2055,日和産業,Standard,食料品,,2026-09-25,2621.0,345.0,3243620.0,9340.0,1759500.0,False,True,True,True,True,False
5279.T,5279,日本興業,Standard,ガラス・土石製品,,2026-09-25,2621.0,1205.0,3240080.0,2690.0,9399000.0,False,True,True,True,True,False
7058.T,7058,共栄セキュリティーサービス,Standard,サービス業,,2026-09-25,1834.0,3045.0,3237555.0,1065.0,5481000.0,False,True,True,True,True,False
1798.T,1798,守谷商会,Standard,建設業,,2026-09-25,2621.0,1140.0,3236635.0,2955.0,4218000.0,False,True,True,True,True,False
7062.T,7062,フレアス,Growth,サービス業,,2026-09-25,1827.0,693.0,3234010.0,4665.0,1732500.0,False,True,True,True,True,False
2894.T,2894,石井食品,Standard,食料品,,2026-09-25,2621.0,360.0,3205735.0,8790.0,1008000.0,False,True,True,True,True,False
9241.T,9241,フューチャーリンクネットワーク,Growth,サービス業,,2026-09-25,1246.0,1237.0,3198875.0,2460.0,2597700.0,False,True,True,True,True,False
2499.T,2499,日本和装ホールディングス,Standard,サービス業,,2026-09-25,2621.0,309.0,3197225.0,10485.0,525300.0,False,True,True,True,True,False
9872.T,9872,北恵,Standard,卸売業,,2026-09-25,2621.0,960.0,3195950.0,3340.0,5760000.0,False,True,True,True,True,False
2454.T,2454,オールアバウト,Standard,サービス業,,2026-09-25,2621.0,344.0,3195550.0,9135.0,8084000.0,False,True,True,True,True,False
3841.T,3841,ジーダット,Standard,情報・通信業,,2026-09-25,2621.0,1332.0,3192485.0,2335.0,1198800.0,False,True,True,True,True,False
3372.T,3372,関門海,Standard,小売業,,2026-09-25,2621.0,221.0,3180890.0,14425.0,5878600.0,False,True,True,True,True,False
6059.T,6059,ウチヤマホールディングス,Standard,サービス業,,2026-09-25,2621.0,368.0,3180660.0,8670.0,3054400.0,False,True,True,True,True,False
2293.T,2293,滝沢ハム,Standard,食料品,,2026-09-25,2621.0,2655.0,3180610.0,1185.0,1593000.0,False,True,True,True,True,False
7901.T,7901,マツモト,Standard,その他製品,,2026-09-25,2621.0,800.0,3155535.0,3900.0,1440000.0,False,True,True,True,True,False
244A.T,244A,グロースエクスパートナーズ,Growth,情報・通信業,,2026-09-25,486.0,1190.0,3151780.0,2655.0,2618000.0,False,True,True,True,True,False
3943.T,3943,大石産業,Standard,パルプ・紙,,2026-09-25,1120.0,1325.0,3143920.0,2375.0,3047500.0,False,True,True,True,True,False
7021.T,7021,ニッチツ,Standard,機械,,2026-09-25,2621.0,2489.0,3133640.0,1355.0,10453800.0,False,True,True,True,True,False
6964.T,6964,サンコー,Standard,電気機器,,2026-09-25,2621.0,690.0,3102410.0,4465.0,828000.0,False,True,True,True,True,False
9059.T,9059,カンダホールディングス,Standard,陸運業,,2026-09-25,2621.0,932.0,3099645.0,3360.0,2516400.0,False,True,True,True,True,False
9173.T,9173,東海汽船,Standard,海運業,,2026-09-25,2621.0,2811.0,3096355.0,1100.0,3092100.0,False,True,True,True,True,False
7886.T,7886,ヤマト　モビリティ　＆　Ｍｆｇ．,Standard,化学,,2026-09-25,2621.0,599.0,3096015.0,4985.0,5031600.0,False,True,True,True,True,False
3974.T,3974,ＳＣＡＴ,Standard,情報・通信業,,2026-09-25,2400.0,658.0,3089795.0,4655.0,5987800.0,False,True,True,True,True,False
9537.T,9537,北陸瓦斯,Standard,電気・ガス業,,2026-09-25,2621.0,4305.0,3086200.0,720.0,2583000.0,False,True,True,True,True,False
4372.T,4372,ユミルリンク,Growth,情報・通信業,,2026-09-25,1224.0,1345.0,3085710.0,2345.0,403500.0,False,True,True,True,True,False
6943.T,6943,ＮＫＫスイッチズ,Standard,電気機器,,2026-09-25,2621.0,6100.0,3077500.0,540.0,12200000.0,False,True,True,True,True,False
3224.T,3224,ゼネラル・オイスター,Growth,小売業,,2026-09-25,2621.0,685.0,3076095.0,4460.0,8494000.0,False,True,True,True,True,False
9767.T,9767,日建工学,Standard,サービス業,,2026-09-25,2621.0,1787.0,3065140.0,1840.0,1965700.0,False,True,True,True,True,False
7422.T,7422,東邦レマック,Standard,卸売業,,2026-09-25,2621.0,424.0,3037535.0,7485.0,4112800.0,False,True,True,True,True,False
8945.T,8945,サンネクスタグループ,Standard,不動産業,,2026-09-25,2621.0,1089.0,3030790.0,2780.0,2613600.0,False,True,True,True,True,False
4421.T,4421,ディ・アイ・システム,Standard,情報・通信業,,2026-09-25,1934.0,949.0,3028545.0,3195.0,4555200.0,False,True,True,True,True,False
5997.T,5997,協立エアテック,Standard,金属製品,,2026-09-25,2621.0,892.0,3021760.0,3365.0,1070400.0,False,True,True,True,True,False
4317.T,4317,レイ,Standard,サービス業,,2026-09-25,2621.0,559.0,3016705.0,5330.0,10565100.0,False,True,True,True,True,False
7521.T,7521,ムサシ,Standard,卸売業,,2026-09-25,2621.0,2779.0,3014735.0,1095.0,13339200.0,False,True,True,True,True,False
3469.T,3469,デュアルタップ,Standard,不動産業,,2026-09-25,2507.0,889.0,2998020.0,3385.0,1155700.0,False,True,True,True,True,False
4925.T,4925,ハーバー研究所,Standard,化学,,2026-09-25,2621.0,1732.0,2989630.0,1725.0,5542400.0,False,True,True,True,True,False
3839.T,3839,ＯＤＫソリューションズ,Standard,情報・通信業,,2026-09-25,2621.0,633.0,2987540.0,4730.0,8988600.0,False,True,True,True,True,False
4615.T,4615,神東塗料,Standard,化学,,2026-09-25,2621.0,130.0,2977990.0,22635.0,5707000.0,False,False,True,True,True,False
3080.T,3080,ジェーソン,Standard,小売業,,2026-09-25,2621.0,837.0,2975570.0,3635.0,6026400.0,False,True,True,True,True,False
3559.T,3559,ピーバンドットコム,Standard,卸売業,,2026-09-25,2352.0,454.0,2970380.0,6480.0,771800.0,False,True,True,True,True,False
3361.T,3361,トーエル,Standard,小売業,,2026-09-25,2621.0,906.0,2965340.0,3305.0,4348800.0,False,True,True,True,True,False
3682.T,3682,エンカレッジ・テクノロジ,Standard,情報・通信業,,2026-09-25,2621.0,586.0,2964210.0,5050.0,1113400.0,False,True,True,True,True,False
2806.T,2806,ユタカフーズ,Standard,食料品,,2026-09-25,2621.0,1917.0,2962100.0,1545.0,3450600.0,False,True,True,True,True,False
3779.T,3779,ジェイ・エスコムホールディングス,Standard,情報・通信業,,2026-09-25,2621.0,122.0,2959915.0,23355.0,4623800.0,False,False,True,True,True,False
6292.T,6292,カワタ,Standard,機械,,2026-09-25,2621.0,859.0,2959415.0,3490.0,1718000.0,False,True,True,True,True,False
340A.T,340A,ジグザグ,Growth,情報・通信業,,2026-09-25,364.0,320.0,2938535.0,9110.0,1376000.0,False,True,True,True,True,False
3934.T,3934,ベネフィットジャパン,Standard,情報・通信業,,2026-09-25,2586.0,2345.0,2936540.0,1280.0,2814000.0,False,True,True,True,True,False
6347.T,6347,プラコー,Standard,機械,,2026-09-25,2621.0,249.0,2935090.0,11570.0,1020900.0,False,True,True,True,True,False
9647.T,9647,協和コンサルタンツ,Standard,サービス業,,2026-09-25,2621.0,6740.0,2931900.0,435.0,3370000.0,False,True,True,True,True,False
298A.T,298A,ＧＶＡ　ＴＥＣＨ,Growth,情報・通信業,,2026-09-25,423.0,337.0,2931880.0,8690.0,3201500.0,False,True,True,True,True,False
9778.T,9778,昴,Standard,サービス業,,2026-09-25,2621.0,5570.0,2930650.0,520.0,1114000.0,False,True,True,True,True,False
5984.T,5984,兼房,Standard,金属製品,,2026-09-25,2621.0,787.0,2872970.0,3690.0,2203600.0,False,True,True,True,True,False
7073.T,7073,ジェイック,Growth,サービス業,,2026-09-25,1686.0,2386.0,2864265.0,1225.0,7158000.0,False,True,True,True,True,False
8166.T,8166,タカキュー,Standard,小売業,,2026-09-25,2621.0,78.0,2859180.0,36515.0,2074800.0,False,False,True,True,True,False
7992.T,7992,セーラー万年筆,Standard,その他製品,,2026-09-25,2621.0,102.0,2849860.0,27355.0,5446800.0,False,False,True,True,True,False
8996.T,8996,ハウスフリーダム,Standard,不動産業,,2026-09-25,917.0,1067.0,2847080.0,2645.0,3307700.0,False,True,True,True,True,False
3494.T,3494,マリオン,Standard,不動産業,,2026-09-25,1961.0,455.0,2837740.0,6310.0,3412500.0,False,True,True,True,True,False
3521.T,3521,テルマー湯ホールディングス,Standard,サービス業,,2026-09-25,2621.0,157.0,2834975.0,18125.0,2056700.0,False,False,True,True,True,False
5952.T,5952,アマテイ,Standard,金属製品,,2026-09-25,2621.0,190.0,2825605.0,14795.0,665000.0,False,False,True,True,True,False
189A.T,189A,Ｄ＆Ｍカンパニー,Growth,サービス業,,2026-09-25,559.0,1079.0,2812385.0,2680.0,6258200.0,False,True,True,True,True,False
6218.T,6218,エンシュウ,Standard,機械,,2026-09-25,2621.0,646.0,2810490.0,4320.0,1938000.0,False,True,True,True,True,False
3204.T,3204,トーア紡コーポレーション,Standard,繊維製品,,2026-09-25,2621.0,505.0,2806150.0,5590.0,4242000.0,False,True,True,True,True,False
2408.T,2408,ＫＧ情報,Standard,サービス業,,2026-09-25,2621.0,843.0,2802425.0,3345.0,4889400.0,False,True,True,True,True,False
2480.T,2480,システム・ロケーション,Standard,情報・通信業,,2026-09-25,2621.0,1867.0,2798685.0,1535.0,4480800.0,False,True,True,True,True,False
5194.T,5194,相模ゴム工業,Standard,ゴム製品,,2026-09-25,2621.0,634.0,2783840.0,4360.0,5832800.0,False,True,True,True,True,False
6334.T,6334,明治機械,Standard,機械,,2026-09-25,2621.0,470.0,2782810.0,5600.0,752000.0,False,True,True,True,True,False
5355.T,5355,日本坩堝,Standard,ガラス・土石製品,,2026-09-25,2621.0,663.0,2770395.0,4160.0,4442100.0,False,True,True,True,True,False
6552.T,6552,ＧａｍｅＷｉｔｈ,Standard,サービス業,,2026-09-25,2274.0,171.0,2762060.0,16000.0,1368000.0,False,False,True,True,True,False
9903.T,9903,カンセキ,Standard,小売業,,2026-09-25,2621.0,905.0,2761565.0,3090.0,4253500.0,False,True,True,True,True,False
6267.T,6267,ゼネラルパッカー,Standard,機械,,2026-09-25,2621.0,4100.0,2752750.0,680.0,3690000.0,False,True,True,True,True,False
3241.T,3241,ウィル,Standard,不動産業,,2026-09-25,2621.0,601.0,2741900.0,4590.0,1803000.0,False,True,True,True,True,False
6926.T,6926,岡谷電機産業,Standard,電気機器,,2026-09-25,2621.0,192.0,2740680.0,14300.0,1900800.0,False,False,True,True,True,False
3286.T,3286,トラストホールディングス,Standard,不動産業,,2026-09-25,2621.0,878.0,2740080.0,3085.0,2897400.0,False,True,True,True,True,False
4074.T,4074,ラキール,Growth,情報・通信業,,2026-09-25,1268.0,795.0,2724810.0,3430.0,1510500.0,False,True,True,True,True,False
2388.T,2388,ウェッジホールディングス,Growth,その他金融業,,2026-09-25,2621.0,31.0,2724020.0,83490.0,3090700.0,False,False,True,True,True,False
3598.T,3598,山喜,Standard,繊維製品,,2026-09-25,2621.0,166.0,2724020.0,16450.0,2241000.0,False,False,True,True,True,False
5028.T,5028,セカンドサイトアナリティカ,Growth,情報・通信業,,2026-09-25,1094.0,356.0,2720490.0,7605.0,1174800.0,False,True,True,True,True,False
5533.T,5533,エリッツホールディングス,Standard,不動産業,,2026-09-25,793.0,2215.0,2709325.0,1245.0,1329000.0,False,True,True,True,True,False
3326.T,3326,ランシステム,Standard,サービス業,,2026-09-25,2621.0,674.0,2705225.0,4090.0,5189800.0,False,True,True,True,True,False
228A.T,228A,オプロ,Growth,情報・通信業,,2026-09-25,510.0,1739.0,2700930.0,1580.0,2086800.0,False,True,True,True,True,False
6772.T,6772,東京コスモス電機,Standard,電気機器,,2026-09-25,2621.0,1021.0,2697960.0,2605.0,1837800.0,False,True,True,True,True,False
4172.T,4172,東和ハイシステム,Standard,情報・通信業,,2026-09-25,1404.0,2321.0,2697000.0,1160.0,1624700.0,False,True,True,True,True,False
2493.T,2493,イーサポートリンク,Standard,サービス業,,2026-09-25,2621.0,959.0,2695920.0,2840.0,5370400.0,False,True,True,True,True,False
168A.T,168A,イタミアート,Growth,その他製品,,2026-09-25,602.0,1055.0,2688945.0,2525.0,527500.0,False,True,True,True,True,False
7813.T,7813,プラッツ,Standard,その他製品,,2026-09-25,2621.0,889.0,2680980.0,2970.0,4445000.0,False,True,True,True,True,False
3261.T,3261,グランディーズ,Growth,不動産業,,2026-09-25,2621.0,442.0,2669405.0,6355.0,3403400.0,False,True,True,True,True,False
3377.T,3377,バイク王＆カンパニー,Standard,卸売業,,2026-09-25,2621.0,391.0,2646605.0,6790.0,3597200.0,False,True,True,True,True,False
2136.T,2136,ヒップ,Standard,サービス業,,2026-09-25,2621.0,1427.0,2642380.0,1865.0,713500.0,False,True,True,True,True,False
9446.T,9446,サカイホールディングス,Standard,情報・通信業,,2026-09-25,2621.0,697.0,2629370.0,3785.0,2230400.0,False,True,True,True,True,False
7793.T,7793,イメージ・マジック,Growth,その他製品,,2026-09-25,1116.0,1618.0,2624020.0,1700.0,1294400.0,False,True,True,True,True,False
1897.T,1897,金下建設,Standard,建設業,,2026-09-25,2621.0,3895.0,2616825.0,745.0,779000.0,False,True,True,True,True,False
5956.T,5956,トーソー,Standard,金属製品,,2026-09-25,2621.0,580.0,2614740.0,4540.0,3422000.0,False,True,True,True,True,False
4243.T,4243,ニックス,Standard,化学,,2026-09-25,2621.0,1069.0,2598355.0,2505.0,2244900.0,False,True,True,True,True,False
4068.T,4068,ベイシス,Growth,情報・通信業,,2026-09-25,1283.0,1777.0,2585270.0,1460.0,8885000.0,False,True,True,True,True,False
9360.T,9360,鈴与シンワート,Standard,情報・通信業,,2026-09-25,2621.0,2753.0,2582980.0,935.0,4129500.0,False,True,True,True,True,False
9930.T,9930,北沢産業,Standard,卸売業,,2026-09-25,2621.0,392.0,2574660.0,6440.0,1999200.0,False,True,True,True,True,False
7042.T,7042,アクセスグループ・ホールディングス,Standard,サービス業,,2026-09-25,1922.0,669.0,2573950.0,3735.0,936600.0,False,True,True,True,True,False
7673.T,7673,ダイコー通産,Standard,卸売業,,2026-09-25,1838.0,1684.0,2573080.0,1530.0,842000.0,False,True,True,True,True,False
8045.T,8045,横浜丸魚,Standard,卸売業,,2026-09-25,2621.0,2083.0,2570710.0,1255.0,3332800.0,False,True,True,True,True,False
7372.T,7372,デコルテ・ホールディングス,Growth,サービス業,,2026-09-25,1286.0,416.0,2570305.0,6505.0,5616000.0,False,True,True,True,True,False
9327.T,9327,イー・ロジット,Standard,倉庫・運輸関連業,,2026-09-25,1344.0,191.0,2558760.0,13605.0,401100.0,False,False,True,True,True,False
7444.T,7444,ハリマ共和物産,Standard,卸売業,,2026-09-25,2621.0,2002.0,2557610.0,1285.0,2802800.0,False,True,True,True,True,False
7077.T,7077,ＡＬｉＮＫインターネット,Growth,サービス業,,2026-09-25,1656.0,988.0,2552705.0,2585.0,3655600.0,False,True,True,True,True,False
9057.T,9057,遠州トラック,Standard,陸運業,,2026-09-25,2621.0,3290.0,2533300.0,780.0,4606000.0,False,True,True,True,True,False
9978.T,9978,文教堂グループホールディングス,Standard,小売業,,2026-09-25,2621.0,44.0,2529070.0,57220.0,4118400.0,False,False,True,True,True,False
7625.T,7625,グローバルダイニング,Standard,小売業,,2026-09-25,2621.0,461.0,2522650.0,5400.0,2673800.0,False,True,True,True,True,False
3804.T,3804,システム　ディ,Standard,情報・通信業,,2026-09-25,2621.0,448.0,2519790.0,5535.0,1971200.0,False,True,True,True,True,False
9857.T,9857,英和,Standard,卸売業,,2026-09-25,2621.0,2648.0,2509705.0,960.0,2912800.0,False,True,True,True,True,False
6190.T,6190,フェニックスバイオ,Growth,サービス業,,2026-09-25,2590.0,305.0,2508130.0,7845.0,915000.0,False,True,True,True,True,False
9791.T,9791,ビケンテクノ,Standard,サービス業,,2026-09-25,2621.0,1184.0,2496925.0,2090.0,2723200.0,False,True,True,True,True,False
7544.T,7544,スリーエフ,Standard,小売業,,2026-09-25,2621.0,559.0,2488860.0,4475.0,1397500.0,False,True,True,True,True,False
7500.T,7500,西川計測,Standard,卸売業,,2026-09-25,2621.0,10610.0,2483850.0,250.0,1061000.0,False,True,True,True,True,False
7997.T,7997,くろがね工作所,Standard,その他製品,,2026-09-25,2621.0,1098.0,2483670.0,2285.0,2635200.0,False,True,True,True,True,False
3970.T,3970,イノベーション,Growth,情報・通信業,,2026-09-25,2403.0,832.0,2481160.0,2925.0,3494400.0,False,True,True,True,True,False
7129.T,7129,ミアヘルサホールディングス,Standard,小売業,,2026-09-25,1218.0,1160.0,2451695.0,2085.0,7192000.0,False,True,True,True,True,False
8077.T,8077,トルク,Standard,卸売業,,2026-09-25,2621.0,211.0,2443960.0,11455.0,3143900.0,False,True,True,True,True,False
4657.T,4657,環境管理センター,Standard,サービス業,,2026-09-25,2621.0,455.0,2437665.0,5255.0,1638000.0,False,True,True,True,True,False
220A.T,220A,Ｆａｂｅｒ　Ｃｏｍｐａｎｙ,Standard,情報・通信業,,2026-09-25,524.0,962.0,2430065.0,2560.0,1154400.0,False,True,True,True,True,False
6664.T,6664,オプトエレクトロニクス,Standard,電気機器,,2026-09-25,2621.0,260.0,2423350.0,9255.0,1378000.0,False,True,True,True,True,False
5250.T,5250,プライム・ストラテジー,Standard,情報・通信業,,2026-09-25,876.0,1123.0,2421390.0,2185.0,3593600.0,False,True,True,True,True,False
7093.T,7093,アディッシュ,Growth,サービス業,,2026-09-25,1588.0,597.0,2416295.0,4060.0,537300.0,False,True,True,True,True,False
2904.T,2904,一正蒲鉾,Standard,食料品,,2026-09-25,2621.0,756.0,2405800.0,3190.0,3326400.0,False,True,True,True,True,False
7368.T,7368,表示灯,Standard,サービス業,,2026-09-25,1336.0,1727.0,2404050.0,1405.0,2245100.0,False,True,True,True,True,False
5923.T,5923,高田機工,Standard,金属製品,,2026-09-25,2621.0,1205.0,2400985.0,2025.0,4940500.0,False,True,True,True,True,False
6342.T,6342,太平製作所,Standard,機械,,2026-09-25,2621.0,2881.0,2400805.0,820.0,1728600.0,False,True,True,True,True,False
2435.T,2435,シダー,Standard,サービス業,,2026-09-25,2621.0,205.0,2397470.0,11560.0,738000.0,False,True,True,True,True,False
7370.T,7370,Ｅｎｊｉｎ,Growth,サービス業,,2026-09-25,1288.0,716.0,2394670.0,3350.0,1861600.0,False,True,True,True,True,False
3550.T,3550,スタジオアタオ,Growth,小売業,,2026-09-25,2420.0,216.0,2394070.0,11085.0,712800.0,False,True,True,True,True,False
3138.T,3138,富士山マガジンサービス,Growth,小売業,,2026-09-25,2621.0,1161.0,2372380.0,2090.0,1857600.0,False,True,True,True,True,False
3986.T,3986,ビーブレイクシステムズ,Growth,情報・通信業,,2026-09-25,2285.0,484.0,2369730.0,4990.0,2952400.0,False,True,True,True,True,False
3293.T,3293,アズマハウス,Standard,不動産業,,2026-09-25,2621.0,767.0,2357775.0,3060.0,843700.0,False,True,True,True,True,False
2993.T,2993,長栄,Standard,不動産業,,2026-09-25,1160.0,2255.0,2331255.0,1045.0,4059000.0,False,True,True,True,True,False
3944.T,3944,古林紙工,Standard,パルプ・紙,,2026-09-25,2621.0,3130.0,2328050.0,735.0,626000.0,False,True,True,True,True,False
9087.T,9087,タカセ,Standard,陸運業,,2026-09-25,2621.0,2155.0,2314580.0,1050.0,0.0,False,True,True,True,True,False
2351.T,2351,ＡＳＪ,Growth,情報・通信業,,2026-09-25,2621.0,337.0,2313215.0,6870.0,1112100.0,False,True,True,True,True,False
6054.T,6054,リブセンス,Standard,サービス業,,2026-09-25,2621.0,112.0,2310870.0,20525.0,1668800.0,False,False,True,True,True,False
6090.T,6090,ヒューマン・メタボローム・テクノロジーズ,Standard,サービス業,,2026-09-25,2621.0,609.0,2294865.0,3730.0,2253300.0,False,True,True,True,True,False
7919.T,7919,野崎印刷紙業,Standard,その他製品,,2026-09-25,2621.0,225.0,2294355.0,10130.0,3307500.0,False,True,True,True,True,False
6042.T,6042,ニッキ,Standard,輸送用機器,,2026-09-25,2621.0,3830.0,2276400.0,585.0,5362000.0,False,True,True,True,True,False
8115.T,8115,ムーンバット,Standard,卸売業,,2026-09-25,2621.0,1340.0,2274820.0,1720.0,3216000.0,False,True,True,True,True,False
4166.T,4166,かっこ,Growth,情報・通信業,,2026-09-25,1409.0,650.0,2274365.0,3595.0,9815000.0,False,True,True,True,True,False
1795.T,1795,マサル,Standard,建設業,,2026-09-25,2621.0,5590.0,2263050.0,400.0,6708000.0,False,True,True,True,True,False
7850.T,7850,総合商研,Standard,その他製品,,2026-09-25,2621.0,797.0,2261860.0,2805.0,2391000.0,False,True,True,True,True,False
5867.T,5867,エスネットワークス,Growth,サービス業,,2026-09-25,673.0,1344.0,2259140.0,1740.0,1881600.0,False,True,True,True,True,False
1724.T,1724,シンクレイヤ,Standard,建設業,,2026-09-25,2621.0,727.0,2257080.0,3150.0,4507400.0,False,True,True,True,True,False
6185.T,6185,ＳＭＮ,Standard,サービス業,,2026-09-25,2621.0,367.0,2242365.0,6130.0,4000300.0,False,True,True,True,True,False
4558.T,4558,中京医薬品,Standard,医薬品,,2026-09-25,2621.0,200.0,2235670.0,11115.0,1540000.0,False,True,True,True,True,False
5125.T,5125,ファインズ,Growth,情報・通信業,,2026-09-25,976.0,526.0,2231860.0,4625.0,2367000.0,False,True,True,True,True,False
6230.T,6230,ＳＡＮＥＩ,Standard,機械,,2026-09-25,1404.0,2180.0,2229495.0,1030.0,3052000.0,False,True,True,True,True,False
9698.T,9698,クレオ,Standard,情報・通信業,,2026-09-25,2621.0,1276.0,2228945.0,1725.0,6507600.0,False,True,True,True,True,False
5134.T,5134,ＰＯＰＥＲ,Growth,情報・通信業,,2026-09-25,944.0,460.0,2225740.0,4695.0,1334000.0,False,True,True,True,True,False
3536.T,3536,アクサスホールディングス,Standard,小売業,,2026-09-25,2621.0,126.0,2221855.0,17305.0,390600.0,False,False,True,True,True,False
7264.T,7264,ムロコーポレーション,Standard,輸送用機器,,2026-09-25,2621.0,1359.0,2221155.0,1645.0,1902600.0,False,True,True,True,True,False
4524.T,4524,森下仁丹,Standard,医薬品,,2026-09-25,2621.0,2254.0,2210315.0,985.0,4958800.0,False,True,True,True,True,False
6612.T,6612,バルミューダ,Growth,電気機器,,2026-09-25,1411.0,583.0,2210215.0,3720.0,583000.0,False,True,True,True,True,False
2877.T,2877,日東ベスト,Standard,食料品,,2026-09-25,2621.0,762.0,2208130.0,2930.0,2819400.0,False,True,True,True,True,False
3710.T,3710,ジョルダン,Standard,情報・通信業,,2026-09-25,2621.0,647.0,2206125.0,3430.0,4334900.0,False,True,True,True,True,False
3352.T,3352,バッファロー,Standard,小売業,,2026-09-25,2621.0,1796.0,2192070.0,1215.0,3771600.0,False,True,True,True,True,False
2156.T,2156,セーラー広告,Standard,サービス業,,2026-09-25,2621.0,280.0,2187495.0,7820.0,1008000.0,False,True,True,True,True,False
3011.T,3011,バナーズ,Standard,小売業,,2026-09-25,2621.0,143.0,2179355.0,15210.0,2402400.0,False,False,True,True,True,False
3024.T,3024,クリエイト,Standard,卸売業,,2026-09-25,2621.0,1194.0,2178245.0,1830.0,1552200.0,False,True,True,True,True,False
3045.T,3045,カワサキ,Standard,卸売業,,2026-09-25,2621.0,1472.0,2177515.0,1485.0,1030400.0,False,True,True,True,True,False
4120.T,4120,スガイ化学工業,Standard,化学,,2026-09-25,2621.0,3110.0,2170625.0,725.0,9641000.0,False,True,True,True,True,False
7041.T,7041,ＣＲＧホールディングス,Growth,サービス業,,2026-09-25,1942.0,345.0,2169050.0,6255.0,5658000.0,False,True,True,True,True,False
7815.T,7815,東京ボード工業,Standard,その他製品,,2026-09-25,2621.0,347.0,2168115.0,6070.0,936900.0,False,True,True,True,True,False
9867.T,9867,ソレキア,Standard,卸売業,,2026-09-25,2621.0,10550.0,2164500.0,205.0,2110000.0,False,True,True,True,True,False
5162.T,5162,朝日ラバー,Standard,ゴム製品,,2026-09-25,2621.0,796.0,2153655.0,2695.0,1353200.0,False,True,True,True,True,False
331A.T,331A,メディックス,Standard,サービス業,,2026-09-25,371.0,487.0,2147780.0,4415.0,3165500.0,False,True,True,True,True,False
7314.T,7314,小田原機器,Standard,輸送用機器,,2026-09-25,2621.0,1307.0,2142130.0,1630.0,3136800.0,False,True,True,True,True,False
9820.T,9820,エムティジェネックス,Standard,不動産業,,2026-09-25,2621.0,3775.0,2134800.0,560.0,0.0,False,True,True,True,True,False
7208.T,7208,カネミツ,Standard,輸送用機器,,2026-09-25,2621.0,1296.0,2133060.0,1635.0,1684800.0,False,True,True,True,True,False
7472.T,7472,鳥羽洋行,Standard,卸売業,,2026-09-25,2621.0,3905.0,2121425.0,540.0,3905000.0,False,True,True,True,True,False
3577.T,3577,東海染工,Standard,繊維製品,,2026-09-25,2621.0,921.0,2112175.0,2260.0,3039300.0,False,True,True,True,True,False
2978.T,2978,ツクルバ,Growth,不動産業,,2026-09-25,1745.0,314.0,2091420.0,6295.0,4804200.0,False,True,True,True,True,False
4766.T,4766,ピーエイ,Standard,サービス業,,2026-09-25,2621.0,207.0,2089915.0,10105.0,2649600.0,False,True,True,True,True,False
6325.T,6325,タカキタ,Standard,機械,,2026-09-25,2621.0,418.0,2074930.0,4965.0,2926000.0,False,True,True,True,True,False
3041.T,3041,ビューティカダンホールディングス,Standard,卸売業,,2026-09-25,2621.0,402.0,2064035.0,5065.0,1206000.0,False,True,True,True,True,False
8147.T,8147,トミタ,Standard,卸売業,,2026-09-25,2621.0,1450.0,2052655.0,1450.0,4060000.0,False,True,True,True,True,False
7902.T,7902,ソノコム,Standard,その他製品,,2026-09-25,2621.0,1130.0,2052210.0,1840.0,791000.0,False,True,True,True,True,False
5950.T,5950,日本パワーファスニング,Standard,金属製品,,2026-09-25,2621.0,151.0,2047030.0,13255.0,2038500.0,False,False,True,True,True,False
1446.T,1446,キャンディル,Standard,建設業,,2026-09-25,2011.0,538.0,2046765.0,3800.0,6187000.0,False,True,True,True,True,False
7681.T,7681,レオクラン,Standard,卸売業,,2026-09-25,1703.0,999.0,2046710.0,2015.0,799200.0,False,True,True,True,True,False
9885.T,9885,シャルレ,Standard,卸売業,,2026-09-25,2621.0,333.0,2045605.0,6135.0,166500.0,False,True,True,True,True,False
7791.T,7791,ドリームベッド,Standard,その他製品,,2026-09-25,1285.0,828.0,2040730.0,2460.0,745200.0,False,True,True,True,True,False
1787.T,1787,ナカボーテック,Standard,建設業,,2026-09-25,2621.0,5600.0,2037650.0,355.0,1680000.0,False,True,True,True,True,False
1807.T,1807,佐藤渡辺,Standard,建設業,,2026-09-25,2621.0,1912.0,2029365.0,1050.0,7648000.0,False,True,True,True,True,False
4990.T,4990,昭和化学工業,Standard,化学,,2026-09-25,2621.0,532.0,2024440.0,3795.0,1436400.0,False,True,True,True,True,False
7367.T,7367,セルム,Standard,サービス業,,2026-09-25,1337.0,333.0,2015495.0,6075.0,233100.0,False,True,True,True,True,False
6322.T,6322,タクミナ,Standard,機械,,2026-09-25,2621.0,1612.0,2013360.0,1265.0,1773200.0,False,True,True,True,True,False
303A.T,303A,ｖｉｓｕｍｏ,Growth,情報・通信業,,2026-09-25,423.0,612.0,2010105.0,3425.0,7894800.0,False,True,True,True,True,False
387A.T,387A,フラー,Growth,情報・通信業,,2026-09-25,284.0,930.0,2004295.0,2175.0,1860000.0,False,True,True,True,True,False
3416.T,3416,ピクスタ,Growth,小売業,,2026-09-25,2621.0,881.0,2001710.0,2215.0,6871800.0,False,True,True,True,True,False
6894.T,6894,パルステック工業,Standard,電気機器,,2026-09-25,2621.0,2169.0,1990180.0,915.0,4771800.0,False,True,True,True,True,False
7486.T,7486,サンリン,Standard,卸売業,,2026-09-25,2621.0,810.0,1989790.0,2495.0,972000.0,False,True,True,True,True,False
9049.T,9049,京福電気鉄道,Standard,陸運業,,2026-09-25,2621.0,6510.0,1989400.0,300.0,0.0,False,True,True,True,True,False
3223.T,3223,エスエルディー,Standard,小売業,,2026-09-25,2621.0,990.0,1980340.0,2050.0,4851000.0,False,True,True,True,True,False
177A.T,177A,コージンバイオ,Growth,化学,,2026-09-25,589.0,829.0,1979500.0,2365.0,1906700.0,False,True,True,True,True,False
4335.T,4335,ＩＰＳホールディングス,Standard,情報・通信業,,2026-09-25,2621.0,1080.0,1977680.0,1815.0,2808000.0,False,True,True,True,True,False
7446.T,7446,東北化学薬品,Standard,卸売業,,2026-09-25,2621.0,4460.0,1976425.0,440.0,3122000.0,False,True,True,True,True,False
6396.T,6396,宇野澤組鐵工所,Standard,機械,,2026-09-25,2621.0,4565.0,1971700.0,425.0,0.0,False,True,True,True,True,False
3931.T,3931,バリューゴルフ,Growth,情報・通信業,,2026-09-25,2601.0,1500.0,1963955.0,1305.0,1950000.0,False,True,True,True,True,False
7096.T,7096,ステムセル研究所,Growth,サービス業,,2026-09-25,1283.0,739.0,1957680.0,2595.0,1995300.0,False,True,True,True,True,False
9972.T,9972,アルテック,Standard,卸売業,,2026-09-25,2621.0,277.0,1957045.0,7050.0,581700.0,False,True,True,True,True,False
5271.T,5271,トーヨーアサノ,Standard,ガラス・土石製品,,2026-09-25,2374.0,2214.0,1950355.0,875.0,2656800.0,False,True,True,True,True,False
9685.T,9685,ＫＹＣＯＭホールディングス,Standard,情報・通信業,,2026-09-25,2621.0,567.0,1947955.0,3390.0,963900.0,False,True,True,True,True,False
7975.T,7975,リヒトラブ,Standard,その他製品,,2026-09-25,2621.0,1163.0,1943060.0,1670.0,2442300.0,False,True,True,True,True,False
352A.T,352A,ＬＯＩＶＥ,Growth,サービス業,,2026-09-25,346.0,534.0,1942750.0,3605.0,2189400.0,False,True,True,True,True,False
3928.T,3928,マイネット,Standard,情報・通信業,,2026-09-25,2621.0,241.0,1929400.0,8115.0,1349600.0,False,True,True,True,True,False
9311.T,9311,アサガミ,Standard,倉庫・運輸関連業,,2026-09-25,2621.0,7610.0,1919250.0,245.0,6849000.0,False,True,True,True,True,False
7114.T,7114,フーディソン,Growth,卸売業,,2026-09-25,922.0,834.0,1918585.0,2415.0,4587000.0,False,True,True,True,True,False
9238.T,9238,バリュークリエーション,Growth,サービス業,,2026-09-25,692.0,360.0,1906130.0,5055.0,252000.0,False,True,True,True,True,False
9996.T,9996,サトー商会,Standard,卸売業,,2026-09-25,2621.0,2022.0,1903740.0,935.0,4650600.0,False,True,True,True,True,False
2911.T,2911,旭松食品,Standard,食料品,,2026-09-25,2621.0,2275.0,1897095.0,840.0,2047500.0,False,True,True,True,True,False
4642.T,4642,オリジナル設計,Standard,サービス業,,2026-09-25,2621.0,1408.0,1895955.0,1340.0,7603200.0,False,True,True,True,True,False
3111.T,3111,オーミケンシ,Standard,繊維製品,,2026-09-25,2621.0,174.0,1895930.0,10545.0,8734800.0,False,False,True,True,True,False
9330.T,9330,揚羽,Growth,サービス業,,2026-09-25,734.0,907.0,1888975.0,2115.0,5079200.0,False,True,True,True,True,False
2376.T,2376,サイネックス,Standard,サービス業,,2026-09-25,2621.0,791.0,1875190.0,2355.0,395500.0,False,True,True,True,True,False
9215.T,9215,ＣａＳｙ,Growth,サービス業,,2026-09-25,1122.0,991.0,1874740.0,1905.0,1288300.0,False,True,True,True,True,False
9428.T,9428,クロップス,Standard,情報・通信業,,2026-09-25,2621.0,1473.0,1870115.0,1255.0,2946000.0,False,True,True,True,True,False
7872.T,7872,エステールホールディングス,Standard,その他製品,,2026-09-25,2621.0,621.0,1865450.0,3020.0,1987200.0,False,True,True,True,True,False
7043.T,7043,アルー,Growth,サービス業,,2026-09-25,1898.0,943.0,1856585.0,1975.0,2923300.0,False,True,True,True,True,False
4240.T,4240,クラスターテクノロジー,Growth,化学,,2026-09-25,2621.0,305.0,1849640.0,5890.0,1769000.0,False,True,True,True,True,False
4341.T,4341,西菱電機,Standard,サービス業,,2026-09-25,2621.0,927.0,1849150.0,2045.0,2132100.0,False,True,True,True,True,False
3908.T,3908,コラボス,Growth,情報・通信業,,2026-09-25,2621.0,364.0,1849090.0,5170.0,2620800.0,False,True,True,True,True,False
3848.T,3848,データ・アプリケーション,Standard,情報・通信業,,2026-09-25,2621.0,837.0,1849060.0,2200.0,2343600.0,False,True,True,True,True,False
9339.T,9339,コーチ・エィ,Standard,サービス業,,2026-09-25,918.0,1429.0,1843695.0,1290.0,3858300.0,False,True,True,True,True,False
9835.T,9835,ジュンテンドー,Standard,小売業,,2026-09-25,2621.0,513.0,1842825.0,3610.0,1282500.0,False,True,True,True,True,False
3948.T,3948,光ビジネスフォーム,Standard,パルプ・紙,,2026-09-25,2621.0,1185.0,1832200.0,1555.0,5688000.0,False,True,True,True,True,False
4444.T,4444,インフォネット,Growth,情報・通信業,,2026-09-25,1770.0,980.0,1820870.0,1905.0,1764000.0,False,True,True,True,True,False
7416.T,7416,はるやまホールディングス,Standard,小売業,,2026-09-25,2621.0,688.0,1814110.0,2645.0,8187200.0,False,True,True,True,True,False
9976.T,9976,セキチュー,Standard,小売業,,2026-09-25,2621.0,1200.0,1808120.0,1605.0,5400000.0,False,True,True,True,True,False
9342.T,9342,スマサポ,Growth,サービス業,,2026-09-25,912.0,971.0,1794985.0,1835.0,2233300.0,False,True,True,True,True,False
3474.T,3474,Ｇ－ＦＡＣＴＯＲＹ,Growth,不動産業,,2026-09-25,2459.0,594.0,1792350.0,2985.0,594000.0,False,True,True,True,True,False
7284.T,7284,盟和産業,Standard,輸送用機器,,2026-09-25,2621.0,1192.0,1786155.0,1515.0,1430400.0,False,True,True,True,True,False
8013.T,8013,ナイガイ,Standard,繊維製品,,2026-09-25,2621.0,383.0,1779890.0,4820.0,3064000.0,False,True,True,True,True,False
5571.T,5571,エキサイトホールディングス,Standard,情報・通信業,,2026-09-25,839.0,1025.0,1778555.0,1740.0,2562500.0,False,True,True,True,True,False
7297.T,7297,カーメイト,Standard,輸送用機器,,2026-09-25,2621.0,879.0,1769175.0,2045.0,527400.0,False,True,True,True,True,False
4429.T,4429,リックソフト,Growth,情報・通信業,,2026-09-25,1847.0,737.0,1767360.0,2395.0,958100.0,False,True,True,True,True,False
9051.T,9051,センコン物流,Standard,陸運業,,2026-09-25,2621.0,1264.0,1762395.0,1360.0,3286400.0,False,True,True,True,True,False
9214.T,9214,Ｒｅｃｏｖｅｒｙ　Ｉｎｔｅｒｎａｔｉｏｎａｌ,Growth,サービス業,,2026-09-25,1134.0,1308.0,1758330.0,1365.0,130800.0,False,True,True,True,True,False
6467.T,6467,ニチダイ,Standard,機械,,2026-09-25,2621.0,349.0,1753050.0,5085.0,1256400.0,False,True,True,True,True,False
7399.T,7399,ナンシン,Standard,輸送用機器,,2026-09-25,2621.0,623.0,1743915.0,2830.0,872200.0,False,True,True,True,True,False
7509.T,7509,アイエーグループ,Standard,小売業,,2026-09-25,2621.0,4750.0,1740575.0,370.0,1425000.0,False,True,True,True,True,False
6546.T,6546,フルテック,Standard,サービス業,,2026-09-25,2344.0,1189.0,1737640.0,1480.0,4993800.0,False,True,True,True,True,False
7782.T,7782,シンシア,Standard,精密機器,,2026-09-25,2406.0,490.0,1730935.0,3565.0,1323000.0,False,True,True,True,True,False
7865.T,7865,ピープル,Standard,その他製品,,2026-09-25,2621.0,333.0,1727335.0,5060.0,1598400.0,False,True,True,True,True,False
9036.T,9036,東部ネットワーク,Standard,陸運業,,2026-09-25,2621.0,1233.0,1715905.0,1385.0,369900.0,False,True,True,True,True,False
9246.T,9246,プロジェクトホールディングス,Growth,サービス業,,2026-09-25,1220.0,1110.0,1712515.0,1540.0,2331000.0,False,True,True,True,True,False
2722.T,2722,ＩＫホールディングス,Standard,小売業,,2026-09-25,2621.0,361.0,1711650.0,4755.0,1480100.0,False,True,True,True,True,False
8938.T,8938,グローム・ホールディングス,Growth,不動産業,,2026-09-25,2621.0,326.0,1710975.0,5235.0,1467000.0,False,True,True,True,True,False
6633.T,6633,ＣＧＳホールディングス,Standard,電気機器,,2026-09-25,2621.0,313.0,1704015.0,5370.0,3286500.0,False,True,True,True,True,False
5962.T,5962,浅香工業,Standard,その他製品,,2026-09-25,2621.0,2130.0,1701505.0,815.0,1065000.0,False,True,True,True,True,False
3954.T,3954,昭和パックス,Standard,パルプ・紙,,2026-09-25,2621.0,3155.0,1700860.0,545.0,1893000.0,False,True,True,True,True,False
7464.T,7464,セフテック,Standard,卸売業,,2026-09-25,2621.0,1517.0,1693700.0,1115.0,455100.0,False,True,True,True,True,False
8119.T,8119,三栄コーポレーション,Standard,卸売業,,2026-09-25,2621.0,790.0,1687085.0,2130.0,316000.0,False,True,True,True,True,False
2916.T,2916,仙波糖化工業,Standard,食料品,,2026-09-25,2621.0,733.0,1684010.0,2275.0,4911100.0,False,True,True,True,True,False
7877.T,7877,永大化工,Standard,化学,,2026-09-25,2621.0,2176.0,1677625.0,765.0,217600.0,False,True,True,False,True,False
6248.T,6248,横田製作所,Standard,機械,,2026-09-25,2621.0,1829.0,1673865.0,940.0,1097400.0,False,True,True,True,True,False
3297.T,3297,東武住販,Standard,不動産業,,2026-09-25,2621.0,1185.0,1673710.0,1420.0,3673500.0,False,True,True,True,True,False
9353.T,9353,櫻島埠頭,Standard,倉庫・運輸関連業,,2026-09-25,2621.0,2996.0,1673205.0,560.0,3894800.0,False,True,True,True,True,False
9439.T,9439,エム・エイチ・グループ,Standard,サービス業,,2026-09-25,2621.0,218.0,1671970.0,7455.0,915600.0,False,True,True,True,True,False
3248.T,3248,アールエイジ,Standard,不動産業,,2026-09-25,2621.0,888.0,1668545.0,1870.0,1420800.0,False,True,True,True,True,False
7538.T,7538,大水,Standard,卸売業,,2026-09-25,2621.0,388.0,1662195.0,4270.0,2405600.0,False,True,True,True,True,False
4735.T,4735,京進,Standard,サービス業,,2026-09-25,2621.0,286.0,1655555.0,5555.0,2717000.0,False,True,True,True,True,False
7461.T,7461,キムラ,Standard,卸売業,,2026-09-25,2621.0,469.0,1655035.0,3500.0,3986500.0,False,True,True,True,True,False
9417.T,9417,スマートバリュー,Standard,情報・通信業,,2026-09-25,2621.0,329.0,1651170.0,4955.0,1875300.0,False,True,True,True,True,False
4057.T,4057,インターファクトリー,Growth,情報・通信業,,2026-09-25,1485.0,352.0,1649935.0,4675.0,140800.0,False,True,True,True,True,False
9853.T,9853,銀座ルノアール,Standard,小売業,,2026-09-25,2621.0,909.0,1649920.0,1815.0,2817900.0,False,True,True,True,True,False
9679.T,9679,ホウライ,Standard,サービス業,,2026-09-25,2621.0,2290.0,1646410.0,710.0,2290000.0,False,True,True,True,True,False
184A.T,184A,学びエイド,Growth,情報・通信業,,2026-09-25,569.0,324.0,1633310.0,5050.0,421200.0,False,True,True,True,True,False
6566.T,6566,要興業,Standard,サービス業,,2026-09-25,2149.0,1269.0,1625760.0,1265.0,380700.0,False,True,True,True,True,False
9017.T,9017,新潟交通,Standard,陸運業,,2026-09-25,2621.0,1990.0,1625060.0,815.0,1990000.0,False,True,True,True,True,False
9691.T,9691,両毛システムズ,Standard,情報・通信業,,2026-09-25,2621.0,5160.0,1620900.0,315.0,516000.0,False,True,True,True,True,False
3123.T,3123,サイボー,Standard,繊維製品,,2026-09-25,2621.0,649.0,1616630.0,2485.0,1362900.0,False,True,True,True,True,False
3909.T,3909,ショーケース,Standard,情報・通信業,,2026-09-25,2621.0,196.0,1604515.0,8355.0,627200.0,False,False,True,True,True,False
9254.T,9254,ラバブルマーケティンググループ,Growth,サービス業,,2026-09-25,1162.0,1086.0,1602875.0,1450.0,651600.0,False,True,True,True,True,False
8144.T,8144,デンキョーグループホールディングス,Standard,卸売業,,2026-09-25,2621.0,1265.0,1601585.0,1265.0,3921500.0,False,True,True,True,True,False
2708.T,2708,久世,Standard,卸売業,,2026-09-25,2621.0,1900.0,1600385.0,840.0,2280000.0,False,True,True,True,True,False
7413.T,7413,創健社,Standard,卸売業,,2026-09-25,2621.0,2950.0,1594840.0,565.0,3245000.0,False,True,True,True,True,False
7831.T,7831,ウイルコホールディングス,Standard,その他製品,,2026-09-25,2621.0,66.0,1588185.0,23835.0,600600.0,False,False,True,True,True,False
3933.T,3933,チエル,Standard,情報・通信業,,2026-09-25,2588.0,541.0,1579885.0,2855.0,1514800.0,False,True,True,True,True,False
5616.T,5616,雨風太陽,Growth,情報・通信業,,2026-09-25,675.0,642.0,1579855.0,2425.0,770400.0,False,True,True,True,True,False
9362.T,9362,兵機海運,Standard,倉庫・運輸関連業,,2026-09-25,2621.0,3705.0,1571100.0,420.0,3334500.0,False,True,True,True,True,False
1382.T,1382,ホーブ,Standard,水産・農林業,,2026-09-25,2621.0,883.0,1560245.0,1760.0,3355400.0,False,True,True,True,True,False
5900.T,5900,ダイケン,Standard,金属製品,,2026-09-25,2621.0,874.0,1559665.0,1765.0,2097600.0,False,True,True,True,True,False
3920.T,3920,アイビーシー,Standard,情報・通信業,,2026-09-25,2621.0,990.0,1559595.0,1570.0,693000.0,False,True,True,True,True,False
7090.T,7090,リグア,Growth,サービス業,,2026-09-25,1596.0,968.0,1556550.0,1630.0,4840000.0,False,True,True,True,True,False
7443.T,7443,横浜魚類,Standard,卸売業,,2026-09-25,2621.0,669.0,1552470.0,2330.0,1404900.0,False,True,True,True,True,False
5928.T,5928,アルメタックス,Standard,金属製品,,2026-09-25,2621.0,292.0,1551940.0,5340.0,1226400.0,False,True,True,True,True,False
4197.T,4197,アスマーク,Standard,情報・通信業,,2026-09-25,1137.0,2374.0,1549480.0,655.0,474800.0,False,True,True,True,True,False
1788.T,1788,三東工業社,Standard,建設業,,2026-09-25,2621.0,4090.0,1549425.0,375.0,818000.0,False,True,True,True,True,False
2139.T,2139,中広,Standard,サービス業,,2026-09-25,2621.0,521.0,1533445.0,2940.0,5574700.0,False,True,True,True,True,False
6198.T,6198,キャリア,Growth,サービス業,,2026-09-25,2524.0,200.0,1531705.0,7595.0,1260000.0,False,True,True,True,True,False
8123.T,8123,川辺,Standard,卸売業,,2026-09-25,2621.0,1388.0,1527475.0,1090.0,971600.0,False,True,True,True,True,False
3985.T,3985,テモナ,Standard,情報・通信業,,2026-09-25,2332.0,200.0,1526185.0,7920.0,3120000.0,False,True,True,True,True,False
4929.T,4929,アジュバンホールディングス,Standard,化学,,2026-09-25,2621.0,743.0,1522665.0,2055.0,1857500.0,False,True,True,True,True,False
3768.T,3768,リスクモンスター,Standard,情報・通信業,,2026-09-25,2621.0,571.0,1520095.0,2705.0,3254700.0,False,True,True,True,True,False
6063.T,6063,日本エマージェンシーアシスタンス,Standard,サービス業,,2026-09-25,2621.0,1008.0,1513145.0,1515.0,1310400.0,False,True,True,True,True,False
137A.T,137A,Ｃｏｃｏｌｉｖｅ,Growth,情報・通信業,,2026-09-25,629.0,709.0,1500965.0,2135.0,850800.0,False,True,True,True,True,False
304A.T,304A,フォルシア,Growth,情報・通信業,,2026-09-25,423.0,2065.0,1492405.0,745.0,8260000.0,False,True,True,True,True,False
4198.T,4198,テンダ,Standard,情報・通信業,,2026-09-25,1294.0,512.0,1485760.0,2945.0,3276800.0,False,True,True,True,True,False
5905.T,5905,日本製罐,Standard,金属製品,,2026-09-25,2621.0,1361.0,1480235.0,1085.0,272200.0,False,True,True,True,True,False
5966.T,5966,京都機械工具,Standard,金属製品,,2026-09-25,2621.0,2729.0,1478640.0,545.0,2183200.0,False,True,True,True,True,False
7634.T,7634,星医療酸器,Standard,卸売業,,2026-09-25,2621.0,5430.0,1473950.0,285.0,4344000.0,False,True,True,True,True,False
7807.T,7807,幸和製作所,Standard,その他製品,,2026-09-25,2167.0,880.0,1458765.0,1695.0,1144000.0,False,True,True,True,True,False
9812.T,9812,テーオーホールディングス,Standard,卸売業,,2026-09-25,2621.0,234.0,1445400.0,5975.0,631800.0,False,True,True,True,True,False
8118.T,8118,キング,Standard,繊維製品,,2026-09-25,2621.0,1180.0,1444230.0,1220.0,5310000.0,False,True,True,True,True,False
4752.T,4752,昭和システムエンジニアリング,Standard,情報・通信業,,2026-09-25,2621.0,1610.0,1417825.0,890.0,5796000.0,False,True,True,True,True,False
7477.T,7477,ムラキ,Standard,卸売業,,2026-09-25,2621.0,1536.0,1404490.0,900.0,7833600.0,False,True,True,True,True,False
1764.T,1764,工藤建設,Standard,建設業,,2026-09-25,2621.0,2693.0,1387415.0,510.0,807900.0,False,True,True,True,True,False
9565.T,9565,ＧＬＯＥ,Growth,サービス業,,2026-09-25,933.0,650.0,1371110.0,2070.0,1625000.0,False,True,True,True,True,False
3059.T,3059,ヒラキ,Standard,小売業,,2026-09-25,2621.0,710.0,1370085.0,1930.0,1278000.0,False,True,True,True,True,False
4017.T,4017,クリーマ,Growth,情報・通信業,,2026-09-25,1424.0,215.0,1367475.0,6350.0,6385500.0,False,True,True,True,True,False
8836.T,8836,ＲＩＳＥ,Standard,不動産業,,2026-09-25,2621.0,26.0,1366900.0,51170.0,6851000.0,False,False,True,True,True,False
9475.T,9475,昭文社ホールディングス,Standard,情報・通信業,,2026-09-25,2621.0,543.0,1365735.0,2555.0,760200.0,False,True,True,True,True,False
5973.T,5973,トーアミ,Standard,金属製品,,2026-09-25,2621.0,614.0,1361770.0,2215.0,491200.0,False,True,True,True,True,False
2747.T,2747,北雄ラッキー,Standard,小売業,,2026-09-25,2621.0,3200.0,1354150.0,430.0,320000.0,False,True,True,True,True,False
3622.T,3622,ネットイヤーグループ,Growth,情報・通信業,,2026-09-25,2621.0,500.0,1348620.0,2715.0,5450000.0,False,True,True,True,True,False
7215.T,7215,ファルテック,Standard,輸送用機器,,2026-09-25,2621.0,422.0,1348550.0,3135.0,675200.0,False,True,True,True,True,False
4678.T,4678,秀英予備校,Standard,サービス業,,2026-09-25,2621.0,335.0,1348070.0,4055.0,1105500.0,False,True,True,True,True,False
2425.T,2425,ケアサービス,Standard,サービス業,,2026-09-25,2621.0,665.0,1347990.0,2015.0,864500.0,False,True,True,True,True,False
4428.T,4428,シノプス,Growth,情報・通信業,,2026-09-25,1888.0,705.0,1340980.0,1885.0,564000.0,False,True,True,True,True,False
2668.T,2668,タビオ,Standard,卸売業,,2026-09-25,2621.0,1275.0,1339515.0,1055.0,255000.0,False,True,True,True,True,False
2876.T,2876,デルソーレ,Standard,食料品,,2026-09-25,2621.0,471.0,1339490.0,2830.0,1083300.0,False,True,True,True,True,False
7506.T,7506,ハウス　オブ　ローゼ,Standard,小売業,,2026-09-25,2621.0,1382.0,1335615.0,965.0,691000.0,False,True,True,True,True,False
6074.T,6074,ジェイエスエス,Standard,サービス業,,2026-09-25,2621.0,517.0,1332670.0,2585.0,1861200.0,False,True,True,True,True,False
4736.T,4736,日本ラッド,Standard,情報・通信業,,2026-09-25,2621.0,589.0,1329000.0,2275.0,2061500.0,False,True,True,True,True,False
9313.T,9313,丸八倉庫,Standard,倉庫・運輸関連業,,2026-09-25,2621.0,1060.0,1327630.0,1260.0,212000.0,False,True,True,True,True,False
3816.T,3816,大和コンピューター,Standard,情報・通信業,,2026-09-25,2621.0,1098.0,1324855.0,1180.0,0.0,False,True,True,True,True,False
3317.T,3317,フライングガーデン,Standard,小売業,,2026-09-25,2621.0,1485.0,1317765.0,890.0,148500.0,False,True,True,True,True,False
8025.T,8025,ツカモトコーポレーション,Standard,卸売業,,2026-09-25,2621.0,1307.0,1306745.0,985.0,261400.0,False,True,True,True,True,False
6346.T,6346,キクカワエンタープライズ,Standard,機械,,2026-09-25,2621.0,5590.0,1296600.0,230.0,7267000.0,False,True,True,True,True,False
3910.T,3910,エムケイシステム,Standard,情報・通信業,,2026-09-25,2621.0,290.0,1295250.0,4525.0,2465000.0,False,True,True,True,True,False
3639.T,3639,ボルテージ,Standard,情報・通信業,,2026-09-25,2621.0,234.0,1290070.0,5555.0,468000.0,False,True,True,True,True,False
5484.T,5484,東北特殊鋼,Standard,鉄鋼,,2026-09-25,2621.0,4445.0,1289425.0,290.0,0.0,False,True,True,True,True,False
5247.T,5247,ＢＴＭ,Growth,情報・通信業,,2026-09-25,915.0,552.0,1288570.0,2295.0,993600.0,False,True,True,True,True,False
7502.T,7502,プラザホールディングス,Standard,サービス業,,2026-09-25,2621.0,1698.0,1273020.0,750.0,2547000.0,False,True,True,True,True,False
2300.T,2300,きょくとう,Standard,サービス業,,2026-09-25,2621.0,501.0,1265280.0,2540.0,1452900.0,False,True,True,True,True,False
6424.T,6424,高見沢サイバネティックス,Standard,機械,,2026-09-25,2621.0,895.0,1264535.0,1410.0,447500.0,False,True,True,True,True,False
6786.T,6786,ＲＶＨ,Standard,サービス業,,2026-09-25,2621.0,47.0,1221075.0,25210.0,601600.0,False,False,True,True,True,False
248A.T,248A,キッズスター,Growth,情報・通信業,,2026-09-25,486.0,807.0,1202810.0,1480.0,726300.0,False,True,True,True,True,False
9723.T,9723,京都ホテル,Standard,サービス業,,2026-09-25,2621.0,633.0,1201610.0,1900.0,1202700.0,False,True,True,True,True,False
9476.T,9476,中央経済社ホールディングス,Standard,情報・通信業,,2026-09-25,2621.0,1032.0,1201135.0,1195.0,309600.0,False,True,True,True,True,False
9258.T,9258,ＣＳ－Ｃ,Growth,サービス業,,2026-09-25,1160.0,301.0,1199170.0,3910.0,421400.0,False,True,True,True,True,False
2152.T,2152,幼児活動研究会,Standard,サービス業,,2026-09-25,2621.0,1552.0,1197810.0,775.0,7449600.0,False,True,True,True,True,False
7036.T,7036,イーエムネットジャパン,Growth,サービス業,,2026-09-25,1955.0,668.0,1197645.0,1790.0,2004000.0,False,True,True,True,True,False
5695.T,5695,パウダーテック,Standard,鉄鋼,,2026-09-25,2621.0,2978.0,1193040.0,400.0,2382400.0,False,True,True,True,True,False
3998.T,3998,すららネット,Growth,情報・通信業,,2026-09-25,2153.0,286.0,1182675.0,4055.0,5319600.0,False,True,True,True,True,False
4769.T,4769,ＩＣ,Standard,情報・通信業,,2026-09-25,2621.0,1145.0,1160945.0,1015.0,343500.0,False,True,True,True,True,False
3583.T,3583,オーベクス,Standard,繊維製品,,2026-09-25,2621.0,1379.0,1160940.0,860.0,3447500.0,False,True,True,True,True,False
4059.T,4059,まぐまぐ,Standard,情報・通信業,,2026-09-25,1466.0,384.0,1157420.0,2920.0,499200.0,False,True,True,True,True,False
4754.T,4754,トスネット,Standard,サービス業,,2026-09-25,2621.0,1497.0,1153520.0,770.0,598800.0,False,True,True,True,True,False
4020.T,4020,ビートレンド,Growth,情報・通信業,,2026-09-25,1409.0,816.0,1143315.0,1375.0,1632000.0,False,True,True,True,True,False
5078.T,5078,セレコーポレーション,Standard,建設業,,2026-09-25,1110.0,4730.0,1139425.0,240.0,1892000.0,False,True,True,True,True,False
4356.T,4356,応用技術,Standard,情報・通信業,,2026-09-25,2621.0,1649.0,1133820.0,695.0,2803300.0,False,True,True,True,True,False
3634.T,3634,ソケッツ,Standard,情報・通信業,,2026-09-25,2621.0,599.0,1128725.0,1895.0,1138100.0,False,True,True,True,True,False
5974.T,5974,中国工業,Standard,金属製品,,2026-09-25,2621.0,855.0,1123775.0,1330.0,684000.0,False,True,True,True,True,False
2291.T,2291,福留ハム,Standard,食料品,,2026-09-25,2621.0,510.0,1117955.0,2195.0,612000.0,False,True,True,True,True,False
8040.T,8040,東京ソワール,Standard,繊維製品,,2026-09-25,2621.0,1047.0,1114580.0,1065.0,2512800.0,False,True,True,True,True,False
3190.T,3190,ホットマン,Standard,小売業,,2026-09-25,2621.0,586.0,1110525.0,1905.0,1816600.0,False,True,True,True,True,False
9929.T,9929,平和紙業,Standard,卸売業,,2026-09-25,2621.0,472.0,1100810.0,2330.0,613600.0,False,True,True,True,True,False
5742.T,5742,エヌアイシ・オートテック,Standard,非鉄金属,,2026-09-25,2621.0,755.0,1092625.0,1460.0,1510000.0,False,True,True,True,True,False
4926.T,4926,シーボン,Standard,化学,,2026-09-25,2621.0,1250.0,1092300.0,875.0,1375000.0,False,True,True,True,True,False
7585.T,7585,かんなん丸,Standard,小売業,,2026-09-25,2621.0,407.0,1092125.0,2685.0,936100.0,False,True,True,True,True,False
7140.T,7140,ペットゴー,Growth,小売業,,2026-09-25,1077.0,800.0,1091960.0,1365.0,2480000.0,False,True,True,True,True,False
3375.T,3375,ＺＯＡ,Standard,小売業,,2026-09-25,2621.0,1785.0,1075290.0,605.0,2677500.0,False,True,True,True,True,False
9969.T,9969,ショクブン,Standard,小売業,,2026-09-25,2621.0,238.0,1073165.0,4545.0,2118200.0,False,True,True,True,True,False
9355.T,9355,リンコーコーポレーション,Standard,倉庫・運輸関連業,,2026-09-25,2621.0,2258.0,1049245.0,475.0,677400.0,False,True,True,True,True,False
7057.T,7057,エヌ・シー・エヌ,Standard,サービス業,,2026-09-25,1836.0,933.0,1048470.0,1130.0,2052600.0,False,True,True,True,True,False
4102.T,4102,丸尾カルシウム,Standard,化学,,2026-09-25,2621.0,1444.0,1037765.0,715.0,577600.0,False,True,True,True,True,False
5918.T,5918,瀧上工業,Standard,金属製品,,2026-09-25,2621.0,7840.0,1031150.0,130.0,0.0,False,True,True,True,True,False
2789.T,2789,カルラ,Standard,小売業,,2026-09-25,2621.0,486.0,1030485.0,2145.0,3790800.0,False,True,True,True,True,False
9421.T,9421,エヌジェイホールディングス,Standard,情報・通信業,,2026-09-25,2621.0,530.0,997170.0,1925.0,2544000.0,False,True,True,True,True,False
9895.T,9895,コンセック,Standard,卸売業,,2026-09-25,2621.0,1291.0,994305.0,780.0,1936500.0,False,True,True,True,True,False
5990.T,5990,スーパーツール,Standard,金属製品,,2026-09-25,2621.0,1943.0,994190.0,510.0,582900.0,False,True,True,True,True,False
5035.T,5035,ＨＯＵＳＥＩ,Growth,情報・通信業,,2026-09-25,1017.0,375.0,991800.0,2695.0,2962500.0,False,True,True,True,True,False
7426.T,7426,山大,Standard,卸売業,,2026-09-18,2619.0,593.0,983865.0,1620.0,830200.0,False,True,True,True,False,False
8138.T,8138,三京化成,Standard,卸売業,,2026-09-25,2621.0,4120.0,967425.0,230.0,824000.0,False,True,True,True,True,False
9635.T,9635,武蔵野興業,Standard,サービス業,,2026-09-25,2621.0,2565.0,950950.0,370.0,2052000.0,False,True,True,True,True,False
9445.T,9445,フォーバルテレコム,Standard,情報・通信業,,2026-09-25,2621.0,542.0,937780.0,1730.0,1951200.0,False,True,True,True,True,False
9060.T,9060,日本ロジテム,Standard,陸運業,,2026-09-25,2621.0,4195.0,936000.0,225.0,4195000.0,False,True,True,True,True,False
8225.T,8225,タカチホ,Standard,卸売業,,2026-09-25,2621.0,3695.0,920775.0,255.0,0.0,False,True,True,True,True,False
9225.T,9225,ブリッジコンサルティンググループ,Growth,サービス業,,2026-09-25,1059.0,970.0,916015.0,945.0,97000.0,False,True,True,True,True,False
1380.T,1380,秋川牧園,Standard,水産・農林業,,2026-09-25,2621.0,998.0,908655.0,910.0,499000.0,False,True,True,True,True,False
6558.T,6558,クックビズ,Growth,サービス業,,2026-09-25,2168.0,660.0,898740.0,1350.0,924000.0,False,True,True,True,True,False
3802.T,3802,エコミック,Standard,情報・通信業,,2026-09-25,1565.0,505.0,896930.0,1785.0,1717000.0,False,True,True,True,True,False
7515.T,7515,マルヨシセンター,Standard,小売業,,2026-09-25,2621.0,4585.0,896600.0,195.0,1375500.0,False,True,True,True,True,False
4650.T,4650,ＳＤエンターテイメント,Standard,サービス業,,2026-09-25,2621.0,270.0,893180.0,3315.0,864000.0,False,True,True,True,True,False
9345.T,9345,ビズメイツ,Growth,サービス業,,2026-09-25,853.0,592.0,882540.0,1490.0,769600.0,False,True,True,True,True,False
9849.T,9849,共同紙販ホールディングス,Standard,卸売業,,2026-09-25,2621.0,4540.0,881400.0,195.0,2724000.0,False,True,True,True,True,False
7362.T,7362,Ｔ．Ｓ．Ｉ,Growth,サービス業,,2026-09-25,1349.0,880.0,876125.0,1005.0,264000.0,False,True,True,True,True,False
3495.T,3495,香陵住販,Standard,不動産業,,2026-09-25,1961.0,2267.0,875715.0,380.0,453400.0,False,True,True,True,True,False
2481.T,2481,タウンニュース社,Standard,サービス業,,2026-09-25,2621.0,721.0,852955.0,1230.0,2667700.0,False,True,True,True,True,False
6186.T,6186,一蔵,Standard,サービス業,,2026-09-25,2621.0,373.0,842215.0,2235.0,1305500.0,False,True,True,True,True,False
1992.T,1992,神田通信機,Standard,建設業,,2026-09-25,2621.0,2965.0,831505.0,280.0,12156500.0,False,True,True,True,True,False
143A.T,143A,イシン,Growth,サービス業,,2026-09-25,611.0,707.0,828095.0,1170.0,212100.0,False,True,True,True,True,False
7031.T,7031,インバウンドテック,Growth,サービス業,,2026-09-25,1409.0,669.0,819810.0,1175.0,1204200.0,False,True,True,True,True,False
9250.T,9250,ＧＲＣＳ,Growth,サービス業,,2026-09-25,1185.0,1041.0,812865.0,810.0,104100.0,False,True,True,True,True,False
9365.T,9365,トレーディア,Standard,倉庫・運輸関連業,,2026-09-25,2621.0,1668.0,810590.0,495.0,2001600.0,False,True,True,True,True,False
9253.T,9253,スローガン,Growth,サービス業,,2026-09-25,1181.0,779.0,809330.0,1075.0,3972900.0,False,True,True,True,True,False
7360.T,7360,オンデック,Growth,サービス業,,2026-09-25,1401.0,636.0,807225.0,1250.0,1462800.0,False,True,True,True,True,False
6579.T,6579,ログリー,Growth,サービス業,,2026-09-25,2021.0,343.0,804760.0,2300.0,617400.0,False,True,True,True,True,False
7074.T,7074,トゥエンティーフォーセブンホールディングス,Growth,サービス業,,2026-09-25,1670.0,188.0,787985.0,4225.0,1880000.0,False,False,True,True,True,False
4920.T,4920,日本色材工業研究所,Standard,化学,,2026-09-25,2621.0,1145.0,786050.0,695.0,1603000.0,False,True,True,True,True,False
3953.T,3953,大村紙業,Standard,パルプ・紙,,2026-09-25,2621.0,794.0,784115.0,990.0,0.0,False,True,True,True,True,False
4679.T,4679,田谷,Standard,サービス業,,2026-09-25,2621.0,264.0,783760.0,2970.0,1689600.0,False,True,True,True,True,False
7986.T,7986,日本アイ・エス・ケイ,Standard,その他製品,,2026-09-25,2621.0,1929.0,765920.0,400.0,192900.0,False,True,True,True,True,False
9073.T,9073,京極運輸商事,Standard,陸運業,,2026-09-25,2621.0,1277.0,757790.0,605.0,3703300.0,False,True,True,True,True,False
7863.T,7863,平賀,Standard,その他製品,,2026-09-25,2621.0,943.0,741705.0,790.0,282900.0,False,True,True,True,True,False
4487.T,4487,スペースマーケット,Growth,情報・通信業,,2026-09-25,1649.0,225.0,732420.0,3190.0,1350000.0,False,True,True,True,True,False
3426.T,3426,アトムリビンテック,Standard,金属製品,,2026-09-25,2621.0,1298.0,725500.0,560.0,2985400.0,False,True,True,True,True,False
3437.T,3437,特殊電極,Standard,金属製品,,2026-09-25,2621.0,2713.0,724210.0,270.0,1085200.0,False,True,True,True,True,False
9720.T,9720,ホテル、ニューグランド,Standard,サービス業,,2026-09-25,2621.0,6300.0,706850.0,110.0,630000.0,False,True,True,True,True,False
3184.T,3184,ＩＣＤＡホールディングス,Standard,小売業,,2026-09-25,2621.0,4140.0,706625.0,170.0,1242000.0,False,True,True,True,True,False
3439.T,3439,三ツ知,Standard,金属製品,,2026-09-25,2621.0,677.0,693855.0,1025.0,270800.0,False,True,True,True,True,False
9012.T,9012,秩父鉄道,Standard,陸運業,,2026-09-25,2621.0,2087.0,684320.0,325.0,834800.0,False,True,True,True,True,False
4705.T,4705,クリップコーポレーション,Standard,サービス業,,2026-09-25,2621.0,783.0,682565.0,865.0,939600.0,False,True,True,True,True,False
4720.T,4720,城南進学研究社,Standard,サービス業,,2026-09-25,2621.0,243.0,679090.0,2790.0,1385100.0,False,True,True,True,True,False
5619.T,5619,マーソ,Growth,情報・通信業,,2026-09-25,672.0,849.0,674745.0,780.0,679200.0,False,True,True,True,True,False
5126.T,5126,ポーターズ,Growth,情報・通信業,,2026-09-25,974.0,1419.0,666395.0,470.0,141900.0,False,True,True,True,True,False
4247.T,4247,ポバール興業,Standard,化学,,2026-09-25,1111.0,1399.0,658730.0,470.0,699500.0,False,True,True,True,True,False
7555.T,7555,大田花き,Standard,卸売業,,2026-09-25,2621.0,747.0,649050.0,870.0,1269900.0,False,True,True,True,True,False
5025.T,5025,マーキュリー,Growth,情報・通信業,,2026-09-25,1120.0,604.0,642255.0,1085.0,966400.0,False,True,True,True,True,False
7837.T,7837,アールシーコア,Standard,その他製品,,2026-09-25,2621.0,361.0,638755.0,1860.0,830300.0,False,True,True,True,True,False
7857.T,7857,セキ,Standard,その他製品,,2026-09-25,2621.0,1285.0,623615.0,485.0,514000.0,False,True,True,True,True,False
7939.T,7939,研創,Standard,その他製品,,2026-09-25,2621.0,598.0,622735.0,1035.0,1554800.0,False,True,True,True,True,False
7896.T,7896,セブン工業,Standard,その他製品,,2026-09-25,2621.0,503.0,606055.0,1200.0,503000.0,False,True,True,True,True,False
6982.T,6982,リード,Standard,輸送用機器,,2026-09-25,2621.0,578.0,603690.0,1045.0,404600.0,False,True,True,True,True,False
3058.T,3058,三洋堂ホールディングス,Standard,小売業,,2026-09-25,2621.0,716.0,591705.0,830.0,1575200.0,False,True,True,True,True,False
7067.T,7067,ブランディングテクノロジー,Growth,サービス業,,2026-09-25,1771.0,1050.0,590800.0,565.0,525000.0,False,True,True,True,True,False
5199.T,5199,不二ラテックス,Standard,ゴム製品,,2026-09-25,2621.0,1991.0,589000.0,295.0,597300.0,False,True,True,True,True,False
4645.T,4645,市進ホールディングス,Standard,サービス業,,2026-09-25,2621.0,439.0,569090.0,1305.0,1624300.0,False,True,True,True,True,False
7040.T,7040,サン・ライフホールディング,Standard,サービス業,,2026-09-25,1949.0,969.0,568235.0,585.0,193800.0,False,True,True,True,True,False
7677.T,7677,ヤシマキザイ,Standard,卸売業,,2026-09-25,1769.0,2729.0,537570.0,195.0,0.0,False,True,True,True,True,False
9331.T,9331,キャスター,Growth,サービス業,,2026-09-25,724.0,708.0,528180.0,740.0,1486800.0,False,True,True,True,True,False
5618.T,5618,ナイル,Growth,情報・通信業,,2026-09-25,673.0,293.0,515230.0,1785.0,2138900.0,False,True,True,True,True,False
2795.T,2795,日本プリメックス,Standard,卸売業,,2026-09-25,2621.0,974.0,509455.0,530.0,1168800.0,False,True,True,True,True,False
9408.T,9408,ＢＳＮメディアホールディングス,Standard,情報・通信業,,2026-09-25,2621.0,2798.0,453115.0,170.0,559600.0,False,True,True,True,True,False
5138.T,5138,Ｒｅｂａｓｅ,Growth,情報・通信業,,2026-09-25,922.0,438.0,392250.0,855.0,525600.0,False,True,True,True,True,False
6555.T,6555,ＭＳ＆Ｃｏｎｓｕｌｔｉｎｇ,Standard,サービス業,,2026-09-25,2206.0,425.0,370775.0,865.0,127500.0,False,True,True,True,True,False
7501.T,7501,ティムコ,Standard,卸売業,,2026-09-25,2621.0,1420.0,327075.0,225.0,0.0,False,True,True,True,True,False
7531.T,7531,清和中央ホールディングス,Standard,卸売業,,2026-09-25,2621.0,1320.0,306980.0,235.0,528000.0,False,True,True,True,True,False
9361.T,9361,伏木海陸運送,Standard,倉庫・運輸関連業,,2026-09-25,2621.0,2015.0,296475.0,145.0,0.0,False,True,True,True,True,False
5969.T,5969,ロブテックス,Standard,金属製品,,2026-09-25,2621.0,1201.0,248220.0,205.0,120100.0,False,True,True,True,True,False
3600.T,3600,フジックス,Standard,繊維製品,,2026-09-25,2621.0,1770.0,235620.0,135.0,354000.0,False,True,True,True,True,False
1909.T,1909,日本ドライケミカル,Standard,機械,,2026-09-14,2597.0,16280000512.0,0.0,0.0,0.0,False,True,True,False,False,False
165A.T,165A,ＳＢＩレオスひふみ,Growth,証券、商品先物取引業,,,,,,,,False,False,False,False,False,False
1712.T,1712,ダイセキ環境ソリューション,Standard,建設業,,,,,,,,False,False,False,False,False,False
1726.T,1726,ビーアールホールディングス,Prime,建設業,,,,,,,,False,False,False,False,False,False
1743.T,1743,コーアツ工業,Standard,建設業,,,,,,,,False,False,False,False,False,False
176A.T,176A,レジル,Growth,電気・ガス業,,,,,,,,False,False,False,False,False,False
1776.T,1776,三井住建道路,Standard,建設業,,,,,,,,False,False,False,False,False,False
1821.T,1821,三井住友建設,Prime,建設業,,,,,,,,False,False,False,False,False,False
1841.T,1841,サンユー建設,Standard,建設業,,,,,,,,False,False,False,False,False,False
1890.T,1890,東洋建設,Prime,建設業,,,,,,,,False,False,False,False,False,False
1949.T,1949,住友電設,Prime,建設業,,,,,,,,False,False,False,False,False,False
202A.T,202A,豆蔵,Growth,情報・通信業,,,,,,,,False,False,False,False,False,False
2150.T,2150,ケアネット,Prime,サービス業,,,,,,,,False,False,False,False,False,False
2196.T,2196,エスクリ,Standard,サービス業,,,,,,,,False,False,False,False,False,False
2344.T,2344,平安レイサービス,Standard,サービス業,,,,,,,,False,False,False,False,False,False
2374.T,2374,セントケア・ホールディング,Prime,サービス業,,,,,,,,False,False,False,False,False,False
2389.T,2389,デジタルホールディングス,Prime,サービス業,,,,,,,,False,False,False,False,False,False
2540.T,2540,養命酒製造,Prime,食料品,,,,,,,,False,False,False,False,False,False
2686.T,2686,ジーフット,Standard,小売業,,,,,,,,False,False,False,False,False,False
2692.T,2692,伊藤忠食品,Prime,卸売業,,,,,,,,False,False,False,False,False,False
2743.T,2743,ピクセルカンパニーズ,Standard,卸売業,,,,,,,,False,False,False,False,False,False
2763.T,2763,エフティグループ,Standard,卸売業,,,,,,,,False,False,False,False,False,False
3073.T,3073,ＤＤグループ,Prime,小売業,,,,,,,,False,False,False,False,False,False
3094.T,3094,スーパーバリュー,Standard,小売業,,,,,,,,False,False,False,False,False,False
3141.T,3141,ウエルシアホールディングス,Prime,小売業,,,,,,,,False,False,False,False,False,False
3198.T,3198,ＳＦＰホールディングス,Prime,小売業,,,,,,,,False,False,False,False,False,False
3271.T,3271,ＴＨＥグローバル社,Standard,不動産業,,,,,,,,False,False,False,False,False,False
3294.T,3294,イーグランド,Standard,不動産業,,,,,,,,False,False,False,False,False,False
3341.T,3341,日本調剤,Prime,小売業,,,,,,,,False,False,False,False,False,False
3526.T,3526,芦森工業,Standard,輸送用機器,,,,,,,,False,False,False,False,False,False
3540.T,3540,歯愛メディカル,Standard,卸売業,,,,,,,,False,False,False,False,False,False
3541.T,3541,農業総合研究所,Growth,卸売業,,,,,,,,False,False,False,False,False,False
3546.T,3546,アレンザホールディングス,Prime,小売業,,,,,,,,False,False,False,False,False,False
3593.T,3593,ホギメディカル,Prime,繊維製品,,,,,,,,False,False,False,False,False,False
3655.T,3655,ブレインパッド,Prime,情報・通信業,,,,,,,,False,False,False,False,False,False
3670.T,3670,協立情報通信,Standard,情報・通信業,,,,,,,,False,False,False,False,False,False
3681.T,3681,ブイキューブ,Prime,情報・通信業,,,,,,,,False,False,False,False,False,False
3688.T,3688,ＣＡＲＴＡ　ＨＯＬＤＩＮＧＳ,Prime,情報・通信業,,,,,,,,False,False,False,False,False,False
3847.T,3847,パシフィックシステム,Standard,情報・通信業,,,,,,,,False,False,False,False,False,False
3902.T,3902,メディカル・データ・ビジョン,Prime,情報・通信業,,,,,,,,False,False,False,False,False,False
3924.T,3924,ランドコンピュータ,Prime,情報・通信業,,,,,,,,False,False,False,False,False,False
3961.T,3961,シルバーエッグ・テクノロジー,Growth,情報・通信業,,,,,,,,False,False,False,False,False,False
4080.T,4080,田中化学研究所,Standard,化学,,,,,,,,False,False,False,False,False,False
4171.T,4171,グローバルインフォメーション,Standard,情報・通信業,,,,,,,,False,False,False,False,False,False
4319.T,4319,ＴＡＣ,Standard,サービス業,,,,,,,,False,False,False,False,False,False
4333.T,4333,東邦システムサイエンス,Prime,情報・通信業,,,,,,,,False,False,False,False,False,False
4367.T,4367,広栄化学,Standard,化学,,,,,,,,False,False,False,False,False,False
4384.T,4384,ラクスル,Prime,情報・通信業,,,,,,,,False,False,False,False,False,False
4449.T,4449,ギフティ,Prime,情報・通信業,,,,,,,,False,False,False,False,False,False
4494.T,4494,バリオセキュア,Standard,情報・通信業,,,,,,,,False,False,False,False,False,False
4530.T,4530,久光製薬,Prime,医薬品,,,,,,,,False,False,False,False,False,False
4556.T,4556,カイノス,Standard,医薬品,,,,,,,,False,False,False,False,False,False
4659.T,4659,エイジス,Standard,サービス業,,,,,,,,False,False,False,False,False,False
4690.T,4690,日本パレットプール,Standard,サービス業,,,,,,,,False,False,False,False,False,False
4745.T,4745,東京個別指導学院,Standard,サービス業,,,,,,,,False,False,False,False,False,False
4917.T,4917,マンダム,Prime,化学,,,,,,,,False,False,False,False,False,False
4957.T,4957,ヤスハラケミカル,Standard,化学,,,,,,,,False,False,False,False,False,False
4974.T,4974,タカラバイオ,Prime,化学,,,,,,,,False,False,False,False,False,False
5017.T,5017,富士石油,Prime,石油・石炭製品,,,,,,,,False,False,False,False,False,False
5070.T,5070,ドラフト,Growth,建設業,,,,,,,,False,False,False,False,False,False
5191.T,5191,住友理工,Prime,ゴム製品,,,,,,,,False,False,False,False,False,False
5259.T,5259,ＢＢＤイニシアティブ,Growth,情報・通信業,,,,,,,,False,False,False,False,False,False
5352.T,5352,黒崎播磨,Prime,ガラス・土石製品,,,,,,,,False,False,False,False,False,False
5386.T,5386,鶴弥,Standard,ガラス・土石製品,,,,,,,,False,False,False,False,False,False
5476.T,5476,日本高周波鋼業,Standard,鉄鋼,,,,,,,,False,False,False,False,False,False
5577.T,5577,アイデミー,Growth,情報・通信業,,,,,,,,False,False,False,False,False,False
5595.T,5595,ＱＰＳ研究所,Growth,情報・通信業,,,,,,,,False,False,False,False,False,False
5596.T,5596,アウトルックコンサルティング,Growth,情報・通信業,,,,,,,,False,False,False,False,False,False
5727.T,5727,東邦チタニウム,Prime,非鉄金属,,,,,,,,False,False,False,False,False,False
5856.T,5856,エルアイイーエイチ,Standard,小売業,,,,,,,,False,False,False,False,False,False
5903.T,5903,シンポ,Standard,金属製品,,,,,,,,False,False,False,False,False,False
6028.T,6028,テクノプロ・ホールディングス,Prime,サービス業,,,,,,,,False,False,False,False,False,False
6060.T,6060,こころネット,Standard,サービス業,,,,,,,,False,False,False,False,False,False
6096.T,6096,レアジョブ,Standard,サービス業,,,,,,,,False,False,False,False,False,False
6173.T,6173,アクアライン,Growth,サービス業,,,,,,,,False,False,False,False,False,False
6201.T,6201,豊田自動織機,Prime,輸送用機器,,,,,,,,False,False,False,False,False,False
6210.T,6210,ＴＯＹＯイノベックス,Standard,機械,,,,,,,,False,False,False,False,False,False
6293.T,6293,日精樹脂工業,Prime,機械,,,,,,,,False,False,False,False,False,False
6297.T,6297,鉱研工業,Standard,機械,,,,,,,,False,False,False,False,False,False
6312.T,6312,フロイント産業,Standard,機械,,,,,,,,False,False,False,False,False,False
6373.T,6373,大同工業,Standard,機械,,,,,,,,False,False,False,False,False,False
6403.T,6403,水道機工,Standard,機械,,,,,,,,False,False,False,False,False,False
6406.T,6406,フジテック,Prime,機械,,,,,,,,False,False,False,False,False,False
6416.T,6416,桂川電機,Standard,機械,,,,,,,,False,False,False,False,False,False
6489.T,6489,前澤工業,Standard,機械,,,,,,,,False,False,False,False,False,False
6542.T,6542,ＦＣホールディングス,Standard,サービス業,,,,,,,,False,False,False,False,False,False
6565.T,6565,ＡＢホテル,Standard,サービス業,,,,,,,,False,False,False,False,False,False
6670.T,6670,ＭＣＪ,Standard,電気機器,,,,,,,,False,False,False,False,False,False
6734.T,6734,ニューテック,Standard,電気機器,,,,,,,,False,False,False,False,False,False
6901.T,6901,澤藤電機,Standard,電気機器,,,,,,,,False,False,False,False,False,False
6930.T,6930,日本アンテナ,Standard,電気機器,,,,,,,,False,False,False,False,False,False
6937.T,6937,古河電池,Prime,電気機器,,,,,,,,False,False,False,False,False,False
6957.T,6957,芝浦電子,Standard,電気機器,,,,,,,,False,False,False,False,False,False
7088.T,7088,フォーラムエンジニアリング,Prime,サービス業,,,,,,,,False,False,False,False,False,False
7092.T,7092,Ｆａｓｔ　Ｆｉｔｎｅｓｓ　Ｊａｐａｎ,Prime,サービス業,,,,,,,,False,False,False,False,False,False
7105.T,7105,三菱ロジスネクスト,Standard,輸送用機器,,,,,,,,False,False,False,False,False,False
7116.T,7116,ダイワ通信,Standard,卸売業,,,,,,,,False,False,False,False,False,False
7205.T,7205,日野自動車,Prime,輸送用機器,,,,,,,,False,False,False,False,False,False
7229.T,7229,ユタカ技研,Standard,輸送用機器,,,,,,,,False,False,False,False,False,False
7250.T,7250,太平洋工業,Prime,輸送用機器,,,,,,,,False,False,False,False,False,False
7317.T,7317,松屋アールアンドディ,Growth,輸送用機器,,,,,,,,False,False,False,False,False,False
7420.T,7420,佐鳥電機,Prime,卸売業,,,,,,,,False,False,False,False,False,False
7445.T,7445,ライトオン,Standard,小売業,,,,,,,,False,False,False,False,False,False
7450.T,7450,サンデー,Standard,小売業,,,,,,,,False,False,False,False,False,False
7455.T,7455,パリミキホールディングス,Standard,小売業,,,,,,,,False,False,False,False,False,False
7467.T,7467,萩原電気ホールディングス,Prime,卸売業,,,,,,,,False,False,False,False,False,False
7635.T,7635,杉田エース,Standard,卸売業,,,,,,,,False,False,False,False,False,False
7718.T,7718,スター精密,Prime,機械,,,,,,,,False,False,False,False,False,False
7732.T,7732,トプコン,Prime,精密機器,,,,,,,,False,False,False,False,False,False
7739.T,7739,キヤノン電子,Prime,電気機器,,,,,,,,False,False,False,False,False,False
7817.T,7817,パラマウントベッドホールディングス,Prime,その他製品,,,,,,,,False,False,False,False,False,False
7851.T,7851,カワセコンピュータサプライ,Standard,その他製品,,,,,,,,False,False,False,False,False,False
7922.T,7922,三光産業,Standard,その他製品,,,,,,,,False,False,False,False,False,False
7923.T,7923,トーイン,Standard,その他製品,,,,,,,,False,False,False,False,False,False
7925.T,7925,前澤化成工業,Prime,化学,,,,,,,,False,False,False,False,False,False
7940.T,7940,ウェーブロックホールディングス,Standard,化学,,,,,,,,False,False,False,False,False,False
7985.T,7985,ネポン,Standard,金属製品,,,,,,,,False,False,False,False,False,False
7999.T,7999,ＭＵＴＯＨホールディングス,Standard,電気機器,,,,,,,,False,False,False,False,False,False
8209.T,8209,フレンドリー,Standard,小売業,,,,,,,,False,False,False,False,False,False
8289.T,8289,Ｏｌｙｍｐｉｃグループ,Standard,小売業,,,,,,,,False,False,False,False,False,False
8515.T,8515,アイフル,Prime,その他金融業,,,,,,,,False,False,False,False,False,False
8940.T,8940,インテリックス,Standard,不動産業,,,,,,,,False,False,False,False,False,False
9067.T,9067,丸運,Standard,陸運業,,,,,,,,False,False,False,False,False,False
9338.T,9338,ＩＮＦＯＲＩＣＨ,Growth,サービス業,,,,,,,,False,False,False,False,False,False
9386.T,9386,日本コンセプト,Prime,倉庫・運輸関連業,,,,,,,,False,False,False,False,False,False
9600.T,9600,アイネット,Prime,情報・通信業,,,,,,,,False,False,False,False,False,False
9719.T,9719,ＳＣＳＫ,Prime,情報・通信業,,,,,,,,False,False,False,False,False,False
9776.T,9776,札幌臨床検査センター,Standard,サービス業,,,,,,,,False,False,False,False,False,False
9914.T,9914,植松商会,Standard,卸売業,,,,,,,,False,False,False,False,False,False
9927.T,9927,ワットマン,Standard,小売業,,,,,,,,False,False,False,False,False,False
